timestamp,open,high,low,close,volume
1262304000000,1.43283,1.43293,1.43224,1.43293,608600000
1262304900000,1.43285,1.43295,1.43229,1.43275,535600000
1262305800000,1.4328,1.43303,1.43239,1.43281,436300000
1262306700000,1.43285,1.43294,1.43229,1.43276,614300000
1262307600000,1.43287,1.43292,1.43206,1.43282,705300000
1262308500000,1.4329,1.43299,1.43212,1.43292,427300000
1262309400000,1.43267,1.43305,1.43209,1.43282,399200000
1262310300000,1.4328,1.43302,1.43218,1.43249,481200000
1262311200000,1.43279,1.43303,1.43237,1.43301,607600000
1262312100000,1.43301,1.43303,1.43222,1.43271,469600000
1262313000000,1.43285,1.43305,1.43228,1.43285,492100000
1262313900000,1.43288,1.43302,1.43218,1.43278,940600000
1262314800000,1.43285,1.43302,1.43222,1.43287,931900000
1262315700000,1.4328,1.43306,1.43219,1.43292,729700000
1262316600000,1.4328,1.43302,1.43219,1.43276,898300000
1262317500000,1.43284,1.43293,1.43181,1.43209,721800000
1262318400000,1.43218,1.43302,1.43182,1.43273,828200000
1262319300000,1.43263,1.43294,1.43204,1.43223,648600000
1262320200000,1.43239,1.43302,1.43197,1.43282,584900000
1262321100000,1.43284,1.43295,1.4322,1.43236,563500000
1262322000000,1.43237,1.43294,1.43199,1.43268,616800000
1262322900000,1.43275,1.43294,1.43211,1.43277,727900000
1262323800000,1.43214,1.43298,1.4321,1.43268,593900000
1262324700000,1.43253,1.43306,1.43214,1.43303,699300000
1262325600000,1.43283,1.43335,1.43269,1.43334,681700000
1262326500000,1.43331,1.43332,1.43268,1.43326,708700000
1262327400000,1.43322,1.43333,1.4327,1.43315,925500000
1262328300000,1.43318,1.43331,1.43269,1.43286,812400000
1262329200000,1.43328,1.43342,1.43226,1.43304,912300000
1262330100000,1.43303,1.43334,1.43254,1.43316,935200000
1262331000000,1.43329,1.43344,1.43307,1.43328,974100000
1262331900000,1.43328,1.43346,1.4327,1.43324,1111100000
1262332800000,1.43297,1.43333,1.43218,1.43266,1296500000
1262333700000,1.43266,1.43332,1.43247,1.43275,986800000
1262334600000,1.43264,1.43333,1.43221,1.43293,1131000000
1262335500000,1.43292,1.43335,1.43251,1.43308,1210800000
1262336400000,1.43325,1.43343,1.43272,1.43315,1168700000
1262337300000,1.43323,1.43332,1.4327,1.43308,1353200000
1262338200000,1.43324,1.43334,1.43249,1.43258,1136300000
1262339100000,1.43256,1.43333,1.43218,1.43321,1416700000
1262340000000,1.43322,1.43345,1.43272,1.43329,1212600000
1262340900000,1.43317,1.43339,1.43272,1.4328,1605900000
1262341800000,1.43263,1.43344,1.43263,1.43328,1050900000
1262342700000,1.43332,1.43346,1.43307,1.43325,1133500000
1262343600000,1.43327,1.43343,1.43269,1.43316,1018100000
1262344500000,1.43315,1.43334,1.43274,1.43324,828000000
1262345400000,1.43324,1.43334,1.43269,1.43325,846600000
1262346300000,1.43314,1.43334,1.43267,1.43306,787200000
1262347200000,1.43321,1.43333,1.43268,1.43301,646500000
1262348100000,1.43287,1.43344,1.43258,1.43295,895900000
1262349000000,1.43324,1.43336,1.43267,1.43318,957800000
1262349900000,1.43317,1.43336,1.43271,1.43293,1063200000
1262350800000,1.43284,1.43288,1.43208,1.43209,876600000
1262351700000,1.43208,1.43334,1.43207,1.43276,690500000
1262352600000,1.43316,1.43348,1.43287,1.43325,878500000
1262353500000,1.43327,1.43352,1.43288,1.43331,1074600000
1262354400000,1.43279,1.43352,1.43266,1.43346,1052500000
1262355300000,1.43346,1.43351,1.43274,1.43284,933900000
1262356200000,1.43311,1.43354,1.43259,1.43307,969900000
1262357100000,1.43335,1.43351,1.43266,1.43308,1037200000
1262358000000,1.43337,1.43354,1.43316,1.43327,1073200000
1262358900000,1.43335,1.43353,1.43318,1.43353,1079900000
1262359800000,1.43334,1.43352,1.43317,1.43337,1086800000
1262360700000,1.43336,1.43354,1.43326,1.43337,1088000000
1262361600000,1.43337,1.43354,1.43225,1.43244,932200000
1262362500000,1.43244,1.43353,1.43226,1.43287,991800000
1262363400000,1.43327,1.43344,1.43287,1.43327,1014600000
1262364300000,1.43325,1.43352,1.43296,1.43326,1249200000
1262365200000,1.43335,1.4335,1.43289,1.43323,736600000
1262366100000,1.43336,1.43356,1.43326,1.43338,941800000
1262367000000,1.43333,1.43352,1.43236,1.43274,951200000
1262367900000,1.43283,1.43301,1.43237,1.43284,965800000
1262368800000,1.43283,1.43353,1.43241,1.43325,813100000
1262369700000,1.43333,1.4335,1.43314,1.43334,769700000
1262370600000,1.43333,1.43352,1.43316,1.43346,617100000
1262371500000,1.43342,1.43344,1.43326,1.43331,845500000
1262372400000,1.43335,1.43352,1.43316,1.43333,587300000
1262373300000,1.43337,1.43352,1.43316,1.43334,773700000
1262374200000,1.43336,1.43345,1.43315,1.43324,848400000
1262375100000,1.43328,1.43353,1.43316,1.43342,882000000
1262376000000,1.43331,1.43352,1.43316,1.43327,973800000
1262376900000,1.43328,1.43353,1.43325,1.43343,964000000
1262377800000,1.43336,1.43352,1.43318,1.43333,643800000
1262378700000,1.43323,1.43352,1.43318,1.43352,877100000
1262379600000,1.43333,1.4335,1.43316,1.43316,794900000
1262380500000,1.43316,1.43354,1.43316,1.43354,607100000
1262381400000,1.43332,1.43354,1.43317,1.43329,982100000
1262382300000,1.43332,1.43356,1.43315,1.43335,1113300000
1262556000000,1.43024,1.43074,1.42951,1.43061,387300000
1262556900000,1.43062,1.43173,1.43042,1.43165,385700000
1262557800000,1.43133,1.43239,1.43064,1.43211,327100000
1262558700000,1.43214,1.43359,1.43164,1.43244,425900000
1262559600000,1.43233,1.43334,1.432,1.43287,388800000
1262560500000,1.4328,1.43321,1.43189,1.43223,398300000
1262561400000,1.43218,1.43307,1.43187,1.43262,332800000
1262562300000,1.43277,1.43282,1.43132,1.43141,355700000
1262563200000,1.43143,1.43151,1.42894,1.42894,321600000
1262564100000,1.42887,1.43199,1.42884,1.4312,366400000
1262565000000,1.43111,1.43166,1.42931,1.43001,456500000
1262565900000,1.4303,1.4306,1.4287,1.42886,353500000
1262566800000,1.42868,1.42885,1.42673,1.42841,382000000
1262567700000,1.42831,1.4285,1.42715,1.42797,331200000
1262568600000,1.42793,1.42814,1.42559,1.42617,387400000
1262569500000,1.42612,1.42726,1.42577,1.42693,364400000
1262570400000,1.42712,1.42876,1.42674,1.42858,986400000
1262571300000,1.42867,1.42902,1.42766,1.42785,913500000
1262572200000,1.42778,1.42857,1.42744,1.42842,722600000
1262573100000,1.42833,1.43022,1.42812,1.42941,742300000
1262574000000,1.42933,1.42969,1.42847,1.42874,896500000
1262574900000,1.42887,1.42916,1.42757,1.42814,668300000
1262575800000,1.42803,1.42856,1.42699,1.42742,947100000
1262576700000,1.42746,1.42847,1.42683,1.42832,1088400000
1262577600000,1.42842,1.4294,1.42803,1.42885,954100000
1262578500000,1.42881,1.42962,1.42842,1.42897,811800000
1262579400000,1.42901,1.43026,1.42843,1.42951,727400000
1262580300000,1.42951,1.43,1.42847,1.42889,627700000
1262581200000,1.42884,1.42984,1.42849,1.42934,781100000
1262582100000,1.42932,1.43003,1.429,1.42945,679100000
1262583000000,1.42954,1.43097,1.42934,1.43044,739700000
1262583900000,1.43043,1.43116,1.42945,1.42987,994700000
1262584800000,1.43021,1.43111,1.42972,1.43063,859400000
1262585700000,1.4306,1.43122,1.42842,1.42882,916800000
1262586600000,1.42868,1.4298,1.42861,1.42913,997400000
1262587500000,1.42911,1.42981,1.42768,1.42944,784000000
1262588400000,1.42944,1.42972,1.42781,1.42819,1150800000
1262589300000,1.42813,1.42847,1.42697,1.42809,952000000
1262590200000,1.42806,1.42896,1.42664,1.42814,931100000
1262591100000,1.42813,1.4307,1.42767,1.43028,1018800000
1262592000000,1.43038,1.43255,1.43004,1.43205,1057100000
1262592900000,1.43205,1.43219,1.42972,1.43015,1098000000
1262593800000,1.43015,1.43263,1.42985,1.4318,1090400000
1262594700000,1.43193,1.43391,1.43138,1.43337,1098400000
1262595600000,1.43348,1.43513,1.43292,1.43416,972500000
1262596500000,1.43412,1.43555,1.43353,1.43511,962100000
1262597400000,1.43509,1.43888,1.43469,1.43744,1070600000
1262598300000,1.43757,1.43939,1.43686,1.43921,1020100000
1262599200000,1.43932,1.43948,1.438,1.43901,1005600000
1262600100000,1.43905,1.43998,1.43794,1.43815,1004200000
1262601000000,1.43811,1.43867,1.43699,1.43808,757200000
1262601900000,1.43817,1.4383,1.43702,1.4376,956600000
1262602800000,1.43744,1.4402,1.43719,1.43962,1088600000
1262603700000,1.43953,1.4417,1.43905,1.44025,795700000
1262604600000,1.44021,1.44041,1.43899,1.43964,761900000
1262605500000,1.43977,1.44026,1.43885,1.43885,712900000
1262606400000,1.43887,1.44029,1.43843,1.43984,811200000
1262607300000,1.44007,1.44049,1.43917,1.44008,812900000
1262608200000,1.44004,1.4402,1.43882,1.43964,781100000
1262609100000,1.43968,1.44015,1.43885,1.43954,919900000
1262610000000,1.43957,1.43983,1.43843,1.43867,1218100000
1262610900000,1.43873,1.44025,1.43867,1.43951,1032900000
1262611800000,1.43941,1.44229,1.43895,1.44216,1762100000
1262612700000,1.44209,1.44327,1.44111,1.44205,1126500000
1262613600000,1.44212,1.44445,1.44198,1.44354,1489000000
1262614500000,1.44358,1.4449,1.44297,1.44372,1203900000
1262615400000,1.44372,1.44421,1.44212,1.44236,1388700000
1262616300000,1.4424,1.44309,1.44172,1.44254,1034100000
1262617200000,1.4422,1.4437,1.44119,1.4421,1200500000
1262618100000,1.44212,1.44255,1.44005,1.44177,1169900000
1262619000000,1.44178,1.44455,1.44085,1.4444,969900000
1262619900000,1.44444,1.44556,1.44335,1.44369,1400600000
1262620800000,1.44366,1.44409,1.44243,1.44253,1055600000
1262621700000,1.44247,1.44287,1.44181,1.44255,994300000
1262622600000,1.44256,1.4433,1.44203,1.4424,980100000
1262623500000,1.44242,1.44321,1.44145,1.44163,947100000
1262624400000,1.44164,1.44212,1.44104,1.44156,689500000
1262625300000,1.44145,1.44206,1.44121,1.44148,974000000
1262626200000,1.44143,1.44199,1.44116,1.4414,705800000
1262627100000,1.44156,1.44182,1.44096,1.44142,699800000
1262628000000,1.44127,1.44184,1.44105,1.44159,590400000
1262628900000,1.44168,1.44221,1.44153,1.44199,603400000
1262629800000,1.44201,1.44279,1.44182,1.44221,712200000
1262630700000,1.44226,1.44259,1.44076,1.4411,595300000
1262631600000,1.4411,1.44239,1.44104,1.44205,611800000
1262632500000,1.44212,1.44271,1.44185,1.4424,597600000
1262633400000,1.44234,1.4426,1.44159,1.44197,646900000
1262634300000,1.44195,1.44236,1.44094,1.44107,736000000
1262635200000,1.44098,1.4418,1.44044,1.44152,662200000
1262636100000,1.44143,1.44199,1.44092,1.44184,962200000
1262637000000,1.44188,1.44215,1.44128,1.44202,798200000
1262637900000,1.44198,1.44214,1.44074,1.44105,926200000
1262638800000,1.44094,1.44117,1.44053,1.44095,997300000
1262639700000,1.44105,1.44144,1.44054,1.4408,546700000
1262640600000,1.44084,1.44108,1.44048,1.44077,536100000
1262641500000,1.44086,1.44125,1.44001,1.4412,635300000
1262642400000,1.44112,1.44158,1.44053,1.44139,544700000
1262643300000,1.4413,1.44197,1.44114,1.44152,466200000
1262644200000,1.44141,1.44202,1.44089,1.44153,434600000
1262645100000,1.44149,1.44166,1.44093,1.44109,589400000
1262646000000,1.44088,1.44118,1.4403,1.44079,643700000
1262646900000,1.44081,1.44184,1.44049,1.44157,480100000
1262647800000,1.44137,1.44199,1.44116,1.44154,492400000
1262648700000,1.44158,1.44247,1.44123,1.44244,537100000
1262649600000,1.44238,1.44395,1.44227,1.44286,331000000
1262650500000,1.4426,1.44265,1.44181,1.44253,304400000
1262651400000,1.44246,1.44257,1.44162,1.44208,401300000
1262652300000,1.44215,1.44247,1.44106,1.44172,343100000
1262653200000,1.44169,1.44317,1.44152,1.44242,364500000
1262654100000,1.44231,1.44288,1.44135,1.44179,333600000
1262655000000,1.4414,1.44257,1.44136,1.44225,405200000
1262655900000,1.44232,1.44239,1.44156,1.44188,415100000
1262656800000,1.44165,1.44198,1.44049,1.44088,1014700000
1262657700000,1.44082,1.44166,1.44034,1.44126,874600000
1262658600000,1.44123,1.44167,1.44045,1.44071,758200000
1262659500000,1.44086,1.44156,1.44041,1.44099,866400000
1262660400000,1.44141,1.44216,1.44096,1.44162,861900000
1262661300000,1.44185,1.44256,1.4414,1.44208,655300000
1262662200000,1.44216,1.44274,1.4415,1.44185,942500000
1262663100000,1.44179,1.44248,1.44159,1.44213,1162200000
1262664000000,1.44213,1.44248,1.44175,1.44205,869500000
1262664900000,1.44211,1.44318,1.44156,1.44265,777000000
1262665800000,1.44264,1.44412,1.44243,1.44333,819400000
1262666700000,1.44339,1.44395,1.44237,1.44263,601400000
1262667600000,1.44218,1.44273,1.44134,1.44242,852500000
1262668500000,1.44247,1.44271,1.44197,1.44233,639700000
1262669400000,1.44233,1.44382,1.44201,1.4437,835900000
1262670300000,1.44385,1.44733,1.44352,1.44614,797800000
1262671200000,1.44623,1.44641,1.44511,1.44561,867100000
1262672100000,1.44567,1.44611,1.44437,1.44534,923400000
1262673000000,1.44529,1.44636,1.44489,1.4456,873000000
1262673900000,1.4455,1.44756,1.44504,1.44738,730600000
1262674800000,1.44761,1.44834,1.44587,1.44615,1327800000
1262675700000,1.44617,1.44707,1.44563,1.44588,956000000
1262676600000,1.44601,1.44634,1.44507,1.4453,911000000
1262677500000,1.44538,1.44571,1.44443,1.44508,1083600000
1262678400000,1.44508,1.44535,1.44183,1.44278,1045800000
1262679300000,1.44283,1.44383,1.44202,1.4425,1068300000
1262680200000,1.4424,1.44282,1.44032,1.44175,1055100000
1262681100000,1.44172,1.44255,1.44093,1.44172,944900000
1262682000000,1.44191,1.443,1.44126,1.44285,1055400000
1262682900000,1.4427,1.44368,1.4419,1.44274,962100000
1262683800000,1.44276,1.44294,1.44155,1.44264,1006300000
1262684700000,1.44266,1.44393,1.44227,1.44303,1136100000
1262685600000,1.44303,1.44329,1.44204,1.44229,1037300000
1262686500000,1.44232,1.44366,1.44167,1.44343,992800000
1262687400000,1.44341,1.44364,1.44185,1.44264,774200000
1262688300000,1.44267,1.44302,1.44098,1.44172,950300000
1262689200000,1.44168,1.44191,1.44062,1.44173,1040500000
1262690100000,1.44166,1.4417,1.43971,1.44117,810100000
1262691000000,1.44125,1.4425,1.44055,1.44203,755000000
1262691900000,1.44197,1.44249,1.44148,1.44167,739900000
1262692800000,1.44154,1.44293,1.44143,1.44214,749200000
1262693700000,1.44207,1.4435,1.4419,1.4432,860500000
1262694600000,1.44312,1.44502,1.44264,1.44502,791000000
1262695500000,1.44501,1.44544,1.44346,1.44365,1048800000
1262696400000,1.44367,1.44453,1.44278,1.44404,1043200000
1262697300000,1.44404,1.44429,1.44312,1.44333,1018000000
1262698200000,1.44316,1.44398,1.44236,1.44285,1765800000
1262699100000,1.44293,1.44317,1.44177,1.44259,1233300000
1262700000000,1.44226,1.44269,1.44038,1.44253,1456500000
1262700900000,1.44253,1.44259,1.44063,1.44133,1228200000
1262701800000,1.4414,1.44226,1.43864,1.43935,1314700000
1262702700000,1.43937,1.44088,1.43896,1.44029,1045300000
1262703600000,1.44042,1.44224,1.43993,1.44124,1182300000
1262704500000,1.44141,1.44328,1.44112,1.44244,1090700000
1262705400000,1.4424,1.44324,1.44151,1.44187,1062200000
1262706300000,1.44195,1.44209,1.44054,1.44145,1260400000
1262707200000,1.4413,1.44237,1.44092,1.44137,1045200000
1262708100000,1.44137,1.44148,1.43947,1.43969,924400000
1262709000000,1.4397,1.43999,1.43853,1.43949,917600000
1262709900000,1.4395,1.4401,1.43835,1.43989,971000000
1262710800000,1.44001,1.44057,1.43931,1.43945,641300000
1262711700000,1.43956,1.43971,1.43809,1.43866,1010000000
1262712600000,1.43874,1.43969,1.43845,1.43914,646800000
1262713500000,1.43929,1.43942,1.4383,1.43901,734900000
1262714400000,1.43904,1.43924,1.43729,1.43807,739700000
1262715300000,1.43805,1.43849,1.43696,1.43734,632700000
1262716200000,1.43732,1.43746,1.43536,1.43555,685900000
1262717100000,1.43547,1.43663,1.43445,1.43628,502200000
1262718000000,1.4361,1.43633,1.43494,1.43529,655400000
1262718900000,1.43524,1.43615,1.43451,1.43606,606600000
1262719800000,1.43597,1.43642,1.43562,1.43594,661500000
1262720700000,1.43597,1.43689,1.43581,1.43684,780800000
1262721600000,1.43685,1.43727,1.4365,1.43676,768500000
1262722500000,1.43675,1.43729,1.43642,1.43696,796000000
1262723400000,1.43697,1.43719,1.43619,1.43641,857500000
1262724300000,1.43656,1.43714,1.43631,1.43663,1038600000
1262725200000,1.43663,1.43694,1.43637,1.43684,971300000
1262726100000,1.43672,1.43726,1.43651,1.43707,490300000
1262727000000,1.43714,1.43721,1.43634,1.43653,535000000
1262727900000,1.43662,1.43681,1.43606,1.43639,615300000
1262728800000,1.4363,1.43652,1.43576,1.4359,497000000
1262729700000,1.43582,1.43655,1.43568,1.43622,403800000
1262730600000,1.43626,1.43668,1.43575,1.43589,461000000
1262731500000,1.43593,1.43613,1.43562,1.43592,643700000
1262732400000,1.4359,1.43699,1.4359,1.43608,627100000
1262733300000,1.43592,1.43615,1.43466,1.43515,459700000
1262734200000,1.43516,1.43623,1.43503,1.43611,587500000
1262735100000,1.4361,1.43689,1.43583,1.43634,554900000
1262736000000,1.43638,1.43653,1.43524,1.43538,348600000
1262736900000,1.43519,1.43547,1.43444,1.43486,347600000
1262737800000,1.43498,1.43539,1.43343,1.43371,414400000
1262738700000,1.43382,1.43491,1.43323,1.4346,398300000
1262739600000,1.43448,1.43571,1.4344,1.43485,437100000
1262740500000,1.43483,1.43572,1.43385,1.43561,346200000
1262741400000,1.4355,1.43609,1.43508,1.43546,329400000
1262742300000,1.43545,1.43676,1.43519,1.43676,413400000
1262743200000,1.4367,1.43686,1.43563,1.43643,983400000
1262744100000,1.43641,1.43647,1.43398,1.4348,851300000
1262745000000,1.43485,1.43594,1.43436,1.43581,692000000
1262745900000,1.4357,1.43615,1.43534,1.43574,768400000
1262746800000,1.43564,1.43628,1.43525,1.43547,882900000
1262747700000,1.43547,1.43584,1.43484,1.43528,663000000
1262748600000,1.4351,1.43568,1.4346,1.43542,1196200000
1262749500000,1.43549,1.43567,1.43481,1.43532,1097100000
1262750400000,1.43544,1.43569,1.43491,1.43544,877700000
1262751300000,1.43529,1.43617,1.43503,1.43584,852900000
1262752200000,1.43592,1.43596,1.43534,1.43556,680500000
1262753100000,1.43545,1.43593,1.43506,1.43547,802100000
1262754000000,1.4354,1.43576,1.43461,1.43532,926200000
1262754900000,1.43529,1.43566,1.43423,1.43496,596600000
1262755800000,1.43496,1.43563,1.43456,1.43563,928200000
1262756700000,1.43562,1.43585,1.43512,1.43535,858300000
1262757600000,1.43535,1.43569,1.43483,1.43535,820500000
1262758500000,1.43529,1.43576,1.4349,1.43531,862700000
1262759400000,1.43535,1.43557,1.43452,1.43485,954100000
1262760300000,1.43449,1.43453,1.42885,1.43112,695400000
1262761200000,1.43096,1.43152,1.42807,1.42905,1276400000
1262762100000,1.42899,1.43176,1.42836,1.43139,949000000
1262763000000,1.43136,1.43255,1.43107,1.43224,933800000
1262763900000,1.43228,1.43329,1.4314,1.43281,945300000
1262764800000,1.43288,1.43479,1.43245,1.43455,1023400000
1262765700000,1.43455,1.43468,1.43242,1.43265,1158800000
1262766600000,1.43279,1.43426,1.43258,1.43393,1229300000
1262767500000,1.43394,1.43505,1.43337,1.43486,1008800000
1262768400000,1.43514,1.43624,1.43456,1.43574,1091100000
1262769300000,1.43573,1.43626,1.43485,1.43558,1092400000
1262770200000,1.43555,1.437,1.43534,1.43635,943600000
1262771100000,1.43645,1.43825,1.43632,1.43769,971700000
1262772000000,1.43755,1.43787,1.43571,1.43614,1052900000
1262772900000,1.43602,1.43667,1.43501,1.43543,895700000
1262773800000,1.43553,1.43629,1.43499,1.43603,930200000
1262774700000,1.43603,1.43756,1.43545,1.43751,1049100000
1262775600000,1.43749,1.43786,1.43554,1.43646,1164600000
1262776500000,1.43641,1.4367,1.43543,1.43604,846100000
1262777400000,1.43605,1.4364,1.43514,1.43615,857900000
1262778300000,1.4362,1.43633,1.43432,1.43472,689500000
1262779200000,1.43475,1.43515,1.43337,1.43406,771800000
1262780100000,1.434,1.43505,1.43323,1.43466,955100000
1262781000000,1.43472,1.43559,1.43417,1.43543,757800000
1262781900000,1.43548,1.43596,1.43484,1.43549,1033500000
1262782800000,1.43547,1.43562,1.43416,1.4344,1017600000
1262783700000,1.43462,1.43669,1.43415,1.43582,1002900000
1262784600000,1.4358,1.43723,1.43526,1.43673,1868400000
1262785500000,1.4366,1.43727,1.43523,1.43577,1217300000
1262786400000,1.43567,1.4366,1.43454,1.43504,1348100000
1262787300000,1.43502,1.43557,1.43463,1.43518,1209100000
1262788200000,1.43528,1.43608,1.43415,1.43449,1364100000
1262789100000,1.43448,1.43538,1.43416,1.43535,1029500000
1262790000000,1.43525,1.43921,1.43485,1.43816,1168100000
1262790900000,1.43822,1.43905,1.43723,1.43856,1248000000
1262791800000,1.43842,1.43862,1.43599,1.43716,1021800000
1262792700000,1.43713,1.43877,1.43674,1.43865,1282500000
1262793600000,1.43869,1.44007,1.43805,1.43928,1248700000
1262794500000,1.43921,1.44159,1.43896,1.44079,935500000
1262795400000,1.44068,1.44159,1.43984,1.44076,1004400000
1262796300000,1.44067,1.44138,1.43999,1.44064,932400000
1262797200000,1.44062,1.44063,1.43926,1.4393,773200000
1262798100000,1.43924,1.43985,1.43855,1.43887,903900000
1262799000000,1.43876,1.43944,1.43869,1.43912,663300000
1262799900000,1.43922,1.44044,1.43894,1.4403,751000000
1262800800000,1.4403,1.44051,1.43814,1.43854,694100000
1262801700000,1.43866,1.43897,1.43812,1.43858,619500000
1262802600000,1.43847,1.43902,1.43825,1.43862,595600000
1262803500000,1.43863,1.43979,1.43844,1.43969,682200000
1262804400000,1.43982,1.44324,1.43967,1.44313,560700000
1262805300000,1.44282,1.44334,1.44183,1.4421,568800000
1262806200000,1.44202,1.44342,1.44202,1.44279,671300000
1262807100000,1.44284,1.44327,1.44058,1.44068,671500000
1262808000000,1.44079,1.44129,1.44044,1.44076,638200000
1262808900000,1.44083,1.44099,1.43998,1.44076,1029500000
1262809800000,1.44081,1.44109,1.44013,1.4408,759600000
1262810700000,1.44077,1.44127,1.44021,1.44113,1065200000
1262811600000,1.44106,1.44149,1.44089,1.44146,874000000
1262812500000,1.44132,1.44167,1.44087,1.44127,484200000
1262813400000,1.44113,1.44136,1.4404,1.44071,513200000
1262814300000,1.44071,1.44132,1.44015,1.44062,646800000
1262815200000,1.44053,1.44122,1.44022,1.44108,483100000
1262816100000,1.44102,1.4412,1.43969,1.44023,419900000
1262817000000,1.44007,1.44027,1.43895,1.43929,404900000
1262817900000,1.43926,1.44006,1.43894,1.43993,580500000
1262818800000,1.44005,1.44047,1.43971,1.43973,784200000
1262819700000,1.43979,1.44047,1.43912,1.43929,456000000
1262820600000,1.4393,1.4407,1.43903,1.44035,573400000
1262821500000,1.44029,1.44047,1.43951,1.44005,553300000
1262822400000,1.44008,1.44277,1.43989,1.44255,348800000
1262823300000,1.44253,1.44312,1.44196,1.44251,365800000
1262824200000,1.44281,1.44432,1.44267,1.44274,463700000
1262825100000,1.44263,1.44326,1.4416,1.44223,465400000
1262826000000,1.44226,1.44243,1.44101,1.44113,407600000
1262826900000,1.44143,1.44232,1.44119,1.44152,353400000
1262827800000,1.44163,1.44259,1.44142,1.44207,383200000
1262828700000,1.44188,1.44267,1.44169,1.44229,324900000
1262829600000,1.44221,1.44257,1.44061,1.4411,1051300000
1262830500000,1.4412,1.44152,1.43954,1.43982,885000000
1262831400000,1.43977,1.44073,1.43953,1.44026,678600000
1262832300000,1.4401,1.44037,1.43912,1.44029,799800000
1262833200000,1.44033,1.44077,1.43936,1.44031,866900000
1262834100000,1.44031,1.44099,1.43983,1.44026,706500000
1262835000000,1.43997,1.44028,1.43922,1.4397,1178100000
1262835900000,1.43962,1.44105,1.43962,1.44032,1057500000
1262836800000,1.44036,1.44131,1.44013,1.44112,869000000
1262837700000,1.44103,1.44159,1.44061,1.44124,766500000
1262838600000,1.44118,1.44125,1.43958,1.4401,675600000
1262839500000,1.44009,1.44022,1.43924,1.43987,692000000
1262840400000,1.43981,1.44036,1.43946,1.43986,905200000
1262841300000,1.43994,1.44006,1.43923,1.43947,664800000
1262842200000,1.43951,1.43957,1.4384,1.43908,794200000
1262843100000,1.43931,1.43943,1.43788,1.43893,807800000
1262844000000,1.43882,1.43933,1.43736,1.43745,875700000
1262844900000,1.43735,1.43831,1.43645,1.43718,928400000
1262845800000,1.43736,1.43882,1.43713,1.43852,982900000
1262846700000,1.4385,1.43879,1.43553,1.43668,751100000
1262847600000,1.43666,1.43719,1.43529,1.43693,1143500000
1262848500000,1.43695,1.43857,1.43632,1.43824,942600000
1262849400000,1.43809,1.43847,1.43696,1.43825,951500000
1262850300000,1.43825,1.43899,1.43709,1.43847,1016500000
1262851200000,1.43852,1.43999,1.43778,1.43886,971100000
1262852100000,1.43898,1.43926,1.43667,1.43725,1137100000
1262853000000,1.43744,1.43751,1.43583,1.43661,1109900000
1262853900000,1.43651,1.43657,1.43556,1.43615,1005600000
1262854800000,1.43617,1.43725,1.43595,1.43674,1005200000
1262855700000,1.43677,1.43758,1.43623,1.43734,893000000
1262856600000,1.43729,1.43826,1.43603,1.43659,1084800000
1262857500000,1.43663,1.43705,1.43491,1.43527,1066200000
1262858400000,1.43524,1.43586,1.43437,1.43461,1125100000
1262859300000,1.43435,1.43527,1.43376,1.43472,884800000
1262860200000,1.43486,1.43572,1.43468,1.43516,793000000
1262861100000,1.4351,1.43541,1.43366,1.43475,1021200000
1262862000000,1.43476,1.4351,1.43279,1.43352,1007100000
1262862900000,1.43343,1.43518,1.43329,1.43468,853100000
1262863800000,1.4347,1.43496,1.43306,1.43362,814000000
1262864700000,1.43378,1.43428,1.43247,1.4334,731200000
1262865600000,1.43331,1.43382,1.43181,1.43258,868000000
1262866500000,1.43262,1.43389,1.4324,1.43356,899300000
1262867400000,1.43346,1.43396,1.43297,1.4335,842600000
1262868300000,1.43356,1.43369,1.4312,1.43166,1002100000
1262869200000,1.43175,1.43232,1.42986,1.43044,1115100000
1262870100000,1.43036,1.43188,1.42976,1.43123,1013600000
1262871000000,1.43133,1.43289,1.43068,1.43205,1646000000
1262871900000,1.43209,1.4335,1.43175,1.43326,1116600000
1262872800000,1.43317,1.43367,1.43193,1.43324,1778600000
1262873700000,1.43326,1.43454,1.43295,1.43441,1175400000
1262874600000,1.43434,1.43505,1.43338,1.43398,1427700000
1262875500000,1.43391,1.43397,1.43129,1.43152,1103100000
1262876400000,1.43154,1.43308,1.43103,1.43269,1103900000
1262877300000,1.43263,1.43307,1.43144,1.43226,1198100000
1262878200000,1.43238,1.43258,1.43068,1.43176,1036200000
1262879100000,1.43165,1.43298,1.43134,1.43263,1313300000
1262880000000,1.43257,1.4333,1.43144,1.43278,1234200000
1262880900000,1.43257,1.43281,1.43018,1.43047,1044100000
1262881800000,1.43058,1.43168,1.43027,1.43139,941100000
1262882700000,1.43147,1.432,1.43082,1.43117,910800000
1262883600000,1.43118,1.43314,1.43095,1.43294,749100000
1262884500000,1.43284,1.4333,1.43201,1.43277,947800000
1262885400000,1.43258,1.43298,1.43172,1.43222,726800000
1262886300000,1.43236,1.43261,1.43166,1.43222,790800000
1262887200000,1.43222,1.43246,1.43101,1.43148,635900000
1262888100000,1.43164,1.43178,1.43081,1.43092,556200000
1262889000000,1.4313,1.43154,1.43068,1.43133,625400000
1262889900000,1.43138,1.43177,1.43064,1.43079,530100000
1262890800000,1.43081,1.43178,1.43037,1.43146,591100000
1262891700000,1.43144,1.43241,1.43129,1.43207,650200000
1262892600000,1.43197,1.43238,1.43162,1.43212,657400000
1262893500000,1.43215,1.43274,1.43192,1.43255,842200000
1262894400000,1.43241,1.43256,1.43047,1.43183,706300000
1262895300000,1.43164,1.43206,1.43104,1.43164,878400000
1262896200000,1.432,1.43206,1.43083,1.43188,805300000
1262897100000,1.43178,1.43239,1.43144,1.43206,1012600000
1262898000000,1.43214,1.4323,1.43124,1.43147,926100000
1262898900000,1.4315,1.43181,1.43116,1.43135,586800000
1262899800000,1.4314,1.43189,1.43123,1.43129,452200000
1262900700000,1.43148,1.43189,1.43033,1.43045,658300000
1262901600000,1.43063,1.43114,1.4301,1.43062,522700000
1262902500000,1.43058,1.43124,1.43016,1.43052,450500000
1262903400000,1.43044,1.4306,1.43009,1.43037,417200000
1262904300000,1.43048,1.43075,1.43007,1.43032,583200000
1262905200000,1.4303,1.43081,1.43011,1.43047,634200000
1262906100000,1.43047,1.4313,1.43027,1.43125,514000000
1262907000000,1.43091,1.43164,1.43082,1.43133,469300000
1262907900000,1.43133,1.4319,1.4312,1.43155,511400000
1262908800000,1.43164,1.4326,1.43156,1.43182,347500000
1262909700000,1.43196,1.43199,1.43055,1.43112,411400000
1262910600000,1.43091,1.43109,1.43009,1.43057,374400000
1262911500000,1.43045,1.43216,1.42992,1.43157,417700000
1262912400000,1.43154,1.43222,1.43093,1.43119,405300000
1262913300000,1.43128,1.43227,1.43082,1.43198,342500000
1262914200000,1.4316,1.43191,1.4308,1.43096,379600000
1262915100000,1.43102,1.43152,1.43074,1.43107,369100000
1262916000000,1.43114,1.43146,1.43054,1.43123,1043800000
1262916900000,1.43144,1.43196,1.4311,1.43153,1034000000
1262917800000,1.43153,1.43165,1.43046,1.43074,630400000
1262918700000,1.43079,1.43113,1.42996,1.43071,890000000
1262919600000,1.43072,1.43136,1.43042,1.43096,910300000
1262920500000,1.43094,1.43131,1.43064,1.43124,642500000
1262921400000,1.4311,1.43188,1.43084,1.43165,1017400000
1262922300000,1.43144,1.43186,1.43081,1.43123,1025600000
1262923200000,1.43115,1.43145,1.43083,1.43106,807500000
1262924100000,1.43103,1.43157,1.43083,1.43129,838100000
1262925000000,1.43109,1.43172,1.43085,1.43113,763500000
1262925900000,1.43111,1.43145,1.43055,1.43112,612700000
1262926800000,1.43116,1.43161,1.43088,1.43143,788600000
1262927700000,1.4315,1.43153,1.43071,1.43102,674400000
1262928600000,1.43106,1.4312,1.42991,1.43047,708200000
1262929500000,1.43036,1.43076,1.42844,1.42916,832000000
1262930400000,1.42928,1.43143,1.42902,1.4313,895200000
1262931300000,1.43131,1.43167,1.43056,1.43133,914700000
1262932200000,1.43134,1.43163,1.4302,1.43075,956000000
1262933100000,1.43085,1.43135,1.43024,1.43085,844100000
1262934000000,1.43098,1.43145,1.42996,1.43053,1159400000
1262934900000,1.43054,1.4325,1.43031,1.43236,1012000000
1262935800000,1.43213,1.43343,1.43143,1.43277,888400000
1262936700000,1.43273,1.4329,1.43168,1.43194,978500000
1262937600000,1.43149,1.43336,1.43126,1.43175,1155300000
1262938500000,1.43172,1.43255,1.43104,1.43207,1091700000
1262939400000,1.43198,1.4325,1.43132,1.43215,1232900000
1262940300000,1.43188,1.43323,1.43181,1.43299,961500000
1262941200000,1.43287,1.43336,1.43186,1.43245,1053700000
1262942100000,1.43245,1.43336,1.43199,1.43296,950800000
1262943000000,1.43298,1.43317,1.43196,1.43234,1096400000
1262943900000,1.43222,1.43268,1.43154,1.43219,1013200000
1262944800000,1.4321,1.43253,1.43104,1.43175,1013400000
1262945700000,1.43174,1.4322,1.43133,1.43161,1020100000
1262946600000,1.43169,1.43183,1.43015,1.43044,763900000
1262947500000,1.43045,1.43067,1.4294,1.43015,907100000
1262948400000,1.42986,1.43046,1.42874,1.42957,1038700000
1262949300000,1.42965,1.43057,1.42923,1.43014,849800000
1262950200000,1.42998,1.43112,1.42956,1.43089,747500000
1262951100000,1.4307,1.43116,1.42961,1.43015,707100000
1262952000000,1.4301,1.43027,1.42788,1.42814,781000000
1262952900000,1.42817,1.42895,1.42737,1.42866,930700000
1262953800000,1.4285,1.42898,1.42765,1.42858,808000000
1262954700000,1.42887,1.42958,1.42846,1.42877,1061300000
1262955600000,1.42877,1.429,1.42636,1.42724,1031900000
1262956500000,1.42725,1.42873,1.42616,1.42873,1076200000
1262957400000,1.42921,1.43711,1.4285,1.43596,1835200000
1262958300000,1.43589,1.4414,1.4358,1.44016,1131200000
1262959200000,1.44016,1.44073,1.43756,1.43814,1413600000
1262960100000,1.43836,1.43931,1.43731,1.43909,1169600000
1262961000000,1.43924,1.43929,1.43678,1.43736,1436800000
1262961900000,1.43735,1.43777,1.43367,1.43548,1106200000
1262962800000,1.43549,1.43554,1.42991,1.43127,1328900000
1262963700000,1.43137,1.43255,1.43085,1.43198,1163300000
1262964600000,1.43176,1.43308,1.43138,1.43275,953700000
1262965500000,1.43278,1.43341,1.43179,1.43233,1236900000
1262966400000,1.43226,1.43436,1.43204,1.43405,1160800000
1262967300000,1.43425,1.43436,1.43326,1.43385,951400000
1262968200000,1.43394,1.43497,1.43335,1.4345,869300000
1262969100000,1.4346,1.43565,1.43374,1.43548,1051200000
1262970000000,1.43523,1.43799,1.43512,1.43763,626500000
1262970900000,1.43756,1.43798,1.43643,1.43759,901000000
1262971800000,1.43767,1.43994,1.43727,1.43926,819200000
1262972700000,1.43983,1.44063,1.43916,1.43927,799200000
1262973600000,1.43916,1.44238,1.43885,1.44232,762500000
1262974500000,1.44244,1.44382,1.44142,1.44228,582400000
1262975400000,1.44248,1.44361,1.4417,1.44242,689700000
1262976300000,1.44236,1.44294,1.44167,1.44239,493600000
1262977200000,1.44234,1.44236,1.44101,1.44147,680800000
1262978100000,1.44129,1.44191,1.44063,1.44179,622000000
1262979000000,1.44164,1.44255,1.44073,1.44211,651700000
1262979900000,1.44201,1.44213,1.44049,1.44133,761000000
1262980800000,1.44129,1.44146,1.4405,1.44082,677600000
1262981700000,1.44099,1.44207,1.44064,1.44144,862900000
1262982600000,1.4413,1.44158,1.44079,1.44142,714600000
1262983500000,1.44135,1.44167,1.44082,1.44153,1040100000
1262984400000,1.44144,1.44176,1.44114,1.44142,829500000
1262985300000,1.44143,1.44163,1.44091,1.44135,498900000
1262986200000,1.44133,1.44149,1.44057,1.44097,452400000
1262987100000,1.44096,1.4411,1.44006,1.44083,671700000
1263160800000,1.44265,1.44273,1.44207,1.44252,438800000
1263161700000,1.44255,1.44255,1.44141,1.44187,406800000
1263162600000,1.44186,1.44186,1.44078,1.44102,432000000
1263163500000,1.44096,1.44121,1.44049,1.44084,494200000
1263164400000,1.44113,1.44261,1.44086,1.44247,583000000
1263165300000,1.44246,1.44247,1.44175,1.44232,447800000
1263166200000,1.44248,1.44707,1.4422,1.44672,447900000
1263167100000,1.4468,1.44761,1.44602,1.44631,558200000
1263168000000,1.44631,1.44755,1.44614,1.44653,424600000
1263168900000,1.44647,1.44727,1.4463,1.44704,382400000
1263169800000,1.44738,1.4494,1.44675,1.44869,393800000
1263170700000,1.44877,1.44907,1.4481,1.44825,344300000
1263171600000,1.44811,1.44918,1.44729,1.44735,408200000
1263172500000,1.44729,1.44892,1.44716,1.4488,379400000
1263173400000,1.44887,1.44887,1.44776,1.4481,411800000
1263174300000,1.44788,1.44825,1.44747,1.44792,384700000
1263175200000,1.44784,1.44819,1.447,1.44731,1024000000
1263176100000,1.44731,1.44806,1.44693,1.44794,842800000
1263177000000,1.44772,1.44865,1.44762,1.44821,704600000
1263177900000,1.44812,1.45094,1.44807,1.45054,826700000
1263178800000,1.45052,1.4521,1.45029,1.45147,894900000
1263179700000,1.45148,1.4531,1.45121,1.45236,697600000
1263180600000,1.45222,1.45246,1.45101,1.45125,1110000000
1263181500000,1.45131,1.45264,1.45101,1.45203,1205200000
1263182400000,1.45196,1.45236,1.45101,1.45117,871500000
1263183300000,1.45131,1.45179,1.45103,1.45164,753700000
1263184200000,1.45149,1.45178,1.44883,1.44907,695700000
1263185100000,1.44911,1.44973,1.44888,1.4493,678600000
1263186000000,1.44958,1.45123,1.44934,1.45115,992600000
1263186900000,1.45112,1.45139,1.45042,1.45073,622400000
1263187800000,1.45069,1.45087,1.44995,1.45074,805100000
1263188700000,1.45087,1.4525,1.45061,1.45163,802200000
1263189600000,1.45164,1.45186,1.45035,1.45104,962100000
1263190500000,1.45104,1.45159,1.44965,1.45049,974100000
1263191400000,1.45057,1.45162,1.44952,1.44993,924500000
1263192300000,1.44978,1.45038,1.44859,1.44866,768300000
1263193200000,1.44874,1.45135,1.44854,1.44987,1342100000
1263194100000,1.44995,1.45095,1.44965,1.45037,1052700000
1263195000000,1.45042,1.45067,1.44871,1.45003,975600000
1263195900000,1.45,1.4501,1.44769,1.44858,976100000
1263196800000,1.44855,1.45138,1.44827,1.45058,972400000
1263197700000,1.45043,1.45157,1.44947,1.45084,1010000000
1263198600000,1.45083,1.45304,1.45055,1.45257,1169700000
1263199500000,1.45275,1.45287,1.45093,1.45161,1009300000
1263200400000,1.45178,1.45238,1.45102,1.45215,1043700000
1263201300000,1.45228,1.45346,1.45148,1.45162,861500000
1263202200000,1.4514,1.45196,1.45083,1.45133,934200000
1263203100000,1.45135,1.45208,1.4503,1.45195,1029300000
1263204000000,1.45198,1.45252,1.45104,1.45136,1010300000
1263204900000,1.45155,1.45167,1.44977,1.45156,848500000
1263205800000,1.45103,1.45188,1.45082,1.45156,703700000
1263206700000,1.45158,1.45352,1.45124,1.45255,1025300000
1263207600000,1.45232,1.45418,1.45203,1.45394,1051800000
1263208500000,1.45396,1.45425,1.45278,1.45403,827800000
1263209400000,1.45397,1.45446,1.4528,1.45317,737900000
1263210300000,1.45316,1.45343,1.4524,1.45303,724600000
1263211200000,1.45292,1.45331,1.45231,1.45278,851200000
1263212100000,1.45272,1.45335,1.45233,1.45324,858400000
1263213000000,1.45331,1.45402,1.45264,1.45276,700500000
1263213900000,1.45282,1.45305,1.45182,1.45232,1056100000
1263214800000,1.45232,1.45299,1.4518,1.45271,1140100000
1263215700000,1.45271,1.4533,1.45145,1.45201,1062300000
1263216600000,1.45202,1.45258,1.45095,1.45232,1655400000
1263217500000,1.45232,1.4534,1.45105,1.45279,1175200000
1263218400000,1.45302,1.4531,1.45086,1.45154,1543200000
1263219300000,1.45147,1.45161,1.44937,1.45034,1180000000
1263220200000,1.45033,1.45127,1.44961,1.45105,1264800000
1263221100000,1.45093,1.45179,1.45048,1.45119,1157600000
1263222000000,1.45126,1.45168,1.44972,1.45048,1242300000
1263222900000,1.45041,1.45107,1.44992,1.45095,1130500000
1263223800000,1.45098,1.45298,1.45033,1.45256,987400000
1263224700000,1.45261,1.45539,1.45212,1.45465,1256400000
1263225600000,1.45463,1.45472,1.45295,1.45337,1066900000
1263226500000,1.45338,1.45455,1.45313,1.45433,1094500000
1263227400000,1.45405,1.45509,1.45362,1.45407,931700000
1263228300000,1.45411,1.45457,1.45295,1.45336,1077200000
1263229200000,1.45324,1.45448,1.45304,1.45369,658200000
1263230100000,1.45357,1.45437,1.45278,1.45304,957600000
1263231000000,1.45311,1.45356,1.45234,1.45273,652300000
1263231900000,1.45282,1.45284,1.45063,1.45071,746500000
1263232800000,1.45085,1.45227,1.4505,1.4515,703600000
1263233700000,1.45152,1.45235,1.45092,1.45155,606600000
1263234600000,1.45165,1.45287,1.45111,1.4526,636500000
1263235500000,1.45273,1.45333,1.45242,1.45289,528600000
1263236400000,1.45277,1.45409,1.45234,1.45385,586900000
1263237300000,1.45374,1.4543,1.45235,1.45267,629100000
1263238200000,1.45271,1.45279,1.45196,1.45239,591200000
1263239100000,1.45229,1.45266,1.45141,1.45171,757800000
1263240000000,1.4518,1.45274,1.45154,1.45226,649000000
1263240900000,1.45228,1.45267,1.45152,1.45202,988100000
1263241800000,1.45226,1.45242,1.45144,1.45211,734300000
1263242700000,1.45226,1.45278,1.45175,1.45197,1003500000
1263243600000,1.45182,1.45212,1.45124,1.45138,953000000
1263244500000,1.45137,1.45149,1.45093,1.45143,555200000
1263245400000,1.4518,1.4518,1.45046,1.45096,489500000
1263246300000,1.45116,1.45149,1.45079,1.45111,596200000
1263247200000,1.45108,1.45192,1.45054,1.45115,486500000
1263248100000,1.45122,1.45135,1.44986,1.45023,372600000
1263249000000,1.45027,1.45071,1.45008,1.4504,515500000
1263249900000,1.45042,1.45169,1.45028,1.45121,482800000
1263250800000,1.4512,1.45176,1.45093,1.45146,611700000
1263251700000,1.45142,1.4518,1.45126,1.45145,500600000
1263252600000,1.45138,1.45171,1.4506,1.45093,516400000
1263253500000,1.45096,1.4511,1.4501,1.45063,607400000
1263254400000,1.45064,1.45064,1.44949,1.44969,412000000
1263255300000,1.44971,1.44982,1.44885,1.44918,369800000
1263256200000,1.44899,1.44962,1.4485,1.44955,454500000
1263257100000,1.44945,1.44982,1.4486,1.44891,335400000
1263258000000,1.44874,1.44917,1.44838,1.4486,373900000
1263258900000,1.44853,1.4495,1.44783,1.4493,320100000
1263259800000,1.44922,1.44952,1.44848,1.44883,373400000
1263260700000,1.44885,1.44917,1.4481,1.44891,356200000
1263261600000,1.44893,1.44927,1.4459,1.44657,982000000
1263262500000,1.44639,1.44715,1.44536,1.4471,927000000
1263263400000,1.44693,1.44754,1.4453,1.44583,699400000
1263264300000,1.44589,1.44949,1.44507,1.44856,812100000
1263265200000,1.44868,1.44937,1.44819,1.44845,989100000
1263266100000,1.44848,1.44895,1.44803,1.44825,792500000
1263267000000,1.44818,1.44882,1.44803,1.44834,1006800000
1263267900000,1.44826,1.44827,1.44694,1.44696,1088100000
1263268800000,1.44725,1.44807,1.44702,1.44794,994500000
1263269700000,1.44787,1.44876,1.4478,1.44838,799500000
1263270600000,1.44862,1.44887,1.44795,1.4485,629200000
1263271500000,1.44823,1.4485,1.4479,1.44825,639600000
1263272400000,1.44826,1.44924,1.44783,1.44891,801300000
1263273300000,1.44891,1.44904,1.44821,1.44843,643500000
1263274200000,1.44857,1.44894,1.44804,1.44874,873600000
1263275100000,1.44872,1.44963,1.4483,1.44928,910800000
1263276000000,1.4494,1.44983,1.44861,1.44923,839300000
1263276900000,1.44923,1.45075,1.44887,1.45063,904200000
1263277800000,1.45062,1.45106,1.44979,1.4499,897600000
1263278700000,1.45002,1.45032,1.44922,1.44984,749200000
1263279600000,1.44987,1.45062,1.44843,1.44894,1228000000
1263280500000,1.44895,1.44996,1.4485,1.44906,900200000
1263281400000,1.44898,1.45208,1.44895,1.45159,1008500000
1263282300000,1.45155,1.45197,1.44994,1.45038,1018100000
1263283200000,1.45052,1.4513,1.44952,1.45101,1023400000
1263284100000,1.45103,1.45137,1.44946,1.44981,1049200000
1263285000000,1.44986,1.45096,1.44824,1.44885,1068400000
1263285900000,1.44897,1.44949,1.44765,1.44826,1073000000
1263286800000,1.44832,1.44861,1.44704,1.44746,1054300000
1263287700000,1.44748,1.44825,1.44663,1.44741,1014000000
1263288600000,1.44749,1.44891,1.44699,1.44827,1044300000
1263289500000,1.44824,1.44935,1.44803,1.44887,1114700000
1263290400000,1.44857,1.44991,1.44851,1.44945,1111100000
1263291300000,1.44932,1.45097,1.44906,1.45038,897400000
1263292200000,1.4502,1.45037,1.44935,1.44994,747600000
1263293100000,1.44998,1.45054,1.44965,1.45035,926000000
1263294000000,1.45032,1.45049,1.44647,1.44731,1102500000
1263294900000,1.44729,1.44826,1.44605,1.44636,810200000
1263295800000,1.44645,1.44888,1.44616,1.44849,861800000
1263296700000,1.4486,1.44877,1.44774,1.44799,698200000
1263297600000,1.44775,1.44865,1.44696,1.44771,886800000
1263298500000,1.4478,1.44967,1.44748,1.44934,883300000
1263299400000,1.44941,1.44993,1.44773,1.44848,762700000
1263300300000,1.4486,1.45028,1.44849,1.44983,976600000
1263301200000,1.44971,1.45095,1.44784,1.44797,1026000000
1263302100000,1.44801,1.44896,1.44756,1.44788,1052800000
1263303000000,1.44805,1.44873,1.44695,1.44793,1924900000
1263303900000,1.44796,1.44898,1.44632,1.44662,1082800000
1263304800000,1.44676,1.44902,1.44642,1.44891,1321500000
1263305700000,1.44876,1.44989,1.44773,1.44892,1112500000
1263306600000,1.449,1.45066,1.44844,1.44965,1457000000
1263307500000,1.44962,1.4514,1.44903,1.45062,1049900000
1263308400000,1.45079,1.4518,1.44994,1.45048,1156800000
1263309300000,1.45073,1.45257,1.44946,1.45207,1055100000
1263310200000,1.45206,1.45336,1.45118,1.45315,960100000
1263311100000,1.45301,1.45479,1.45253,1.45379,1247200000
1263312000000,1.45385,1.45392,1.45224,1.45266,1160300000
1263312900000,1.45277,1.45425,1.45252,1.45348,1131300000
1263313800000,1.45347,1.45361,1.45213,1.453,869400000
1263314700000,1.45301,1.45337,1.45166,1.45203,948600000
1263315600000,1.452,1.45247,1.45155,1.45188,644500000
1263316500000,1.45195,1.452,1.45036,1.45084,936500000
1263317400000,1.45085,1.45136,1.45061,1.45101,731200000
1263318300000,1.45105,1.45114,1.44962,1.4505,763800000
1263319200000,1.45052,1.45082,1.44921,1.45008,710300000
1263320100000,1.45014,1.4502,1.44801,1.44878,562400000
1263321000000,1.44875,1.4495,1.44854,1.44932,593400000
1263321900000,1.44935,1.44975,1.44884,1.44959,537800000
1263322800000,1.44948,1.44976,1.44886,1.44916,652500000
1263323700000,1.44919,1.44971,1.4489,1.44918,677700000
1263324600000,1.44929,1.44962,1.44843,1.44902,642300000
1263325500000,1.44915,1.44977,1.44851,1.44957,714800000
1263326400000,1.44965,1.4498,1.44845,1.44859,689500000
1263327300000,1.44854,1.44909,1.44802,1.44854,840100000
1263328200000,1.44865,1.44908,1.44821,1.44899,719400000
1263329100000,1.44895,1.44903,1.44822,1.44883,1014700000
1263330000000,1.44886,1.44957,1.44861,1.44934,787400000
1263330900000,1.44933,1.44967,1.4491,1.44955,528500000
1263331800000,1.44935,1.44943,1.44818,1.44855,433400000
1263332700000,1.44845,1.44895,1.44802,1.44816,555700000
1263333600000,1.44832,1.44893,1.44792,1.44828,520400000
1263334500000,1.44823,1.44853,1.44782,1.44825,387800000
1263335400000,1.44839,1.44915,1.44808,1.44888,444100000
1263336300000,1.44887,1.44941,1.44858,1.4491,493500000
1263337200000,1.44925,1.44925,1.44832,1.4487,661000000
1263338100000,1.4488,1.44887,1.44805,1.44867,472600000
1263339000000,1.44871,1.44876,1.44764,1.44813,465200000
1263339900000,1.44816,1.44825,1.44701,1.4475,523500000
1263340800000,1.44751,1.44758,1.44654,1.44695,317500000
1263341700000,1.44684,1.44825,1.44677,1.44775,327600000
1263342600000,1.44773,1.44781,1.44698,1.44735,355500000
1263343500000,1.44723,1.44778,1.44651,1.4468,409700000
1263344400000,1.44656,1.44719,1.44572,1.44693,376600000
1263345300000,1.44708,1.44708,1.4455,1.44642,324300000
1263346200000,1.44667,1.44723,1.44601,1.44678,353300000
1263347100000,1.44672,1.44775,1.44631,1.44753,386400000
1263348000000,1.44755,1.44779,1.44684,1.44703,1180500000
1263348900000,1.44707,1.44827,1.44683,1.44794,1006400000
1263349800000,1.44778,1.44853,1.44713,1.44834,749500000
1263350700000,1.44821,1.44857,1.447,1.44715,970800000
1263351600000,1.44736,1.44759,1.44644,1.44677,888900000
1263352500000,1.44688,1.44763,1.44606,1.44746,658800000
1263353400000,1.44751,1.44788,1.44702,1.44736,1079800000
1263354300000,1.44739,1.44817,1.44722,1.44782,1032800000
1263355200000,1.44784,1.44836,1.44743,1.44815,849600000
1263356100000,1.44812,1.44872,1.4478,1.44854,805300000
1263357000000,1.44837,1.44919,1.44824,1.44853,723000000
1263357900000,1.44856,1.44911,1.44825,1.44885,631300000
1263358800000,1.44886,1.44908,1.44774,1.44824,842000000
1263359700000,1.44802,1.44904,1.44802,1.44881,639200000
1263360600000,1.44874,1.44912,1.44833,1.44875,854800000
1263361500000,1.44885,1.44891,1.44812,1.44852,844400000
1263362400000,1.44852,1.44883,1.44768,1.44852,882000000
1263363300000,1.44845,1.44947,1.44822,1.44914,983900000
1263364200000,1.44919,1.44996,1.44881,1.44945,994800000
1263365100000,1.44929,1.45047,1.44906,1.45015,731700000
1263366000000,1.45013,1.45139,1.44937,1.44965,1219700000
1263366900000,1.44963,1.45045,1.44914,1.44936,907900000
1263367800000,1.44933,1.44995,1.4489,1.44908,1017900000
1263368700000,1.44932,1.44976,1.44801,1.44839,964000000
1263369600000,1.44843,1.44882,1.44605,1.44703,1178100000
1263370500000,1.44695,1.44887,1.44646,1.44833,1009000000
1263371400000,1.44844,1.44898,1.44783,1.44854,1101800000
1263372300000,1.44823,1.44895,1.44774,1.44836,1052500000
1263373200000,1.44816,1.45065,1.44792,1.45045,994000000
1263374100000,1.45045,1.45105,1.44974,1.45035,987200000
1263375000000,1.45018,1.45056,1.44905,1.45032,957900000
1263375900000,1.4504,1.45113,1.44957,1.44998,995400000
1263376800000,1.44995,1.45095,1.44867,1.45037,1058500000
1263377700000,1.45032,1.45109,1.44999,1.45073,938500000
1263378600000,1.45071,1.45153,1.44984,1.45086,739800000
1263379500000,1.45095,1.45212,1.45051,1.45145,1013900000
1263380400000,1.45114,1.45393,1.45096,1.45358,1128300000
1263381300000,1.45351,1.45402,1.45227,1.45383,768800000
1263382200000,1.45363,1.45536,1.45356,1.45464,860600000
1263383100000,1.45483,1.45519,1.45364,1.45455,738600000
1263384000000,1.45442,1.45741,1.45397,1.45677,762900000
1263384900000,1.45696,1.45797,1.45622,1.45719,965900000
1263385800000,1.45723,1.45774,1.45595,1.45626,729200000
1263386700000,1.45625,1.45782,1.45594,1.45626,982900000
1263387600000,1.45626,1.45749,1.4559,1.45618,1035100000
1263388500000,1.45619,1.45689,1.4557,1.45669,1016500000
1263389400000,1.45667,1.45738,1.45632,1.45685,1610100000
1263390300000,1.45697,1.45758,1.45643,1.45717,1129900000
1263391200000,1.45705,1.4572,1.45453,1.45615,1304500000
1263392100000,1.45616,1.45648,1.4543,1.45488,1150600000
1263393000000,1.4549,1.45618,1.45422,1.45533,1453400000
1263393900000,1.45515,1.45572,1.45408,1.45515,1018400000
1263394800000,1.45474,1.45524,1.45153,1.45212,1161500000
1263395700000,1.45207,1.45241,1.4495,1.45096,1178600000
1263396600000,1.45086,1.45098,1.44906,1.45014,914400000
1263397500000,1.45016,1.45131,1.44968,1.45088,1307100000
1263398400000,1.45082,1.45088,1.44931,1.4495,1249300000
1263399300000,1.44948,1.4497,1.44728,1.44917,1014400000
1263400200000,1.44925,1.44948,1.44762,1.44789,902600000
1263401100000,1.44782,1.44909,1.44708,1.44896,937600000
1263402000000,1.44896,1.45066,1.44866,1.45049,719200000
1263402900000,1.45049,1.45163,1.45023,1.45064,905500000
1263403800000,1.45062,1.45145,1.44955,1.45114,734900000
1263404700000,1.45095,1.45203,1.45004,1.45022,762400000
1263405600000,1.45044,1.45106,1.44985,1.45036,644700000
1263406500000,1.45036,1.45043,1.44817,1.44938,574100000
1263407400000,1.4491,1.45065,1.44883,1.45002,641600000
1263408300000,1.45009,1.45096,1.44936,1.45038,503700000
1263409200000,1.45039,1.45093,1.44952,1.45013,569200000
1263410100000,1.45029,1.45068,1.44984,1.45021,663800000
1263411000000,1.44994,1.45107,1.44985,1.4508,710800000
1263411900000,1.45064,1.45134,1.45004,1.45115,709100000
1263412800000,1.45106,1.45127,1.45044,1.45118,789700000
1263413700000,1.45115,1.45164,1.45037,1.45123,885100000
1263414600000,1.4511,1.45148,1.45041,1.45062,906600000
1263415500000,1.45059,1.45102,1.45033,1.45082,857300000
1263416400000,1.45084,1.45132,1.45052,1.45098,910200000
1263417300000,1.45092,1.45135,1.45071,1.45105,503800000
1263418200000,1.451,1.45145,1.4508,1.45113,609200000
1263419100000,1.45113,1.45118,1.45059,1.45082,591900000
1263420000000,1.45089,1.45107,1.45022,1.45082,544200000
1263420900000,1.45076,1.45089,1.44994,1.45021,645300000
1263421800000,1.45021,1.45031,1.44933,1.45001,534600000
1263422700000,1.45004,1.45032,1.4494,1.44975,584100000
1263423600000,1.4498,1.45075,1.44954,1.45058,822200000
1263424500000,1.45061,1.45131,1.45041,1.45094,497700000
1263425400000,1.45092,1.45229,1.4507,1.45215,496300000
1263426300000,1.45208,1.45238,1.45133,1.45215,538800000
1263427200000,1.45209,1.45276,1.45192,1.45256,350000000
1263428100000,1.45239,1.45277,1.45203,1.4521,353700000
1263429000000,1.45243,1.45372,1.45218,1.45339,393400000
1263429900000,1.45345,1.45363,1.45254,1.45314,369500000
1263430800000,1.45275,1.45324,1.45189,1.4523,422900000
1263431700000,1.45231,1.45324,1.45189,1.45302,361100000
1263432600000,1.4528,1.45355,1.45269,1.45286,384900000
1263433500000,1.45283,1.45371,1.45258,1.45356,417800000
1263434400000,1.45345,1.45389,1.45322,1.4536,972500000
1263435300000,1.45376,1.45474,1.45368,1.4543,923500000
1263436200000,1.45426,1.45447,1.45315,1.45414,673000000
1263437100000,1.45409,1.45454,1.45373,1.45447,886400000
1263438000000,1.45441,1.45461,1.45334,1.45381,878200000
1263438900000,1.45381,1.45437,1.45341,1.45416,725600000
1263439800000,1.45413,1.45446,1.45363,1.45391,1104600000
1263440700000,1.45399,1.45404,1.45316,1.45356,1201800000
1263441600000,1.45338,1.45391,1.45333,1.45374,887900000
1263442500000,1.45364,1.45387,1.45266,1.45279,840100000
1263443400000,1.45286,1.45358,1.45252,1.45333,725300000
1263444300000,1.45322,1.45385,1.4529,1.45303,618000000
1263445200000,1.45316,1.45369,1.45289,1.4531,842700000
1263446100000,1.45318,1.45363,1.45288,1.45334,594300000
1263447000000,1.45327,1.45529,1.45291,1.45479,811200000
1263447900000,1.4547,1.45546,1.45423,1.45503,770100000
1263448800000,1.45509,1.45517,1.45359,1.45403,788200000
1263449700000,1.45402,1.45442,1.4529,1.45306,879600000
1263450600000,1.45306,1.45398,1.45291,1.45308,959200000
1263451500000,1.45298,1.45424,1.45275,1.45392,845900000
1263452400000,1.45394,1.45469,1.45327,1.45443,1213700000
1263453300000,1.45444,1.45536,1.45355,1.45382,1103400000
1263454200000,1.45357,1.45404,1.45263,1.45286,895500000
1263455100000,1.45287,1.45397,1.45233,1.4533,1007200000
1263456000000,1.45298,1.45326,1.45127,1.45189,992800000
1263456900000,1.45195,1.45239,1.45097,1.45221,1070700000
1263457800000,1.45235,1.45269,1.45106,1.45215,1165800000
1263458700000,1.45215,1.45258,1.45162,1.45191,1008000000
1263459600000,1.45193,1.4531,1.45152,1.45283,1007900000
1263460500000,1.45285,1.45301,1.45121,1.45162,901800000
1263461400000,1.45148,1.4523,1.45083,1.45206,965500000
1263462300000,1.45205,1.45228,1.45007,1.45045,978500000
1263463200000,1.45039,1.45134,1.44936,1.44971,1116800000
1263464100000,1.44972,1.45142,1.4493,1.45063,851300000
1263465000000,1.45081,1.45188,1.45057,1.45126,706900000
1263465900000,1.45125,1.45156,1.44999,1.45036,942200000
1263466800000,1.4503,1.45139,1.45013,1.45083,1007800000
1263467700000,1.45079,1.4509,1.44874,1.44963,676400000
1263468600000,1.44958,1.45032,1.44916,1.44988,919100000
1263469500000,1.45,1.45023,1.44876,1.44903,723300000
1263470400000,1.44893,1.44961,1.44783,1.44821,791600000
1263471300000,1.44839,1.44939,1.44806,1.44876,846400000
1263472200000,1.44875,1.44919,1.44748,1.44838,785000000
1263473100000,1.44834,1.44918,1.44786,1.44854,915400000
1263474000000,1.44862,1.44921,1.44795,1.44852,1097000000
1263474900000,1.44852,1.45005,1.44817,1.44979,1025500000
1263475800000,1.44966,1.45192,1.44926,1.44995,1579300000
1263476700000,1.45004,1.45203,1.44906,1.45079,1108500000
1263477600000,1.45073,1.45138,1.44778,1.44784,1530700000
1263478500000,1.44778,1.44916,1.44684,1.44806,1256200000
1263479400000,1.44804,1.44905,1.44691,1.4481,1508000000
1263480300000,1.44803,1.44861,1.44631,1.44718,1070700000
1263481200000,1.44712,1.4487,1.44693,1.44816,1198400000
1263482100000,1.44824,1.4486,1.44705,1.44816,1055100000
1263483000000,1.44812,1.44905,1.44703,1.4477,1102000000
1263483900000,1.44766,1.44836,1.44646,1.44727,1387700000
1263484800000,1.44725,1.44739,1.4445,1.44648,1097000000
1263485700000,1.44635,1.44798,1.44584,1.44778,1041600000
1263486600000,1.44768,1.4481,1.44693,1.44736,926300000
1263487500000,1.44731,1.44818,1.44699,1.44766,1081500000
1263488400000,1.44755,1.44934,1.44723,1.44862,725300000
1263489300000,1.44874,1.44945,1.44832,1.44884,990900000
1263490200000,1.44886,1.44979,1.44834,1.44912,696800000
1263491100000,1.44905,1.4492,1.44796,1.44893,658700000
1263492000000,1.44919,1.45022,1.44857,1.44943,616400000
1263492900000,1.44959,1.45102,1.44926,1.45088,618000000
1263493800000,1.4507,1.4513,1.45024,1.45059,731700000
1263494700000,1.45068,1.45188,1.45014,1.45108,511400000
1263495600000,1.45103,1.45141,1.45019,1.45035,586300000
1263496500000,1.45034,1.45067,1.44894,1.4492,648500000
1263497400000,1.44892,1.45023,1.44891,1.44972,665500000
1263498300000,1.44975,1.45028,1.44921,1.45026,697100000
1263499200000,1.45019,1.45069,1.44983,1.44992,720900000
1263500100000,1.4498,1.45067,1.44962,1.45,835700000
1263501000000,1.4501,1.45026,1.44963,1.44989,742200000
1263501900000,1.44997,1.4503,1.44948,1.44967,1173900000
1263502800000,1.44974,1.45021,1.44937,1.44993,973500000
1263503700000,1.45003,1.45053,1.44978,1.4501,484900000
1263504600000,1.44985,1.45038,1.44967,1.44993,469600000
1263505500000,1.44995,1.45034,1.44934,1.44969,671600000
1263506400000,1.4498,1.44999,1.4492,1.44943,533400000
1263507300000,1.44947,1.44998,1.44929,1.4498,406900000
1263508200000,1.44967,1.45021,1.44936,1.44966,435500000
1263509100000,1.44983,1.44998,1.44939,1.44963,593800000
1263510000000,1.44975,1.45021,1.44927,1.44999,590700000
1263510900000,1.45001,1.45031,1.44971,1.45015,471200000
1263511800000,1.45019,1.45111,1.44993,1.45055,481200000
1263512700000,1.45046,1.45082,1.44955,1.44982,599200000
1263513600000,1.44974,1.45023,1.44954,1.44979,367000000
1263514500000,1.44989,1.44996,1.44901,1.44938,396700000
1263515400000,1.44943,1.44961,1.44806,1.44825,428900000
1263516300000,1.4482,1.44845,1.44708,1.44728,399200000
1263517200000,1.44719,1.44777,1.44658,1.44703,522000000
1263518100000,1.44741,1.4476,1.44695,1.44729,353200000
1263519000000,1.44725,1.44765,1.44664,1.44696,467600000
1263519900000,1.44745,1.44754,1.44274,1.44377,394200000
1263520800000,1.4437,1.44434,1.44307,1.44387,1009700000
1263521700000,1.44402,1.44414,1.44065,1.44144,896100000
1263522600000,1.44167,1.44277,1.44127,1.44241,786300000
1263523500000,1.44234,1.44263,1.44144,1.4425,859400000
1263524400000,1.44264,1.44305,1.44176,1.44243,874300000
1263525300000,1.44246,1.44277,1.44195,1.44264,661800000
1263526200000,1.44235,1.44328,1.44221,1.44299,1026700000
1263527100000,1.44314,1.4436,1.44251,1.44269,1042200000
1263528000000,1.44289,1.44297,1.44218,1.44274,845700000
1263528900000,1.44277,1.44321,1.44232,1.44277,795100000
1263529800000,1.44254,1.44284,1.44056,1.44133,715500000
1263530700000,1.44135,1.44196,1.44035,1.44175,627700000
1263531600000,1.44162,1.44212,1.44103,1.44168,827700000
1263532500000,1.44175,1.44264,1.44136,1.4424,642200000
1263533400000,1.44231,1.44268,1.44169,1.44192,744000000
1263534300000,1.4419,1.44444,1.44057,1.44324,889500000
1263535200000,1.44328,1.44361,1.44194,1.44292,984000000
1263536100000,1.44302,1.44339,1.44219,1.44234,883200000
1263537000000,1.44231,1.44244,1.44083,1.44113,994000000
1263537900000,1.44105,1.44259,1.44076,1.44252,813600000
1263538800000,1.44262,1.44287,1.44093,1.44234,1205200000
1263539700000,1.44239,1.44296,1.44184,1.44216,940700000
1263540600000,1.44212,1.44238,1.44055,1.44102,961900000
1263541500000,1.44115,1.44255,1.44078,1.44126,994400000
1263542400000,1.44118,1.4413,1.43759,1.4396,1042800000
1263543300000,1.4394,1.44007,1.43847,1.43973,1090400000
1263544200000,1.43978,1.44094,1.43944,1.44032,1077900000
1263545100000,1.44037,1.44133,1.43986,1.44085,1054500000
1263546000000,1.4408,1.44109,1.4399,1.44023,1151400000
1263546900000,1.44029,1.44169,1.44013,1.44134,871000000
1263547800000,1.44135,1.44198,1.44074,1.44106,1043700000
1263548700000,1.44106,1.44218,1.44067,1.44137,1115500000
1263549600000,1.44098,1.44148,1.43893,1.44001,950500000
1263550500000,1.44005,1.44018,1.43834,1.43876,960700000
1263551400000,1.43881,1.43928,1.43834,1.43906,687100000
1263552300000,1.43897,1.43941,1.43842,1.43849,990000000
1263553200000,1.43831,1.43891,1.43767,1.43796,1020200000
1263554100000,1.43787,1.43875,1.43669,1.43735,795100000
1263555000000,1.43744,1.43867,1.43708,1.43833,789100000
1263555900000,1.43838,1.43927,1.43787,1.43861,702000000
1263556800000,1.43863,1.43899,1.43654,1.43807,810100000
1263557700000,1.43805,1.43924,1.4373,1.43867,780300000
1263558600000,1.43859,1.4393,1.43818,1.43843,859900000
1263559500000,1.43848,1.43875,1.43763,1.43795,1040800000
1263560400000,1.43789,1.4382,1.43663,1.43724,1086000000
1263561300000,1.43718,1.43766,1.43683,1.43713,1023800000
1263562200000,1.43709,1.43857,1.43562,1.43722,1670900000
1263563100000,1.43729,1.43761,1.43595,1.43744,1111900000
1263564000000,1.43743,1.43835,1.43644,1.43812,1338400000
1263564900000,1.43807,1.43957,1.43754,1.43886,1141700000
1263565800000,1.43908,1.43982,1.43833,1.43879,1332700000
1263566700000,1.43886,1.43948,1.43788,1.43865,1224900000
1263567600000,1.43851,1.43867,1.43587,1.43682,1202200000
1263568500000,1.43688,1.43746,1.43625,1.43708,1101200000
1263569400000,1.43726,1.43732,1.43548,1.43655,978400000
1263570300000,1.43666,1.43721,1.43562,1.43672,1352000000
1263571200000,1.4368,1.43859,1.43657,1.43742,1109400000
1263572100000,1.43725,1.43863,1.43694,1.43821,1079600000
1263573000000,1.43809,1.4385,1.43736,1.43764,1113300000
1263573900000,1.43773,1.43855,1.43727,1.43752,1094400000
1263574800000,1.43746,1.43818,1.43674,1.4377,726700000
1263575700000,1.43757,1.43841,1.43715,1.43725,952200000
1263576600000,1.43724,1.43806,1.43698,1.43715,742100000
1263577500000,1.43717,1.43814,1.43679,1.43795,765400000
1263578400000,1.43796,1.43823,1.43733,1.43785,642200000
1263579300000,1.43785,1.43806,1.43726,1.4376,614800000
1263580200000,1.43747,1.43824,1.43724,1.43795,668600000
1263581100000,1.43797,1.43812,1.43702,1.43749,462400000
1263582000000,1.43746,1.43776,1.43611,1.43702,620100000
1263582900000,1.43712,1.43719,1.43554,1.43648,643100000
1263583800000,1.43661,1.4368,1.43591,1.43645,560200000
1263584700000,1.43642,1.43662,1.43347,1.43549,711000000
1263585600000,1.43565,1.43679,1.43546,1.43663,697900000
1263586500000,1.43667,1.4375,1.43632,1.43716,913600000
1263587400000,1.43712,1.43772,1.43702,1.43747,662700000
1263588300000,1.43747,1.43801,1.43713,1.43785,1106500000
1263589200000,1.4376,1.43867,1.43755,1.43854,868100000
1263590100000,1.43853,1.43909,1.43813,1.43852,502700000
1263591000000,1.43872,1.43873,1.43782,1.43827,572800000
1263591900000,1.43827,1.43893,1.43809,1.43849,651600000
1263765600000,1.4353,1.43617,1.43502,1.43603,482900000
1263766500000,1.4361,1.43647,1.43551,1.43598,431000000
1263767400000,1.43629,1.4364,1.4359,1.43621,429200000
1263768300000,1.43623,1.43627,1.43415,1.43449,515500000
1263769200000,1.43448,1.43661,1.43443,1.43655,647500000
1263770100000,1.43653,1.43708,1.436,1.43684,476000000
1263771000000,1.43673,1.43698,1.43581,1.43631,553400000
1263771900000,1.43621,1.4368,1.43603,1.43665,537300000
1263772800000,1.43665,1.43742,1.43611,1.43688,498100000
1263773700000,1.43681,1.43691,1.43584,1.43589,527200000
1263774600000,1.43617,1.43629,1.43478,1.43501,476900000
1263775500000,1.43515,1.43549,1.43332,1.43425,745600000
1263776400000,1.43437,1.43509,1.43372,1.43426,562400000
1263777300000,1.43414,1.4348,1.43348,1.4337,401800000
1263778200000,1.43397,1.43444,1.43325,1.43417,442800000
1263779100000,1.43409,1.43431,1.43358,1.43405,454700000
1263780000000,1.43417,1.43554,1.43365,1.4352,586900000
1263780900000,1.43514,1.4354,1.43456,1.43479,492900000
1263781800000,1.43464,1.43578,1.43456,1.43545,492000000
1263782700000,1.43537,1.43566,1.43436,1.43552,872800000
1263783600000,1.43543,1.43636,1.43486,1.43587,986600000
1263784500000,1.4361,1.43618,1.43544,1.43565,755500000
1263785400000,1.43564,1.43648,1.43533,1.43635,868300000
1263786300000,1.43638,1.43688,1.43602,1.43657,693000000
1263787200000,1.43658,1.43767,1.43624,1.43721,689200000
1263788100000,1.43726,1.43739,1.43674,1.43706,553300000
1263789000000,1.43707,1.4376,1.43656,1.4371,636000000
1263789900000,1.43715,1.43777,1.43676,1.43736,681000000
1263790800000,1.43736,1.4379,1.4371,1.43743,499100000
1263791700000,1.43745,1.43805,1.43701,1.43773,635300000
1263792600000,1.4376,1.43851,1.4371,1.43738,560300000
1263793500000,1.43728,1.43816,1.43704,1.43732,650200000
1263794400000,1.43727,1.43788,1.4366,1.43718,723200000
1263795300000,1.43742,1.4377,1.43643,1.43724,708700000
1263796200000,1.43705,1.4387,1.4368,1.4386,937900000
1263797100000,1.43878,1.43949,1.4381,1.43853,701900000
1263798000000,1.43857,1.43912,1.43799,1.43864,933000000
1263798900000,1.43855,1.43879,1.43734,1.43815,947600000
1263799800000,1.43815,1.43819,1.43703,1.43732,1040500000
1263800700000,1.43718,1.43828,1.43655,1.43807,1067300000
1263801600000,1.43817,1.4391,1.43758,1.43836,1300300000
1263802500000,1.43844,1.43878,1.43775,1.43826,999100000
1263803400000,1.43816,1.43859,1.43685,1.4375,1098100000
1263804300000,1.43746,1.4379,1.43672,1.43737,1232400000
1263805200000,1.43737,1.43757,1.43621,1.43655,1003700000
1263806100000,1.43655,1.43722,1.43596,1.43696,1290200000
1263807000000,1.43695,1.43795,1.43655,1.43688,1156600000
1263807900000,1.43684,1.43762,1.43653,1.43733,1392800000
1263808800000,1.43737,1.43868,1.43703,1.43819,1172000000
1263809700000,1.43815,1.43857,1.43754,1.43812,1723000000
1263810600000,1.43821,1.4384,1.43747,1.43793,1113600000
1263811500000,1.43804,1.43838,1.43697,1.43777,1058500000
1263812400000,1.43774,1.438,1.43688,1.4375,1018400000
1263813300000,1.43748,1.43798,1.43692,1.43713,758500000
1263814200000,1.43725,1.43748,1.43655,1.43697,958600000
1263815100000,1.43707,1.43818,1.43663,1.43804,901100000
1263816000000,1.43806,1.43821,1.43694,1.43735,712100000
1263816900000,1.43741,1.43835,1.43695,1.43813,687000000
1263817800000,1.43804,1.43836,1.43724,1.43756,957200000
1263818700000,1.43775,1.43783,1.43691,1.43726,1022300000
1263819600000,1.43736,1.43744,1.43644,1.43686,910800000
1263820500000,1.43665,1.43775,1.43657,1.43732,770000000
1263821400000,1.43728,1.43747,1.43657,1.43705,1036700000
1263822300000,1.4371,1.43785,1.43666,1.43751,1100200000
1263823200000,1.43761,1.43795,1.43671,1.43753,1135300000
1263824100000,1.43754,1.43799,1.43682,1.43752,1031200000
1263825000000,1.43778,1.43846,1.43735,1.43827,968900000
1263825900000,1.4382,1.43914,1.43773,1.43867,1041600000
1263826800000,1.43844,1.43889,1.43774,1.43833,1115800000
1263827700000,1.43845,1.43913,1.43779,1.43901,1176700000
1263828600000,1.43899,1.43969,1.43843,1.43901,1075800000
1263829500000,1.43901,1.43917,1.43797,1.43834,1107700000
1263830400000,1.43836,1.43868,1.43751,1.43794,1123600000
1263831300000,1.43808,1.43839,1.43752,1.43802,920200000
1263832200000,1.43796,1.43857,1.43774,1.43834,907500000
1263833100000,1.43826,1.43925,1.43791,1.43894,1229100000
1263834000000,1.43907,1.43943,1.43821,1.43918,744800000
1263834900000,1.43923,1.4394,1.43847,1.4391,914000000
1263835800000,1.4394,1.43983,1.43903,1.4394,986700000
1263836700000,1.43945,1.43974,1.43903,1.43941,878300000
1263837600000,1.43948,1.43966,1.43876,1.43897,768400000
1263838500000,1.4389,1.43995,1.43874,1.43969,830500000
1263839400000,1.43981,1.43999,1.43908,1.43935,665200000
1263840300000,1.43941,1.4396,1.43871,1.43922,750900000
1263841200000,1.43903,1.43938,1.43808,1.43865,669600000
1263842100000,1.43868,1.43905,1.43828,1.43864,735300000
1263843000000,1.43857,1.43866,1.43788,1.43847,905700000
1263843900000,1.43854,1.43904,1.43816,1.43889,894100000
1263844800000,1.43871,1.43905,1.43824,1.43881,966600000
1263845700000,1.43888,1.43898,1.43821,1.43868,1192300000
1263846600000,1.43843,1.43886,1.43796,1.43828,584200000
1263847500000,1.43836,1.43841,1.43754,1.43785,948700000
1263848400000,1.43777,1.43833,1.43763,1.43813,761500000
1263849300000,1.43824,1.43863,1.43774,1.43816,705300000
1263850200000,1.43807,1.4383,1.43742,1.43777,923700000
1263851100000,1.43779,1.43887,1.43772,1.43815,1113800000
1263852000000,1.43816,1.43831,1.43779,1.43816,416200000
1263852900000,1.43837,1.43866,1.438,1.43854,395300000
1263853800000,1.43834,1.43926,1.43816,1.43869,428800000
1263854700000,1.43849,1.43866,1.43755,1.43866,416400000
1263855600000,1.43871,1.4407,1.43848,1.43957,391800000
1263856500000,1.43952,1.4405,1.43927,1.44009,414900000
1263857400000,1.44012,1.44029,1.43943,1.43978,360300000
1263858300000,1.43983,1.44052,1.43955,1.44039,369000000
1263859200000,1.44025,1.44118,1.43915,1.44075,583000000
1263860100000,1.44078,1.44093,1.43945,1.43983,563600000
1263861000000,1.43999,1.44004,1.43875,1.43913,527700000
1263861900000,1.43906,1.44026,1.43893,1.44002,605900000
1263862800000,1.43989,1.44074,1.43936,1.44061,559700000
1263863700000,1.44052,1.44101,1.44009,1.44073,459400000
1263864600000,1.44055,1.44082,1.43907,1.43926,411200000
1263865500000,1.43931,1.44051,1.43902,1.43995,473000000
1263866400000,1.44017,1.44056,1.43903,1.43948,563100000
1263867300000,1.43946,1.44005,1.43884,1.43917,451900000
1263868200000,1.43926,1.4397,1.43894,1.43927,499200000
1263869100000,1.4392,1.43958,1.43874,1.43915,908900000
1263870000000,1.43915,1.4393,1.43814,1.43887,919600000
1263870900000,1.4389,1.43912,1.43823,1.43863,719200000
1263871800000,1.43854,1.43941,1.43833,1.43855,933400000
1263872700000,1.43863,1.43982,1.43863,1.43945,620400000
1263873600000,1.43967,1.43986,1.43891,1.43933,700400000
1263874500000,1.43923,1.43957,1.43856,1.43907,677200000
1263875400000,1.43915,1.43988,1.43892,1.43949,682500000
1263876300000,1.4395,1.43986,1.43905,1.43938,591400000
1263877200000,1.43921,1.4396,1.43873,1.43897,543200000
1263878100000,1.43893,1.43931,1.43814,1.43901,686000000
1263879000000,1.43898,1.43959,1.43854,1.43939,533200000
1263879900000,1.43926,1.43929,1.43822,1.43895,644300000
1263880800000,1.43897,1.4397,1.43866,1.43959,820200000
1263881700000,1.43965,1.43991,1.43895,1.43944,658900000
1263882600000,1.43951,1.44009,1.43915,1.43974,890500000
1263883500000,1.4399,1.44078,1.43902,1.43917,700100000
1263884400000,1.43911,1.44036,1.43895,1.44033,1117300000
1263885300000,1.44034,1.44124,1.43969,1.44028,937800000
1263886200000,1.44038,1.44104,1.43978,1.44066,945300000
1263887100000,1.44062,1.44105,1.43984,1.44037,994400000
1263888000000,1.44019,1.44055,1.43884,1.43927,1419400000
1263888900000,1.43916,1.44017,1.43862,1.43991,925900000
1263889800000,1.43994,1.44035,1.43936,1.43967,1130100000
1263890700000,1.43966,1.44017,1.43903,1.43951,1151500000
1263891600000,1.43932,1.43994,1.43847,1.43945,964300000
1263892500000,1.43933,1.43956,1.43822,1.43878,1345800000
1263893400000,1.43895,1.43932,1.43654,1.43714,1270200000
1263894300000,1.43677,1.43726,1.43498,1.43519,1440400000
1263895200000,1.43516,1.43526,1.43189,1.43289,1228900000
1263896100000,1.43285,1.43399,1.43227,1.43342,1734200000
1263897000000,1.43323,1.43418,1.43285,1.43348,976900000
1263897900000,1.43335,1.43397,1.43068,1.43101,1003300000
1263898800000,1.43102,1.43194,1.43004,1.43132,966700000
1263899700000,1.43138,1.4316,1.42993,1.43023,821900000
1263900600000,1.43038,1.43148,1.42975,1.43087,877400000
1263901500000,1.43062,1.4308,1.42883,1.42967,880000000
1263902400000,1.42977,1.43064,1.42932,1.43019,705900000
1263903300000,1.43044,1.43091,1.42787,1.42882,786500000
1263904200000,1.42874,1.42926,1.4264,1.42719,813000000
1263905100000,1.42719,1.42758,1.4262,1.42703,990700000
1263906000000,1.42707,1.42848,1.42613,1.42771,905100000
1263906900000,1.42779,1.42939,1.42702,1.42914,724900000
1263907800000,1.42916,1.42966,1.42827,1.42878,918200000
1263908700000,1.42899,1.42946,1.42796,1.42829,1125200000
1263909600000,1.42848,1.42859,1.42627,1.4275,1071600000
1263910500000,1.42746,1.42858,1.42673,1.42846,1006700000
1263911400000,1.42824,1.42981,1.42824,1.42913,941700000
1263912300000,1.42917,1.43067,1.42864,1.42905,1102300000
1263913200000,1.42913,1.42958,1.42796,1.42921,1073800000
1263914100000,1.42916,1.42995,1.42744,1.42759,1081900000
1263915000000,1.42746,1.42894,1.42716,1.42891,1015500000
1263915900000,1.429,1.42955,1.42745,1.42814,990000000
1263916800000,1.42813,1.42859,1.42705,1.42737,1102700000
1263917700000,1.42697,1.42746,1.42536,1.42662,975200000
1263918600000,1.42675,1.4269,1.42498,1.42606,961500000
1263919500000,1.42594,1.42709,1.42565,1.42634,1171600000
1263920400000,1.42652,1.42736,1.42636,1.42693,692700000
1263921300000,1.42695,1.42804,1.42664,1.42792,934100000
1263922200000,1.42792,1.42833,1.42702,1.4281,903900000
1263923100000,1.42811,1.42932,1.42791,1.42919,796400000
1263924000000,1.42923,1.42949,1.42761,1.42808,798100000
1263924900000,1.42804,1.42869,1.42753,1.42858,796600000
1263925800000,1.42864,1.42879,1.42805,1.42826,586700000
1263926700000,1.42824,1.42909,1.42782,1.42881,802000000
1263927600000,1.42888,1.42954,1.42857,1.42899,637000000
1263928500000,1.42901,1.42949,1.42854,1.42949,714800000
1263929400000,1.42937,1.42947,1.42814,1.42839,797700000
1263930300000,1.42857,1.42925,1.4281,1.42921,884100000
1263931200000,1.42909,1.42953,1.42873,1.42924,1056500000
1263932100000,1.42933,1.42969,1.42885,1.42955,1010800000
1263933000000,1.42965,1.42986,1.42912,1.42975,669800000
1263933900000,1.4298,1.43045,1.42956,1.42994,877800000
1263934800000,1.43002,1.43029,1.4296,1.43002,814200000
1263935700000,1.43002,1.43016,1.42934,1.42988,721600000
1263936600000,1.42984,1.4302,1.42874,1.42903,833900000
1263937500000,1.42905,1.42928,1.42781,1.42855,1003900000
1263938400000,1.42859,1.42891,1.42824,1.42857,326600000
1263939300000,1.42882,1.42934,1.42868,1.42905,472000000
1263940200000,1.42896,1.42946,1.4288,1.42919,378800000
1263941100000,1.42924,1.42941,1.42845,1.42854,365700000
1263942000000,1.42836,1.42862,1.42738,1.42817,406900000
1263942900000,1.4283,1.42834,1.42731,1.42802,418700000
1263943800000,1.42828,1.42882,1.42645,1.42663,440200000
1263944700000,1.42679,1.42817,1.42671,1.42788,340800000
1263945600000,1.42796,1.42815,1.42682,1.42705,628700000
1263946500000,1.42712,1.42817,1.427,1.42804,510400000
1263947400000,1.42797,1.42856,1.42752,1.42852,547800000
1263948300000,1.4286,1.42877,1.4278,1.42858,716900000
1263949200000,1.42859,1.42867,1.4271,1.42728,547400000
1263950100000,1.42729,1.42734,1.42051,1.42251,479900000
1263951000000,1.42249,1.42392,1.42151,1.42302,461600000
1263951900000,1.42315,1.42321,1.42082,1.42128,527900000
1263952800000,1.42114,1.42163,1.41908,1.42059,605300000
1263953700000,1.42065,1.42163,1.41902,1.42093,529500000
1263954600000,1.42072,1.42213,1.42055,1.42095,544200000
1263955500000,1.42098,1.42227,1.4202,1.42161,871000000
1263956400000,1.42157,1.42276,1.42137,1.42229,880800000
1263957300000,1.4224,1.4227,1.42119,1.42136,893300000
1263958200000,1.42128,1.42206,1.41965,1.42168,855100000
1263959100000,1.42166,1.42175,1.42075,1.42131,683100000
1263960000000,1.42131,1.42151,1.41944,1.42056,665800000
1263960900000,1.42047,1.42085,1.41968,1.42036,554000000
1263961800000,1.4204,1.42126,1.41957,1.42096,687100000
1263962700000,1.42093,1.4213,1.42043,1.42113,558900000
1263963600000,1.42139,1.42148,1.41899,1.42017,486300000
1263964500000,1.42013,1.42106,1.41951,1.41995,606900000
1263965400000,1.41993,1.42027,1.41663,1.41813,550000000
1263966300000,1.41809,1.41972,1.4177,1.41869,692600000
1263967200000,1.41868,1.4196,1.41831,1.41947,704500000
1263968100000,1.41953,1.41992,1.41883,1.41898,804300000
1263969000000,1.41897,1.42017,1.41843,1.41971,962000000
1263969900000,1.41972,1.42086,1.41949,1.42035,725000000
1263970800000,1.42049,1.42059,1.41825,1.4195,949600000
1263971700000,1.41946,1.42097,1.41894,1.41965,967900000
1263972600000,1.41961,1.42056,1.41877,1.41978,1042500000
1263973500000,1.41985,1.42045,1.41879,1.41945,1098100000
1263974400000,1.41909,1.41948,1.41727,1.41861,1321700000
1263975300000,1.41865,1.41898,1.41752,1.41844,933400000
1263976200000,1.41847,1.41965,1.4181,1.41952,1034600000
1263977100000,1.41968,1.42009,1.41906,1.41992,1234800000
1263978000000,1.4196,1.42137,1.41935,1.42102,1085100000
1263978900000,1.42115,1.42197,1.41999,1.42156,1340900000
1263979800000,1.4215,1.42174,1.41945,1.41968,1174900000
1263980700000,1.41976,1.42005,1.41795,1.41846,1390800000
1263981600000,1.41844,1.41931,1.41737,1.41827,1163100000
1263982500000,1.41825,1.41927,1.41749,1.41785,1787700000
1263983400000,1.41779,1.41897,1.41748,1.41871,1043300000
1263984300000,1.41882,1.41888,1.41666,1.4179,1094200000
1263985200000,1.41761,1.41776,1.41509,1.41561,974700000
1263986100000,1.41567,1.41695,1.41478,1.41627,831800000
1263987000000,1.41621,1.41684,1.41524,1.41567,1002900000
1263987900000,1.41563,1.41625,1.41392,1.41476,815600000
1263988800000,1.41477,1.41488,1.41303,1.4142,745500000
1263989700000,1.41419,1.41488,1.41291,1.41473,783200000
1263990600000,1.41469,1.4151,1.41347,1.41435,886700000
1263991500000,1.41444,1.41516,1.41333,1.41394,1122500000
1263992400000,1.41384,1.41457,1.41296,1.4132,1018400000
1263993300000,1.41305,1.41434,1.41266,1.41318,778100000
1263994200000,1.41304,1.41465,1.41247,1.41396,910400000
1263995100000,1.41395,1.41406,1.41243,1.41355,1117100000
1263996000000,1.41369,1.4142,1.41236,1.41333,1136500000
1263996900000,1.41351,1.41397,1.41276,1.41312,945300000
1263997800000,1.41309,1.41358,1.41158,1.41309,867100000
1263998700000,1.41303,1.41388,1.41224,1.41319,1042500000
1263999600000,1.41335,1.41346,1.41125,1.41307,1151300000
1264000500000,1.41311,1.41337,1.41066,1.41164,1168600000
1264001400000,1.41166,1.41179,1.41036,1.41122,991600000
1264002300000,1.41124,1.41189,1.41048,1.41145,1154400000
1264003200000,1.41146,1.41161,1.41003,1.41074,988700000
1264004100000,1.41078,1.41127,1.40897,1.41011,992400000
1264005000000,1.41006,1.41049,1.4095,1.40986,999600000
1264005900000,1.41013,1.41039,1.40865,1.40924,1261100000
1264006800000,1.40928,1.40945,1.4078,1.40925,723800000
1264007700000,1.40933,1.41017,1.40893,1.40993,964400000
1264008600000,1.40987,1.41061,1.40945,1.41022,994800000
1264009500000,1.41028,1.41143,1.41003,1.41139,847900000
1264010400000,1.41132,1.41148,1.40991,1.41022,869300000
1264011300000,1.41028,1.41077,1.40983,1.41053,754000000
1264012200000,1.41052,1.41086,1.41013,1.41029,694500000
1264013100000,1.41039,1.41067,1.40992,1.41021,831700000
1264014000000,1.41025,1.41072,1.40946,1.41056,528600000
1264014900000,1.41063,1.41067,1.40974,1.41012,748900000
1264015800000,1.41016,1.4106,1.40963,1.4104,809500000
1264016700000,1.41044,1.41114,1.41006,1.41065,850700000
1264017600000,1.4106,1.4108,1.40982,1.41027,990200000
1264018500000,1.4103,1.41059,1.40979,1.41024,1050000000
1264019400000,1.4102,1.41036,1.40959,1.40993,702000000
1264020300000,1.40991,1.41037,1.4097,1.41014,920600000
1264021200000,1.41012,1.41024,1.40926,1.40969,819800000
1264022100000,1.40962,1.41027,1.40952,1.41004,611000000
1264023000000,1.40986,1.41051,1.4097,1.41029,891800000
1264023900000,1.41027,1.41058,1.40974,1.41051,1033300000
1264024800000,1.41043,1.41052,1.40966,1.40989,333900000
1264025700000,1.41002,1.41017,1.40927,1.40996,498700000
1264026600000,1.40964,1.41033,1.4095,1.41023,342400000
1264027500000,1.41039,1.41108,1.40999,1.41057,398600000
1264028400000,1.41048,1.41094,1.41022,1.41056,342100000
1264029300000,1.41056,1.41081,1.41001,1.41047,393100000
1264030200000,1.4105,1.41078,1.4098,1.41038,314600000
1264031100000,1.41024,1.41121,1.41006,1.41119,411400000
1264032000000,1.41115,1.41138,1.41072,1.4112,561400000
1264032900000,1.41132,1.41261,1.41083,1.41206,508100000
1264033800000,1.41204,1.41256,1.41154,1.41176,469300000
1264034700000,1.41173,1.41247,1.41139,1.41176,638700000
1264035600000,1.41154,1.41246,1.41123,1.41224,607200000
1264036500000,1.41222,1.41328,1.41201,1.41324,434800000
1264037400000,1.41289,1.41348,1.41017,1.41062,413100000
1264038300000,1.41087,1.41178,1.41019,1.41112,451000000
1264039200000,1.41086,1.41088,1.40656,1.40851,600300000
1264040100000,1.40844,1.40961,1.40797,1.40929,405000000
1264041000000,1.40934,1.40957,1.40743,1.40857,464400000
1264041900000,1.40876,1.40919,1.40766,1.40797,870300000
1264042800000,1.40805,1.40873,1.40752,1.40813,951300000
1264043700000,1.40809,1.40833,1.40711,1.4078,773000000
1264044600000,1.40773,1.40939,1.40744,1.40909,873700000
1264045500000,1.40914,1.40962,1.40851,1.40905,705000000
1264046400000,1.40893,1.41009,1.40889,1.40989,781900000
1264047300000,1.40993,1.41025,1.40933,1.40961,617700000
1264048200000,1.40968,1.41014,1.40917,1.40931,588200000
1264049100000,1.4091,1.40966,1.4086,1.40946,632500000
1264050000000,1.40936,1.41007,1.40879,1.40903,502600000
1264050900000,1.40933,1.40951,1.40832,1.40867,593400000
1264051800000,1.40876,1.40967,1.40843,1.40952,598800000
1264052700000,1.40942,1.4097,1.40891,1.4092,700800000
1264053600000,1.40922,1.40968,1.40854,1.40956,717700000
1264054500000,1.40956,1.40976,1.40891,1.4094,715600000
1264055400000,1.40923,1.41089,1.40888,1.41065,924400000
1264056300000,1.41063,1.41158,1.41036,1.41129,714500000
1264057200000,1.41129,1.41191,1.41052,1.41154,917500000
1264058100000,1.41155,1.41181,1.40944,1.40995,1008500000
1264059000000,1.40997,1.41083,1.40852,1.4089,987800000
1264059900000,1.40888,1.40949,1.40746,1.40883,1131900000
1264060800000,1.40882,1.40967,1.40763,1.4095,1210400000
1264061700000,1.40959,1.40997,1.40865,1.40946,945400000
1264062600000,1.40942,1.40959,1.40786,1.40808,1127200000
1264063500000,1.40795,1.40851,1.40732,1.40765,1315000000
1264064400000,1.40767,1.40789,1.40561,1.40669,1025100000
1264065300000,1.40663,1.40738,1.40512,1.40544,1370900000
1264066200000,1.4056,1.40637,1.40413,1.40513,1132800000
1264067100000,1.40526,1.40647,1.40457,1.40548,1460500000
1264068000000,1.40544,1.40627,1.40463,1.40559,1160300000
1264068900000,1.40534,1.40637,1.40485,1.40507,1657800000
1264069800000,1.40498,1.40583,1.40386,1.40417,1019800000
1264070700000,1.40385,1.40427,1.40247,1.40387,1190400000
1264071600000,1.40383,1.4054,1.40356,1.40406,1036600000
1264072500000,1.40394,1.40461,1.40316,1.40405,778800000
1264073400000,1.40403,1.40469,1.40337,1.40458,873400000
1264074300000,1.40465,1.4063,1.40406,1.40621,770900000
1264075200000,1.40622,1.40794,1.40588,1.40767,777100000
1264076100000,1.40773,1.40824,1.40695,1.40752,740900000
1264077000000,1.40719,1.40845,1.40667,1.40812,828300000
1264077900000,1.40816,1.40884,1.40673,1.40696,1078200000
1264078800000,1.40686,1.40838,1.40601,1.40618,998500000
1264079700000,1.40628,1.40697,1.40602,1.40676,793500000
1264080600000,1.40663,1.40927,1.40602,1.40824,961400000
1264081500000,1.40836,1.40842,1.40706,1.40743,1027000000
1264082400000,1.4075,1.40938,1.40697,1.40862,1075400000
1264083300000,1.40859,1.40994,1.40796,1.40882,1014000000
1264084200000,1.40874,1.41066,1.40843,1.41017,950900000
1264085100000,1.41021,1.41065,1.40921,1.4096,1083900000
1264086000000,1.40935,1.41105,1.4092,1.40967,1032100000
1264086900000,1.40977,1.41016,1.40509,1.40522,1195600000
1264087800000,1.40505,1.40647,1.40465,1.40535,1023000000
1264088700000,1.40538,1.40616,1.40385,1.40534,977200000
1264089600000,1.40533,1.40598,1.40346,1.40395,1114800000
1264090500000,1.40394,1.40525,1.40297,1.40517,982500000
1264091400000,1.40499,1.40629,1.40406,1.40529,914000000
1264092300000,1.4053,1.41368,1.40525,1.41025,1237300000
1264093200000,1.41018,1.41422,1.40983,1.41405,747400000
1264094100000,1.41407,1.4141,1.40935,1.40956,923800000
1264095000000,1.40945,1.41025,1.40873,1.40902,862800000
1264095900000,1.40911,1.40993,1.40799,1.40956,837900000
1264096800000,1.41011,1.41065,1.40865,1.41029,829300000
1264097700000,1.41018,1.41147,1.4096,1.41107,772600000
1264098600000,1.41103,1.41198,1.41073,1.41147,615600000
1264099500000,1.41151,1.41196,1.41084,1.4116,775300000
1264100400000,1.41134,1.41174,1.40955,1.40999,674700000
1264101300000,1.41019,1.41046,1.40847,1.4101,708500000
1264102200000,1.41025,1.41104,1.40982,1.41018,810300000
1264103100000,1.41041,1.41056,1.40953,1.41026,829700000
1264104000000,1.41027,1.41055,1.40878,1.40909,1068400000
1264104900000,1.40911,1.40974,1.40841,1.40923,1011400000
1264105800000,1.40929,1.40977,1.40883,1.40908,744900000
1264106700000,1.40907,1.41001,1.40889,1.40922,925900000
1264107600000,1.40932,1.40961,1.40879,1.40928,846000000
1264108500000,1.40926,1.40945,1.40823,1.40856,653700000
1264109400000,1.40855,1.40936,1.40819,1.40877,822800000
1264110300000,1.40867,1.40883,1.40768,1.40826,930300000
1264111200000,1.40836,1.40881,1.40791,1.40829,359200000
1264112100000,1.40879,1.40932,1.40834,1.40835,388400000
1264113000000,1.40853,1.40884,1.4076,1.4083,330400000
1264113900000,1.40827,1.40892,1.40798,1.40824,391500000
1264114800000,1.40813,1.40865,1.40649,1.40713,372100000
1264115700000,1.40727,1.4088,1.40702,1.40825,377600000
1264116600000,1.40822,1.40849,1.40788,1.40827,292500000
1264117500000,1.40843,1.41039,1.40797,1.40979,335800000
1264118400000,1.40977,1.40991,1.40837,1.40898,520900000
1264119300000,1.40895,1.41053,1.40844,1.40896,452900000
1264120200000,1.40929,1.41039,1.40889,1.41008,446200000
1264121100000,1.41028,1.41102,1.40957,1.41051,624900000
1264122000000,1.4106,1.41086,1.40884,1.40923,502700000
1264122900000,1.40929,1.41131,1.40895,1.41111,559300000
1264123800000,1.41092,1.4129,1.41053,1.4129,471900000
1264124700000,1.41287,1.41366,1.41207,1.41304,467600000
1264125600000,1.41302,1.41364,1.41272,1.41322,616400000
1264126500000,1.41318,1.41333,1.41258,1.41278,428000000
1264127400000,1.41286,1.41345,1.41204,1.41335,569900000
1264128300000,1.41338,1.41356,1.41263,1.41324,923700000
1264129200000,1.4131,1.41346,1.41253,1.41259,1050300000
1264130100000,1.4128,1.41317,1.41094,1.412,869600000
1264131000000,1.41201,1.41256,1.41136,1.41175,974300000
1264131900000,1.41191,1.41216,1.41141,1.41212,664600000
1264132800000,1.41224,1.41274,1.41139,1.41139,700500000
1264133700000,1.4118,1.41206,1.41126,1.41171,608600000
1264134600000,1.4118,1.41251,1.41158,1.41182,667100000
1264135500000,1.41221,1.41273,1.41181,1.41188,616500000
1264136400000,1.41222,1.41317,1.41187,1.41212,502800000
1264137300000,1.4123,1.41255,1.41135,1.4121,583500000
1264138200000,1.41216,1.41239,1.41127,1.41204,584800000
1264139100000,1.41209,1.41283,1.41185,1.41263,705000000
1264140000000,1.41266,1.41309,1.41216,1.4129,646200000
1264140900000,1.41283,1.41375,1.41255,1.4136,736200000
1264141800000,1.41359,1.41419,1.41274,1.41306,955000000
1264142700000,1.41313,1.41349,1.41154,1.4119,612000000
1264143600000,1.41183,1.41373,1.4114,1.4135,1072000000
1264144500000,1.41338,1.41467,1.41264,1.41405,986000000
1264145400000,1.41402,1.41458,1.41278,1.41356,965700000
1264146300000,1.41356,1.41569,1.41298,1.41479,1167700000
1264147200000,1.41493,1.41497,1.41312,1.41451,1233000000
1264148100000,1.41462,1.4152,1.41373,1.41426,955600000
1264149000000,1.41424,1.41448,1.41342,1.41395,1088600000
1264149900000,1.41393,1.4141,1.4126,1.4136,1187800000
1264150800000,1.41363,1.41398,1.41268,1.41382,1042200000
1264151700000,1.41347,1.41448,1.41295,1.41426,1343600000
1264152600000,1.4142,1.41597,1.41346,1.4153,1228400000
1264153500000,1.41524,1.41645,1.41456,1.41601,1546700000
1264154400000,1.41593,1.41609,1.41455,1.41519,1153000000
1264155300000,1.41515,1.41584,1.4143,1.41537,1738800000
1264156200000,1.41549,1.41636,1.41472,1.41497,1078300000
1264157100000,1.41503,1.41527,1.41345,1.41404,1109100000
1264158000000,1.41414,1.41469,1.41353,1.4138,998000000
1264158900000,1.41401,1.41428,1.41247,1.41337,821200000
1264159800000,1.41341,1.41387,1.4114,1.41173,765800000
1264160700000,1.41144,1.41198,1.41032,1.41103,851700000
1264161600000,1.4111,1.41402,1.41056,1.41397,741200000
1264162500000,1.41383,1.41404,1.41215,1.41286,847000000
1264163400000,1.41287,1.41406,1.4116,1.41223,921000000
1264164300000,1.4123,1.41327,1.41126,1.41173,1109300000
1264165200000,1.41172,1.41377,1.41134,1.41354,906000000
1264166100000,1.41341,1.41384,1.4125,1.41286,687300000
1264167000000,1.41282,1.41386,1.41234,1.41271,964500000
1264167900000,1.41265,1.41281,1.41026,1.41064,969800000
1264168800000,1.41057,1.41225,1.40978,1.41152,1049200000
1264169700000,1.41167,1.41326,1.41155,1.41208,1052300000
1264170600000,1.41209,1.41344,1.411,1.41306,900400000
1264171500000,1.4129,1.41357,1.41097,1.4113,928000000
1264172400000,1.41129,1.41179,1.40875,1.41023,961800000
1264173300000,1.41047,1.41248,1.40957,1.41209,1321300000
1264174200000,1.41205,1.41321,1.41165,1.41247,1075700000
1264175100000,1.41282,1.41291,1.41154,1.41258,987600000
1264176000000,1.41265,1.41653,1.41244,1.41485,1075300000
1264176900000,1.41489,1.4157,1.41394,1.41473,950400000
1264177800000,1.41503,1.41672,1.41455,1.41554,1069300000
1264178700000,1.41541,1.41582,1.41434,1.4151,1231000000
1264179600000,1.41536,1.41667,1.41497,1.41635,739100000
1264180500000,1.41643,1.41805,1.41596,1.41766,901700000
1264181400000,1.4177,1.41786,1.41591,1.4162,825800000
1264182300000,1.41618,1.41682,1.41503,1.41524,870700000
1264183200000,1.41542,1.41624,1.41475,1.41621,844800000
1264184100000,1.4163,1.41694,1.41554,1.41601,754400000
1264185000000,1.41601,1.41626,1.41516,1.41563,729400000
1264185900000,1.41527,1.41573,1.41446,1.41485,813600000
1264186800000,1.41468,1.41558,1.41442,1.41529,666400000
1264187700000,1.41535,1.41546,1.41381,1.41431,720600000
1264188600000,1.41429,1.41485,1.41372,1.41439,770400000
1264189500000,1.41452,1.41452,1.41314,1.41345,913800000
1264190400000,1.41347,1.41367,1.41258,1.41293,1092100000
1264191300000,1.41297,1.41354,1.41208,1.41341,994500000
1264192200000,1.41361,1.41403,1.4132,1.41371,650700000
1264193100000,1.41366,1.41426,1.41322,1.41372,913600000
1264194000000,1.41376,1.41447,1.41313,1.41328,787000000
1264194900000,1.4132,1.41387,1.41285,1.41336,714500000
1264195800000,1.41344,1.41402,1.41251,1.41316,864600000
1264196700000,1.41319,1.41383,1.41272,1.41361,949600000
1264370400000,1.41557,1.41568,1.41396,1.41422,429400000
1264371300000,1.4144,1.41512,1.41419,1.41472,360300000
1264372200000,1.41444,1.41491,1.41441,1.41489,372100000
1264373100000,1.41482,1.41542,1.41455,1.41495,366100000
1264374000000,1.41508,1.41591,1.41483,1.41562,322900000
1264374900000,1.4157,1.41705,1.41539,1.41611,431400000
1264375800000,1.416,1.41682,1.41534,1.41617,374700000
1264376700000,1.41611,1.41682,1.41469,1.41517,471700000
1264377600000,1.41498,1.41513,1.41401,1.4145,325700000
1264378500000,1.41469,1.41539,1.41426,1.41505,332800000
1264379400000,1.41471,1.41618,1.41437,1.41474,398500000
1264380300000,1.41482,1.41508,1.41427,1.41462,368100000
1264381200000,1.41488,1.41488,1.41315,1.414,453600000
1264382100000,1.41389,1.4148,1.41382,1.41469,378600000
1264383000000,1.41458,1.41567,1.41441,1.41538,437200000
1264383900000,1.4154,1.41602,1.41506,1.41539,426600000
1264384800000,1.41542,1.41663,1.41474,1.41628,1054400000
1264385700000,1.41624,1.41665,1.41543,1.4163,939800000
1264386600000,1.41634,1.41725,1.41602,1.4168,693100000
1264387500000,1.41677,1.41685,1.41586,1.41642,829500000
1264388400000,1.4164,1.41652,1.41535,1.41619,906200000
1264389300000,1.41614,1.4164,1.41544,1.41624,651900000
1264390200000,1.41604,1.41616,1.41503,1.41595,1063700000
1264391100000,1.41574,1.41617,1.41495,1.41543,1071500000
1264392000000,1.41511,1.41608,1.4147,1.41556,942600000
1264392900000,1.41562,1.41616,1.41514,1.41564,820600000
1264393800000,1.41553,1.41644,1.41543,1.41608,694600000
1264394700000,1.4161,1.41701,1.41579,1.4166,690600000
1264395600000,1.41675,1.41681,1.41566,1.41597,837200000
1264396500000,1.41608,1.41657,1.41559,1.41595,642300000
1264397400000,1.41591,1.41652,1.41511,1.41652,706600000
1264398300000,1.41641,1.4165,1.41573,1.41605,827800000
1264399200000,1.41602,1.41684,1.41561,1.41668,931000000
1264400100000,1.4166,1.41697,1.41618,1.41661,994300000
1264401000000,1.41673,1.41682,1.41565,1.41624,949400000
1264401900000,1.41611,1.41637,1.4152,1.41589,742600000
1264402800000,1.41586,1.41657,1.41538,1.41604,1251200000
1264403700000,1.4161,1.41618,1.41395,1.41446,920500000
1264404600000,1.41426,1.41535,1.41323,1.41344,952400000
1264405500000,1.41357,1.41511,1.41332,1.41498,1027300000
1264406400000,1.41502,1.41562,1.4126,1.41308,1109700000
1264407300000,1.41315,1.4143,1.41248,1.41416,1084600000
1264408200000,1.41407,1.41464,1.41296,1.41451,1166400000
1264409100000,1.41453,1.41543,1.41397,1.41509,1005300000
1264410000000,1.41512,1.41541,1.41312,1.41345,1068800000
1264410900000,1.41337,1.41447,1.41322,1.41383,904400000
1264411800000,1.41379,1.41487,1.41335,1.41455,1000800000
1264412700000,1.41454,1.41569,1.41427,1.41497,1118300000
1264413600000,1.41483,1.41599,1.41435,1.41536,997500000
1264414500000,1.41533,1.41599,1.41477,1.41556,860100000
1264415400000,1.41576,1.41863,1.41528,1.41858,745800000
1264416300000,1.41858,1.41925,1.41729,1.41887,928500000
1264417200000,1.41897,1.41939,1.41824,1.41846,1014900000
1264418100000,1.41846,1.41869,1.41749,1.41839,796400000
1264419000000,1.41832,1.41856,1.41712,1.41768,823600000
1264419900000,1.41738,1.41802,1.41697,1.41727,716500000
1264420800000,1.41721,1.41778,1.41631,1.41649,843700000
1264421700000,1.41657,1.41771,1.41597,1.41716,790100000
1264422600000,1.41724,1.41732,1.4156,1.4162,727000000
1264423500000,1.41635,1.41689,1.41524,1.41574,959000000
1264424400000,1.41565,1.41648,1.41439,1.41482,1034300000
1264425300000,1.41487,1.41549,1.41396,1.41431,902600000
1264426200000,1.41417,1.41489,1.41355,1.41425,1721300000
1264427100000,1.41428,1.41468,1.41274,1.41435,1126800000
1264428000000,1.41403,1.41558,1.41376,1.41487,1350500000
1264428900000,1.4149,1.41539,1.41405,1.41434,1171300000
1264429800000,1.41435,1.41546,1.41364,1.41506,1330100000
1264430700000,1.41493,1.41593,1.41429,1.4152,1011000000
1264431600000,1.41495,1.41536,1.41264,1.41347,1328000000
1264432500000,1.41355,1.4154,1.41343,1.41478,1037700000
1264433400000,1.41487,1.41587,1.41414,1.41437,994800000
1264434300000,1.41432,1.41576,1.41393,1.41547,1321800000
1264435200000,1.41543,1.4156,1.41343,1.41396,1124400000
1264436100000,1.41405,1.41545,1.41383,1.41428,1119000000
1264437000000,1.41407,1.41451,1.41318,1.41376,913600000
1264437900000,1.41381,1.41511,1.41346,1.41442,990700000
1264438800000,1.41433,1.41526,1.41413,1.41481,716400000
1264439700000,1.41484,1.4153,1.41446,1.41468,968700000
1264440600000,1.41473,1.41511,1.41415,1.41454,689500000
1264441500000,1.41447,1.4151,1.41403,1.41492,675500000
1264442400000,1.41489,1.41508,1.41412,1.41467,677700000
1264443300000,1.41474,1.41525,1.41413,1.4149,688200000
1264444200000,1.41501,1.41529,1.41431,1.41511,652000000
1264445100000,1.41508,1.41521,1.41425,1.41457,518500000
1264446000000,1.41451,1.41468,1.41377,1.41443,617400000
1264446900000,1.41454,1.41482,1.41402,1.4146,596400000
1264447800000,1.41454,1.41518,1.41427,1.41481,605300000
1264448700000,1.41478,1.41551,1.41416,1.41503,672400000
1264449600000,1.41514,1.41567,1.41464,1.4154,794900000
1264450500000,1.4153,1.41579,1.41495,1.41564,832600000
1264451400000,1.41552,1.41629,1.41508,1.4155,847500000
1264452300000,1.41528,1.41579,1.41484,1.41523,1093900000
1264453200000,1.41516,1.41538,1.41426,1.41524,887000000
1264454100000,1.4151,1.41533,1.41474,1.4152,484900000
1264455000000,1.41507,1.4154,1.41475,1.41516,488100000
1264455900000,1.41523,1.41528,1.41439,1.41491,664200000
1264456800000,1.41493,1.41528,1.41438,1.41469,489600000
1264457700000,1.41476,1.41503,1.41457,1.41482,414300000
1264458600000,1.41471,1.41524,1.41419,1.41515,450900000
1264459500000,1.41521,1.41565,1.41428,1.41462,501500000
1264460400000,1.41475,1.41501,1.4143,1.4147,606900000
1264461300000,1.41471,1.41495,1.41444,1.41485,472000000
1264462200000,1.41474,1.41529,1.41459,1.41521,470900000
1264463100000,1.41518,1.41559,1.41434,1.41458,598500000
1264464000000,1.41454,1.41596,1.41437,1.41563,409700000
1264464900000,1.41559,1.41651,1.41527,1.41615,410400000
1264465800000,1.41618,1.41657,1.41585,1.41648,371000000
1264466700000,1.4165,1.41701,1.41595,1.41628,358800000
1264467600000,1.41636,1.41758,1.41625,1.41736,341100000
1264468500000,1.41738,1.4176,1.41685,1.4173,381400000
1264469400000,1.41725,1.4178,1.41683,1.41758,391000000
1264470300000,1.41735,1.41745,1.41681,1.41694,382800000
1264471200000,1.41686,1.41717,1.41599,1.4165,1076500000
1264472100000,1.41653,1.41664,1.41555,1.41575,892300000
1264473000000,1.41576,1.41595,1.41501,1.41542,602100000
1264473900000,1.41547,1.41562,1.41328,1.41389,781100000
1264474800000,1.41366,1.41489,1.412,1.41363,952300000
1264475700000,1.41358,1.41427,1.41093,1.41164,638200000
1264476600000,1.4116,1.41233,1.41087,1.41184,1018200000
1264477500000,1.41219,1.41235,1.41086,1.4113,1088400000
1264478400000,1.41129,1.41133,1.40966,1.41037,858300000
1264479300000,1.41037,1.41127,1.40977,1.41083,843300000
1264480200000,1.41073,1.41127,1.40914,1.4096,732800000
1264481100000,1.40957,1.41031,1.40848,1.40907,582400000
1264482000000,1.40922,1.4104,1.40867,1.40889,828800000
1264482900000,1.40887,1.4094,1.40747,1.40925,644500000
1264483800000,1.40913,1.40954,1.40813,1.40818,795500000
1264484700000,1.40836,1.4085,1.40722,1.40781,774800000
1264485600000,1.40786,1.40863,1.40744,1.40799,826900000
1264486500000,1.40799,1.40839,1.40721,1.40822,893700000
1264487400000,1.40816,1.40827,1.40688,1.40737,955700000
1264488300000,1.40737,1.40944,1.4071,1.40887,750900000
1264489200000,1.40886,1.40945,1.40734,1.40821,1191100000
1264490100000,1.40819,1.40854,1.40722,1.40819,962500000
1264491000000,1.40829,1.40907,1.40704,1.40902,934400000
1264491900000,1.40905,1.40936,1.40794,1.409,944400000
1264492800000,1.40874,1.41078,1.40851,1.41013,994100000
1264493700000,1.41005,1.41034,1.40905,1.40915,1060300000
1264494600000,1.40934,1.40996,1.40772,1.40967,1191600000
1264495500000,1.40965,1.41025,1.40877,1.40896,1050100000
1264496400000,1.40862,1.41101,1.40827,1.41015,1048400000
1264497300000,1.41018,1.41093,1.40824,1.40865,929100000
1264498200000,1.40877,1.41009,1.40832,1.40896,908100000
1264499100000,1.40887,1.40997,1.40844,1.40965,1022600000
1264500000000,1.40965,1.41069,1.40834,1.40894,1222200000
1264500900000,1.4089,1.41031,1.40862,1.41012,921400000
1264501800000,1.40994,1.41032,1.40894,1.40993,710500000
1264502700000,1.41005,1.41029,1.40909,1.40986,949800000
1264503600000,1.40989,1.41031,1.40864,1.40905,1008200000
1264504500000,1.40946,1.40989,1.40747,1.40788,825500000
1264505400000,1.40822,1.40947,1.40767,1.40891,731200000
1264506300000,1.40885,1.4089,1.40753,1.40785,740600000
1264507200000,1.40794,1.40812,1.40667,1.40741,905500000
1264508100000,1.40745,1.40809,1.40674,1.40802,987200000
1264509000000,1.4079,1.40873,1.40749,1.40767,772700000
1264509900000,1.4077,1.40863,1.40725,1.40851,961000000
1264510800000,1.40852,1.4095,1.40793,1.40846,986000000
1264511700000,1.40845,1.4085,1.40657,1.40675,977200000
1264512600000,1.40685,1.40798,1.40648,1.40725,1903600000
1264513500000,1.40741,1.4079,1.40656,1.40756,1267400000
1264514400000,1.40754,1.40778,1.40524,1.40594,1377800000
1264515300000,1.40628,1.40696,1.40578,1.40652,1198900000
1264516200000,1.40656,1.40662,1.40514,1.40596,1300400000
1264517100000,1.40603,1.40716,1.40505,1.40522,1099100000
1264518000000,1.40536,1.40727,1.40512,1.40706,1173900000
1264518900000,1.40713,1.4075,1.40517,1.4054,1160100000
1264519800000,1.40543,1.40588,1.40397,1.40516,989300000
1264520700000,1.40531,1.40666,1.40499,1.40565,1367000000
1264521600000,1.40563,1.40814,1.40471,1.40778,1176900000
1264522500000,1.40771,1.40869,1.40704,1.40818,986800000
1264523400000,1.4082,1.40968,1.40798,1.40901,901300000
1264524300000,1.40911,1.40971,1.408,1.40841,932000000
1264525200000,1.40817,1.40923,1.40754,1.40923,638800000
1264526100000,1.40924,1.40982,1.40883,1.40964,933000000
1264527000000,1.40959,1.41057,1.40889,1.41035,638400000
1264527900000,1.41032,1.41034,1.40916,1.41004,764200000
1264528800000,1.40997,1.41022,1.40853,1.40937,609900000
1264529700000,1.40933,1.40959,1.4082,1.4087,554700000
1264530600000,1.40865,1.4093,1.40837,1.40877,698200000
1264531500000,1.40878,1.4096,1.40846,1.40921,451800000
1264532400000,1.40954,1.4101,1.40893,1.40905,635700000
1264533300000,1.40914,1.40926,1.40813,1.4085,627200000
1264534200000,1.40859,1.40881,1.40807,1.40839,647500000
1264535100000,1.40843,1.4087,1.40773,1.40844,758500000
1264536000000,1.40853,1.40859,1.40726,1.40789,716300000
1264536900000,1.40785,1.40819,1.40702,1.4073,908600000
1264537800000,1.40732,1.40763,1.40691,1.40719,797700000
1264538700000,1.40727,1.4082,1.40684,1.40794,939700000
1264539600000,1.40782,1.40799,1.40724,1.40765,920800000
1264540500000,1.4076,1.40776,1.40713,1.40724,494400000
1264541400000,1.40722,1.40771,1.40716,1.40737,417900000
1264542300000,1.40736,1.40759,1.40669,1.40698,606200000
1264543200000,1.40701,1.40761,1.40658,1.40753,502000000
1264544100000,1.40753,1.40757,1.40656,1.40699,381800000
1264545000000,1.40717,1.40727,1.40652,1.40715,482300000
1264545900000,1.40693,1.40786,1.4068,1.40762,576300000
1264546800000,1.40778,1.40782,1.40635,1.40682,671900000
1264547700000,1.40681,1.40767,1.40664,1.40763,545200000
1264548600000,1.40775,1.40795,1.40722,1.40727,436600000
1264549500000,1.40743,1.40822,1.40708,1.40808,523900000
1264550400000,1.40804,1.40814,1.40616,1.40671,402300000
1264551300000,1.40679,1.40733,1.40626,1.40698,367800000
1264552200000,1.40699,1.4085,1.40664,1.40793,376100000
1264553100000,1.40797,1.40798,1.40651,1.40696,364900000
1264554000000,1.40681,1.40808,1.40629,1.40687,388700000
1264554900000,1.40699,1.40823,1.40678,1.40797,393300000
1264555800000,1.4083,1.40884,1.40714,1.40759,419600000
1264556700000,1.40743,1.40921,1.4073,1.40921,425600000
1264557600000,1.40923,1.40957,1.40784,1.40804,1146300000
1264558500000,1.40807,1.40875,1.40705,1.40751,900200000
1264559400000,1.40756,1.40783,1.40676,1.40753,688100000
1264560300000,1.40762,1.40839,1.40721,1.40754,824900000
1264561200000,1.40746,1.40824,1.40711,1.40788,877400000
1264562100000,1.40807,1.40858,1.40741,1.40767,644400000
1264563000000,1.40765,1.40809,1.40676,1.40716,1097400000
1264563900000,1.40701,1.40823,1.40662,1.40744,1012600000
1264564800000,1.4074,1.40789,1.40668,1.40707,893800000
1264565700000,1.40713,1.40767,1.40656,1.40709,828900000
1264566600000,1.40703,1.40769,1.40676,1.40751,691500000
1264567500000,1.40742,1.40789,1.407,1.4074,796600000
1264568400000,1.40741,1.40766,1.40679,1.40726,946500000
1264569300000,1.4072,1.40735,1.40609,1.4066,621300000
1264570200000,1.40642,1.40697,1.40525,1.40556,701200000
1264571100000,1.40539,1.40694,1.40504,1.4065,841400000
1264572000000,1.40651,1.40703,1.40599,1.40609,862800000
1264572900000,1.40607,1.40696,1.40604,1.40669,901400000
1264573800000,1.40684,1.40696,1.40545,1.4059,952700000
1264574700000,1.40587,1.4066,1.40547,1.40631,789200000
1264575600000,1.40667,1.40667,1.40449,1.40477,1318100000
1264576500000,1.4048,1.40513,1.40382,1.40462,1026800000
1264577400000,1.40477,1.40586,1.40445,1.40488,1039000000
1264578300000,1.40505,1.40595,1.40444,1.40563,973000000
1264579200000,1.40559,1.40608,1.404,1.40474,1023300000
1264580100000,1.40477,1.40497,1.40247,1.40278,993600000
1264581000000,1.40316,1.40432,1.40261,1.40348,1073600000
1264581900000,1.40345,1.40368,1.40174,1.40274,1042700000
1264582800000,1.40269,1.40426,1.40256,1.40331,975300000
1264583700000,1.40362,1.40592,1.40283,1.40535,982400000
1264584600000,1.40555,1.40643,1.40498,1.40609,1055000000
1264585500000,1.40576,1.40605,1.40493,1.40539,1043200000
1264586400000,1.40558,1.4081,1.40539,1.40775,1029900000
1264587300000,1.40762,1.40805,1.40702,1.40741,896500000
1264588200000,1.40721,1.40761,1.4059,1.40619,741100000
1264589100000,1.40618,1.40716,1.40545,1.40579,859300000
1264590000000,1.40565,1.40703,1.40495,1.40665,1097200000
1264590900000,1.40682,1.40781,1.40646,1.40662,893600000
1264591800000,1.4067,1.40744,1.40595,1.40717,728900000
1264592700000,1.40718,1.40792,1.40662,1.40744,721400000
1264593600000,1.40745,1.40846,1.40693,1.40763,752600000
1264594500000,1.40773,1.40838,1.40702,1.40783,847500000
1264595400000,1.40775,1.40864,1.40712,1.40805,832900000
1264596300000,1.40808,1.40832,1.40732,1.40768,989700000
1264597200000,1.40762,1.40817,1.40651,1.40705,1027900000
1264598100000,1.40709,1.40762,1.40586,1.40586,943400000
1264599000000,1.40641,1.40706,1.40533,1.40595,1654100000
1264599900000,1.40562,1.40611,1.40426,1.40475,1186200000
1264600800000,1.40462,1.40499,1.40293,1.40414,1364000000
1264601700000,1.4042,1.40502,1.40362,1.40464,1115300000
1264602600000,1.40456,1.4061,1.40384,1.40527,1460400000
1264603500000,1.40526,1.4062,1.40447,1.40455,1084300000
1264604400000,1.40479,1.4059,1.4039,1.40463,1197400000
1264605300000,1.40453,1.40527,1.40333,1.40476,1190800000
1264606200000,1.40475,1.40541,1.40273,1.40338,1026000000
1264607100000,1.40344,1.4044,1.40242,1.40395,1275500000
1264608000000,1.40393,1.4044,1.40295,1.40337,1123400000
1264608900000,1.40347,1.40496,1.40312,1.40456,968400000
1264609800000,1.40457,1.40551,1.40396,1.40452,888000000
1264610700000,1.40461,1.40569,1.40396,1.40483,935900000
1264611600000,1.40504,1.40556,1.40432,1.40494,713500000
1264612500000,1.40475,1.40521,1.40383,1.40408,883200000
1264613400000,1.40411,1.40438,1.40314,1.40365,776900000
1264614300000,1.40354,1.40401,1.40285,1.40386,693400000
1264615200000,1.40399,1.40427,1.40306,1.4032,655700000
1264616100000,1.40319,1.40363,1.40225,1.40234,606300000
1264617000000,1.4024,1.40392,1.40227,1.40347,606100000
1264617900000,1.40349,1.40394,1.40306,1.40375,516900000
1264618800000,1.40357,1.40519,1.40328,1.40455,609900000
1264619700000,1.40414,1.40457,1.40018,1.40062,617300000
1264620600000,1.40054,1.40516,1.40022,1.40363,627000000
1264621500000,1.4036,1.40409,1.40186,1.40303,685900000
1264622400000,1.40302,1.40399,1.39944,1.40075,691600000
1264623300000,1.40098,1.40204,1.40014,1.40191,850900000
1264624200000,1.40184,1.40325,1.40151,1.40212,764200000
1264625100000,1.40212,1.40249,1.40135,1.40204,960200000
1264626000000,1.40212,1.40234,1.40141,1.40163,980700000
1264626900000,1.40154,1.40206,1.40144,1.40178,505700000
1264627800000,1.40192,1.40239,1.40173,1.40187,525600000
1264628700000,1.40196,1.40247,1.40166,1.402,634900000
1264629600000,1.40216,1.40271,1.40171,1.40235,497600000
1264630500000,1.40246,1.40281,1.40189,1.40243,382300000
1264631400000,1.40255,1.40321,1.40211,1.40271,468400000
1264632300000,1.40276,1.40343,1.40238,1.40333,574500000
1264633200000,1.40328,1.40331,1.40247,1.40277,689400000
1264634100000,1.40275,1.40298,1.40195,1.4026,561500000
1264635000000,1.40253,1.40384,1.40226,1.40345,472500000
1264635900000,1.4033,1.40357,1.40203,1.4028,600100000
1264636800000,1.40274,1.40368,1.40249,1.40307,362800000
1264637700000,1.40326,1.40367,1.40294,1.40314,361000000
1264638600000,1.40306,1.40325,1.40142,1.40177,422600000
1264639500000,1.4019,1.40207,1.39903,1.40036,336100000
1264640400000,1.40026,1.40149,1.39984,1.40022,395400000
1264641300000,1.40006,1.40057,1.39914,1.4005,349600000
1264642200000,1.40045,1.4009,1.39909,1.39923,384500000
1264643100000,1.39901,1.39901,1.39589,1.39765,388300000
1264644000000,1.39783,1.39805,1.39545,1.39722,1021600000
1264644900000,1.39696,1.39852,1.39666,1.39829,834200000
1264645800000,1.39828,1.39925,1.39763,1.39922,620200000
1264646700000,1.39914,1.40106,1.39866,1.40058,750700000
1264647600000,1.40048,1.4012,1.39966,1.40047,854200000
1264648500000,1.40037,1.40092,1.39988,1.40041,685100000
1264649400000,1.40034,1.40208,1.40014,1.40175,1057500000
1264650300000,1.40189,1.40222,1.40096,1.40172,1001700000
1264651200000,1.40159,1.40238,1.40104,1.40146,862000000
1264652100000,1.40139,1.40148,1.40044,1.40096,801200000
1264653000000,1.40078,1.40198,1.40052,1.40116,684400000
1264653900000,1.40113,1.40157,1.40054,1.40153,644800000
1264654800000,1.40129,1.40195,1.40086,1.40139,807200000
1264655700000,1.40132,1.40167,1.40102,1.40149,649600000
1264656600000,1.40136,1.40164,1.40051,1.40099,781000000
1264657500000,1.40117,1.40179,1.40083,1.40139,794000000
1264658400000,1.40136,1.40175,1.4006,1.40122,874100000
1264659300000,1.40116,1.40136,1.40033,1.40092,963200000
1264660200000,1.40078,1.40096,1.40012,1.40055,1090000000
1264661100000,1.40056,1.40144,1.40007,1.40108,822600000
1264662000000,1.40133,1.40226,1.40094,1.40155,1216100000
1264662900000,1.40155,1.40247,1.40054,1.40224,987600000
1264663800000,1.40215,1.40297,1.40167,1.40271,1062300000
1264664700000,1.40264,1.40406,1.40185,1.40352,953300000
1264665600000,1.40355,1.40516,1.40295,1.4042,1055800000
1264666500000,1.40425,1.40439,1.40297,1.40344,1006600000
1264667400000,1.40346,1.40389,1.40198,1.40283,1097700000
1264668300000,1.40285,1.40407,1.40245,1.40388,938400000
1264669200000,1.4037,1.40456,1.40272,1.40295,1092100000
1264670100000,1.40299,1.4036,1.40201,1.40263,930500000
1264671000000,1.40277,1.40326,1.40203,1.40296,903700000
1264671900000,1.40306,1.4036,1.40243,1.40287,1035400000
1264672800000,1.40274,1.40358,1.40225,1.40274,1040000000
1264673700000,1.40272,1.40306,1.40121,1.40173,874700000
1264674600000,1.40152,1.40175,1.40052,1.40106,922600000
1264675500000,1.40097,1.4012,1.39928,1.39957,939600000
1264676400000,1.39994,1.40068,1.39938,1.39989,1096600000
1264677300000,1.39986,1.40084,1.39944,1.40073,952200000
1264678200000,1.40059,1.40095,1.39904,1.40035,833300000
1264679100000,1.40045,1.40068,1.3992,1.3992,729400000
1264680000000,1.39944,1.4008,1.39909,1.4006,785200000
1264680900000,1.40057,1.40155,1.39993,1.40034,874400000
1264681800000,1.40029,1.4026,1.40003,1.40174,746900000
1264682700000,1.40185,1.40275,1.40082,1.40098,919600000
1264683600000,1.40107,1.40152,1.39952,1.39968,1082300000
1264684500000,1.39961,1.40002,1.39856,1.39895,1030000000
1264685400000,1.39911,1.39958,1.39795,1.39923,1725400000
1264686300000,1.39926,1.39978,1.39864,1.39897,1230600000
1264687200000,1.39902,1.39969,1.39795,1.39924,1447600000
1264688100000,1.39938,1.4001,1.39875,1.39891,1144700000
1264689000000,1.3989,1.3992,1.3974,1.39819,1296800000
1264689900000,1.39811,1.39849,1.39646,1.39688,1048300000
1264690800000,1.39697,1.39738,1.39469,1.39581,1155000000
1264691700000,1.39581,1.39618,1.39454,1.39562,1143000000
1264692600000,1.39566,1.39667,1.39527,1.39637,993700000
1264693500000,1.39634,1.39641,1.39484,1.39595,1296700000
1264694400000,1.39592,1.39658,1.39474,1.39618,1136700000
1264695300000,1.39617,1.39659,1.39535,1.39618,1011800000
1264696200000,1.39609,1.39768,1.39486,1.39735,932800000
1264697100000,1.39747,1.39855,1.39671,1.39798,984400000
1264698000000,1.39799,1.39824,1.39687,1.39729,692200000
1264698900000,1.39719,1.39788,1.39632,1.39665,911800000
1264699800000,1.3966,1.397,1.39529,1.39572,639200000
1264700700000,1.39581,1.39727,1.39536,1.39705,763700000
1264701600000,1.39708,1.39775,1.39681,1.39727,599800000
1264702500000,1.39738,1.39819,1.39711,1.39799,591300000
1264703400000,1.39815,1.39835,1.39677,1.3982,676300000
1264704300000,1.39826,1.39851,1.39734,1.39759,520200000
1264705200000,1.39756,1.39788,1.39648,1.39703,738400000
1264706100000,1.39697,1.39741,1.39616,1.3972,778000000
1264707000000,1.39736,1.39768,1.39675,1.39759,652800000
1264707900000,1.39763,1.3981,1.39731,1.39756,741000000
1264708800000,1.39765,1.3983,1.39741,1.39774,684600000
1264709700000,1.39777,1.39859,1.39753,1.39812,938200000
1264710600000,1.39792,1.39862,1.39735,1.39752,773900000
1264711500000,1.39747,1.39783,1.39645,1.39698,943400000
1264712400000,1.39704,1.39725,1.39611,1.39653,784000000
1264713300000,1.3964,1.39688,1.39581,1.39685,491800000
1264714200000,1.3967,1.39729,1.39601,1.39659,486000000
1264715100000,1.39676,1.39722,1.39642,1.39692,627200000
1264716000000,1.39686,1.39707,1.39608,1.39663,541000000
1264716900000,1.39663,1.39702,1.39593,1.39642,561500000
1264717800000,1.39627,1.39662,1.39548,1.39639,596200000
1264718700000,1.39636,1.39684,1.39569,1.39612,538900000
1264719600000,1.39603,1.39615,1.39516,1.39613,560400000
1264720500000,1.39622,1.39654,1.39478,1.39525,487700000
1264721400000,1.39502,1.39603,1.39482,1.39565,493200000
1264722300000,1.3956,1.39672,1.39532,1.3962,559400000
1264723200000,1.39604,1.39666,1.39581,1.39619,333900000
1264724100000,1.39594,1.396,1.39291,1.3933,350200000
1264725000000,1.39334,1.39422,1.39182,1.39266,381300000
1264725900000,1.39223,1.39314,1.39172,1.3931,334300000
1264726800000,1.39291,1.39315,1.39168,1.392,362600000
1264727700000,1.39211,1.39302,1.3911,1.3925,351800000
1264728600000,1.39233,1.39305,1.39208,1.39284,364900000
1264729500000,1.3928,1.39396,1.39262,1.39378,322900000
1264730400000,1.39373,1.39434,1.393,1.39399,1045100000
1264731300000,1.39405,1.39477,1.39375,1.39431,908500000
1264732200000,1.39416,1.39453,1.39295,1.39338,683700000
1264733100000,1.39336,1.39413,1.39286,1.3938,833500000
1264734000000,1.39358,1.39533,1.39348,1.39524,837900000
1264734900000,1.39523,1.3962,1.39471,1.39545,648400000
1264735800000,1.39527,1.39595,1.39481,1.39537,1121200000
1264736700000,1.39527,1.39545,1.39474,1.39499,1004000000
1264737600000,1.39478,1.39532,1.39375,1.39434,1059000000
1264738500000,1.39435,1.39456,1.39303,1.39343,786300000
1264739400000,1.39374,1.39409,1.39318,1.39395,814700000
1264740300000,1.39395,1.39398,1.39254,1.39309,592400000
1264741200000,1.39306,1.39409,1.39263,1.39283,794000000
1264742100000,1.39318,1.39339,1.39234,1.39285,644900000
1264743000000,1.39287,1.39373,1.39196,1.39325,701500000
1264743900000,1.39322,1.39377,1.39247,1.39275,751800000
1264744800000,1.39282,1.39469,1.3924,1.39424,850800000
1264745700000,1.39427,1.395,1.39322,1.39357,890300000
1264746600000,1.39346,1.39453,1.39314,1.39425,899700000
1264747500000,1.39446,1.39503,1.39389,1.39493,777800000
1264748400000,1.39506,1.39577,1.39406,1.39467,1350100000
1264749300000,1.39458,1.39497,1.39319,1.39465,1109300000
1264750200000,1.39466,1.39558,1.39406,1.39456,877300000
1264751100000,1.39464,1.39696,1.39436,1.39627,1033200000
1264752000000,1.3961,1.39636,1.39393,1.39545,954000000
1264752900000,1.39534,1.39753,1.39515,1.39713,1094200000
1264753800000,1.39717,1.39741,1.39596,1.39609,1071900000
1264754700000,1.39606,1.39804,1.39576,1.39757,1002300000
1264755600000,1.39758,1.39861,1.39716,1.39811,961600000
1264756500000,1.39852,1.39852,1.3969,1.39736,911000000
1264757400000,1.39734,1.39766,1.39643,1.39693,916900000
1264758300000,1.39676,1.39708,1.39597,1.39647,1098400000
1264759200000,1.39636,1.39687,1.39565,1.39647,1057400000
1264760100000,1.39646,1.39708,1.39574,1.396,967900000
1264761000000,1.39601,1.39651,1.39561,1.39596,701400000
1264761900000,1.39595,1.39718,1.39504,1.39617,936900000
1264762800000,1.39611,1.39626,1.39491,1.39557,997700000
1264763700000,1.39554,1.39688,1.39524,1.39647,850600000
1264764600000,1.39669,1.39735,1.39625,1.39724,777300000
1264765500000,1.39725,1.39776,1.3963,1.39632,754200000
1264766400000,1.39619,1.39678,1.39558,1.39669,901500000
1264767300000,1.39656,1.39698,1.39527,1.39574,882500000
1264768200000,1.39571,1.39626,1.39526,1.39585,781100000
1264769100000,1.39588,1.39689,1.39547,1.39596,946100000
1264770000000,1.39595,1.39703,1.39558,1.39651,987400000
1264770900000,1.39648,1.39698,1.39583,1.39645,901100000
1264771800000,1.3963,1.39684,1.39326,1.39544,1729700000
1264772700000,1.39576,1.39655,1.39436,1.39477,1179900000
1264773600000,1.39473,1.39517,1.39247,1.3927,1386000000
1264774500000,1.39266,1.39371,1.39212,1.39318,1155000000
1264775400000,1.39309,1.39344,1.39193,1.39287,1454800000
1264776300000,1.39272,1.39308,1.39074,1.39147,1051200000
1264777200000,1.39148,1.39197,1.38995,1.39073,1150800000
1264778100000,1.39063,1.39281,1.39045,1.39251,1132800000
1264779000000,1.39277,1.393,1.39072,1.39106,905500000
1264779900000,1.39094,1.39148,1.38949,1.38978,1170600000
1264780800000,1.38981,1.39131,1.38957,1.38978,1145400000
1264781700000,1.38988,1.3901,1.38858,1.38871,931700000
1264782600000,1.38868,1.38888,1.38664,1.38714,915700000
1264783500000,1.38716,1.38805,1.38634,1.38697,931200000
1264784400000,1.38679,1.3874,1.38601,1.38717,622400000
1264785300000,1.38703,1.38799,1.38616,1.38698,950700000
1264786200000,1.38693,1.38842,1.38653,1.38758,732500000
1264787100000,1.38771,1.38858,1.38691,1.38838,764800000
1264788000000,1.38843,1.38912,1.38749,1.38849,603400000
1264788900000,1.38833,1.38867,1.38774,1.38827,599900000
1264789800000,1.38809,1.38841,1.38775,1.38814,718600000
1264790700000,1.38823,1.38849,1.38766,1.3879,542100000
1264791600000,1.38804,1.3884,1.38733,1.38773,572700000
1264792500000,1.38787,1.38848,1.38739,1.38787,585900000
1264793400000,1.38779,1.38817,1.38622,1.38673,642900000
1264794300000,1.38683,1.38696,1.38603,1.38656,804100000
1264795200000,1.38652,1.38739,1.38628,1.38658,631400000
1264796100000,1.38653,1.38694,1.38612,1.38642,894600000
1264797000000,1.3863,1.38697,1.38613,1.3868,710200000
1264797900000,1.38677,1.38692,1.38607,1.38643,1036600000
1264798800000,1.38645,1.3866,1.38599,1.38646,896500000
1264799700000,1.38643,1.3866,1.38598,1.38633,508900000
1264800600000,1.38617,1.38637,1.38589,1.38621,453500000
1264801500000,1.38621,1.38645,1.38589,1.38605,599400000
1264975200000,1.38608,1.38662,1.38518,1.38564,520200000
1264976100000,1.38573,1.38644,1.38559,1.38607,440300000
1264977000000,1.38609,1.38635,1.3855,1.38629,410400000
1264977900000,1.38634,1.38643,1.38549,1.38617,490500000
1264978800000,1.38613,1.38663,1.38596,1.38655,676100000
1264979700000,1.38658,1.38714,1.38641,1.38676,539600000
1264980600000,1.38689,1.38815,1.38633,1.3879,484400000
1264981500000,1.38796,1.38817,1.38706,1.38732,547900000
