timestamp,open,high,low,close,volume
1272834000000,1.32974,1.33586,1.32974,1.33334,852200000
1272834900000,1.33319,1.3335,1.33264,1.33307,489800000
1272835800000,1.33295,1.33366,1.33235,1.33353,513800000
1272836700000,1.33346,1.33468,1.33274,1.33308,571800000
1272837600000,1.33305,1.33305,1.33104,1.33192,586900000
1272838500000,1.33191,1.33295,1.33148,1.33197,511300000
1272839400000,1.33194,1.33206,1.3312,1.33144,396400000
1272840300000,1.33146,1.33205,1.33101,1.3318,547700000
1272841200000,1.33182,1.33258,1.33156,1.33171,675900000
1272842100000,1.33177,1.33232,1.33159,1.33195,521200000
1272843000000,1.33194,1.33249,1.33166,1.33233,549700000
1272843900000,1.33238,1.33245,1.33084,1.33112,563900000
1272844800000,1.33117,1.33131,1.32838,1.32878,600000000
1272845700000,1.32862,1.32952,1.32839,1.32913,486300000
1272846600000,1.32897,1.32917,1.32594,1.32638,456000000
1272847500000,1.32617,1.32684,1.32539,1.32569,578000000
1272848400000,1.32614,1.32709,1.32596,1.32664,663800000
1272849300000,1.32677,1.32683,1.32297,1.32297,442000000
1272850200000,1.32304,1.32386,1.32257,1.3229,370000000
1272851100000,1.32286,1.32286,1.32103,1.3223,497400000
1272852000000,1.3221,1.32267,1.32055,1.32114,631500000
1272852900000,1.32118,1.32227,1.32082,1.32226,427700000
1272853800000,1.32226,1.32289,1.32177,1.32264,480500000
1272854700000,1.32267,1.32337,1.3222,1.32325,891300000
1272855600000,1.32316,1.32351,1.32242,1.32283,930700000
1272856500000,1.32277,1.32285,1.32174,1.32203,707600000
1272857400000,1.32192,1.32227,1.32162,1.322,890100000
1272858300000,1.32219,1.32234,1.32064,1.32132,719800000
1272859200000,1.32128,1.32178,1.32028,1.32135,701400000
1272860100000,1.32138,1.32238,1.32032,1.32177,589600000
1272861000000,1.32172,1.32248,1.32134,1.32247,690700000
1272861900000,1.32252,1.32268,1.3217,1.32189,605700000
1272862800000,1.32214,1.32335,1.32201,1.32287,490900000
1272863700000,1.32285,1.32329,1.3219,1.32232,626200000
1272864600000,1.3225,1.32407,1.32203,1.32366,652600000
1272865500000,1.32362,1.32405,1.32312,1.3234,709900000
1272866400000,1.32349,1.32527,1.32337,1.32481,755400000
1272867300000,1.3248,1.32493,1.32299,1.32397,723800000
1272868200000,1.32374,1.32446,1.32349,1.32442,958500000
1272869100000,1.32423,1.32475,1.32205,1.32234,648100000
1272870000000,1.32229,1.32338,1.32095,1.32146,968400000
1272870900000,1.32153,1.32249,1.32105,1.32196,1014700000
1272871800000,1.32161,1.32295,1.32134,1.32248,979000000
1272872700000,1.32256,1.32387,1.32215,1.32357,1089900000
1272873600000,1.32329,1.32424,1.32303,1.32364,1339300000
1272874500000,1.32355,1.32431,1.32298,1.32394,989000000
1272875400000,1.32385,1.32479,1.32296,1.32333,1003200000
1272876300000,1.32336,1.32401,1.32244,1.32293,1092900000
1272877200000,1.32304,1.32399,1.32258,1.32365,984700000
1272878100000,1.32359,1.32379,1.3227,1.32307,1339600000
1272879000000,1.3231,1.32394,1.32275,1.32348,1141000000
1272879900000,1.32345,1.32421,1.32292,1.32337,1462000000
1272880800000,1.32349,1.32388,1.32225,1.32251,1215300000
1272881700000,1.32247,1.32328,1.32222,1.32293,1682700000
1272882600000,1.32286,1.32384,1.32281,1.32328,1076000000
1272883500000,1.32315,1.32349,1.32244,1.32269,1077200000
1272884400000,1.32272,1.32339,1.32197,1.32304,1030200000
1272885300000,1.32308,1.32417,1.32235,1.32357,818800000
1272886200000,1.32374,1.32425,1.32319,1.324,982300000
1272887100000,1.32382,1.32419,1.32295,1.32334,748100000
1272888000000,1.32351,1.32443,1.32337,1.32371,797900000
1272888900000,1.32364,1.3243,1.32334,1.32372,738100000
1272889800000,1.32381,1.32431,1.32343,1.32414,792900000
1272890700000,1.32404,1.32438,1.32301,1.32345,959600000
1272891600000,1.32331,1.32369,1.32244,1.32326,1002600000
1272892500000,1.32328,1.32397,1.32247,1.32266,727200000
1272893400000,1.32261,1.32368,1.32243,1.32265,838000000
1272894300000,1.32275,1.32348,1.32233,1.32285,1122200000
1272895200000,1.32268,1.32309,1.32172,1.32282,1065300000
1272896100000,1.32285,1.32305,1.32033,1.32078,1010000000
1272897000000,1.32064,1.32081,1.3176,1.31851,1023100000
1272897900000,1.31853,1.31877,1.31635,1.31734,1100000000
1272898800000,1.31744,1.31801,1.31555,1.31725,1001300000
1272899700000,1.31735,1.31848,1.31695,1.31786,1315200000
1272900600000,1.318,1.31849,1.31498,1.31562,1005000000
1272901500000,1.3157,1.31815,1.31557,1.31786,989800000
1272902400000,1.31812,1.31938,1.31776,1.31906,979600000
1272903300000,1.31904,1.31969,1.31857,1.31932,905300000
1272904200000,1.31925,1.31948,1.31823,1.31897,887900000
1272905100000,1.31897,1.31984,1.31851,1.31972,1159200000
1272906000000,1.31971,1.31987,1.31844,1.31915,768900000
1272906900000,1.31927,1.31953,1.31807,1.31934,997500000
1272907800000,1.31914,1.31967,1.31863,1.31901,1013400000
1272908700000,1.3191,1.31937,1.31854,1.31921,969100000
1272909600000,1.31908,1.31979,1.31891,1.31968,914100000
1272910500000,1.31958,1.32058,1.31933,1.32034,739000000
1272911400000,1.32025,1.32065,1.31991,1.32042,644100000
1272912300000,1.32027,1.32133,1.31992,1.32123,817500000
1272913200000,1.32118,1.32124,1.32012,1.32037,584000000
1272914100000,1.32035,1.32056,1.3197,1.32014,816900000
1272915000000,1.32009,1.32025,1.31904,1.31949,762900000
1272915900000,1.31956,1.31975,1.31882,1.31926,865400000
1272916800000,1.31914,1.31978,1.31861,1.31912,1065100000
1272917700000,1.31908,1.31985,1.31876,1.319,1205100000
1272918600000,1.31916,1.31949,1.31833,1.31896,697100000
1272919500000,1.31891,1.31968,1.31849,1.31924,942700000
1272920400000,1.31931,1.31935,1.31857,1.31896,762900000
1272921300000,1.31897,1.31974,1.31882,1.31918,705900000
1272922200000,1.31909,1.31987,1.31904,1.31956,971700000
1272923100000,1.31951,1.31973,1.31844,1.31883,1083500000
1272924000000,1.31868,1.31956,1.31831,1.31956,356300000
1272924900000,1.31945,1.31973,1.31913,1.31953,428000000
1272925800000,1.31943,1.31953,1.31828,1.3193,391400000
1272926700000,1.31934,1.31981,1.31897,1.31955,429200000
1272927600000,1.31983,1.32003,1.31912,1.31953,329800000
1272928500000,1.3195,1.31986,1.3192,1.31968,380500000
1272929400000,1.31967,1.31979,1.31884,1.31898,353400000
1272930300000,1.31894,1.31951,1.31856,1.31949,367100000
1272931200000,1.31935,1.32002,1.31927,1.31966,646600000
1272932100000,1.31963,1.31979,1.31884,1.31929,461300000
1272933000000,1.3189,1.32121,1.31882,1.32099,477700000
1272933900000,1.32089,1.32103,1.31981,1.3206,643300000
1272934800000,1.32052,1.32083,1.31942,1.32022,565500000
1272935700000,1.32012,1.3213,1.31991,1.32095,423700000
1272936600000,1.3206,1.32113,1.32034,1.32082,384000000
1272937500000,1.32088,1.32099,1.32027,1.32055,455900000
1272938400000,1.32059,1.3212,1.32033,1.32104,568600000
1272939300000,1.32095,1.32108,1.32013,1.32019,457300000
1272940200000,1.3202,1.32049,1.31937,1.31966,507400000
1272941100000,1.31968,1.32015,1.31902,1.31995,882500000
1272942000000,1.31978,1.32016,1.31914,1.31956,953500000
1272942900000,1.31954,1.32032,1.31928,1.31973,717600000
1272943800000,1.31974,1.32029,1.31942,1.32004,913700000
1272944700000,1.32008,1.32064,1.31955,1.32025,643600000
1272945600000,1.32005,1.3204,1.3196,1.32027,736400000
1272946500000,1.32036,1.32064,1.3197,1.32001,635200000
1272947400000,1.32,1.32042,1.31935,1.31998,670200000
1272948300000,1.32012,1.32088,1.31986,1.32062,629200000
1272949200000,1.32038,1.32068,1.31955,1.31958,502700000
1272950100000,1.31975,1.3199,1.31818,1.31858,709700000
1272951000000,1.3184,1.31873,1.31733,1.31772,584100000
1272951900000,1.31769,1.31816,1.31697,1.31787,660400000
1272952800000,1.31784,1.31893,1.31662,1.31726,791600000
1272953700000,1.31731,1.31802,1.31671,1.3175,686400000
1272954600000,1.31755,1.31897,1.31696,1.31725,917500000
1272955500000,1.31733,1.31774,1.31613,1.31722,655300000
1272956400000,1.31733,1.31766,1.31515,1.31626,1023500000
1272957300000,1.31644,1.31721,1.31434,1.31615,926000000
1272958200000,1.31622,1.3166,1.31556,1.316,1097600000
1272959100000,1.31614,1.31696,1.31576,1.31658,1054900000
1272960000000,1.31647,1.31815,1.31577,1.31622,1310200000
1272960900000,1.3163,1.31697,1.31463,1.31521,1114100000
1272961800000,1.31495,1.31514,1.31298,1.31322,1148300000
1272962700000,1.31345,1.31367,1.31248,1.31327,1159100000
1272963600000,1.31317,1.31367,1.31234,1.31277,1012900000
1272964500000,1.31268,1.3133,1.31146,1.31241,1327700000
1272965400000,1.3123,1.31447,1.31201,1.31424,1098000000
1272966300000,1.31434,1.31439,1.31213,1.31298,1399300000
1272967200000,1.3129,1.3136,1.31098,1.31284,1166800000
1272968100000,1.31274,1.31337,1.31214,1.31255,1736200000
1272969000000,1.31263,1.31306,1.31153,1.31269,953200000
1272969900000,1.31263,1.31296,1.31089,1.31193,1070200000
1272970800000,1.31202,1.31319,1.31138,1.31292,913400000
1272971700000,1.31297,1.31345,1.31188,1.31259,782100000
1272972600000,1.31244,1.31292,1.31006,1.31028,941900000
1272973500000,1.3102,1.31039,1.30858,1.30941,754900000
1272974400000,1.30932,1.31043,1.30803,1.30877,693700000
1272975300000,1.30871,1.30914,1.30744,1.30835,847700000
1272976200000,1.3085,1.30993,1.30826,1.3094,844700000
1272977100000,1.30939,1.30997,1.30646,1.30657,1037700000
1272978000000,1.30657,1.3075,1.30563,1.30596,995700000
1272978900000,1.30601,1.30708,1.30584,1.30669,852100000
1272979800000,1.30661,1.30675,1.30388,1.30402,907500000
1272980700000,1.3042,1.30574,1.30348,1.30534,1081000000
1272981600000,1.30537,1.30645,1.30449,1.30547,1054600000
1272982500000,1.30548,1.30658,1.30407,1.30562,1082200000
1272983400000,1.30561,1.30595,1.30396,1.30446,902900000
1272984300000,1.30439,1.30466,1.30273,1.30314,1043200000
1272985200000,1.30324,1.30328,1.30195,1.30285,1014500000
1272986100000,1.30281,1.30358,1.30183,1.30198,1131300000
1272987000000,1.30206,1.30365,1.30173,1.30308,1073300000
1272987900000,1.30294,1.30368,1.30249,1.30347,1028500000
1272988800000,1.30362,1.30436,1.30324,1.30406,1057900000
1272989700000,1.30413,1.30488,1.30328,1.30421,900400000
1272990600000,1.30416,1.3044,1.30251,1.30304,1027300000
1272991500000,1.30297,1.30414,1.30253,1.30372,1204700000
1272992400000,1.30416,1.30418,1.30215,1.30227,877300000
1272993300000,1.30216,1.30245,1.30085,1.30106,1010900000
1272994200000,1.30115,1.30204,1.3008,1.30106,1018700000
1272995100000,1.3013,1.30225,1.30108,1.30176,803200000
1272996000000,1.30204,1.30219,1.30097,1.30135,743500000
1272996900000,1.3014,1.30163,1.30043,1.30089,715300000
1272997800000,1.30073,1.30126,1.2999,1.30043,659100000
1272998700000,1.30034,1.3006,1.29929,1.3001,758000000
1272999600000,1.30015,1.30135,1.29973,1.30096,655900000
1273000500000,1.30093,1.30182,1.30033,1.30077,733300000
1273001400000,1.30077,1.30125,1.29923,1.29954,814100000
1273002300000,1.29965,1.30098,1.29957,1.30011,887700000
1273003200000,1.30025,1.30037,1.29933,1.29962,1223700000
1273004100000,1.29924,1.29955,1.2982,1.29913,1066800000
1273005000000,1.29904,1.29956,1.29827,1.29874,704800000
1273005900000,1.29862,1.29916,1.29776,1.29846,910600000
1273006800000,1.29853,1.29879,1.29732,1.29777,813700000
1273007700000,1.29781,1.29829,1.29629,1.29664,717700000
1273008600000,1.2967,1.29718,1.29615,1.29633,1001600000
1273009500000,1.29635,1.2985,1.29604,1.29697,1011400000
1273010400000,1.29708,1.29808,1.29671,1.29806,375000000
1273011300000,1.29807,1.29837,1.2977,1.29822,402200000
1273012200000,1.29816,1.29851,1.29733,1.29748,359200000
1273013100000,1.2975,1.29767,1.29598,1.29625,395300000
1273014000000,1.29638,1.29779,1.29625,1.29765,347600000
1273014900000,1.29772,1.29781,1.29704,1.29739,380000000
1273015800000,1.29715,1.29746,1.29625,1.29726,473400000
1273016700000,1.29736,1.29799,1.29696,1.29769,355700000
1273017600000,1.29762,1.29912,1.29735,1.29897,591800000
1273018500000,1.29897,1.29909,1.29809,1.29868,538900000
1273019400000,1.29855,1.29869,1.29614,1.29625,489700000
1273020300000,1.29637,1.29737,1.29505,1.29506,591700000
1273021200000,1.29455,1.29596,1.29388,1.29458,604000000
1273022100000,1.2945,1.2955,1.29386,1.29417,447200000
1273023000000,1.2941,1.29572,1.29397,1.2952,448500000
1273023900000,1.29522,1.2956,1.29474,1.29547,628200000
1273024800000,1.29522,1.29659,1.29501,1.29608,698100000
1273025700000,1.29621,1.29652,1.29512,1.29603,467800000
1273026600000,1.296,1.2965,1.29573,1.29644,507300000
1273027500000,1.29611,1.29634,1.29514,1.29578,941100000
1273028400000,1.29547,1.2968,1.29536,1.29663,1164000000
1273029300000,1.2966,1.29687,1.29595,1.29642,726500000
1273030200000,1.29636,1.29649,1.29555,1.29595,889200000
1273031100000,1.29609,1.29662,1.29532,1.29575,693200000
1273032000000,1.29577,1.29597,1.29408,1.29496,721600000
1273032900000,1.29499,1.29512,1.29335,1.29377,720800000
1273033800000,1.29407,1.29508,1.29357,1.29425,659700000
1273034700000,1.29425,1.29525,1.29392,1.29507,578700000
1273035600000,1.29502,1.29619,1.2946,1.29599,549300000
1273036500000,1.29603,1.29628,1.29464,1.29528,647200000
1273037400000,1.29528,1.29638,1.29487,1.29627,664000000
1273038300000,1.29612,1.29738,1.296,1.29699,685300000
1273039200000,1.29695,1.29783,1.29598,1.2975,708900000
1273040100000,1.29738,1.29879,1.29706,1.29853,773900000
1273041000000,1.2986,1.29894,1.29726,1.29728,985800000
1273041900000,1.29745,1.29952,1.29703,1.29934,679500000
1273042800000,1.29927,1.29946,1.29626,1.29665,992600000
1273043700000,1.29625,1.29674,1.29525,1.29624,974200000
1273044600000,1.29631,1.29656,1.29394,1.29439,990400000
1273045500000,1.29458,1.29507,1.29318,1.29487,1120200000
1273046400000,1.29466,1.29514,1.29396,1.29463,1253700000
1273047300000,1.29473,1.29664,1.29389,1.29445,1062400000
1273048200000,1.29435,1.29645,1.29403,1.29566,1040300000
1273049100000,1.29576,1.29718,1.29544,1.29679,1225700000
1273050000000,1.29688,1.29923,1.29644,1.29761,1111300000
1273050900000,1.29758,1.29819,1.29676,1.29746,1399500000
1273051800000,1.29762,1.29888,1.29745,1.29874,1157600000
1273052700000,1.29874,1.29894,1.29637,1.29696,1475900000
1273053600000,1.29703,1.2982,1.2964,1.29727,1155200000
1273054500000,1.29725,1.29777,1.29504,1.29535,1623900000
1273055400000,1.29541,1.29578,1.29442,1.29478,949300000
1273056300000,1.29483,1.29499,1.29363,1.29386,1183300000
1273057200000,1.29382,1.29397,1.29233,1.29342,1004500000
1273058100000,1.29341,1.29387,1.29273,1.29292,818100000
1273059000000,1.29312,1.29327,1.2911,1.29188,982700000
1273059900000,1.29205,1.29346,1.29166,1.29216,813200000
1273060800000,1.29238,1.29433,1.29208,1.29241,806500000
1273061700000,1.29227,1.29279,1.2903,1.2905,772300000
1273062600000,1.29055,1.29067,1.28798,1.2898,805800000
1273063500000,1.28987,1.29006,1.28563,1.28584,1074500000
1273064400000,1.28589,1.28608,1.28029,1.28102,936500000
1273065300000,1.28046,1.28468,1.28031,1.28173,986400000
1273066200000,1.28178,1.28365,1.28149,1.28346,891700000
1273067100000,1.28352,1.28464,1.28269,1.28416,983400000
1273068000000,1.28446,1.28692,1.28403,1.28505,1022900000
1273068900000,1.28511,1.28712,1.28465,1.28501,985500000
1273069800000,1.28497,1.28667,1.28401,1.28628,1005700000
1273070700000,1.2863,1.28737,1.28606,1.28648,991500000
1273071600000,1.28648,1.2866,1.28438,1.28624,1061800000
1273072500000,1.28623,1.28705,1.28563,1.28636,1059500000
1273073400000,1.28665,1.28857,1.28585,1.28809,1124500000
1273074300000,1.28801,1.28923,1.28747,1.28896,907900000
1273075200000,1.28892,1.29044,1.28813,1.28838,950400000
1273076100000,1.28826,1.28957,1.28756,1.28786,895200000
1273077000000,1.28788,1.28854,1.28663,1.28697,1021600000
1273077900000,1.28705,1.28885,1.28666,1.28881,1378400000
1273078800000,1.28888,1.28894,1.28682,1.28703,765100000
1273079700000,1.28705,1.28766,1.28594,1.28632,959500000
1273080600000,1.28634,1.28653,1.28533,1.28562,872500000
1273081500000,1.2856,1.28648,1.28514,1.28576,850000000
1273082400000,1.28561,1.28625,1.28503,1.28525,875400000
1273083300000,1.28535,1.28544,1.28332,1.28361,741300000
1273084200000,1.28355,1.28407,1.28218,1.28241,648500000
1273085100000,1.28239,1.28285,1.28122,1.28224,806200000
1273086000000,1.28232,1.28278,1.28055,1.28237,563100000
1273086900000,1.28232,1.28266,1.28069,1.28169,725100000
1273087800000,1.28179,1.28254,1.28122,1.28211,844000000
1273088700000,1.28247,1.28274,1.28139,1.28186,1023600000
1273089600000,1.28187,1.28226,1.28123,1.28172,1183300000
1273090500000,1.28187,1.2825,1.28159,1.28242,1152500000
1273091400000,1.2823,1.2827,1.28192,1.28238,791000000
1273092300000,1.28241,1.28256,1.28092,1.28114,892500000
1273093200000,1.2811,1.28166,1.27847,1.28062,839900000
1273094100000,1.28051,1.28137,1.28028,1.28083,688600000
1273095000000,1.28083,1.28172,1.2807,1.28143,836100000
1273095900000,1.28133,1.28252,1.2813,1.28156,1111600000
1273096800000,1.28183,1.28218,1.281,1.28102,377600000
1273097700000,1.28124,1.28131,1.28005,1.28093,366100000
1273098600000,1.28076,1.28139,1.28067,1.28116,340000000
1273099500000,1.28134,1.28153,1.281,1.28129,365800000
1273100400000,1.28118,1.28191,1.28099,1.28136,354600000
1273101300000,1.28128,1.28228,1.281,1.28209,378800000
1273102200000,1.28215,1.2825,1.28161,1.28181,386900000
1273103100000,1.28191,1.28231,1.28115,1.28115,328100000
1273104000000,1.28107,1.28238,1.28107,1.28188,545400000
1273104900000,1.28183,1.28415,1.28145,1.28362,498800000
1273105800000,1.28377,1.28464,1.28344,1.28413,511400000
1273106700000,1.28414,1.28428,1.28282,1.28365,656400000
1273107600000,1.28335,1.28454,1.28326,1.28397,584100000
1273108500000,1.28409,1.28448,1.28307,1.28351,511300000
1273109400000,1.28319,1.28344,1.28219,1.28255,422500000
1273110300000,1.28259,1.28327,1.28242,1.28312,563400000
1273111200000,1.28308,1.28424,1.28281,1.28398,584700000
1273112100000,1.28384,1.28453,1.28351,1.28377,508200000
1273113000000,1.28388,1.28455,1.28349,1.2838,469200000
1273113900000,1.28414,1.28539,1.28378,1.28446,893200000
1273114800000,1.28455,1.28509,1.2838,1.28407,940900000
1273115700000,1.28394,1.28476,1.28381,1.28431,762900000
1273116600000,1.28399,1.28506,1.28387,1.28493,922400000
1273117500000,1.28487,1.28491,1.28415,1.28452,631200000
1273118400000,1.28419,1.28448,1.28345,1.28368,670400000
1273119300000,1.28358,1.28387,1.28305,1.28353,670200000
1273120200000,1.28352,1.28366,1.28274,1.28309,598000000
1273121100000,1.28336,1.28359,1.28153,1.28251,721900000
1273122000000,1.28232,1.28258,1.28103,1.28159,509900000
1273122900000,1.2817,1.28232,1.28138,1.28195,624200000
1273123800000,1.28195,1.28316,1.2813,1.28289,624500000
1273124700000,1.28272,1.28341,1.28259,1.28317,669400000
1273125600000,1.28315,1.28328,1.27902,1.27984,802000000
1273126500000,1.27998,1.28007,1.27556,1.27673,715400000
1273127400000,1.27695,1.27754,1.27495,1.27623,993600000
1273128300000,1.27625,1.27697,1.27373,1.27408,694800000
1273129200000,1.27438,1.27699,1.27359,1.2766,963200000
1273130100000,1.27662,1.27799,1.2751,1.27786,902100000
1273131000000,1.27799,1.27855,1.27695,1.27817,1068800000
1273131900000,1.27818,1.28095,1.27804,1.2794,1136600000
1273132800000,1.27937,1.27968,1.27795,1.27836,1244000000
1273133700000,1.27844,1.27964,1.27688,1.27944,1131000000
1273134600000,1.27944,1.28191,1.27904,1.28043,1132800000
1273135500000,1.28016,1.28256,1.27991,1.28169,1247900000
1273136400000,1.28163,1.28193,1.27993,1.28036,1119600000
1273137300000,1.28051,1.28098,1.27723,1.27765,1301900000
1273138200000,1.27765,1.27853,1.27612,1.27737,1120800000
1273139100000,1.27743,1.27816,1.27627,1.27713,1382000000
1273140000000,1.2771,1.27935,1.27689,1.27837,1192300000
1273140900000,1.27839,1.27939,1.2774,1.27893,1836600000
1273141800000,1.27891,1.2801,1.27854,1.27928,1121400000
1273142700000,1.27927,1.27955,1.27777,1.27817,1079600000
1273143600000,1.27816,1.2786,1.27448,1.27576,1052900000
1273144500000,1.27555,1.27696,1.27491,1.27634,717100000
1273145400000,1.27638,1.27688,1.27409,1.27473,831100000
1273146300000,1.27498,1.27509,1.27164,1.27281,791500000
1273147200000,1.2728,1.2748,1.27237,1.2726,764000000
1273148100000,1.27277,1.27382,1.27081,1.27363,825100000
1273149000000,1.27364,1.27426,1.27188,1.27295,780200000
1273149900000,1.27298,1.27395,1.27079,1.27088,1043000000
1273150800000,1.27091,1.27314,1.27005,1.27101,969000000
1273151700000,1.27109,1.27216,1.26892,1.27061,705100000
1273152600000,1.27057,1.27483,1.26986,1.27387,924800000
1273153500000,1.27419,1.27521,1.27268,1.27455,1037800000
1273154400000,1.27463,1.27695,1.27346,1.27405,1103900000
1273155300000,1.27404,1.27544,1.27178,1.27261,1116400000
1273156200000,1.27266,1.27303,1.27041,1.2706,922500000
1273157100000,1.27051,1.27155,1.26878,1.2704,1034000000
1273158000000,1.27099,1.27111,1.2687,1.27048,947400000
1273158900000,1.27054,1.27219,1.26862,1.27121,1073900000
1273159800000,1.27113,1.2714,1.26784,1.26827,1081800000
1273160700000,1.26829,1.269,1.26525,1.26866,1215200000
1273161600000,1.2687,1.27283,1.26802,1.27248,1086300000
1273162500000,1.27247,1.274,1.27082,1.27278,972000000
1273163400000,1.2729,1.27305,1.26984,1.27005,1000400000
1273164300000,1.27011,1.27329,1.26907,1.2731,1166200000
1273165200000,1.27318,1.27335,1.26928,1.27075,712500000
1273166100000,1.27072,1.27179,1.26917,1.27031,967500000
1273167000000,1.2704,1.27083,1.2678,1.26881,1044400000
1273167900000,1.2689,1.27014,1.26672,1.26702,856000000
1273168800000,1.26703,1.26757,1.26201,1.26224,899000000
1273169700000,1.26263,1.26504,1.26076,1.26192,812200000
1273170600000,1.26178,1.26391,1.25797,1.25804,623200000
1273171500000,1.25737,1.26217,1.25187,1.25923,881800000
1273172400000,1.25971,1.26406,1.25834,1.26078,666600000
1273173300000,1.26056,1.26199,1.25687,1.25886,679300000
1273174200000,1.25894,1.26304,1.25852,1.26229,840500000
1273175100000,1.26216,1.26411,1.2613,1.26256,862100000
1273176000000,1.26258,1.26262,1.26006,1.26151,1164800000
1273176900000,1.26143,1.26274,1.26033,1.26074,1062900000
1273177800000,1.26045,1.26292,1.26019,1.26261,654000000
1273178700000,1.26269,1.26307,1.26136,1.2618,928100000
1273179600000,1.26174,1.26583,1.26102,1.2653,817300000
1273180500000,1.26534,1.26604,1.26298,1.26341,707500000
1273181400000,1.26329,1.2637,1.2613,1.26259,913000000
1273182300000,1.26257,1.26361,1.26219,1.26265,1044000000
1273183200000,1.26296,1.26456,1.26194,1.26401,402600000
1273184100000,1.26377,1.26408,1.26028,1.26224,454000000
1273185000000,1.26201,1.26346,1.26133,1.26336,358700000
1273185900000,1.26332,1.26339,1.26153,1.26259,397100000
1273186800000,1.26251,1.26294,1.26163,1.26251,394500000
1273187700000,1.26257,1.26391,1.26232,1.26369,407800000
1273188600000,1.26372,1.2668,1.26297,1.2661,441400000
1273189500000,1.26641,1.26742,1.26492,1.26529,350600000
1273190400000,1.26525,1.26576,1.26209,1.26244,548900000
1273191300000,1.26268,1.26279,1.25836,1.259,450500000
1273192200000,1.2588,1.26124,1.25863,1.26007,476700000
1273193100000,1.26036,1.2621,1.2599,1.2612,721400000
1273194000000,1.26129,1.26412,1.26064,1.26354,535800000
1273194900000,1.26352,1.26462,1.26266,1.26387,416700000
1273195800000,1.26387,1.26418,1.26105,1.26105,445100000
1273196700000,1.26097,1.2651,1.26053,1.26468,476800000
1273197600000,1.2646,1.26687,1.26439,1.26627,653900000
1273198500000,1.26635,1.26816,1.2661,1.26711,438500000
1273199400000,1.26737,1.27181,1.26708,1.27087,528100000
1273200300000,1.27114,1.27158,1.26934,1.27054,844000000
1273201200000,1.2707,1.27074,1.26812,1.26908,916000000
1273202100000,1.2689,1.27079,1.26838,1.26924,806500000
1273203000000,1.26929,1.27026,1.26819,1.26852,1067800000
1273203900000,1.26861,1.27066,1.26832,1.27045,693100000
1273204800000,1.27049,1.27355,1.27008,1.2731,701400000
1273205700000,1.27298,1.27316,1.2699,1.271,652700000
1273206600000,1.27132,1.27152,1.2688,1.26909,685400000
1273207500000,1.26892,1.26989,1.26829,1.26935,610200000
1273208400000,1.26969,1.2697,1.26578,1.26769,526300000
1273209300000,1.26751,1.26847,1.26597,1.26622,699900000
1273210200000,1.26633,1.26775,1.26614,1.26636,635400000
1273211100000,1.26666,1.26981,1.26534,1.26836,734200000
1273212000000,1.2688,1.27094,1.26751,1.2677,681900000
1273212900000,1.26776,1.2692,1.26623,1.26804,779200000
1273213800000,1.26822,1.26957,1.26642,1.26642,987400000
1273214700000,1.26638,1.26838,1.26579,1.26603,704800000
1273215600000,1.26613,1.26948,1.26328,1.26911,935500000
1273216500000,1.26913,1.26977,1.26795,1.26923,1012600000
1273217400000,1.26936,1.27424,1.26865,1.27287,1015600000
1273218300000,1.27295,1.27359,1.27033,1.27149,1109000000
1273219200000,1.27145,1.27724,1.27061,1.27542,1289600000
1273220100000,1.27525,1.27651,1.2741,1.2748,1052100000
1273221000000,1.27487,1.27537,1.27192,1.27267,1170000000
1273221900000,1.27264,1.27393,1.2714,1.27227,1274700000
1273222800000,1.27258,1.27371,1.27096,1.27276,1071100000
1273223700000,1.27276,1.27646,1.27244,1.27404,1319400000
1273224600000,1.27422,1.27512,1.27255,1.27401,1227500000
1273225500000,1.27402,1.27487,1.27292,1.27378,1431000000
1273226400000,1.2738,1.27635,1.27328,1.27375,1168800000
1273227300000,1.27352,1.27559,1.27326,1.27494,1728900000
1273228200000,1.27491,1.27958,1.27462,1.27755,1187800000
1273229100000,1.27756,1.27974,1.27639,1.27844,984600000
1273230000000,1.27845,1.27943,1.27558,1.27592,959000000
1273230900000,1.27582,1.27819,1.27528,1.27681,881600000
1273231800000,1.27674,1.27688,1.27445,1.27519,863700000
1273232700000,1.27528,1.2754,1.27214,1.27288,834400000
1273233600000,1.27297,1.27461,1.27237,1.27433,707300000
1273234500000,1.27432,1.27537,1.27233,1.27451,734500000
1273235400000,1.27466,1.27519,1.26738,1.27165,866200000
1273236300000,1.27207,1.27352,1.2695,1.27042,1206400000
1273237200000,1.27037,1.27135,1.26836,1.27069,944200000
1273238100000,1.27069,1.27077,1.26693,1.26819,806300000
1273239000000,1.26819,1.27111,1.2665,1.27082,945100000
1273239900000,1.2709,1.27126,1.26695,1.26804,952600000
1273240800000,1.26794,1.26861,1.26387,1.26652,1074900000
1273241700000,1.26657,1.26704,1.26087,1.26274,952000000
1273242600000,1.26242,1.26405,1.2613,1.26272,949600000
1273243500000,1.26232,1.26523,1.26205,1.26491,1077600000
1273244400000,1.26497,1.26991,1.26326,1.26921,1075400000
1273245300000,1.26943,1.27552,1.26887,1.27028,1172000000
1273246200000,1.27031,1.27145,1.26837,1.27067,1094600000
1273247100000,1.27063,1.2732,1.2704,1.27174,1058400000
1273248000000,1.27171,1.27438,1.27109,1.27419,986000000
1273248900000,1.27431,1.27701,1.27123,1.27184,953000000
1273249800000,1.27174,1.27317,1.27016,1.27212,972500000
1273250700000,1.272,1.27267,1.27032,1.27043,1252500000
1273251600000,1.27055,1.27152,1.26957,1.27042,680200000
1273252500000,1.27047,1.27167,1.26874,1.269,1202500000
1273253400000,1.26906,1.27379,1.26876,1.27363,858800000
1273254300000,1.27387,1.27414,1.27203,1.27302,822000000
1273255200000,1.27303,1.27397,1.27146,1.27192,864700000
1273256100000,1.27197,1.27385,1.27168,1.27267,703300000
1273257000000,1.27264,1.27484,1.27183,1.27442,658800000
1273257900000,1.27436,1.27459,1.27297,1.27313,890400000
1273258800000,1.27325,1.27343,1.2712,1.27158,618000000
1273259700000,1.27164,1.2723,1.27043,1.27087,735200000
1273260600000,1.27091,1.27156,1.27064,1.27144,776000000
1273261500000,1.27124,1.27346,1.27083,1.27288,924000000
1273262400000,1.27299,1.27451,1.27256,1.27381,1048300000
1273263300000,1.27368,1.27454,1.2726,1.27332,1023300000
1273264200000,1.27329,1.27403,1.27304,1.2735,688500000
1273265100000,1.27352,1.27561,1.27253,1.27476,879300000
1273438800000,1.27799,1.29188,1.27799,1.29069,752500000
1273439700000,1.29074,1.29176,1.2879,1.29149,691000000
1273440600000,1.29107,1.29375,1.28972,1.29322,1040600000
1273441500000,1.29327,1.29481,1.29254,1.29367,992100000
1273442400000,1.29368,1.29368,1.28717,1.28775,405500000
1273443300000,1.28807,1.28992,1.28747,1.28882,415500000
1273444200000,1.28846,1.29028,1.28819,1.28982,404100000
1273445100000,1.2897,1.29005,1.28587,1.28749,397500000
1273446000000,1.28716,1.28866,1.28713,1.28803,401200000
1273446900000,1.28807,1.28873,1.28732,1.28768,411100000
1273447800000,1.28772,1.2878,1.28393,1.28567,341500000
1273448700000,1.2855,1.28696,1.28529,1.28687,425800000
1273449600000,1.28673,1.28834,1.28556,1.28724,555600000
1273450500000,1.28733,1.28878,1.28707,1.28814,488500000
1273451400000,1.28819,1.29107,1.28717,1.28962,507200000
1273452300000,1.28957,1.28993,1.28298,1.28453,723200000
1273453200000,1.28448,1.28467,1.28058,1.28334,537800000
1273454100000,1.28332,1.28795,1.28329,1.28786,415900000
1273455000000,1.2877,1.28799,1.28554,1.28663,504400000
1273455900000,1.28664,1.28857,1.28599,1.28819,486300000
1273456800000,1.28808,1.29346,1.28776,1.29266,562000000
1273457700000,1.29239,1.29385,1.29094,1.29251,525900000
1273458600000,1.29203,1.29282,1.29126,1.29195,470200000
1273459500000,1.2922,1.29229,1.29099,1.29185,913300000
1273460400000,1.29168,1.2937,1.29154,1.29285,950900000
1273461300000,1.29282,1.2967,1.2926,1.29614,778500000
1273462200000,1.29622,1.29628,1.29349,1.29523,983100000
1273463100000,1.29529,1.29538,1.29334,1.29442,756200000
1273464000000,1.29437,1.29589,1.29378,1.29481,642800000
1273464900000,1.29498,1.29536,1.29366,1.29369,725600000
1273465800000,1.29348,1.29398,1.29234,1.29285,593800000
1273466700000,1.2928,1.29335,1.2917,1.29205,632200000
1273467600000,1.29203,1.29247,1.29006,1.29058,508700000
1273468500000,1.29061,1.29253,1.29036,1.2912,677500000
1273469400000,1.29112,1.29319,1.28993,1.29301,564100000
1273470300000,1.29306,1.29356,1.2919,1.29333,654600000
1273471200000,1.29341,1.29775,1.29315,1.29752,765500000
1273472100000,1.29746,1.29806,1.29646,1.29712,664700000
1273473000000,1.2972,1.29887,1.29665,1.29855,897700000
1273473900000,1.29856,1.29868,1.29707,1.29737,685900000
1273474800000,1.29737,1.2979,1.29415,1.29661,972700000
1273475700000,1.29668,1.29756,1.29576,1.29676,1047000000
1273476600000,1.29649,1.30175,1.29593,1.3014,944000000
1273477500000,1.30127,1.30469,1.30102,1.30359,1158000000
1273478400000,1.30365,1.30576,1.30294,1.30565,1355900000
1273479300000,1.30616,1.30918,1.30555,1.30699,1045000000
1273480200000,1.30662,1.30856,1.30465,1.30498,1231500000
1273481100000,1.30511,1.30565,1.30276,1.30421,1199000000
1273482000000,1.30432,1.30509,1.30277,1.30432,1001900000
1273482900000,1.30428,1.30666,1.30371,1.30646,1307600000
1273483800000,1.30657,1.30665,1.30394,1.30447,1072500000
1273484700000,1.30445,1.30475,1.30143,1.30323,1396600000
1273485600000,1.3032,1.30337,1.29967,1.30068,1181100000
1273486500000,1.30067,1.30141,1.29983,1.30054,1674300000
1273487400000,1.30049,1.30167,1.30011,1.30125,1105800000
1273488300000,1.30106,1.30124,1.29741,1.29917,1005600000
1273489200000,1.29924,1.30119,1.29796,1.30056,993800000
1273490100000,1.30045,1.30092,1.298,1.29985,766900000
1273491000000,1.29999,1.30037,1.29594,1.29618,827400000
1273491900000,1.29632,1.29797,1.29587,1.29733,775100000
1273492800000,1.29736,1.2988,1.2962,1.29677,866000000
1273493700000,1.29658,1.29684,1.29082,1.29253,735600000
1273494600000,1.29245,1.29354,1.28776,1.29033,904800000
1273495500000,1.29047,1.29347,1.28942,1.29288,1049900000
1273496400000,1.29275,1.29325,1.2903,1.29297,866500000
1273497300000,1.29289,1.29429,1.29179,1.29195,859600000
1273498200000,1.29202,1.29438,1.29174,1.29334,1019900000
1273499100000,1.29344,1.29376,1.28768,1.28807,998900000
1273500000000,1.28795,1.2882,1.28377,1.28578,983700000
1273500900000,1.28574,1.28627,1.28179,1.28208,1029200000
1273501800000,1.28229,1.28469,1.28159,1.28205,929100000
1273502700000,1.28195,1.28381,1.28158,1.28349,1118400000
1273503600000,1.28305,1.28724,1.28224,1.28237,974900000
1273504500000,1.28228,1.28472,1.28197,1.28432,1140200000
1273505400000,1.28412,1.28547,1.28358,1.28476,1165100000
1273506300000,1.2848,1.28715,1.28458,1.28592,1038300000
1273507200000,1.28586,1.28668,1.2841,1.28624,974300000
1273508100000,1.28632,1.28784,1.28248,1.28291,958500000
1273509000000,1.28305,1.2845,1.28121,1.28317,1039200000
1273509900000,1.28325,1.28383,1.28065,1.28103,1228300000
1273510800000,1.28088,1.28163,1.27635,1.27639,748100000
1273511700000,1.27635,1.28044,1.27598,1.28022,1010100000
1273512600000,1.28015,1.28176,1.27953,1.27982,889700000
1273513500000,1.27983,1.28166,1.27954,1.27973,987300000
1273514400000,1.27965,1.2805,1.27856,1.27953,835900000
1273515300000,1.2796,1.28096,1.27799,1.27819,696600000
1273516200000,1.27838,1.27929,1.2776,1.27915,621800000
1273517100000,1.27907,1.28065,1.2782,1.27995,797700000
1273518000000,1.27992,1.28032,1.27666,1.27794,699100000
1273518900000,1.27776,1.27832,1.27677,1.2776,704700000
1273519800000,1.27791,1.27845,1.27583,1.27746,834000000
1273520700000,1.27753,1.27906,1.27727,1.27836,870500000
1273521600000,1.27836,1.28025,1.27826,1.27894,1128600000
1273522500000,1.27906,1.27933,1.27744,1.27775,923100000
1273523400000,1.27776,1.27855,1.27763,1.27828,712600000
1273524300000,1.27831,1.27855,1.27725,1.27847,832000000
1273525200000,1.27834,1.27867,1.27736,1.27804,861700000
1273526100000,1.27801,1.27837,1.27735,1.27759,637400000
1273527000000,1.27759,1.27869,1.27735,1.27835,945900000
1273527900000,1.27834,1.27929,1.27827,1.27854,1049500000
1273528800000,1.27839,1.27885,1.27785,1.27826,453800000
1273529700000,1.2782,1.2787,1.27783,1.27855,362500000
1273530600000,1.27861,1.2787,1.27799,1.27817,371000000
1273531500000,1.27802,1.27814,1.27728,1.27781,380800000
1273532400000,1.27783,1.27784,1.27343,1.2742,335100000
1273533300000,1.27456,1.27524,1.27314,1.27415,366900000
1273534200000,1.274,1.27401,1.27206,1.27348,366300000
1273535100000,1.27339,1.27435,1.27256,1.27358,399000000
1273536000000,1.27355,1.2763,1.27338,1.27591,675900000
1273536900000,1.27634,1.27878,1.27596,1.27759,493200000
1273537800000,1.27745,1.27776,1.27565,1.27592,551200000
1273538700000,1.27599,1.27819,1.27562,1.27664,650700000
1273539600000,1.27704,1.27764,1.27599,1.27712,521200000
1273540500000,1.27702,1.27996,1.27682,1.27955,561500000
1273541400000,1.27947,1.27953,1.27752,1.27778,380700000
1273542300000,1.27784,1.27881,1.27701,1.27794,458400000
1273543200000,1.27787,1.27943,1.2773,1.27847,642100000
1273544100000,1.27829,1.27863,1.27747,1.27841,466400000
1273545000000,1.27852,1.27886,1.27733,1.27745,495700000
1273545900000,1.27759,1.2777,1.2755,1.27646,880300000
1273546800000,1.27652,1.27686,1.2755,1.27579,962000000
1273547700000,1.27571,1.27666,1.27554,1.27613,716200000
1273548600000,1.27611,1.27638,1.27452,1.27568,878800000
1273549500000,1.27579,1.27598,1.27422,1.27466,659100000
1273550400000,1.27476,1.27481,1.27139,1.27153,716600000
1273551300000,1.27146,1.27259,1.27029,1.27062,598500000
1273552200000,1.27098,1.27358,1.27075,1.27318,690100000
1273553100000,1.27333,1.27372,1.27154,1.27332,640100000
1273554000000,1.27344,1.2748,1.27296,1.27451,472400000
1273554900000,1.27446,1.27467,1.27276,1.27392,728500000
1273555800000,1.27398,1.27407,1.27149,1.27204,601000000
1273556700000,1.27194,1.27348,1.27169,1.27257,643200000
1273557600000,1.27255,1.2727,1.27001,1.27033,747100000
1273558500000,1.27034,1.27192,1.26772,1.26788,693300000
1273559400000,1.26795,1.27274,1.26761,1.27152,972000000
1273560300000,1.27139,1.27262,1.2692,1.27051,754300000
1273561200000,1.27031,1.27396,1.26956,1.27278,956200000
1273562100000,1.27278,1.27442,1.27181,1.27243,1117900000
1273563000000,1.27271,1.27601,1.27228,1.27351,985400000
1273563900000,1.27348,1.27508,1.27294,1.27468,1154300000
1273564800000,1.27473,1.27484,1.27196,1.27292,1280200000
1273565700000,1.27298,1.27368,1.27162,1.27278,1004900000
1273566600000,1.27296,1.27386,1.26941,1.27009,1114200000
1273567500000,1.27021,1.27094,1.26725,1.26861,1242600000
1273568400000,1.26857,1.26963,1.26795,1.26916,1042700000
1273569300000,1.26929,1.27101,1.26747,1.26759,1448700000
1273570200000,1.26766,1.26965,1.26674,1.26892,1186200000
1273571100000,1.26895,1.26969,1.26799,1.26929,1379100000
1273572000000,1.26927,1.27053,1.26845,1.27026,1161700000
1273572900000,1.27035,1.27136,1.26933,1.26965,1644100000
1273573800000,1.26951,1.26975,1.26797,1.26939,997800000
1273574700000,1.26925,1.27038,1.26782,1.26802,959300000
1273575600000,1.26788,1.26895,1.2672,1.26808,1009600000
1273576500000,1.26795,1.26859,1.26647,1.26767,784000000
1273577400000,1.2677,1.26937,1.26699,1.26893,891000000
1273578300000,1.26891,1.26895,1.26714,1.26752,835500000
1273579200000,1.26761,1.27077,1.26719,1.26992,761600000
1273580100000,1.26979,1.27035,1.26818,1.26911,827800000
1273581000000,1.26912,1.2713,1.26887,1.26999,859600000
1273581900000,1.26999,1.27057,1.26866,1.26973,1116100000
1273582800000,1.26976,1.27237,1.26918,1.2719,964600000
1273583700000,1.2718,1.27321,1.27093,1.27254,737000000
1273584600000,1.27259,1.27325,1.27105,1.27225,898900000
1273585500000,1.27228,1.2747,1.27196,1.27258,1074200000
1273586400000,1.27269,1.27393,1.27136,1.27302,973300000
1273587300000,1.27301,1.27355,1.27184,1.2722,1053700000
1273588200000,1.27215,1.2722,1.26911,1.26974,931100000
1273589100000,1.26962,1.27037,1.26814,1.26896,1026900000
1273590000000,1.269,1.27214,1.26819,1.27197,1076000000
1273590900000,1.27195,1.27206,1.2684,1.27056,1182500000
1273591800000,1.27026,1.2734,1.26827,1.27234,1094800000
1273592700000,1.27226,1.27285,1.27026,1.27127,1022000000
1273593600000,1.27129,1.27235,1.27065,1.2708,996800000
1273594500000,1.2709,1.27157,1.26967,1.2714,990900000
1273595400000,1.27123,1.27369,1.27086,1.27301,1010500000
1273596300000,1.27314,1.27497,1.27283,1.27428,1208000000
1273597200000,1.27384,1.27455,1.27303,1.27327,725500000
1273598100000,1.27293,1.27403,1.27245,1.27324,941400000
1273599000000,1.27332,1.27342,1.27153,1.2723,899500000
1273599900000,1.27227,1.27403,1.27196,1.27382,764100000
1273600800000,1.27414,1.27421,1.27181,1.27203,894500000
1273601700000,1.27197,1.2727,1.27106,1.27177,722300000
1273602600000,1.27163,1.27193,1.26927,1.26991,595000000
1273603500000,1.26977,1.27065,1.26914,1.26915,829200000
1273604400000,1.26923,1.27001,1.26844,1.26935,572200000
1273605300000,1.26925,1.26946,1.26763,1.26936,790700000
1273606200000,1.26924,1.27017,1.26827,1.2696,783700000
1273607100000,1.2697,1.26995,1.26783,1.26788,845500000
1273608000000,1.26797,1.2688,1.2676,1.26862,1078100000
1273608900000,1.26858,1.26873,1.26719,1.26755,952500000
1273609800000,1.2674,1.26763,1.26543,1.26637,666800000
1273610700000,1.26637,1.26759,1.2654,1.26593,973400000
1273611600000,1.26607,1.26676,1.265,1.26613,739500000
1273612500000,1.2658,1.26602,1.26238,1.26361,652800000
1273613400000,1.26356,1.26518,1.26245,1.26413,835200000
1273614300000,1.26425,1.26438,1.26264,1.26325,1098300000
1273615200000,1.26311,1.26356,1.2622,1.26308,467500000
1273616100000,1.26297,1.2633,1.26185,1.26205,386000000
1273617000000,1.26206,1.26274,1.26146,1.26149,400100000
1273617900000,1.26162,1.26303,1.26141,1.26297,467200000
1273618800000,1.26305,1.26398,1.26291,1.26373,335400000
1273619700000,1.26378,1.26425,1.26346,1.26398,428000000
1273620600000,1.264,1.26406,1.2625,1.2634,405300000
1273621500000,1.26371,1.26387,1.26268,1.26387,338900000
1273622400000,1.26385,1.26539,1.26377,1.26526,547900000
1273623300000,1.26534,1.26638,1.26466,1.2652,529900000
1273624200000,1.26525,1.26559,1.26337,1.26346,435500000
1273625100000,1.26349,1.26383,1.26203,1.26272,687200000
1273626000000,1.26262,1.26524,1.2625,1.26519,534000000
1273626900000,1.26517,1.2652,1.26363,1.2638,443100000
1273627800000,1.26377,1.26426,1.26299,1.26321,459600000
1273628700000,1.26312,1.26432,1.26258,1.26414,459500000
1273629600000,1.26407,1.26423,1.26339,1.26394,637900000
1273630500000,1.2638,1.26425,1.26294,1.26336,477600000
1273631400000,1.26315,1.26502,1.26313,1.2646,515600000
1273632300000,1.26456,1.26475,1.26365,1.26404,896400000
1273633200000,1.26404,1.26436,1.26351,1.26386,968100000
1273634100000,1.26375,1.26416,1.26303,1.26329,801300000
1273635000000,1.26329,1.26408,1.26275,1.26313,887600000
1273635900000,1.26308,1.26398,1.26276,1.26335,631500000
1273636800000,1.26338,1.2639,1.26276,1.26318,683900000
1273637700000,1.2632,1.26343,1.26137,1.26186,611700000
1273638600000,1.2618,1.26248,1.26133,1.26161,711800000
1273639500000,1.26173,1.26213,1.26032,1.26037,586300000
1273640400000,1.26053,1.26266,1.26037,1.26256,530400000
1273641300000,1.26257,1.26268,1.26147,1.26243,618900000
1273642200000,1.26223,1.26372,1.26157,1.26254,618100000
1273643100000,1.26247,1.26436,1.26239,1.26422,616600000
1273644000000,1.26427,1.26473,1.2621,1.26311,752000000
1273644900000,1.26317,1.26405,1.26198,1.26317,625500000
1273645800000,1.26314,1.26583,1.2628,1.26452,1003500000
1273646700000,1.26435,1.26469,1.26306,1.26344,792200000
1273647600000,1.26345,1.26515,1.26277,1.26455,918500000
1273648500000,1.26475,1.26632,1.26433,1.26614,1097500000
1273649400000,1.26598,1.26699,1.26557,1.26667,979100000
1273650300000,1.26673,1.2675,1.26569,1.26663,1067600000
1273651200000,1.26657,1.27099,1.26606,1.26974,1354600000
1273652100000,1.26977,1.27264,1.26941,1.27174,1027000000
1273653000000,1.27168,1.27395,1.26983,1.27335,1249800000
1273653900000,1.27335,1.27367,1.27169,1.27216,1168500000
1273654800000,1.27209,1.27221,1.26769,1.26774,1026900000
1273655700000,1.26784,1.27,1.26748,1.26928,1362700000
1273656600000,1.26926,1.27046,1.26757,1.26956,1260000000
1273657500000,1.26941,1.26977,1.26758,1.26955,1280400000
1273658400000,1.26959,1.27118,1.2683,1.26858,1193300000
1273659300000,1.26826,1.26908,1.26604,1.26713,1774400000
1273660200000,1.26719,1.26839,1.26612,1.26753,957600000
1273661100000,1.26749,1.26754,1.26555,1.26604,973400000
1273662000000,1.26607,1.26679,1.26523,1.26582,1008000000
1273662900000,1.26575,1.26822,1.26559,1.26746,724600000
1273663800000,1.26752,1.26835,1.26688,1.26797,954500000
1273664700000,1.26802,1.26949,1.26699,1.26852,898700000
1273665600000,1.26879,1.26962,1.26781,1.26854,749600000
1273666500000,1.26857,1.26867,1.2672,1.26764,818500000
1273667400000,1.26781,1.26854,1.26595,1.26695,821200000
1273668300000,1.26693,1.26795,1.26653,1.26677,1031600000
1273669200000,1.26688,1.26902,1.26645,1.26884,914900000
1273670100000,1.2689,1.26943,1.26676,1.26727,806400000
1273671000000,1.26712,1.26813,1.266,1.26682,925000000
1273671900000,1.26683,1.26941,1.26642,1.2694,1204100000
1273672800000,1.26939,1.27091,1.26802,1.2689,1062600000
1273673700000,1.26899,1.26972,1.26759,1.26971,1161300000
1273674600000,1.26969,1.26996,1.26599,1.26704,924400000
1273675500000,1.26711,1.26825,1.26617,1.26803,1074700000
1273676400000,1.26793,1.26914,1.26661,1.26783,1105900000
1273677300000,1.26776,1.26802,1.26239,1.26283,1084100000
1273678200000,1.26289,1.26424,1.26215,1.26405,1134800000
1273679100000,1.26376,1.26439,1.2623,1.26406,1022300000
1273680000000,1.26385,1.26469,1.26318,1.26407,1053100000
1273680900000,1.26396,1.26466,1.26341,1.26386,1026300000
1273681800000,1.26415,1.2649,1.26352,1.26447,1049500000
1273682700000,1.26455,1.26584,1.26421,1.2655,1205000000
1273683600000,1.26533,1.26564,1.2646,1.26506,763800000
1273684500000,1.26508,1.26552,1.26377,1.26442,1054800000
1273685400000,1.26432,1.26442,1.26243,1.26284,945200000
1273686300000,1.26286,1.26364,1.26142,1.26189,791900000
1273687200000,1.26197,1.26291,1.26158,1.26281,939000000
1273688100000,1.26288,1.26388,1.26168,1.26343,738000000
1273689000000,1.26365,1.26379,1.26243,1.26324,626000000
1273689900000,1.26321,1.26335,1.26204,1.26309,796800000
1273690800000,1.26294,1.2634,1.26166,1.26203,676400000
1273691700000,1.26206,1.26253,1.26152,1.26236,768100000
1273692600000,1.26226,1.26257,1.2618,1.26242,755300000
1273693500000,1.26236,1.263,1.26205,1.26255,885900000
1273694400000,1.26259,1.26286,1.26136,1.26195,1144300000
1273695300000,1.26197,1.26225,1.2614,1.26176,963500000
1273696200000,1.2617,1.26215,1.26106,1.26168,725100000
1273697100000,1.26135,1.26177,1.26076,1.26123,995400000
1273698000000,1.26134,1.26217,1.26099,1.26176,797000000
1273698900000,1.26151,1.26309,1.26143,1.26257,705300000
1273699800000,1.26246,1.2632,1.26157,1.26223,883300000
1273700700000,1.26219,1.26387,1.26212,1.26313,1061200000
1273701600000,1.26331,1.26333,1.26193,1.26243,383600000
1273702500000,1.26227,1.26328,1.26216,1.26328,383700000
1273703400000,1.26346,1.26402,1.26312,1.26371,366600000
1273704300000,1.26361,1.26379,1.26304,1.26304,400300000
1273705200000,1.26313,1.2635,1.26266,1.26276,334300000
1273706100000,1.26295,1.26386,1.2626,1.26377,376900000
1273707000000,1.26372,1.26388,1.26337,1.26377,374300000
1273707900000,1.26388,1.26457,1.26337,1.26434,464000000
1273708800000,1.26432,1.26472,1.26378,1.26455,524300000
1273709700000,1.26453,1.26459,1.26303,1.26397,495800000
1273710600000,1.264,1.26511,1.26313,1.26343,490600000
1273711500000,1.26349,1.26352,1.26238,1.26327,696100000
1273712400000,1.26315,1.26396,1.26291,1.26328,541600000
1273713300000,1.26332,1.26371,1.26272,1.2635,400800000
1273714200000,1.26337,1.26424,1.26292,1.26344,383600000
1273715100000,1.26345,1.26506,1.26324,1.26492,486500000
1273716000000,1.26487,1.26594,1.26486,1.2653,636700000
1273716900000,1.26537,1.2658,1.26466,1.26527,424700000
1273717800000,1.2653,1.26549,1.26458,1.26492,561400000
1273718700000,1.26486,1.26497,1.26356,1.26476,888100000
1273719600000,1.2651,1.26568,1.26443,1.26547,919700000
1273720500000,1.26542,1.2658,1.26477,1.26515,816700000
1273721400000,1.26512,1.26551,1.26444,1.26492,1009500000
1273722300000,1.26487,1.26507,1.26394,1.26465,730600000
1273723200000,1.26496,1.26502,1.26366,1.26405,719300000
1273724100000,1.26402,1.26597,1.26386,1.26566,586200000
1273725000000,1.26573,1.26679,1.26563,1.26646,589500000
1273725900000,1.26638,1.26663,1.26543,1.26574,622900000
1273726800000,1.26557,1.26631,1.26536,1.26578,543800000
1273727700000,1.26583,1.26594,1.26514,1.2656,611100000
1273728600000,1.26545,1.26688,1.26511,1.26674,580900000
1273729500000,1.26676,1.26715,1.26541,1.26695,617300000
1273730400000,1.26681,1.26813,1.26647,1.26763,813300000
1273731300000,1.26788,1.26805,1.26547,1.26588,794800000
1273732200000,1.26596,1.26699,1.26555,1.26605,968300000
1273733100000,1.26617,1.26726,1.26579,1.26705,776100000
1273734000000,1.26714,1.26833,1.26606,1.26733,911400000
1273734900000,1.26723,1.26809,1.26691,1.26746,984400000
1273735800000,1.26746,1.26795,1.26394,1.26437,1017200000
1273736700000,1.26452,1.2651,1.26303,1.26465,1093600000
1273737600000,1.26461,1.26545,1.26364,1.26485,1324900000
1273738500000,1.26492,1.26509,1.26234,1.26266,1036600000
1273739400000,1.26257,1.26279,1.25827,1.25915,1113600000
1273740300000,1.25897,1.25976,1.25697,1.25809,1427300000
1273741200000,1.25783,1.25906,1.2558,1.25806,1026500000
1273742100000,1.2581,1.25892,1.25675,1.25794,1331700000
1273743000000,1.25797,1.25897,1.25597,1.25883,1203900000
1273743900000,1.25874,1.25937,1.25777,1.25874,1443900000
1273744800000,1.25869,1.2595,1.2583,1.25895,1134400000
1273745700000,1.25866,1.2607,1.25843,1.25886,1735500000
1273746600000,1.25858,1.25939,1.257,1.25795,927300000
1273747500000,1.25798,1.25928,1.25766,1.25842,1067400000
1273748400000,1.25838,1.25984,1.25801,1.25937,1002200000
1273749300000,1.25938,1.26049,1.25896,1.25999,824100000
1273750200000,1.26003,1.26099,1.25929,1.25979,934600000
1273751100000,1.25977,1.26016,1.2586,1.25937,841400000
1273752000000,1.25938,1.2605,1.25815,1.25837,719700000
1273752900000,1.25841,1.25877,1.25758,1.25835,774200000
1273753800000,1.2582,1.2584,1.25505,1.25522,760900000
1273754700000,1.25528,1.25727,1.25511,1.25576,1073600000
1273755600000,1.25569,1.25673,1.25392,1.25529,898600000
1273756500000,1.25541,1.25665,1.25499,1.25568,726400000
1273757400000,1.25554,1.25634,1.25375,1.25618,953900000
1273758300000,1.25611,1.25724,1.25467,1.25475,1029400000
1273759200000,1.25482,1.25641,1.25436,1.25501,967000000
1273760100000,1.25531,1.25639,1.255,1.25587,1006200000
1273761000000,1.25573,1.25837,1.25536,1.25749,919200000
1273761900000,1.25761,1.25793,1.25627,1.25646,1097300000
1273762800000,1.25655,1.25836,1.25604,1.25753,1045000000
1273763700000,1.2575,1.25913,1.25658,1.25786,1122300000
1273764600000,1.25788,1.25837,1.25506,1.25636,1101000000
1273765500000,1.25634,1.25695,1.25484,1.25665,950900000
1273766400000,1.25649,1.25696,1.2556,1.25646,988700000
1273767300000,1.2564,1.25767,1.2563,1.25753,942800000
1273768200000,1.25745,1.25828,1.25686,1.25786,1052800000
1273769100000,1.25782,1.25817,1.25713,1.25795,1170000000
1273770000000,1.25769,1.25833,1.2564,1.25814,718500000
1273770900000,1.25816,1.25895,1.25782,1.25852,958800000
1273771800000,1.25839,1.25956,1.25784,1.25842,937400000
1273772700000,1.25841,1.25873,1.25781,1.25817,904800000
1273773600000,1.2582,1.25908,1.25783,1.25847,792500000
1273774500000,1.25868,1.25885,1.25692,1.25694,749200000
1273775400000,1.25716,1.25767,1.2561,1.25658,713500000
1273776300000,1.25639,1.25661,1.25513,1.25614,768300000
1273777200000,1.25622,1.2567,1.2549,1.25516,623500000
1273778100000,1.25535,1.25573,1.25427,1.25471,759700000
1273779000000,1.25459,1.25512,1.25319,1.25379,775700000
1273779900000,1.25394,1.25476,1.25261,1.25303,960800000
1273780800000,1.25303,1.25377,1.25253,1.25314,1037000000
1273781700000,1.25328,1.25342,1.25221,1.25247,1036000000
1273782600000,1.25298,1.25317,1.25148,1.25224,681000000
1273783500000,1.25222,1.25371,1.25171,1.2533,942300000
1273784400000,1.25316,1.2539,1.25262,1.25274,847000000
1273785300000,1.25285,1.25295,1.25143,1.25195,635200000
1273786200000,1.25163,1.25219,1.25135,1.25176,978600000
1273787100000,1.25187,1.25248,1.25171,1.25215,1025400000
1273788000000,1.25211,1.25306,1.25193,1.25283,347400000
1273788900000,1.25274,1.2535,1.25241,1.25292,447800000
1273789800000,1.25269,1.25368,1.25263,1.25353,379400000
1273790700000,1.25335,1.25381,1.2531,1.25363,370500000
1273791600000,1.25375,1.25379,1.25272,1.25292,376900000
1273792500000,1.25303,1.25391,1.25252,1.25386,401800000
1273793400000,1.25345,1.25399,1.25312,1.25323,376000000
1273794300000,1.25319,1.25338,1.25229,1.25288,346700000
1273795200000,1.25276,1.25431,1.25206,1.25276,512400000
1273796100000,1.25288,1.25327,1.25176,1.25204,538600000
1273797000000,1.25199,1.25302,1.25145,1.25265,581700000
1273797900000,1.25262,1.25354,1.25196,1.25239,551500000
1273798800000,1.25217,1.25283,1.25166,1.2523,620500000
1273799700000,1.25235,1.25269,1.25189,1.25245,459900000
1273800600000,1.25257,1.25381,1.25219,1.25346,454800000
1273801500000,1.25351,1.25386,1.25309,1.25355,490000000
1273802400000,1.25342,1.25463,1.25322,1.25449,638300000
1273803300000,1.25483,1.25488,1.25354,1.25394,487900000
1273804200000,1.25383,1.25459,1.25276,1.25305,493700000
1273805100000,1.25311,1.25341,1.25223,1.2528,838000000
1273806000000,1.25292,1.25374,1.25245,1.25298,1134300000
1273806900000,1.25304,1.25361,1.25273,1.25307,772900000
1273807800000,1.25302,1.25398,1.25262,1.25372,837700000
1273808700000,1.25379,1.25396,1.25295,1.25345,689300000
1273809600000,1.25334,1.2543,1.2532,1.25406,700700000
1273810500000,1.25415,1.25469,1.25347,1.25404,625300000
1273811400000,1.2542,1.25476,1.25366,1.25445,632500000
1273812300000,1.2545,1.25457,1.25351,1.25397,587600000
1273813200000,1.25402,1.25486,1.25377,1.25476,544800000
1273814100000,1.25481,1.2558,1.2544,1.25543,677500000
1273815000000,1.25538,1.25593,1.25426,1.25436,586100000
1273815900000,1.25427,1.25433,1.25161,1.25292,705900000
1273816800000,1.2528,1.25624,1.25204,1.25576,689800000
1273817700000,1.25548,1.25586,1.25356,1.25412,659600000
1273818600000,1.2541,1.25708,1.2538,1.25627,930400000
1273819500000,1.25632,1.25733,1.25581,1.25668,629900000
1273820400000,1.25663,1.25756,1.25394,1.25506,981200000
1273821300000,1.25516,1.25531,1.25366,1.25388,978000000
1273822200000,1.25387,1.2542,1.25255,1.25352,1074300000
1273823100000,1.25354,1.25369,1.25156,1.25217,1150000000
1273824000000,1.25218,1.25239,1.24986,1.25117,1231000000
1273824900000,1.25119,1.25158,1.2491,1.25092,968700000
1273825800000,1.25094,1.25287,1.25037,1.25092,1073500000
1273826700000,1.25087,1.25216,1.24781,1.24825,1161200000
1273827600000,1.24846,1.24928,1.24676,1.24821,985000000
1273828500000,1.24806,1.24821,1.24596,1.24714,1388200000
1273829400000,1.24704,1.24769,1.24436,1.24478,1248400000
1273830300000,1.24486,1.24599,1.24297,1.24404,1453600000
1273831200000,1.24413,1.24551,1.24354,1.24478,1056900000
1273832100000,1.24467,1.24667,1.24436,1.24631,1771500000
1273833000000,1.24629,1.24701,1.24487,1.2464,936300000
1273833900000,1.24626,1.24715,1.24443,1.24637,1107600000
1273834800000,1.2462,1.24804,1.246,1.24715,965000000
1273835700000,1.24716,1.24806,1.24624,1.24651,693000000
1273836600000,1.24638,1.24829,1.24631,1.24776,794000000
1273837500000,1.24774,1.24877,1.2471,1.24782,791700000
1273838400000,1.24772,1.24991,1.247,1.24883,694800000
1273839300000,1.24894,1.24981,1.24822,1.24877,842700000
1273840200000,1.24895,1.25156,1.24721,1.25144,776300000
1273841100000,1.25138,1.25335,1.25084,1.25184,1265600000
1273842000000,1.25158,1.25194,1.24809,1.24849,901500000
1273842900000,1.24862,1.25113,1.24818,1.24968,780900000
1273843800000,1.24972,1.25004,1.24433,1.2457,991600000
1273844700000,1.24568,1.24617,1.24356,1.2443,1092500000
1273845600000,1.24433,1.24523,1.24214,1.24516,1158000000
1273846500000,1.24522,1.24621,1.24316,1.24397,1077900000
1273847400000,1.24391,1.24453,1.24194,1.24277,896600000
1273848300000,1.24274,1.24434,1.24195,1.24233,982300000
1273849200000,1.24266,1.2427,1.23619,1.2391,1123500000
1273850100000,1.23908,1.23938,1.23566,1.23816,1043100000
1273851000000,1.23823,1.23992,1.23734,1.23875,1014800000
1273851900000,1.23881,1.23902,1.23713,1.23892,952000000
1273852800000,1.23898,1.23952,1.23616,1.23648,1086800000
1273853700000,1.23665,1.23924,1.23628,1.23885,906900000
1273854600000,1.23897,1.24148,1.23836,1.24058,1025500000
1273855500000,1.24051,1.24294,1.23994,1.24274,1174000000
1273856400000,1.24262,1.24378,1.24083,1.24122,728800000
1273857300000,1.24103,1.24134,1.23864,1.23903,993200000
1273858200000,1.23902,1.23925,1.23813,1.23882,969800000
1273859100000,1.23877,1.24041,1.2384,1.23943,856100000
1273860000000,1.23933,1.24027,1.238,1.23911,838100000
1273860900000,1.23917,1.2399,1.23824,1.23945,755100000
1273861800000,1.23946,1.24029,1.2389,1.2397,704200000
1273862700000,1.23962,1.24003,1.23806,1.2383,868400000
1273863600000,1.23831,1.23955,1.23802,1.23858,658700000
1273864500000,1.23857,1.23876,1.23685,1.23786,755000000
1273865400000,1.23794,1.23846,1.23684,1.23836,868900000
1273866300000,1.23833,1.23952,1.23711,1.23792,922700000
1273867200000,1.23791,1.23844,1.23586,1.23646,1009800000
1273868100000,1.23663,1.23674,1.23522,1.23586,1039600000
1273869000000,1.23564,1.23669,1.23549,1.23629,705700000
1273869900000,1.23625,1.23692,1.23552,1.23583,922000000
1274043600000,1.23537,1.23565,1.23373,1.23526,855700000
1274044500000,1.23534,1.23691,1.23525,1.23565,695200000
1274045400000,1.23558,1.23591,1.23494,1.23513,829800000
1274046300000,1.235,1.2354,1.23421,1.23495,1009100000
1274047200000,1.23469,1.23691,1.23432,1.23681,358800000
1274048100000,1.23687,1.23706,1.23593,1.23614,376400000
1274049000000,1.23619,1.2369,1.236,1.23666,393800000
1274049900000,1.23657,1.2371,1.23613,1.2369,370100000
1274050800000,1.23705,1.23708,1.23592,1.23612,324700000
1274051700000,1.23606,1.23676,1.23582,1.23651,408000000
1274052600000,1.23657,1.23671,1.23557,1.23617,347100000
1274053500000,1.23618,1.23664,1.23522,1.23553,364000000
1274054400000,1.23545,1.23637,1.23533,1.23568,564100000
1274055300000,1.23556,1.23557,1.23318,1.23407,473300000
1274056200000,1.23385,1.23547,1.23314,1.23359,452800000
1274057100000,1.23371,1.23485,1.23318,1.23451,650900000
1274058000000,1.23443,1.23617,1.23422,1.23549,585100000
1274058900000,1.23547,1.23583,1.23434,1.23434,432000000
1274059800000,1.23425,1.23526,1.23316,1.23408,387300000
1274060700000,1.23412,1.23497,1.23354,1.23427,473200000
1274061600000,1.23407,1.2343,1.2302,1.23048,599600000
1274062500000,1.23057,1.23074,1.224,1.22616,498600000
1274063400000,1.22597,1.22765,1.22373,1.22643,566200000
1274064300000,1.22637,1.2279,1.22572,1.22692,1001800000
1274065200000,1.2267,1.22779,1.22559,1.22695,1002700000
1274066100000,1.22708,1.22908,1.22633,1.22757,840000000
1274067000000,1.22751,1.22863,1.22634,1.22653,881600000
1274067900000,1.22659,1.22709,1.22501,1.22656,713300000
1274068800000,1.22656,1.22796,1.22624,1.22775,758600000
1274069700000,1.22778,1.22817,1.22666,1.22777,677700000
1274070600000,1.22772,1.2286,1.22699,1.22848,605300000
1274071500000,1.22842,1.2291,1.22785,1.22897,660600000
1274072400000,1.22912,1.22955,1.22701,1.22744,544700000
1274073300000,1.22736,1.22758,1.22593,1.22719,687400000
1274074200000,1.22703,1.22826,1.22536,1.22607,611500000
1274075100000,1.2258,1.22745,1.22544,1.2271,734600000
1274076000000,1.22705,1.22895,1.22664,1.22755,794700000
1274076900000,1.22767,1.23037,1.22694,1.22855,668300000
1274077800000,1.22837,1.23092,1.22794,1.22915,861300000
1274078700000,1.22915,1.23065,1.22871,1.23,675300000
1274079600000,1.23017,1.23176,1.22927,1.23139,1010500000
1274080500000,1.23128,1.23212,1.23075,1.23136,1055900000
1274081400000,1.23131,1.23174,1.22835,1.22885,950700000
1274082300000,1.22885,1.22907,1.22545,1.22711,1123000000
1274083200000,1.22693,1.22985,1.22624,1.22937,1152600000
1274084100000,1.22931,1.23034,1.22893,1.22973,974000000
1274085000000,1.2296,1.23019,1.22706,1.22818,1065900000
1274085900000,1.22831,1.22898,1.22762,1.22831,1145900000
1274086800000,1.2282,1.2309,1.22772,1.22976,1088900000
1274087700000,1.22967,1.23286,1.22954,1.23184,1362600000
1274088600000,1.23178,1.23196,1.23018,1.23095,1155400000
1274089500000,1.23086,1.2314,1.22917,1.22984,1301900000
1274090400000,1.22978,1.232,1.22942,1.23118,1131800000
1274091300000,1.23108,1.23206,1.23018,1.23171,1746800000
1274092200000,1.23188,1.23287,1.23156,1.23209,991200000
1274093100000,1.23215,1.23249,1.23096,1.23101,1016300000
1274094000000,1.23096,1.23292,1.23075,1.23236,915700000
1274094900000,1.23238,1.23496,1.23198,1.23445,768400000
1274095800000,1.23444,1.23457,1.23285,1.23378,846600000
1274096700000,1.23411,1.23637,1.23382,1.23512,745100000
1274097600000,1.23521,1.2366,1.23375,1.23487,719800000
1274098500000,1.23497,1.235,1.23252,1.23329,847000000
1274099400000,1.23318,1.23454,1.23248,1.2342,788900000
1274100300000,1.23411,1.23543,1.23335,1.23385,1004100000
1274101200000,1.23405,1.23607,1.23367,1.23543,885200000
1274102100000,1.23551,1.23949,1.23499,1.23766,767100000
1274103000000,1.23764,1.24134,1.23679,1.23872,924900000
1274103900000,1.23862,1.23928,1.2361,1.23665,1152100000
1274104800000,1.23656,1.23801,1.23588,1.23751,1103900000
1274105700000,1.23746,1.23862,1.23539,1.23723,976700000
1274106600000,1.23716,1.23735,1.23338,1.23351,845300000
1274107500000,1.23351,1.23506,1.23305,1.23327,987900000
1274108400000,1.23335,1.23456,1.23262,1.23287,1081000000
1274109300000,1.23268,1.23316,1.2303,1.23155,1220500000
1274110200000,1.23163,1.23389,1.23117,1.23347,1045800000
1274111100000,1.2333,1.23364,1.22938,1.22976,1007400000
1274112000000,1.22977,1.23157,1.22798,1.23084,980100000
1274112900000,1.23084,1.23307,1.22964,1.23176,986800000
1274113800000,1.23175,1.23293,1.23089,1.23167,967800000
1274114700000,1.23167,1.23305,1.23112,1.23193,1168900000
1274115600000,1.23201,1.23292,1.23145,1.23219,793100000
1274116500000,1.23198,1.2345,1.23186,1.23366,1009200000
1274117400000,1.23358,1.23561,1.23336,1.23424,882300000
1274118300000,1.2341,1.23573,1.23335,1.23549,943400000
1274119200000,1.23547,1.23671,1.23497,1.23647,893700000
1274120100000,1.23664,1.23783,1.23522,1.23564,786500000
1274121000000,1.23558,1.2373,1.23393,1.23708,652900000
1274121900000,1.23719,1.2395,1.23675,1.23833,867400000
1274122800000,1.23835,1.23979,1.23777,1.2379,705100000
1274123700000,1.23776,1.23828,1.23656,1.23805,770600000
1274124600000,1.23804,1.23986,1.23767,1.23904,854600000
1274125500000,1.23906,1.23935,1.23773,1.2382,1002300000
1274126400000,1.23827,1.23918,1.23763,1.23894,1047900000
1274127300000,1.2389,1.23948,1.23861,1.23925,1012400000
1274128200000,1.23931,1.23987,1.23903,1.23935,772600000
1274129100000,1.23942,1.23974,1.23874,1.23916,1026500000
1274130000000,1.23928,1.23976,1.2388,1.2394,760200000
1274130900000,1.23937,1.23959,1.23835,1.23936,691700000
1274131800000,1.23921,1.23964,1.23882,1.23932,1024800000
1274132700000,1.2394,1.23999,1.23891,1.23992,1143900000
1274133600000,1.23973,1.23979,1.23835,1.23869,396400000
1274134500000,1.23887,1.23971,1.23867,1.23928,381800000
1274135400000,1.23933,1.23998,1.23905,1.23974,354300000
1274136300000,1.2397,1.23988,1.23872,1.23897,384800000
1274137200000,1.23868,1.23887,1.23777,1.23825,342100000
1274138100000,1.23832,1.23847,1.23775,1.23837,396800000
1274139000000,1.23828,1.23871,1.23719,1.23738,346300000
1274139900000,1.23731,1.23834,1.23718,1.23813,344600000
1274140800000,1.23823,1.23845,1.2368,1.23728,569700000
1274141700000,1.23726,1.23737,1.23455,1.23581,557500000
1274142600000,1.23582,1.23609,1.23424,1.23461,476200000
1274143500000,1.23447,1.23499,1.2339,1.2341,701300000
1274144400000,1.23402,1.23449,1.23222,1.23333,487200000
1274145300000,1.23339,1.23432,1.23277,1.23348,412300000
1274146200000,1.23357,1.23515,1.23285,1.23511,391600000
1274147100000,1.23507,1.23579,1.23447,1.23569,441100000
1274148000000,1.23586,1.23588,1.23435,1.23498,645900000
1274148900000,1.23499,1.23543,1.23467,1.23507,497500000
1274149800000,1.23528,1.23528,1.23364,1.23393,453600000
1274150700000,1.23383,1.23454,1.23161,1.23207,918500000
1274151600000,1.23193,1.23313,1.23107,1.23259,1089500000
1274152500000,1.23258,1.2333,1.23193,1.23306,910100000
1274153400000,1.2329,1.23401,1.23258,1.23378,970700000
1274154300000,1.23381,1.23397,1.23272,1.23331,619000000
1274155200000,1.23349,1.23411,1.23304,1.23363,711200000
1274156100000,1.23355,1.23447,1.23277,1.23381,695400000
1274157000000,1.2338,1.2344,1.23343,1.23344,639500000
1274157900000,1.23368,1.23418,1.23292,1.23324,619400000
1274158800000,1.23314,1.23328,1.23143,1.23197,588000000
1274159700000,1.23188,1.23405,1.23145,1.23347,650400000
1274160600000,1.23363,1.23581,1.23338,1.23543,552800000
1274161500000,1.23551,1.23639,1.2343,1.23637,652000000
1274162400000,1.23627,1.23722,1.23515,1.23543,744400000
1274163300000,1.23557,1.23853,1.23513,1.23815,651200000
1274164200000,1.23817,1.2383,1.23615,1.23781,977600000
1274165100000,1.23788,1.23929,1.23684,1.23842,729000000
1274166000000,1.23827,1.23924,1.23692,1.23907,931900000
1274166900000,1.23897,1.242,1.23851,1.24131,929700000
1274167800000,1.2413,1.24166,1.23794,1.23874,1002000000
1274168700000,1.23861,1.23966,1.23644,1.23842,1120500000
1274169600000,1.23847,1.24138,1.23816,1.24051,1367900000
1274170500000,1.24046,1.24298,1.23937,1.24236,909300000
1274171400000,1.24236,1.24325,1.24013,1.24099,1120100000
1274172300000,1.24096,1.24237,1.23777,1.23806,1166500000
1274173200000,1.23811,1.24226,1.2378,1.23957,1018800000
1274174100000,1.23959,1.24129,1.23737,1.23748,1417200000
1274175000000,1.23731,1.2396,1.23639,1.23802,1185100000
1274175900000,1.23816,1.24099,1.23767,1.24093,1519900000
1274176800000,1.24069,1.24137,1.23971,1.24029,1140200000
1274177700000,1.24014,1.24264,1.23971,1.24224,1847500000
1274178600000,1.24234,1.24282,1.24105,1.24218,948600000
1274179500000,1.24218,1.24237,1.23973,1.24036,1055900000
1274180400000,1.24035,1.24226,1.23994,1.2417,967600000
1274181300000,1.24173,1.24214,1.24047,1.24082,801800000
1274182200000,1.24076,1.24249,1.24036,1.2421,901300000
1274183100000,1.24224,1.24436,1.24197,1.24247,768400000
1274184000000,1.24242,1.24336,1.24202,1.24268,682700000
1274184900000,1.24262,1.24276,1.24029,1.24142,859000000
1274185800000,1.24125,1.24187,1.23958,1.24167,878900000
1274186700000,1.24166,1.24259,1.24069,1.24112,993600000
1274187600000,1.24112,1.24199,1.2399,1.24186,1026900000
1274188500000,1.24171,1.24324,1.24074,1.24306,768200000
1274189400000,1.24306,1.24357,1.24108,1.24168,848600000
1274190300000,1.24156,1.24315,1.24107,1.24147,1079400000
1274191200000,1.24135,1.24178,1.23797,1.23965,1028000000
1274192100000,1.2396,1.24095,1.23897,1.2399,1082800000
1274193000000,1.23965,1.24035,1.23807,1.2385,889300000
1274193900000,1.23832,1.23859,1.23595,1.23739,1116200000
1274194800000,1.23735,1.23791,1.23537,1.23675,1073400000
1274195700000,1.2367,1.2374,1.23515,1.23722,1002900000
1274196600000,1.23726,1.23816,1.23565,1.23598,1189700000
1274197500000,1.23597,1.23633,1.23461,1.23568,1021300000
1274198400000,1.23572,1.23715,1.23416,1.23609,954700000
1274199300000,1.23614,1.237,1.23516,1.23652,1083200000
1274200200000,1.23644,1.23714,1.2355,1.23606,967300000
1274201100000,1.23605,1.23657,1.23283,1.23337,1236700000
1274202000000,1.2333,1.23356,1.2292,1.2298,831900000
1274202900000,1.22953,1.23116,1.22822,1.22978,953500000
1274203800000,1.22957,1.23139,1.22663,1.2278,828700000
1274204700000,1.2277,1.2288,1.22609,1.22623,824800000
1274205600000,1.22608,1.22757,1.22524,1.22723,905100000
1274206500000,1.22718,1.22768,1.22547,1.22687,699200000
1274207400000,1.22689,1.2272,1.22466,1.22555,714600000
1274208300000,1.22546,1.22613,1.21987,1.22046,779800000
1274209200000,1.22048,1.22269,1.21641,1.22266,703000000
1274210100000,1.22252,1.22315,1.21931,1.21979,719400000
1274211000000,1.21968,1.22153,1.21907,1.22105,920300000
1274211900000,1.22091,1.22145,1.21997,1.22074,931400000
1274212800000,1.22078,1.2212,1.2193,1.22104,1058200000
1274213700000,1.22098,1.22203,1.22029,1.22135,949800000
1274214600000,1.2214,1.22168,1.22005,1.22049,705600000
1274215500000,1.22053,1.22099,1.21959,1.22002,1062900000
1274216400000,1.22002,1.22016,1.21803,1.21856,847400000
1274217300000,1.21842,1.21879,1.21564,1.21582,681400000
1274218200000,1.21602,1.21735,1.21573,1.21695,857700000
1274219100000,1.21689,1.21847,1.21662,1.21713,993100000
1274220000000,1.21659,1.21772,1.21621,1.21669,396900000
1274220900000,1.21672,1.21744,1.21643,1.21706,414700000
1274221800000,1.21721,1.21802,1.21677,1.21788,347700000
1274222700000,1.21782,1.21814,1.21694,1.218,374400000
1274223600000,1.21818,1.21853,1.21675,1.21745,351700000
1274224500000,1.2175,1.21901,1.21735,1.21879,427700000
1274225400000,1.2186,1.21952,1.21833,1.21849,356700000
1274226300000,1.21851,1.21867,1.21444,1.21457,394500000
1274227200000,1.21435,1.21765,1.21429,1.21718,664700000
1274228100000,1.21735,1.21828,1.21665,1.21753,538800000
1274229000000,1.2176,1.21866,1.21469,1.21513,528900000
1274229900000,1.21514,1.21676,1.21508,1.21624,587000000
1274230800000,1.21636,1.2177,1.21485,1.21746,548500000
1274231700000,1.21732,1.21861,1.21722,1.21836,485900000
1274232600000,1.21829,1.21912,1.21737,1.21756,381600000
1274233500000,1.21736,1.21813,1.2163,1.21808,494900000
1274234400000,1.218,1.21955,1.21765,1.21808,650300000
1274235300000,1.21827,1.21913,1.21794,1.21875,436600000
1274236200000,1.2185,1.21913,1.21804,1.21905,477100000
1274237100000,1.21904,1.22082,1.21876,1.22017,981300000
1274238000000,1.22015,1.22123,1.21935,1.22045,1058900000
1274238900000,1.22054,1.22196,1.22028,1.22126,767500000
1274239800000,1.22114,1.22233,1.2211,1.22138,1018700000
1274240700000,1.22151,1.22165,1.21807,1.21901,611400000
1274241600000,1.21883,1.22018,1.21822,1.21939,736000000
1274242500000,1.2193,1.22075,1.21907,1.21951,625600000
1274243400000,1.21955,1.22029,1.21845,1.22017,673700000
1274244300000,1.22025,1.22029,1.21863,1.21885,656700000
1274245200000,1.21897,1.22074,1.21868,1.22052,512000000
1274246100000,1.2206,1.22196,1.22003,1.22133,679400000
1274247000000,1.2214,1.22186,1.22055,1.22074,645900000
1274247900000,1.22084,1.22102,1.21859,1.21924,599900000
1274248800000,1.21917,1.22002,1.2163,1.21636,792500000
1274249700000,1.21649,1.21958,1.21601,1.21925,676300000
1274250600000,1.21932,1.21958,1.21776,1.21892,910100000
1274251500000,1.21888,1.22167,1.21866,1.22152,663500000
1274252400000,1.22134,1.22272,1.21488,1.21905,886100000
1274253300000,1.21928,1.22028,1.21761,1.21984,941800000
1274254200000,1.21984,1.2204,1.2186,1.22003,1053600000
1274255100000,1.2201,1.22141,1.21873,1.21939,1029600000
1274256000000,1.21945,1.21957,1.21696,1.21726,1276000000
1274256900000,1.21724,1.21853,1.21536,1.21694,1044500000
1274257800000,1.21701,1.21827,1.21596,1.21628,1043100000
1274258700000,1.21636,1.21767,1.21567,1.21749,1144400000
1274259600000,1.2175,1.21957,1.21725,1.21909,1180300000
1274260500000,1.21912,1.21926,1.21627,1.21694,1439900000
1274261400000,1.21705,1.21895,1.21688,1.21838,1194200000
1274262300000,1.21825,1.2192,1.21766,1.21804,1498300000
1274263200000,1.21787,1.2197,1.2177,1.2189,1181900000
1274264100000,1.21876,1.2193,1.21608,1.21672,1845700000
1274265000000,1.21672,1.21918,1.21646,1.21845,977200000
1274265900000,1.21849,1.21894,1.21755,1.21806,1073300000
1274266800000,1.21795,1.22136,1.21781,1.22036,910900000
1274267700000,1.22035,1.22118,1.21862,1.221,878100000
1274268600000,1.22086,1.22121,1.21881,1.2203,822400000
1274269500000,1.22021,1.22148,1.21973,1.22094,882800000
1274270400000,1.22098,1.22684,1.22068,1.22684,741800000
1274271300000,1.22702,1.22769,1.22297,1.22362,803100000
1274272200000,1.2237,1.22693,1.22334,1.2265,750100000
1274273100000,1.22689,1.23269,1.22561,1.23162,1064600000
1274274000000,1.23128,1.2323,1.22843,1.22937,930000000
1274274900000,1.22931,1.23126,1.22699,1.22776,776100000
1274275800000,1.22776,1.23085,1.22625,1.23068,941300000
1274276700000,1.23076,1.23204,1.22949,1.23178,1030500000
1274277600000,1.23187,1.23485,1.22943,1.23162,1110600000
1274278500000,1.23183,1.23403,1.22553,1.23292,943800000
1274279400000,1.23306,1.2365,1.2319,1.23408,930500000
1274280300000,1.2342,1.23575,1.23197,1.23354,991900000
1274281200000,1.23368,1.23405,1.23181,1.23326,1031000000
1274282100000,1.2333,1.23501,1.23006,1.23182,1111900000
1274283000000,1.23178,1.23273,1.23026,1.23117,1091400000
1274283900000,1.23123,1.23179,1.22864,1.23152,1048000000
1274284800000,1.23152,1.23247,1.23029,1.23193,1081800000
1274285700000,1.23203,1.23398,1.23029,1.23306,950500000
1274286600000,1.23275,1.23413,1.23175,1.23292,906100000
1274287500000,1.23304,1.23413,1.23142,1.23387,1367400000
1274288400000,1.23395,1.23463,1.23283,1.23442,812100000
1274289300000,1.2343,1.23444,1.23301,1.23367,1042200000
1274290200000,1.2336,1.23564,1.23272,1.23542,878300000
1274291100000,1.23558,1.23956,1.23475,1.23794,924400000
1274292000000,1.23793,1.23974,1.23731,1.2379,851300000
1274292900000,1.23782,1.23894,1.23618,1.23747,824600000
1274293800000,1.23757,1.23972,1.23653,1.23923,673600000
1274294700000,1.23914,1.23978,1.23687,1.2372,788100000
1274295600000,1.23731,1.23855,1.23593,1.2367,586500000
1274296500000,1.23672,1.23891,1.23649,1.23824,744600000
1274297400000,1.23805,1.23874,1.23689,1.23821,793200000
1274298300000,1.23836,1.23972,1.23764,1.23836,935000000
1274299200000,1.23836,1.23951,1.23796,1.23894,1049100000
1274300100000,1.2389,1.23925,1.23825,1.23888,997100000
1274301000000,1.23902,1.24165,1.23842,1.24155,676000000
1274301900000,1.24154,1.24235,1.24062,1.24124,940300000
1274302800000,1.24122,1.24302,1.24119,1.24257,807000000
1274303700000,1.24241,1.24304,1.24128,1.24143,589400000
1274304600000,1.24165,1.24293,1.24119,1.24273,986900000
1274305500000,1.24283,1.24298,1.24196,1.24215,1077200000
1274306400000,1.24194,1.24217,1.23999,1.24031,340700000
1274307300000,1.24034,1.24091,1.2398,1.24053,393900000
1274308200000,1.24046,1.24096,1.23946,1.23958,418400000
1274309100000,1.23972,1.23979,1.23841,1.23844,356800000
1274310000000,1.23875,1.23964,1.23841,1.23905,359400000
1274310900000,1.2389,1.23917,1.23811,1.23849,403100000
1274311800000,1.23838,1.23911,1.2379,1.23816,331000000
1274312700000,1.23809,1.23858,1.23732,1.23839,328000000
1274313600000,1.23837,1.23843,1.23623,1.23663,543600000
1274314500000,1.2366,1.23704,1.23544,1.23644,494000000
1274315400000,1.23647,1.23715,1.23484,1.23521,506700000
1274316300000,1.23526,1.23546,1.23417,1.23525,648100000
1274317200000,1.23521,1.23572,1.23352,1.23453,598400000
1274318100000,1.23412,1.23454,1.2327,1.23344,391900000
1274319000000,1.23325,1.2341,1.23293,1.23393,453800000
1274319900000,1.2339,1.23454,1.23189,1.23247,486900000
1274320800000,1.23272,1.23359,1.23224,1.23324,567500000
1274321700000,1.2332,1.23503,1.23277,1.23499,437100000
1274322600000,1.23488,1.23508,1.23414,1.23501,491800000
1274323500000,1.23495,1.23538,1.23385,1.23529,911600000
1274324400000,1.23543,1.2359,1.23455,1.23549,953700000
1274325300000,1.2357,1.23597,1.23465,1.23559,737300000
1274326200000,1.23549,1.23666,1.23522,1.23588,969800000
1274327100000,1.23598,1.2362,1.23453,1.23616,674200000
1274328000000,1.23592,1.23611,1.23496,1.23562,757500000
1274328900000,1.23565,1.23614,1.23505,1.2357,723800000
1274329800000,1.2358,1.237,1.23551,1.23627,605500000
1274330700000,1.23612,1.23656,1.23487,1.23519,602800000
1274331600000,1.23514,1.23534,1.23351,1.23471,501100000
1274332500000,1.23491,1.23627,1.23467,1.23515,591300000
1274333400000,1.23531,1.2363,1.2322,1.23402,607600000
1274334300000,1.23409,1.23507,1.23325,1.23413,722100000
1274335200000,1.23414,1.23523,1.23337,1.23364,773800000
1274336100000,1.23355,1.23489,1.23254,1.23417,762200000
1274337000000,1.23421,1.23731,1.23354,1.2369,966000000
1274337900000,1.23699,1.24373,1.23656,1.24157,711400000
1274338800000,1.24195,1.24326,1.2401,1.24022,939000000
1274339700000,1.24016,1.24032,1.23713,1.24023,905000000
1274340600000,1.24024,1.24233,1.23997,1.24142,938200000
1274341500000,1.24134,1.24328,1.24093,1.24199,1233200000
1274342400000,1.24177,1.24205,1.23996,1.24036,1286600000
1274343300000,1.24037,1.24044,1.23694,1.2375,894300000
1274344200000,1.23754,1.24023,1.23572,1.23979,1167100000
1274345100000,1.24014,1.24194,1.23917,1.23995,1248900000
1274346000000,1.23993,1.24075,1.23754,1.23768,1083900000
1274346900000,1.23787,1.23901,1.23618,1.23786,1297200000
1274347800000,1.2378,1.23957,1.23747,1.23876,1066300000
1274348700000,1.23879,1.23927,1.23597,1.23598,1419300000
1274349600000,1.23616,1.2366,1.23433,1.23541,1113100000
1274350500000,1.23535,1.2364,1.23462,1.23486,1842200000
1274351400000,1.23493,1.23555,1.23129,1.23238,1044400000
1274352300000,1.23228,1.23369,1.23178,1.23326,1069400000
1274353200000,1.2334,1.23486,1.23304,1.23326,1026700000
1274354100000,1.23326,1.23509,1.2306,1.23202,732000000
1274355000000,1.23226,1.23405,1.23106,1.23381,813300000
1274355900000,1.23407,1.23534,1.23216,1.23505,811800000
1274356800000,1.23497,1.23525,1.23311,1.23332,752100000
1274357700000,1.23319,1.23383,1.23183,1.23235,853400000
1274358600000,1.23219,1.23498,1.23097,1.23454,806700000
1274359500000,1.23466,1.23737,1.23364,1.23553,1018400000
1274360400000,1.23562,1.23888,1.23523,1.23837,994900000
1274361300000,1.23821,1.23857,1.23517,1.23526,792200000
1274362200000,1.23522,1.23743,1.23347,1.23372,970700000
1274363100000,1.23376,1.23578,1.23349,1.23407,1077700000
1274364000000,1.23413,1.2364,1.23234,1.23247,997500000
1274364900000,1.23253,1.23403,1.22951,1.23208,1006500000
1274365800000,1.23236,1.23489,1.23147,1.23325,936900000
1274366700000,1.23332,1.23393,1.23144,1.23317,1036600000
1274367600000,1.23323,1.23724,1.23298,1.23538,1119300000
1274368500000,1.23536,1.2375,1.23423,1.23726,1031200000
1274369400000,1.23739,1.23878,1.23638,1.23722,1091500000
1274370300000,1.23723,1.23824,1.23635,1.23688,956800000
1274371200000,1.23677,1.23754,1.23598,1.2361,961700000
1274372100000,1.23602,1.23655,1.23467,1.23588,995200000
1274373000000,1.2359,1.23658,1.23486,1.23504,1032000000
1274373900000,1.23495,1.23547,1.23346,1.2339,1195000000
1274374800000,1.23392,1.23935,1.23378,1.23863,760100000
1274375700000,1.23866,1.24947,1.23859,1.24571,997500000
1274376600000,1.2459,1.25081,1.2454,1.24867,986700000
1274377500000,1.24877,1.25033,1.24747,1.24923,911900000
1274378400000,1.24939,1.25196,1.24773,1.25176,820300000
1274379300000,1.25191,1.25489,1.25005,1.25445,746700000
1274380200000,1.25418,1.25916,1.25369,1.25715,606800000
1274381100000,1.25679,1.25969,1.25619,1.25632,775000000
1274382000000,1.25625,1.25838,1.25374,1.25404,631600000
1274382900000,1.25414,1.25593,1.25356,1.25456,743700000
1274383800000,1.25465,1.2553,1.25116,1.25183,825400000
1274384700000,1.25207,1.25287,1.24985,1.25089,905300000
1274385600000,1.25099,1.25164,1.24826,1.24833,983600000
1274386500000,1.24841,1.25008,1.24776,1.24864,1148800000
1274387400000,1.24847,1.24934,1.24796,1.2482,727800000
1274388300000,1.24798,1.25013,1.24798,1.24866,922700000
1274389200000,1.24842,1.24892,1.2457,1.24623,924400000
1274390100000,1.24663,1.24766,1.24552,1.24613,642900000
1274391000000,1.24605,1.24699,1.24549,1.24549,905300000
1274391900000,1.24575,1.24745,1.24549,1.24672,1049200000
1274392800000,1.24686,1.24823,1.24627,1.24768,422100000
1274393700000,1.24745,1.2488,1.24741,1.24816,460200000
1274394600000,1.24828,1.24859,1.24666,1.24727,326500000
1274395500000,1.24724,1.24836,1.24649,1.24836,365600000
1274396400000,1.24815,1.24953,1.24748,1.249,384700000
1274397300000,1.24903,1.25252,1.24831,1.25252,388400000
1274398200000,1.2523,1.25315,1.25118,1.25315,361500000
1274399100000,1.25316,1.25408,1.25214,1.25375,325200000
1274400000000,1.25385,1.25393,1.25122,1.25208,586700000
1274400900000,1.25216,1.25299,1.25106,1.25122,530000000
1274401800000,1.25134,1.25179,1.25006,1.25066,592500000
1274402700000,1.25032,1.25336,1.24984,1.2521,617500000
1274403600000,1.2525,1.25432,1.2523,1.25345,582400000
1274404500000,1.25367,1.25409,1.25284,1.2534,442500000
1274405400000,1.2533,1.25497,1.25325,1.25484,445000000
1274406300000,1.25511,1.25722,1.25493,1.25648,504700000
1274407200000,1.25648,1.2584,1.25564,1.25743,533500000
1274408100000,1.25776,1.25778,1.25598,1.25688,459000000
1274409000000,1.2568,1.25703,1.25554,1.25608,507400000
1274409900000,1.25615,1.25825,1.25582,1.25723,827100000
1274410800000,1.25715,1.25849,1.25626,1.25815,1104300000
1274411700000,1.25795,1.25858,1.25752,1.25793,773400000
1274412600000,1.25758,1.25846,1.25742,1.25803,919700000
1274413500000,1.25799,1.25976,1.25776,1.25936,654600000
1274414400000,1.25941,1.26458,1.25893,1.26388,679100000
1274415300000,1.26398,1.26704,1.26326,1.26437,656100000
1274416200000,1.26487,1.26563,1.26305,1.26321,601900000
1274417100000,1.2633,1.26372,1.26208,1.26267,539400000
1274418000000,1.26269,1.26296,1.26058,1.26189,543300000
1274418900000,1.26185,1.26366,1.26167,1.26366,579100000
1274419800000,1.26324,1.26405,1.26204,1.26236,576000000
1274420700000,1.26214,1.26232,1.26044,1.26175,656700000
1274421600000,1.26152,1.26176,1.25697,1.25847,721400000
1274422500000,1.25827,1.2588,1.25565,1.25684,706100000
1274423400000,1.25708,1.25803,1.25484,1.25592,1067900000
1274424300000,1.25594,1.25604,1.25332,1.25501,691600000
1274425200000,1.25505,1.25725,1.25256,1.25258,927300000
1274426100000,1.25265,1.25271,1.24936,1.25087,1040600000
1274427000000,1.25108,1.25181,1.24849,1.24898,973400000
1274427900000,1.24878,1.25008,1.24733,1.24974,1080800000
1274428800000,1.24985,1.25176,1.24846,1.24894,1254200000
1274429700000,1.24903,1.24946,1.24689,1.24847,1033100000
1274430600000,1.24846,1.25191,1.24775,1.25116,1122200000
1274431500000,1.25128,1.25168,1.24895,1.25018,1254000000
1274432400000,1.25,1.25225,1.24974,1.25119,988000000
1274433300000,1.25126,1.25655,1.25096,1.25546,1444100000
1274434200000,1.25529,1.25549,1.25217,1.25273,1140300000
1274435100000,1.25266,1.25394,1.24998,1.25104,1466700000
1274436000000,1.2509,1.25197,1.24975,1.25121,1156100000
1274436900000,1.25107,1.25396,1.25051,1.25051,1732500000
1274437800000,1.25081,1.25157,1.24918,1.25048,1097000000
1274438700000,1.25045,1.25126,1.24905,1.25065,1060500000
1274439600000,1.25064,1.25139,1.24866,1.24907,1005500000
1274440500000,1.24894,1.25077,1.24802,1.2498,817200000
1274441400000,1.24976,1.25217,1.24936,1.25171,861200000
1274442300000,1.2514,1.25479,1.25083,1.25377,802100000
1274443200000,1.25368,1.25404,1.24941,1.24947,712400000
1274444100000,1.24944,1.25245,1.24926,1.25204,755400000
1274445000000,1.25221,1.25418,1.25096,1.25233,886100000
1274445900000,1.25229,1.25732,1.25209,1.25712,1117100000
1274446800000,1.25706,1.25767,1.2551,1.25561,1022600000
1274447700000,1.2552,1.25575,1.25314,1.25408,731800000
1274448600000,1.25389,1.25524,1.25243,1.2543,932800000
1274449500000,1.2543,1.25812,1.25347,1.25655,1116500000
1274450400000,1.25673,1.25867,1.25585,1.25752,1164900000
1274451300000,1.25756,1.25794,1.25408,1.2544,1117600000
1274452200000,1.25438,1.25716,1.25381,1.25591,969700000
1274453100000,1.25585,1.25665,1.2544,1.25554,962600000
1274454000000,1.25551,1.25764,1.25526,1.25644,1077400000
1274454900000,1.25637,1.25703,1.25556,1.25659,1121900000
1274455800000,1.25654,1.25707,1.25483,1.2557,1061700000
1274456700000,1.25553,1.25702,1.2518,1.25691,1089000000
1274457600000,1.25729,1.25812,1.25621,1.25705,940200000
1274458500000,1.25717,1.25923,1.25666,1.25796,900400000
1274459400000,1.25781,1.25825,1.25539,1.25567,968500000
1274460300000,1.25544,1.25662,1.25446,1.25493,1191600000
1274461200000,1.25499,1.25612,1.25436,1.25546,770700000
1274462100000,1.25553,1.2562,1.25485,1.25519,937800000
1274463000000,1.25565,1.25667,1.25527,1.25612,926200000
1274463900000,1.25647,1.25973,1.25632,1.25934,833300000
1274464800000,1.25933,1.25964,1.25716,1.25737,842300000
1274465700000,1.25738,1.25864,1.25713,1.25811,778800000
1274466600000,1.2582,1.25885,1.25799,1.25847,638000000
1274467500000,1.25859,1.25965,1.25784,1.25825,955500000
1274468400000,1.25824,1.25845,1.2563,1.25682,747900000
1274469300000,1.25694,1.25783,1.25596,1.25674,724300000
1274470200000,1.25687,1.25865,1.25652,1.25839,898700000
1274471100000,1.25834,1.25949,1.25681,1.25698,882300000
1274472000000,1.25712,1.25835,1.25652,1.25684,1086800000
1274472900000,1.25674,1.25817,1.25545,1.25623,932200000
1274473800000,1.25631,1.25713,1.25545,1.25598,606200000
1274474700000,1.25597,1.25703,1.25536,1.25688,992300000
1274648400000,1.25667,1.25667,1.25329,1.25422,829400000
1274649300000,1.25421,1.25468,1.25358,1.25389,717700000
1274650200000,1.25388,1.25446,1.25342,1.25388,867700000
1274651100000,1.25387,1.25485,1.25387,1.25462,996900000
1274652000000,1.25441,1.25601,1.25416,1.25498,383100000
1274652900000,1.25484,1.25508,1.25318,1.25334,354900000
1274653800000,1.25334,1.25382,1.25305,1.25339,328400000
1274654700000,1.25357,1.25387,1.25312,1.2533,400800000
1274655600000,1.25328,1.25408,1.25301,1.25387,373800000
1274656500000,1.254,1.25441,1.25304,1.25338,391800000
1274657400000,1.2534,1.25361,1.25176,1.252,332300000
1274658300000,1.25215,1.25265,1.25059,1.25109,371400000
1274659200000,1.25108,1.25374,1.251,1.25283,359300000
1274660100000,1.25279,1.2534,1.25136,1.25139,384200000
1274661000000,1.25171,1.25186,1.24994,1.25104,390900000
1274661900000,1.25108,1.25141,1.25006,1.2502,350700000
1274662800000,1.25021,1.25033,1.2484,1.24882,376200000
1274663700000,1.24881,1.24939,1.24795,1.24826,361900000
1274664600000,1.2482,1.24967,1.24817,1.24944,476600000
1274665500000,1.2496,1.2508,1.24909,1.25057,357900000
1274666400000,1.25042,1.25077,1.24933,1.25029,1135700000
1274667300000,1.25027,1.25146,1.24993,1.25114,947400000
1274668200000,1.25104,1.25143,1.25014,1.25104,594100000
1274669100000,1.25104,1.25152,1.25044,1.25103,779100000
1274670000000,1.25096,1.25136,1.24939,1.25031,920100000
1274670900000,1.25034,1.25048,1.24927,1.24936,654300000
1274671800000,1.2498,1.25074,1.24901,1.2503,1006700000
1274672700000,1.25056,1.25125,1.24963,1.25006,1034500000
1274673600000,1.25006,1.25128,1.24963,1.25078,935400000
1274674500000,1.25075,1.25243,1.25027,1.25222,782900000
1274675400000,1.25211,1.25235,1.25105,1.25137,734700000
1274676300000,1.25101,1.25152,1.25005,1.25099,635600000
1274677200000,1.25091,1.25115,1.24923,1.25014,923900000
1274678100000,1.25011,1.25148,1.24965,1.25057,724900000
1274679000000,1.25057,1.25144,1.24974,1.25016,808200000
1274679900000,1.25015,1.25017,1.24794,1.24935,798500000
1274680800000,1.24934,1.25134,1.24919,1.25107,884800000
1274681700000,1.25114,1.25205,1.249,1.25031,961700000
1274682600000,1.25034,1.25135,1.2496,1.25061,944500000
1274683500000,1.25044,1.25099,1.24798,1.24852,711900000
1274684400000,1.24874,1.25171,1.24861,1.25072,1153600000
1274685300000,1.25073,1.25163,1.25005,1.25039,1041900000
1274686200000,1.25027,1.25112,1.24864,1.24932,938600000
1274687100000,1.24918,1.25036,1.24645,1.2468,975600000
1274688000000,1.24658,1.24789,1.24352,1.24401,1027900000
1274688900000,1.24375,1.24408,1.24189,1.24348,1055800000
1274689800000,1.24356,1.24468,1.24278,1.24373,1039100000
1274690700000,1.24383,1.24404,1.24179,1.24362,1082300000
1274691600000,1.24357,1.24436,1.24262,1.24375,1025900000
1274692500000,1.24378,1.24422,1.2406,1.24128,1085100000
1274693400000,1.24136,1.24239,1.24068,1.24196,985500000
1274694300000,1.24177,1.24254,1.23963,1.24004,1058600000
1274695200000,1.23987,1.24001,1.23805,1.23968,1014400000
1274696100000,1.23973,1.2398,1.23627,1.23656,984500000
1274697000000,1.23646,1.23896,1.23634,1.23676,852800000
1274697900000,1.23694,1.23809,1.23572,1.23806,913900000
1274698800000,1.23796,1.23957,1.2377,1.239,1043500000
1274699700000,1.23908,1.23955,1.23816,1.2394,845900000
1274700600000,1.23917,1.23985,1.23805,1.23957,837400000
1274701500000,1.23936,1.23964,1.23767,1.23786,681200000
1274702400000,1.23769,1.23818,1.23576,1.23592,792600000
1274703300000,1.23592,1.23707,1.23482,1.23696,950500000
1274704200000,1.23691,1.23892,1.23623,1.23855,774200000
1274705100000,1.23846,1.23859,1.23699,1.23826,1062100000
1274706000000,1.23816,1.23911,1.2374,1.23862,1151000000
1274706900000,1.23834,1.23936,1.23767,1.23831,1003300000
1274707800000,1.23817,1.23896,1.23508,1.23525,1719400000
1274708700000,1.23521,1.23695,1.23481,1.23638,1148400000
1274709600000,1.23648,1.238,1.2343,1.23756,1627300000
1274710500000,1.2377,1.23817,1.2359,1.23639,1175500000
1274711400000,1.23658,1.23876,1.23592,1.23758,1288800000
1274712300000,1.23754,1.238,1.23605,1.23753,1119100000
1274713200000,1.23763,1.23925,1.23693,1.23794,1235000000
1274714100000,1.23798,1.23921,1.23697,1.2391,1094300000
1274715000000,1.23915,1.24069,1.23838,1.24027,934200000
1274715900000,1.24036,1.24106,1.23917,1.24029,1318000000
1274716800000,1.24025,1.24125,1.23983,1.2408,1043300000
1274717700000,1.24092,1.24126,1.23975,1.24044,948100000
1274718600000,1.24049,1.24079,1.23937,1.23977,1013000000
1274719500000,1.23968,1.24157,1.2394,1.24122,972300000
1274720400000,1.24101,1.24159,1.24015,1.24064,719200000
1274721300000,1.24075,1.24146,1.23965,1.24114,939900000
1274722200000,1.24111,1.2415,1.23992,1.24014,698600000
1274723100000,1.24006,1.24098,1.23933,1.24067,824000000
1274724000000,1.24074,1.24114,1.23935,1.24026,665000000
1274724900000,1.24036,1.24051,1.23956,1.23982,569200000
1274725800000,1.23995,1.24026,1.23953,1.23972,680800000
1274726700000,1.23977,1.23991,1.2388,1.23979,510800000
1274727600000,1.23964,1.23975,1.23849,1.23915,581900000
1274728500000,1.23921,1.23988,1.23908,1.23912,512200000
1274729400000,1.23897,1.23987,1.23876,1.2391,639600000
1274730300000,1.23906,1.2395,1.23764,1.23782,793000000
1274731200000,1.23787,1.23807,1.23675,1.23719,638500000
1274732100000,1.23715,1.23731,1.23546,1.23573,881500000
1274733000000,1.23574,1.23621,1.23483,1.236,743900000
1274733900000,1.23615,1.23713,1.23545,1.23702,1065600000
1274734800000,1.23684,1.23715,1.23432,1.23473,970200000
1274735700000,1.23508,1.23552,1.23309,1.23355,515100000
1274736600000,1.23352,1.23416,1.23296,1.23394,440500000
1274737500000,1.23421,1.23508,1.23378,1.23429,626700000
1274738400000,1.23423,1.23471,1.2332,1.23339,508100000
1274739300000,1.23326,1.23364,1.2329,1.23346,463900000
1274740200000,1.23336,1.23461,1.23315,1.2343,469000000
1274741100000,1.23441,1.23525,1.23424,1.23459,664600000
1274742000000,1.23472,1.23491,1.23393,1.23456,661100000
1274742900000,1.23463,1.2351,1.23422,1.23469,465900000
1274743800000,1.23453,1.23467,1.23384,1.23407,498500000
1274744700000,1.23411,1.23477,1.23357,1.23379,555500000
1274745600000,1.23378,1.23484,1.23312,1.23326,383600000
1274746500000,1.23331,1.23357,1.23181,1.23213,370700000
1274747400000,1.23218,1.23279,1.23127,1.23214,391200000
1274748300000,1.2322,1.23223,1.22883,1.23012,383100000
1274749200000,1.22976,1.23074,1.22832,1.23053,375900000
1274750100000,1.23044,1.23093,1.22888,1.22917,378400000
1274751000000,1.229,1.23101,1.22897,1.2306,412500000
1274751900000,1.23037,1.23141,1.23018,1.23128,334300000
1274752800000,1.23125,1.23146,1.2284,1.22923,916400000
1274753700000,1.22914,1.23088,1.22886,1.23022,921100000
1274754600000,1.23063,1.23215,1.23023,1.23084,702500000
1274755500000,1.23095,1.23159,1.23035,1.23087,883800000
1274756400000,1.23084,1.2313,1.23034,1.2309,882900000
1274757300000,1.23096,1.23137,1.22956,1.22997,787100000
1274758200000,1.22992,1.23076,1.22904,1.2301,1015800000
1274759100000,1.23031,1.23062,1.22903,1.22925,987900000
1274760000000,1.22916,1.23029,1.22861,1.23008,861400000
1274760900000,1.23012,1.23078,1.22952,1.23029,867300000
1274761800000,1.23054,1.23066,1.22991,1.23023,655200000
1274762700000,1.23013,1.23045,1.22975,1.2301,625700000
1274763600000,1.23012,1.23038,1.2297,1.23017,887000000
1274764500000,1.23009,1.23047,1.22822,1.22843,808300000
1274765400000,1.22854,1.2286,1.22674,1.22824,759500000
1274766300000,1.22832,1.22936,1.22761,1.22901,772300000
1274767200000,1.22912,1.23002,1.22783,1.22804,928400000
1274768100000,1.22797,1.22871,1.22622,1.22773,883200000
1274769000000,1.22775,1.22949,1.22728,1.22862,1029600000
1274769900000,1.22838,1.22935,1.22675,1.22742,694900000
1274770800000,1.22754,1.22891,1.22697,1.22839,1274200000
1274771700000,1.22836,1.22885,1.22666,1.22722,1059700000
1274772600000,1.22729,1.22756,1.22283,1.22387,1097000000
1274773500000,1.22375,1.22457,1.22161,1.22363,1100600000
1274774400000,1.22355,1.22386,1.22169,1.22362,1018800000
1274775300000,1.22365,1.22396,1.22202,1.22326,1120700000
1274776200000,1.22344,1.22387,1.22194,1.22253,1080300000
1274777100000,1.22253,1.22288,1.21911,1.22056,1042500000
1274778000000,1.22054,1.22136,1.21899,1.22075,1060500000
1274778900000,1.22084,1.22199,1.21992,1.22138,870200000
1274779800000,1.22124,1.22152,1.21978,1.22086,1030000000
1274780700000,1.22087,1.22148,1.21917,1.21944,1030400000
1274781600000,1.21925,1.21978,1.21747,1.21846,1015700000
1274782500000,1.21857,1.2201,1.21795,1.21971,967700000
1274783400000,1.21982,1.22009,1.21857,1.21929,714600000
1274784300000,1.21929,1.22026,1.21822,1.21976,908600000
1274785200000,1.21967,1.22015,1.21834,1.21886,1002700000
1274786100000,1.21883,1.22097,1.2185,1.22035,811100000
1274787000000,1.22038,1.22093,1.21866,1.21907,794000000
1274787900000,1.21914,1.22101,1.21879,1.22098,679900000
1274788800000,1.22102,1.22335,1.22075,1.22189,836100000
1274789700000,1.22182,1.22374,1.2217,1.22313,871300000
1274790600000,1.22304,1.22356,1.22184,1.22265,827700000
1274791500000,1.22253,1.22287,1.21887,1.22035,1097800000
1274792400000,1.22037,1.22089,1.21796,1.2207,1018700000
1274793300000,1.22088,1.22296,1.22033,1.22153,988500000
1274794200000,1.22168,1.22287,1.22033,1.2218,1629000000
1274795100000,1.22194,1.22351,1.22099,1.22314,1195900000
1274796000000,1.2231,1.22687,1.22292,1.22452,1373700000
1274796900000,1.22496,1.22589,1.22364,1.22435,1173200000
1274797800000,1.22424,1.22468,1.22208,1.22227,1344000000
1274798700000,1.22227,1.2243,1.22197,1.22425,1060100000
1274799600000,1.22425,1.22657,1.22384,1.22526,1344300000
1274800500000,1.2252,1.22609,1.22347,1.22538,1089900000
1274801400000,1.22537,1.22585,1.22423,1.22497,1020000000
1274802300000,1.22489,1.22882,1.22465,1.22777,1246700000
1274803200000,1.22781,1.22935,1.22725,1.22884,1144500000
1274804100000,1.22884,1.22903,1.22655,1.22772,1010800000
1274805000000,1.22776,1.22826,1.22662,1.22694,942400000
1274805900000,1.22697,1.22912,1.22663,1.22853,907000000
1274806800000,1.22847,1.22879,1.2264,1.22708,656700000
1274807700000,1.22655,1.22898,1.2265,1.22784,1027100000
1274808600000,1.22768,1.22819,1.22578,1.22615,794500000
1274809500000,1.22628,1.22792,1.22582,1.22722,737400000
1274810400000,1.22719,1.22832,1.22585,1.22817,621500000
1274811300000,1.22834,1.23278,1.22777,1.23162,568100000
1274812200000,1.2316,1.23268,1.23037,1.23167,681100000
1274813100000,1.23183,1.23361,1.23096,1.23119,533600000
1274814000000,1.23119,1.2324,1.23017,1.23083,592700000
1274814900000,1.23091,1.23241,1.23003,1.23235,652400000
1274815800000,1.23229,1.23404,1.23216,1.23338,588100000
1274816700000,1.2333,1.2343,1.23256,1.2332,779800000
1274817600000,1.23343,1.23497,1.23323,1.23401,674400000
1274818500000,1.23414,1.23444,1.23355,1.23421,1003000000
1274819400000,1.23408,1.23439,1.23328,1.23369,727400000
1274820300000,1.23367,1.23473,1.23331,1.23423,943500000
1274821200000,1.23454,1.23725,1.2342,1.23597,922500000
1274822100000,1.2359,1.2387,1.23575,1.23815,544300000
1274823000000,1.23805,1.23816,1.23673,1.23707,473800000
1274823900000,1.23728,1.23771,1.23677,1.237,614000000
1274824800000,1.23692,1.23711,1.23443,1.23518,494200000
1274825700000,1.23523,1.23528,1.23424,1.23446,465100000
1274826600000,1.23414,1.23543,1.23378,1.23541,490300000
1274827500000,1.23546,1.23549,1.23398,1.23423,540600000
1274828400000,1.23423,1.23464,1.23396,1.23455,683100000
1274829300000,1.23429,1.23573,1.23426,1.23503,518600000
1274830200000,1.23496,1.23532,1.23335,1.23435,524000000
1274831100000,1.23431,1.23446,1.23238,1.23315,531000000
1274832000000,1.23294,1.23367,1.23133,1.23177,488200000
1274832900000,1.23147,1.23187,1.23035,1.23175,356300000
1274833800000,1.23183,1.23277,1.23132,1.23162,412200000
1274834700000,1.23168,1.23223,1.23074,1.23111,383000000
1274835600000,1.23107,1.23169,1.22909,1.22944,412500000
1274836500000,1.22931,1.22947,1.22725,1.22826,370900000
1274837400000,1.22815,1.22867,1.22735,1.22832,365400000
1274838300000,1.22825,1.22835,1.22696,1.22827,434500000
1274839200000,1.22822,1.22934,1.22775,1.2284,978100000
1274840100000,1.22847,1.22857,1.22784,1.22841,899300000
1274841000000,1.22865,1.22972,1.22832,1.22943,700900000
1274841900000,1.22935,1.22953,1.22835,1.22914,882100000
1274842800000,1.22896,1.22958,1.22875,1.22911,906900000
1274843700000,1.22898,1.22945,1.22801,1.22866,589500000
1274844600000,1.22863,1.22947,1.22826,1.22926,1067400000
1274845500000,1.22936,1.22975,1.22886,1.22943,1050800000
1274846400000,1.22936,1.23016,1.22921,1.22976,899400000
1274847300000,1.22972,1.23107,1.22944,1.23045,743500000
1274848200000,1.23048,1.23075,1.2297,1.23033,885300000
1274849100000,1.23036,1.23047,1.2295,1.23006,651400000
1274850000000,1.23004,1.23006,1.22787,1.22835,852700000
1274850900000,1.22827,1.22894,1.22753,1.2283,624800000
1274851800000,1.22837,1.22871,1.2273,1.22737,761400000
1274852700000,1.22738,1.22769,1.22594,1.22716,715000000
1274853600000,1.22717,1.22856,1.22649,1.22813,833900000
1274854500000,1.22811,1.22957,1.22785,1.22881,937600000
1274855400000,1.22878,1.22905,1.22697,1.22875,1011200000
1274856300000,1.22888,1.22923,1.22797,1.22833,709000000
1274857200000,1.22843,1.22889,1.22686,1.22855,1135900000
1274858100000,1.22869,1.22934,1.22736,1.22789,1015900000
1274859000000,1.22771,1.22876,1.22703,1.22864,1038400000
1274859900000,1.22873,1.2297,1.22836,1.2294,969600000
1274860800000,1.22932,1.23235,1.22905,1.23216,1146900000
1274861700000,1.23219,1.23252,1.23054,1.23115,1272700000
1274862600000,1.23119,1.23364,1.23112,1.23335,1177900000
1274863500000,1.23338,1.23433,1.23294,1.23311,983200000
1274864400000,1.23316,1.23395,1.23106,1.23285,1091300000
1274865300000,1.23304,1.23407,1.23234,1.23331,1003100000
1274866200000,1.23324,1.23336,1.23182,1.23284,960100000
1274867100000,1.233,1.23312,1.23117,1.23182,995600000
1274868000000,1.23176,1.23207,1.2282,1.22936,1050700000
1274868900000,1.2295,1.23019,1.22832,1.22921,900500000
1274869800000,1.22941,1.23085,1.22884,1.23052,771700000
1274870700000,1.23062,1.23222,1.2303,1.23158,931900000
1274871600000,1.23143,1.23307,1.23104,1.23218,1055600000
1274872500000,1.23209,1.23305,1.23131,1.23231,808200000
1274873400000,1.23217,1.23255,1.23104,1.23235,831500000
1274874300000,1.2324,1.23258,1.23104,1.23153,725500000
1274875200000,1.23112,1.23197,1.23042,1.23073,790900000
1274876100000,1.23079,1.23122,1.22936,1.23031,843400000
1274877000000,1.23044,1.23087,1.22707,1.22805,760600000
1274877900000,1.22798,1.22826,1.22452,1.2261,1146600000
1274878800000,1.22617,1.2278,1.22504,1.22665,1191900000
1274879700000,1.22658,1.22739,1.22517,1.22673,1022100000
1274880600000,1.22674,1.22927,1.22651,1.22845,1791800000
1274881500000,1.22848,1.22875,1.22667,1.22681,1245300000
1274882400000,1.22681,1.22738,1.22287,1.22376,1518200000
1274883300000,1.22377,1.22487,1.22237,1.22293,1077600000
1274884200000,1.2229,1.22608,1.22263,1.22467,1348500000
1274885100000,1.22456,1.22505,1.22167,1.22182,986100000
1274886000000,1.22198,1.22295,1.2198,1.22179,1139400000
1274886900000,1.22195,1.22219,1.21916,1.22,1116900000
1274887800000,1.21991,1.2219,1.21894,1.22167,1049000000
1274888700000,1.22166,1.22258,1.22043,1.22225,1382500000
1274889600000,1.2222,1.22377,1.22105,1.22204,1159700000
1274890500000,1.2221,1.22305,1.22168,1.22207,990100000
1274891400000,1.22217,1.22355,1.22128,1.22207,1014000000
1274892300000,1.22197,1.223,1.22112,1.22279,919300000
1274893200000,1.22275,1.22314,1.22175,1.22214,655800000
1274894100000,1.22228,1.22324,1.22162,1.22275,1028200000
1274895000000,1.22273,1.22408,1.22235,1.22393,665500000
1274895900000,1.22401,1.22403,1.22318,1.22371,695900000
1274896800000,1.22368,1.22384,1.22136,1.22164,668500000
1274897700000,1.22173,1.22244,1.21941,1.21988,627500000
1274898600000,1.21985,1.22013,1.21808,1.21995,742100000
1274899500000,1.21986,1.22,1.21837,1.21985,557700000
1274900400000,1.21986,1.22071,1.21855,1.21991,668000000
1274901300000,1.21971,1.21997,1.21778,1.21803,635800000
1274902200000,1.21821,1.22034,1.21754,1.22001,562700000
1274903100000,1.21995,1.22017,1.21839,1.21911,701700000
1274904000000,1.21915,1.21921,1.21771,1.21832,699300000
1274904900000,1.21835,1.21855,1.21657,1.21693,1000200000
1274905800000,1.217,1.2174,1.21651,1.21719,814000000
1274906700000,1.21725,1.21848,1.21674,1.21761,888000000
1274907600000,1.21776,1.21837,1.21632,1.21663,872300000
1274908500000,1.21671,1.21697,1.21575,1.21593,551400000
1274909400000,1.2162,1.21669,1.21527,1.21545,458900000
1274910300000,1.21562,1.21635,1.21498,1.2159,650400000
1274911200000,1.21603,1.21654,1.21525,1.21532,449500000
1274912100000,1.21499,1.21625,1.21499,1.21595,534800000
1274913000000,1.21581,1.21685,1.21554,1.21653,503400000
1274913900000,1.21655,1.21752,1.21575,1.21693,630100000
1274914800000,1.21688,1.21737,1.21634,1.21649,604100000
1274915700000,1.21654,1.21793,1.21634,1.21727,539900000
1274916600000,1.21727,1.21745,1.21601,1.21657,472400000
1274917500000,1.21634,1.21884,1.2163,1.21814,530100000
1274918400000,1.21814,1.21936,1.21799,1.21908,323900000
1274919300000,1.2189,1.21922,1.21795,1.21922,338300000
1274920200000,1.21913,1.21977,1.21841,1.21969,451500000
1274921100000,1.21962,1.21999,1.21849,1.21965,366100000
1274922000000,1.21959,1.22159,1.2194,1.22085,397900000
1274922900000,1.22086,1.22166,1.22042,1.22155,345400000
1274923800000,1.22152,1.22195,1.21969,1.22038,379200000
1274924700000,1.22042,1.22053,1.21856,1.21888,326400000
1274925600000,1.21893,1.21962,1.21813,1.21935,1031200000
1274926500000,1.21926,1.22019,1.21844,1.2201,831700000
1274927400000,1.2196,1.22119,1.21917,1.22084,719200000
1274928300000,1.22071,1.22174,1.22027,1.22134,904700000
1274929200000,1.22128,1.22255,1.22102,1.22231,847500000
1274930100000,1.22232,1.22349,1.22224,1.22274,650900000
1274931000000,1.22258,1.22345,1.22215,1.22235,1047200000
1274931900000,1.22272,1.22297,1.22193,1.22232,1092400000
1274932800000,1.22204,1.22428,1.22195,1.22365,851200000
1274933700000,1.22362,1.22595,1.22322,1.22539,761000000
1274934600000,1.22517,1.2285,1.22475,1.22809,791400000
1274935500000,1.22817,1.22825,1.22684,1.2271,586700000
1274936400000,1.2268,1.22767,1.22645,1.22734,817800000
1274937300000,1.22713,1.22744,1.22564,1.22594,640600000
1274938200000,1.22596,1.22625,1.22502,1.2258,745200000
1274939100000,1.22576,1.22859,1.22525,1.22818,746800000
1274940000000,1.22843,1.22911,1.2276,1.22819,848700000
1274940900000,1.22825,1.22893,1.22718,1.22824,921300000
1274941800000,1.22815,1.23151,1.22784,1.23138,1117700000
1274942700000,1.23138,1.23179,1.22997,1.23133,768000000
1274943600000,1.23132,1.23268,1.23074,1.23233,1220800000
1274944500000,1.23233,1.23233,1.22869,1.22897,1027400000
1274945400000,1.22891,1.23024,1.22777,1.22815,909100000
1274946300000,1.22819,1.22924,1.22716,1.22779,999100000
1274947200000,1.22776,1.22849,1.22717,1.22771,1028200000
1274948100000,1.22776,1.228,1.22492,1.22582,1122900000
1274949000000,1.22585,1.2264,1.22447,1.22525,1263200000
1274949900000,1.22519,1.22653,1.22406,1.22526,1010800000
1274950800000,1.22534,1.22695,1.22483,1.22625,1019000000
1274951700000,1.22625,1.22815,1.22582,1.22647,904600000
1274952600000,1.22664,1.22826,1.22549,1.22786,1085700000
1274953500000,1.22779,1.22903,1.22678,1.22872,1042200000
1274954400000,1.22877,1.23046,1.22788,1.22996,1092200000
1274955300000,1.2299,1.23123,1.22859,1.23016,864000000
1274956200000,1.23022,1.23053,1.22849,1.22896,715800000
1274957100000,1.22907,1.23093,1.22883,1.2302,986600000
1274958000000,1.23023,1.23058,1.227,1.22737,1093700000
1274958900000,1.22733,1.22884,1.22613,1.22647,861400000
1274959800000,1.22651,1.22765,1.2255,1.22755,747500000
1274960700000,1.22738,1.22823,1.22623,1.22639,803500000
1274961600000,1.22622,1.22657,1.22484,1.22534,788400000
1274962500000,1.22538,1.22762,1.22493,1.22674,826900000
1274963400000,1.22675,1.2269,1.22256,1.22323,735600000
1274964300000,1.22327,1.22508,1.22297,1.22454,1035300000
1274965200000,1.22434,1.22536,1.22325,1.22485,1121600000
1274966100000,1.22478,1.22488,1.22274,1.22333,959400000
1274967000000,1.22347,1.22458,1.22142,1.22255,1799600000
1274967900000,1.22263,1.2231,1.22012,1.22085,1182000000
1274968800000,1.22088,1.22346,1.21996,1.22342,1481700000
1274969700000,1.22344,1.22527,1.22263,1.22465,1212000000
1274970600000,1.22463,1.22639,1.22426,1.22524,1359900000
1274971500000,1.22525,1.22748,1.22483,1.22634,1131000000
1274972400000,1.22634,1.23005,1.22595,1.22758,1203700000
1274973300000,1.22752,1.2321,1.22707,1.23156,1127600000
1274974200000,1.23164,1.23317,1.23026,1.23143,1005900000
1274975100000,1.23156,1.23735,1.23103,1.23677,1291000000
1274976000000,1.23673,1.23693,1.23483,1.23589,1147400000
1274976900000,1.23584,1.23589,1.23353,1.23466,974900000
1274977800000,1.23476,1.23785,1.23441,1.23584,901500000
1274978700000,1.23596,1.23843,1.23469,1.23484,967800000
1274979600000,1.23479,1.2362,1.23436,1.23608,746800000
1274980500000,1.23606,1.23873,1.23565,1.23806,1002000000
1274981400000,1.23791,1.23876,1.23671,1.23722,815900000
1274982300000,1.23742,1.23847,1.23671,1.23745,782800000
1274983200000,1.23747,1.23916,1.23672,1.23908,654700000
1274984100000,1.23891,1.23936,1.23819,1.23918,589000000
1274985000000,1.23907,1.23927,1.23771,1.2382,622000000
1274985900000,1.23817,1.23888,1.23744,1.23774,525500000
1274986800000,1.23741,1.23758,1.23502,1.23569,629800000
1274987700000,1.2358,1.23615,1.23387,1.23477,635400000
1274988600000,1.23464,1.23549,1.23189,1.23407,662500000
1274989500000,1.23392,1.23616,1.23356,1.23586,728400000
1274990400000,1.23592,1.23663,1.23558,1.2359,719800000
1274991300000,1.23594,1.23695,1.23555,1.23635,951800000
1274992200000,1.2362,1.23643,1.23465,1.23533,754100000
1274993100000,1.23537,1.23634,1.2351,1.23603,896700000
1274994000000,1.23585,1.23748,1.23549,1.23656,992700000
1274994900000,1.23637,1.23717,1.23535,1.23596,511300000
1274995800000,1.2361,1.23616,1.23451,1.23585,454500000
1274996700000,1.23582,1.23632,1.23525,1.23539,663100000
1274997600000,1.23527,1.23589,1.23488,1.23542,481400000
1274998500000,1.23531,1.23587,1.23407,1.23432,406600000
1274999400000,1.23434,1.2351,1.23399,1.23448,452800000
1275000300000,1.23434,1.23511,1.23407,1.23421,633200000
1275001200000,1.23417,1.23579,1.23363,1.23564,633400000
1275002100000,1.23568,1.23575,1.23414,1.2345,480300000
1275003000000,1.23445,1.23653,1.23418,1.23632,525100000
1275003900000,1.23648,1.23788,1.23615,1.23653,562100000
1275004800000,1.23658,1.23664,1.23488,1.23519,357400000
1275005700000,1.23511,1.23535,1.23236,1.23326,329100000
1275006600000,1.23309,1.2334,1.23203,1.23339,362000000
1275007500000,1.2334,1.23399,1.23149,1.23195,373200000
1275008400000,1.23181,1.23213,1.22999,1.23052,438000000
1275009300000,1.23056,1.23196,1.23046,1.23169,393300000
1275010200000,1.2315,1.23293,1.23148,1.23246,433400000
1275011100000,1.23215,1.23215,1.23103,1.23167,351500000
1275012000000,1.23173,1.23189,1.23093,1.2315,1029300000
1275012900000,1.23157,1.23157,1.23036,1.23064,843600000
1275013800000,1.23064,1.23116,1.23002,1.23071,642800000
1275014700000,1.23059,1.23106,1.22863,1.22903,813600000
1275015600000,1.229,1.2297,1.22784,1.22909,874200000
1275016500000,1.22909,1.22978,1.22868,1.22915,647000000
1275017400000,1.22905,1.22971,1.22891,1.22923,1012100000
1275018300000,1.22917,1.23067,1.22887,1.22985,1069600000
1275019200000,1.22999,1.23001,1.22876,1.22965,898700000
1275020100000,1.2296,1.23033,1.22916,1.2298,822500000
1275021000000,1.22979,1.23016,1.2289,1.22963,673600000
1275021900000,1.22951,1.23026,1.22916,1.23015,655700000
1275022800000,1.22992,1.23037,1.22935,1.23034,759400000
1275023700000,1.23033,1.23225,1.23014,1.23114,668600000
1275024600000,1.23101,1.23257,1.23074,1.23177,838700000
1275025500000,1.2318,1.23362,1.23137,1.23258,824600000
1275026400000,1.23252,1.23297,1.23199,1.23234,822800000
1275027300000,1.23239,1.23266,1.23053,1.23195,946000000
1275028200000,1.23198,1.23598,1.23167,1.23499,930700000
1275029100000,1.23515,1.23663,1.23461,1.23488,753000000
1275030000000,1.23497,1.23555,1.23382,1.23426,1071100000
1275030900000,1.23413,1.23486,1.23258,1.23397,1003300000
1275031800000,1.23374,1.23466,1.23294,1.2331,972900000
1275032700000,1.23317,1.23494,1.23222,1.23477,1089600000
1275033600000,1.23478,1.23795,1.23456,1.23743,1010900000
1275034500000,1.23748,1.23908,1.23643,1.23866,1029600000
1275035400000,1.23869,1.24308,1.23807,1.24217,1160200000
1275036300000,1.24228,1.24518,1.24223,1.24319,1151600000
1275037200000,1.24324,1.24334,1.24091,1.24162,1109000000
1275038100000,1.24156,1.24244,1.24015,1.24103,903300000
1275039000000,1.24112,1.24143,1.23987,1.24094,966800000
1275039900000,1.24085,1.2412,1.24016,1.24073,1081400000
1275040800000,1.24063,1.243,1.24035,1.24208,1047800000
1275041700000,1.24203,1.24305,1.24176,1.24216,836900000
1275042600000,1.24222,1.24253,1.2402,1.2404,774400000
1275043500000,1.24039,1.24106,1.23997,1.24096,866700000
1275044400000,1.24089,1.24125,1.23826,1.23873,1081800000
1275045300000,1.23878,1.23934,1.23816,1.23893,903000000
1275046200000,1.23896,1.23938,1.23829,1.23924,819500000
1275047100000,1.23931,1.24178,1.23892,1.24141,731900000
1275048000000,1.24142,1.24169,1.23825,1.23842,836200000
1275048900000,1.23835,1.23879,1.2349,1.23585,813800000
1275049800000,1.23597,1.23682,1.23465,1.2356,840500000
1275050700000,1.23549,1.23698,1.235,1.23647,988000000
1275051600000,1.23633,1.23806,1.23555,1.23757,1062700000
1275052500000,1.23749,1.2381,1.23443,1.23475,919900000
1275053400000,1.23478,1.23499,1.23249,1.23275,1695300000
1275054300000,1.23276,1.23616,1.23218,1.23578,1223200000
1275055200000,1.23573,1.23721,1.23457,1.23553,1464800000
1275056100000,1.23563,1.23664,1.23372,1.23481,1346000000
1275057000000,1.23472,1.23646,1.23416,1.23535,1535700000
1275057900000,1.23537,1.23613,1.23236,1.23301,1081800000
1275058800000,1.23292,1.23443,1.23097,1.23278,1132400000
1275059700000,1.233,1.23359,1.23172,1.23315,1121600000
1275060600000,1.23318,1.23512,1.23252,1.23476,1033600000
1275061500000,1.23483,1.23707,1.23448,1.23667,1311300000
1275062400000,1.23684,1.23801,1.23634,1.23688,1154500000
1275063300000,1.23685,1.23764,1.23625,1.23682,1018200000
1275064200000,1.23676,1.23698,1.22951,1.23082,1055700000
1275065100000,1.23078,1.23293,1.22875,1.23223,1023900000
1275066000000,1.23227,1.23305,1.22941,1.23025,714600000
1275066900000,1.23006,1.23107,1.22952,1.23033,912700000
1275067800000,1.23025,1.23089,1.22911,1.23014,677700000
1275068700000,1.22991,1.23026,1.22854,1.22892,746700000
1275069600000,1.22912,1.22952,1.22758,1.22905,721700000
1275070500000,1.2291,1.22967,1.22863,1.2295,581100000
1275071400000,1.2294,1.23016,1.22914,1.22924,644000000
1275072300000,1.22934,1.23041,1.22849,1.22908,517700000
1275073200000,1.22928,1.23011,1.22803,1.22945,620400000
1275074100000,1.22939,1.23039,1.22786,1.22822,656300000
1275075000000,1.22824,1.22862,1.22691,1.22812,706200000
1275075900000,1.22823,1.22877,1.2267,1.22691,720100000
1275076800000,1.22688,1.22806,1.22632,1.22653,713300000
1275077700000,1.22663,1.22699,1.22617,1.22639,962300000
1275078600000,1.22652,1.22704,1.22614,1.22698,814800000
1275079500000,1.22696,1.2274,1.2264,1.22697,916900000
1275253200000,1.22748,1.22748,1.22568,1.22664,869500000
1275254100000,1.22665,1.22719,1.22617,1.22709,517100000
1275255000000,1.22697,1.22748,1.22649,1.22735,462000000
1275255900000,1.22746,1.22859,1.22694,1.22836,588000000
1275256800000,1.22835,1.22869,1.22729,1.22749,484700000
1275257700000,1.22744,1.2278,1.22679,1.22773,457300000
1275258600000,1.22779,1.22819,1.22724,1.22804,441100000
1275259500000,1.22799,1.2281,1.22635,1.22715,544800000
1275260400000,1.22733,1.22854,1.22723,1.22854,644200000
1275261300000,1.2283,1.22903,1.2275,1.22834,447200000
1275262200000,1.22832,1.22877,1.22774,1.22812,523900000
1275263100000,1.22797,1.22923,1.22744,1.22874,498100000
1275264000000,1.22872,1.23098,1.22853,1.23066,313400000
1275264900000,1.23062,1.23131,1.23015,1.23074,374800000
1275265800000,1.23091,1.2311,1.22971,1.23027,403000000
1275266700000,1.23015,1.23053,1.22857,1.22947,345900000
1275267600000,1.22977,1.23212,1.22951,1.23186,394600000
1275268500000,1.23183,1.23242,1.23083,1.2311,347000000
1275269400000,1.23105,1.23215,1.23085,1.232,357400000
1275270300000,1.23222,1.23229,1.23039,1.23091,352000000
1275271200000,1.23104,1.23147,1.23054,1.23101,1159600000
1275272100000,1.231,1.23166,1.23058,1.2315,879600000
1275273000000,1.23145,1.23226,1.231,1.23204,740800000
1275273900000,1.23197,1.23303,1.23176,1.23274,771800000
1275274800000,1.23279,1.23287,1.23193,1.23223,879600000
1275275700000,1.23238,1.23252,1.23127,1.23219,639500000
1275276600000,1.23215,1.23289,1.23181,1.23225,1015300000
1275277500000,1.23217,1.23236,1.2311,1.2316,1053200000
1275278400000,1.23181,1.23191,1.2299,1.23038,830300000
1275279300000,1.23008,1.23122,1.22972,1.23044,772700000
1275280200000,1.23034,1.2311,1.23004,1.23073,654400000
1275281100000,1.23066,1.23117,1.23014,1.23084,598700000
1275282000000,1.23098,1.23149,1.23082,1.23136,821700000
1275282900000,1.2313,1.23206,1.2308,1.23191,636700000
1275283800000,1.23193,1.23335,1.23047,1.2307,747200000
1275284700000,1.23067,1.2314,1.22974,1.23002,840500000
1275285600000,1.23014,1.23121,1.22981,1.2309,880200000
1275286500000,1.23072,1.23153,1.2304,1.23105,867500000
1275287400000,1.2311,1.23124,1.22859,1.22879,990900000
1275288300000,1.22872,1.22909,1.22788,1.22868,762400000
1275289200000,1.2284,1.23021,1.22795,1.22879,1172000000
1275290100000,1.22884,1.22998,1.22838,1.22982,1029600000
1275291000000,1.22954,1.23051,1.22869,1.22942,984000000
1275291900000,1.22939,1.23155,1.22911,1.2308,898800000
1275292800000,1.23075,1.2312,1.23037,1.23081,1032200000
1275293700000,1.23085,1.2312,1.23016,1.23073,970500000
1275294600000,1.23055,1.23105,1.22963,1.23083,1043500000
1275295500000,1.23085,1.23133,1.22956,1.22991,1001000000
1275296400000,1.22988,1.23049,1.22954,1.23013,965700000
1275297300000,1.23025,1.23046,1.22831,1.22878,977900000
1275298200000,1.2287,1.22983,1.22833,1.22949,977000000
1275299100000,1.22944,1.2302,1.22895,1.22936,1165300000
1275300000000,1.22947,1.23017,1.22896,1.22955,1066000000
1275300900000,1.22953,1.23056,1.22935,1.23036,990800000
1275301800000,1.23038,1.23059,1.22983,1.22988,742600000
1275302700000,1.23005,1.23023,1.22886,1.2291,1045900000
1275303600000,1.22912,1.22997,1.22883,1.22965,1010900000
1275304500000,1.22959,1.23038,1.22881,1.22997,809100000
1275305400000,1.23015,1.23056,1.22934,1.23003,802000000
1275306300000,1.23008,1.23085,1.22909,1.23053,673800000
1275307200000,1.23029,1.23116,1.22952,1.23031,819500000
1275308100000,1.23053,1.23207,1.23042,1.23136,893300000
1275309000000,1.23142,1.23166,1.2306,1.23116,818700000
1275309900000,1.23128,1.23196,1.23064,1.23162,1034500000
1275310800000,1.23156,1.2324,1.23121,1.23173,1100900000
1275311700000,1.23176,1.23225,1.23135,1.23137,1011600000
1275312600000,1.23136,1.23192,1.23061,1.23067,1872900000
1275313500000,1.23092,1.2313,1.22995,1.23045,1085800000
1275314400000,1.23047,1.231,1.22943,1.22968,1523900000
1275315300000,1.22976,1.23004,1.22906,1.22971,1247600000
1275316200000,1.22975,1.23017,1.22883,1.22917,1439000000
1275317100000,1.22927,1.22987,1.2269,1.22715,1081600000
1275318000000,1.22685,1.22848,1.22648,1.22816,1228300000
1275318900000,1.22837,1.22898,1.22774,1.22822,1218200000
1275319800000,1.22814,1.22839,1.22762,1.22796,975100000
1275320700000,1.22792,1.2281,1.22692,1.22718,1257600000
1275321600000,1.22748,1.22762,1.22655,1.22695,1145800000
1275322500000,1.22695,1.22923,1.22673,1.22865,1112800000
1275323400000,1.22894,1.22931,1.22836,1.22862,933800000
1275324300000,1.22851,1.22939,1.22787,1.22919,1018300000
1275325200000,1.2293,1.23111,1.22787,1.22995,714000000
1275326100000,1.23007,1.23066,1.22881,1.23047,902700000
1275327000000,1.2302,1.23054,1.22899,1.23014,703400000
1275327900000,1.23023,1.2309,1.2295,1.22995,679100000
1275328800000,1.23007,1.23019,1.22901,1.22939,614400000
1275329700000,1.22944,1.23077,1.22924,1.23028,587000000
1275330600000,1.23029,1.2305,1.22957,1.22989,640600000
1275331500000,1.22996,1.23065,1.2294,1.23065,505600000
1275332400000,1.23055,1.23107,1.22961,1.23052,653300000
1275333300000,1.23059,1.23134,1.2302,1.23083,600200000
1275334200000,1.23072,1.23119,1.22945,1.2299,689300000
1275335100000,1.22985,1.2304,1.22964,1.23006,707100000
1275336000000,1.23023,1.23048,1.22982,1.23002,638300000
1275336900000,1.23003,1.23035,1.2297,1.23005,892200000
1275337800000,1.23,1.23026,1.22934,1.23002,766500000
1275338700000,1.22995,1.23059,1.22954,1.23042,1144200000
1275339600000,1.2303,1.23067,1.23004,1.23037,839700000
1275340500000,1.23037,1.23061,1.2301,1.23035,500900000
1275341400000,1.23029,1.23052,1.23001,1.23031,489800000
1275342300000,1.23024,1.23083,1.23008,1.23054,607400000
1275343200000,1.23035,1.23067,1.22979,1.2303,515500000
1275344100000,1.22991,1.23025,1.22934,1.22964,405100000
1275345000000,1.22971,1.22978,1.22856,1.22877,452300000
1275345900000,1.22891,1.22918,1.22821,1.22852,569700000
1275346800000,1.22849,1.2287,1.22791,1.22855,616700000
1275347700000,1.22849,1.22864,1.2278,1.22811,463800000
1275348600000,1.22785,1.22898,1.22753,1.22827,546000000
1275349500000,1.22828,1.22859,1.22676,1.22701,608500000
