timestamp,open,high,low,close,volume
1556668800000,1.12157,1.12174,1.12152,1.12173,778.4
1556669700000,1.12173,1.12175,1.12157,1.12166,549.7
1556670600000,1.12166,1.12167,1.12148,1.12161,441.13
1556671500000,1.12162,1.12183,1.12161,1.12182,359.96
1556672400000,1.12182,1.12184,1.12168,1.12168,531.26
1556673300000,1.12168,1.12181,1.12166,1.12172,538.23
1556674200000,1.12172,1.12185,1.1217,1.1218,532.6
1556675100000,1.12181,1.12182,1.12166,1.12173,503.89
1556676000000,1.12172,1.12177,1.12171,1.12177,304.98
1556676900000,1.12176,1.12177,1.12162,1.12162,448.65
1556677800000,1.12161,1.12167,1.12138,1.12145,656.08
1556678700000,1.12145,1.12156,1.12142,1.12152,600.97
1556679600000,1.12152,1.12194,1.12151,1.12189,1136.16
1556680500000,1.12188,1.12196,1.1218,1.12182,1058.95
1556681400000,1.12183,1.12186,1.12178,1.12182,587.56
1556682300000,1.12181,1.12187,1.12176,1.12184,380.6
1556683200000,1.12183,1.12188,1.12179,1.12183,486.37
1556684100000,1.12182,1.12188,1.12178,1.12178,589.58
1556685000000,1.12178,1.12179,1.12172,1.12173,567.41
1556685900000,1.12172,1.12179,1.12172,1.12173,469.96
1556686800000,1.12174,1.12179,1.12172,1.12173,617.5
1556687700000,1.12174,1.12177,1.12172,1.12173,680.56
1556688600000,1.12173,1.12185,1.12172,1.12184,695.01
1556689500000,1.12184,1.12188,1.12178,1.12187,980.15
1556690400000,1.12187,1.12204,1.12163,1.12177,890.05
1556691300000,1.12177,1.12177,1.12141,1.12144,1402.09
1556692200000,1.12144,1.12168,1.12143,1.1216,1373.74
1556693100000,1.1216,1.12191,1.12144,1.12162,2453.24
1556694000000,1.12161,1.12249,1.12158,1.12239,3539.01
1556694900000,1.12239,1.12267,1.12229,1.12255,2255.72
1556695800000,1.12254,1.12285,1.12249,1.12273,2151.88
1556696700000,1.12273,1.123,1.12262,1.12272,2572.24
1556697600000,1.12272,1.123,1.12254,1.12263,1692.67
1556698500000,1.12264,1.12284,1.12259,1.12273,1629.12
1556699400000,1.12274,1.12285,1.1225,1.1225,1561.39
1556700300000,1.1225,1.12284,1.1223,1.1228,2381.79
1556701200000,1.12281,1.12332,1.12279,1.12327,3158.32
1556702100000,1.12327,1.12368,1.1232,1.12366,2292.34
1556703000000,1.12366,1.12396,1.12356,1.12391,3315.13
1556703900000,1.12392,1.12392,1.12339,1.12345,2578.85
1556704800000,1.12344,1.12366,1.12338,1.12355,2516.59
1556705700000,1.12355,1.12388,1.12351,1.12377,1861.11
1556706600000,1.12379,1.1238,1.12343,1.12372,2160.79
1556707500000,1.12372,1.12382,1.12359,1.12363,2091.79
1556708400000,1.12363,1.12366,1.12345,1.12359,2392.37
1556709300000,1.1236,1.12372,1.12324,1.12324,1922.42
1556710200000,1.12325,1.12343,1.12301,1.12337,2373.21
1556711100000,1.12338,1.12368,1.12326,1.12367,2699.58
1556712000000,1.12366,1.12372,1.12331,1.12337,3871.17
1556712900000,1.12337,1.12342,1.12251,1.12308,4889.34
1556713800000,1.1231,1.12313,1.12261,1.12263,3958.64
1556714700000,1.12263,1.12289,1.12217,1.12243,4160.65
1556715600000,1.12243,1.12278,1.12231,1.1225,3558.19
1556716500000,1.12249,1.12274,1.12236,1.12261,3079.11
1556717400000,1.12262,1.1228,1.12243,1.12248,3362.78
1556718300000,1.12247,1.12288,1.12244,1.12278,3374.88
1556719200000,1.12281,1.12456,1.12281,1.12397,9745.83
1556720100000,1.12398,1.12479,1.12396,1.1244,5959
1556721000000,1.12439,1.12453,1.12411,1.12446,4568.21
1556721900000,1.12445,1.12477,1.12378,1.12401,5619.92
1556722800000,1.12403,1.12468,1.124,1.1246,4972.98
1556723700000,1.1246,1.12499,1.12447,1.12447,4344.66
1556724600000,1.1245,1.12485,1.12446,1.12457,4157.13
1556725500000,1.12457,1.12466,1.12436,1.12452,2353.71
1556726400000,1.12453,1.12468,1.12407,1.12408,3088.8
1556727300000,1.12407,1.12442,1.12407,1.12426,3006.47
1556728200000,1.12426,1.12447,1.12404,1.12443,3460.89
1556729100000,1.12443,1.12446,1.12414,1.12419,2603.7
1556730000000,1.12419,1.12459,1.12419,1.12453,2624.43
1556730900000,1.12453,1.12465,1.12444,1.1245,2287.34
1556731800000,1.12451,1.1246,1.12442,1.12442,1632.9
1556732700000,1.12442,1.12475,1.12425,1.12458,2936.84
1556733600000,1.12458,1.1263,1.12327,1.12538,9337.03
1556734500000,1.12538,1.12647,1.12533,1.12585,6584
1556735400000,1.12583,1.12583,1.1195,1.1199,13246.71
1556736300000,1.1199,1.12071,1.1194,1.11942,10130.51
1556737200000,1.11942,1.12001,1.11878,1.11981,9222.68
1556738100000,1.11982,1.11998,1.1187,1.11913,7606.33
1556739000000,1.11914,1.11977,1.11911,1.1196,6905.95
1556739900000,1.11959,1.11974,1.11943,1.1195,4053.98
1556740800000,1.11953,1.11997,1.11913,1.1192,2179.34
1556741700000,1.1192,1.1193,1.11913,1.11927,1365.18
1556742600000,1.11926,1.11929,1.11904,1.11921,1486.03
1556743500000,1.11922,1.1196,1.11921,1.11953,1050.44
1556744400000,1.1195,1.1197,1.11949,1.11961,386.5
1556745300000,1.11961,1.1197,1.11957,1.11968,476.87
1556746200000,1.11967,1.11972,1.11936,1.11971,529.51
1556747100000,1.11972,1.11991,1.11972,1.11989,725.43
1556748000000,1.1199,1.12021,1.11986,1.12008,1106.5
1556748900000,1.12008,1.12026,1.12008,1.12022,1034.89
1556749800000,1.12022,1.12028,1.12016,1.12026,993.23
1556750700000,1.12026,1.12034,1.1202,1.12032,876.5
1556751600000,1.12031,1.12031,1.12011,1.12011,809.8
1556752500000,1.12012,1.12017,1.12004,1.12005,799.01
1556753400000,1.12006,1.12008,1.11995,1.12002,922.54
1556754300000,1.12001,1.12026,1.11995,1.12024,595.47
1556755200000,1.12023,1.12026,1.11997,1.12012,1302.04
1556756100000,1.12013,1.12027,1.12001,1.1201,1323.24
1556757000000,1.12012,1.12046,1.11997,1.12032,1341.03
1556757900000,1.12033,1.12063,1.12029,1.12059,972.66
1556758800000,1.12059,1.1209,1.12048,1.12085,1575.7
1556759700000,1.12085,1.12092,1.1208,1.12085,1418.43
1556760600000,1.12084,1.12091,1.12075,1.12085,1468.57
1556761500000,1.12085,1.12089,1.12071,1.12086,1903.58
1556762400000,1.12085,1.12087,1.12043,1.12043,2212.71
1556763300000,1.12044,1.12065,1.12039,1.12054,1499.65
1556764200000,1.12054,1.12055,1.1202,1.12022,1643.38
1556765100000,1.12022,1.12024,1.11999,1.12015,2047.64
1556766000000,1.12014,1.12048,1.12014,1.12033,2035.21
1556766900000,1.12034,1.12061,1.12033,1.1206,1556.38
1556767800000,1.12061,1.12081,1.1206,1.1206,2385.95
1556768700000,1.12061,1.12068,1.12058,1.12059,1538.76
1556769600000,1.12061,1.12067,1.12051,1.12066,1865.56
1556770500000,1.12066,1.12072,1.12054,1.12068,1423.39
1556771400000,1.12068,1.1209,1.12068,1.12085,1752.98
1556772300000,1.12085,1.12091,1.12074,1.12075,1397.96
1556773200000,1.12074,1.12084,1.1207,1.12073,1559.67
1556774100000,1.12073,1.12079,1.12064,1.12069,1384.82
1556775000000,1.12069,1.12082,1.12064,1.12071,1005.99
1556775900000,1.12071,1.12074,1.12039,1.12044,2600.39
1556776800000,1.12044,1.12074,1.11963,1.11963,4663.32
1556777700000,1.11963,1.11996,1.11945,1.11993,3798.04
1556778600000,1.11995,1.12005,1.11972,1.11997,3709.42
1556779500000,1.11997,1.11998,1.11921,1.11931,3732.26
1556780400000,1.1193,1.11965,1.1191,1.11951,4414.33
1556781300000,1.11951,1.12006,1.11944,1.11998,5023.9
1556782200000,1.11997,1.12082,1.11993,1.12071,5173.25
1556783100000,1.12073,1.1219,1.12073,1.12132,7789.42
1556784000000,1.12133,1.12134,1.12056,1.12096,5589.76
1556784900000,1.12096,1.12147,1.12093,1.12146,3795.49
1556785800000,1.12144,1.12152,1.12102,1.12142,3705.26
1556786700000,1.12142,1.12159,1.12081,1.12083,4984.36
1556787600000,1.12082,1.1213,1.12059,1.1213,4164.7
1556788500000,1.1213,1.12132,1.12091,1.12092,2663.45
1556789400000,1.12093,1.121,1.12038,1.12058,3562.04
1556790300000,1.12057,1.12061,1.12002,1.12019,3350.59
1556791200000,1.12018,1.12027,1.11972,1.11995,3693.64
1556792100000,1.11994,1.12008,1.11978,1.11993,3030.46
1556793000000,1.11994,1.12004,1.11959,1.11971,3281.37
1556793900000,1.11971,1.12017,1.11968,1.12015,3669.52
1556794800000,1.12016,1.12068,1.11983,1.12048,6669.22
1556795700000,1.12048,1.12093,1.12047,1.12075,3477.57
1556796600000,1.12075,1.12079,1.12039,1.12055,4697.57
1556797500000,1.12054,1.12077,1.12017,1.12043,5063.84
1556798400000,1.12045,1.12117,1.12045,1.12115,4573.6
1556799300000,1.12115,1.12115,1.12017,1.12034,5890.86
1556800200000,1.12034,1.12054,1.11972,1.11973,5422.69
1556801100000,1.11974,1.12018,1.11956,1.11963,5836.84
1556802000000,1.11963,1.12019,1.1194,1.12004,5483.61
1556802900000,1.12007,1.12014,1.1195,1.11962,4730.5
1556803800000,1.11963,1.11965,1.11782,1.11802,7810.62
1556804700000,1.11802,1.11857,1.11758,1.11853,5930.03
1556805600000,1.11853,1.1188,1.11802,1.11821,5957.17
1556806500000,1.11821,1.11839,1.11772,1.11799,5370.4
1556807400000,1.11798,1.11824,1.11764,1.11791,5281.88
1556808300000,1.11791,1.11848,1.11784,1.11817,6232.97
1556809200000,1.11817,1.11836,1.11762,1.11765,6273.12
1556810100000,1.11765,1.11816,1.11717,1.11811,6720.11
1556811000000,1.11812,1.11844,1.11782,1.11825,7294.07
1556811900000,1.11825,1.11847,1.11805,1.11844,6026.18
1556812800000,1.11843,1.11843,1.11772,1.11772,4227.85
1556813700000,1.11772,1.11817,1.11767,1.11773,4328.36
1556814600000,1.11773,1.11785,1.11743,1.11779,4289.48
1556815500000,1.11781,1.1182,1.11755,1.11778,4421.46
1556816400000,1.11783,1.11799,1.11738,1.11768,3748.36
1556817300000,1.11768,1.11775,1.11731,1.11737,2446.69
1556818200000,1.11736,1.11761,1.1173,1.11748,3079.09
1556819100000,1.11748,1.11785,1.11739,1.11782,3432.57
1556820000000,1.11783,1.11808,1.11782,1.11783,2554.09
1556820900000,1.11784,1.11792,1.11763,1.11771,2785.58
1556821800000,1.1177,1.11774,1.11742,1.11749,1578.66
1556822700000,1.11749,1.11757,1.11723,1.11746,3362.29
1556823600000,1.11748,1.11758,1.11735,1.11756,2575.18
1556824500000,1.11756,1.11777,1.11741,1.11758,3033.14
1556825400000,1.11759,1.11777,1.11744,1.11762,2412.13
1556826300000,1.11762,1.11767,1.11723,1.11724,3207.13
1556827200000,1.11726,1.11737,1.11726,1.11736,1133.76
1556828100000,1.11736,1.1174,1.11726,1.11733,775.92
1556829000000,1.11732,1.11734,1.11707,1.11709,1176.48
1556829900000,1.1171,1.1173,1.11708,1.11714,995.18
1556830800000,1.11714,1.1174,1.11709,1.11726,267.14
1556831700000,1.11724,1.11733,1.11722,1.11729,367.79
1556832600000,1.11728,1.11733,1.11718,1.11719,480.83
1556833500000,1.11719,1.11722,1.11715,1.11719,627.98
1556834400000,1.11719,1.11741,1.11719,1.1173,1130.26
1556835300000,1.11732,1.11739,1.11729,1.11735,787.43
1556836200000,1.11737,1.11747,1.11732,1.11743,864.7
1556837100000,1.11742,1.11755,1.11742,1.11745,986.12
1556838000000,1.11745,1.11755,1.11745,1.11751,790.31
1556838900000,1.11752,1.11754,1.11732,1.11743,1398.74
1556839800000,1.11744,1.11746,1.11737,1.11743,1048.41
1556840700000,1.11743,1.11748,1.11728,1.11729,581.65
1556841600000,1.11728,1.11751,1.11703,1.11749,2208.83
1556842500000,1.11749,1.11755,1.11747,1.11748,986.9
1556843400000,1.11747,1.11762,1.11745,1.11758,937.02
1556844300000,1.11758,1.11776,1.11746,1.11773,1056.66
1556845200000,1.11774,1.11774,1.11741,1.1175,1317.9
1556846100000,1.1175,1.11761,1.11721,1.11732,1352.5
1556847000000,1.11732,1.1175,1.11706,1.11722,2495.1
1556847900000,1.11723,1.11751,1.11717,1.11749,2219.37
1556848800000,1.11749,1.11767,1.11734,1.11765,1902.14
1556849700000,1.11766,1.11774,1.11753,1.11768,1872.36
1556850600000,1.11769,1.11773,1.11759,1.11763,2228.88
1556851500000,1.11762,1.11767,1.11741,1.11744,2033.28
1556852400000,1.11745,1.11759,1.11728,1.11728,1768.6
1556853300000,1.11728,1.11743,1.11726,1.11738,1190.21
1556854200000,1.11737,1.11747,1.11737,1.11739,1312.72
1556855100000,1.11738,1.11742,1.11731,1.11734,1864.79
1556856000000,1.11733,1.11739,1.1173,1.11733,1607.51
1556856900000,1.11734,1.11748,1.11727,1.11728,1184.99
1556857800000,1.11728,1.11731,1.11669,1.11683,2061.05
1556858700000,1.11683,1.11687,1.1167,1.11684,1280.63
1556859600000,1.11684,1.11709,1.11681,1.11709,2006.69
1556860500000,1.11708,1.11723,1.11703,1.11714,1528.66
1556861400000,1.11716,1.11727,1.11714,1.11724,1414.85
1556862300000,1.11724,1.11733,1.11713,1.11713,1939.06
1556863200000,1.11712,1.11717,1.11683,1.11694,4212.23
1556864100000,1.11694,1.11705,1.1165,1.11653,3202.25
1556865000000,1.11654,1.11672,1.11646,1.11652,4014.8
1556865900000,1.11652,1.11652,1.11601,1.11616,5312.67
1556866800000,1.11615,1.11649,1.11582,1.11607,6317.4
1556867700000,1.11607,1.11636,1.1158,1.11596,5293.75
1556868600000,1.11596,1.11668,1.11586,1.11653,4782.69
1556869500000,1.11652,1.11692,1.11632,1.11679,5099.32
1556870400000,1.1168,1.1168,1.11639,1.11656,4068.9
1556871300000,1.11656,1.11668,1.1164,1.11644,4449.74
1556872200000,1.11644,1.11651,1.11611,1.11627,3764.42
1556873100000,1.11627,1.11657,1.11608,1.11649,4266.89
1556874000000,1.11653,1.11663,1.11561,1.11584,5123.55
1556874900000,1.11584,1.11589,1.11549,1.11551,3469.14
1556875800000,1.11552,1.11561,1.11539,1.1155,3298.27
1556876700000,1.11549,1.11558,1.11539,1.11541,3369.99
1556877600000,1.11541,1.11556,1.11519,1.11537,3717.31
1556878500000,1.11538,1.11597,1.11533,1.11569,3033.91
1556879400000,1.11569,1.1159,1.11555,1.11574,3999.73
1556880300000,1.11574,1.11574,1.11522,1.11525,4089.46
1556881200000,1.11524,1.11532,1.11466,1.11466,4272.48
1556882100000,1.11467,1.11476,1.1144,1.11467,4151.31
1556883000000,1.11467,1.11507,1.11456,1.11504,3152.28
1556883900000,1.11503,1.11525,1.115,1.11521,2961.64
1556884800000,1.11521,1.11556,1.11518,1.11546,4745.94
1556885700000,1.11546,1.11577,1.11508,1.11551,5175.16
1556886600000,1.1155,1.11645,1.1135,1.11617,11617.53
1556887500000,1.11617,1.1163,1.11495,1.11599,8441.87
1556888400000,1.116,1.11655,1.11542,1.11641,8256.45
1556889300000,1.11639,1.11708,1.11598,1.11601,7443.91
1556890200000,1.11601,1.11646,1.11557,1.11636,6358.96
1556891100000,1.11636,1.11705,1.11622,1.1166,6365.54
1556892000000,1.11709,1.11871,1.11707,1.11823,10805.3
1556892900000,1.11824,1.11945,1.11821,1.11832,8879.37
1556893800000,1.11833,1.11893,1.11785,1.1181,8221.95
1556894700000,1.11811,1.11879,1.118,1.1187,9095.62
1556895600000,1.11871,1.11998,1.11858,1.1195,10357.6
1556896500000,1.1195,1.11972,1.11911,1.11931,7714.53
1556897400000,1.1193,1.11944,1.11833,1.11862,8634.09
1556898300000,1.11862,1.11897,1.11844,1.11879,6219.33
1556899200000,1.1188,1.11919,1.11838,1.11888,5860.35
1556900100000,1.11886,1.11961,1.11883,1.11953,4537.87
1556901000000,1.11953,1.12005,1.11952,1.11962,4248.86
1556901900000,1.11964,1.1199,1.11941,1.11956,4389.24
1556902800000,1.11957,1.11974,1.11939,1.11957,4051.83
1556903700000,1.11958,1.11971,1.11933,1.11934,3286.51
1556904600000,1.11934,1.11956,1.11934,1.1194,3415.98
1556905500000,1.1194,1.11957,1.11923,1.11925,3517.25
1556906400000,1.11925,1.11946,1.11909,1.11921,4050.74
1556907300000,1.11921,1.11934,1.11899,1.11928,3304.81
1556908200000,1.11927,1.11986,1.11919,1.11982,2641.09
1556909100000,1.11982,1.12002,1.11933,1.11936,4376.19
1556910000000,1.11936,1.11968,1.11919,1.11963,2841.7
1556910900000,1.11963,1.11995,1.11957,1.11986,3073.64
1556911800000,1.11985,1.1202,1.11977,1.11977,3037.01
1556912700000,1.11978,1.12012,1.11972,1.11994,3703.62
1556913600000,1.11995,1.12012,1.11982,1.12012,1390.91
1556914500000,1.12012,1.12047,1.12011,1.12031,1268.03
1556915400000,1.12032,1.12032,1.12017,1.12029,1242.15
1556916300000,1.1203,1.12046,1.12007,1.12007,1118.41
1557090000000,1.11799,1.11815,1.11672,1.11748,298.68
1557090900000,1.1175,1.11791,1.11719,1.11782,745.57
1557091800000,1.11781,1.11811,1.11734,1.118,641.77
1557092700000,1.118,1.1188,1.11731,1.11794,1527.54
1557093600000,1.11794,1.11885,1.11792,1.1188,2393.28
1557094500000,1.1188,1.11908,1.11852,1.11892,1670.68
1557095400000,1.11893,1.11982,1.11892,1.11973,1936.79
1557096300000,1.11973,1.12003,1.11939,1.11941,1648.46
1557097200000,1.11941,1.11987,1.11941,1.11946,1903.89
1557098100000,1.11947,1.11954,1.11937,1.11946,1442.41
1557099000000,1.11947,1.11948,1.11906,1.11926,1809.13
1557099900000,1.11927,1.11927,1.11811,1.11846,4397.29
1557100800000,1.11846,1.11878,1.11823,1.11827,3567.19
1557101700000,1.11826,1.11848,1.11805,1.11805,3097.53
1557102600000,1.11805,1.11842,1.11805,1.11823,2874.06
1557103500000,1.11823,1.1188,1.11823,1.11852,3511.32
1557104400000,1.11852,1.11869,1.11832,1.11863,4060.78
1557105300000,1.11863,1.11898,1.11853,1.11897,3941.14
1557106200000,1.11898,1.11906,1.11877,1.11898,2829.95
1557107100000,1.11898,1.11945,1.11895,1.11918,3362.65
1557108000000,1.11918,1.11919,1.11866,1.11879,3323.92
1557108900000,1.1188,1.11899,1.11878,1.11889,1745.62
1557109800000,1.11888,1.11896,1.11853,1.11878,2454.27
1557110700000,1.11879,1.11893,1.11848,1.11892,2605.29
1557111600000,1.11893,1.1191,1.11872,1.11904,2968.59
1557112500000,1.11904,1.11915,1.11891,1.11905,3088.53
1557113400000,1.11905,1.11922,1.11895,1.11917,2781.05
1557114300000,1.11916,1.11937,1.11915,1.11936,2493.9
1557115200000,1.11935,1.11953,1.1192,1.11945,2599.74
1557116100000,1.11946,1.11953,1.11943,1.11943,1488.34
1557117000000,1.11943,1.11946,1.11917,1.11921,2156.28
1557117900000,1.11921,1.11958,1.11906,1.1191,3060.63
1557118800000,1.1191,1.11923,1.11882,1.11888,3332.67
1557119700000,1.11887,1.11898,1.11868,1.11868,1923.98
1557120600000,1.11867,1.11877,1.11859,1.11867,1957.94
1557121500000,1.11867,1.1193,1.11863,1.11913,2592.48
1557122400000,1.11912,1.11944,1.11901,1.11936,3650.22
1557123300000,1.11937,1.11948,1.11893,1.11899,3953.17
1557124200000,1.11898,1.11927,1.11898,1.11916,2849.11
1557125100000,1.11916,1.11939,1.11871,1.11892,3758.71
1557126000000,1.11892,1.11934,1.11867,1.11899,4424.57
1557126900000,1.11898,1.11911,1.11836,1.11866,6202.89
1557127800000,1.11867,1.11937,1.11867,1.11898,4656.15
1557128700000,1.11897,1.11912,1.11852,1.11874,4191.36
1557129600000,1.11873,1.11925,1.11869,1.11914,3783.99
1557130500000,1.11915,1.11918,1.11875,1.11916,3542.97
1557131400000,1.11916,1.11916,1.11837,1.11854,2794.4
1557132300000,1.11855,1.11859,1.1183,1.11838,2564.66
1557133200000,1.11836,1.11888,1.11829,1.11886,3935.39
1557134100000,1.11886,1.11905,1.11865,1.11897,4469.23
1557135000000,1.11897,1.11952,1.11893,1.11941,4378.62
1557135900000,1.11941,1.1195,1.11923,1.11934,3761.03
1557136800000,1.11935,1.11953,1.1192,1.11931,3890.8
1557137700000,1.11932,1.11955,1.11891,1.11894,3631.4
1557138600000,1.11893,1.11946,1.1189,1.11944,3435.44
1557139500000,1.11945,1.11985,1.11944,1.11977,4739.13
1557140400000,1.11977,1.11999,1.11961,1.1199,4389.35
1557141300000,1.11989,1.12035,1.1198,1.12018,4855.07
1557142200000,1.12017,1.12017,1.11969,1.11989,3628.52
1557143100000,1.11989,1.11998,1.1197,1.11982,3401.65
1557144000000,1.11982,1.12033,1.11963,1.11983,3859.16
1557144900000,1.11983,1.11999,1.11936,1.1195,4036.37
1557145800000,1.1195,1.11962,1.11851,1.11858,5156.72
1557146700000,1.11858,1.11866,1.1179,1.11835,4513.28
1557147600000,1.11834,1.11868,1.11805,1.11839,4509.72
1557148500000,1.11838,1.11857,1.11818,1.11856,4471.87
1557149400000,1.11852,1.11899,1.11846,1.11874,6078.04
1557150300000,1.11873,1.11934,1.11872,1.11915,5277.42
1557151200000,1.11914,1.11935,1.11871,1.11893,5399.27
1557152100000,1.11894,1.1192,1.11866,1.11916,5227.77
1557153000000,1.11915,1.11917,1.11888,1.11909,4913.77
1557153900000,1.11909,1.11967,1.11846,1.11965,6533.15
1557154800000,1.11965,1.11965,1.11892,1.1195,6262.96
1557155700000,1.1195,1.11981,1.11928,1.11974,4717.63
1557156600000,1.11974,1.1198,1.11935,1.11949,4823.28
1557157500000,1.1195,1.11981,1.11949,1.11965,4106.69
1557158400000,1.11965,1.11998,1.1196,1.1198,3752.43
1557159300000,1.11979,1.12039,1.11979,1.11999,3866.12
1557160200000,1.11999,1.12024,1.11976,1.12004,4072.76
1557161100000,1.12003,1.12067,1.11996,1.12029,3617.31
1557162000000,1.12027,1.12086,1.1202,1.12083,4290.13
1557162900000,1.12084,1.12092,1.12053,1.12054,3413.99
1557163800000,1.12057,1.1207,1.12031,1.12051,3418.95
1557164700000,1.1205,1.12055,1.12032,1.12039,3092.46
1557165600000,1.1204,1.12058,1.12037,1.12052,2239.52
1557166500000,1.12053,1.12064,1.12048,1.1205,1884.53
1557167400000,1.12049,1.12056,1.12008,1.12035,3948.28
1557168300000,1.12035,1.12043,1.12016,1.12034,3717.02
1557169200000,1.12034,1.12059,1.12027,1.12043,2792.8
1557170100000,1.12043,1.12048,1.12032,1.12043,2227.38
1557171000000,1.12043,1.12049,1.12033,1.12033,2518.24
1557171900000,1.12035,1.12045,1.12013,1.12014,2293.47
1557172800000,1.12013,1.12019,1.12,1.12009,1195.29
1557173700000,1.12009,1.1202,1.12002,1.12012,632.31
1557174600000,1.12012,1.12016,1.11996,1.12,1304.79
1557175500000,1.11999,1.12002,1.11972,1.1198,1549.2
1557176400000,1.1198,1.11995,1.1193,1.11976,512.6
1557177300000,1.11976,1.1198,1.11937,1.11946,669.43
1557178200000,1.11943,1.11962,1.11908,1.11931,858.32
1557179100000,1.11931,1.11948,1.11931,1.11948,946.07
1557180000000,1.11947,1.11977,1.11946,1.11973,1093.17
1557180900000,1.11973,1.11987,1.11967,1.11986,370.41
1557181800000,1.11987,1.11987,1.11971,1.11982,396.22
1557182700000,1.11982,1.11993,1.11982,1.11982,558.34
1557183600000,1.11982,1.12019,1.11981,1.12012,1115.45
1557184500000,1.12012,1.12018,1.12001,1.12008,698.97
1557185400000,1.12009,1.12018,1.12004,1.12009,761.81
1557186300000,1.12008,1.12011,1.11997,1.1201,1059.13
1557187200000,1.12011,1.12031,1.11998,1.12025,1893.46
1557188100000,1.12025,1.12027,1.11999,1.12023,1554.97
1557189000000,1.12023,1.12024,1.11982,1.11989,1798
1557189900000,1.11988,1.12005,1.11978,1.11998,2144.35
1557190800000,1.11998,1.12008,1.11988,1.11998,1541.62
1557191700000,1.11998,1.11999,1.11971,1.11979,1971.26
1557192600000,1.1198,1.12045,1.1198,1.12039,2503.21
1557193500000,1.12039,1.1205,1.12026,1.12046,2243.27
1557194400000,1.12044,1.12049,1.12029,1.12031,2579.82
1557195300000,1.1203,1.12044,1.12024,1.12043,2271.25
1557196200000,1.12044,1.12049,1.12033,1.12048,1886.74
1557197100000,1.12049,1.12055,1.12039,1.12052,1738.85
1557198000000,1.12052,1.12068,1.12035,1.12061,2228.88
1557198900000,1.1206,1.1207,1.12049,1.1207,1508.27
1557199800000,1.1207,1.12071,1.1204,1.12056,2633.73
1557200700000,1.12055,1.12077,1.12048,1.12073,1530.96
1557201600000,1.12072,1.12075,1.12056,1.12069,1786.23
1557202500000,1.12069,1.12082,1.12063,1.12074,1635.44
1557203400000,1.12075,1.12134,1.12052,1.12125,4686.42
1557204300000,1.12124,1.12143,1.12106,1.12134,2662.03
1557205200000,1.12134,1.12138,1.12105,1.1213,2599.7
1557206100000,1.1213,1.12132,1.12105,1.1211,2756.06
1557207000000,1.1211,1.12116,1.12083,1.12099,2091.49
1557207900000,1.121,1.12161,1.12089,1.12142,2135.02
1557208800000,1.12141,1.12141,1.12059,1.12114,4143.38
1557209700000,1.12114,1.12178,1.1207,1.12165,6766.99
1557210600000,1.12165,1.12171,1.12063,1.12066,5865.67
1557211500000,1.12066,1.12146,1.12062,1.12089,5315.23
1557212400000,1.12089,1.12151,1.12048,1.12094,6617.36
1557213300000,1.12094,1.1216,1.12083,1.12118,6267.38
1557214200000,1.12118,1.12163,1.12057,1.12058,6235.52
1557215100000,1.12058,1.12059,1.1194,1.11955,6006.13
1557216000000,1.11955,1.11961,1.1193,1.11949,5653.88
1557216900000,1.11948,1.11984,1.11942,1.11958,4184.73
1557217800000,1.11959,1.12015,1.11955,1.12008,4274.81
1557218700000,1.12009,1.12013,1.11957,1.11964,4869.82
1557219600000,1.11963,1.11986,1.11941,1.11951,4327.12
1557220500000,1.1195,1.11992,1.1195,1.11979,4235.2
1557221400000,1.11979,1.11982,1.11938,1.11945,3917.85
1557222300000,1.11946,1.12043,1.11942,1.1204,3943.68
1557223200000,1.12038,1.12063,1.12023,1.12038,3977.66
1557224100000,1.12039,1.12043,1.12,1.12002,3817.37
1557225000000,1.12002,1.12012,1.11975,1.11991,4903.88
1557225900000,1.11993,1.12007,1.11961,1.11972,3757.97
1557226800000,1.11973,1.11977,1.11949,1.11953,4066.47
1557227700000,1.11953,1.11988,1.1195,1.11984,2879.75
1557228600000,1.11984,1.11984,1.11937,1.11947,3095.76
1557229500000,1.11947,1.11969,1.11771,1.11828,7261.89
1557230400000,1.11828,1.11874,1.11824,1.11844,5643.05
1557231300000,1.11845,1.11886,1.11819,1.11879,5403.89
1557232200000,1.1188,1.11913,1.11866,1.11894,3732.1
1557233100000,1.11894,1.11899,1.11833,1.11833,4173.35
1557234000000,1.11834,1.11843,1.11748,1.11788,6415.15
1557234900000,1.11786,1.11825,1.11769,1.11814,5293.69
1557235800000,1.11814,1.11847,1.11797,1.11839,5519.94
1557236700000,1.1184,1.11869,1.11835,1.11858,5882.37
1557237600000,1.11859,1.11895,1.11815,1.11849,6067.73
1557238500000,1.11848,1.11891,1.11815,1.11884,5590.93
1557239400000,1.11884,1.11927,1.11832,1.1191,6566.39
1557240300000,1.11913,1.11929,1.11856,1.11877,6181.63
1557241200000,1.11877,1.11911,1.11819,1.11856,6247.61
1557242100000,1.11856,1.11872,1.11832,1.11846,3163.08
1557243000000,1.11847,1.11862,1.11805,1.11845,4471.54
1557243900000,1.11845,1.11858,1.11773,1.11777,5134.35
1557244800000,1.11778,1.11789,1.11676,1.11679,4621.69
1557245700000,1.11678,1.11732,1.11666,1.11718,4640.36
1557246600000,1.1172,1.11743,1.11694,1.11729,3632.47
1557247500000,1.11728,1.11757,1.11712,1.11749,4125.68
1557248400000,1.11748,1.11785,1.11703,1.11757,5413.96
1557249300000,1.11756,1.11796,1.11741,1.11755,4858.06
1557250200000,1.11756,1.11781,1.11739,1.11744,5343.58
1557251100000,1.11745,1.11792,1.11738,1.11783,3582.42
1557252000000,1.11783,1.11792,1.1172,1.11727,4703.32
1557252900000,1.11727,1.11771,1.11721,1.11757,3560.82
1557253800000,1.11758,1.11813,1.11752,1.11811,3988.4
1557254700000,1.11809,1.11927,1.11801,1.11822,5481.32
1557255600000,1.11825,1.11831,1.11802,1.11817,4598.77
1557256500000,1.11818,1.11865,1.11815,1.11858,4721.85
1557257400000,1.11861,1.11872,1.11852,1.11862,4493.98
1557258300000,1.11861,1.11922,1.11851,1.11866,4151.96
1557259200000,1.11865,1.11925,1.11851,1.11913,2025.18
1557260100000,1.11912,1.11929,1.11905,1.11919,999.16
1557261000000,1.11919,1.11929,1.1191,1.11916,1166.69
1557261900000,1.11915,1.11934,1.11907,1.11912,1044.13
1557262800000,1.11899,1.1192,1.11882,1.11919,345.27
1557263700000,1.11919,1.1192,1.11905,1.11917,320.82
1557264600000,1.1191,1.11936,1.11887,1.11933,605.28
1557265500000,1.11933,1.11948,1.11929,1.11935,972.86
1557266400000,1.11937,1.1194,1.1192,1.11934,706.2
1557267300000,1.11935,1.11935,1.1192,1.11929,896.65
1557268200000,1.11928,1.11936,1.11919,1.11929,873.85
1557269100000,1.11928,1.11934,1.11922,1.11928,1128.96
1557270000000,1.11928,1.1193,1.11912,1.11913,1036.59
1557270900000,1.11913,1.11924,1.11908,1.11908,1009.81
1557271800000,1.11908,1.1191,1.11899,1.11904,1519.33
1557272700000,1.11904,1.11907,1.11888,1.11895,1279.01
1557273600000,1.11893,1.11921,1.11884,1.119,3098.12
1557274500000,1.11902,1.11919,1.11894,1.11904,1819.72
1557275400000,1.11904,1.11914,1.11893,1.11898,1105.07
1557276300000,1.11898,1.11925,1.11893,1.11925,2325.7
1557277200000,1.11928,1.11965,1.11928,1.11952,2363.26
1557278100000,1.11952,1.11968,1.1194,1.11953,2319.5
1557279000000,1.11955,1.11981,1.11955,1.1198,2192.8
1557279900000,1.1198,1.12001,1.11967,1.11982,2519.4
1557280800000,1.11985,1.12007,1.11945,1.11994,4878.69
1557281700000,1.11994,1.12024,1.11988,1.12015,1985.61
1557282600000,1.12015,1.12038,1.12007,1.1203,2920.59
1557283500000,1.1203,1.12033,1.12002,1.12004,1936.24
1557284400000,1.12004,1.12035,1.11985,1.12028,2381.74
1557285300000,1.12029,1.12058,1.12029,1.12037,2963.06
1557286200000,1.12036,1.12042,1.12012,1.12012,2388.33
1557287100000,1.12014,1.12041,1.12004,1.12037,2168.81
1557288000000,1.12037,1.12052,1.12032,1.12041,2983.78
1557288900000,1.12042,1.12057,1.12037,1.12053,2319.92
1557289800000,1.12054,1.12066,1.12037,1.12044,2146.6
1557290700000,1.12044,1.12052,1.12037,1.12051,1915.86
1557291600000,1.12051,1.12052,1.12025,1.12034,1419.96
1557292500000,1.12035,1.12041,1.12019,1.12019,1583.99
1557293400000,1.12018,1.12064,1.12016,1.12058,1315.57
1557294300000,1.12059,1.12063,1.12036,1.12042,2560.26
1557295200000,1.12043,1.12126,1.1204,1.12081,4758.15
1557296100000,1.12084,1.12118,1.12046,1.12098,4358.96
1557297000000,1.12099,1.12123,1.12075,1.12093,4209.88
1557297900000,1.12093,1.12116,1.12058,1.1207,4360.29
1557298800000,1.12069,1.121,1.1198,1.11984,6552.96
1557299700000,1.11984,1.12044,1.11964,1.12039,5307.36
1557300600000,1.12038,1.12057,1.12001,1.12022,5423.69
1557301500000,1.12023,1.12078,1.1201,1.12049,5153.98
1557302400000,1.1205,1.12097,1.12041,1.12084,5063.66
1557303300000,1.12084,1.1211,1.12055,1.12063,5628.21
1557304200000,1.12064,1.12077,1.12009,1.12036,5087.68
1557305100000,1.12037,1.12048,1.11968,1.11974,7084.5
1557306000000,1.11981,1.11986,1.11942,1.11945,5408.77
1557306900000,1.11946,1.12017,1.11943,1.12013,3518.49
1557307800000,1.12013,1.12027,1.1196,1.11998,5084.68
1557308700000,1.11999,1.12059,1.11993,1.12027,5979.65
1557309600000,1.12027,1.12035,1.11929,1.11948,6317.38
1557310500000,1.11949,1.11981,1.11913,1.11972,6815.37
1557311400000,1.11973,1.11987,1.11925,1.1198,5334.47
1557312300000,1.11979,1.12046,1.1196,1.12036,5231.02
1557313200000,1.12037,1.12054,1.12012,1.12026,5032.1
1557314100000,1.12027,1.12074,1.11993,1.1201,5250.34
1557315000000,1.1201,1.12039,1.11984,1.12031,4699.36
1557315900000,1.1203,1.12075,1.12019,1.12028,5336.03
1557316800000,1.12028,1.12032,1.12002,1.12019,5286.82
1557317700000,1.1202,1.12041,1.11976,1.12038,5892.14
1557318600000,1.12038,1.12042,1.11891,1.11936,7312
1557319500000,1.11936,1.12019,1.11913,1.11985,8512.12
1557320400000,1.11986,1.1201,1.1196,1.11997,7523.06
1557321300000,1.11997,1.12028,1.11978,1.12027,6889.01
1557322200000,1.12026,1.12055,1.11988,1.12016,9498.29
1557323100000,1.12015,1.12026,1.11986,1.11989,6964.9
1557324000000,1.11989,1.12014,1.11942,1.12013,6911.34
1557324900000,1.12013,1.12021,1.11978,1.12016,6205.21
1557325800000,1.12017,1.12064,1.12001,1.12017,7547.58
1557326700000,1.12016,1.12034,1.11935,1.12033,8419.13
1557327600000,1.12033,1.12098,1.12007,1.12032,9207.49
1557328500000,1.12034,1.12062,1.11992,1.12055,5746
1557329400000,1.12055,1.12136,1.1203,1.12108,7997.57
1557330300000,1.12109,1.12109,1.1205,1.12055,4912.34
1557331200000,1.12056,1.12096,1.1192,1.1192,5243.98
1557332100000,1.1192,1.11941,1.11827,1.11847,5209.33
1557333000000,1.11847,1.119,1.11842,1.11872,3610.47
1557333900000,1.11872,1.11912,1.11872,1.11886,4353.6
1557334800000,1.11885,1.11898,1.11827,1.11862,4645.83
1557335700000,1.11864,1.1188,1.11847,1.1187,3643.3
1557336600000,1.11871,1.11907,1.11856,1.11907,3325.83
1557337500000,1.11906,1.11916,1.11882,1.11899,3370.56
1557338400000,1.11901,1.11901,1.11854,1.11864,2467.06
1557339300000,1.11864,1.11889,1.11855,1.11889,3020.6
1557340200000,1.11892,1.11917,1.11885,1.11892,3044.05
1557341100000,1.11894,1.11941,1.11894,1.11915,3239.47
1557342000000,1.11918,1.11934,1.11911,1.11927,2478.28
1557342900000,1.11926,1.11941,1.11916,1.11935,2827.28
1557343800000,1.11935,1.11949,1.11925,1.11949,2208.56
1557344700000,1.11951,1.11951,1.11907,1.11935,3460.64
1557345600000,1.11936,1.11936,1.11915,1.11919,1183.7
1557346500000,1.11919,1.11919,1.1189,1.11895,871.31
1557347400000,1.11896,1.1192,1.11896,1.11916,782.69
1557348300000,1.11916,1.11925,1.11908,1.11909,721.92
1557349200000,1.11909,1.11911,1.11896,1.11909,374.13
1557350100000,1.11908,1.11937,1.11904,1.11915,950.22
1557351000000,1.11915,1.11936,1.11911,1.11928,900.3
1557351900000,1.11929,1.11944,1.11925,1.1194,1056.88
1557352800000,1.1194,1.11955,1.11938,1.11954,1403.14
1557353700000,1.11954,1.11968,1.11945,1.11962,720.72
1557354600000,1.11963,1.1198,1.11959,1.11967,840.63
1557355500000,1.11967,1.11977,1.1196,1.11973,1052.01
1557356400000,1.11973,1.11976,1.11963,1.11968,1147.08
1557357300000,1.11969,1.11981,1.11963,1.11981,1178.64
1557358200000,1.11981,1.11985,1.11961,1.11967,1239.43
1557359100000,1.11966,1.11983,1.11953,1.11977,2035.02
1557360000000,1.11977,1.11979,1.11952,1.11954,1878.24
1557360900000,1.11954,1.11967,1.11928,1.11944,3370.28
1557361800000,1.11944,1.11947,1.11911,1.11921,5403.76
1557362700000,1.11922,1.1194,1.11909,1.11914,4475.99
1557363600000,1.11914,1.11955,1.11914,1.11954,3111.72
1557364500000,1.11954,1.11956,1.11919,1.1192,2331.21
1557365400000,1.1192,1.11946,1.11918,1.11919,3259.58
1557366300000,1.11919,1.11927,1.11891,1.11906,3055.1
1557367200000,1.11907,1.11909,1.11873,1.11887,3316.82
1557368100000,1.11886,1.11893,1.11867,1.11872,3096.71
1557369000000,1.11873,1.1189,1.11862,1.11866,2613.39
1557369900000,1.11865,1.11907,1.11858,1.11895,3316.13
1557370800000,1.11896,1.11921,1.1189,1.11899,3003.62
1557371700000,1.11899,1.11912,1.11875,1.11891,2065.51
1557372600000,1.11891,1.11924,1.1189,1.11906,2311.22
1557373500000,1.11907,1.11912,1.11886,1.11909,2030.57
1557374400000,1.11908,1.11917,1.119,1.11902,2006.29
1557375300000,1.11902,1.11922,1.11899,1.11918,2336.67
1557376200000,1.11917,1.11921,1.119,1.11913,2163.82
1557377100000,1.11912,1.11949,1.11911,1.11946,2403.4
1557378000000,1.11947,1.11957,1.11926,1.11954,2396.49
1557378900000,1.11955,1.1197,1.1195,1.11966,2781.38
1557379800000,1.11968,1.1197,1.11937,1.11957,1889.9
1557380700000,1.11957,1.11977,1.11951,1.11966,2560.41
1557381600000,1.11965,1.11985,1.11944,1.11965,3560.07
1557382500000,1.11966,1.12007,1.11958,1.11979,3986.2
1557383400000,1.11979,1.1203,1.11963,1.12,4298.38
1557384300000,1.12,1.12017,1.11965,1.11977,4542.04
1557385200000,1.11977,1.12033,1.11961,1.11995,5909.12
1557386100000,1.11995,1.11996,1.1194,1.11989,6327.05
1557387000000,1.1199,1.12001,1.11935,1.11974,4240.79
1557387900000,1.11974,1.11994,1.1183,1.11865,6886.38
1557388800000,1.11866,1.11887,1.1179,1.11796,5942.95
1557389700000,1.11797,1.11838,1.11734,1.11791,6524.18
1557390600000,1.11792,1.11895,1.11756,1.11865,6971.43
1557391500000,1.11865,1.11892,1.11849,1.11886,5655.19
1557392400000,1.11887,1.11903,1.11869,1.11876,5428.1
1557393300000,1.11877,1.11927,1.11857,1.1192,5749.53
1557394200000,1.1192,1.11977,1.11912,1.11935,4763.23
1557395100000,1.11934,1.11968,1.11921,1.11962,4438.55
1557396000000,1.11962,1.11964,1.11913,1.11918,3836.33
1557396900000,1.11918,1.11938,1.11863,1.11883,4992.13
1557397800000,1.11883,1.11905,1.11857,1.11889,6251.83
1557398700000,1.11889,1.11915,1.11856,1.11911,4720.44
1557399600000,1.11911,1.11924,1.11879,1.11915,4605.64
1557400500000,1.11916,1.11921,1.11869,1.11887,3288.92
1557401400000,1.11887,1.1189,1.11856,1.11857,4922.55
1557402300000,1.11858,1.11898,1.11845,1.11896,5222.61
1557403200000,1.11896,1.11939,1.1187,1.11925,6024.46
1557404100000,1.11926,1.11974,1.1191,1.11957,5096.86
1557405000000,1.11958,1.12005,1.11953,1.1199,6144.03
1557405900000,1.1199,1.1199,1.11944,1.11969,6819.12
1557406800000,1.1197,1.12004,1.11951,1.11965,6236.61
1557407700000,1.11965,1.11983,1.11926,1.11927,4993.75
1557408600000,1.11925,1.12049,1.11912,1.12028,7469
1557409500000,1.12028,1.12425,1.12016,1.12352,11272.29
1557410400000,1.1235,1.12475,1.12348,1.12419,11164.1
1557411300000,1.12419,1.12509,1.12391,1.12452,8461.99
1557412200000,1.12451,1.12465,1.12292,1.12296,9106.16
1557413100000,1.12296,1.12361,1.12237,1.123,9604.65
1557414000000,1.12299,1.1234,1.12264,1.12298,7483.9
1557414900000,1.123,1.12338,1.12275,1.12313,6342.2
1557415800000,1.12314,1.12354,1.12307,1.12334,5959.81
1557416700000,1.12332,1.12336,1.12257,1.12277,4826.92
1557417600000,1.12276,1.12314,1.12221,1.12222,3854.07
1557418500000,1.12221,1.12234,1.12168,1.12202,6936.92
1557419400000,1.12203,1.12203,1.12119,1.12163,9391.71
1557420300000,1.12163,1.12211,1.12141,1.12153,7830.8
1557421200000,1.12154,1.12206,1.12133,1.12203,6188.75
1557422100000,1.12204,1.12244,1.12193,1.1223,4929.39
1557423000000,1.12229,1.12248,1.12198,1.12241,5401.34
1557423900000,1.12243,1.12262,1.12185,1.12252,6647.08
1557424800000,1.12251,1.12284,1.1222,1.12247,5843.33
1557425700000,1.12247,1.12268,1.12222,1.12238,3775.48
1557426600000,1.12237,1.12239,1.12206,1.1223,4142.97
1557427500000,1.1223,1.12247,1.12219,1.12243,5282.66
1557428400000,1.12243,1.12261,1.12221,1.1225,4432.04
1557429300000,1.12249,1.12255,1.12219,1.12219,3077.55
1557430200000,1.12219,1.1222,1.12188,1.12204,2339.25
1557431100000,1.12204,1.12207,1.1218,1.1219,2895.43
1557432000000,1.12191,1.12211,1.12182,1.12199,1378.27
1557432900000,1.12199,1.12207,1.12163,1.12169,1422.21
1557433800000,1.12169,1.12171,1.12109,1.1211,1656.32
1557434700000,1.1211,1.12138,1.12099,1.12138,2075.53
1557435600000,1.12123,1.12163,1.12115,1.1215,489.02
1557436500000,1.1215,1.12172,1.12143,1.12166,718.86
1557437400000,1.12166,1.12197,1.12164,1.12181,745.54
1557438300000,1.12181,1.12195,1.12136,1.12181,1275.28
1557439200000,1.1218,1.12199,1.12178,1.12195,927.07
1557440100000,1.12195,1.12202,1.12177,1.12183,894.92
1557441000000,1.12182,1.12198,1.12182,1.12184,848.3
1557441900000,1.12184,1.122,1.12181,1.12188,1490.86
1557442800000,1.12189,1.122,1.12174,1.12193,1485.68
1557443700000,1.12194,1.12199,1.12189,1.12199,1589.03
1557444600000,1.12198,1.12206,1.12181,1.12192,1442.28
1557445500000,1.12192,1.12197,1.1218,1.12184,1487.94
1557446400000,1.12185,1.12265,1.12179,1.12265,5106.03
1557447300000,1.12264,1.12281,1.12227,1.12231,4775.92
1557448200000,1.12232,1.12271,1.12219,1.12257,4948.77
1557449100000,1.12257,1.12302,1.12245,1.12293,3013.93
1557450000000,1.12293,1.12313,1.12282,1.12301,3582.4
1557450900000,1.12303,1.12325,1.12284,1.12319,2718.47
1557451800000,1.12319,1.12329,1.12293,1.12315,3725.87
1557452700000,1.12314,1.12348,1.12303,1.12325,2958.69
1557453600000,1.12324,1.12327,1.12298,1.12323,2550.87
1557454500000,1.12323,1.12325,1.123,1.12303,1796.68
1557455400000,1.12303,1.12312,1.12283,1.12292,2154
1557456300000,1.12292,1.12293,1.12266,1.12276,3221.52
1557457200000,1.12276,1.12292,1.12254,1.12284,3722.48
1557458100000,1.12284,1.12307,1.12258,1.12284,4461.01
1557459000000,1.12283,1.12322,1.1228,1.12303,2931.9
1557459900000,1.12302,1.12307,1.12278,1.12296,3248.25
1557460800000,1.12295,1.12315,1.12284,1.12315,4228.34
1557461700000,1.12314,1.12317,1.12304,1.12313,2046.65
1557462600000,1.12312,1.12317,1.12284,1.12292,2241.35
1557463500000,1.12293,1.12293,1.12257,1.12257,1778.37
1557464400000,1.12258,1.12264,1.12242,1.12263,2815.45
1557465300000,1.12263,1.12271,1.12256,1.12264,1876.71
1557466200000,1.12264,1.12281,1.12233,1.12278,2032.46
1557467100000,1.12278,1.1229,1.12252,1.12271,2095.87
1557468000000,1.12273,1.12292,1.12241,1.12257,3280.17
1557468900000,1.12257,1.12273,1.12243,1.12264,3427.08
1557469800000,1.12264,1.1229,1.12226,1.12227,3646.22
1557470700000,1.12227,1.1229,1.12177,1.12276,5420.14
1557471600000,1.12274,1.12331,1.12254,1.12297,5844.32
1557472500000,1.12296,1.1232,1.12262,1.12303,5423.24
1557473400000,1.12302,1.12303,1.12252,1.1229,4617.48
1557474300000,1.1229,1.12309,1.12254,1.12258,3624.82
1557475200000,1.12258,1.12274,1.12207,1.12222,4542.7
1557476100000,1.12223,1.12258,1.12212,1.12252,4285.42
1557477000000,1.12252,1.1232,1.122,1.12311,5244.88
1557477900000,1.12312,1.12323,1.12283,1.12309,4648.31
1557478800000,1.12308,1.12347,1.12305,1.12342,3718.91
1557479700000,1.12342,1.12354,1.12318,1.12343,3058.2
1557480600000,1.12343,1.12374,1.12342,1.12365,4576.76
1557481500000,1.12364,1.12385,1.1231,1.12322,4395.95
1557482400000,1.12322,1.1234,1.12299,1.12301,3966.05
1557483300000,1.123,1.12307,1.12268,1.12269,3861.25
1557484200000,1.12268,1.12302,1.1223,1.12294,4237.64
1557485100000,1.12294,1.12339,1.12273,1.12336,5328.01
1557486000000,1.12337,1.12342,1.12257,1.12272,5064.07
1557486900000,1.12271,1.12298,1.12245,1.12292,3772.1
1557487800000,1.12292,1.12343,1.1229,1.1232,5150.47
1557488700000,1.12318,1.12366,1.12285,1.12295,6272.81
1557489600000,1.12295,1.12341,1.1228,1.12296,6147.07
1557490500000,1.12296,1.12315,1.12268,1.12273,5746.01
1557491400000,1.1228,1.1244,1.12263,1.1243,10096.49
1557492300000,1.12431,1.12468,1.12403,1.1242,7513.68
1557493200000,1.12419,1.12449,1.12369,1.12388,8462.61
1557494100000,1.12388,1.12425,1.12376,1.12384,5480.91
1557495000000,1.12385,1.12443,1.12382,1.12425,7908.72
1557495900000,1.12423,1.12492,1.12421,1.12452,7442.65
1557496800000,1.12453,1.12482,1.12394,1.12398,6566.23
1557497700000,1.12399,1.12454,1.1239,1.12431,6749.85
1557498600000,1.1243,1.12536,1.12425,1.12493,8465.75
1557499500000,1.12491,1.12524,1.12422,1.12435,6771.42
1557500400000,1.12434,1.12469,1.12401,1.12406,8133.96
1557501300000,1.12406,1.12442,1.12403,1.12424,6358.23
1557502200000,1.12427,1.12449,1.12412,1.12432,5348.71
1557503100000,1.12433,1.12445,1.12395,1.12409,6255.71
1557504000000,1.1241,1.12413,1.12349,1.12349,5937.76
1557504900000,1.12349,1.1238,1.1233,1.12377,4862.7
1557505800000,1.12376,1.12395,1.12352,1.12373,3622.38
1557506700000,1.12373,1.12388,1.12349,1.12366,3735.57
1557507600000,1.12365,1.12365,1.1234,1.12357,4358.36
1557508500000,1.12358,1.12359,1.12278,1.12298,6642.5
1557509400000,1.123,1.12318,1.12292,1.12302,4769.57
1557510300000,1.12302,1.1235,1.123,1.1235,4770.48
1557511200000,1.1235,1.12353,1.12321,1.12343,4012.27
1557512100000,1.12342,1.12344,1.12323,1.12335,3154.81
1557513000000,1.12334,1.12337,1.12298,1.12308,3156.28
1557513900000,1.12309,1.12329,1.12302,1.12314,3102.96
1557514800000,1.12313,1.12325,1.12305,1.12313,3039.44
1557515700000,1.12312,1.1233,1.12295,1.12312,5031.74
1557516600000,1.12312,1.12339,1.12304,1.12333,3178.85
1557517500000,1.12333,1.12352,1.12319,1.12319,3111.45
1557518400000,1.1232,1.12325,1.12298,1.1232,1379.1
1557519300000,1.1232,1.12369,1.12319,1.12362,793.94
1557520200000,1.12361,1.12386,1.12348,1.1238,1622.47
1557521100000,1.12382,1.12392,1.12325,1.12329,1507.55
1557694800000,1.1232,1.12362,1.12299,1.12357,114.64
1557695700000,1.12358,1.12373,1.12333,1.12336,187.19
1557696600000,1.12343,1.12408,1.12324,1.12357,844.11
1557697500000,1.12357,1.12388,1.1233,1.12361,780.09
1557698400000,1.12359,1.12387,1.12344,1.12352,950.08
1557699300000,1.12351,1.12372,1.12348,1.12362,975.87
1557700200000,1.12362,1.12366,1.12341,1.12345,874.29
1557701100000,1.12345,1.12353,1.12345,1.12352,783.18
1557702000000,1.12352,1.12376,1.12352,1.12372,1073.18
1557702900000,1.12371,1.12376,1.12366,1.12367,1044.65
1557703800000,1.12367,1.12389,1.12358,1.12376,1198.74
1557704700000,1.12375,1.12377,1.12342,1.12357,1744.25
1557705600000,1.12358,1.12368,1.12344,1.12354,2307.65
1557706500000,1.12354,1.12374,1.12335,1.12341,1931.15
1557707400000,1.1234,1.12352,1.1233,1.12331,1179.45
1557708300000,1.12331,1.12336,1.12309,1.12315,1661.46
1557709200000,1.12316,1.12331,1.12314,1.12319,1431.11
1557710100000,1.12319,1.12347,1.12317,1.12345,1346.39
1557711000000,1.12344,1.12351,1.12331,1.12332,1641
1557711900000,1.12332,1.12346,1.1233,1.12344,1211.85
1557712800000,1.12343,1.12347,1.12306,1.12308,1934.75
1557713700000,1.12309,1.12329,1.12289,1.12318,2469.61
1557714600000,1.12318,1.12321,1.12306,1.12317,1512.39
1557715500000,1.12317,1.12328,1.12315,1.12322,1669.94
1557716400000,1.12322,1.12339,1.12321,1.12334,1135.25
1557717300000,1.12333,1.12334,1.12323,1.1233,943.05
1557718200000,1.12331,1.12332,1.12305,1.12314,1021.37
1557719100000,1.12313,1.12316,1.12295,1.12296,1072.21
1557720000000,1.12297,1.12305,1.1229,1.12294,1094.89
1557720900000,1.12293,1.12293,1.1228,1.12291,1008.64
1557721800000,1.12291,1.12298,1.12284,1.12292,1041.68
1557722700000,1.12293,1.12301,1.12282,1.12297,1510.51
1557723600000,1.12296,1.12299,1.1227,1.12272,1222.92
1557724500000,1.12272,1.12289,1.1227,1.12289,1329.93
1557725400000,1.12289,1.12297,1.12284,1.12293,1211.71
1557726300000,1.12292,1.12304,1.12282,1.123,1524.5
1557727200000,1.12299,1.12336,1.12297,1.12333,3573.58
1557728100000,1.12334,1.12344,1.12317,1.12336,3148.72
1557729000000,1.12337,1.12366,1.12333,1.12356,3256.58
1557729900000,1.12355,1.12365,1.12301,1.12305,3689.17
1557730800000,1.12305,1.12343,1.12284,1.1234,5106.98
1557731700000,1.12339,1.12361,1.12282,1.12292,5263.48
1557732600000,1.12291,1.12292,1.12241,1.12248,5258.92
1557733500000,1.12249,1.12296,1.1223,1.12296,5280.12
1557734400000,1.12296,1.12306,1.12272,1.12295,4981.91
1557735300000,1.12296,1.12332,1.12265,1.12323,5036.32
1557736200000,1.12322,1.12357,1.123,1.12351,5619.74
1557737100000,1.1235,1.1236,1.12283,1.12296,5474.2
1557738000000,1.12297,1.12339,1.12286,1.12305,5005.56
1557738900000,1.12305,1.12318,1.12291,1.12303,3369.28
1557739800000,1.12303,1.12389,1.12295,1.12388,4302.64
1557740700000,1.12387,1.12415,1.12375,1.12384,3760.78
1557741600000,1.12387,1.12397,1.12362,1.12368,2893.07
1557742500000,1.12368,1.12379,1.12354,1.12372,3189.4
1557743400000,1.12372,1.12381,1.1234,1.12357,3335.37
1557744300000,1.12357,1.12389,1.12345,1.12347,3745.83
1557745200000,1.12346,1.12375,1.12328,1.12363,3189.61
1557746100000,1.12364,1.12366,1.12281,1.12304,4179.76
1557747000000,1.12302,1.12336,1.12299,1.12306,3704.21
1557747900000,1.12306,1.12334,1.123,1.12315,3596.9
1557748800000,1.12315,1.12469,1.12313,1.12431,7568.7
1557749700000,1.12434,1.12516,1.12425,1.12503,10567.64
1557750600000,1.12502,1.12613,1.12467,1.12579,9379.61
1557751500000,1.1258,1.12624,1.12554,1.12573,7428.33
1557752400000,1.12574,1.12634,1.12549,1.12565,9129.86
1557753300000,1.12564,1.12635,1.12497,1.12611,8868.21
1557754200000,1.12611,1.12619,1.12555,1.12582,8001.94
1557755100000,1.12581,1.12618,1.12547,1.12547,8493.49
1557756000000,1.12546,1.12587,1.12524,1.12575,8499.04
1557756900000,1.12575,1.12575,1.1252,1.12535,6543.13
1557757800000,1.12535,1.1254,1.1248,1.12526,8184.42
1557758700000,1.12525,1.12528,1.12413,1.12425,8542.78
1557759600000,1.12427,1.12443,1.1236,1.12367,8228.74
1557760500000,1.12366,1.12372,1.12277,1.12322,6988.95
1557761400000,1.12322,1.12351,1.12314,1.12339,5726.26
1557762300000,1.1234,1.12358,1.12306,1.1232,4631.12
1557763200000,1.12319,1.12336,1.12292,1.1233,3451.73
1557764100000,1.12331,1.12357,1.12319,1.12342,3606.68
1557765000000,1.12343,1.12382,1.12332,1.12379,3616.65
1557765900000,1.12379,1.1238,1.1233,1.12352,2976.44
1557766800000,1.12352,1.12358,1.12313,1.12353,3370.49
1557767700000,1.12354,1.12382,1.12349,1.12355,2956.05
1557768600000,1.12356,1.12367,1.12318,1.12342,3634.87
1557769500000,1.12343,1.12362,1.12309,1.12324,3424.02
1557770400000,1.12325,1.12345,1.123,1.12339,2823.3
1557771300000,1.12339,1.12351,1.12286,1.12325,5278.71
1557772200000,1.12325,1.12342,1.12315,1.12332,3159.65
1557773100000,1.12331,1.12332,1.12296,1.12315,3489.63
1557774000000,1.12316,1.12328,1.123,1.12321,3250.4
1557774900000,1.12321,1.12329,1.12302,1.12326,2584.03
1557775800000,1.12327,1.12348,1.12321,1.12334,2581.3
1557776700000,1.12335,1.12341,1.12305,1.12305,2138.81
1557777600000,1.12304,1.12307,1.12286,1.12301,1592.22
1557778500000,1.12302,1.12302,1.12285,1.12297,815.33
1557779400000,1.12296,1.12297,1.12268,1.12271,616.32
1557780300000,1.1227,1.12275,1.12216,1.12216,1142.21
1557781200000,1.12211,1.1223,1.12191,1.12225,1206.97
1557782100000,1.12226,1.12234,1.12219,1.12232,523.63
1557783000000,1.12232,1.12244,1.12227,1.12242,372.52
1557783900000,1.12242,1.12265,1.12237,1.12257,513.44
1557784800000,1.12259,1.12264,1.1224,1.12253,1402.51
1557785700000,1.12252,1.12257,1.12232,1.12251,1090.99
1557786600000,1.12251,1.12313,1.12251,1.12311,1769.23
1557787500000,1.1231,1.12317,1.12303,1.12311,509.15
1557788400000,1.12311,1.12321,1.12306,1.12309,1007.27
1557789300000,1.12309,1.1231,1.12301,1.12303,784.81
1557790200000,1.12303,1.1231,1.12291,1.12302,1714.13
1557791100000,1.12302,1.12321,1.12282,1.1232,1616.26
1557792000000,1.1232,1.12363,1.12316,1.1235,2789.7
1557792900000,1.12351,1.12366,1.12345,1.12355,2312.68
1557793800000,1.12355,1.12359,1.12336,1.12353,1950.75
1557794700000,1.12353,1.12366,1.1234,1.12361,4277.84
1557795600000,1.12361,1.12366,1.1234,1.12343,3236.39
1557796500000,1.12344,1.12352,1.12329,1.12342,1984.86
1557797400000,1.12343,1.12354,1.12314,1.12321,3205.4
1557798300000,1.1232,1.12337,1.12311,1.12325,2391.45
1557799200000,1.12326,1.12334,1.12314,1.12323,2352.41
1557800100000,1.12322,1.12344,1.12319,1.12344,2224.32
1557801000000,1.12344,1.12355,1.12328,1.12337,2253.43
1557801900000,1.12339,1.12345,1.12305,1.12326,2516.86
1557802800000,1.12326,1.12368,1.12325,1.12367,2244.87
1557803700000,1.12367,1.12405,1.12367,1.12389,2522.8
1557804600000,1.12389,1.12407,1.12382,1.12385,3155.43
1557805500000,1.12386,1.12395,1.12381,1.12392,2291.8
1557806400000,1.12393,1.12409,1.12388,1.12393,2235.68
1557807300000,1.12392,1.12398,1.12384,1.12389,2011.75
1557808200000,1.12389,1.12404,1.12385,1.12396,1762.83
1557809100000,1.12395,1.12401,1.12388,1.12395,2241.68
1557810000000,1.12396,1.1241,1.12385,1.12394,2113.82
1557810900000,1.12394,1.12407,1.12386,1.12398,1740.69
1557811800000,1.12399,1.12409,1.12381,1.12381,1998.15
1557812700000,1.12381,1.12394,1.12373,1.12377,2050.51
1557813600000,1.12377,1.12392,1.12354,1.12363,4043.1
1557814500000,1.12363,1.12379,1.12348,1.12366,3848.03
1557815400000,1.12366,1.12413,1.12358,1.1237,3893.42
1557816300000,1.1237,1.12415,1.12321,1.12331,4481.21
1557817200000,1.1233,1.12385,1.12293,1.1238,5713.43
1557818100000,1.1238,1.12422,1.12374,1.12375,4381.03
1557819000000,1.12374,1.1238,1.12316,1.12327,5085.05
1557819900000,1.12327,1.12387,1.12303,1.12382,4298.71
1557820800000,1.12382,1.12413,1.12367,1.12396,3869.4
1557821700000,1.12396,1.12421,1.12382,1.12406,3244.6
1557822600000,1.12405,1.12409,1.12387,1.12394,2952.39
1557823500000,1.12393,1.12439,1.1239,1.12423,3507.05
1557824400000,1.12423,1.12432,1.12369,1.12403,3776.06
1557825300000,1.12403,1.12431,1.12382,1.124,4060.41
1557826200000,1.124,1.12409,1.12369,1.12381,2449.25
1557827100000,1.1238,1.12395,1.12342,1.12367,4008.45
1557828000000,1.12366,1.12374,1.12315,1.12334,4846.6
1557828900000,1.12334,1.12339,1.12283,1.12288,3771.12
1557829800000,1.1229,1.12299,1.12252,1.12283,3924.88
1557830700000,1.12283,1.12301,1.12276,1.12292,4434.46
1557831600000,1.12292,1.12331,1.12285,1.12308,4321.27
1557832500000,1.12309,1.12352,1.12297,1.12325,3422.7
1557833400000,1.12326,1.12384,1.12323,1.12372,3490.22
1557834300000,1.12371,1.12379,1.12301,1.12307,4711.26
1557835200000,1.12306,1.12327,1.12248,1.12256,6133.46
1557836100000,1.12257,1.12257,1.12079,1.12147,8486.96
1557837000000,1.12149,1.12149,1.12038,1.12103,8649.77
1557837900000,1.12104,1.12146,1.1209,1.12141,7573.86
1557838800000,1.1214,1.12198,1.12129,1.12134,6648.6
1557839700000,1.12136,1.12168,1.12086,1.12147,6719.65
1557840600000,1.12146,1.12167,1.12111,1.12116,8430.33
1557841500000,1.12117,1.12132,1.12079,1.12113,7388.63
1557842400000,1.12113,1.12144,1.12064,1.12073,7820.19
1557843300000,1.12073,1.12119,1.12051,1.12111,7019.97
1557844200000,1.12111,1.12145,1.12094,1.12138,5298.38
1557845100000,1.12139,1.12139,1.12045,1.12114,7394.72
1557846000000,1.12114,1.12135,1.12095,1.12096,5113.12
1557846900000,1.12095,1.12105,1.12065,1.12076,5399.69
1557847800000,1.12075,1.1208,1.12039,1.12076,6126.39
1557848700000,1.12075,1.12129,1.12065,1.1207,4918.29
1557849600000,1.12069,1.12105,1.12064,1.12102,2806.02
1557850500000,1.12102,1.12112,1.12076,1.12097,2472.55
1557851400000,1.12099,1.12141,1.12097,1.1213,2846.33
1557852300000,1.12129,1.12147,1.12094,1.12098,3241.99
1557853200000,1.12097,1.12116,1.12076,1.12101,2849.69
1557854100000,1.12101,1.12127,1.12091,1.12118,2781.59
1557855000000,1.12117,1.1213,1.12111,1.12123,1883.54
1557855900000,1.12124,1.12142,1.12109,1.12114,2058.3
1557856800000,1.12115,1.12164,1.12108,1.12153,2765.07
1557857700000,1.12153,1.12167,1.12129,1.12134,2301.89
1557858600000,1.12133,1.12141,1.12114,1.12115,1942.09
1557859500000,1.12116,1.12119,1.12063,1.12064,2440.1
1557860400000,1.12065,1.12097,1.12065,1.12076,1695.28
1557861300000,1.12077,1.12086,1.12065,1.12077,1807.93
1557862200000,1.12076,1.12092,1.12073,1.1209,1544.6
1557863100000,1.12089,1.12094,1.12072,1.12076,1506.8
1557864000000,1.12075,1.12085,1.12057,1.12068,1046.03
1557864900000,1.12068,1.1207,1.1205,1.1205,875.21
1557865800000,1.1205,1.12056,1.12011,1.12021,1006.28
1557866700000,1.12021,1.12045,1.12013,1.12033,935.95
1557867600000,1.12033,1.12066,1.12031,1.12041,309.28
1557868500000,1.12042,1.12054,1.12037,1.12047,1347.83
1557869400000,1.12049,1.1207,1.12046,1.12067,718.52
1557870300000,1.12069,1.12074,1.12064,1.12071,252.18
1557871200000,1.1207,1.12084,1.12068,1.12069,320.35
1557872100000,1.12069,1.12079,1.12069,1.12074,217.28
1557873000000,1.12075,1.12082,1.12073,1.12077,464.04
1557873900000,1.12077,1.12077,1.12069,1.12069,890.92
1557874800000,1.12069,1.12074,1.12064,1.12069,960.65
1557875700000,1.12068,1.12074,1.12038,1.12056,1313.37
1557876600000,1.12056,1.12063,1.12051,1.12062,533.04
1557877500000,1.12063,1.12063,1.12028,1.12032,1084.06
1557878400000,1.12031,1.12039,1.12018,1.12023,1981.98
1557879300000,1.12022,1.12035,1.1201,1.12023,1660.6
1557880200000,1.12024,1.12024,1.12007,1.12017,1168.22
1557881100000,1.12018,1.12036,1.12015,1.12035,1562.1
1557882000000,1.12035,1.12045,1.12026,1.12036,1425.92
1557882900000,1.12036,1.12062,1.12036,1.1205,1425.68
1557883800000,1.12049,1.12075,1.12033,1.1206,2540.08
1557884700000,1.1206,1.12081,1.12059,1.12069,2233.63
1557885600000,1.12069,1.12069,1.1203,1.12042,3086.6
1557886500000,1.12043,1.12057,1.12038,1.12044,2219.72
1557887400000,1.12044,1.1206,1.12036,1.12039,2240.9
1557888300000,1.12038,1.12069,1.12038,1.12069,1254.5
1557889200000,1.12071,1.12081,1.12056,1.12073,1382.49
1557890100000,1.12072,1.12088,1.12071,1.12082,1137.05
1557891000000,1.12082,1.12085,1.1207,1.12072,1386.03
1557891900000,1.12072,1.12084,1.12071,1.12084,937.42
1557892800000,1.12085,1.12085,1.1206,1.12064,1529.38
1557893700000,1.12064,1.12066,1.12052,1.12065,1572.06
1557894600000,1.12064,1.12065,1.12058,1.12065,965.94
1557895500000,1.12065,1.12097,1.12061,1.12095,1637.5
1557896400000,1.12095,1.12101,1.12085,1.12096,1649.44
1557897300000,1.12095,1.12109,1.12091,1.12101,1520.4
1557898200000,1.121,1.12119,1.12095,1.12118,1220.18
1557899100000,1.12117,1.12136,1.12105,1.12117,1601.52
1557900000000,1.12116,1.1212,1.12071,1.12084,2846.78
1557900900000,1.12086,1.121,1.12057,1.12071,2825.93
1557901800000,1.1207,1.12089,1.12044,1.12084,3904.3
1557902700000,1.12085,1.12092,1.12052,1.12071,2747.18
1557903600000,1.1207,1.12086,1.11981,1.12026,6035.11
1557904500000,1.12026,1.12065,1.11994,1.12059,6708.18
1557905400000,1.12059,1.12082,1.12015,1.12072,6723.52
1557906300000,1.12072,1.12136,1.12063,1.1213,5560.76
1557907200000,1.1213,1.12168,1.12119,1.12138,5569
1557908100000,1.1214,1.12159,1.12118,1.12133,4022.47
1557909000000,1.12132,1.12145,1.12113,1.12124,3243.21
1557909900000,1.12125,1.12164,1.1212,1.1214,4157.62
1557910800000,1.12139,1.12143,1.12106,1.12119,4495.01
1557911700000,1.1212,1.12129,1.12081,1.12082,4192.24
1557912600000,1.12081,1.12093,1.12021,1.12041,5560.23
1557913500000,1.12042,1.12044,1.11991,1.11997,5798.33
1557914400000,1.11997,1.12044,1.11997,1.12037,4440.8
1557915300000,1.12036,1.12045,1.11951,1.11959,4741.08
1557916200000,1.11959,1.12005,1.11949,1.11998,4361.24
1557917100000,1.11997,1.12014,1.11953,1.11957,4348.26
1557918000000,1.11957,1.11958,1.11923,1.11934,2666.22
1557918900000,1.11934,1.11963,1.11882,1.11895,3351.08
1557919800000,1.11894,1.11902,1.11811,1.11835,7375.55
1557920700000,1.11836,1.11844,1.11779,1.11808,5573.66
1557921600000,1.11807,1.11829,1.11786,1.11827,5949.79
1557922500000,1.11827,1.11864,1.11824,1.11847,5725.49
1557923400000,1.11845,1.11925,1.11792,1.11824,8741.89
1557924300000,1.11824,1.11862,1.11792,1.11836,7451.33
1557925200000,1.11835,1.11857,1.11811,1.11822,8186.91
1557926100000,1.11825,1.11892,1.11791,1.11868,6943.86
1557927000000,1.11868,1.11913,1.11866,1.11877,7623.47
1557927900000,1.11875,1.11896,1.11835,1.11857,6914.99
1557928800000,1.11856,1.12245,1.11822,1.1215,8981.15
1557929700000,1.12152,1.12237,1.12041,1.12226,9417.16
1557930600000,1.12228,1.12239,1.12115,1.12137,9585.94
1557931500000,1.12138,1.12152,1.12042,1.12081,9323
1557932400000,1.12081,1.12082,1.12008,1.12064,20280.09
1557933300000,1.12064,1.12067,1.11994,1.12032,5992.98
1557934200000,1.12032,1.12092,1.11994,1.12076,4836.19
1557935100000,1.12077,1.12093,1.12042,1.12073,3935.05
1557936000000,1.12074,1.12113,1.12021,1.12054,4015.31
1557936900000,1.12053,1.12061,1.12016,1.12034,4510.58
1557937800000,1.12034,1.12055,1.12033,1.12054,3230.11
1557938700000,1.12053,1.12066,1.12029,1.12064,3897.76
1557939600000,1.12063,1.12074,1.12048,1.12055,2758.79
1557940500000,1.12056,1.12061,1.1203,1.12039,2531.32
1557941400000,1.1204,1.12079,1.1204,1.12067,2254.62
1557942300000,1.12066,1.12081,1.12057,1.12074,2598.94
1557943200000,1.12074,1.12075,1.12052,1.1206,2984.06
1557944100000,1.1206,1.12064,1.1203,1.12032,2513.22
1557945000000,1.12031,1.12041,1.12019,1.1204,2982.32
1557945900000,1.12042,1.12044,1.1202,1.12034,2925.08
1557946800000,1.12035,1.12035,1.11997,1.12008,2817.17
1557947700000,1.12009,1.12015,1.11973,1.12006,2442.16
1557948600000,1.12006,1.12022,1.12001,1.12019,2201.95
1557949500000,1.12018,1.12037,1.12018,1.12028,1557.03
1557950400000,1.12026,1.12031,1.11996,1.11996,1673.6
1557951300000,1.11997,1.12019,1.11997,1.12018,786.42
1557952200000,1.12019,1.12036,1.1201,1.12029,962.42
1557953100000,1.12027,1.12028,1.12007,1.12008,1088.89
1557954000000,1.12009,1.12047,1.12003,1.12037,359.34
1557954900000,1.12038,1.12067,1.12034,1.1204,398.77
1557955800000,1.12037,1.12055,1.12022,1.12051,1037.22
1557956700000,1.12051,1.12066,1.12042,1.12046,720.72
1557957600000,1.12047,1.12066,1.12044,1.12063,1399.31
1557958500000,1.12061,1.12067,1.1205,1.12056,994.65
1557959400000,1.12057,1.12072,1.1205,1.1205,1081.53
1557960300000,1.1205,1.12092,1.12032,1.12061,1582.68
1557961200000,1.1206,1.12086,1.12038,1.12065,1418.07
1557962100000,1.12065,1.12074,1.12044,1.12062,1040.73
1557963000000,1.12061,1.12082,1.12061,1.12064,994.67
1557963900000,1.12063,1.12087,1.12048,1.12068,1998.19
1557964800000,1.12069,1.12088,1.12048,1.12061,2459.88
1557965700000,1.12061,1.12073,1.12055,1.12073,1592.81
1557966600000,1.12072,1.12073,1.12057,1.12063,1447.84
1557967500000,1.12063,1.12079,1.1206,1.12065,1859.05
1557968400000,1.12064,1.12074,1.12055,1.12068,3201.51
1557969300000,1.12068,1.12085,1.1206,1.12068,2446.76
1557970200000,1.12067,1.12094,1.12017,1.12078,6437.51
1557971100000,1.12079,1.12097,1.12074,1.12081,3281.76
1557972000000,1.12082,1.12096,1.12076,1.12078,2764.3
1557972900000,1.12079,1.12085,1.12066,1.12068,1897.07
1557973800000,1.12067,1.12079,1.12057,1.12075,2298.67
1557974700000,1.12074,1.12082,1.1206,1.12079,2666.6
1557975600000,1.12079,1.12086,1.12073,1.12081,2073.26
1557976500000,1.12081,1.1209,1.12069,1.12072,1739.41
1557977400000,1.12072,1.12086,1.12069,1.12085,1907.8
1557978300000,1.12085,1.12088,1.12073,1.12085,2029.22
1557979200000,1.12086,1.12091,1.1208,1.12087,1936.4
1557980100000,1.12088,1.12093,1.12081,1.12087,2142.15
1557981000000,1.12086,1.12099,1.12084,1.12093,1739.55
1557981900000,1.12092,1.12098,1.12081,1.12097,1542.65
1557982800000,1.12096,1.12104,1.12095,1.12103,2278.88
1557983700000,1.12102,1.12102,1.12086,1.12086,1352.46
1557984600000,1.12086,1.12096,1.12074,1.12095,1219.67
1557985500000,1.12094,1.12099,1.12092,1.12094,1267.25
1557986400000,1.12094,1.12109,1.12079,1.12108,2173.83
1557987300000,1.12108,1.12108,1.12047,1.12052,3474.98
1557988200000,1.12052,1.12097,1.12047,1.12097,2362.57
1557989100000,1.12096,1.121,1.12069,1.12071,2587.93
1557990000000,1.12069,1.12089,1.1204,1.1206,4463.88
1557990900000,1.1206,1.12085,1.12044,1.1207,4927.61
1557991800000,1.1207,1.12122,1.12054,1.12104,5328.31
1557992700000,1.12103,1.12117,1.12077,1.12087,4151.18
1557993600000,1.12089,1.12112,1.12063,1.12104,3457.35
1557994500000,1.12104,1.12174,1.121,1.12155,4858.39
1557995400000,1.12155,1.12198,1.12147,1.12173,4839.15
1557996300000,1.12174,1.1221,1.12151,1.12205,4419.58
1557997200000,1.12204,1.12238,1.12166,1.12166,5317.65
1557998100000,1.12166,1.12171,1.1208,1.12088,4502.43
1557999000000,1.12088,1.12119,1.12079,1.12119,4317.09
1557999900000,1.1212,1.12168,1.12111,1.12114,3941.17
1558000800000,1.12114,1.12122,1.12076,1.12104,4086.03
1558001700000,1.12104,1.12104,1.12069,1.12093,3129.91
1558002600000,1.12094,1.12118,1.12084,1.12091,3094.97
1558003500000,1.12092,1.12095,1.12052,1.12058,3934.56
1558004400000,1.12059,1.12096,1.12053,1.12082,3524.76
1558005300000,1.12082,1.12083,1.1202,1.12059,3214.66
1558006200000,1.1206,1.1206,1.11975,1.12043,4691
1558007100000,1.12042,1.12048,1.11996,1.12043,5257.8
1558008000000,1.12045,1.12049,1.12,1.12028,5638.32
1558008900000,1.12028,1.12064,1.12026,1.12043,5601.06
1558009800000,1.12043,1.12052,1.1191,1.11927,10417.32
1558010700000,1.11928,1.1194,1.11871,1.11877,7381.05
1558011600000,1.11877,1.1192,1.11845,1.11887,7278.12
1558012500000,1.11889,1.11919,1.11872,1.11901,5660.73
1558013400000,1.11901,1.11925,1.1187,1.11873,8625.65
1558014300000,1.11874,1.11881,1.1183,1.11862,8110.9
1558015200000,1.11861,1.11873,1.1174,1.11746,7290.47
1558016100000,1.11747,1.11832,1.1172,1.11826,8953
1558017000000,1.11826,1.11854,1.11799,1.11802,8494.96
1558017900000,1.11803,1.11814,1.11761,1.11779,7588.52
1558018800000,1.1178,1.11804,1.11736,1.11766,6712.9
1558019700000,1.11766,1.11772,1.11726,1.11753,6004.58
1558020600000,1.11753,1.11768,1.11739,1.11743,4815.61
1558021500000,1.11745,1.11778,1.11745,1.11776,4028.39
1558022400000,1.11776,1.11812,1.11769,1.11794,4063.48
1558023300000,1.11794,1.11809,1.11756,1.11802,3661.34
1558024200000,1.11803,1.11819,1.11771,1.11776,4449.27
1558025100000,1.11777,1.11801,1.1177,1.11772,3257.56
1558026000000,1.11772,1.11775,1.1175,1.11775,3798.68
1558026900000,1.11774,1.11798,1.11747,1.11794,3527.03
1558027800000,1.11794,1.11796,1.11771,1.1178,2747.46
1558028700000,1.1178,1.11796,1.11776,1.1179,2824.42
1558029600000,1.11791,1.11797,1.11741,1.11742,3396.17
1558030500000,1.11741,1.11763,1.11729,1.11747,3108.01
1558031400000,1.11747,1.11769,1.11736,1.11768,2369.76
1558032300000,1.1177,1.11772,1.117,1.11702,4037.33
1558033200000,1.11701,1.11718,1.11666,1.11689,4048.27
1558034100000,1.1169,1.11708,1.11662,1.11707,3359.81
1558035000000,1.11707,1.11741,1.11706,1.11734,2568.57
1558035900000,1.11734,1.11772,1.11729,1.11769,2347.46
1558036800000,1.11769,1.11769,1.11728,1.11736,992.26
1558037700000,1.11736,1.11749,1.11733,1.11739,649.14
1558038600000,1.11739,1.11745,1.11723,1.11733,857.57
1558039500000,1.11732,1.1174,1.11725,1.11736,498.64
1558040400000,1.11735,1.11758,1.11726,1.11729,401.19
1558041300000,1.11729,1.11752,1.11721,1.11725,507.89
1558042200000,1.11729,1.11752,1.11719,1.11746,884.23
1558043100000,1.11748,1.11749,1.11729,1.11729,523.57
1558044000000,1.1173,1.11756,1.1173,1.11733,2014.11
1558044900000,1.11734,1.11749,1.11731,1.11742,1160.63
1558045800000,1.11742,1.11757,1.11715,1.1173,1332.21
1558046700000,1.11731,1.11738,1.11721,1.11737,933.45
1558047600000,1.11737,1.11743,1.11727,1.11731,948.87
1558048500000,1.11731,1.1175,1.11725,1.11732,1366.73
1558049400000,1.11731,1.11749,1.1173,1.11743,624.55
1558050300000,1.11741,1.11745,1.11726,1.11731,867.95
1558051200000,1.1173,1.11747,1.11718,1.11739,1980.97
1558052100000,1.11739,1.11739,1.11714,1.11718,2161.12
1558053000000,1.11717,1.11735,1.11704,1.1173,1946.87
1558053900000,1.11731,1.11761,1.11729,1.1175,2752.99
1558054800000,1.1175,1.11773,1.11747,1.11761,3414.8
1558055700000,1.11761,1.11774,1.11754,1.11763,1765.24
1558056600000,1.11763,1.11782,1.11761,1.1178,2244.06
1558057500000,1.1178,1.11792,1.11775,1.11789,2859.05
1558058400000,1.11789,1.11791,1.11773,1.1178,1956.97
1558059300000,1.11781,1.11793,1.11772,1.11773,2358.96
1558060200000,1.11772,1.11778,1.11755,1.11756,3108.66
1558061100000,1.11756,1.11777,1.11756,1.11776,2918.56
1558062000000,1.11775,1.1179,1.11769,1.11774,2832.09
1558062900000,1.11776,1.11792,1.11774,1.11784,3467.56
1558063800000,1.11783,1.11796,1.1178,1.1179,2985.68
1558064700000,1.1179,1.11795,1.11761,1.11773,2221.41
1558065600000,1.11773,1.11785,1.11761,1.1177,2025.41
1558066500000,1.11771,1.11783,1.11766,1.11774,1366.44
1558067400000,1.11773,1.1179,1.11768,1.11773,1854.73
1558068300000,1.11773,1.11794,1.11759,1.11794,2348.7
1558069200000,1.11794,1.118,1.11782,1.11783,2010.44
1558070100000,1.11783,1.11787,1.1176,1.11767,2025.87
1558071000000,1.11768,1.11768,1.11705,1.11743,2937.43
1558071900000,1.11742,1.11749,1.11706,1.1173,3294.77
1558072800000,1.11731,1.11752,1.11716,1.11739,3541.56
1558073700000,1.1174,1.1178,1.11739,1.1177,3611.13
1558074600000,1.11771,1.11808,1.11761,1.11799,6807.53
1558075500000,1.11798,1.11829,1.11785,1.11806,4882.93
1558076400000,1.11805,1.11841,1.11788,1.11797,5996.21
1558077300000,1.11797,1.11821,1.11781,1.11788,5907.74
1558078200000,1.11787,1.11813,1.11757,1.11757,5352.87
1558079100000,1.11757,1.11785,1.11747,1.11769,5512.97
1558080000000,1.1177,1.11786,1.11687,1.11748,4853.9
1558080900000,1.1175,1.11777,1.1173,1.11734,4571.13
1558081800000,1.11734,1.11764,1.11727,1.11743,4287.55
1558082700000,1.11744,1.11756,1.11706,1.11738,4084.9
1558083600000,1.11739,1.11767,1.11694,1.11729,4227.72
1558084500000,1.11729,1.11729,1.11619,1.11622,5730.82
1558085400000,1.11623,1.11642,1.11584,1.11624,6563.82
1558086300000,1.11623,1.11665,1.11597,1.11634,6318.15
1558087200000,1.11633,1.11693,1.11631,1.11685,4509.9
1558088100000,1.11686,1.11704,1.11667,1.11697,5281.03
1558089000000,1.11695,1.11722,1.11672,1.11689,5620.37
1558089900000,1.11688,1.11702,1.11656,1.11674,4560.42
1558090800000,1.11675,1.11686,1.11642,1.11656,4378.56
1558091700000,1.11655,1.11686,1.11624,1.11649,5037.53
1558092600000,1.11648,1.1165,1.11603,1.11603,4417.71
1558093500000,1.11603,1.11667,1.11586,1.11667,5620.44
1558094400000,1.11667,1.11717,1.11661,1.11711,11448.83
1558095300000,1.1171,1.11757,1.1171,1.11716,5595.5
1558096200000,1.11716,1.11746,1.11675,1.11735,8321.61
1558097100000,1.11735,1.1179,1.11726,1.11762,5755.02
1558098000000,1.11762,1.11774,1.11725,1.11751,6556.69
1558098900000,1.11753,1.11763,1.11726,1.1174,4943.6
1558099800000,1.1174,1.11755,1.11716,1.1172,8727.08
1558100700000,1.1172,1.1177,1.11717,1.11748,5691.53
1558101600000,1.11748,1.11748,1.11633,1.11645,8984.73
1558102500000,1.11646,1.11656,1.11596,1.11623,8245.72
1558103400000,1.11624,1.11631,1.11587,1.11608,6099.07
1558104300000,1.11607,1.11611,1.11552,1.11597,9394.81
1558105200000,1.11596,1.11613,1.11576,1.11601,6888.04
1558106100000,1.116,1.11625,1.1159,1.11601,4125.86
1558107000000,1.11602,1.11639,1.11587,1.11627,4511.62
1558107900000,1.11626,1.11664,1.11623,1.11649,4040.71
1558108800000,1.11648,1.1169,1.11641,1.11671,3713.33
1558109700000,1.11674,1.11691,1.11668,1.11675,2558.14
1558110600000,1.11674,1.11688,1.11653,1.11654,2875.99
1558111500000,1.11654,1.11662,1.11638,1.11643,2586.44
1558112400000,1.11642,1.11667,1.11631,1.1165,3097.17
1558113300000,1.1165,1.11656,1.1161,1.11637,3847.09
1558114200000,1.11637,1.11667,1.11633,1.11661,3881.7
1558115100000,1.11661,1.11668,1.11636,1.11647,2880.24
1558116000000,1.11647,1.11647,1.11623,1.11637,2287.73
1558116900000,1.11638,1.11638,1.11605,1.11616,2116.33
1558117800000,1.11619,1.11633,1.11615,1.11619,2149.42
1558118700000,1.11619,1.11623,1.11591,1.11591,2348.95
1558119600000,1.1159,1.11668,1.1159,1.11607,8180.33
1558120500000,1.11608,1.11629,1.11598,1.11604,4467.67
1558121400000,1.11604,1.11621,1.11601,1.11608,3252.01
1558122300000,1.11608,1.11616,1.11596,1.11604,2904.31
1558123200000,1.11603,1.1161,1.11596,1.11598,1101.76
1558124100000,1.11597,1.116,1.11551,1.11557,1520.48
1558125000000,1.11558,1.11579,1.11555,1.11571,1715.51
1558125900000,1.11572,1.11583,1.11559,1.11563,919.49
1558299600000,1.11598,1.11637,1.11598,1.11636,217.28
1558300500000,1.11635,1.11639,1.11623,1.11637,305.82
1558301400000,1.11637,1.11666,1.11608,1.11644,940.21
1558302300000,1.11644,1.11646,1.11608,1.11609,361.34
1558303200000,1.11609,1.11657,1.116,1.11656,974.58
1558304100000,1.11657,1.11663,1.11647,1.11663,535.68
1558305000000,1.11664,1.11666,1.11621,1.11621,601.38
1558305900000,1.11622,1.11637,1.11619,1.1163,821.92
1558306800000,1.11629,1.11633,1.11621,1.11632,1310.51
1558307700000,1.11632,1.11642,1.11622,1.11625,1064.71
1558308600000,1.11624,1.11637,1.11621,1.11627,862.13
1558309500000,1.11627,1.1165,1.11621,1.11646,1335.55
1558310400000,1.11646,1.11654,1.11592,1.11601,2462.04
1558311300000,1.11602,1.11631,1.116,1.11619,2280.59
1558312200000,1.11618,1.11647,1.11616,1.11617,1824.05
1558313100000,1.11617,1.11642,1.11602,1.11639,3336.98
1558314000000,1.11641,1.11676,1.11637,1.11653,3378.62
1558314900000,1.11652,1.11673,1.11641,1.11669,2571.35
1558315800000,1.11669,1.11671,1.11614,1.11615,2756.87
1558316700000,1.11614,1.11631,1.11608,1.11621,2674.21
1558317600000,1.11622,1.11624,1.11611,1.11619,2477.42
1558318500000,1.11619,1.11619,1.11598,1.11598,1553.59
1558319400000,1.11599,1.11607,1.11586,1.11592,1907.28
1558320300000,1.11591,1.11601,1.11573,1.11586,3580.54
1558321200000,1.11586,1.11587,1.1155,1.11561,3532.76
1558322100000,1.1156,1.11561,1.11531,1.11544,3165.98
1558323000000,1.11544,1.11559,1.11541,1.11547,1110.03
1558323900000,1.11547,1.11547,1.11536,1.11538,1602.76
1558324800000,1.11539,1.11551,1.11529,1.11542,1562.91
1558325700000,1.11542,1.11548,1.11529,1.11531,1380.9
1558326600000,1.11531,1.11556,1.1153,1.11536,1630.97
1558327500000,1.11536,1.11547,1.11532,1.11539,1562.13
1558328400000,1.11538,1.11538,1.11517,1.11522,1673.01
1558329300000,1.11523,1.11524,1.11509,1.11513,1044
1558330200000,1.11511,1.11523,1.11507,1.11518,1735.18
1558331100000,1.11518,1.1153,1.11513,1.11529,2282.07
1558332000000,1.11528,1.11558,1.11525,1.11525,3201.93
1558332900000,1.11523,1.11531,1.11506,1.11528,3778.94
1558333800000,1.11529,1.11539,1.11512,1.11523,3866.8
1558334700000,1.11524,1.11562,1.11517,1.11546,3851.46
1558335600000,1.11546,1.11581,1.11543,1.11563,4191.56
1558336500000,1.11564,1.11591,1.11549,1.11583,4697.86
1558337400000,1.11584,1.11611,1.11578,1.116,4693.07
1558338300000,1.116,1.11634,1.11589,1.11629,4947.41
1558339200000,1.11629,1.11647,1.11609,1.1163,4322.87
1558340100000,1.11629,1.11662,1.11617,1.11626,5243.18
1558341000000,1.11625,1.11636,1.116,1.11604,5202.23
1558341900000,1.11603,1.11615,1.11537,1.11551,6399.69
1558342800000,1.1155,1.11586,1.11544,1.11569,3640.39
1558343700000,1.11568,1.116,1.11551,1.11598,3633.25
1558344600000,1.11598,1.11652,1.11598,1.1164,4601.31
1558345500000,1.1164,1.11646,1.11566,1.11576,3759.11
1558346400000,1.11577,1.116,1.1156,1.11561,4624.05
1558347300000,1.11562,1.11567,1.11532,1.11556,5947.51
1558348200000,1.11557,1.11572,1.11544,1.11567,3813.78
1558349100000,1.11568,1.11571,1.11532,1.11543,3983.14
1558350000000,1.11544,1.11567,1.11533,1.11566,3385.28
1558350900000,1.11566,1.11597,1.11562,1.11593,3103.57
1558351800000,1.11593,1.11602,1.11585,1.11585,2918.49
1558352700000,1.11587,1.11627,1.11585,1.116,4937.9
1558353600000,1.11599,1.11667,1.11599,1.11666,6709.82
1558354500000,1.11667,1.11673,1.11612,1.11612,6379.39
1558355400000,1.11613,1.11652,1.1161,1.11647,5125.79
1558356300000,1.11648,1.11664,1.11631,1.11635,5784.27
1558357200000,1.11636,1.11663,1.11565,1.11568,5399.84
1558358100000,1.11569,1.11665,1.11564,1.11656,6160.25
1558359000000,1.11654,1.11691,1.11632,1.11657,9562.16
1558359900000,1.11658,1.11661,1.11613,1.11656,7465.85
1558360800000,1.11658,1.11685,1.11629,1.11653,4884.98
1558361700000,1.11652,1.11686,1.11646,1.11667,5942.32
1558362600000,1.11665,1.11681,1.1165,1.11673,4284.39
1558363500000,1.11673,1.11681,1.11632,1.11653,6488.25
1558364400000,1.11654,1.11719,1.11642,1.11686,7428.04
1558365300000,1.11686,1.11718,1.1168,1.11716,5025
1558366200000,1.11715,1.11748,1.11708,1.1173,5502.63
1558367100000,1.1173,1.11741,1.11691,1.11697,4173.37
1558368000000,1.11697,1.11701,1.11666,1.11668,3647.36
1558368900000,1.11668,1.1168,1.11643,1.11677,3704.2
1558369800000,1.11676,1.1169,1.11667,1.11679,2686.06
1558370700000,1.11679,1.11699,1.11671,1.11681,2239.97
1558371600000,1.11681,1.11689,1.11663,1.11664,2454.48
1558372500000,1.11664,1.11701,1.11657,1.11679,2613.32
1558373400000,1.11678,1.11701,1.11675,1.11697,2392.53
1558374300000,1.11697,1.11702,1.11672,1.11672,2380.79
1558375200000,1.11671,1.11683,1.1165,1.11682,2553.51
1558376100000,1.11682,1.11693,1.11666,1.11685,1680.57
1558377000000,1.11686,1.11688,1.11661,1.1168,2155.11
1558377900000,1.11681,1.11683,1.1167,1.11672,1800.95
1558378800000,1.11673,1.11681,1.11656,1.11681,1721.32
1558379700000,1.1168,1.11682,1.11659,1.11663,1585.22
1558380600000,1.11664,1.11677,1.11658,1.11669,1648.83
1558381500000,1.11668,1.11673,1.11651,1.11651,1448.8
1558382400000,1.11649,1.11663,1.11645,1.11662,1463.01
1558383300000,1.11662,1.11666,1.11649,1.11653,710.71
1558384200000,1.11652,1.11656,1.11647,1.11651,805.62
1558385100000,1.11651,1.11659,1.11645,1.11655,1118.73
1558386000000,1.11652,1.11677,1.11647,1.11671,462.68
1558386900000,1.11671,1.11683,1.11668,1.11669,508.83
1558387800000,1.1167,1.11683,1.1166,1.1167,1091.8
1558388700000,1.1167,1.11695,1.11668,1.11669,1638.01
1558389600000,1.11671,1.11696,1.11671,1.11686,984.35
1558390500000,1.11687,1.1169,1.11678,1.11679,568.59
1558391400000,1.11676,1.11687,1.11676,1.11686,536.06
1558392300000,1.11685,1.11687,1.1168,1.1168,446.04
1558393200000,1.11681,1.11686,1.11675,1.11681,1116.61
1558394100000,1.1168,1.11709,1.11676,1.11707,1340.53
1558395000000,1.11706,1.11722,1.1169,1.117,1848.82
1558395900000,1.11697,1.11718,1.11672,1.11673,1508.97
1558396800000,1.11673,1.11675,1.11654,1.1166,1705.29
1558397700000,1.1166,1.11661,1.11646,1.11655,1281.58
1558398600000,1.11654,1.11678,1.11649,1.11664,2406.13
1558399500000,1.11665,1.11669,1.11644,1.11649,2495.45
1558400400000,1.11648,1.11655,1.1164,1.11645,2419.55
1558401300000,1.11645,1.11665,1.11643,1.11654,2217.11
1558402200000,1.11655,1.11656,1.11628,1.11647,4138.51
1558403100000,1.11646,1.11666,1.11631,1.11666,2727.51
1558404000000,1.11666,1.11671,1.11651,1.11652,2820.9
1558404900000,1.11652,1.11666,1.11651,1.11655,1709.84
1558405800000,1.11656,1.11656,1.11637,1.1164,2177.68
1558406700000,1.1164,1.11648,1.11634,1.11645,2185.11
1558407600000,1.11645,1.11665,1.11641,1.11661,3831.81
1558408500000,1.11661,1.11665,1.11647,1.11664,3339.01
1558409400000,1.11663,1.11665,1.11641,1.11642,2615.46
1558410300000,1.11641,1.11642,1.11628,1.11632,1923.75
1558411200000,1.11631,1.11634,1.11612,1.11613,2286.38
1558412100000,1.11614,1.11619,1.11601,1.11603,2381.07
1558413000000,1.11605,1.11611,1.11602,1.11602,888.87
1558413900000,1.11603,1.11606,1.11598,1.116,1508.3
1558414800000,1.116,1.116,1.11567,1.1157,2383.98
1558415700000,1.11569,1.1157,1.1155,1.11555,2590.89
1558416600000,1.11554,1.11557,1.11534,1.11555,2077.22
1558417500000,1.11555,1.11556,1.11519,1.11524,2674.96
1558418400000,1.11525,1.11542,1.11512,1.11513,3060.96
1558419300000,1.11513,1.11524,1.11472,1.11484,3640.28
1558420200000,1.11483,1.11485,1.11442,1.1146,5380.06
1558421100000,1.1146,1.11505,1.11458,1.11491,4503.1
1558422000000,1.1149,1.11522,1.1148,1.11492,5208.69
1558422900000,1.11493,1.11514,1.11466,1.11504,5337.86
1558423800000,1.11504,1.11538,1.11485,1.11533,5642.96
1558424700000,1.11532,1.11578,1.1153,1.11556,6443.17
1558425600000,1.11557,1.11559,1.11496,1.11508,5446.83
1558426500000,1.11508,1.11508,1.11419,1.11432,4812.06
1558427400000,1.11432,1.11453,1.11425,1.11439,4313.06
1558428300000,1.11438,1.1148,1.11419,1.11472,4453.89
1558429200000,1.11471,1.11513,1.1147,1.11509,3761.76
1558430100000,1.11508,1.11586,1.11502,1.11528,6293.08
1558431000000,1.11526,1.11529,1.1148,1.11495,3787.11
1558431900000,1.11495,1.1151,1.11469,1.11506,3525.29
1558432800000,1.11507,1.11558,1.11501,1.11537,5063.71
1558433700000,1.11537,1.11544,1.11504,1.11511,4561.06
1558434600000,1.11512,1.11514,1.11466,1.11469,5815.17
1558435500000,1.11469,1.11473,1.1144,1.11457,5566.68
1558436400000,1.11457,1.11463,1.11445,1.11457,4415.54
1558437300000,1.11458,1.11469,1.11441,1.11452,4825.03
1558438200000,1.11451,1.11485,1.11451,1.11473,4470.23
1558439100000,1.11472,1.11482,1.1145,1.11462,4784.11
1558440000000,1.11461,1.11612,1.11461,1.11605,7232.22
1558440900000,1.11605,1.11609,1.11544,1.11554,7694.96
1558441800000,1.11554,1.1158,1.11532,1.11577,5795.55
1558442700000,1.11578,1.11611,1.11569,1.11576,5475.6
1558443600000,1.11576,1.11586,1.11555,1.11574,4321.1
1558444500000,1.11574,1.11587,1.11526,1.11531,4724.53
1558445400000,1.11533,1.11548,1.11491,1.11499,7138.49
1558446300000,1.115,1.11518,1.1149,1.11501,5169.04
1558447200000,1.11502,1.11542,1.11494,1.11506,7375.28
1558448100000,1.11506,1.11523,1.11498,1.11501,5516.41
1558449000000,1.11501,1.11561,1.11501,1.11523,5771.13
1558449900000,1.11522,1.1188,1.11517,1.11798,9745.59
1558450800000,1.11798,1.11841,1.11728,1.11783,10009.32
1558451700000,1.11783,1.11808,1.1163,1.11642,10667.06
1558452600000,1.11644,1.11657,1.11576,1.11592,6732.59
1558453500000,1.1159,1.11607,1.11574,1.11582,4341.23
1558454400000,1.11581,1.11627,1.11577,1.11616,2774.96
1558455300000,1.11618,1.11623,1.11582,1.11622,2830.53
1558456200000,1.11623,1.11627,1.11595,1.11601,2766.06
1558457100000,1.11601,1.11616,1.11593,1.116,3329.86
1558458000000,1.11601,1.11618,1.11584,1.11611,2438.8
1558458900000,1.11612,1.11625,1.11595,1.11625,2300.31
1558459800000,1.11626,1.11626,1.11602,1.11613,1993.94
1558460700000,1.11614,1.11627,1.11599,1.11602,2304.88
1558461600000,1.11601,1.11602,1.1154,1.11566,3036.93
1558462500000,1.11568,1.1157,1.11548,1.11553,2480.7
1558463400000,1.11555,1.11583,1.11552,1.11575,2224.85
1558464300000,1.11575,1.11591,1.11563,1.11576,2559.5
1558465200000,1.11576,1.1161,1.11572,1.11601,2388.75
1558466100000,1.11602,1.11611,1.11592,1.11604,1671.76
1558467000000,1.11604,1.11609,1.116,1.11604,1488.33
1558467900000,1.11603,1.11619,1.11603,1.11613,1868.32
1558468800000,1.11615,1.1162,1.11598,1.11614,942.05
1558469700000,1.11614,1.11628,1.11607,1.11623,731.1
1558470600000,1.11623,1.11654,1.1162,1.1165,1620.49
1558471500000,1.11649,1.1165,1.11604,1.11604,829.74
1558472400000,1.11593,1.11632,1.11567,1.11604,543.75
1558473300000,1.11603,1.11628,1.116,1.1161,445.73
1558474200000,1.11622,1.11634,1.11617,1.1162,667.28
1558475100000,1.11619,1.11641,1.11616,1.11621,1267.48
1558476000000,1.11623,1.11639,1.11623,1.1163,1155.19
1558476900000,1.11629,1.11644,1.11625,1.11633,966.9
1558477800000,1.11634,1.11644,1.11633,1.11638,1015.14
1558478700000,1.1164,1.11649,1.11629,1.11634,912.76
1558479600000,1.11635,1.11643,1.11631,1.1164,1275.67
1558480500000,1.1164,1.11655,1.11639,1.11649,693.22
1558481400000,1.1165,1.11656,1.11638,1.11655,890.85
1558482300000,1.11655,1.11656,1.11634,1.11643,976.63
1558483200000,1.11643,1.1166,1.11624,1.11646,2218.57
1558484100000,1.11645,1.11645,1.11618,1.11624,2117.05
1558485000000,1.11624,1.11629,1.11617,1.11624,1979.05
1558485900000,1.11624,1.11624,1.11606,1.11607,2016.71
1558486800000,1.11608,1.11628,1.11608,1.11626,1939.01
1558487700000,1.11625,1.11645,1.11625,1.11635,2085.29
1558488600000,1.11634,1.11654,1.11625,1.11639,2236.19
1558489500000,1.1164,1.11652,1.11639,1.11646,2353.34
1558490400000,1.11646,1.11656,1.11641,1.11644,1732.8
1558491300000,1.11644,1.1165,1.1163,1.1163,1550.44
1558492200000,1.11631,1.11633,1.11612,1.11617,1847.42
1558493100000,1.11617,1.11628,1.11595,1.11603,2388.85
1558494000000,1.11604,1.11622,1.116,1.1162,1542.95
1558494900000,1.1162,1.11625,1.11612,1.11618,1924.77
1558495800000,1.11619,1.11631,1.11611,1.11618,1846.83
1558496700000,1.11618,1.11627,1.11614,1.11618,993.36
1558497600000,1.11618,1.11619,1.11592,1.11598,1675.44
1558498500000,1.11599,1.11609,1.11588,1.11588,1996.46
1558499400000,1.11589,1.1159,1.11573,1.11573,2072.81
1558500300000,1.11573,1.11575,1.11533,1.11554,2256.07
1558501200000,1.11553,1.11564,1.1155,1.11551,1805.31
1558502100000,1.11552,1.11557,1.11524,1.1153,2304.31
1558503000000,1.11529,1.11567,1.11525,1.11545,1715.08
1558503900000,1.11546,1.11546,1.11523,1.11523,2033.77
1558504800000,1.11523,1.11552,1.11504,1.11543,2812.25
1558505700000,1.11544,1.11556,1.11526,1.11532,2803.38
1558506600000,1.11532,1.11552,1.11516,1.1155,3635.28
1558507500000,1.1155,1.11582,1.11521,1.11529,5125.38
1558508400000,1.11529,1.11545,1.11493,1.11541,5929.32
1558509300000,1.11542,1.11558,1.11515,1.11526,4244.59
1558510200000,1.11526,1.11536,1.11506,1.1153,3611.14
1558511100000,1.11528,1.11528,1.11485,1.11522,3579.93
1558512000000,1.11522,1.1156,1.11501,1.11555,3884.03
1558512900000,1.11557,1.1163,1.11542,1.11617,5724.91
1558513800000,1.11615,1.11634,1.11589,1.11625,4711.56
1558514700000,1.11627,1.11637,1.11588,1.11595,4111.7
1558515600000,1.11594,1.1165,1.11579,1.11643,3779.93
1558516500000,1.11644,1.11657,1.11628,1.11645,3808.03
1558517400000,1.11644,1.11726,1.11641,1.11693,5432.73
1558518300000,1.11693,1.11707,1.11674,1.11676,4238.76
1558519200000,1.11677,1.1171,1.11671,1.11705,3444.22
1558520100000,1.11705,1.11737,1.11702,1.11714,3739.25
1558521000000,1.11716,1.11717,1.11674,1.1169,3589.57
1558521900000,1.11689,1.11697,1.11674,1.11689,2244.56
1558522800000,1.1169,1.11704,1.11644,1.11651,4007.6
1558523700000,1.11651,1.11664,1.11645,1.11653,4621.56
1558524600000,1.11652,1.11691,1.11651,1.11687,3343.04
1558525500000,1.11688,1.11703,1.1166,1.11664,3587.57
1558526400000,1.11665,1.11706,1.11649,1.11706,3869.28
1558527300000,1.11705,1.11736,1.11695,1.11716,4297.19
1558528200000,1.1172,1.11802,1.1172,1.11753,6237.87
1558529100000,1.11753,1.11758,1.11657,1.11668,5173.99
1558530000000,1.11669,1.11689,1.1164,1.11664,4343.6
1558530900000,1.11663,1.11681,1.11647,1.11662,4871.44
1558531800000,1.11662,1.11681,1.11606,1.11618,6865.73
1558532700000,1.1162,1.1164,1.11575,1.11627,6383.69
1558533600000,1.11626,1.11643,1.11606,1.1164,5072.51
1558534500000,1.11641,1.11682,1.11617,1.11631,5779.42
1558535400000,1.1163,1.11636,1.11581,1.11608,6283.64
1558536300000,1.11609,1.11622,1.11526,1.11538,6892.87
1558537200000,1.11537,1.11577,1.11522,1.11538,7486.98
1558538100000,1.1154,1.11555,1.11516,1.11517,4499.82
1558539000000,1.11516,1.11603,1.1151,1.11574,6611.65
1558539900000,1.11574,1.11605,1.11563,1.11565,3629.02
1558540800000,1.11565,1.11598,1.11545,1.11545,4367.78
1558541700000,1.11546,1.11559,1.11534,1.11545,2958.38
1558542600000,1.11545,1.11559,1.11535,1.11552,2341.37
1558543500000,1.11552,1.11571,1.11546,1.1157,2691.53
1558544400000,1.11569,1.11574,1.1155,1.1156,2555.91
1558545300000,1.11561,1.11566,1.11546,1.11557,2424.88
1558546200000,1.11557,1.11592,1.11555,1.11591,2097.93
1558547100000,1.1159,1.11632,1.11589,1.11613,2242.56
1558548000000,1.11611,1.11636,1.11572,1.11579,4066.98
1558548900000,1.11579,1.11613,1.11568,1.11608,2524.49
1558549800000,1.11608,1.11633,1.11604,1.11616,2613.44
1558550700000,1.11616,1.11619,1.11591,1.11596,2138.68
1558551600000,1.11595,1.11597,1.11574,1.11592,2273.32
1558552500000,1.11592,1.11593,1.11551,1.11553,2408.44
1558553400000,1.11552,1.11567,1.11544,1.11545,1536.62
1558554300000,1.11545,1.11556,1.11529,1.11533,1723.79
1558555200000,1.11534,1.11545,1.11522,1.11545,1023.75
1558556100000,1.11544,1.11547,1.11535,1.1154,869.95
1558557000000,1.11539,1.11541,1.11525,1.11525,851.02
1558557900000,1.11526,1.11527,1.11498,1.11501,1291.96
1558558800000,1.11498,1.11533,1.11497,1.11519,389.02
1558559700000,1.11518,1.11526,1.11515,1.11515,633.63
1558560600000,1.11514,1.1153,1.11509,1.11528,415.11
1558561500000,1.11529,1.11537,1.11521,1.11524,599.26
1558562400000,1.11528,1.11552,1.11525,1.11541,599.63
1558563300000,1.1154,1.11562,1.11528,1.1155,999.02
1558564200000,1.11549,1.11566,1.11549,1.11554,1303.61
1558565100000,1.11555,1.11571,1.1155,1.11564,946.75
1558566000000,1.11564,1.1157,1.11555,1.11561,1069.93
1558566900000,1.1156,1.11564,1.11545,1.11554,1009.63
1558567800000,1.11554,1.11561,1.1155,1.11556,1003.3
1558568700000,1.11556,1.11562,1.11547,1.11552,1089.97
1558569600000,1.11553,1.11553,1.11533,1.11543,2064.59
1558570500000,1.11544,1.11544,1.1153,1.11534,1790.36
1558571400000,1.11533,1.11535,1.11525,1.11527,1494.62
1558572300000,1.11526,1.11535,1.11516,1.11526,1455.56
1558573200000,1.11526,1.11536,1.11514,1.11527,2350.58
1558574100000,1.11527,1.11538,1.1152,1.11527,1488.95
1558575000000,1.11528,1.11528,1.11481,1.11498,2763.2
1558575900000,1.11498,1.11521,1.11491,1.11518,2241.04
1558576800000,1.11517,1.11525,1.11493,1.11498,2305.81
1558577700000,1.11497,1.11514,1.1148,1.11501,2067.71
1558578600000,1.11499,1.11506,1.11485,1.11503,1599.91
1558579500000,1.11503,1.11529,1.11503,1.11517,2248.49
1558580400000,1.11516,1.11524,1.11501,1.11511,1936.04
1558581300000,1.11513,1.11527,1.1151,1.11512,2057.08
1558582200000,1.11511,1.11513,1.11496,1.11497,1304.22
1558583100000,1.11495,1.11508,1.11485,1.11502,1603.81
1558584000000,1.11503,1.11503,1.11486,1.1149,1844.48
1558584900000,1.1149,1.11498,1.11489,1.11493,1261.37
1558585800000,1.11493,1.11494,1.11486,1.11492,962.87
1558586700000,1.11491,1.11492,1.11481,1.1149,1633.93
1558587600000,1.11491,1.11491,1.11467,1.11472,2320.22
1558588500000,1.11474,1.11485,1.11473,1.11477,1528.67
1558589400000,1.11476,1.11482,1.11468,1.11475,1719.82
1558590300000,1.11474,1.11503,1.11474,1.11496,1491.21
1558591200000,1.11495,1.11508,1.11465,1.11494,2729.11
1558592100000,1.11494,1.11522,1.11491,1.11503,3018.77
1558593000000,1.11502,1.11504,1.11436,1.11454,4924.6
1558593900000,1.11453,1.1148,1.11391,1.11421,5809.68
1558594800000,1.11423,1.11433,1.1133,1.11367,6132.38
1558595700000,1.1137,1.1148,1.1137,1.11463,7736.66
1558596600000,1.11463,1.11463,1.11358,1.11421,6591.19
1558597500000,1.11421,1.11454,1.11404,1.11405,6320.98
1558598400000,1.11404,1.11418,1.11302,1.11413,6453.24
1558599300000,1.11414,1.1142,1.11343,1.11347,5836.71
1558600200000,1.11347,1.11409,1.1131,1.11404,6761.16
1558601100000,1.11404,1.11456,1.11365,1.11396,6031.85
1558602000000,1.11395,1.11397,1.11341,1.11358,4960.58
1558602900000,1.11358,1.11382,1.11327,1.11328,5419.48
1558603800000,1.11328,1.11364,1.11302,1.11327,5845.7
1558604700000,1.11328,1.11354,1.11291,1.11348,4697.47
1558605600000,1.1135,1.11374,1.11325,1.11372,5321.49
1558606500000,1.11373,1.11379,1.11351,1.11354,4132.68
1558607400000,1.11353,1.11373,1.1133,1.11338,4861.34
1558608300000,1.1134,1.11372,1.1132,1.11354,3759.02
1558609200000,1.11354,1.11377,1.11342,1.11347,4628.56
1558610100000,1.11347,1.11391,1.11346,1.11386,3689.41
1558611000000,1.11386,1.11387,1.11324,1.1137,4707.62
1558611900000,1.11371,1.11387,1.11348,1.11385,4665.14
1558612800000,1.11385,1.11397,1.1137,1.11387,5159.32
1558613700000,1.11387,1.11397,1.11345,1.11381,3674.12
1558614600000,1.11381,1.11438,1.11381,1.1142,5384.27
1558615500000,1.11421,1.11424,1.11351,1.11356,5455.99
1558616400000,1.11354,1.11369,1.11149,1.11197,10216.2
1558617300000,1.11199,1.112,1.11121,1.11161,8159.54
1558618200000,1.11161,1.11165,1.1107,1.11144,10863.46
1558619100000,1.11147,1.11348,1.11147,1.1133,11232.71
1558620000000,1.11331,1.11504,1.1133,1.11469,9566.86
1558620900000,1.11469,1.11489,1.1142,1.1144,8880.11
1558621800000,1.11442,1.11567,1.11432,1.11486,9287.22
1558622700000,1.11485,1.11535,1.11467,1.11488,9019.32
1558623600000,1.11489,1.11627,1.11476,1.116,9458.73
1558624500000,1.11599,1.11688,1.11599,1.11672,7660.52
1558625400000,1.11671,1.11672,1.11634,1.11645,5940.73
1558626300000,1.11646,1.11726,1.11637,1.11709,5725.68
1558627200000,1.11709,1.11748,1.11695,1.11698,5477.27
1558628100000,1.11698,1.11791,1.11696,1.11784,6416.7
1558629000000,1.11783,1.11788,1.11752,1.11763,4311
1558629900000,1.11764,1.11834,1.1176,1.11822,4865.61
1558630800000,1.11822,1.11868,1.11783,1.11859,4454.96
1558631700000,1.11859,1.11875,1.11806,1.11814,4118.86
1558632600000,1.11814,1.11829,1.11772,1.11788,3441.53
1558633500000,1.11788,1.11788,1.11759,1.11775,2853.48
1558634400000,1.11776,1.11836,1.11766,1.11835,3158.07
1558635300000,1.11835,1.11853,1.11813,1.11826,3116.81
1558636200000,1.11827,1.11838,1.11805,1.11836,2185.32
1558637100000,1.11835,1.11842,1.11817,1.11824,1877.06
1558638000000,1.11824,1.11834,1.11804,1.11811,2279.81
1558638900000,1.11811,1.11815,1.11785,1.11791,3581.65
1558639800000,1.11792,1.11822,1.11783,1.11814,3039.7
1558640700000,1.11813,1.11814,1.11779,1.11779,3942.98
1558641600000,1.11778,1.11813,1.11776,1.11811,1318.71
1558642500000,1.1181,1.11825,1.11807,1.11822,1024.31
1558643400000,1.11822,1.11831,1.11809,1.11827,650.16
1558644300000,1.11827,1.11827,1.11807,1.11815,592.65
1558645200000,1.11819,1.11832,1.11733,1.11828,653.09
1558646100000,1.11829,1.11833,1.11823,1.11823,684.87
1558647000000,1.11822,1.11844,1.11817,1.11832,552.32
1558647900000,1.11833,1.11841,1.11829,1.1183,987.14
1558648800000,1.11829,1.11836,1.11815,1.11815,1102.82
1558649700000,1.11814,1.1182,1.11813,1.11818,872.69
1558650600000,1.11819,1.11819,1.11808,1.1181,743.28
1558651500000,1.11809,1.11827,1.11808,1.11821,1219.79
1558652400000,1.11822,1.11832,1.1182,1.11831,710.5
1558653300000,1.11831,1.11837,1.11825,1.1183,1016.99
1558654200000,1.1183,1.11852,1.1183,1.11851,1287.84
1558655100000,1.11851,1.11852,1.1184,1.11841,1437.31
1558656000000,1.11841,1.11841,1.1181,1.11821,2572.49
1558656900000,1.11821,1.11827,1.11806,1.11815,1824.53
1558657800000,1.11815,1.11823,1.11808,1.1181,1928.56
1558658700000,1.1181,1.1181,1.11771,1.11803,2438.71
1558659600000,1.11802,1.11831,1.118,1.11831,2338.51
1558660500000,1.11831,1.11832,1.11779,1.11785,4032.23
1558661400000,1.11785,1.11825,1.11784,1.11825,3177.8
1558662300000,1.11825,1.11829,1.11803,1.11811,1854.18
1558663200000,1.11813,1.11833,1.11811,1.11827,2146.58
1558664100000,1.11826,1.11834,1.11812,1.11815,2110.81
1558665000000,1.11814,1.11816,1.11792,1.11808,2535.98
1558665900000,1.11808,1.11816,1.11791,1.11813,2387.57
1558666800000,1.11813,1.11826,1.11811,1.11818,1756.01
1558667700000,1.11817,1.11827,1.11812,1.11814,1488.95
1558668600000,1.11814,1.11825,1.11806,1.11809,1621.66
1558669500000,1.11808,1.11812,1.11797,1.11811,1228.84
1558670400000,1.11812,1.11813,1.1179,1.1179,1560.41
1558671300000,1.11791,1.11822,1.1179,1.11811,1640.56
1558672200000,1.11811,1.11817,1.11806,1.11813,1451.73
1558673100000,1.11816,1.11823,1.11806,1.11809,1393.24
1558674000000,1.11809,1.11824,1.11806,1.11818,1029.33
1558674900000,1.11818,1.11824,1.1181,1.1182,837.09
1558675800000,1.1182,1.11847,1.11819,1.1184,1111.64
1558676700000,1.11841,1.11847,1.11826,1.1183,1812.73
1558677600000,1.11831,1.11976,1.11814,1.11972,4353.27
1558678500000,1.11972,1.12025,1.11958,1.1199,5752.23
1558679400000,1.11991,1.12056,1.11989,1.11995,6527.93
1558680300000,1.11995,1.11995,1.11929,1.11957,4365.06
1558681200000,1.11957,1.11994,1.11923,1.11987,6410.42
1558682100000,1.11987,1.12012,1.1189,1.11924,6862.42
1558683000000,1.11923,1.1193,1.11875,1.11886,4884.99
1558683900000,1.11885,1.11891,1.11834,1.11885,5786.64
1558684800000,1.11884,1.11916,1.11868,1.11872,5509.97
1558685700000,1.11873,1.11918,1.11868,1.11917,3166.8
1558686600000,1.11917,1.11934,1.11841,1.11845,5468.72
1558687500000,1.11845,1.11872,1.11827,1.11845,6657.98
1558688400000,1.11844,1.11879,1.118,1.11828,5588.35
1558689300000,1.11828,1.11854,1.11781,1.11846,3978.78
1558690200000,1.11846,1.11854,1.11816,1.11851,4030.58
1558691100000,1.11852,1.11912,1.11847,1.119,5240.68
1558692000000,1.11901,1.11953,1.11899,1.11942,4529.32
1558692900000,1.11943,1.11953,1.11919,1.11925,3541.97
1558693800000,1.11924,1.11925,1.11866,1.11875,4360.5
1558694700000,1.11874,1.11894,1.11857,1.11858,4151.48
1558695600000,1.11858,1.11883,1.11852,1.11876,4437.59
1558696500000,1.11877,1.11883,1.11839,1.11841,3704.51
1558697400000,1.1184,1.11886,1.11836,1.11884,10201.55
1558698300000,1.11885,1.11921,1.11819,1.11825,6659.5
1558699200000,1.11825,1.11867,1.11825,1.11865,4735.37
1558700100000,1.11866,1.11948,1.11854,1.11946,4654.32
1558701000000,1.11946,1.12004,1.11922,1.1193,9116.2
1558701900000,1.11929,1.11963,1.11907,1.11954,6801.36
1558702800000,1.11955,1.11989,1.11935,1.11951,5737.67
1558703700000,1.1195,1.11951,1.11913,1.11924,5218.77
1558704600000,1.11923,1.11932,1.11875,1.11909,7439.89
1558705500000,1.11909,1.11969,1.11901,1.11963,6383.92
1558706400000,1.11964,1.11981,1.11924,1.11974,6159.91
1558707300000,1.11973,1.12043,1.11965,1.12039,5899.62
1558708200000,1.12039,1.12083,1.12028,1.12068,6297.93
1558709100000,1.12069,1.12104,1.12023,1.12046,8097.66
1558710000000,1.12048,1.12094,1.12022,1.12077,6919.7
1558710900000,1.12077,1.12096,1.12057,1.12077,5315.4
1558711800000,1.12077,1.12077,1.12021,1.12035,4313.47
1558712700000,1.12036,1.12037,1.11962,1.11969,4793.28
1558713600000,1.11969,1.12026,1.11966,1.12014,3374.99
1558714500000,1.12015,1.12045,1.12,1.12039,2450.74
1558715400000,1.12038,1.1204,1.12003,1.12023,2546.23
1558716300000,1.12024,1.12059,1.12024,1.12052,2652.92
1558717200000,1.12053,1.12088,1.1205,1.12079,3001.29
1558718100000,1.1208,1.12121,1.12078,1.12088,3700.82
1558719000000,1.12088,1.12098,1.12077,1.12077,2182.26
1558719900000,1.12077,1.12105,1.12068,1.12102,2002.54
1558720800000,1.12102,1.12102,1.12067,1.12069,2119.99
1558721700000,1.12067,1.1208,1.12058,1.12073,1947.18
1558722600000,1.12073,1.12081,1.12061,1.12079,1676.7
1558723500000,1.12079,1.12099,1.12066,1.12091,1571.23
1558724400000,1.12091,1.12092,1.12075,1.12079,1452.45
1558725300000,1.12079,1.12095,1.12078,1.1209,1187.27
1558726200000,1.1209,1.12095,1.12084,1.12092,1344.13
1558727100000,1.12093,1.12093,1.12074,1.12087,1119.66
1558728000000,1.12086,1.12093,1.12068,1.12074,1088.62
1558728900000,1.12074,1.12074,1.12048,1.12051,958.49
1558729800000,1.12052,1.12067,1.12048,1.12049,891.26
1558730700000,1.12049,1.1206,1.12043,1.12043,1039.39
1558904400000,1.12091,1.12106,1.12091,1.12102,329.85
1558905300000,1.12102,1.12103,1.12096,1.12097,232.5
1558906200000,1.12098,1.121,1.1209,1.12093,286.84
1558907100000,1.12092,1.12116,1.12087,1.12099,237.38
1558908000000,1.12098,1.12103,1.12085,1.121,743.26
1558908900000,1.121,1.12101,1.12092,1.12093,352.83
1558909800000,1.12094,1.12099,1.12082,1.12082,656
1558910700000,1.12083,1.12099,1.12082,1.12097,677.8
1558911600000,1.12097,1.12106,1.12083,1.12099,771.5
1558912500000,1.12098,1.12103,1.12093,1.12099,725.92
1558913400000,1.12098,1.12113,1.12096,1.12106,1478.73
1558914300000,1.12106,1.12114,1.12067,1.12068,1702.64
1558915200000,1.12067,1.12068,1.12031,1.12035,2782.07
1558916100000,1.12034,1.12059,1.12033,1.12048,1502.68
1558917000000,1.12049,1.12055,1.12036,1.12051,1527.67
1558917900000,1.12051,1.12073,1.12049,1.1207,2185.89
1558918800000,1.12069,1.1209,1.12069,1.12078,1609.98
1558919700000,1.12079,1.1211,1.12074,1.12103,2468.49
1558920600000,1.12102,1.12112,1.12093,1.12106,2661.54
1558921500000,1.12105,1.12123,1.12097,1.1212,2188.03
1558922400000,1.1212,1.1214,1.12115,1.1214,2880.75
1558923300000,1.12139,1.12141,1.12117,1.12121,2135.26
1558924200000,1.12123,1.12126,1.12103,1.12103,1685.46
1558925100000,1.12104,1.1212,1.121,1.12108,1726.96
1558926000000,1.12108,1.12117,1.12104,1.12114,1631.81
1558926900000,1.12113,1.12125,1.12113,1.12119,1649.03
1558927800000,1.12119,1.12146,1.12114,1.12146,1737.82
1558928700000,1.12145,1.12151,1.12138,1.12139,1718.22
1558929600000,1.12139,1.12141,1.12132,1.12132,1921.1
1558930500000,1.12133,1.12137,1.12129,1.12133,1093.8
1558931400000,1.12132,1.12133,1.12115,1.12123,1330.17
1558932300000,1.12122,1.12124,1.12065,1.12065,1973.62
1558933200000,1.12066,1.12092,1.12065,1.12083,2053.44
1558934100000,1.12083,1.12113,1.12081,1.12105,2317.57
1558935000000,1.12106,1.12107,1.12088,1.12092,1708.47
1558935900000,1.12093,1.12104,1.12079,1.12098,2026.28
1558936800000,1.12098,1.12098,1.1207,1.12082,3148.88
1558937700000,1.12081,1.12104,1.12026,1.12043,3888.18
1558938600000,1.12044,1.12061,1.12037,1.12051,2917.61
1558939500000,1.12048,1.12054,1.12015,1.12045,3440.47
1558940400000,1.12046,1.12046,1.11983,1.12011,4836.45
1558941300000,1.12012,1.12016,1.11982,1.11986,4709.87
1558942200000,1.11987,1.11997,1.11959,1.1196,4302.77
1558943100000,1.11961,1.11975,1.11954,1.11963,3550.75
1558944000000,1.11964,1.11978,1.11928,1.11932,4676.19
1558944900000,1.11931,1.11939,1.11919,1.11925,3717.02
1558945800000,1.11926,1.11965,1.11917,1.11951,3865.23
1558946700000,1.11951,1.11952,1.11922,1.11926,4614.82
1558947600000,1.11925,1.1196,1.11911,1.11956,3335.21
1558948500000,1.11957,1.11958,1.11939,1.11957,4356.5
1558949400000,1.11958,1.11982,1.11957,1.11969,3600.67
1558950300000,1.11968,1.11969,1.11938,1.11939,3382.8
1558951200000,1.11938,1.1195,1.11929,1.11929,2718.37
1558952100000,1.1193,1.11947,1.11925,1.11945,2905.08
1558953000000,1.11944,1.11947,1.11927,1.11929,2456.82
1558953900000,1.11929,1.1193,1.11915,1.11922,1724.69
1558954800000,1.11921,1.11928,1.1191,1.11924,2027.37
1558955700000,1.11924,1.11947,1.1192,1.11946,2816.82
1558956600000,1.11947,1.1196,1.11946,1.11959,2427.35
1558957500000,1.1196,1.11977,1.11943,1.11957,2918.8
1558958400000,1.11957,1.11982,1.1195,1.11975,3226.86
1558959300000,1.11976,1.11977,1.11954,1.11959,3086.7
1558960200000,1.11958,1.11969,1.11951,1.11953,2475.27
1558961100000,1.11954,1.11984,1.11951,1.11962,2657.64
1558962000000,1.11962,1.11994,1.11961,1.11993,2909.23
1558962900000,1.11992,1.11995,1.11869,1.11894,4671.73
1558963800000,1.11895,1.11921,1.11871,1.11906,4039.03
1558964700000,1.11906,1.11927,1.11899,1.11921,2559.49
1558965600000,1.11922,1.11932,1.11911,1.11932,2199.05
1558966500000,1.11932,1.11933,1.11911,1.11912,2154.36
1558967400000,1.11911,1.11936,1.11902,1.11931,2768.53
1558968300000,1.11932,1.11936,1.11908,1.11918,3413.36
1558969200000,1.1192,1.11931,1.11908,1.11921,2856.68
1558970100000,1.1192,1.11926,1.11919,1.11921,1486.05
1558971000000,1.1192,1.11947,1.11918,1.11946,1850.66
1558971900000,1.11946,1.11952,1.11914,1.11918,1473.9
1558972800000,1.11917,1.11924,1.11909,1.11911,1137.36
1558973700000,1.1191,1.11912,1.11903,1.11906,1120.05
1558974600000,1.11906,1.11919,1.11906,1.11918,732.12
1558975500000,1.11918,1.11925,1.11904,1.1191,1298.21
1558976400000,1.11911,1.11915,1.119,1.11902,363.58
1558977300000,1.11902,1.11907,1.11902,1.11905,311.45
1558978200000,1.11904,1.11909,1.11903,1.11906,314.98
1558979100000,1.11907,1.11907,1.11902,1.11903,451.93
1558980000000,1.11903,1.11903,1.11883,1.11894,626.49
1558980900000,1.11896,1.11906,1.11889,1.1189,306.2
1558981800000,1.1189,1.11906,1.1189,1.11902,391.19
1558982700000,1.11903,1.11906,1.11895,1.119,222.45
1558983600000,1.119,1.11907,1.119,1.11905,203.1
1558984500000,1.11905,1.11907,1.11904,1.11907,153.03
1558985400000,1.11906,1.11922,1.11906,1.11917,393
1558986300000,1.11918,1.11924,1.11914,1.11916,362.09
1558987200000,1.11916,1.11918,1.11914,1.11917,250.2
1558988100000,1.11916,1.11918,1.11915,1.11918,209.08
1558989000000,1.11918,1.11919,1.11915,1.11915,434.5
1558989900000,1.11915,1.11935,1.11901,1.1191,668.37
1558990800000,1.1191,1.11924,1.11903,1.1191,109.81
1558991700000,1.1191,1.11938,1.1191,1.11914,341.73
1558992600000,1.11914,1.11934,1.1191,1.11916,775.78
1558993500000,1.11913,1.11941,1.1191,1.11934,515.86
1558994400000,1.11935,1.11949,1.1193,1.1193,1042.05
1558995300000,1.1193,1.11944,1.11929,1.11941,691.87
1558996200000,1.11942,1.11943,1.1193,1.11936,790.71
1558997100000,1.11935,1.11942,1.1193,1.11931,944.06
1558998000000,1.11933,1.11936,1.11921,1.11927,896.17
1558998900000,1.11927,1.11928,1.11917,1.11921,1485.81
1558999800000,1.11922,1.11934,1.11922,1.11934,1174.12
1559000700000,1.11933,1.11936,1.11927,1.11934,816.5
1559001600000,1.11933,1.11962,1.11926,1.11952,1690.7
1559002500000,1.11953,1.11962,1.1193,1.11931,1931.45
1559003400000,1.11931,1.11934,1.11914,1.11925,1383.63
1559004300000,1.11925,1.11938,1.11917,1.11922,1971.51
1559005200000,1.11925,1.11941,1.11915,1.11915,1621.12
1559006100000,1.11913,1.11913,1.11852,1.11864,2766.58
1559007000000,1.11864,1.11875,1.11825,1.11841,3426.25
1559007900000,1.1184,1.11854,1.11809,1.11839,2773.66
1559008800000,1.11838,1.11849,1.11823,1.11849,2194.81
1559009700000,1.11849,1.11854,1.11812,1.11818,3366.65
1559010600000,1.11819,1.1183,1.11794,1.11809,3255.85
1559011500000,1.11809,1.11831,1.11805,1.11822,2319.93
1559012400000,1.11822,1.11837,1.11813,1.11835,1637.28
1559013300000,1.11835,1.11839,1.11823,1.11824,1777.32
1559014200000,1.11824,1.11824,1.11802,1.11815,1465.54
1559015100000,1.11816,1.11832,1.11815,1.11822,1357.39
1559016000000,1.11822,1.11829,1.11817,1.11825,1465.05
1559016900000,1.11825,1.11829,1.11803,1.11803,2192.77
1559017800000,1.11803,1.11818,1.11783,1.11793,2003.25
1559018700000,1.11793,1.1182,1.11783,1.1182,2301.12
1559019600000,1.11819,1.11836,1.11817,1.11825,2329.7
1559020500000,1.11825,1.11843,1.11823,1.11834,2456.03
1559021400000,1.11834,1.11849,1.11832,1.11844,1990.47
1559022300000,1.11843,1.11867,1.11842,1.11858,2238.96
1559023200000,1.11859,1.11861,1.11819,1.11834,3542.09
1559024100000,1.11835,1.1185,1.11832,1.11843,3734.27
1559025000000,1.11842,1.1187,1.11834,1.11866,3564.5
1559025900000,1.11866,1.1187,1.11768,1.11841,6290.85
1559026800000,1.11842,1.11869,1.11767,1.118,8280.57
1559027700000,1.118,1.11818,1.11754,1.11794,6631.72
1559028600000,1.11794,1.11844,1.11785,1.11839,4500.46
1559029500000,1.11839,1.11873,1.11825,1.11866,4597.84
1559030400000,1.11867,1.11896,1.11841,1.11859,5523.68
1559031300000,1.11859,1.119,1.11855,1.11878,5771.01
1559032200000,1.11877,1.11925,1.11877,1.11915,5488.47
1559033100000,1.11915,1.11945,1.11915,1.11924,4353.07
1559034000000,1.11924,1.11942,1.11912,1.11938,4027.4
1559034900000,1.11938,1.11982,1.119,1.11966,3421.24
1559035800000,1.11966,1.11983,1.11928,1.1194,3351.78
1559036700000,1.1194,1.1196,1.11897,1.119,2794.64
1559037600000,1.11901,1.11907,1.11839,1.1184,4023.68
1559038500000,1.11839,1.11867,1.11834,1.11859,3442.84
1559039400000,1.1186,1.1187,1.11817,1.1187,3204.78
1559040300000,1.11869,1.11896,1.11849,1.11886,2582.47
1559041200000,1.11885,1.11897,1.11872,1.11881,3293.8
1559042100000,1.11882,1.11891,1.11865,1.11878,2506.72
1559043000000,1.11878,1.119,1.11872,1.11898,2340.66
1559043900000,1.11899,1.11936,1.11897,1.11935,2906.19
1559044800000,1.11934,1.11943,1.11915,1.11916,2994.79
1559045700000,1.11917,1.1192,1.11865,1.11866,2941.65
1559046600000,1.11866,1.11881,1.11836,1.11872,2188.13
1559047500000,1.11872,1.11895,1.11844,1.11888,3145.04
1559048400000,1.11889,1.11939,1.11885,1.11917,2845
1559049300000,1.11916,1.11949,1.119,1.11933,3231.32
1559050200000,1.11934,1.11945,1.11905,1.11922,5900.32
1559051100000,1.11923,1.11937,1.11893,1.11913,5415.32
1559052000000,1.11914,1.11919,1.11853,1.1188,7436.68
1559052900000,1.1188,1.11899,1.11849,1.11887,5518.81
1559053800000,1.11886,1.11948,1.11871,1.1188,6949.52
1559054700000,1.11878,1.11881,1.1169,1.11738,9815.52
1559055600000,1.11739,1.11793,1.11714,1.11775,6718.45
1559056500000,1.11774,1.11789,1.11719,1.11754,5258.19
1559057400000,1.11755,1.11812,1.11754,1.11802,6999.27
1559058300000,1.11802,1.11816,1.11759,1.11763,7415.49
1559059200000,1.11764,1.11777,1.117,1.1173,4876.45
1559060100000,1.11729,1.11751,1.11696,1.11711,4141.58
1559061000000,1.11711,1.11721,1.11651,1.11653,4052.13
1559061900000,1.11654,1.11672,1.1162,1.11652,4171.63
1559062800000,1.11653,1.11676,1.11634,1.11671,3147.86
1559063700000,1.11671,1.11682,1.11645,1.11669,3377.27
1559064600000,1.1167,1.11704,1.11667,1.11686,3257.79
1559065500000,1.11686,1.11713,1.11686,1.11709,2222.44
1559066400000,1.11708,1.11716,1.11693,1.11702,2812.58
1559067300000,1.11703,1.11721,1.11693,1.11702,2417.8
1559068200000,1.11702,1.11709,1.11663,1.11667,3257.75
1559069100000,1.11667,1.1167,1.11633,1.11646,3226.59
1559070000000,1.11645,1.11656,1.11627,1.11627,2854
1559070900000,1.11628,1.11634,1.11604,1.11627,3332.45
1559071800000,1.11629,1.1165,1.11621,1.1163,3105.75
1559072700000,1.1163,1.11669,1.11627,1.11652,3337.33
1559073600000,1.1165,1.11681,1.11645,1.11674,1548.39
1559074500000,1.11674,1.11675,1.11656,1.11658,722.56
1559075400000,1.11658,1.11658,1.11599,1.11608,1350.22
1559076300000,1.1161,1.1162,1.11592,1.11598,1397.71
1559077200000,1.11598,1.11637,1.11594,1.11637,569.17
1559078100000,1.11636,1.11653,1.11617,1.11618,828.35
1559079000000,1.11618,1.1165,1.11617,1.1165,900.73
1559079900000,1.1165,1.11659,1.11627,1.11655,969.27
1559080800000,1.11655,1.11657,1.11632,1.1165,1071.82
1559081700000,1.11651,1.11653,1.11647,1.11651,430.64
1559082600000,1.1165,1.11651,1.11638,1.11641,888.97
1559083500000,1.1164,1.11655,1.11638,1.11653,1190.89
1559084400000,1.11654,1.11664,1.11641,1.11664,962.53
1559085300000,1.11663,1.11667,1.11656,1.11658,730.26
1559086200000,1.11657,1.1167,1.11657,1.11665,1104.32
1559087100000,1.11664,1.11687,1.11664,1.11681,1068.52
1559088000000,1.11682,1.11718,1.1167,1.1169,2461.12
1559088900000,1.11691,1.11696,1.11673,1.1168,2248.52
1559089800000,1.1168,1.11718,1.11676,1.1171,3491.3
1559090700000,1.1171,1.11724,1.11683,1.11691,3870.64
1559091600000,1.11691,1.11694,1.11667,1.11688,3604.79
1559092500000,1.11688,1.11704,1.11669,1.11677,2435.92
1559093400000,1.11677,1.11688,1.11657,1.11682,4435.81
1559094300000,1.11681,1.11683,1.11647,1.11663,4133.52
1559095200000,1.11663,1.11665,1.11631,1.11658,4407.09
1559096100000,1.11658,1.11658,1.11633,1.11637,2867.96
1559097000000,1.11637,1.11645,1.11619,1.11633,3061.26
1559097900000,1.11634,1.11648,1.11628,1.11643,2011.45
1559098800000,1.11644,1.11653,1.11636,1.11653,2069.47
1559099700000,1.11652,1.11658,1.11646,1.11654,1809.8
1559100600000,1.11654,1.1166,1.1165,1.11655,1330.53
1559101500000,1.11654,1.11661,1.11649,1.11651,1847.3
1559102400000,1.11652,1.11661,1.11641,1.11643,2043.75
1559103300000,1.11643,1.11644,1.1162,1.11627,2603.98
1559104200000,1.11627,1.11638,1.11627,1.11634,1518.09
1559105100000,1.11635,1.11645,1.11632,1.11645,1968.05
1559106000000,1.11645,1.11653,1.1163,1.11632,1848.25
1559106900000,1.11633,1.11662,1.11628,1.11661,2388.25
1559107800000,1.11662,1.11691,1.11655,1.11679,2717.41
1559108700000,1.11679,1.1168,1.11654,1.11664,3093.41
1559109600000,1.11664,1.11672,1.11627,1.11634,5164.89
1559110500000,1.11635,1.11643,1.11586,1.1161,4998.05
1559111400000,1.11609,1.11639,1.11604,1.11635,3883.66
1559112300000,1.11636,1.11644,1.1155,1.11567,4629.93
1559113200000,1.11567,1.11571,1.11525,1.1156,5548.66
1559114100000,1.11562,1.11581,1.11544,1.11576,5157.16
1559115000000,1.11577,1.11604,1.11543,1.11548,5648.35
1559115900000,1.11547,1.11557,1.1152,1.11536,5221.36
1559116800000,1.11535,1.11567,1.11521,1.11566,6224.02
1559117700000,1.11566,1.11592,1.11551,1.11577,5382.22
1559118600000,1.11576,1.11588,1.11556,1.1156,4182.2
1559119500000,1.11562,1.11564,1.11529,1.11547,3998.98
1559120400000,1.11546,1.11551,1.11512,1.11524,4511.48
1559121300000,1.11523,1.11524,1.11497,1.11513,4740.69
1559122200000,1.11513,1.1153,1.11499,1.1153,4397.75
1559123100000,1.11531,1.11582,1.11525,1.11559,4286.16
1559124000000,1.1156,1.11588,1.11554,1.11571,4113.5
1559124900000,1.11571,1.11571,1.11547,1.11548,4267.25
1559125800000,1.11548,1.11568,1.1154,1.11561,3167.38
1559126700000,1.11561,1.11574,1.11539,1.11568,4158.95
1559127600000,1.11567,1.11577,1.11491,1.11516,4460.14
1559128500000,1.11516,1.11552,1.11488,1.11543,4985.89
1559129400000,1.11542,1.11552,1.11475,1.11531,4130.99
1559130300000,1.11531,1.11558,1.11504,1.11513,4167.59
1559131200000,1.11513,1.11558,1.11504,1.11556,4863.81
1559132100000,1.11557,1.11559,1.1151,1.1151,4680.81
1559133000000,1.1151,1.11568,1.11494,1.11531,5885.43
1559133900000,1.11532,1.11547,1.11486,1.11495,6394.15
1559134800000,1.11497,1.11501,1.11437,1.11453,5952.92
1559135700000,1.11453,1.11494,1.1144,1.11447,4432.52
1559136600000,1.11449,1.11464,1.11414,1.11426,7706.67
1559137500000,1.11424,1.11448,1.11403,1.11442,7277.17
1559138400000,1.11441,1.11529,1.11351,1.11526,8850.15
1559139300000,1.11526,1.11526,1.11454,1.11475,7664.11
1559140200000,1.11477,1.1148,1.11409,1.11434,7100.69
1559141100000,1.11434,1.11533,1.11415,1.11421,9281.55
1559142000000,1.11425,1.11427,1.11275,1.11291,9051.54
1559142900000,1.11291,1.11303,1.11243,1.1128,6441.62
1559143800000,1.1128,1.11349,1.11265,1.1134,7687.4
1559144700000,1.1134,1.11381,1.11315,1.11352,7367.74
1559145600000,1.11352,1.1137,1.11334,1.11346,3357.32
1559146500000,1.11346,1.11381,1.11339,1.1135,3489.05
1559147400000,1.11349,1.11394,1.11345,1.11355,3658.21
1559148300000,1.11356,1.11358,1.11322,1.11337,4036.45
1559149200000,1.11338,1.11347,1.11261,1.11302,5580.13
1559150100000,1.11302,1.1132,1.11263,1.11296,4184.25
1559151000000,1.11297,1.11351,1.11275,1.11349,3788.11
1559151900000,1.11349,1.1138,1.11329,1.11376,3046.35
1559152800000,1.11376,1.11388,1.11354,1.11372,3091.32
1559153700000,1.11373,1.11386,1.11357,1.11358,2275.9
1559154600000,1.11356,1.11367,1.11344,1.11358,2455.1
1559155500000,1.11357,1.11358,1.11324,1.11332,3100.9
1559156400000,1.1133,1.11347,1.11315,1.11321,2853.23
1559157300000,1.11321,1.11326,1.11314,1.11318,2517.01
1559158200000,1.11318,1.11321,1.11289,1.11307,2366.11
1559159100000,1.11308,1.11325,1.11307,1.1132,2189.09
1559160000000,1.11322,1.11343,1.11315,1.11334,1515.2
1559160900000,1.11334,1.11347,1.11331,1.11337,933.87
1559161800000,1.11336,1.11337,1.11307,1.11317,1019.21
1559162700000,1.11317,1.11318,1.11299,1.1131,963.42
1559163600000,1.11305,1.11383,1.11303,1.1136,540.47
1559164500000,1.11361,1.11365,1.11322,1.11331,651.1
1559165400000,1.11331,1.11346,1.11322,1.11345,903.67
1559166300000,1.11344,1.11361,1.11344,1.11353,972.52
1559167200000,1.11353,1.11355,1.11342,1.11344,693.24
1559168100000,1.11343,1.11358,1.11339,1.11355,616.8
1559169000000,1.11356,1.11377,1.11356,1.11373,942.55
1559169900000,1.11372,1.11375,1.11365,1.11371,812.66
1559170800000,1.11371,1.11374,1.11364,1.11365,758.02
1559171700000,1.11364,1.11367,1.11359,1.11366,1498.44
1559172600000,1.11364,1.11371,1.11354,1.11364,1175.99
1559173500000,1.11364,1.11376,1.11363,1.11366,1819.43
1559174400000,1.11365,1.11421,1.11345,1.11416,2936.28
1559175300000,1.11416,1.11416,1.11386,1.11403,2563.5
1559176200000,1.11404,1.11418,1.11401,1.11407,1626.43
1559177100000,1.11408,1.11427,1.11389,1.11396,3043.97
1559178000000,1.11395,1.11424,1.11394,1.11417,2612.4
1559178900000,1.11418,1.11426,1.11411,1.11414,3182.44
1559179800000,1.11414,1.11432,1.11406,1.11415,3429.45
1559180700000,1.11415,1.11421,1.11395,1.11395,2260.2
1559181600000,1.11396,1.114,1.11363,1.11379,3627.76
1559182500000,1.11379,1.11399,1.1136,1.11363,3405.51
1559183400000,1.11366,1.1137,1.11344,1.11354,2866.65
1559184300000,1.11355,1.11387,1.11342,1.11385,3268.73
1559185200000,1.11385,1.11386,1.11367,1.1138,1953.19
1559186100000,1.11379,1.11389,1.11375,1.11383,1294.66
1559187000000,1.11384,1.11387,1.11375,1.11381,1724.7
1559187900000,1.1138,1.11388,1.11379,1.11381,1242.34
1559188800000,1.11382,1.11382,1.1137,1.11378,1372.2
1559189700000,1.11378,1.1139,1.11376,1.11387,1820.07
1559190600000,1.11386,1.11397,1.11381,1.11381,1284.64
1559191500000,1.1138,1.11413,1.1138,1.114,1732.84
1559192400000,1.11401,1.11401,1.11356,1.1136,2210.28
1559193300000,1.11359,1.11362,1.11347,1.11354,1792.7
1559194200000,1.11354,1.11356,1.11344,1.1135,1087.37
1559195100000,1.1135,1.11359,1.11334,1.11358,1657.1
1559196000000,1.11359,1.11359,1.11311,1.11327,4057.17
1559196900000,1.11327,1.11331,1.11301,1.11327,3375.58
1559197800000,1.11326,1.11362,1.11312,1.11357,3227.64
1559198700000,1.11357,1.11368,1.11342,1.11349,4022.86
1559199600000,1.11349,1.11355,1.11262,1.1127,6049.65
1559200500000,1.1127,1.11291,1.11243,1.1129,4868.33
1559201400000,1.11289,1.11355,1.11289,1.11348,4084.97
1559202300000,1.11347,1.11357,1.1131,1.11316,4143.55
1559203200000,1.11318,1.1136,1.1131,1.11326,4173.99
1559204100000,1.11324,1.11373,1.11321,1.11365,3876.07
1559205000000,1.11365,1.11379,1.11359,1.1136,3714.53
1559205900000,1.11361,1.11368,1.11337,1.1134,3161.55
1559206800000,1.1134,1.11348,1.1132,1.1134,3605.86
1559207700000,1.1134,1.11361,1.11335,1.11357,2993.92
1559208600000,1.11356,1.1139,1.11348,1.11386,3565.19
1559209500000,1.11386,1.11433,1.11382,1.11424,4694.59
1559210400000,1.11423,1.11431,1.11391,1.11395,3568.9
1559211300000,1.11394,1.11406,1.11369,1.11391,4160.46
1559212200000,1.1139,1.11396,1.1136,1.11375,2707.3
1559213100000,1.11375,1.11394,1.11348,1.11367,3971.26
1559214000000,1.11366,1.114,1.11359,1.11378,3094.14
1559214900000,1.11378,1.11401,1.11352,1.11372,4205.7
1559215800000,1.11372,1.11379,1.11345,1.11376,2965.39
1559216700000,1.11375,1.11377,1.11351,1.1136,3246.5
1559217600000,1.11361,1.11362,1.11328,1.11332,3474.95
1559218500000,1.1133,1.1137,1.11327,1.1135,4574.6
1559219400000,1.11352,1.11415,1.11348,1.11391,4895.89
1559220300000,1.11392,1.11403,1.11298,1.11313,5083.88
1559221200000,1.11313,1.11331,1.11257,1.11299,6367.95
1559222100000,1.11298,1.11306,1.11249,1.11258,4507.38
1559223000000,1.11258,1.11275,1.1116,1.11183,7127.28
1559223900000,1.11184,1.11235,1.11172,1.11233,6173.34
1559224800000,1.11237,1.11267,1.112,1.1126,6013.31
1559225700000,1.1126,1.11262,1.11197,1.11233,4417.68
1559226600000,1.11234,1.11252,1.11202,1.11247,4858.97
1559227500000,1.11248,1.1129,1.1119,1.11262,7608.35
1559228400000,1.11267,1.11352,1.11249,1.11345,8835.89
1559229300000,1.11345,1.11366,1.11308,1.1135,4814.41
1559230200000,1.1135,1.11394,1.11346,1.11378,5034.85
1559231100000,1.11377,1.11399,1.11369,1.11391,5430.92
1559232000000,1.11391,1.11391,1.11347,1.11349,4318.49
1559232900000,1.11347,1.11359,1.11332,1.1135,3046.28
1559233800000,1.11352,1.1136,1.11327,1.11331,3473.55
1559234700000,1.1133,1.11372,1.11328,1.11359,3071.75
1559235600000,1.11357,1.11381,1.11355,1.11366,2648.82
1559236500000,1.11368,1.11399,1.11368,1.11385,2591.96
1559237400000,1.11386,1.11387,1.11365,1.11372,2898.21
1559238300000,1.1137,1.11392,1.11368,1.11373,2288.8
1559239200000,1.11372,1.11374,1.11359,1.1136,2432.93
1559240100000,1.1136,1.11377,1.11348,1.11354,3482.37
1559241000000,1.11354,1.11368,1.11337,1.11366,3325.27
1559241900000,1.11367,1.1137,1.1133,1.11344,3966.45
1559242800000,1.11344,1.11359,1.11336,1.11355,5236.44
1559243700000,1.11354,1.11359,1.11337,1.11341,3429.73
1559244600000,1.11341,1.11352,1.11337,1.11338,1888.74
1559245500000,1.11338,1.11353,1.11337,1.11347,2487.51
1559246400000,1.11348,1.1135,1.11309,1.1131,1469.05
1559247300000,1.11311,1.11324,1.11309,1.1132,1227.03
1559248200000,1.11321,1.11321,1.11301,1.11309,961.58
1559249100000,1.11309,1.11309,1.11286,1.11291,787.98
1559250000000,1.11285,1.11312,1.11285,1.11307,338.04
1559250900000,1.11306,1.11309,1.11292,1.11294,377.72
1559251800000,1.11297,1.11315,1.11283,1.11296,666.16
1559252700000,1.11296,1.113,1.11282,1.11293,603.72
1559253600000,1.11293,1.11309,1.1129,1.11298,878.97
1559254500000,1.11299,1.11304,1.11289,1.11303,855.89
1559255400000,1.11304,1.11321,1.11302,1.11321,673.27
1559256300000,1.1132,1.1133,1.11318,1.11329,626.46
1559257200000,1.11329,1.11334,1.11326,1.11328,526.86
1559258100000,1.11329,1.11335,1.11326,1.11333,721.8
1559259000000,1.11334,1.11346,1.11307,1.11308,2310.24
1559259900000,1.11308,1.11321,1.11293,1.11295,2200.91
1559260800000,1.11295,1.11335,1.1129,1.1133,2949.92
1559261700000,1.1133,1.11369,1.1132,1.11362,3377.04
1559262600000,1.11363,1.11402,1.11357,1.11385,3565.76
1559263500000,1.11385,1.11385,1.11326,1.11343,3338.88
1559264400000,1.11344,1.11383,1.11334,1.11379,3179.68
1559265300000,1.11379,1.11387,1.11363,1.11373,2589.3
1559266200000,1.11374,1.11378,1.11356,1.11373,2968.29
1559267100000,1.11372,1.11381,1.11372,1.11374,2227.54
1559268000000,1.11373,1.11373,1.11337,1.11348,2368.46
1559268900000,1.11348,1.11363,1.11342,1.11344,2842.29
1559269800000,1.11344,1.11365,1.11328,1.11359,3799.13
1559270700000,1.11359,1.11359,1.11327,1.11344,2997.21
1559271600000,1.11343,1.11351,1.11334,1.11341,2590.62
1559272500000,1.11341,1.11347,1.11331,1.11333,2164.14
1559273400000,1.11334,1.11339,1.11322,1.11323,1205.05
1559274300000,1.11326,1.11332,1.11304,1.11306,4578.09
1559275200000,1.11306,1.11308,1.11285,1.11297,2572.97
1559276100000,1.11296,1.11307,1.11294,1.11297,1933.21
1559277000000,1.11297,1.11302,1.11251,1.11263,1876.07
1559277900000,1.11264,1.11284,1.11256,1.11281,3494.64
1559278800000,1.11281,1.11321,1.11276,1.11313,3135.77
1559279700000,1.11314,1.11315,1.11266,1.11277,3108.47
1559280600000,1.11278,1.1131,1.11276,1.11308,3004.78
1559281500000,1.11309,1.11326,1.11291,1.11291,3300.32
1559282400000,1.11292,1.11334,1.11287,1.1132,4172.99
1559283300000,1.11318,1.11329,1.11297,1.11325,4385.11
1559284200000,1.11324,1.1136,1.11309,1.11336,4183.7
1559285100000,1.11336,1.11361,1.11333,1.11345,4973.37
1559286000000,1.11343,1.1141,1.11322,1.11372,7236.58
1559286900000,1.11372,1.11403,1.11369,1.11389,5407.88
1559287800000,1.11388,1.11435,1.11359,1.11415,4315.48
1559288700000,1.11415,1.11483,1.11403,1.11428,5572.67
1559289600000,1.11427,1.11545,1.11427,1.1154,5868.15
1559290500000,1.11539,1.11541,1.1149,1.11514,5425.71
1559291400000,1.11513,1.1152,1.11465,1.11478,4906.14
1559292300000,1.11477,1.11501,1.11439,1.1148,5057.94
1559293200000,1.11479,1.11526,1.11474,1.11521,5308.87
1559294100000,1.1152,1.11563,1.11498,1.11514,6550.99
1559295000000,1.11514,1.11565,1.11492,1.11494,5898.64
1559295900000,1.11494,1.11504,1.1147,1.115,4583.34
1559296800000,1.115,1.11522,1.1148,1.11499,3831.47
1559297700000,1.115,1.11547,1.115,1.11513,4631.13
1559298600000,1.11514,1.11531,1.11488,1.11504,4493.21
1559299500000,1.11503,1.11513,1.11462,1.11462,4617.22
1559300400000,1.11462,1.11468,1.11407,1.11444,5312.51
1559301300000,1.11444,1.11481,1.11417,1.11475,3900.33
1559302200000,1.11475,1.115,1.11425,1.11437,3884.27
1559303100000,1.11438,1.11482,1.11427,1.11437,5314.86
1559304000000,1.11434,1.11539,1.1143,1.11515,5576.2
1559304900000,1.11515,1.11548,1.11497,1.11522,5584.21
1559305800000,1.11525,1.11543,1.11453,1.11526,7400.25
1559306700000,1.11528,1.11648,1.11516,1.11561,7883.32
1559307600000,1.11561,1.11603,1.1155,1.11557,5916.54
1559308500000,1.11558,1.11598,1.11523,1.11569,4334.89
1559309400000,1.11568,1.11608,1.11533,1.11561,6803.02
1559310300000,1.1156,1.11597,1.11529,1.11586,5971.94
1559311200000,1.11586,1.11698,1.11564,1.1167,8915.43
1559312100000,1.11669,1.11747,1.11654,1.11725,8656.32
1559313000000,1.11726,1.11797,1.11699,1.117,10462.74
1559313900000,1.11701,1.11742,1.11416,1.11417,9802.84
1559314800000,1.11418,1.11461,1.11367,1.11443,46046.64
1559315700000,1.11443,1.11485,1.11422,1.11467,6505.51
1559316600000,1.11469,1.11541,1.11446,1.11528,6576.09
1559317500000,1.11528,1.11567,1.11488,1.11488,4762.54
1559318400000,1.11491,1.11567,1.11475,1.11561,3728.05
1559319300000,1.1156,1.11618,1.1156,1.11608,4078.28
1559320200000,1.11609,1.11633,1.11579,1.11594,4061.21
1559321100000,1.11593,1.11637,1.11564,1.11616,3424.47
1559322000000,1.11615,1.11615,1.11571,1.11593,3115.19
1559322900000,1.11593,1.11667,1.11587,1.11636,3876.59
1559323800000,1.11635,1.11683,1.11614,1.11679,3076.78
1559324700000,1.11678,1.1169,1.11631,1.11666,4443.31
1559325600000,1.11665,1.11781,1.11665,1.11739,5175.78
1559326500000,1.11739,1.11739,1.11673,1.11677,4031.09
1559327400000,1.11676,1.11713,1.11665,1.11674,4495.06
1559328300000,1.11672,1.11734,1.11656,1.11729,6323.39
1559329200000,1.11728,1.11728,1.11677,1.11702,5917.29
1559330100000,1.11702,1.11723,1.11695,1.11718,3607.83
1559331000000,1.11718,1.11747,1.11711,1.11722,4776.88
1559331900000,1.11722,1.11745,1.11697,1.11728,4344.59
1559332800000,1.11729,1.1173,1.11679,1.11697,1344.69
1559333700000,1.11697,1.117,1.11668,1.11671,899.78
1559334600000,1.11671,1.11671,1.11657,1.11666,786.15
1559335500000,1.11666,1.11692,1.11656,1.11678,1004.2
