timestamp,open,high,low,close,volume
1559509200000,1.11607,1.11646,1.11607,1.11636,105.2
1559510100000,1.11638,1.11643,1.11612,1.11643,319.84
1559511000000,1.11639,1.11691,1.11639,1.11689,789.7
1559511900000,1.11689,1.11695,1.11673,1.11679,1055.5
1559512800000,1.11681,1.11727,1.11681,1.11718,1480.3
1559513700000,1.11719,1.11732,1.11701,1.11703,2030.67
1559514600000,1.11703,1.11729,1.11692,1.11713,947.62
1559515500000,1.1171,1.11737,1.11703,1.11717,699.51
1559516400000,1.11716,1.11725,1.11706,1.11719,975.95
1559517300000,1.11718,1.11729,1.11713,1.11717,879.07
1559518200000,1.11717,1.11738,1.11705,1.1173,803.84
1559519100000,1.1173,1.11741,1.11724,1.11736,1168.22
1559520000000,1.11736,1.11787,1.11726,1.11782,3202.12
1559520900000,1.11781,1.11795,1.11761,1.11786,2710.04
1559521800000,1.11787,1.1182,1.11777,1.11798,2464.47
1559522700000,1.11799,1.11813,1.11783,1.11792,2747.84
1559523600000,1.11791,1.11795,1.1176,1.11765,2345.03
1559524500000,1.11768,1.11797,1.11756,1.11791,2311.21
1559525400000,1.11791,1.11862,1.1179,1.11822,3452.47
1559526300000,1.11828,1.11856,1.11823,1.11845,3118.23
1559527200000,1.11845,1.11848,1.11825,1.11825,3350.39
1559528100000,1.11826,1.11858,1.11826,1.11853,2773.15
1559529000000,1.11854,1.11858,1.1184,1.11852,2742.23
1559529900000,1.11852,1.11882,1.1185,1.11881,2726.58
1559530800000,1.11881,1.11898,1.11875,1.1189,3200.69
1559531700000,1.1189,1.11898,1.11847,1.1185,2892.32
1559532600000,1.11849,1.11851,1.11836,1.11839,2161.6
1559533500000,1.1184,1.11861,1.11839,1.11846,2251.69
1559534400000,1.11846,1.11861,1.11837,1.11839,1458.39
1559535300000,1.11839,1.11841,1.1182,1.1183,1879.82
1559536200000,1.1183,1.11833,1.11818,1.1183,1299.01
1559537100000,1.11831,1.11831,1.11763,1.11768,2446.2
1559538000000,1.11767,1.11777,1.11762,1.11776,1704.26
1559538900000,1.11776,1.11791,1.11775,1.11785,1858.37
1559539800000,1.11786,1.11786,1.11755,1.11761,1906.13
1559540700000,1.11762,1.11766,1.1174,1.11747,2049.53
1559541600000,1.11745,1.11762,1.11726,1.11726,3398.08
1559542500000,1.11727,1.11746,1.11695,1.11699,4450.49
1559543400000,1.11699,1.11711,1.11669,1.11678,5193.01
1559544300000,1.1168,1.1168,1.11601,1.11637,4445.2
1559545200000,1.11636,1.11697,1.11617,1.11674,6355.77
1559546100000,1.11674,1.11718,1.11647,1.11682,5834.54
1559547000000,1.11682,1.11721,1.11641,1.11684,5175.75
1559547900000,1.11691,1.11743,1.11663,1.11727,5565.73
1559548800000,1.11727,1.11744,1.11661,1.11711,4618.5
1559549700000,1.11709,1.11742,1.11691,1.11719,3775.86
1559550600000,1.11718,1.11765,1.11701,1.11754,5217.26
1559551500000,1.11754,1.11799,1.11741,1.11794,5246.19
1559552400000,1.11795,1.11831,1.1179,1.11802,6190.13
1559553300000,1.11801,1.11801,1.1174,1.11749,5458.57
1559554200000,1.1175,1.1175,1.11695,1.11711,4522.33
1559555100000,1.11711,1.11745,1.11704,1.11732,3596.66
1559556000000,1.11732,1.11778,1.1173,1.11776,2758.38
1559556900000,1.11776,1.11811,1.11761,1.11808,3265.88
1559557800000,1.11807,1.11814,1.11781,1.11809,3053.28
1559558700000,1.11809,1.11847,1.11807,1.11839,2818.29
1559559600000,1.1184,1.11861,1.11832,1.11841,3161.81
1559560500000,1.11842,1.11878,1.11836,1.11857,3206.48
1559561400000,1.11856,1.11894,1.1184,1.11841,3419.27
1559562300000,1.11842,1.11849,1.1178,1.11806,4290.79
1559563200000,1.11809,1.11868,1.11809,1.11849,4209.57
1559564100000,1.11849,1.12001,1.11844,1.11976,6757.36
1559565000000,1.11976,1.11977,1.11941,1.11959,4590
1559565900000,1.11958,1.11977,1.11907,1.11951,5429.06
1559566800000,1.11951,1.11957,1.11849,1.11915,4865.45
1559567700000,1.11914,1.11948,1.11903,1.11947,4987.49
1559568600000,1.11949,1.12027,1.1193,1.12022,6129.22
1559569500000,1.12021,1.12051,1.12007,1.12018,6462.34
1559570400000,1.12018,1.12089,1.11962,1.12068,9482.67
1559571300000,1.1207,1.12077,1.1202,1.12039,7712.95
1559572200000,1.12038,1.12074,1.1201,1.12018,6556.54
1559573100000,1.12017,1.12075,1.11972,1.12015,9228.93
1559574000000,1.12015,1.12073,1.12003,1.12071,7879.87
1559574900000,1.1207,1.1207,1.11991,1.12048,5225.94
1559575800000,1.12047,1.12083,1.12041,1.12071,6144.74
1559576700000,1.12071,1.12071,1.12025,1.12044,5260.07
1559577600000,1.12045,1.12166,1.12035,1.12145,5645.57
1559578500000,1.12145,1.12175,1.12125,1.1217,4953.2
1559579400000,1.12171,1.12178,1.12136,1.1217,4678.22
1559580300000,1.1217,1.12177,1.12141,1.12155,3459.11
1559581200000,1.12155,1.12204,1.12149,1.12191,3953.96
1559582100000,1.12193,1.12259,1.12181,1.12249,5570.4
1559583000000,1.1225,1.12374,1.12238,1.12369,8813.25
1559583900000,1.1237,1.12507,1.12349,1.12433,7748.47
1559584800000,1.12432,1.12468,1.12387,1.12451,6547.33
1559585700000,1.12451,1.12456,1.12412,1.12434,5513.86
1559586600000,1.12433,1.12484,1.12417,1.12483,4914.52
1559587500000,1.12483,1.12594,1.12481,1.12589,5982.01
1559588400000,1.1259,1.12619,1.12537,1.12599,7821.4
1559589300000,1.12599,1.12601,1.12549,1.1257,7144.52
1559590200000,1.12571,1.12587,1.12469,1.12486,5351.2
1559591100000,1.12486,1.125,1.12453,1.12472,2963.1
1559592000000,1.12472,1.12472,1.12414,1.12415,1729.3
1559592900000,1.12416,1.12434,1.12413,1.12429,1564.74
1559593800000,1.12429,1.12433,1.12403,1.1243,1482.89
1559594700000,1.1243,1.12431,1.12406,1.12414,1071.29
1559595600000,1.12414,1.1243,1.12411,1.12429,186.99
1559596500000,1.12428,1.1244,1.12427,1.12435,338.86
1559597400000,1.12433,1.12446,1.12429,1.12437,816.81
1559598300000,1.12439,1.12445,1.12434,1.12442,545.81
1559599200000,1.12443,1.12453,1.1244,1.12445,644.46
1559600100000,1.12445,1.12447,1.12436,1.12444,767.14
1559601000000,1.12445,1.12461,1.12437,1.12454,965.01
1559601900000,1.12455,1.12466,1.12451,1.12454,782.42
1559602800000,1.12454,1.12462,1.12446,1.12451,1887.65
1559603700000,1.12452,1.12467,1.12447,1.12454,1488.15
1559604600000,1.12455,1.12476,1.1244,1.12466,2265.45
1559605500000,1.12467,1.12469,1.12446,1.12457,1185.49
1559606400000,1.12458,1.12525,1.12446,1.12502,2915.47
1559607300000,1.12502,1.12532,1.12502,1.12515,2845.53
1559608200000,1.12515,1.12551,1.12508,1.12521,3221.24
1559609100000,1.12522,1.12522,1.12485,1.125,2234.9
1559610000000,1.12502,1.12505,1.12477,1.12485,1630.38
1559610900000,1.12484,1.12506,1.12473,1.12497,2878.38
1559611800000,1.12498,1.125,1.12455,1.12476,3070.41
1559612700000,1.12477,1.12477,1.12439,1.12476,4023.71
1559613600000,1.12475,1.12479,1.12455,1.12456,3254.29
1559614500000,1.12457,1.12487,1.12455,1.12483,2219.7
1559615400000,1.12483,1.12511,1.12483,1.12508,2045.43
1559616300000,1.12508,1.12539,1.12506,1.12532,2664.2
1559617200000,1.12532,1.12534,1.12516,1.12525,2244.07
1559618100000,1.12526,1.12534,1.12517,1.12533,2662.44
1559619000000,1.12533,1.12535,1.12518,1.12522,2304.76
1559619900000,1.12521,1.12537,1.12519,1.12534,2181.94
1559620800000,1.12534,1.12547,1.12524,1.12531,2208.76
1559621700000,1.12531,1.12535,1.12504,1.1252,3500.76
1559622600000,1.12521,1.12576,1.12514,1.12515,5918.02
1559623500000,1.12514,1.12515,1.12453,1.12469,4435.81
1559624400000,1.12468,1.12495,1.12455,1.12493,2459.37
1559625300000,1.12493,1.12513,1.12482,1.12513,1895.23
1559626200000,1.12512,1.12551,1.12512,1.12526,3226.67
1559627100000,1.12525,1.12552,1.12468,1.12532,4558.92
1559628000000,1.12534,1.12594,1.12475,1.12583,5021.27
1559628900000,1.12583,1.12628,1.12556,1.12556,4433.14
1559629800000,1.12557,1.126,1.12521,1.12594,5548.99
1559630700000,1.12594,1.12707,1.12591,1.12642,6369.05
1559631600000,1.12641,1.12774,1.12641,1.12728,8095.04
1559632500000,1.12729,1.12751,1.12692,1.12702,6316.44
1559633400000,1.12702,1.12705,1.12661,1.12676,6740.42
1559634300000,1.12676,1.12693,1.1261,1.12627,7260.32
1559635200000,1.12628,1.12638,1.12583,1.12624,6545.87
1559636100000,1.12625,1.12634,1.1256,1.12576,4977.29
1559637000000,1.12575,1.12591,1.12457,1.12471,6994.78
1559637900000,1.12471,1.1249,1.12431,1.12479,5486.16
1559638800000,1.12479,1.12521,1.12444,1.12469,5344.52
1559639700000,1.12469,1.12469,1.12413,1.12448,4641.07
1559640600000,1.12448,1.12483,1.124,1.12472,5978.13
1559641500000,1.12471,1.12499,1.1246,1.12481,5726.23
1559642400000,1.1248,1.1251,1.12427,1.12505,6174.1
1559643300000,1.12504,1.12516,1.12464,1.12479,5220
1559644200000,1.12481,1.12509,1.12462,1.125,5149.95
1559645100000,1.12501,1.1259,1.12492,1.12586,6287.55
1559646000000,1.12585,1.12634,1.12569,1.12605,6265.64
1559646900000,1.12604,1.1261,1.12565,1.12578,4521.13
1559647800000,1.12578,1.12613,1.12578,1.12581,4489.73
1559648700000,1.1258,1.12587,1.12524,1.12537,6390.71
1559649600000,1.12537,1.12541,1.12405,1.12435,9474.05
1559650500000,1.12434,1.12434,1.12315,1.12381,9388.31
1559651400000,1.12381,1.12397,1.12325,1.12355,6675.44
1559652300000,1.12354,1.12376,1.12337,1.12348,6507.33
1559653200000,1.12347,1.12362,1.12267,1.12315,8474.75
1559654100000,1.12317,1.12361,1.12311,1.12342,6388.63
1559655000000,1.12342,1.12388,1.12323,1.12382,6876.53
1559655900000,1.12383,1.12666,1.1233,1.12478,9727
1559656800000,1.12471,1.12533,1.12288,1.12513,10511.85
1559657700000,1.12512,1.12513,1.12435,1.12455,8587.49
1559658600000,1.12456,1.12459,1.12351,1.12369,9211.15
1559659500000,1.1237,1.124,1.12308,1.12321,8741.06
1559660400000,1.12323,1.124,1.12313,1.1234,7594.24
1559661300000,1.12341,1.12408,1.12314,1.12395,5846.52
1559662200000,1.12394,1.12425,1.12369,1.12374,5443.75
1559663100000,1.12375,1.12387,1.12345,1.12368,5188.79
1559664000000,1.12368,1.12399,1.12321,1.12389,4451.02
1559664900000,1.1239,1.12451,1.12375,1.12422,3714.46
1559665800000,1.12422,1.12464,1.12418,1.12441,3389.61
1559666700000,1.12442,1.12467,1.12415,1.12445,3288.73
1559667600000,1.12446,1.12499,1.12426,1.12498,3665.32
1559668500000,1.12497,1.1252,1.12463,1.1252,4719.57
1559669400000,1.12522,1.12544,1.12496,1.12539,4650.85
1559670300000,1.12538,1.12604,1.12532,1.1259,4635.31
1559671200000,1.12589,1.12666,1.12586,1.12646,5335.75
1559672100000,1.12646,1.12661,1.12544,1.12589,4932.4
1559673000000,1.12589,1.12641,1.12573,1.12601,4410.07
1559673900000,1.126,1.12615,1.12565,1.12588,3479.34
1559674800000,1.1259,1.12594,1.12551,1.12555,2668.84
1559675700000,1.12554,1.12574,1.12552,1.12562,2519.6
1559676600000,1.12563,1.12616,1.12562,1.12611,2570.48
1559677500000,1.12612,1.12644,1.12566,1.12571,3694.65
1559678400000,1.12571,1.12574,1.12547,1.12548,1176.63
1559679300000,1.12547,1.12548,1.12521,1.12523,962.06
1559680200000,1.12523,1.12553,1.12522,1.12538,812.04
1559681100000,1.12539,1.12542,1.12515,1.12515,630.81
1559682000000,1.12515,1.12541,1.12502,1.12537,153.26
1559682900000,1.12537,1.1254,1.12521,1.1254,340.7
1559683800000,1.12537,1.12542,1.12506,1.12517,980.89
1559684700000,1.12518,1.12536,1.12513,1.12533,378.01
1559685600000,1.12533,1.1254,1.12527,1.12535,1115.63
1559686500000,1.12536,1.12539,1.12513,1.12514,753.82
1559687400000,1.12514,1.12529,1.12513,1.12518,677.9
1559688300000,1.12519,1.12531,1.12504,1.12525,835.34
1559689200000,1.12525,1.12546,1.1252,1.12546,1109.71
1559690100000,1.12545,1.1255,1.12542,1.1255,1279.43
1559691000000,1.12551,1.12564,1.12545,1.12553,1031.6
1559691900000,1.12552,1.12553,1.12532,1.12536,1110.11
1559692800000,1.12535,1.12586,1.1253,1.12536,2900.98
1559693700000,1.12536,1.12573,1.12535,1.12555,1458.75
1559694600000,1.12555,1.12602,1.12555,1.12601,1481.53
1559695500000,1.126,1.12613,1.12575,1.1258,2463.54
1559696400000,1.1258,1.12587,1.12561,1.12587,1753.9
1559697300000,1.12587,1.12631,1.12579,1.12616,3000.3
1559698200000,1.12615,1.12643,1.12605,1.12625,4626.67
1559699100000,1.12624,1.12635,1.12592,1.12634,3097.42
1559700000000,1.12633,1.12646,1.12622,1.12632,2731.3
1559700900000,1.12633,1.12656,1.12629,1.12648,2304.26
1559701800000,1.12648,1.1265,1.12616,1.12637,1786.65
1559702700000,1.12637,1.12642,1.1261,1.12612,1912.83
1559703600000,1.12611,1.12621,1.126,1.1261,2500.52
1559704500000,1.12611,1.12612,1.12588,1.12591,1677.22
1559705400000,1.12592,1.12626,1.12591,1.12618,1493.7
1559706300000,1.12617,1.12625,1.1261,1.12615,1551.49
1559707200000,1.12615,1.12627,1.1261,1.12615,1682.33
1559708100000,1.12614,1.12619,1.12594,1.12595,1701.69
1559709000000,1.12595,1.12611,1.1259,1.1261,1113.03
1559709900000,1.12611,1.12626,1.12602,1.12602,1470.44
1559710800000,1.12603,1.12622,1.12602,1.12618,1555.11
1559711700000,1.1262,1.12646,1.12618,1.12644,1560.75
1559712600000,1.12642,1.12653,1.12631,1.12631,1621.92
1559713500000,1.1263,1.12657,1.12622,1.12635,1920.49
1559714400000,1.12634,1.12699,1.12634,1.12687,3971.41
1559715300000,1.12687,1.12728,1.12681,1.12689,4225.88
1559716200000,1.1269,1.127,1.12624,1.12639,4615.23
1559717100000,1.1264,1.12641,1.12575,1.12604,4013.4
1559718000000,1.12604,1.12647,1.1259,1.12606,4663.48
1559718900000,1.12607,1.12642,1.1257,1.1264,6373.94
1559719800000,1.12639,1.12666,1.12615,1.12619,5474.27
1559720700000,1.12619,1.12686,1.12611,1.1267,6779.93
1559721600000,1.1267,1.12742,1.12661,1.1268,6875.17
1559722500000,1.1268,1.12759,1.12645,1.12746,4920
1559723400000,1.12746,1.12774,1.12714,1.12773,5683.96
1559724300000,1.12775,1.12846,1.12775,1.1279,6126.8
1559725200000,1.12791,1.1285,1.1278,1.12845,4969.24
1559726100000,1.12845,1.12886,1.12829,1.12848,5878.06
1559727000000,1.12848,1.12872,1.12769,1.12778,5067.65
1559727900000,1.12778,1.12837,1.12771,1.12833,4267.84
1559728800000,1.12833,1.1286,1.12816,1.12848,3681.18
1559729700000,1.12848,1.12858,1.1271,1.12761,6224.75
1559730600000,1.12761,1.12768,1.12701,1.12704,6251.99
1559731500000,1.12704,1.12714,1.12567,1.12607,7634.72
1559732400000,1.12607,1.12633,1.12571,1.12607,5034.36
1559733300000,1.12606,1.1265,1.12597,1.12627,4855.57
1559734200000,1.12626,1.12629,1.12525,1.12606,7384.13
1559735100000,1.12605,1.12606,1.12522,1.12556,6173.85
1559736000000,1.12557,1.12583,1.12531,1.12569,5569.06
1559736900000,1.1257,1.13065,1.12563,1.12932,14734.69
1559737800000,1.12932,1.13045,1.12885,1.12934,12217.29
1559738700000,1.12934,1.12982,1.12848,1.12929,8281.46
1559739600000,1.12927,1.12962,1.12891,1.12937,7081.66
1559740500000,1.12938,1.1296,1.12742,1.12758,7510.01
1559741400000,1.12758,1.12801,1.1272,1.12753,8233.34
1559742300000,1.12751,1.12778,1.12699,1.12741,7788.86
1559743200000,1.12737,1.1274,1.12565,1.12615,11406.69
1559744100000,1.12615,1.12706,1.12605,1.12662,9634.17
1559745000000,1.12661,1.12704,1.12597,1.12679,9322.51
1559745900000,1.1268,1.12715,1.12572,1.1262,9307.48
1559746800000,1.1262,1.12632,1.1254,1.12556,9164.64
1559747700000,1.12557,1.12596,1.12469,1.12476,8343.31
1559748600000,1.12477,1.12525,1.12405,1.12455,9963.66
1559749500000,1.12454,1.12479,1.12402,1.12423,7229.61
1559750400000,1.12423,1.12423,1.12333,1.12339,5984.81
1559751300000,1.1234,1.12385,1.1231,1.12378,5451.06
1559752200000,1.12379,1.12403,1.1237,1.12371,2774.8
1559753100000,1.12371,1.12371,1.12321,1.12352,5411.1
1559754000000,1.12352,1.12359,1.12311,1.1234,3221.1
1559754900000,1.12339,1.12361,1.12321,1.12331,3374.61
1559755800000,1.12331,1.12355,1.12324,1.12338,2363.64
1559756700000,1.12338,1.12341,1.12315,1.12332,2219.46
1559757600000,1.12331,1.12339,1.12314,1.12328,1815.76
1559758500000,1.12328,1.12336,1.12313,1.12326,2667.74
1559759400000,1.12326,1.12332,1.122,1.12219,4336.88
1559760300000,1.12219,1.12299,1.12216,1.12259,4700.54
1559761200000,1.1226,1.12307,1.12256,1.12272,3364.54
1559762100000,1.12272,1.12272,1.12206,1.12222,3630.22
1559763000000,1.12223,1.1227,1.12219,1.1225,3226.23
1559763900000,1.12251,1.12265,1.12228,1.12242,2869.09
1559764800000,1.12244,1.12258,1.12223,1.12254,1482.84
1559765700000,1.12254,1.12259,1.12237,1.12248,1375.14
1559766600000,1.12248,1.12248,1.12226,1.12228,702.35
1559767500000,1.12227,1.12227,1.122,1.12208,845.38
1559768400000,1.12204,1.12234,1.12201,1.12228,346.2
1559769300000,1.12228,1.12233,1.12219,1.1223,498.49
1559770200000,1.12227,1.12256,1.12226,1.12241,791.83
1559771100000,1.1224,1.12281,1.12223,1.12266,986.37
1559772000000,1.12266,1.12285,1.12258,1.12275,1428
1559772900000,1.12274,1.12275,1.12253,1.12266,649.13
1559773800000,1.12266,1.12305,1.12264,1.12279,1005.07
1559774700000,1.12278,1.12289,1.1226,1.12282,919.98
1559775600000,1.12282,1.12306,1.12278,1.12306,1572.92
1559776500000,1.12306,1.12312,1.12298,1.1231,652.49
1559777400000,1.12311,1.12311,1.12292,1.12299,981.14
1559778300000,1.12298,1.12306,1.12281,1.12286,1215.23
1559779200000,1.12286,1.12306,1.12265,1.12301,2559.34
1559780100000,1.123,1.1231,1.12285,1.1229,1944.61
1559781000000,1.12291,1.12312,1.12286,1.12311,1956.35
1559781900000,1.12312,1.12322,1.12269,1.12269,2199.28
1559782800000,1.12269,1.12273,1.12239,1.12249,2182.84
1559783700000,1.1225,1.12276,1.12238,1.12275,1831.04
1559784600000,1.12277,1.1228,1.12264,1.12274,2297.6
1559785500000,1.12275,1.1229,1.12241,1.1225,3170.67
1559786400000,1.1225,1.1227,1.12246,1.12256,2362.56
1559787300000,1.12257,1.12259,1.12239,1.12251,1293.91
1559788200000,1.12251,1.12262,1.12244,1.12249,1428.11
1559789100000,1.12248,1.12274,1.12244,1.12269,1841.87
1559790000000,1.1227,1.12307,1.12265,1.12302,2254.46
1559790900000,1.12301,1.12311,1.12292,1.12306,1825.11
1559791800000,1.12305,1.12311,1.12298,1.12303,2118.69
1559792700000,1.12304,1.12309,1.12297,1.12303,1781.02
1559793600000,1.12303,1.12314,1.12297,1.12304,1855.72
1559794500000,1.12306,1.12312,1.12299,1.12306,2011.87
1559795400000,1.12305,1.1232,1.12296,1.12315,1104.36
1559796300000,1.12315,1.12328,1.1231,1.12327,1637.41
1559797200000,1.12326,1.12326,1.123,1.12319,1659.93
1559798100000,1.12318,1.12328,1.12314,1.12317,1646.65
1559799000000,1.12316,1.12335,1.12314,1.12329,1397.69
1559799900000,1.12329,1.12341,1.12324,1.12337,1780.71
1559800800000,1.12337,1.12358,1.123,1.123,4012.94
1559801700000,1.12301,1.12318,1.12278,1.12285,2430.94
1559802600000,1.12285,1.12292,1.12228,1.12285,4878.1
1559803500000,1.12285,1.12302,1.12258,1.12284,4735.77
1559804400000,1.12284,1.12284,1.12229,1.12262,6019.42
1559805300000,1.1226,1.12276,1.12228,1.12265,3749.62
1559806200000,1.12266,1.1233,1.1226,1.12329,4141.31
1559807100000,1.1233,1.12346,1.12317,1.12327,3111.05
1559808000000,1.12326,1.12425,1.12319,1.12406,6138.28
1559808900000,1.12406,1.12416,1.12379,1.12394,3411.82
1559809800000,1.12393,1.12415,1.1237,1.12404,3132.29
1559810700000,1.12403,1.12421,1.12351,1.12395,4265.48
1559811600000,1.12394,1.12395,1.1233,1.1235,6087.83
1559812500000,1.12349,1.12389,1.12343,1.1238,4631.27
1559813400000,1.1238,1.12385,1.12323,1.12369,4295.17
1559814300000,1.12368,1.12377,1.1233,1.12368,5179.69
1559815200000,1.12368,1.12395,1.12337,1.12379,4336.32
1559816100000,1.12378,1.12388,1.12319,1.12323,4052.52
1559817000000,1.12323,1.12368,1.12309,1.12367,4038.59
1559817900000,1.12366,1.12367,1.12317,1.12345,3876.86
1559818800000,1.12345,1.12369,1.12333,1.12348,3521.59
1559819700000,1.12349,1.12367,1.12284,1.12288,6249.75
1559820600000,1.12288,1.1231,1.12245,1.1225,5040.35
1559821500000,1.12248,1.12723,1.12008,1.12642,13186.8
1559822400000,1.12642,1.12722,1.12615,1.12657,8879.89
1559823300000,1.12658,1.12674,1.12594,1.12612,6115.81
1559824200000,1.12614,1.12918,1.12614,1.12869,13265.09
1559825100000,1.12869,1.1309,1.12771,1.1286,13113.37
1559826000000,1.12861,1.1296,1.12654,1.12701,10616.89
1559826900000,1.12701,1.12755,1.1262,1.12704,7429.6
1559827800000,1.12705,1.12839,1.12469,1.12521,9547.46
1559828700000,1.12523,1.12567,1.12442,1.12546,8187.37
1559829600000,1.12545,1.12678,1.12544,1.12677,7093.87
1559830500000,1.12676,1.12772,1.12655,1.12758,7658.16
1559831400000,1.12757,1.12759,1.12689,1.12702,6538.62
1559832300000,1.12702,1.12832,1.12669,1.12809,7847.76
1559833200000,1.12809,1.12908,1.12799,1.1286,8196.53
1559834100000,1.12861,1.12956,1.1285,1.1293,5176.08
1559835000000,1.1293,1.12999,1.12909,1.1299,4762.56
1559835900000,1.12989,1.12999,1.12931,1.12938,5779.57
1559836800000,1.12937,1.12939,1.1283,1.1288,5037.6
1559837700000,1.1288,1.12986,1.12869,1.12985,5262.31
1559838600000,1.12985,1.13001,1.12962,1.12971,2770.85
1559839500000,1.12971,1.12983,1.12926,1.12934,3224.19
1559840400000,1.12934,1.12946,1.12918,1.12925,2309.61
1559841300000,1.12924,1.12936,1.12875,1.12901,3029.61
1559842200000,1.129,1.12939,1.12891,1.12894,2005.71
1559843100000,1.12895,1.12908,1.12866,1.12875,1993.88
1559844000000,1.12874,1.12888,1.12832,1.12844,2750.19
1559844900000,1.12844,1.12861,1.12811,1.12827,2930.58
1559845800000,1.12827,1.12832,1.12673,1.12684,9977.61
1559846700000,1.12684,1.12733,1.12679,1.12731,4203.81
1559847600000,1.12731,1.12752,1.12726,1.1274,3065.22
1559848500000,1.12741,1.12818,1.12735,1.1279,3092.27
1559849400000,1.12791,1.12794,1.12765,1.12778,2649.49
1559850300000,1.12777,1.12778,1.12739,1.12745,2497.64
1559851200000,1.12746,1.12747,1.12698,1.12699,1576.29
1559852100000,1.12699,1.12721,1.12681,1.12721,1381.65
1559853000000,1.12721,1.1275,1.12721,1.12725,1508.56
1559853900000,1.12726,1.12755,1.12725,1.12753,1002.65
1559854800000,1.12752,1.1279,1.12752,1.12764,278.42
1559855700000,1.12764,1.12789,1.12745,1.12751,543.33
1559856600000,1.12751,1.12783,1.12739,1.12753,896.81
1559857500000,1.12754,1.12794,1.12736,1.12765,903.82
1559858400000,1.12764,1.12791,1.1276,1.12788,1201.81
1559859300000,1.12787,1.12791,1.12782,1.12787,534.93
1559860200000,1.12787,1.12793,1.12773,1.12778,491.68
1559861100000,1.12779,1.12789,1.12773,1.12773,555.16
1559862000000,1.12773,1.12791,1.12762,1.12774,1199.03
1559862900000,1.12775,1.1278,1.12758,1.12759,838.13
1559863800000,1.12759,1.12777,1.12754,1.12771,1109.87
1559864700000,1.12772,1.12772,1.12754,1.12755,1450.51
1559865600000,1.12756,1.12765,1.1273,1.12737,3268.59
1559866500000,1.12737,1.12757,1.12735,1.12749,3056.29
1559867400000,1.12748,1.12765,1.12743,1.12756,1754.64
1559868300000,1.12756,1.12758,1.12722,1.12748,2922.01
1559869200000,1.12747,1.12754,1.12726,1.12746,2842.85
1559870100000,1.12745,1.12748,1.12716,1.12716,1973.65
1559871000000,1.12718,1.12735,1.12711,1.12718,2768.91
1559871900000,1.12718,1.12749,1.12708,1.12748,2323.57
1559872800000,1.12748,1.12748,1.12708,1.12723,1793.13
1559873700000,1.12723,1.12724,1.12709,1.12718,1657.49
1559874600000,1.12718,1.12724,1.12706,1.12722,2184.55
1559875500000,1.12723,1.12723,1.12678,1.12687,3151.33
1559876400000,1.12686,1.12701,1.12675,1.12684,2393.12
1559877300000,1.12684,1.12693,1.12672,1.12673,2493.03
1559878200000,1.12674,1.12682,1.12672,1.12678,1784.69
1559879100000,1.12678,1.12679,1.12661,1.12669,1438.61
1559880000000,1.12669,1.12681,1.12667,1.12672,2126.58
1559880900000,1.12673,1.12678,1.12662,1.12672,2108.18
1559881800000,1.12671,1.12686,1.12666,1.12683,1780.29
1559882700000,1.12682,1.12686,1.12665,1.1267,1853.01
1559883600000,1.12671,1.12674,1.12661,1.12661,1165.49
1559884500000,1.1266,1.12667,1.12641,1.12646,1548.09
1559885400000,1.12646,1.12652,1.12636,1.12637,1275.72
1559886300000,1.12637,1.12653,1.12636,1.12641,1528.17
1559887200000,1.12642,1.12652,1.12615,1.12635,3353.52
1559888100000,1.12634,1.12667,1.12633,1.12651,2185.84
1559889000000,1.1265,1.1265,1.12564,1.12613,4342.42
1559889900000,1.12613,1.12662,1.1259,1.12623,4735.6
1559890800000,1.12622,1.12678,1.12597,1.12672,4460.13
1559891700000,1.12673,1.12702,1.12664,1.12665,3828.36
1559892600000,1.12665,1.12692,1.12631,1.12681,3884.77
1559893500000,1.12682,1.12683,1.12625,1.12625,3140.65
1559894400000,1.12626,1.1264,1.12573,1.12624,6173.41
1559895300000,1.12623,1.12638,1.12599,1.12624,4285.14
1559896200000,1.12623,1.12666,1.12608,1.12664,4181.23
1559897100000,1.12665,1.12682,1.12647,1.12651,3826.72
1559898000000,1.12652,1.12687,1.12649,1.12678,3574.19
1559898900000,1.12676,1.12686,1.12664,1.1268,2780.52
1559899800000,1.1268,1.12682,1.12643,1.12664,3640.17
1559900700000,1.12665,1.12677,1.12566,1.12566,4667.32
1559901600000,1.12565,1.12622,1.12512,1.12604,5232.03
1559902500000,1.12605,1.12634,1.12596,1.12623,3974.88
1559903400000,1.12623,1.12647,1.12614,1.12637,3491.63
1559904300000,1.12638,1.12661,1.12627,1.12628,3037.79
1559905200000,1.12627,1.12683,1.12621,1.1268,3286.11
1559906100000,1.1268,1.12692,1.12671,1.12689,3094.45
1559907000000,1.12689,1.12692,1.12638,1.12664,3330.55
1559907900000,1.12664,1.12714,1.12648,1.12706,3980.42
1559908800000,1.12707,1.12737,1.12698,1.12727,6384.04
1559909700000,1.12727,1.12772,1.12694,1.12713,5904.74
1559910600000,1.12698,1.13236,1.12694,1.13207,14632.4
1559911500000,1.13206,1.13266,1.13102,1.1317,14239.24
1559912400000,1.13173,1.13241,1.13106,1.13228,12676
1559913300000,1.13228,1.13262,1.1315,1.13159,9405.25
1559914200000,1.13162,1.13212,1.13075,1.13187,10314.57
1559915100000,1.13187,1.13225,1.13142,1.1319,7446.58
1559916000000,1.13191,1.13284,1.13159,1.13267,8246.47
1559916900000,1.13268,1.13402,1.13251,1.13383,9128.72
1559917800000,1.13382,1.13428,1.13356,1.1339,7231.73
1559918700000,1.13391,1.13477,1.13353,1.13375,8665.84
1559919600000,1.13375,1.13442,1.1336,1.13441,6917.05
1559920500000,1.13439,1.13456,1.13349,1.13383,5595.8
1559921400000,1.13383,1.13398,1.133,1.13315,5857.12
1559922300000,1.13314,1.1333,1.13234,1.13241,6378.16
1559923200000,1.1324,1.13322,1.13236,1.13321,5454.31
1559924100000,1.1332,1.13363,1.13318,1.1335,4029.56
1559925000000,1.1335,1.13403,1.13346,1.13395,3924.59
1559925900000,1.13395,1.13422,1.13368,1.13396,3521.87
1559926800000,1.13399,1.13434,1.13398,1.13414,3697.96
1559927700000,1.13415,1.1342,1.13339,1.13357,5762.94
1559928600000,1.13355,1.13401,1.13341,1.13388,3814.63
1559929500000,1.13388,1.13435,1.1338,1.13431,2849.72
1559930400000,1.13431,1.13441,1.13352,1.13358,4211.73
1559931300000,1.13358,1.13423,1.13358,1.13384,3564.4
1559932200000,1.13384,1.13384,1.1331,1.13344,3694.64
1559933100000,1.13346,1.13398,1.13336,1.13392,3621.24
1559934000000,1.13393,1.13394,1.13308,1.13309,4246.66
1559934900000,1.13308,1.13316,1.13268,1.13293,3264.99
1559935800000,1.13294,1.13331,1.13294,1.1333,1995.46
1559936700000,1.13333,1.13339,1.13325,1.13332,2021.68
1559937600000,1.13331,1.13356,1.13324,1.13342,1306.55
1559938500000,1.13344,1.13369,1.13336,1.13343,931.08
1559939400000,1.13342,1.13352,1.13326,1.13329,1011.97
1559940300000,1.13329,1.13334,1.13299,1.13334,1387.67
1560114000000,1.1322,1.13258,1.13218,1.13252,351.62
1560114900000,1.13249,1.13255,1.13216,1.13216,273.69
1560115800000,1.13219,1.13251,1.13219,1.13244,302.08
1560116700000,1.13245,1.13274,1.13238,1.13273,247.73
1560117600000,1.13273,1.13308,1.13229,1.13257,1101.69
1560118500000,1.13257,1.13257,1.13217,1.1322,728.29
1560119400000,1.13221,1.13244,1.1322,1.13226,897.89
1560120300000,1.13227,1.1323,1.13168,1.13168,1432.07
1560121200000,1.13171,1.13174,1.13143,1.13169,1324.78
1560122100000,1.13167,1.13176,1.1316,1.13175,1053.33
1560123000000,1.13176,1.13183,1.13169,1.13181,1343.79
1560123900000,1.1318,1.13212,1.13178,1.1319,1526.72
1560124800000,1.1319,1.13242,1.13179,1.13224,2633.74
1560125700000,1.13224,1.13232,1.13203,1.13208,1438.17
1560126600000,1.1321,1.13242,1.13198,1.13215,2671.72
1560127500000,1.13214,1.1322,1.1316,1.13163,3197.05
1560128400000,1.13163,1.13168,1.13111,1.13119,3443.13
1560129300000,1.1312,1.1314,1.13109,1.13132,3851.78
1560130200000,1.13133,1.13135,1.13108,1.13123,3846.72
1560131100000,1.13124,1.13158,1.13118,1.13153,2207.23
1560132000000,1.13153,1.13153,1.13128,1.13134,3010.53
1560132900000,1.13134,1.13143,1.13122,1.13124,1946.35
1560133800000,1.13125,1.13145,1.13108,1.13145,2436.1
1560134700000,1.13145,1.13155,1.13118,1.1313,2489.22
1560135600000,1.13131,1.13148,1.1313,1.13145,2047.8
1560136500000,1.13145,1.13147,1.13129,1.13131,1956.41
1560137400000,1.13131,1.13132,1.13113,1.13114,1043.6
1560138300000,1.13112,1.13114,1.13104,1.13109,2204.8
1560139200000,1.13108,1.13115,1.13102,1.13105,2052.45
1560140100000,1.13105,1.13105,1.13066,1.13072,2462.99
1560141000000,1.13072,1.13091,1.1307,1.13088,1985.27
1560141900000,1.13089,1.13121,1.13075,1.13077,3599.93
1560142800000,1.13076,1.13088,1.13067,1.13072,3012.36
1560143700000,1.13072,1.13073,1.13049,1.13054,2304.41
1560144600000,1.13054,1.13054,1.13026,1.13028,2366.4
1560145500000,1.13027,1.13053,1.13024,1.13044,2642.16
1560146400000,1.13044,1.13082,1.13034,1.1308,3857.97
1560147300000,1.1308,1.13107,1.1307,1.13098,3899.17
1560148200000,1.131,1.13125,1.1309,1.13108,3706.44
1560149100000,1.13109,1.13128,1.1309,1.1311,3785.05
1560150000000,1.13113,1.13113,1.13047,1.13053,3960.69
1560150900000,1.13052,1.13058,1.12973,1.12996,3662.56
1560151800000,1.12995,1.12998,1.12938,1.12968,4448.8
1560152700000,1.12968,1.12973,1.12902,1.1293,5721.81
1560153600000,1.12931,1.12969,1.12916,1.12966,4623.98
1560154500000,1.12966,1.13012,1.12966,1.13011,4469.05
1560155400000,1.13011,1.13016,1.12976,1.12986,5795.18
1560156300000,1.12985,1.12999,1.12948,1.12964,4101.93
1560157200000,1.12964,1.13015,1.12955,1.12999,5664.3
1560158100000,1.12998,1.13034,1.12973,1.13027,4356.06
1560159000000,1.13026,1.13052,1.13019,1.13037,4093.38
1560159900000,1.13038,1.13066,1.13017,1.13063,3376
1560160800000,1.13062,1.13074,1.13052,1.13054,4095.56
1560161700000,1.13055,1.13092,1.13053,1.13088,3273.69
1560162600000,1.13089,1.13096,1.13063,1.13072,3422.29
1560163500000,1.13072,1.13079,1.13045,1.13077,3850.84
1560164400000,1.13077,1.13099,1.13053,1.13096,3727.35
1560165300000,1.13097,1.13106,1.13022,1.13037,3997.27
1560166200000,1.13038,1.13045,1.1301,1.13031,4288.41
1560167100000,1.13032,1.13035,1.12973,1.12978,5391.86
1560168000000,1.12978,1.13016,1.12977,1.13003,4843.14
1560168900000,1.13004,1.13048,1.12992,1.13044,4464.1
1560169800000,1.13045,1.13086,1.13017,1.13076,5503.81
1560170700000,1.13077,1.13114,1.13046,1.13084,6292.09
1560171600000,1.13085,1.13168,1.13071,1.13138,6608.36
1560172500000,1.13139,1.13197,1.13133,1.1315,6672.27
1560173400000,1.13151,1.13187,1.13083,1.13089,7502.18
1560174300000,1.13089,1.13109,1.12997,1.13006,5935.34
1560175200000,1.13007,1.13009,1.12907,1.12976,7532.04
1560176100000,1.12976,1.1309,1.1297,1.1309,4638.92
1560177000000,1.13089,1.13121,1.13054,1.13094,6831.38
1560177900000,1.13093,1.13173,1.13052,1.13159,9182.12
1560178800000,1.13162,1.13176,1.13113,1.13156,8400.35
1560179700000,1.13154,1.13197,1.13119,1.1312,5002.83
1560180600000,1.13119,1.13137,1.13099,1.13114,4818.83
1560181500000,1.13115,1.13146,1.1309,1.13099,3974.92
1560182400000,1.131,1.13126,1.13085,1.13125,3821.81
1560183300000,1.13126,1.13175,1.13118,1.13174,3025.94
1560184200000,1.13174,1.13174,1.13137,1.13152,2281.33
1560185100000,1.13151,1.13164,1.13136,1.13162,2912.76
1560186000000,1.13161,1.1318,1.13127,1.13132,2615.2
1560186900000,1.13133,1.13133,1.13094,1.1311,2861.61
1560187800000,1.13112,1.13149,1.13106,1.13149,3640.51
1560188700000,1.13149,1.13162,1.13131,1.13139,3085.24
1560189600000,1.13141,1.13243,1.13138,1.13174,6741.35
1560190500000,1.13172,1.13194,1.13136,1.13159,4076.15
1560191400000,1.1316,1.13164,1.1314,1.13154,3149.07
1560192300000,1.13152,1.13159,1.13127,1.13152,2592.73
1560193200000,1.13154,1.13164,1.13136,1.13147,2496.76
1560194100000,1.13147,1.13175,1.13143,1.13168,2078.69
1560195000000,1.13168,1.13179,1.13158,1.13174,2118.13
1560195900000,1.13174,1.13192,1.1317,1.13178,1937.96
1560196800000,1.13178,1.13185,1.13165,1.13176,827.44
1560197700000,1.13176,1.13181,1.13153,1.13158,562.31
1560198600000,1.13158,1.13158,1.1311,1.13115,625.39
1560199500000,1.13115,1.1312,1.13101,1.13113,784.69
1560200400000,1.13109,1.13142,1.13105,1.13133,265.69
1560201300000,1.13133,1.13138,1.13116,1.13131,442.59
1560202200000,1.1313,1.13138,1.131,1.13122,502.9
1560203100000,1.13122,1.13134,1.1312,1.1313,228.12
1560204000000,1.13128,1.13137,1.13123,1.13128,531.06
1560204900000,1.13132,1.13139,1.13126,1.13139,505.9
1560205800000,1.13138,1.13142,1.13127,1.13136,505.93
1560206700000,1.13136,1.13149,1.13136,1.13147,554
1560207600000,1.13146,1.13157,1.13144,1.13153,988.34
1560208500000,1.13153,1.1316,1.13149,1.13159,885.87
1560209400000,1.13159,1.13167,1.13157,1.13162,690.49
1560210300000,1.13162,1.13182,1.13162,1.13179,938.02
1560211200000,1.13179,1.13184,1.13108,1.13112,2773.81
1560212100000,1.13113,1.13113,1.13088,1.13094,2176.06
1560213000000,1.13093,1.13138,1.13093,1.13129,2113.23
1560213900000,1.13128,1.13165,1.13123,1.13147,3316.29
1560214800000,1.13146,1.13168,1.1312,1.13138,4972.28
1560215700000,1.13138,1.13186,1.1313,1.13157,5186.4
1560216600000,1.13157,1.13162,1.13097,1.13133,4813.61
1560217500000,1.13133,1.13134,1.13083,1.13107,3248.01
1560218400000,1.13107,1.13107,1.13073,1.13085,2866.07
1560219300000,1.13085,1.1312,1.13084,1.13119,2077.83
1560220200000,1.1312,1.13127,1.13108,1.13124,1833.59
1560221100000,1.13125,1.13159,1.13118,1.13156,2558.08
1560222000000,1.13159,1.13162,1.1313,1.13131,2320.91
1560222900000,1.1313,1.13152,1.13128,1.13152,1702.81
1560223800000,1.13155,1.13158,1.13138,1.13149,1760.07
1560224700000,1.13149,1.13152,1.13137,1.13138,1936.86
1560225600000,1.13137,1.13145,1.13122,1.1313,1583.88
1560226500000,1.1313,1.13139,1.13117,1.13138,2039.43
1560227400000,1.13138,1.13165,1.13137,1.13164,2000.08
1560228300000,1.13164,1.13182,1.13163,1.13174,2128.55
1560229200000,1.13174,1.13182,1.13163,1.13164,2240.67
1560230100000,1.13164,1.13168,1.13152,1.13159,2033.05
1560231000000,1.13159,1.13159,1.13142,1.13147,1851.48
1560231900000,1.13146,1.13192,1.13141,1.13189,2655.42
1560232800000,1.1319,1.13225,1.13172,1.13196,4188.15
1560233700000,1.13194,1.13214,1.13153,1.13155,3456.16
1560234600000,1.13155,1.13179,1.13144,1.13178,4931.41
1560235500000,1.13178,1.1319,1.13133,1.13147,4553.85
1560236400000,1.13148,1.13224,1.13144,1.13224,4677.73
1560237300000,1.13223,1.13317,1.1322,1.13292,6085.04
1560238200000,1.13292,1.13307,1.13234,1.13247,5145.36
1560239100000,1.13247,1.13256,1.1318,1.13209,5394.68
1560240000000,1.13209,1.13225,1.13153,1.13214,5554.47
1560240900000,1.13215,1.13248,1.13158,1.13164,4573.77
1560241800000,1.13165,1.13211,1.13126,1.13152,6849.97
1560242700000,1.13152,1.13155,1.13115,1.13128,5736.21
1560243600000,1.13127,1.1318,1.13125,1.13176,4378.31
1560244500000,1.13175,1.13188,1.1313,1.13145,4931.25
1560245400000,1.13145,1.13192,1.13135,1.13181,4250.27
1560246300000,1.1318,1.13202,1.13162,1.13184,4324.95
1560247200000,1.13184,1.13219,1.13153,1.13215,4455.28
1560248100000,1.13215,1.13249,1.1319,1.13235,4125.45
1560249000000,1.13235,1.13236,1.13155,1.13162,5652.58
1560249900000,1.13163,1.13167,1.13132,1.13141,4985.18
1560250800000,1.13142,1.1321,1.13142,1.13195,5522.95
1560251700000,1.13194,1.13208,1.13138,1.13145,3635.43
1560252600000,1.13144,1.13145,1.1311,1.13127,3516.45
1560253500000,1.13127,1.13138,1.13039,1.13101,5707.26
1560254400000,1.131,1.13262,1.13035,1.13197,8430.57
1560255300000,1.13197,1.13199,1.13102,1.13138,5734.68
1560256200000,1.13139,1.13167,1.13013,1.13152,8312.44
1560257100000,1.13153,1.13209,1.13124,1.13185,6961.56
1560258000000,1.13186,1.13204,1.13126,1.13192,6983.23
1560258900000,1.13192,1.13255,1.13168,1.13215,7394.3
1560259800000,1.13215,1.13225,1.13131,1.1317,8090.69
1560260700000,1.1317,1.13186,1.13141,1.1315,5888.28
1560261600000,1.13149,1.13249,1.13142,1.13178,6997.95
1560262500000,1.13178,1.13189,1.1312,1.13121,7314.42
1560263400000,1.1312,1.13174,1.1311,1.13159,8403.01
1560264300000,1.1316,1.13185,1.13108,1.13145,9823.6
1560265200000,1.13143,1.13176,1.13102,1.1314,9179.59
1560266100000,1.13141,1.13181,1.13126,1.13161,5361.85
1560267000000,1.1316,1.13178,1.13124,1.13138,4397.78
1560267900000,1.13139,1.13158,1.13088,1.13152,3998.68
1560268800000,1.13152,1.13211,1.13139,1.1321,4248.64
1560269700000,1.13211,1.13248,1.1319,1.13247,3437.95
1560270600000,1.13246,1.13264,1.13216,1.13233,3679.64
1560271500000,1.13234,1.13315,1.13228,1.13292,5155.68
1560272400000,1.13292,1.13315,1.13257,1.13258,5296.44
1560273300000,1.13258,1.13315,1.13256,1.13305,4104.59
1560274200000,1.13305,1.13362,1.13296,1.13356,3970.83
1560275100000,1.13356,1.13371,1.1332,1.13325,4115.34
1560276000000,1.13325,1.13362,1.13316,1.13317,3899.05
1560276900000,1.13317,1.13357,1.13312,1.13356,2750.67
1560277800000,1.13355,1.13374,1.1334,1.13364,3845.21
1560278700000,1.13365,1.13365,1.1331,1.13321,1998.23
1560279600000,1.13322,1.13328,1.13298,1.13305,3136.81
1560280500000,1.13306,1.13309,1.13282,1.13295,2601.62
1560281400000,1.13294,1.13294,1.13272,1.13277,2339.13
1560282300000,1.13277,1.13283,1.13263,1.13281,1603
1560283200000,1.13282,1.13298,1.1328,1.13289,835.12
1560284100000,1.13288,1.13288,1.13273,1.13279,646.93
1560285000000,1.1328,1.13281,1.13265,1.13266,577.62
1560285900000,1.13265,1.13266,1.13245,1.1326,1095.98
1560286800000,1.13253,1.1328,1.1325,1.13277,452.7
1560287700000,1.13277,1.1328,1.13262,1.13271,273.63
1560288600000,1.13273,1.13276,1.13271,1.13274,101.5
1560289500000,1.13274,1.13287,1.13267,1.13271,241.84
1560290400000,1.13271,1.13284,1.13269,1.13274,371.54
1560291300000,1.13273,1.1329,1.13265,1.13278,692.62
1560292200000,1.13278,1.13285,1.13276,1.13283,452.49
1560293100000,1.13283,1.13284,1.13272,1.13278,565.44
1560294000000,1.13278,1.13284,1.13272,1.13273,1023.17
1560294900000,1.13273,1.13279,1.13268,1.13268,741.52
1560295800000,1.13268,1.13279,1.13261,1.13278,737.82
1560296700000,1.13278,1.13299,1.13274,1.13295,1144.82
1560297600000,1.13295,1.13295,1.13268,1.13294,2130.63
1560298500000,1.13293,1.13296,1.13276,1.13288,1487.61
1560299400000,1.13288,1.13313,1.13273,1.13274,3015.09
1560300300000,1.13275,1.1332,1.13273,1.13294,2770.56
1560301200000,1.13294,1.1334,1.13283,1.13339,3992.25
1560302100000,1.13338,1.1334,1.13301,1.13306,3676.51
1560303000000,1.13306,1.13309,1.1327,1.13296,4389.33
1560303900000,1.13295,1.13298,1.13273,1.13288,3511.62
1560304800000,1.13287,1.13297,1.13277,1.13287,2597.9
1560305700000,1.13286,1.13286,1.13273,1.1328,2439.7
1560306600000,1.13279,1.13295,1.13262,1.13285,3057.08
1560307500000,1.13283,1.13288,1.13272,1.13278,2415.11
1560308400000,1.13279,1.13307,1.13278,1.13299,3188.18
1560309300000,1.13299,1.13307,1.13292,1.13298,1419.14
1560310200000,1.13298,1.13307,1.13292,1.13304,1805.33
1560311100000,1.13305,1.1334,1.13301,1.13334,2764.74
1560312000000,1.13334,1.13335,1.13316,1.13323,2521.32
1560312900000,1.13322,1.13331,1.13315,1.13325,2111.42
1560313800000,1.13325,1.1334,1.1331,1.13312,2106
1560314700000,1.13313,1.13344,1.1331,1.13339,2438.41
1560315600000,1.13338,1.1334,1.13318,1.13326,1945.19
1560316500000,1.13327,1.13333,1.13308,1.13328,3472.61
1560317400000,1.13329,1.13338,1.13315,1.13323,2819.11
1560318300000,1.13322,1.13375,1.13321,1.13374,4699.93
1560319200000,1.13373,1.13399,1.13364,1.13365,5137.34
1560320100000,1.13366,1.13402,1.13365,1.13397,4863.12
1560321000000,1.13397,1.13405,1.13354,1.13357,5615
1560321900000,1.13358,1.13358,1.13323,1.1334,3886.71
1560322800000,1.13341,1.1338,1.13293,1.13317,6715.86
1560323700000,1.13318,1.13362,1.13303,1.13357,5869.65
1560324600000,1.13358,1.13368,1.13336,1.13367,4737.84
1560325500000,1.13367,1.13399,1.13338,1.13397,5195.38
1560326400000,1.13397,1.13434,1.13384,1.13409,5840.72
1560327300000,1.13411,1.13413,1.13322,1.13341,6840.05
1560328200000,1.13341,1.1341,1.13337,1.13384,5183.49
1560329100000,1.13383,1.13419,1.13334,1.1334,5019.67
1560330000000,1.13341,1.13355,1.13304,1.13311,4630.77
1560330900000,1.13311,1.13329,1.13242,1.13264,5113.52
1560331800000,1.13263,1.13282,1.1325,1.13264,4214.79
1560332700000,1.13264,1.13297,1.13261,1.13289,4223.21
1560333600000,1.1329,1.13313,1.13235,1.1325,5570.8
1560334500000,1.13249,1.13282,1.13226,1.1323,5813.21
1560335400000,1.1323,1.13242,1.13156,1.13165,6678.72
1560336300000,1.13165,1.13201,1.13119,1.132,6686.85
1560337200000,1.132,1.13246,1.13177,1.13246,6591.02
1560338100000,1.13245,1.13254,1.13225,1.13235,5997.63
1560339000000,1.13234,1.13238,1.13149,1.13191,5881.09
1560339900000,1.13192,1.13237,1.1317,1.13216,7091.08
1560340800000,1.13216,1.13238,1.13208,1.13225,5782.6
1560341700000,1.13225,1.13249,1.132,1.13245,5591.84
1560342600000,1.1324,1.13405,1.1324,1.13313,10472.18
1560343500000,1.13313,1.13326,1.13141,1.13197,10288.73
1560344400000,1.13197,1.13197,1.13104,1.13175,8664.27
1560345300000,1.13175,1.13181,1.13106,1.13124,6814.52
1560346200000,1.13123,1.13149,1.131,1.13136,7087.99
1560347100000,1.13135,1.13176,1.13072,1.13151,7976.45
1560348000000,1.13151,1.13189,1.13132,1.13185,5982.63
1560348900000,1.13185,1.13239,1.1315,1.13231,6930.24
1560349800000,1.13232,1.13258,1.13213,1.13228,7878.58
1560350700000,1.13227,1.13253,1.13165,1.13205,7844.99
1560351600000,1.13205,1.13249,1.13192,1.1322,5853.07
1560352500000,1.1322,1.13226,1.13178,1.13179,4187.12
1560353400000,1.13179,1.13192,1.13127,1.13127,4861.15
1560354300000,1.13126,1.13134,1.13084,1.13101,5648.39
1560355200000,1.131,1.13141,1.13099,1.13128,3605.31
1560356100000,1.13128,1.13153,1.13099,1.13102,3507.61
1560357000000,1.13101,1.13106,1.12904,1.12917,6576.32
1560357900000,1.12917,1.12977,1.12891,1.12971,5247.3
1560358800000,1.1297,1.12979,1.12921,1.12976,4309.68
1560359700000,1.12977,1.12983,1.12933,1.12938,3872.19
1560360600000,1.12938,1.12954,1.12915,1.12916,2661.32
1560361500000,1.12918,1.12958,1.1291,1.12939,2600.99
1560362400000,1.12939,1.12957,1.12917,1.12947,2635.84
1560363300000,1.12946,1.12961,1.12934,1.12941,2383.44
1560364200000,1.1294,1.12942,1.12824,1.12831,3178.36
1560365100000,1.12831,1.12868,1.12829,1.12857,3376.74
1560366000000,1.12856,1.12878,1.1284,1.12853,2236.27
1560366900000,1.12854,1.12881,1.12852,1.12879,1596.03
1560367800000,1.1288,1.12892,1.12868,1.12877,1492.75
1560368700000,1.12877,1.12892,1.12857,1.12874,1745.61
1560369600000,1.12874,1.12874,1.12853,1.12874,1256.91
1560370500000,1.12872,1.12893,1.1287,1.12891,746.3
1560371400000,1.1289,1.1289,1.12866,1.12869,822.12
1560372300000,1.12868,1.12884,1.12866,1.12871,693.12
1560373200000,1.12871,1.1289,1.1286,1.12889,588.87
1560374100000,1.12889,1.12914,1.12883,1.12893,475.23
1560375000000,1.12893,1.12915,1.12891,1.12909,419.63
1560375900000,1.12908,1.12919,1.12907,1.12913,474.46
1560376800000,1.12918,1.12935,1.12914,1.12921,898.85
1560377700000,1.12921,1.12929,1.12918,1.12926,402.2
1560378600000,1.12928,1.12937,1.12924,1.12924,559.84
1560379500000,1.12927,1.12933,1.12925,1.12925,547.64
1560380400000,1.12926,1.1293,1.12923,1.12925,939.41
1560381300000,1.12925,1.12944,1.12925,1.12935,1159.07
1560382200000,1.12935,1.12936,1.12924,1.12935,952.07
1560383100000,1.12935,1.12937,1.12924,1.12924,914.79
1560384000000,1.12924,1.12955,1.12915,1.12946,2354.52
1560384900000,1.12946,1.12952,1.1293,1.12946,1544.05
1560385800000,1.12947,1.12953,1.12933,1.12933,1028.26
1560386700000,1.12933,1.12937,1.12904,1.12905,1952.8
1560387600000,1.12907,1.12924,1.1288,1.12896,3670.83
1560388500000,1.12897,1.12911,1.12892,1.1291,2775.17
1560389400000,1.1291,1.12946,1.12887,1.12945,4150.24
1560390300000,1.12945,1.12982,1.12931,1.12955,4475.48
1560391200000,1.12954,1.12966,1.12932,1.1295,4378.29
1560392100000,1.1295,1.12966,1.12938,1.12963,3274.43
1560393000000,1.12963,1.12972,1.1295,1.12956,3239.66
1560393900000,1.12958,1.12966,1.12935,1.1294,3056.76
1560394800000,1.12941,1.12946,1.1293,1.12946,2474.11
1560395700000,1.12945,1.12961,1.12934,1.12938,2729.63
1560396600000,1.12938,1.12947,1.12914,1.12924,2330.97
1560397500000,1.12924,1.12935,1.12914,1.12932,3269.34
1560398400000,1.12932,1.12934,1.12911,1.12914,2295.85
1560399300000,1.12914,1.12953,1.12911,1.12951,1392.32
1560400200000,1.12951,1.12963,1.12946,1.1295,1356.15
1560401100000,1.12949,1.12979,1.12945,1.12978,2498.59
1560402000000,1.12977,1.12983,1.12963,1.12971,2008.93
1560402900000,1.12972,1.12983,1.12967,1.12977,1828.67
1560403800000,1.12976,1.12996,1.12976,1.12986,1622.97
1560404700000,1.12987,1.13004,1.12984,1.12988,3259.41
1560405600000,1.12988,1.13014,1.12962,1.13013,3347.1
1560406500000,1.13014,1.13032,1.13002,1.13018,3644.98
1560407400000,1.13019,1.13037,1.1286,1.12982,6211.94
1560408300000,1.12983,1.12989,1.12939,1.12945,4907.68
1560409200000,1.12946,1.12989,1.12933,1.12972,8692.72
1560410100000,1.12972,1.12985,1.12922,1.12976,5940.34
1560411000000,1.12977,1.13018,1.12969,1.12985,6019.36
1560411900000,1.12985,1.12987,1.12942,1.12951,6042.96
1560412800000,1.12951,1.12996,1.12933,1.12996,5857.92
1560413700000,1.12995,1.13003,1.12952,1.12953,5563.66
1560414600000,1.12953,1.12977,1.12942,1.12974,4240.99
1560415500000,1.12975,1.12993,1.12914,1.12915,4620.09
1560416400000,1.12914,1.12944,1.1289,1.12906,5053.14
1560417300000,1.12907,1.12955,1.12901,1.12932,4481.68
1560418200000,1.12933,1.12937,1.12911,1.12922,2972.57
1560419100000,1.12922,1.12923,1.1287,1.12887,4505.87
1560420000000,1.12887,1.12907,1.12871,1.12887,4205.76
1560420900000,1.12888,1.1293,1.12884,1.12904,4273.34
1560421800000,1.12905,1.12917,1.12865,1.12872,3747.99
1560422700000,1.12872,1.12877,1.12839,1.12872,5696.63
1560423600000,1.12872,1.12899,1.12851,1.12899,4499.1
1560424500000,1.12899,1.12906,1.12874,1.12881,3410.64
1560425400000,1.12882,1.12922,1.12863,1.12901,4424.6
1560426300000,1.12901,1.12967,1.12901,1.12966,4815.05
1560427200000,1.12966,1.12968,1.12853,1.1289,7257.76
1560428100000,1.12889,1.12907,1.12863,1.12872,5671.11
1560429000000,1.12871,1.12902,1.12864,1.12867,6126.8
1560429900000,1.12868,1.12875,1.12736,1.12784,7351.49
1560430800000,1.12784,1.12842,1.12757,1.1279,9425.04
1560431700000,1.12788,1.12828,1.12782,1.1279,6387.05
1560432600000,1.12791,1.12792,1.1273,1.12738,7114.46
1560433500000,1.12739,1.12758,1.12716,1.12722,7136.58
1560434400000,1.12721,1.12812,1.1272,1.12751,9058.72
1560435300000,1.1275,1.12762,1.12683,1.12723,7537.18
1560436200000,1.12724,1.12767,1.12717,1.12742,11857.57
1560437100000,1.12743,1.12749,1.12701,1.12716,8299.98
1560438000000,1.12717,1.1273,1.12705,1.12718,5880.69
1560438900000,1.12718,1.12773,1.12716,1.12756,4613.22
1560439800000,1.12755,1.12773,1.1275,1.12753,4215.91
1560440700000,1.12754,1.12759,1.12731,1.12742,3654.45
1560441600000,1.12742,1.1277,1.12733,1.12753,3134.5
1560442500000,1.12754,1.12792,1.12747,1.12789,2953.48
1560443400000,1.12788,1.12792,1.12761,1.12784,2948.87
1560444300000,1.12785,1.12797,1.12734,1.12761,3482.12
1560445200000,1.12762,1.12793,1.1275,1.1276,3584.33
1560446100000,1.1276,1.12787,1.1275,1.12787,2719.26
1560447000000,1.12786,1.12826,1.12763,1.12815,3605.13
1560447900000,1.12815,1.1284,1.12794,1.12794,3336.41
1560448800000,1.12793,1.12817,1.12781,1.12794,2969.27
1560449700000,1.12794,1.12849,1.12793,1.12815,5165.42
1560450600000,1.12816,1.12827,1.12783,1.12796,3581.25
1560451500000,1.12795,1.12804,1.12762,1.12787,3819.99
1560452400000,1.1279,1.12818,1.12773,1.12782,3298.73
1560453300000,1.12783,1.12788,1.1276,1.12765,2546.28
1560454200000,1.12765,1.12778,1.12742,1.12742,1517.4
1560455100000,1.12743,1.12753,1.12731,1.12746,2562.65
1560456000000,1.12746,1.1276,1.1273,1.12751,967.49
1560456900000,1.12749,1.1275,1.12737,1.1274,642.57
1560457800000,1.12739,1.12743,1.12731,1.12741,361.6
1560458700000,1.12742,1.12768,1.12741,1.12761,568.06
1560459600000,1.12761,1.12775,1.12757,1.12766,367.5
1560460500000,1.12767,1.12788,1.12764,1.12774,252.52
1560461400000,1.12774,1.12787,1.12765,1.12767,263.77
1560462300000,1.12767,1.12775,1.12754,1.12772,396.19
1560463200000,1.12772,1.12787,1.12766,1.12787,705.06
1560464100000,1.12787,1.1281,1.12784,1.12806,584.91
1560465000000,1.12805,1.12805,1.12774,1.12779,869.7
1560465900000,1.1278,1.1279,1.12775,1.12779,565.51
1560466800000,1.12779,1.12792,1.12779,1.12785,918.59
1560467700000,1.12784,1.12785,1.12774,1.12779,790.84
1560468600000,1.1278,1.12796,1.12775,1.12791,1018.21
1560469500000,1.12792,1.12806,1.12791,1.12795,930.82
1560470400000,1.12794,1.12822,1.12785,1.12799,2185.36
1560471300000,1.128,1.12818,1.12798,1.12799,1528.76
1560472200000,1.12802,1.12818,1.12789,1.12804,1227.36
1560473100000,1.12805,1.12816,1.12784,1.12788,2139.74
1560474000000,1.12788,1.1279,1.12763,1.12778,3389.06
1560474900000,1.12777,1.12784,1.12771,1.12779,2775.51
1560475800000,1.12779,1.12781,1.12734,1.12745,3659.25
1560476700000,1.12745,1.12761,1.12735,1.12756,2816.19
1560477600000,1.12754,1.12801,1.12745,1.128,2736.75
1560478500000,1.12799,1.12805,1.12784,1.12792,3321.4
1560479400000,1.12792,1.12798,1.12779,1.12784,2562.34
1560480300000,1.12784,1.12791,1.12746,1.12747,3019.23
1560481200000,1.12748,1.1277,1.12701,1.12708,2981.33
1560482100000,1.12708,1.12746,1.12707,1.12739,2382.71
1560483000000,1.12739,1.1274,1.12724,1.12733,2164.98
1560483900000,1.12732,1.12735,1.12719,1.12719,1789.31
1560484800000,1.12719,1.12738,1.12707,1.12735,1513.07
1560485700000,1.12735,1.12742,1.12728,1.12734,1156.51
1560486600000,1.12733,1.12734,1.12718,1.12718,1303.92
1560487500000,1.12719,1.1273,1.12707,1.12727,1475.72
1560488400000,1.12726,1.12739,1.12709,1.12737,1752.83
1560489300000,1.12737,1.12739,1.12713,1.12718,1222.63
1560490200000,1.12716,1.12722,1.12699,1.12716,1216.7
1560491100000,1.12716,1.12723,1.12697,1.12712,1462.07
1560492000000,1.12713,1.12726,1.12704,1.12724,1996.08
1560492900000,1.12724,1.12782,1.12723,1.12755,3831.34
1560493800000,1.12756,1.12802,1.12744,1.12791,4085.77
1560494700000,1.12792,1.12823,1.12766,1.12817,4732.21
1560495600000,1.12817,1.12854,1.12764,1.12829,7270.33
1560496500000,1.1283,1.12832,1.12748,1.12768,6305.49
1560497400000,1.12768,1.12814,1.12745,1.12807,5119.69
1560498300000,1.12807,1.12873,1.12799,1.12839,7067.94
1560499200000,1.1284,1.12886,1.1284,1.12882,5883.01
1560500100000,1.12883,1.12891,1.12809,1.1281,5058.59
1560501000000,1.1281,1.12817,1.1278,1.12804,5146.38
1560501900000,1.12805,1.12815,1.1278,1.12796,4251.65
1560502800000,1.12796,1.12796,1.12601,1.12618,5757.02
1560503700000,1.12618,1.12729,1.12617,1.12686,5691.3
1560504600000,1.12687,1.12742,1.12679,1.12728,5203.22
1560505500000,1.12728,1.12739,1.12686,1.12704,4841.1
1560506400000,1.12703,1.12703,1.12662,1.12689,4172.03
1560507300000,1.12689,1.12722,1.12684,1.12697,4012.62
1560508200000,1.12696,1.12696,1.12661,1.12666,3830.06
1560509100000,1.12666,1.12673,1.12614,1.12643,4701.5
1560510000000,1.12642,1.12643,1.12515,1.12581,7231.01
1560510900000,1.12581,1.12632,1.12574,1.12617,3649.04
1560511800000,1.12617,1.12636,1.12604,1.12636,4882.25
1560512700000,1.12636,1.12655,1.12576,1.12589,5154.85
1560513600000,1.1259,1.12657,1.12586,1.12649,5629.5
1560514500000,1.12649,1.12678,1.1262,1.12665,5545.23
1560515400000,1.12665,1.12666,1.12401,1.12429,12245.87
1560516300000,1.12429,1.12479,1.12311,1.12313,10935.62
1560517200000,1.12313,1.12395,1.12313,1.12384,8656.84
1560518100000,1.12383,1.12392,1.12317,1.12363,8839.59
1560519000000,1.12362,1.12429,1.1236,1.12386,9492.62
1560519900000,1.12387,1.12437,1.12379,1.12414,7665.55
1560520800000,1.12413,1.12458,1.12396,1.12404,8897.52
1560521700000,1.12403,1.12405,1.12284,1.12294,7986.84
1560522600000,1.12293,1.12347,1.12285,1.12321,6392.87
1560523500000,1.12321,1.12328,1.12221,1.12251,7705.53
1560524400000,1.12251,1.12276,1.12216,1.12251,6757.43
1560525300000,1.12251,1.12254,1.12181,1.12217,4931.53
1560526200000,1.12219,1.12226,1.12168,1.12199,4936.52
1560527100000,1.12199,1.12206,1.12133,1.12164,3596.42
1560528000000,1.12165,1.12176,1.1214,1.12156,3203.34
1560528900000,1.12157,1.12161,1.12068,1.12074,3454.81
1560529800000,1.12073,1.12115,1.12061,1.12095,3581.07
1560530700000,1.12094,1.12111,1.1206,1.12085,3799.72
1560531600000,1.12085,1.1209,1.12024,1.12069,4233.35
1560532500000,1.12069,1.12112,1.12046,1.12111,2782.69
1560533400000,1.12111,1.12117,1.12045,1.12072,3452.16
1560534300000,1.12071,1.12119,1.12062,1.12099,2913.38
1560535200000,1.12102,1.12112,1.12099,1.12101,2606.79
1560536100000,1.12102,1.12112,1.12074,1.12074,2044.98
1560537000000,1.12075,1.12119,1.12075,1.12119,2627.09
1560537900000,1.12118,1.12139,1.12067,1.12068,2827.32
1560538800000,1.12068,1.12134,1.12066,1.12125,3166.83
1560539700000,1.12126,1.12129,1.12089,1.12089,1230.87
1560540600000,1.12089,1.12117,1.12086,1.12111,1971.17
1560541500000,1.12111,1.12112,1.12071,1.12071,2414.01
1560542400000,1.1207,1.12077,1.12063,1.1207,1289.33
1560543300000,1.12069,1.12073,1.12052,1.12061,1135.16
1560544200000,1.12061,1.12103,1.12056,1.12103,1389.99
1560545100000,1.12103,1.12127,1.1205,1.1205,2538.82
1560718800000,1.12089,1.12109,1.12088,1.12106,130.43
1560719700000,1.12105,1.12124,1.12102,1.12113,177.04
1560720600000,1.12115,1.12133,1.12115,1.12127,196.77
1560721500000,1.1213,1.12131,1.12101,1.12106,213.27
1560722400000,1.12107,1.12154,1.12107,1.12139,970.71
1560723300000,1.12139,1.12153,1.12138,1.12148,899.87
1560724200000,1.12147,1.12156,1.12143,1.12149,815.09
1560725100000,1.1215,1.12156,1.12143,1.12146,772.9
1560726000000,1.12145,1.12162,1.12142,1.12158,1296.56
1560726900000,1.12158,1.12168,1.12152,1.12158,1367
1560727800000,1.12157,1.12162,1.12143,1.12161,1498.1
1560728700000,1.1216,1.12172,1.1214,1.12155,1448.8
1560729600000,1.12155,1.12186,1.12154,1.12186,2186.95
1560730500000,1.12185,1.12205,1.12182,1.12202,1864.7
1560731400000,1.12202,1.12217,1.1219,1.1219,1965.53
1560732300000,1.1219,1.12195,1.1217,1.12191,2148.96
1560733200000,1.1219,1.12193,1.12172,1.12175,2301.08
1560734100000,1.12174,1.12196,1.12173,1.12194,2465.97
1560735000000,1.12195,1.12202,1.12187,1.12195,2232.24
1560735900000,1.12195,1.12237,1.12193,1.12236,2023.11
1560736800000,1.12236,1.12241,1.12223,1.12223,1873.95
1560737700000,1.12223,1.12225,1.12202,1.12209,1482.67
1560738600000,1.12208,1.12213,1.12202,1.12212,1262.11
1560739500000,1.12213,1.12219,1.12196,1.12197,1426.67
1560740400000,1.12197,1.12205,1.12189,1.1219,1240.08
1560741300000,1.12189,1.12206,1.12188,1.12205,1008.46
1560742200000,1.12206,1.12209,1.12201,1.12205,1257.23
1560743100000,1.12204,1.12206,1.12198,1.12201,1084.43
1560744000000,1.12201,1.12205,1.1219,1.12196,1731.61
1560744900000,1.12195,1.12198,1.12174,1.12174,1849.89
1560745800000,1.12175,1.12175,1.12141,1.12141,2098.95
1560746700000,1.12141,1.12167,1.12135,1.12166,2168.4
1560747600000,1.12167,1.12172,1.12157,1.12171,1249.83
1560748500000,1.12172,1.12172,1.12137,1.1215,2077.21
1560749400000,1.12151,1.12175,1.12149,1.1216,1627.57
1560750300000,1.12159,1.12172,1.12144,1.12165,2859.12
1560751200000,1.12164,1.12165,1.12119,1.12132,3125.02
1560752100000,1.12132,1.12136,1.12074,1.12098,3099.05
1560753000000,1.12097,1.12109,1.12047,1.12102,3979.39
1560753900000,1.12103,1.12123,1.12049,1.12097,3731.44
1560754800000,1.12098,1.12135,1.12038,1.12047,4672.24
1560755700000,1.12047,1.12116,1.12037,1.12098,4642.25
1560756600000,1.12099,1.12117,1.12074,1.12109,4122.65
1560757500000,1.12109,1.12131,1.12088,1.12128,3776.61
1560758400000,1.12129,1.12186,1.12129,1.12163,4510.42
1560759300000,1.12164,1.12177,1.12144,1.12154,3555.3
1560760200000,1.12154,1.12182,1.12142,1.1218,2561.42
1560761100000,1.12181,1.12182,1.12129,1.12138,2872.43
1560762000000,1.12137,1.12164,1.12128,1.12147,3115.7
1560762900000,1.12147,1.12172,1.12137,1.12146,2884.97
1560763800000,1.12146,1.12158,1.12137,1.12152,2619.59
1560764700000,1.12152,1.12158,1.12106,1.12115,2999.94
1560765600000,1.12115,1.12138,1.12107,1.12138,2666.36
1560766500000,1.12138,1.12173,1.12133,1.12155,2444.98
1560767400000,1.12155,1.12161,1.12137,1.12145,3025.61
1560768300000,1.12144,1.12197,1.12139,1.12195,3376.98
1560769200000,1.12196,1.12198,1.12166,1.12169,3298.21
1560770100000,1.12168,1.12186,1.12155,1.12177,2557.2
1560771000000,1.12176,1.12306,1.1217,1.12298,4919.59
1560771900000,1.12299,1.12302,1.12271,1.12294,3915.73
1560772800000,1.12295,1.12335,1.12295,1.12334,3798.06
1560773700000,1.12334,1.12381,1.12332,1.12369,5491.97
1560774600000,1.12369,1.1247,1.12369,1.12402,7544.91
1560775500000,1.12402,1.12405,1.12364,1.12367,5399.55
1560776400000,1.12366,1.12419,1.12351,1.12351,5560.56
1560777300000,1.12353,1.12398,1.1235,1.12389,3910.69
1560778200000,1.12388,1.12415,1.1235,1.12374,5529.49
1560779100000,1.12376,1.12395,1.12348,1.12384,4078.76
1560780000000,1.12384,1.12436,1.12369,1.12372,4748.42
1560780900000,1.12372,1.12401,1.12366,1.12372,3701.04
1560781800000,1.12374,1.12431,1.12374,1.1241,4082.33
1560782700000,1.1241,1.12417,1.12206,1.12236,5746.01
1560783600000,1.12235,1.12323,1.12221,1.12319,5756.72
1560784500000,1.12319,1.12349,1.12306,1.12333,3806.03
1560785400000,1.12334,1.12358,1.12303,1.12334,3502.16
1560786300000,1.12335,1.12343,1.12285,1.12342,3339.6
1560787200000,1.12345,1.12379,1.12335,1.12343,2573.44
1560788100000,1.12341,1.12342,1.12305,1.12318,2305.24
1560789000000,1.12318,1.12344,1.12313,1.12336,1818.43
1560789900000,1.12334,1.12345,1.12265,1.12265,2466.96
1560790800000,1.12263,1.1228,1.12191,1.12237,3187.03
1560791700000,1.12236,1.12253,1.12194,1.12202,2082.33
1560792600000,1.12204,1.12214,1.12189,1.12206,2056.81
1560793500000,1.12206,1.12208,1.12183,1.1219,2016.07
1560794400000,1.12189,1.12215,1.12139,1.12146,2612.61
1560795300000,1.12146,1.1217,1.12139,1.12163,2026.7
1560796200000,1.12164,1.12197,1.12162,1.12175,2402.37
1560797100000,1.12176,1.12185,1.12167,1.1217,2246.77
1560798000000,1.1217,1.12173,1.12151,1.12158,1489.17
1560798900000,1.12159,1.12172,1.1215,1.12172,1058.72
1560799800000,1.12172,1.1219,1.12169,1.12184,994.47
1560800700000,1.12183,1.12197,1.12161,1.12162,1298.56
1560801600000,1.12162,1.12162,1.12152,1.1216,591.41
1560802500000,1.1216,1.12162,1.12154,1.12155,526.39
1560803400000,1.12154,1.12195,1.12154,1.12171,487.41
1560804300000,1.12173,1.12182,1.12171,1.12178,546.82
1560805200000,1.12178,1.12192,1.12175,1.12189,270.64
1560806100000,1.12189,1.12211,1.12185,1.12199,404.6
1560807000000,1.12198,1.12216,1.1219,1.12215,320.29
1560807900000,1.12215,1.12215,1.12209,1.12209,116.4
1560808800000,1.12211,1.12223,1.12209,1.12217,689.27
1560809700000,1.12216,1.1223,1.1221,1.12227,709.35
1560810600000,1.12227,1.12234,1.12209,1.12222,583.65
1560811500000,1.12222,1.12222,1.12212,1.12213,499.47
1560812400000,1.12213,1.12223,1.12208,1.12215,663.09
1560813300000,1.12215,1.12226,1.1221,1.12218,1038.93
1560814200000,1.12219,1.12243,1.12214,1.12218,1212.96
1560815100000,1.12218,1.12249,1.12217,1.12242,1085.05
1560816000000,1.12244,1.12261,1.12239,1.12256,1208.52
1560816900000,1.12255,1.12255,1.12219,1.12234,1585.25
1560817800000,1.12234,1.12245,1.12233,1.1224,846.02
1560818700000,1.1224,1.12251,1.12228,1.1225,1487.23
1560819600000,1.1225,1.12276,1.12248,1.12275,1669.64
1560820500000,1.12275,1.12303,1.12272,1.12291,2233.05
1560821400000,1.12292,1.12296,1.12272,1.12292,3773.14
1560822300000,1.12293,1.12308,1.12287,1.12307,2709.27
1560823200000,1.12307,1.12337,1.12302,1.1233,2139.52
1560824100000,1.12329,1.12335,1.12312,1.12331,2021.59
1560825000000,1.1233,1.12341,1.12323,1.1233,2341.39
1560825900000,1.12329,1.1233,1.12315,1.12319,975.85
1560826800000,1.12318,1.12322,1.12308,1.12313,1464.76
1560827700000,1.12313,1.12329,1.12313,1.12324,992.74
1560828600000,1.12323,1.12328,1.12317,1.12318,1010.46
1560829500000,1.12319,1.12324,1.12301,1.12302,1351.09
1560830400000,1.12302,1.12309,1.12296,1.123,1599.4
1560831300000,1.12301,1.12314,1.12298,1.12309,1249.82
1560832200000,1.12309,1.12324,1.12302,1.1232,883.29
1560833100000,1.12321,1.12336,1.12315,1.12331,1827.96
1560834000000,1.12331,1.12394,1.12321,1.12372,2760.59
1560834900000,1.12372,1.12373,1.12352,1.12357,1990.15
1560835800000,1.12357,1.12361,1.12349,1.12352,1657.85
1560836700000,1.12353,1.12377,1.12352,1.12365,3597.47
1560837600000,1.12364,1.1237,1.12342,1.12342,2574.28
1560838500000,1.12342,1.12355,1.12333,1.12355,1862.54
1560839400000,1.12355,1.12355,1.12304,1.12317,2842.5
1560840300000,1.12317,1.12381,1.12312,1.12361,3769.08
1560841200000,1.1236,1.12401,1.12357,1.12384,4275.89
1560842100000,1.12385,1.12428,1.1238,1.12421,4233.04
1560843000000,1.12421,1.12427,1.12377,1.12378,4121.29
1560843900000,1.12378,1.12398,1.1237,1.12375,3497.59
1560844800000,1.12374,1.12377,1.11961,1.11963,12796.92
1560845700000,1.11965,1.1202,1.1188,1.11925,10115.04
1560846600000,1.11926,1.11965,1.11897,1.11946,7799.24
1560847500000,1.11945,1.11977,1.11897,1.11898,6719.96
1560848400000,1.11898,1.11899,1.11817,1.1185,49634.79
1560849300000,1.11851,1.1189,1.11835,1.11869,4351.09
1560850200000,1.11869,1.11885,1.11813,1.11845,4327.9
1560851100000,1.11845,1.11881,1.11842,1.1185,4424.9
1560852000000,1.1185,1.1188,1.1183,1.1187,4113.26
1560852900000,1.11868,1.11942,1.1186,1.11925,4652.1
1560853800000,1.11924,1.11945,1.11899,1.11925,4220.5
1560854700000,1.11926,1.121,1.11918,1.12023,5785.19
1560855600000,1.12025,1.12042,1.11936,1.11946,5927.77
1560856500000,1.11946,1.12001,1.11921,1.1193,4871.58
1560857400000,1.1193,1.11934,1.11863,1.1189,5961.36
1560858300000,1.11889,1.11961,1.11886,1.11959,4902.17
1560859200000,1.11958,1.11958,1.11865,1.11867,5741.66
1560860100000,1.11867,1.11928,1.11852,1.11913,5880.23
1560861000000,1.11913,1.12078,1.11864,1.11992,10172.57
1560861900000,1.11992,1.12037,1.1195,1.11986,6503.03
1560862800000,1.11985,1.12032,1.1196,1.1197,6323.05
1560863700000,1.1197,1.12014,1.11961,1.12001,5233.92
1560864600000,1.12003,1.12058,1.11996,1.12006,10086.08
1560865500000,1.12007,1.12057,1.11955,1.11986,10106.48
1560866400000,1.11986,1.11986,1.11849,1.11895,12091.27
1560867300000,1.11894,1.11897,1.11831,1.11882,7656.62
1560868200000,1.11883,1.11897,1.11838,1.11864,6288.5
1560869100000,1.11863,1.11938,1.1182,1.11861,9150.28
1560870000000,1.11861,1.11948,1.11828,1.11882,9077.58
1560870900000,1.11882,1.12127,1.11861,1.12016,8201.37
1560871800000,1.12016,1.12017,1.11876,1.11886,7748.55
1560872700000,1.11886,1.11958,1.1188,1.11958,4745.9
1560873600000,1.11958,1.11999,1.11942,1.11991,4825.26
1560874500000,1.11991,1.12007,1.11946,1.11962,3141.82
1560875400000,1.11965,1.11981,1.11942,1.11957,3691.45
1560876300000,1.11957,1.12012,1.11951,1.12012,3812.67
1560877200000,1.12011,1.12041,1.11992,1.1201,4481.86
1560878100000,1.12009,1.12009,1.11951,1.11955,3750.11
1560879000000,1.11955,1.11955,1.11904,1.11931,3568.83
1560879900000,1.11931,1.11948,1.11914,1.11947,2816.92
1560880800000,1.1195,1.11958,1.11933,1.11952,2692.12
1560881700000,1.11953,1.11966,1.11941,1.11962,1563.53
1560882600000,1.11962,1.11967,1.11946,1.11962,1010.52
1560883500000,1.11962,1.11963,1.11932,1.11941,2386.85
1560884400000,1.11942,1.11958,1.11929,1.11953,1477.18
1560885300000,1.11956,1.11978,1.11952,1.11978,1372.94
1560886200000,1.11978,1.11982,1.11958,1.11976,1282.1
1560887100000,1.11976,1.11986,1.11942,1.11944,2670.22
1560888000000,1.11943,1.1199,1.1194,1.11981,1221.42
1560888900000,1.11982,1.11991,1.11942,1.11945,755.29
1560889800000,1.11945,1.11953,1.11941,1.11951,557.49
1560890700000,1.11951,1.11957,1.11932,1.11936,681.03
1560891600000,1.11926,1.11951,1.11921,1.11948,465.55
1560892500000,1.11949,1.11972,1.11947,1.11952,361.43
1560893400000,1.11951,1.11958,1.11941,1.11949,318.18
1560894300000,1.11951,1.11952,1.11943,1.11945,173.43
1560895200000,1.11946,1.11959,1.11942,1.11947,219.76
1560896100000,1.11948,1.11962,1.11947,1.11949,134.86
1560897000000,1.11948,1.1196,1.11946,1.11952,244.03
1560897900000,1.11952,1.11956,1.11945,1.11951,490.2
1560898800000,1.11955,1.11957,1.11951,1.11952,461.02
1560899700000,1.11952,1.11963,1.11951,1.11962,683.96
1560900600000,1.11962,1.11968,1.11958,1.11965,790.66
1560901500000,1.11963,1.1198,1.11963,1.11978,815.18
1560902400000,1.11978,1.12023,1.11963,1.11988,2368.87
1560903300000,1.11989,1.12013,1.11979,1.11995,2381.54
1560904200000,1.11995,1.12007,1.11989,1.11998,1868.95
1560905100000,1.11998,1.12009,1.11984,1.12003,2187.25
1560906000000,1.12002,1.12003,1.11978,1.12,2776.83
1560906900000,1.11999,1.12009,1.11987,1.11987,2122.98
1560907800000,1.11988,1.11989,1.11932,1.11942,3826.11
1560908700000,1.11943,1.11967,1.11931,1.11953,2825.68
1560909600000,1.11953,1.11965,1.11951,1.11964,1858.42
1560910500000,1.11963,1.11967,1.11951,1.11963,1594.81
1560911400000,1.11964,1.11966,1.11947,1.11962,2664.7
1560912300000,1.11963,1.11963,1.11915,1.11931,2070.88
1560913200000,1.1193,1.11936,1.11907,1.11917,1915.26
1560914100000,1.11916,1.11928,1.11916,1.11919,2370.59
1560915000000,1.11918,1.11932,1.11917,1.11931,1429.36
1560915900000,1.11931,1.11938,1.11926,1.11933,997.41
1560916800000,1.11933,1.11942,1.11923,1.11931,1779.55
1560917700000,1.11932,1.11932,1.11906,1.11917,2249.19
1560918600000,1.11918,1.1192,1.11907,1.1191,1488.69
1560919500000,1.11911,1.11912,1.11871,1.11882,1718.89
1560920400000,1.11882,1.11903,1.11875,1.11899,2756.59
1560921300000,1.11899,1.11918,1.11896,1.11913,2011.11
1560922200000,1.11913,1.11922,1.11903,1.11913,1724.83
1560923100000,1.11914,1.11939,1.11911,1.11922,2862.1
1560924000000,1.11924,1.11948,1.11913,1.11938,3786.61
1560924900000,1.11938,1.11943,1.11923,1.11928,2859.88
1560925800000,1.11929,1.11964,1.11927,1.11944,3005.82
1560926700000,1.11944,1.11958,1.11927,1.11958,2733.39
1560927600000,1.11959,1.11986,1.11945,1.1198,4554.54
1560928500000,1.1198,1.11981,1.11923,1.11927,4600.39
1560929400000,1.11927,1.11949,1.11892,1.11946,4046.57
1560930300000,1.11945,1.12008,1.11943,1.12002,3810.4
1560931200000,1.12002,1.12037,1.11979,1.12024,4106.75
1560932100000,1.12023,1.12059,1.1201,1.12036,4228.25
1560933000000,1.12037,1.12061,1.12,1.12002,3835.48
1560933900000,1.12002,1.12008,1.11973,1.11999,3704.2
1560934800000,1.12,1.12006,1.11983,1.11991,3756.89
1560935700000,1.1199,1.12019,1.11972,1.12017,3872.7
1560936600000,1.12016,1.12027,1.11991,1.12009,2689.51
1560937500000,1.1201,1.12063,1.11995,1.12027,3444.23
1560938400000,1.12027,1.12052,1.12018,1.1205,2993.28
1560939300000,1.1205,1.12072,1.12014,1.12032,3851.18
1560940200000,1.12032,1.12034,1.12008,1.12012,3264.94
1560941100000,1.12013,1.12071,1.12008,1.12068,3021.84
1560942000000,1.12068,1.12072,1.12044,1.12052,3205.91
1560942900000,1.12051,1.12072,1.12048,1.12066,2824.19
1560943800000,1.12065,1.12079,1.12052,1.12073,2721.49
1560944700000,1.12073,1.12075,1.12025,1.12032,2660.97
1560945600000,1.12032,1.12073,1.1203,1.12066,2912.74
1560946500000,1.12066,1.12066,1.12017,1.12028,3458.6
1560947400000,1.12028,1.12053,1.12009,1.1201,4687.97
1560948300000,1.12012,1.12068,1.12011,1.12051,3756.29
1560949200000,1.1205,1.12082,1.12048,1.12067,4442.3
1560950100000,1.12068,1.12075,1.12036,1.1204,3040.3
1560951000000,1.12041,1.12062,1.12028,1.1203,4201.82
1560951900000,1.12029,1.1207,1.12023,1.12042,3585.42
1560952800000,1.12041,1.12141,1.12009,1.12119,6224.38
1560953700000,1.1212,1.1215,1.12108,1.12129,4533.22
1560954600000,1.12129,1.12141,1.12087,1.12096,5213.58
1560955500000,1.12096,1.12167,1.12072,1.12162,7448.96
1560956400000,1.12161,1.122,1.12146,1.12193,6043.76
1560957300000,1.12194,1.12197,1.12163,1.12168,3968.75
1560958200000,1.1217,1.12199,1.12157,1.12198,3050.65
1560959100000,1.12198,1.12199,1.12134,1.12134,4382.78
1560960000000,1.12133,1.12146,1.12055,1.12063,5080.32
1560960900000,1.12063,1.121,1.12049,1.12085,3015.48
1560961800000,1.12085,1.12121,1.1208,1.12093,2644.91
1560962700000,1.12092,1.12157,1.12091,1.12151,2457.57
1560963600000,1.12151,1.12165,1.12129,1.12146,3321.82
1560964500000,1.12145,1.12193,1.12141,1.12191,3292.53
1560965400000,1.12192,1.12199,1.12163,1.12174,2541.64
1560966300000,1.12174,1.12223,1.12151,1.12178,3516.59
1560967200000,1.12178,1.12542,1.12165,1.12418,12644.64
1560968100000,1.12419,1.12445,1.1227,1.12413,10817.16
1560969000000,1.12413,1.12527,1.12243,1.12354,14303.85
1560969900000,1.1235,1.12505,1.12332,1.1246,12347.89
1560970800000,1.1246,1.12474,1.12317,1.12397,9033.22
1560971700000,1.12396,1.12396,1.12201,1.1229,6843.61
1560972600000,1.1229,1.12343,1.12271,1.12318,5100.2
1560973500000,1.12316,1.12323,1.12254,1.12288,4546.04
1560974400000,1.12287,1.12317,1.12269,1.12314,1899.84
1560975300000,1.12313,1.12314,1.1226,1.12267,1988.44
1560976200000,1.12267,1.12271,1.1226,1.1226,1034.92
1560977100000,1.12259,1.12275,1.12255,1.12259,820.26
1560978000000,1.12255,1.12301,1.12255,1.12273,445.15
1560978900000,1.12273,1.12297,1.12272,1.12278,619.81
1560979800000,1.12278,1.12296,1.12277,1.12288,502.07
1560980700000,1.12288,1.12291,1.12288,1.1229,173.94
1560981600000,1.1229,1.12317,1.1229,1.12312,465.26
1560982500000,1.12312,1.12317,1.12303,1.12311,598.64
1560983400000,1.12313,1.12336,1.12313,1.12335,648.41
1560984300000,1.12335,1.1236,1.12334,1.12357,1114.52
1560985200000,1.12358,1.12375,1.12348,1.12374,1271.42
1560986100000,1.12375,1.1238,1.1236,1.1237,1325.12
1560987000000,1.1237,1.12381,1.1236,1.12365,1181.3
1560987900000,1.12365,1.12365,1.12343,1.12357,1602.68
1560988800000,1.12357,1.12485,1.12351,1.12456,4389.75
1560989700000,1.12455,1.12511,1.12424,1.12497,4426.67
1560990600000,1.12496,1.12551,1.1248,1.12516,4645.78
1560991500000,1.12516,1.12581,1.12507,1.12574,4961.65
1560992400000,1.12575,1.12654,1.12556,1.1262,6932.71
1560993300000,1.12623,1.1266,1.12584,1.12642,6790.78
1560994200000,1.12643,1.12655,1.12602,1.1261,4353.2
1560995100000,1.12609,1.12642,1.12595,1.12631,3454.39
1560996000000,1.12632,1.12638,1.12585,1.126,2934.44
1560996900000,1.12599,1.1261,1.12574,1.12597,3370.08
1560997800000,1.12598,1.12605,1.1257,1.12601,2723.49
1560998700000,1.12601,1.1269,1.126,1.12672,6073.79
1560999600000,1.12672,1.12697,1.12647,1.12688,4835.73
1561000500000,1.12689,1.12729,1.12678,1.12696,4418.22
1561001400000,1.12697,1.12716,1.12677,1.12701,3165.74
1561002300000,1.12701,1.12724,1.12695,1.12712,2869.01
1561003200000,1.12712,1.12725,1.12689,1.12693,3078.22
1561004100000,1.12693,1.12693,1.1267,1.12674,1326
1561005000000,1.12674,1.12686,1.12662,1.12677,1472.83
1561005900000,1.12675,1.12685,1.12615,1.12617,2742.28
1561006800000,1.12617,1.12652,1.126,1.12645,3081.8
1561007700000,1.12645,1.12668,1.12643,1.12662,2592.26
1561008600000,1.12663,1.12666,1.12641,1.12653,3437.58
1561009500000,1.12653,1.12692,1.12648,1.12657,3915.14
1561010400000,1.12657,1.1284,1.12651,1.12827,8118.87
1561011300000,1.12827,1.12841,1.12789,1.12819,5801.89
1561012200000,1.12818,1.12819,1.12738,1.12755,5701.24
1561013100000,1.12756,1.12786,1.12723,1.12754,6634.96
1561014000000,1.12755,1.12793,1.12692,1.12792,8144.93
1561014900000,1.12794,1.12898,1.1278,1.12855,7763.52
1561015800000,1.12855,1.12916,1.12828,1.12908,7656.61
1561016700000,1.12908,1.12982,1.12892,1.12978,7405.31
1561017600000,1.12978,1.13013,1.12918,1.12934,6977.12
1561018500000,1.12933,1.12963,1.12915,1.12933,5725.3
1561019400000,1.12933,1.12938,1.12862,1.12868,5716.67
1561020300000,1.12869,1.12918,1.12816,1.12895,5631.94
1561021200000,1.12897,1.12929,1.1286,1.12928,5221.49
1561022100000,1.12929,1.12973,1.12913,1.1296,4611.18
1561023000000,1.1296,1.13032,1.12956,1.12994,6120.37
1561023900000,1.12993,1.13052,1.12987,1.13047,5508.53
1561024800000,1.13047,1.13062,1.13022,1.13044,5176.23
1561025700000,1.13047,1.13054,1.13014,1.13046,4580.21
1561026600000,1.13046,1.13047,1.12971,1.12993,4734.45
1561027500000,1.12993,1.13045,1.12974,1.1303,4597.84
1561028400000,1.13029,1.13082,1.12991,1.13042,5643.05
1561029300000,1.13041,1.13148,1.13039,1.13127,5420.71
1561030200000,1.13128,1.13154,1.13071,1.13097,5162.57
1561031100000,1.13097,1.13107,1.13041,1.13104,6183.93
1561032000000,1.13103,1.13129,1.1306,1.13072,7465.27
1561032900000,1.13071,1.13091,1.13039,1.13082,7616.07
1561033800000,1.13081,1.13173,1.1294,1.12942,9279.42
1561034700000,1.12944,1.13025,1.12944,1.13025,6717.26
1561035600000,1.13025,1.13051,1.12966,1.13037,8146.63
1561036500000,1.13041,1.13048,1.12959,1.12962,6768.27
1561037400000,1.12962,1.12998,1.12934,1.12991,7523.32
1561038300000,1.12991,1.12997,1.12938,1.12958,6008.34
1561039200000,1.12958,1.13066,1.12923,1.1306,7906.89
1561040100000,1.1306,1.13075,1.12944,1.12958,8337.24
1561041000000,1.12958,1.12978,1.129,1.12938,7601.21
1561041900000,1.12937,1.12974,1.12856,1.12884,8494.26
1561042800000,1.12886,1.12938,1.12799,1.12826,7914.62
1561043700000,1.12826,1.12842,1.12706,1.12744,5328.63
1561044600000,1.12745,1.12797,1.12705,1.12745,4969.46
1561045500000,1.12744,1.12835,1.12744,1.1283,4294.45
1561046400000,1.12831,1.1296,1.12813,1.1294,6202.92
1561047300000,1.1294,1.12977,1.12866,1.12877,7046.04
1561048200000,1.12876,1.12891,1.12837,1.12872,4622.08
1561049100000,1.12872,1.12926,1.12845,1.12923,4289.65
1561050000000,1.12922,1.1295,1.12894,1.12924,3856.31
1561050900000,1.12925,1.12964,1.12916,1.12933,4543.62
1561051800000,1.12932,1.12936,1.12869,1.12905,4362.02
1561052700000,1.12906,1.1297,1.12901,1.1295,2637.94
1561053600000,1.1295,1.12975,1.12909,1.12916,2742.34
1561054500000,1.12915,1.12915,1.12868,1.1288,3017.33
1561055400000,1.1288,1.12954,1.12877,1.12937,3039.34
1561056300000,1.12937,1.12939,1.12866,1.1293,4034.25
1561057200000,1.12932,1.1298,1.12907,1.12914,2509.41
1561058100000,1.12914,1.1292,1.12895,1.12914,2018.62
1561059000000,1.12914,1.12941,1.12894,1.12936,2258.34
1561059900000,1.12939,1.12943,1.12914,1.12915,2458.04
1561060800000,1.12915,1.1293,1.12884,1.12926,1408.75
1561061700000,1.12924,1.1293,1.1289,1.12893,915.07
1561062600000,1.12893,1.12893,1.12856,1.12883,1190.79
1561063500000,1.12883,1.12919,1.12876,1.12916,738.79
1561064400000,1.12913,1.12945,1.12887,1.12911,553.91
1561065300000,1.12913,1.12935,1.1289,1.12906,936.6
1561066200000,1.12905,1.12952,1.12884,1.12922,2150.9
1561067100000,1.12919,1.12945,1.12905,1.12929,407.51
1561068000000,1.1293,1.1295,1.12925,1.12927,728.14
1561068900000,1.12928,1.12947,1.12918,1.12934,922.56
1561069800000,1.12935,1.12935,1.12921,1.12921,782.41
1561070700000,1.12921,1.12933,1.12916,1.12922,1005.74
1561071600000,1.12925,1.12929,1.12888,1.12894,1659.9
1561072500000,1.12894,1.12913,1.12889,1.12911,1143.55
1561073400000,1.12911,1.12953,1.12911,1.12952,1815.07
1561074300000,1.12951,1.12954,1.12937,1.12943,1582.75
1561075200000,1.12943,1.12981,1.12922,1.12964,2814.14
1561076100000,1.12964,1.12987,1.12941,1.12946,2203.63
1561077000000,1.12946,1.12976,1.12931,1.12961,2235.4
1561077900000,1.1296,1.12961,1.12932,1.12945,1693.68
1561078800000,1.12945,1.1295,1.12924,1.12936,2200.38
1561079700000,1.12937,1.12957,1.12937,1.12947,1819.32
1561080600000,1.12947,1.1299,1.12947,1.12974,2879.25
1561081500000,1.12977,1.13066,1.12977,1.13064,4208.6
1561082400000,1.13065,1.1309,1.13025,1.13026,4301.64
1561083300000,1.13025,1.13026,1.12987,1.1302,3436.72
1561084200000,1.13021,1.13047,1.12999,1.13039,4338.33
1561085100000,1.13038,1.13047,1.12983,1.12983,3675.69
1561086000000,1.12982,1.13037,1.12982,1.13029,2382.71
1561086900000,1.13032,1.13039,1.13002,1.13004,2381.59
1561087800000,1.13003,1.13026,1.12999,1.13024,2314.79
1561088700000,1.13025,1.13025,1.1301,1.13018,1458.32
1561089600000,1.13019,1.13027,1.13015,1.13023,1530.37
1561090500000,1.13023,1.13035,1.13021,1.13029,1050.76
1561091400000,1.1303,1.13032,1.12993,1.13006,2096.87
1561092300000,1.13007,1.1301,1.12932,1.12947,3066.86
1561093200000,1.12948,1.12983,1.12948,1.12971,2690.01
1561094100000,1.12971,1.12993,1.12971,1.12982,2035.72
1561095000000,1.12981,1.12981,1.12952,1.12958,1969.84
1561095900000,1.12958,1.12959,1.12916,1.12929,2668.09
1561096800000,1.12931,1.12931,1.12855,1.12871,5517.08
1561097700000,1.12871,1.12885,1.12844,1.12852,3648.13
1561098600000,1.12851,1.12872,1.1283,1.1283,4371.72
1561099500000,1.12831,1.12876,1.12831,1.12867,4168.15
1561100400000,1.12865,1.12951,1.12848,1.1294,6493.25
1561101300000,1.12944,1.13138,1.12944,1.13032,9280.56
1561102200000,1.13031,1.1316,1.13031,1.13101,8723.58
1561103100000,1.13102,1.13138,1.1306,1.13116,8392.55
1561104000000,1.13116,1.13116,1.12999,1.1303,7484.71
1561104900000,1.1303,1.13049,1.13012,1.13045,5384.92
1561105800000,1.13045,1.13087,1.13039,1.13062,4258.4
1561106700000,1.13062,1.13096,1.1303,1.13031,5407.01
1561107600000,1.13029,1.13043,1.13009,1.13015,3803.47
1561108500000,1.13015,1.1306,1.13012,1.13035,3646.85
1561109400000,1.13036,1.13037,1.12969,1.12984,4002.01
1561110300000,1.12983,1.13028,1.12978,1.12995,4284.36
1561111200000,1.12995,1.13024,1.12969,1.13022,4125.49
1561112100000,1.13022,1.131,1.13009,1.13098,4559.05
1561113000000,1.13097,1.13174,1.13082,1.13125,7738.18
1561113900000,1.13125,1.13137,1.13075,1.13079,6401.28
1561114800000,1.13079,1.13096,1.13019,1.13077,7093.34
1561115700000,1.13076,1.13101,1.13048,1.131,5369.54
1561116600000,1.131,1.13166,1.1309,1.13145,5908.23
1561117500000,1.13145,1.13169,1.13106,1.13165,5733.13
1561118400000,1.13168,1.13199,1.13146,1.13166,6234.36
1561119300000,1.13166,1.13187,1.13148,1.13167,5552.48
1561120200000,1.13169,1.13222,1.13142,1.13173,7534.11
1561121100000,1.13174,1.13268,1.13162,1.13249,6228.02
1561122000000,1.13248,1.13278,1.13196,1.13198,6718.84
1561122900000,1.13197,1.13247,1.13175,1.13217,6332.53
1561123800000,1.13215,1.13254,1.13207,1.13236,7170.67
1561124700000,1.13236,1.13341,1.13232,1.13261,8280.37
1561125600000,1.13262,1.13308,1.13167,1.13167,10115.68
1561126500000,1.13167,1.13218,1.13086,1.13216,10215.25
1561127400000,1.13218,1.13261,1.13205,1.13213,8521.34
1561128300000,1.13216,1.13302,1.13179,1.13209,10064.26
1561129200000,1.1321,1.13227,1.13164,1.13216,8345.92
1561130100000,1.13216,1.13257,1.13183,1.13223,5620.75
1561131000000,1.13222,1.13282,1.13189,1.13252,5889.43
1561131900000,1.13251,1.13299,1.13249,1.13285,5668.76
1561132800000,1.13285,1.13413,1.13277,1.13407,7985.13
1561133700000,1.13407,1.13436,1.13253,1.13283,7217.14
1561134600000,1.13283,1.13295,1.13184,1.13245,5638.4
1561135500000,1.13245,1.13437,1.13244,1.13407,7275.24
1561136400000,1.13407,1.13483,1.13396,1.1348,6945.19
1561137300000,1.1348,1.13682,1.13479,1.13613,8732.2
1561138200000,1.13615,1.13656,1.1359,1.13646,4887.59
1561139100000,1.13645,1.1366,1.13614,1.13615,4904.27
1561140000000,1.13615,1.13615,1.13564,1.13607,5023.63
1561140900000,1.13605,1.13616,1.13584,1.13611,3610.01
1561141800000,1.13611,1.13703,1.13607,1.13691,3581.19
1561142700000,1.1369,1.13691,1.1364,1.13687,4103.24
1561143600000,1.13688,1.13697,1.13645,1.13677,3989.76
1561144500000,1.13677,1.13777,1.13656,1.13756,4547.1
1561145400000,1.13755,1.13774,1.1373,1.13742,4002.79
1561146300000,1.13744,1.13751,1.13711,1.13731,3366.34
1561147200000,1.13732,1.13736,1.13674,1.1369,1320.86
1561148100000,1.13689,1.13691,1.13668,1.1368,1014.58
1561149000000,1.13675,1.13725,1.1367,1.13718,1308.26
1561149900000,1.13718,1.1373,1.13677,1.13679,2015.06
1561323600000,1.13695,1.13731,1.13662,1.13666,138.4
1561324500000,1.13665,1.1371,1.13663,1.13708,158.83
1561325400000,1.13708,1.13733,1.13683,1.13733,337.01
1561326300000,1.13732,1.13733,1.13719,1.13732,115.06
1561327200000,1.13732,1.13777,1.13731,1.13762,915.25
1561328100000,1.13761,1.13766,1.1375,1.1375,978.24
1561329000000,1.1375,1.1375,1.1371,1.13741,1531.13
1561329900000,1.13745,1.13776,1.13739,1.13746,1188.93
1561330800000,1.13747,1.13764,1.13711,1.13727,941.09
1561331700000,1.13727,1.13776,1.13718,1.13759,1672.87
1561332600000,1.13759,1.13803,1.13753,1.13791,1693.59
1561333500000,1.13791,1.13852,1.13789,1.1385,2814.51
1561334400000,1.1385,1.13861,1.13809,1.13847,4560.21
1561335300000,1.13847,1.13862,1.13808,1.13809,4237.82
1561336200000,1.1381,1.13828,1.13794,1.13826,2429.37
1561337100000,1.13828,1.13838,1.13808,1.13816,2410.04
1561338000000,1.13818,1.13821,1.13796,1.13811,4202
1561338900000,1.13811,1.13833,1.13797,1.13829,2923.97
1561339800000,1.13829,1.13836,1.13784,1.13787,2977.07
1561340700000,1.13786,1.13803,1.13765,1.13775,2239.13
1561341600000,1.13776,1.13788,1.13762,1.13765,1927.88
1561342500000,1.13765,1.13784,1.13756,1.13783,1713.04
1561343400000,1.13783,1.13784,1.13767,1.13782,2286.56
1561344300000,1.13782,1.13856,1.13782,1.13849,3057.83
1561345200000,1.13848,1.13856,1.13833,1.13837,2158.59
1561346100000,1.13837,1.1384,1.13823,1.13823,1744.13
1561347000000,1.13823,1.13826,1.13804,1.13825,1990.78
1561347900000,1.13826,1.13826,1.13806,1.1381,1595.15
1561348800000,1.13809,1.13811,1.13786,1.13795,980.8
1561349700000,1.13795,1.13802,1.13788,1.13796,1577.77
1561350600000,1.13797,1.13804,1.13784,1.13786,1760.3
1561351500000,1.13786,1.1379,1.13748,1.1375,1774.25
1561352400000,1.13749,1.13777,1.13748,1.13773,1645.24
1561353300000,1.13771,1.13779,1.13763,1.13772,1646.54
1561354200000,1.13771,1.13792,1.13758,1.13759,1772.47
1561355100000,1.13759,1.13812,1.13751,1.13773,2343.3
1561356000000,1.13775,1.13879,1.13761,1.13874,5261.78
1561356900000,1.13872,1.13894,1.13852,1.13873,4113.87
1561357800000,1.13873,1.13878,1.13842,1.13855,3794.93
1561358700000,1.13855,1.13859,1.13774,1.13781,4930.46
1561359600000,1.13781,1.13847,1.13769,1.13777,5814.69
1561360500000,1.13776,1.13816,1.13762,1.13789,4193.03
1561361400000,1.13789,1.13799,1.13725,1.13734,4204.43
1561362300000,1.13734,1.13775,1.13725,1.13762,4266.93
1561363200000,1.13762,1.13847,1.13731,1.13794,5808.8
1561364100000,1.13794,1.1394,1.13793,1.13938,5568.39
1561365000000,1.13939,1.13947,1.13909,1.13915,5296.53
1561365900000,1.13918,1.1392,1.13848,1.13858,5296.68
1561366800000,1.13858,1.13888,1.1384,1.13884,4283.37
1561367700000,1.13884,1.1395,1.13871,1.13934,3626.01
1561368600000,1.13934,1.13937,1.13889,1.13922,3318.63
1561369500000,1.13921,1.1395,1.13901,1.13939,3410.74
1561370400000,1.1394,1.13944,1.13896,1.13901,3004.15
1561371300000,1.13901,1.13922,1.13881,1.13917,2704.88
1561372200000,1.13917,1.13945,1.13891,1.13903,3573.22
1561373100000,1.13902,1.1394,1.13902,1.13913,3242.09
1561374000000,1.13912,1.13961,1.13912,1.13923,4062.13
1561374900000,1.13922,1.13969,1.1392,1.13964,3052.74
1561375800000,1.13964,1.13983,1.13949,1.1398,3616.53
1561376700000,1.13979,1.13985,1.13922,1.1394,3816.78
1561377600000,1.13941,1.13961,1.13924,1.13942,4020.75
1561378500000,1.13942,1.13973,1.13917,1.13927,4852.06
1561379400000,1.13927,1.13971,1.13892,1.13892,5468.2
1561380300000,1.13895,1.13909,1.13855,1.13876,5277.01
1561381200000,1.13876,1.13889,1.13834,1.13836,5707.58
1561382100000,1.13836,1.13873,1.13803,1.13835,4639.71
1561383000000,1.13835,1.13853,1.13802,1.13804,5279.02
1561383900000,1.13804,1.13918,1.13804,1.13848,6604.01
1561384800000,1.13848,1.13879,1.13792,1.13824,6173.8
1561385700000,1.13824,1.13895,1.13824,1.13879,5552.06
1561386600000,1.13878,1.13952,1.13865,1.13939,6975.67
1561387500000,1.13939,1.1396,1.13886,1.13893,6888.66
1561388400000,1.13894,1.13929,1.13853,1.13918,5765.17
1561389300000,1.13919,1.14007,1.13919,1.14002,5841.37
1561390200000,1.14002,1.14002,1.1393,1.13939,4686.99
1561391100000,1.13938,1.13969,1.13883,1.13919,4555.06
1561392000000,1.1392,1.13925,1.13857,1.13903,3673.25
1561392900000,1.13904,1.1393,1.1389,1.13891,2438.7
1561393800000,1.13892,1.13925,1.13891,1.13906,3826.79
1561394700000,1.13908,1.13916,1.1389,1.1389,3200.5
1561395600000,1.13891,1.13913,1.13869,1.13874,2541.62
1561396500000,1.13876,1.13879,1.13844,1.13871,2303.34
1561397400000,1.1387,1.13905,1.13869,1.13889,1666.53
1561398300000,1.13889,1.13911,1.13878,1.13911,1601.76
1561399200000,1.13909,1.13927,1.13907,1.13927,1585.72
1561400100000,1.13927,1.13932,1.13911,1.13932,1314.32
1561401000000,1.13932,1.13964,1.13932,1.13962,2022.44
1561401900000,1.13964,1.14039,1.13962,1.1401,4485.97
1561402800000,1.14011,1.14011,1.13959,1.13968,3118.27
1561403700000,1.13967,1.13972,1.13947,1.13965,2285.93
1561404600000,1.13964,1.13973,1.13942,1.13947,1540.96
1561405500000,1.13947,1.13975,1.13941,1.13954,1959.57
1561406400000,1.13954,1.13979,1.13951,1.13968,1052.32
1561407300000,1.13968,1.13985,1.13965,1.13973,629.19
1561408200000,1.13972,1.13989,1.13953,1.13973,739.96
1561409100000,1.13972,1.13988,1.13966,1.13978,711.36
1561410000000,1.13979,1.13998,1.13969,1.13971,251.31
1561410900000,1.13977,1.13987,1.13975,1.13976,384.76
1561411800000,1.13976,1.13988,1.13957,1.13975,889.38
1561412700000,1.13976,1.13976,1.13961,1.13969,325.57
1561413600000,1.13966,1.13986,1.13954,1.13955,586.42
1561414500000,1.13955,1.13979,1.13952,1.13972,750.27
1561415400000,1.13971,1.13972,1.13961,1.13966,588.98
1561416300000,1.13967,1.13986,1.13966,1.13971,695.39
1561417200000,1.13971,1.14002,1.13962,1.13986,808.81
1561418100000,1.13986,1.1399,1.13973,1.13974,873.47
1561419000000,1.13972,1.13988,1.13963,1.13985,1085.71
1561419900000,1.13985,1.14002,1.13981,1.13991,1174.88
1561420800000,1.13993,1.14037,1.13966,1.14033,3104.57
1561421700000,1.14033,1.14062,1.14027,1.14048,3144.09
1561422600000,1.14048,1.14053,1.14039,1.14045,1867.39
1561423500000,1.14041,1.14041,1.13974,1.14016,4920.04
1561424400000,1.14015,1.14058,1.14014,1.14039,4989.23
1561425300000,1.14039,1.14089,1.14024,1.14083,4412.53
1561426200000,1.14083,1.14102,1.14076,1.14084,3899.95
1561427100000,1.14084,1.14089,1.14053,1.14069,3211.63
1561428000000,1.14068,1.1407,1.14031,1.14039,3301.61
1561428900000,1.14038,1.14067,1.14025,1.14052,3131.32
1561429800000,1.14053,1.14059,1.14019,1.14023,2712.72
1561430700000,1.14022,1.14032,1.14015,1.14023,3044.94
1561431600000,1.14023,1.1404,1.14015,1.14039,3079.98
1561432500000,1.14039,1.1404,1.14018,1.14022,3036.39
1561433400000,1.14021,1.14044,1.14009,1.14044,2888.85
1561434300000,1.14044,1.1408,1.14038,1.14065,4482.67
1561435200000,1.14065,1.14099,1.14056,1.14096,4312.35
1561436100000,1.14097,1.14101,1.1407,1.14081,3721.43
1561437000000,1.14081,1.14119,1.14062,1.14102,4000.41
1561437900000,1.14103,1.14119,1.1409,1.14094,3377.98
1561438800000,1.14094,1.141,1.14064,1.14069,3664.6
1561439700000,1.14069,1.14078,1.14056,1.14059,2842.08
1561440600000,1.14059,1.14063,1.13985,1.13991,5755.03
1561441500000,1.13989,1.13992,1.13923,1.13937,5475.52
1561442400000,1.13937,1.14016,1.13931,1.13985,6156.23
1561443300000,1.13985,1.14037,1.13985,1.1401,4510.09
1561444200000,1.14011,1.14046,1.13983,1.14011,4398.45
1561445100000,1.1401,1.14017,1.13954,1.14016,5761
1561446000000,1.14016,1.14029,1.13946,1.13956,6330.27
1561446900000,1.13958,1.13958,1.13897,1.13921,6051.92
1561447800000,1.1392,1.13978,1.13873,1.13875,5833.84
1561448700000,1.13873,1.13941,1.13856,1.13883,5432.38
1561449600000,1.13883,1.13897,1.13852,1.13884,5773.12
1561450500000,1.13884,1.1389,1.13837,1.13869,4675.13
1561451400000,1.13869,1.13873,1.13824,1.13846,5271.21
1561452300000,1.13847,1.13858,1.13811,1.13851,4704.67
1561453200000,1.13851,1.13868,1.13837,1.13867,3722.5
1561454100000,1.13866,1.13868,1.1383,1.13854,3662.14
1561455000000,1.13854,1.13855,1.13818,1.13827,3632.18
1561455900000,1.13828,1.1383,1.13773,1.13785,5117.71
1561456800000,1.13787,1.13849,1.13785,1.13833,4157.66
1561457700000,1.13832,1.13854,1.1382,1.13831,2659.21
1561458600000,1.13832,1.13865,1.1383,1.1386,2701.7
1561459500000,1.13859,1.13868,1.13841,1.13846,4046.92
1561460400000,1.13847,1.13847,1.13779,1.1378,5199.76
1561461300000,1.1378,1.13843,1.13764,1.13842,3381.79
1561462200000,1.13842,1.13846,1.13791,1.13808,2788.87
1561463100000,1.13809,1.1383,1.13788,1.13823,2664.89
1561464000000,1.13822,1.13882,1.13821,1.13879,5088.82
1561464900000,1.1388,1.13916,1.13866,1.13915,4122.78
1561465800000,1.13915,1.13919,1.1386,1.13873,4922.83
1561466700000,1.13874,1.13944,1.13867,1.13942,5161.71
1561467600000,1.13942,1.13983,1.13923,1.13946,5821.26
1561468500000,1.13946,1.13957,1.13927,1.13927,4426.38
1561469400000,1.13927,1.13931,1.13889,1.13899,4673
1561470300000,1.13899,1.13928,1.13874,1.13909,5422.18
1561471200000,1.13909,1.13987,1.13871,1.13904,8661.46
1561472100000,1.13903,1.13961,1.13897,1.13937,6776.62
1561473000000,1.1394,1.1394,1.13821,1.13886,7165.78
1561473900000,1.13887,1.13938,1.13786,1.13824,8529.48
1561474800000,1.13823,1.13884,1.13821,1.13869,5796.77
1561475700000,1.1387,1.13875,1.13798,1.13836,4915.4
1561476600000,1.13836,1.13852,1.13802,1.13819,5020.62
1561477500000,1.1382,1.13861,1.1382,1.13851,3640.58
1561478400000,1.13852,1.1388,1.13842,1.13861,2728.7
1561479300000,1.13861,1.13869,1.13835,1.13862,2349.04
1561480200000,1.13862,1.13881,1.13622,1.13641,9475.76
1561481100000,1.13641,1.13671,1.13604,1.13628,7821.48
1561482000000,1.13629,1.13684,1.13505,1.13583,10278.81
1561482900000,1.13584,1.13597,1.13442,1.13563,10088.06
1561483800000,1.13563,1.13901,1.13528,1.13706,11727.6
1561484700000,1.13706,1.13801,1.1368,1.13708,7885.22
1561485600000,1.13706,1.13763,1.13693,1.13739,5783.9
1561486500000,1.13738,1.13752,1.13639,1.13682,4555.59
1561487400000,1.1368,1.1374,1.1367,1.13736,3821.31
1561488300000,1.13734,1.13778,1.13725,1.13725,3320.35
1561489200000,1.13727,1.13759,1.13712,1.13722,3461.99
1561490100000,1.13724,1.13742,1.13717,1.1373,2726.26
1561491000000,1.1373,1.1373,1.13681,1.13689,2464.6
1561491900000,1.1369,1.137,1.13621,1.13675,2289.37
1561492800000,1.13675,1.13721,1.13666,1.13715,1344.55
1561493700000,1.13714,1.13723,1.13707,1.13714,901.01
1561494600000,1.13713,1.13721,1.13685,1.13689,734.14
1561495500000,1.13689,1.137,1.13651,1.13651,1208.61
1561496400000,1.13651,1.13686,1.13635,1.13672,451.32
1561497300000,1.13672,1.13693,1.13661,1.13664,375.61
1561498200000,1.13663,1.13684,1.1366,1.13684,700.65
1561499100000,1.13684,1.13687,1.13674,1.13685,227.45
1561500000000,1.13687,1.13706,1.13665,1.13682,367.65
1561500900000,1.1368,1.13683,1.13599,1.13617,494.14
1561501800000,1.13617,1.13645,1.13607,1.13637,777.28
1561502700000,1.13639,1.13658,1.13622,1.13658,896.87
1561503600000,1.13658,1.13702,1.13657,1.13668,1616.58
1561504500000,1.13668,1.13682,1.13659,1.1366,1910.09
1561505400000,1.1366,1.13683,1.1366,1.1368,1035.08
1561506300000,1.13681,1.13683,1.13668,1.13681,1522.23
1561507200000,1.1368,1.13722,1.1367,1.13703,2817.13
1561508100000,1.13702,1.13708,1.13653,1.13681,3156.37
1561509000000,1.13681,1.13689,1.13615,1.13615,2836.54
1561509900000,1.13615,1.13631,1.13603,1.1362,2497.74
1561510800000,1.1362,1.13622,1.13545,1.13591,5225.4
1561511700000,1.13591,1.13601,1.13575,1.13582,2905.68
1561512600000,1.13582,1.13588,1.13535,1.13553,3362.77
1561513500000,1.13553,1.1358,1.13553,1.13574,2472.15
1561514400000,1.13575,1.13602,1.13535,1.1354,4547.52
1561515300000,1.13539,1.13586,1.1353,1.13568,2811.69
1561516200000,1.13568,1.13586,1.13564,1.13566,2626.46
1561517100000,1.13565,1.13576,1.13537,1.13547,3230.27
1561518000000,1.13547,1.13564,1.13536,1.13557,2956.26
1561518900000,1.13556,1.13562,1.13541,1.13557,1613.45
1561519800000,1.13556,1.13572,1.13551,1.13572,1510.72
1561520700000,1.13572,1.13572,1.13546,1.13555,2830.12
1561521600000,1.13556,1.13573,1.13555,1.13559,2383.21
1561522500000,1.13559,1.13565,1.13547,1.13549,2101.47
1561523400000,1.1355,1.13559,1.13543,1.13548,1897.4
1561524300000,1.13548,1.13559,1.13526,1.13557,2348.5
1561525200000,1.13558,1.13584,1.13544,1.13548,2152.94
1561526100000,1.13549,1.1358,1.13549,1.13564,1691.32
1561527000000,1.13563,1.13585,1.1355,1.13575,2536.74
1561527900000,1.13576,1.1363,1.13575,1.13629,3122.71
1561528800000,1.13629,1.13648,1.13595,1.13598,3839.71
1561529700000,1.13598,1.13637,1.13584,1.13592,3883.77
1561530600000,1.13592,1.1363,1.13586,1.13619,3695.61
1561531500000,1.13619,1.13628,1.13565,1.13587,4932.92
1561532400000,1.13588,1.13665,1.13577,1.13661,6742.39
1561533300000,1.13661,1.13728,1.13639,1.13723,5751.79
1561534200000,1.13722,1.13742,1.13638,1.13645,6109.92
1561535100000,1.13647,1.13679,1.13621,1.13642,4487.78
1561536000000,1.13642,1.1369,1.13615,1.13642,5521.28
1561536900000,1.13642,1.13659,1.13589,1.13613,4437.5
1561537800000,1.13613,1.13613,1.13546,1.13578,5218.57
1561538700000,1.13577,1.13633,1.13574,1.13585,4052.69
1561539600000,1.13584,1.13655,1.13558,1.13646,7463.46
1561540500000,1.13645,1.13662,1.13583,1.13596,7057.34
1561541400000,1.13596,1.13597,1.13513,1.13562,6181.5
1561542300000,1.13561,1.13641,1.13554,1.13595,4446.84
1561543200000,1.13595,1.1367,1.13577,1.13608,5019.82
1561544100000,1.13609,1.1363,1.13572,1.13588,4439.8
1561545000000,1.13587,1.13683,1.13567,1.13659,5217.85
1561545900000,1.13659,1.13678,1.13634,1.13666,4723.38
1561546800000,1.13667,1.13677,1.13639,1.13653,4481.49
1561547700000,1.13653,1.13677,1.13621,1.13623,4303
1561548600000,1.13624,1.13672,1.13617,1.1365,4580.29
1561549500000,1.1365,1.13673,1.1358,1.13598,5217.76
1561550400000,1.13598,1.13629,1.13572,1.13614,5497.54
1561551300000,1.13614,1.1368,1.13597,1.13654,5811.79
1561552200000,1.13657,1.13683,1.13592,1.13631,7619.77
1561553100000,1.13631,1.13646,1.13551,1.13592,6426.55
1561554000000,1.13592,1.1361,1.13531,1.13588,5697.53
1561554900000,1.13587,1.13632,1.13567,1.13617,4739.32
1561555800000,1.13616,1.13622,1.13474,1.13548,6618.67
1561556700000,1.13547,1.13584,1.13493,1.13505,6955.08
1561557600000,1.13503,1.13617,1.13503,1.136,5942.59
1561558500000,1.136,1.13673,1.13569,1.13667,5797.26
1561559400000,1.13667,1.13708,1.13629,1.13636,5833.81
1561560300000,1.13636,1.13823,1.13627,1.13772,7418.18
1561561200000,1.13771,1.13802,1.13725,1.13767,6263.97
1561562100000,1.13767,1.13808,1.13745,1.13806,4636.17
1561563000000,1.13805,1.13854,1.13776,1.13851,5018.49
1561563900000,1.13851,1.13913,1.13835,1.1391,5162.53
1561564800000,1.13909,1.13909,1.13814,1.13823,4320.43
1561565700000,1.13823,1.13895,1.13818,1.13887,3683.84
1561566600000,1.13887,1.13887,1.13825,1.13843,3113.81
1561567500000,1.13843,1.13869,1.13823,1.13828,2601.48
1561568400000,1.13828,1.13833,1.13791,1.13804,3933.19
1561569300000,1.13804,1.13811,1.13778,1.13779,3198.93
1561570200000,1.13778,1.13801,1.13768,1.1378,2892.78
1561571100000,1.1378,1.13786,1.13744,1.13747,3057.81
1561572000000,1.13748,1.13761,1.13732,1.13749,3094.56
1561572900000,1.13749,1.1375,1.13714,1.13714,2258.43
1561573800000,1.13714,1.13733,1.13696,1.13711,2803.17
1561574700000,1.13713,1.13728,1.13681,1.13692,3179.29
1561575600000,1.13692,1.13721,1.13673,1.1372,3247.88
1561576500000,1.1372,1.13736,1.13711,1.1373,2131.79
1561577400000,1.1373,1.13734,1.13699,1.13719,2298.24
1561578300000,1.1372,1.13722,1.13644,1.13654,2036.62
1561579200000,1.13654,1.13677,1.13644,1.13664,1204.09
1561580100000,1.13663,1.13671,1.13651,1.13655,796.47
1561581000000,1.13656,1.13671,1.13652,1.13671,594.5
1561581900000,1.13669,1.137,1.13662,1.13678,950.54
1561582800000,1.13676,1.13712,1.1367,1.13706,474.88
1561583700000,1.13706,1.13743,1.13695,1.13733,1164.73
1561584600000,1.13733,1.13763,1.13703,1.13749,499.25
1561585500000,1.13749,1.1375,1.13717,1.13739,314.01
1561586400000,1.13739,1.13749,1.13724,1.1373,530.86
1561587300000,1.1373,1.13731,1.13723,1.13731,624.77
1561588200000,1.13731,1.13738,1.13724,1.13733,532.87
1561589100000,1.13733,1.13733,1.13728,1.13731,416.94
1561590000000,1.13731,1.13736,1.13726,1.13732,715.04
1561590900000,1.13733,1.13734,1.13722,1.13724,447.48
1561591800000,1.13724,1.13741,1.13724,1.1374,579.89
1561592700000,1.1374,1.13748,1.13733,1.13735,940.92
1561593600000,1.13734,1.13744,1.13702,1.13708,1962.85
1561594500000,1.13709,1.13728,1.13703,1.13709,1947.83
1561595400000,1.13707,1.13709,1.13689,1.13707,1951.46
1561596300000,1.13708,1.13727,1.13702,1.13726,2302.31
1561597200000,1.13726,1.1374,1.13717,1.13722,3553.32
1561598100000,1.13721,1.13722,1.13687,1.13701,2768.31
1561599000000,1.13701,1.13709,1.13679,1.13692,2830.39
1561599900000,1.13692,1.13707,1.13685,1.13706,3135.03
1561600800000,1.13705,1.13705,1.13608,1.1362,4043.07
1561601700000,1.13622,1.13642,1.13618,1.13618,2853.59
1561602600000,1.13619,1.13638,1.13596,1.13637,3413.71
1561603500000,1.13637,1.1364,1.13618,1.13618,2019.95
1561604400000,1.13618,1.13634,1.13613,1.13613,1642.3
1561605300000,1.13613,1.13619,1.13603,1.13603,1680.63
1561606200000,1.13604,1.13615,1.13603,1.13604,1122.51
1561607100000,1.13604,1.13604,1.13586,1.13591,1578.24
1561608000000,1.13592,1.13592,1.13556,1.13562,2436.09
1561608900000,1.13562,1.13567,1.13516,1.13522,2093.12
1561609800000,1.13521,1.13534,1.1349,1.13514,2828.38
1561610700000,1.13514,1.13535,1.13513,1.13526,1280.17
1561611600000,1.13529,1.13539,1.13504,1.13508,1433.15
1561612500000,1.13509,1.13512,1.13477,1.13505,2210.87
1561613400000,1.13505,1.13543,1.135,1.13535,1443.84
1561614300000,1.13535,1.13555,1.1353,1.13553,1844.74
1561615200000,1.13552,1.13579,1.13539,1.13565,3402.32
1561616100000,1.13567,1.1358,1.13536,1.13575,3386.61
1561617000000,1.13575,1.13575,1.13505,1.1355,4349.46
1561617900000,1.1355,1.13599,1.1354,1.13576,4796.72
1561618800000,1.13578,1.13705,1.13578,1.13687,8002.61
1561619700000,1.1369,1.13718,1.13655,1.13718,6893
1561620600000,1.13717,1.13735,1.13664,1.13702,6127.16
1561621500000,1.13701,1.1371,1.13641,1.13676,4357.75
1561622400000,1.13678,1.13718,1.13634,1.13648,5509.57
1561623300000,1.13648,1.13727,1.13642,1.13697,4602.98
1561624200000,1.13696,1.13718,1.1368,1.13717,4614.03
1561625100000,1.13718,1.13743,1.13708,1.13715,3758.36
1561626000000,1.13716,1.13717,1.13665,1.13693,4738.01
1561626900000,1.13693,1.13704,1.13666,1.13703,3807.72
1561627800000,1.13703,1.13724,1.13693,1.13722,3498.73
1561628700000,1.13722,1.13814,1.1372,1.13752,7973.59
1561629600000,1.13751,1.13766,1.137,1.13712,5857.04
1561630500000,1.13712,1.13719,1.13665,1.13688,5743.68
1561631400000,1.13687,1.13794,1.13675,1.13784,4834.81
1561632300000,1.13783,1.13805,1.13754,1.13785,4496.11
1561633200000,1.13783,1.13791,1.13712,1.13722,3988.01
1561634100000,1.13722,1.13757,1.13696,1.13712,3421.24
1561635000000,1.13713,1.138,1.13712,1.13797,4648.55
1561635900000,1.13797,1.13808,1.13742,1.1375,4654.29
1561636800000,1.13751,1.13765,1.13689,1.13693,6171.37
1561637700000,1.13692,1.1372,1.13685,1.13709,4366.18
1561638600000,1.13713,1.13745,1.13647,1.1367,6439.84
1561639500000,1.13669,1.1373,1.13642,1.13663,5892.07
1561640400000,1.13663,1.13677,1.13618,1.13665,5523.54
1561641300000,1.13665,1.13672,1.13638,1.13642,4035.93
1561642200000,1.13641,1.13671,1.13607,1.13627,5956.4
1561643100000,1.13627,1.13627,1.13564,1.13585,5504.55
1561644000000,1.13585,1.13706,1.13573,1.13697,6554.48
1561644900000,1.13697,1.13698,1.13618,1.13619,5215.08
1561645800000,1.13619,1.13688,1.13617,1.13652,5187.52
1561646700000,1.13652,1.13737,1.13642,1.13692,6565.05
1561647600000,1.13692,1.137,1.1363,1.13642,5479.19
1561648500000,1.13643,1.1369,1.13621,1.13655,5631.65
1561649400000,1.13654,1.13728,1.13653,1.13707,4074.1
1561650300000,1.1371,1.13747,1.13703,1.13711,4045.01
1561651200000,1.13711,1.13717,1.13662,1.13668,3035.12
1561652100000,1.13668,1.13684,1.13629,1.13643,2780.04
1561653000000,1.13643,1.13678,1.1364,1.13668,2126.61
1561653900000,1.13669,1.13703,1.13659,1.13661,2269.08
1561654800000,1.13662,1.13677,1.13654,1.13672,2440.2
1561655700000,1.13673,1.13708,1.13669,1.13694,2084.18
1561656600000,1.13692,1.13701,1.13646,1.1366,1984.51
1561657500000,1.1366,1.13683,1.13647,1.13672,2289.79
1561658400000,1.13671,1.13677,1.13653,1.13658,2521.86
1561659300000,1.1366,1.13692,1.13659,1.13688,1546.8
1561660200000,1.13688,1.13694,1.13664,1.13684,1744.45
1561661100000,1.13685,1.13733,1.13675,1.13732,2356.98
1561662000000,1.13733,1.13738,1.13673,1.13676,2788.5
1561662900000,1.13676,1.13718,1.13668,1.13713,2211.41
1561663800000,1.13712,1.13716,1.13695,1.13699,1652.65
1561664700000,1.13698,1.13708,1.13681,1.13684,1973.09
1561665600000,1.13683,1.13717,1.13682,1.13695,1479.23
1561666500000,1.13696,1.13696,1.13682,1.13691,545.14
1561667400000,1.13689,1.13707,1.13682,1.13696,1020.82
1561668300000,1.13696,1.13701,1.13682,1.13689,911.22
1561669200000,1.13689,1.13693,1.1367,1.13685,207.98
1561670100000,1.13686,1.13688,1.13673,1.13677,506.52
1561671000000,1.13678,1.13682,1.13672,1.13674,550.48
1561671900000,1.13675,1.13686,1.1367,1.13684,522.36
1561672800000,1.13684,1.13691,1.13677,1.13691,378.94
1561673700000,1.13692,1.13692,1.13683,1.13687,132.64
1561674600000,1.13687,1.13687,1.13676,1.13677,127.66
1561675500000,1.13678,1.13692,1.13678,1.13681,326.39
1561676400000,1.13681,1.13685,1.13675,1.13684,843.59
1561677300000,1.13684,1.13686,1.1368,1.13685,849.39
1561678200000,1.13684,1.13714,1.13681,1.13712,675.88
1561679100000,1.13711,1.13732,1.13707,1.13711,1892.71
1561680000000,1.13711,1.13749,1.13705,1.13739,2721.07
1561680900000,1.13737,1.13763,1.13724,1.13738,2499.56
1561681800000,1.1374,1.13749,1.13714,1.13714,1839.62
1561682700000,1.13715,1.13725,1.13692,1.13699,2150.15
1561683600000,1.13702,1.13724,1.13685,1.13689,2763.45
1561684500000,1.13691,1.13692,1.13661,1.1367,2294.56
1561685400000,1.1367,1.13686,1.13659,1.13661,3559.6
1561686300000,1.13661,1.13682,1.13656,1.13667,2613.99
1561687200000,1.13667,1.13677,1.13655,1.13671,2575.4
1561688100000,1.13672,1.13686,1.13668,1.13681,1591.67
1561689000000,1.13681,1.13701,1.13673,1.13698,2137.95
1561689900000,1.13698,1.13702,1.13685,1.13687,1045.17
1561690800000,1.13686,1.13687,1.13678,1.13681,964.91
1561691700000,1.13679,1.13681,1.13655,1.13662,1207.11
1561692600000,1.13661,1.13667,1.13651,1.13656,2058.63
1561693500000,1.13657,1.13661,1.13646,1.13653,1611.96
1561694400000,1.13653,1.13657,1.1364,1.13652,1958.3
1561695300000,1.13652,1.13669,1.13646,1.13648,1811.24
1561696200000,1.13649,1.13654,1.13635,1.13637,1512.04
1561697100000,1.13637,1.13652,1.13627,1.13631,1775.03
1561698000000,1.13631,1.13641,1.13622,1.13625,1648.25
1561698900000,1.13625,1.13634,1.1362,1.13622,1418.02
1561699800000,1.13622,1.13629,1.13606,1.13623,1975.37
1561700700000,1.13625,1.13636,1.13617,1.13632,2223.87
1561701600000,1.13633,1.13671,1.13633,1.13669,3249.06
1561702500000,1.13669,1.13706,1.13657,1.13704,3056.93
1561703400000,1.13705,1.13719,1.1368,1.13708,4091.91
1561704300000,1.13709,1.13795,1.13709,1.13783,4261.17
1561705200000,1.13783,1.13857,1.13782,1.13839,5248.67
1561706100000,1.1384,1.13908,1.1384,1.13889,5848.82
1561707000000,1.13891,1.13926,1.13855,1.13914,5024.54
1561707900000,1.13914,1.13917,1.13854,1.13869,4264.87
1561708800000,1.13869,1.13884,1.13839,1.1385,4279.78
1561709700000,1.13849,1.13868,1.1383,1.13851,2926.35
1561710600000,1.1385,1.13918,1.13842,1.13877,4236.35
1561711500000,1.13877,1.1392,1.13865,1.139,3094.87
1561712400000,1.13899,1.13933,1.13859,1.13909,4428.82
1561713300000,1.13908,1.13908,1.13861,1.13879,4032.4
1561714200000,1.13878,1.13903,1.1385,1.1387,4071.97
1561715100000,1.13868,1.13868,1.13839,1.13846,2407.58
1561716000000,1.13846,1.13875,1.13841,1.13858,2382.59
1561716900000,1.13856,1.13883,1.13812,1.13813,3380.59
1561717800000,1.13814,1.13841,1.13812,1.13839,3505.28
1561718700000,1.13839,1.13855,1.13819,1.13822,3084.56
1561719600000,1.13823,1.13842,1.13799,1.13836,3298.82
1561720500000,1.13837,1.13838,1.13757,1.13774,4042.95
1561721400000,1.13778,1.13787,1.13751,1.13781,3862.74
1561722300000,1.13781,1.13787,1.13677,1.13712,4313.22
1561723200000,1.13711,1.13809,1.13711,1.13801,4796.66
1561724100000,1.138,1.1383,1.13755,1.13826,4784.46
1561725000000,1.13826,1.13854,1.13779,1.1378,5451.48
1561725900000,1.13781,1.13853,1.13759,1.13853,4968.2
1561726800000,1.13853,1.13886,1.13849,1.1387,5923.38
1561727700000,1.1387,1.13874,1.1379,1.13831,5100.35
1561728600000,1.13831,1.13862,1.1377,1.13846,5265.12
1561729500000,1.13844,1.13868,1.13809,1.13829,6070.84
1561730400000,1.13826,1.13857,1.13787,1.13846,6362.67
1561731300000,1.13846,1.13866,1.13828,1.13848,5725.09
1561732200000,1.1385,1.13883,1.13807,1.13861,5520.67
1561733100000,1.13863,1.13894,1.13758,1.13887,9096.46
1561734000000,1.13887,1.13923,1.13841,1.13857,6232.39
1561734900000,1.13858,1.13884,1.1379,1.13796,4345.79
1561735800000,1.13796,1.13853,1.13736,1.13764,3901.66
1561736700000,1.13765,1.13775,1.13716,1.13747,3901.81
1561737600000,1.13746,1.13759,1.13727,1.13748,3301.61
1561738500000,1.13748,1.13751,1.137,1.1371,2515.91
1561739400000,1.1371,1.13732,1.13648,1.13652,2857.91
1561740300000,1.13651,1.1366,1.13506,1.13588,4576.94
1561741200000,1.13587,1.13625,1.13555,1.13618,4188.14
1561742100000,1.13617,1.13641,1.13606,1.13622,3237.9
1561743000000,1.13622,1.1367,1.13621,1.13657,2448.69
1561743900000,1.13657,1.1369,1.13648,1.13687,2966.82
1561744800000,1.13687,1.13699,1.13656,1.13696,2055.04
1561745700000,1.13697,1.13717,1.13676,1.13676,1911.33
1561746600000,1.13676,1.13708,1.13675,1.13689,1590.32
1561747500000,1.1369,1.1378,1.13671,1.13772,3295.15
1561748400000,1.13769,1.13769,1.13712,1.13721,2697.09
1561749300000,1.13722,1.13742,1.13716,1.13727,1805.15
1561750200000,1.13727,1.13729,1.13703,1.13705,1518.16
1561751100000,1.13703,1.13721,1.13695,1.13717,2576.65
1561752000000,1.13715,1.13718,1.13675,1.13676,1313.84
1561752900000,1.13676,1.13697,1.13675,1.13692,687.8
1561753800000,1.1369,1.13691,1.13665,1.1368,1441.5
1561754700000,1.13682,1.13715,1.13665,1.13681,1578.81
1561928400000,1.13595,1.13639,1.13581,1.13639,384.76
1561929300000,1.13639,1.13652,1.13596,1.13632,845.19
1561930200000,1.13631,1.13683,1.13625,1.13683,879.91
1561931100000,1.13683,1.1369,1.13655,1.13655,439.89
1561932000000,1.13664,1.13668,1.13631,1.13634,812.78
1561932900000,1.13634,1.13668,1.13634,1.13666,1088.46
1561933800000,1.13666,1.1367,1.13647,1.13653,1288.54
1561934700000,1.13652,1.13685,1.13646,1.13683,1045.39
1561935600000,1.13684,1.1371,1.13672,1.13682,1863.17
1561936500000,1.1368,1.13681,1.13667,1.13668,810.84
1561937400000,1.13669,1.13698,1.13664,1.13665,1098.54
1561938300000,1.13664,1.13664,1.136,1.13601,1497.02
