timestamp,open,high,low,close,volume
1204495200000,1.51928,1.52002,1.51909,1.51978,1947400000
1204496100000,1.51965,1.51988,1.51923,1.51966,1580400000
1204497000000,1.51947,1.52067,1.51931,1.5199,2360900000
1204497900000,1.51985,1.52078,1.51933,1.52066,2711300000
1204498800000,1.52065,1.52256,1.52026,1.52058,2446100000
1204499700000,1.52065,1.52071,1.51854,1.51888,3899250000
1204500600000,1.51867,1.52044,1.51862,1.51953,2565850000
1204501500000,1.51941,1.52016,1.51931,1.51987,4351700000
1204502400000,1.51987,1.52044,1.51854,1.519,3738600000
1204503300000,1.51914,1.52079,1.51884,1.52033,2657600000
1204504200000,1.52055,1.52137,1.51996,1.52123,3665200000
1204505100000,1.52126,1.52159,1.52069,1.52125,2575900000
1204506000000,1.52116,1.52159,1.51941,1.51978,2744225000
1204506900000,1.51957,1.51988,1.51812,1.51899,2424400000
1204507800000,1.51876,1.51964,1.51856,1.51948,1500400000
1204508700000,1.51952,1.52065,1.51882,1.51977,1971200000
1204509600000,1.51961,1.52004,1.51906,1.51966,2800175000
1204510500000,1.5195,1.52054,1.51921,1.52003,2460300000
1204511400000,1.52003,1.5202,1.51935,1.51978,4137000000
1204512300000,1.51969,1.52011,1.51919,1.51975,1959637500
1204513200000,1.51968,1.52019,1.51912,1.52003,3605900000
1204514100000,1.52004,1.5204,1.51948,1.52026,4821400000
1204515000000,1.52014,1.5205,1.51961,1.52013,5556447000
1204515900000,1.5201,1.52055,1.51976,1.52007,7523850000
1204516800000,1.5202,1.52039,1.51955,1.5199,6447750000
1204517700000,1.51998,1.52117,1.51976,1.52068,5281600000
1204518600000,1.52067,1.52142,1.52029,1.52066,6622600000
1204519500000,1.52081,1.52116,1.52004,1.52045,8689044000
1204520400000,1.52044,1.52109,1.51993,1.52047,8138900000
1204521300000,1.5204,1.52148,1.52012,1.52113,10399147000
1204522200000,1.52102,1.52179,1.5208,1.52157,7292247000
1204523100000,1.52159,1.52181,1.52077,1.52105,8879850000
1204524000000,1.52095,1.52171,1.52073,1.52145,12347200000
1204524900000,1.52155,1.52206,1.52101,1.52162,11290850000
1204525800000,1.5216,1.52317,1.52094,1.52303,8209597000
1204526700000,1.52303,1.5237,1.52194,1.5223,8022347000
1204527600000,1.52227,1.52269,1.52089,1.52089,10991047000
1204528500000,1.52115,1.52266,1.52007,1.52083,10578600000
1204529400000,1.5208,1.52277,1.52064,1.52207,12283147000
1204530300000,1.52227,1.52316,1.51955,1.52013,14213950000
1204531200000,1.52013,1.52047,1.51744,1.51778,14310350000
1204532100000,1.51795,1.51892,1.51714,1.51729,13417050000
1204533000000,1.51724,1.51851,1.51653,1.51705,14762587500
1204533900000,1.51736,1.51788,1.51593,1.51766,15046544000
1204534800000,1.51766,1.51783,1.5169,1.51707,15364850000
1204535700000,1.51705,1.51729,1.51629,1.51665,14616500000
1204536600000,1.51697,1.51855,1.51654,1.51733,15405100000
1204537500000,1.51715,1.51753,1.51622,1.51688,17023387500
1204538400000,1.51702,1.51736,1.51588,1.51624,5389600000
1204539300000,1.51615,1.51702,1.51584,1.51657,16066300000
1204540200000,1.5166,1.51731,1.51596,1.51633,16573450000
1204541100000,1.51635,1.51754,1.51594,1.51723,16525200000
1204542000000,1.51708,1.51914,1.51686,1.51829,15611447000
1204542900000,1.51844,1.5189,1.51676,1.51728,17421050000
1204543800000,1.51744,1.51819,1.5168,1.51783,17645300000
1204544700000,1.51769,1.51932,1.51745,1.5193,14622744000
1204545600000,1.51926,1.5196,1.51826,1.51934,14606900000
1204546500000,1.51934,1.5201,1.51884,1.51981,9819425000
1204547400000,1.51963,1.51996,1.51852,1.51923,8944300000
1204548300000,1.5196,1.52065,1.51895,1.51982,8528000000
1204549200000,1.51985,1.52071,1.51935,1.52015,10609700000
1204550100000,1.52002,1.52027,1.51815,1.51931,8596150000
1204551000000,1.51931,1.52001,1.51849,1.51888,11615000000
1204551900000,1.5188,1.52027,1.51857,1.52001,8951047000
1204552800000,1.52003,1.52221,1.51942,1.52165,11912337500
1204553700000,1.5217,1.52486,1.52148,1.52373,11740400000
1204554600000,1.52385,1.52662,1.52325,1.52563,10778750000
1204555500000,1.52565,1.52709,1.52507,1.52658,11328287500
1204556400000,1.52636,1.52734,1.52079,1.52382,10500950000
1204557300000,1.52388,1.5245,1.52037,1.52173,12540400000
1204558200000,1.52177,1.52227,1.51973,1.52154,10533200000
1204559100000,1.52152,1.52176,1.51935,1.52011,13419237500
1204560000000,1.51983,1.52053,1.51721,1.51785,13433850000
1204560900000,1.51766,1.51898,1.51674,1.51702,15662300000
1204561800000,1.51664,1.51844,1.51554,1.51838,13540100000
1204562700000,1.51786,1.51939,1.51742,1.51918,12633737500
1204563600000,1.51915,1.51936,1.51766,1.51856,14111875000
1204564500000,1.51865,1.51927,1.51711,1.51737,12516550000
1204565400000,1.51736,1.51812,1.51662,1.51811,11993797000
1204566300000,1.51809,1.51838,1.51733,1.51824,12670659500
1204567200000,1.51837,1.51879,1.51754,1.51783,8100250000
1204568100000,1.51787,1.51861,1.51761,1.5182,5957000000
1204569000000,1.51823,1.51857,1.51724,1.51762,7039347000
1204569900000,1.51763,1.51872,1.51725,1.51826,7196500000
1204570800000,1.51812,1.51857,1.51785,1.51838,4729047000
1204571700000,1.51832,1.51858,1.51732,1.51824,4511847000
1204572600000,1.5182,1.51989,1.51801,1.51932,3874500000
1204573500000,1.51936,1.51954,1.51858,1.51921,5459000000
1204574400000,1.51909,1.51984,1.51877,1.51905,5266400000
1204575300000,1.519,1.51948,1.51852,1.51919,2592000000
1204576200000,1.51925,1.52033,1.51875,1.52023,4938300000
1204577100000,1.52022,1.52119,1.51943,1.52087,4852400000
1204578000000,1.52069,1.52121,1.52008,1.52072,4578300000
1204578900000,1.52057,1.52121,1.52019,1.52045,5366600000
1204579800000,1.52041,1.5207,1.51986,1.52015,8240137500
1204580700000,1.52009,1.52065,1.51989,1.52024,5752600000
1204581600000,1.51984,1.5203,1.51878,1.51896,6504597000
1204582500000,1.51898,1.51964,1.51867,1.51927,4827700000
1204583400000,1.51921,1.5197,1.51893,1.5195,6825200000
1204584300000,1.5195,1.52012,1.51928,1.51949,6438900000
1204585200000,1.51963,1.52005,1.51921,1.5198,11019750000
1204586100000,1.51977,1.51983,1.51901,1.51919,5104600000
1204587000000,1.51923,1.51949,1.5181,1.51862,5744400000
1204587900000,1.51857,1.52008,1.51847,1.51957,6093000000
1204588800000,1.51958,1.51971,1.51904,1.51947,3852450000
1204589700000,1.51954,1.52018,1.5193,1.51983,2758600000
1204590600000,1.51985,1.52008,1.51922,1.51984,3647400000
1204591500000,1.51986,1.52038,1.51939,1.52023,2685700000
1204592400000,1.52044,1.52054,1.51975,1.5199,2490500000
1204593300000,1.51986,1.52011,1.51934,1.51964,2507400000
1204594200000,1.51971,1.52012,1.51931,1.5196,1404747000
1204595100000,1.51977,1.5198,1.51878,1.5193,1741600000
1204596000000,1.51918,1.51966,1.51896,1.51919,2831850000
1204596900000,1.51917,1.5194,1.51853,1.51912,2455837500
1204597800000,1.5191,1.51934,1.51862,1.51931,4020500000
1204598700000,1.51937,1.51957,1.51864,1.5192,2082200000
1204599600000,1.51927,1.52044,1.51895,1.52019,3733500000
1204600500000,1.52022,1.52038,1.51934,1.51974,4986937500
1204601400000,1.51986,1.51994,1.51867,1.5193,5623000000
1204602300000,1.51928,1.52032,1.51885,1.51933,7489100000
1204603200000,1.51948,1.52002,1.51892,1.51958,6735900000
1204604100000,1.51978,1.51997,1.51896,1.51947,5165400000
1204605000000,1.51941,1.51956,1.51845,1.51896,7430237500
1204605900000,1.51865,1.51909,1.51778,1.51824,8418087500
1204606800000,1.51809,1.51864,1.51781,1.51833,8358700000
1204607700000,1.51827,1.51855,1.51773,1.51807,10493550000
1204608600000,1.5181,1.51899,1.51793,1.51847,6653300000
1204609500000,1.51838,1.51881,1.51801,1.51827,8486100000
1204610400000,1.51845,1.51926,1.51825,1.51896,12729650000
1204611300000,1.51895,1.51959,1.51833,1.51932,11368950000
1204612200000,1.5192,1.51975,1.51809,1.51863,8137637500
1204613100000,1.51847,1.51886,1.51733,1.51836,8358050000
1204614000000,1.51801,1.51867,1.51711,1.51775,11972250000
1204614900000,1.51785,1.51939,1.51763,1.51802,10379900000
1204615800000,1.51786,1.52015,1.51758,1.51858,12511100000
1204616700000,1.5183,1.51867,1.51706,1.51755,14003587500
1204617600000,1.51773,1.51931,1.51721,1.51895,14518300000
1204618500000,1.51893,1.51979,1.51775,1.51879,14445625000
1204619400000,1.51894,1.5193,1.51812,1.51903,14987600000
1204620300000,1.51892,1.51981,1.51802,1.51883,15171684500
1204621200000,1.51883,1.51952,1.51796,1.51877,15159400000
1204622100000,1.51882,1.51956,1.51835,1.51889,15310287500
1204623000000,1.51885,1.51929,1.51801,1.51853,15853400000
1204623900000,1.51853,1.52027,1.5178,1.5194,16654650000
1204624800000,1.51929,1.51987,1.51873,1.51932,5289100000
1204625700000,1.5194,1.51969,1.51857,1.51897,15998137500
1204626600000,1.5187,1.51972,1.51853,1.51935,16641537500
1204627500000,1.51944,1.52224,1.51881,1.52193,15917300000
1204628400000,1.52197,1.52206,1.52045,1.5214,15923647000
1204629300000,1.5214,1.52215,1.52064,1.52171,17144350000
1204630200000,1.52182,1.52218,1.5209,1.52178,16769787500
1204631100000,1.52163,1.52183,1.52023,1.52145,14190000000
1204632000000,1.52125,1.52207,1.52073,1.52146,14475984500
1204632900000,1.52135,1.52207,1.52073,1.52185,9688937500
1204633800000,1.52203,1.52311,1.52113,1.52197,8847837500
1204634700000,1.52215,1.52259,1.52098,1.52125,8939650000
1204635600000,1.52135,1.52186,1.52023,1.52054,10819600000
1204636500000,1.52045,1.52154,1.52,1.5205,8473700000
1204637400000,1.52047,1.52182,1.52013,1.52166,11703144000
1204638300000,1.52172,1.52193,1.52033,1.52091,9124600000
1204639200000,1.5208,1.52145,1.51938,1.52074,11584847000
1204640100000,1.52087,1.52155,1.51992,1.52093,11570100000
1204641000000,1.52095,1.52183,1.52034,1.52135,10515241000
1204641900000,1.52135,1.52157,1.52034,1.52123,11562937500
1204642800000,1.5211,1.52458,1.52053,1.52351,10710837500
1204643700000,1.5236,1.52466,1.52282,1.52344,12589334500
1204644600000,1.52347,1.52467,1.52305,1.52358,10204637500
1204645500000,1.52357,1.52442,1.52231,1.52327,13480447000
1204646400000,1.52277,1.52448,1.52127,1.5217,12994700000
1204647300000,1.5216,1.52174,1.51938,1.52105,14962897000
1204648200000,1.521,1.52135,1.51868,1.51936,13639150000
1204649100000,1.51975,1.52131,1.51926,1.52085,12730200000
1204650000000,1.52046,1.52186,1.51935,1.52157,14074500000
1204650900000,1.52163,1.52244,1.52101,1.52148,12186437500
1204651800000,1.52145,1.52209,1.5208,1.52141,12113700000
1204652700000,1.52144,1.52279,1.52102,1.52222,12054700000
1204653600000,1.5224,1.52279,1.5218,1.52204,7593350000
1204654500000,1.52208,1.52236,1.52127,1.52163,6028300000
1204655400000,1.52157,1.5225,1.52128,1.52161,7097450000
1204656300000,1.52175,1.52225,1.52101,1.52148,7544700000
1204657200000,1.5215,1.52172,1.52001,1.5203,4662500000
1204658100000,1.52034,1.52077,1.5191,1.52048,4743800000
1204659000000,1.52051,1.52087,1.51985,1.52017,4132250000
1204659900000,1.52019,1.52153,1.51974,1.52054,5535550000
1204660800000,1.52042,1.52169,1.52032,1.52113,5235000000
1204661700000,1.5211,1.52154,1.52041,1.52092,2619400000
1204662600000,1.52068,1.52116,1.51983,1.52091,4956100000
1204663500000,1.52077,1.52121,1.52037,1.521,4831500000
1204664400000,1.52086,1.52162,1.52057,1.52136,4572100000
1204665300000,1.52122,1.52134,1.52049,1.52105,5635575000
1204666200000,1.52098,1.5213,1.52074,1.52117,8106750000
1204667100000,1.52113,1.5218,1.52097,1.52139,6085200000
1204668000000,1.52145,1.5217,1.52087,1.52132,6709300000
1204668900000,1.52135,1.52168,1.52047,1.52068,4536400000
1204669800000,1.5208,1.521,1.51931,1.51974,6891047000
1204670700000,1.5197,1.52034,1.51953,1.52007,6656497000
1204671600000,1.51988,1.52079,1.51967,1.52043,11707350000
1204672500000,1.52038,1.52118,1.5201,1.5207,5418747000
1204673400000,1.52073,1.52123,1.52004,1.52047,6147100000
1204674300000,1.52035,1.52077,1.52008,1.52044,5826150000
1204675200000,1.5204,1.52122,1.52,1.52106,4126150000
1204676100000,1.52101,1.5214,1.52056,1.52073,2750400000
1204677000000,1.52118,1.52118,1.52016,1.52064,3864937500
1204677900000,1.52056,1.5207,1.51934,1.51982,2760600000
1204678800000,1.51969,1.52005,1.51936,1.5198,2568400000
1204679700000,1.51976,1.52001,1.51929,1.51975,2342700000
1204680600000,1.51975,1.52026,1.51934,1.51981,1722300000
1204681500000,1.51978,1.52008,1.51934,1.51949,2016450000
1204682400000,1.51941,1.51997,1.51911,1.5195,2621800000
1204683300000,1.51947,1.52003,1.5191,1.51951,2378600000
1204684200000,1.51965,1.52003,1.51911,1.51963,3928950000
1204685100000,1.51967,1.52003,1.51926,1.51953,2144000000
1204686000000,1.51983,1.5203,1.51933,1.51989,3618000000
1204686900000,1.52004,1.52013,1.51922,1.51975,5165700000
1204687800000,1.51964,1.52026,1.51885,1.51941,5518400000
1204688700000,1.51933,1.51955,1.51846,1.51903,7387000000
1204689600000,1.51897,1.51936,1.51862,1.51886,6451300000
1204690500000,1.5188,1.5193,1.51856,1.51889,5359100000
1204691400000,1.51911,1.51945,1.51865,1.51916,7058500000
1204692300000,1.51915,1.51973,1.51862,1.51925,8543337500
1204693200000,1.51934,1.52015,1.51892,1.51981,8409200000
1204694100000,1.51975,1.52048,1.5193,1.52003,10942000000
1204695000000,1.51999,1.52024,1.5192,1.51976,6937847000
1204695900000,1.51966,1.51989,1.51856,1.51915,8307800000
1204696800000,1.51914,1.51942,1.51803,1.51865,12287650000
1204697700000,1.51857,1.51965,1.51814,1.51922,11439000000
1204698600000,1.51912,1.52027,1.51893,1.51997,8205297000
1204699500000,1.51993,1.52203,1.51937,1.52062,8173450000
1204700400000,1.5204,1.52059,1.51826,1.5191,11771337500
1204701300000,1.5191,1.51937,1.51724,1.5181,9786647000
1204702200000,1.51842,1.51891,1.51664,1.51717,12203050000
1204703100000,1.51715,1.51888,1.51664,1.51797,14135100000
1204704000000,1.51802,1.51829,1.51483,1.51545,14451747000
1204704900000,1.51548,1.51667,1.51425,1.51608,13514847000
1204705800000,1.51625,1.51677,1.51503,1.51535,14517747000
1204706700000,1.51533,1.5175,1.51475,1.51728,15013900000
1204707600000,1.51733,1.51751,1.51591,1.51655,14653797000
1204708500000,1.51655,1.51681,1.51565,1.51636,15370600000
1204709400000,1.51645,1.51779,1.516,1.51725,15548200000
1204710300000,1.51733,1.51788,1.51676,1.51783,16686550000
1204711200000,1.51767,1.51836,1.51741,1.51804,5211600000
1204712100000,1.51798,1.5194,1.51784,1.51829,16150737500
1204713000000,1.51829,1.51919,1.51773,1.51795,16976900000
1204713900000,1.51815,1.51879,1.51764,1.51838,16154400000
1204714800000,1.51849,1.51888,1.51739,1.51805,15547400000
1204715700000,1.51803,1.51828,1.51727,1.51769,17384150000
1204716600000,1.51783,1.51843,1.51737,1.51806,17319700000
1204717500000,1.51791,1.51949,1.51743,1.51914,14604500000
1204718400000,1.51903,1.51942,1.51842,1.51916,14611872000
1204719300000,1.51915,1.51932,1.51823,1.51865,10129137500
1204720200000,1.51865,1.51912,1.51823,1.51893,8918850000
1204721100000,1.51914,1.5196,1.51857,1.51928,8480700000
1204722000000,1.51925,1.5201,1.51886,1.51971,11179950000
1204722900000,1.51978,1.52161,1.51943,1.52102,8579300000
1204723800000,1.52093,1.52372,1.52004,1.52331,12027997000
1204724700000,1.52339,1.52405,1.52214,1.52322,9291150000
1204725600000,1.52335,1.52386,1.52199,1.52307,11803300000
1204726500000,1.52318,1.52372,1.52242,1.52313,11397800000
1204727400000,1.52313,1.52335,1.52179,1.52233,10755000000
1204728300000,1.52239,1.52378,1.52217,1.52357,10969637500
1204729200000,1.52363,1.52385,1.52137,1.52198,10892100000
1204730100000,1.52176,1.52305,1.52018,1.5228,12107250000
1204731000000,1.52298,1.52682,1.52258,1.5262,10231347000
1204731900000,1.5266,1.52702,1.52458,1.52672,14000700000
1204732800000,1.5266,1.52743,1.52536,1.52687,13095200000
1204733700000,1.52695,1.53015,1.52664,1.52789,15647397000
1204734600000,1.52763,1.52888,1.52673,1.52763,13399244000
1204735500000,1.52766,1.52866,1.52674,1.52762,12555694000
1204736400000,1.52791,1.52894,1.52702,1.52835,14104022000
1204737300000,1.52808,1.52874,1.52755,1.52805,12380700000
1204738200000,1.52845,1.52914,1.52771,1.52831,11928450000
1204739100000,1.5283,1.52866,1.52771,1.52793,12480597000
1204740000000,1.52813,1.52857,1.52777,1.52826,8093000000
1204740900000,1.52832,1.52903,1.52744,1.52855,6011300000
1204741800000,1.52867,1.52872,1.52683,1.52739,7012700000
1204742700000,1.52736,1.52753,1.52516,1.52656,7690250000
1204743600000,1.5268,1.52732,1.52593,1.52626,4729100000
1204744500000,1.52615,1.52671,1.5253,1.52621,4182900000
1204745400000,1.52609,1.52642,1.52527,1.52551,3969400000
1204746300000,1.52557,1.52666,1.52519,1.52625,5527200000
1204747200000,1.52607,1.52729,1.52554,1.52628,5264300000
1204748100000,1.52632,1.527,1.52606,1.52632,2772400000
1204749000000,1.52637,1.52678,1.52605,1.52645,4926400000
1204749900000,1.52645,1.52658,1.52581,1.52625,4803200000
1204750800000,1.52617,1.52657,1.52579,1.52642,4782475000
1204751700000,1.52644,1.52768,1.52628,1.52737,5553500000
1204752600000,1.52735,1.52757,1.52626,1.52657,8298547000
1204753500000,1.52655,1.52674,1.52591,1.52634,6084684500
1204754400000,1.52619,1.52691,1.5257,1.52642,6696700000
1204755300000,1.52631,1.52708,1.52609,1.5265,4613900000
1204756200000,1.5264,1.52775,1.52622,1.52741,6769600000
1204757100000,1.5275,1.52766,1.52703,1.52711,6234937500
1204758000000,1.52712,1.52761,1.52671,1.52757,11256497000
1204758900000,1.52757,1.52798,1.52718,1.52733,5264900000
1204759800000,1.52723,1.5276,1.52628,1.52684,5722200000
1204760700000,1.52684,1.52784,1.52646,1.52749,6172500000
1204761600000,1.52764,1.52843,1.52703,1.52798,3606450000
1204762500000,1.52788,1.52841,1.52734,1.52771,2546200000
1204763400000,1.52773,1.52815,1.52728,1.52793,3807400000
1204764300000,1.52789,1.52869,1.52765,1.52823,2808400000
1204765200000,1.52818,1.52832,1.52754,1.52785,2841400000
1204766100000,1.52788,1.52811,1.52738,1.52783,2470800000
1204767000000,1.5278,1.52792,1.52739,1.52778,1472500000
1204767900000,1.52755,1.52819,1.52734,1.52786,2106300000
1204768800000,1.52768,1.5283,1.52744,1.52807,2821400000
1204769700000,1.52793,1.52843,1.52745,1.52757,2309347000
1204770600000,1.52762,1.52801,1.52705,1.52754,4256800000
1204771500000,1.52752,1.52771,1.5268,1.52705,2004200000
1204772400000,1.52707,1.52762,1.52678,1.5272,3827450000
1204773300000,1.52738,1.52802,1.52709,1.52756,4779900000
1204774200000,1.52749,1.52767,1.52693,1.52717,5789100000
1204775100000,1.52727,1.52752,1.52686,1.52693,7309237500
1204776000000,1.52717,1.52778,1.52681,1.52747,6351747000
1204776900000,1.52748,1.52774,1.52708,1.5274,5398400000
1204777800000,1.52756,1.52778,1.5271,1.52767,6495600000
1204778700000,1.52765,1.52786,1.52724,1.52743,8378350000
1204779600000,1.5274,1.52812,1.52728,1.52773,8525337500
1204780500000,1.52768,1.52854,1.52722,1.52825,10739950000
1204781400000,1.52834,1.52951,1.52819,1.52916,6962500000
1204782300000,1.52926,1.52968,1.52863,1.52944,9003084500
1204783200000,1.52945,1.53017,1.52876,1.53006,12887550000
1204784100000,1.53007,1.53047,1.52912,1.5294,11833050000
1204785000000,1.52937,1.53074,1.52841,1.52848,7971147000
1204785900000,1.52849,1.52958,1.5282,1.52953,7912100000
1204786800000,1.52922,1.52977,1.52818,1.52895,11462800000
1204787700000,1.52897,1.52927,1.52744,1.52822,9812984500
1204788600000,1.52815,1.52987,1.52787,1.52972,12242550000
1204789500000,1.52953,1.52987,1.52771,1.52887,14430347000
1204790400000,1.52886,1.53229,1.52835,1.5321,15140487500
1204791300000,1.53215,1.5325,1.53103,1.53157,13851650000
1204792200000,1.53173,1.53382,1.53133,1.53345,15227437500
1204793100000,1.53343,1.53449,1.53238,1.534,14565100000
1204794000000,1.53407,1.53447,1.5327,1.53331,15077347000
1204794900000,1.53333,1.53417,1.53237,1.53269,14738850000
1204795800000,1.53298,1.53342,1.53186,1.53255,16088800000
1204796700000,1.53255,1.53352,1.53216,1.53288,17402434500
1204797600000,1.53289,1.53463,1.53243,1.53419,5049837500
1204798500000,1.53425,1.53477,1.53229,1.5329,15594900000
1204799400000,1.5328,1.53353,1.53231,1.53325,16576550000
1204800300000,1.53323,1.53332,1.53135,1.53182,16786650000
1204801200000,1.53177,1.53299,1.53111,1.53281,15426584500
1204802100000,1.53272,1.53299,1.53167,1.5322,17786450000
1204803000000,1.53209,1.53289,1.53178,1.53243,17038047000
1204803900000,1.5324,1.53267,1.53134,1.53166,14344950000
1204804800000,1.53177,1.53347,1.53125,1.53234,14658297000
1204805700000,1.53225,1.53327,1.53117,1.53186,10173900000
1204806600000,1.53175,1.5331,1.53146,1.53273,8894200000
1204807500000,1.53275,1.53334,1.53165,1.53177,8896900000
1204808400000,1.53163,1.53259,1.53032,1.53169,10856800000
1204809300000,1.53154,1.5323,1.53026,1.53037,8716400000
1204810200000,1.53055,1.53213,1.52885,1.5315,11664800000
1204811100000,1.53159,1.53584,1.53023,1.53492,8890637500
1204812000000,1.53477,1.53713,1.53326,1.53627,11817000000
1204812900000,1.53608,1.53729,1.53442,1.53495,11694325000
1204813800000,1.53501,1.53566,1.53371,1.53445,10996050000
1204814700000,1.53429,1.5352,1.53316,1.5339,11168322000
1204815600000,1.53405,1.5363,1.53393,1.53517,11254750000
1204816500000,1.53518,1.53692,1.53445,1.53511,12221737500
1204817400000,1.53515,1.53647,1.53427,1.53581,9789500000
1204818300000,1.53566,1.53619,1.53439,1.53555,13719050000
1204819200000,1.53535,1.53639,1.53453,1.53505,12766447000
1204820100000,1.53505,1.53775,1.53431,1.53697,15269037500
1204821000000,1.53672,1.53723,1.53483,1.53664,13563778500
1204821900000,1.5363,1.53651,1.53464,1.53536,12251800000
1204822800000,1.53543,1.53616,1.53446,1.53532,13743294000
1204823700000,1.53512,1.536,1.53436,1.53563,12195600000
1204824600000,1.53547,1.53636,1.53469,1.53598,11473575000
1204825500000,1.53635,1.53759,1.53489,1.53691,11773894000
1204826400000,1.5366,1.53729,1.53511,1.53683,7944200000
1204827300000,1.53678,1.53704,1.53523,1.53651,6017900000
1204828200000,1.53615,1.53755,1.53589,1.53692,7321247000
1204829100000,1.53685,1.53733,1.53635,1.53713,7480400000
1204830000000,1.53687,1.53733,1.53604,1.5367,4786800000
1204830900000,1.53678,1.53691,1.53552,1.53583,4220500000
1204831800000,1.53572,1.53615,1.53521,1.53567,4064200000
1204832700000,1.53573,1.5368,1.53573,1.53658,5631300000
1204833600000,1.53654,1.53673,1.5355,1.53597,5241094000
1204834500000,1.53617,1.53738,1.53598,1.53703,2689700000
1204835400000,1.53698,1.53754,1.53638,1.53736,5106100000
1204836300000,1.53723,1.53801,1.53678,1.53762,4609200000
1204837200000,1.53768,1.53919,1.53744,1.53852,4819300000
1204838100000,1.53844,1.53921,1.53819,1.53858,5841700000
1204839000000,1.53885,1.53934,1.53844,1.53892,8358500000
1204839900000,1.53888,1.53916,1.53747,1.53783,5790050000
1204840800000,1.53796,1.53823,1.53736,1.53797,6326050000
1204841700000,1.53778,1.53818,1.53732,1.53795,4777950000
1204842600000,1.53791,1.53912,1.53777,1.53896,7183200000
1204843500000,1.53897,1.53947,1.53867,1.53879,6542237500
1204844400000,1.53861,1.53957,1.53824,1.53906,11685347000
1204845300000,1.53893,1.53948,1.53786,1.53838,5095987500
1204846200000,1.53815,1.53853,1.53747,1.53819,5761447000
1204847100000,1.53822,1.5389,1.53778,1.53792,6125000000
1204848000000,1.53811,1.53836,1.53727,1.53742,4019000000
1204848900000,1.53749,1.53787,1.53686,1.53758,2507450000
1204849800000,1.53745,1.53792,1.53709,1.53761,3797900000
1204850700000,1.53773,1.53782,1.53665,1.53712,2632600000
1204851600000,1.53699,1.53788,1.53675,1.5373,2609400000
1204852500000,1.53748,1.5382,1.53719,1.53755,2276800000
1204853400000,1.53775,1.53793,1.5373,1.53751,1636800000
1204854300000,1.53753,1.53779,1.53713,1.53747,2006850000
1204855200000,1.53745,1.53773,1.53703,1.53748,2727200000
1204856100000,1.5375,1.53767,1.53706,1.53754,2389800000
1204857000000,1.53752,1.53783,1.53661,1.5372,4135000000
1204857900000,1.53713,1.53739,1.53668,1.53705,2136250000
1204858800000,1.53742,1.5378,1.53694,1.53732,3420100000
1204859700000,1.5374,1.53781,1.53665,1.53734,5117687500
1204860600000,1.53718,1.53802,1.53675,1.53778,5619950000
1204861500000,1.53778,1.53808,1.53723,1.53756,7259200000
1204862400000,1.53751,1.53823,1.53745,1.53816,6462850000
1204863300000,1.53822,1.5385,1.53768,1.5381,5311800000
1204864200000,1.53815,1.5385,1.53751,1.53814,6740100000
1204865100000,1.53815,1.53837,1.53723,1.53803,8445437500
1204866000000,1.53799,1.53892,1.53765,1.53857,8642250000
1204866900000,1.53847,1.53978,1.53814,1.53917,10655800000
1204867800000,1.539,1.53949,1.53855,1.53907,7245300000
1204868700000,1.539,1.5403,1.53828,1.53975,8592100000
1204869600000,1.53957,1.54056,1.53869,1.54027,12820400000
1204870500000,1.54027,1.54059,1.53904,1.53922,11836622000
1204871400000,1.53923,1.54008,1.53883,1.53965,8606400000
1204872300000,1.53963,1.54299,1.53932,1.54219,8185625000
1204873200000,1.5418,1.54216,1.54003,1.54037,11701550000
1204874100000,1.54043,1.54085,1.53951,1.53977,10350300000
1204875000000,1.54015,1.54037,1.53881,1.53915,11950375000
1204875900000,1.53925,1.54105,1.53813,1.5385,13872847000
1204876800000,1.53855,1.53918,1.53751,1.53826,14841900000
1204877700000,1.5382,1.53846,1.53659,1.53803,13524400000
1204878600000,1.53797,1.53959,1.53773,1.53837,14875200000
1204879500000,1.53857,1.53987,1.53784,1.53981,14823450000
1204880400000,1.53977,1.54054,1.53842,1.54049,14876947000
1204881300000,1.54055,1.54145,1.53882,1.54042,15277950000
1204882200000,1.54041,1.54069,1.53931,1.54025,15725497000
1204883100000,1.54024,1.54041,1.53895,1.53977,16982600000
1204884000000,1.53952,1.54011,1.53923,1.54001,5437800000
1204884900000,1.54001,1.54033,1.53943,1.54015,15772850000
1204885800000,1.54009,1.54081,1.53958,1.54041,16766200000
1204886700000,1.54053,1.5419,1.5399,1.54123,16937300000
1204887600000,1.54148,1.54216,1.54103,1.54157,15564800000
1204888500000,1.54155,1.54197,1.54047,1.54069,17099887500
1204889400000,1.54095,1.54202,1.54016,1.54171,17721284500
1204890300000,1.54157,1.54259,1.54093,1.54155,14399800000
1204891200000,1.54145,1.54237,1.54064,1.54108,14109747000
1204892100000,1.54095,1.54219,1.54053,1.54149,10071600000
1204893000000,1.54145,1.54179,1.53976,1.54074,8412647000
1204893900000,1.54073,1.54105,1.53975,1.54012,8965200000
1204894800000,1.54013,1.54173,1.53915,1.54153,11041750000
1204895700000,1.54151,1.54319,1.54065,1.54243,8647100000
1204896600000,1.54261,1.54591,1.54072,1.54266,12050997000
1204897500000,1.54268,1.54292,1.53849,1.54132,9575897000
1204898400000,1.54082,1.54292,1.53995,1.5412,12020450000
1204899300000,1.54063,1.54114,1.53672,1.53811,12011497000
1204900200000,1.53803,1.53817,1.53264,1.53429,10649850000
1204901100000,1.53399,1.53486,1.53313,1.53342,11268047000
1204902000000,1.53318,1.53512,1.53194,1.53501,10554550000
1204902900000,1.53503,1.53623,1.53338,1.53428,10754650000
1204903800000,1.53434,1.53515,1.53138,1.53436,9979122000
1204904700000,1.53438,1.53579,1.53375,1.5356,13860900000
1204905600000,1.53522,1.53598,1.53464,1.53525,13238562500
1204906500000,1.53526,1.53687,1.53493,1.53617,15414847000
1204907400000,1.53601,1.53648,1.5331,1.53354,14222847000
1204908300000,1.53337,1.5345,1.53211,1.53311,12902184500
1204909200000,1.53315,1.53425,1.53245,1.53326,13813975000
1204910100000,1.53324,1.5339,1.53271,1.53337,12070975000
1204911000000,1.53337,1.53387,1.53291,1.53344,11910231500
1204911900000,1.53338,1.53436,1.53309,1.53416,12379700000
1204912800000,1.53419,1.53469,1.53269,1.53287,8269600000
1204913700000,1.533,1.53356,1.53204,1.53292,5735100000
1204914600000,1.53291,1.53347,1.53262,1.5332,6885900000
1204915500000,1.53325,1.53364,1.53258,1.53316,7447347000
1204916400000,1.53293,1.53524,1.53274,1.53471,4844000000
1204917300000,1.53475,1.53481,1.5331,1.53471,4489100000
1204918200000,1.53486,1.53568,1.53464,1.5353,4143447000
1204919100000,1.53538,1.5356,1.53432,1.53455,5629500000
1204920000000,1.53454,1.53496,1.53417,1.53449,5323400000
1204920900000,1.53465,1.53514,1.534,1.53442,2522400000
1204921800000,1.53465,1.53512,1.5342,1.53448,4926300000
1204922700000,1.53445,1.53475,1.53402,1.53443,4793600000
1204923600000,1.53433,1.53515,1.53417,1.53495,4966400000
1204924500000,1.53492,1.5356,1.53436,1.53542,5834350000
1204925400000,1.5353,1.5358,1.53507,1.53566,8764000000
1204926300000,1.53562,1.53603,1.53489,1.5354,6023400000
1205096400000,1.53607,1.53626,1.53565,1.53577,4818950000
1205097300000,1.53571,1.53621,1.53544,1.53575,5562150000
1205098200000,1.53568,1.53626,1.53549,1.53574,7733347000
1205099100000,1.53565,1.53625,1.53558,1.53591,6044747000
1205100000000,1.53583,1.53635,1.5356,1.5358,6345700000
1205100900000,1.53586,1.53777,1.53584,1.53746,4632075000
1205101800000,1.53761,1.53831,1.53722,1.53774,6801750000
1205102700000,1.5377,1.5403,1.53745,1.5396,6321847000
1205103600000,1.53943,1.5402,1.53893,1.5398,11311900000
1205104500000,1.53976,1.5403,1.53921,1.53947,5203450000
1205105400000,1.53916,1.53983,1.53895,1.53935,5646400000
1205106300000,1.53936,1.54011,1.53893,1.53924,5780647000
1205107200000,1.5392,1.53936,1.53756,1.53796,4118347000
1205108100000,1.53785,1.53895,1.5375,1.53834,2537000000
1205109000000,1.53844,1.53879,1.53704,1.53776,3562800000
1205109900000,1.53776,1.53859,1.53737,1.53815,2832700000
1205110800000,1.53818,1.53837,1.53754,1.53798,2816100000
1205111700000,1.53803,1.53875,1.53784,1.53817,2343400000
1205112600000,1.53825,1.5384,1.53728,1.5374,1560700000
1205113500000,1.53762,1.53829,1.53725,1.53805,2022000000
1205114400000,1.53798,1.53854,1.53772,1.53803,2961400000
1205115300000,1.5382,1.53876,1.53779,1.53816,2429500000
1205116200000,1.53857,1.53872,1.53744,1.53791,4246900000
1205117100000,1.53796,1.53834,1.53765,1.53802,2053700000
1205118000000,1.53817,1.53862,1.53794,1.53819,3509247000
1205118900000,1.53825,1.53864,1.53779,1.53851,4958800000
1205119800000,1.53883,1.53888,1.53775,1.53818,5553737500
1205120700000,1.53822,1.5386,1.5379,1.5383,7376300000
1205121600000,1.53827,1.53843,1.53741,1.53791,6285000000
1205122500000,1.53792,1.53839,1.53776,1.53796,5659700000
1205123400000,1.53813,1.53842,1.53771,1.53803,6699037500
1205124300000,1.53827,1.53841,1.5378,1.53813,8814300000
1205125200000,1.53809,1.53852,1.53749,1.53801,8781237500
1205126100000,1.53825,1.53889,1.53786,1.53855,10682694000
1205127000000,1.53842,1.53874,1.53791,1.53828,7041250000
1205127900000,1.5383,1.53863,1.53654,1.53703,8828487500
1205128800000,1.53705,1.5378,1.5368,1.53729,12618650000
1205129700000,1.53738,1.53778,1.53703,1.53762,11728200000
1205130600000,1.53742,1.5378,1.53574,1.53605,7972650000
1205131500000,1.53622,1.53916,1.53567,1.53905,8357600000
1205132400000,1.53882,1.53985,1.53828,1.53877,11686650000
1205133300000,1.53895,1.54003,1.53817,1.5399,9899100000
1205134200000,1.53973,1.53986,1.53733,1.53817,12336387500
1205135100000,1.53815,1.53915,1.53783,1.53825,13938950000
1205136000000,1.53815,1.53893,1.53798,1.53829,14766100000
1205136900000,1.53854,1.5387,1.53694,1.53732,13870000000
1205137800000,1.53713,1.5374,1.53601,1.53703,14680750000
1205138700000,1.53705,1.53791,1.53667,1.53756,14826200000
1205139600000,1.53767,1.53829,1.53671,1.5381,14128150000
1205140500000,1.53808,1.53868,1.53764,1.5378,15346000000
1205141400000,1.53805,1.53862,1.53743,1.53787,15895550000
1205142300000,1.53796,1.53847,1.53741,1.53761,16931537500
1205143200000,1.53765,1.53802,1.5373,1.53774,5366700000
1205144100000,1.53765,1.53793,1.53681,1.53716,16273250000
1205145000000,1.5371,1.53755,1.53595,1.53659,16843337500
1205145900000,1.53687,1.53745,1.53554,1.53593,16439697000
1205146800000,1.53593,1.53652,1.53513,1.53552,15387300000
1205147700000,1.53543,1.53669,1.53498,1.53614,17890737500
1205148600000,1.53638,1.53678,1.53404,1.53445,17069587500
1205149500000,1.53429,1.53591,1.53361,1.53522,14807950000
1205150400000,1.5357,1.53677,1.53482,1.53635,14312400000
1205151300000,1.53655,1.53683,1.53523,1.53577,10162350000
1205152200000,1.53554,1.53587,1.53116,1.53357,8989750000
1205153100000,1.53353,1.53472,1.53283,1.53461,8867750000
1205154000000,1.53461,1.53477,1.53353,1.53377,10781984500
1205154900000,1.53392,1.53422,1.53291,1.53342,8521100000
1205155800000,1.53335,1.53416,1.53254,1.53346,12356400000
1205156700000,1.53352,1.53393,1.53292,1.5338,9101900000
1205157600000,1.53385,1.53599,1.53345,1.53495,11863650000
1205158500000,1.535,1.53528,1.53389,1.53461,11602800000
1205159400000,1.53464,1.53588,1.53412,1.53533,10061747000
1205160300000,1.5354,1.53584,1.53471,1.53547,10494600000
1205161200000,1.53516,1.5363,1.53515,1.536,11204500000
1205162100000,1.5359,1.53733,1.53526,1.5368,12069100000
1205163000000,1.53674,1.53757,1.53621,1.53728,8805447000
1205163900000,1.53733,1.53765,1.53601,1.53665,13998537500
1205164800000,1.53663,1.53764,1.5357,1.53617,13357272000
1205165700000,1.53617,1.53644,1.53342,1.53349,15675700000
1205166600000,1.53366,1.53479,1.53306,1.5343,13614100000
1205167500000,1.53445,1.53589,1.53388,1.53411,12749737500
1205168400000,1.53413,1.53434,1.53284,1.53347,14128247000
1205169300000,1.53343,1.53375,1.53301,1.53358,12665784500
1205170200000,1.53365,1.53456,1.53324,1.53414,11395937500
1205171100000,1.53407,1.53418,1.53292,1.53364,12298125000
1205172000000,1.53369,1.53502,1.53329,1.53401,8080847000
1205172900000,1.53417,1.53461,1.53291,1.5343,5979800000
1205173800000,1.53449,1.53508,1.53401,1.53465,7044000000
1205174700000,1.53467,1.53508,1.53404,1.53465,7640100000
1205175600000,1.53475,1.535,1.53396,1.53459,4932647000
1205176500000,1.53443,1.53503,1.53424,1.5347,4351900000
1205177400000,1.53445,1.53494,1.53409,1.53455,4258200000
1205178300000,1.53456,1.53538,1.53417,1.53487,5612400000
1205179200000,1.53495,1.53508,1.53422,1.53481,5186800000
1205180100000,1.53454,1.535,1.53384,1.53421,2571100000
1205181000000,1.53425,1.53468,1.53376,1.53403,5022300000
1205181900000,1.53405,1.53444,1.53378,1.53416,4537047000
1205182800000,1.53402,1.53473,1.53372,1.53424,4710800000
1205183700000,1.53397,1.53447,1.53343,1.53393,5477500000
1205184600000,1.53408,1.53456,1.53363,1.53443,8227100000
1205185500000,1.53426,1.5353,1.53415,1.53449,5659000000
1205186400000,1.53464,1.5352,1.53432,1.53459,6458347000
1205187300000,1.53468,1.53486,1.53419,1.53453,4535600000
1205188200000,1.53433,1.53503,1.5343,1.53479,6688225000
1205189100000,1.53483,1.53676,1.53469,1.53662,6531500000
1205190000000,1.53654,1.53678,1.53546,1.53572,11232497000
1205190900000,1.53567,1.53606,1.5353,1.53566,5124847000
1205191800000,1.53571,1.53603,1.53494,1.53513,5855100000
1205192700000,1.53511,1.53537,1.5333,1.53352,6240050000
1205193600000,1.53349,1.53455,1.53307,1.53364,3631000000
1205194500000,1.53335,1.53509,1.53319,1.53422,2653447000
1205195400000,1.53433,1.53517,1.5335,1.53394,3717800000
1205196300000,1.53378,1.53439,1.53346,1.53394,2576700000
1205197200000,1.53398,1.5355,1.53376,1.5345,2709787500
1205198100000,1.53465,1.53549,1.53445,1.53503,2414837500
1205199000000,1.53495,1.53537,1.53458,1.53519,1604200000
1205199900000,1.53498,1.53532,1.53412,1.53469,2063000000
1205200800000,1.53462,1.53575,1.53449,1.53549,2871247000
1205201700000,1.53525,1.53629,1.53497,1.536,2468000000
1205202600000,1.53615,1.53629,1.53544,1.53626,4052850000
1205203500000,1.53617,1.5364,1.53538,1.53565,2203900000
1205204400000,1.5355,1.53589,1.53483,1.53524,3585037500
1205205300000,1.53498,1.53622,1.53477,1.53578,4911497000
1205206200000,1.53565,1.53631,1.53536,1.53578,5321000000
1205207100000,1.5359,1.53657,1.53531,1.5362,7031600000
1205208000000,1.53627,1.53653,1.53562,1.53612,6412500000
1205208900000,1.53608,1.53662,1.53571,1.53609,5444600000
1205209800000,1.53635,1.53659,1.53584,1.53636,6668200000
1205210700000,1.53627,1.53686,1.53588,1.53663,8847794000
1205211600000,1.53674,1.53677,1.53563,1.53593,8537537500
1205212500000,1.53608,1.53649,1.53553,1.53615,10586800000
1205213400000,1.53609,1.53657,1.53563,1.53596,6968600000
1205214300000,1.53573,1.53671,1.53563,1.53605,8818900000
1205215200000,1.53595,1.53621,1.5345,1.53487,12664550000
1205216100000,1.53497,1.53536,1.53348,1.53422,11469750000
1205217000000,1.5342,1.53525,1.53387,1.53455,8224600000
1205217900000,1.53418,1.53508,1.53395,1.53438,8118822000
1205218800000,1.5345,1.53606,1.53414,1.53552,11285700000
1205219700000,1.53555,1.53592,1.53483,1.53581,10335847000
1205220600000,1.53593,1.53686,1.53532,1.53647,11948100000
1205221500000,1.53635,1.53667,1.53492,1.53528,13799450000
1205222400000,1.53525,1.53669,1.53491,1.53567,14616587500
1205223300000,1.53545,1.53641,1.53533,1.53614,13862650000
1205224200000,1.53597,1.53667,1.53571,1.53635,14819250000
1205225100000,1.53633,1.53756,1.53567,1.53715,14829847000
1205226000000,1.53716,1.53941,1.53652,1.53915,14602100000
1205226900000,1.53919,1.54078,1.53895,1.53973,13640400000
1205227800000,1.5397,1.54132,1.53931,1.54024,15843047000
1205228700000,1.54016,1.54052,1.5389,1.53979,17067997000
1205229600000,1.53959,1.54526,1.5394,1.54397,5005600000
1205230500000,1.54395,1.54582,1.54366,1.54467,16212547000
1205231400000,1.54463,1.54948,1.5444,1.54777,16811600000
1205232300000,1.54766,1.54878,1.54626,1.54775,15971650000
1205233200000,1.54752,1.54818,1.54652,1.54695,14348200000
1205234100000,1.54675,1.54761,1.54615,1.5468,17828100000
1205235000000,1.54703,1.5474,1.54615,1.54695,17344644000
1205235900000,1.5468,1.54832,1.54653,1.54775,14851347000
1205236800000,1.54751,1.54769,1.54548,1.54558,14266947000
1205237700000,1.54568,1.54641,1.54505,1.54566,10212300000
1205238600000,1.54568,1.54653,1.53773,1.53847,9105100000
1205239500000,1.53839,1.53875,1.53318,1.53534,8690500000
1205240400000,1.53536,1.53838,1.53522,1.53795,8996047000
1205241300000,1.5379,1.53931,1.53702,1.53867,8692100000
1205242200000,1.53858,1.53911,1.53615,1.5365,11769600000
1205243100000,1.53674,1.53715,1.53549,1.53614,9276600000
1205244000000,1.53655,1.53707,1.53273,1.53325,11759900000
1205244900000,1.53286,1.53313,1.52949,1.53099,10007637500
1205245800000,1.5311,1.53206,1.52924,1.53165,11209800000
1205246700000,1.5316,1.53267,1.52814,1.52819,11334050000
1205247600000,1.52812,1.52977,1.52812,1.52897,9751594000
1205248500000,1.52908,1.53191,1.52876,1.53041,11537500000
1205249400000,1.53061,1.53168,1.52936,1.53163,9714900000
1205250300000,1.53159,1.53417,1.53146,1.53279,13351466000
1205251200000,1.53251,1.53409,1.53227,1.53367,13481531500
1205252100000,1.53373,1.5347,1.53315,1.53405,15594847000
1205253000000,1.53432,1.53489,1.53333,1.53442,13830875000
1205253900000,1.53433,1.53519,1.53307,1.53346,12845537500
1205254800000,1.5335,1.53422,1.53267,1.53305,12704300000
1205255700000,1.53296,1.53395,1.53279,1.53309,12689700000
1205256600000,1.53309,1.53373,1.53238,1.53287,11049547000
1205257500000,1.53254,1.53344,1.53207,1.53301,12184300000
1205258400000,1.53303,1.53316,1.53103,1.53173,8500100000
1205259300000,1.53184,1.53273,1.53095,1.53243,6027800000
1205260200000,1.53239,1.53261,1.53043,1.53071,7234700000
1205261100000,1.53082,1.53187,1.53042,1.53147,7508600000
1205262000000,1.53142,1.53189,1.5304,1.53097,4836975000
1205262900000,1.53098,1.53246,1.53063,1.53208,4871137500
1205263800000,1.5322,1.53254,1.53161,1.53216,4112447000
1205264700000,1.53213,1.53256,1.531,1.53155,5712247000
1205265600000,1.53145,1.53188,1.53088,1.53125,5496600000
1205266500000,1.53127,1.53246,1.53094,1.53219,2525200000
1205267400000,1.53235,1.53353,1.53207,1.53331,4861450000
1205268300000,1.53337,1.53372,1.53287,1.53361,4691297000
1205269200000,1.53367,1.53383,1.5328,1.53327,4498500000
1205270100000,1.5332,1.53352,1.5328,1.53296,5488200000
1205271000000,1.53303,1.53379,1.53285,1.53345,7543247000
1205271900000,1.53329,1.534,1.53302,1.53393,6053400000
1205272800000,1.53387,1.53427,1.53346,1.53395,6641575000
1205273700000,1.5341,1.53417,1.53324,1.53386,4514347000
1205274600000,1.5342,1.53452,1.53357,1.53408,7052600000
1205275500000,1.53419,1.53447,1.53381,1.53405,6459297000
1205276400000,1.53399,1.53449,1.53362,1.53412,11566925000
1205277300000,1.53401,1.53454,1.53329,1.53367,5243822000
1205278200000,1.53356,1.53444,1.53306,1.53399,5556450000
1205279100000,1.53401,1.53415,1.53329,1.53355,5694750000
1205280000000,1.53372,1.53431,1.53323,1.53397,3730375000
1205280900000,1.53391,1.53486,1.53371,1.53426,2855100000
1205281800000,1.53443,1.53489,1.534,1.53458,3656175000
1205282700000,1.53468,1.53553,1.53409,1.53497,2202500000
1205283600000,1.53514,1.53552,1.53447,1.53493,2691950000
1205284500000,1.53487,1.53503,1.53423,1.53473,2214100000
1205285400000,1.53468,1.53572,1.53444,1.53544,1567000000
1205286300000,1.53542,1.53569,1.53504,1.53538,1878800000
1205287200000,1.53523,1.53608,1.53501,1.53578,2782237500
1205288100000,1.53578,1.53607,1.53531,1.53575,2279800000
1205289000000,1.53597,1.53618,1.53511,1.53574,4242500000
1205289900000,1.53568,1.53598,1.53483,1.53536,2262200000
1205290800000,1.53528,1.53587,1.53498,1.53535,3730600000
1205291700000,1.53535,1.53574,1.53485,1.53535,5084200000
1205292600000,1.5353,1.53616,1.53502,1.53579,5462200000
1205293500000,1.53592,1.53629,1.53542,1.53578,7674800000
1205294400000,1.53589,1.53621,1.53519,1.53557,6436100000
1205295300000,1.5358,1.53636,1.53536,1.536,5424550000
1205296200000,1.53615,1.53639,1.53573,1.53618,6612300000
1205297100000,1.53607,1.53886,1.53589,1.53773,8445547000
1205298000000,1.53763,1.53826,1.53679,1.53723,8439650000
1205298900000,1.53716,1.53778,1.5368,1.53717,10546900000
1205299800000,1.53708,1.53736,1.53612,1.53679,6542100000
1205300700000,1.5367,1.53709,1.53562,1.53615,8630084500
1205301600000,1.53616,1.53752,1.53607,1.53717,12993500000
1205302500000,1.53725,1.53757,1.53604,1.53642,11619937500
1205303400000,1.53649,1.53702,1.53587,1.53617,8403100000
1205304300000,1.53628,1.53675,1.53517,1.53548,8028500000
1205305200000,1.5354,1.53772,1.53518,1.53727,11835500000
1205306100000,1.53725,1.53777,1.53675,1.53718,10430037500
1205307000000,1.53722,1.53879,1.53676,1.53841,12186137500
1205307900000,1.53809,1.5386,1.53623,1.53651,14097497000
1205308800000,1.53706,1.53785,1.53606,1.53681,14881497000
1205309700000,1.53685,1.53722,1.53602,1.53664,13388750000
1205310600000,1.53665,1.53707,1.53503,1.53517,14884537500
1205311500000,1.53525,1.53679,1.53495,1.53658,14769647000
1205312400000,1.53647,1.53769,1.53601,1.53725,15356275000
1205313300000,1.53714,1.53749,1.53645,1.53677,14023237500
1205314200000,1.53731,1.53778,1.53653,1.53755,16228597000
1205315100000,1.53751,1.5401,1.53703,1.54001,16718150000
1205316000000,1.53989,1.54515,1.53956,1.54515,5077500000
1205316900000,1.54487,1.54776,1.54402,1.54661,15886087500
1205317800000,1.5464,1.54716,1.54512,1.54603,17027600000
1205318700000,1.54602,1.54619,1.54328,1.5436,15996400000
1205319600000,1.5437,1.54637,1.54337,1.54459,15444600000
1205320500000,1.54454,1.54625,1.54413,1.54548,17761750000
1205321400000,1.54539,1.54604,1.54507,1.5457,17159200000
1205322300000,1.54549,1.54724,1.5453,1.54588,14861187500
1205323200000,1.54567,1.54857,1.54544,1.54843,14764550000
1205324100000,1.54857,1.54908,1.54636,1.54685,9831747000
1205325000000,1.54682,1.54802,1.54597,1.54715,8833800000
1205325900000,1.54714,1.5487,1.54643,1.54752,8592247000
1205326800000,1.54755,1.54865,1.54653,1.54744,10583650000
1205327700000,1.54714,1.54797,1.54682,1.54723,8281237500
1205328600000,1.54752,1.54758,1.54386,1.5465,12012887500
1205329500000,1.54654,1.54963,1.54626,1.54831,9348450000
1205330400000,1.54835,1.55033,1.54792,1.5488,11662547000
1205331300000,1.5486,1.5494,1.54764,1.54811,11772600000
1205332200000,1.54817,1.54836,1.54615,1.54751,10771050000
1205333100000,1.54752,1.5476,1.54592,1.54614,11454200000
1205334000000,1.5463,1.5468,1.54562,1.54658,10857300000
1205334900000,1.54656,1.54906,1.54594,1.54834,12208447000
1205335800000,1.54832,1.55128,1.54818,1.54872,10160175000
1205336700000,1.54868,1.55056,1.54703,1.54923,13726900000
1205337600000,1.54901,1.55066,1.54819,1.55033,13266850000
1205338500000,1.55005,1.5503,1.54913,1.55003,15441400000
1205339400000,1.55025,1.55064,1.54889,1.54896,12798800000
1205340300000,1.5493,1.54946,1.54778,1.54818,12938684500
1205341200000,1.54844,1.54907,1.54743,1.54903,13833950000
1205342100000,1.54904,1.55088,1.5484,1.55003,12155597000
1205343000000,1.55013,1.55066,1.54887,1.5494,11917847000
1205343900000,1.54934,1.55171,1.54924,1.5513,12343200000
1205344800000,1.55125,1.55253,1.55086,1.55213,7660250000
1205345700000,1.55212,1.55249,1.55078,1.55202,5990350000
1205346600000,1.55212,1.55212,1.55109,1.5515,6912700000
1205347500000,1.5515,1.55235,1.55089,1.55212,7567850000
1205348400000,1.55219,1.55378,1.55141,1.5531,5011200000
1205349300000,1.55292,1.55566,1.55263,1.55474,4339800000
1205350200000,1.5547,1.55521,1.55213,1.55282,4271700000
1205351100000,1.55271,1.55604,1.55264,1.55549,5486000000
1205352000000,1.55555,1.55699,1.55504,1.55553,5245900000
1205352900000,1.5554,1.55594,1.55472,1.55492,2849300000
1205353800000,1.55505,1.55533,1.55372,1.55415,5058200000
1205354700000,1.55406,1.55511,1.55369,1.55483,4887200000
1205355600000,1.55467,1.55561,1.55441,1.5554,4473150000
1205356500000,1.55544,1.55572,1.55425,1.55507,5628747000
1205357400000,1.555,1.55703,1.55422,1.55667,7962900000
1205358300000,1.55641,1.55725,1.55557,1.55643,5623700000
1205359200000,1.55639,1.55653,1.55506,1.55536,6357247000
1205360100000,1.55546,1.55546,1.55322,1.55365,4686100000
1205361000000,1.5535,1.55386,1.5527,1.55323,7178037500
1205361900000,1.55315,1.55356,1.55252,1.55286,6543100000
1205362800000,1.55268,1.55377,1.55243,1.55353,10830847000
1205363700000,1.55335,1.55371,1.55293,1.55338,5074300000
1205364600000,1.55331,1.55355,1.55232,1.55287,5733900000
1205365500000,1.55303,1.55425,1.55259,1.55386,6162850000
1205366400000,1.55392,1.55438,1.55327,1.55377,3853800000
1205367300000,1.55382,1.55409,1.55239,1.55268,2954400000
1205368200000,1.55268,1.55337,1.55216,1.55252,3802500000
1205369100000,1.55251,1.55306,1.55181,1.55227,2702000000
1205370000000,1.55229,1.55294,1.55184,1.55281,2652100000
1205370900000,1.55282,1.55425,1.55256,1.55377,2446900000
1205371800000,1.55376,1.55547,1.55351,1.55427,1822850000
1205372700000,1.55415,1.55443,1.5533,1.55368,2076400000
1205373600000,1.55372,1.55512,1.55347,1.55432,2772000000
1205374500000,1.55422,1.55464,1.55383,1.55431,2314150000
1205375400000,1.55457,1.55505,1.55388,1.55421,4308747000
1205376300000,1.55429,1.5554,1.55394,1.55511,2095900000
1205377200000,1.55516,1.55652,1.55469,1.55588,3397800000
1205378100000,1.55586,1.55862,1.55553,1.55834,5140800000
1205379000000,1.55824,1.5586,1.55477,1.5555,5419347000
1205379900000,1.55545,1.5567,1.55492,1.55636,7425000000
1205380800000,1.55647,1.55689,1.55569,1.55649,6426600000
1205381700000,1.55647,1.55667,1.555,1.55512,5198100000
1205382600000,1.55517,1.55648,1.55487,1.55616,6811200000
1205383500000,1.55615,1.55777,1.55555,1.55697,8456600000
1205384400000,1.55696,1.55748,1.55581,1.55645,8322300000
1205385300000,1.55645,1.55687,1.55491,1.55565,10814100000
1205386200000,1.5556,1.5568,1.55536,1.55633,6996450000
1205387100000,1.55636,1.55671,1.55547,1.55576,8396747000
1205388000000,1.55593,1.5562,1.55468,1.55517,12428637500
1205388900000,1.55517,1.55736,1.55453,1.55492,11558075000
1205389800000,1.555,1.55619,1.55472,1.55591,8357600000
1205390700000,1.55593,1.55628,1.55408,1.55423,8281747000
1205391600000,1.5541,1.55569,1.55331,1.55447,11436900000
1205392500000,1.55457,1.55737,1.55411,1.55695,10157400000
1205393400000,1.55685,1.55772,1.55605,1.55737,12039675000
1205394300000,1.55741,1.55915,1.55594,1.55633,14167600000
1205395200000,1.55623,1.55749,1.55464,1.55643,14459037500
1205396100000,1.55644,1.55844,1.55598,1.55748,13786537500
1205397000000,1.55755,1.55924,1.55666,1.55881,14837781500
1205397900000,1.55885,1.55927,1.55746,1.55777,14552800000
1205398800000,1.55779,1.56236,1.55743,1.56085,15065800000
1205399700000,1.56065,1.56129,1.55811,1.55923,15045644000
1205400600000,1.55904,1.55978,1.55755,1.55841,15378387500
1205401500000,1.55834,1.55916,1.55735,1.55847,16289950000
1205402400000,1.55842,1.55931,1.55811,1.55863,5428750000
1205403300000,1.55857,1.55909,1.55685,1.55755,15864900000
1205404200000,1.55758,1.5596,1.55721,1.55845,17207100000
1205405100000,1.55835,1.56129,1.5579,1.55959,16208050000
1205406000000,1.55972,1.56061,1.55885,1.55915,15550594000
1205406900000,1.55897,1.55941,1.55806,1.55871,17933981500
1205407800000,1.55865,1.55927,1.55816,1.55905,17415200000
1205408700000,1.55892,1.55959,1.55794,1.55815,14425784500
1205409600000,1.55821,1.5584,1.55682,1.55789,14932000000
1205410500000,1.55777,1.55952,1.55704,1.55833,9653937500
1205411400000,1.55854,1.56068,1.55475,1.55581,8596200000
1205412300000,1.55522,1.5578,1.55522,1.55681,8954147000
1205413200000,1.55695,1.55875,1.55655,1.55755,10789800000
1205414100000,1.55749,1.55929,1.55683,1.559,8927437500
1205415000000,1.559,1.56003,1.55809,1.55931,11938987500
1205415900000,1.55938,1.56162,1.55907,1.5598,8929500000
1205416800000,1.55987,1.56011,1.55795,1.55843,12015350000
1205417700000,1.5586,1.55936,1.55792,1.55912,11202487500
1205418600000,1.55885,1.55938,1.55831,1.55885,10842900000
1205419500000,1.55895,1.55991,1.55816,1.55844,11753300000
1205420400000,1.5584,1.55917,1.55611,1.55677,10862347000
1205421300000,1.55676,1.55825,1.55616,1.55734,11996047000
1205422200000,1.55731,1.55831,1.55597,1.55678,10079450000
1205423100000,1.55682,1.5583,1.55643,1.55813,13360937500
1205424000000,1.55799,1.55828,1.55564,1.55706,13574247000
1205424900000,1.55687,1.55855,1.55663,1.55765,14823137500
1205425800000,1.55789,1.55887,1.55715,1.55868,13385400000
1205426700000,1.55865,1.56032,1.55825,1.55908,13457450000
1205427600000,1.55885,1.55919,1.55703,1.55773,13730250000
1205428500000,1.55765,1.55812,1.55622,1.55673,12026700000
1205429400000,1.55677,1.55758,1.5562,1.55724,11778697000
1205430300000,1.55733,1.55833,1.55636,1.55721,11786047000
1205431200000,1.55718,1.558,1.55619,1.55721,8098750000
1205432100000,1.5572,1.55749,1.55637,1.55659,6193900000
1205433000000,1.55634,1.5578,1.55599,1.55752,7247550000
1205433900000,1.55752,1.5592,1.55709,1.55826,7254900000
1205434800000,1.55838,1.55861,1.55674,1.55709,4768900000
1205435700000,1.55706,1.55905,1.557,1.55862,4256000000
1205436600000,1.55863,1.56066,1.55813,1.56041,3990900000
1205437500000,1.56062,1.56147,1.55996,1.56077,5429187500
1205438400000,1.56068,1.56177,1.56042,1.56157,5376300000
1205439300000,1.56159,1.56235,1.56122,1.56188,2582900000
1205440200000,1.56173,1.56433,1.56173,1.56247,4819737500
1205441100000,1.56233,1.56354,1.56159,1.56333,4911300000
1205442000000,1.56335,1.56383,1.56298,1.56364,4563087500
1205442900000,1.56359,1.56431,1.56331,1.56395,5536300000
1205443800000,1.56397,1.56412,1.56327,1.56368,8177147000
1205444700000,1.56365,1.56371,1.56188,1.56252,5820700000
1205445600000,1.56247,1.56277,1.56155,1.562,6693347000
1205446500000,1.56191,1.5625,1.56143,1.56167,4549600000
1205447400000,1.56167,1.56252,1.56143,1.56186,7246250000
1205448300000,1.56196,1.56255,1.56068,1.5609,6363900000
1205449200000,1.56086,1.56151,1.5597,1.56096,11718447000
1205450100000,1.561,1.56198,1.56069,1.56096,5525300000
1205451000000,1.56103,1.5618,1.56078,1.56155,5758600000
1205451900000,1.56159,1.56252,1.56137,1.56189,5857400000
1205452800000,1.56194,1.56215,1.56073,1.56096,3807100000
1205453700000,1.56102,1.56137,1.56046,1.56071,2517447000
1205454600000,1.56068,1.56099,1.55962,1.56028,3772300000
1205455500000,1.56018,1.56042,1.55884,1.55915,2667450000
1205456400000,1.55922,1.55949,1.55835,1.55861,2844100000
1205457300000,1.55863,1.55958,1.55855,1.55923,2405500000
1205458200000,1.55938,1.56016,1.55906,1.55985,1778400000
1205459100000,1.55978,1.56038,1.55964,1.5598,2062000000
1205460000000,1.55983,1.56123,1.55936,1.56062,2857500000
1205460900000,1.56082,1.56097,1.55982,1.56021,2384000000
1205461800000,1.56017,1.56122,1.55975,1.56073,3889700000
1205462700000,1.56064,1.56089,1.55941,1.56023,2068300000
1205463600000,1.55999,1.56093,1.55972,1.56044,3883300000
1205464500000,1.56052,1.56089,1.56003,1.56054,5096200000
1205465400000,1.56038,1.56046,1.55913,1.55966,5512800000
1205466300000,1.55967,1.5606,1.55898,1.55991,7033700000
1205467200000,1.55987,1.56089,1.55931,1.56054,6606100000
1205468100000,1.56042,1.56208,1.56027,1.56107,5684100000
1205469000000,1.5615,1.56177,1.56082,1.56148,6513600000
1205469900000,1.56143,1.56381,1.56106,1.56316,8578850000
1205470800000,1.5632,1.56352,1.56243,1.56295,8546950000
1205471700000,1.56272,1.56424,1.56259,1.56367,10808400000
1205472600000,1.5636,1.56506,1.56292,1.56314,6608950000
1205473500000,1.56326,1.5634,1.56247,1.56305,8773347000
1205474400000,1.56313,1.56319,1.56094,1.56145,12631550000
1205475300000,1.56131,1.56327,1.56102,1.56282,11248850000
1205476200000,1.56288,1.56309,1.56104,1.56153,8574600000
1205477100000,1.56147,1.56189,1.56046,1.56107,8132284500
1205478000000,1.5609,1.56232,1.56016,1.56164,11523700000
1205478900000,1.56168,1.56242,1.56069,1.56122,9710297000
1205479800000,1.56125,1.56174,1.55944,1.55976,11935150000
1205480700000,1.55963,1.56121,1.55886,1.55899,14034387500
1205481600000,1.55884,1.55994,1.5582,1.55885,14139937500
1205482500000,1.55895,1.55927,1.55683,1.55818,14058900000
1205483400000,1.55813,1.5585,1.55685,1.55753,14751275000
1205484300000,1.55757,1.5578,1.55545,1.55609,14807797000
1205485200000,1.55607,1.55829,1.55554,1.55801,14936337500
1205486100000,1.55797,1.55926,1.55763,1.55845,14945800000
1205487000000,1.55855,1.55861,1.55711,1.55727,15605050000
1205487900000,1.55743,1.55829,1.55667,1.55756,16965697000
1205488800000,1.55732,1.55864,1.55582,1.55634,5256147000
1205489700000,1.55618,1.5572,1.55385,1.55475,16019000000
1205490600000,1.5546,1.55617,1.55426,1.55585,17102434500
1205491500000,1.55583,1.55659,1.55528,1.55555,16563812500
1205492400000,1.55604,1.5561,1.55358,1.55446,15267075000
1205493300000,1.55433,1.55466,1.55294,1.55354,17036800000
1205494200000,1.55392,1.55568,1.55331,1.55455,16570950000
1205495100000,1.55432,1.55578,1.55407,1.55515,14470547000
1205496000000,1.55507,1.55746,1.55474,1.55693,14446800000
1205496900000,1.55687,1.55786,1.5564,1.55778,9853850000
1205497800000,1.55825,1.55933,1.55367,1.55494,8890500000
1205498700000,1.55523,1.55687,1.55333,1.55593,8858100000
1205499600000,1.55593,1.55717,1.55475,1.55619,10591350000
1205500500000,1.55584,1.55694,1.55445,1.55617,8722600000
1205501400000,1.55622,1.56072,1.55606,1.55936,12055100000
1205502300000,1.55912,1.56479,1.55777,1.56408,9375300000
1205503200000,1.56459,1.56869,1.56329,1.56667,11628950000
1205504100000,1.56667,1.56685,1.56268,1.5637,11463500000
1205505000000,1.56375,1.56648,1.56325,1.56486,10594184500
1205505900000,1.56479,1.56626,1.56344,1.56348,11251487500
1205506800000,1.56341,1.56406,1.56047,1.56245,10632597000
1205507700000,1.56256,1.56456,1.56231,1.56297,11974200000
1205508600000,1.56269,1.56362,1.55975,1.5604,10275800000
1205509500000,1.56033,1.56178,1.55965,1.56035,13768800000
1205510400000,1.56013,1.56259,1.5599,1.56086,12806697000
1205511300000,1.56048,1.56217,1.55953,1.56193,16033547000
1205512200000,1.56178,1.5636,1.56081,1.56331,13158000000
1205513100000,1.56317,1.56395,1.56111,1.56165,12665300000
1205514000000,1.56153,1.56173,1.56034,1.56111,14309047000
1205514900000,1.56123,1.56353,1.56063,1.56341,11807547000
1205515800000,1.56335,1.56601,1.56307,1.5654,11483847000
1205516700000,1.56536,1.56606,1.56403,1.56448,12540300000
1205517600000,1.56443,1.5657,1.56329,1.56442,7881300000
1205518500000,1.56462,1.5668,1.56343,1.56348,5796700000
1205519400000,1.56364,1.56625,1.56291,1.56539,7106400000
1205520300000,1.56532,1.56676,1.56501,1.56645,7543250000
1205521200000,1.56648,1.56747,1.56451,1.56497,4989100000
1205522100000,1.565,1.56538,1.56418,1.56427,4337800000
1205523000000,1.56429,1.56661,1.56412,1.56648,4070000000
1205523900000,1.56652,1.56715,1.56594,1.56695,5385747000
1205524800000,1.56663,1.56732,1.5661,1.56668,5081900000
1205525700000,1.56666,1.56678,1.566,1.56662,2529400000
1205526600000,1.56652,1.56751,1.56643,1.56688,4800900000
1205527500000,1.56687,1.56752,1.56647,1.56714,4829497000
1205701200000,1.56745,1.5683,1.56709,1.56797,5014900000
1205702100000,1.56786,1.56835,1.56757,1.56811,5476100000
1205703000000,1.5678,1.56886,1.5678,1.56868,8066500000
1205703900000,1.56859,1.5734,1.56851,1.57235,5965700000
1205704800000,1.57177,1.57398,1.57175,1.57199,6896847000
1205705700000,1.57181,1.57335,1.57175,1.57298,4812747000
1205706600000,1.57313,1.57366,1.57196,1.57249,7125250000
1205707500000,1.5724,1.57274,1.56959,1.57001,6434850000
1205708400000,1.57008,1.57251,1.56999,1.57094,11535447000
1205709300000,1.57071,1.57187,1.56814,1.57009,5169522000
1205710200000,1.57013,1.57378,1.57012,1.57313,5910500000
1205711100000,1.57307,1.57694,1.57289,1.57478,6024700000
1205712000000,1.57478,1.57593,1.57403,1.57455,4143400000
1205712900000,1.57464,1.58011,1.5744,1.57982,2693900000
1205713800000,1.57995,1.58061,1.57778,1.57838,3784237500
1205714700000,1.57836,1.57923,1.57692,1.57848,2647600000
1205715600000,1.57858,1.57926,1.57736,1.57843,2585500000
1205716500000,1.5785,1.58362,1.57784,1.58315,2486300000
1205717400000,1.58339,1.58396,1.58186,1.58238,1627700000
1205718300000,1.58222,1.58227,1.58091,1.58148,2017200000
1205719200000,1.58135,1.58218,1.58089,1.5813,2797800000
1205720100000,1.58118,1.59021,1.58095,1.58958,2306200000
1205721000000,1.58977,1.58997,1.58602,1.58676,4098400000
1205721900000,1.5869,1.58755,1.58552,1.58632,1989600000
1205722800000,1.58643,1.58753,1.58521,1.58589,3697100000
1205723700000,1.5858,1.587,1.58494,1.58644,5110000000
1205724600000,1.58626,1.58803,1.58562,1.58705,5651900000
1205725500000,1.5872,1.58747,1.58412,1.58425,7447400000
1205726400000,1.58425,1.58445,1.58227,1.58308,6405300000
1205727300000,1.58305,1.58531,1.58277,1.58488,5334100000
1205728200000,1.58521,1.58524,1.58258,1.58338,6819700000
1205729100000,1.58327,1.58443,1.58288,1.58395,8588550000
1205730000000,1.5839,1.58425,1.58219,1.58246,8322900000
1205730900000,1.58249,1.58459,1.58217,1.58435,10623950000
1205731800000,1.58417,1.58579,1.58386,1.58528,6948937500
1205732700000,1.5855,1.58585,1.58384,1.58495,8826900000
1205733600000,1.58506,1.58548,1.58193,1.58295,12563650000
1205734500000,1.58284,1.58311,1.58068,1.5813,11798500000
1205735400000,1.58141,1.58216,1.58005,1.58133,8911922000
1205736300000,1.5814,1.58168,1.57963,1.58008,8582437500
1205737200000,1.57993,1.58237,1.57978,1.5811,11766450000
1205738100000,1.58103,1.58128,1.57717,1.57778,10383675000
1205739000000,1.57775,1.57877,1.5769,1.57753,12596300000
1205739900000,1.57745,1.57783,1.5749,1.57599,14258297000
1205740800000,1.57629,1.57909,1.57556,1.57826,14524897000
1205741700000,1.57837,1.58137,1.57648,1.57791,14513000000
1205742600000,1.57805,1.57967,1.57737,1.57901,14781287500
1205743500000,1.57891,1.57944,1.57703,1.57922,14660200000
1205744400000,1.57913,1.58074,1.57796,1.58029,15031650000
1205745300000,1.58021,1.58054,1.5787,1.57945,14858100000
1205746200000,1.57954,1.57972,1.57665,1.57839,15973837500
1205747100000,1.57838,1.57956,1.57756,1.57786,17018250000
1205748000000,1.5778,1.57849,1.57267,1.57447,5330047000
1205748900000,1.57423,1.57601,1.57348,1.57545,16169437500
1205749800000,1.57558,1.5767,1.57477,1.57645,16743447000
1205750700000,1.57655,1.57759,1.576,1.57687,16541634500
1205751600000,1.57718,1.57794,1.57617,1.57679,15231387500
1205752500000,1.57689,1.57766,1.57622,1.57669,17143600000
1205753400000,1.57688,1.5805,1.57653,1.5804,17451584500
1205754300000,1.58038,1.58126,1.57778,1.57827,14348900000
1205755200000,1.57815,1.57868,1.57596,1.57639,14629650000
1205756100000,1.57635,1.5786,1.57574,1.57755,9896650000
1205757000000,1.57771,1.57825,1.57634,1.57665,8642500000
1205757900000,1.57653,1.57721,1.57246,1.57557,8885050000
1205758800000,1.57569,1.57706,1.57454,1.5764,10964575000
1205759700000,1.57648,1.5769,1.57172,1.57294,8759737500
1205760600000,1.57301,1.57343,1.56859,1.57149,12230497000
1205761500000,1.57164,1.57269,1.57063,1.57172,9227497000
1205762400000,1.57191,1.57559,1.57168,1.57487,11786194000
1205763300000,1.57494,1.57567,1.57304,1.57396,11079350000
1205764200000,1.57395,1.57658,1.57347,1.57565,10426500000
1205765100000,1.57557,1.57666,1.57511,1.57621,11438537500
1205766000000,1.57628,1.57655,1.57543,1.57569,11423737500
1205766900000,1.57558,1.57899,1.57493,1.57879,11766500000
1205767800000,1.57871,1.57903,1.5715,1.57492,10190450000
1205768700000,1.57495,1.57656,1.57354,1.57638,14083797000
1205769600000,1.57622,1.57719,1.57531,1.57667,13093987500
1205770500000,1.5767,1.57686,1.57405,1.57522,15631400000
1205771400000,1.57524,1.57609,1.57416,1.57461,13831550000
1205772300000,1.57463,1.57559,1.57364,1.57545,13258400000
1205773200000,1.57533,1.57635,1.57426,1.57486,13476150000
1205774100000,1.57463,1.57482,1.57352,1.57368,12443637500
1205775000000,1.57364,1.57387,1.57129,1.57282,11777094000
1205775900000,1.57292,1.57348,1.57167,1.57198,12440897000
1205776800000,1.57159,1.57276,1.57112,1.57217,8126484500
1205777700000,1.57217,1.57259,1.57065,1.57187,5757847000
1205778600000,1.57175,1.57259,1.57091,1.57222,7229900000
1205779500000,1.57229,1.57301,1.57167,1.57277,7284500000
1205780400000,1.57276,1.57364,1.57207,1.57342,4938637500
1205781300000,1.57341,1.57467,1.57325,1.57433,4458884500
1205782200000,1.57444,1.57481,1.57334,1.5735,4060575000
1205783100000,1.5735,1.57512,1.5732,1.5746,5575125000
1205784000000,1.57448,1.5749,1.57268,1.57324,5128200000
1205784900000,1.57299,1.57361,1.57259,1.57342,2637000000
1205785800000,1.57317,1.57343,1.57211,1.57273,4897147000
1205786700000,1.57261,1.57292,1.57202,1.57283,4838200000
1205787600000,1.57269,1.57329,1.57238,1.5728,4571137500
1205788500000,1.57262,1.57296,1.57225,1.57265,5388100000
1205789400000,1.5727,1.573,1.57231,1.5725,8427800000
1205790300000,1.57248,1.57305,1.57227,1.57267,5836500000
1205791200000,1.57272,1.57306,1.5715,1.57168,6595250000
1205792100000,1.57166,1.5727,1.57144,1.57226,4704547000
1205793000000,1.5724,1.57258,1.57145,1.57228,6883100000
1205793900000,1.57229,1.57245,1.57095,1.57154,6879237500
1205794800000,1.5714,1.57267,1.57106,1.57211,11138400000
1205795700000,1.57212,1.57252,1.57119,1.5715,5181000000
1205796600000,1.57158,1.57198,1.57119,1.57175,5781600000
1205797500000,1.57183,1.57446,1.57155,1.57418,6125900000
1205798400000,1.57425,1.57524,1.57333,1.57436,3836550000
1205799300000,1.5743,1.57539,1.57381,1.57408,2713000000
1205800200000,1.57395,1.57615,1.57336,1.57558,3767600000
1205801100000,1.57584,1.57631,1.57354,1.57379,2697400000
1205802000000,1.57362,1.5743,1.57332,1.57397,2833637500
1205802900000,1.57389,1.57457,1.57353,1.57415,2395500000
1205803800000,1.5744,1.57488,1.57339,1.57372,1527800000
1205804700000,1.57362,1.57421,1.57287,1.57372,2243200000
1205805600000,1.57347,1.57435,1.57216,1.57428,2700000000
1205806500000,1.57447,1.575,1.57381,1.57487,2435500000
1205807400000,1.57497,1.57572,1.57422,1.57537,4169637500
1205808300000,1.57567,1.57588,1.57452,1.57551,2030500000
1205809200000,1.57573,1.57837,1.57515,1.57814,3701050000
1205810100000,1.57807,1.57833,1.57684,1.57778,5060500000
1205811000000,1.5773,1.57841,1.57694,1.57813,5260747000
1205811900000,1.57813,1.57927,1.57782,1.5784,7311787500
1205812800000,1.57857,1.57889,1.57785,1.57842,6631700000
1205813700000,1.5784,1.57873,1.57759,1.57794,5542800000
1205814600000,1.57802,1.5783,1.57731,1.57765,6742050000
1205815500000,1.57775,1.57791,1.57711,1.57755,8683450000
1205816400000,1.57756,1.57772,1.57671,1.57695,8536200000
1205817300000,1.5768,1.57747,1.57646,1.57727,10397350000
1205818200000,1.57736,1.57736,1.5761,1.57637,6927800000
1205819100000,1.57647,1.57733,1.57587,1.57678,9221700000
1205820000000,1.57667,1.57832,1.57639,1.57807,12708000000
1205820900000,1.57807,1.57876,1.57749,1.57796,11229100000
1205821800000,1.57769,1.57816,1.57674,1.57699,8248800000
1205822700000,1.57692,1.5778,1.57605,1.57718,8002287500
1205823600000,1.5772,1.57764,1.57626,1.57695,11984647000
1205824500000,1.57684,1.57709,1.57471,1.57575,10095484500
1205825400000,1.57585,1.57638,1.57488,1.57622,12101734500
1205826300000,1.57623,1.57708,1.57485,1.57516,13864522000
1205827200000,1.57527,1.57638,1.57387,1.57585,14052050000
1205828100000,1.57585,1.57637,1.57505,1.57601,13602100000
1205829000000,1.57589,1.57763,1.57575,1.57655,14702900000
1205829900000,1.57655,1.57758,1.57573,1.57653,13680700000
1205830800000,1.57641,1.57818,1.57621,1.57729,15248637500
1205831700000,1.57741,1.57785,1.57629,1.57702,15102050000
1205832600000,1.57714,1.57849,1.57652,1.57825,15612150000
1205833500000,1.57815,1.5792,1.57764,1.5781,17131600000
1205834400000,1.57804,1.58086,1.5778,1.58043,5179300000
1205835300000,1.58075,1.58311,1.58038,1.58257,15783000000
1205836200000,1.58277,1.58289,1.5808,1.58115,16309950000
1205837100000,1.58097,1.58177,1.58043,1.5811,16072437500
1205838000000,1.58108,1.58218,1.58035,1.58203,15548837500
1205838900000,1.58215,1.58248,1.58086,1.58187,17107550000
1205839800000,1.58201,1.58237,1.58122,1.58186,17430334500
1205840700000,1.58176,1.58235,1.58077,1.58098,14324537500
1205841600000,1.581,1.58156,1.57914,1.57935,14517550000
1205842500000,1.57945,1.57985,1.57636,1.57915,10014200000
1205843400000,1.5791,1.58072,1.57751,1.57977,8985800000
1205844300000,1.57963,1.58007,1.57775,1.57836,8811000000
1205845200000,1.57876,1.57932,1.57611,1.57713,10933100000
1205846100000,1.57686,1.57967,1.57666,1.57777,8742400000
1205847000000,1.57778,1.57845,1.57643,1.57694,12173900000
1205847900000,1.57737,1.57815,1.57658,1.57797,9358525000
1205848800000,1.57813,1.57849,1.57711,1.57782,11758900000
1205849700000,1.57782,1.5792,1.57758,1.57813,11880684500
1205850600000,1.57803,1.57835,1.57656,1.57785,10557000000
1205851500000,1.57779,1.57842,1.57722,1.57751,11348650000
1205852400000,1.57744,1.57906,1.57639,1.5769,11033850000
1205853300000,1.5769,1.57765,1.57564,1.57602,12042100000
1205854200000,1.57613,1.57716,1.57581,1.57698,9948100000
1205855100000,1.57683,1.57885,1.57623,1.57825,13913800000
1205856000000,1.57829,1.57922,1.57762,1.57849,13635100000
1205856900000,1.57852,1.57984,1.57801,1.57923,15352550000
1205857800000,1.57922,1.58076,1.57873,1.57972,13598775000
1205858700000,1.57958,1.57994,1.57803,1.57866,13493050000
1205859600000,1.57862,1.57975,1.57802,1.57953,12885025000
1205860500000,1.57939,1.58007,1.57742,1.57934,11679300000
1205861400000,1.57951,1.58014,1.57839,1.57999,11999800000
1205862300000,1.57995,1.58079,1.57911,1.57993,12411600000
1205863200000,1.5796,1.57997,1.57602,1.57634,8295837500
1205864100000,1.57691,1.57926,1.57296,1.57692,6042250000
1205865000000,1.57684,1.57862,1.57499,1.57556,6652900000
1205865900000,1.57562,1.57626,1.57044,1.57078,7394950000
1205866800000,1.57063,1.57184,1.56638,1.56733,4757600000
1205867700000,1.5672,1.56976,1.56693,1.56919,4549537500
1205868600000,1.56921,1.56992,1.5645,1.5645,4271400000
1205869500000,1.56445,1.56585,1.56316,1.5635,5749800000
1205870400000,1.56352,1.56516,1.56229,1.56409,5300900000
1205871300000,1.56367,1.5641,1.56283,1.56346,2750300000
1205872200000,1.56347,1.56364,1.56206,1.56263,4826437500
1205873100000,1.5627,1.56312,1.56151,1.56227,5140600000
1205874000000,1.56228,1.56281,1.56159,1.56224,4694700000
1205874900000,1.56234,1.56334,1.5619,1.56243,5737600000
1205875800000,1.56245,1.56284,1.56184,1.56241,8369600000
1205876700000,1.56225,1.56261,1.56128,1.56203,6024150000
1205877600000,1.56197,1.5627,1.56081,1.5612,6579594000
1205878500000,1.56098,1.56475,1.56088,1.56444,4436800000
1205879400000,1.56417,1.56475,1.56363,1.56429,7280441000
1205880300000,1.5644,1.56476,1.5634,1.56358,6780200000
1205881200000,1.56356,1.564,1.56298,1.56373,11211500000
1205882100000,1.56365,1.56431,1.56291,1.56377,5324000000
1205883000000,1.56392,1.56522,1.56305,1.56506,6029100000
1205883900000,1.56515,1.56634,1.56478,1.5653,5986000000
1205884800000,1.56519,1.56724,1.5649,1.56637,3871037500
1205885700000,1.56656,1.56728,1.56611,1.56693,2733400000
1205886600000,1.56704,1.56818,1.56676,1.56768,3931100000
1205887500000,1.5678,1.56812,1.56584,1.56584,2768100000
1205888400000,1.56558,1.56647,1.56208,1.56433,2509500000
1205889300000,1.56443,1.56626,1.56401,1.56585,2685600000
1205890200000,1.56585,1.56652,1.56526,1.56595,1585100000
1205891100000,1.56607,1.56762,1.56571,1.56728,2045500000
1205892000000,1.56732,1.56822,1.56692,1.56739,2991800000
1205892900000,1.56735,1.56809,1.56633,1.56785,2340997000
1205893800000,1.56757,1.56812,1.56668,1.56751,4028100000
1205894700000,1.56757,1.5677,1.56649,1.56732,2185700000
1205895600000,1.56738,1.56789,1.56687,1.56735,3516400000
1205896500000,1.56743,1.56766,1.56643,1.56716,4874200000
1205897400000,1.56697,1.56833,1.56678,1.56797,5111800000
1205898300000,1.56792,1.56879,1.56739,1.56846,7397200000
1205899200000,1.56837,1.56933,1.56801,1.56911,6603850000
1205900100000,1.56908,1.57003,1.56855,1.56882,5703900000
1205901000000,1.569,1.57028,1.56843,1.57006,6735887500
1205901900000,1.57001,1.57146,1.56939,1.57041,8823900000
1205902800000,1.57065,1.57113,1.56838,1.56961,8571600000
1205903700000,1.56959,1.57144,1.56897,1.57121,10685337500
1205904600000,1.57107,1.57148,1.5701,1.57018,6880400000
1205905500000,1.57026,1.57059,1.56904,1.56985,8663275000
1205906400000,1.56975,1.57002,1.56853,1.56935,12355450000
1205907300000,1.56926,1.56964,1.56797,1.56923,11563987500
1205908200000,1.56901,1.56946,1.56832,1.56892,8370100000
1205909100000,1.56899,1.5708,1.56746,1.56918,8032647000
1205910000000,1.56917,1.57293,1.56908,1.57266,11508997000
1205910900000,1.57259,1.57287,1.57048,1.57113,10422450000
1205911800000,1.57095,1.57237,1.56953,1.5717,11804100000
1205912700000,1.57164,1.57187,1.57065,1.57096,14226600000
1205913600000,1.57125,1.5718,1.57024,1.57096,14659947000
1205914500000,1.57113,1.57277,1.57021,1.57245,14241147000
1205915400000,1.57245,1.57378,1.57125,1.57335,14785900000
1205916300000,1.57335,1.57775,1.57297,1.57611,14868297000
1205917200000,1.57597,1.57852,1.57474,1.57735,14853175000
1205918100000,1.57692,1.57765,1.57532,1.57575,15175000000
1205919000000,1.57579,1.5764,1.57355,1.57403,15594550000
1205919900000,1.57405,1.57672,1.57353,1.57562,16889900000
1205920800000,1.57562,1.57629,1.57439,1.57576,5156400000
1205921700000,1.57555,1.57589,1.57415,1.57487,16321537500
1205922600000,1.57497,1.57519,1.5729,1.57397,16547650000
1205923500000,1.57393,1.5746,1.57292,1.57363,16189647000
1205924400000,1.57358,1.5742,1.57138,1.57159,15389347000
1205925300000,1.5714,1.57316,1.57057,1.57108,17375747000
1205926200000,1.57111,1.57169,1.56885,1.56962,17670675000
1205927100000,1.56911,1.5704,1.56874,1.56945,14329347000
1205928000000,1.56939,1.57188,1.56886,1.57168,14318747000
1205928900000,1.57165,1.57435,1.57114,1.57418,9636447000
1205929800000,1.57413,1.57436,1.57141,1.57185,9100894000
1205930700000,1.57195,1.57226,1.56932,1.56998,8906197000
1205931600000,1.56968,1.57081,1.56765,1.56899,11375650000
1205932500000,1.56918,1.56934,1.56664,1.56821,8643800000
1205933400000,1.56837,1.57164,1.56815,1.56885,12058000000
1205934300000,1.56879,1.57014,1.56647,1.56981,9343900000
1205935200000,1.5701,1.57096,1.56794,1.57015,12120900000
1205936100000,1.57016,1.57184,1.56961,1.57149,11533000000
1205937000000,1.57168,1.57312,1.57094,1.57117,10721300000
1205937900000,1.57119,1.57148,1.56943,1.5701,11368200000
1205938800000,1.57008,1.57047,1.56775,1.56783,10694600000
1205939700000,1.56798,1.56888,1.56545,1.56556,12131000000
1205940600000,1.56565,1.56707,1.56329,1.56513,10268600000
1205941500000,1.56526,1.56604,1.56341,1.56404,13104400000
1205942400000,1.56396,1.56487,1.56177,1.56319,13690747000
1205943300000,1.56331,1.56485,1.56062,1.56221,15377937500
1205944200000,1.56233,1.5652,1.56173,1.56469,14045384500
1205945100000,1.56467,1.56494,1.56219,1.56382,13158500000
1205946000000,1.5639,1.56588,1.56313,1.56537,13560687500
1205946900000,1.56527,1.56608,1.56454,1.56469,11930000000
1205947800000,1.56452,1.56514,1.56377,1.5645,11443612500
1205948700000,1.5645,1.5671,1.56425,1.56656,12156100000
1205949600000,1.5665,1.56706,1.56496,1.56535,7904700000
1205950500000,1.56535,1.5659,1.56409,1.56429,5961700000
1205951400000,1.56437,1.56454,1.5589,1.56031,6854850000
1205952300000,1.56044,1.56112,1.55808,1.56093,7349300000
1205953200000,1.5609,1.5625,1.56018,1.56109,4947000000
1205954100000,1.56103,1.56149,1.56038,1.56072,4377850000
1205955000000,1.56058,1.56085,1.55842,1.55992,4006750000
1205955900000,1.56006,1.56116,1.55972,1.56084,5343197000
1205956800000,1.56059,1.56127,1.56029,1.56056,5149100000
1205957700000,1.56039,1.56207,1.55995,1.56152,2727900000
1205958600000,1.56155,1.56206,1.56066,1.56181,4670637500
1205959500000,1.56184,1.56256,1.56129,1.56234,4661600000
1205960400000,1.56238,1.56405,1.56191,1.56378,4800647000
1205961300000,1.56359,1.56379,1.56197,1.56229,5425600000
1205962200000,1.56264,1.56379,1.56222,1.56333,8124900000
1205963100000,1.56326,1.56497,1.56307,1.56405,6096084500
1205964000000,1.56408,1.56425,1.56273,1.56317,6566300000
1205964900000,1.56315,1.56427,1.56274,1.56413,4448700000
1205965800000,1.56389,1.56423,1.56301,1.56359,6945500000
1205966700000,1.56334,1.56417,1.56295,1.5639,6575500000
1205967600000,1.56378,1.5643,1.56363,1.5639,11533350000
1205968500000,1.5639,1.56458,1.56366,1.56434,5103147000
1205969400000,1.56435,1.56448,1.56243,1.56279,6080250000
1205970300000,1.5627,1.5636,1.56182,1.56345,5926147000
1205971200000,1.56355,1.56404,1.56254,1.56334,4171000000
1205972100000,1.56345,1.56379,1.56199,1.56228,2825100000
1205973000000,1.56224,1.56241,1.56016,1.56075,3654497000
1205973900000,1.56077,1.56131,1.55676,1.55814,2837900000
1205974800000,1.55828,1.55881,1.55777,1.55832,2745800000
1205975700000,1.5582,1.55996,1.55771,1.55933,2438600000
1205976600000,1.55945,1.55945,1.55768,1.55792,1563500000
1205977500000,1.55802,1.55806,1.55657,1.55699,2108400000
1205978400000,1.55709,1.5589,1.55633,1.55832,2756600000
1205979300000,1.55857,1.55873,1.55682,1.55707,2248700000
1205980200000,1.55727,1.55821,1.55671,1.55808,4258000000
1205981100000,1.55802,1.55839,1.55731,1.55797,2173400000
1205982000000,1.55788,1.5582,1.55681,1.5577,3257400000
1205982900000,1.55781,1.55824,1.55731,1.55816,4990700000
1205983800000,1.55818,1.55928,1.55773,1.55873,5343147000
1205984700000,1.55864,1.55988,1.55771,1.55945,7170000000
1205985600000,1.55959,1.56016,1.55909,1.5598,6510500000
1205986500000,1.56006,1.56074,1.55929,1.56046,5380400000
1205987400000,1.56055,1.56079,1.5599,1.56011,6612800000
1205988300000,1.56005,1.56027,1.55915,1.55955,8587847000
1205989200000,1.5595,1.55975,1.55838,1.55913,8632600000
1205990100000,1.559,1.55981,1.55852,1.55867,10397200000
1205991000000,1.55876,1.55941,1.55829,1.55887,7000484500
1205991900000,1.55888,1.5596,1.55853,1.55943,8659347000
1205992800000,1.5591,1.56026,1.55882,1.55997,12578200000
1205993700000,1.56007,1.56061,1.55866,1.55922,11311650000
1205994600000,1.5592,1.56047,1.55894,1.55926,8360947000
1205995500000,1.55913,1.56044,1.55848,1.55978,8010900000
1205996400000,1.55943,1.56004,1.55811,1.55955,11596847000
1205997300000,1.55951,1.55966,1.55685,1.55813,10380900000
1205998200000,1.55825,1.56006,1.55711,1.55905,11902047000
1205999100000,1.55903,1.55919,1.55686,1.55811,13662987500
1206000000000,1.55777,1.55822,1.55402,1.55474,14165300000
1206000900000,1.55467,1.55618,1.55397,1.55468,13815597000
1206001800000,1.55485,1.5561,1.55445,1.55535,14887487500
1206002700000,1.55539,1.55665,1.55454,1.55556,14449300000
1206003600000,1.55556,1.5557,1.55335,1.55392,15003700000
1206004500000,1.55387,1.55469,1.55078,1.55193,15457347000
1206005400000,1.55194,1.55278,1.54845,1.54877,16330150000
1206006300000,1.54875,1.54916,1.54543,1.54646,16841469000
1206007200000,1.54648,1.54823,1.54557,1.54585,5306547000
1206008100000,1.54515,1.54785,1.54463,1.54717,15433150000
1206009000000,1.54714,1.54717,1.54347,1.54533,16674637500
1206009900000,1.54535,1.54633,1.54389,1.54618,16342750000
1206010800000,1.54621,1.54691,1.54473,1.54575,15453047000
1206011700000,1.54568,1.54698,1.5448,1.54545,17240434500
1206012600000,1.54537,1.54738,1.54294,1.54339,17118437500
1206013500000,1.54328,1.54492,1.54276,1.54447,14498584500
1206014400000,1.54435,1.54559,1.54315,1.54386,14268200000
1206015300000,1.54391,1.54491,1.54256,1.54453,9619775000
1206016200000,1.54455,1.54627,1.54349,1.54526,8969100000
1206017100000,1.54524,1.54548,1.54335,1.54378,8889800000
1206018000000,1.54367,1.54458,1.54175,1.54219,10798222000
1206018900000,1.5422,1.54453,1.54198,1.54378,8780300000
1206019800000,1.5438,1.54419,1.54213,1.5425,12161747000
1206020700000,1.5425,1.54325,1.5412,1.54298,9142600000
1206021600000,1.54277,1.54323,1.53964,1.53989,11650597000
1206022500000,1.5399,1.54143,1.53926,1.54039,11590900000
1206023400000,1.54045,1.54099,1.53962,1.54063,10971237500
1206024300000,1.54061,1.54413,1.54028,1.54302,10924997000
1206025200000,1.54299,1.54324,1.54068,1.5412,10545134500
1206026100000,1.54142,1.54241,1.54002,1.54028,11898300000
1206027000000,1.54041,1.54264,1.54001,1.54206,9936800000
1206027900000,1.54208,1.54289,1.54093,1.54146,13294300000
1206028800000,1.54128,1.54286,1.54128,1.54169,12894325000
1206029700000,1.54183,1.54289,1.54139,1.54224,15382637500
1206030600000,1.54222,1.54237,1.54044,1.54171,13414237500
1206031500000,1.54165,1.54319,1.54112,1.54278,13174247000
1206032400000,1.54273,1.54445,1.54219,1.54333,14200800000
1206033300000,1.54335,1.54684,1.54314,1.54617,12323900000
1206034200000,1.5461,1.54637,1.54452,1.54504,11591000000
1206035100000,1.54518,1.54687,1.54452,1.5464,12263950000
1206036000000,1.54644,1.54679,1.54436,1.54458,8320900000
1206036900000,1.54441,1.54456,1.54334,1.54426,6011075000
1206037800000,1.54412,1.54484,1.54383,1.54432,7341450000
1206038700000,1.54432,1.54457,1.54351,1.54382,7499800000
1206039600000,1.5441,1.54466,1.54369,1.54415,4683050000
1206040500000,1.54418,1.54448,1.54295,1.54329,4298700000
1206041400000,1.54335,1.54364,1.54254,1.543,4196750000
1206042300000,1.54295,1.54305,1.54106,1.54125,5776200000
1206043200000,1.54121,1.54166,1.54066,1.54089,5338237500
1206044100000,1.54084,1.54166,1.54079,1.54155,2716700000
1206045000000,1.54125,1.54335,1.54101,1.54324,5267400000
1206045900000,1.54323,1.54338,1.54209,1.54261,5055050000
1206046800000,1.54255,1.54287,1.54194,1.54237,4969900000
1206047700000,1.54244,1.54398,1.54225,1.54375,5596100000
1206048600000,1.54357,1.54416,1.54267,1.54323,8036550000
1206049500000,1.5433,1.54363,1.54242,1.54282,6198600000
1206050400000,1.54272,1.54347,1.54238,1.54287,6547500000
1206051300000,1.5431,1.54385,1.54288,1.54372,4596500000
1206052200000,1.54355,1.54463,1.54324,1.54449,6896600000
1206053100000,1.5444,1.54494,1.54405,1.54436,6373000000
1206054000000,1.54444,1.54553,1.54403,1.54501,11539700000
1206054900000,1.54504,1.54538,1.54421,1.54451,4945147000
1206055800000,1.54428,1.54499,1.5439,1.54445,5734697000
1206056700000,1.54468,1.54507,1.54316,1.54357,6056200000
1206057600000,1.54324,1.5435,1.542,1.54286,3869675000
1206058500000,1.54264,1.54324,1.54123,1.54188,2727800000
1206059400000,1.54189,1.54287,1.54154,1.5424,3651000000
1206060300000,1.54244,1.54263,1.54014,1.54065,2648050000
1206061200000,1.54061,1.54149,1.54035,1.54092,2779400000
1206062100000,1.54111,1.54165,1.54077,1.54158,2605600000
1206063000000,1.54143,1.54182,1.54099,1.54135,1637900000
1206063900000,1.54125,1.54158,1.54035,1.54108,2217400000
1206064800000,1.54112,1.54175,1.54067,1.54127,2770800000
1206065700000,1.54115,1.54254,1.54101,1.54232,2468900000
1206066600000,1.54209,1.54238,1.54152,1.54201,3970550000
1206067500000,1.54199,1.54243,1.54154,1.54183,2043350000
1206068400000,1.5418,1.5427,1.54142,1.54237,3769100000
1206069300000,1.5423,1.54312,1.54198,1.54249,4800600000
1206070200000,1.54244,1.54279,1.54119,1.54168,5562900000
1206071100000,1.54167,1.54185,1.54123,1.54145,6930800000
1206072000000,1.54191,1.5423,1.54123,1.54153,6482700000
1206072900000,1.54152,1.54202,1.54131,1.54168,5491600000
1206073800000,1.54165,1.54253,1.54137,1.54218,6795750000
1206074700000,1.54217,1.54275,1.54187,1.54215,8390447000
1206075600000,1.54218,1.54307,1.54175,1.54265,8572350000
1206076500000,1.54259,1.54308,1.54191,1.54262,10402250000
1206077400000,1.54237,1.54307,1.54213,1.54258,6988900000
1206078300000,1.54272,1.54412,1.54257,1.54393,8880700000
1206079200000,1.54388,1.54419,1.54344,1.54387,12166697000
1206080100000,1.54378,1.54428,1.54351,1.54402,11733350000
1206081000000,1.54408,1.54526,1.54393,1.54455,8033400000
1206081900000,1.54454,1.54497,1.54354,1.54448,8150100000
1206082800000,1.54435,1.54607,1.54424,1.54585,11811050000
1206083700000,1.54601,1.54655,1.5452,1.5455,10097300000
1206084600000,1.54555,1.54579,1.54467,1.54543,11925700000
1206085500000,1.54553,1.54683,1.54522,1.54555,14334350000
1206086400000,1.54558,1.54616,1.54513,1.54576,14042175000
1206087300000,1.54575,1.54691,1.54554,1.54647,13348297000
1206088200000,1.54668,1.5473,1.54631,1.54666,14587947000
1206089100000,1.54665,1.54739,1.54638,1.54657,15526937500
1206090000000,1.54655,1.54687,1.54551,1.54583,15263147000
1206090900000,1.54577,1.54645,1.54465,1.54519,15014300000
1206091800000,1.54516,1.54539,1.54298,1.54398,14659400000
1206092700000,1.54397,1.54478,1.54391,1.54432,16769100000
1206093600000,1.5441,1.54452,1.54354,1.5437,5478750000
1206094500000,1.5435,1.54451,1.54341,1.54435,15907931500
1206095400000,1.54437,1.54461,1.54348,1.54365,16679187500
1206096300000,1.54383,1.54407,1.54239,1.54255,16161000000
1206097200000,1.54263,1.54322,1.54211,1.54281,15377550000
1206098100000,1.5428,1.54321,1.54226,1.54248,17556950000
1206099000000,1.54267,1.54309,1.54226,1.54265,15622650000
1206099900000,1.54257,1.54316,1.54176,1.54293,14571134500
1206100800000,1.54266,1.54376,1.54246,1.54358,14609050000
1206101700000,1.54356,1.54512,1.54323,1.54435,9655900000
1206102600000,1.54428,1.54585,1.54406,1.54526,8508700000
1206103500000,1.54547,1.54615,1.54517,1.54588,8702950000
1206104400000,1.5459,1.54599,1.54496,1.54593,10910700000
1206105300000,1.54572,1.54607,1.54515,1.54526,8480800000
1206106200000,1.54526,1.54608,1.54491,1.54504,11781900000
1206107100000,1.54507,1.5455,1.54446,1.54521,9143650000
1206108000000,1.54525,1.54543,1.54423,1.54438,12018700000
1206108900000,1.54441,1.54476,1.54399,1.54426,9231200000
1206109800000,1.5445,1.54487,1.5442,1.54435,6416400000
1206110700000,1.54462,1.545,1.54411,1.5443,11412437500
1206111600000,1.54429,1.54469,1.54391,1.54442,10986050000
1206112500000,1.54447,1.54504,1.54393,1.54479,12377994000
1206113400000,1.54464,1.54503,1.54393,1.54426,10280050000
1206114300000,1.54435,1.54476,1.5439,1.54445,13767000000
1206115200000,1.54415,1.54491,1.54407,1.54449,13959994000
1206116100000,1.54437,1.54491,1.54414,1.54457,15724300000
1206117000000,1.5447,1.5448,1.54419,1.5445,13361237500
1206117900000,1.54457,1.54528,1.54418,1.54486,13189200000
1206118800000,1.54487,1.54591,1.5446,1.54522,13587994000
1206119700000,1.54535,1.5455,1.54456,1.54497,12290537500
1206120600000,1.54506,1.54548,1.5445,1.54509,11652834500
1206121500000,1.54497,1.54544,1.54457,1.545,12226984500
1206122400000,1.54532,1.54544,1.54401,1.54461,8296947000
1206123300000,1.54462,1.54485,1.54384,1.54384,6097000000
1206124200000,1.5442,1.54471,1.54313,1.54371,7030337500
1206125100000,1.54374,1.54414,1.54324,1.54366,7443837500
1206126000000,1.54395,1.54402,1.54323,1.5433,4668400000
1206126900000,1.54328,1.54357,1.54263,1.54293,4545500000
1206127800000,1.54316,1.54427,1.54272,1.54406,3937300000
1206128700000,1.54407,1.54489,1.54331,1.54374,5721000000
1206129600000,1.54355,1.54389,1.54288,1.54312,5290000000
1206130500000,1.54312,1.5438,1.54262,1.54272,2539300000
1206131400000,1.5429,1.54326,1.54247,1.54306,4770937500
1206132300000,1.54298,1.54338,1.54243,1.54269,4612300000
1206306000000,1.54349,1.54389,1.54305,1.54337,4852100000
1206306900000,1.54327,1.54347,1.54221,1.54229,5443300000
1206307800000,1.54254,1.54281,1.54205,1.54228,8237150000
1206308700000,1.54226,1.54237,1.54157,1.54205,5806247000
1206309600000,1.5418,1.54245,1.54151,1.54216,6716800000
1206310500000,1.54218,1.54239,1.54125,1.54135,4290747000
1206311400000,1.54137,1.54192,1.5407,1.54107,6844200000
1206312300000,1.54108,1.54143,1.54068,1.54106,6459900000
1206313200000,1.54101,1.54118,1.54009,1.54062,11690900000
1206314100000,1.5406,1.54146,1.54025,1.54071,5013250000
1206315000000,1.54105,1.54164,1.5406,1.54146,5927900000
1206315900000,1.54145,1.54156,1.54003,1.5403,5890200000
1206316800000,1.5406,1.54114,1.53987,1.54028,5907200000
1206317700000,1.54045,1.5409,1.53997,1.54017,5816800000
1206318600000,1.54033,1.54076,1.53978,1.5402,5264047000
1206319500000,1.54028,1.54064,1.53976,1.53996,11585900000
1206320400000,1.53998,1.54036,1.53949,1.53995,6675900000
1206321300000,1.53983,1.54046,1.53949,1.53988,6679300000
1206322200000,1.54031,1.54031,1.53945,1.53988,4581000000
1206323100000,1.53985,1.54005,1.53567,1.5363,6424847000
1206324000000,1.53625,1.53666,1.53494,1.53544,6077694000
1206324900000,1.53557,1.53617,1.53498,1.53591,8216600000
1206325800000,1.53585,1.53651,1.53543,1.53645,5373875000
1206326700000,1.53634,1.5365,1.53556,1.53595,4656550000
1206327600000,1.53598,1.53638,1.53519,1.53537,4847000000
1206328500000,1.53535,1.53573,1.53479,1.53508,5079337500
1206329400000,1.53501,1.53532,1.53388,1.53419,2673900000
1206330300000,1.53415,1.53581,1.53381,1.53477,5385200000
1206331200000,1.53482,1.53537,1.5343,1.53508,5637247000
1206332100000,1.53512,1.53575,1.53479,1.53522,4118600000
1206333000000,1.53514,1.53582,1.53493,1.53559,4348300000
1206333900000,1.53547,1.53593,1.53515,1.53568,4894850000
1206334800000,1.53561,1.53704,1.53544,1.53634,7194100000
1206335700000,1.5367,1.5368,1.53572,1.53655,6571447000
1206336600000,1.53665,1.53706,1.5363,1.53674,6002200000
1206337500000,1.53662,1.53757,1.53631,1.53678,8078937500
1206338400000,1.53661,1.53709,1.53578,1.53678,13086184500
1206339300000,1.5367,1.5375,1.53624,1.53665,11761450000
1206340200000,1.53674,1.53795,1.53631,1.53765,12553337500
1206341100000,1.53765,1.53817,1.53704,1.5375,13858600000
1206342000000,1.53778,1.53813,1.53655,1.53723,12471100000
1206342900000,1.53692,1.53799,1.53662,1.53762,13588894000
1206343800000,1.53777,1.53955,1.53757,1.53907,15821322000
1206344700000,1.53896,1.53925,1.53774,1.53803,13178775000
1206345600000,1.53831,1.53912,1.53771,1.53863,13735797000
1206346500000,1.53874,1.53903,1.53762,1.53834,10112147000
1206347400000,1.53852,1.53926,1.5383,1.53882,11504322000
1206348300000,1.53884,1.53919,1.53818,1.53868,10676400000
1206349200000,1.53858,1.53907,1.53806,1.53855,11211250000
1206350100000,1.53855,1.53897,1.53811,1.53847,11224800000
1206351000000,1.53853,1.53907,1.53822,1.53868,11433850000
1206351900000,1.53865,1.53986,1.53841,1.53953,11455700000
1206352800000,1.53953,1.54349,1.5393,1.54335,9442200000
1206353700000,1.54334,1.54543,1.54318,1.54413,11853900000
1206354600000,1.54408,1.54462,1.54353,1.5439,8889237500
1206355500000,1.54383,1.54447,1.54237,1.54257,10858047000
1206356400000,1.54241,1.54467,1.54182,1.54462,8961700000
1206357300000,1.5447,1.54479,1.54343,1.54443,8709900000
1206358200000,1.54453,1.54477,1.54273,1.54289,9712900000
1206359100000,1.54298,1.54388,1.54221,1.54302,14456550000
1206360000000,1.54299,1.54353,1.54213,1.54242,15013300000
1206360900000,1.54247,1.54328,1.54203,1.54303,17274847000
1206361800000,1.54281,1.54332,1.54256,1.54305,17776200000
1206362700000,1.54304,1.54357,1.542,1.54286,15248837500
1206363600000,1.54284,1.54356,1.54251,1.54315,16441750000
1206364500000,1.54313,1.5443,1.54274,1.54408,16933247000
1206365400000,1.54399,1.54467,1.54225,1.54255,15547200000
1206366300000,1.54251,1.54284,1.54071,1.54209,5402350000
1206367200000,1.54167,1.54167,1.53715,1.53833,16925947000
1206368100000,1.53845,1.5391,1.53766,1.53813,15373887500
1206369000000,1.53815,1.53904,1.53686,1.53811,15142200000
1206369900000,1.53829,1.5387,1.53633,1.53685,15542487500
1206370800000,1.53687,1.53736,1.53615,1.53688,15410650000
1206371700000,1.53694,1.5374,1.5359,1.53723,14833500000
1206372600000,1.53724,1.53751,1.53642,1.53703,13695837500
1206373500000,1.53715,1.53925,1.53673,1.5392,14676900000
1206374400000,1.5393,1.54016,1.5388,1.53961,13971000000
1206375300000,1.53953,1.54087,1.53923,1.54045,12317250000
1206376200000,1.54055,1.5422,1.54002,1.54192,9749884500
1206377100000,1.54193,1.54266,1.54142,1.54181,11434200000
1206378000000,1.54168,1.54289,1.54143,1.54222,8144550000
1206378900000,1.54225,1.54256,1.54129,1.5416,8555500000
1206379800000,1.54162,1.54311,1.54131,1.54245,11771697000
1206380700000,1.54231,1.54279,1.54156,1.54184,12827647000
1206381600000,1.54193,1.54209,1.5404,1.54147,8703900000
1206382500000,1.54145,1.54263,1.54071,1.5414,6799350000
1206383400000,1.54141,1.54184,1.54036,1.54059,10528647000
1206384300000,1.54074,1.54186,1.5403,1.54176,8375700000
1206385200000,1.54153,1.54226,1.54117,1.54175,8497950000
1206386100000,1.542,1.54244,1.54124,1.54173,7250100000
1206387000000,1.54162,1.54217,1.54134,1.5418,5692800000
1206387900000,1.54178,1.54222,1.54139,1.54196,6393900000
1206388800000,1.54193,1.54382,1.54171,1.5436,6978050000
1206389700000,1.54353,1.5442,1.54289,1.5432,5226800000
1206390600000,1.54316,1.54338,1.54213,1.54255,4747747000
1206391500000,1.54263,1.54329,1.54179,1.54206,3443500000
1206392400000,1.54203,1.54269,1.54173,1.54243,2228200000
1206393300000,1.54249,1.54324,1.54203,1.54244,4152350000
1206394200000,1.5424,1.54306,1.54213,1.54245,2565150000
1206395100000,1.54253,1.54373,1.54236,1.54333,2710500000
1206396000000,1.54333,1.54384,1.54268,1.54291,1902200000
1206396900000,1.54284,1.54301,1.54152,1.54168,1705137500
1206397800000,1.54153,1.5419,1.54077,1.54082,2218900000
1206398700000,1.5411,1.54185,1.5404,1.54088,2573500000
1206399600000,1.54085,1.54201,1.54038,1.54132,2503200000
1206400500000,1.54158,1.5427,1.54132,1.54255,3814337500
1206401400000,1.54232,1.54317,1.54217,1.54263,2590400000
1206402300000,1.54258,1.54367,1.54256,1.54316,3734975000
1206403200000,1.54311,1.54401,1.54286,1.5436,5920800000
1206404100000,1.54355,1.5438,1.54289,1.54295,5869000000
1206405000000,1.54293,1.54351,1.54224,1.54288,4885400000
1206405900000,1.54295,1.54359,1.54273,1.54325,11719675000
1206406800000,1.54314,1.5434,1.54079,1.54171,6647700000
1206407700000,1.54168,1.54313,1.54141,1.54277,6895700000
1206408600000,1.54291,1.54394,1.5424,1.54338,4351947000
1206409500000,1.54343,1.54565,1.54264,1.54539,6370050000
1206410400000,1.54567,1.54776,1.54531,1.54738,5853800000
1206411300000,1.54755,1.55082,1.54687,1.55045,8233834500
1206412200000,1.55047,1.55353,1.54998,1.55289,5441950000
1206413100000,1.5529,1.55556,1.55225,1.55447,4807850000
1206414000000,1.55434,1.55509,1.55267,1.55341,4762400000
1206414900000,1.55329,1.55442,1.55284,1.55404,4917800000
1206415800000,1.55409,1.55428,1.55287,1.5536,2686400000
1206416700000,1.55342,1.55671,1.55296,1.55522,5207700000
1206417600000,1.55565,1.55681,1.55351,1.5559,5476700000
1206418500000,1.55619,1.55715,1.55471,1.55509,4087400000
1206419400000,1.55515,1.55554,1.55312,1.55377,4078200000
1206420300000,1.55387,1.55513,1.55343,1.5548,4648900000
1206421200000,1.55478,1.55594,1.55453,1.55482,7648200000
1206422100000,1.55476,1.55583,1.55349,1.55365,6761300000
1206423000000,1.55369,1.55507,1.55314,1.55465,5898300000
1206423900000,1.55469,1.55526,1.55427,1.55452,8268150000
1206424800000,1.55431,1.55497,1.55323,1.55487,12133100000
1206425700000,1.5551,1.55642,1.55445,1.55569,11750400000
1206426600000,1.55575,1.556,1.55441,1.55515,12290000000
1206427500000,1.55541,1.55569,1.55414,1.5547,13547334500
1206428400000,1.55496,1.55524,1.55351,1.55444,12742937500
1206429300000,1.5543,1.55613,1.55391,1.55472,13166437500
1206430200000,1.55473,1.55517,1.55399,1.55494,15936700000
1206431100000,1.55495,1.55585,1.55375,1.55387,12841000000
1206432000000,1.55407,1.55642,1.55365,1.55606,13638597000
1206432900000,1.55614,1.55619,1.5542,1.55471,10043847000
1206433800000,1.55471,1.55506,1.55224,1.55354,12213450000
1206434700000,1.55356,1.55426,1.55254,1.5538,10715700000
1206435600000,1.55367,1.55386,1.55273,1.55293,11202600000
1206436500000,1.55308,1.55346,1.55242,1.55311,10570537500
1206437400000,1.55304,1.55392,1.55225,1.55363,11365887500
1206438300000,1.55362,1.55536,1.55321,1.5549,11940000000
1206439200000,1.5548,1.55509,1.55366,1.55392,9630850000
1206440100000,1.5539,1.55434,1.55321,1.55411,11894700000
1206441000000,1.55404,1.55652,1.55364,1.55618,8516700000
1206441900000,1.55616,1.55882,1.5554,1.55771,9962000000
1206442800000,1.55774,1.55887,1.55719,1.55872,8710537500
1206443700000,1.55868,1.5598,1.55802,1.55885,8819537500
1206444600000,1.55871,1.55886,1.55751,1.55787,9409547000
1206445500000,1.55788,1.55829,1.55695,1.55783,14255687500
1206446400000,1.55783,1.55929,1.55754,1.5583,14532300000
1206447300000,1.55838,1.55904,1.55771,1.55823,16429000000
1206448200000,1.55808,1.55945,1.55739,1.55841,17668984500
1206449100000,1.55841,1.55957,1.55761,1.55898,14768450000
1206450000000,1.55913,1.55928,1.55686,1.55707,16540350000
1206450900000,1.55705,1.55778,1.55603,1.55677,16732697000
1206451800000,1.55698,1.55781,1.55621,1.55657,15746284500
1206452700000,1.55656,1.55797,1.5563,1.55752,5391284500
1206453600000,1.5577,1.56029,1.55698,1.55855,17191384500
1206454500000,1.55852,1.55928,1.55773,1.55833,15864850000
1206455400000,1.55823,1.55856,1.55707,1.55805,15470600000
1206456300000,1.55807,1.5585,1.55734,1.55806,15476872000
1206457200000,1.55815,1.55919,1.55785,1.55837,15030647000
1206458100000,1.55835,1.55879,1.55744,1.55777,14656828457
1206459000000,1.55767,1.55896,1.55676,1.55863,13426737500
1206459900000,1.55863,1.55956,1.55804,1.55921,14453434500
1206460800000,1.55935,1.56052,1.55849,1.55967,14028037500
1206461700000,1.55976,1.56038,1.55863,1.55913,12041100000
1206462600000,1.5592,1.56029,1.55874,1.55986,9807450000
1206463500000,1.55976,1.56148,1.55953,1.56062,11593637500
1206464400000,1.56088,1.56166,1.56042,1.56127,7897100000
1206465300000,1.56099,1.56186,1.56068,1.56138,8330437500
1206466200000,1.5616,1.56182,1.56035,1.56107,11615350000
1206467100000,1.56117,1.56157,1.55932,1.55955,12263000000
1206468000000,1.55925,1.55979,1.55866,1.55917,8844384500
1206468900000,1.55903,1.56119,1.55886,1.56059,7200500000
1206469800000,1.56084,1.5611,1.55921,1.55991,10180647000
1206470700000,1.56025,1.56067,1.55908,1.55921,7940900000
1206471600000,1.55951,1.55969,1.55881,1.55961,8406200000
1206472500000,1.55966,1.56026,1.55929,1.55995,6497600000
1206473400000,1.55992,1.56145,1.5598,1.56098,5128537500
1206474300000,1.5609,1.56115,1.5603,1.56068,6338900000
1206475200000,1.56074,1.56134,1.56051,1.56101,6315700000
1206476100000,1.56077,1.56172,1.56062,1.56122,5447500000
1206477000000,1.5614,1.56511,1.5611,1.5645,4732800000
1206477900000,1.5645,1.56579,1.56409,1.56476,3546500000
1206478800000,1.56467,1.56491,1.56209,1.56285,1951700000
1206479700000,1.56249,1.56346,1.5624,1.56269,3831200000
1206480600000,1.56258,1.56276,1.56177,1.56238,2497400000
1206481500000,1.5624,1.56292,1.56209,1.56266,2597250000
1206482400000,1.56271,1.56339,1.5625,1.56301,2302900000
1206483300000,1.56323,1.56328,1.56227,1.56253,1934750000
1206484200000,1.56257,1.56286,1.56173,1.56262,2315300000
1206485100000,1.56246,1.56336,1.5623,1.5628,2866750000
1206486000000,1.56308,1.56308,1.56097,1.5612,2493900000
1206486900000,1.56105,1.56131,1.56042,1.56104,3745600000
1206487800000,1.56102,1.56159,1.56059,1.56111,2075800000
1206488700000,1.56117,1.56158,1.56048,1.5609,3574200000
1206489600000,1.56093,1.56221,1.56018,1.562,6047100000
1206490500000,1.56214,1.56449,1.56199,1.56363,4374850000
1206491400000,1.56382,1.56564,1.5632,1.5637,4514237500
1206492300000,1.56376,1.5641,1.5627,1.56358,11490537500
1206493200000,1.56321,1.56502,1.56321,1.56453,6135300000
1206494100000,1.5645,1.56489,1.56341,1.56379,5931100000
1206495000000,1.56387,1.56456,1.56356,1.56381,4267250000
1206495900000,1.56386,1.56451,1.56335,1.56392,6156100000
1206496800000,1.5641,1.56426,1.56326,1.56356,5677750000
1206497700000,1.56384,1.56427,1.56344,1.56385,6752750000
1206498600000,1.56364,1.56433,1.56323,1.56417,5642400000
1206499500000,1.56415,1.56453,1.56303,1.56318,4810747000
1206500400000,1.56324,1.56393,1.56264,1.56285,4890000000
1206501300000,1.5627,1.56336,1.56228,1.56306,4769900000
1206502200000,1.56317,1.56353,1.5628,1.5632,2472200000
1206503100000,1.56324,1.56371,1.56289,1.56309,5125900000
1206504000000,1.56299,1.56336,1.56246,1.56278,5563800000
1206504900000,1.56286,1.56366,1.56245,1.56312,4068050000
1206505800000,1.56314,1.56351,1.56156,1.5619,4277447000
1206506700000,1.56165,1.56235,1.56121,1.56225,4690550000
1206507600000,1.5623,1.5631,1.56201,1.56279,7093950000
1206508500000,1.56289,1.56332,1.5622,1.5626,7214100000
1206509400000,1.56242,1.56304,1.56218,1.56286,5900100000
1206510300000,1.56283,1.56302,1.56085,1.56133,7809000000
1206511200000,1.56143,1.56153,1.55981,1.56032,12020447000
1206512100000,1.56037,1.56083,1.55795,1.55883,11766537500
1206513000000,1.55875,1.56027,1.55853,1.55917,11869800000
1206513900000,1.55927,1.56012,1.55846,1.55985,13442900000
1206514800000,1.55979,1.56204,1.55896,1.56151,12554000000
1206515700000,1.56138,1.56181,1.55975,1.56004,13488150000
1206516600000,1.56008,1.56008,1.5587,1.55913,15954537957
1206517500000,1.55929,1.5607,1.55877,1.55964,13363100000
1206518400000,1.55977,1.56142,1.55904,1.5598,13550625000
1206519300000,1.5599,1.5609,1.5593,1.55963,10430200000
1206520200000,1.5597,1.56072,1.55938,1.55996,12161000000
1206521100000,1.55993,1.56086,1.55874,1.55948,10964200000
1206522000000,1.55964,1.56908,1.55922,1.5682,11343237500
1206522900000,1.56825,1.57113,1.56774,1.56941,10750087500
1206523800000,1.56913,1.573,1.56855,1.57236,11222837500
1206524700000,1.5723,1.57326,1.57021,1.57149,11898900000
1206525600000,1.57174,1.57279,1.57073,1.57079,9549387500
1206526500000,1.5709,1.5722,1.57012,1.57125,12393494000
1206527400000,1.57128,1.57139,1.56971,1.57122,8967800000
1206528300000,1.57103,1.57466,1.57073,1.57395,10955900000
1206529200000,1.57395,1.57444,1.57262,1.57343,8773600000
1206530100000,1.57368,1.5742,1.57262,1.57355,8771647000
1206531000000,1.57373,1.5738,1.57284,1.57345,10176390957
1206531900000,1.57338,1.57409,1.57237,1.57263,14321997000
1206532800000,1.57249,1.57319,1.57193,1.5723,14563497000
1206533700000,1.57246,1.57368,1.57183,1.57347,16885500000
1206534600000,1.57334,1.57557,1.57199,1.57273,17155531500
1206535500000,1.5728,1.57286,1.57145,1.57248,15436400000
1206536400000,1.5724,1.57251,1.57045,1.57077,16595787500
1206537300000,1.57078,1.5717,1.57029,1.57128,15347800000
1206538200000,1.57139,1.57352,1.57109,1.57294,14626400000
1206539100000,1.57293,1.57331,1.57173,1.5723,5335737500
1206540000000,1.57243,1.57299,1.57145,1.57207,16667247000
1206540900000,1.57185,1.57321,1.57135,1.57275,15485897000
1206541800000,1.57288,1.5747,1.57247,1.57381,14758100000
1206542700000,1.57373,1.57398,1.57221,1.57265,15136597000
1206543600000,1.5724,1.57402,1.57204,1.57358,14337200000
1206544500000,1.57353,1.57451,1.573,1.57405,14893494000
1206545400000,1.57405,1.57604,1.57377,1.57534,13625500000
1206546300000,1.57543,1.57607,1.57434,1.57575,14787697000
1206547200000,1.57597,1.57665,1.57444,1.57583,14154444000
1206548100000,1.57592,1.57609,1.57483,1.57545,11899747000
1206549000000,1.57588,1.57596,1.57448,1.57543,10152800000
1206549900000,1.57547,1.57725,1.57498,1.5767,11440750000
1206550800000,1.57706,1.57769,1.5764,1.57725,7894422000
1206551700000,1.57725,1.57823,1.57639,1.5766,8108800000
1206552600000,1.5767,1.5807,1.57636,1.58025,11397575000
1206553500000,1.58028,1.58165,1.57986,1.58037,12312137500
1206554400000,1.58023,1.5811,1.57923,1.58013,8603647000
1206555300000,1.58008,1.58148,1.57953,1.58092,7239200000
1206556200000,1.58085,1.58131,1.58023,1.58091,10783447000
1206557100000,1.58077,1.58287,1.58062,1.58141,8534700000
1206558000000,1.58133,1.58238,1.58043,1.58206,8409100000
1206558900000,1.58208,1.58224,1.58128,1.58185,6737837500
1206559800000,1.58183,1.58324,1.58161,1.5825,5102600000
1206560700000,1.58235,1.58327,1.58232,1.58287,6714900000
1206561600000,1.58298,1.58463,1.58256,1.5838,7072037500
1206562500000,1.58401,1.58561,1.5832,1.58533,5711000000
1206563400000,1.58538,1.5858,1.58447,1.58502,5031647000
1206564300000,1.58493,1.58582,1.58391,1.5843,3867300000
1206565200000,1.58437,1.58472,1.58319,1.58377,2136547000
1206566100000,1.58382,1.58467,1.58316,1.58452,4108100000
1206567000000,1.58415,1.58477,1.58388,1.58446,2563800000
1206567900000,1.58447,1.58459,1.58361,1.58391,2676675000
1206568800000,1.58385,1.5843,1.58301,1.58354,2021800000
1206569700000,1.58357,1.58406,1.58306,1.58358,1627200000
1206570600000,1.58369,1.58373,1.58292,1.58343,2296500000
1206571500000,1.58343,1.58367,1.58278,1.58315,2282600000
1206572400000,1.58315,1.58359,1.58276,1.58292,2448637500
1206573300000,1.58327,1.58366,1.5827,1.58335,3700300000
1206574200000,1.5831,1.58359,1.58283,1.58323,2592900000
1206575100000,1.58306,1.58339,1.58118,1.5819,4022100000
1206576000000,1.58185,1.58198,1.5808,1.58119,6088350000
1206576900000,1.58133,1.58248,1.5809,1.58183,5970400000
1206577800000,1.58174,1.58324,1.5812,1.58296,4792900000
1206578700000,1.5831,1.58387,1.5821,1.58234,11401450000
1206579600000,1.58239,1.58442,1.58201,1.58362,6392400000
1206580500000,1.58375,1.58455,1.58318,1.58381,6540547000
1206581400000,1.58386,1.58411,1.58128,1.58179,4630700000
1206582300000,1.582,1.58262,1.58057,1.58086,6444550000
1206583200000,1.58085,1.58165,1.57994,1.58097,5956300000
1206584100000,1.5809,1.58105,1.5792,1.57975,7774587500
1206585000000,1.57972,1.58003,1.57842,1.57902,5540437500
1206585900000,1.57927,1.58072,1.57879,1.58045,4964100000
1206586800000,1.58042,1.58071,1.57955,1.58015,4791800000
1206587700000,1.58013,1.58062,1.57967,1.58026,5221300000
1206588600000,1.58028,1.58105,1.5797,1.58,2523600000
1206589500000,1.58015,1.58145,1.57906,1.58115,5205637500
1206590400000,1.58125,1.58254,1.58089,1.58141,5588050000
1206591300000,1.58165,1.582,1.58092,1.58126,4297000000
1206592200000,1.5813,1.58151,1.58018,1.58108,4487000000
1206593100000,1.58121,1.5813,1.57947,1.5799,4845750000
1206594000000,1.57984,1.58036,1.5792,1.57942,7197100000
1206594900000,1.57942,1.58089,1.5791,1.5805,7423400000
1206595800000,1.58054,1.58162,1.57987,1.5811,6148950000
1206596700000,1.58121,1.58148,1.57947,1.58065,7679900000
1206597600000,1.58068,1.58159,1.57863,1.5793,12462297000
1206598500000,1.57942,1.58041,1.57874,1.57909,11619984500
1206599400000,1.57917,1.57967,1.57754,1.57795,11673337500
1206600300000,1.57817,1.57879,1.57707,1.57827,13546950000
1206601200000,1.57824,1.57952,1.57771,1.57877,12741100000
1206602100000,1.57871,1.57963,1.57755,1.57938,13447884500
1206603000000,1.57934,1.58056,1.57885,1.57907,15671000000
1206603900000,1.57917,1.57966,1.57627,1.57627,13585950000
1206604800000,1.57635,1.57662,1.5733,1.57528,14007500000
1206605700000,1.57524,1.57545,1.57237,1.57308,9777650000
1206606600000,1.57292,1.57459,1.57247,1.57428,11636647000
1206607500000,1.5742,1.57525,1.57352,1.57508,10984000000
1206608400000,1.57508,1.57685,1.57462,1.57587,11275000000
1206609300000,1.57585,1.57795,1.5755,1.57765,10631625000
1206610200000,1.57753,1.57803,1.57682,1.5772,11700187500
1206611100000,1.57711,1.57778,1.57614,1.57751,11830400000
1206612000000,1.57747,1.58168,1.57718,1.58102,9066800000
1206612900000,1.58095,1.58209,1.58022,1.58029,11829550000
1206613800000,1.5804,1.58052,1.57843,1.58008,8490550000
1206614700000,1.57985,1.58086,1.57956,1.58015,11048647000
1206615600000,1.58052,1.58165,1.57989,1.58115,8921150000
1206616500000,1.58107,1.58224,1.58091,1.58128,8800037500
1206617400000,1.58115,1.58145,1.57892,1.57976,9665000000
1206618300000,1.57945,1.58003,1.57843,1.57914,14449100000
1206619200000,1.57912,1.57936,1.57803,1.57847,14605637500
1206620100000,1.57877,1.57975,1.57814,1.57923,16998578500
1206621000000,1.57876,1.57924,1.57355,1.57362,17294647000
1206621900000,1.57339,1.57537,1.57249,1.57431,14874784500
1206622800000,1.57419,1.5786,1.57407,1.57815,16300094000
1206623700000,1.57805,1.58009,1.57738,1.57963,16458300000
1206624600000,1.57959,1.58027,1.57775,1.57884,15696737500
1206625500000,1.57868,1.57944,1.57736,1.5785,5213500000
1206626400000,1.5784,1.57875,1.57639,1.57665,16450050000
1206627300000,1.57693,1.57957,1.57641,1.57941,15796887500
1206628200000,1.57939,1.58099,1.57812,1.57845,15131487500
1206629100000,1.5784,1.57851,1.57711,1.57826,14711850000
1206630000000,1.57811,1.57874,1.57747,1.57853,14545900000
1206630900000,1.57851,1.57969,1.57751,1.57797,15154147000
1206631800000,1.57785,1.57902,1.57695,1.5789,13999047000
1206632700000,1.57901,1.58018,1.57821,1.57932,14077625000
1206633600000,1.5797,1.58056,1.57814,1.58031,13892797000
1206634500000,1.58027,1.58076,1.57836,1.57847,12484900000
1206635400000,1.57852,1.57949,1.57794,1.57895,10292450000
1206636300000,1.57893,1.57979,1.57853,1.57912,11551547000
1206637200000,1.57946,1.58011,1.57855,1.57967,7420840957
1206638100000,1.58008,1.58056,1.57849,1.57891,8539900000
1206639000000,1.57922,1.58136,1.57879,1.58062,12448700000
1206639900000,1.58091,1.58159,1.5804,1.58074,12296250000
1206640800000,1.58075,1.58131,1.57996,1.58028,8742750000
1206641700000,1.58029,1.58052,1.578,1.57821,6957297000
1206642600000,1.57825,1.57887,1.57649,1.57767,10874400000
1206643500000,1.57803,1.57846,1.5764,1.57764,8543300000
1206644400000,1.57737,1.57828,1.57573,1.57633,8601200000
1206645300000,1.57636,1.57669,1.57567,1.57635,6871490957
1206646200000,1.57616,1.57685,1.57539,1.57677,5318200000
1206647100000,1.57654,1.57828,1.57652,1.57745,6486400000
1206648000000,1.57736,1.57743,1.57608,1.57662,7507850000
1206648900000,1.57663,1.57704,1.57589,1.57648,5399000000
1206649800000,1.57647,1.57769,1.57604,1.57699,5141500000
1206650700000,1.57705,1.57791,1.57669,1.57775,3489050000
1206651600000,1.57772,1.57864,1.57726,1.57836,2394240957
1206652500000,1.5784,1.57863,1.57762,1.57832,4087700000
1206653400000,1.5783,1.57867,1.57722,1.57783,2482400000
1206654300000,1.5779,1.57821,1.57721,1.5776,2775800000
1206655200000,1.57766,1.5787,1.57721,1.57796,2177200000
1206656100000,1.57799,1.57856,1.57766,1.57846,1670100000
1206657000000,1.57856,1.58139,1.57827,1.58072,2246300000
1206657900000,1.58069,1.58173,1.58047,1.5811,2603100000
1206658800000,1.58107,1.58178,1.58014,1.58078,2788300000
1206659700000,1.58087,1.58157,1.58014,1.58127,3588590957
1206660600000,1.58117,1.58153,1.58024,1.58064,2598800000
1206661500000,1.5805,1.5816,1.5805,1.58086,3915800000
1206662400000,1.58101,1.58107,1.57936,1.57985,6034200000
1206663300000,1.57985,1.58019,1.57914,1.57971,5959400000
1206664200000,1.57961,1.57973,1.57806,1.57866,4945400000
1206665100000,1.57844,1.57887,1.57711,1.57756,11816150000
1206666000000,1.57762,1.57798,1.57615,1.57699,6499950000
1206666900000,1.57698,1.57868,1.57682,1.57855,6775100000
1206667800000,1.57838,1.57997,1.57816,1.57904,4476950000
1206668700000,1.57883,1.57931,1.57834,1.57892,6605600000
1206669600000,1.57919,1.57976,1.57856,1.5794,5715700000
1206670500000,1.57943,1.57965,1.57818,1.57878,7868300000
1206671400000,1.57885,1.57936,1.57844,1.57897,5478200000
1206672300000,1.57887,1.58008,1.57862,1.57907,4662350000
1206673200000,1.579,1.57933,1.57827,1.57885,5090850000
1206674100000,1.57877,1.57924,1.57818,1.57885,4984400000
1206675000000,1.57922,1.57964,1.57848,1.5792,2581537500
1206675900000,1.5791,1.57963,1.5788,1.57899,5075100000
1206676800000,1.57907,1.57971,1.57873,1.579,5830550000
1206677700000,1.57902,1.57923,1.57828,1.57866,4161950000
1206678600000,1.57857,1.57914,1.57819,1.57849,4326500000
1206679500000,1.57849,1.57873,1.57718,1.5777,4757600000
1206680400000,1.57757,1.57857,1.57744,1.5778,7095400000
1206681300000,1.57772,1.57832,1.57723,1.57776,7027147000
1206682200000,1.57779,1.57922,1.57757,1.57872,6041300000
1206683100000,1.57859,1.57986,1.57827,1.57938,8395337500
1206684000000,1.57931,1.57952,1.57796,1.57832,11880437500
1206684900000,1.5783,1.57887,1.57785,1.57843,11488437500
1206685800000,1.57871,1.5789,1.57781,1.57825,12181134500
1206686700000,1.57838,1.57909,1.57624,1.57695,14000997000
1206687600000,1.57688,1.57868,1.5762,1.57816,12666937500
1206688500000,1.57818,1.57844,1.57636,1.57638,13433137500
1206689400000,1.57648,1.57716,1.57543,1.57588,15452881500
1206690300000,1.57593,1.57824,1.57425,1.57709,12963000000
1206691200000,1.57735,1.57798,1.57461,1.57535,13969390957
1206692100000,1.57538,1.57682,1.57392,1.5765,10099200000
1206693000000,1.57609,1.57707,1.57527,1.57656,11967794000
1206693900000,1.57658,1.57774,1.57508,1.5756,10471887500
1206694800000,1.57548,1.57673,1.57502,1.57577,11506450000
1206695700000,1.57579,1.57687,1.57462,1.57598,10919447000
1206696600000,1.57602,1.57837,1.57543,1.57739,10879984500
1206697500000,1.57724,1.57926,1.57666,1.57896,12038200000
1206698400000,1.57896,1.58137,1.57861,1.57949,9205587500
1206699300000,1.57967,1.58011,1.57801,1.57853,11629997000
1206700200000,1.57837,1.57974,1.57753,1.5794,8485047000
1206701100000,1.57971,1.58211,1.57916,1.58049,10813337500
1206702000000,1.58056,1.58153,1.5801,1.58075,8829737500
1206702900000,1.5807,1.58387,1.58053,1.58267,8738900000
1206703800000,1.58265,1.58361,1.58153,1.58207,9372900000
1206704700000,1.58215,1.58329,1.58146,1.58282,14332700000
1206705600000,1.58275,1.58299,1.5812,1.5821,14359247000
1206706500000,1.58215,1.58228,1.58003,1.58107,17004337500
1206707400000,1.58095,1.58252,1.57915,1.58177,16995250000
1206708300000,1.58171,1.5821,1.58049,1.58164,15780840957
1206709200000,1.58165,1.58179,1.57921,1.57965,16671637500
1206710100000,1.57943,1.57987,1.57642,1.5772,16418350000
1206711000000,1.57715,1.57768,1.57476,1.57585,16132762500
1206711900000,1.57588,1.57811,1.57525,1.57716,5238337500
1206712800000,1.57708,1.57718,1.57515,1.57605,17557647000
1206713700000,1.57595,1.57745,1.57473,1.57562,15395837500
1206714600000,1.57567,1.57758,1.57531,1.57695,15124434500
1206715500000,1.57692,1.57789,1.57602,1.57736,15065537500
1206716400000,1.57746,1.5787,1.57636,1.57738,14970997000
1206717300000,1.57725,1.57808,1.57587,1.57617,14727547000
1206718200000,1.57617,1.57742,1.57555,1.57687,13548800000
1206719100000,1.57695,1.57735,1.57505,1.57582,14485984500
1206720000000,1.57585,1.57625,1.57413,1.57583,13989047000
1206720900000,1.57591,1.57613,1.57442,1.57523,12211300000
1206721800000,1.57527,1.57568,1.57461,1.57513,10336250000
1206722700000,1.57525,1.5767,1.57485,1.57534,11629447000
1206723600000,1.57522,1.57666,1.57496,1.57575,8094537500
1206724500000,1.57581,1.57668,1.57532,1.57628,8455837500
1206725400000,1.57613,1.57704,1.57525,1.57625,11610434500
1206726300000,1.57639,1.57739,1.57603,1.57686,12695097000
1206727200000,1.57675,1.5771,1.57577,1.57657,8883800000
1206728100000,1.57657,1.57739,1.57605,1.57692,7087587500
1206729000000,1.57705,1.57739,1.57642,1.57655,10645887500
1206729900000,1.57655,1.57698,1.5751,1.57568,8691687500
1206730800000,1.57573,1.57745,1.57553,1.57725,8288350000
1206731700000,1.57723,1.58034,1.57719,1.57915,7049950000
1206732600000,1.57876,1.57993,1.57876,1.57967,5652400000
1206733500000,1.57969,1.58077,1.57927,1.5803,6171837500
1206734400000,1.58031,1.5804,1.57914,1.58028,7181200000
1206735300000,1.58028,1.58083,1.57924,1.5796,5512450000
1206736200000,1.57969,1.58029,1.57935,1.57973,4706400000
1206737100000,1.57967,1.57998,1.57893,1.57918,3466637500
1206910800000,1.57956,1.5798,1.57931,1.57959,2094900000
1206911700000,1.57968,1.57981,1.57931,1.57972,4309700000
1206912600000,1.57959,1.57977,1.57946,1.57957,2190900000
1206913500000,1.57952,1.57981,1.57932,1.57955,2798550000
1206914400000,1.57958,1.57976,1.57945,1.57964,2023500000
1206915300000,1.57974,1.57984,1.57942,1.57968,1664100000
1206916200000,1.57963,1.57974,1.5794,1.57966,2279300000
1206917100000,1.5796,1.57978,1.57945,1.57978,2784600000
1206918000000,1.57965,1.57978,1.57939,1.57966,2651150000
1206918900000,1.57968,1.57981,1.57944,1.57967,3985450000
1206919800000,1.57948,1.57976,1.57944,1.57962,2487900000
1206920700000,1.57961,1.57983,1.57949,1.57963,3809997000
1206921600000,1.5796,1.57977,1.57941,1.57971,3625400000
1206922500000,1.5797,1.57975,1.57945,1.57965,2763850000
1206923400000,1.57974,1.57982,1.57938,1.57975,3758547000
1206924300000,1.57976,1.57976,1.57943,1.57965,2592437500
1206925200000,1.57968,1.57978,1.57946,1.57967,2585400000
1206926100000,1.57968,1.57978,1.57944,1.57965,2430037500
1206927000000,1.57976,1.57979,1.57941,1.57968,1588700000
1206927900000,1.57968,1.57977,1.57944,1.5796,1998700000
1206928800000,1.57954,1.57978,1.57941,1.57966,2726947000
1206929700000,1.57961,1.57978,1.57932,1.57948,2236950000
1206930600000,1.57967,1.57977,1.57932,1.57967,4144600000
1206931500000,1.57961,1.57977,1.57932,1.57953,2156300000
1206932400000,1.57958,1.57977,1.57948,1.57956,3265000000
1206933300000,1.57958,1.57981,1.5795,1.5796,4899847000
1206934200000,1.57951,1.57979,1.57948,1.57957,5309300000
1206935100000,1.57955,1.57979,1.57951,1.57952,7163000000
1206936000000,1.57959,1.57978,1.57948,1.57953,6469150000
1206936900000,1.57952,1.57979,1.57951,1.57967,5206200000
1206937800000,1.57972,1.57977,1.57952,1.57975,7049500000
1206938700000,1.57971,1.57975,1.5795,1.5797,8575700000
1206939600000,1.57968,1.57982,1.57949,1.57973,8097747000
1206940500000,1.5796,1.57978,1.5795,1.57965,10307400000
1206941400000,1.57961,1.57979,1.57951,1.5797,6966547000
1206942300000,1.57968,1.57977,1.5795,1.57965,8964975000
1206943200000,1.57963,1.57977,1.57953,1.57967,12837037500
1206944100000,1.57967,1.57979,1.57955,1.57962,11088300000
1206945000000,1.57968,1.57977,1.57944,1.57955,8119600000
1206945900000,1.57957,1.5798,1.57948,1.57976,8022650000
1206946800000,1.5796,1.57979,1.57947,1.57963,11771100000
1206947700000,1.57973,1.57976,1.57951,1.57973,10204950000
1206948600000,1.57972,1.57976,1.57952,1.57959,11430387500
1206949500000,1.57966,1.57977,1.5795,1.57957,13606500000
1206950400000,1.57957,1.58037,1.57933,1.57995,14184650000
1206951300000,1.58015,1.58138,1.57985,1.58047,14044984500
1206952200000,1.58063,1.58099,1.57892,1.58031,14951244000
1206953100000,1.5803,1.58192,1.57958,1.58131,14840500000
1206954000000,1.58149,1.58347,1.58122,1.58207,14705350000
1206954900000,1.58218,1.58245,1.58004,1.58035,15043500000
1206955800000,1.58028,1.58198,1.57991,1.58173,16024700000
1206956700000,1.58145,1.58192,1.58049,1.58137,16771600000
1206957600000,1.58141,1.58173,1.57973,1.58056,5301550000
1206958500000,1.58075,1.58162,1.58032,1.58107,15863744000
1206959400000,1.58123,1.58161,1.58058,1.58125,16218784500
1206960300000,1.58135,1.5822,1.58076,1.58099,16445950000
1206961200000,1.58116,1.58135,1.57996,1.58035,15235650000
1206962100000,1.58025,1.58116,1.57956,1.57958,17046700000
1206963000000,1.57953,1.58021,1.57831,1.57986,17623137500
1206963900000,1.58005,1.58076,1.57952,1.58013,14028947000
1206964800000,1.5802,1.58133,1.57973,1.58088,14723200000
1206965700000,1.58093,1.58121,1.57973,1.58043,9501300000
1206966600000,1.58035,1.58109,1.58001,1.58075,8449700000
1206967500000,1.58073,1.58213,1.58016,1.58116,8519700000
1206968400000,1.58103,1.58168,1.58011,1.58052,10962337500
1206969300000,1.58051,1.58104,1.58002,1.5808,9087100000
1206970200000,1.58083,1.58257,1.58038,1.581,11946550000
1206971100000,1.58102,1.58177,1.57951,1.58116,9155600000
1206972000000,1.58139,1.58473,1.5811,1.5845,12062350000
1206972900000,1.58466,1.58928,1.58464,1.58899,11475400000
1206973800000,1.58907,1.58974,1.5875,1.5875,10647547000
1206974700000,1.58747,1.58769,1.5829,1.58424,11682497000
1206975600000,1.58436,1.58475,1.58115,1.58254,10627550000
1206976500000,1.58256,1.58348,1.58173,1.58258,12322697000
1206977400000,1.58261,1.58278,1.57903,1.58176,10284800000
1206978300000,1.58148,1.58176,1.57905,1.58032,13461000000
1206979200000,1.58001,1.58146,1.57938,1.58013,12721150000
1206980100000,1.58012,1.58059,1.57873,1.57915,15002850000
1206981000000,1.57918,1.58046,1.57855,1.58,13585547000
1206981900000,1.57995,1.58096,1.5798,1.58074,12759800000
1206982800000,1.58067,1.58151,1.58025,1.58077,14196587500
1206983700000,1.58057,1.58172,1.58054,1.58093,12098037500
1206984600000,1.58095,1.58136,1.58023,1.58045,11756100000
1206985500000,1.58045,1.58094,1.57854,1.57907,12699200000
1206986400000,1.5791,1.57951,1.57766,1.57929,7922597000
1206987300000,1.57919,1.57956,1.57798,1.57869,5977850000
1206988200000,1.57879,1.57902,1.57696,1.57752,6819500000
1206989100000,1.57753,1.57836,1.5767,1.57798,7576300000
1206990000000,1.57808,1.57822,1.57679,1.57799,4798800000
1206990900000,1.57798,1.57826,1.57737,1.57801,4084600000
1206991800000,1.57815,1.57923,1.578,1.57888,3954600000
1206992700000,1.5788,1.57904,1.57803,1.57845,5574300000
1206993600000,1.57859,1.57883,1.57779,1.57823,5314800000
1206994500000,1.57808,1.5792,1.57777,1.57895,2664237500
1206995400000,1.57895,1.57923,1.57811,1.57845,4946700000
1206996300000,1.57852,1.57885,1.57762,1.57868,4833600000
1206997200000,1.57864,1.57881,1.57717,1.57749,4690100000
1206998100000,1.57737,1.5777,1.5767,1.577,5473900000
1206999000000,1.57705,1.57735,1.57642,1.5769,8201600000
1206999900000,1.57685,1.57692,1.57571,1.57597,5804500000
1207000800000,1.57606,1.57646,1.57477,1.57532,6597837500
1207001700000,1.57532,1.57594,1.57489,1.57533,4601300000
1207002600000,1.57548,1.57548,1.57461,1.57513,6947700000
1207003500000,1.57518,1.57575,1.57444,1.57554,6461237500
1207004400000,1.57548,1.57692,1.57533,1.57569,11494347000
1207005300000,1.57566,1.57596,1.57498,1.57537,5260500000
1207006200000,1.57553,1.57612,1.57513,1.5755,5605337500
1207007100000,1.57557,1.57622,1.57505,1.57568,5983900000
