timestamp,open,high,low,close,volume
1298937600000,1.38203,1.3827,1.3817,1.38179,1714.92
1298938500000,1.38178,1.38179,1.38136,1.38176,1284.92
1298939400000,1.38176,1.38298,1.38174,1.38229,2395.17
1298940300000,1.38226,1.38247,1.38168,1.38241,1202.33
1298941200000,1.38241,1.38255,1.38155,1.38159,1374.36
1298942100000,1.38159,1.38202,1.3812,1.38145,1154.01
1298943000000,1.38145,1.38152,1.38058,1.38082,1414.36
1298943900000,1.38082,1.38088,1.37999,1.38026,1673.53
1298944800000,1.38026,1.38093,1.38001,1.3806,960.73
1298945700000,1.38059,1.38071,1.38026,1.3804,797.26
1298946600000,1.38039,1.38122,1.38032,1.38089,969.26
1298947500000,1.38089,1.38159,1.38066,1.38148,1387.94
1298948400000,1.38148,1.38149,1.38104,1.38139,947.1
1298949300000,1.38139,1.38198,1.38136,1.38145,1181.7
1298950200000,1.38145,1.38169,1.3804,1.38155,2011.18
1298951100000,1.38154,1.38154,1.38071,1.38085,1338.25
1298952000000,1.38085,1.38122,1.38028,1.38079,1401.56
1298952900000,1.38079,1.38112,1.38071,1.38112,1162.07
1298953800000,1.38112,1.3815,1.381,1.38109,1100.06
1298954700000,1.38109,1.3813,1.38047,1.38055,870.46
1298955600000,1.38054,1.38087,1.38035,1.38057,1131.33
1298956500000,1.38057,1.38076,1.3804,1.38055,1287.53
1298957400000,1.38057,1.38074,1.38036,1.38074,982.58
1298958300000,1.38076,1.38104,1.3802,1.38054,1481.29
1298959200000,1.38055,1.38148,1.3804,1.38141,1770.7
1298960100000,1.38142,1.38172,1.38114,1.38134,1454.24
1298961000000,1.38132,1.38192,1.38121,1.38175,1530.78
1298961900000,1.38175,1.38265,1.38149,1.38211,2100.85
1298962800000,1.38208,1.38208,1.38127,1.3817,1438.89
1298963700000,1.38171,1.38211,1.37999,1.38037,2143.43
1298964600000,1.38031,1.3804,1.37859,1.37919,3429.78
1298965500000,1.37919,1.38103,1.37892,1.38103,2722.86
1298966400000,1.381,1.38312,1.38049,1.38242,3768.33
1298967300000,1.3825,1.38325,1.3821,1.3826,3802.86
1298968200000,1.38261,1.38271,1.38146,1.38193,2501.97
1298969100000,1.38193,1.38428,1.38181,1.38371,3251.53
1298970000000,1.38369,1.38436,1.38239,1.38304,3088.66
1298970900000,1.38309,1.38384,1.38248,1.38262,2766.19
1298971800000,1.38262,1.38279,1.38189,1.38272,2435.38
1298972700000,1.38275,1.38371,1.38275,1.38338,2342.13
1298973600000,1.38335,1.38455,1.38319,1.3844,2755.61
1298974500000,1.38441,1.385,1.38384,1.38441,3019.54
1298975400000,1.38441,1.38538,1.38401,1.38444,2474.5
1298976300000,1.38443,1.38448,1.3832,1.38441,2297.74
1298977200000,1.38441,1.38441,1.38245,1.38282,2366.57
1298978100000,1.38282,1.38361,1.38271,1.38272,2075.62
1298979000000,1.38272,1.38296,1.38182,1.3824,1838.45
1298979900000,1.38242,1.38278,1.38221,1.38259,1978.49
1298980800000,1.38259,1.38295,1.3817,1.38271,3233.54
1298981700000,1.38271,1.38271,1.38128,1.38167,3026.12
1298982600000,1.38162,1.38171,1.3805,1.3816,2695.47
1298983500000,1.3816,1.38241,1.3811,1.38212,1587.47
1298984400000,1.38211,1.38272,1.38182,1.38263,1740.12
1298985300000,1.38264,1.38321,1.38232,1.38251,2142.4
1298986200000,1.38251,1.38266,1.3813,1.38137,1994.43
1298987100000,1.38132,1.3823,1.38132,1.3821,2081.7
1298988000000,1.38208,1.38236,1.38076,1.38131,2609.7
1298988900000,1.38135,1.3839,1.38134,1.3832,3859.3
1298989800000,1.38327,1.38413,1.38289,1.38342,3214.5
1298990700000,1.3835,1.3846,1.38342,1.38372,3925.36
1298991600000,1.3837,1.3851,1.37958,1.38105,5788.29
1298992500000,1.38109,1.38203,1.38048,1.38088,4129.09
1298993400000,1.38081,1.38355,1.38053,1.3824,4177.9
1298994300000,1.3824,1.38322,1.3822,1.38291,3187.59
1298995200000,1.38292,1.38409,1.3826,1.38311,3434.07
1298996100000,1.38309,1.3832,1.38081,1.38082,3187.83
1298997000000,1.38086,1.38212,1.38074,1.3815,2842.38
1298997900000,1.3815,1.3819,1.38073,1.3812,3362.44
1298998800000,1.38115,1.38175,1.38065,1.38073,2168.97
1298999700000,1.38073,1.38147,1.38045,1.3812,1889.8
1299000600000,1.3812,1.38131,1.38089,1.38113,1507.45
1299001500000,1.38113,1.38116,1.37994,1.38052,1675.94
1299002400000,1.38051,1.38088,1.3803,1.3808,1762.28
1299003300000,1.3808,1.38102,1.38015,1.38062,1825.4
1299004200000,1.3806,1.38082,1.38029,1.3804,945.31
1299005100000,1.3804,1.38065,1.3799,1.38,1462.58
1299006000000,1.37999,1.38058,1.37973,1.38046,1664.28
1299006900000,1.38051,1.38051,1.37904,1.37907,1628.68
1299007800000,1.37909,1.37941,1.377,1.3774,2542.18
1299008700000,1.37735,1.3779,1.37642,1.37696,2296.49
1299009600000,1.37692,1.3775,1.3766,1.37712,1671.76
1299010500000,1.3771,1.3778,1.3771,1.37736,1466.62
1299011400000,1.37736,1.3775,1.377,1.37731,1723.04
1299012300000,1.37733,1.37751,1.37699,1.37703,1236.05
1299013200000,1.37703,1.37728,1.37698,1.37714,1319.58
1299014100000,1.37712,1.37763,1.37712,1.37762,652.02
1299015000000,1.37762,1.37779,1.37746,1.37753,625.56
1299015900000,1.37752,1.37778,1.37752,1.37759,835.05
1299016800000,1.37759,1.37789,1.3769,1.37739,936.18
1299017700000,1.37739,1.37779,1.37712,1.37771,533.31
1299018600000,1.37771,1.37787,1.37756,1.37762,307.36
1299019500000,1.3776,1.37797,1.37753,1.37765,392.27
1299020400000,1.37764,1.3786,1.37745,1.37844,1412.18
1299021300000,1.37844,1.37854,1.37713,1.3772,1263.02
1299022200000,1.37719,1.37728,1.37632,1.37645,1646.55
1299023100000,1.37645,1.37718,1.37645,1.37677,1017.67
1299024000000,1.37675,1.3772,1.37659,1.377,1160.75
1299024900000,1.377,1.37797,1.37695,1.37749,1788.55
1299025800000,1.37752,1.3777,1.37652,1.37685,2448.59
1299026700000,1.37685,1.37739,1.37669,1.37702,1472.59
1299027600000,1.37702,1.37809,1.37698,1.37799,1235.26
1299028500000,1.37801,1.37803,1.37711,1.37734,1175.29
1299029400000,1.37732,1.37783,1.37731,1.37774,1011.69
1299030300000,1.37774,1.378,1.37735,1.37735,1124.54
1299031200000,1.37735,1.37756,1.37709,1.37734,1177.49
1299032100000,1.37734,1.37734,1.37667,1.37697,1610.32
1299033000000,1.37697,1.37709,1.37589,1.3762,1649.15
1299033900000,1.3762,1.3764,1.3752,1.3754,1412.18
1299034800000,1.3754,1.3754,1.3743,1.37513,2076.63
1299035700000,1.37513,1.37591,1.37509,1.37565,1455.2
1299036600000,1.37564,1.3759,1.37523,1.37553,1873.12
1299037500000,1.37553,1.37577,1.3753,1.37564,1604.02
1299038400000,1.37564,1.37564,1.37524,1.37536,1197.37
1299039300000,1.37534,1.37565,1.37529,1.37551,1039.5
1299040200000,1.37549,1.37562,1.37529,1.37551,914.79
1299041100000,1.37552,1.37584,1.375,1.37501,1063.66
1299042000000,1.37505,1.37512,1.37462,1.37502,1240.17
1299042900000,1.37502,1.37542,1.37488,1.37514,1180.8
1299043800000,1.37514,1.37539,1.37498,1.37512,1531.21
1299044700000,1.37512,1.37572,1.37512,1.37572,1110.39
1299045600000,1.37572,1.37618,1.37555,1.3761,1209.29
1299046500000,1.37612,1.37613,1.37547,1.37582,1232.56
1299047400000,1.37582,1.37605,1.37534,1.37562,1452.24
1299048300000,1.37561,1.37695,1.37558,1.3768,2614.59
1299049200000,1.37677,1.37677,1.37555,1.37555,1594.4
1299050100000,1.37556,1.37571,1.3745,1.37568,2532.63
1299051000000,1.37568,1.37681,1.37558,1.37641,2495.18
1299051900000,1.3764,1.37766,1.37594,1.37749,2602.91
1299052800000,1.37751,1.37761,1.37649,1.37691,2904.18
1299053700000,1.37694,1.37722,1.37609,1.37661,2146.61
1299054600000,1.37653,1.37769,1.37651,1.3776,2683.61
1299055500000,1.3776,1.37829,1.37723,1.37819,2975.6
1299056400000,1.37821,1.3787,1.378,1.37836,2648.41
1299057300000,1.37831,1.37895,1.37779,1.37851,2482.87
1299058200000,1.3785,1.37959,1.37846,1.37876,3363.11
1299059100000,1.37881,1.37936,1.37861,1.37916,2618.67
1299060000000,1.37916,1.38037,1.37897,1.37984,3275.88
1299060900000,1.37983,1.38142,1.37981,1.38139,3803.29
1299061800000,1.38139,1.3833,1.38139,1.38302,3451.59
1299062700000,1.38308,1.38373,1.38259,1.38332,2746.22
1299063600000,1.38334,1.38356,1.3824,1.38299,2121.7
1299064500000,1.38299,1.38415,1.38278,1.38384,2442.43
1299065400000,1.38383,1.38389,1.3833,1.38342,1740.85
1299066300000,1.38342,1.38359,1.38249,1.38255,2143.04
1299067200000,1.38255,1.38288,1.3821,1.38224,2054.58
1299068100000,1.3822,1.38268,1.38182,1.3819,1472.72
1299069000000,1.3819,1.382,1.38148,1.38156,1849.43
1299069900000,1.38154,1.38269,1.38151,1.3824,1756.93
1299070800000,1.3824,1.38259,1.3811,1.38114,2008.69
1299071700000,1.38113,1.38207,1.38059,1.38186,3268.72
1299072600000,1.38187,1.38407,1.38137,1.3838,3819.42
1299073500000,1.38378,1.38619,1.38352,1.3843,5191.12
1299074400000,1.3843,1.38528,1.38401,1.38501,3194.2
1299075300000,1.38501,1.38569,1.38382,1.38418,3383.89
1299076200000,1.38415,1.3862,1.38415,1.38582,4108.66
1299077100000,1.38577,1.38652,1.3852,1.38622,4386.68
1299078000000,1.38623,1.38818,1.38621,1.38785,4650.93
1299078900000,1.38784,1.38816,1.38701,1.38705,3887.59
1299079800000,1.38705,1.38897,1.38701,1.38836,3863.7
1299080700000,1.38834,1.38871,1.3879,1.38791,2418.61
1299081600000,1.38791,1.38801,1.3869,1.38781,3138.71
1299082500000,1.38779,1.38781,1.3865,1.38666,2690.39
1299083400000,1.38666,1.3876,1.38662,1.38726,2560.25
1299084300000,1.38728,1.3878,1.38671,1.38681,3077.52
1299085200000,1.38687,1.38691,1.386,1.38625,2443.63
1299086100000,1.3863,1.38695,1.38623,1.38663,1017.08
1299087000000,1.38665,1.3875,1.38662,1.38696,1754.3
1299087900000,1.38696,1.3872,1.3867,1.3869,956.84
1299088800000,1.3869,1.38721,1.38635,1.38643,1219.52
1299089700000,1.3865,1.38672,1.38612,1.38625,1109.76
1299090600000,1.38624,1.38658,1.3862,1.3863,990.99
1299091500000,1.3863,1.38683,1.38601,1.3861,1229.45
1299092400000,1.3861,1.3866,1.38601,1.38614,1497.31
1299093300000,1.38613,1.38618,1.38484,1.38535,1978.39
1299094200000,1.38535,1.38608,1.38493,1.38592,1605.73
1299095100000,1.386,1.38638,1.3855,1.38605,1543.51
1299096000000,1.38605,1.38605,1.38551,1.38562,899.29
1299096900000,1.38562,1.38609,1.38555,1.3858,803.35
1299097800000,1.3858,1.38657,1.38566,1.38651,1001.14
1299098700000,1.38648,1.38683,1.38642,1.38658,1563.49
1299099600000,1.38658,1.38678,1.38638,1.3867,1028.23
1299100500000,1.3867,1.38672,1.38642,1.3865,483.73
1299101400000,1.38649,1.38691,1.3863,1.38671,652.96
1299102300000,1.3867,1.3869,1.38642,1.38648,679.32
1299103200000,1.38647,1.3866,1.38605,1.38634,665.84
1299104100000,1.38631,1.38631,1.38597,1.3861,869.19
1299105000000,1.3861,1.38649,1.38603,1.38644,517.98
1299105900000,1.38642,1.3865,1.38614,1.38635,378.39
1299106800000,1.38633,1.38686,1.38633,1.38685,774.01
1299107700000,1.38685,1.38699,1.38642,1.38657,976.74
1299108600000,1.38656,1.38679,1.38643,1.38654,584.94
1299109500000,1.38654,1.38676,1.38629,1.38649,732.75
1299110400000,1.38648,1.38657,1.38565,1.38592,1100.8
1299111300000,1.38593,1.38669,1.38582,1.38649,1387.11
1299112200000,1.3865,1.38657,1.38597,1.38612,843.58
1299113100000,1.38612,1.38638,1.38542,1.38549,917.15
1299114000000,1.38549,1.38597,1.38527,1.38536,1393.86
1299114900000,1.38535,1.3857,1.38532,1.38544,961.61
1299115800000,1.38544,1.38573,1.38537,1.38567,828.83
1299116700000,1.38569,1.38586,1.3854,1.38551,1171.11
1299117600000,1.38549,1.38549,1.38518,1.38542,689.09
1299118500000,1.38542,1.38543,1.38495,1.38502,612.41
1299119400000,1.385,1.38549,1.38462,1.38538,1037.19
1299120300000,1.38538,1.38603,1.38534,1.38571,1072.15
1299121200000,1.38569,1.38609,1.38556,1.38556,828.38
1299122100000,1.38559,1.38589,1.38532,1.38586,1215.27
1299123000000,1.38587,1.38624,1.38579,1.38613,714.72
1299123900000,1.38613,1.38619,1.3858,1.3858,1026.25
1299124800000,1.38583,1.38605,1.38576,1.38588,838.62
1299125700000,1.38591,1.38595,1.38552,1.38588,421.6
1299126600000,1.38588,1.38613,1.3857,1.38572,669.64
1299127500000,1.38572,1.38572,1.38518,1.38559,923.47
1299128400000,1.38559,1.38585,1.38529,1.38579,1058.32
1299129300000,1.3858,1.38594,1.38541,1.38591,987.67
1299130200000,1.38592,1.38599,1.38552,1.38579,1985.32
1299131100000,1.3858,1.38748,1.38572,1.38719,2664.87
1299132000000,1.38719,1.38724,1.38661,1.38716,1965.86
1299132900000,1.38716,1.38724,1.38589,1.38641,1849.44
1299133800000,1.38649,1.38717,1.38647,1.3866,1579.97
1299134700000,1.3866,1.387,1.38639,1.3867,1513.73
1299135600000,1.3867,1.3876,1.3867,1.38705,1737.38
1299136500000,1.38705,1.38735,1.38629,1.38652,1799.56
1299137400000,1.38652,1.38729,1.38597,1.38711,1878.44
1299138300000,1.3871,1.38745,1.38639,1.38674,1441.42
1299139200000,1.38674,1.38691,1.38559,1.38569,1947.15
1299140100000,1.38569,1.38631,1.38464,1.38483,2461.84
1299141000000,1.38481,1.386,1.38469,1.38581,2243.79
1299141900000,1.38579,1.38581,1.38379,1.38421,2914.64
1299142800000,1.38419,1.38512,1.3837,1.38416,2490.99
1299143700000,1.38409,1.38538,1.3839,1.38468,2889.21
1299144600000,1.38468,1.38541,1.38327,1.38519,4347.4
1299145500000,1.38519,1.38563,1.38435,1.3855,2307.17
1299146400000,1.3855,1.38669,1.38549,1.38635,2605.93
1299147300000,1.38637,1.38668,1.38613,1.38625,1866.45
1299148200000,1.38625,1.3872,1.3862,1.387,2115.67
1299149100000,1.38698,1.38698,1.38623,1.38633,1956.65
1299150000000,1.38633,1.38711,1.38612,1.38681,1912.03
1299150900000,1.3868,1.38809,1.3868,1.38789,1805.43
1299151800000,1.3879,1.38819,1.38729,1.3873,2250.68
1299152700000,1.3873,1.38739,1.3867,1.38682,1600.91
1299153600000,1.38684,1.38692,1.3857,1.38588,1785.45
1299154500000,1.38587,1.38587,1.38522,1.38557,1589.26
1299155400000,1.38557,1.38654,1.38546,1.38633,1555.53
1299156300000,1.38633,1.3864,1.38441,1.38508,2066.21
1299157200000,1.38508,1.38667,1.38508,1.38513,2286.45
1299158100000,1.38511,1.38539,1.38448,1.38506,2382.33
1299159000000,1.38506,1.39487,1.38349,1.39394,7189.29
1299159900000,1.39399,1.39706,1.39399,1.39625,6872.47
1299160800000,1.39623,1.39639,1.39355,1.39355,4246.49
1299161700000,1.39354,1.39429,1.39281,1.39416,3832.06
1299162600000,1.39414,1.39509,1.39368,1.3947,4160.35
1299163500000,1.39471,1.3948,1.39287,1.39371,3935.39
1299164400000,1.3937,1.3943,1.3926,1.39411,3744.71
1299165300000,1.39412,1.39514,1.39371,1.39486,3716.08
1299166200000,1.39486,1.3952,1.39334,1.39388,3807.76
1299167100000,1.39388,1.3944,1.39324,1.3939,3656.43
1299168000000,1.3939,1.39411,1.39314,1.39336,2825.07
1299168900000,1.39337,1.39371,1.39292,1.39355,2949.32
1299169800000,1.39355,1.3947,1.39304,1.3945,2662.93
1299170700000,1.3945,1.3948,1.39424,1.3946,2169.73
1299171600000,1.39461,1.39482,1.39374,1.39402,2600.35
1299172500000,1.394,1.3944,1.39355,1.39361,2231.64
1299173400000,1.39361,1.3938,1.39334,1.39336,1616.43
1299174300000,1.39336,1.39389,1.3932,1.39351,1244.32
1299175200000,1.39348,1.3937,1.393,1.3931,1114.43
1299176100000,1.3931,1.39398,1.393,1.3939,1004.51
1299177000000,1.3939,1.39399,1.39351,1.39353,1113.48
1299177900000,1.39356,1.39433,1.39353,1.39414,841.65
1299178800000,1.39415,1.39492,1.39415,1.39492,1058.02
1299179700000,1.39492,1.3952,1.3947,1.39478,1375.17
1299180600000,1.39477,1.39499,1.3946,1.39491,1235.51
1299181500000,1.39493,1.3958,1.39472,1.39578,1670.5
1299182400000,1.39575,1.39621,1.39542,1.39584,2289.46
1299183300000,1.39584,1.39639,1.39579,1.39639,1161.8
1299184200000,1.39639,1.39707,1.39609,1.39644,1894.97
1299185100000,1.39646,1.39648,1.39578,1.39589,1594.95
1299186000000,1.39588,1.39618,1.39558,1.39605,1816.87
1299186900000,1.39606,1.39662,1.39598,1.39662,1085.09
1299187800000,1.39662,1.3971,1.39639,1.39666,1336.2
1299188700000,1.39666,1.39689,1.3963,1.39689,948.78
1299189600000,1.39689,1.39689,1.39626,1.39646,841.64
1299190500000,1.3964,1.39667,1.3963,1.39648,489.74
1299191400000,1.39647,1.39661,1.39594,1.39594,473.86
1299192300000,1.39594,1.39624,1.39556,1.39599,709.82
1299193200000,1.39599,1.39616,1.39557,1.39566,841.72
1299194100000,1.39571,1.39629,1.39571,1.39623,643.75
1299195000000,1.39626,1.39649,1.39581,1.39621,912.47
1299195900000,1.39621,1.39632,1.39551,1.39556,935.6
1299196800000,1.39559,1.39654,1.39556,1.39629,1688.38
1299197700000,1.39632,1.39637,1.39611,1.39612,843.67
1299198600000,1.3961,1.39611,1.3953,1.39542,1003.47
1299199500000,1.39542,1.3961,1.39532,1.39583,1440.83
1299200400000,1.39583,1.39635,1.39549,1.39559,1454.91
1299201300000,1.39559,1.39563,1.39512,1.39543,1052.95
1299202200000,1.39544,1.39554,1.39508,1.39512,1054.69
1299203100000,1.39517,1.39589,1.39516,1.39555,1050.41
1299204000000,1.39557,1.39577,1.39512,1.39529,625.22
1299204900000,1.39529,1.39542,1.39497,1.39516,966.98
1299205800000,1.39516,1.39541,1.39516,1.3953,581.3
1299206700000,1.39532,1.39551,1.39493,1.39536,997.37
1299207600000,1.39536,1.39547,1.39519,1.3954,728.72
1299208500000,1.3954,1.39565,1.39515,1.39552,808.14
1299209400000,1.39552,1.39567,1.39539,1.3956,475.14
1299210300000,1.3956,1.39578,1.39542,1.39559,579.85
1299211200000,1.39559,1.39579,1.39556,1.39565,554.64
1299212100000,1.39562,1.39572,1.39538,1.39548,447.75
1299213000000,1.39549,1.39562,1.39531,1.39536,326.16
1299213900000,1.39536,1.39549,1.39529,1.39549,273.97
1299214800000,1.39549,1.3956,1.39543,1.39559,318.22
1299215700000,1.39559,1.3957,1.39547,1.39568,329.84
1299216600000,1.39567,1.39572,1.39539,1.39568,413.36
1299217500000,1.39566,1.39639,1.39547,1.39634,732.36
1299218400000,1.39634,1.39637,1.39558,1.39565,1290.33
1299219300000,1.39565,1.3959,1.39539,1.39587,929.97
1299220200000,1.39587,1.39617,1.39558,1.39604,1266.4
1299221100000,1.39604,1.39605,1.39522,1.39551,1036.18
1299222000000,1.39551,1.39609,1.39549,1.39601,1491.48
1299222900000,1.39602,1.39641,1.39571,1.39598,1640.12
1299223800000,1.39601,1.3964,1.39564,1.39621,1514.89
1299224700000,1.39621,1.39649,1.39551,1.39579,1253.45
1299225600000,1.39582,1.39606,1.3955,1.39551,1285.07
1299226500000,1.39551,1.39583,1.39516,1.39519,1535.19
1299227400000,1.39518,1.39589,1.395,1.39577,1600.38
1299228300000,1.39578,1.39591,1.39543,1.39576,1656.61
1299229200000,1.39574,1.39612,1.39554,1.3959,1437.82
1299230100000,1.39591,1.39645,1.39571,1.39611,1486.38
1299231000000,1.39611,1.3964,1.3958,1.39605,1291.09
1299231900000,1.39604,1.39659,1.39591,1.39591,1358.06
1299232800000,1.39591,1.39646,1.3957,1.39626,1396.15
1299233700000,1.39622,1.39759,1.39622,1.397,2477.41
1299234600000,1.39699,1.3976,1.39695,1.3973,1556.93
1299235500000,1.3973,1.39731,1.39619,1.39637,1941.49
1299236400000,1.39633,1.39669,1.39625,1.39665,1500
1299237300000,1.39665,1.39717,1.39662,1.39689,1547.85
1299238200000,1.39691,1.39761,1.39683,1.39736,1801.71
1299239100000,1.39735,1.39772,1.3968,1.39709,1771.13
1299240000000,1.39709,1.39759,1.39703,1.3972,1986.28
1299240900000,1.39719,1.3974,1.39685,1.3971,1814.18
1299241800000,1.3971,1.39752,1.39699,1.39735,1637.52
1299242700000,1.39736,1.39746,1.39619,1.39656,2143.07
1299243600000,1.39656,1.3969,1.3957,1.39589,1996.16
1299244500000,1.39589,1.39629,1.39528,1.39559,2939.81
1299245400000,1.39559,1.3999,1.39445,1.39481,6560.15
1299246300000,1.39482,1.3965,1.39412,1.39556,5009.89
1299247200000,1.39557,1.39766,1.3953,1.39666,4260.58
1299248100000,1.39666,1.3985,1.39661,1.3985,3362.62
1299249000000,1.3985,1.39989,1.39758,1.39895,4277.85
1299249900000,1.39895,1.40058,1.39884,1.39998,4448.53
1299250800000,1.39997,1.40064,1.3982,1.39894,4260.02
1299251700000,1.39893,1.39934,1.3979,1.39816,3943.57
1299252600000,1.39815,1.3995,1.39815,1.39924,2800.4
1299253500000,1.39924,1.3993,1.39815,1.39892,3523.27
1299254400000,1.3989,1.3991,1.39585,1.39673,3695.26
1299255300000,1.39674,1.3975,1.39645,1.39713,3019.76
1299256200000,1.39712,1.39792,1.39672,1.39747,2460.4
1299257100000,1.39749,1.39822,1.39739,1.39822,1943.6
1299258000000,1.3982,1.39871,1.39802,1.39826,2228.58
1299258900000,1.39826,1.3984,1.39761,1.39773,2008.83
1299259800000,1.39776,1.3981,1.39642,1.3973,2623.5
1299260700000,1.3973,1.39794,1.3973,1.39751,1867.99
1299261600000,1.39752,1.39862,1.39752,1.3984,1438.9
1299262500000,1.39841,1.39928,1.39841,1.39875,1485.5
1299263400000,1.39874,1.39922,1.39865,1.39895,1200.96
1299264300000,1.39895,1.39895,1.39843,1.39879,1478.33
1299265200000,1.39878,1.3994,1.39872,1.3993,1373.77
1299266100000,1.39932,1.39937,1.39872,1.39875,1358.16
1299267000000,1.39878,1.3988,1.3983,1.3983,754.68
1299267900000,1.3983,1.39896,1.39829,1.39851,927.62
1299268800000,1.39851,1.3988,1.3985,1.3987,770.15
1299269700000,1.3987,1.39909,1.39865,1.39865,840.6
1299270600000,1.39865,1.39875,1.39833,1.39854,681.83
1299271500000,1.39854,1.3986,1.39829,1.39843,780.89
1299272400000,1.39843,1.39869,1.39808,1.39861,735.65
1299273300000,1.39861,1.3987,1.39838,1.39843,473.39
1299274200000,1.39843,1.39851,1.39805,1.39825,536.68
1299275100000,1.39825,1.39894,1.39805,1.39863,803.18
1299448800000,1.39889,1.39967,1.39859,1.39955,539.12
1299449700000,1.39955,1.3998,1.39955,1.39966,220.13
1299450600000,1.39964,1.39964,1.39918,1.39954,800.48
1299451500000,1.39955,1.39972,1.39927,1.3993,420.48
1299452400000,1.39927,1.39959,1.39894,1.39901,779.83
1299453300000,1.39902,1.39935,1.39879,1.39904,891.93
1299454200000,1.39904,1.39918,1.39867,1.39874,590.44
1299455100000,1.39874,1.39899,1.39865,1.39899,559.42
1299456000000,1.39901,1.39901,1.39808,1.39859,974.45
1299456900000,1.39862,1.39931,1.39862,1.39888,1056.85
1299457800000,1.39889,1.39903,1.39811,1.3983,1212.97
1299458700000,1.3983,1.39849,1.39711,1.39721,1491.88
1299459600000,1.39721,1.39744,1.39619,1.39696,1925.53
1299460500000,1.39695,1.39764,1.39688,1.39699,1377.17
1299461400000,1.397,1.39752,1.39689,1.39703,1228.13
1299462300000,1.39701,1.39813,1.39701,1.39782,1228.94
1299463200000,1.39782,1.39839,1.39778,1.39801,941.4
1299464100000,1.39801,1.39801,1.39755,1.39772,606.41
1299465000000,1.39772,1.3978,1.3972,1.3975,1185.86
1299465900000,1.39752,1.39784,1.39711,1.39723,2065.99
1299466800000,1.39721,1.3978,1.39721,1.39735,1124.36
1299467700000,1.39735,1.39812,1.39735,1.39812,1228.33
1299468600000,1.39811,1.39816,1.39743,1.39748,943.42
1299469500000,1.3975,1.3977,1.3975,1.39764,571.64
1299470400000,1.39763,1.39779,1.3975,1.39753,1025.39
1299471300000,1.39753,1.39779,1.39752,1.3976,400.02
1299472200000,1.3976,1.39772,1.39692,1.39715,1234.09
1299473100000,1.39715,1.39754,1.39697,1.39744,1237.13
1299474000000,1.39744,1.39783,1.39736,1.39776,1433.08
1299474900000,1.39774,1.39797,1.39745,1.39745,1240.76
1299475800000,1.39744,1.39776,1.39724,1.39735,1058.07
1299476700000,1.39735,1.39783,1.39724,1.39783,1471.98
1299477600000,1.39782,1.39803,1.39725,1.39738,1358.87
1299478500000,1.39737,1.39749,1.39689,1.39738,1723.37
1299479400000,1.39738,1.39799,1.39711,1.39798,1742.78
1299480300000,1.398,1.39801,1.39777,1.39791,815.75
1299481200000,1.39792,1.39959,1.39789,1.39943,2476.44
1299482100000,1.39943,1.39954,1.39879,1.39951,1805.28
1299483000000,1.39952,1.39997,1.39723,1.39752,3604.61
1299483900000,1.39752,1.39881,1.39699,1.39741,2684.84
1299484800000,1.39743,1.39743,1.39554,1.3964,3901.72
1299485700000,1.39639,1.39797,1.39638,1.39731,3226.88
1299486600000,1.39729,1.39758,1.39571,1.39642,2759.46
1299487500000,1.39641,1.39874,1.39632,1.39869,3090.18
1299488400000,1.39868,1.40001,1.39868,1.39966,3436.69
1299489300000,1.39967,1.4017,1.39946,1.4012,3670.44
1299490200000,1.40121,1.40211,1.40095,1.4021,2867.9
1299491100000,1.4021,1.40306,1.40194,1.40267,2854.63
1299492000000,1.40267,1.40275,1.40179,1.40193,2306.53
1299492900000,1.40193,1.4028,1.4017,1.402,2713.37
1299493800000,1.40199,1.40218,1.40134,1.40161,2033.04
1299494700000,1.40161,1.40254,1.40147,1.40226,2247.87
1299495600000,1.40227,1.40255,1.40173,1.40246,2195.02
1299496500000,1.40246,1.4033,1.40215,1.40304,2446.2
1299497400000,1.40304,1.40356,1.4025,1.4031,2365.26
1299498300000,1.40311,1.40335,1.40223,1.40301,2731.57
1299499200000,1.40301,1.40356,1.40263,1.40299,2310.73
1299500100000,1.403,1.40315,1.40218,1.4023,1856.27
1299501000000,1.40231,1.40293,1.40187,1.4021,1969.95
1299501900000,1.40209,1.40221,1.40167,1.40208,2006.47
1299502800000,1.40209,1.40293,1.40147,1.40269,3391.07
1299503700000,1.40266,1.40283,1.40214,1.4024,2906.69
1299504600000,1.4024,1.4024,1.40075,1.40114,3225.1
1299505500000,1.40112,1.40157,1.40038,1.40038,3009.18
1299506400000,1.40039,1.40083,1.39939,1.39977,3366.85
1299507300000,1.39976,1.40005,1.39904,1.4,3421.83
1299508200000,1.4,1.40046,1.39925,1.39984,4152.95
1299509100000,1.39984,1.40124,1.39984,1.40033,3962.36
1299510000000,1.40033,1.40112,1.40031,1.40107,3897.62
1299510900000,1.40107,1.40132,1.40042,1.40065,3254.07
1299511800000,1.40066,1.401,1.4001,1.40032,3533.18
1299512700000,1.40032,1.40142,1.39974,1.40138,3759.09
1299513600000,1.40138,1.40139,1.39955,1.39955,3582.5
1299514500000,1.39955,1.39971,1.3986,1.39865,3953.27
1299515400000,1.39869,1.39907,1.39775,1.3982,3271.84
1299516300000,1.3982,1.39827,1.39716,1.39755,3168.59
1299517200000,1.39755,1.3984,1.39737,1.39838,2443.46
1299518100000,1.39838,1.3984,1.39746,1.39747,1808.22
1299519000000,1.39747,1.39751,1.39669,1.39717,1995.41
1299519900000,1.39712,1.39712,1.39628,1.39645,2169.26
1299520800000,1.39649,1.39686,1.39597,1.3968,2080.18
1299521700000,1.3968,1.39714,1.39596,1.3961,2036.53
1299522600000,1.39608,1.39672,1.3957,1.39615,2211.39
1299523500000,1.39617,1.3966,1.39584,1.39602,1630.93
1299524400000,1.39602,1.39606,1.3957,1.39592,1943.51
1299525300000,1.39592,1.39704,1.39586,1.39678,2094.54
1299526200000,1.39677,1.39717,1.39645,1.39658,1163.03
1299527100000,1.39658,1.39713,1.39653,1.39676,1491.57
1299528000000,1.39676,1.39721,1.39659,1.39678,1864.06
1299528900000,1.39678,1.39709,1.39675,1.39698,1139.47
1299529800000,1.39698,1.39756,1.39677,1.39716,1573.62
1299530700000,1.39716,1.39741,1.39701,1.39718,1545.97
1299531600000,1.39718,1.3974,1.39689,1.39699,1058.17
1299532500000,1.39698,1.39721,1.3968,1.39716,680.38
1299533400000,1.39716,1.39737,1.39716,1.39725,813.84
1299534300000,1.39725,1.39725,1.39651,1.39679,871.03
1299535200000,1.39671,1.39717,1.39654,1.39712,422.6
1299536100000,1.39714,1.3975,1.39695,1.39716,606.01
1299537000000,1.39716,1.3973,1.39697,1.39701,449.42
1299537900000,1.39701,1.39739,1.39648,1.39687,908.26
1299538800000,1.39687,1.39706,1.39632,1.39635,659.66
1299539700000,1.39632,1.3964,1.39571,1.39614,949.17
1299540600000,1.39612,1.39628,1.39589,1.39626,404.94
1299541500000,1.39628,1.39669,1.39604,1.3962,773.23
1299542400000,1.39618,1.39729,1.39616,1.39717,1291.42
1299543300000,1.39717,1.39728,1.3961,1.39628,1255.91
1299544200000,1.39628,1.39674,1.39623,1.39667,708.9
1299545100000,1.39666,1.39682,1.39656,1.39667,851.27
1299546000000,1.39663,1.39682,1.39649,1.39677,569.37
1299546900000,1.39677,1.39677,1.39626,1.39641,621.29
1299547800000,1.39643,1.3965,1.39559,1.39574,1204.18
1299548700000,1.39574,1.3964,1.39572,1.39631,965.76
1299549600000,1.39634,1.3964,1.3958,1.39622,808.28
1299550500000,1.39621,1.39662,1.39618,1.39635,1077.92
1299551400000,1.39635,1.39738,1.39628,1.39727,1141.22
1299552300000,1.39727,1.39765,1.397,1.39764,868.74
1299553200000,1.39763,1.39792,1.39719,1.39724,1511.77
1299554100000,1.39724,1.39768,1.39703,1.39746,463
1299555000000,1.39743,1.39783,1.39739,1.3978,639.64
1299555900000,1.39778,1.39834,1.39771,1.39827,1160.02
1299556800000,1.39825,1.39878,1.39815,1.39868,1336.22
1299557700000,1.39868,1.39876,1.39852,1.3987,519.27
1299558600000,1.3987,1.39876,1.39835,1.39843,692.98
1299559500000,1.39843,1.3988,1.39814,1.3988,1080.5
1299560400000,1.3988,1.3988,1.39835,1.39845,882.89
1299561300000,1.39845,1.39876,1.3984,1.39858,908.35
1299562200000,1.39857,1.39857,1.39789,1.39821,1093.3
1299563100000,1.39823,1.39838,1.39809,1.39811,603.08
1299564000000,1.39812,1.39821,1.3976,1.39766,1197.09
1299564900000,1.39762,1.39808,1.39746,1.39757,2100.02
1299565800000,1.39757,1.39809,1.39742,1.39757,1749.15
1299566700000,1.39758,1.39759,1.39641,1.39701,2583.55
1299567600000,1.39705,1.3979,1.39702,1.39761,2930.72
1299568500000,1.39762,1.39834,1.39728,1.39831,2184.27
1299569400000,1.39829,1.39831,1.39508,1.39511,3233.08
1299570300000,1.39509,1.39542,1.39389,1.39519,3733.03
1299571200000,1.39517,1.39583,1.39488,1.39508,2811.43
1299572100000,1.39505,1.39509,1.39335,1.39356,3487.4
1299573000000,1.39356,1.39359,1.39218,1.39263,4241.98
1299573900000,1.39258,1.39378,1.39227,1.39291,2681.63
1299574800000,1.39291,1.39427,1.3929,1.39375,2187.16
1299575700000,1.39375,1.39433,1.39339,1.39387,2667.54
1299576600000,1.39384,1.39433,1.3922,1.39272,3105.82
1299577500000,1.39271,1.39352,1.39208,1.39281,4208.08
1299578400000,1.39282,1.3929,1.39157,1.39288,3503.85
1299579300000,1.39289,1.39414,1.39181,1.39239,3195.2
1299580200000,1.3924,1.39271,1.3917,1.39235,2012.27
1299581100000,1.39237,1.39272,1.39186,1.39248,1828.82
1299582000000,1.39248,1.393,1.39124,1.39172,2723.23
1299582900000,1.39174,1.3929,1.39171,1.39275,2127.9
1299583800000,1.39275,1.39306,1.3923,1.39233,2047.85
1299584700000,1.39233,1.39274,1.39208,1.39273,1620.45
1299585600000,1.3927,1.39272,1.39067,1.3911,2521.33
1299586500000,1.39108,1.39133,1.39029,1.39029,2537.92
1299587400000,1.39025,1.39081,1.38998,1.39017,2806.17
1299588300000,1.39021,1.39103,1.38971,1.38977,2591.79
1299589200000,1.38976,1.39131,1.38911,1.38966,3946.49
1299590100000,1.38969,1.3904,1.38906,1.38935,3451.1
1299591000000,1.38934,1.3902,1.38925,1.38928,2568.91
1299591900000,1.38925,1.39009,1.3887,1.38994,2715.84
1299592800000,1.38997,1.39047,1.388,1.38841,3738.76
1299593700000,1.38841,1.38887,1.3872,1.38749,3413.69
1299594600000,1.3875,1.38794,1.38656,1.3875,3758.99
1299595500000,1.38749,1.38758,1.38632,1.3873,3407.19
1299596400000,1.3873,1.38824,1.3872,1.38812,3224.34
1299597300000,1.38811,1.38893,1.38795,1.38882,2816.21
1299598200000,1.38882,1.38933,1.38838,1.38865,2628.02
1299599100000,1.38865,1.38999,1.38861,1.38991,3285.28
1299600000000,1.3899,1.38995,1.38927,1.38938,2319.35
1299600900000,1.38941,1.39056,1.38869,1.39033,2870.88
1299601800000,1.39032,1.39106,1.3901,1.39093,2674.64
1299602700000,1.39093,1.39129,1.39069,1.39106,2032.43
1299603600000,1.39106,1.39142,1.39059,1.3906,2225.7
1299604500000,1.39061,1.39115,1.39026,1.39046,1332.65
1299605400000,1.39044,1.39119,1.39033,1.39103,1065.88
1299606300000,1.39105,1.39123,1.39072,1.39089,1096.93
1299607200000,1.39085,1.39237,1.39085,1.39162,2157.23
1299608100000,1.39162,1.3918,1.39028,1.39041,2170.45
1299609000000,1.39041,1.39064,1.39012,1.39044,1272.07
1299609900000,1.39044,1.39131,1.39042,1.39087,1529.78
1299610800000,1.39089,1.39151,1.39053,1.39093,1877.13
1299611700000,1.39093,1.39101,1.39047,1.39073,805.02
1299612600000,1.39073,1.391,1.39061,1.39093,1032.03
1299613500000,1.39096,1.39116,1.39014,1.39018,1096.24
1299614400000,1.39019,1.39036,1.39,1.39004,1079.43
1299615300000,1.39003,1.3902,1.3899,1.39019,1134.43
1299616200000,1.39018,1.39036,1.38968,1.39029,1258.46
1299617100000,1.39028,1.39029,1.38971,1.38979,1598.66
1299618000000,1.38983,1.39042,1.38981,1.39024,1186.33
1299618900000,1.39021,1.39049,1.39003,1.39009,433.43
1299619800000,1.39009,1.39037,1.39002,1.39033,842.03
1299620700000,1.39037,1.39051,1.39019,1.39042,756.56
1299621600000,1.39042,1.39051,1.39007,1.39007,329.78
1299622500000,1.39009,1.39064,1.39003,1.39015,774.59
1299623400000,1.39015,1.39024,1.38977,1.38996,428.57
1299624300000,1.38996,1.39031,1.38986,1.39019,295.7
1299625200000,1.39023,1.39099,1.39021,1.39099,967.4
1299626100000,1.39097,1.39097,1.39053,1.39061,781.63
1299627000000,1.3906,1.3906,1.3896,1.39003,883.87
1299627900000,1.39005,1.39035,1.38927,1.38942,1544.51
1299628800000,1.3894,1.38954,1.38884,1.38908,2195.09
1299629700000,1.38907,1.3894,1.38888,1.38917,1128.32
1299630600000,1.38918,1.38922,1.3883,1.3885,1365.58
1299631500000,1.38852,1.38863,1.388,1.38804,1553.89
1299632400000,1.38802,1.38871,1.38792,1.38867,1602.98
1299633300000,1.38868,1.38879,1.38816,1.38864,1631.95
1299634200000,1.38864,1.38949,1.38855,1.38948,1379.79
1299635100000,1.38949,1.38959,1.38902,1.38935,1497.88
1299636000000,1.38935,1.38945,1.38869,1.38875,1201.38
1299636900000,1.38876,1.38949,1.38876,1.38931,1065.81
1299637800000,1.38929,1.38949,1.38913,1.38919,967.22
1299638700000,1.38918,1.38918,1.38821,1.38834,1350.93
1299639600000,1.38834,1.3885,1.38808,1.38836,1366.42
1299640500000,1.38836,1.38884,1.38836,1.3888,1332.04
1299641400000,1.3888,1.3892,1.38871,1.38914,1091.13
1299642300000,1.38918,1.38923,1.38891,1.3892,944.2
1299643200000,1.3892,1.3892,1.38865,1.38869,1383.25
1299644100000,1.38868,1.38902,1.38868,1.38891,1403.22
1299645000000,1.38892,1.38914,1.3889,1.38896,859.54
1299645900000,1.38895,1.38895,1.38863,1.38888,964.22
1299646800000,1.38889,1.38891,1.38861,1.38878,1170.9
1299647700000,1.38878,1.38902,1.38875,1.38889,686.11
1299648600000,1.38889,1.38889,1.3884,1.38842,1404.98
1299649500000,1.38841,1.38842,1.38735,1.38799,1469.28
1299650400000,1.38798,1.38838,1.38725,1.38833,1931.05
1299651300000,1.38833,1.38972,1.38819,1.3892,2541.82
1299652200000,1.38919,1.3894,1.38835,1.38848,1609.41
1299653100000,1.38849,1.38944,1.38836,1.38929,1618.86
1299654000000,1.38928,1.39017,1.38918,1.39015,1973.3
1299654900000,1.39016,1.39042,1.38932,1.3898,2194.89
1299655800000,1.38981,1.3901,1.38939,1.3899,1411.53
1299656700000,1.38989,1.3907,1.38989,1.39035,1684.33
1299657600000,1.39035,1.39078,1.38758,1.3876,2696.37
1299658500000,1.3876,1.38785,1.38664,1.38726,2570.56
1299659400000,1.38728,1.38737,1.38554,1.38664,2870.45
1299660300000,1.38667,1.38768,1.38621,1.38742,1894.27
1299661200000,1.38741,1.38746,1.38638,1.38662,1480.74
1299662100000,1.38662,1.38777,1.38662,1.38771,1696.97
1299663000000,1.38771,1.38838,1.38719,1.3876,2248.15
1299663900000,1.38758,1.38836,1.3875,1.38768,1692.41
1299664800000,1.3877,1.38875,1.38762,1.38763,1944.55
1299665700000,1.38762,1.38769,1.38689,1.38731,1682.9
1299666600000,1.38732,1.38877,1.38732,1.38817,2332.07
1299667500000,1.3882,1.38868,1.38732,1.38814,2065.93
1299668400000,1.38815,1.39025,1.38813,1.38971,3110.68
1299669300000,1.3897,1.39189,1.38963,1.3915,4115.4
1299670200000,1.3915,1.392,1.39117,1.39188,3128.73
1299671100000,1.39188,1.39371,1.39187,1.39299,3730.9
1299672000000,1.39298,1.39411,1.39298,1.39353,2793.79
1299672900000,1.39351,1.39391,1.39218,1.39239,2188.55
1299673800000,1.39238,1.39265,1.39199,1.39201,2469.88
1299674700000,1.39203,1.39261,1.39176,1.39259,2095.74
1299675600000,1.39259,1.393,1.3924,1.39275,2363.68
1299676500000,1.39273,1.39307,1.39184,1.39259,2796.05
1299677400000,1.39257,1.39264,1.3909,1.39124,2552.82
1299678300000,1.39124,1.39152,1.38925,1.38974,3578.74
1299679200000,1.38977,1.3912,1.38953,1.39081,2886.3
1299680100000,1.39081,1.39121,1.39006,1.39103,2708.88
1299681000000,1.39105,1.39129,1.38937,1.39011,3403.6
1299681900000,1.39012,1.39092,1.39012,1.39055,3087.16
1299682800000,1.39056,1.39225,1.39053,1.39133,3740.88
1299683700000,1.39132,1.39327,1.39112,1.39271,3705.35
1299684600000,1.3927,1.39338,1.3922,1.39259,3538.23
1299685500000,1.39259,1.39349,1.39176,1.3921,3231.19
1299686400000,1.39211,1.39259,1.39052,1.39102,2983.45
1299687300000,1.39105,1.39111,1.39022,1.3905,2871.03
1299688200000,1.39051,1.39093,1.38978,1.39051,2997.06
1299689100000,1.39051,1.39107,1.3904,1.39052,2213.94
1299690000000,1.39054,1.39117,1.38975,1.38991,2672.26
1299690900000,1.38991,1.39038,1.38853,1.3891,2287.91
1299691800000,1.38908,1.38948,1.38858,1.38883,2347.37
1299692700000,1.38884,1.39,1.38862,1.38999,2444.78
1299693600000,1.39003,1.39069,1.38963,1.39028,3304.94
1299694500000,1.39028,1.39059,1.3897,1.39044,2027.61
1299695400000,1.39044,1.39087,1.39017,1.39042,2156.38
1299696300000,1.39042,1.39094,1.38991,1.39073,1875.3
1299697200000,1.39074,1.39112,1.39022,1.39073,1598.22
1299698100000,1.39072,1.39108,1.39051,1.39082,1719.33
1299699000000,1.39083,1.39107,1.39064,1.39073,1598.4
1299699900000,1.39073,1.39074,1.39023,1.39039,1458.21
1299700800000,1.39041,1.39107,1.3902,1.39093,1908.08
1299701700000,1.39092,1.39102,1.39063,1.39083,1444.72
1299702600000,1.39084,1.39089,1.39025,1.39028,1850.42
1299703500000,1.39028,1.39053,1.38981,1.3903,1517.36
1299704400000,1.39035,1.39069,1.39026,1.39028,1281.94
1299705300000,1.39028,1.39064,1.39027,1.3906,950.91
1299706200000,1.39061,1.39072,1.39043,1.39055,1204.67
1299707100000,1.39056,1.39082,1.39046,1.39078,656.69
1299708000000,1.39065,1.39084,1.39011,1.39062,462.57
1299708900000,1.39058,1.39063,1.39021,1.39021,516.69
1299709800000,1.39024,1.39062,1.39014,1.39055,556.92
1299710700000,1.39055,1.39074,1.39031,1.39045,439.82
1299711600000,1.39045,1.39061,1.39022,1.3904,726.74
1299712500000,1.39041,1.39055,1.39025,1.39052,1180.78
1299713400000,1.39052,1.39052,1.39011,1.39038,849.21
1299714300000,1.39038,1.39057,1.39006,1.39032,850.81
1299715200000,1.39032,1.39066,1.39019,1.39056,875.45
1299716100000,1.39056,1.39148,1.39049,1.3914,1554.81
1299717000000,1.39141,1.3917,1.391,1.39135,2603.7
1299717900000,1.39133,1.39157,1.39103,1.39155,1096.73
1299718800000,1.39154,1.39239,1.39138,1.39233,1520.29
1299719700000,1.39233,1.39238,1.39167,1.39186,1289
1299720600000,1.39185,1.39211,1.39152,1.39186,1391.87
1299721500000,1.39186,1.39186,1.3913,1.39148,836.38
1299722400000,1.39148,1.39167,1.39136,1.39151,847.26
1299723300000,1.39152,1.39184,1.39143,1.39175,725.81
1299724200000,1.39174,1.3918,1.39161,1.39171,685.78
1299725100000,1.39173,1.3918,1.39131,1.39132,688.61
1299726000000,1.39131,1.39131,1.38922,1.38945,1836.78
1299726900000,1.38944,1.38979,1.38889,1.38915,1702.79
1299727800000,1.38919,1.38941,1.3885,1.3885,1163.04
1299728700000,1.3885,1.38879,1.38785,1.38806,1843.28
1299729600000,1.38803,1.38805,1.38655,1.3869,3268.31
1299730500000,1.38689,1.38753,1.38673,1.38753,1379.81
1299731400000,1.38753,1.38767,1.38682,1.38753,1425.47
1299732300000,1.38753,1.38754,1.3864,1.3868,1755.34
1299733200000,1.38677,1.3875,1.3867,1.38718,1622.68
1299734100000,1.38718,1.38759,1.38664,1.38723,1836.39
1299735000000,1.38723,1.38781,1.38715,1.38765,1194.75
1299735900000,1.38766,1.38777,1.38681,1.38736,1275.66
1299736800000,1.38733,1.3875,1.38706,1.38742,1866.83
1299737700000,1.38742,1.38746,1.38651,1.3866,1823.08
1299738600000,1.3866,1.38728,1.38613,1.38621,1944.17
1299739500000,1.3862,1.3873,1.38616,1.38676,3364.31
1299740400000,1.3868,1.38688,1.38323,1.38323,4379.89
1299741300000,1.38323,1.38324,1.38092,1.38219,5648.02
1299742200000,1.38217,1.38243,1.38118,1.38225,3690.53
1299743100000,1.38225,1.38309,1.38179,1.38294,2775.66
1299744000000,1.38296,1.38301,1.38124,1.38209,3029.46
1299744900000,1.38209,1.38231,1.38095,1.38172,2834.26
1299745800000,1.38171,1.383,1.3811,1.3823,2787.49
1299746700000,1.3823,1.38401,1.38227,1.38383,2722.5
1299747600000,1.38386,1.38433,1.38316,1.38337,2860.36
1299748500000,1.38337,1.38441,1.38324,1.38351,1901.09
1299749400000,1.38351,1.3845,1.3832,1.3837,2699.03
1299750300000,1.3837,1.3843,1.38342,1.38353,1811.36
1299751200000,1.38354,1.38506,1.38314,1.38421,2536.12
1299752100000,1.3842,1.38422,1.38339,1.3834,1884.52
1299753000000,1.38338,1.38488,1.38331,1.38413,2030.23
1299753900000,1.38413,1.38462,1.38382,1.3845,1588.05
1299754800000,1.38449,1.38481,1.3836,1.38374,2088.29
1299755700000,1.38373,1.38381,1.3824,1.38264,2703.26
1299756600000,1.3826,1.38292,1.38209,1.38254,2044.69
1299757500000,1.38254,1.38365,1.38211,1.38349,2847.69
1299758400000,1.38349,1.38433,1.38251,1.38423,2382.64
1299759300000,1.38422,1.38431,1.38351,1.38352,2239.88
1299760200000,1.38352,1.38377,1.38226,1.38312,2510.84
1299761100000,1.38314,1.38371,1.3817,1.38279,2744.75
1299762000000,1.38277,1.38295,1.38149,1.3817,2343.16
1299762900000,1.3817,1.38186,1.38052,1.381,3359.12
1299763800000,1.381,1.38259,1.37958,1.38059,4507.38
1299764700000,1.38059,1.38169,1.3801,1.38157,3492.14
1299765600000,1.38159,1.38222,1.3813,1.38184,2889.17
1299766500000,1.38184,1.38243,1.38128,1.38176,2700.71
1299767400000,1.38176,1.38271,1.3813,1.38231,4596.71
1299768300000,1.38231,1.38352,1.38223,1.38307,3657.49
1299769200000,1.38307,1.3834,1.3816,1.38206,3251.36
1299770100000,1.38206,1.38316,1.3818,1.38237,3126.17
1299771000000,1.38237,1.38237,1.3795,1.38036,3893.65
1299771900000,1.38034,1.38041,1.3791,1.37981,3849.43
1299772800000,1.37981,1.38029,1.3796,1.38003,2997.65
1299773700000,1.38003,1.38082,1.37969,1.38042,2733.79
1299774600000,1.38042,1.38157,1.37987,1.38104,2687.87
1299775500000,1.38103,1.38225,1.38099,1.38223,3015.09
1299776400000,1.38224,1.3824,1.38155,1.38166,1976.25
1299777300000,1.3817,1.38189,1.38073,1.38088,1875.46
1299778200000,1.38086,1.38094,1.38028,1.38056,2072.23
1299779100000,1.38056,1.38196,1.38046,1.38196,1814.71
1299780000000,1.38196,1.38248,1.38126,1.3816,1915.89
1299780900000,1.3816,1.38213,1.38099,1.38102,2009.78
1299781800000,1.38102,1.38141,1.3792,1.37961,3516.57
1299782700000,1.3796,1.38044,1.3794,1.37989,2377.1
1299783600000,1.3799,1.38024,1.3784,1.37939,2575.09
1299784500000,1.37945,1.37972,1.37915,1.37965,1635.2
1299785400000,1.37966,1.38023,1.37965,1.38,1401.91
1299786300000,1.38004,1.38014,1.37933,1.37933,1419.32
1299787200000,1.37933,1.37952,1.37809,1.3783,2331.01
1299788100000,1.37829,1.37844,1.37753,1.37781,2152.87
1299789000000,1.3779,1.3789,1.37777,1.37873,2347.54
1299789900000,1.37875,1.37928,1.37836,1.3789,1950.6
1299790800000,1.37889,1.37889,1.37846,1.37867,1949.27
1299791700000,1.37868,1.37929,1.37868,1.3792,888.9
1299792600000,1.3792,1.37976,1.37916,1.3796,876.89
1299793500000,1.3796,1.37989,1.37933,1.37975,1048.82
1299794400000,1.37975,1.37995,1.3795,1.37975,236.11
1299795300000,1.37976,1.37977,1.37919,1.37959,295.88
1299796200000,1.37959,1.38011,1.37959,1.37993,271.3
1299797100000,1.37994,1.38027,1.37981,1.38002,321.23
1299798000000,1.38002,1.38012,1.37979,1.38005,394.46
1299798900000,1.38006,1.38042,1.38,1.38039,424.47
1299799800000,1.38037,1.38037,1.37981,1.37987,491
1299800700000,1.3799,1.38029,1.37964,1.38003,635.56
1299801600000,1.38002,1.38069,1.38001,1.38031,1258.73
1299802500000,1.3803,1.38124,1.37998,1.38117,1006.72
1299803400000,1.38116,1.38117,1.38076,1.38087,866.55
1299804300000,1.38086,1.38151,1.38079,1.3815,942.6
1299805200000,1.3815,1.38183,1.38137,1.38152,1213.96
1299806100000,1.38154,1.3816,1.38093,1.38115,707.27
1299807000000,1.38115,1.38183,1.38088,1.3815,986.27
1299807900000,1.38151,1.38192,1.38146,1.38148,935.82
1299808800000,1.38148,1.38319,1.38071,1.38256,1678.89
1299809700000,1.38255,1.38287,1.38175,1.38241,1258.53
1299810600000,1.38242,1.38296,1.38231,1.38267,977.64
1299811500000,1.38267,1.38271,1.38249,1.38254,510.98
1299812400000,1.38254,1.38286,1.38245,1.38262,866.75
1299813300000,1.38263,1.3827,1.38207,1.38243,848.53
1299814200000,1.38242,1.38262,1.38231,1.38231,523.18
1299815100000,1.38231,1.3825,1.38177,1.38208,973.61
1299816000000,1.38211,1.38238,1.38208,1.38224,580.66
1299816900000,1.38224,1.38263,1.38201,1.38255,927.06
1299817800000,1.38255,1.38277,1.38255,1.38271,612.66
1299818700000,1.38271,1.38271,1.38239,1.38239,436.37
1299819600000,1.38238,1.38264,1.38219,1.38238,946.94
1299820500000,1.38239,1.38248,1.38189,1.38218,777.6
1299821400000,1.38219,1.38277,1.38205,1.3827,756.86
1299822300000,1.3827,1.38275,1.38209,1.38236,1626.41
1299823200000,1.38234,1.38248,1.38139,1.38201,2012.06
1299824100000,1.38204,1.38225,1.37997,1.38085,2849.46
1299825000000,1.38087,1.38235,1.38047,1.3822,2703.18
1299825900000,1.3822,1.38257,1.38038,1.3804,1920.7
1299826800000,1.3804,1.38136,1.37904,1.37938,2936.63
1299827700000,1.37938,1.38067,1.3792,1.38024,3201
1299828600000,1.38019,1.381,1.3791,1.38062,3050.45
1299829500000,1.38062,1.38181,1.37991,1.38102,2557.25
1299830400000,1.38103,1.3837,1.38055,1.38286,3161.63
1299831300000,1.38286,1.38401,1.38275,1.38347,2293.19
1299832200000,1.38341,1.38402,1.3827,1.38315,2363.46
1299833100000,1.38315,1.38374,1.38291,1.38333,2324.8
1299834000000,1.38329,1.38335,1.38239,1.38321,2640.54
1299834900000,1.3832,1.3832,1.38148,1.38182,1874.69
1299835800000,1.38181,1.38218,1.38042,1.3808,2360.65
1299836700000,1.3808,1.38082,1.3791,1.38021,3233.6
1299837600000,1.38019,1.38019,1.37791,1.3784,4206.79
1299838500000,1.37842,1.37931,1.3752,1.37539,4258.04
1299839400000,1.37539,1.3771,1.37524,1.37694,3594.96
1299840300000,1.37693,1.37729,1.37577,1.37707,2495.92
1299841200000,1.37708,1.37742,1.37615,1.37715,2382.17
1299842100000,1.37713,1.37742,1.37661,1.3772,2129.01
1299843000000,1.3772,1.3779,1.37677,1.37761,1944.01
1299843900000,1.3776,1.37793,1.37662,1.3776,2095.38
1299844800000,1.37762,1.37792,1.37713,1.37786,2059.07
1299845700000,1.37786,1.37946,1.37783,1.37879,2757.92
1299846600000,1.37882,1.37923,1.37841,1.37854,1759.23
1299847500000,1.37857,1.37903,1.3778,1.37881,2078.39
1299848400000,1.3788,1.37884,1.37704,1.37727,2205.39
1299849300000,1.37729,1.37738,1.37668,1.37705,2471.66
1299850200000,1.37706,1.37732,1.376,1.37712,3251.42
1299851100000,1.37713,1.37897,1.377,1.3786,2711.13
1299852000000,1.3786,1.37966,1.37783,1.37863,3090.06
1299852900000,1.37863,1.37914,1.37842,1.37901,2051.44
1299853800000,1.37901,1.38163,1.3788,1.38157,3654.45
1299854700000,1.38153,1.38225,1.3811,1.38171,3859.37
1299855600000,1.38169,1.3823,1.38126,1.38221,3735.76
1299856500000,1.38227,1.38397,1.38227,1.38265,3289.67
1299857400000,1.38267,1.38373,1.38267,1.38318,2679.8
1299858300000,1.38318,1.38443,1.38308,1.38399,3174.04
1299859200000,1.38399,1.38501,1.38358,1.38404,3313.2
1299860100000,1.38404,1.38406,1.38283,1.38365,2616.72
1299861000000,1.38365,1.38493,1.3833,1.38437,2483.9
1299861900000,1.38439,1.38632,1.38439,1.38631,3687.52
1299862800000,1.38631,1.38769,1.38631,1.38736,2804.02
1299863700000,1.38737,1.38829,1.38727,1.38797,2219.11
1299864600000,1.38796,1.38806,1.38735,1.38789,1898.14
1299865500000,1.3879,1.38818,1.38762,1.38773,1639.73
1299866400000,1.38777,1.38816,1.38716,1.38718,1402.61
1299867300000,1.3872,1.38815,1.38718,1.38815,1215.43
1299868200000,1.38815,1.38822,1.38714,1.38739,1275.47
1299869100000,1.38742,1.38781,1.38724,1.38724,1158.77
1299870000000,1.38724,1.3881,1.38716,1.38785,1118.21
1299870900000,1.38785,1.38971,1.38785,1.38944,2477.86
1299871800000,1.38945,1.38972,1.38919,1.38946,1653.37
1299872700000,1.38945,1.38969,1.38869,1.3887,1238.67
1299873600000,1.38869,1.38956,1.38869,1.3891,1266.15
1299874500000,1.38908,1.38958,1.38905,1.38939,1043.77
1299875400000,1.38939,1.38958,1.38916,1.38919,645.22
1299876300000,1.38919,1.39037,1.38919,1.39016,1007.89
1299877200000,1.39016,1.39071,1.39016,1.39062,1048.27
1299878100000,1.39062,1.3914,1.3905,1.39089,715.71
1299879000000,1.39089,1.3911,1.39057,1.39067,695.52
1299879900000,1.39065,1.39065,1.38999,1.39024,756.48
1300050000000,1.39633,1.39667,1.39543,1.39546,934.47
1300050900000,1.39544,1.39545,1.39469,1.39514,1155.1
1300051800000,1.39509,1.39568,1.39498,1.39564,994.24
1300052700000,1.39566,1.39696,1.39562,1.39692,839.14
1300053600000,1.39683,1.39722,1.39482,1.39534,2188.66
1300054500000,1.39536,1.39636,1.39364,1.39367,3081.87
1300055400000,1.39367,1.39398,1.39284,1.39351,964.8
1300056300000,1.39351,1.39543,1.39293,1.39538,1888.65
1300057200000,1.39538,1.39538,1.39366,1.39438,2061.81
1300058100000,1.39438,1.39504,1.39349,1.3935,1753.9
1300059000000,1.3935,1.39432,1.39349,1.39382,1309.2
1300059900000,1.39383,1.39501,1.39354,1.39354,1498.33
1300060800000,1.39344,1.39353,1.39159,1.39201,2761.51
1300061700000,1.39199,1.39289,1.39198,1.39256,1860.88
1300062600000,1.39258,1.39272,1.39173,1.39183,2001.74
1300063500000,1.39188,1.39339,1.39187,1.3928,3065.1
1300064400000,1.3928,1.39336,1.39221,1.39299,2767.61
1300065300000,1.39301,1.39433,1.393,1.39433,1799.49
1300066200000,1.39433,1.39468,1.39334,1.39371,1681.66
1300067100000,1.3937,1.3937,1.39307,1.3935,1143.04
1300068000000,1.3935,1.39389,1.39268,1.39268,1695.66
1300068900000,1.3927,1.39329,1.3922,1.3927,1807.29
1300069800000,1.3927,1.39328,1.39269,1.39321,1544.34
1300070700000,1.39321,1.39332,1.393,1.39312,976.3
1300071600000,1.39317,1.39326,1.39263,1.39295,1080.47
1300072500000,1.39293,1.39318,1.39279,1.3928,1416.66
1300073400000,1.3928,1.39317,1.39263,1.39288,1170.48
1300074300000,1.39287,1.39287,1.39182,1.39191,1351.17
1300075200000,1.39191,1.39249,1.39181,1.39241,917.16
1300076100000,1.39241,1.39282,1.39235,1.39268,1032.68
1300077000000,1.39268,1.39282,1.39214,1.39237,1143.27
1300077900000,1.3924,1.39262,1.39234,1.39249,635.92
1300078800000,1.39249,1.39343,1.39244,1.39341,1381.09
1300079700000,1.39341,1.39349,1.39273,1.39288,961.6
1300080600000,1.39288,1.39383,1.39279,1.39369,1195.29
1300081500000,1.39369,1.3943,1.39276,1.39279,2071.01
1300082400000,1.39281,1.39356,1.39248,1.39342,1400.74
1300083300000,1.39341,1.3942,1.39337,1.394,1420.47
1300084200000,1.39403,1.39407,1.3934,1.39345,1148.42
1300085100000,1.39346,1.39397,1.39321,1.39348,1228.52
1300086000000,1.39349,1.39352,1.39218,1.39262,2483.37
1300086900000,1.39261,1.39387,1.39227,1.3932,2521.89
1300087800000,1.39319,1.39507,1.3921,1.39491,2790.35
1300088700000,1.39491,1.39531,1.39372,1.39378,2542.59
1300089600000,1.39375,1.39376,1.39203,1.39211,2807.52
1300090500000,1.39211,1.39211,1.39077,1.39099,2836.96
1300091400000,1.39098,1.39141,1.39044,1.39085,2809.75
1300092300000,1.39089,1.39344,1.39047,1.39341,2677.16
1300093200000,1.39341,1.39418,1.39269,1.39418,2616.12
1300094100000,1.39419,1.39502,1.39356,1.3945,2614.64
1300095000000,1.39452,1.3964,1.39452,1.39579,2783.7
1300095900000,1.39578,1.39585,1.39442,1.39524,2133.98
1300096800000,1.39525,1.39602,1.39456,1.39601,2129
1300097700000,1.39602,1.39661,1.3956,1.39607,2541.05
1300098600000,1.39605,1.39799,1.39605,1.39729,2996.37
1300099500000,1.39729,1.39746,1.39669,1.39673,2807.8
1300100400000,1.39675,1.39749,1.39608,1.39659,2452.66
1300101300000,1.39659,1.39659,1.3956,1.39609,2389.74
1300102200000,1.3961,1.39749,1.39602,1.39738,2254.85
1300103100000,1.39738,1.39748,1.39573,1.39589,2607.59
1300104000000,1.39589,1.39589,1.39425,1.39434,3721.62
1300104900000,1.39436,1.39632,1.39436,1.39573,3892.94
1300105800000,1.39575,1.39579,1.39459,1.39505,3019.59
1300106700000,1.39504,1.39691,1.39486,1.39609,3146.85
1300107600000,1.39609,1.39636,1.39458,1.39481,2627.93
1300108500000,1.39479,1.39514,1.3944,1.39473,2341.8
1300109400000,1.39473,1.39656,1.39438,1.39563,3407.7
1300110300000,1.39565,1.39663,1.39559,1.39642,2899.67
1300111200000,1.39642,1.39669,1.39566,1.39651,2603.47
1300112100000,1.39651,1.39686,1.39625,1.39677,2127.91
1300113000000,1.39678,1.3968,1.39602,1.39613,2239.35
1300113900000,1.39611,1.39762,1.39609,1.39645,2919.29
1300114800000,1.39645,1.39665,1.39529,1.39547,2850.62
1300115700000,1.39547,1.39614,1.39529,1.39598,2796.9
1300116600000,1.39598,1.39684,1.39543,1.39683,3081.99
1300117500000,1.39683,1.39763,1.39649,1.39741,2564.75
1300118400000,1.39741,1.3996,1.39741,1.39895,3429.37
1300119300000,1.39895,1.39896,1.39814,1.39832,1984.48
1300120200000,1.39834,1.39885,1.39788,1.39881,1901.59
1300121100000,1.39881,1.3992,1.39863,1.39874,2382.08
1300122000000,1.39879,1.40021,1.39876,1.39965,2124.06
1300122900000,1.39965,1.40001,1.39916,1.39988,1571.05
1300123800000,1.39989,1.40023,1.3992,1.39944,1655.52
1300124700000,1.39947,1.39981,1.39891,1.39896,1424.73
1300125600000,1.39892,1.39902,1.3983,1.39852,1849.85
1300126500000,1.39851,1.39969,1.39851,1.39928,2560.95
1300127400000,1.39928,1.39972,1.39882,1.39953,911.83
1300128300000,1.39953,1.39978,1.39912,1.39925,1288.74
1300129200000,1.39925,1.39995,1.39919,1.3999,1608.28
1300130100000,1.39991,1.40028,1.39969,1.39996,1527.04
1300131000000,1.39998,1.4002,1.39971,1.39975,1270.06
1300131900000,1.39976,1.40026,1.3996,1.39985,1414.84
1300132800000,1.39983,1.40008,1.39958,1.39961,856.63
1300133700000,1.39961,1.39981,1.39929,1.39947,729.14
1300134600000,1.39945,1.3996,1.39874,1.39885,853.22
1300135500000,1.39885,1.39934,1.39868,1.39915,703.63
1300136400000,1.39915,1.39917,1.39875,1.39904,243.86
1300137300000,1.39904,1.39908,1.39874,1.39879,324.29
1300138200000,1.39881,1.39901,1.3986,1.39869,453.07
1300139100000,1.39869,1.39894,1.39853,1.39876,777.95
1300140000000,1.39881,1.39937,1.39878,1.39906,455.39
1300140900000,1.39909,1.39932,1.39885,1.39922,422.83
1300141800000,1.39922,1.39944,1.39905,1.39915,459.56
1300142700000,1.3992,1.39943,1.39893,1.39934,372.81
1300143600000,1.39931,1.39979,1.39928,1.39946,524.01
1300144500000,1.39949,1.39967,1.39929,1.39938,502.36
1300145400000,1.39937,1.39941,1.39849,1.39893,902.23
1300146300000,1.39893,1.3994,1.39866,1.39901,748.4
1300147200000,1.399,1.40001,1.39874,1.3994,1359.1
1300148100000,1.39939,1.39988,1.3992,1.39967,923.21
1300149000000,1.39968,1.39968,1.39857,1.39863,997.44
1300149900000,1.39864,1.3988,1.39794,1.39825,1580.66
1300150800000,1.39825,1.39873,1.39815,1.39841,1083.28
1300151700000,1.39841,1.39841,1.3978,1.3981,1438.68
1300152600000,1.39815,1.39839,1.39794,1.39808,825.91
1300153500000,1.39806,1.3983,1.39705,1.39732,1088.71
1300154400000,1.39732,1.39732,1.39609,1.39648,2447.02
1300155300000,1.39648,1.39683,1.395,1.39508,2126.75
1300156200000,1.39508,1.39544,1.39445,1.39489,2949.53
1300157100000,1.39489,1.39561,1.3938,1.39446,3289.92
1300158000000,1.39445,1.39619,1.39398,1.39605,2492.85
1300158900000,1.39606,1.39641,1.39564,1.39581,2362.48
1300159800000,1.39583,1.39611,1.3945,1.39489,2801.01
1300160700000,1.39487,1.39488,1.39228,1.39287,3157.56
1300161600000,1.39287,1.39287,1.38937,1.3912,3751.91
1300162500000,1.39122,1.39251,1.39079,1.39203,2557.55
1300163400000,1.39203,1.39277,1.39168,1.39231,1823.43
1300164300000,1.39231,1.39282,1.39179,1.3923,1762.21
1300165200000,1.3923,1.39278,1.39185,1.39215,1614.7
1300166100000,1.39213,1.39324,1.39149,1.39312,2195.09
1300167000000,1.39314,1.39389,1.39297,1.39352,2007.47
1300167900000,1.39352,1.39372,1.39253,1.39266,2086.96
1300168800000,1.39266,1.3927,1.39202,1.39214,1872.84
1300169700000,1.39216,1.39424,1.39216,1.39368,2489.83
1300170600000,1.39369,1.39417,1.39308,1.3941,1798.15
1300171500000,1.3941,1.39471,1.3939,1.39421,1933.39
1300172400000,1.3942,1.3942,1.39031,1.39124,3209.08
1300173300000,1.39122,1.3915,1.38969,1.39079,3650.8
1300174200000,1.39081,1.39181,1.38929,1.39134,3823.58
1300175100000,1.39134,1.39262,1.39104,1.39176,2949.44
1300176000000,1.39178,1.39318,1.39168,1.39239,3562.45
1300176900000,1.39239,1.39373,1.39186,1.3933,2605.34
1300177800000,1.39325,1.39391,1.39286,1.39318,2792.46
1300178700000,1.39318,1.39381,1.39305,1.39331,2997.67
1300179600000,1.3933,1.3933,1.39083,1.39091,3295.16
1300180500000,1.3909,1.39093,1.38798,1.38819,4276.53
1300181400000,1.38817,1.3893,1.387,1.38888,4049.75
1300182300000,1.38882,1.3889,1.38702,1.38712,3933.48
1300183200000,1.38713,1.38763,1.38553,1.3876,3924.14
1300184100000,1.3876,1.38809,1.3867,1.38703,3125.45
1300185000000,1.38704,1.38851,1.38704,1.38845,2947.15
1300185900000,1.38845,1.38863,1.3869,1.38754,3033.97
1300186800000,1.38753,1.38935,1.38742,1.38837,2832.09
1300187700000,1.3884,1.3887,1.38789,1.38853,2424.39
1300188600000,1.38852,1.38896,1.38755,1.38791,2338.63
1300189500000,1.38789,1.38871,1.38738,1.38839,3046.78
1300190400000,1.3884,1.39096,1.38742,1.39061,4421.38
1300191300000,1.39061,1.39064,1.38889,1.38935,3871.34
1300192200000,1.38926,1.38967,1.38633,1.38787,4690.66
1300193100000,1.38787,1.38957,1.38742,1.38932,4030.01
1300194000000,1.38932,1.38964,1.38803,1.38825,3938.05
1300194900000,1.38826,1.39082,1.38826,1.39003,4724.49
1300195800000,1.39002,1.39304,1.38828,1.39304,5115.99
1300196700000,1.39302,1.39352,1.39199,1.39225,3900.45
1300197600000,1.39223,1.39547,1.39222,1.39459,4554.13
1300198500000,1.39461,1.39474,1.39325,1.39434,4274.43
1300199400000,1.39435,1.39522,1.3938,1.39464,3810.75
1300200300000,1.39465,1.39661,1.3943,1.39656,3687.27
1300201200000,1.39657,1.39658,1.39461,1.39482,3424.91
1300202100000,1.39484,1.39567,1.39436,1.39561,3312.14
1300203000000,1.39561,1.39564,1.39471,1.39487,2904.2
1300203900000,1.39485,1.39673,1.39485,1.39671,2970.7
1300204800000,1.39671,1.39839,1.39666,1.3977,3374.18
1300205700000,1.3977,1.39791,1.39712,1.39753,3165.22
1300206600000,1.39754,1.39816,1.3968,1.39695,2900.31
1300207500000,1.39696,1.39868,1.39669,1.39854,2595.78
1300208400000,1.39859,1.39859,1.39581,1.39676,3111.09
1300209300000,1.39676,1.39719,1.39648,1.39683,1851.7
1300210200000,1.39684,1.3979,1.39663,1.39769,2191.01
1300211100000,1.39769,1.39919,1.3975,1.39764,2247.3
1300212000000,1.39765,1.39857,1.39707,1.39785,2897.91
1300212900000,1.39785,1.39857,1.39531,1.39656,4446.52
1300213800000,1.39657,1.39791,1.39645,1.39779,2202.24
1300214700000,1.39782,1.40021,1.3976,1.39956,2880.42
1300215600000,1.39956,1.40127,1.39937,1.40127,2862.95
1300216500000,1.40124,1.40124,1.39908,1.39998,2491.78
1300217400000,1.39996,1.40026,1.39951,1.40009,1570.9
1300218300000,1.4001,1.40014,1.3994,1.39956,2204.1
1300219200000,1.39956,1.39977,1.39925,1.39965,1623.87
1300220100000,1.39966,1.40001,1.3996,1.39997,916.31
1300221000000,1.39997,1.40023,1.39979,1.39997,1099.26
1300221900000,1.39997,1.4,1.39941,1.39973,973.62
1300222800000,1.39973,1.39996,1.39934,1.39954,489.79
1300223700000,1.39954,1.39987,1.39944,1.39983,610.85
1300224600000,1.39982,1.40015,1.39978,1.39997,588.58
1300225500000,1.39995,1.39995,1.39952,1.39972,349.03
1300226400000,1.3997,1.4,1.398,1.39825,1534.94
1300227300000,1.39825,1.39873,1.39778,1.39815,1353.65
1300228200000,1.39815,1.39829,1.39738,1.39773,1575.07
1300229100000,1.3977,1.398,1.39701,1.39708,1452.52
1300230000000,1.39707,1.39906,1.39707,1.39833,1381.42
1300230900000,1.39837,1.39869,1.39798,1.39807,1170.75
1300231800000,1.39807,1.39863,1.39763,1.39862,938.9
1300232700000,1.3986,1.39921,1.39816,1.39855,1710.77
1300233600000,1.39855,1.39886,1.39802,1.39836,2395.53
1300234500000,1.39835,1.39865,1.39779,1.39814,2020.76
1300235400000,1.39816,1.39827,1.39709,1.39746,1495.37
1300236300000,1.39745,1.39777,1.39661,1.3972,1653.35
1300237200000,1.3972,1.39732,1.39631,1.3968,1838.19
1300238100000,1.39679,1.3973,1.39672,1.39696,866.91
1300239000000,1.39697,1.39808,1.39696,1.39806,1539.98
1300239900000,1.39806,1.39828,1.39761,1.39761,1604.26
1300240800000,1.39761,1.39781,1.39736,1.39753,1197.41
1300241700000,1.39751,1.39799,1.39717,1.39774,959.91
1300242600000,1.39774,1.39777,1.39663,1.39716,1458.22
1300243500000,1.39716,1.39747,1.3963,1.3963,1252.64
1300244400000,1.3963,1.39663,1.39614,1.39619,1367.75
1300245300000,1.39619,1.39667,1.39608,1.39618,1253.07
1300246200000,1.39619,1.39696,1.39614,1.39678,2011.36
1300247100000,1.39678,1.39679,1.39607,1.39656,1478.77
1300248000000,1.39656,1.39699,1.39642,1.39698,874.53
1300248900000,1.39699,1.3971,1.39619,1.39649,1021.55
1300249800000,1.39649,1.39728,1.39649,1.39687,1189.52
1300250700000,1.39687,1.39723,1.39649,1.3971,752.82
1300251600000,1.39712,1.39715,1.39633,1.39687,1091.23
1300252500000,1.39687,1.39798,1.39666,1.39798,1516.81
1300253400000,1.39798,1.39838,1.39754,1.39771,1500.19
1300254300000,1.39771,1.3983,1.3976,1.39827,1337.95
1300255200000,1.39828,1.3984,1.3975,1.39811,1333.05
1300256100000,1.39809,1.39812,1.3965,1.39679,1608.25
1300257000000,1.3968,1.39863,1.39677,1.3985,1741.27
1300257900000,1.39848,1.399,1.39825,1.3984,1539.85
1300258800000,1.39837,1.40007,1.39836,1.39882,2216.44
1300259700000,1.39884,1.39947,1.39783,1.39784,2118.17
1300260600000,1.39783,1.39838,1.39679,1.39684,2534.52
1300261500000,1.39682,1.39708,1.3962,1.39632,2655.27
1300262400000,1.39633,1.39801,1.39583,1.39762,3113.04
1300263300000,1.39762,1.39853,1.39721,1.39754,3134.74
1300264200000,1.39754,1.39786,1.39616,1.39728,2681.92
1300265100000,1.3973,1.3975,1.3964,1.39684,2381.39
1300266000000,1.39683,1.39798,1.39649,1.39682,3416.07
1300266900000,1.39683,1.39686,1.3956,1.39594,2789.72
1300267800000,1.39592,1.39644,1.3938,1.39467,3457.54
1300268700000,1.39466,1.39667,1.39456,1.39598,2936.32
1300269600000,1.39597,1.39629,1.39422,1.39516,2999.76
1300270500000,1.39517,1.39519,1.39396,1.3951,2356.02
1300271400000,1.39511,1.39581,1.393,1.39334,2797.3
1300272300000,1.39336,1.39394,1.39267,1.39332,3029.18
1300273200000,1.39331,1.39394,1.39293,1.39394,2146.72
1300274100000,1.39394,1.39442,1.39317,1.39435,2564.11
1300275000000,1.39435,1.39461,1.39338,1.39443,2622.66
1300275900000,1.39443,1.39478,1.39356,1.39478,2264.53
1300276800000,1.39478,1.39492,1.39402,1.39481,2181.36
1300277700000,1.39481,1.39653,1.39447,1.39634,2670.15
1300278600000,1.3963,1.39716,1.395,1.39656,3424.17
1300279500000,1.39656,1.39687,1.39579,1.39658,2595.11
1300280400000,1.39658,1.39755,1.395,1.39502,2768.6
1300281300000,1.395,1.39522,1.3927,1.39292,3854.53
1300282200000,1.39291,1.39343,1.39118,1.3917,3749.16
1300283100000,1.39169,1.39328,1.39129,1.39317,3990.46
1300284000000,1.39317,1.39445,1.39304,1.39345,3806.76
1300284900000,1.39344,1.39389,1.39278,1.39363,2743.7
1300285800000,1.39364,1.39427,1.39256,1.39412,3037.79
1300286700000,1.39412,1.39469,1.3926,1.3926,3271.32
1300287600000,1.39258,1.39312,1.39007,1.39249,5740.61
1300288500000,1.39249,1.39264,1.3914,1.3925,4299.94
1300289400000,1.39251,1.39332,1.39205,1.39271,3956.04
1300290300000,1.39271,1.39272,1.39102,1.39214,4788.46
1300291200000,1.39217,1.39273,1.39191,1.39215,4066.59
1300292100000,1.39213,1.39263,1.3917,1.39232,3605.75
1300293000000,1.39232,1.39337,1.39219,1.3924,3230.76
1300293900000,1.3924,1.39306,1.39188,1.39282,3070.98
1300294800000,1.3928,1.39281,1.39179,1.39186,2324.52
1300295700000,1.39189,1.39242,1.38951,1.38994,3334.58
1300296600000,1.38992,1.38999,1.38815,1.38912,3367.63
1300297500000,1.38912,1.38959,1.3884,1.389,2117.3
1300298400000,1.38898,1.38898,1.38672,1.38758,3711.43
1300299300000,1.38756,1.38828,1.38665,1.3874,4027.29
1300300200000,1.38739,1.3906,1.38685,1.38983,3536.24
1300301100000,1.38985,1.39083,1.38911,1.38992,3113.75
1300302000000,1.38992,1.39063,1.38929,1.38929,2675.88
1300302900000,1.38929,1.39047,1.38927,1.3897,2447.66
1300303800000,1.3897,1.39044,1.38927,1.3904,2305.01
1300304700000,1.39039,1.39048,1.38881,1.38889,2706.83
1300305600000,1.38887,1.38984,1.38859,1.38914,2178.06
1300306500000,1.38915,1.38941,1.38868,1.38916,1498
1300307400000,1.38916,1.38982,1.38889,1.38955,1024.94
1300308300000,1.38955,1.39016,1.38935,1.38983,1360.6
1300309200000,1.38971,1.39147,1.38958,1.39147,876.8
1300310100000,1.39148,1.39446,1.3899,1.39218,1308.81
1300311000000,1.39218,1.39288,1.39014,1.39288,1866.86
1300311900000,1.39286,1.39361,1.39056,1.39293,2178.88
1300312800000,1.39291,1.39362,1.3898,1.39201,2669.51
1300313700000,1.39201,1.3942,1.3919,1.39314,2563.73
1300314600000,1.39316,1.39329,1.39068,1.39087,2390.07
1300315500000,1.39085,1.39132,1.39027,1.39127,1621.62
1300316400000,1.39125,1.39267,1.39125,1.39211,1773.08
1300317300000,1.39207,1.39264,1.3913,1.3913,1825.04
1300318200000,1.39129,1.39239,1.39002,1.39007,2688.39
1300319100000,1.39004,1.391,1.38692,1.38831,4109.37
1300320000000,1.38836,1.3896,1.38763,1.38949,3606.7
1300320900000,1.38947,1.38973,1.38802,1.38971,2742.7
1300321800000,1.38972,1.39081,1.38932,1.39046,4273.46
1300322700000,1.39044,1.3908,1.38879,1.38904,3711.83
1300323600000,1.38903,1.39154,1.38877,1.3892,4026.09
1300324500000,1.3892,1.39019,1.38869,1.3901,2398.19
1300325400000,1.39011,1.39146,1.38954,1.39145,2783.71
1300326300000,1.39147,1.3917,1.39075,1.3914,1736.2
1300327200000,1.39139,1.39147,1.3908,1.3914,1385.31
1300328100000,1.39142,1.39184,1.39069,1.39125,2192.23
1300329000000,1.39125,1.39181,1.39114,1.3916,1732.34
1300329900000,1.3916,1.39212,1.39121,1.39182,1439.34
1300330800000,1.39182,1.39252,1.39172,1.39211,1819.54
1300331700000,1.39212,1.39271,1.39189,1.39236,1867.42
1300332600000,1.3924,1.39266,1.3919,1.39236,2182.28
1300333500000,1.39236,1.39265,1.39199,1.39201,1919.47
1300334400000,1.39199,1.39259,1.39147,1.3916,2509.03
1300335300000,1.39158,1.39213,1.39139,1.39201,2243.76
1300336200000,1.39201,1.39262,1.39181,1.39249,1779.23
1300337100000,1.39249,1.39281,1.39226,1.39253,1294.08
1300338000000,1.39254,1.39284,1.39236,1.3926,1888.2
1300338900000,1.39259,1.39281,1.392,1.39254,2475.77
1300339800000,1.39255,1.39368,1.3923,1.39356,2258.35
1300340700000,1.39356,1.39356,1.39238,1.39251,1774.72
1300341600000,1.39252,1.39366,1.39252,1.3934,1930.72
1300342500000,1.39339,1.3935,1.39248,1.39253,1626.45
1300343400000,1.39253,1.3928,1.39184,1.39196,964.55
1300344300000,1.39197,1.3929,1.39153,1.39184,1736.55
1300345200000,1.39184,1.39415,1.39179,1.39402,2924.46
1300346100000,1.39401,1.39655,1.39336,1.39647,3537.19
1300347000000,1.39647,1.39768,1.39642,1.39756,3775.93
1300347900000,1.39753,1.39779,1.39549,1.3956,3285.58
1300348800000,1.3956,1.39676,1.3955,1.39644,3377.54
1300349700000,1.39642,1.39768,1.39551,1.39699,3530.5
1300350600000,1.397,1.3985,1.39659,1.39807,3390.69
1300351500000,1.39805,1.39931,1.39754,1.39895,3128.1
1300352400000,1.39894,1.3994,1.39807,1.39864,2831.78
1300353300000,1.39865,1.39939,1.39823,1.39933,2163.43
1300354200000,1.39935,1.40225,1.3991,1.4019,3553.87
1300355100000,1.40194,1.40351,1.4015,1.40347,3896.77
1300356000000,1.40347,1.40519,1.40249,1.40322,4480.4
1300356900000,1.40322,1.40347,1.4024,1.40276,2960.39
1300357800000,1.40277,1.40328,1.40096,1.40168,3639.55
1300358700000,1.40169,1.40284,1.40109,1.40231,3465.19
1300359600000,1.40231,1.40284,1.40175,1.40195,2963.78
1300360500000,1.4019,1.40208,1.40077,1.40087,2549.77
1300361400000,1.40087,1.40179,1.40086,1.40162,3029.46
1300362300000,1.40162,1.4021,1.40141,1.40177,2335.67
1300363200000,1.40181,1.40239,1.4014,1.40176,2296.43
1300364100000,1.40175,1.403,1.40157,1.40165,3424.81
1300365000000,1.40163,1.4018,1.40027,1.40105,4573.28
1300365900000,1.40104,1.40154,1.3995,1.40001,3568.58
1300366800000,1.40005,1.40087,1.39992,1.40024,2570.18
1300367700000,1.40024,1.40149,1.39981,1.40093,2970.75
1300368600000,1.40094,1.40109,1.39884,1.40017,3932.49
1300369500000,1.40016,1.40024,1.3989,1.39924,3067.48
1300370400000,1.39924,1.39976,1.39809,1.39831,3727.84
1300371300000,1.39831,1.39904,1.398,1.39851,2667.98
1300372200000,1.39851,1.39961,1.3984,1.39961,2289.21
1300373100000,1.39967,1.40105,1.39967,1.40054,2977.3
1300374000000,1.40047,1.40098,1.40022,1.40084,2321.51
1300374900000,1.40084,1.40285,1.40071,1.40071,3740.67
1300375800000,1.40077,1.40225,1.40071,1.40134,3005.44
1300376700000,1.40134,1.40212,1.39986,1.40198,2637.93
1300377600000,1.40196,1.40342,1.40191,1.40297,3090.05
1300378500000,1.40298,1.40335,1.40267,1.40335,2496.5
1300379400000,1.40342,1.40418,1.40071,1.40112,3293.06
1300380300000,1.40111,1.40168,1.40039,1.40134,1854.87
1300381200000,1.40134,1.40367,1.40129,1.40283,2947.46
1300382100000,1.40279,1.40314,1.4015,1.40156,2551.68
1300383000000,1.40157,1.40179,1.40111,1.40123,1920.46
1300383900000,1.40122,1.4022,1.401,1.401,2717.69
1300384800000,1.40099,1.40159,1.40062,1.40087,2578.71
1300385700000,1.40087,1.40199,1.40059,1.40173,1292.24
1300386600000,1.40171,1.40258,1.40163,1.40227,1103.15
1300387500000,1.40227,1.4023,1.40055,1.40067,2144.78
1300388400000,1.40073,1.40105,1.4,1.40076,1653.62
1300389300000,1.40078,1.40133,1.40052,1.40114,1784.69
1300390200000,1.40114,1.40204,1.40103,1.40166,1640.34
1300391100000,1.40167,1.40208,1.40131,1.40205,1873.4
1300392000000,1.40208,1.40223,1.40159,1.40214,1783.35
1300392900000,1.40214,1.40258,1.40196,1.40236,1839.1
1300393800000,1.40235,1.40261,1.40219,1.4025,998.69
1300394700000,1.4025,1.40263,1.40177,1.40204,1162.34
1300395600000,1.40211,1.40236,1.40151,1.40215,227.19
1300396500000,1.40214,1.40253,1.40178,1.4018,627.11
1300397400000,1.4018,1.40215,1.40144,1.40159,474.07
1300398300000,1.40157,1.40194,1.40155,1.40181,297.72
1300399200000,1.40182,1.40216,1.40148,1.40161,250.13
1300400100000,1.40161,1.40189,1.40143,1.40189,603.48
1300401000000,1.40195,1.40237,1.40112,1.40126,1541.73
1300401900000,1.40126,1.40192,1.40099,1.4016,1240.82
1300402800000,1.4016,1.40169,1.40024,1.40059,986.17
1300403700000,1.40059,1.4009,1.40035,1.40057,734.61
1300404600000,1.40057,1.40187,1.40025,1.40187,983.76
1300405500000,1.40186,1.40376,1.40125,1.40302,1982.49
1300406400000,1.40302,1.40339,1.39816,1.39947,4943.39
1300407300000,1.39949,1.39992,1.39832,1.3985,3566.58
1300408200000,1.39853,1.40086,1.39799,1.40086,2989.94
1300409100000,1.40087,1.40156,1.40014,1.4005,3175.76
1300410000000,1.4005,1.40319,1.4003,1.40314,2739.95
1300410900000,1.40313,1.40318,1.40165,1.40239,2431.8
1300411800000,1.40238,1.40771,1.40185,1.40729,3497.06
1300412700000,1.40732,1.4074,1.4051,1.40626,2611.55
1300413600000,1.40626,1.4071,1.40544,1.40661,2113.04
1300414500000,1.40662,1.40718,1.40615,1.40664,1456.83
1300415400000,1.40664,1.40711,1.40646,1.40657,1778.62
1300416300000,1.40662,1.40685,1.40609,1.40667,1525.24
1300417200000,1.40667,1.40713,1.40664,1.40695,1114.52
1300418100000,1.40694,1.4078,1.40694,1.40772,1762.09
1300419000000,1.40772,1.40868,1.40735,1.408,2218.79
1300419900000,1.40801,1.40809,1.4071,1.40755,1263.55
1300420800000,1.40758,1.40763,1.40686,1.40705,1404.17
1300421700000,1.40705,1.40757,1.40659,1.40688,1302.1
1300422600000,1.40684,1.40737,1.40639,1.40733,1445.03
1300423500000,1.40733,1.40744,1.40671,1.40706,1141.58
1300424400000,1.40707,1.40746,1.40658,1.40696,1210.77
1300425300000,1.40696,1.40738,1.40686,1.40717,928.83
1300426200000,1.40717,1.40727,1.40646,1.4067,1397.42
1300427100000,1.40669,1.40669,1.40574,1.40665,1693.08
1300428000000,1.40664,1.40676,1.406,1.40665,1485.9
1300428900000,1.40667,1.40738,1.40644,1.40666,1752.88
1300429800000,1.4067,1.40694,1.40577,1.40582,1470.4
1300430700000,1.4058,1.40725,1.4058,1.40708,2156.69
1300431600000,1.40708,1.4079,1.40588,1.40789,2771.15
1300432500000,1.4079,1.40809,1.40617,1.40641,2167.55
1300433400000,1.40641,1.40752,1.40621,1.40652,2137.02
1300434300000,1.40649,1.40649,1.40427,1.40497,2730.14
1300435200000,1.40497,1.40901,1.40495,1.40835,4773.66
1300436100000,1.40833,1.40869,1.407,1.40812,2881.33
1300437000000,1.40815,1.40868,1.40706,1.40723,2221.36
1300437900000,1.40722,1.40723,1.40514,1.40524,3124.71
1300438800000,1.40526,1.40578,1.40443,1.40455,2928.36
1300439700000,1.40455,1.4059,1.40439,1.40534,2246.54
1300440600000,1.40535,1.40578,1.40485,1.40538,1899.09
1300441500000,1.40537,1.40778,1.40535,1.40745,2558.91
1300442400000,1.40743,1.40999,1.40737,1.40913,3636.35
1300443300000,1.40912,1.40987,1.40761,1.40942,3233.21
1300444200000,1.40945,1.40949,1.40839,1.40892,1939.37
1300445100000,1.40894,1.41157,1.40894,1.41103,3294.65
1300446000000,1.41102,1.41356,1.4109,1.41286,3463.64
1300446900000,1.41287,1.41311,1.4124,1.4125,2473.71
1300447800000,1.41251,1.41313,1.41229,1.41307,2661.94
1300448700000,1.41309,1.41387,1.41272,1.41363,2619.87
1300449600000,1.41363,1.41384,1.41218,1.41324,3247.36
1300450500000,1.41327,1.41432,1.413,1.41408,2427.3
1300451400000,1.41407,1.41449,1.41325,1.41334,3262.66
1300452300000,1.41333,1.41367,1.41238,1.41317,3037.3
1300453200000,1.41318,1.41347,1.41251,1.41293,2799.68
1300454100000,1.41291,1.41436,1.41291,1.41395,2750.68
1300455000000,1.41396,1.41423,1.41283,1.41396,3421.31
1300455900000,1.41395,1.41417,1.41303,1.41352,2929.33
1300456800000,1.41353,1.41375,1.41264,1.41302,2837.57
1300457700000,1.41301,1.41375,1.41269,1.41325,2875.14
1300458600000,1.41324,1.4139,1.41281,1.41316,2444.35
1300459500000,1.41314,1.41369,1.41282,1.41318,2651.26
1300460400000,1.41319,1.41392,1.41314,1.4137,2860.94
1300461300000,1.41372,1.4138,1.41311,1.41319,2108.92
1300462200000,1.4132,1.41373,1.413,1.41336,2311.42
1300463100000,1.41334,1.41395,1.41306,1.41393,2622.12
1300464000000,1.41395,1.41527,1.41369,1.41513,4020.35
1300464900000,1.41511,1.41652,1.41442,1.41649,3857.88
1300465800000,1.41648,1.41726,1.41588,1.41726,2768
1300466700000,1.41727,1.41742,1.4168,1.41737,1824.04
1300467600000,1.41736,1.41834,1.41736,1.41752,2583.4
1300468500000,1.41751,1.41781,1.41697,1.4174,1946.5
1300469400000,1.41743,1.4175,1.41652,1.41681,1441.8
1300470300000,1.41682,1.41708,1.41646,1.41646,1356.43
1300471200000,1.41644,1.41673,1.41619,1.41629,1586.28
1300472100000,1.41629,1.41629,1.41561,1.41589,1365.37
1300473000000,1.41595,1.41661,1.41564,1.41653,1179.41
1300473900000,1.41653,1.41653,1.41536,1.41549,1133.56
1300474800000,1.4155,1.41618,1.41541,1.41557,913.41
1300475700000,1.41556,1.41615,1.41541,1.41603,871.03
1300476600000,1.41604,1.41679,1.41603,1.41662,878.3
1300477500000,1.41662,1.41694,1.41648,1.41687,1274.6
1300478400000,1.41684,1.41735,1.41667,1.4168,1073.93
1300479300000,1.4168,1.41767,1.41676,1.41761,949.78
1300480200000,1.41761,1.41829,1.4176,1.41811,984.37
1300481100000,1.41811,1.41831,1.41759,1.41788,806.77
1300654800000,1.41933,1.41958,1.41872,1.41897,3583.18
1300655700000,1.41892,1.41909,1.41862,1.41882,1040.53
1300656600000,1.41898,1.41898,1.41815,1.41815,365.27
1300657500000,1.41815,1.41834,1.41739,1.41764,522.93
1300658400000,1.41762,1.41814,1.41756,1.41793,915.96
1300659300000,1.41793,1.41805,1.41698,1.41715,935.61
1300660200000,1.41716,1.41795,1.41712,1.41749,714.72
1300661100000,1.41748,1.41827,1.41729,1.41823,361
1300662000000,1.41822,1.41824,1.41716,1.41727,648.61
1300662900000,1.41727,1.41736,1.41665,1.41668,729.37
1300663800000,1.41667,1.41735,1.41661,1.41669,893.79
1300664700000,1.41669,1.41742,1.41663,1.41678,1161.15
1300752000000,1.42165,1.4222,1.42137,1.4217,1800.73
1300752900000,1.42174,1.4221,1.42121,1.42128,1511.52
1300753800000,1.42129,1.4224,1.42118,1.42229,2059.34
1300754700000,1.42228,1.42251,1.42154,1.42156,1718.16
1300755600000,1.42156,1.42175,1.42077,1.42144,2267.06
1300756500000,1.42143,1.42181,1.42114,1.42176,1812.08
1300757400000,1.42176,1.4226,1.42165,1.4225,1343.19
1300758300000,1.42249,1.42249,1.42143,1.42159,1380.16
1300759200000,1.42159,1.4217,1.42121,1.42121,1277.43
1300760100000,1.42121,1.42169,1.4212,1.42149,1148.88
1300761000000,1.42149,1.42232,1.42141,1.42229,872.3
1300761900000,1.42229,1.42289,1.42229,1.42241,1677.44
1300762800000,1.4224,1.42242,1.42211,1.42213,871.8
1300763700000,1.42213,1.42244,1.42206,1.42224,827.88
1300764600000,1.42224,1.42257,1.42213,1.42226,1127.89
1300765500000,1.42224,1.42234,1.4219,1.4221,652.64
1300766400000,1.42209,1.42223,1.42183,1.42187,1064.33
1300767300000,1.42188,1.42223,1.42179,1.42187,937.08
1300768200000,1.42187,1.42187,1.42132,1.42157,753.52
1300769100000,1.42156,1.42183,1.42142,1.42172,562.62
1300770000000,1.42172,1.42227,1.42171,1.4219,1421.89
1300770900000,1.42192,1.42259,1.42188,1.42229,1186.23
1300771800000,1.4223,1.4228,1.42206,1.42269,1349.41
1300772700000,1.42269,1.42318,1.42264,1.4228,1282.72
1300773600000,1.42279,1.42305,1.42241,1.42244,1711.21
1300774500000,1.42244,1.42333,1.42226,1.42282,1602.23
1300775400000,1.42282,1.42282,1.42241,1.42259,1129.17
1300776300000,1.42259,1.42311,1.42253,1.42294,1238.45
1300777200000,1.42293,1.42386,1.42287,1.4236,2032.82
1300778100000,1.4236,1.4242,1.42347,1.4236,2376.17
1300779000000,1.42362,1.42389,1.4233,1.42339,1805.13
1300779900000,1.42339,1.424,1.42327,1.42331,1702.74
1300780800000,1.42332,1.42378,1.4232,1.42372,2807.06
1300781700000,1.42377,1.42442,1.42328,1.42408,2579.76
1300782600000,1.42407,1.42438,1.42351,1.42409,2292.27
1300783500000,1.42409,1.42459,1.42354,1.42376,2233.16
1300784400000,1.42378,1.42423,1.4236,1.42415,2238.41
1300785300000,1.42414,1.42416,1.42357,1.42367,1880.35
1300786200000,1.42368,1.42419,1.42318,1.42346,2674.47
1300787100000,1.42347,1.42358,1.42242,1.42254,2810.58
1300788000000,1.42258,1.42356,1.4221,1.42332,2533.14
1300788900000,1.42334,1.42361,1.4226,1.42298,1954.43
1300789800000,1.42298,1.4248,1.42287,1.42422,2680.55
1300790700000,1.42421,1.42479,1.4239,1.42439,2436.33
1300791600000,1.42436,1.42462,1.42396,1.4243,2346.73
1300792500000,1.42425,1.42467,1.42402,1.42414,1730
1300793400000,1.42414,1.42434,1.42371,1.42371,1646.87
1300794300000,1.42371,1.42423,1.42282,1.42412,2379.51
1300795200000,1.42412,1.42418,1.4229,1.42322,1809.66
1300796100000,1.42317,1.42431,1.42312,1.42345,2108.93
1300797000000,1.42344,1.4238,1.42242,1.42247,2764.3
1300797900000,1.42248,1.42262,1.42102,1.42122,3366.17
1300798800000,1.42122,1.42161,1.4206,1.42111,3222.03
1300799700000,1.42111,1.42182,1.42069,1.42151,3054.72
1300800600000,1.42152,1.42167,1.42019,1.42022,3102.09
1300801500000,1.42022,1.42022,1.41809,1.41863,4702.11
1300802400000,1.41865,1.41966,1.41789,1.41926,3542.58
1300803300000,1.41926,1.41933,1.41804,1.41929,3067.66
1300804200000,1.41926,1.41991,1.4186,1.4195,2900.02
1300805100000,1.41948,1.4201,1.41849,1.41849,2351.87
1300806000000,1.41851,1.4195,1.41851,1.41912,2664.86
1300806900000,1.41911,1.41919,1.41817,1.41905,2561.47
1300807800000,1.41903,1.42031,1.41874,1.42022,2780.63
1300808700000,1.42026,1.42148,1.42019,1.4211,2899.07
1300809600000,1.42111,1.42111,1.41989,1.42001,2528.06
1300810500000,1.42001,1.42084,1.41992,1.42021,1686.29
1300811400000,1.42021,1.42041,1.41941,1.41957,1748
1300812300000,1.41958,1.42094,1.41927,1.42083,1929.2
1300813200000,1.42086,1.42104,1.42009,1.42043,1629.9
1300814100000,1.42043,1.42117,1.42043,1.42099,1478.89
1300815000000,1.42102,1.42141,1.42084,1.42109,1261.92
1300815900000,1.42109,1.42178,1.421,1.42178,1377.19
1300816800000,1.42178,1.42178,1.42071,1.42079,1326.06
1300817700000,1.42081,1.4211,1.42052,1.4206,1392
1300818600000,1.42062,1.42088,1.42061,1.42073,970.1
1300819500000,1.42074,1.42138,1.4204,1.42048,1149.25
1300820400000,1.42049,1.42138,1.42049,1.42132,871.97
1300821300000,1.42135,1.42138,1.42083,1.42109,852.83
1300822200000,1.42108,1.42108,1.42017,1.42018,750.43
1300823100000,1.42019,1.42042,1.41984,1.41984,1566.14
1300824000000,1.41987,1.4206,1.4198,1.42019,1471.8
1300824900000,1.42019,1.42041,1.41977,1.41986,1042.84
1300825800000,1.41987,1.41988,1.4196,1.41978,534.42
1300826700000,1.41978,1.4198,1.41931,1.41957,675.39
1300827600000,1.41957,1.42018,1.41942,1.42009,596.06
1300828500000,1.42008,1.42009,1.41951,1.41995,430.38
1300829400000,1.41996,1.42001,1.41967,1.41979,485.38
1300830300000,1.4198,1.41997,1.41979,1.41982,165.99
1300831200000,1.41984,1.42015,1.41982,1.41995,466.23
1300832100000,1.41994,1.41997,1.41941,1.41941,1129.32
1300833000000,1.41939,1.41961,1.41936,1.41948,474.39
1300833900000,1.4195,1.41959,1.4188,1.41885,752.78
1300834800000,1.41885,1.41887,1.41816,1.41856,957.66
1300835700000,1.41856,1.41868,1.41839,1.41839,379.01
1300836600000,1.4184,1.41852,1.41642,1.41655,1278.32
1300837500000,1.41655,1.41684,1.41626,1.41677,1202.31
1300838400000,1.41679,1.41736,1.41616,1.41622,1861.35
1300839300000,1.41622,1.41627,1.4158,1.41615,1911.41
1300840200000,1.41613,1.41626,1.41536,1.4161,1717.16
1300841100000,1.41612,1.41706,1.41604,1.41621,1962.25
1300842000000,1.41623,1.41627,1.41531,1.41575,1388.6
1300842900000,1.41575,1.41638,1.4155,1.41597,1039.64
1300843800000,1.41598,1.41739,1.41597,1.41717,1650.45
1300844700000,1.41717,1.41731,1.4167,1.41684,1170.36
1300845600000,1.41683,1.41694,1.4162,1.41632,1095.69
1300846500000,1.41632,1.41674,1.41621,1.41663,774.12
1300847400000,1.4166,1.41661,1.41603,1.41632,1053.27
1300848300000,1.41632,1.41695,1.4163,1.41682,1024.83
1300849200000,1.41681,1.41728,1.4168,1.41721,1140.87
1300850100000,1.41721,1.41726,1.41685,1.41704,1084.6
1300851000000,1.41704,1.4174,1.417,1.41736,937.54
1300851900000,1.41736,1.41779,1.41725,1.41776,1268.87
1300852800000,1.41776,1.41792,1.41752,1.41787,961.34
1300853700000,1.41787,1.41799,1.41764,1.41794,859.3
1300854600000,1.41794,1.41794,1.41754,1.41765,919.2
1300855500000,1.41765,1.41779,1.41748,1.41762,595.58
1300856400000,1.41763,1.41811,1.4176,1.41807,675.82
1300857300000,1.41809,1.41809,1.4176,1.41789,963.88
1300858200000,1.41789,1.41798,1.4174,1.41762,1389.33
1300859100000,1.41762,1.41762,1.41697,1.41715,1669.19
1300860000000,1.41715,1.41726,1.41672,1.41672,1426.02
1300860900000,1.41672,1.41677,1.41621,1.41667,1826.63
1300861800000,1.41668,1.41719,1.41662,1.41676,1402.4
1300862700000,1.41677,1.4171,1.41605,1.41671,1773.27
1300863600000,1.4167,1.41805,1.41669,1.41782,2233.66
1300864500000,1.41784,1.41839,1.41705,1.41837,1947.59
1300865400000,1.41837,1.41861,1.41574,1.41589,2679.42
1300866300000,1.41593,1.41642,1.41501,1.4162,2965.17
1300867200000,1.4162,1.41858,1.4162,1.41858,2700.71
1300868100000,1.4186,1.4193,1.41804,1.41913,2318.54
1300869000000,1.41913,1.4196,1.41858,1.41874,2649.87
1300869900000,1.41876,1.4189,1.41809,1.41859,2097.65
1300870800000,1.41857,1.41876,1.41741,1.41755,2284.71
1300871700000,1.41757,1.4184,1.41734,1.41811,2223.52
1300872600000,1.4181,1.41944,1.41772,1.41807,3392.86
1300873500000,1.41809,1.41941,1.41801,1.41836,2910.06
1300874400000,1.4183,1.41953,1.4182,1.4194,2659.7
1300875300000,1.41938,1.42109,1.41932,1.421,3370.15
1300876200000,1.42101,1.42142,1.4203,1.42053,2672.86
1300877100000,1.42051,1.42087,1.41947,1.41948,2482.97
1300878000000,1.41947,1.41967,1.41764,1.41765,2420.8
1300878900000,1.41764,1.41788,1.4158,1.41623,3653.41
1300879800000,1.41625,1.41632,1.41492,1.41581,3475.86
1300880700000,1.41582,1.41587,1.41399,1.41413,3625.99
1300881600000,1.41413,1.41547,1.41389,1.41539,2770.14
1300882500000,1.41539,1.4158,1.41439,1.41471,2623.78
1300883400000,1.4147,1.4147,1.41269,1.41271,3764.36
1300884300000,1.41271,1.41397,1.41268,1.41389,2860.12
1300885200000,1.41389,1.41443,1.41356,1.41358,2324.11
1300886100000,1.41358,1.41371,1.41093,1.41099,3339.08
1300887000000,1.41099,1.41247,1.41072,1.41081,3656.17
1300887900000,1.41082,1.41301,1.41048,1.4127,3260.34
1300888800000,1.41269,1.41382,1.41119,1.41353,3861.06
1300889700000,1.41352,1.41427,1.41315,1.41387,2973.98
1300890600000,1.41389,1.41619,1.41388,1.41461,4387.2
1300891500000,1.4146,1.41482,1.4134,1.41426,2520.58
1300892400000,1.41424,1.4152,1.41402,1.41487,2550.88
1300893300000,1.41492,1.41492,1.4133,1.41358,2763.67
1300894200000,1.41364,1.41436,1.4119,1.4119,2565.26
1300895100000,1.4119,1.41273,1.41186,1.41224,2916.03
1300896000000,1.41222,1.41237,1.41147,1.41147,2454.1
1300896900000,1.41145,1.41226,1.41,1.41216,3126.06
1300897800000,1.41217,1.41255,1.41115,1.41181,1854.94
1300898700000,1.41181,1.41289,1.41175,1.41251,1911
1300899600000,1.41253,1.41292,1.41224,1.41243,1801.54
1300900500000,1.41242,1.41257,1.41135,1.41161,1838.66
1300901400000,1.41161,1.41258,1.4115,1.41209,2373.5
1300902300000,1.41213,1.41248,1.4119,1.41231,2180.82
1300903200000,1.41231,1.4124,1.41155,1.4123,1965.64
1300904100000,1.41229,1.41248,1.41204,1.41234,887.17
1300905000000,1.41232,1.41237,1.41124,1.41193,1041.12
1300905900000,1.41193,1.41246,1.41185,1.41224,1603.97
1300906800000,1.41223,1.41321,1.41191,1.41304,1351.61
1300907700000,1.41304,1.41369,1.413,1.41351,1546.14
1300908600000,1.41349,1.41354,1.41252,1.4127,1233.85
1300909500000,1.4127,1.41295,1.4104,1.4104,2151.04
1300910400000,1.41039,1.41145,1.41018,1.41106,2158.33
1300911300000,1.41105,1.4112,1.40994,1.41041,1306.31
1300912200000,1.41041,1.41042,1.40975,1.40988,1389.73
1300913100000,1.40988,1.40988,1.40845,1.40865,1674.79
1300914000000,1.40869,1.40889,1.40805,1.40836,496.26
1300914900000,1.4084,1.4085,1.40769,1.40792,562.43
1300915800000,1.40793,1.4084,1.4079,1.40832,565.64
1300916700000,1.40829,1.40971,1.40821,1.40959,1034.27
1300917600000,1.40955,1.41049,1.40949,1.41017,766.69
1300918500000,1.41015,1.41052,1.40977,1.41032,408.93
1300919400000,1.41033,1.41037,1.40987,1.40989,488.99
1300920300000,1.40989,1.41025,1.40983,1.41004,603.6
1300921200000,1.41005,1.41029,1.4098,1.40997,723.47
1300922100000,1.40997,1.41117,1.40992,1.41088,1347.81
1300923000000,1.41092,1.41137,1.41066,1.41078,903.63
1300923900000,1.41078,1.41105,1.41036,1.41038,675.85
1300924800000,1.41038,1.41097,1.41023,1.41023,1283.5
1300925700000,1.41024,1.41082,1.41023,1.41066,775.71
1300926600000,1.41066,1.411,1.4098,1.40988,1451.86
1300927500000,1.40989,1.41052,1.40989,1.41042,1194.28
1300928400000,1.41046,1.41101,1.41036,1.41069,1193.44
1300929300000,1.41069,1.4107,1.41011,1.41017,1116.85
1300930200000,1.41015,1.41015,1.40939,1.40967,1371.28
1300931100000,1.40967,1.41027,1.40817,1.40841,1689.47
1300932000000,1.40845,1.40848,1.4076,1.4082,2950.41
1300932900000,1.40819,1.40831,1.40759,1.40817,1400.01
1300933800000,1.40815,1.40876,1.40801,1.40869,1497.64
1300934700000,1.40869,1.40885,1.4081,1.40815,1121.65
1300935600000,1.40815,1.4085,1.40786,1.40821,1269.05
1300936500000,1.40821,1.40839,1.40807,1.40809,629.59
1300937400000,1.40808,1.40817,1.40704,1.40739,1020.87
1300938300000,1.40739,1.40805,1.40725,1.40761,1335.95
1300939200000,1.40761,1.40799,1.40742,1.40794,1384.13
1300940100000,1.40794,1.40816,1.40772,1.40783,857.31
1300941000000,1.40781,1.40855,1.40776,1.40838,1050.08
1300941900000,1.40841,1.40876,1.40815,1.40838,884.88
1300942800000,1.4084,1.40871,1.40817,1.40869,555.69
1300943700000,1.40869,1.40882,1.40848,1.40856,759.39
1300944600000,1.40856,1.40902,1.40845,1.40872,851.92
1300945500000,1.40872,1.40885,1.40828,1.40843,1082.11
1300946400000,1.40843,1.40877,1.40843,1.40869,1090.3
1300947300000,1.40869,1.40882,1.40855,1.40857,778.6
1300948200000,1.40858,1.40883,1.40841,1.40871,800.11
1300949100000,1.40873,1.40875,1.4073,1.40754,1785.48
1300950000000,1.40754,1.40775,1.40573,1.40599,2818.31
1300950900000,1.40599,1.40682,1.40585,1.40614,3271.94
1300951800000,1.40613,1.40619,1.40533,1.40557,2627.19
1300952700000,1.40559,1.40739,1.40559,1.40728,2703.28
1300953600000,1.40726,1.40767,1.40653,1.40741,2534.32
1300954500000,1.40741,1.4084,1.40739,1.40803,2240.17
1300955400000,1.40802,1.40854,1.40625,1.40751,3524.16
1300956300000,1.4075,1.41057,1.40749,1.41018,3271.13
1300957200000,1.4102,1.41105,1.4102,1.41041,3027.76
1300958100000,1.41041,1.41062,1.40951,1.41034,2253.14
1300959000000,1.41032,1.41191,1.40993,1.41191,3005.65
1300959900000,1.41195,1.41297,1.41182,1.41249,3816.49
1300960800000,1.41248,1.41288,1.41191,1.41222,2288.2
1300961700000,1.41223,1.41321,1.41205,1.41286,2584.25
1300962600000,1.41286,1.41351,1.41242,1.41261,2648.09
1300963500000,1.4126,1.41295,1.41212,1.4129,2308.89
1300964400000,1.4129,1.41295,1.41185,1.41214,2098.42
1300965300000,1.41214,1.4134,1.41193,1.41339,1821.37
1300966200000,1.41338,1.41449,1.41328,1.41346,2576.07
1300967100000,1.41346,1.41424,1.41338,1.41346,2675.09
1300968000000,1.41348,1.41486,1.41348,1.41371,2981.91
1300968900000,1.41371,1.4141,1.41322,1.41327,2158.2
1300969800000,1.41327,1.41472,1.41327,1.41383,2699.18
1300970700000,1.41384,1.41494,1.41327,1.41369,2731.46
1300971600000,1.41369,1.41387,1.41231,1.4127,2383.92
1300972500000,1.4127,1.41322,1.41165,1.41209,2769.29
1300973400000,1.41209,1.41291,1.41064,1.41284,3298.67
1300974300000,1.41282,1.41398,1.41258,1.4137,3569.43
1300975200000,1.41371,1.41389,1.41245,1.41256,2950.7
1300976100000,1.41259,1.41453,1.4125,1.41438,2873.41
1300977000000,1.41439,1.41783,1.41438,1.41756,4741.43
1300977900000,1.41757,1.42019,1.4172,1.42002,4448.63
1300978800000,1.42003,1.42098,1.41928,1.41969,5252.11
1300979700000,1.41965,1.42067,1.41946,1.41971,2786.94
1300980600000,1.41973,1.41977,1.41909,1.41919,2007.84
1300981500000,1.4192,1.42003,1.41825,1.41989,3006.68
1300982400000,1.41989,1.41998,1.41859,1.4187,2528.68
1300983300000,1.41874,1.41889,1.41748,1.4184,2766.58
1300984200000,1.4184,1.42158,1.41839,1.41958,3152.7
1300985100000,1.41958,1.42004,1.41741,1.41741,2702.05
1300986000000,1.41738,1.41827,1.41701,1.41769,1754.62
1300986900000,1.41769,1.41784,1.41686,1.41714,1634.63
1300987800000,1.41713,1.41811,1.41704,1.41799,1639.85
1300988700000,1.41801,1.41884,1.41779,1.41869,1173.54
1300989600000,1.41869,1.41879,1.41791,1.41796,1227.41
1300990500000,1.41793,1.41824,1.41748,1.41765,1047.01
1300991400000,1.41765,1.41842,1.41765,1.41839,558.69
1300992300000,1.41839,1.4186,1.41799,1.41838,885.49
1300993200000,1.41838,1.41871,1.41782,1.41802,1000.52
1300994100000,1.41803,1.41831,1.41799,1.41807,1207.72
1300995000000,1.41807,1.41816,1.41764,1.41766,1010.76
1300995900000,1.41766,1.41766,1.41679,1.41728,1470.2
1300996800000,1.41728,1.41732,1.41658,1.41677,1103.09
1300997700000,1.41677,1.41714,1.41658,1.41702,605.39
1300998600000,1.41703,1.41742,1.41691,1.41739,1777.14
1300999500000,1.41737,1.41772,1.41724,1.41764,1096.23
1301000400000,1.41764,1.41776,1.41744,1.41751,600.03
1301001300000,1.41751,1.41763,1.4174,1.41751,391.11
1301002200000,1.41751,1.41765,1.41741,1.41751,377.61
1301003100000,1.41751,1.41751,1.41676,1.41717,595.59
1301004000000,1.41717,1.41772,1.41715,1.41766,776.83
1301004900000,1.41764,1.41775,1.41735,1.41763,681.92
1301005800000,1.41765,1.41783,1.4173,1.41772,798.08
1301006700000,1.41772,1.41834,1.4175,1.41801,759.02
1301007600000,1.41795,1.41796,1.41677,1.41687,517.36
1301008500000,1.41686,1.41703,1.41502,1.41534,1680.92
1301009400000,1.41534,1.41753,1.41527,1.41739,1442.91
1301010300000,1.41739,1.41789,1.41689,1.41691,763.52
1301011200000,1.41691,1.41715,1.41641,1.41678,1245.73
1301012100000,1.41679,1.41735,1.41649,1.41726,1067.97
1301013000000,1.41728,1.4177,1.41713,1.41736,898.79
1301013900000,1.41736,1.41778,1.41716,1.41752,1453.01
1301014800000,1.41751,1.4181,1.41716,1.41794,1184.74
1301015700000,1.41794,1.41807,1.41733,1.41752,1140.71
1301016600000,1.41747,1.41769,1.41718,1.41735,1364.26
1301017500000,1.41736,1.41808,1.41725,1.41777,947.34
1301018400000,1.41773,1.41807,1.41694,1.41729,1351.19
1301019300000,1.41729,1.41742,1.41701,1.41719,835.67
1301020200000,1.41719,1.41741,1.41696,1.41709,803.09
1301021100000,1.41707,1.41736,1.41689,1.41704,879.99
1301022000000,1.41704,1.41704,1.41655,1.41679,792.67
1301022900000,1.41679,1.417,1.41655,1.41661,726.96
1301023800000,1.41661,1.41692,1.41652,1.41687,868.34
1301024700000,1.41687,1.41705,1.41675,1.41683,902.07
1301025600000,1.41685,1.41689,1.41667,1.41685,565.06
1301026500000,1.41686,1.41746,1.41684,1.41724,990.56
1301027400000,1.41724,1.41735,1.41716,1.41719,860.2
1301028300000,1.41719,1.41724,1.41675,1.41703,426.2
1301029200000,1.41703,1.41714,1.4167,1.41672,818.97
1301030100000,1.41672,1.41692,1.41637,1.4169,738.15
1301031000000,1.41691,1.41691,1.41636,1.41661,909.96
1301031900000,1.41661,1.41756,1.41661,1.41725,1311.48
1301032800000,1.41725,1.41743,1.41695,1.41727,1176.68
1301033700000,1.41726,1.41741,1.41705,1.41726,817.8
1301034600000,1.41722,1.41874,1.41696,1.41873,1190.53
1301035500000,1.41873,1.41932,1.41853,1.41888,2203.47
1301036400000,1.41888,1.41889,1.41776,1.41788,1518.49
1301037300000,1.41789,1.41857,1.41742,1.41815,2016.36
1301038200000,1.41816,1.4192,1.41812,1.41917,1974.03
1301039100000,1.41917,1.41917,1.41813,1.41842,2402.83
1301040000000,1.41842,1.41842,1.41532,1.41724,3755.97
1301040900000,1.41721,1.41781,1.41658,1.41668,2599.2
1301041800000,1.4167,1.4167,1.4149,1.41569,3251.3
1301042700000,1.41569,1.41589,1.41433,1.41473,3027.69
1301043600000,1.41468,1.4166,1.41398,1.41416,4467.16
1301044500000,1.41415,1.41613,1.4141,1.41576,3485.26
1301045400000,1.41573,1.41613,1.41533,1.41578,2932.13
1301046300000,1.41578,1.41589,1.41449,1.4156,2410.91
1301047200000,1.41562,1.41671,1.4151,1.41653,3389.54
1301048100000,1.41651,1.41757,1.41616,1.41655,3224.48
1301049000000,1.41655,1.41658,1.41587,1.41633,2174.58
1301049900000,1.41631,1.41671,1.41549,1.41601,2173.45
1301050800000,1.41601,1.41737,1.41569,1.41725,2341.59
1301051700000,1.41725,1.4175,1.4167,1.41683,2235.53
1301052600000,1.41685,1.41715,1.4165,1.41653,1587.34
1301053500000,1.4165,1.41689,1.41572,1.41599,2340.07
1301054400000,1.41599,1.416,1.41513,1.41589,2341.74
1301055300000,1.41587,1.41591,1.4131,1.41365,3551.59
1301056200000,1.41365,1.41431,1.41248,1.4133,3570.51
1301057100000,1.41329,1.41346,1.41213,1.41213,2465.89
1301058000000,1.41212,1.4129,1.4114,1.41163,3230.54
1301058900000,1.41161,1.41332,1.41137,1.41281,2978.33
1301059800000,1.41283,1.41388,1.41229,1.41238,2950.45
1301060700000,1.41238,1.41293,1.41237,1.41258,2647.47
1301061600000,1.41253,1.41292,1.41128,1.4113,3178.27
1301062500000,1.4113,1.41311,1.4111,1.41301,2629.49
1301063400000,1.41301,1.41445,1.41284,1.4135,3383
1301064300000,1.4135,1.41477,1.41331,1.41458,2904.58
1301065200000,1.41458,1.41521,1.41383,1.41436,2350.09
1301066100000,1.41436,1.4146,1.41338,1.4138,1785.04
1301067000000,1.4138,1.41518,1.41367,1.41501,2172.57
1301067900000,1.415,1.41552,1.414,1.41428,2431.45
1301068800000,1.41428,1.4143,1.41319,1.41362,2330.9
1301069700000,1.41361,1.41362,1.4089,1.4089,3870.67
1301070600000,1.40886,1.40892,1.4068,1.40761,4261.69
1301071500000,1.40761,1.40782,1.40622,1.40658,3497.83
1301072400000,1.40658,1.40746,1.4058,1.40629,2862.06
1301073300000,1.40629,1.40728,1.4059,1.40721,2027.06
1301074200000,1.40721,1.40768,1.40705,1.40746,1450.58
1301075100000,1.40746,1.40796,1.4069,1.40779,1752.19
1301076000000,1.4078,1.40815,1.40751,1.40764,1834.71
1301076900000,1.40764,1.40776,1.40679,1.4071,1949.22
1301077800000,1.40704,1.40817,1.40699,1.40798,1857.13
1301078700000,1.40798,1.4082,1.40693,1.40701,1871.7
1301079600000,1.40701,1.40722,1.40598,1.40608,1564.48
1301080500000,1.40608,1.40691,1.40554,1.40691,1552.14
1301081400000,1.4069,1.40692,1.40641,1.40664,1075.53
1301082300000,1.40665,1.4075,1.40655,1.40747,970.13
1301083200000,1.40745,1.40801,1.40731,1.40771,1129.28
1301084100000,1.40771,1.40814,1.40767,1.40813,630.91
1301085000000,1.40813,1.40849,1.40792,1.40837,753.33
1301085900000,1.40833,1.40895,1.40831,1.40869,819.18
1301259600000,1.40353,1.40535,1.40353,1.40517,591.31
1301260500000,1.40517,1.4053,1.40488,1.40512,302.49
1301261400000,1.40512,1.40519,1.40419,1.40468,426.11
1301262300000,1.40468,1.4047,1.40418,1.40438,344.88
1301263200000,1.40438,1.40511,1.40428,1.40496,626.04
1301264100000,1.40494,1.40494,1.40417,1.4043,758.45
1301265000000,1.40429,1.40441,1.40229,1.40241,1056.81
1301265900000,1.40241,1.40277,1.40207,1.40237,994.76
1301266800000,1.40237,1.40258,1.40222,1.40227,807.25
1301267700000,1.40229,1.40329,1.40224,1.40323,893.81
1301268600000,1.40323,1.40323,1.40216,1.40233,802.96
1301269500000,1.40233,1.40357,1.4023,1.40346,1148.87
1301270400000,1.40346,1.40378,1.40282,1.40352,1303.07
1301271300000,1.40353,1.404,1.40339,1.40396,929.34
1301272200000,1.40393,1.40422,1.40348,1.40352,1226.54
1301273100000,1.40352,1.40476,1.40351,1.40475,1520.9
1301274000000,1.40478,1.40479,1.4043,1.40455,872.41
1301274900000,1.40454,1.40527,1.40435,1.40523,1291.04
1301275800000,1.40521,1.40528,1.40482,1.40489,1200.14
1301276700000,1.40489,1.40572,1.40489,1.40572,1157.29
1301277600000,1.40572,1.40574,1.40517,1.40526,986.86
1301278500000,1.40524,1.40576,1.40516,1.40571,844.45
1301279400000,1.40571,1.40662,1.40535,1.40662,1103.41
1301280300000,1.40662,1.40687,1.40626,1.40628,927.06
1301281200000,1.4063,1.40648,1.40623,1.40628,780.14
1301282100000,1.40628,1.40642,1.40597,1.40597,700.77
1301283000000,1.40597,1.40614,1.4056,1.40573,952.8
1301283900000,1.40573,1.4058,1.4053,1.40531,879.23
1301284800000,1.40529,1.40587,1.40514,1.40579,811.6
1301285700000,1.40579,1.40593,1.4055,1.4055,633.95
1301286600000,1.4055,1.40569,1.4054,1.40557,546.32
1301287500000,1.40557,1.4057,1.40539,1.40567,504.21
1301288400000,1.40567,1.40591,1.4054,1.40542,840.64
1301289300000,1.40541,1.40541,1.40445,1.40507,1294.98
1301290200000,1.40506,1.40572,1.405,1.4055,896.72
1301291100000,1.40552,1.40573,1.40478,1.40569,1294.81
1301292000000,1.40568,1.40616,1.4053,1.40561,1734.81
1301292900000,1.40561,1.40637,1.40549,1.40572,1229.33
1301293800000,1.40571,1.40639,1.40559,1.4059,1562.18
1301294700000,1.40591,1.40596,1.4048,1.40551,1733.79
1301295600000,1.40552,1.40587,1.40359,1.40392,2744.13
1301296500000,1.40391,1.4056,1.40365,1.40552,2054.65
1301297400000,1.40552,1.40791,1.40521,1.40762,2702.8
1301298300000,1.40762,1.40789,1.407,1.40724,2230.93
1301299200000,1.4072,1.4085,1.40674,1.40774,2255.86
1301300100000,1.40773,1.40779,1.40644,1.40742,2369.39
1301301000000,1.40748,1.40791,1.40644,1.40653,2951.95
1301301900000,1.40652,1.40672,1.40597,1.40623,2322.57
1301302800000,1.40623,1.40746,1.40621,1.4073,2465
1301303700000,1.40738,1.40808,1.407,1.40727,2011.71
1301304600000,1.40726,1.40726,1.40494,1.40508,2736.7
1301305500000,1.40509,1.40591,1.40506,1.40508,2275.39
1301306400000,1.40512,1.40562,1.40429,1.40471,2656.01
1301307300000,1.4047,1.40491,1.40416,1.4044,1818.23
1301308200000,1.40441,1.40555,1.40417,1.40507,1825.92
1301309100000,1.40508,1.40558,1.40443,1.40556,1533.83
1301310000000,1.40555,1.40571,1.4046,1.40511,2038.82
1301310900000,1.40513,1.40558,1.404,1.40438,1631.68
1301311800000,1.40436,1.40521,1.40432,1.40451,2124.23
1301312700000,1.40453,1.40453,1.4036,1.40376,1921.92
1301313600000,1.40377,1.40389,1.4029,1.40322,2138.58
1301314500000,1.40322,1.40358,1.40302,1.40321,1944.47
1301315400000,1.40321,1.40453,1.40262,1.40443,2579.33
1301316300000,1.40442,1.40543,1.40419,1.40523,2355.08
1301317200000,1.40522,1.4058,1.4045,1.40511,1862.86
1301318100000,1.40511,1.40735,1.40471,1.40725,2464.7
1301319000000,1.40725,1.40876,1.40701,1.40861,3007.65
1301319900000,1.40862,1.40978,1.40792,1.40942,3596.5
1301320800000,1.40944,1.40992,1.409,1.40924,2994.87
1301321700000,1.40925,1.40976,1.4085,1.40946,3143.81
1301322600000,1.40944,1.41139,1.40933,1.41087,3829.41
1301323500000,1.41085,1.4115,1.40992,1.41062,3453.87
1301324400000,1.41062,1.41131,1.41003,1.41091,2848.06
1301325300000,1.41092,1.41107,1.41021,1.41053,2519.64
1301326200000,1.4105,1.41096,1.40914,1.40914,2423.07
1301327100000,1.4091,1.4105,1.4091,1.41034,2014.07
1301328000000,1.41033,1.41075,1.40995,1.41046,1413.16
1301328900000,1.41047,1.41079,1.40963,1.40975,1301.37
1301329800000,1.40973,1.40991,1.40944,1.40988,919.84
1301330700000,1.40989,1.4099,1.40934,1.40984,878.85
1301331600000,1.40987,1.40994,1.4089,1.40926,1330.87
1301332500000,1.40926,1.40934,1.4092,1.40931,419.08
1301333400000,1.4093,1.40939,1.40862,1.40892,999.16
1301334300000,1.4089,1.40923,1.40835,1.40847,1157.02
1301335200000,1.40847,1.40867,1.4082,1.40863,969.43
1301336100000,1.40863,1.40961,1.40858,1.40958,860.97
1301337000000,1.40958,1.40991,1.40951,1.40988,769.72
1301337900000,1.40989,1.40992,1.40944,1.40964,1058.41
1301338800000,1.40968,1.40984,1.4092,1.40921,1007.78
1301339700000,1.40922,1.40941,1.40921,1.4094,246.79
1301340600000,1.40939,1.40979,1.40917,1.40939,779.71
1301341500000,1.40939,1.40941,1.4088,1.40918,1030.81
1301342400000,1.40918,1.4092,1.40864,1.40878,994.46
1301343300000,1.40881,1.40914,1.40871,1.40885,870.13
1301344200000,1.40884,1.40899,1.40845,1.40891,643.55
1301345100000,1.40892,1.40945,1.40861,1.40861,915.62
1301346000000,1.40861,1.40871,1.40823,1.40842,601.65
1301346900000,1.40842,1.40852,1.408,1.40804,508.46
1301347800000,1.40804,1.40832,1.40799,1.40803,342.09
1301348700000,1.40803,1.40831,1.40792,1.40818,712.8
1301349600000,1.4082,1.40858,1.408,1.40858,300.44
1301350500000,1.40859,1.40874,1.40815,1.4083,644.73
1301351400000,1.4083,1.40847,1.40797,1.40799,313.55
1301352300000,1.40799,1.40805,1.40759,1.40759,421.5
1301353200000,1.40759,1.40789,1.40741,1.40762,766.42
1301354100000,1.40765,1.40802,1.40754,1.40774,551.55
1301355000000,1.40775,1.40804,1.40743,1.40749,760.22
1301355900000,1.4075,1.40763,1.4071,1.40726,970.37
1301356800000,1.40726,1.4078,1.40712,1.4078,915.26
1301357700000,1.4078,1.4079,1.4075,1.40779,898.67
1301358600000,1.40779,1.40816,1.40729,1.40811,1207.81
1301359500000,1.40812,1.40884,1.40811,1.40851,1765.75
1301360400000,1.40852,1.40878,1.40662,1.40667,2253.95
1301361300000,1.40654,1.40759,1.40642,1.40711,1376.42
1301362200000,1.40711,1.40768,1.40695,1.40758,1267.99
1301363100000,1.40758,1.40769,1.40735,1.40761,526.1
1301364000000,1.4076,1.40767,1.4075,1.40755,393.64
1301364900000,1.40753,1.40762,1.40717,1.40722,607.15
1301365800000,1.40721,1.40771,1.40717,1.40722,737.01
1301366700000,1.40724,1.40761,1.40707,1.40755,750.09
1301367600000,1.40755,1.40782,1.40718,1.40775,587.86
1301368500000,1.40774,1.4084,1.40773,1.40823,1327.38
1301369400000,1.40823,1.4087,1.40816,1.40847,850.11
1301370300000,1.40847,1.4086,1.4082,1.40837,1384.87
1301371200000,1.40835,1.40937,1.40833,1.40919,1689.18
1301372100000,1.40919,1.40924,1.40888,1.40888,618.59
1301373000000,1.40888,1.40921,1.40872,1.40917,721.29
1301373900000,1.40917,1.4098,1.40896,1.40951,1322.08
1301374800000,1.40952,1.41011,1.40952,1.40983,1097.17
1301375700000,1.40983,1.41078,1.40983,1.41059,1371.06
1301376600000,1.41059,1.4115,1.41059,1.41139,1516.86
1301377500000,1.41139,1.41235,1.41124,1.41167,2119.18
1301378400000,1.41167,1.41215,1.41084,1.41187,2107.47
1301379300000,1.41194,1.4132,1.41167,1.412,3039.32
1301380200000,1.412,1.41232,1.41148,1.41193,1512.98
1301381100000,1.41193,1.41337,1.41167,1.41179,2844.34
1301382000000,1.41179,1.41406,1.41162,1.41391,2975.55
1301382900000,1.41393,1.41442,1.41322,1.41387,2927.42
1301383800000,1.41387,1.41389,1.4131,1.41318,2037.54
1301384700000,1.41318,1.41383,1.41286,1.41304,2302.4
1301385600000,1.41305,1.41374,1.41285,1.41336,1869.37
1301386500000,1.41335,1.41391,1.41311,1.41352,1886.65
1301387400000,1.41356,1.41477,1.41317,1.41429,2223.78
1301388300000,1.41429,1.41484,1.41429,1.41458,2728.86
1301389200000,1.4146,1.4147,1.41172,1.41184,3714.67
1301390100000,1.41185,1.41216,1.41087,1.41131,2751.03
1301391000000,1.41131,1.41134,1.40992,1.41036,2424.26
1301391900000,1.4104,1.41169,1.41038,1.41169,2251.69
1301392800000,1.41168,1.41201,1.41039,1.4105,2320.06
1301393700000,1.4105,1.41092,1.40907,1.4094,2238.79
1301394600000,1.4094,1.4094,1.40861,1.40913,2593.88
1301395500000,1.40912,1.40929,1.4082,1.40832,1999.67
1301396400000,1.40832,1.40951,1.40799,1.40892,2855.42
1301397300000,1.40892,1.40904,1.406,1.40631,2965.73
1301398200000,1.40629,1.40763,1.40615,1.40714,3174.2
1301399100000,1.40714,1.40777,1.40635,1.40642,2326
1301400000000,1.40644,1.40706,1.40529,1.40628,2905.23
1301400900000,1.40629,1.40772,1.40621,1.40726,3281.86
1301401800000,1.40724,1.40744,1.40622,1.40738,3063.5
1301402700000,1.40739,1.40751,1.40669,1.40679,2910.54
1301403600000,1.40678,1.40678,1.40505,1.40653,3176.66
1301404500000,1.40654,1.40655,1.40541,1.4056,2433.95
1301405400000,1.40561,1.40701,1.40472,1.4061,4582.8
1301406300000,1.40609,1.40775,1.4056,1.40748,3539.97
1301407200000,1.40748,1.40955,1.40709,1.40864,4729.03
1301408100000,1.40864,1.40979,1.40801,1.40835,3761.96
1301409000000,1.40835,1.40877,1.40706,1.40723,2746.63
1301409900000,1.40725,1.40856,1.40669,1.4067,2853.15
1301410800000,1.4067,1.40727,1.40557,1.40643,3046.01
1301411700000,1.40646,1.4088,1.40646,1.40824,2531.5
1301412600000,1.40825,1.4093,1.40818,1.40867,2305.36
1301413500000,1.40867,1.40892,1.40789,1.4089,1848.84
1301414400000,1.4089,1.40903,1.40803,1.40825,1668.67
1301415300000,1.40825,1.4093,1.40793,1.40798,2171.68
1301416200000,1.40798,1.4084,1.4073,1.40834,1669.54
1301417100000,1.40835,1.40838,1.40787,1.40802,1346.07
1301418000000,1.40803,1.40894,1.40803,1.40849,1290.76
1301418900000,1.4085,1.40894,1.40799,1.40812,1199.22
1301419800000,1.40812,1.40867,1.40812,1.40855,1046.17
1301420700000,1.40855,1.40868,1.40781,1.40868,1207.47
1301421600000,1.40867,1.40903,1.40854,1.40859,998.34
1301422500000,1.40858,1.40875,1.40841,1.40842,918.88
1301423400000,1.40841,1.409,1.40816,1.40831,1519.38
1301424300000,1.40831,1.40889,1.40811,1.40877,947.3
1301425200000,1.40874,1.40898,1.40843,1.40888,737.86
1301426100000,1.40888,1.40893,1.40865,1.40878,713.99
1301427000000,1.40877,1.40977,1.40877,1.40967,1621.5
1301427900000,1.40967,1.41093,1.40951,1.41021,1978.07
1301428800000,1.41019,1.41078,1.41018,1.41056,1257.14
1301429700000,1.41056,1.41105,1.41051,1.41061,726.84
1301430600000,1.41066,1.41085,1.4106,1.4106,560.66
1301431500000,1.4106,1.41138,1.41057,1.41135,575.88
1301432400000,1.41135,1.41135,1.4109,1.4112,461.69
1301433300000,1.41119,1.41125,1.41072,1.41082,155.72
1301434200000,1.41082,1.41117,1.41082,1.41102,322.13
1301435100000,1.41101,1.41107,1.41087,1.41094,171.12
1301436000000,1.41096,1.41112,1.41065,1.4107,672.96
1301436900000,1.41071,1.41098,1.41038,1.41092,700.07
1301437800000,1.41092,1.41118,1.41075,1.41091,708.56
1301438700000,1.41091,1.41104,1.41087,1.41099,252.98
1301439600000,1.41099,1.4115,1.41094,1.41131,748.99
1301440500000,1.41134,1.41149,1.41115,1.4113,814.02
1301441400000,1.4113,1.41218,1.41127,1.41199,1248.18
1301442300000,1.412,1.41258,1.41182,1.41202,1591.28
1301443200000,1.41201,1.4125,1.41155,1.41199,1732.86
1301444100000,1.41199,1.4127,1.41162,1.41176,1439.38
1301445000000,1.41176,1.41209,1.41105,1.41129,1923.66
1301445900000,1.41129,1.4116,1.40956,1.40961,2110.29
1301446800000,1.40961,1.41053,1.40959,1.41032,1663.61
1301447700000,1.41038,1.41136,1.41035,1.41102,1502.06
1301448600000,1.41102,1.41151,1.40962,1.4098,1973.46
1301449500000,1.40976,1.40996,1.40921,1.40948,1668.61
1301450400000,1.40947,1.40947,1.40834,1.40859,2038.71
1301451300000,1.40859,1.40859,1.4075,1.40791,2158.34
1301452200000,1.40791,1.4081,1.40702,1.40765,1900.94
1301453100000,1.40765,1.4087,1.40758,1.40849,1795.22
1301454000000,1.40849,1.40855,1.40807,1.40847,803.22
1301454900000,1.40846,1.40853,1.40796,1.4083,1181.61
1301455800000,1.4083,1.40869,1.40807,1.40855,1412.51
1301456700000,1.40856,1.40925,1.40855,1.40903,1791.79
1301457600000,1.40903,1.40948,1.40867,1.40909,1609.61
1301458500000,1.40909,1.4091,1.40819,1.40853,1472.48
1301459400000,1.40853,1.40891,1.4081,1.40814,1895.77
1301460300000,1.40814,1.40819,1.40734,1.40764,1740.4
1301461200000,1.40764,1.40802,1.40742,1.40759,1640.19
1301462100000,1.40759,1.40884,1.40726,1.40873,2148.36
1301463000000,1.40874,1.40975,1.40874,1.40933,2169.54
1301463900000,1.40934,1.40937,1.40863,1.40913,1838.77
1301464800000,1.40913,1.4093,1.40801,1.40824,1894.95
1301465700000,1.40822,1.40873,1.40728,1.40728,2017.82
1301466600000,1.40728,1.40788,1.4066,1.40682,2325.36
1301467500000,1.40682,1.40786,1.40588,1.40623,3375.09
1301468400000,1.40626,1.40776,1.40621,1.40718,2870.23
1301469300000,1.4072,1.4082,1.4069,1.40785,2391.15
1301470200000,1.40787,1.40853,1.40712,1.40841,2587.76
1301471100000,1.40842,1.40846,1.40721,1.40792,2343.78
1301472000000,1.40794,1.4109,1.40787,1.41046,3233.62
1301472900000,1.41048,1.4116,1.41037,1.41101,3067.22
1301473800000,1.411,1.41158,1.41049,1.41097,2541.84
1301474700000,1.41096,1.41169,1.40995,1.40996,2784.26
1301475600000,1.40997,1.41,1.40916,1.40985,2501.03
1301476500000,1.40985,1.41041,1.409,1.40923,2506.42
1301477400000,1.40921,1.40926,1.4074,1.40777,2850.28
1301478300000,1.40778,1.40792,1.40687,1.40782,2750.4
1301479200000,1.40781,1.40851,1.40759,1.40791,2236.8
1301480100000,1.40791,1.40831,1.40582,1.40646,2579.21
1301481000000,1.40644,1.4084,1.40635,1.40814,2552.58
1301481900000,1.40813,1.40932,1.40748,1.40883,2203.44
1301482800000,1.40883,1.40901,1.4083,1.40887,1850.66
1301483700000,1.40884,1.40971,1.40881,1.40916,2099.31
1301484600000,1.40915,1.40954,1.4083,1.40929,1848.14
1301485500000,1.40927,1.41002,1.40914,1.40931,1745.59
1301486400000,1.40931,1.40937,1.40849,1.40876,2009.79
1301487300000,1.40868,1.41063,1.40849,1.40934,3275.18
1301488200000,1.40937,1.40995,1.40723,1.40725,3224.36
1301489100000,1.40725,1.4089,1.40713,1.40889,2434.82
1301490000000,1.40891,1.40939,1.40809,1.4083,2205.62
1301490900000,1.40836,1.40873,1.40753,1.4078,2129.85
1301491800000,1.40778,1.40861,1.40735,1.40773,2757.92
1301492700000,1.40771,1.40806,1.40663,1.40731,3081.33
1301493600000,1.40734,1.4074,1.4057,1.40649,3462.54
1301494500000,1.40649,1.40691,1.40518,1.40611,3232.84
1301495400000,1.40609,1.40792,1.4052,1.40792,2916.82
1301496300000,1.40793,1.40971,1.40767,1.40942,3727.69
1301497200000,1.40943,1.40979,1.40837,1.4085,2740.57
1301498100000,1.40851,1.40938,1.40786,1.40921,2915.04
1301499000000,1.40916,1.40971,1.40904,1.40945,2088.91
1301499900000,1.40946,1.4098,1.40898,1.40938,1830.84
1301500800000,1.40939,1.41014,1.40939,1.40969,1764.13
1301501700000,1.40968,1.41391,1.40965,1.41391,2575.54
1301502600000,1.41392,1.41468,1.41287,1.41331,2929.46
1301503500000,1.41336,1.4142,1.41253,1.41264,3937.52
1301504400000,1.41265,1.41317,1.41225,1.41252,1929.52
1301505300000,1.41252,1.4126,1.41216,1.41245,1653.58
1301506200000,1.41248,1.413,1.41208,1.41279,1356.06
1301507100000,1.4128,1.4129,1.41225,1.41281,1209.59
1301508000000,1.41281,1.41282,1.41212,1.41216,922.66
1301508900000,1.41217,1.41239,1.41173,1.412,1076.88
1301509800000,1.412,1.41235,1.41185,1.41235,1107.57
1301510700000,1.41233,1.41255,1.41167,1.41194,979.53
1301511600000,1.41193,1.4124,1.41187,1.41228,893.12
1301512500000,1.41228,1.41308,1.41219,1.41264,1171.46
1301513400000,1.41264,1.4132,1.41239,1.4132,758.02
1301514300000,1.41321,1.41324,1.41239,1.4125,1232.83
1301515200000,1.41248,1.41249,1.4119,1.41239,766.25
1301516100000,1.41238,1.41276,1.41229,1.41267,684.27
1301517000000,1.41269,1.41291,1.41255,1.41283,850.39
1301517900000,1.41283,1.41304,1.41254,1.41275,1037.55
1301518800000,1.41269,1.4128,1.41222,1.41268,318.49
1301519700000,1.41272,1.41278,1.41233,1.41278,177.9
1301520600000,1.41281,1.41308,1.41228,1.41284,273.66
1301521500000,1.41285,1.41295,1.41246,1.41255,435.83
1301522400000,1.41255,1.4127,1.41215,1.41233,1069.13
1301523300000,1.41235,1.4126,1.41199,1.4123,1003.43
1301524200000,1.41229,1.4127,1.41219,1.41255,1352.6
1301525100000,1.4125,1.41271,1.41189,1.41196,1025.76
1301526000000,1.41196,1.41229,1.41189,1.41221,477.64
1301526900000,1.41221,1.41223,1.41179,1.41187,411.56
1301527800000,1.41187,1.41204,1.41169,1.41193,1028.66
1301528700000,1.41192,1.41279,1.41181,1.41269,1014.98
1301529600000,1.41269,1.41269,1.41161,1.41213,1463.56
1301530500000,1.41214,1.41403,1.41214,1.41328,1687.25
1301531400000,1.41328,1.41374,1.41304,1.41337,1174.8
1301532300000,1.41337,1.41383,1.41315,1.41367,2254.47
1301533200000,1.41369,1.41383,1.41307,1.41368,1354.69
1301534100000,1.41366,1.41407,1.41357,1.41391,1509.39
1301535000000,1.41389,1.41389,1.41342,1.41377,935.03
1301535900000,1.41376,1.41397,1.41347,1.41396,980.36
1301536800000,1.41397,1.4144,1.41369,1.4144,1458.22
1301537700000,1.41447,1.41448,1.41412,1.41432,1117.56
1301538600000,1.41433,1.4147,1.41395,1.41441,1347.7
1301539500000,1.41441,1.41461,1.41418,1.41436,874.97
1301540400000,1.41436,1.4144,1.4135,1.4136,1025.99
1301541300000,1.4136,1.4138,1.41292,1.41293,1017.76
1301542200000,1.41293,1.4134,1.41268,1.41305,1067.36
1301543100000,1.41305,1.4136,1.41292,1.41317,940.84
1301544000000,1.41316,1.41413,1.41289,1.41387,1381.07
1301544900000,1.41388,1.41447,1.41379,1.41442,1188.4
1301545800000,1.41442,1.41449,1.41392,1.41422,1029.18
1301546700000,1.41424,1.41457,1.41378,1.41381,1011.91
1301547600000,1.41381,1.41401,1.41352,1.41363,1260.52
1301548500000,1.41366,1.41665,1.41366,1.41582,3045.49
1301549400000,1.41582,1.41621,1.41542,1.41553,1983.4
1301550300000,1.41553,1.41572,1.41507,1.41507,2110.68
1301551200000,1.41506,1.41565,1.41415,1.4155,2427.97
1301552100000,1.41554,1.41669,1.41545,1.41632,2400
1301553000000,1.41629,1.41655,1.41523,1.41561,1891.1
1301553900000,1.41562,1.41754,1.4154,1.41675,2534.47
1301554800000,1.41675,1.41771,1.41653,1.41762,2969.22
1301555700000,1.41762,1.41829,1.41725,1.4178,2463.14
1301556600000,1.4178,1.41832,1.41748,1.4176,2355.98
1301557500000,1.41761,1.41868,1.41744,1.41859,2125.45
1301558400000,1.4186,1.41882,1.41774,1.41872,2540.48
1301559300000,1.41871,1.41871,1.41814,1.41858,1859.38
1301560200000,1.41858,1.41932,1.4178,1.41932,2300.54
1301561100000,1.41931,1.42138,1.41923,1.42105,3807.29
1301562000000,1.42103,1.42313,1.42103,1.42283,4371.75
1301562900000,1.42283,1.42328,1.42214,1.42228,2733.67
1301563800000,1.42232,1.42263,1.4216,1.42208,2727.22
1301564700000,1.42207,1.4223,1.42133,1.42189,1818.24
1301565600000,1.4219,1.42213,1.42124,1.42126,2595.14
1301566500000,1.42126,1.42151,1.42082,1.42103,1723.03
1301567400000,1.42104,1.42196,1.42076,1.42093,1958.12
1301568300000,1.42092,1.42131,1.4205,1.42058,2219.62
1301569200000,1.42057,1.42126,1.4202,1.42126,2425.1
1301570100000,1.42124,1.4219,1.42057,1.42173,2442.17
1301571000000,1.42173,1.42254,1.42116,1.42185,2590.82
1301571900000,1.42183,1.42283,1.42124,1.42269,2348.48
1301572800000,1.42269,1.42273,1.42058,1.42063,2727.88
1301573700000,1.42061,1.42082,1.42005,1.42074,3025.61
1301574600000,1.42076,1.42142,1.41923,1.4194,4350.55
1301575500000,1.41941,1.41965,1.41728,1.41799,4363.11
1301576400000,1.41799,1.41814,1.41633,1.41649,3884.46
1301577300000,1.4165,1.41777,1.41645,1.41683,3138.15
1301578200000,1.41686,1.41792,1.41683,1.41744,2895.63
1301579100000,1.41744,1.41831,1.41718,1.41815,2727.86
1301580000000,1.41815,1.41852,1.41754,1.41833,2636.3
1301580900000,1.41833,1.42108,1.41788,1.42073,3713.35
1301581800000,1.42073,1.42088,1.41862,1.41901,3367.93
1301582700000,1.41904,1.41917,1.41745,1.41902,3745.7
1301583600000,1.41903,1.41937,1.4173,1.41836,3370.66
1301584500000,1.41842,1.41948,1.4179,1.41799,2567.74
1301585400000,1.41802,1.41951,1.41779,1.41928,3040.81
1301586300000,1.41925,1.42006,1.41818,1.4182,2457.7
1301587200000,1.41818,1.41882,1.4178,1.41873,1711.92
1301588100000,1.41877,1.42007,1.41877,1.42002,1895.84
1301589000000,1.42002,1.42026,1.41881,1.41899,1358.76
1301589900000,1.41899,1.41923,1.41878,1.41902,951.51
1301590800000,1.41901,1.41935,1.4188,1.41918,1098.46
1301591700000,1.41918,1.42001,1.41881,1.41969,1795.53
1301592600000,1.41969,1.4197,1.4191,1.41921,1068.42
1301593500000,1.41919,1.4204,1.41899,1.42015,1083.5
1301594400000,1.42015,1.42028,1.41936,1.41972,1195.31
1301595300000,1.41971,1.41977,1.4189,1.41919,1332.68
1301596200000,1.4192,1.4198,1.41911,1.41957,1814.64
1301597100000,1.41958,1.4205,1.41958,1.42001,1750.25
1301598000000,1.42001,1.42008,1.41948,1.41996,1168.44
1301598900000,1.41996,1.42011,1.41981,1.41999,862.4
1301599800000,1.41999,1.42013,1.41943,1.41967,1629.07
1301600700000,1.41967,1.41972,1.41719,1.41725,2234.72
1301601600000,1.41728,1.41783,1.41663,1.41694,1778.71
1301602500000,1.41694,1.41705,1.41603,1.41609,1334.35
1301603400000,1.41609,1.4164,1.41573,1.41581,1046.78
1301604300000,1.41581,1.41585,1.41533,1.4157,1277.35
1301605200000,1.41569,1.41658,1.41548,1.41649,815.63
1301606100000,1.41648,1.41709,1.41645,1.41697,292.59
1301607000000,1.41696,1.41729,1.41662,1.41671,199.13
1301607900000,1.41667,1.41745,1.41659,1.41743,397.65
1301608800000,1.4174,1.4174,1.41656,1.41673,557.45
1301609700000,1.41673,1.41724,1.41673,1.41684,942.04
1301610600000,1.41685,1.41703,1.416,1.41604,1048.1
1301611500000,1.41604,1.41604,1.41571,1.41575,505.85
1301612400000,1.41576,1.41633,1.41571,1.41622,922.41
1301613300000,1.41621,1.41639,1.41576,1.41579,762.03
1301614200000,1.41581,1.41605,1.4157,1.41592,651.87
1301615100000,1.41591,1.416,1.4153,1.41559,1229.56
