timestamp,open,high,low,close,volume
1630454400000,1.18098,1.18111,1.18072,1.18099,416980000
1630455300000,1.181,1.181,1.18056,1.18061,341080000
1630456200000,1.18062,1.18067,1.18044,1.18048,286270000
1630457100000,1.18045,1.18052,1.18011,1.18027,550080000
1630458000000,1.18026,1.18036,1.18007,1.18011,439010000
1630458900000,1.1801,1.18032,1.18007,1.18028,317830000
1630459800000,1.18029,1.18056,1.18013,1.18025,679090000
1630460700000,1.18025,1.18048,1.18009,1.18036,524770000
1630461600000,1.18034,1.18057,1.18006,1.18012,515410000
1630462500000,1.18013,1.18021,1.18003,1.18016,482000000
1630463400000,1.18018,1.1803,1.18001,1.18015,313870000
1630464300000,1.18014,1.18031,1.1801,1.1803,269140000
1630465200000,1.1803,1.18039,1.18025,1.18025,321720000
1630466100000,1.18026,1.18059,1.18021,1.18051,288990000
1630467000000,1.18051,1.18062,1.1804,1.1806,236490000
1630467900000,1.1806,1.18063,1.18039,1.18043,177490000
1630468800000,1.18043,1.18045,1.1802,1.18022,222260000
1630469700000,1.18022,1.18035,1.18018,1.18019,299310000
1630470600000,1.18022,1.18026,1.17994,1.18004,345380000
1630471500000,1.18003,1.1801,1.17986,1.17993,407220000
1630472400000,1.17995,1.18002,1.17955,1.17959,409020000
1630473300000,1.1796,1.1797,1.17951,1.17961,420830000
1630474200000,1.17962,1.17979,1.17956,1.17976,323210000
1630475100000,1.17975,1.17997,1.17952,1.1799,862090000
1630476000000,1.17991,1.18031,1.17966,1.17974,1349430000
1630476900000,1.17971,1.17999,1.17935,1.17985,955970000
1630477800000,1.17983,1.17995,1.17951,1.17964,628810000
1630478700000,1.17962,1.18113,1.17945,1.18092,1360250000
1630479600000,1.18091,1.18135,1.1802,1.18031,1600620000
1630480500000,1.1803,1.18046,1.18004,1.1802,766550000
1630481400000,1.18019,1.18025,1.17954,1.17999,976790000
1630482300000,1.17997,1.18084,1.17994,1.18054,1026840000
1630483200000,1.18055,1.18084,1.18024,1.18058,849790000
1630484100000,1.18057,1.18096,1.18043,1.18077,672860000
1630485000000,1.18077,1.18166,1.18075,1.1815,775950000
1630485900000,1.18152,1.18163,1.18133,1.18138,781760000
1630486800000,1.18138,1.18163,1.18114,1.18145,648050000
1630487700000,1.18145,1.18155,1.18115,1.18152,688060000
1630488600000,1.18154,1.18186,1.18139,1.18153,713130000
1630489500000,1.18153,1.18185,1.18125,1.18169,613740000
1630490400000,1.18168,1.18211,1.18156,1.18186,617200000
1630491300000,1.18187,1.18211,1.18182,1.18207,340650000
1630492200000,1.18206,1.18234,1.18184,1.18184,598560000
1630493100000,1.18185,1.18204,1.18163,1.182,584900000
1630494000000,1.18201,1.18225,1.1819,1.18217,711620000
1630494900000,1.18217,1.18217,1.18147,1.18152,866860000
1630495800000,1.18154,1.18169,1.18137,1.18148,712390000
1630496700000,1.18148,1.18173,1.18129,1.18138,774080000
1630497600000,1.18141,1.18174,1.18135,1.18164,862230000
1630498500000,1.18164,1.18273,1.18164,1.18261,2208370000
1630499400000,1.1826,1.18369,1.18254,1.18364,1355160000
1630500300000,1.18364,1.18394,1.18336,1.18377,1937280000
1630501200000,1.18381,1.18412,1.18331,1.18336,2006590000
1630502100000,1.1834,1.18415,1.18329,1.18411,1401680000
1630503000000,1.18412,1.18463,1.184,1.18448,1025210000
1630503900000,1.18449,1.18485,1.18432,1.18437,1142550000
1630504800000,1.18437,1.18461,1.18332,1.18394,2467050000
1630505700000,1.18394,1.18465,1.18393,1.18429,1644510000
1630506600000,1.1843,1.18485,1.18421,1.18472,1422420000
1630507500000,1.18472,1.18571,1.18467,1.18541,2050270000
1630508400000,1.18542,1.18557,1.18482,1.18556,1922870000
1630509300000,1.18556,1.18564,1.18483,1.18483,1294290000
1630510200000,1.18483,1.18505,1.18466,1.18486,939650000
1630511100000,1.18487,1.18523,1.18477,1.18498,816630000
1630512000000,1.18498,1.18558,1.18498,1.18548,595240000
1630512900000,1.18549,1.18563,1.18535,1.18555,526200000
1630513800000,1.18556,1.18561,1.18517,1.18517,413030000
1630514700000,1.18518,1.18522,1.18473,1.18479,830600000
1630515600000,1.18481,1.18498,1.1845,1.18498,530820000
1630516500000,1.18502,1.1851,1.18489,1.18499,589170000
1630517400000,1.18499,1.18502,1.18447,1.18452,318560000
1630518300000,1.18454,1.18454,1.18424,1.18428,254380000
1630519200000,1.1843,1.18448,1.18408,1.18435,514720000
1630520100000,1.18433,1.18457,1.1843,1.18446,358670000
1630521000000,1.18446,1.18454,1.18426,1.18441,657800000
1630521900000,1.1844,1.18474,1.18438,1.18464,330100000
1630522800000,1.18464,1.18465,1.18416,1.1843,319520000
1630523700000,1.18432,1.18448,1.18426,1.1843,246610000
1630524600000,1.18429,1.18454,1.18424,1.18433,376970000
1630525500000,1.18434,1.18435,1.18381,1.18381,448620000
1630526400000,1.18382,1.18389,1.18375,1.18389,422390000
1630527300000,1.18388,1.184,1.18382,1.18392,176690000
1630528200000,1.1839,1.18392,1.18379,1.18387,100150000
1630529100000,1.18387,1.18403,1.18379,1.1838,182010000
1630530000000,1.18378,1.18406,1.18373,1.18391,103680000
1630530900000,1.18391,1.184,1.18391,1.18391,37610000
1630531800000,1.18391,1.18397,1.1839,1.1839,22990000
1630532700000,1.18391,1.18403,1.1839,1.18396,87170000
1630533600000,1.18396,1.18413,1.1839,1.184,213125000
1630534500000,1.184,1.18405,1.184,1.18405,73130000
1630535400000,1.18406,1.18418,1.18395,1.18416,330430000
1630536300000,1.18413,1.18414,1.184,1.18407,67070000
1630537200000,1.1841,1.18419,1.18402,1.18409,118920000
1630538100000,1.18409,1.18413,1.18406,1.1841,228760000
1630539000000,1.18411,1.18412,1.18406,1.18407,55360000
1630539900000,1.18409,1.18409,1.18402,1.18407,52240000
1630540800000,1.18407,1.18457,1.18405,1.18454,374730000
1630541700000,1.18454,1.1846,1.184,1.18412,504810000
1630542600000,1.18413,1.18426,1.18398,1.18401,562520000
1630543500000,1.18402,1.18459,1.18397,1.18448,684260000
1630544400000,1.18447,1.18447,1.18419,1.18444,434650000
1630545300000,1.18443,1.18452,1.18436,1.18437,257170000
1630546200000,1.18437,1.18445,1.18389,1.1839,523430000
1630547100000,1.18389,1.18404,1.18376,1.18392,350220000
1630548000000,1.18391,1.18393,1.18367,1.18392,227470000
1630548900000,1.18393,1.18403,1.18387,1.18388,249820000
1630549800000,1.18386,1.18401,1.18386,1.18399,243960000
1630550700000,1.18398,1.18407,1.1838,1.18389,311070000
1630551600000,1.1839,1.18397,1.18378,1.18392,186210000
1630552500000,1.1839,1.18391,1.1838,1.18388,273800000
1630553400000,1.18388,1.18394,1.18372,1.18389,287360000
1630554300000,1.18388,1.18393,1.18367,1.18377,290280000
1630555200000,1.18377,1.18383,1.18372,1.18373,143950000
1630556100000,1.18374,1.18378,1.18365,1.18367,144050000
1630557000000,1.18367,1.18369,1.18356,1.18358,156960000
1630557900000,1.18358,1.18361,1.18345,1.18347,322530000
1630558800000,1.18346,1.18376,1.18342,1.18371,381650000
1630559700000,1.18372,1.18387,1.18365,1.18376,220910000
1630560600000,1.18376,1.18402,1.18371,1.18398,245570000
1630561500000,1.18398,1.18439,1.18392,1.18433,375240000
1630562400000,1.18433,1.18465,1.1842,1.18427,596410000
1630563300000,1.18427,1.18432,1.18402,1.18412,614310000
1630564200000,1.18409,1.18439,1.18398,1.1842,526830000
1630565100000,1.18421,1.18459,1.18419,1.18454,560210000
1630566000000,1.18455,1.18463,1.18401,1.18434,702600000
1630566900000,1.18433,1.1846,1.18408,1.18456,727480000
1630567800000,1.18454,1.18515,1.18451,1.18483,1043990000
1630568700000,1.18482,1.18494,1.18446,1.18474,663030000
1630569600000,1.18473,1.18477,1.18431,1.18458,755060000
1630570500000,1.18456,1.18499,1.18447,1.18469,682660000
1630571400000,1.18468,1.18482,1.18442,1.18478,714810000
1630572300000,1.18478,1.18498,1.18453,1.18455,671440000
1630573200000,1.18456,1.18471,1.18437,1.18451,658070000
1630574100000,1.18452,1.18475,1.18428,1.18469,545550000
1630575000000,1.18468,1.18515,1.1845,1.18514,531060000
1630575900000,1.18515,1.18531,1.1849,1.18515,740150000
1630576800000,1.18515,1.18543,1.18503,1.18534,642170000
1630577700000,1.18535,1.18547,1.18502,1.18525,787000000
1630578600000,1.18525,1.18546,1.18519,1.1852,460310000
1630579500000,1.18518,1.18558,1.18487,1.18547,728110000
1630580400000,1.18546,1.18547,1.18486,1.18488,943010000
1630581300000,1.18489,1.18498,1.18463,1.18489,486500000
1630582200000,1.1849,1.18528,1.18483,1.18503,599700000
1630583100000,1.18501,1.18534,1.18468,1.18468,846840000
1630584000000,1.18469,1.18498,1.1846,1.1846,646020000
1630584900000,1.18461,1.1847,1.18419,1.18438,963620000
1630585800000,1.18437,1.18471,1.18363,1.18404,1668170000
1630586700000,1.18403,1.18482,1.184,1.18471,1229740000
1630587600000,1.18469,1.18508,1.18463,1.18502,1116790000
1630588500000,1.18503,1.18539,1.1849,1.18524,1159320000
1630589400000,1.18526,1.18578,1.18514,1.18575,1215080000
1630590300000,1.18576,1.18625,1.18575,1.18587,1160660000
1630591200000,1.18588,1.18588,1.18501,1.18538,989210000
1630592100000,1.18538,1.18563,1.18501,1.18551,877980000
1630593000000,1.18551,1.18659,1.18546,1.18653,1262450000
1630593900000,1.18653,1.18688,1.18618,1.18681,1532380000
1630594800000,1.18678,1.18708,1.18651,1.1868,1151920000
1630595700000,1.1868,1.18684,1.18611,1.18618,1039650000
1630596600000,1.18617,1.18631,1.18597,1.18617,568330000
1630597500000,1.18616,1.18627,1.1857,1.18573,591130000
1630598400000,1.18573,1.18615,1.18568,1.18607,649060000
1630599300000,1.18606,1.18628,1.18596,1.18625,494360000
1630600200000,1.18625,1.18638,1.18615,1.18632,217150000
1630601100000,1.18633,1.18664,1.1861,1.18649,384670000
1630602000000,1.18649,1.18676,1.18643,1.18658,389580000
1630602900000,1.18658,1.18679,1.18653,1.18679,440680000
1630603800000,1.18681,1.18701,1.1867,1.18695,445230000
1630604700000,1.18694,1.18709,1.18686,1.18708,432580000
1630605600000,1.18707,1.1874,1.18694,1.18733,495780000
1630606500000,1.18734,1.18737,1.18708,1.1871,262580000
1630607400000,1.18711,1.18717,1.18697,1.18697,242310000
1630608300000,1.18699,1.18746,1.1869,1.18746,512450000
1630609200000,1.18744,1.18746,1.18728,1.18743,422320000
1630610100000,1.18744,1.18759,1.18741,1.18758,370220000
1630611000000,1.18758,1.18758,1.18735,1.18746,281110000
1630611900000,1.18746,1.18749,1.18731,1.18741,516280000
1630612800000,1.18741,1.18742,1.1872,1.18735,240250000
1630613700000,1.18736,1.18747,1.18736,1.18742,157050000
1630614600000,1.18745,1.1875,1.18742,1.18746,161840000
1630615500000,1.18746,1.1876,1.18742,1.18744,388840000
1630616400000,1.18743,1.18747,1.18727,1.18733,443610000
1630617300000,1.18733,1.18752,1.18724,1.18752,74520000
1630618200000,1.18753,1.18759,1.1875,1.18751,55970000
1630619100000,1.18751,1.18755,1.18729,1.18732,99270000
1630620000000,1.18733,1.18751,1.18733,1.1874,155360000
1630620900000,1.1874,1.18744,1.18738,1.18741,42570000
1630621800000,1.18745,1.18747,1.18742,1.18742,19210000
1630622700000,1.18745,1.18751,1.18741,1.18743,37400000
1630623600000,1.18741,1.18746,1.18738,1.18741,40080000
1630624500000,1.18742,1.18744,1.1874,1.18742,74990000
1630625400000,1.1874,1.18742,1.1873,1.18732,114800000
1630626300000,1.18734,1.18738,1.18732,1.18736,56510000
1630627200000,1.18736,1.1878,1.18733,1.18775,261750000
1630628100000,1.18775,1.1879,1.18762,1.18788,295220000
1630629000000,1.18787,1.18827,1.1878,1.18826,552560000
1630629900000,1.18826,1.18827,1.188,1.18819,550890000
1630630800000,1.1882,1.18837,1.188,1.18806,455140000
1630631700000,1.18806,1.18811,1.18776,1.18798,471900000
1630632600000,1.18799,1.18829,1.1879,1.18808,579140000
1630633500000,1.18808,1.18826,1.18803,1.18824,428390000
1630634400000,1.18825,1.18842,1.18816,1.18822,559300000
1630635300000,1.18821,1.18831,1.18807,1.18807,395880000
1630636200000,1.18807,1.18817,1.18802,1.18809,415480000
1630637100000,1.18809,1.1883,1.18788,1.18789,716240000
1630638000000,1.1879,1.18799,1.18774,1.18776,576040000
1630638900000,1.18778,1.18787,1.18776,1.18784,215930000
1630639800000,1.18783,1.18795,1.18772,1.18789,384360000
1630640700000,1.18787,1.18798,1.18781,1.18786,264050000
1630641600000,1.18787,1.18791,1.18776,1.18776,246480000
1630642500000,1.18775,1.18784,1.18775,1.18776,123220000
1630643400000,1.18776,1.18793,1.18766,1.18776,267230000
1630644300000,1.18777,1.18781,1.18761,1.18762,335250000
1630645200000,1.18762,1.18768,1.18755,1.18756,294270000
1630646100000,1.18757,1.18791,1.18755,1.18791,246890000
1630647000000,1.18791,1.18802,1.18776,1.18802,435180000
1630647900000,1.18803,1.18807,1.18781,1.18792,570730000
1630648800000,1.18793,1.18805,1.18769,1.18777,815130000
1630649700000,1.1878,1.18783,1.18747,1.18752,505500000
1630650600000,1.18752,1.18773,1.18734,1.18772,430680000
1630651500000,1.1877,1.18773,1.1874,1.18773,411790000
1630652400000,1.18775,1.1882,1.18769,1.18772,769870000
1630653300000,1.18772,1.18809,1.18758,1.18782,722620000
1630654200000,1.18781,1.18784,1.1874,1.18741,753690000
1630655100000,1.18742,1.18752,1.18713,1.18747,837960000
1630656000000,1.18746,1.18805,1.18736,1.18797,985130000
1630656900000,1.18796,1.18801,1.18776,1.1879,723970000
1630657800000,1.1879,1.18826,1.18786,1.18807,694600000
1630658700000,1.18806,1.18811,1.18737,1.18746,742800000
1630659600000,1.18745,1.18745,1.18692,1.18718,819940000
1630660500000,1.18716,1.18745,1.187,1.18738,643200000
1630661400000,1.18737,1.18744,1.18693,1.18713,634120000
1630662300000,1.18715,1.18716,1.18662,1.18699,756430000
1630663200000,1.18698,1.18718,1.18686,1.18714,676640000
1630664100000,1.18715,1.18723,1.18693,1.18713,479600000
1630665000000,1.18712,1.18722,1.1869,1.18717,533720000
1630665900000,1.18715,1.18716,1.18695,1.18696,530250000
1630666800000,1.18695,1.18743,1.18695,1.18708,674290000
1630667700000,1.18707,1.18749,1.18692,1.18731,562020000
1630668600000,1.18732,1.18772,1.18716,1.18732,986170000
1630669500000,1.18734,1.18758,1.18711,1.18732,760560000
1630670400000,1.18734,1.18756,1.18698,1.18716,1061480000
1630671300000,1.18719,1.18758,1.18698,1.18712,1079440000
1630672200000,1.18711,1.1909,1.18655,1.18731,9925680000
1630673100000,1.18733,1.18985,1.18695,1.18911,3799520000
1630674000000,1.18913,1.1902,1.18895,1.19018,2445690000
1630674900000,1.19015,1.19048,1.1894,1.18963,3268160000
1630675800000,1.18965,1.19006,1.18763,1.18801,3090940000
1630676700000,1.18802,1.1889,1.18795,1.18881,1719410000
1630677600000,1.18882,1.18885,1.18751,1.1884,2147020000
1630678500000,1.18841,1.18868,1.18807,1.18822,1143570000
1630679400000,1.18823,1.18898,1.18815,1.18885,1133500000
1630680300000,1.18884,1.18896,1.18716,1.1881,2375470000
1630681200000,1.18809,1.18901,1.18795,1.18867,1631750000
1630682100000,1.18869,1.1887,1.18798,1.18798,1462270000
1630683000000,1.18799,1.18811,1.18768,1.18799,1109610000
1630683900000,1.188,1.18855,1.18789,1.18833,633350000
1630684800000,1.18832,1.18847,1.18814,1.18845,508590000
1630685700000,1.18842,1.18868,1.18836,1.1886,308380000
1630686600000,1.18861,1.18877,1.18853,1.18859,213890000
1630687500000,1.1886,1.18897,1.1886,1.18894,291860000
1630688400000,1.18893,1.18949,1.18889,1.18947,328870000
1630689300000,1.18948,1.18968,1.18944,1.18963,338530000
1630690200000,1.18962,1.18971,1.18938,1.18969,368430000
1630691100000,1.1897,1.18979,1.18934,1.18952,493110000
1630692000000,1.18951,1.18967,1.1894,1.18947,270060000
1630692900000,1.18945,1.18946,1.18925,1.18929,295140000
1630693800000,1.1893,1.1893,1.18903,1.18908,213580000
1630694700000,1.18906,1.18913,1.18893,1.1891,532180000
1630695600000,1.18909,1.18909,1.18842,1.18854,361850000
1630696500000,1.18853,1.18859,1.18838,1.18839,211530000
1630697400000,1.18839,1.18862,1.18834,1.18857,200450000
1630698300000,1.18854,1.18865,1.188,1.18801,447700000
1630699200000,1.18802,1.18809,1.18771,1.18774,383030000
1630700100000,1.18774,1.18774,1.1875,1.1875,335640000
1630701000000,1.18753,1.18762,1.18749,1.18752,126240000
1630701900000,1.18752,1.1879,1.18751,1.18773,990110000
1630875600000,1.1876,1.18792,1.1876,1.18783,79710000
1630876500000,1.18789,1.18801,1.18768,1.18801,43900000
1630877400000,1.18801,1.18803,1.18769,1.1879,36020000
1630878300000,1.18789,1.18806,1.18779,1.18801,50720000
1630879200000,1.18801,1.18835,1.18788,1.18806,368570000
1630880100000,1.18808,1.18819,1.18798,1.18802,146330000
1630881000000,1.18802,1.18821,1.18799,1.18808,190250000
1630881900000,1.18809,1.1882,1.18793,1.18796,137820000
1630882800000,1.18795,1.18826,1.18791,1.18826,74490000
1630883700000,1.18828,1.1885,1.18828,1.18846,71120000
1630884600000,1.18846,1.18862,1.18843,1.18851,90110000
1630885500000,1.18852,1.18856,1.18841,1.18854,293200000
1630886400000,1.18854,1.18857,1.18794,1.18814,582420000
1630887300000,1.18814,1.18829,1.18788,1.18788,296610000
1630888200000,1.18789,1.18806,1.18775,1.18781,667740000
1630889100000,1.18782,1.18792,1.1876,1.18784,639960000
1630890000000,1.18783,1.18799,1.18773,1.18778,405620000
1630890900000,1.18776,1.18777,1.1876,1.18768,450260000
1630891800000,1.18766,1.18786,1.18756,1.18785,425200000
1630892700000,1.18786,1.1879,1.1876,1.18774,520820000
1630893600000,1.18773,1.18773,1.18755,1.18769,338060000
1630894500000,1.18771,1.18771,1.18744,1.18745,294230000
1630895400000,1.18748,1.18754,1.18728,1.18734,320650000
1630896300000,1.18734,1.18744,1.18714,1.18739,430710000
1630897200000,1.18739,1.18739,1.18712,1.18718,429580000
1630898100000,1.1872,1.18724,1.18687,1.18687,392250000
1630899000000,1.18689,1.1869,1.18648,1.18687,484080000
1630899900000,1.18687,1.18692,1.18673,1.18678,305500000
1630900800000,1.18679,1.187,1.18668,1.18694,249310000
1630901700000,1.18694,1.18702,1.18686,1.187,195750000
1630902600000,1.18699,1.187,1.1868,1.18686,304000000
1630903500000,1.18685,1.187,1.18682,1.18691,462810000
1630904400000,1.18692,1.18704,1.18676,1.18683,269870000
1630905300000,1.18684,1.18684,1.18662,1.18663,303510000
1630906200000,1.18664,1.187,1.18662,1.18693,362770000
1630907100000,1.18692,1.18728,1.18687,1.18713,466070000
1630908000000,1.18711,1.18718,1.18681,1.18691,872310000
1630908900000,1.18692,1.1875,1.18688,1.18743,690100000
1630909800000,1.18742,1.18749,1.18716,1.18726,327770000
1630910700000,1.18726,1.18739,1.18716,1.18717,276590000
1630911600000,1.18719,1.18729,1.1868,1.18684,395530000
1630912500000,1.18681,1.18695,1.18612,1.18626,806990000
1630913400000,1.18626,1.18656,1.18619,1.18623,548240000
1630914300000,1.18625,1.18653,1.18602,1.18629,661610000
1630915200000,1.18629,1.1865,1.1861,1.1864,566240000
1630916100000,1.18638,1.18685,1.18631,1.18661,654900000
1630917000000,1.18659,1.18659,1.18612,1.18634,537670000
1630917900000,1.18636,1.18667,1.18626,1.18639,682850000
1630918800000,1.18641,1.18668,1.1861,1.18624,873380000
1630919700000,1.18624,1.18635,1.18557,1.1859,737320000
1630920600000,1.18588,1.1861,1.18566,1.18588,470860000
1630921500000,1.18589,1.18609,1.1858,1.18605,488030000
1630922400000,1.18607,1.18652,1.18594,1.18632,669920000
1630923300000,1.18632,1.18655,1.18628,1.18637,459340000
1630924200000,1.18636,1.18655,1.186,1.1861,314280000
1630925100000,1.18612,1.18659,1.18612,1.18645,284460000
1630926000000,1.18644,1.18666,1.18625,1.18662,429280000
1630926900000,1.18662,1.18662,1.18618,1.18636,505300000
1630927800000,1.18637,1.18663,1.18614,1.18645,418970000
1630928700000,1.18645,1.18655,1.18604,1.18616,577210000
1630929600000,1.18617,1.18642,1.18599,1.18639,388750000
1630930500000,1.18637,1.18645,1.18613,1.18643,397650000
1630931400000,1.18643,1.18647,1.18616,1.18646,262140000
1630932300000,1.18644,1.18671,1.18643,1.18661,478470000
1630933200000,1.1866,1.18703,1.18657,1.1868,509330000
1630934100000,1.18682,1.18692,1.18659,1.18683,466450000
1630935000000,1.18684,1.187,1.18662,1.18676,731180000
1630935900000,1.18677,1.18682,1.18652,1.18675,689950000
1630936800000,1.18673,1.18711,1.18651,1.18685,495530000
1630937700000,1.18684,1.18688,1.18657,1.18668,525240000
1630938600000,1.18669,1.18675,1.18637,1.18653,493380000
1630939500000,1.18651,1.18675,1.18576,1.18624,729820000
1630940400000,1.18624,1.18629,1.18598,1.18613,424940000
1630941300000,1.18615,1.18635,1.18606,1.1861,312880000
1630942200000,1.18611,1.18672,1.18611,1.18661,236200000
1630943100000,1.18662,1.18662,1.18645,1.18656,424530000
1630944000000,1.18658,1.18681,1.18652,1.18681,283190000
1630944900000,1.18681,1.18696,1.18677,1.18682,306490000
1630945800000,1.18681,1.18684,1.18669,1.1868,122120000
1630946700000,1.1868,1.18711,1.1868,1.18711,160770000
1630947600000,1.18712,1.18714,1.1869,1.18691,448750000
1630948500000,1.1869,1.18691,1.18685,1.18688,494730000
1630949400000,1.18688,1.18692,1.18685,1.18691,368100000
1630950300000,1.18691,1.18691,1.18683,1.18687,354700000
1630951200000,1.18688,1.18693,1.18687,1.1869,361990000
1630952100000,1.1869,1.18696,1.18688,1.18695,302400000
1630953000000,1.18695,1.18696,1.18693,1.18694,74800000
1630953900000,1.18694,1.18694,1.18687,1.18689,217660000
1630954800000,1.18689,1.18693,1.18687,1.18689,562770000
1630955700000,1.18689,1.18691,1.18685,1.18686,619170000
1630956600000,1.18687,1.18691,1.18684,1.18687,460520000
1630957500000,1.18686,1.18707,1.18676,1.18679,473650000
1630958400000,1.18679,1.18689,1.18677,1.18687,378170000
1630959300000,1.18687,1.18696,1.18685,1.1869,1523590000
1630960200000,1.1869,1.18693,1.18684,1.18684,1267160000
1630961100000,1.18684,1.1869,1.18682,1.18683,601190000
1630962000000,1.18679,1.18699,1.18679,1.18695,29580000
1630962900000,1.1869,1.1871,1.1869,1.18707,48445000
1630963800000,1.18706,1.18711,1.18696,1.18701,208977500
1630964700000,1.18701,1.18704,1.18687,1.18702,135140000
1630965600000,1.18704,1.18712,1.18699,1.18709,219800000
1630966500000,1.18708,1.18717,1.18708,1.18711,98380000
1630967400000,1.18711,1.18716,1.1871,1.18711,102480000
1630968300000,1.18711,1.18717,1.18711,1.18711,73830000
1630969200000,1.18713,1.18721,1.18711,1.18719,161900000
1630970100000,1.18718,1.1872,1.18711,1.18716,87900000
1630971000000,1.18716,1.18723,1.18712,1.18716,72810000
1630971900000,1.18716,1.1874,1.1871,1.18731,148350000
1630972800000,1.1873,1.18769,1.18727,1.18769,346000000
1630973700000,1.18769,1.18783,1.18767,1.18778,344400000
1630974600000,1.18777,1.18802,1.18777,1.18799,282730000
1630975500000,1.18797,1.18816,1.18788,1.18793,429480000
1630976400000,1.18792,1.18815,1.18784,1.18804,445970000
1630977300000,1.18804,1.18851,1.18804,1.18831,414250000
1630978200000,1.1883,1.18847,1.18829,1.18839,265850000
1630979100000,1.18838,1.18839,1.18818,1.18824,424160000
1630980000000,1.18823,1.18824,1.18801,1.18801,328150000
1630980900000,1.18801,1.18809,1.18793,1.18798,289130000
1630981800000,1.188,1.18813,1.18788,1.18807,189840000
1630982700000,1.18808,1.18809,1.18784,1.18802,397030000
1630983600000,1.18801,1.18827,1.18787,1.18803,357780000
1630984500000,1.18803,1.18812,1.18793,1.18801,399770000
1630985400000,1.18801,1.18801,1.18777,1.18785,228730000
1630986300000,1.18784,1.18788,1.18774,1.18784,247650000
1630987200000,1.18784,1.1879,1.18779,1.18779,260110000
1630988100000,1.18778,1.18795,1.18772,1.18784,237950000
1630989000000,1.18784,1.18822,1.18778,1.18789,1394180000
1630989900000,1.18788,1.18793,1.18749,1.18752,706010000
1630990800000,1.18754,1.18755,1.18705,1.18742,1064270000
1630991700000,1.18743,1.18754,1.18726,1.18729,414590000
1630992600000,1.18729,1.18748,1.18716,1.18738,648970000
1630993500000,1.18738,1.18742,1.18709,1.18712,720070000
1630994400000,1.18715,1.1874,1.18696,1.18703,1007800000
1630995300000,1.18702,1.1872,1.18664,1.18667,1030620000
1630996200000,1.1867,1.18678,1.18628,1.18672,635650000
1630997100000,1.18676,1.18712,1.18657,1.18712,599260000
1630998000000,1.18709,1.18731,1.18665,1.18707,1209670000
1630998900000,1.18708,1.18791,1.18706,1.18787,839680000
1630999800000,1.18786,1.18822,1.18779,1.18793,880750000
1631000700000,1.18792,1.18792,1.18738,1.18762,861920000
1631001600000,1.18762,1.18762,1.18642,1.18669,1205100000
1631002500000,1.18668,1.18694,1.1862,1.18631,1023260000
1631003400000,1.18633,1.18685,1.18596,1.18667,1057220000
1631004300000,1.18668,1.18763,1.18662,1.18762,806670000
1631005200000,1.18761,1.18802,1.1873,1.18731,1721860000
1631006100000,1.18731,1.18777,1.18719,1.18758,1171620000
1631007000000,1.18756,1.18789,1.18727,1.18767,1060810000
1631007900000,1.18766,1.18773,1.18621,1.18655,1673240000
1631008800000,1.18655,1.18705,1.18622,1.18664,1012840000
1631009700000,1.18663,1.18672,1.18617,1.18639,1040670000
1631010600000,1.1864,1.18664,1.18622,1.18663,1101220000
1631011500000,1.18663,1.1875,1.18657,1.18746,984430000
1631012400000,1.18745,1.18767,1.18699,1.187,1653110000
1631013300000,1.18701,1.18714,1.18667,1.18678,898620000
1631014200000,1.18679,1.18696,1.18649,1.18653,754590000
1631015100000,1.18653,1.18656,1.1858,1.18613,995700000
1631016000000,1.18614,1.18649,1.18578,1.18598,785520000
1631016900000,1.18596,1.18628,1.18585,1.18622,639300000
1631017800000,1.18622,1.18641,1.18596,1.18638,771610000
1631018700000,1.18637,1.18637,1.18495,1.18504,1450010000
1631019600000,1.18503,1.18527,1.18457,1.18462,1084370000
1631020500000,1.18461,1.18503,1.18437,1.18462,1353670000
1631021400000,1.18461,1.18602,1.18457,1.1855,1852780000
1631022300000,1.18549,1.18585,1.1851,1.18563,1589800000
1631023200000,1.18562,1.18578,1.18458,1.18459,1868600000
1631024100000,1.18462,1.18472,1.184,1.18405,1478540000
1631025000000,1.18402,1.18519,1.18374,1.1851,1798340000
1631025900000,1.1851,1.1851,1.18426,1.18463,1513390000
1631026800000,1.18461,1.18474,1.18413,1.18417,888880000
1631027700000,1.18416,1.18427,1.18377,1.18383,1144070000
1631028600000,1.18385,1.1848,1.18378,1.18475,1073820000
1631029500000,1.18474,1.18501,1.18473,1.18487,740440000
1631030400000,1.18485,1.18492,1.18424,1.18436,905790000
1631031300000,1.18436,1.18496,1.18434,1.1846,607380000
1631032200000,1.18461,1.18486,1.1845,1.18485,679350000
1631033100000,1.18484,1.18489,1.18441,1.18454,545410000
1631034000000,1.18453,1.18494,1.18449,1.1848,610930000
1631034900000,1.18479,1.18489,1.18436,1.18438,583500000
1631035800000,1.18437,1.18487,1.18429,1.18483,665970000
1631036700000,1.18483,1.1852,1.18477,1.1849,657830000
1631037600000,1.18491,1.18531,1.1849,1.18519,757810000
1631038500000,1.18519,1.1853,1.18481,1.1853,461240000
1631039400000,1.1853,1.18532,1.18481,1.185,414850000
1631040300000,1.18498,1.185,1.18454,1.18456,354220000
1631041200000,1.18457,1.18462,1.1844,1.18451,294260000
1631042100000,1.18452,1.18455,1.18425,1.18425,230000000
1631043000000,1.18426,1.18429,1.18391,1.18415,302930000
1631043900000,1.18416,1.18431,1.1838,1.18397,489780000
1631044800000,1.18396,1.18418,1.18392,1.18413,214820000
1631045700000,1.18415,1.18417,1.18398,1.18413,172050000
1631046600000,1.18413,1.1842,1.18403,1.18415,110590000
1631047500000,1.18416,1.18424,1.18395,1.18399,235770000
1631048400000,1.18358,1.18448,1.18358,1.18425,347170000
1631049300000,1.18425,1.1846,1.18419,1.18449,182868500
1631050200000,1.18454,1.18458,1.18436,1.18449,319760000
1631051100000,1.18448,1.18454,1.18426,1.18451,356660000
1631052000000,1.18452,1.18452,1.18419,1.18444,442740000
1631052900000,1.18446,1.1845,1.18437,1.18437,254380000
1631053800000,1.18442,1.18449,1.18432,1.18448,237460000
1631054700000,1.18448,1.18448,1.18437,1.18439,68400000
1631055600000,1.18441,1.18441,1.18415,1.1842,120540000
1631056500000,1.18419,1.18431,1.18419,1.18424,129270000
1631057400000,1.18423,1.18428,1.18415,1.18419,138860000
1631058300000,1.18423,1.18435,1.18422,1.18429,114100000
1631059200000,1.18428,1.18436,1.18403,1.18415,580860000
1631060100000,1.18416,1.18433,1.18413,1.18421,265840000
1631061000000,1.18423,1.18466,1.18423,1.18464,423640000
1631061900000,1.18464,1.18479,1.1846,1.18479,572800000
1631062800000,1.18477,1.18478,1.18458,1.18464,728850000
1631063700000,1.18464,1.18475,1.18454,1.18468,937750000
1631064600000,1.18469,1.18511,1.18466,1.18511,578020000
1631065500000,1.1851,1.18511,1.18473,1.18475,606080000
1631066400000,1.18475,1.1848,1.18459,1.18475,401650000
1631067300000,1.18475,1.18476,1.18459,1.1847,354900000
1631068200000,1.18469,1.1847,1.18454,1.18469,330890000
1631069100000,1.18469,1.18474,1.18446,1.18448,438400000
1631070000000,1.18448,1.18457,1.18444,1.1845,301030000
1631070900000,1.1845,1.18453,1.18408,1.18419,543800000
1631071800000,1.18418,1.18427,1.18406,1.18409,442520000
1631072700000,1.1841,1.1843,1.1841,1.18421,308020000
1631073600000,1.1842,1.18434,1.18415,1.18422,388920000
1631074500000,1.18421,1.18425,1.18412,1.18417,281280000
1631075400000,1.18416,1.18434,1.18415,1.18434,366080000
1631076300000,1.18435,1.18436,1.18413,1.18435,355180000
1631077200000,1.18435,1.18436,1.18395,1.18402,515560000
1631078100000,1.18402,1.18413,1.1839,1.1841,582250000
1631079000000,1.18409,1.18409,1.1836,1.18363,748890000
1631079900000,1.18363,1.1837,1.18351,1.18364,586060000
1631080800000,1.18363,1.18382,1.18324,1.18329,976230000
1631081700000,1.18331,1.18335,1.183,1.18322,1038290000
1631082600000,1.18322,1.18363,1.18284,1.18361,937120000
1631083500000,1.18362,1.18368,1.18324,1.18333,742340000
1631084400000,1.18331,1.18421,1.18317,1.18371,2273350000
1631085300000,1.18369,1.18428,1.18364,1.18407,1469140000
1631086200000,1.18408,1.18448,1.1839,1.18399,1182460000
1631087100000,1.18402,1.18403,1.18304,1.18304,1158620000
1631088000000,1.18305,1.18306,1.18251,1.18281,1513870000
1631088900000,1.18283,1.18291,1.18189,1.18205,1786150000
1631089800000,1.18204,1.18269,1.18173,1.18198,1617480000
1631090700000,1.182,1.18235,1.18162,1.18214,1172050000
1631091600000,1.18215,1.18267,1.18179,1.18188,1180440000
1631092500000,1.18186,1.18201,1.18161,1.18195,928920000
1631093400000,1.18194,1.18195,1.18165,1.1817,753280000
1631094300000,1.18169,1.18184,1.18125,1.18153,1017890000
1631095200000,1.18151,1.18159,1.1812,1.18147,868200000
1631096100000,1.18147,1.18212,1.1813,1.1821,654030000
1631097000000,1.1821,1.18223,1.18173,1.18194,752380000
1631097900000,1.18195,1.18195,1.18151,1.18176,785100000
1631098800000,1.18175,1.18214,1.18157,1.18213,872670000
1631099700000,1.18213,1.18217,1.1818,1.18205,754300000
1631100600000,1.18206,1.18239,1.18184,1.18208,865360000
1631101500000,1.18208,1.18249,1.18192,1.18222,902860000
1631102400000,1.18222,1.18279,1.18215,1.18269,1147120000
1631103300000,1.1827,1.1828,1.18223,1.18274,1503530000
1631104200000,1.18273,1.18289,1.18252,1.18281,964560000
1631105100000,1.18283,1.18295,1.18211,1.18211,1031570000
1631106000000,1.1821,1.18225,1.18157,1.18168,1571330000
1631106900000,1.18168,1.18169,1.18108,1.18141,1257360000
1631107800000,1.18142,1.18191,1.18101,1.18112,1636560000
1631108700000,1.18113,1.18185,1.18086,1.18173,2155000000
1631109600000,1.18172,1.1819,1.18128,1.18181,2849620000
1631110500000,1.18181,1.18186,1.18062,1.18064,1802500000
1631111400000,1.18064,1.18074,1.18019,1.18031,2515340000
1631112300000,1.18031,1.18125,1.1802,1.18122,1917040000
1631113200000,1.18121,1.18164,1.18109,1.18124,1855860000
1631114100000,1.18121,1.18174,1.18118,1.18155,1629820000
1631115000000,1.18154,1.18181,1.1814,1.1815,941130000
1631115900000,1.1815,1.1821,1.1815,1.1818,1292340000
1631116800000,1.18181,1.18258,1.18155,1.18236,1241720000
1631117700000,1.18237,1.18288,1.18228,1.18278,889610000
1631118600000,1.18278,1.18278,1.18225,1.18225,866380000
1631119500000,1.18223,1.18229,1.18185,1.18186,538900000
1631120400000,1.18187,1.18225,1.18164,1.18213,1376240000
1631121300000,1.18215,1.18251,1.18188,1.18238,807950000
1631122200000,1.18238,1.18254,1.18229,1.18252,402500000
1631123100000,1.1825,1.18261,1.18232,1.18238,531090000
1631124000000,1.1824,1.18276,1.1824,1.18271,620930000
1631124900000,1.18272,1.18292,1.18267,1.18281,505110000
1631125800000,1.18282,1.18299,1.18281,1.18281,605450000
1631126700000,1.18279,1.18287,1.1824,1.1824,849980000
1631127600000,1.18239,1.18251,1.18218,1.18238,686880000
1631128500000,1.18238,1.18241,1.18221,1.18237,425670000
1631129400000,1.18237,1.18241,1.1821,1.18214,165890000
1631130300000,1.18214,1.18221,1.18174,1.18175,560360000
1631131200000,1.18174,1.18191,1.18164,1.18181,272510000
1631132100000,1.1818,1.18191,1.18175,1.18186,184230000
1631133000000,1.18188,1.1819,1.18169,1.1817,415900000
1631133900000,1.1817,1.18177,1.18135,1.1814,525200000
1631134800000,1.18139,1.18183,1.18114,1.18179,121210000
1631135700000,1.18168,1.18176,1.1816,1.1817,252650000
1631136600000,1.1817,1.18182,1.18165,1.1817,115420000
1631137500000,1.1817,1.18186,1.18168,1.18169,97830000
1631138400000,1.18171,1.18193,1.1817,1.18186,131370000
1631139300000,1.18187,1.18194,1.18184,1.18191,53250000
1631140200000,1.1819,1.18195,1.18182,1.18194,55490000
1631141100000,1.18195,1.18201,1.18182,1.18182,93480000
1631142000000,1.18181,1.18185,1.18177,1.18182,78440000
1631142900000,1.18181,1.18187,1.18175,1.1818,88560000
1631143800000,1.18179,1.18187,1.18179,1.18186,52560000
1631144700000,1.18186,1.18188,1.18178,1.18188,98170000
1631145600000,1.18186,1.18187,1.18146,1.18157,321360000
1631146500000,1.18156,1.18189,1.18156,1.18181,325160000
1631147400000,1.18181,1.18186,1.18142,1.18143,517980000
1631148300000,1.18142,1.18152,1.18122,1.18141,508560000
1631149200000,1.18141,1.18153,1.18135,1.18135,628300000
1631150100000,1.18135,1.1817,1.18135,1.18151,349300000
1631151000000,1.18152,1.18174,1.18147,1.18174,318200000
1631151900000,1.18175,1.18209,1.18175,1.18207,317720000
1631152800000,1.18208,1.18238,1.18205,1.18234,413780000
1631153700000,1.18236,1.1825,1.18231,1.18236,481950000
1631154600000,1.18236,1.18251,1.18211,1.18217,463260000
1631155500000,1.18216,1.18252,1.18216,1.18249,262200000
1631156400000,1.1825,1.18251,1.18212,1.18214,484330000
1631157300000,1.18214,1.18228,1.1821,1.1821,302780000
1631158200000,1.1821,1.18216,1.18186,1.18186,558240000
1631159100000,1.18187,1.18198,1.18176,1.18181,493120000
1631160000000,1.1818,1.18184,1.18145,1.18154,539380000
1631160900000,1.18154,1.18155,1.18132,1.18141,519580000
1631161800000,1.1814,1.18141,1.18112,1.18126,539310000
1631162700000,1.18126,1.18145,1.18113,1.1814,528010000
1631163600000,1.1814,1.18142,1.18113,1.18141,678530000
1631164500000,1.18142,1.18151,1.1813,1.18146,370220000
1631165400000,1.18145,1.18168,1.18137,1.18138,520520000
1631166300000,1.18138,1.18149,1.18117,1.18128,802980000
1631167200000,1.18128,1.18202,1.18119,1.18199,1049380000
1631168100000,1.18199,1.18242,1.18197,1.18226,680730000
1631169000000,1.18225,1.18243,1.18207,1.18209,1357960000
1631169900000,1.1821,1.18216,1.18154,1.18155,1586900000
1631170800000,1.18155,1.18215,1.18135,1.1818,2013830000
1631171700000,1.18181,1.18256,1.18181,1.18212,1610450000
1631172600000,1.18213,1.1827,1.18201,1.18262,1645310000
1631173500000,1.18263,1.18274,1.18221,1.18222,1342280000
1631174400000,1.18223,1.183,1.18222,1.18296,1260410000
1631175300000,1.18296,1.18302,1.18253,1.18297,1017680000
1631176200000,1.18294,1.18359,1.18277,1.18342,977050000
1631177100000,1.18343,1.18356,1.18327,1.18338,931680000
1631178000000,1.18338,1.18338,1.18264,1.18276,1054880000
1631178900000,1.18273,1.18298,1.1826,1.18286,760530000
1631179800000,1.18285,1.18333,1.1828,1.18312,980260000
1631180700000,1.18312,1.18328,1.18286,1.18326,834120000
1631181600000,1.18326,1.18327,1.18301,1.18327,613630000
1631182500000,1.18327,1.18348,1.18307,1.18347,625840000
1631183400000,1.18345,1.18356,1.18313,1.18331,729430000
1631184300000,1.1833,1.18333,1.18306,1.18318,714250000
1631185200000,1.18317,1.18323,1.18281,1.18321,786820000
1631186100000,1.18322,1.18323,1.18263,1.18303,662080000
1631187000000,1.18304,1.18329,1.18289,1.18301,929890000
1631187900000,1.18299,1.18411,1.1824,1.18398,3749870000
1631188800000,1.184,1.18412,1.18349,1.18374,1684270000
1631189700000,1.18376,1.18386,1.18311,1.18316,1499110000
1631190600000,1.18316,1.18348,1.18165,1.18171,2399990000
1631191500000,1.18172,1.1825,1.18081,1.18231,2035740000
1631192400000,1.18233,1.18347,1.1812,1.18292,2881360000
1631193300000,1.18291,1.1834,1.1821,1.18317,1659490000
1631194200000,1.18316,1.18321,1.18191,1.18232,1978810000
1631195100000,1.18233,1.18248,1.18116,1.18155,2518370000
1631196000000,1.18153,1.182,1.18107,1.18156,1987930000
1631196900000,1.18155,1.18165,1.1812,1.18122,1451030000
1631197800000,1.18121,1.18122,1.18051,1.18054,2105680000
1631198700000,1.18055,1.18183,1.18055,1.18161,1907270000
1631199600000,1.18163,1.18181,1.18135,1.1815,1179710000
1631200500000,1.18148,1.18201,1.1812,1.182,1492380000
1631201400000,1.18201,1.18255,1.18193,1.18241,1270910000
1631202300000,1.18241,1.18276,1.18229,1.18271,1176900000
1631203200000,1.18271,1.18274,1.18248,1.18267,1042690000
1631204100000,1.18265,1.18311,1.18255,1.18311,528540000
1631205000000,1.18309,1.18327,1.18304,1.18319,632850000
1631205900000,1.1832,1.18327,1.18294,1.18314,486280000
1631206800000,1.18315,1.18397,1.18313,1.18386,642920000
1631207700000,1.18385,1.18386,1.18337,1.1834,1343670000
1631208600000,1.18339,1.18347,1.18302,1.18324,860340000
1631209500000,1.18323,1.18338,1.18309,1.18338,433960000
1631210400000,1.18339,1.1835,1.18312,1.18331,551500000
1631211300000,1.1833,1.18335,1.18312,1.18326,320380000
1631212200000,1.18326,1.18328,1.1828,1.1829,397210000
1631213100000,1.1829,1.18303,1.18285,1.18297,462080000
1631214000000,1.18295,1.18297,1.18265,1.18265,369210000
1631214900000,1.18264,1.18295,1.1826,1.18281,294890000
1631215800000,1.18281,1.18305,1.1828,1.18284,402650000
1631216700000,1.18284,1.18286,1.18256,1.18256,424380000
1631217600000,1.18259,1.18263,1.18246,1.18255,156780000
1631218500000,1.18255,1.18256,1.1822,1.18224,185940000
1631219400000,1.18222,1.18233,1.18219,1.18231,174440000
1631220300000,1.18228,1.18245,1.18227,1.18236,214570000
1631221200000,1.18233,1.18251,1.18231,1.18239,208770000
1631222100000,1.1824,1.18267,1.18239,1.18262,66145000
1631223000000,1.18263,1.18279,1.18236,1.18248,181980000
1631223900000,1.18248,1.18256,1.18244,1.18244,65620000
1631224800000,1.18245,1.18247,1.18236,1.18246,1688540000
1631225700000,1.18246,1.18247,1.18236,1.18236,74920000
1631226600000,1.18237,1.18245,1.18235,1.18239,166480000
1631227500000,1.18239,1.18243,1.18235,1.18235,112840000
1631228400000,1.18237,1.1824,1.18224,1.18229,151870000
1631229300000,1.18231,1.1824,1.18229,1.18239,81980000
1631230200000,1.1824,1.1825,1.18239,1.18243,73660000
1631231100000,1.18244,1.18245,1.18229,1.1823,111590000
1631232000000,1.1823,1.18275,1.18229,1.18265,234750000
1631232900000,1.18265,1.18275,1.18256,1.18256,224850000
1631233800000,1.18253,1.18253,1.1823,1.18247,240030000
1631234700000,1.18246,1.1826,1.1823,1.1824,362980000
1631235600000,1.18241,1.18248,1.18215,1.18216,320500000
1631236500000,1.18215,1.18217,1.18186,1.18201,476760000
1631237400000,1.18201,1.18222,1.18191,1.18209,381810000
1631238300000,1.18211,1.18222,1.18201,1.18214,280400000
1631239200000,1.18213,1.18245,1.18195,1.18245,531320000
1631240100000,1.18241,1.18281,1.1824,1.18273,584550000
1631241000000,1.18272,1.18287,1.1826,1.1827,577640000
1631241900000,1.18271,1.18326,1.18269,1.18324,506300000
1631242800000,1.18324,1.18329,1.18301,1.18303,510970000
1631243700000,1.18302,1.18326,1.183,1.18313,481930000
1631244600000,1.18313,1.1832,1.18295,1.1831,302830000
1631245500000,1.1831,1.18312,1.1829,1.18302,338240000
1631246400000,1.18303,1.18303,1.18274,1.18284,308480000
1631247300000,1.18283,1.183,1.18283,1.18293,297120000
1631248200000,1.18292,1.18293,1.18277,1.18284,429050000
1631249100000,1.18283,1.18309,1.18282,1.18298,604290000
1631250000000,1.18297,1.18324,1.18293,1.18318,658530000
1631250900000,1.18319,1.18331,1.18308,1.18323,265030000
1631251800000,1.18322,1.18337,1.18319,1.18328,718910000
1631252700000,1.18328,1.18333,1.18272,1.18274,621830000
1631253600000,1.18273,1.18309,1.18267,1.18272,636880000
1631254500000,1.1827,1.18285,1.18251,1.18271,748430000
1631255400000,1.18271,1.18275,1.18253,1.18268,618070000
1631256300000,1.18267,1.18293,1.18245,1.18288,786440000
1631257200000,1.18286,1.18356,1.1827,1.1835,914920000
1631258100000,1.18349,1.18396,1.18333,1.18389,1122520000
1631259000000,1.18391,1.18433,1.18368,1.18372,1088990000
1631259900000,1.18371,1.18439,1.18371,1.1842,1021300000
1631260800000,1.18421,1.18498,1.18419,1.18493,1124650000
1631261700000,1.18493,1.18499,1.18457,1.18482,1076650000
1631262600000,1.18484,1.1851,1.18462,1.18467,1028820000
1631263500000,1.18469,1.18495,1.18455,1.18477,726820000
1631264400000,1.18476,1.1848,1.18449,1.18457,633350000
1631265300000,1.18459,1.1847,1.18432,1.18463,617620000
1631266200000,1.18462,1.18474,1.18425,1.18425,724840000
1631267100000,1.18424,1.18425,1.18339,1.18358,807790000
1631268000000,1.18357,1.18376,1.18344,1.18356,873090000
1631268900000,1.18357,1.18365,1.18309,1.18323,948640000
1631269800000,1.18323,1.18331,1.18298,1.18316,874390000
1631270700000,1.18316,1.18318,1.18271,1.18307,773900000
1631271600000,1.18306,1.18333,1.18287,1.18307,803820000
1631272500000,1.18306,1.18356,1.18297,1.18348,799620000
1631273400000,1.18349,1.18373,1.18333,1.18368,639520000
1631274300000,1.18366,1.18366,1.18318,1.18335,740630000
1631275200000,1.18337,1.18409,1.18332,1.18406,1271370000
1631276100000,1.18405,1.18409,1.1834,1.18394,1176010000
1631277000000,1.18393,1.18417,1.18335,1.18368,1400870000
1631277900000,1.18369,1.18399,1.18258,1.18268,1428430000
1631278800000,1.18267,1.18276,1.18213,1.18248,1258800000
1631279700000,1.18248,1.18264,1.18224,1.18242,1039180000
1631280600000,1.18245,1.18292,1.1823,1.18255,1550920000
1631281500000,1.18256,1.18349,1.18232,1.18347,1775350000
1631282400000,1.18347,1.18377,1.183,1.1833,2181680000
1631283300000,1.18329,1.18371,1.18305,1.18359,1180650000
1631284200000,1.18358,1.1837,1.18312,1.18319,1493560000
1631285100000,1.18319,1.1837,1.18296,1.18333,1862280000
1631286000000,1.18332,1.1834,1.18253,1.1827,1498070000
1631286900000,1.18269,1.18307,1.18262,1.18287,1092820000
1631287800000,1.18287,1.18322,1.18222,1.18241,1118540000
1631288700000,1.1824,1.18252,1.18182,1.18216,1540180000
1631289600000,1.18215,1.18216,1.18156,1.18195,1206790000
1631290500000,1.18197,1.18216,1.1817,1.18207,902610000
1631291400000,1.18207,1.18232,1.18185,1.1821,511770000
1631292300000,1.1821,1.18217,1.1817,1.18186,788260000
1631293200000,1.18187,1.18187,1.1816,1.18164,700750000
1631294100000,1.18166,1.18171,1.18122,1.18133,570610000
1631295000000,1.18131,1.18153,1.18125,1.18149,415460000
1631295900000,1.1815,1.18153,1.18127,1.18152,451220000
1631296800000,1.18152,1.18171,1.1815,1.1816,384660000
1631297700000,1.18161,1.18162,1.1812,1.18132,388060000
1631298600000,1.18131,1.18167,1.18128,1.18163,269350000
1631299500000,1.18163,1.18163,1.18141,1.18151,352510000
1631300400000,1.18154,1.18167,1.18139,1.18147,385870000
1631301300000,1.18149,1.18149,1.18131,1.18134,292190000
1631302200000,1.18132,1.18143,1.18122,1.18132,252530000
1631303100000,1.18131,1.18144,1.18123,1.18128,350260000
1631304000000,1.18127,1.18135,1.18113,1.18121,215920000
1631304900000,1.18123,1.18127,1.18111,1.18117,283220000
1631305800000,1.18117,1.18125,1.18098,1.18103,275040000
1631306700000,1.18104,1.18121,1.18092,1.18101,1826080000
1631480400000,1.18111,1.18147,1.1811,1.18139,55690000
1631481300000,1.18139,1.18145,1.18132,1.18143,200710000
1631482200000,1.1814,1.18145,1.18139,1.18141,68320000
1631483100000,1.1814,1.18157,1.18137,1.18139,25910000
1631484000000,1.18147,1.18147,1.181,1.18129,544090000
1631484900000,1.18126,1.18127,1.18087,1.18088,351500000
1631485800000,1.18089,1.18116,1.18089,1.18108,165580000
1631486700000,1.1811,1.1813,1.18107,1.18119,87690000
1631487600000,1.18121,1.18125,1.18112,1.18118,72660000
1631488500000,1.18118,1.18125,1.18117,1.18118,66610000
1631489400000,1.18118,1.18128,1.18116,1.1812,65250000
1631490300000,1.1812,1.18124,1.18102,1.18115,111170000
1631491200000,1.18114,1.18127,1.18082,1.18093,258530000
1631492100000,1.18091,1.18104,1.18073,1.18074,227810000
1631493000000,1.18075,1.18089,1.18058,1.18084,521070000
1631493900000,1.18084,1.18086,1.18046,1.18051,554210000
1631494800000,1.18051,1.18055,1.18026,1.18054,470540000
1631495700000,1.18056,1.18059,1.18024,1.18027,428850000
1631496600000,1.18027,1.18056,1.18026,1.18055,507550000
1631497500000,1.18055,1.18064,1.18021,1.18028,475630000
1631498400000,1.18028,1.18049,1.18022,1.18038,602740000
1631499300000,1.18039,1.18046,1.18025,1.18038,358760000
1631500200000,1.18039,1.18051,1.1803,1.18032,257000000
1631501100000,1.18033,1.18049,1.18021,1.18048,425580000
1631502000000,1.18047,1.18059,1.18028,1.18052,633900000
1631502900000,1.18051,1.18067,1.18048,1.18064,346220000
1631503800000,1.18063,1.18063,1.18051,1.18055,295900000
1631504700000,1.18058,1.18062,1.18047,1.18048,212750000
1631505600000,1.18049,1.18058,1.18037,1.18049,206810000
1631506500000,1.1805,1.1805,1.18037,1.18039,210910000
1631507400000,1.18038,1.18038,1.18006,1.18009,249750000
1631508300000,1.18011,1.18011,1.17937,1.17954,647240000
1631509200000,1.17955,1.17958,1.17901,1.17908,633080000
1631510100000,1.17907,1.17924,1.17877,1.17894,559460000
1631511000000,1.17896,1.17914,1.17888,1.17909,359770000
1631511900000,1.1791,1.17954,1.17909,1.17932,522420000
1631512800000,1.17933,1.1795,1.17893,1.17901,808560000
1631513700000,1.17898,1.17919,1.17842,1.1786,1375440000
1631514600000,1.17858,1.17898,1.17822,1.17892,917630000
1631515500000,1.17891,1.17894,1.17789,1.17794,1160280000
1631516400000,1.17793,1.17833,1.17748,1.17777,1678400000
1631517300000,1.17776,1.17849,1.17762,1.17838,838550000
1631518200000,1.17839,1.17855,1.1783,1.1785,763390000
1631519100000,1.17851,1.17877,1.1783,1.17865,756080000
1631520000000,1.17866,1.17866,1.17829,1.17863,826610000
1631520900000,1.17862,1.17884,1.17835,1.17861,970510000
1631521800000,1.17861,1.17888,1.17837,1.17857,1034210000
1631522700000,1.17858,1.17911,1.1785,1.17894,677610000
1631523600000,1.17893,1.17929,1.17879,1.17885,815400000
1631524500000,1.17885,1.17894,1.17865,1.17891,449620000
1631525400000,1.1789,1.1789,1.17867,1.17873,472260000
1631526300000,1.17874,1.17915,1.17872,1.17912,649320000
1631527200000,1.1791,1.17924,1.17902,1.17917,630320000
1631528100000,1.17916,1.17916,1.17862,1.17862,841340000
1631529000000,1.17863,1.17869,1.17797,1.17801,659590000
1631529900000,1.17801,1.17801,1.17751,1.17756,785480000
1631530800000,1.17757,1.17773,1.17737,1.17758,1015170000
1631531700000,1.17759,1.17766,1.17738,1.17744,720300000
1631532600000,1.17742,1.17775,1.17735,1.17753,489260000
1631533500000,1.17753,1.17753,1.177,1.17739,636860000
1631534400000,1.17739,1.17817,1.17713,1.17795,1310180000
1631535300000,1.17795,1.17827,1.17763,1.17822,1272400000
1631536200000,1.17821,1.17849,1.17796,1.17815,1021080000
1631537100000,1.17817,1.17866,1.17816,1.17824,803080000
1631538000000,1.17825,1.17867,1.17825,1.17853,994890000
1631538900000,1.17852,1.17954,1.17848,1.17923,1624120000
1631539800000,1.17921,1.17975,1.17913,1.17956,1960110000
1631540700000,1.17955,1.18012,1.17947,1.17999,1444740000
1631541600000,1.18001,1.18071,1.17995,1.18025,1772850000
1631542500000,1.18026,1.1807,1.17966,1.17966,2201710000
1631543400000,1.17968,1.17999,1.17923,1.17998,1594740000
1631544300000,1.17998,1.18109,1.17996,1.18095,1588670000
1631545200000,1.18095,1.18107,1.1804,1.1804,1151880000
1631546100000,1.1804,1.18128,1.18034,1.18124,1415410000
1631547000000,1.18123,1.18169,1.18106,1.18118,1179690000
1631547900000,1.18118,1.1812,1.18085,1.18088,706190000
1631548800000,1.18088,1.18098,1.18065,1.18092,598060000
1631549700000,1.18092,1.18092,1.1806,1.18077,501700000
1631550600000,1.18077,1.18087,1.18062,1.18071,518050000
1631551500000,1.18071,1.18083,1.18065,1.18071,319390000
1631552400000,1.18072,1.18077,1.18048,1.18058,470050000
1631553300000,1.18059,1.1809,1.18049,1.18051,519190000
1631554200000,1.18053,1.18053,1.18028,1.18028,398900000
1631555100000,1.18029,1.18037,1.18013,1.18025,299340000
1631556000000,1.18024,1.18043,1.18024,1.18036,208640000
1631556900000,1.18038,1.18041,1.18018,1.18025,396400000
1631557800000,1.18026,1.18039,1.1802,1.18034,295540000
1631558700000,1.18031,1.18055,1.18022,1.18039,386560000
1631559600000,1.18037,1.18057,1.18021,1.1805,634550000
1631560500000,1.18047,1.18069,1.18046,1.18069,252440000
1631561400000,1.18069,1.18069,1.18047,1.18052,190920000
1631562300000,1.18053,1.18078,1.18049,1.18074,348270000
1631563200000,1.18076,1.18084,1.18072,1.18074,191470000
1631564100000,1.18075,1.18102,1.18073,1.181,61470000
1631565000000,1.181,1.18108,1.18096,1.18107,59010000
1631565900000,1.18106,1.18109,1.18097,1.181,109660000
1631566800000,1.18095,1.18104,1.18059,1.181,70110000
1631567700000,1.181,1.18119,1.181,1.181,31570000
1631568600000,1.181,1.18107,1.1809,1.1809,129260000
1631569500000,1.1809,1.18106,1.1809,1.18091,92770000
1631570400000,1.18091,1.18119,1.18089,1.18105,262980000
1631571300000,1.18107,1.18114,1.18104,1.18105,42930000
1631572200000,1.18105,1.18114,1.18104,1.18105,101950000
1631573100000,1.18107,1.1811,1.181,1.18105,40500000
1631574000000,1.18106,1.1811,1.181,1.18106,30230000
1631574900000,1.18104,1.1811,1.18103,1.18107,109600000
1631575800000,1.18106,1.18107,1.18096,1.18106,49360000
1631576700000,1.18106,1.18106,1.18091,1.18096,80670000
1631577600000,1.18095,1.18106,1.18071,1.18078,258540000
1631578500000,1.18079,1.18095,1.18054,1.18095,215560000
1631579400000,1.18093,1.18116,1.1809,1.18101,172350000
1631580300000,1.181,1.181,1.18065,1.18084,282280000
1631581200000,1.18082,1.18089,1.18067,1.18081,312020000
1631582100000,1.18081,1.1812,1.18081,1.18107,337590000
1631583000000,1.18107,1.18119,1.18081,1.18083,364160000
1631583900000,1.18083,1.18102,1.18061,1.18081,527580000
1631584800000,1.18081,1.18124,1.18076,1.18112,439590000
1631585700000,1.18114,1.18163,1.18114,1.1816,452260000
1631586600000,1.1816,1.18173,1.18146,1.18171,351440000
1631587500000,1.18171,1.18188,1.18158,1.18171,400720000
1631588400000,1.18172,1.18172,1.18135,1.18152,463160000
1631589300000,1.18151,1.18167,1.1815,1.18152,313130000
1631590200000,1.18151,1.18151,1.18132,1.18136,342030000
1631591100000,1.18138,1.18164,1.18138,1.18155,296670000
1631592000000,1.18156,1.18174,1.18152,1.18168,178770000
1631592900000,1.18169,1.1817,1.18145,1.18167,327060000
1631593800000,1.18168,1.18176,1.1814,1.18143,281410000
1631594700000,1.18144,1.18146,1.18126,1.18131,299830000
1631595600000,1.18129,1.18137,1.18118,1.18133,348240000
1631596500000,1.18134,1.1815,1.18126,1.18132,476790000
1631597400000,1.18135,1.18153,1.18115,1.18148,446170000
1631598300000,1.18149,1.18161,1.18119,1.18128,652100000
1631599200000,1.18129,1.18129,1.18066,1.18081,727000000
1631600100000,1.1808,1.18131,1.18075,1.18124,778510000
1631601000000,1.18125,1.18171,1.18114,1.18161,874020000
1631601900000,1.18162,1.1818,1.18147,1.18149,687680000
1631602800000,1.18147,1.18243,1.18133,1.1824,1356220000
1631603700000,1.18238,1.18294,1.18217,1.18289,1087490000
1631604600000,1.18288,1.18299,1.18253,1.18268,1090960000
1631605500000,1.18269,1.18274,1.18237,1.18247,1104330000
1631606400000,1.18246,1.18266,1.1822,1.18231,787400000
1631607300000,1.18232,1.18266,1.18231,1.18237,768030000
1631608200000,1.18238,1.18246,1.18219,1.18231,810230000
1631609100000,1.18232,1.18251,1.18206,1.18211,991060000
1631610000000,1.18211,1.18222,1.18196,1.18219,745520000
1631610900000,1.1822,1.18242,1.18183,1.18183,766870000
1631611800000,1.18184,1.18211,1.18115,1.18117,770640000
1631612700000,1.18119,1.18145,1.18071,1.18145,913700000
1631613600000,1.18146,1.18152,1.18079,1.18084,680260000
1631614500000,1.18086,1.18089,1.18057,1.1806,637410000
1631615400000,1.18059,1.18095,1.18049,1.18052,543550000
1631616300000,1.1805,1.18056,1.1803,1.18034,620760000
1631617200000,1.18035,1.18071,1.18,1.18066,846000000
1631618100000,1.18063,1.18106,1.18054,1.18105,769130000
1631619000000,1.18106,1.18112,1.1809,1.18106,492350000
1631619900000,1.18107,1.18125,1.18048,1.18094,1252010000
1631620800000,1.18099,1.1814,1.18074,1.18135,1124430000
1631621700000,1.18134,1.18149,1.18093,1.18108,1341290000
1631622600000,1.18108,1.1841,1.18102,1.18305,5868730000
1631623500000,1.18303,1.18458,1.183,1.18414,2506810000
1631624400000,1.18415,1.18456,1.18386,1.18414,1727340000
1631625300000,1.18415,1.18443,1.18361,1.18387,1497660000
1631626200000,1.18385,1.18411,1.18232,1.18256,1949580000
1631627100000,1.18256,1.18291,1.1824,1.18273,1631860000
1631628000000,1.18272,1.18272,1.18196,1.18231,1967640000
1631628900000,1.18229,1.18253,1.18155,1.18186,1785050000
1631629800000,1.18187,1.18223,1.18157,1.18193,1556150000
1631630700000,1.18194,1.1824,1.18164,1.18221,1734860000
1631631600000,1.18222,1.18233,1.18178,1.18228,1542150000
1631632500000,1.18229,1.1825,1.1821,1.18214,940620000
1631633400000,1.18214,1.18234,1.18186,1.18193,768850000
1631634300000,1.18194,1.18238,1.18194,1.18226,466600000
1631635200000,1.18225,1.18276,1.18222,1.18257,482290000
1631636100000,1.1826,1.18273,1.18244,1.18261,399180000
1631637000000,1.18262,1.18275,1.18241,1.18241,337640000
1631637900000,1.18242,1.18247,1.18209,1.18219,540810000
1631638800000,1.1822,1.18233,1.18183,1.18189,472250000
1631639700000,1.1819,1.1826,1.1819,1.18247,362170000
1631640600000,1.18247,1.18247,1.1821,1.18226,394980000
1631641500000,1.18226,1.18246,1.18224,1.18229,236880000
1631642400000,1.18231,1.18239,1.18214,1.18218,518770000
1631643300000,1.18217,1.18217,1.18147,1.18147,895870000
1631644200000,1.18146,1.18152,1.18103,1.18122,1066490000
1631645100000,1.18121,1.18121,1.18075,1.18075,536590000
1631646000000,1.18077,1.18079,1.18038,1.18057,461790000
1631646900000,1.18056,1.18068,1.18021,1.18024,569180000
1631647800000,1.18025,1.18031,1.18,1.18027,306480000
1631648700000,1.18028,1.18072,1.18028,1.18046,425630000
1631649600000,1.18049,1.18067,1.18043,1.18059,263040000
1631650500000,1.1806,1.18072,1.18059,1.1807,88420000
1631651400000,1.18069,1.18069,1.18043,1.1805,164400000
1631652300000,1.1805,1.18055,1.18017,1.18017,136010000
1631653200000,1.18017,1.18069,1.18008,1.18066,325690000
1631654100000,1.18059,1.18062,1.18015,1.18054,340080000
1631655000000,1.18052,1.18059,1.18021,1.18041,147270000
1631655900000,1.1804,1.18077,1.18031,1.18045,1872785000
1631656800000,1.18042,1.18072,1.18034,1.18035,1522563500
1631657700000,1.18034,1.18037,1.18021,1.18021,62810000
1631658600000,1.18019,1.18022,1.18006,1.18009,123780000
1631659500000,1.1801,1.18013,1.18005,1.18012,41250000
1631660400000,1.18014,1.18018,1.18007,1.18018,65480000
1631661300000,1.18018,1.18021,1.1801,1.18012,47120000
1631662200000,1.18013,1.18021,1.18013,1.18018,26680000
1631663100000,1.18017,1.18025,1.18012,1.18023,66520000
1631664000000,1.18024,1.18047,1.18012,1.18012,277570000
1631664900000,1.18013,1.18036,1.18013,1.18022,217400000
1631665800000,1.18025,1.18029,1.18007,1.18029,179570000
1631666700000,1.18027,1.18074,1.18017,1.18055,574740000
1631667600000,1.18052,1.18083,1.18047,1.18078,302790000
1631668500000,1.18076,1.18096,1.18067,1.18081,557820000
1631669400000,1.18082,1.18119,1.18076,1.18106,608160000
1631670300000,1.18106,1.18109,1.18076,1.18082,759320000
1631671200000,1.18082,1.18083,1.18036,1.18063,650790000
1631672100000,1.18065,1.1809,1.18062,1.18076,450110000
1631673000000,1.18076,1.18096,1.18046,1.18046,427430000
1631673900000,1.18045,1.18063,1.18043,1.18062,574180000
1631674800000,1.18062,1.18078,1.18056,1.18067,202090000
1631675700000,1.18066,1.18095,1.1806,1.18093,247480000
1631676600000,1.18092,1.18094,1.18077,1.18087,449670000
1631677500000,1.18087,1.18092,1.18057,1.18061,263790000
1631678400000,1.18061,1.18091,1.18053,1.18085,250320000
1631679300000,1.18086,1.18086,1.18065,1.18066,207510000
1631680200000,1.18069,1.18069,1.18046,1.18054,182160000
1631681100000,1.18054,1.1806,1.18043,1.1805,260850000
1631682000000,1.18051,1.18066,1.18047,1.18063,253690000
1631682900000,1.18062,1.18062,1.18008,1.18014,788520000
1631683800000,1.18016,1.18056,1.1801,1.1805,500620000
1631684700000,1.18049,1.1807,1.18041,1.18057,729260000
1631685600000,1.18058,1.1809,1.18022,1.18062,909750000
1631686500000,1.18065,1.18076,1.18036,1.18051,716300000
1631687400000,1.18051,1.18083,1.17991,1.18079,850970000
1631688300000,1.18078,1.18117,1.18066,1.18075,930780000
1631689200000,1.18073,1.18109,1.18055,1.18086,1206820000
1631690100000,1.18088,1.18153,1.1808,1.18142,995910000
1631691000000,1.18141,1.1817,1.18131,1.18141,630290000
1631691900000,1.18142,1.18184,1.18137,1.18168,778050000
1631692800000,1.18168,1.18193,1.18152,1.18178,686760000
1631693700000,1.18177,1.18191,1.18164,1.18164,683460000
1631694600000,1.18164,1.18255,1.18141,1.18254,826610000
1631695500000,1.18253,1.18287,1.1824,1.18261,1229390000
1631696400000,1.18261,1.18262,1.182,1.182,1322730000
1631697300000,1.18199,1.18273,1.18199,1.18237,955120000
1631698200000,1.18237,1.18281,1.18229,1.18281,571650000
1631699100000,1.1828,1.18286,1.18221,1.18247,791450000
1631700000000,1.18247,1.18283,1.18217,1.18237,843150000
1631700900000,1.18238,1.18262,1.18218,1.18252,862720000
1631701800000,1.18253,1.18287,1.18248,1.18281,704580000
1631702700000,1.18282,1.18318,1.18267,1.18277,763380000
1631703600000,1.18278,1.18316,1.18266,1.18304,783240000
1631704500000,1.18302,1.18308,1.18218,1.18238,968990000
1631705400000,1.1824,1.18251,1.18195,1.18225,849150000
1631706300000,1.18224,1.18235,1.18173,1.18215,1630810000
1631707200000,1.18217,1.1826,1.18209,1.18239,1050040000
1631708100000,1.18241,1.18318,1.18241,1.18309,1841850000
1631709000000,1.18304,1.18307,1.182,1.18235,2981180000
1631709900000,1.18236,1.18242,1.18073,1.18115,2256380000
1631710800000,1.18116,1.18133,1.18087,1.18121,1740690000
1631711700000,1.18121,1.18211,1.18119,1.18193,1731500000
1631712600000,1.18193,1.18208,1.18151,1.18165,2472040000
1631713500000,1.18166,1.18202,1.18124,1.18184,2213780000
1631714400000,1.18184,1.18223,1.18151,1.18189,1928850000
1631715300000,1.18188,1.18221,1.18161,1.18185,2234940000
1631716200000,1.18185,1.182,1.18112,1.18129,1714060000
1631717100000,1.18129,1.18226,1.18081,1.18187,2660910000
1631718000000,1.18188,1.18215,1.18156,1.18194,1211890000
1631718900000,1.18191,1.18194,1.18146,1.18162,957970000
1631719800000,1.18162,1.18179,1.18136,1.18157,835190000
1631720700000,1.18158,1.18215,1.18096,1.18113,1444190000
1631721600000,1.18112,1.18123,1.18082,1.18114,524490000
1631722500000,1.18114,1.1813,1.18097,1.181,383700000
1631723400000,1.18101,1.18103,1.18037,1.18078,472880000
1631724300000,1.18077,1.18078,1.18033,1.18037,381500000
1631725200000,1.18037,1.18078,1.18037,1.18074,399690000
1631726100000,1.18075,1.18098,1.18071,1.18084,322720000
1631727000000,1.18086,1.181,1.18078,1.18096,281150000
1631727900000,1.18098,1.1811,1.18082,1.18084,320490000
1631728800000,1.18083,1.18091,1.18058,1.18063,285500000
1631729700000,1.18064,1.18068,1.18049,1.18059,199750000
1631730600000,1.18059,1.1809,1.18054,1.1809,310550000
1631731500000,1.18091,1.18093,1.18059,1.18076,386450000
1631732400000,1.18078,1.18098,1.18063,1.18097,260620000
1631733300000,1.18095,1.18118,1.18092,1.18116,285540000
1631734200000,1.18116,1.18173,1.18112,1.18172,238050000
1631735100000,1.18169,1.18174,1.18139,1.18171,327620000
1631736000000,1.18171,1.1818,1.1815,1.18167,200750000
1631736900000,1.18167,1.18167,1.1814,1.18142,149050000
1631737800000,1.18141,1.18158,1.18137,1.1815,74780000
1631738700000,1.18151,1.18162,1.18148,1.1816,147150000
1631739600000,1.18157,1.18162,1.18147,1.1815,153480000
1631740500000,1.18168,1.18179,1.1815,1.1815,65270000
1631741400000,1.1815,1.18157,1.1815,1.18157,35750000
1631742300000,1.18157,1.18162,1.1815,1.18155,88620000
1631743200000,1.18155,1.18184,1.18153,1.18179,195840000
1631744100000,1.1818,1.18194,1.18177,1.18181,151060000
1631745000000,1.1818,1.18184,1.18179,1.1818,51160000
1631745900000,1.18182,1.18203,1.18179,1.18198,215630000
1631746800000,1.18198,1.18202,1.18178,1.18178,230770000
1631747700000,1.18179,1.18194,1.18179,1.18193,111500000
1631748600000,1.18194,1.18195,1.18186,1.1819,69180000
1631749500000,1.18192,1.18193,1.18176,1.1819,98070000
1631750400000,1.18189,1.18189,1.18159,1.18173,407850000
1631751300000,1.18172,1.18172,1.18162,1.18169,163200000
1631752200000,1.18169,1.18203,1.18161,1.182,187760000
1631753100000,1.18199,1.18204,1.18163,1.18191,235120000
1631754000000,1.18189,1.18198,1.18174,1.1819,279210000
1631754900000,1.1819,1.18198,1.1817,1.1818,180280000
1631755800000,1.18182,1.18193,1.18151,1.18164,567520000
1631756700000,1.18165,1.18182,1.18164,1.18182,308230000
1631757600000,1.18184,1.18195,1.18164,1.18178,483930000
1631758500000,1.18177,1.18177,1.18161,1.1817,411640000
1631759400000,1.18171,1.18181,1.18169,1.18176,204970000
1631760300000,1.18176,1.18196,1.18175,1.18189,288750000
1631761200000,1.18187,1.18197,1.18171,1.18173,452680000
1631762100000,1.18173,1.18173,1.18159,1.18161,197360000
1631763000000,1.18161,1.18162,1.18126,1.1813,299120000
1631763900000,1.18129,1.18132,1.18119,1.18121,149870000
1631764800000,1.18121,1.18127,1.18105,1.18105,248170000
1631765700000,1.18106,1.1811,1.18092,1.18101,326820000
1631766600000,1.181,1.18115,1.18095,1.18103,168340000
1631767500000,1.18104,1.18113,1.18096,1.18096,234780000
1631768400000,1.18097,1.18118,1.18091,1.18101,273490000
1631769300000,1.18101,1.18112,1.18089,1.1809,368460000
1631770200000,1.18091,1.18091,1.18056,1.18061,705630000
1631771100000,1.18059,1.18065,1.18027,1.18027,685520000
1631772000000,1.18026,1.1807,1.18013,1.18052,1281570000
1631772900000,1.18055,1.18072,1.18022,1.18048,937480000
1631773800000,1.18048,1.18062,1.18007,1.18058,707880000
1631774700000,1.18055,1.1806,1.17909,1.17917,1413600000
1631775600000,1.17916,1.1795,1.17881,1.17886,1276000000
1631776500000,1.17885,1.17932,1.17861,1.17892,1196010000
1631777400000,1.17893,1.17928,1.17844,1.17845,984450000
1631778300000,1.17847,1.17853,1.17778,1.17814,1342520000
1631779200000,1.17815,1.17844,1.17762,1.17763,1285080000
1631780100000,1.17762,1.17783,1.17739,1.17772,1207910000
1631781000000,1.17771,1.17782,1.17736,1.17749,764850000
1631781900000,1.17751,1.17764,1.17721,1.17726,867120000
1631782800000,1.17726,1.17776,1.17665,1.17668,1167320000
1631783700000,1.17669,1.17743,1.17661,1.17702,1369360000
1631784600000,1.177,1.17735,1.17693,1.177,1172430000
1631785500000,1.17701,1.17718,1.17668,1.17707,1417430000
1631786400000,1.17708,1.17708,1.17661,1.17666,872110000
1631787300000,1.17665,1.17718,1.17653,1.17659,704740000
1631788200000,1.17658,1.17681,1.17618,1.17627,971470000
1631789100000,1.17629,1.17669,1.17618,1.17661,469440000
1631790000000,1.17662,1.17698,1.17656,1.17694,576750000
1631790900000,1.17693,1.17727,1.17687,1.17726,549580000
1631791800000,1.17725,1.17742,1.1771,1.17717,587590000
1631792700000,1.17717,1.17727,1.17685,1.17686,838880000
1631793600000,1.17684,1.17696,1.17626,1.17626,1365820000
1631794500000,1.17627,1.17644,1.17591,1.17637,1447900000
1631795400000,1.17638,1.1766,1.17536,1.17563,3978630000
1631796300000,1.1756,1.17567,1.17519,1.17549,1619740000
1631797200000,1.17547,1.17555,1.17519,1.17538,1175080000
1631798100000,1.17537,1.17615,1.17529,1.17564,1199080000
1631799000000,1.17564,1.17595,1.17504,1.17562,1332750000
1631799900000,1.17562,1.17578,1.17512,1.17573,1634330000
1631800800000,1.17572,1.17597,1.17545,1.17585,1595900000
1631801700000,1.17586,1.17586,1.17537,1.1758,1156560000
1631802600000,1.17579,1.17663,1.17562,1.17649,1232650000
1631803500000,1.17648,1.17684,1.17616,1.17627,1688640000
1631804400000,1.17626,1.17669,1.17608,1.17621,1153990000
1631805300000,1.1762,1.17645,1.17594,1.17599,642430000
1631806200000,1.17602,1.17607,1.17553,1.17576,785940000
1631807100000,1.17575,1.17645,1.17568,1.17632,681490000
1631808000000,1.17631,1.17642,1.17605,1.17632,655650000
1631808900000,1.17632,1.1764,1.17613,1.17627,362580000
1631809800000,1.17627,1.17638,1.17617,1.17622,316430000
1631810700000,1.17623,1.17631,1.17582,1.17595,379240000
1631811600000,1.17595,1.17613,1.17576,1.17581,802730000
1631812500000,1.1758,1.17584,1.17559,1.1756,459680000
1631813400000,1.17561,1.17565,1.17537,1.1755,313600000
1631814300000,1.17548,1.17559,1.17543,1.17556,219080000
1631815200000,1.17556,1.17567,1.1755,1.1755,215820000
1631816100000,1.17551,1.17563,1.17545,1.17562,196260000
1631817000000,1.17563,1.17571,1.17544,1.17547,343870000
1631817900000,1.17547,1.17569,1.17535,1.17537,581400000
1631818800000,1.17538,1.17712,1.17532,1.17632,1329060000
1631819700000,1.17632,1.1769,1.17618,1.17648,878620000
1631820600000,1.1765,1.17675,1.17632,1.17646,721340000
1631821500000,1.17647,1.1769,1.17638,1.17689,883770000
1631822400000,1.17689,1.17711,1.17665,1.17685,1069640000
1631823300000,1.17685,1.17706,1.17675,1.17702,458930000
1631824200000,1.17703,1.17705,1.17672,1.17672,242470000
1631825100000,1.17673,1.17695,1.17626,1.17633,298740000
1631826000000,1.17679,1.17679,1.17609,1.17646,543450000
1631826900000,1.17646,1.17675,1.17633,1.17669,93830000
1631827800000,1.17671,1.17691,1.17651,1.17675,122262500
1631828700000,1.17675,1.17693,1.1767,1.17686,108890000
1631829600000,1.17677,1.17687,1.1766,1.17667,708765000
1631830500000,1.17666,1.1768,1.1765,1.17656,191020000
1631831400000,1.17654,1.17658,1.17644,1.17644,140280000
1631832300000,1.17644,1.17653,1.1764,1.17653,101650000
1631833200000,1.17654,1.17659,1.17648,1.17649,117100000
1631834100000,1.17647,1.17651,1.17643,1.17648,135780000
1631835000000,1.17648,1.17655,1.17644,1.17648,68280000
1631835900000,1.17648,1.17655,1.17643,1.17648,92210000
1631836800000,1.17647,1.17654,1.17604,1.17607,414130000
1631837700000,1.17608,1.17621,1.17604,1.17614,425290000
1631838600000,1.17614,1.17635,1.17596,1.17607,718930000
1631839500000,1.17607,1.17612,1.17591,1.17597,343800000
1631840400000,1.17597,1.17638,1.17586,1.17638,439120000
1631841300000,1.17637,1.17666,1.17634,1.17664,461450000
1631842200000,1.17665,1.17672,1.17631,1.17653,998900000
1631843100000,1.17652,1.17663,1.17599,1.17603,1075690000
1631844000000,1.17602,1.17633,1.176,1.17633,253940000
1631844900000,1.17633,1.17647,1.17622,1.17637,360430000
1631845800000,1.17639,1.17644,1.17629,1.17642,321200000
1631846700000,1.17643,1.17681,1.17637,1.17672,612470000
1631847600000,1.17672,1.17697,1.17662,1.17687,288670000
1631848500000,1.17688,1.17696,1.17678,1.17684,271260000
1631849400000,1.17684,1.17694,1.17681,1.17686,193580000
1631850300000,1.17685,1.177,1.17681,1.17688,284500000
1631851200000,1.17689,1.17715,1.17686,1.17708,214960000
1631852100000,1.17707,1.1773,1.17702,1.1773,213560000
1631853000000,1.17729,1.17733,1.17713,1.17718,214490000
1631853900000,1.17719,1.17734,1.17703,1.17731,318960000
1631854800000,1.17731,1.17743,1.17723,1.17732,209800000
1631855700000,1.17732,1.17735,1.17704,1.17705,340510000
1631856600000,1.17706,1.17713,1.17683,1.17688,570430000
1631857500000,1.17688,1.17705,1.17678,1.17704,404310000
1631858400000,1.17702,1.17747,1.17686,1.17733,720180000
1631859300000,1.17734,1.17743,1.17703,1.17717,581540000
1631860200000,1.17719,1.17737,1.17693,1.17722,576470000
1631861100000,1.17724,1.17747,1.17715,1.17723,498960000
1631862000000,1.17721,1.17849,1.17715,1.17832,1302750000
1631862900000,1.17833,1.17837,1.1778,1.17821,1200840000
1631863800000,1.1782,1.17825,1.17745,1.17756,1124780000
1631864700000,1.17757,1.1776,1.17717,1.17728,726320000
1631865600000,1.17727,1.17805,1.17684,1.17785,1090320000
1631866500000,1.17783,1.17802,1.1776,1.1778,828100000
1631867400000,1.17778,1.1783,1.17739,1.17802,1022940000
1631868300000,1.17802,1.17806,1.17761,1.17771,1064980000
1631869200000,1.1777,1.17824,1.1774,1.17789,1078290000
1631870100000,1.1779,1.17817,1.17773,1.17793,1635950000
1631871000000,1.17792,1.17808,1.17765,1.17785,1744310000
1631871900000,1.17786,1.17876,1.1777,1.17819,1693360000
1631872800000,1.17817,1.17844,1.17812,1.17819,1258290000
1631873700000,1.17822,1.17859,1.17795,1.17852,644660000
1631874600000,1.17851,1.17858,1.17805,1.17805,665140000
1631875500000,1.17806,1.17827,1.17786,1.17826,615460000
1631876400000,1.17827,1.17837,1.17756,1.17808,776550000
1631877300000,1.17809,1.17821,1.17765,1.17773,576700000
1631878200000,1.17774,1.17826,1.17769,1.17802,618540000
1631879100000,1.17801,1.17883,1.17798,1.17883,741070000
1631880000000,1.17884,1.17888,1.17791,1.17794,935780000
1631880900000,1.17793,1.17841,1.17788,1.17806,1960690000
1631881800000,1.17805,1.17808,1.17772,1.17772,1480370000
1631882700000,1.17773,1.17789,1.17726,1.17735,1188550000
1631883600000,1.17734,1.17749,1.17655,1.17655,1527900000
1631884500000,1.17653,1.17657,1.17559,1.17563,1790030000
1631885400000,1.17563,1.17634,1.17547,1.17555,2616860000
1631886300000,1.17553,1.17571,1.17507,1.17536,1850510000
1631887200000,1.17535,1.1757,1.17464,1.17479,1936960000
1631888100000,1.17479,1.17483,1.17411,1.17415,1612180000
1631889000000,1.17414,1.17482,1.17405,1.1747,1083150000
1631889900000,1.17467,1.17467,1.17342,1.17378,2464530000
1631890800000,1.17377,1.17388,1.1729,1.17367,1838490000
1631891700000,1.17365,1.17405,1.17334,1.17352,1676820000
1631892600000,1.17351,1.17355,1.17308,1.1734,1202740000
1631893500000,1.17339,1.17344,1.17287,1.17335,906380000
1631894400000,1.17336,1.17365,1.17315,1.17354,608740000
1631895300000,1.17352,1.17357,1.17312,1.17317,543410000
1631896200000,1.17319,1.17349,1.17294,1.17297,824670000
1631897100000,1.17298,1.17303,1.17247,1.17254,892960000
1631898000000,1.17255,1.17275,1.17245,1.1726,489570000
1631898900000,1.1726,1.17299,1.17254,1.17298,412670000
1631899800000,1.17298,1.17319,1.17286,1.17291,653950000
1631900700000,1.17293,1.17293,1.17259,1.17269,787940000
1631901600000,1.17269,1.17301,1.17269,1.17281,677300000
1631902500000,1.17282,1.17288,1.17254,1.17274,625470000
1631903400000,1.17275,1.17287,1.17266,1.17274,502330000
1631904300000,1.17275,1.17296,1.17265,1.1729,544950000
1631905200000,1.17291,1.17306,1.1729,1.17299,276800000
1631906100000,1.17298,1.17321,1.17295,1.17317,203580000
1631907000000,1.17317,1.17317,1.17294,1.17308,282810000
1631907900000,1.17309,1.1732,1.17293,1.17305,375510000
1631908800000,1.17304,1.17311,1.17278,1.17284,461400000
1631909700000,1.17283,1.17291,1.17259,1.17263,149120000
1631910600000,1.17261,1.17267,1.17248,1.17252,280350000
1631911500000,1.17253,1.17264,1.17235,1.17239,844910000
1632085200000,1.17288,1.17305,1.17243,1.17284,73600000
1632086100000,1.17283,1.17286,1.17268,1.17283,29880000
1632087000000,1.17285,1.17298,1.17277,1.17283,48570000
1632087900000,1.17283,1.17292,1.1727,1.17271,154270000
1632088800000,1.1727,1.17286,1.17254,1.17271,331200000
1632089700000,1.17272,1.17272,1.17232,1.17233,165430000
1632090600000,1.17234,1.17274,1.17234,1.17267,144490000
1632091500000,1.17269,1.17271,1.17257,1.17267,60770000
1632092400000,1.17271,1.17289,1.17261,1.17273,90800000
1632093300000,1.17272,1.1728,1.17267,1.17276,84570000
1632094200000,1.17275,1.17276,1.17262,1.17266,62320000
1632095100000,1.17267,1.17294,1.17262,1.17292,50720000
1632096000000,1.17293,1.17296,1.1725,1.1725,168730000
1632096900000,1.17251,1.17282,1.17251,1.17266,180620000
1632097800000,1.17266,1.17266,1.17231,1.17239,540990000
1632098700000,1.1724,1.1724,1.17228,1.17236,244030000
1632099600000,1.17235,1.17237,1.17209,1.17212,406840000
1632100500000,1.17213,1.17213,1.17199,1.17209,123050000
1632101400000,1.17211,1.17217,1.17187,1.17207,257240000
1632102300000,1.17206,1.17211,1.17183,1.17184,211490000
1632103200000,1.17185,1.1719,1.17158,1.17164,335600000
1632104100000,1.17163,1.17163,1.17111,1.17127,825730000
1632105000000,1.1713,1.1713,1.17103,1.17128,694400000
1632105900000,1.17131,1.17139,1.17114,1.17123,125050000
1632106800000,1.1712,1.17144,1.17117,1.17143,135990000
1632107700000,1.17142,1.1715,1.17112,1.17113,227260000
1632108600000,1.17112,1.17115,1.17098,1.17104,189640000
1632109500000,1.17105,1.17129,1.17097,1.17106,305720000
1632110400000,1.17106,1.1712,1.171,1.17111,200520000
1632111300000,1.1711,1.17132,1.17107,1.1713,119340000
1632112200000,1.17128,1.17139,1.17123,1.17135,119110000
1632113100000,1.17135,1.17156,1.17131,1.1715,103410000
1632114000000,1.17149,1.17153,1.17132,1.17135,157360000
1632114900000,1.17135,1.17161,1.17135,1.17158,175450000
1632115800000,1.17158,1.17173,1.17155,1.17169,214410000
1632116700000,1.17169,1.17178,1.17149,1.1717,390760000
1632117600000,1.17167,1.17178,1.17145,1.17165,562470000
1632118500000,1.17166,1.17175,1.17128,1.17148,622950000
1632119400000,1.17147,1.17159,1.1711,1.17134,569520000
1632120300000,1.17133,1.17157,1.1712,1.17144,857340000
1632121200000,1.17143,1.17182,1.17106,1.17118,1368530000
1632122100000,1.17117,1.17132,1.17058,1.17059,1342400000
1632123000000,1.1706,1.17124,1.17059,1.17107,886110000
1632123900000,1.17108,1.17134,1.17088,1.17108,953470000
1632124800000,1.1711,1.17122,1.17074,1.17088,810310000
1632125700000,1.17087,1.17118,1.17064,1.17087,686170000
1632126600000,1.17084,1.17135,1.17072,1.17094,889170000
1632127500000,1.17094,1.17096,1.17051,1.17095,982080000
1632128400000,1.17093,1.17099,1.1706,1.1709,779230000
1632129300000,1.17089,1.17098,1.17015,1.17017,1087730000
1632130200000,1.17019,1.17033,1.17001,1.17005,645010000
1632131100000,1.17006,1.17098,1.17001,1.17066,856560000
1632132000000,1.17064,1.17151,1.1706,1.17135,675330000
1632132900000,1.17135,1.17164,1.17124,1.17158,818580000
1632133800000,1.17156,1.17161,1.17108,1.17128,689610000
1632134700000,1.17127,1.17152,1.17126,1.17127,734280000
1632135600000,1.17126,1.17133,1.17076,1.17076,1111450000
1632136500000,1.17081,1.17094,1.17053,1.17084,1045330000
1632137400000,1.17084,1.17103,1.17042,1.17042,1048770000
1632138300000,1.17042,1.17059,1.17033,1.17052,886700000
1632139200000,1.17053,1.17116,1.17052,1.17113,1074730000
1632140100000,1.17114,1.17127,1.17065,1.17093,897560000
1632141000000,1.17092,1.17137,1.17062,1.17101,2487990000
1632141900000,1.17102,1.17168,1.17099,1.17142,2043250000
1632142800000,1.17142,1.17165,1.17124,1.17161,2166850000
1632143700000,1.1716,1.17177,1.17125,1.17141,2247820000
1632144600000,1.1714,1.17176,1.17113,1.17169,3420140000
1632145500000,1.17168,1.17183,1.1713,1.17182,3121090000
1632146400000,1.1718,1.17231,1.1715,1.17191,2208770000
1632147300000,1.1719,1.17192,1.17126,1.17187,2754670000
1632148200000,1.17187,1.17257,1.17168,1.17223,2458180000
1632149100000,1.17223,1.17303,1.17222,1.17239,3958740000
1632150000000,1.17238,1.17364,1.17236,1.17349,2762870000
1632150900000,1.17348,1.17363,1.17328,1.17344,1965920000
1632151800000,1.17346,1.17362,1.17298,1.17308,2218420000
1632152700000,1.17307,1.17309,1.17269,1.17284,1776250000
1632153600000,1.17283,1.17341,1.17283,1.17326,1448850000
1632154500000,1.17325,1.1733,1.17277,1.17299,1604770000
1632155400000,1.17299,1.17309,1.17277,1.17297,1301720000
1632156300000,1.17297,1.1731,1.17219,1.17222,1337500000
1632157200000,1.17222,1.17264,1.1722,1.17248,1735390000
1632158100000,1.17248,1.17295,1.17246,1.17281,644470000
1632159000000,1.1728,1.17299,1.17276,1.17291,638640000
1632159900000,1.17293,1.1731,1.17254,1.17255,659470000
1632160800000,1.17256,1.17261,1.17248,1.17259,833750000
1632161700000,1.1726,1.17264,1.17225,1.17244,404330000
1632162600000,1.17243,1.17276,1.17243,1.17265,852420000
1632163500000,1.17264,1.1728,1.1724,1.17241,1452070000
1632164400000,1.17242,1.17254,1.17226,1.17233,648610000
1632165300000,1.17234,1.17258,1.17221,1.17257,947890000
1632166200000,1.17257,1.17284,1.17251,1.17283,487340000
1632167100000,1.17281,1.17305,1.17269,1.17298,805110000
1632168000000,1.17298,1.17302,1.17262,1.17262,470300000
1632168900000,1.17263,1.17276,1.17251,1.17269,229340000
1632169800000,1.17268,1.17277,1.17257,1.1727,89280000
1632170700000,1.17271,1.1728,1.17252,1.17252,311430000
1632171600000,1.17252,1.17263,1.17231,1.1726,119650000
1632172500000,1.1726,1.17295,1.1726,1.17261,344410000
1632173400000,1.1726,1.17269,1.1726,1.17261,431520000
1632174300000,1.17263,1.17301,1.17249,1.17273,1016960000
1632175200000,1.17272,1.17296,1.17259,1.17277,421845000
1632176100000,1.17277,1.17289,1.17277,1.17288,60200000
1632177000000,1.17288,1.1729,1.17279,1.17289,112840000
1632177900000,1.17287,1.17289,1.17274,1.17277,113000000
1632178800000,1.1728,1.17287,1.17257,1.17257,210740000
1632179700000,1.17257,1.17268,1.1725,1.17268,185480000
1632180600000,1.17268,1.17276,1.17265,1.17267,143860000
1632181500000,1.17266,1.17277,1.17256,1.17266,306000000
1632182400000,1.17267,1.17305,1.17249,1.17288,566080000
1632183300000,1.17288,1.17302,1.17258,1.17267,333060000
1632184200000,1.17269,1.17275,1.17259,1.17264,428190000
1632185100000,1.17264,1.17282,1.17253,1.17255,431350000
1632186000000,1.17255,1.17297,1.17232,1.17282,406330000
1632186900000,1.17283,1.17288,1.17245,1.17251,350800000
1632187800000,1.1725,1.17294,1.17236,1.1729,496890000
1632188700000,1.17289,1.17394,1.17286,1.17388,688780000
1632189600000,1.17388,1.17399,1.17373,1.17373,320560000
1632190500000,1.17373,1.17373,1.17337,1.17343,397770000
1632191400000,1.17341,1.17343,1.17321,1.17322,354530000
1632192300000,1.17322,1.17334,1.17322,1.17323,152820000
1632193200000,1.17323,1.17323,1.173,1.17315,170450000
1632194100000,1.17314,1.17314,1.17296,1.17304,368710000
1632195000000,1.17304,1.17319,1.17297,1.17318,359480000
1632195900000,1.17317,1.17325,1.17315,1.17319,220780000
1632196800000,1.1732,1.17349,1.17319,1.17345,191240000
1632197700000,1.17344,1.17345,1.17317,1.17317,249200000
1632198600000,1.17318,1.1732,1.17297,1.17309,161980000
1632199500000,1.17307,1.17319,1.17303,1.17317,163070000
1632200400000,1.17317,1.17335,1.17313,1.17328,205500000
1632201300000,1.17329,1.17359,1.17323,1.17355,303710000
1632202200000,1.17354,1.17356,1.1733,1.17344,432720000
1632203100000,1.17348,1.17355,1.17334,1.17334,383230000
1632204000000,1.17335,1.17361,1.17299,1.17359,590250000
1632204900000,1.1736,1.17374,1.17342,1.17362,1052280000
1632205800000,1.1736,1.17372,1.17318,1.17326,1021050000
1632206700000,1.17329,1.17342,1.17294,1.17312,837490000
1632207600000,1.17313,1.17343,1.17253,1.17297,1382540000
1632208500000,1.17297,1.17337,1.17263,1.17288,1099920000
1632209400000,1.1729,1.17315,1.17221,1.17228,834860000
1632210300000,1.17228,1.1727,1.17183,1.17267,1035550000
1632211200000,1.17266,1.17315,1.17228,1.17312,870550000
1632212100000,1.17312,1.17314,1.1727,1.1729,810890000
1632213000000,1.1729,1.17338,1.17242,1.17329,1067010000
1632213900000,1.17329,1.17369,1.1732,1.1734,755300000
1632214800000,1.17341,1.17377,1.17311,1.17372,748210000
1632215700000,1.17371,1.17373,1.17322,1.17343,600230000
1632216600000,1.17344,1.17354,1.17312,1.17313,493170000
1632217500000,1.17313,1.17379,1.17299,1.17368,605450000
1632218400000,1.1737,1.17386,1.17353,1.1736,608090000
1632219300000,1.17361,1.17389,1.1732,1.17326,652760000
1632220200000,1.17323,1.17358,1.17323,1.17358,444570000
1632221100000,1.17358,1.17372,1.17334,1.17354,522380000
1632222000000,1.17355,1.17369,1.17332,1.1735,848440000
1632222900000,1.17352,1.17388,1.17351,1.17363,734600000
1632223800000,1.17364,1.17451,1.1735,1.17434,833400000
1632224700000,1.17434,1.17458,1.17429,1.17444,671890000
1632225600000,1.17446,1.17486,1.17366,1.17375,1316440000
1632226500000,1.17376,1.17427,1.17359,1.17393,2137040000
1632227400000,1.17397,1.17426,1.17335,1.1737,1832320000
1632228300000,1.17368,1.17407,1.17339,1.17394,1872410000
1632229200000,1.17395,1.17418,1.17316,1.17371,2272210000
1632230100000,1.1737,1.1737,1.17315,1.1733,1579350000
1632231000000,1.1733,1.17351,1.1728,1.17305,2151240000
1632231900000,1.17305,1.1735,1.17284,1.17305,2007350000
1632232800000,1.17307,1.17314,1.17206,1.17268,2187880000
1632233700000,1.17269,1.17277,1.17193,1.17233,2066100000
1632234600000,1.17234,1.17245,1.17168,1.17245,1890060000
1632235500000,1.17244,1.17269,1.1721,1.17243,2330820000
1632236400000,1.17244,1.17259,1.17212,1.17217,2202590000
1632237300000,1.17219,1.17228,1.17149,1.17157,1394200000
1632238200000,1.17156,1.17215,1.17147,1.17211,1304910000
1632239100000,1.17212,1.17249,1.17203,1.17243,948790000
1632240000000,1.17242,1.17255,1.17228,1.17238,1017620000
1632240900000,1.17239,1.17286,1.17225,1.17268,758110000
1632241800000,1.17268,1.1729,1.17255,1.17264,588400000
1632242700000,1.17264,1.17291,1.17251,1.17283,500230000
1632243600000,1.17282,1.17296,1.17241,1.17251,729660000
1632244500000,1.17251,1.17262,1.17237,1.17251,565400000
1632245400000,1.17251,1.17256,1.17213,1.17224,487710000
1632246300000,1.17225,1.17263,1.17185,1.17262,955550000
1632247200000,1.17262,1.1731,1.17258,1.17277,716830000
1632248100000,1.17276,1.17292,1.17262,1.17266,536280000
1632249000000,1.17266,1.17298,1.17266,1.1727,454830000
1632249900000,1.1727,1.17283,1.17251,1.17261,701820000
1632250800000,1.17262,1.17276,1.17251,1.17265,448570000
1632251700000,1.17265,1.17296,1.17262,1.17292,499500000
1632252600000,1.17291,1.17321,1.17291,1.17319,595820000
1632253500000,1.1732,1.17321,1.17288,1.17291,760820000
1632254400000,1.17291,1.17296,1.17246,1.17251,337880000
1632255300000,1.17251,1.17256,1.17236,1.17252,219550000
1632256200000,1.17251,1.17269,1.17238,1.17267,139550000
1632257100000,1.17267,1.1727,1.1724,1.1724,226980000
1632258000000,1.1724,1.17259,1.17225,1.17258,82960000
1632258900000,1.17259,1.17284,1.17252,1.17269,220166700
1632259800000,1.17269,1.17274,1.17246,1.17252,173390000
1632260700000,1.17252,1.17266,1.17249,1.17253,99720000
1632261600000,1.17257,1.17277,1.1725,1.17271,371450000
1632262500000,1.17273,1.17274,1.1725,1.17251,287170000
1632263400000,1.17252,1.17257,1.17245,1.17253,101760000
1632264300000,1.17253,1.17254,1.17242,1.17244,78430000
1632265200000,1.17243,1.17243,1.17229,1.17235,138360000
1632266100000,1.17235,1.17239,1.17232,1.17232,42230000
1632267000000,1.17234,1.17237,1.17223,1.17228,107560000
1632267900000,1.17229,1.17235,1.17218,1.17228,135460000
1632268800000,1.17228,1.17249,1.17222,1.17228,435660000
1632269700000,1.17231,1.17235,1.17218,1.17219,159590000
1632270600000,1.1722,1.17228,1.17182,1.17188,242740000
1632271500000,1.17188,1.17195,1.17169,1.17195,428750000
1632272400000,1.17194,1.1726,1.17164,1.17253,1547970000
1632273300000,1.17251,1.1729,1.17235,1.17289,985600000
1632274200000,1.17291,1.17304,1.17274,1.17284,753710000
1632275100000,1.17285,1.1729,1.17263,1.17277,542630000
1632276000000,1.17276,1.17281,1.17265,1.17277,466600000
1632276900000,1.17278,1.1728,1.17257,1.17257,270750000
1632277800000,1.17258,1.17262,1.17242,1.17248,186440000
1632278700000,1.17244,1.17264,1.17238,1.17247,457580000
1632279600000,1.17247,1.17251,1.17237,1.17247,244050000
1632280500000,1.17246,1.17247,1.17224,1.17231,373940000
1632281400000,1.17231,1.17231,1.17189,1.17193,333260000
1632282300000,1.17197,1.172,1.17192,1.172,153370000
1632283200000,1.17199,1.17199,1.17167,1.17168,283760000
1632284100000,1.17169,1.17188,1.17168,1.17185,148960000
1632285000000,1.17183,1.17206,1.17182,1.17206,156550000
1632285900000,1.17207,1.17236,1.17203,1.17217,303760000
1632286800000,1.17216,1.17241,1.17216,1.17232,401670000
1632287700000,1.17233,1.1726,1.17229,1.17248,332180000
1632288600000,1.17248,1.17251,1.17227,1.17229,317260000
1632289500000,1.17228,1.1726,1.17213,1.17225,637530000
1632290400000,1.17223,1.17233,1.17167,1.17229,781570000
1632291300000,1.17229,1.1725,1.17209,1.17225,675200000
1632292200000,1.17224,1.17244,1.17208,1.17228,463380000
1632293100000,1.17229,1.17284,1.17229,1.17277,492890000
1632294000000,1.17276,1.17326,1.17236,1.17308,916550000
1632294900000,1.17306,1.17326,1.17252,1.17291,985990000
1632295800000,1.17292,1.17374,1.17282,1.17293,1122060000
1632296700000,1.17293,1.17314,1.1727,1.17285,769250000
1632297600000,1.17284,1.17304,1.17244,1.1726,858180000
1632298500000,1.1726,1.17282,1.17241,1.17252,695600000
1632299400000,1.1725,1.17297,1.17242,1.17289,625900000
1632300300000,1.1729,1.17346,1.17285,1.17342,607070000
1632301200000,1.17341,1.17367,1.1732,1.17337,790900000
1632302100000,1.17338,1.17365,1.17311,1.17316,634360000
1632303000000,1.17318,1.17351,1.1731,1.17341,541920000
1632303900000,1.17341,1.17343,1.17284,1.17285,574060000
1632304800000,1.17286,1.17303,1.17283,1.17291,486540000
1632305700000,1.17292,1.17317,1.17292,1.17311,463560000
1632306600000,1.17312,1.17338,1.17301,1.17308,708450000
1632307500000,1.17308,1.17355,1.17307,1.17337,538150000
1632308400000,1.17336,1.1734,1.17302,1.17314,484590000
1632309300000,1.17313,1.17325,1.17286,1.17311,440150000
1632310200000,1.1731,1.1733,1.17302,1.17307,409870000
1632311100000,1.17306,1.1733,1.17243,1.17261,653660000
1632312000000,1.17263,1.1731,1.1725,1.17284,714180000
1632312900000,1.17285,1.17309,1.17251,1.17304,928340000
1632313800000,1.17305,1.17324,1.17276,1.1732,960160000
1632314700000,1.1732,1.1733,1.17291,1.17294,1143050000
1632315600000,1.17295,1.17334,1.17289,1.17314,1001060000
1632316500000,1.17315,1.17316,1.17244,1.17256,1012830000
1632317400000,1.17257,1.17286,1.17241,1.17271,1547560000
1632318300000,1.17272,1.17328,1.17246,1.17309,1242310000
1632319200000,1.1731,1.17403,1.17285,1.17399,1306530000
1632320100000,1.17394,1.17449,1.17341,1.17354,2056600000
1632321000000,1.17351,1.17407,1.17348,1.17382,993940000
1632321900000,1.17381,1.17407,1.17301,1.17347,1264050000
1632322800000,1.17348,1.17408,1.17326,1.17356,1025160000
1632323700000,1.17357,1.17394,1.17357,1.17388,957160000
1632324600000,1.17388,1.17388,1.17347,1.17376,978690000
1632325500000,1.17376,1.17409,1.17345,1.17381,1141270000
1632326400000,1.17381,1.17417,1.17366,1.17371,590630000
1632327300000,1.17372,1.17374,1.17341,1.17349,635890000
1632328200000,1.17347,1.17365,1.17329,1.17354,351310000
1632329100000,1.17355,1.17384,1.17344,1.17352,499600000
1632330000000,1.17351,1.17377,1.17329,1.17331,360970000
1632330900000,1.1733,1.17357,1.17297,1.17299,314160000
1632331800000,1.17298,1.17301,1.17231,1.17239,441030000
1632332700000,1.17239,1.17295,1.17217,1.17282,684930000
1632333600000,1.17282,1.17533,1.17047,1.17523,5978690000
1632334500000,1.17526,1.17555,1.17377,1.17464,2957740000
1632335400000,1.17465,1.17552,1.1706,1.17093,6657510000
1632336300000,1.17086,1.17134,1.16904,1.16937,6415880000
1632337200000,1.16936,1.17023,1.16843,1.16956,4739130000
1632338100000,1.16954,1.17117,1.16937,1.17031,2500910000
1632339000000,1.17032,1.17081,1.16941,1.16959,1578800000
1632339900000,1.16957,1.17056,1.16945,1.16949,1692360000
1632340800000,1.16949,1.16964,1.16905,1.16917,396960000
1632341700000,1.16917,1.16936,1.16906,1.16912,283480000
1632342600000,1.16911,1.16951,1.16906,1.16948,203640000
1632343500000,1.16947,1.16947,1.16866,1.16866,453370000
1632344400000,1.16864,1.16922,1.16854,1.16889,300310000
1632345300000,1.16888,1.16914,1.16888,1.16903,145160000
1632346200000,1.16906,1.16932,1.16903,1.16922,175080000
1632347100000,1.16922,1.16942,1.1692,1.1693,246970000
1632348000000,1.16931,1.16941,1.1692,1.16926,174170000
1632348900000,1.16926,1.16932,1.16918,1.16922,95280000
1632349800000,1.16921,1.16937,1.1692,1.16935,139430000
1632350700000,1.16935,1.16947,1.16932,1.1694,68210000
1632351600000,1.16944,1.16944,1.16933,1.16937,121520000
1632352500000,1.16938,1.16938,1.16916,1.16926,106240000
1632353400000,1.16926,1.16926,1.16886,1.16887,247230000
1632354300000,1.16886,1.16893,1.16866,1.1687,289790000
1632355200000,1.16871,1.16898,1.16865,1.16867,343840000
1632356100000,1.16866,1.1687,1.1684,1.16845,412500000
1632357000000,1.16844,1.16888,1.16834,1.16885,418850000
1632357900000,1.16883,1.16892,1.16874,1.16887,270260000
1632358800000,1.16886,1.16901,1.16867,1.16869,392130000
1632359700000,1.16868,1.16882,1.16862,1.16879,321960000
1632360600000,1.1688,1.1692,1.16877,1.1692,514760000
1632361500000,1.16919,1.16948,1.16917,1.16948,388100000
1632362400000,1.16947,1.16947,1.16894,1.16899,421860000
1632363300000,1.16901,1.16952,1.16897,1.16952,299760000
1632364200000,1.16953,1.16982,1.16947,1.16977,371470000
1632365100000,1.16976,1.16987,1.16962,1.16971,491040000
1632366000000,1.16972,1.17039,1.16972,1.17025,546140000
1632366900000,1.17025,1.17052,1.17014,1.17048,272750000
1632367800000,1.17047,1.1707,1.17037,1.1707,211370000
1632368700000,1.1707,1.17092,1.17065,1.17067,426510000
1632369600000,1.17067,1.17084,1.17051,1.17058,351270000
1632370500000,1.17057,1.17064,1.17051,1.17055,161590000
1632371400000,1.17055,1.17063,1.1705,1.17051,198460000
1632372300000,1.17051,1.17097,1.1705,1.17095,322970000
1632373200000,1.17094,1.17101,1.17083,1.17083,220370000
1632374100000,1.17083,1.17095,1.17074,1.17092,156480000
1632375000000,1.17092,1.17132,1.17086,1.17123,239360000
1632375900000,1.17122,1.1713,1.17091,1.17092,299800000
1632376800000,1.17092,1.17102,1.17064,1.17093,1049800000
1632377700000,1.17094,1.1715,1.17094,1.17148,743130000
1632378600000,1.17148,1.17169,1.17134,1.17162,695030000
1632379500000,1.17163,1.17173,1.17127,1.17146,609860000
1632380400000,1.17145,1.17245,1.17136,1.17178,1998250000
1632381300000,1.17171,1.17182,1.17141,1.17176,1703330000
1632382200000,1.17175,1.17175,1.17057,1.1714,2647110000
1632383100000,1.17141,1.17156,1.17083,1.17151,1176340000
1632384000000,1.17151,1.17237,1.171,1.1721,1884570000
1632384900000,1.17211,1.17279,1.17198,1.17274,1415390000
1632385800000,1.17274,1.17291,1.17218,1.17239,1050080000
1632386700000,1.1724,1.17271,1.17207,1.17208,806230000
1632387600000,1.17207,1.17318,1.17195,1.17297,2075170000
1632388500000,1.17298,1.17324,1.17263,1.17263,1425150000
1632389400000,1.17262,1.17296,1.17247,1.17257,963110000
1632390300000,1.17258,1.17267,1.17208,1.17218,1070130000
1632391200000,1.17221,1.17259,1.17137,1.17168,2486130000
1632392100000,1.17167,1.17175,1.1711,1.17149,1814150000
1632393000000,1.1715,1.17212,1.17126,1.17191,1494160000
1632393900000,1.17191,1.17208,1.17146,1.17161,1464570000
1632394800000,1.1716,1.17174,1.17115,1.17164,1790230000
1632395700000,1.17165,1.17185,1.17113,1.17113,1413940000
1632396600000,1.17114,1.17188,1.17113,1.17169,1448700000
1632397500000,1.17168,1.172,1.17137,1.17152,1428010000
1632398400000,1.17153,1.17191,1.17141,1.17155,1494990000
1632399300000,1.17156,1.1719,1.1715,1.17178,1043400000
1632400200000,1.17176,1.17325,1.17168,1.17301,2304670000
1632401100000,1.17302,1.17308,1.1724,1.1729,1794410000
1632402000000,1.17289,1.17327,1.1724,1.17258,1933210000
1632402900000,1.17258,1.17281,1.17213,1.17269,1077730000
1632403800000,1.17271,1.17356,1.17259,1.17349,1604760000
1632404700000,1.17348,1.17398,1.17328,1.1739,1788510000
1632405600000,1.17389,1.17497,1.17375,1.17467,2838760000
1632406500000,1.17468,1.17492,1.17397,1.17445,1896350000
1632407400000,1.17446,1.17491,1.1743,1.17453,1303190000
1632408300000,1.17452,1.17499,1.17408,1.17485,1800700000
1632409200000,1.17486,1.175,1.17422,1.17423,1708970000
1632410100000,1.17425,1.17429,1.17327,1.17381,1592950000
1632411000000,1.17381,1.1742,1.17356,1.17374,1417280000
1632411900000,1.17373,1.17391,1.17325,1.1734,1013510000
1632412800000,1.17341,1.17383,1.17304,1.17381,841450000
1632413700000,1.17382,1.17405,1.17361,1.17404,515360000
1632414600000,1.17402,1.17429,1.174,1.17405,461990000
1632415500000,1.17407,1.17443,1.17405,1.1744,543020000
1632416400000,1.17441,1.17471,1.17431,1.17457,397820000
1632417300000,1.17457,1.17463,1.1744,1.17451,234550000
1632418200000,1.17451,1.17477,1.17447,1.17474,315610000
1632419100000,1.17473,1.17492,1.17467,1.17486,431750000
1632420000000,1.17487,1.17487,1.17445,1.17466,527150000
1632420900000,1.17465,1.17469,1.1744,1.1745,307420000
1632421800000,1.17449,1.1746,1.17432,1.17437,380730000
1632422700000,1.17436,1.17478,1.17435,1.17466,474570000
1632423600000,1.17466,1.17481,1.17454,1.17466,429720000
1632424500000,1.17465,1.17488,1.17463,1.17464,245120000
1632425400000,1.17465,1.17466,1.17444,1.1745,355100000
1632426300000,1.17449,1.17449,1.17413,1.1742,333650000
1632427200000,1.1742,1.17422,1.17395,1.17415,172720000
1632428100000,1.17415,1.1742,1.17384,1.17403,284110000
1632429000000,1.17404,1.17406,1.17357,1.17388,413320000
1632429900000,1.17388,1.17395,1.17374,1.17384,543630000
1632430800000,1.17383,1.17387,1.17377,1.17386,379600000
1632431700000,1.17382,1.17393,1.1738,1.17383,81710000
1632432600000,1.17384,1.17394,1.1737,1.1737,211110000
1632433500000,1.1737,1.17398,1.1737,1.17385,397150000
1632434400000,1.17386,1.17417,1.17386,1.17416,179360000
1632435300000,1.17417,1.17429,1.17415,1.17418,38810000
1632436200000,1.17418,1.17432,1.17418,1.17431,122320000
1632437100000,1.17429,1.17429,1.17411,1.17419,78720000
1632438000000,1.17419,1.17426,1.17409,1.17423,81420000
1632438900000,1.17423,1.17434,1.17422,1.17433,102080000
1632439800000,1.17435,1.17458,1.17435,1.17436,85340000
1632440700000,1.17435,1.17436,1.17391,1.17398,172510000
1632441600000,1.17397,1.17462,1.17397,1.17447,550350000
1632442500000,1.17447,1.17457,1.17422,1.17427,418480000
1632443400000,1.17428,1.17455,1.17428,1.17454,374430000
1632444300000,1.17453,1.17476,1.17445,1.17459,320250000
1632445200000,1.1746,1.17464,1.17409,1.17428,425660000
1632446100000,1.17429,1.17438,1.17415,1.17427,374130000
1632447000000,1.17428,1.17437,1.17413,1.17432,360100000
1632447900000,1.1743,1.17432,1.17385,1.17389,357750000
1632448800000,1.17388,1.17404,1.17382,1.17383,319630000
1632449700000,1.17384,1.17392,1.17377,1.17392,234940000
1632450600000,1.17392,1.17399,1.17381,1.17393,313020000
1632451500000,1.17394,1.17405,1.17383,1.17401,152730000
1632452400000,1.17401,1.1741,1.17392,1.17406,182860000
1632453300000,1.17405,1.17425,1.17404,1.17417,296220000
1632454200000,1.17417,1.1743,1.1741,1.17414,331460000
1632455100000,1.17413,1.17416,1.17402,1.1741,214700000
1632456000000,1.17409,1.17418,1.17404,1.17409,187120000
1632456900000,1.17409,1.17416,1.17404,1.17413,84960000
1632457800000,1.17413,1.17418,1.1738,1.17383,319810000
1632458700000,1.17381,1.17383,1.17359,1.1737,243280000
1632459600000,1.17369,1.17376,1.17358,1.17374,337110000
1632460500000,1.17374,1.17391,1.17356,1.17383,299500000
1632461400000,1.17381,1.17393,1.17371,1.17371,250400000
1632462300000,1.17369,1.17396,1.17365,1.17367,494720000
1632463200000,1.17368,1.17414,1.17359,1.1738,738180000
1632464100000,1.17381,1.17381,1.17352,1.17354,623480000
1632465000000,1.17353,1.174,1.1734,1.1734,710700000
1632465900000,1.17337,1.17355,1.1731,1.1735,863100000
1632466800000,1.17352,1.17356,1.1731,1.1733,1174410000
1632467700000,1.17327,1.17407,1.17316,1.17387,839200000
1632468600000,1.17386,1.17408,1.17369,1.17374,1116590000
1632469500000,1.17373,1.17411,1.17341,1.17382,761200000
1632470400000,1.17381,1.17405,1.1735,1.17352,973640000
1632471300000,1.1735,1.17359,1.17309,1.17349,865120000
1632472200000,1.17349,1.17379,1.1732,1.17338,755430000
1632473100000,1.17339,1.17371,1.17339,1.1736,599730000
1632474000000,1.1736,1.1738,1.17344,1.1737,577110000
1632474900000,1.17369,1.1737,1.17338,1.17349,618090000
1632475800000,1.17348,1.17364,1.1733,1.17341,652050000
1632476700000,1.1734,1.17377,1.17335,1.17348,693460000
1632477600000,1.17349,1.17351,1.17307,1.17324,685080000
1632478500000,1.17323,1.17373,1.17321,1.17368,786130000
1632479400000,1.17369,1.17369,1.17281,1.17306,962070000
1632480300000,1.17307,1.17348,1.173,1.17345,721120000
1632481200000,1.17344,1.17368,1.17261,1.17262,953180000
1632482100000,1.17263,1.17265,1.1719,1.17225,1082620000
1632483000000,1.17225,1.17225,1.17135,1.17138,882240000
1632483900000,1.17138,1.17199,1.17127,1.17136,932460000
1632484800000,1.17137,1.17196,1.17137,1.1719,766800000
1632485700000,1.17189,1.17195,1.17151,1.17162,787260000
1632486600000,1.17162,1.17162,1.17099,1.17106,1051670000
1632487500000,1.17105,1.1713,1.17065,1.17065,1328560000
1632488400000,1.17066,1.17071,1.17005,1.17058,1462850000
1632489300000,1.17056,1.17141,1.17047,1.17135,1443000000
1632490200000,1.17136,1.17196,1.17106,1.1712,2013130000
1632491100000,1.17119,1.17162,1.17095,1.17117,1476140000
1632492000000,1.17115,1.17161,1.17043,1.17093,2039030000
1632492900000,1.17092,1.17123,1.17058,1.17108,1619060000
1632493800000,1.17107,1.17118,1.17081,1.17099,1139220000
1632494700000,1.17098,1.17155,1.17066,1.17129,1448050000
1632495600000,1.17127,1.17165,1.17111,1.17141,1128970000
1632496500000,1.17141,1.17141,1.17085,1.17106,1279340000
1632497400000,1.17103,1.17127,1.1707,1.17116,817060000
1632498300000,1.17116,1.17153,1.17109,1.17136,639230000
1632499200000,1.17137,1.17185,1.17128,1.17178,686380000
1632500100000,1.17179,1.17253,1.17176,1.17242,1336730000
1632501000000,1.17243,1.17246,1.17182,1.17185,1026920000
1632501900000,1.17186,1.17201,1.17147,1.17161,618310000
1632502800000,1.1716,1.17175,1.17143,1.17164,360900000
1632503700000,1.17166,1.17201,1.17162,1.17185,389460000
1632504600000,1.17184,1.17186,1.17162,1.1717,296750000
1632505500000,1.17169,1.17187,1.17163,1.17176,230880000
1632506400000,1.17179,1.17181,1.17158,1.17169,282320000
1632507300000,1.17168,1.17169,1.1713,1.17165,506960000
1632508200000,1.17164,1.17167,1.17144,1.17148,146840000
1632509100000,1.17147,1.1716,1.17142,1.17159,440720000
1632510000000,1.1716,1.17167,1.17139,1.17151,301690000
1632510900000,1.1715,1.17166,1.17148,1.17166,146960000
1632511800000,1.17166,1.17169,1.17157,1.17166,210550000
1632512700000,1.17167,1.17168,1.17147,1.17162,240980000
1632513600000,1.17163,1.17191,1.17155,1.17191,124870000
1632514500000,1.17194,1.17217,1.17194,1.17209,104460000
1632515400000,1.1721,1.17222,1.17204,1.17215,150960000
1632516300000,1.17214,1.17222,1.1718,1.17181,1202970000
1632690000000,1.17253,1.17261,1.1716,1.1719,101560000
1632690900000,1.1719,1.17192,1.1717,1.17183,1080050000
1632691800000,1.17184,1.17215,1.17172,1.17202,125235000
1632692700000,1.172,1.17232,1.17175,1.17208,172360000
1632693600000,1.17208,1.17222,1.1717,1.1718,598185000
1632694500000,1.1718,1.17207,1.1718,1.17202,174660000
1632695400000,1.17201,1.17215,1.1719,1.17207,229530000
1632696300000,1.17208,1.17208,1.17195,1.17201,91110000
1632697200000,1.17201,1.17205,1.17175,1.17201,614220000
1632698100000,1.17201,1.17206,1.17191,1.172,286040000
1632699000000,1.172,1.17205,1.17183,1.17197,251470000
1632699900000,1.172,1.17238,1.17198,1.17224,337310000
1632700800000,1.17224,1.17235,1.17185,1.17235,1500680000
1632701700000,1.17234,1.17237,1.17195,1.17201,1645190000
1632702600000,1.17201,1.17222,1.17197,1.17216,885180000
1632703500000,1.17216,1.17218,1.17167,1.17171,974870000
1632704400000,1.17171,1.17198,1.17165,1.17185,1057240000
1632705300000,1.17186,1.1724,1.17185,1.17232,1528840000
1632706200000,1.17231,1.17249,1.17225,1.17247,1241050000
1632707100000,1.17246,1.1725,1.17234,1.17239,1119480000
1632708000000,1.17239,1.17249,1.1722,1.17221,331490000
1632708900000,1.17221,1.17221,1.17185,1.17191,599660000
1632709800000,1.17192,1.17199,1.17185,1.17195,659540000
1632710700000,1.17197,1.17218,1.17187,1.17187,1058460000
1632711600000,1.17186,1.17222,1.17183,1.17211,620080000
1632712500000,1.1721,1.17237,1.1721,1.17227,959380000
1632713400000,1.17226,1.17246,1.17226,1.1724,447520000
1632714300000,1.17241,1.17242,1.17216,1.17221,519680000
1632715200000,1.17221,1.17242,1.17221,1.17237,552730000
1632716100000,1.17237,1.17247,1.17237,1.17241,505790000
1632717000000,1.17241,1.17242,1.17225,1.17231,350950000
1632717900000,1.17233,1.17233,1.17212,1.17222,295060000
1632718800000,1.17222,1.17241,1.17216,1.17236,647470000
1632719700000,1.17236,1.17241,1.17223,1.17228,577240000
1632720600000,1.17228,1.17232,1.17206,1.17221,278520000
1632721500000,1.17221,1.17241,1.17196,1.17201,1110510000
1632722400000,1.17204,1.17228,1.17149,1.17186,2427400000
1632723300000,1.17186,1.17213,1.17138,1.17142,1627810000
1632724200000,1.17141,1.17204,1.17122,1.17163,2407080000
1632725100000,1.17164,1.17167,1.17106,1.17106,1667960000
1632726000000,1.17106,1.1711,1.17023,1.17093,2167900000
1632726900000,1.17093,1.17142,1.17082,1.1714,2426760000
1632727800000,1.17141,1.17145,1.17032,1.17034,2296650000
1632728700000,1.17034,1.17034,1.1694,1.16944,1961530000
1632729600000,1.16944,1.16979,1.16928,1.16929,1577550000
1632730500000,1.16929,1.16961,1.16902,1.16921,2080540000
1632731400000,1.16921,1.16946,1.16846,1.16935,2771730000
1632732300000,1.16935,1.16949,1.16885,1.16893,1744830000
1632733200000,1.16891,1.16965,1.16891,1.16949,1824670000
1632734100000,1.16948,1.16989,1.16946,1.16954,1287670000
1632735000000,1.16954,1.17007,1.16954,1.16987,1869070000
1632735900000,1.16988,1.16997,1.16946,1.16966,1711980000
1632736800000,1.16965,1.16969,1.16942,1.16958,1121660000
1632737700000,1.16957,1.17024,1.16954,1.1701,1258750000
1632738600000,1.1701,1.17043,1.17004,1.17038,803520000
1632739500000,1.17038,1.17082,1.17024,1.17075,1034560000
1632740400000,1.17076,1.17105,1.17052,1.17066,1136350000
1632741300000,1.17063,1.17063,1.16962,1.1697,1134110000
1632742200000,1.16971,1.16987,1.16919,1.16936,1251240000
1632743100000,1.16937,1.1694,1.16892,1.1692,1394980000
1632744000000,1.16921,1.16997,1.16921,1.16976,2274110000
1632744900000,1.16978,1.17011,1.16945,1.16949,1791710000
1632745800000,1.16949,1.1709,1.16912,1.1707,3598420000
1632746700000,1.1707,1.17093,1.17036,1.17072,2858360000
1632747600000,1.17071,1.17071,1.16982,1.17017,2383600000
1632748500000,1.17018,1.17032,1.16954,1.16968,1775540000
1632749400000,1.16968,1.17012,1.16907,1.16969,2177090000
1632750300000,1.16969,1.1704,1.16941,1.17018,1882170000
1632751200000,1.1702,1.17072,1.16986,1.17027,3263280000
1632752100000,1.17028,1.17095,1.17027,1.17047,3209540000
1632753000000,1.17048,1.17052,1.17007,1.17015,1579790000
1632753900000,1.17015,1.1704,1.16968,1.16997,2805220000
1632754800000,1.16996,1.17053,1.16972,1.16992,2581770000
1632755700000,1.16992,1.17028,1.16971,1.16975,2077970000
1632756600000,1.16977,1.17021,1.16969,1.17006,3151650000
1632757500000,1.17006,1.17032,1.16997,1.17013,742880000
1632758400000,1.17012,1.17051,1.16997,1.17046,1049130000
1632759300000,1.17046,1.17057,1.17036,1.17052,746000000
1632760200000,1.17053,1.17074,1.17042,1.17055,386870000
1632761100000,1.17057,1.17061,1.17008,1.17019,704210000
1632762000000,1.1702,1.17052,1.17007,1.17031,1121440000
1632762900000,1.17032,1.17045,1.17025,1.17045,438070000
1632763800000,1.17044,1.17045,1.17008,1.17013,462540000
1632764700000,1.17013,1.17057,1.17003,1.17044,452720000
1632765600000,1.17045,1.17083,1.17045,1.17072,571300000
1632766500000,1.17073,1.1708,1.17067,1.17077,480790000
1632767400000,1.17077,1.17081,1.17036,1.17044,371070000
1632768300000,1.17045,1.17048,1.16989,1.16989,826400000
1632769200000,1.1699,1.17005,1.16983,1.16989,349940000
1632770100000,1.16987,1.16992,1.16977,1.16978,117070000
1632771000000,1.16978,1.16989,1.16967,1.16983,204740000
1632771900000,1.16983,1.1699,1.16966,1.16984,477150000
1632772800000,1.16981,1.16984,1.16967,1.1698,250030000
1632773700000,1.1698,1.17,1.16969,1.16991,265570000
1632774600000,1.1699,1.16994,1.16969,1.16972,167080000
1632775500000,1.16972,1.16974,1.16937,1.16949,835950000
1632776400000,1.16944,1.16983,1.16938,1.1697,106590000
1632777300000,1.1697,1.1697,1.1695,1.1696,92300000
1632778200000,1.1696,1.16983,1.1696,1.1697,142310000
1632779100000,1.1697,1.16984,1.16961,1.16961,121140000
1632780000000,1.16972,1.16974,1.16957,1.16961,232530000
1632780900000,1.1696,1.1696,1.16952,1.1696,38980000
1632781800000,1.16959,1.16969,1.16957,1.16965,61740000
1632782700000,1.16964,1.16964,1.16948,1.16955,66570000
1632783600000,1.16956,1.16958,1.16942,1.16945,58290000
1632784500000,1.16946,1.16946,1.16938,1.16939,50720000
1632785400000,1.1694,1.16951,1.1694,1.16951,62370000
1632786300000,1.16949,1.16962,1.16949,1.16956,88360000
1632787200000,1.16956,1.16967,1.16943,1.16951,214580000
1632788100000,1.16951,1.16957,1.16933,1.16936,179250000
1632789000000,1.16935,1.16935,1.16913,1.16931,175380000
1632789900000,1.16928,1.16928,1.16859,1.16887,418300000
1632790800000,1.1689,1.16891,1.16859,1.16871,438210000
1632791700000,1.16871,1.16871,1.1685,1.16864,356050000
1632792600000,1.16863,1.16868,1.16853,1.16856,293030000
1632793500000,1.16856,1.16877,1.16856,1.16876,259590000
1632794400000,1.16876,1.16918,1.16876,1.16917,455830000
1632795300000,1.16917,1.16917,1.16901,1.16906,160520000
1632796200000,1.16905,1.16905,1.16874,1.169,270720000
1632797100000,1.169,1.1694,1.16896,1.16931,769980000
1632798000000,1.16933,1.16947,1.1693,1.16932,244270000
1632798900000,1.16933,1.16936,1.16913,1.16917,141600000
1632799800000,1.16916,1.16942,1.16912,1.16913,275320000
1632800700000,1.16914,1.16933,1.1691,1.16916,164040000
1632801600000,1.16916,1.1693,1.16913,1.1692,173450000
1632802500000,1.1692,1.16941,1.1692,1.16941,98030000
1632803400000,1.16942,1.16968,1.16938,1.16967,146280000
1632804300000,1.16966,1.16987,1.16952,1.16986,147520000
1632805200000,1.16987,1.17031,1.16985,1.17026,407020000
1632806100000,1.17026,1.17026,1.16982,1.1699,688210000
1632807000000,1.16989,1.16996,1.16969,1.16971,369600000
1632807900000,1.16971,1.17007,1.16968,1.16986,347380000
1632808800000,1.16986,1.17012,1.16927,1.16933,977000000
1632809700000,1.16933,1.16942,1.16815,1.16853,1421110000
1632810600000,1.16853,1.16876,1.16807,1.16832,918590000
1632811500000,1.16831,1.16843,1.16742,1.16762,1129380000
1632812400000,1.16763,1.16809,1.16722,1.16747,1712250000
1632813300000,1.16746,1.16792,1.16742,1.16766,1293510000
1632814200000,1.16765,1.16797,1.1672,1.16796,1291300000
1632815100000,1.16796,1.16871,1.16782,1.16869,1865980000
1632816000000,1.16866,1.16887,1.168,1.16831,2077490000
1632816900000,1.16832,1.16838,1.16752,1.16791,2009330000
1632817800000,1.1679,1.16859,1.16781,1.16783,2056860000
1632818700000,1.16784,1.16812,1.16773,1.16805,1477740000
1632819600000,1.16806,1.16849,1.16756,1.16819,1156000000
1632820500000,1.16818,1.16832,1.16789,1.16794,1533840000
1632821400000,1.16795,1.16798,1.16736,1.16747,1374230000
1632822300000,1.16747,1.16786,1.1673,1.16784,1097430000
1632823200000,1.16784,1.16798,1.16765,1.16797,1567240000
1632824100000,1.16796,1.16831,1.16766,1.1677,1518200000
1632825000000,1.1677,1.16805,1.16751,1.16805,1260340000
1632825900000,1.16805,1.16818,1.1676,1.16817,1352830000
1632826800000,1.16817,1.16836,1.16773,1.16789,1512690000
1632827700000,1.16788,1.16866,1.1678,1.16845,1850970000
1632828600000,1.16844,1.169,1.16831,1.16892,1316600000
1632829500000,1.1689,1.16932,1.1687,1.16871,1779890000
1632830400000,1.16871,1.16889,1.16775,1.16777,2410950000
1632831300000,1.16778,1.16826,1.1676,1.1682,2024310000
1632832200000,1.16822,1.16853,1.16739,1.16757,2558080000
1632833100000,1.16757,1.16814,1.16726,1.16804,2071700000
1632834000000,1.16805,1.16878,1.16789,1.16842,2234330000
1632834900000,1.16841,1.1686,1.16778,1.16845,2189030000
1632835800000,1.16847,1.1685,1.16741,1.16748,2313570000
1632836700000,1.16747,1.16821,1.16715,1.16808,2841010000
1632837600000,1.16808,1.16822,1.16749,1.16806,2949620000
1632838500000,1.16804,1.17011,1.16797,1.16927,5986680000
1632839400000,1.16925,1.16973,1.16815,1.16857,3634390000
1632840300000,1.16856,1.16863,1.1672,1.16738,4134660000
1632841200000,1.16736,1.16767,1.16682,1.16702,2813460000
1632842100000,1.16703,1.16825,1.167,1.16812,2287420000
1632843000000,1.16813,1.1687,1.16787,1.16791,3159700000
1632843900000,1.16792,1.16835,1.16772,1.16807,2002920000
1632844800000,1.16807,1.16832,1.16773,1.16822,2613370000
1632845700000,1.16822,1.16901,1.1682,1.16877,1244150000
1632846600000,1.16875,1.16878,1.16803,1.16835,1338460000
1632847500000,1.16836,1.16852,1.16802,1.16817,1715060000
1632848400000,1.16819,1.16848,1.16768,1.16806,2544430000
1632849300000,1.16806,1.16862,1.16795,1.16834,1922420000
1632850200000,1.16836,1.16837,1.16796,1.16807,1494980000
1632851100000,1.16805,1.16808,1.16775,1.16791,898590000
1632852000000,1.16792,1.16807,1.16751,1.16762,1669220000
1632852900000,1.16763,1.1678,1.16757,1.16775,1144160000
1632853800000,1.16777,1.16817,1.16762,1.16811,816220000
1632854700000,1.1681,1.16818,1.16768,1.16769,1400640000
1632855600000,1.16768,1.16783,1.16755,1.16759,1026580000
1632856500000,1.16759,1.16784,1.16759,1.16782,968270000
1632857400000,1.16781,1.16802,1.16772,1.16794,884270000
1632858300000,1.16794,1.16862,1.16786,1.16852,1611380000
1632859200000,1.16853,1.16891,1.16827,1.16833,580040000
1632860100000,1.16834,1.16845,1.16822,1.1684,419460000
1632861000000,1.1684,1.16846,1.16834,1.16839,315090000
1632861900000,1.16838,1.16844,1.16827,1.16827,452420000
1632862800000,1.16828,1.16832,1.1682,1.16825,99610000
1632863700000,1.16825,1.16829,1.1682,1.16824,140950000
1632864600000,1.16825,1.16829,1.1682,1.1682,76250000
1632865500000,1.1682,1.16859,1.1682,1.16834,579750000
1632866400000,1.16831,1.16858,1.16831,1.16853,124620000
1632867300000,1.16857,1.16864,1.16856,1.1686,142720000
1632868200000,1.16862,1.16864,1.16849,1.16853,145010000
1632869100000,1.16853,1.16861,1.16851,1.16851,48340000
1632870000000,1.16855,1.1686,1.16844,1.16859,205500000
1632870900000,1.16859,1.16864,1.16834,1.16834,127090000
1632871800000,1.16833,1.16842,1.16825,1.16841,144110000
1632872700000,1.16841,1.16866,1.16841,1.1686,107960000
1632873600000,1.16858,1.16874,1.16818,1.16841,696380000
1632874500000,1.16841,1.16866,1.16837,1.16854,311030000
1632875400000,1.16855,1.16859,1.16845,1.16856,312190000
1632876300000,1.16855,1.16855,1.168,1.1681,601150000
1632877200000,1.16812,1.1686,1.16808,1.16829,832990000
1632878100000,1.16828,1.1684,1.16807,1.16811,864610000
1632879000000,1.1681,1.16821,1.16779,1.16818,961830000
1632879900000,1.16821,1.16834,1.16802,1.16824,1034010000
1632880800000,1.16821,1.16864,1.16812,1.16859,631810000
1632881700000,1.16859,1.169,1.16855,1.16889,508230000
1632882600000,1.16889,1.16892,1.16857,1.16868,503200000
1632883500000,1.1687,1.16881,1.1685,1.16856,331280000
1632884400000,1.16855,1.16866,1.16834,1.16839,337950000
1632885300000,1.1684,1.16849,1.16832,1.16839,243920000
1632886200000,1.16839,1.16842,1.1683,1.16833,217210000
1632887100000,1.16833,1.16852,1.16829,1.16848,199010000
1632888000000,1.16846,1.16847,1.16825,1.1683,265810000
1632888900000,1.16827,1.16845,1.16823,1.16845,345560000
1632889800000,1.16842,1.16843,1.16831,1.1684,235210000
1632890700000,1.1684,1.16865,1.16835,1.16865,204320000
1632891600000,1.16865,1.16865,1.1683,1.1685,461330000
1632892500000,1.1685,1.16864,1.16835,1.16849,448850000
1632893400000,1.16849,1.16878,1.16845,1.16877,367370000
1632894300000,1.16877,1.16878,1.16821,1.16829,513400000
1632895200000,1.16826,1.16858,1.16783,1.16818,2345340000
1632896100000,1.16819,1.16845,1.16798,1.16839,1495730000
1632897000000,1.16837,1.16839,1.16777,1.16826,1315760000
1632897900000,1.16826,1.16853,1.16758,1.16776,1395050000
1632898800000,1.16776,1.16777,1.16568,1.16598,3699180000
1632899700000,1.16597,1.16687,1.16564,1.16678,2523030000
1632900600000,1.16679,1.16726,1.1665,1.16672,2335410000
1632901500000,1.16671,1.16671,1.16587,1.16619,1613820000
1632902400000,1.16619,1.16683,1.16618,1.16643,1671370000
1632903300000,1.16642,1.16695,1.16629,1.16658,1655290000
1632904200000,1.16659,1.16683,1.1662,1.16656,1449580000
1632905100000,1.16659,1.16719,1.16634,1.16636,2675100000
1632906000000,1.16636,1.16687,1.16628,1.16669,1787570000
1632906900000,1.1667,1.16713,1.16666,1.16679,1409490000
1632907800000,1.1668,1.1668,1.16585,1.16633,1976240000
1632908700000,1.16634,1.16643,1.16599,1.1664,1252730000
1632909600000,1.16642,1.16664,1.16595,1.16607,1401470000
1632910500000,1.16607,1.16648,1.16554,1.16598,1737470000
1632911400000,1.16598,1.16636,1.16579,1.16596,1599830000
1632912300000,1.16593,1.16628,1.16576,1.16588,1111500000
1632913200000,1.16587,1.16591,1.16541,1.16547,1562670000
1632914100000,1.16546,1.16549,1.16399,1.16452,2436600000
1632915000000,1.16454,1.16479,1.16427,1.16461,1665380000
1632915900000,1.16462,1.16534,1.16431,1.16491,1849590000
1632916800000,1.16489,1.16562,1.16474,1.1653,2340150000
1632917700000,1.1653,1.16587,1.16527,1.16554,2785510000
1632918600000,1.16554,1.16556,1.1644,1.16499,3548030000
1632919500000,1.16496,1.165,1.16431,1.16456,2224640000
1632920400000,1.16457,1.16462,1.1641,1.16428,2810110000
1632921300000,1.16428,1.16435,1.16392,1.16399,2021090000
1632922200000,1.16401,1.16404,1.1632,1.16332,2559870000
1632923100000,1.16332,1.1645,1.16332,1.16359,2264970000
1632924000000,1.16361,1.16436,1.16216,1.16245,4185960000
1632924900000,1.16245,1.16256,1.16165,1.16199,2456140000
1632925800000,1.16202,1.16202,1.16109,1.16111,2278760000
1632926700000,1.16112,1.16212,1.16111,1.16138,2583480000
1632927600000,1.16138,1.16163,1.16113,1.16149,2183980000
1632928500000,1.16151,1.16194,1.1611,1.16167,1566380000
1632929400000,1.16169,1.16172,1.16097,1.16114,1391620000
1632930300000,1.16114,1.16137,1.16098,1.16116,1172660000
1632931200000,1.16112,1.16155,1.16103,1.16115,1048900000
1632932100000,1.16113,1.16124,1.16078,1.16094,1309230000
1632933000000,1.16094,1.16105,1.16006,1.16009,1235840000
1632933900000,1.1601,1.1604,1.16007,1.16013,1139410000
1632934800000,1.16013,1.16048,1.16012,1.16027,759960000
1632935700000,1.16028,1.16049,1.16012,1.16012,620060000
1632936600000,1.16012,1.16046,1.16005,1.16036,780130000
1632937500000,1.16035,1.16046,1.15935,1.15949,1082310000
1632938400000,1.1595,1.15997,1.15896,1.15993,856090000
1632939300000,1.15993,1.16048,1.15977,1.16041,643660000
1632940200000,1.16041,1.16048,1.16016,1.16032,572960000
1632941100000,1.16031,1.16047,1.16002,1.16012,601940000
1632942000000,1.16013,1.16028,1.15975,1.1598,534620000
1632942900000,1.1598,1.15981,1.15939,1.15946,316200000
1632943800000,1.15947,1.15982,1.15942,1.15952,301620000
1632944700000,1.15951,1.15955,1.15894,1.15937,581410000
1632945600000,1.15934,1.15944,1.1591,1.1594,363840000
1632946500000,1.15938,1.15956,1.15931,1.15932,195550000
1632947400000,1.15933,1.15967,1.15932,1.15954,109750000
1632948300000,1.15954,1.15979,1.15926,1.15968,446700000
1632949200000,1.15967,1.15974,1.15959,1.1596,269990000
1632950100000,1.1596,1.15982,1.1596,1.15975,51100000
1632951000000,1.15976,1.15976,1.1596,1.15961,95190000
1632951900000,1.15961,1.15988,1.1596,1.15971,103480000
1632952800000,1.15971,1.15986,1.15961,1.15973,154320000
1632953700000,1.15974,1.1599,1.15969,1.15983,92640000
1632954600000,1.15982,1.15985,1.15977,1.15979,65630000
1632955500000,1.15979,1.15984,1.15975,1.15982,52700000
1632956400000,1.15982,1.15988,1.15976,1.15983,99800000
1632957300000,1.15983,1.16003,1.15983,1.15998,104810000
1632958200000,1.15999,1.16013,1.15993,1.15999,161260000
1632959100000,1.16,1.16022,1.15999,1.16014,207830000
1632960000000,1.16015,1.16016,1.15977,1.15999,470120000
1632960900000,1.15998,1.16029,1.15994,1.16026,292840000
1632961800000,1.16024,1.16029,1.15994,1.16002,302780000
1632962700000,1.16003,1.16036,1.16002,1.16034,408280000
1632963600000,1.16033,1.16047,1.16022,1.16039,452960000
1632964500000,1.16038,1.16053,1.16012,1.16024,364300000
1632965400000,1.16025,1.16058,1.16011,1.16044,343510000
1632966300000,1.16044,1.16053,1.16032,1.16037,812470000
1632967200000,1.16037,1.1607,1.16027,1.16054,317640000
1632968100000,1.16053,1.16083,1.16053,1.1606,232010000
1632969000000,1.1606,1.16074,1.16042,1.16066,234700000
1632969900000,1.16066,1.1608,1.16061,1.1607,186860000
1632970800000,1.1607,1.16085,1.16069,1.16069,203750000
1632971700000,1.1607,1.16085,1.16068,1.16079,183730000
1632972600000,1.16077,1.16077,1.16044,1.16062,321130000
1632973500000,1.16062,1.16063,1.16035,1.16039,301750000
1632974400000,1.16039,1.16049,1.16033,1.16045,183610000
1632975300000,1.16046,1.16054,1.16022,1.16028,163920000
1632976200000,1.16028,1.16031,1.16012,1.16031,190250000
1632977100000,1.1603,1.16084,1.16021,1.16079,490130000
1632978000000,1.16078,1.16079,1.16036,1.1605,619710000
1632978900000,1.16049,1.16081,1.16028,1.16031,436450000
1632979800000,1.16031,1.16065,1.16024,1.16038,445790000
1632980700000,1.16038,1.16055,1.15949,1.1595,828040000
1632981600000,1.1595,1.15999,1.1595,1.15997,857080000
1632982500000,1.15998,1.16023,1.15979,1.15993,882290000
1632983400000,1.15992,1.16037,1.15972,1.16022,702390000
1632984300000,1.16021,1.1606,1.15999,1.16059,1027130000
1632985200000,1.1606,1.1606,1.15914,1.1593,1694680000
1632986100000,1.1593,1.16074,1.15921,1.16054,1564630000
1632987000000,1.16053,1.16085,1.16022,1.16057,1257690000
1632987900000,1.16058,1.16084,1.16031,1.16044,1245340000
1632988800000,1.16045,1.16096,1.16034,1.16066,928720000
1632989700000,1.16066,1.16074,1.16026,1.16046,1119680000
1632990600000,1.16047,1.16074,1.15985,1.16,1241690000
1632991500000,1.15999,1.16055,1.15994,1.16041,1188060000
1632992400000,1.1604,1.16065,1.16,1.1601,1353720000
1632993300000,1.16011,1.16015,1.15962,1.16001,907110000
1632994200000,1.16,1.16011,1.15977,1.1599,969770000
1632995100000,1.15991,1.16,1.15969,1.15981,915920000
1632996000000,1.1598,1.1598,1.15921,1.15937,969210000
1632996900000,1.1594,1.1594,1.15796,1.15808,1910200000
1632997800000,1.15808,1.15812,1.15678,1.15712,2562430000
1632998700000,1.15711,1.15748,1.15697,1.15709,1185430000
1632999600000,1.15711,1.15754,1.15686,1.15718,1198030000
1633000500000,1.15718,1.15766,1.15687,1.15748,1299080000
1633001400000,1.15749,1.15825,1.15733,1.15792,1814740000
1633002300000,1.15793,1.15804,1.15734,1.15754,1352240000
1633003200000,1.15755,1.15855,1.1575,1.15785,1736140000
1633004100000,1.15784,1.15837,1.15768,1.1583,1637280000
1633005000000,1.15829,1.159,1.15803,1.15859,2876230000
1633005900000,1.15857,1.15925,1.1583,1.15906,1523810000
1633006800000,1.15906,1.15915,1.15803,1.15814,2005020000
1633007700000,1.15814,1.15907,1.15771,1.15896,2146980000
1633008600000,1.15897,1.15981,1.15859,1.15968,2598960000
1633009500000,1.15968,1.15968,1.15842,1.15853,2884990000
1633010400000,1.15851,1.15893,1.15779,1.15849,3048060000
1633011300000,1.15851,1.15898,1.1576,1.15855,2496760000
1633012200000,1.15855,1.15945,1.15854,1.15902,2488180000
1633013100000,1.159,1.15953,1.15829,1.15885,4202270000
1633014000000,1.15884,1.1595,1.15849,1.1594,3525810000
1633014900000,1.15938,1.15979,1.1586,1.15865,2577380000
1633015800000,1.15865,1.1589,1.158,1.15801,2840530000
1633016700000,1.15802,1.15804,1.15707,1.15777,1968290000
1633017600000,1.15776,1.15799,1.15646,1.15665,1656710000
1633018500000,1.15664,1.15714,1.15624,1.15696,1254540000
1633019400000,1.15697,1.15742,1.15675,1.15719,1033410000
1633020300000,1.15718,1.15764,1.15701,1.15706,1068710000
1633021200000,1.15705,1.15767,1.15703,1.15761,1213940000
1633022100000,1.1576,1.15785,1.1573,1.15733,899900000
1633023000000,1.15734,1.15739,1.15653,1.15658,942140000
1633023900000,1.15657,1.15706,1.15643,1.15686,922960000
1633024800000,1.15686,1.15719,1.15631,1.15638,2246010000
1633025700000,1.15637,1.15704,1.15628,1.15704,1664800000
1633026600000,1.15703,1.15761,1.15696,1.15747,906550000
1633027500000,1.15747,1.15849,1.15745,1.15844,795010000
1633028400000,1.15845,1.15887,1.15816,1.15868,865770000
1633029300000,1.15868,1.1588,1.15816,1.15816,1033430000
1633030200000,1.15814,1.15841,1.15804,1.15819,993680000
1633031100000,1.15821,1.15843,1.15791,1.1583,956140000
1633032000000,1.15831,1.15861,1.15771,1.15785,632560000
1633032900000,1.15785,1.15822,1.15782,1.158,327520000
1633033800000,1.158,1.158,1.15759,1.15768,185520000
1633034700000,1.15767,1.15779,1.1575,1.15752,511600000
1633035600000,1.15744,1.15798,1.15741,1.15786,423290000
1633036500000,1.15785,1.15827,1.15784,1.15815,164720000
1633037400000,1.15813,1.15827,1.15794,1.15808,284500000
1633038300000,1.15807,1.15813,1.15799,1.15802,55390000
1633039200000,1.15806,1.15822,1.15797,1.15805,325980000
1633040100000,1.15805,1.15812,1.15796,1.15812,75790000
1633041000000,1.15811,1.15811,1.15796,1.15801,91460000
1633041900000,1.15801,1.15808,1.15797,1.15808,51950000
1633042800000,1.15808,1.15811,1.15776,1.15778,137860000
1633043700000,1.15777,1.15777,1.15753,1.1576,135480000
1633044600000,1.1576,1.15762,1.15745,1.15746,107410000
1633045500000,1.15746,1.1575,1.15729,1.15736,247900000
