timestamp,open,high,low,close,volume
1627851600000,1.18641,1.18656,1.18629,1.18656,72100000
1627852500000,1.18652,1.18661,1.18652,1.1866,47250000
1627853400000,1.18662,1.18662,1.18655,1.18661,39750000
1627854300000,1.18661,1.1867,1.18642,1.1865,86940000
1627855200000,1.18648,1.18659,1.18631,1.18636,303262500
1627856100000,1.18637,1.1866,1.18634,1.18657,101180000
1627857000000,1.18654,1.18682,1.18645,1.1868,194700000
1627857900000,1.18683,1.18694,1.18676,1.18681,135460000
1627858800000,1.18681,1.18681,1.18645,1.18655,195810000
1627859700000,1.18652,1.18652,1.1863,1.18636,159860000
1627860600000,1.18635,1.18645,1.18621,1.18643,209150000
1627861500000,1.1864,1.18661,1.18633,1.18661,94560000
1627862400000,1.18662,1.18671,1.18625,1.18667,843460000
1627863300000,1.18668,1.18699,1.18668,1.18689,604900000
1627864200000,1.18688,1.1871,1.18664,1.187,693700000
1627865100000,1.18698,1.18698,1.18671,1.18689,1522580000
1627866000000,1.1869,1.18697,1.18651,1.18689,916770000
1627866900000,1.18689,1.18689,1.18661,1.18661,681370000
1627867800000,1.1866,1.1866,1.18622,1.18637,1084780000
1627868700000,1.18636,1.18642,1.18607,1.18632,847970000
1627869600000,1.18631,1.18633,1.18587,1.18625,624760000
1627870500000,1.18626,1.18659,1.18616,1.18658,685630000
1627871400000,1.18657,1.18697,1.18657,1.18678,447110000
1627872300000,1.1868,1.18714,1.1868,1.18712,714230000
1627873200000,1.18711,1.18714,1.1869,1.18702,307800000
1627874100000,1.18703,1.18723,1.18701,1.18717,325980000
1627875000000,1.18717,1.18727,1.18705,1.18716,753680000
1627875900000,1.18717,1.18717,1.18706,1.18712,397190000
1627876800000,1.18713,1.18723,1.18711,1.18717,108200000
1627877700000,1.18718,1.18733,1.18718,1.18723,243020000
1627878600000,1.18723,1.18724,1.18703,1.18707,187610000
1627879500000,1.18708,1.18721,1.18703,1.18703,330920000
1627880400000,1.18703,1.18704,1.18665,1.18671,623500000
1627881300000,1.18672,1.18716,1.1866,1.18716,457500000
1627882200000,1.18714,1.18742,1.18711,1.18729,224840000
1627883100000,1.18728,1.18753,1.18716,1.18718,478340000
1627884000000,1.1872,1.18747,1.18697,1.18731,1210960000
1627884900000,1.18729,1.1876,1.18709,1.18735,823380000
1627885800000,1.18736,1.18744,1.18661,1.1867,1009000000
1627886700000,1.18669,1.1884,1.18641,1.18826,1799970000
1627887600000,1.18825,1.18871,1.18796,1.18805,1586900000
1627888500000,1.18808,1.18846,1.18788,1.1883,764180000
1627889400000,1.18831,1.18853,1.18811,1.18814,732510000
1627890300000,1.18814,1.18874,1.18811,1.18814,880650000
1627891200000,1.18812,1.18869,1.18811,1.1883,926170000
1627892100000,1.18832,1.18878,1.1883,1.18861,711170000
1627893000000,1.18863,1.18883,1.18816,1.18829,889620000
1627893900000,1.1883,1.18846,1.18781,1.18845,992640000
1627894800000,1.18846,1.18855,1.18815,1.18833,758530000
1627895700000,1.18834,1.18875,1.18822,1.18833,776960000
1627896600000,1.18836,1.1884,1.18813,1.18832,641070000
1627897500000,1.18833,1.18957,1.18812,1.18953,814930000
1627898400000,1.18954,1.18968,1.18907,1.18908,809040000
1627899300000,1.18907,1.18925,1.18868,1.1887,752050000
1627900200000,1.18868,1.18912,1.18867,1.18904,522700000
1627901100000,1.18903,1.18927,1.18881,1.18909,745710000
1627902000000,1.18907,1.18925,1.18883,1.18896,695640000
1627902900000,1.18899,1.18915,1.1887,1.18875,487050000
1627903800000,1.18876,1.18881,1.18849,1.18856,394460000
1627904700000,1.18858,1.18916,1.18805,1.18898,883690000
1627905600000,1.18897,1.18902,1.18835,1.18856,952050000
1627906500000,1.18853,1.18883,1.18802,1.18861,1071590000
1627907400000,1.1886,1.18868,1.18804,1.18836,864030000
1627908300000,1.18836,1.18866,1.18713,1.18729,1097790000
1627909200000,1.1873,1.18806,1.18725,1.18798,831360000
1627910100000,1.18803,1.18818,1.1878,1.18789,998840000
1627911000000,1.1879,1.18876,1.18779,1.18817,1417820000
1627911900000,1.18816,1.18845,1.18752,1.18807,1530730000
1627912800000,1.1881,1.18891,1.18786,1.18823,3236660000
1627913700000,1.18823,1.18843,1.18772,1.18774,1885940000
1627914600000,1.18774,1.18842,1.18768,1.18821,1290520000
1627915500000,1.18821,1.18827,1.1876,1.18784,1447540000
1627916400000,1.18786,1.18837,1.18777,1.188,1297490000
1627917300000,1.188,1.18857,1.18798,1.18823,1283180000
1627918200000,1.18825,1.18837,1.1876,1.18762,761370000
1627919100000,1.18763,1.1877,1.18721,1.18727,749600000
1627920000000,1.18727,1.18731,1.18677,1.18728,1202400000
1627920900000,1.18728,1.18728,1.18677,1.18684,740130000
1627921800000,1.18685,1.18707,1.18679,1.187,593810000
1627922700000,1.18699,1.18706,1.18666,1.18694,479110000
1627923600000,1.18695,1.18697,1.18652,1.18681,407950000
1627924500000,1.18681,1.18697,1.18674,1.18689,618640000
1627925400000,1.18687,1.1869,1.18669,1.1867,248410000
1627926300000,1.18672,1.18695,1.18668,1.18681,304020000
1627927200000,1.1868,1.18693,1.18672,1.18688,213610000
1627928100000,1.18691,1.18702,1.18687,1.18696,184620000
1627929000000,1.18696,1.18732,1.1869,1.18714,393730000
1627929900000,1.18712,1.18737,1.18705,1.18737,439950000
1627930800000,1.18739,1.18749,1.1871,1.1871,591220000
1627931700000,1.18711,1.18728,1.18695,1.18701,337160000
1627932600000,1.187,1.18707,1.18683,1.18689,245310000
1627933500000,1.18691,1.18711,1.18661,1.18709,365500000
1627934400000,1.18708,1.18718,1.18693,1.18708,220460000
1627935300000,1.1871,1.18717,1.18685,1.18716,156280000
1627936200000,1.18716,1.18717,1.18698,1.18717,130950000
1627937100000,1.18717,1.18726,1.18673,1.18675,248410000
1627938000000,1.18671,1.18711,1.18661,1.18695,212010000
1627938900000,1.18695,1.18729,1.18695,1.18709,72230000
1627939800000,1.1871,1.18736,1.18708,1.18716,314790000
1627940700000,1.18718,1.18728,1.18707,1.18708,333850000
1627941600000,1.18708,1.18738,1.18702,1.18733,351095000
1627942500000,1.18733,1.1874,1.18726,1.18736,73340000
1627943400000,1.18738,1.1875,1.18737,1.18744,45020000
1627944300000,1.18744,1.18758,1.18737,1.18738,78380000
1627945200000,1.18736,1.18739,1.18725,1.18732,139970000
1627946100000,1.18729,1.18745,1.18722,1.18732,278730000
1627947000000,1.18729,1.18734,1.18722,1.18723,111510000
1627947900000,1.18724,1.18748,1.18721,1.1874,193220000
1627948800000,1.18738,1.18761,1.18725,1.18756,360380000
1627949700000,1.18757,1.18786,1.18755,1.18758,492870000
1627950600000,1.1876,1.18762,1.18725,1.1873,434610000
1627951500000,1.18731,1.18736,1.18704,1.18717,400230000
1627952400000,1.1872,1.18728,1.18697,1.18703,579780000
1627953300000,1.18702,1.18709,1.18688,1.187,676810000
1627954200000,1.18701,1.18708,1.1868,1.18694,676230000
1627955100000,1.18694,1.18761,1.18693,1.18747,830870000
1627956000000,1.18748,1.18768,1.18737,1.18756,894690000
1627956900000,1.18756,1.18759,1.18728,1.18743,609260000
1627957800000,1.18741,1.18756,1.18723,1.18725,364310000
1627958700000,1.18725,1.18728,1.18701,1.18707,586250000
1627959600000,1.18705,1.18755,1.18702,1.18754,528090000
1627960500000,1.18754,1.18754,1.18714,1.18716,373220000
1627961400000,1.18716,1.18723,1.18703,1.1872,278980000
1627962300000,1.18721,1.18749,1.18719,1.18744,410140000
1627963200000,1.18744,1.18757,1.18742,1.18753,341430000
1627964100000,1.18753,1.18777,1.18749,1.18772,437750000
1627965000000,1.18771,1.18823,1.18764,1.18787,1671950000
1627965900000,1.18789,1.18805,1.18768,1.18802,492940000
1627966800000,1.18802,1.18816,1.18779,1.18782,636540000
1627967700000,1.1878,1.18793,1.18762,1.18768,446900000
1627968600000,1.18768,1.18781,1.18751,1.18751,514280000
1627969500000,1.18752,1.18757,1.18725,1.18748,478280000
1627970400000,1.18749,1.18791,1.18738,1.18752,1035770000
1627971300000,1.18752,1.18777,1.18719,1.18758,1420390000
1627972200000,1.18758,1.18758,1.18716,1.18734,1215390000
1627973100000,1.18737,1.18749,1.1871,1.18728,731240000
1627974000000,1.1873,1.18777,1.18725,1.18731,982030000
1627974900000,1.18732,1.18825,1.18728,1.18783,760410000
1627975800000,1.18786,1.18824,1.18766,1.18823,992010000
1627976700000,1.18822,1.18837,1.18764,1.18782,853850000
1627977600000,1.18781,1.18794,1.18738,1.18749,665480000
1627978500000,1.18747,1.18796,1.18744,1.18794,637840000
1627979400000,1.18794,1.18854,1.18788,1.1883,656660000
1627980300000,1.1883,1.18847,1.18805,1.18838,682150000
1627981200000,1.18837,1.18842,1.18811,1.18819,682730000
1627982100000,1.18822,1.18844,1.18797,1.18817,509240000
1627983000000,1.18815,1.18826,1.18788,1.18815,861950000
1627983900000,1.18815,1.18866,1.18796,1.18845,548400000
1627984800000,1.18846,1.18866,1.18813,1.18864,482870000
1627985700000,1.18867,1.18893,1.18849,1.18883,591840000
1627986600000,1.18882,1.18895,1.18853,1.18895,596770000
1627987500000,1.18898,1.18919,1.18857,1.18875,623580000
1627988400000,1.18876,1.18892,1.18846,1.1889,668680000
1627989300000,1.18892,1.18931,1.1888,1.18921,546060000
1627990200000,1.18922,1.18923,1.18855,1.18855,699490000
1627991100000,1.18854,1.18932,1.18851,1.18925,578750000
1627992000000,1.18925,1.18926,1.18841,1.18843,797740000
1627992900000,1.18842,1.18861,1.18803,1.18819,1038390000
1627993800000,1.18815,1.18854,1.18805,1.18818,819290000
1627994700000,1.18818,1.18867,1.18816,1.18858,831350000
1627995600000,1.18862,1.18873,1.18772,1.18783,1031820000
1627996500000,1.18782,1.18794,1.18745,1.18751,1362090000
1627997400000,1.18752,1.18766,1.18671,1.18703,2557230000
1627998300000,1.18702,1.18707,1.18615,1.1869,2767790000
1627999200000,1.1869,1.18755,1.18655,1.18745,1519500000
1628000100000,1.18745,1.18745,1.18623,1.18664,1339630000
1628001000000,1.18661,1.18663,1.18613,1.1866,1295120000
1628001900000,1.18659,1.18696,1.18578,1.18588,1167260000
1628002800000,1.18587,1.18634,1.18582,1.18583,1175350000
1628003700000,1.18581,1.1859,1.18535,1.18557,917860000
1628004600000,1.18557,1.18626,1.1855,1.1862,641260000
1628005500000,1.18618,1.18627,1.18576,1.18586,630140000
1628006400000,1.18586,1.18671,1.18576,1.18668,508190000
1628007300000,1.18667,1.18685,1.18647,1.18668,777170000
1628008200000,1.18668,1.18683,1.18644,1.18649,419350000
1628009100000,1.18651,1.18687,1.18633,1.18681,364020000
1628010000000,1.18681,1.18697,1.18661,1.18667,297110000
1628010900000,1.18666,1.18671,1.18614,1.18626,592060000
1628011800000,1.18626,1.18642,1.18612,1.18631,358870000
1628012700000,1.18631,1.18638,1.18615,1.18636,209690000
1628013600000,1.18637,1.18642,1.18616,1.18634,396030000
1628014500000,1.18633,1.18653,1.1862,1.18622,405150000
1628015400000,1.18623,1.1866,1.18621,1.18658,364770000
1628016300000,1.18655,1.18655,1.18621,1.18625,391430000
1628017200000,1.18625,1.18662,1.18625,1.18658,194840000
1628018100000,1.18657,1.18667,1.18648,1.1866,132270000
1628019000000,1.1866,1.18676,1.18658,1.18659,167540000
1628019900000,1.18658,1.18661,1.18639,1.18661,374720000
1628020800000,1.18659,1.18663,1.18622,1.18626,255200000
1628021700000,1.18626,1.18632,1.1862,1.18627,73010000
1628022600000,1.18626,1.18641,1.18619,1.18619,201200000
1628023500000,1.18618,1.18647,1.18614,1.18632,1039210000
1628024400000,1.18632,1.18635,1.18615,1.18625,128960000
1628025300000,1.18625,1.18625,1.18625,1.18625,52000000
1628026200000,1.18625,1.18625,1.18625,1.18625,125750000
1628027100000,1.18625,1.18639,1.18625,1.18629,64862800
1628028000000,1.18629,1.1864,1.18627,1.18636,209056500
1628028900000,1.18635,1.18656,1.18635,1.18651,167490000
1628029800000,1.18654,1.18664,1.18644,1.18664,92560000
1628030700000,1.18664,1.18692,1.1866,1.18691,264480000
1628031600000,1.18693,1.18699,1.18672,1.18693,265350000
1628032500000,1.18693,1.18699,1.18684,1.18687,94850000
1628033400000,1.18686,1.18701,1.18682,1.18687,141020000
1628034300000,1.18688,1.187,1.18687,1.18694,115850000
1628035200000,1.18693,1.18694,1.18609,1.18648,718400000
1628036100000,1.18647,1.1867,1.18642,1.18649,279100000
1628037000000,1.18649,1.18651,1.18635,1.18649,262260000
1628037900000,1.18649,1.18649,1.18606,1.18618,367720000
1628038800000,1.18617,1.18642,1.18617,1.18622,468270000
1628039700000,1.18623,1.1867,1.18621,1.18667,565380000
1628040600000,1.18667,1.18668,1.1864,1.18646,586660000
1628041500000,1.18645,1.1871,1.18645,1.18702,843510000
1628042400000,1.18702,1.18716,1.18687,1.18696,730700000
1628043300000,1.18696,1.18705,1.1866,1.18661,859810000
1628044200000,1.18662,1.18704,1.18661,1.18691,508900000
1628045100000,1.1869,1.18735,1.18683,1.18735,250930000
1628046000000,1.18734,1.18752,1.18725,1.18752,169770000
1628046900000,1.18752,1.18754,1.18742,1.18746,210960000
1628047800000,1.18747,1.1875,1.18731,1.18732,197490000
1628048700000,1.18733,1.18739,1.18726,1.18732,151710000
1628049600000,1.18734,1.18741,1.18702,1.18706,255420000
1628050500000,1.18707,1.1871,1.18695,1.18695,209080000
1628051400000,1.18696,1.18716,1.18696,1.18712,170950000
1628052300000,1.18712,1.18717,1.18697,1.18713,304810000
1628053200000,1.18714,1.1872,1.18701,1.18717,211960000
1628054100000,1.18717,1.18756,1.18717,1.18754,311670000
1628055000000,1.18755,1.18755,1.18696,1.18702,374050000
1628055900000,1.18702,1.18741,1.18693,1.18717,343440000
1628056800000,1.18716,1.18732,1.18698,1.18724,593800000
1628057700000,1.18726,1.1875,1.18686,1.18727,595870000
1628058600000,1.18729,1.18729,1.187,1.18717,409120000
1628059500000,1.18717,1.18795,1.18696,1.18786,450880000
1628060400000,1.18787,1.18798,1.18746,1.18757,627680000
1628061300000,1.18758,1.18774,1.1869,1.18701,628740000
1628062200000,1.187,1.18738,1.18692,1.18713,657340000
1628063100000,1.18711,1.18784,1.18711,1.18767,469840000
1628064000000,1.18768,1.18772,1.18597,1.18607,766670000
1628064900000,1.18605,1.18609,1.18497,1.18518,1219860000
1628065800000,1.18519,1.18519,1.18419,1.1847,1379070000
1628066700000,1.1847,1.18535,1.18462,1.18509,670880000
1628067600000,1.18508,1.18539,1.1848,1.18538,569640000
1628068500000,1.18537,1.18582,1.18537,1.18582,380610000
1628069400000,1.18582,1.18586,1.18544,1.18556,425230000
1628070300000,1.18556,1.18588,1.18551,1.18588,326580000
1628071200000,1.18588,1.18595,1.1855,1.18588,324210000
1628072100000,1.18587,1.18606,1.18555,1.18586,478520000
1628073000000,1.18588,1.18599,1.18543,1.18549,336680000
1628073900000,1.18548,1.18578,1.18543,1.18562,286420000
1628074800000,1.18564,1.18572,1.18534,1.18563,485520000
1628075700000,1.18563,1.18638,1.18559,1.1861,500410000
1628076600000,1.18607,1.1864,1.18606,1.1864,612900000
1628077500000,1.18639,1.18659,1.1862,1.18633,839910000
1628078400000,1.18633,1.18659,1.18597,1.186,835650000
1628079300000,1.18596,1.18742,1.18595,1.1871,2963490000
1628080200000,1.18711,1.1885,1.18699,1.18847,1205600000
1628081100000,1.18849,1.18896,1.18819,1.1889,1250180000
1628082000000,1.18887,1.18954,1.18864,1.1892,1884560000
1628082900000,1.18922,1.18955,1.18903,1.18955,1012680000
1628083800000,1.18954,1.18996,1.18936,1.18942,1219860000
1628084700000,1.18943,1.18953,1.18913,1.18923,833570000
1628085600000,1.1891,1.18928,1.18548,1.18587,4633040000
1628086500000,1.18585,1.18585,1.18365,1.184,3126200000
1628087400000,1.18401,1.18491,1.18382,1.18438,1747270000
1628088300000,1.18436,1.18477,1.18392,1.1843,1945620000
1628089200000,1.18429,1.18476,1.18326,1.18367,1628360000
1628090100000,1.18366,1.18385,1.18331,1.18355,1186660000
1628091000000,1.18356,1.18403,1.18343,1.18395,725140000
1628091900000,1.18393,1.18423,1.18374,1.1842,699030000
1628092800000,1.18421,1.18427,1.18378,1.18407,867160000
1628093700000,1.18406,1.18406,1.18352,1.18361,593080000
1628094600000,1.18362,1.18411,1.18357,1.18398,549340000
1628095500000,1.18398,1.184,1.18352,1.1838,656230000
1628096400000,1.18381,1.18391,1.18354,1.18368,387200000
1628097300000,1.18366,1.1841,1.18366,1.18409,416010000
1628098200000,1.18407,1.18408,1.18377,1.18383,307370000
1628099100000,1.18385,1.18417,1.18374,1.18392,310400000
1628100000000,1.1839,1.1841,1.18383,1.1841,430900000
1628100900000,1.18408,1.18424,1.18383,1.18383,538780000
1628101800000,1.18385,1.18387,1.18363,1.18375,570390000
1628102700000,1.18374,1.18397,1.18356,1.18387,399240000
1628103600000,1.18388,1.18401,1.18372,1.18399,224490000
1628104500000,1.184,1.18412,1.18383,1.18394,208080000
1628105400000,1.18394,1.18403,1.18379,1.1839,189890000
1628106300000,1.1839,1.18391,1.18362,1.18379,225690000
1628107200000,1.18381,1.18391,1.18365,1.18372,251540000
1628108100000,1.18371,1.18379,1.18366,1.18376,129380000
1628109000000,1.18375,1.18376,1.18355,1.18365,106710000
1628109900000,1.18364,1.18376,1.18363,1.18364,202560000
1628110800000,1.18364,1.18369,1.18359,1.18367,167360000
1628111700000,1.18369,1.18371,1.18359,1.18364,47000000
1628112600000,1.18364,1.18367,1.18331,1.18359,92925000
1628113500000,1.18359,1.18361,1.18357,1.18358,33750000
1628114400000,1.18359,1.18381,1.18358,1.18378,229120000
1628115300000,1.18379,1.18386,1.18369,1.18384,156070000
1628116200000,1.18383,1.18392,1.18373,1.18385,159260000
1628117100000,1.18385,1.18387,1.18377,1.1838,72450000
1628118000000,1.18381,1.18381,1.18372,1.18378,94100000
1628118900000,1.18379,1.18386,1.18368,1.18375,184480000
1628119800000,1.18375,1.18378,1.18374,1.18375,55160000
1628120700000,1.18377,1.1838,1.18369,1.18371,92840000
1628121600000,1.18373,1.18386,1.18364,1.18385,266710000
1628122500000,1.18387,1.18387,1.18359,1.18361,267020000
1628123400000,1.1836,1.18366,1.18336,1.18349,307230000
1628124300000,1.18351,1.18374,1.18315,1.18317,706240000
1628125200000,1.18319,1.18343,1.18315,1.18323,483150000
1628126100000,1.18324,1.18361,1.1832,1.18356,254740000
1628127000000,1.18355,1.18381,1.18348,1.18376,328880000
1628127900000,1.18375,1.18392,1.1835,1.18359,345660000
1628128800000,1.18356,1.1837,1.18348,1.18352,309670000
1628129700000,1.18351,1.18361,1.18325,1.18333,309920000
1628130600000,1.18334,1.18349,1.18329,1.18336,306470000
1628131500000,1.18336,1.1836,1.18321,1.18358,296180000
1628132400000,1.18357,1.18369,1.18345,1.18356,363600000
1628133300000,1.18357,1.18361,1.18344,1.18348,399690000
1628134200000,1.18347,1.18356,1.18342,1.18343,228750000
1628135100000,1.18343,1.18343,1.18327,1.18339,117940000
1628136000000,1.1834,1.18355,1.18337,1.18354,103930000
1628136900000,1.18352,1.1837,1.18352,1.18368,118670000
1628137800000,1.18367,1.18367,1.18344,1.18344,168960000
1628138700000,1.18345,1.18364,1.18338,1.18362,254910000
1628139600000,1.18362,1.18382,1.18357,1.18379,225980000
1628140500000,1.1838,1.1838,1.18367,1.1837,99960000
1628141400000,1.18371,1.18373,1.18347,1.1835,126700000
1628142300000,1.18351,1.18366,1.1834,1.18366,178830000
1628143200000,1.18365,1.1837,1.18312,1.1835,524470000
1628144100000,1.1835,1.18396,1.18336,1.1837,427720000
1628145000000,1.18368,1.1837,1.18302,1.1836,591580000
1628145900000,1.18359,1.18393,1.18338,1.18378,584960000
1628146800000,1.18376,1.18431,1.18361,1.18404,948480000
1628147700000,1.18405,1.18475,1.18401,1.18468,643000000
1628148600000,1.18468,1.18476,1.1843,1.1844,663580000
1628149500000,1.18441,1.18496,1.1844,1.18488,548730000
1628150400000,1.18485,1.18495,1.18398,1.18398,932170000
1628151300000,1.18397,1.18397,1.18326,1.18366,703170000
1628152200000,1.18365,1.18374,1.1832,1.18343,549970000
1628153100000,1.18343,1.18377,1.18298,1.1837,931630000
1628154000000,1.18371,1.1838,1.18339,1.1836,641970000
1628154900000,1.18361,1.18429,1.18355,1.18394,630620000
1628155800000,1.18395,1.18413,1.18377,1.18388,437410000
1628156700000,1.18388,1.1839,1.1828,1.18321,868100000
1628157600000,1.18322,1.18409,1.18322,1.18408,759140000
1628158500000,1.18409,1.18437,1.18409,1.18413,743170000
1628159400000,1.18413,1.1843,1.18385,1.18411,793940000
1628160300000,1.18411,1.18467,1.18402,1.1846,662620000
1628161200000,1.18459,1.18477,1.18424,1.18462,2071730000
1628162100000,1.18464,1.18549,1.18464,1.18544,735020000
1628163000000,1.18544,1.1855,1.18495,1.18512,908110000
1628163900000,1.18513,1.18567,1.1848,1.18551,812320000
1628164800000,1.1855,1.18572,1.18492,1.18492,1274030000
1628165700000,1.18493,1.18497,1.1838,1.18416,1114540000
1628166600000,1.18415,1.1845,1.18355,1.18355,2421990000
1628167500000,1.18353,1.18391,1.18331,1.18357,1956670000
1628168400000,1.18358,1.18399,1.18344,1.18395,1513630000
1628169300000,1.18395,1.18421,1.18357,1.18419,1235490000
1628170200000,1.18417,1.18474,1.1836,1.18404,1427590000
1628171100000,1.18402,1.18418,1.1832,1.18381,1446430000
1628172000000,1.18381,1.18511,1.18339,1.18511,1618540000
1628172900000,1.18512,1.18512,1.18449,1.1846,1304560000
1628173800000,1.18459,1.18478,1.18413,1.18413,964050000
1628174700000,1.1841,1.18457,1.18369,1.18391,1262250000
1628175600000,1.18388,1.18406,1.18342,1.18401,858420000
1628176500000,1.184,1.18429,1.1838,1.18429,899880000
1628177400000,1.18428,1.18459,1.18407,1.18426,709740000
1628178300000,1.18425,1.18437,1.1837,1.18371,753790000
1628179200000,1.18372,1.18413,1.18356,1.1841,393800000
1628180100000,1.18409,1.18412,1.18368,1.18411,362310000
1628181000000,1.1841,1.18416,1.18366,1.18408,410520000
1628181900000,1.18411,1.18412,1.18374,1.18388,349820000
1628182800000,1.18389,1.18398,1.18357,1.18397,435750000
1628183700000,1.18396,1.18396,1.18356,1.18371,398810000
1628184600000,1.18369,1.18372,1.18316,1.18325,226660000
1628185500000,1.18323,1.18355,1.18317,1.18354,316720000
1628186400000,1.18354,1.18373,1.18313,1.18358,342360000
1628187300000,1.18357,1.18386,1.18357,1.18383,246620000
1628188200000,1.18382,1.18387,1.18356,1.18358,214950000
1628189100000,1.18359,1.18365,1.18348,1.18357,217220000
1628190000000,1.18356,1.18357,1.1833,1.18331,245050000
1628190900000,1.18331,1.18349,1.1831,1.18349,305630000
1628191800000,1.18347,1.18367,1.18339,1.18357,304490000
1628192700000,1.18355,1.18367,1.18342,1.18358,214680000
1628193600000,1.1836,1.18362,1.18335,1.18337,147000000
1628194500000,1.1834,1.1834,1.18328,1.18334,75210000
1628195400000,1.18334,1.18334,1.18315,1.18318,122210000
1628196300000,1.18319,1.18327,1.18305,1.18321,408650000
1628197200000,1.1832,1.18343,1.18309,1.18314,321890000
1628198100000,1.18314,1.18348,1.18313,1.18329,42740000
1628199000000,1.18332,1.18353,1.18329,1.18335,84910000
1628199900000,1.18336,1.18357,1.18313,1.18335,404190000
1628200800000,1.18342,1.18353,1.18317,1.18318,230820000
1628201700000,1.18317,1.18342,1.18317,1.18341,96940000
1628202600000,1.1834,1.18341,1.18324,1.18329,88430000
1628203500000,1.1833,1.1833,1.18319,1.1832,33670000
1628204400000,1.18319,1.18333,1.18319,1.18326,30260000
1628205300000,1.18325,1.1833,1.1832,1.18325,69990000
1628206200000,1.18323,1.18335,1.18319,1.18329,62030000
1628207100000,1.18328,1.18343,1.18325,1.18332,165360000
1628208000000,1.18332,1.18333,1.1831,1.18311,210930000
1628208900000,1.18311,1.18317,1.18275,1.18275,204230000
1628209800000,1.18276,1.1828,1.18255,1.18261,245000000
1628210700000,1.18261,1.18271,1.18249,1.18253,361320000
1628211600000,1.18253,1.18278,1.18244,1.1825,339800000
1628212500000,1.18251,1.18253,1.18244,1.18246,158040000
1628213400000,1.18247,1.18253,1.18239,1.18247,167390000
1628214300000,1.18246,1.18262,1.18239,1.18259,235590000
1628215200000,1.18261,1.18263,1.18232,1.18233,232620000
1628216100000,1.18232,1.18242,1.18211,1.18222,215160000
1628217000000,1.18222,1.18224,1.182,1.18208,257400000
1628217900000,1.18207,1.18216,1.182,1.18213,344510000
1628218800000,1.18212,1.18228,1.18185,1.18226,220800000
1628219700000,1.18224,1.1824,1.18219,1.1824,91590000
1628220600000,1.18239,1.18247,1.18227,1.18246,176220000
1628221500000,1.18245,1.18245,1.18226,1.18231,92210000
1628222400000,1.18229,1.18229,1.18203,1.18208,141780000
1628223300000,1.18208,1.18217,1.18206,1.18212,64480000
1628224200000,1.18214,1.18225,1.18195,1.18222,149780000
1628225100000,1.18221,1.18257,1.18221,1.18255,194240000
1628226000000,1.18254,1.18269,1.18247,1.18257,163140000
1628226900000,1.18256,1.18261,1.18245,1.18246,142020000
1628227800000,1.18247,1.18256,1.18226,1.18228,247980000
1628228700000,1.18227,1.18257,1.18227,1.18246,159890000
1628229600000,1.18244,1.18271,1.18232,1.18247,446270000
1628230500000,1.18247,1.18274,1.18216,1.1826,535760000
1628231400000,1.1826,1.18275,1.18255,1.18267,393260000
1628232300000,1.18268,1.18293,1.18256,1.18281,498160000
1628233200000,1.1828,1.1828,1.18208,1.18222,577080000
1628234100000,1.18219,1.18298,1.1819,1.18246,780760000
1628235000000,1.18247,1.18292,1.1823,1.18273,492630000
1628235900000,1.18272,1.18296,1.18227,1.18241,488940000
1628236800000,1.18242,1.18245,1.18201,1.18203,667990000
1628237700000,1.18204,1.18223,1.18107,1.18109,815820000
1628238600000,1.18108,1.18133,1.18074,1.1813,941570000
1628239500000,1.1813,1.18138,1.18086,1.18109,596720000
1628240400000,1.18112,1.18126,1.18098,1.18103,389640000
1628241300000,1.18102,1.1812,1.18063,1.18113,458680000
1628242200000,1.18112,1.18122,1.18083,1.18091,371290000
1628243100000,1.1809,1.18098,1.18049,1.18098,565480000
1628244000000,1.18096,1.18106,1.18077,1.18086,377390000
1628244900000,1.18086,1.181,1.18055,1.18096,459130000
1628245800000,1.18095,1.18125,1.18052,1.18081,429770000
1628246700000,1.18082,1.18098,1.18043,1.18045,412070000
1628247600000,1.18047,1.18067,1.18038,1.18049,305390000
1628248500000,1.18047,1.18059,1.18015,1.18016,504890000
1628249400000,1.18019,1.18068,1.18004,1.18066,397880000
1628250300000,1.18067,1.18082,1.18039,1.18069,734420000
1628251200000,1.18072,1.18085,1.18013,1.1807,870000000
1628252100000,1.1807,1.18082,1.17998,1.18056,1568290000
1628253000000,1.18053,1.18082,1.17816,1.17846,9792640000
1628253900000,1.17846,1.17926,1.17765,1.17843,3623790000
1628254800000,1.17842,1.17857,1.17762,1.17843,2193210000
1628255700000,1.17842,1.17846,1.17772,1.17818,1535790000
1628256600000,1.17819,1.17881,1.17794,1.17806,1513010000
1628257500000,1.17804,1.17804,1.17674,1.17737,1783620000
1628258400000,1.17742,1.17756,1.17696,1.17705,1466290000
1628259300000,1.17706,1.17713,1.1758,1.17632,1553650000
1628260200000,1.17632,1.17646,1.17592,1.17643,1127550000
1628261100000,1.1764,1.1764,1.17549,1.17609,1584310000
1628262000000,1.17608,1.17628,1.17577,1.1762,1125510000
1628262900000,1.17621,1.1766,1.17597,1.17623,582090000
1628263800000,1.17623,1.17658,1.17618,1.17631,802230000
1628264700000,1.17629,1.17632,1.17588,1.17603,558030000
1628265600000,1.17604,1.17614,1.17576,1.17582,363600000
1628266500000,1.17584,1.17594,1.1756,1.17578,301620000
1628267400000,1.17579,1.17581,1.17564,1.17577,141890000
1628268300000,1.17577,1.17577,1.17543,1.17559,332720000
1628269200000,1.17559,1.17606,1.17559,1.17604,256700000
1628270100000,1.17603,1.17608,1.17582,1.17591,381220000
1628271000000,1.17592,1.17611,1.17577,1.17597,260290000
1628271900000,1.17598,1.17606,1.17593,1.17599,181930000
1628272800000,1.176,1.17635,1.176,1.17619,222760000
1628273700000,1.17621,1.17628,1.17598,1.1761,190140000
1628274600000,1.17609,1.1762,1.17599,1.17603,128530000
1628275500000,1.176,1.17602,1.17571,1.17571,261670000
1628276400000,1.17571,1.1761,1.17571,1.17597,298700000
1628277300000,1.17596,1.1761,1.17587,1.17609,166460000
1628278200000,1.17609,1.17614,1.17583,1.17584,150830000
1628279100000,1.17584,1.17603,1.1757,1.17592,381590000
1628280000000,1.17594,1.17598,1.17563,1.17594,329600000
1628280900000,1.17595,1.17617,1.1759,1.17594,192010000
1628281800000,1.17593,1.17644,1.17583,1.17624,355020000
1628282700000,1.17623,1.17625,1.17596,1.17596,1086430000
1628456400000,1.1758,1.17596,1.17577,1.17594,95480000
1628457300000,1.17594,1.17608,1.1759,1.17593,135850000
1628458200000,1.17592,1.1761,1.17588,1.17595,47810000
1628459100000,1.17588,1.17608,1.17586,1.17586,46430000
1628460000000,1.17592,1.17609,1.17556,1.17575,939110000
1628460900000,1.17575,1.17578,1.17549,1.17574,541740000
1628461800000,1.17575,1.17578,1.17564,1.17569,227030000
1628462700000,1.17569,1.1757,1.17504,1.1754,1214350000
1628463600000,1.17544,1.1755,1.17441,1.17479,1022700000
1628464500000,1.1748,1.17485,1.17422,1.17464,881030000
1628465400000,1.17464,1.17496,1.17452,1.17495,471450000
1628466300000,1.17493,1.17502,1.1747,1.17474,550820000
1628467200000,1.17477,1.175,1.17431,1.17451,846220000
1628468100000,1.17453,1.17485,1.17424,1.17479,561700000
1628469000000,1.1748,1.17495,1.17457,1.17476,449830000
1628469900000,1.17474,1.17506,1.17466,1.17506,318350000
1628470800000,1.17507,1.17539,1.17507,1.17525,667370000
1628471700000,1.17524,1.17551,1.1752,1.17546,398760000
1628472600000,1.17545,1.17585,1.17526,1.17576,471780000
1628473500000,1.17577,1.1758,1.17535,1.17538,585560000
1628474400000,1.17536,1.17567,1.17531,1.17554,318120000
1628475300000,1.17555,1.17581,1.17555,1.17575,261760000
1628476200000,1.17573,1.17596,1.17571,1.17594,221430000
1628477100000,1.17591,1.17608,1.17589,1.17601,234620000
1628478000000,1.17599,1.17606,1.17592,1.17602,179240000
1628478900000,1.17601,1.17601,1.1758,1.1758,250210000
1628479800000,1.17579,1.17596,1.17579,1.17584,222460000
1628480700000,1.17584,1.17599,1.17582,1.17591,176080000
1628481600000,1.1759,1.17593,1.17577,1.17584,187750000
1628482500000,1.17582,1.17587,1.17577,1.17578,113070000
1628483400000,1.17579,1.17591,1.17577,1.17587,105080000
1628484300000,1.17587,1.17635,1.17578,1.17632,245390000
1628485200000,1.17631,1.17631,1.17604,1.17614,197030000
1628486100000,1.17614,1.17645,1.17614,1.17639,162150000
1628487000000,1.17638,1.17643,1.17626,1.17633,180670000
1628487900000,1.17634,1.17645,1.17578,1.1758,358530000
1628488800000,1.1758,1.17656,1.17564,1.17625,753130000
1628489700000,1.17624,1.17649,1.17605,1.17641,595520000
1628490600000,1.17639,1.17666,1.17621,1.17629,483240000
1628491500000,1.17627,1.17628,1.17574,1.1759,578880000
1628492400000,1.17588,1.17654,1.17548,1.17556,1354250000
1628493300000,1.17558,1.17634,1.17552,1.17612,797650000
1628494200000,1.17611,1.17644,1.17598,1.17643,548000000
1628495100000,1.1764,1.17644,1.17575,1.17575,688140000
1628496000000,1.17578,1.17601,1.17522,1.1753,852330000
1628496900000,1.17528,1.17616,1.175,1.17607,1059660000
1628497800000,1.17606,1.17642,1.1757,1.17614,687230000
1628498700000,1.17612,1.17614,1.17544,1.17545,751350000
1628499600000,1.17546,1.17591,1.17524,1.17543,651690000
1628500500000,1.17543,1.17618,1.17537,1.1757,1076870000
1628501400000,1.17571,1.17595,1.17544,1.17588,663910000
1628502300000,1.17586,1.17628,1.17566,1.17611,595030000
1628503200000,1.1761,1.17629,1.17567,1.17578,557180000
1628504100000,1.17578,1.17586,1.17535,1.17562,685280000
1628505000000,1.17561,1.17564,1.17525,1.17542,365260000
1628505900000,1.1754,1.17585,1.17519,1.17534,571180000
1628506800000,1.17535,1.17584,1.17527,1.17582,617980000
1628507700000,1.17581,1.17649,1.17581,1.17646,858370000
1628508600000,1.17646,1.17654,1.17592,1.17619,391380000
1628509500000,1.17617,1.17638,1.17594,1.17627,610140000
1628510400000,1.17625,1.17653,1.17599,1.17605,627620000
1628511300000,1.17604,1.17653,1.17597,1.17639,742300000
1628512200000,1.1764,1.17687,1.17633,1.1768,547270000
1628513100000,1.17679,1.17689,1.17591,1.17608,648490000
1628514000000,1.1761,1.17654,1.17562,1.17654,909790000
1628514900000,1.17654,1.17669,1.1759,1.17616,642200000
1628515800000,1.17614,1.17655,1.17584,1.17602,1136690000
1628516700000,1.17602,1.17651,1.17595,1.17611,1500870000
1628517600000,1.17614,1.17636,1.17517,1.17544,1223960000
1628518500000,1.1754,1.1755,1.17465,1.17525,1076240000
1628519400000,1.17525,1.17531,1.1749,1.17513,546930000
1628520300000,1.17514,1.17524,1.17437,1.17442,1073820000
1628521200000,1.17441,1.17476,1.17405,1.17467,891230000
1628522100000,1.1747,1.17534,1.17463,1.17522,739370000
1628523000000,1.17523,1.17527,1.17473,1.17522,852510000
1628523900000,1.17521,1.17522,1.17474,1.17481,865310000
1628524800000,1.17481,1.17485,1.17427,1.17427,797740000
1628525700000,1.17429,1.17436,1.17409,1.17434,528220000
1628526600000,1.17434,1.17442,1.17405,1.17411,464310000
1628527500000,1.1741,1.17422,1.1741,1.1742,247040000
1628528400000,1.1742,1.17448,1.17413,1.17438,506630000
1628529300000,1.17436,1.17436,1.17402,1.17404,327180000
1628530200000,1.17404,1.17429,1.17375,1.17429,345340000
1628531100000,1.17426,1.1744,1.17418,1.17434,290750000
1628532000000,1.17433,1.17458,1.17429,1.17453,258100000
1628532900000,1.17454,1.17454,1.17433,1.17448,171550000
1628533800000,1.17449,1.17484,1.17443,1.17449,404640000
1628534700000,1.17447,1.1745,1.174,1.17401,653670000
1628535600000,1.17403,1.17419,1.17378,1.17389,545820000
1628536500000,1.17389,1.17398,1.17379,1.1739,149800000
1628537400000,1.17387,1.17394,1.17384,1.1739,92030000
1628538300000,1.17386,1.17386,1.17348,1.17351,428640000
1628539200000,1.17351,1.17375,1.1735,1.17372,162990000
1628540100000,1.17373,1.17374,1.17361,1.17372,162940000
1628541000000,1.17372,1.17377,1.17361,1.17362,89840000
1628541900000,1.17363,1.17366,1.17352,1.17359,237790000
1628542800000,1.17359,1.17359,1.17344,1.17357,993950000
1628543700000,1.17358,1.17362,1.17358,1.1736,55060000
1628544600000,1.1736,1.17381,1.17353,1.17378,645510000
1628545500000,1.17368,1.1738,1.17355,1.17378,556455000
1628546400000,1.17384,1.17386,1.17363,1.17363,336125000
1628547300000,1.17364,1.1737,1.17363,1.17364,132160000
1628548200000,1.17365,1.1737,1.17361,1.17365,71590000
1628549100000,1.17366,1.17373,1.1736,1.17372,102910000
1628550000000,1.17371,1.17372,1.17351,1.17356,79010000
1628550900000,1.17357,1.17361,1.17354,1.17361,11060000
1628551800000,1.17361,1.17366,1.17359,1.17364,41250000
1628552700000,1.17365,1.17376,1.17359,1.1736,80970000
1628553600000,1.17359,1.17365,1.17321,1.17345,531640000
1628554500000,1.17344,1.17371,1.1734,1.17347,328020000
1628555400000,1.17348,1.17365,1.17345,1.17361,252330000
1628556300000,1.17362,1.1738,1.1736,1.17376,329550000
1628557200000,1.17377,1.17387,1.17363,1.17381,268540000
1628558100000,1.1738,1.17393,1.17371,1.17374,331550000
1628559000000,1.17374,1.17376,1.17343,1.17344,514000000
1628559900000,1.17345,1.1735,1.1732,1.17326,556970000
1628560800000,1.17325,1.17346,1.1732,1.17343,183930000
1628561700000,1.17341,1.17349,1.17327,1.17335,434880000
1628562600000,1.17334,1.1735,1.17329,1.1735,182100000
1628563500000,1.1735,1.17391,1.17346,1.17379,547220000
1628564400000,1.17378,1.1738,1.17359,1.17373,516140000
1628565300000,1.17371,1.17398,1.17369,1.17391,706920000
1628566200000,1.17391,1.174,1.17382,1.17397,229810000
1628567100000,1.17396,1.17397,1.17382,1.17388,583520000
1628568000000,1.1739,1.17394,1.17374,1.17375,224710000
1628568900000,1.17374,1.17381,1.17368,1.17376,193310000
1628569800000,1.17375,1.17376,1.17355,1.17376,197320000
1628570700000,1.17375,1.17383,1.17366,1.17381,338530000
1628571600000,1.1738,1.17387,1.1737,1.17379,166400000
1628572500000,1.1738,1.17395,1.17374,1.17395,148440000
1628573400000,1.17393,1.17416,1.17385,1.1741,677930000
1628574300000,1.1741,1.17413,1.17373,1.17373,701400000
1628575200000,1.17374,1.1738,1.1734,1.17356,1004200000
1628576100000,1.17355,1.17414,1.17326,1.17404,1014360000
1628577000000,1.17403,1.17419,1.17382,1.17386,668740000
1628577900000,1.17389,1.17427,1.17366,1.17387,894750000
1628578800000,1.17388,1.17406,1.17354,1.17365,984470000
1628579700000,1.17363,1.17396,1.17327,1.17329,1125470000
1628580600000,1.1733,1.17335,1.17278,1.1728,884770000
1628581500000,1.17279,1.17322,1.1726,1.17314,770740000
1628582400000,1.17316,1.1735,1.17277,1.17341,749270000
1628583300000,1.17342,1.17358,1.17323,1.17349,538950000
1628584200000,1.17347,1.17389,1.17308,1.17386,829380000
1628585100000,1.17387,1.17387,1.17315,1.1732,729850000
1628586000000,1.17318,1.17318,1.17257,1.17295,1720360000
1628586900000,1.17298,1.17301,1.17223,1.17249,790290000
1628587800000,1.1725,1.1728,1.17246,1.17247,517060000
1628588700000,1.17247,1.1727,1.17227,1.17237,593080000
1628589600000,1.17235,1.17238,1.17175,1.17175,686960000
1628590500000,1.17176,1.17213,1.17161,1.17201,467890000
1628591400000,1.17202,1.1724,1.17185,1.17227,1591780000
1628592300000,1.17225,1.1728,1.17222,1.1726,1701540000
1628593200000,1.17261,1.17273,1.17211,1.17242,1479410000
1628594100000,1.1724,1.17262,1.17212,1.17232,1224530000
1628595000000,1.17232,1.17236,1.17196,1.172,846400000
1628595900000,1.172,1.17228,1.17175,1.17221,1610330000
1628596800000,1.17221,1.17225,1.17201,1.17216,983190000
1628597700000,1.17215,1.17225,1.17189,1.17212,2273690000
1628598600000,1.17213,1.17248,1.17192,1.17192,1464200000
1628599500000,1.1719,1.17198,1.17159,1.1716,1983480000
1628600400000,1.1716,1.172,1.17127,1.1718,2639890000
1628601300000,1.17179,1.17197,1.17144,1.17144,1145190000
1628602200000,1.17145,1.17181,1.17126,1.17136,1254800000
1628603100000,1.17135,1.17167,1.17107,1.17162,1249640000
1628604000000,1.17162,1.17174,1.17103,1.1712,1455360000
1628604900000,1.17121,1.17218,1.17095,1.17149,1908970000
1628605800000,1.17151,1.17184,1.17125,1.17146,2347220000
1628606700000,1.17144,1.17202,1.171,1.17195,3297470000
1628607600000,1.17193,1.17221,1.17173,1.17208,1787040000
1628608500000,1.17207,1.17245,1.17205,1.1721,1270350000
1628609400000,1.17211,1.17216,1.17175,1.17208,1230280000
1628610300000,1.17208,1.17238,1.17197,1.17203,857010000
1628611200000,1.17202,1.17211,1.17157,1.17176,1190150000
1628612100000,1.17176,1.17218,1.17175,1.17201,805910000
1628613000000,1.17199,1.1721,1.17179,1.17181,966190000
1628613900000,1.17183,1.17202,1.17154,1.17155,664110000
1628614800000,1.17156,1.17179,1.17142,1.17165,984420000
1628615700000,1.17164,1.17178,1.17154,1.17156,1025770000
1628616600000,1.17159,1.17171,1.17145,1.1717,753220000
1628617500000,1.17171,1.17188,1.17167,1.17182,1110500000
1628618400000,1.17182,1.17193,1.17172,1.17191,899720000
1628619300000,1.17192,1.17218,1.17178,1.17217,706230000
1628620200000,1.17217,1.17232,1.17206,1.17217,239650000
1628621100000,1.17216,1.17236,1.17206,1.17222,653490000
1628622000000,1.17222,1.17223,1.17207,1.17217,503690000
1628622900000,1.17216,1.17217,1.17204,1.17205,522180000
1628623800000,1.17204,1.17206,1.17186,1.1719,869350000
1628624700000,1.17191,1.17191,1.17174,1.17184,1013210000
1628625600000,1.17185,1.17195,1.17176,1.17182,376730000
1628626500000,1.17182,1.17189,1.17171,1.17187,167460000
1628627400000,1.17187,1.17187,1.17166,1.17184,180580000
1628628300000,1.17185,1.17207,1.17185,1.17185,400510000
1628629200000,1.17185,1.17215,1.17165,1.17177,183690000
1628630100000,1.17178,1.17194,1.17171,1.17192,134390000
1628631000000,1.17187,1.17198,1.17186,1.17192,122400000
1628631900000,1.17189,1.17194,1.17181,1.17192,194860000
1628632800000,1.17193,1.17211,1.17189,1.1719,225440000
1628633700000,1.17195,1.17203,1.17189,1.1719,226000000
1628634600000,1.17189,1.17206,1.17189,1.17192,141110000
1628635500000,1.17192,1.17218,1.17191,1.17216,90340000
1628636400000,1.17214,1.1722,1.172,1.172,71490000
1628637300000,1.17199,1.17206,1.17198,1.17202,35320000
1628638200000,1.17201,1.17216,1.17197,1.17199,131720000
1628639100000,1.17199,1.17204,1.17192,1.17195,103130000
1628640000000,1.17195,1.17199,1.17166,1.17171,393280000
1628640900000,1.1717,1.17181,1.17153,1.17165,228620000
1628641800000,1.17165,1.17172,1.17152,1.17162,195640000
1628642700000,1.17163,1.17166,1.17129,1.17129,285940000
1628643600000,1.17129,1.17145,1.17117,1.17142,252550000
1628644500000,1.17141,1.1719,1.17141,1.17188,258720000
1628645400000,1.1719,1.17202,1.1718,1.17191,540450000
1628646300000,1.17191,1.1721,1.17181,1.1721,296980000
1628647200000,1.17206,1.17221,1.17196,1.17221,364530000
1628648100000,1.17222,1.17247,1.17218,1.17234,173940000
1628649000000,1.17233,1.17251,1.1723,1.17236,205960000
1628649900000,1.17237,1.17251,1.1723,1.17251,122040000
1628650800000,1.1725,1.17255,1.17229,1.17235,200140000
1628651700000,1.17235,1.17235,1.17209,1.17209,265100000
1628652600000,1.17208,1.17217,1.17205,1.17206,249980000
1628653500000,1.17206,1.17206,1.17177,1.17184,329600000
1628654400000,1.17185,1.17191,1.17178,1.1719,113470000
1628655300000,1.1719,1.172,1.1719,1.17193,296460000
1628656200000,1.17194,1.17205,1.17189,1.17189,193810000
1628657100000,1.17187,1.17189,1.17169,1.17179,352660000
1628658000000,1.1718,1.17191,1.17173,1.17191,497930000
1628658900000,1.17191,1.17211,1.17185,1.17204,294680000
1628659800000,1.17205,1.1721,1.17178,1.17178,639200000
1628660700000,1.17179,1.17182,1.17152,1.17175,415430000
1628661600000,1.17172,1.17176,1.17117,1.17129,957550000
1628662500000,1.17128,1.17145,1.17099,1.17111,1001160000
1628663400000,1.17107,1.17117,1.17073,1.17083,531560000
1628664300000,1.17081,1.17149,1.17078,1.17094,766340000
1628665200000,1.17092,1.17125,1.17081,1.17097,798670000
1628666100000,1.17098,1.17115,1.17059,1.1709,1087380000
1628667000000,1.17092,1.17146,1.17065,1.17118,851670000
1628667900000,1.17119,1.17129,1.17088,1.17127,602870000
1628668800000,1.17127,1.17183,1.17115,1.17181,450360000
1628669700000,1.1718,1.17183,1.17137,1.17145,747410000
1628670600000,1.17145,1.1715,1.171,1.17113,459840000
1628671500000,1.17114,1.1715,1.17092,1.17124,503400000
1628672400000,1.17123,1.17164,1.17123,1.17154,600790000
1628673300000,1.17154,1.17156,1.17117,1.1712,552180000
1628674200000,1.17119,1.17157,1.17119,1.17131,278290000
1628675100000,1.17132,1.1714,1.17096,1.17105,515040000
1628676000000,1.17106,1.17116,1.17093,1.17106,436020000
1628676900000,1.17107,1.17115,1.17084,1.17108,824180000
1628677800000,1.17106,1.17141,1.17102,1.17128,625570000
1628678700000,1.1713,1.17167,1.17122,1.17144,385800000
1628679600000,1.17143,1.17143,1.17096,1.17137,786040000
1628680500000,1.17138,1.1716,1.17126,1.1713,400680000
1628681400000,1.17131,1.17161,1.17119,1.17153,290530000
1628682300000,1.17152,1.17177,1.1715,1.17155,646310000
1628683200000,1.17157,1.17187,1.1713,1.17181,839380000
1628684100000,1.17184,1.1721,1.17162,1.17173,968730000
1628685000000,1.1717,1.17495,1.17169,1.17444,7337670000
1628685900000,1.17445,1.17452,1.17265,1.17366,2700840000
1628686800000,1.17367,1.1738,1.17258,1.17328,2065680000
1628687700000,1.17328,1.1742,1.17319,1.17402,1415850000
1628688600000,1.17401,1.17467,1.17364,1.17404,2471430000
1628689500000,1.17403,1.17415,1.17339,1.17341,1606400000
1628690400000,1.17343,1.17345,1.17295,1.17318,1164910000
1628691300000,1.17318,1.17354,1.17301,1.17316,1265520000
1628692200000,1.17317,1.17367,1.17293,1.17364,1234600000
1628693100000,1.17362,1.17409,1.17351,1.17392,1001360000
1628694000000,1.17391,1.17417,1.17371,1.17408,595710000
1628694900000,1.17407,1.17407,1.17329,1.1737,523830000
1628695800000,1.17372,1.1738,1.17348,1.17368,500440000
1628696700000,1.17367,1.17402,1.1736,1.17366,374840000
1628697600000,1.17365,1.17368,1.1734,1.17363,467290000
1628698500000,1.17361,1.17388,1.1736,1.17383,299760000
1628699400000,1.17379,1.17446,1.17377,1.17444,435740000
1628700300000,1.17443,1.17485,1.17432,1.17482,480030000
1628701200000,1.17483,1.17541,1.17452,1.17477,1753240000
1628702100000,1.17476,1.17507,1.17441,1.17505,726830000
1628703000000,1.17508,1.1751,1.17459,1.17479,600220000
1628703900000,1.17478,1.1748,1.17456,1.17472,337690000
1628704800000,1.17472,1.17477,1.17456,1.17458,404990000
1628705700000,1.17459,1.17461,1.17421,1.17422,548030000
1628706600000,1.17424,1.1744,1.1742,1.17424,381110000
1628707500000,1.17424,1.17425,1.17382,1.17383,445490000
1628708400000,1.17384,1.17414,1.17384,1.17393,511530000
1628709300000,1.17396,1.17396,1.17377,1.17384,194120000
1628710200000,1.17385,1.17401,1.17385,1.17401,98210000
1628711100000,1.17401,1.17424,1.174,1.17421,241180000
1628712000000,1.17421,1.17422,1.17408,1.17418,189350000
1628712900000,1.17417,1.17418,1.1739,1.17391,84980000
1628713800000,1.1739,1.17423,1.1739,1.17417,71260000
1628714700000,1.17412,1.17414,1.17381,1.17381,584780000
1628715600000,1.17381,1.17382,1.17358,1.17368,280170000
1628716500000,1.17369,1.1738,1.17367,1.1738,33000000
1628717400000,1.1738,1.1739,1.1738,1.1738,365130000
1628718300000,1.1738,1.17413,1.17377,1.174,1936420000
1628719200000,1.17396,1.17421,1.17394,1.17413,259350000
1628720100000,1.1741,1.17414,1.17402,1.17403,90100000
1628721000000,1.17403,1.17404,1.17384,1.17394,191820000
1628721900000,1.17394,1.17418,1.17391,1.17416,117730000
1628722800000,1.17415,1.17417,1.17394,1.17399,173350000
1628723700000,1.174,1.17412,1.174,1.17411,168250000
1628724600000,1.1741,1.17421,1.17407,1.17414,90050000
1628725500000,1.17413,1.1742,1.17409,1.17417,140280000
1628726400000,1.17415,1.17442,1.17403,1.17437,295330000
1628727300000,1.17439,1.17445,1.17416,1.17416,199910000
1628728200000,1.17417,1.17426,1.17401,1.17403,188230000
1628729100000,1.17403,1.17418,1.17375,1.174,273310000
1628730000000,1.174,1.17411,1.17378,1.17383,373040000
1628730900000,1.17382,1.17402,1.17375,1.17388,288500000
1628731800000,1.17386,1.17411,1.17385,1.1739,307530000
1628732700000,1.17391,1.17407,1.17388,1.174,203470000
1628733600000,1.17398,1.174,1.17349,1.1735,257970000
1628734500000,1.17351,1.17379,1.17345,1.17376,144260000
1628735400000,1.17379,1.17406,1.17377,1.17401,187510000
1628736300000,1.17402,1.17417,1.17383,1.1739,331210000
1628737200000,1.17391,1.17421,1.17391,1.17398,359820000
1628738100000,1.17396,1.17411,1.17391,1.17409,129400000
1628739000000,1.17408,1.1742,1.17405,1.17409,168090000
1628739900000,1.1741,1.17449,1.17409,1.17444,144690000
1628740800000,1.17444,1.17445,1.17428,1.17439,162330000
1628741700000,1.17438,1.17457,1.17438,1.17455,144660000
1628742600000,1.17454,1.17454,1.17426,1.17427,217760000
1628743500000,1.17429,1.17437,1.17391,1.17396,232120000
1628744400000,1.17396,1.17417,1.17396,1.17416,260160000
1628745300000,1.17415,1.17436,1.17412,1.1743,167710000
1628746200000,1.17431,1.17452,1.17431,1.17447,244730000
1628747100000,1.17447,1.1745,1.17411,1.17412,157810000
1628748000000,1.17411,1.17443,1.174,1.17415,655690000
1628748900000,1.17416,1.17416,1.17373,1.17383,598090000
1628749800000,1.17385,1.17422,1.17369,1.17374,614240000
1628750700000,1.17375,1.17386,1.17351,1.17354,540020000
1628751600000,1.17354,1.17375,1.17326,1.17346,1023690000
1628752500000,1.17347,1.17361,1.17328,1.17343,587850000
1628753400000,1.17343,1.17401,1.17333,1.17389,462200000
1628754300000,1.1739,1.17429,1.17368,1.17418,567890000
1628755200000,1.17417,1.17426,1.17372,1.17375,653620000
1628756100000,1.17375,1.17412,1.17375,1.17391,530720000
1628757000000,1.1739,1.17454,1.17381,1.17449,718640000
1628757900000,1.1745,1.17481,1.17444,1.17467,549250000
1628758800000,1.17466,1.17472,1.17432,1.1744,550960000
1628759700000,1.17444,1.1745,1.17417,1.1744,410740000
1628760600000,1.1744,1.17468,1.17427,1.17442,471200000
1628761500000,1.1744,1.17443,1.17408,1.17416,768550000
1628762400000,1.17416,1.17421,1.17391,1.17398,477910000
1628763300000,1.17397,1.17403,1.17339,1.17363,448580000
1628764200000,1.17361,1.17406,1.17345,1.17394,589810000
1628765100000,1.17394,1.17394,1.17339,1.17356,535070000
1628766000000,1.17358,1.17386,1.17343,1.17356,575750000
1628766900000,1.17358,1.17403,1.17357,1.17387,394210000
1628767800000,1.17385,1.17395,1.17342,1.17347,401670000
1628768700000,1.17348,1.17392,1.17321,1.17383,495920000
1628769600000,1.17382,1.1741,1.17367,1.17387,703090000
1628770500000,1.17386,1.17404,1.17355,1.17382,678690000
1628771400000,1.17382,1.17384,1.17271,1.17279,2747410000
1628772300000,1.17277,1.17413,1.17277,1.174,1221600000
1628773200000,1.17397,1.17397,1.17286,1.17306,1629490000
1628774100000,1.17308,1.17339,1.17303,1.17333,928010000
1628775000000,1.17333,1.17347,1.17243,1.17256,1642990000
1628775900000,1.17256,1.17296,1.17236,1.17293,1270170000
1628776800000,1.17292,1.17346,1.17286,1.1734,1101910000
1628777700000,1.17339,1.1734,1.17277,1.1728,918520000
1628778600000,1.1728,1.17281,1.17236,1.17265,623670000
1628779500000,1.17265,1.17328,1.17262,1.17295,906210000
1628780400000,1.17296,1.1731,1.17268,1.173,737820000
1628781300000,1.173,1.1735,1.17276,1.17349,535450000
1628782200000,1.17348,1.17352,1.1733,1.17342,621550000
1628783100000,1.1734,1.17361,1.17322,1.1735,539900000
1628784000000,1.17348,1.17409,1.17338,1.17409,688270000
1628784900000,1.17409,1.17423,1.17392,1.17418,515900000
1628785800000,1.17419,1.17424,1.17391,1.17391,368230000
1628786700000,1.17392,1.17407,1.17381,1.17381,502850000
1628787600000,1.17379,1.17389,1.17356,1.17362,739380000
1628788500000,1.1736,1.17372,1.17342,1.17367,575930000
1628789400000,1.17368,1.17424,1.17367,1.1741,248660000
1628790300000,1.17411,1.17416,1.17377,1.17379,480440000
1628791200000,1.17378,1.17386,1.17349,1.17367,442010000
1628792100000,1.17366,1.17366,1.17336,1.17343,287240000
1628793000000,1.17347,1.1735,1.17313,1.17328,250620000
1628793900000,1.17326,1.1733,1.17299,1.17299,263200000
1628794800000,1.17299,1.17324,1.17299,1.17323,128300000
1628795700000,1.17323,1.17356,1.17323,1.17351,125100000
1628796600000,1.17352,1.1737,1.17348,1.17352,124640000
1628797500000,1.1735,1.17356,1.17344,1.17352,294980000
1628798400000,1.17351,1.17351,1.17336,1.17342,123290000
1628799300000,1.17344,1.17355,1.1734,1.17353,48910000
1628800200000,1.17354,1.17355,1.17341,1.17347,75230000
1628801100000,1.17347,1.17347,1.17288,1.17291,1026860000
1628802000000,1.17287,1.17322,1.17283,1.1731,436230000
1628802900000,1.17313,1.17319,1.17297,1.17313,246650000
1628803800000,1.17314,1.17317,1.17308,1.17315,43170000
1628804700000,1.17312,1.17325,1.17291,1.17307,185430000
1628805600000,1.17307,1.17342,1.17305,1.17332,252900000
1628806500000,1.17331,1.17333,1.17307,1.17329,525250000
1628807400000,1.17329,1.17352,1.17329,1.17352,48210000
1628808300000,1.17352,1.17364,1.17343,1.17361,115330000
1628809200000,1.17363,1.1738,1.17358,1.17377,91670000
1628810100000,1.17379,1.17386,1.17372,1.17373,242760000
1628811000000,1.17373,1.17373,1.17356,1.17356,175190000
1628811900000,1.17355,1.17364,1.17348,1.17356,140060000
1628812800000,1.17357,1.17362,1.17335,1.17346,206710000
1628813700000,1.17346,1.1735,1.17332,1.17347,123500000
1628814600000,1.17346,1.17358,1.17342,1.17342,148080000
1628815500000,1.17341,1.17364,1.17327,1.1736,257880000
1628816400000,1.17359,1.17373,1.17344,1.17348,224110000
1628817300000,1.17347,1.17379,1.17345,1.17378,151540000
1628818200000,1.17378,1.17404,1.17378,1.17403,364880000
1628819100000,1.17404,1.17407,1.17386,1.17392,283670000
1628820000000,1.17391,1.17398,1.1739,1.17397,120580000
1628820900000,1.17398,1.17424,1.17396,1.17406,125340000
1628821800000,1.17407,1.17407,1.17388,1.17393,231520000
1628822700000,1.17394,1.17416,1.17393,1.17406,436230000
1628823600000,1.17407,1.17414,1.17398,1.17398,436840000
1628824500000,1.17397,1.17404,1.1738,1.1738,358850000
1628825400000,1.17382,1.17399,1.17379,1.17399,280480000
1628826300000,1.17399,1.1741,1.17395,1.17395,364470000
1628827200000,1.17396,1.17409,1.17396,1.17399,192810000
1628828100000,1.17401,1.17404,1.1739,1.17393,242370000
1628829000000,1.17395,1.17395,1.17381,1.17388,79270000
1628829900000,1.17388,1.17395,1.17381,1.17389,178530000
1628830800000,1.17388,1.17394,1.17373,1.17379,204480000
1628831700000,1.17378,1.17389,1.17374,1.17376,218290000
1628832600000,1.17377,1.17392,1.17372,1.17389,175070000
1628833500000,1.17391,1.17391,1.17359,1.17368,139110000
1628834400000,1.17367,1.17373,1.17342,1.17359,338450000
1628835300000,1.17359,1.17379,1.17352,1.17372,581360000
1628836200000,1.17371,1.17384,1.17349,1.17373,374180000
1628837100000,1.17375,1.17382,1.17319,1.17329,354980000
1628838000000,1.17329,1.17358,1.17308,1.17348,702830000
1628838900000,1.17349,1.17349,1.17302,1.1734,625350000
1628839800000,1.17341,1.17362,1.17332,1.17353,367620000
1628840700000,1.17353,1.17383,1.17344,1.17345,572620000
1628841600000,1.17347,1.17391,1.1734,1.17375,447950000
1628842500000,1.17374,1.17404,1.17369,1.17378,384000000
1628843400000,1.17378,1.17398,1.17364,1.17397,405720000
1628844300000,1.17398,1.17427,1.17398,1.17421,479800000
1628845200000,1.17424,1.17425,1.17407,1.17416,720410000
1628846100000,1.17417,1.17439,1.17403,1.17433,453070000
1628847000000,1.17434,1.17486,1.17423,1.17479,440980000
1628847900000,1.1748,1.17492,1.17466,1.17492,367820000
1628848800000,1.17493,1.17514,1.17472,1.17481,519240000
1628849700000,1.17481,1.17491,1.1746,1.17486,473130000
1628850600000,1.17487,1.17502,1.17473,1.17477,337190000
1628851500000,1.17478,1.17494,1.17472,1.17487,256450000
1628852400000,1.17488,1.17516,1.1748,1.1751,494330000
1628853300000,1.17511,1.17568,1.17506,1.17561,662910000
1628854200000,1.17562,1.17629,1.17561,1.17617,1140500000
1628855100000,1.1762,1.17627,1.17585,1.17594,1023720000
1628856000000,1.17593,1.17647,1.17593,1.17644,997390000
1628856900000,1.17645,1.17649,1.17597,1.17623,800930000
1628857800000,1.17622,1.17689,1.17619,1.17667,763600000
1628858700000,1.17668,1.17675,1.17615,1.17659,557900000
1628859600000,1.17659,1.17677,1.17638,1.17669,805840000
1628860500000,1.1767,1.17732,1.1767,1.17697,1026810000
1628861400000,1.17698,1.17716,1.17659,1.17694,1289480000
1628862300000,1.17694,1.17706,1.17645,1.17656,852140000
1628863200000,1.17657,1.17793,1.17647,1.17789,2001570000
1628864100000,1.1779,1.17914,1.17787,1.17825,2376830000
1628865000000,1.17826,1.17892,1.17826,1.17889,1045910000
1628865900000,1.17887,1.17957,1.17879,1.17917,1328990000
1628866800000,1.17918,1.17983,1.17893,1.17971,1404410000
1628867700000,1.17972,1.18008,1.17953,1.17963,813200000
1628868600000,1.17965,1.17978,1.17944,1.17967,538510000
1628869500000,1.17966,1.17973,1.17939,1.17955,628210000
1628870400000,1.17958,1.17991,1.17954,1.17975,530740000
1628871300000,1.17973,1.18019,1.1797,1.18017,484720000
1628872200000,1.18017,1.18045,1.17995,1.18006,479930000
1628873100000,1.18008,1.18012,1.17981,1.17999,390920000
1628874000000,1.18,1.18002,1.17976,1.17992,342950000
1628874900000,1.17993,1.18008,1.17979,1.17984,498450000
1628875800000,1.17985,1.18006,1.17978,1.17991,225300000
1628876700000,1.17991,1.18005,1.17982,1.17991,357150000
1628877600000,1.17993,1.17999,1.17982,1.17998,168320000
1628878500000,1.17998,1.18002,1.17964,1.17973,278690000
1628879400000,1.1797,1.17983,1.17953,1.17954,339060000
1628880300000,1.17955,1.17962,1.17924,1.17957,677960000
1628881200000,1.17957,1.17962,1.17937,1.17948,263150000
1628882100000,1.17948,1.17973,1.17948,1.17971,168030000
1628883000000,1.17969,1.17973,1.17952,1.17956,326870000
1628883900000,1.17957,1.17988,1.17957,1.17979,266660000
1628884800000,1.17979,1.1798,1.1795,1.17957,245780000
1628885700000,1.17958,1.17961,1.17945,1.17947,120770000
1628886600000,1.17948,1.17968,1.17946,1.17967,422930000
1628887500000,1.17966,1.17972,1.17933,1.17933,929330000
1629061200000,1.17934,1.17955,1.17932,1.17939,167570000
1629062100000,1.17939,1.1795,1.17939,1.1795,178430000
1629063000000,1.17949,1.17952,1.17942,1.17943,276440000
1629063900000,1.17943,1.17947,1.17937,1.17941,596290000
1629064800000,1.17942,1.18007,1.17942,1.17981,798570000
1629065700000,1.17984,1.17984,1.17915,1.1792,175670000
1629066600000,1.1792,1.17945,1.1792,1.17937,161800000
1629067500000,1.17936,1.17949,1.17934,1.17934,55820000
1629068400000,1.17933,1.17959,1.17933,1.17955,86510000
1629069300000,1.17957,1.17957,1.17939,1.17942,66860000
1629070200000,1.17943,1.17948,1.17928,1.1793,131730000
1629071100000,1.17928,1.17943,1.17919,1.1794,101540000
1629072000000,1.17939,1.17973,1.17929,1.17935,320030000
1629072900000,1.17936,1.17962,1.1793,1.17946,337240000
1629073800000,1.17946,1.1795,1.17928,1.17949,149140000
1629074700000,1.17949,1.1796,1.17931,1.17955,357890000
1629075600000,1.17955,1.17974,1.17944,1.17962,295160000
1629076500000,1.17963,1.17979,1.1796,1.17978,168050000
1629077400000,1.17976,1.18002,1.1797,1.17991,294370000
1629078300000,1.17991,1.18006,1.17976,1.17978,350410000
1629079200000,1.17977,1.18,1.17962,1.17994,427970000
1629080100000,1.17995,1.17995,1.17964,1.17964,308080000
1629081000000,1.17965,1.17976,1.1796,1.1796,309650000
1629081900000,1.17963,1.17984,1.17959,1.1796,212280000
1629082800000,1.1796,1.17961,1.17911,1.17927,270880000
1629083700000,1.17926,1.17927,1.17912,1.17922,317170000
1629084600000,1.17922,1.17925,1.17898,1.17902,237950000
1629085500000,1.17903,1.17915,1.17899,1.179,177150000
1629086400000,1.17899,1.17911,1.17899,1.17909,68760000
1629087300000,1.17909,1.17915,1.17905,1.17911,85110000
1629088200000,1.1791,1.17933,1.17909,1.1792,128100000
1629089100000,1.17921,1.17941,1.17921,1.17936,77490000
1629090000000,1.17936,1.17937,1.17905,1.17909,156660000
1629090900000,1.17909,1.17915,1.17905,1.17905,109290000
1629091800000,1.17904,1.17909,1.17886,1.1789,214850000
1629092700000,1.1789,1.17891,1.17865,1.17865,245800000
1629093600000,1.17865,1.17913,1.17865,1.17874,678810000
1629094500000,1.17874,1.17928,1.17874,1.1792,405810000
1629095400000,1.1792,1.17927,1.17844,1.17867,470780000
1629096300000,1.17866,1.17876,1.17824,1.17854,662560000
1629097200000,1.17852,1.17906,1.17841,1.17896,1068400000
1629098100000,1.17895,1.17927,1.17881,1.17904,800530000
1629099000000,1.17903,1.17916,1.17855,1.17856,756760000
1629099900000,1.17856,1.17862,1.17786,1.17807,894330000
1629100800000,1.17807,1.17865,1.17799,1.17844,677460000
1629101700000,1.17846,1.17868,1.17822,1.17859,649820000
1629102600000,1.17861,1.17906,1.17861,1.17903,649250000
1629103500000,1.17902,1.17908,1.17848,1.17871,629210000
1629104400000,1.17871,1.17879,1.17826,1.17831,336750000
1629105300000,1.17831,1.17847,1.17809,1.17828,484880000
1629106200000,1.17826,1.17826,1.17778,1.17793,710550000
1629107100000,1.17794,1.17846,1.17794,1.17817,571820000
1629108000000,1.17817,1.17842,1.17796,1.17818,412770000
1629108900000,1.17817,1.17848,1.178,1.17823,520950000
1629109800000,1.17823,1.17864,1.1782,1.17826,623630000
1629110700000,1.17825,1.1783,1.17788,1.17814,400180000
1629111600000,1.17816,1.17828,1.17763,1.17772,482060000
1629112500000,1.17774,1.17787,1.17727,1.17742,578320000
1629113400000,1.17742,1.17755,1.17717,1.17745,485680000
1629114300000,1.17743,1.17743,1.17672,1.17681,632310000
1629115200000,1.17682,1.17726,1.17681,1.17724,989770000
1629116100000,1.17724,1.17727,1.1769,1.1771,917900000
1629117000000,1.1771,1.17763,1.17703,1.17752,1198410000
1629117900000,1.17752,1.17778,1.17747,1.17773,846100000
1629118800000,1.17774,1.17837,1.17763,1.1783,912930000
1629119700000,1.17829,1.17872,1.178,1.178,750910000
1629120600000,1.17803,1.1783,1.17773,1.17791,1326160000
1629121500000,1.17792,1.17804,1.17722,1.17747,1671240000
1629122400000,1.17746,1.17826,1.1773,1.17818,1286520000
1629123300000,1.17816,1.1783,1.17767,1.1779,1053910000
1629124200000,1.1779,1.17872,1.17779,1.17867,1014250000
1629125100000,1.17866,1.17903,1.17853,1.17876,1223100000
1629126000000,1.17876,1.17893,1.17799,1.17808,693350000
1629126900000,1.17806,1.17859,1.17791,1.17798,1010940000
1629127800000,1.17797,1.17815,1.17781,1.17809,581650000
1629128700000,1.1781,1.1781,1.17749,1.17749,592950000
1629129600000,1.1775,1.17763,1.1774,1.17762,493190000
1629130500000,1.17762,1.17772,1.1776,1.17771,176250000
1629131400000,1.1777,1.1779,1.17768,1.17787,382530000
1629132300000,1.17788,1.17806,1.17738,1.1775,505070000
1629133200000,1.17749,1.1777,1.17745,1.17762,473890000
1629134100000,1.17761,1.17762,1.17746,1.1776,277300000
1629135000000,1.17758,1.17768,1.17752,1.17753,176640000
1629135900000,1.17753,1.17774,1.17748,1.17771,166540000
1629136800000,1.1777,1.1778,1.17762,1.17769,131350000
1629137700000,1.17769,1.17774,1.17756,1.17764,194290000
1629138600000,1.17763,1.17778,1.17754,1.17754,151220000
1629139500000,1.17753,1.1778,1.17747,1.17751,449660000
1629140400000,1.17755,1.17774,1.17752,1.17766,212800000
1629141300000,1.17765,1.17771,1.1776,1.17771,143670000
1629142200000,1.17773,1.17786,1.17768,1.17786,147940000
1629143100000,1.17785,1.17795,1.17774,1.17781,365480000
1629144000000,1.17781,1.17786,1.17756,1.17766,99440000
1629144900000,1.17767,1.17774,1.1776,1.17766,88850000
1629145800000,1.17766,1.17767,1.17754,1.1776,85000000
1629146700000,1.17762,1.17768,1.1775,1.17764,500460000
1629147600000,1.17763,1.17781,1.17727,1.17734,603430000
1629148500000,1.17734,1.17756,1.17734,1.17756,124900000
1629149400000,1.1775,1.1777,1.17749,1.17749,646470000
1629150300000,1.1775,1.17771,1.1775,1.1777,128700000
1629151200000,1.1777,1.17783,1.17764,1.17772,143100000
1629152100000,1.1777,1.17777,1.17769,1.17775,41180000
1629153000000,1.17773,1.17777,1.17767,1.17776,37680000
1629153900000,1.1778,1.17788,1.17779,1.17788,71250000
1629154800000,1.17792,1.17805,1.17792,1.17797,54750000
1629155700000,1.17796,1.17797,1.17781,1.17788,86160000
1629156600000,1.17785,1.17789,1.17771,1.17781,116620000
1629157500000,1.17782,1.1779,1.17776,1.17776,110310000
1629158400000,1.17776,1.17776,1.17745,1.17749,311080000
1629159300000,1.1775,1.17765,1.1774,1.17761,317770000
1629160200000,1.17761,1.17762,1.17743,1.17746,450730000
1629161100000,1.17747,1.1775,1.17722,1.17739,321060000
1629162000000,1.17741,1.17756,1.1773,1.17756,245030000
1629162900000,1.17757,1.17767,1.17748,1.17751,237220000
1629163800000,1.17749,1.1775,1.17694,1.17723,1007020000
1629164700000,1.17723,1.17743,1.17714,1.17736,548700000
1629165600000,1.17738,1.17746,1.17721,1.17721,285660000
1629166500000,1.17722,1.17739,1.17721,1.17738,109260000
1629167400000,1.17739,1.17746,1.17692,1.17723,674000000
1629168300000,1.17722,1.17737,1.17718,1.17721,198900000
1629169200000,1.17719,1.17721,1.17675,1.17697,284140000
1629170100000,1.17697,1.17702,1.17666,1.17677,554300000
1629171000000,1.17676,1.17702,1.17673,1.17688,146000000
1629171900000,1.17689,1.17694,1.17679,1.17683,152860000
1629172800000,1.17683,1.17702,1.17681,1.17697,96780000
1629173700000,1.17698,1.17699,1.17683,1.1769,252920000
1629174600000,1.17688,1.17688,1.1767,1.17685,346320000
1629175500000,1.17684,1.17697,1.17681,1.17684,199000000
1629176400000,1.17686,1.17702,1.17685,1.17691,198020000
1629177300000,1.17693,1.17714,1.17684,1.17709,237270000
1629178200000,1.17708,1.17733,1.17703,1.17722,324440000
1629179100000,1.17722,1.17722,1.17693,1.177,204460000
1629180000000,1.17701,1.17707,1.17649,1.1766,906440000
1629180900000,1.1766,1.1768,1.17633,1.17642,784730000
1629181800000,1.17641,1.17667,1.17619,1.17635,760270000
1629182700000,1.17634,1.17673,1.17602,1.17612,947410000
1629183600000,1.17609,1.17703,1.17602,1.17657,1229490000
1629184500000,1.17653,1.17722,1.17631,1.17714,1013540000
1629185400000,1.17714,1.17746,1.17683,1.17726,803080000
1629186300000,1.17726,1.17733,1.17686,1.17722,872350000
1629187200000,1.17722,1.17827,1.177,1.17796,912000000
1629188100000,1.17794,1.17846,1.1777,1.17835,866630000
1629189000000,1.17833,1.17833,1.17771,1.17771,723740000
1629189900000,1.17772,1.17777,1.17736,1.17772,479310000
1629190800000,1.17775,1.17776,1.1771,1.17733,557070000
1629191700000,1.17734,1.17734,1.17641,1.17677,687220000
1629192600000,1.17676,1.17767,1.17671,1.17762,561730000
1629193500000,1.17763,1.17767,1.17711,1.17716,404110000
1629194400000,1.17717,1.17753,1.17707,1.17718,439620000
1629195300000,1.17717,1.17717,1.17662,1.17664,544010000
1629196200000,1.17665,1.17687,1.17645,1.17682,439720000
1629197100000,1.17683,1.17711,1.17665,1.17667,452870000
1629198000000,1.17666,1.17671,1.17652,1.17667,510680000
1629198900000,1.17666,1.17694,1.17655,1.1769,640750000
1629199800000,1.1769,1.17721,1.17684,1.17695,789890000
1629200700000,1.17699,1.17701,1.17614,1.17625,684140000
1629201600000,1.17626,1.17681,1.1761,1.1766,568670000
1629202500000,1.1766,1.17683,1.17629,1.1763,873660000
1629203400000,1.17631,1.17705,1.17491,1.17554,3311850000
1629204300000,1.17553,1.17563,1.17413,1.17439,1841460000
1629205200000,1.17439,1.17447,1.17356,1.17375,1977710000
1629206100000,1.17375,1.17386,1.17319,1.17358,1644210000
1629207000000,1.17354,1.17396,1.17317,1.17367,1881930000
1629207900000,1.17365,1.174,1.17352,1.17377,1431600000
1629208800000,1.17378,1.17386,1.1728,1.17293,1158040000
1629209700000,1.17293,1.173,1.17238,1.17254,1176070000
1629210600000,1.17257,1.1726,1.1714,1.17183,1757680000
1629211500000,1.17186,1.17223,1.17142,1.17171,1517220000
1629212400000,1.1717,1.17183,1.17119,1.17134,1582000000
1629213300000,1.17134,1.17176,1.1712,1.17157,1314300000
1629214200000,1.17156,1.17164,1.17113,1.17126,1103550000
1629215100000,1.17125,1.17139,1.17099,1.17131,792630000
1629216000000,1.17131,1.17183,1.17124,1.17175,648240000
1629216900000,1.17175,1.17175,1.17143,1.17154,432560000
1629217800000,1.17157,1.17164,1.17128,1.17128,296720000
1629218700000,1.17131,1.17132,1.17085,1.17085,656960000
1629219600000,1.17085,1.17161,1.17083,1.1716,676720000
1629220500000,1.17158,1.17174,1.17124,1.17165,465100000
1629221400000,1.17162,1.17184,1.17154,1.17159,282220000
1629222300000,1.17163,1.1718,1.1713,1.1718,455410000
1629223200000,1.17178,1.17196,1.1714,1.1717,345690000
1629224100000,1.17169,1.17186,1.17116,1.17123,500950000
1629225000000,1.17124,1.17131,1.17108,1.17119,372810000
1629225900000,1.17118,1.17129,1.17103,1.1711,346280000
1629226800000,1.17109,1.17124,1.17094,1.17114,304860000
1629227700000,1.17114,1.17121,1.17108,1.17116,330950000
1629228600000,1.17116,1.17117,1.17092,1.17099,407170000
1629229500000,1.171,1.17136,1.17096,1.17116,386190000
1629230400000,1.17115,1.17131,1.17113,1.17125,148610000
1629231300000,1.17123,1.17123,1.17098,1.17098,169550000
1629232200000,1.17099,1.17099,1.1708,1.17086,74050000
1629233100000,1.17087,1.171,1.17079,1.17086,707380000
1629234000000,1.17088,1.17093,1.17081,1.17092,231300000
1629234900000,1.17088,1.1711,1.17086,1.17104,140540000
1629235800000,1.17104,1.17122,1.17091,1.17093,258880000
1629236700000,1.17093,1.17118,1.1709,1.17102,498820000
1629237600000,1.17105,1.17107,1.17051,1.1706,508430000
1629238500000,1.17061,1.17062,1.17017,1.1702,228590000
1629239400000,1.17028,1.17071,1.17027,1.17068,150550000
1629240300000,1.17069,1.17079,1.17039,1.17058,128160000
1629241200000,1.17058,1.17071,1.17053,1.17065,154050000
1629242100000,1.17066,1.17087,1.17057,1.17087,129250000
1629243000000,1.17088,1.17089,1.17072,1.17087,111930000
1629243900000,1.17089,1.17096,1.17083,1.17091,135630000
1629244800000,1.17092,1.17127,1.17075,1.17122,466700000
1629245700000,1.17119,1.17133,1.17106,1.17124,234790000
1629246600000,1.17121,1.17121,1.17097,1.17099,332810000
1629247500000,1.17099,1.17122,1.17093,1.1712,385330000
1629248400000,1.1712,1.17136,1.17107,1.17129,378870000
1629249300000,1.17131,1.17147,1.17119,1.17139,423400000
1629250200000,1.17138,1.17152,1.17116,1.17128,549040000
1629251100000,1.17129,1.17176,1.17124,1.17162,481640000
1629252000000,1.17161,1.1717,1.171,1.17167,1315740000
1629252900000,1.17166,1.17193,1.17152,1.1719,355590000
1629253800000,1.17191,1.17196,1.17179,1.17182,300600000
1629254700000,1.17182,1.17196,1.17175,1.17196,319590000
1629255600000,1.17195,1.17229,1.17189,1.17201,330600000
1629256500000,1.172,1.1721,1.17174,1.17179,384080000
1629257400000,1.17178,1.17212,1.17172,1.17201,206580000
1629258300000,1.17199,1.17199,1.17164,1.17164,380600000
1629259200000,1.17167,1.17186,1.17157,1.17158,206510000
1629260100000,1.17156,1.17177,1.17156,1.17176,184450000
1629261000000,1.17175,1.17182,1.17155,1.17155,283380000
1629261900000,1.17155,1.17187,1.17149,1.17182,262420000
1629262800000,1.1718,1.1718,1.17147,1.17158,409900000
1629263700000,1.17157,1.17158,1.17144,1.17148,131010000
1629264600000,1.17146,1.17181,1.17131,1.17171,269430000
1629265500000,1.1717,1.1717,1.1713,1.17154,303620000
1629266400000,1.17152,1.17166,1.17129,1.1713,729350000
1629267300000,1.17132,1.1719,1.17127,1.17188,381770000
1629268200000,1.17187,1.17212,1.17177,1.17208,532410000
1629269100000,1.17209,1.17233,1.17169,1.17169,667790000
1629270000000,1.17169,1.17242,1.17161,1.17233,611500000
1629270900000,1.17232,1.17294,1.17213,1.17281,630250000
1629271800000,1.17282,1.17288,1.1726,1.17272,716020000
1629272700000,1.17271,1.17275,1.17217,1.17238,677040000
1629273600000,1.17239,1.17244,1.17196,1.17217,848380000
1629274500000,1.17214,1.17258,1.172,1.17215,646850000
1629275400000,1.17214,1.17215,1.17176,1.17199,643130000
1629276300000,1.17197,1.17223,1.17186,1.172,638700000
1629277200000,1.17199,1.17202,1.17162,1.17188,615260000
1629278100000,1.17186,1.17207,1.17171,1.17203,454420000
1629279000000,1.17202,1.17239,1.17186,1.17234,454600000
1629279900000,1.17235,1.17243,1.17156,1.17156,701320000
1629280800000,1.17157,1.17168,1.1713,1.17157,535250000
1629281700000,1.17156,1.17188,1.17131,1.17179,495600000
1629282600000,1.17176,1.17187,1.17143,1.17157,517750000
1629283500000,1.1716,1.17178,1.17121,1.17122,676790000
1629284400000,1.1712,1.17133,1.17081,1.17113,734640000
1629285300000,1.17113,1.17113,1.17059,1.171,834660000
1629286200000,1.17101,1.17127,1.1708,1.17114,514400000
1629287100000,1.17112,1.17233,1.17105,1.17219,746770000
1629288000000,1.17218,1.17237,1.17191,1.17224,781280000
1629288900000,1.17223,1.17261,1.17211,1.17244,932820000
1629289800000,1.17246,1.17255,1.17196,1.17206,1188070000
1629290700000,1.17206,1.17221,1.1714,1.17175,1056250000
1629291600000,1.17177,1.17211,1.17114,1.17141,929720000
1629292500000,1.17141,1.17162,1.17111,1.1712,1138850000
1629293400000,1.17119,1.17136,1.17085,1.17111,1326580000
1629294300000,1.1711,1.1719,1.17108,1.17184,1017210000
1629295200000,1.17185,1.17192,1.17126,1.1716,1140610000
1629296100000,1.17157,1.17171,1.17075,1.17101,939780000
1629297000000,1.17103,1.17122,1.17063,1.17096,1145350000
1629297900000,1.17092,1.17127,1.17078,1.17113,1030060000
1629298800000,1.17113,1.17118,1.17061,1.17078,706690000
1629299700000,1.17075,1.17075,1.16936,1.17022,1578000000
1629300600000,1.17024,1.17036,1.16979,1.16996,1002490000
1629301500000,1.16998,1.17058,1.16989,1.17013,758800000
1629302400000,1.17012,1.17028,1.16979,1.16979,549790000
1629303300000,1.16978,1.16982,1.16941,1.16971,628600000
1629304200000,1.16968,1.17005,1.16967,1.17004,390620000
1629305100000,1.17003,1.17013,1.16975,1.1699,316630000
1629306000000,1.16991,1.17035,1.16977,1.17021,577500000
1629306900000,1.17024,1.17036,1.17007,1.17015,364600000
1629307800000,1.17016,1.17017,1.16986,1.16998,217240000
1629308700000,1.16999,1.1701,1.16979,1.17,357100000
1629309600000,1.16999,1.17427,1.16992,1.1718,5270910000
1629310500000,1.17178,1.17234,1.17104,1.17222,2004440000
1629311400000,1.17218,1.17257,1.17149,1.17167,1267600000
1629312300000,1.17166,1.17166,1.17097,1.17122,960240000
1629313200000,1.17122,1.17155,1.17094,1.17135,646350000
1629314100000,1.17135,1.1715,1.17118,1.17129,425690000
1629315000000,1.1713,1.1714,1.17099,1.17129,563740000
1629315900000,1.1713,1.17133,1.1709,1.17127,823850000
1629316800000,1.17125,1.17144,1.17089,1.17104,389970000
1629317700000,1.17103,1.17105,1.17071,1.17105,212220000
1629318600000,1.17106,1.17123,1.17083,1.17097,262520000
1629319500000,1.17097,1.17106,1.17076,1.17089,249800000
1629320400000,1.17088,1.17166,1.17085,1.17106,135630000
1629321300000,1.17103,1.17119,1.17101,1.17104,32180000
1629322200000,1.17104,1.17113,1.17099,1.17104,288950000
1629323100000,1.17101,1.17104,1.17092,1.17092,144590000
1629324000000,1.17092,1.1713,1.17091,1.17127,363560000
1629324900000,1.17127,1.17154,1.17122,1.17152,105390000
1629325800000,1.17151,1.17155,1.17122,1.17122,135540000
1629326700000,1.17122,1.17145,1.17112,1.17132,181060000
1629327600000,1.17133,1.17148,1.17133,1.17137,77630000
1629328500000,1.17137,1.17142,1.17117,1.17129,130220000
1629329400000,1.17131,1.17139,1.17097,1.17101,198500000
1629330300000,1.171,1.17101,1.17026,1.17026,372670000
1629331200000,1.17027,1.17037,1.16965,1.16966,700680000
1629332100000,1.16969,1.16985,1.16839,1.16877,891480000
1629333000000,1.16875,1.16901,1.16867,1.16898,450930000
1629333900000,1.16897,1.16919,1.16865,1.16871,621500000
1629334800000,1.16872,1.16893,1.16855,1.16881,471260000
1629335700000,1.16883,1.1691,1.16882,1.16894,347350000
1629336600000,1.16895,1.16934,1.16886,1.16887,535810000
1629337500000,1.16886,1.16886,1.16838,1.16842,395140000
1629338400000,1.1684,1.16873,1.1684,1.16847,509600000
1629339300000,1.16845,1.16847,1.16753,1.16753,693340000
1629340200000,1.16755,1.1681,1.16745,1.16787,512580000
1629341100000,1.16787,1.16813,1.16765,1.16767,365400000
1629342000000,1.1677,1.16775,1.16656,1.16725,688820000
1629342900000,1.16723,1.16738,1.16711,1.16727,249550000
1629343800000,1.16731,1.16732,1.16706,1.16712,244940000
1629344700000,1.16714,1.16756,1.16712,1.16752,255270000
1629345600000,1.16753,1.16781,1.16753,1.16778,152720000
1629346500000,1.16776,1.16778,1.16756,1.16756,256340000
1629347400000,1.16757,1.16768,1.16738,1.16755,295580000
1629348300000,1.16756,1.16771,1.16742,1.16768,169280000
1629349200000,1.16767,1.16783,1.16741,1.1678,313890000
1629350100000,1.16781,1.16788,1.16749,1.1675,286370000
1629351000000,1.16749,1.16806,1.16745,1.16761,473910000
1629351900000,1.16762,1.16794,1.16696,1.16724,704200000
1629352800000,1.16723,1.16779,1.16686,1.16758,1293320000
1629353700000,1.16758,1.16772,1.16722,1.16736,935380000
1629354600000,1.16735,1.16797,1.16732,1.16763,844760000
1629355500000,1.16764,1.16806,1.16753,1.16785,744990000
1629356400000,1.16786,1.16826,1.16749,1.16784,1301150000
1629357300000,1.16785,1.16801,1.16711,1.16764,1047620000
1629358200000,1.16762,1.16802,1.16749,1.16778,971680000
1629359100000,1.16778,1.16841,1.16771,1.16826,886160000
1629360000000,1.16827,1.16847,1.16802,1.16827,752620000
1629360900000,1.16828,1.16939,1.16824,1.16933,870000000
1629361800000,1.16934,1.16972,1.16896,1.16906,1390900000
1629362700000,1.16908,1.16923,1.16825,1.16867,983420000
1629363600000,1.16869,1.1688,1.16801,1.16854,1091450000
1629364500000,1.16854,1.169,1.1684,1.1686,1132850000
1629365400000,1.16859,1.16918,1.16852,1.16908,691130000
1629366300000,1.16907,1.16977,1.16901,1.16959,604430000
1629367200000,1.16959,1.16964,1.16906,1.16918,555330000
1629368100000,1.1692,1.16944,1.16902,1.16902,597870000
1629369000000,1.16904,1.16953,1.16892,1.16919,683410000
1629369900000,1.16918,1.16952,1.16914,1.1693,573380000
1629370800000,1.16931,1.16983,1.16919,1.16963,614240000
1629371700000,1.16966,1.16983,1.16945,1.16958,380500000
1629372600000,1.16958,1.17007,1.16949,1.16993,477050000
1629373500000,1.16993,1.17038,1.16955,1.16992,611430000
1629374400000,1.1699,1.17026,1.16957,1.16962,843770000
1629375300000,1.16962,1.16987,1.16944,1.16963,846230000
1629376200000,1.16961,1.17041,1.16946,1.16976,1045900000
1629377100000,1.16977,1.17005,1.16958,1.16987,508180000
1629378000000,1.16987,1.17023,1.16952,1.16988,946200000
1629378900000,1.1699,1.17001,1.16918,1.1695,966420000
1629379800000,1.16949,1.16975,1.16931,1.16943,1526340000
1629380700000,1.16943,1.17012,1.16932,1.17001,1636400000
1629381600000,1.16999,1.17,1.16888,1.16918,1899710000
1629382500000,1.1692,1.1697,1.16893,1.16958,1151780000
1629383400000,1.16957,1.16967,1.16909,1.16922,1940940000
1629384300000,1.16925,1.16931,1.16815,1.16823,1648670000
1629385200000,1.16822,1.16862,1.16786,1.16825,2121040000
1629386100000,1.16824,1.16906,1.16811,1.16888,1356670000
1629387000000,1.1689,1.16954,1.16867,1.16946,2238330000
1629387900000,1.16949,1.16971,1.16926,1.16926,1671790000
1629388800000,1.16927,1.1693,1.16874,1.1689,1369340000
1629389700000,1.16891,1.16932,1.16862,1.16866,735190000
1629390600000,1.16866,1.16899,1.16846,1.16887,451400000
1629391500000,1.16888,1.16892,1.16855,1.16883,678310000
1629392400000,1.16882,1.16883,1.16841,1.16841,558420000
1629393300000,1.16841,1.16841,1.16788,1.16792,662950000
1629394200000,1.16791,1.16815,1.16772,1.16812,418710000
1629395100000,1.16812,1.16813,1.16772,1.16774,251640000
1629396000000,1.16773,1.16787,1.16751,1.16755,296130000
1629396900000,1.16756,1.16764,1.16731,1.16739,393310000
1629397800000,1.16737,1.1678,1.16724,1.16773,634530000
1629398700000,1.16772,1.16775,1.16744,1.16755,711860000
1629399600000,1.16755,1.16801,1.1675,1.16766,439990000
1629400500000,1.16764,1.16785,1.1676,1.16771,227160000
1629401400000,1.16771,1.16777,1.16748,1.1676,354120000
1629402300000,1.1676,1.16768,1.16741,1.16765,266820000
1629403200000,1.16763,1.1677,1.16746,1.16766,143310000
1629404100000,1.16765,1.16772,1.16764,1.1677,35920000
1629405000000,1.16771,1.16781,1.16762,1.16771,85440000
1629405900000,1.1677,1.16779,1.16753,1.16753,330170000
1629406800000,1.16753,1.16768,1.16733,1.16767,115900000
1629407700000,1.16762,1.16779,1.16762,1.16766,90160000
1629408600000,1.16768,1.16775,1.16765,1.16768,195880000
1629409500000,1.16768,1.16777,1.16762,1.16768,187330000
1629410400000,1.16769,1.16778,1.16767,1.16771,122070000
1629411300000,1.1677,1.16793,1.16765,1.16787,129790000
1629412200000,1.16787,1.16787,1.16776,1.16782,46320000
1629413100000,1.16781,1.16787,1.16776,1.16778,41690000
1629414000000,1.16777,1.16784,1.16767,1.16774,100430000
1629414900000,1.16773,1.16774,1.16759,1.16768,72040000
1629415800000,1.16768,1.16769,1.16757,1.16757,34440000
1629416700000,1.16758,1.16764,1.1675,1.16763,71640000
1629417600000,1.16762,1.16801,1.16762,1.16797,355390000
1629418500000,1.16798,1.16821,1.16785,1.16811,270580000
1629419400000,1.16811,1.16826,1.16805,1.16824,179350000
1629420300000,1.16825,1.16836,1.16817,1.16822,232440000
1629421200000,1.16822,1.16839,1.16809,1.16816,214710000
1629422100000,1.16819,1.16854,1.16819,1.16852,265300000
1629423000000,1.16852,1.16852,1.16817,1.16832,472310000
1629423900000,1.16833,1.16837,1.16774,1.16797,759080000
1629424800000,1.16797,1.16812,1.16768,1.16774,377310000
1629425700000,1.16775,1.16802,1.16774,1.16778,244150000
1629426600000,1.16779,1.16782,1.16757,1.16763,219240000
1629427500000,1.16763,1.16803,1.1676,1.16794,163520000
1629428400000,1.16793,1.16833,1.16786,1.16829,272730000
1629429300000,1.1683,1.16873,1.16829,1.16853,264720000
1629430200000,1.16853,1.16863,1.1683,1.16844,265190000
1629431100000,1.16843,1.16854,1.16833,1.16853,143330000
1629432000000,1.16855,1.1687,1.1685,1.16867,145640000
1629432900000,1.16866,1.1687,1.16854,1.16863,212070000
1629433800000,1.16865,1.16872,1.1684,1.16854,285420000
1629434700000,1.16855,1.1687,1.16854,1.1686,159660000
1629435600000,1.1686,1.16861,1.16835,1.16836,258940000
1629436500000,1.16835,1.16861,1.16815,1.16849,405100000
1629437400000,1.16849,1.16867,1.16845,1.16859,254080000
1629438300000,1.16858,1.16891,1.16854,1.16869,362020000
1629439200000,1.16869,1.16873,1.16829,1.16852,708270000
1629440100000,1.16854,1.16858,1.16827,1.16843,603980000
1629441000000,1.16841,1.16841,1.16789,1.1679,466500000
1629441900000,1.16786,1.16847,1.16781,1.1683,549840000
1629442800000,1.16829,1.16854,1.16791,1.1685,1001630000
1629443700000,1.16849,1.16851,1.16797,1.16805,937120000
1629444600000,1.16805,1.16864,1.16793,1.1683,890840000
1629445500000,1.16829,1.16838,1.16775,1.16794,789710000
1629446400000,1.16798,1.16846,1.16796,1.16829,677350000
1629447300000,1.1683,1.16835,1.16758,1.16758,776720000
1629448200000,1.16762,1.16768,1.16706,1.16716,801460000
1629449100000,1.16716,1.16757,1.16707,1.1674,696890000
1629450000000,1.16738,1.16766,1.16727,1.16728,475500000
1629450900000,1.16728,1.16747,1.16719,1.16722,508620000
1629451800000,1.16724,1.16767,1.16717,1.16742,559200000
1629452700000,1.1674,1.16771,1.16729,1.16754,567580000
1629453600000,1.16755,1.16775,1.1671,1.16716,490810000
1629454500000,1.16716,1.16811,1.16705,1.16806,446710000
1629455400000,1.16805,1.16833,1.168,1.16829,481430000
1629456300000,1.16828,1.16834,1.16783,1.16804,617000000
1629457200000,1.16805,1.16807,1.16748,1.16756,457800000
1629458100000,1.16756,1.16775,1.1675,1.16754,485170000
1629459000000,1.16753,1.1677,1.16694,1.16698,681280000
1629459900000,1.16698,1.16717,1.16673,1.16681,734770000
1629460800000,1.16681,1.16711,1.16678,1.16705,796930000
1629461700000,1.16704,1.16724,1.16648,1.16705,632880000
1629462600000,1.16705,1.16716,1.16671,1.16709,908410000
1629463500000,1.16709,1.16751,1.16649,1.16683,1390360000
1629464400000,1.16683,1.16782,1.16638,1.16737,1585850000
1629465300000,1.16739,1.16815,1.16731,1.16795,1725810000
1629466200000,1.16795,1.16854,1.16779,1.16841,1429960000
1629467100000,1.1684,1.16844,1.16756,1.16792,1742270000
1629468000000,1.16795,1.16806,1.16712,1.16723,2258130000
1629468900000,1.16721,1.1676,1.16716,1.1676,1235570000
1629469800000,1.16759,1.16821,1.1673,1.16819,1032940000
1629470700000,1.1682,1.16834,1.1676,1.16785,1198470000
1629471600000,1.16783,1.16827,1.16749,1.16792,995960000
1629472500000,1.16793,1.16821,1.16781,1.16812,592860000
1629473400000,1.16814,1.16828,1.16772,1.16819,704930000
1629474300000,1.16819,1.16906,1.16793,1.16903,1349520000
1629475200000,1.16902,1.16958,1.1689,1.16947,1023090000
1629476100000,1.16945,1.16991,1.16938,1.16988,867930000
1629477000000,1.16989,1.17001,1.16969,1.17001,474600000
1629477900000,1.17001,1.17044,1.16991,1.17031,799600000
1629478800000,1.17032,1.17038,1.16996,1.16997,329010000
1629479700000,1.16996,1.17001,1.16958,1.16962,523440000
1629480600000,1.16961,1.16977,1.16932,1.16933,343690000
1629481500000,1.16934,1.16952,1.16929,1.16944,348090000
1629482400000,1.16942,1.16973,1.16941,1.16942,349230000
1629483300000,1.16942,1.16947,1.1692,1.16929,209040000
1629484200000,1.16933,1.16971,1.1693,1.16957,178980000
1629485100000,1.16956,1.16974,1.16948,1.16962,302930000
1629486000000,1.16962,1.16975,1.16956,1.1697,249310000
1629486900000,1.16971,1.16984,1.16966,1.16978,192820000
1629487800000,1.16979,1.16986,1.16967,1.16984,158320000
1629488700000,1.16983,1.17021,1.16969,1.17021,520450000
1629489600000,1.1702,1.17039,1.17011,1.17025,458830000
1629490500000,1.17026,1.17044,1.17026,1.17042,105420000
1629491400000,1.17043,1.17043,1.1701,1.1701,245250000
1629492300000,1.1701,1.17016,1.1695,1.16951,907845000
1629666000000,1.16935,1.1697,1.16931,1.1697,36540000
1629666900000,1.1697,1.1697,1.1697,1.1697,78590000
1629667800000,1.1697,1.1697,1.16945,1.16945,51860000
1629668700000,1.16947,1.16952,1.16929,1.16933,50170000
1629669600000,1.16933,1.17008,1.16925,1.16993,2577090000
1629670500000,1.16996,1.16996,1.16963,1.16968,203750000
1629671400000,1.16969,1.16973,1.16937,1.16942,145630000
1629672300000,1.16943,1.16948,1.16928,1.16931,217820000
1629673200000,1.1693,1.16949,1.16929,1.16939,97840000
1629674100000,1.1694,1.16963,1.1694,1.16954,139030000
1629675000000,1.16955,1.16962,1.1695,1.16958,103760000
1629675900000,1.16956,1.16971,1.16947,1.16968,213830000
1629676800000,1.16969,1.17005,1.1696,1.1696,520510000
1629677700000,1.16962,1.16977,1.16954,1.16975,398600000
1629678600000,1.16977,1.16994,1.1695,1.16994,733860000
1629679500000,1.16995,1.17028,1.16987,1.16991,837020000
1629680400000,1.16992,1.17046,1.16987,1.17029,775380000
1629681300000,1.1703,1.17086,1.17025,1.17074,697370000
1629682200000,1.17073,1.17093,1.17043,1.17085,780160000
1629683100000,1.17085,1.17181,1.17085,1.17134,737230000
1629684000000,1.17133,1.17162,1.17124,1.17144,578250000
1629684900000,1.17142,1.17157,1.17125,1.17156,229040000
1629685800000,1.17156,1.17176,1.17149,1.17163,246830000
1629686700000,1.17162,1.1718,1.1716,1.17176,163020000
1629687600000,1.17175,1.17175,1.1715,1.17166,245800000
1629688500000,1.17168,1.17208,1.17163,1.17205,298840000
1629689400000,1.17205,1.17236,1.17196,1.17218,473270000
1629690300000,1.1722,1.17232,1.17197,1.172,638100000
1629691200000,1.172,1.17202,1.17182,1.17198,512120000
1629692100000,1.17197,1.17204,1.17165,1.1717,748200000
1629693000000,1.1717,1.17181,1.17161,1.17168,212040000
1629693900000,1.17168,1.17204,1.17167,1.17187,259110000
1629694800000,1.17186,1.17215,1.1718,1.1721,436430000
1629695700000,1.17211,1.17213,1.1719,1.1721,185250000
1629696600000,1.17211,1.17224,1.17204,1.17204,280900000
1629697500000,1.17205,1.17217,1.17163,1.17169,545540000
1629698400000,1.17169,1.172,1.17144,1.17158,927380000
1629699300000,1.17158,1.17179,1.17128,1.17135,993900000
1629700200000,1.17135,1.17154,1.17094,1.171,551400000
1629701100000,1.17102,1.17145,1.17081,1.17135,578100000
1629702000000,1.17134,1.17135,1.17076,1.17102,709020000
1629702900000,1.171,1.17142,1.17074,1.1712,820720000
1629703800000,1.17115,1.17261,1.17063,1.17206,1835590000
1629704700000,1.17205,1.17247,1.17187,1.17224,1016930000
1629705600000,1.17225,1.17283,1.17207,1.1726,1143140000
1629706500000,1.1726,1.17277,1.17227,1.17238,1047650000
1629707400000,1.17237,1.17319,1.17236,1.17313,825630000
1629708300000,1.17311,1.17314,1.17269,1.17309,696880000
1629709200000,1.17307,1.17325,1.17272,1.17299,881930000
1629710100000,1.17298,1.17304,1.17234,1.1724,584230000
1629711000000,1.1724,1.17262,1.17214,1.17239,518050000
1629711900000,1.17238,1.17266,1.17229,1.17239,657910000
1629712800000,1.17239,1.17274,1.17219,1.17236,513910000
1629713700000,1.17234,1.17236,1.17175,1.17183,571620000
1629714600000,1.17183,1.17185,1.17151,1.17173,348620000
1629715500000,1.17174,1.17278,1.17174,1.17278,548890000
1629716400000,1.17278,1.17278,1.17238,1.17246,751280000
1629717300000,1.17246,1.17269,1.17194,1.17211,898730000
1629718200000,1.17211,1.17245,1.172,1.17221,528790000
1629719100000,1.17222,1.17225,1.17176,1.17182,635720000
1629720000000,1.17181,1.17216,1.17161,1.17179,596290000
1629720900000,1.17179,1.17264,1.17178,1.17257,608080000
1629721800000,1.17258,1.17338,1.17255,1.17286,704610000
1629722700000,1.17288,1.17329,1.17278,1.1732,839260000
1629723600000,1.17319,1.17365,1.17307,1.17327,1455630000
1629724500000,1.17326,1.17416,1.17317,1.17405,1187020000
1629725400000,1.17403,1.17434,1.17345,1.17349,1272070000
1629726300000,1.17355,1.17402,1.17283,1.17302,1655880000
1629727200000,1.17302,1.17311,1.17239,1.17302,1023820000
1629728100000,1.17304,1.17329,1.17255,1.17308,962530000
1629729000000,1.17306,1.17396,1.173,1.17378,1527760000
1629729900000,1.17378,1.17419,1.17346,1.17398,1652520000
1629730800000,1.174,1.17405,1.17335,1.17339,969680000
1629731700000,1.17339,1.17358,1.17294,1.17304,973940000
1629732600000,1.17304,1.17365,1.17294,1.17323,925810000
1629733500000,1.17322,1.17337,1.17299,1.17314,480250000
1629734400000,1.17313,1.17383,1.17307,1.17373,605270000
1629735300000,1.17375,1.1739,1.17367,1.1737,588470000
1629736200000,1.17371,1.17402,1.17367,1.17398,323420000
1629737100000,1.17398,1.17398,1.17373,1.17392,520440000
1629738000000,1.17393,1.17421,1.17392,1.17394,301700000
1629738900000,1.17394,1.17403,1.17383,1.17394,335770000
1629739800000,1.17393,1.1742,1.17392,1.17414,237970000
1629740700000,1.17416,1.17439,1.17416,1.17434,253790000
1629741600000,1.17432,1.17444,1.17432,1.17444,163960000
1629742500000,1.17444,1.17479,1.17436,1.17457,196290000
1629743400000,1.17456,1.17478,1.17456,1.17478,312100000
1629744300000,1.17476,1.175,1.17458,1.17481,345370000
1629745200000,1.17482,1.17501,1.17464,1.17476,286860000
1629746100000,1.17476,1.17479,1.17458,1.17471,152980000
1629747000000,1.17469,1.17472,1.1745,1.17454,348730000
1629747900000,1.17454,1.1747,1.17439,1.17466,576400000
1629748800000,1.17464,1.17484,1.1744,1.17447,338710000
1629749700000,1.17446,1.17447,1.1742,1.17425,264190000
1629750600000,1.17425,1.17457,1.17425,1.17451,109270000
1629751500000,1.17453,1.17466,1.17434,1.17439,330190000
1629752400000,1.17439,1.17452,1.17427,1.17445,186510000
1629753300000,1.17446,1.17452,1.17439,1.17449,19510000
1629754200000,1.17451,1.17455,1.17441,1.17454,15660000
1629755100000,1.17454,1.17471,1.17441,1.17458,292980000
1629756000000,1.17457,1.1748,1.17457,1.1748,171330000
1629756900000,1.17481,1.17485,1.17474,1.17475,88340000
1629757800000,1.17475,1.1748,1.17464,1.17465,159680000
1629758700000,1.17465,1.17469,1.17453,1.17453,184170000
1629759600000,1.17455,1.17468,1.17449,1.17464,273490000
1629760500000,1.17465,1.17469,1.17446,1.17446,460770000
1629761400000,1.17448,1.17451,1.17436,1.17446,118610000
1629762300000,1.17446,1.17451,1.17435,1.17441,94030000
1629763200000,1.17439,1.17473,1.17434,1.17457,447640000
1629764100000,1.17456,1.17456,1.17409,1.1741,298500000
1629765000000,1.1741,1.17424,1.17402,1.17407,238430000
1629765900000,1.17407,1.17422,1.17384,1.1739,552800000
1629766800000,1.17392,1.17397,1.17371,1.17391,351910000
1629767700000,1.17392,1.174,1.17385,1.17398,289220000
1629768600000,1.17396,1.17398,1.17386,1.17396,272190000
1629769500000,1.17398,1.17399,1.17358,1.17359,259680000
1629770400000,1.1736,1.17362,1.17341,1.17362,185330000
1629771300000,1.17361,1.17376,1.17356,1.1736,113380000
1629772200000,1.17361,1.1739,1.17354,1.1739,228960000
1629773100000,1.1739,1.17426,1.17386,1.17419,405260000
1629774000000,1.17419,1.17421,1.17385,1.17406,207890000
1629774900000,1.17407,1.17412,1.17396,1.17402,70920000
1629775800000,1.17404,1.17408,1.17397,1.17397,102900000
1629776700000,1.17397,1.17397,1.17375,1.17376,125740000
1629777600000,1.17377,1.1739,1.17372,1.17389,86460000
1629778500000,1.17388,1.17398,1.17378,1.17381,86500000
1629779400000,1.17381,1.174,1.17381,1.17396,70960000
1629780300000,1.17395,1.17411,1.17395,1.17411,39110000
1629781200000,1.17412,1.1744,1.17405,1.17435,202370000
1629782100000,1.17435,1.1745,1.17418,1.17434,206980000
1629783000000,1.17433,1.17458,1.17425,1.17452,254820000
1629783900000,1.17451,1.17457,1.17408,1.17408,482380000
1629784800000,1.17412,1.17454,1.17395,1.1743,710640000
1629785700000,1.17431,1.17467,1.17428,1.17442,533950000
1629786600000,1.17441,1.17462,1.17416,1.17422,438840000
1629787500000,1.17423,1.17448,1.17387,1.17395,689860000
1629788400000,1.17394,1.17448,1.17363,1.17368,871300000
1629789300000,1.17367,1.17425,1.17363,1.17383,686040000
1629790200000,1.17384,1.17387,1.17329,1.17379,648590000
1629791100000,1.17378,1.17392,1.17364,1.17381,755780000
1629792000000,1.17381,1.17393,1.17339,1.17377,636550000
1629792900000,1.17376,1.17413,1.17322,1.17327,1243070000
1629793800000,1.17331,1.17341,1.17299,1.17327,1008240000
1629794700000,1.17328,1.17361,1.17272,1.17285,887800000
1629795600000,1.17285,1.17312,1.17277,1.17293,581080000
1629796500000,1.17294,1.1736,1.17289,1.17343,602950000
1629797400000,1.17344,1.17376,1.17337,1.17341,621770000
1629798300000,1.1734,1.17349,1.17301,1.17307,569940000
1629799200000,1.17308,1.17358,1.17308,1.17349,558040000
1629800100000,1.1735,1.17378,1.17339,1.17368,535290000
1629801000000,1.17367,1.17392,1.17354,1.17366,612860000
1629801900000,1.17365,1.17371,1.17335,1.17357,517010000
1629802800000,1.17357,1.17423,1.17347,1.17408,432050000
1629803700000,1.17407,1.17407,1.1739,1.17392,224120000
1629804600000,1.17395,1.17422,1.17378,1.17401,435800000
1629805500000,1.174,1.17403,1.17347,1.1736,474500000
1629806400000,1.17361,1.174,1.17351,1.17399,591890000
1629807300000,1.17398,1.17443,1.17396,1.17438,912200000
1629808200000,1.17439,1.17506,1.17414,1.17472,839900000
1629809100000,1.17471,1.17548,1.17452,1.17505,1170980000
1629810000000,1.17506,1.17541,1.17484,1.17496,1196500000
1629810900000,1.17495,1.17537,1.17461,1.17484,1045390000
1629811800000,1.17483,1.175,1.17351,1.17395,1746110000
1629812700000,1.17396,1.17488,1.17384,1.17478,1325010000
1629813600000,1.17479,1.17571,1.17422,1.17444,1789510000
1629814500000,1.17444,1.17547,1.17444,1.17521,941490000
1629815400000,1.17521,1.1765,1.17518,1.17637,1785390000
1629816300000,1.17635,1.1765,1.17593,1.17607,1603060000
1629817200000,1.17606,1.1761,1.17537,1.17549,1061990000
1629818100000,1.17548,1.17549,1.17471,1.17472,707530000
1629819000000,1.17475,1.17496,1.17461,1.17464,651310000
1629819900000,1.17465,1.1748,1.17429,1.17465,793420000
1629820800000,1.17464,1.1747,1.17437,1.17454,596870000
1629821700000,1.17453,1.17468,1.17427,1.17436,371370000
1629822600000,1.17436,1.17455,1.17436,1.1744,297220000
1629823500000,1.1744,1.17476,1.17434,1.17473,281830000
1629824400000,1.17473,1.17473,1.17448,1.17451,450080000
1629825300000,1.17453,1.17476,1.17447,1.17474,396460000
1629826200000,1.17474,1.17474,1.17447,1.17449,347210000
1629827100000,1.17446,1.17452,1.17437,1.17449,325680000
1629828000000,1.17449,1.17459,1.17426,1.17459,619410000
1629828900000,1.1746,1.17514,1.17455,1.17509,481810000
1629829800000,1.17507,1.17551,1.17504,1.1753,324720000
1629830700000,1.17529,1.17555,1.17523,1.17544,353780000
1629831600000,1.17545,1.17556,1.17539,1.17543,330470000
1629832500000,1.17545,1.17546,1.17517,1.1753,121190000
1629833400000,1.17529,1.17561,1.17526,1.17554,185480000
1629834300000,1.17552,1.17577,1.17548,1.17575,263250000
1629835200000,1.17574,1.17575,1.17563,1.17571,145730000
1629836100000,1.1757,1.1759,1.17565,1.17588,59150000
1629837000000,1.17589,1.17589,1.17557,1.17574,110670000
1629837900000,1.17576,1.17589,1.17541,1.17541,318630000
1629838800000,1.17541,1.17564,1.17522,1.1756,111330000
1629839700000,1.1756,1.1756,1.17555,1.1756,54000000
1629840600000,1.1756,1.17567,1.1756,1.1756,143000000
1629841500000,1.1756,1.17569,1.17557,1.17557,34380000
1629842400000,1.17556,1.17572,1.17548,1.17569,190105000
1629843300000,1.17569,1.17577,1.17563,1.17574,228470000
1629844200000,1.17573,1.17586,1.17565,1.17566,263300000
1629845100000,1.17565,1.17567,1.17565,1.17566,13870000
1629846000000,1.17567,1.17571,1.17559,1.17565,98110000
1629846900000,1.17565,1.17566,1.17548,1.17548,131860000
1629847800000,1.17548,1.17552,1.17531,1.17537,263230000
1629848700000,1.17539,1.17547,1.1752,1.17526,211750000
1629849600000,1.17527,1.17575,1.17527,1.17546,328000000
1629850500000,1.17546,1.17556,1.17518,1.17525,310270000
1629851400000,1.17526,1.17527,1.17418,1.17426,765360000
1629852300000,1.17426,1.17446,1.17399,1.17415,493540000
1629853200000,1.17416,1.17424,1.1739,1.17413,653640000
1629854100000,1.17412,1.17416,1.17395,1.17408,326600000
1629855000000,1.17409,1.17409,1.17374,1.17397,522580000
1629855900000,1.17397,1.17398,1.1735,1.17359,700530000
1629856800000,1.17357,1.17368,1.17344,1.17345,417810000
1629857700000,1.17345,1.17355,1.17332,1.17342,327150000
1629858600000,1.17343,1.17392,1.17343,1.17368,470100000
1629859500000,1.1737,1.17377,1.17358,1.17376,444060000
1629860400000,1.17374,1.17374,1.17344,1.17365,342880000
1629861300000,1.17364,1.17368,1.17354,1.17359,303770000
1629862200000,1.1736,1.1737,1.17355,1.17369,156730000
1629863100000,1.17368,1.17395,1.1736,1.17381,315810000
1629864000000,1.1738,1.17399,1.17379,1.17393,178100000
1629864900000,1.17392,1.17396,1.17384,1.17387,246370000
1629865800000,1.17389,1.17397,1.17375,1.17385,430280000
1629866700000,1.17385,1.17404,1.17382,1.17404,306250000
1629867600000,1.17403,1.17433,1.17398,1.17428,414800000
1629868500000,1.17429,1.17444,1.17423,1.17425,162950000
1629869400000,1.17425,1.17446,1.1742,1.17444,470860000
1629870300000,1.17444,1.17453,1.17417,1.17426,653280000
1629871200000,1.17427,1.17437,1.17406,1.17408,1237070000
1629872100000,1.17412,1.17449,1.17401,1.17445,722340000
1629873000000,1.17444,1.17446,1.17394,1.17401,442450000
1629873900000,1.17402,1.17402,1.17322,1.1733,642680000
1629874800000,1.17332,1.17363,1.17323,1.1735,1059620000
1629875700000,1.17353,1.1744,1.17345,1.17431,821330000
1629876600000,1.17432,1.17437,1.17386,1.17406,561800000
1629877500000,1.17406,1.17431,1.17363,1.17377,693050000
1629878400000,1.17376,1.1747,1.17333,1.17455,1239730000
1629879300000,1.17455,1.17566,1.17455,1.17563,1778880000
1629880200000,1.1756,1.17594,1.17513,1.17531,1200070000
1629881100000,1.17532,1.17551,1.17482,1.17511,720240000
1629882000000,1.1751,1.17547,1.17492,1.17517,1104910000
1629882900000,1.17516,1.17555,1.17506,1.17508,655620000
1629883800000,1.17507,1.17539,1.17501,1.17517,829380000
1629884700000,1.17518,1.17522,1.17479,1.17487,541950000
1629885600000,1.17489,1.17506,1.17471,1.17502,485830000
1629886500000,1.17501,1.17503,1.17463,1.1749,601740000
1629887400000,1.17491,1.17491,1.17434,1.17434,587900000
1629888300000,1.17435,1.17473,1.17427,1.17472,448130000
1629889200000,1.17471,1.17471,1.17386,1.17399,599100000
1629890100000,1.174,1.17403,1.17349,1.17364,684080000
1629891000000,1.17364,1.17389,1.17347,1.17376,548100000
1629891900000,1.17375,1.17421,1.17368,1.17408,483070000
1629892800000,1.17407,1.17415,1.17335,1.17351,1059680000
1629893700000,1.17352,1.17388,1.17346,1.17349,707310000
1629894600000,1.17349,1.17367,1.1726,1.17318,1937160000
1629895500000,1.17317,1.17347,1.1731,1.17324,828380000
1629896400000,1.17322,1.17448,1.17306,1.17429,1256830000
1629897300000,1.17433,1.17434,1.17379,1.17396,1021370000
1629898200000,1.17392,1.17413,1.17299,1.1736,1511480000
1629899100000,1.17359,1.17498,1.17308,1.1747,1637000000
1629900000000,1.1747,1.17555,1.17457,1.17497,2472710000
1629900900000,1.17498,1.17544,1.17476,1.17479,1285000000
1629901800000,1.17481,1.17544,1.17457,1.1749,1261860000
1629902700000,1.17488,1.17548,1.17463,1.17494,1356940000
1629903600000,1.17498,1.17535,1.17465,1.17506,1250890000
1629904500000,1.17503,1.17505,1.17461,1.17489,854020000
1629905400000,1.17487,1.17551,1.1748,1.17519,866790000
1629906300000,1.17517,1.17598,1.17503,1.17564,1040630000
1629907200000,1.17563,1.17628,1.17557,1.17617,586380000
1629908100000,1.17618,1.17625,1.17594,1.17598,518950000
1629909000000,1.176,1.17632,1.17598,1.17618,732740000
1629909900000,1.17617,1.17624,1.17598,1.17601,331660000
1629910800000,1.17602,1.17611,1.17545,1.17556,552560000
1629911700000,1.17557,1.17562,1.17532,1.1756,467970000
1629912600000,1.17561,1.17611,1.17555,1.17596,405130000
1629913500000,1.17595,1.17604,1.17583,1.17595,424730000
1629914400000,1.17594,1.17743,1.17594,1.1773,798510000
1629915300000,1.1773,1.17737,1.17695,1.1772,551350000
1629916200000,1.17721,1.17738,1.17702,1.17734,367190000
1629917100000,1.17732,1.17741,1.17706,1.17711,452450000
1629918000000,1.17712,1.1772,1.17671,1.17676,302840000
1629918900000,1.17673,1.17677,1.1766,1.17666,134850000
1629919800000,1.17665,1.17671,1.17653,1.17665,111780000
1629920700000,1.17666,1.17723,1.17664,1.17711,277600000
1629921600000,1.1771,1.17712,1.17691,1.17712,216730000
1629922500000,1.17716,1.1773,1.17708,1.17726,118470000
1629923400000,1.17725,1.17732,1.17721,1.17726,115470000
1629924300000,1.17726,1.17745,1.17709,1.17711,428150000
1629925200000,1.1771,1.17719,1.17687,1.177,352660000
1629926100000,1.177,1.17716,1.177,1.177,73890000
1629927000000,1.177,1.17713,1.17699,1.17704,151660000
1629927900000,1.17705,1.17717,1.1769,1.17697,526560000
1629928800000,1.17696,1.1773,1.17696,1.1771,337130000
1629929700000,1.1771,1.17715,1.17704,1.17704,143690000
1629930600000,1.17706,1.17728,1.17701,1.17722,334640000
1629931500000,1.17724,1.17726,1.17706,1.17708,132690000
1629932400000,1.17706,1.17716,1.17702,1.17705,173980000
1629933300000,1.17705,1.17721,1.17702,1.1772,120970000
1629934200000,1.17721,1.17722,1.17715,1.17716,76860000
1629935100000,1.17715,1.17717,1.17707,1.17717,148730000
1629936000000,1.17716,1.17736,1.17702,1.1772,297110000
1629936900000,1.1772,1.17723,1.17676,1.17688,469190000
1629937800000,1.17688,1.17692,1.17666,1.17674,185860000
1629938700000,1.17675,1.17696,1.17662,1.17668,357770000
1629939600000,1.17667,1.17667,1.17626,1.17635,461080000
1629940500000,1.17634,1.17649,1.17627,1.17638,351110000
1629941400000,1.17639,1.17657,1.1763,1.1763,478010000
1629942300000,1.17629,1.17677,1.17628,1.17655,485410000
1629943200000,1.17658,1.17658,1.17634,1.17641,516430000
1629944100000,1.17642,1.17642,1.17625,1.17625,569500000
1629945000000,1.17624,1.17649,1.17624,1.17643,403400000
1629945900000,1.17642,1.17647,1.17631,1.17645,499420000
1629946800000,1.17646,1.1765,1.17629,1.1763,346130000
1629947700000,1.17631,1.17639,1.17623,1.17629,209490000
1629948600000,1.17631,1.17633,1.1761,1.17621,308010000
1629949500000,1.17619,1.17631,1.17612,1.17628,317130000
1629950400000,1.17627,1.17644,1.17617,1.17644,222940000
1629951300000,1.17643,1.17656,1.17642,1.17643,252910000
1629952200000,1.17643,1.17673,1.17643,1.17667,336340000
1629953100000,1.17667,1.17667,1.17633,1.17642,388480000
1629954000000,1.17641,1.17649,1.17629,1.17643,213640000
1629954900000,1.17644,1.17665,1.17637,1.17664,202040000
1629955800000,1.17665,1.17696,1.17664,1.1767,278760000
1629956700000,1.17671,1.17692,1.17648,1.17653,794730000
1629957600000,1.17651,1.17681,1.17638,1.1765,887170000
1629958500000,1.1765,1.17655,1.17599,1.17612,994750000
1629959400000,1.17614,1.17632,1.17592,1.17603,637620000
1629960300000,1.17603,1.17618,1.17564,1.17572,677850000
1629961200000,1.17571,1.17676,1.17564,1.17672,1203700000
1629962100000,1.17671,1.17713,1.17643,1.17708,1005580000
1629963000000,1.17707,1.17746,1.17687,1.1771,1190930000
1629963900000,1.17711,1.17712,1.17647,1.17697,947440000
1629964800000,1.17698,1.17699,1.17626,1.17638,690120000
1629965700000,1.17638,1.17662,1.1759,1.17599,1013820000
1629966600000,1.17597,1.17643,1.17585,1.1764,1172300000
1629967500000,1.17641,1.17661,1.17584,1.17589,897960000
1629968400000,1.17591,1.17633,1.17586,1.17589,936920000
1629969300000,1.1759,1.17634,1.17582,1.17629,517430000
1629970200000,1.17628,1.17677,1.17627,1.1767,456130000
1629971100000,1.1767,1.17698,1.17666,1.17698,517870000
1629972000000,1.17699,1.17784,1.17699,1.17783,967120000
1629972900000,1.17782,1.17783,1.1772,1.17726,565930000
1629973800000,1.17729,1.17767,1.17718,1.17751,388840000
1629974700000,1.17749,1.17771,1.1774,1.17749,493220000
1629975600000,1.17749,1.17759,1.17737,1.17744,433840000
1629976500000,1.17743,1.17789,1.17741,1.17764,654670000
1629977400000,1.17762,1.17763,1.17691,1.17736,1205110000
1629978300000,1.17739,1.17766,1.17674,1.17693,1243870000
1629979200000,1.17693,1.17699,1.17656,1.17668,938370000
1629980100000,1.17668,1.17725,1.17664,1.17686,1317400000
1629981000000,1.17685,1.17758,1.17556,1.17606,3631860000
1629981900000,1.17604,1.17635,1.17518,1.17556,2590300000
1629982800000,1.17558,1.17599,1.17484,1.17536,1766650000
1629983700000,1.17534,1.17557,1.17495,1.17554,1502510000
1629984600000,1.17553,1.17578,1.17487,1.17548,1863140000
1629985500000,1.17551,1.17559,1.17504,1.17538,1105290000
1629986400000,1.17535,1.17672,1.17513,1.17654,1710190000
1629987300000,1.17653,1.17664,1.17598,1.17634,1321200000
1629988200000,1.17634,1.17647,1.17515,1.17537,1776730000
1629989100000,1.17539,1.17565,1.17458,1.17536,2086340000
1629990000000,1.17537,1.17627,1.17527,1.17598,1507770000
1629990900000,1.17596,1.17629,1.17581,1.17614,1159460000
1629991800000,1.17615,1.17637,1.17592,1.17613,945870000
1629992700000,1.17612,1.1762,1.17567,1.1762,547750000
1629993600000,1.17619,1.17634,1.17585,1.17601,427380000
1629994500000,1.17602,1.17611,1.17558,1.17607,460730000
1629995400000,1.17609,1.17628,1.17596,1.17601,287400000
1629996300000,1.17601,1.17607,1.17525,1.17525,867670000
1629997200000,1.17525,1.17548,1.17489,1.17533,1059570000
1629998100000,1.17535,1.17539,1.17503,1.17534,689660000
1629999000000,1.17534,1.17543,1.17509,1.17517,395870000
1629999900000,1.17518,1.17545,1.17518,1.17535,336510000
1630000800000,1.17537,1.17554,1.17508,1.17513,398290000
1630001700000,1.17514,1.17535,1.17514,1.17517,257440000
1630002600000,1.17519,1.17549,1.17507,1.17547,262310000
1630003500000,1.17547,1.1756,1.17517,1.17519,513580000
1630004400000,1.17519,1.17533,1.17505,1.17519,284270000
1630005300000,1.1752,1.17528,1.17508,1.17509,166750000
1630006200000,1.17508,1.17525,1.17504,1.17505,127640000
1630007100000,1.17505,1.17549,1.17499,1.17549,335160000
1630008000000,1.17547,1.17547,1.17524,1.17537,216710000
1630008900000,1.17535,1.17546,1.17521,1.17524,139750000
1630009800000,1.17523,1.17528,1.17516,1.17518,100690000
1630010700000,1.1752,1.17525,1.17508,1.17513,771460000
1630011600000,1.17515,1.1757,1.1751,1.1755,456633000
1630012500000,1.17549,1.17564,1.17548,1.1755,77360000
1630013400000,1.17549,1.17556,1.17545,1.17547,209770000
1630014300000,1.17549,1.17557,1.17538,1.17546,507030000
1630015200000,1.17551,1.17555,1.17541,1.17546,303355000
1630016100000,1.17547,1.17556,1.17543,1.17547,257860000
1630017000000,1.17547,1.17558,1.17547,1.17558,148840000
1630017900000,1.17557,1.17565,1.17549,1.17561,169960000
1630018800000,1.17562,1.17576,1.17561,1.17564,55040000
1630019700000,1.17565,1.17566,1.17559,1.17559,31990000
1630020600000,1.17559,1.17563,1.17558,1.17559,45340000
1630021500000,1.17561,1.17561,1.17533,1.17533,120570000
1630022400000,1.17534,1.17542,1.17504,1.17515,542470000
1630023300000,1.17515,1.17519,1.17475,1.17478,451380000
1630024200000,1.17477,1.17479,1.1742,1.17429,413280000
1630025100000,1.1743,1.17456,1.17426,1.17451,437860000
1630026000000,1.17451,1.1747,1.17433,1.17459,293000000
1630026900000,1.17458,1.1748,1.17454,1.17465,393520000
1630027800000,1.17464,1.17502,1.17461,1.17485,239150000
1630028700000,1.17485,1.17509,1.17485,1.17494,269850000
1630029600000,1.17495,1.17553,1.17491,1.17523,447880000
1630030500000,1.17523,1.1756,1.17514,1.17558,301200000
1630031400000,1.17555,1.17573,1.1755,1.17567,331730000
1630032300000,1.17567,1.17569,1.17525,1.17525,426830000
1630033200000,1.17523,1.1756,1.17521,1.17551,328270000
1630034100000,1.17552,1.17555,1.17539,1.17554,373270000
1630035000000,1.17555,1.17567,1.17549,1.17566,157180000
1630035900000,1.17566,1.17596,1.17566,1.17595,103540000
1630036800000,1.17596,1.17605,1.17586,1.1759,89310000
1630037700000,1.17587,1.1762,1.17586,1.17615,197630000
1630038600000,1.17612,1.17631,1.17611,1.1763,251380000
1630039500000,1.17629,1.17636,1.17616,1.17632,364340000
1630040400000,1.17633,1.17642,1.17621,1.17625,298820000
1630041300000,1.17625,1.17641,1.1762,1.17636,233830000
1630042200000,1.17636,1.1764,1.17609,1.17625,300860000
1630043100000,1.17624,1.17635,1.17614,1.17614,263480000
1630044000000,1.17615,1.17637,1.17606,1.17616,375850000
1630044900000,1.17615,1.17659,1.17586,1.17656,602600000
1630045800000,1.17655,1.1769,1.17645,1.17665,588510000
1630046700000,1.17667,1.17699,1.17667,1.17679,876910000
1630047600000,1.1768,1.17712,1.17665,1.17682,658170000
1630048500000,1.17681,1.17681,1.17595,1.17596,482060000
1630049400000,1.17597,1.17618,1.17572,1.17598,983500000
1630050300000,1.17599,1.17631,1.17597,1.17613,651640000
1630051200000,1.17612,1.17628,1.17519,1.17531,752190000
1630052100000,1.1753,1.17557,1.17516,1.17531,796780000
1630053000000,1.17531,1.17555,1.17506,1.17525,672400000
1630053900000,1.17523,1.17539,1.17503,1.17509,550230000
1630054800000,1.17508,1.17542,1.17507,1.17535,620650000
1630055700000,1.17534,1.17536,1.17498,1.17525,519510000
1630056600000,1.17527,1.17552,1.1752,1.1754,298270000
1630057500000,1.17539,1.17584,1.17529,1.17582,480250000
1630058400000,1.1758,1.17591,1.17557,1.17571,566580000
1630059300000,1.1757,1.17635,1.17565,1.17624,712280000
1630060200000,1.17623,1.17625,1.17554,1.17575,455210000
1630061100000,1.17575,1.17595,1.1756,1.17588,594130000
1630062000000,1.17587,1.17599,1.17569,1.17584,397990000
1630062900000,1.17584,1.17611,1.17571,1.17588,536210000
1630063800000,1.1759,1.17661,1.17578,1.17645,619800000
1630064700000,1.17646,1.17646,1.176,1.17624,742240000
1630065600000,1.17625,1.17635,1.17595,1.17607,685470000
1630066500000,1.17609,1.17632,1.1757,1.17596,814150000
1630067400000,1.17596,1.17646,1.17574,1.17581,982370000
1630068300000,1.17581,1.17599,1.17536,1.17561,1072430000
1630069200000,1.17562,1.17574,1.1735,1.17372,1994310000
1630070100000,1.17369,1.17433,1.17348,1.17433,1470770000
1630071000000,1.17434,1.17436,1.17392,1.17414,1677740000
1630071900000,1.17414,1.17738,1.17412,1.1764,5026220000
1630072800000,1.17638,1.18003,1.17428,1.17962,13334900000
1630073700000,1.17962,1.18017,1.17825,1.17891,5767820000
1630074600000,1.17891,1.18022,1.1787,1.17987,4817090000
1630075500000,1.17987,1.18012,1.17833,1.17865,7689410000
1630076400000,1.17862,1.17947,1.1784,1.17935,4997870000
1630077300000,1.17935,1.17973,1.17842,1.17842,2128040000
1630078200000,1.1784,1.17911,1.1784,1.17877,2350710000
1630079100000,1.17876,1.17949,1.17876,1.17932,2508030000
1630080000000,1.17936,1.17945,1.17894,1.17895,1717990000
1630080900000,1.17896,1.17946,1.17892,1.17945,1673120000
1630081800000,1.17943,1.18004,1.17941,1.17976,880180000
1630082700000,1.17976,1.18017,1.1796,1.18004,913570000
1630083600000,1.18004,1.18012,1.17931,1.17936,845010000
1630084500000,1.17938,1.17975,1.17937,1.17974,299850000
1630085400000,1.17975,1.17996,1.17968,1.17978,280990000
1630086300000,1.1798,1.17986,1.17942,1.1795,599000000
1630087200000,1.17948,1.1795,1.17919,1.17933,804970000
1630088100000,1.17932,1.17953,1.17928,1.17952,287530000
1630089000000,1.17953,1.17959,1.17942,1.17956,247520000
1630089900000,1.17956,1.17964,1.1794,1.17941,320090000
1630090800000,1.1794,1.17959,1.17933,1.17956,334420000
1630091700000,1.17956,1.17983,1.17952,1.17982,307410000
1630092600000,1.17983,1.17983,1.17945,1.17947,290670000
1630093500000,1.17947,1.17966,1.17935,1.17964,500440000
1630094400000,1.17962,1.17977,1.17948,1.1797,350020000
1630095300000,1.17971,1.17974,1.17937,1.17939,244800000
1630096200000,1.17942,1.17963,1.17942,1.17958,193620000
1630097100000,1.17958,1.17967,1.1791,1.1791,508240000
1630270800000,1.17937,1.17944,1.17898,1.17944,49300000
1630271700000,1.17945,1.17953,1.1794,1.17942,55490000
1630272600000,1.17941,1.17944,1.17908,1.17943,20120000
1630273500000,1.17939,1.1797,1.1791,1.17953,26900000
1630274400000,1.17953,1.18002,1.1795,1.18002,482890000
1630275300000,1.18003,1.18003,1.1797,1.17979,136690000
1630276200000,1.1798,1.1798,1.17962,1.17978,119840000
1630277100000,1.17979,1.17989,1.17977,1.17983,69220000
1630278000000,1.17985,1.17985,1.17966,1.17971,103910000
1630278900000,1.17972,1.17974,1.17964,1.17965,81540000
1630279800000,1.17968,1.17987,1.17965,1.17987,123840000
1630280700000,1.17987,1.17991,1.17971,1.17983,148530000
1630281600000,1.17982,1.18,1.17951,1.1797,282830000
1630282500000,1.17967,1.18015,1.17964,1.18001,252340000
1630283400000,1.18,1.18021,1.17996,1.18021,243230000
1630284300000,1.18021,1.18057,1.18015,1.18047,361180000
1630285200000,1.18048,1.18064,1.18025,1.18051,384230000
1630286100000,1.18052,1.18076,1.18044,1.18074,280880000
1630287000000,1.18074,1.18079,1.18046,1.18056,355610000
1630287900000,1.18055,1.1807,1.18052,1.1806,388030000
1630288800000,1.18061,1.18069,1.18046,1.18068,314640000
1630289700000,1.1807,1.18097,1.18065,1.18078,824020000
1630290600000,1.18079,1.1809,1.1807,1.1807,844090000
1630291500000,1.1807,1.18083,1.18053,1.18053,794800000
1630292400000,1.18053,1.18063,1.18022,1.18061,561070000
1630293300000,1.18061,1.18064,1.1805,1.1806,241750000
1630294200000,1.18062,1.18079,1.18047,1.18054,158410000
1630295100000,1.18055,1.18057,1.18033,1.18038,417130000
1630296000000,1.18038,1.1805,1.18025,1.1805,158350000
1630296900000,1.18051,1.18071,1.1805,1.18058,225120000
1630297800000,1.18059,1.18061,1.18037,1.18043,303340000
1630298700000,1.18044,1.18051,1.18034,1.18034,190410000
1630299600000,1.18034,1.1805,1.18031,1.18035,250710000
1630300500000,1.18038,1.1804,1.18021,1.18032,251520000
1630301400000,1.1803,1.18034,1.18009,1.18017,371990000
1630302300000,1.18018,1.18019,1.1799,1.17991,612960000
1630303200000,1.17993,1.1802,1.17985,1.17993,619770000
1630304100000,1.17992,1.18019,1.17992,1.1801,577850000
1630305000000,1.18011,1.1802,1.17934,1.17966,789450000
1630305900000,1.17965,1.18006,1.17942,1.18003,569360000
1630306800000,1.18003,1.18033,1.17958,1.17978,916560000
1630307700000,1.17977,1.18011,1.17943,1.17956,849950000
1630308600000,1.17955,1.18001,1.17946,1.17967,660080000
1630309500000,1.17965,1.18027,1.17965,1.18023,821540000
1630310400000,1.18022,1.18022,1.1795,1.1797,991550000
1630311300000,1.1797,1.18045,1.1797,1.18037,911330000
1630312200000,1.18037,1.18053,1.17968,1.17979,923300000
1630313100000,1.17979,1.18014,1.17937,1.17986,918330000
1630314000000,1.17985,1.18017,1.17974,1.18001,888720000
1630314900000,1.18,1.18009,1.17955,1.17972,535610000
1630315800000,1.17971,1.18005,1.1794,1.17942,580350000
1630316700000,1.17943,1.17998,1.17941,1.17997,432840000
1630317600000,1.17995,1.18011,1.1798,1.17982,650020000
1630318500000,1.17982,1.18026,1.17981,1.1799,388190000
1630319400000,1.17993,1.18019,1.17955,1.17955,667820000
1630320300000,1.17956,1.17969,1.17948,1.1796,259750000
1630321200000,1.17961,1.17985,1.17942,1.17961,332720000
1630322100000,1.1796,1.17961,1.17908,1.17961,352820000
1630323000000,1.17962,1.17982,1.17945,1.17976,442970000
1630323900000,1.17975,1.1801,1.17955,1.17996,663910000
1630324800000,1.17995,1.18016,1.17974,1.18,728940000
1630325700000,1.18001,1.18014,1.17976,1.18011,764900000
1630326600000,1.1801,1.1802,1.17971,1.17976,439480000
1630327500000,1.17975,1.17975,1.17837,1.17862,1236730000
1630328400000,1.17863,1.17917,1.17827,1.17913,1022070000
1630329300000,1.17914,1.17939,1.17905,1.17932,728980000
1630330200000,1.17935,1.17945,1.17917,1.17941,1081230000
1630331100000,1.17938,1.17961,1.17881,1.17884,1221080000
1630332000000,1.17884,1.17953,1.1787,1.17912,1600590000
1630332900000,1.17911,1.17913,1.17848,1.17866,1240510000
1630333800000,1.17864,1.17943,1.17842,1.17937,1380030000
1630334700000,1.17936,1.18002,1.17929,1.17999,2504110000
1630335600000,1.17998,1.18014,1.17976,1.18009,1274530000
1630336500000,1.18008,1.18034,1.17978,1.17982,890560000
1630337400000,1.17982,1.17987,1.1791,1.17937,909010000
1630338300000,1.17936,1.17962,1.17932,1.17945,1130270000
1630339200000,1.17945,1.17956,1.17931,1.17947,1020820000
1630340100000,1.17946,1.17955,1.1793,1.17938,732570000
1630341000000,1.17939,1.17954,1.17936,1.17952,266540000
1630341900000,1.17952,1.17974,1.17948,1.17973,848700000
1630342800000,1.17972,1.17981,1.17956,1.17977,460710000
1630343700000,1.17977,1.17981,1.17957,1.17977,690100000
1630344600000,1.17976,1.17988,1.17966,1.1797,345900000
1630345500000,1.17971,1.17972,1.17964,1.1797,270570000
1630346400000,1.1797,1.17994,1.17968,1.17988,486230000
1630347300000,1.17987,1.18001,1.17981,1.17986,509090000
1630348200000,1.17986,1.18,1.17976,1.17996,496820000
1630349100000,1.17996,1.18041,1.17996,1.18036,662580000
1630350000000,1.18036,1.18037,1.17991,1.17992,585450000
1630350900000,1.1799,1.18002,1.1798,1.18001,477190000
1630351800000,1.18003,1.18011,1.17985,1.1799,430830000
1630352700000,1.17988,1.18006,1.17986,1.17996,587980000
1630353600000,1.17998,1.18001,1.17975,1.17986,278580000
1630354500000,1.17986,1.17998,1.17977,1.17981,266860000
1630355400000,1.17982,1.17983,1.17969,1.17971,118050000
1630356300000,1.1797,1.17973,1.17961,1.17964,249730000
1630357200000,1.17963,1.17966,1.17936,1.1796,366130000
1630358100000,1.1796,1.1796,1.1796,1.1796,166540000
1630359000000,1.1796,1.17991,1.1796,1.17991,183830000
1630359900000,1.17992,1.17992,1.17967,1.17983,294660000
1630360800000,1.17984,1.17984,1.1797,1.17975,112920000
1630361700000,1.17976,1.17986,1.17976,1.17985,27000000
1630362600000,1.17985,1.17985,1.17968,1.17968,45690000
1630363500000,1.17969,1.17973,1.17967,1.17968,73100000
1630364400000,1.1797,1.17985,1.17967,1.17967,199010000
1630365300000,1.17967,1.17967,1.17957,1.17966,90760000
1630366200000,1.17965,1.17969,1.17958,1.17969,129410000
1630367100000,1.17968,1.17974,1.17958,1.17965,107820000
1630368000000,1.17961,1.17996,1.17952,1.17987,442680000
1630368900000,1.17986,1.18026,1.17976,1.17993,1409870000
1630369800000,1.17992,1.17992,1.17969,1.17973,447730000
1630370700000,1.17975,1.18029,1.17975,1.18019,749490000
1630371600000,1.1802,1.1802,1.17978,1.18018,511710000
1630372500000,1.18018,1.1805,1.18013,1.18047,407910000
1630373400000,1.18047,1.18064,1.18027,1.18027,629690000
1630374300000,1.1803,1.18037,1.18021,1.18033,408680000
1630375200000,1.18032,1.18045,1.18025,1.18043,307880000
1630376100000,1.18045,1.1806,1.18036,1.18059,261860000
1630377000000,1.18061,1.18073,1.18055,1.1807,119370000
1630377900000,1.1807,1.18085,1.1804,1.18077,285960000
1630378800000,1.18078,1.18103,1.18063,1.18092,271840000
1630379700000,1.18093,1.18151,1.18092,1.18147,511210000
1630380600000,1.18145,1.18164,1.1813,1.18159,236490000
1630381500000,1.1816,1.18198,1.18157,1.18193,482510000
1630382400000,1.18194,1.18205,1.18179,1.18196,437430000
1630383300000,1.18197,1.18245,1.18193,1.18215,505210000
1630384200000,1.18215,1.18215,1.18177,1.18185,317240000
1630385100000,1.18186,1.18187,1.18165,1.18172,194710000
1630386000000,1.18174,1.18216,1.18173,1.18202,267270000
1630386900000,1.18202,1.18222,1.18202,1.18213,295330000
1630387800000,1.18212,1.18262,1.18208,1.18252,655610000
1630388700000,1.18252,1.18277,1.18242,1.18277,670610000
1630389600000,1.18279,1.18287,1.18252,1.18278,659870000
1630390500000,1.18277,1.18298,1.18271,1.18292,382330000
1630391400000,1.18291,1.18314,1.18268,1.18273,432870000
1630392300000,1.18272,1.18287,1.18232,1.1825,570610000
1630393200000,1.18249,1.18302,1.18248,1.18297,754090000
1630394100000,1.18297,1.18302,1.1824,1.18244,550440000
1630395000000,1.18243,1.18273,1.18241,1.18251,686690000
1630395900000,1.18253,1.1829,1.18243,1.18276,514870000
1630396800000,1.18275,1.183,1.18257,1.18271,607250000
1630397700000,1.18272,1.18275,1.18232,1.18262,641480000
1630398600000,1.18261,1.18298,1.18261,1.18287,778850000
1630399500000,1.18287,1.18287,1.182,1.18201,889080000
1630400400000,1.18202,1.18296,1.18199,1.18289,936390000
1630401300000,1.18288,1.183,1.18263,1.18266,636110000
1630402200000,1.18267,1.18277,1.18206,1.18218,886590000
1630403100000,1.18219,1.18244,1.18206,1.18233,589230000
1630404000000,1.18232,1.18273,1.18226,1.18261,637730000
1630404900000,1.18263,1.18317,1.18263,1.18309,654570000
1630405800000,1.18308,1.1832,1.18279,1.18285,540680000
1630406700000,1.18286,1.18372,1.18276,1.18335,1557060000
1630407600000,1.18335,1.18406,1.18326,1.18395,912560000
1630408500000,1.18396,1.1845,1.18372,1.18402,871840000
1630409400000,1.18402,1.18429,1.18381,1.18408,648990000
1630410300000,1.18409,1.18416,1.18379,1.18396,979780000
1630411200000,1.18398,1.18398,1.18333,1.18341,904510000
1630412100000,1.18342,1.18387,1.18338,1.18357,687370000
1630413000000,1.18356,1.18387,1.18306,1.18314,947270000
1630413900000,1.18313,1.18378,1.18313,1.18367,653510000
1630414800000,1.18365,1.18377,1.18188,1.182,2326240000
1630415700000,1.18199,1.18227,1.18164,1.18221,1435330000
1630416600000,1.1822,1.18316,1.1819,1.18261,1706660000
1630417500000,1.18264,1.18283,1.18189,1.18202,1483120000
1630418400000,1.18204,1.18281,1.18194,1.18276,1798360000
1630419300000,1.18276,1.18298,1.18226,1.18255,1318690000
1630420200000,1.18258,1.18329,1.18226,1.1825,2005670000
1630421100000,1.18249,1.18272,1.17992,1.18036,4078960000
1630422000000,1.18037,1.18092,1.18005,1.18039,3309240000
1630422900000,1.1804,1.18073,1.17996,1.18032,1551460000
1630423800000,1.1803,1.18041,1.17964,1.17995,1942010000
1630424700000,1.17994,1.18012,1.17968,1.18001,1232680000
1630425600000,1.18,1.18058,1.17978,1.18045,856510000
1630426500000,1.18043,1.18061,1.18012,1.18059,514750000
1630427400000,1.18056,1.18078,1.18043,1.18073,455920000
1630428300000,1.18074,1.1808,1.18054,1.1807,529750000
1630429200000,1.18068,1.18093,1.18062,1.1808,432360000
1630430100000,1.18078,1.18079,1.18037,1.18054,601040000
1630431000000,1.18054,1.18057,1.18031,1.18048,468420000
1630431900000,1.18046,1.1809,1.18036,1.18084,538330000
1630432800000,1.18083,1.181,1.1806,1.18061,536020000
1630433700000,1.1806,1.18117,1.1806,1.18095,454520000
1630434600000,1.18094,1.18111,1.18082,1.18086,439340000
1630435500000,1.18085,1.1813,1.18079,1.18128,422960000
1630436400000,1.18128,1.18128,1.18063,1.18073,456640000
1630437300000,1.18072,1.18086,1.18059,1.18066,423580000
1630438200000,1.18065,1.18078,1.18061,1.18073,299870000
1630439100000,1.18071,1.18083,1.18063,1.18069,487370000
1630440000000,1.18068,1.18103,1.18061,1.18086,341360000
1630440900000,1.18084,1.18095,1.18073,1.18093,197240000
1630441800000,1.18092,1.18092,1.18077,1.18085,158510000
1630442700000,1.18083,1.18098,1.18077,1.18079,283170000
1630443600000,1.18082,1.18086,1.18061,1.18079,307540000
1630444500000,1.18078,1.18088,1.18067,1.18073,64490000
1630445400000,1.18074,1.18096,1.18074,1.1809,85760000
1630446300000,1.18091,1.18099,1.18083,1.18084,58860000
1630447200000,1.18088,1.18109,1.18086,1.18103,169040000
1630448100000,1.18105,1.18112,1.18084,1.18086,105230000
1630449000000,1.18086,1.18104,1.18081,1.18099,112660000
1630449900000,1.181,1.18103,1.18095,1.18097,45820000
1630450800000,1.181,1.18106,1.18093,1.18096,168800000
1630451700000,1.18097,1.18098,1.18083,1.18089,213520000
1630452600000,1.1809,1.181,1.18076,1.18079,194330000
1630453500000,1.1808,1.18116,1.18078,1.18098,330790000
