timestamp,open,high,low,close,volume
1722470400000,1.08235,1.08275,1.08232,1.08266,2098200000
1722471300000,1.08266,1.083,1.0826,1.08291,1395130000
1722472200000,1.08291,1.08291,1.08248,1.08264,1622750000
1722473100000,1.08264,1.08289,1.08249,1.08276,3230800000
1722474000000,1.08275,1.08309,1.08269,1.08284,3371620000
1722474900000,1.08284,1.08316,1.08274,1.08311,1258330000
1722475800000,1.08311,1.08336,1.08311,1.08321,2231010000
1722476700000,1.08321,1.08329,1.08273,1.08276,2739600000
1722477600000,1.08275,1.08279,1.08242,1.08249,1943690000
1722478500000,1.0825,1.08307,1.08249,1.08285,2288900000
1722479400000,1.08286,1.08296,1.08268,1.08294,1604760000
1722480300000,1.08292,1.08306,1.08253,1.08261,2900960000
1722481200000,1.08261,1.08305,1.08255,1.08299,1695540000
1722482100000,1.08299,1.08322,1.08294,1.0832,1038680000
1722483000000,1.0832,1.08345,1.08308,1.08315,1530270000
1722483900000,1.08316,1.08334,1.08309,1.08328,1857970000
1722484800000,1.08328,1.08352,1.08315,1.08345,1275700000
1722485700000,1.08347,1.08354,1.08321,1.08326,2335330000
1722486600000,1.08328,1.08334,1.08309,1.08312,1729110000
1722487500000,1.0831,1.08323,1.08263,1.08267,1695660000
1722488400000,1.08267,1.08276,1.08253,1.08266,1539420000
1722489300000,1.08267,1.0829,1.08264,1.08277,2463340000
1722490200000,1.08277,1.08296,1.08269,1.08284,1353420000
1722491100000,1.08285,1.08288,1.08259,1.08272,2547790000
1722492000000,1.0827,1.08277,1.08219,1.08225,3383490000
1722492900000,1.08227,1.08241,1.08173,1.08176,2647650000
1722493800000,1.08175,1.08177,1.08114,1.0814,4807060000
1722494700000,1.08141,1.08162,1.0811,1.0816,3294240000
1722495600000,1.08161,1.08199,1.081,1.081,7888340000
1722496500000,1.08101,1.08117,1.08071,1.08087,4704600000
1722497400000,1.08088,1.08093,1.08031,1.08058,3972090000
1722498300000,1.08059,1.0808,1.07991,1.08009,2503360000
1722499200000,1.08009,1.08021,1.07835,1.07843,4189070000
1722500100000,1.0784,1.07868,1.07813,1.07841,2558280000
1722501000000,1.07841,1.07896,1.07838,1.07885,3179950000
1722501900000,1.07886,1.07908,1.07843,1.07843,4811420000
1722502800000,1.07842,1.07842,1.07785,1.07833,3930020000
1722503700000,1.07832,1.07858,1.078,1.07821,1744810000
1722504600000,1.07819,1.07861,1.07815,1.07832,1945900000
1722505500000,1.07831,1.07836,1.07774,1.07778,3683050000
1722506400000,1.07781,1.07853,1.07779,1.07848,2075120000
1722507300000,1.07848,1.0789,1.07844,1.07871,2003840000
1722508200000,1.07872,1.07896,1.07871,1.07877,960820000
1722509100000,1.07876,1.07879,1.07805,1.07842,2483700000
1722510000000,1.07844,1.0795,1.07805,1.07949,3550140000
1722510900000,1.07949,1.07958,1.07893,1.07911,4667810000
1722511800000,1.0791,1.07933,1.07859,1.07921,6574880000
1722512700000,1.07922,1.07949,1.079,1.07918,5362180000
1722513600000,1.07919,1.07921,1.07869,1.07887,7533560000
1722514500000,1.07887,1.07955,1.07885,1.07909,5989370000
1722515400000,1.07909,1.08084,1.07905,1.07954,12391870000
1722516300000,1.07954,1.07996,1.0795,1.07964,6259140000
1722517200000,1.07963,1.07964,1.07877,1.07888,5863390000
1722518100000,1.07889,1.07941,1.07872,1.07919,5087710000
1722519000000,1.07919,1.08031,1.07916,1.08003,6958770000
1722519900000,1.08004,1.0806,1.08003,1.08027,5029310000
1722520800000,1.08034,1.08182,1.08027,1.08103,12918670000
1722521700000,1.08103,1.08103,1.07958,1.08005,6894880000
1722522600000,1.08007,1.08043,1.07951,1.07969,8722450000
1722523500000,1.0797,1.07972,1.07872,1.07921,7711640000
1722524400000,1.07922,1.07945,1.0786,1.07862,6935710000
1722525300000,1.07861,1.07892,1.07836,1.07849,5705400000
1722526200000,1.07849,1.07887,1.07842,1.07863,3865900000
1722527100000,1.07863,1.07926,1.07851,1.07886,4427700000
1722528000000,1.07887,1.07947,1.07879,1.07927,2869580000
1722528900000,1.07927,1.07967,1.07887,1.07909,4974290000
1722529800000,1.07908,1.0791,1.07841,1.07845,8042710000
1722530700000,1.07845,1.07863,1.07802,1.07862,2822020000
1722531600000,1.07863,1.07887,1.07849,1.0788,1605770000
1722532500000,1.0788,1.07905,1.07875,1.07891,1502900000
1722533400000,1.07892,1.07902,1.07871,1.07882,2913960000
1722534300000,1.07883,1.0792,1.07881,1.07915,2172540000
1722535200000,1.07917,1.07919,1.07873,1.07883,2161660000
1722536100000,1.07887,1.07891,1.07835,1.07852,2759860000
1722537000000,1.07851,1.07884,1.07843,1.07856,3042530000
1722537900000,1.07857,1.07864,1.07828,1.07837,4143860000
1722538800000,1.07838,1.07891,1.07825,1.07878,2936360000
1722539700000,1.07878,1.07915,1.07863,1.07914,2742990000
1722540600000,1.07914,1.07945,1.07912,1.07917,2068450000
1722541500000,1.07919,1.07954,1.07892,1.07897,3963490000
1722542400000,1.07897,1.07897,1.07869,1.07875,1091640000
1722543300000,1.07876,1.07894,1.07864,1.07866,458000000
1722544200000,1.07865,1.07883,1.07865,1.07883,787930000
1722545100000,1.07882,1.07917,1.07875,1.07911,1561170000
1722546000000,1.07911,1.07911,1.07887,1.07907,275850000
1722546900000,1.07907,1.07925,1.07906,1.07906,413890000
1722547800000,1.07907,1.0792,1.07906,1.07911,612020000
1722548700000,1.07913,1.07918,1.0791,1.07913,678610000
1722549600000,1.07911,1.07932,1.07908,1.07911,634260000
1722550500000,1.07911,1.07916,1.07891,1.07909,859700000
1722551400000,1.07908,1.07915,1.07874,1.07879,2329820000
1722552300000,1.07879,1.07896,1.07879,1.07884,1958400000
1722553200000,1.07885,1.07906,1.0788,1.07903,1478070000
1722554100000,1.07904,1.07906,1.07884,1.079,1654620000
1722555000000,1.07899,1.07918,1.07894,1.07913,1414780000
1722555900000,1.07915,1.07917,1.07863,1.07864,1622760000
1722556800000,1.07864,1.07864,1.07818,1.07845,3381180000
1722557700000,1.07846,1.0789,1.07832,1.07889,2874300000
1722558600000,1.0789,1.07906,1.07874,1.0789,1681840000
1722559500000,1.0789,1.07925,1.0789,1.07909,1707960000
1722560400000,1.07908,1.07921,1.07885,1.0791,5166640000
1722561300000,1.0791,1.07918,1.07884,1.07899,3932340000
1722562200000,1.079,1.07927,1.07878,1.07926,1845980000
1722563100000,1.07925,1.07937,1.07899,1.07908,2456170000
1722564000000,1.07909,1.07913,1.0787,1.07879,2360050000
1722564900000,1.0788,1.07896,1.07846,1.07874,3064910000
1722565800000,1.07874,1.07896,1.07869,1.07879,2004920000
1722566700000,1.0788,1.07917,1.07871,1.07902,1547210000
1722567600000,1.07901,1.07935,1.07901,1.07932,1862820000
1722568500000,1.07932,1.07951,1.07925,1.07935,902970000
1722569400000,1.07934,1.07951,1.07916,1.07921,1378620000
1722570300000,1.07921,1.07935,1.0792,1.0793,1676520000
1722571200000,1.07931,1.07945,1.07924,1.07944,1695570000
1722572100000,1.07944,1.07972,1.07944,1.07969,1337880000
1722573000000,1.0797,1.07986,1.07947,1.07954,1967060000
1722573900000,1.07955,1.07976,1.0795,1.07976,2045700000
1722574800000,1.07976,1.08001,1.07969,1.07975,1915930000
1722575700000,1.07977,1.07996,1.07969,1.0798,2069560000
1722576600000,1.07979,1.07987,1.07955,1.07983,1856270000
1722577500000,1.07984,1.08042,1.07984,1.08042,2677590000
1722578400000,1.08041,1.08081,1.08013,1.08074,6006530000
1722579300000,1.08075,1.08087,1.08024,1.08039,4771410000
1722580200000,1.08038,1.08052,1.07992,1.08008,4886340000
1722581100000,1.08009,1.08011,1.07929,1.07963,4831000000
1722582000000,1.07961,1.07967,1.07861,1.07959,6085780000
1722582900000,1.07961,1.07969,1.07901,1.07954,7956240000
1722583800000,1.07955,1.07989,1.07916,1.07978,5151270000
1722584700000,1.07979,1.08042,1.07962,1.0804,3963810000
1722585600000,1.08041,1.08106,1.08036,1.08057,7109940000
1722586500000,1.08059,1.08115,1.08031,1.08102,2887090000
1722587400000,1.08102,1.08136,1.08079,1.08089,3418900000
1722588300000,1.08088,1.08152,1.08086,1.08145,2919280000
1722589200000,1.08144,1.08218,1.08144,1.08213,3160680000
1722590100000,1.08212,1.08248,1.08207,1.08217,6278140000
1722591000000,1.08216,1.08241,1.08184,1.08184,3582380000
1722591900000,1.08186,1.08209,1.08172,1.08202,3775790000
1722592800000,1.08203,1.08225,1.08156,1.08188,4799460000
1722593700000,1.08189,1.08217,1.08175,1.08179,2271650000
1722594600000,1.0818,1.08201,1.08162,1.08179,2483540000
1722595500000,1.08181,1.08244,1.08178,1.0823,1330210000
1722596400000,1.08229,1.08299,1.08229,1.08292,2480350000
1722597300000,1.08293,1.08364,1.08281,1.08364,3283470000
1722598200000,1.08363,1.08372,1.08318,1.08331,4897740000
1722599100000,1.08331,1.08331,1.08287,1.08312,4526150000
1722600000000,1.08313,1.08357,1.08311,1.08334,5334590000
1722600900000,1.08335,1.08346,1.08292,1.08315,4829060000
1722601800000,1.08311,1.08734,1.08311,1.08646,18156500000
1722602700000,1.08645,1.0897,1.08635,1.0891,12627850000
1722603600000,1.0891,1.08939,1.08844,1.08917,13894250000
1722604500000,1.08916,1.08999,1.0891,1.08942,11271310000
1722605400000,1.08941,1.08959,1.08854,1.08915,11564360000
1722606300000,1.08914,1.09064,1.0891,1.09054,5166580000
1722607200000,1.09056,1.09105,1.09001,1.09088,8809130000
1722608100000,1.09089,1.09178,1.09087,1.09163,7784280000
1722609000000,1.09164,1.09176,1.09093,1.09165,10776420000
1722609900000,1.09166,1.09265,1.09133,1.09223,7504230000
1722610800000,1.09224,1.09244,1.0914,1.09192,8874110000
1722611700000,1.09192,1.09225,1.0916,1.09216,5641800000
1722612600000,1.09217,1.09247,1.09172,1.09232,7491240000
1722613500000,1.09232,1.09242,1.09121,1.09132,8522240000
1722614400000,1.09132,1.09132,1.09032,1.09063,8575180000
1722615300000,1.09063,1.09146,1.09061,1.09127,5370220000
1722616200000,1.09127,1.09144,1.09093,1.09097,5467790000
1722617100000,1.09095,1.09148,1.09094,1.0912,2360520000
1722618000000,1.0912,1.09153,1.09092,1.09098,2497220000
1722618900000,1.09099,1.09126,1.09071,1.09099,2781830000
1722619800000,1.09099,1.09129,1.09082,1.09126,2644480000
1722620700000,1.09127,1.09137,1.09096,1.09111,2879310000
1722621600000,1.0911,1.09123,1.091,1.0911,5569620000
1722622500000,1.09109,1.09153,1.09105,1.09152,2353270000
1722623400000,1.09152,1.09166,1.09101,1.09128,1606650000
1722624300000,1.09128,1.09156,1.09116,1.09129,2332110000
1722625200000,1.09128,1.09129,1.09098,1.09109,2116910000
1722626100000,1.09108,1.09165,1.091,1.09153,1335460000
1722627000000,1.09154,1.09159,1.09099,1.09112,1551320000
1722627900000,1.0911,1.09143,1.09096,1.09126,2273930000
1722628800000,1.09127,1.09147,1.09118,1.09128,951750000
1722629700000,1.09128,1.09128,1.0908,1.09082,981600000
1722630600000,1.09082,1.09108,1.0908,1.09108,299250000
1722631500000,1.09107,1.09122,1.09094,1.09098,1558040000
1722805200000,1.09225,1.09234,1.09175,1.09201,209330000
1722806100000,1.0921,1.09216,1.09195,1.09202,108000000
1722807000000,1.09203,1.09209,1.09201,1.09206,129600000
1722807900000,1.09205,1.09208,1.09195,1.09202,157950000
1722808800000,1.09203,1.0921,1.09095,1.0912,1931850000
1722809700000,1.0912,1.09121,1.09062,1.09066,1032180000
1722810600000,1.09066,1.09071,1.09041,1.0905,1885490000
1722811500000,1.09051,1.09061,1.09028,1.0906,1632490000
1722812400000,1.09064,1.09089,1.09057,1.0908,3273150000
1722813300000,1.09079,1.09099,1.09054,1.09072,2144990000
1722814200000,1.09071,1.09109,1.09061,1.09067,2886840000
1722815100000,1.09066,1.09114,1.09043,1.09103,3579940000
1722816000000,1.09104,1.09124,1.09068,1.0912,3985030000
1722816900000,1.0912,1.09224,1.09114,1.09217,6109750000
1722817800000,1.09218,1.09218,1.09143,1.09172,5233720000
1722818700000,1.09173,1.09221,1.09159,1.09166,5973090000
1722819600000,1.09165,1.09201,1.09119,1.09194,6261550000
1722820500000,1.09194,1.09215,1.09155,1.09184,4426640000
1722821400000,1.09183,1.09192,1.09132,1.09173,5241250000
1722822300000,1.09173,1.09199,1.09138,1.09188,4328450000
1722823200000,1.09188,1.09204,1.09129,1.09133,6301250000
1722824100000,1.09133,1.09214,1.0913,1.09183,3294220000
1722825000000,1.09185,1.09195,1.0916,1.09181,2785730000
1722825900000,1.09181,1.09238,1.0918,1.09216,2327760000
1722826800000,1.09217,1.09255,1.09208,1.09241,3283710000
1722827700000,1.09241,1.09241,1.09208,1.09212,2711770000
1722828600000,1.09214,1.09258,1.09214,1.09245,2349810000
1722829500000,1.09245,1.09311,1.09229,1.09305,2837280000
1722830400000,1.09305,1.09339,1.09276,1.0933,3570140000
1722831300000,1.09335,1.09395,1.09307,1.09388,5178710000
1722832200000,1.09388,1.09396,1.09339,1.0937,5256440000
1722833100000,1.09369,1.0937,1.09316,1.09324,3960980000
1722834000000,1.09325,1.09349,1.0929,1.0932,4299910000
1722834900000,1.09323,1.0935,1.09288,1.0931,6247510000
1722835800000,1.0931,1.09386,1.09269,1.09331,11657920000
1722836700000,1.0933,1.09332,1.09119,1.09122,12240010000
1722837600000,1.09124,1.09178,1.08923,1.09029,17423700000
1722838500000,1.09027,1.09109,1.08985,1.09012,16322750000
1722839400000,1.09011,1.09161,1.09003,1.09135,16861060000
1722840300000,1.09136,1.09154,1.0904,1.09051,14596420000
1722841200000,1.09051,1.09317,1.09034,1.09305,14140620000
1722842100000,1.09314,1.09462,1.09301,1.09426,14227810000
1722843000000,1.09426,1.0967,1.09422,1.09585,14775590000
1722843900000,1.09585,1.09629,1.09375,1.09487,13178300000
1722844800000,1.09488,1.09748,1.09464,1.09668,13223650000
1722845700000,1.09669,1.09704,1.096,1.09631,10788270000
1722846600000,1.09631,1.09746,1.09617,1.09671,9410790000
1722847500000,1.09672,1.09672,1.09475,1.09508,7948420000
1722848400000,1.09511,1.09567,1.09455,1.0952,7690670000
1722849300000,1.0952,1.09588,1.09481,1.09547,8192830000
1722850200000,1.09547,1.09607,1.09449,1.09509,8178260000
1722851100000,1.0951,1.09582,1.09502,1.09513,6076440000
1722852000000,1.09511,1.09512,1.0933,1.09393,7604340000
1722852900000,1.09393,1.09488,1.09391,1.09479,3744570000
1722853800000,1.09481,1.09504,1.09387,1.09461,5003120000
1722854700000,1.0946,1.09513,1.09391,1.09483,5552560000
1722855600000,1.09483,1.09582,1.09434,1.0955,4705740000
1722856500000,1.09548,1.09554,1.09474,1.09485,4941910000
1722857400000,1.09487,1.0953,1.09446,1.09524,5177060000
1722858300000,1.09524,1.09647,1.09481,1.09629,6877560000
1722859200000,1.09628,1.09736,1.09617,1.09734,9012090000
1722860100000,1.09736,1.09748,1.0966,1.09693,12333750000
1722861000000,1.09693,1.09862,1.09671,1.09861,11410100000
1722861900000,1.0986,1.10088,1.09834,1.0991,14186910000
1722862800000,1.0991,1.09946,1.09848,1.09877,16628340000
1722863700000,1.09876,1.09988,1.09849,1.09968,13692640000
1722864600000,1.09967,1.10032,1.09873,1.09948,11729380000
1722865500000,1.09947,1.10001,1.09754,1.09791,9938970000
1722866400000,1.0979,1.09791,1.0959,1.09678,17151110000
1722867300000,1.09678,1.09743,1.09624,1.09674,12669450000
1722868200000,1.09674,1.09682,1.09563,1.09636,12804770000
1722869100000,1.09639,1.098,1.09635,1.09793,8790860000
1722870000000,1.09793,1.09862,1.09721,1.09734,9468820000
1722870900000,1.09733,1.09738,1.09616,1.09682,7609080000
1722871800000,1.09679,1.09731,1.09614,1.0962,11778800000
1722872700000,1.09621,1.09658,1.09559,1.09561,7524730000
1722873600000,1.09561,1.09607,1.09476,1.09517,9852400000
1722874500000,1.09518,1.09601,1.09512,1.09568,6111230000
1722875400000,1.09569,1.09604,1.09544,1.09593,3737530000
1722876300000,1.09592,1.0961,1.09569,1.09598,7428140000
1722877200000,1.09598,1.09643,1.09565,1.09575,7405870000
1722878100000,1.09576,1.09596,1.09514,1.09531,4905370000
1722879000000,1.09532,1.09543,1.09472,1.0952,7433210000
1722879900000,1.09521,1.09557,1.09515,1.09532,2963760000
1722880800000,1.09532,1.09564,1.09504,1.09552,3175310000
1722881700000,1.09553,1.09574,1.09543,1.09547,3538480000
1722882600000,1.09549,1.09567,1.09537,1.0954,2603660000
1722883500000,1.09538,1.09539,1.0949,1.0951,3622960000
1722884400000,1.0951,1.09554,1.09509,1.09543,3261780000
1722885300000,1.09541,1.09555,1.09495,1.09536,4660190000
1722886200000,1.09537,1.09548,1.09519,1.0954,1987860000
1722887100000,1.09539,1.09587,1.09539,1.09587,2143770000
1722888000000,1.0959,1.09602,1.09575,1.09594,1171430000
1722888900000,1.09592,1.09594,1.09555,1.09568,1001800000
1722889800000,1.09568,1.0957,1.09535,1.09535,965690000
1722890700000,1.09537,1.09539,1.09491,1.09505,1645470000
1722891600000,1.095,1.09503,1.09462,1.09499,690700000
1722892500000,1.09499,1.09504,1.09493,1.09501,400500000
1722893400000,1.09502,1.0952,1.09502,1.09509,434520000
1722894300000,1.09508,1.09529,1.09507,1.09525,160200000
1722895200000,1.09528,1.09613,1.0952,1.09606,986490000
1722896100000,1.09606,1.09619,1.09583,1.09583,936700000
1722897000000,1.09584,1.09589,1.09562,1.09564,421680000
1722897900000,1.09562,1.09565,1.09541,1.09547,1057350000
1722898800000,1.09548,1.09573,1.09525,1.09571,5095240000
1722899700000,1.09571,1.09577,1.09527,1.09529,3147770000
1722900600000,1.0953,1.09562,1.09517,1.0952,3068370000
1722901500000,1.0952,1.09533,1.09498,1.09505,2282700000
1722902400000,1.09506,1.09526,1.09441,1.09442,6074280000
1722903300000,1.09442,1.09523,1.09437,1.09523,3889070000
1722904200000,1.09523,1.09555,1.09512,1.0955,5078550000
1722905100000,1.09551,1.0963,1.09547,1.09627,2783940000
1722906000000,1.09627,1.09631,1.09557,1.09593,3528440000
1722906900000,1.09592,1.09604,1.09545,1.09562,3914710000
1722907800000,1.09561,1.09562,1.095,1.09544,4818310000
1722908700000,1.09544,1.09573,1.09528,1.09548,3417030000
1722909600000,1.09548,1.09575,1.09533,1.09555,2900930000
1722910500000,1.09554,1.09573,1.09527,1.09547,3330170000
1722911400000,1.09547,1.09552,1.09519,1.09543,2607510000
1722912300000,1.09542,1.0955,1.09517,1.09519,2082870000
1722913200000,1.09518,1.09544,1.09514,1.09532,1966800000
1722914100000,1.09531,1.09552,1.09523,1.09539,1766590000
1722915000000,1.09539,1.0956,1.09517,1.09543,2027740000
1722915900000,1.09543,1.09545,1.09521,1.0954,2278800000
1722916800000,1.09541,1.09541,1.09507,1.09527,2012010000
1722917700000,1.09525,1.09558,1.0952,1.09547,3756960000
1722918600000,1.09548,1.09551,1.09496,1.09526,4074490000
1722919500000,1.09526,1.09533,1.09504,1.09519,1725660000
1722920400000,1.09519,1.09547,1.09502,1.09537,5191750000
1722921300000,1.09536,1.09549,1.09517,1.09535,5279640000
1722922200000,1.09534,1.09539,1.09488,1.09493,7521110000
1722923100000,1.09494,1.09496,1.09448,1.09465,6486790000
1722924000000,1.09466,1.09486,1.0942,1.09455,11396670000
1722924900000,1.09454,1.09484,1.09419,1.09449,10583280000
1722925800000,1.09448,1.09471,1.0937,1.09389,7300420000
1722926700000,1.0939,1.09416,1.09344,1.09389,8358380000
1722927600000,1.09389,1.0939,1.09311,1.09362,11759540000
1722928500000,1.0936,1.09408,1.09321,1.09367,7473290000
1722929400000,1.09368,1.09388,1.09218,1.09274,7448990000
1722930300000,1.09274,1.09305,1.09221,1.09268,8414780000
1722931200000,1.09267,1.0929,1.09185,1.09268,7937490000
1722932100000,1.09266,1.09314,1.09242,1.09314,6340500000
1722933000000,1.09315,1.09345,1.09269,1.09291,4416680000
1722933900000,1.09292,1.0935,1.09263,1.09276,3440860000
1722934800000,1.09277,1.09277,1.0915,1.0915,7201850000
1722935700000,1.09149,1.09191,1.09133,1.09148,4334650000
1722936600000,1.0915,1.09156,1.09076,1.09129,5194850000
1722937500000,1.09129,1.09169,1.09111,1.09117,4343590000
1722938400000,1.09115,1.0913,1.0908,1.09115,5609670000
1722939300000,1.09114,1.09143,1.0908,1.09099,4093870000
1722940200000,1.09099,1.09116,1.09058,1.09088,3647870000
1722941100000,1.09088,1.09107,1.09041,1.09083,5464220000
1722942000000,1.09084,1.09121,1.09047,1.0907,5292740000
1722942900000,1.0907,1.09094,1.09037,1.09076,4793730000
1722943800000,1.09076,1.09114,1.09038,1.09097,4175370000
1722944700000,1.09098,1.09174,1.09064,1.09167,4083690000
1722945600000,1.09166,1.09179,1.09122,1.09136,5643770000
1722946500000,1.09137,1.09145,1.09101,1.09133,3699760000
1722947400000,1.09133,1.09157,1.09084,1.09109,5735520000
1722948300000,1.09109,1.09148,1.09046,1.09051,4183220000
1722949200000,1.0905,1.09176,1.0905,1.09156,6297850000
1722950100000,1.09157,1.09195,1.09128,1.09184,5233160000
1722951000000,1.09186,1.09238,1.09154,1.09236,7537630000
1722951900000,1.09236,1.09245,1.09164,1.09183,8483560000
1722952800000,1.09185,1.09265,1.09152,1.09224,7966870000
1722953700000,1.09224,1.09281,1.09206,1.09259,5506570000
1722954600000,1.0926,1.09276,1.09208,1.09263,7446300000
1722955500000,1.09264,1.09348,1.09252,1.09337,7171110000
1722956400000,1.09338,1.09341,1.0927,1.09299,6344320000
1722957300000,1.09299,1.09324,1.09268,1.09284,5284500000
1722958200000,1.09284,1.09304,1.09249,1.09277,7230090000
1722959100000,1.09276,1.09277,1.09222,1.09251,4332550000
1722960000000,1.09253,1.09269,1.09207,1.09212,3572820000
1722960900000,1.09213,1.09301,1.09211,1.0929,2451020000
1722961800000,1.0929,1.09321,1.09249,1.0925,2492400000
1722962700000,1.09249,1.09291,1.09241,1.09277,2793070000
1722963600000,1.09277,1.0931,1.09227,1.09248,3348110000
1722964500000,1.09246,1.09275,1.09226,1.09253,2545380000
1722965400000,1.09255,1.09288,1.09242,1.09244,2063780000
1722966300000,1.09243,1.09262,1.09227,1.09259,1893530000
1722967200000,1.0926,1.09299,1.0925,1.09284,1951730000
1722968100000,1.09284,1.09311,1.0928,1.09308,1733420000
1722969000000,1.09307,1.09335,1.09299,1.09331,1504320000
1722969900000,1.09332,1.09335,1.09273,1.09285,1980150000
1722970800000,1.09285,1.09285,1.09226,1.09254,3202540000
1722971700000,1.09253,1.09274,1.09231,1.09258,4458590000
1722972600000,1.09257,1.093,1.09244,1.09286,3952680000
1722973500000,1.09285,1.09305,1.09257,1.09299,1800820000
1722974400000,1.09298,1.09319,1.09286,1.09299,664850000
1722975300000,1.09299,1.0931,1.09288,1.09294,721980000
1722976200000,1.09293,1.09302,1.09279,1.09291,1434360000
1722977100000,1.09291,1.09321,1.09276,1.09313,2138790000
1722978000000,1.09299,1.09302,1.09253,1.09289,325290000
1722978900000,1.09289,1.09312,1.0928,1.0931,345790000
1722979800000,1.09312,1.09317,1.09285,1.09285,152040000
1722980700000,1.09285,1.0929,1.09269,1.09286,725400000
1722981600000,1.09286,1.09316,1.09275,1.09289,922480000
1722982500000,1.09288,1.09308,1.09274,1.09305,572790000
1722983400000,1.09303,1.09303,1.09282,1.09287,338910000
1722984300000,1.09295,1.09315,1.09288,1.09294,737340000
1722985200000,1.09296,1.09303,1.09264,1.09273,802170000
1722986100000,1.09273,1.09284,1.09262,1.09269,504390000
1722987000000,1.09265,1.09279,1.0925,1.09263,573210000
1722987900000,1.09264,1.09278,1.09238,1.09259,446150000
1722988800000,1.09259,1.09288,1.09231,1.09231,1376950000
1722989700000,1.09232,1.09281,1.09232,1.09256,1119140000
1722990600000,1.09258,1.09272,1.09238,1.09259,973590000
1722991500000,1.0926,1.09305,1.0926,1.09296,762030000
1722992400000,1.09296,1.09303,1.09271,1.09281,1116590000
1722993300000,1.0928,1.09282,1.09239,1.09247,903990000
1722994200000,1.09246,1.09249,1.09144,1.0916,2243190000
1722995100000,1.09162,1.09191,1.09109,1.09181,2260960000
1722996000000,1.09183,1.09193,1.09137,1.09147,2905620000
1722996900000,1.09148,1.09174,1.09122,1.0917,2607430000
1722997800000,1.09169,1.09192,1.09145,1.09149,1436270000
1722998700000,1.09148,1.09172,1.09144,1.09162,816130000
1722999600000,1.09163,1.09174,1.09127,1.09127,847260000
1723000500000,1.09126,1.09153,1.09117,1.09152,819150000
1723001400000,1.0915,1.09167,1.09141,1.09148,569370000
1723002300000,1.09148,1.09159,1.09135,1.09157,1091220000
1723003200000,1.09157,1.09168,1.09152,1.09159,1149480000
1723004100000,1.09159,1.09164,1.09137,1.09159,1508310000
1723005000000,1.09156,1.09158,1.09118,1.09121,886590000
1723005900000,1.09122,1.09143,1.09115,1.09116,555820000
1723006800000,1.09114,1.09129,1.09091,1.09104,526040000
1723007700000,1.09105,1.0912,1.09086,1.09087,1158990000
1723008600000,1.09088,1.09101,1.09068,1.09097,1275900000
1723009500000,1.09097,1.09116,1.09069,1.09102,1176120000
1723010400000,1.09101,1.09128,1.09053,1.09111,2338600000
1723011300000,1.09112,1.09134,1.0909,1.09133,1874440000
1723012200000,1.09133,1.09147,1.0912,1.09123,1626400000
1723013100000,1.09122,1.09153,1.09087,1.0915,1602030000
1723014000000,1.09151,1.09197,1.09128,1.09159,2778500000
1723014900000,1.09158,1.09227,1.09154,1.09214,2628240000
1723015800000,1.09215,1.09252,1.09205,1.09245,2423430000
1723016700000,1.09243,1.09278,1.092,1.09222,2427080000
1723017600000,1.09222,1.09237,1.09185,1.09231,2869020000
1723018500000,1.09231,1.09279,1.09223,1.09268,2417130000
1723019400000,1.09268,1.09268,1.09209,1.09239,2222480000
1723020300000,1.09239,1.09267,1.09183,1.09186,2738810000
1723021200000,1.09187,1.09189,1.09111,1.09112,4459700000
1723022100000,1.09111,1.09195,1.09097,1.09164,3689530000
1723023000000,1.09164,1.09186,1.09122,1.09128,3495210000
1723023900000,1.09128,1.09137,1.09085,1.09134,5019060000
1723024800000,1.09137,1.09147,1.09096,1.09138,2545200000
1723025700000,1.09138,1.09181,1.09118,1.0915,2877510000
1723026600000,1.09151,1.0922,1.09151,1.09195,2942320000
1723027500000,1.09195,1.09232,1.09162,1.09179,2705860000
1723028400000,1.09178,1.09212,1.09177,1.09189,3780470000
1723029300000,1.0919,1.09219,1.09181,1.09218,3167480000
1723030200000,1.09219,1.09256,1.09203,1.0925,2248250000
1723031100000,1.0925,1.09266,1.09199,1.09232,3277150000
1723032000000,1.09233,1.09256,1.09189,1.09189,4594350000
1723032900000,1.0919,1.09199,1.09144,1.09144,4482450000
1723033800000,1.09144,1.09175,1.09133,1.09162,3144760000
1723034700000,1.09161,1.09223,1.09159,1.09219,2439360000
1723035600000,1.09219,1.09227,1.09165,1.09196,3278210000
1723036500000,1.09195,1.09229,1.09179,1.09219,2765110000
1723037400000,1.0922,1.09264,1.09169,1.09175,5188760000
1723038300000,1.09175,1.09187,1.09124,1.09187,4358350000
1723039200000,1.0919,1.09228,1.09188,1.09197,3823250000
1723040100000,1.09197,1.09247,1.09188,1.09245,4400790000
1723041000000,1.09247,1.09328,1.09241,1.09326,3058830000
1723041900000,1.09327,1.0934,1.09284,1.09318,3815620000
1723042800000,1.09318,1.09358,1.09303,1.09313,3308940000
1723043700000,1.09313,1.09366,1.09308,1.09324,3324190000
1723044600000,1.09325,1.09334,1.09252,1.09253,4893900000
1723045500000,1.09255,1.09272,1.09239,1.09246,3030100000
1723046400000,1.09246,1.0926,1.09217,1.0926,2984700000
1723047300000,1.0926,1.09269,1.09233,1.09245,1298750000
1723048200000,1.09245,1.0926,1.09218,1.09218,2375970000
1723049100000,1.09219,1.09234,1.0921,1.09221,2867500000
1723050000000,1.0922,1.09237,1.09178,1.09209,5451750000
1723050900000,1.09209,1.09264,1.09175,1.0923,3597490000
1723051800000,1.09231,1.09271,1.0923,1.09233,2036400000
1723052700000,1.09233,1.0924,1.09208,1.09221,2480220000
1723053600000,1.09221,1.09228,1.09194,1.09196,3030140000
1723054500000,1.09197,1.09238,1.09193,1.09214,3089860000
1723055400000,1.09214,1.0922,1.09174,1.09194,3420340000
1723056300000,1.09194,1.09224,1.09188,1.09221,2771530000
1723057200000,1.09221,1.09246,1.09213,1.09244,4390320000
1723058100000,1.09244,1.09264,1.0924,1.09254,2270640000
1723059000000,1.09254,1.09266,1.09232,1.09246,2251120000
1723059900000,1.09246,1.09252,1.0922,1.09233,2605440000
1723060800000,1.09233,1.09233,1.09215,1.09223,1945630000
1723061700000,1.09222,1.09226,1.0921,1.09213,1586470000
1723062600000,1.09211,1.0922,1.092,1.09201,1435170000
1723063500000,1.09201,1.09237,1.09201,1.0922,3415500000
1723064400000,1.0921,1.09222,1.09173,1.09206,350900000
1723065300000,1.0921,1.09228,1.09198,1.09208,582300000
1723066200000,1.0921,1.09234,1.09208,1.0923,605700000
1723067100000,1.09231,1.09244,1.09227,1.09233,339540000
1723068000000,1.09233,1.09254,1.09225,1.09228,1553040000
1723068900000,1.09228,1.09255,1.09225,1.09254,491940000
1723069800000,1.09255,1.09269,1.09249,1.0926,412810000
1723070700000,1.09259,1.09266,1.09255,1.09266,956060000
1723071600000,1.09267,1.093,1.09263,1.09295,813330000
1723072500000,1.09296,1.09313,1.09285,1.09303,426110000
1723073400000,1.09305,1.09338,1.09299,1.0933,1036560000
1723074300000,1.09331,1.09333,1.09267,1.09273,1847420000
1723075200000,1.09275,1.09298,1.09262,1.09294,1949800000
1723076100000,1.09294,1.09323,1.09268,1.09286,1161180000
1723077000000,1.09285,1.09324,1.09278,1.09283,1236430000
1723077900000,1.09283,1.09316,1.09258,1.09279,1480640000
1723078800000,1.0928,1.09307,1.09266,1.09274,1195520000
1723079700000,1.09274,1.09283,1.09244,1.0925,1836840000
1723080600000,1.09251,1.0927,1.09235,1.09248,1170480000
1723081500000,1.09248,1.09289,1.09244,1.09277,898680000
1723082400000,1.09278,1.09326,1.09277,1.09298,792920000
1723083300000,1.09297,1.09297,1.09265,1.09294,712830000
1723084200000,1.09297,1.09347,1.09292,1.09334,1203390000
1723085100000,1.09333,1.09351,1.0931,1.09336,1004860000
1723086000000,1.09337,1.09339,1.09319,1.09323,1415290000
1723086900000,1.09322,1.09327,1.09298,1.09312,938460000
1723087800000,1.09313,1.0933,1.09301,1.09324,649560000
1723088700000,1.09327,1.09354,1.09325,1.09348,791490000
1723089600000,1.09348,1.09375,1.09348,1.09375,1451930000
1723090500000,1.09375,1.09376,1.09352,1.09358,988790000
1723091400000,1.0936,1.09369,1.0933,1.09339,920490000
1723092300000,1.0934,1.09343,1.09307,1.09316,885480000
1723093200000,1.09317,1.09329,1.09302,1.09318,1107330000
1723094100000,1.09318,1.0933,1.09306,1.0932,746100000
1723095000000,1.09321,1.09323,1.09299,1.0932,1526390000
1723095900000,1.0932,1.09358,1.09298,1.09357,1231950000
1723096800000,1.09356,1.09424,1.09349,1.09399,1631420000
1723097700000,1.094,1.09427,1.09339,1.09345,2407410000
1723098600000,1.09342,1.09398,1.09335,1.09368,1746720000
1723099500000,1.09367,1.09447,1.09365,1.09428,2022010000
1723100400000,1.0943,1.09451,1.09372,1.09373,2992920000
1723101300000,1.09377,1.09419,1.09361,1.09375,2742010000
1723102200000,1.09373,1.09407,1.09349,1.09354,2756730000
1723103100000,1.09355,1.09402,1.09338,1.09399,1532070000
1723104000000,1.09399,1.09441,1.09383,1.09441,1439050000
1723104900000,1.09443,1.09443,1.09374,1.0939,1455610000
1723105800000,1.09389,1.09399,1.09354,1.09391,1592850000
1723106700000,1.09391,1.09415,1.09363,1.09369,1155140000
1723107600000,1.0937,1.09395,1.09334,1.09351,1194390000
1723108500000,1.09351,1.09354,1.09308,1.09334,2022890000
1723109400000,1.09335,1.09344,1.09299,1.09302,1811320000
1723110300000,1.09302,1.09311,1.0926,1.09268,2331420000
1723111200000,1.09268,1.09286,1.09208,1.09224,3096560000
1723112100000,1.09224,1.09274,1.09217,1.09272,2207190000
1723113000000,1.09272,1.09276,1.09218,1.0922,2659560000
1723113900000,1.09219,1.09286,1.09219,1.09252,1748200000
1723114800000,1.09252,1.09281,1.0923,1.09238,2601060000
1723115700000,1.09239,1.09298,1.09238,1.09279,2403270000
1723116600000,1.09278,1.0928,1.09235,1.09263,3338540000
1723117500000,1.09262,1.09332,1.09255,1.09304,2494810000
1723118400000,1.09305,1.09325,1.09288,1.09318,2358740000
1723119300000,1.09319,1.09319,1.09283,1.09293,3247720000
1723120200000,1.09284,1.09292,1.08985,1.09055,12860650000
1723121100000,1.09056,1.0906,1.08915,1.08974,7341060000
1723122000000,1.08975,1.09062,1.08949,1.09002,7039900000
1723122900000,1.09001,1.09016,1.08927,1.08971,4458970000
1723123800000,1.08971,1.08979,1.08818,1.08863,7619720000
1723124700000,1.08864,1.08927,1.08814,1.08926,5117640000
1723125600000,1.08931,1.08988,1.08913,1.08973,6174030000
1723126500000,1.08973,1.08992,1.08924,1.08979,6257260000
1723127400000,1.0898,1.09016,1.08956,1.08981,8493990000
1723128300000,1.08982,1.09077,1.08971,1.09063,6223060000
1723129200000,1.09062,1.09146,1.09055,1.09079,6564090000
1723130100000,1.09079,1.09125,1.09065,1.09081,6781640000
1723131000000,1.09082,1.09104,1.09061,1.09076,5912640000
1723131900000,1.09075,1.09145,1.09073,1.0913,3618090000
1723132800000,1.0913,1.09145,1.09081,1.0909,4421110000
1723133700000,1.0909,1.0909,1.09057,1.09069,3209050000
1723134600000,1.09069,1.09087,1.0905,1.0908,2806840000
1723135500000,1.09081,1.09105,1.09071,1.09086,3352490000
1723136400000,1.09087,1.09137,1.09074,1.09125,4035670000
1723137300000,1.09124,1.09162,1.09122,1.09148,2917820000
1723138200000,1.09148,1.09161,1.09109,1.09111,2231320000
1723139100000,1.09113,1.09134,1.0911,1.09126,1739970000
1723140000000,1.09128,1.0915,1.0911,1.09142,1860380000
1723140900000,1.09141,1.09144,1.09112,1.09129,3291300000
1723141800000,1.09129,1.09148,1.09128,1.09137,3598320000
1723142700000,1.09136,1.09188,1.09134,1.09183,2991390000
1723143600000,1.09182,1.09182,1.09133,1.09145,3409200000
1723144500000,1.09145,1.09168,1.09142,1.09165,2173610000
1723145400000,1.09164,1.09165,1.09147,1.09161,1360950000
1723146300000,1.0916,1.09169,1.09142,1.09159,3210160000
1723147200000,1.09159,1.09181,1.09159,1.09177,952000000
1723148100000,1.09177,1.09178,1.09167,1.09175,996080000
1723149000000,1.09175,1.09189,1.09169,1.0918,482430000
1723149900000,1.09182,1.0919,1.09173,1.09181,666490000
1723150800000,1.09174,1.09177,1.091,1.09155,400360000
1723151700000,1.09155,1.0917,1.09152,1.0916,164370000
1723152600000,1.09158,1.09163,1.09151,1.0916,462800000
1723153500000,1.09159,1.09164,1.09152,1.09162,192650000
1723154400000,1.09163,1.0918,1.09155,1.09177,572590000
1723155300000,1.09177,1.0918,1.09161,1.0917,432090000
1723156200000,1.09169,1.09183,1.09169,1.09175,260280000
1723157100000,1.09175,1.09189,1.09169,1.09182,212310000
1723158000000,1.09183,1.09193,1.09164,1.09177,521850000
1723158900000,1.09176,1.0918,1.09153,1.09153,160250000
1723159800000,1.09154,1.09172,1.09151,1.09162,80690000
1723160700000,1.09162,1.09177,1.09143,1.09149,268800000
1723161600000,1.09147,1.09159,1.09134,1.09146,967610000
1723162500000,1.09147,1.09153,1.09127,1.09128,951900000
1723163400000,1.09128,1.0914,1.09119,1.09127,1154480000
1723164300000,1.09127,1.09144,1.09114,1.0913,659510000
1723165200000,1.09131,1.09155,1.09119,1.09128,860630000
1723166100000,1.09128,1.09173,1.09128,1.09173,529290000
1723167000000,1.09174,1.09188,1.09165,1.09169,980830000
1723167900000,1.0917,1.09187,1.09159,1.09177,1706240000
1723168800000,1.09178,1.09188,1.09157,1.09169,1227750000
1723169700000,1.09169,1.09217,1.09164,1.09217,809720000
1723170600000,1.09217,1.09238,1.09206,1.09228,858920000
1723171500000,1.09228,1.09243,1.09207,1.09212,826470000
1723172400000,1.09211,1.09231,1.09204,1.09229,637470000
1723173300000,1.0923,1.09235,1.09216,1.09227,580130000
1723174200000,1.09227,1.0924,1.09227,1.09233,647830000
1723175100000,1.09234,1.09236,1.09208,1.09228,1349610000
1723176000000,1.09228,1.09239,1.0922,1.09221,488400000
1723176900000,1.09221,1.0923,1.09204,1.09206,488310000
1723177800000,1.09205,1.09223,1.09204,1.09218,730430000
1723178700000,1.09217,1.09218,1.09199,1.09201,819080000
1723179600000,1.09201,1.09213,1.09188,1.09204,1451320000
1723180500000,1.09204,1.0921,1.09181,1.09198,1166300000
1723181400000,1.09197,1.09204,1.09183,1.09193,916980000
1723182300000,1.09192,1.09213,1.09188,1.09193,801850000
1723183200000,1.09194,1.09242,1.09175,1.09219,1052340000
1723184100000,1.09218,1.09253,1.09218,1.09249,1106070000
1723185000000,1.0925,1.09274,1.09243,1.09261,971530000
1723185900000,1.0926,1.09281,1.09248,1.09273,1146330000
1723186800000,1.09272,1.0929,1.09253,1.09264,2034280000
1723187700000,1.09263,1.09278,1.09247,1.09262,3096800000
1723188600000,1.09263,1.09269,1.09231,1.09233,2843810000
1723189500000,1.09232,1.09247,1.09202,1.09218,1631950000
1723190400000,1.09218,1.09224,1.09156,1.09175,2518640000
1723191300000,1.09173,1.09199,1.09156,1.09195,1483380000
1723192200000,1.09195,1.09224,1.09156,1.09168,1349270000
1723193100000,1.09166,1.09175,1.09129,1.09175,1155570000
1723194000000,1.09176,1.09228,1.09172,1.09213,1125500000
1723194900000,1.09213,1.09245,1.09207,1.09234,766100000
1723195800000,1.09235,1.09257,1.09207,1.09224,2091710000
1723196700000,1.09223,1.09231,1.09182,1.09195,2883640000
1723197600000,1.09195,1.09203,1.09166,1.09195,2455990000
1723198500000,1.09193,1.09231,1.09173,1.09185,2033050000
1723199400000,1.09186,1.09226,1.09186,1.09205,1594100000
1723200300000,1.09203,1.09208,1.09172,1.09174,2759840000
1723201200000,1.09175,1.09206,1.09149,1.0919,2290380000
1723202100000,1.0919,1.0919,1.09143,1.09153,2689580000
1723203000000,1.09154,1.0918,1.09144,1.09144,3361480000
1723203900000,1.09145,1.09165,1.09112,1.0916,4029490000
1723204800000,1.09159,1.09195,1.09146,1.09158,2523450000
1723205700000,1.09158,1.09159,1.09117,1.09145,2494010000
1723206600000,1.09144,1.09166,1.09091,1.09094,3574010000
1723207500000,1.09093,1.09137,1.0909,1.09117,2049490000
1723208400000,1.09117,1.0915,1.09097,1.0915,1863180000
1723209300000,1.0915,1.09227,1.09144,1.09223,2185200000
1723210200000,1.09224,1.09239,1.09183,1.0923,3835090000
1723211100000,1.09232,1.09237,1.09207,1.09223,2950030000
1723212000000,1.09223,1.0925,1.09212,1.09247,3132610000
1723212900000,1.09248,1.09313,1.0924,1.09299,2575250000
1723213800000,1.09298,1.09301,1.09226,1.09238,3252840000
1723214700000,1.09239,1.0927,1.09217,1.09231,3076360000
1723215600000,1.09231,1.09253,1.09216,1.09248,2509190000
1723216500000,1.09248,1.09261,1.09237,1.09239,2153060000
1723217400000,1.09239,1.09254,1.09217,1.0924,2539220000
1723218300000,1.0924,1.09276,1.09238,1.09241,3140400000
1723219200000,1.0924,1.09245,1.0918,1.0918,2787030000
1723220100000,1.0918,1.09203,1.09178,1.0918,1041360000
1723221000000,1.0918,1.09205,1.0918,1.09199,1397880000
1723221900000,1.09199,1.09208,1.09178,1.09186,1409460000
1723222800000,1.09186,1.09193,1.09151,1.09165,1785280000
1723223700000,1.09166,1.09202,1.09166,1.092,1440570000
1723224600000,1.09201,1.09234,1.09201,1.09231,1521120000
1723225500000,1.09232,1.09232,1.09193,1.09206,1153370000
1723226400000,1.09207,1.09217,1.09185,1.092,774900000
1723227300000,1.092,1.09207,1.09174,1.0918,1023660000
1723228200000,1.0918,1.09188,1.0917,1.0918,843030000
1723229100000,1.0918,1.09201,1.09179,1.09195,801530000
1723230000000,1.09195,1.09211,1.09186,1.09194,1217440000
1723230900000,1.09195,1.09209,1.09184,1.09187,531630000
1723231800000,1.09188,1.09196,1.09171,1.09183,1318460000
1723232700000,1.09183,1.09189,1.09179,1.09187,1663170000
1723233600000,1.09186,1.09194,1.09167,1.09168,1010550000
1723234500000,1.09168,1.09179,1.09167,1.09175,1051990000
1723235400000,1.09176,1.0919,1.09157,1.09158,954000000
1723236300000,1.09158,1.09167,1.09148,1.09167,938250000
1723410000000,1.09142,1.09183,1.09142,1.09176,72350000
1723410900000,1.09177,1.09185,1.09162,1.09182,85500000
1723411800000,1.09182,1.09193,1.09162,1.0919,109650000
1723412700000,1.09191,1.09196,1.09185,1.09189,185170000
1723413600000,1.09189,1.09191,1.09127,1.0913,854010000
1723414500000,1.0913,1.09139,1.091,1.09105,851690000
1723415400000,1.09104,1.09139,1.09103,1.09131,830690000
1723416300000,1.0913,1.0914,1.09127,1.09128,978410000
1723417200000,1.09128,1.0915,1.09125,1.09134,1328970000
1723418100000,1.09134,1.09149,1.09126,1.09148,325670000
1723419000000,1.09147,1.09148,1.09132,1.09139,603420000
1723419900000,1.09138,1.09146,1.09125,1.09127,1270960000
1723420800000,1.09125,1.09177,1.09116,1.09177,1144440000
1723421700000,1.09177,1.0919,1.09154,1.09159,843900000
1723422600000,1.09159,1.09182,1.09156,1.09179,730190000
1723423500000,1.09179,1.09197,1.09167,1.09182,969200000
1723424400000,1.09182,1.0921,1.0918,1.09199,1652630000
1723425300000,1.092,1.09229,1.092,1.09223,594270000
1723426200000,1.09223,1.0923,1.09207,1.09209,1057900000
1723427100000,1.0921,1.09217,1.09193,1.09206,1142820000
1723428000000,1.09205,1.09209,1.09193,1.09204,1436850000
1723428900000,1.09205,1.09217,1.09205,1.09212,1238210000
1723429800000,1.09213,1.09214,1.09178,1.09183,709920000
1723430700000,1.09184,1.092,1.09178,1.09178,968940000
1723431600000,1.09177,1.09187,1.09168,1.09168,491260000
1723432500000,1.09168,1.09168,1.09136,1.09141,1049060000
1723433400000,1.0914,1.09147,1.09126,1.09144,591630000
1723434300000,1.09144,1.09147,1.09129,1.0914,497610000
1723435200000,1.09138,1.09159,1.09136,1.09159,388840000
1723436100000,1.09158,1.09167,1.09146,1.09164,561690000
1723437000000,1.09164,1.0919,1.09161,1.0919,1180560000
1723437900000,1.09191,1.09214,1.09184,1.09189,1028430000
1723438800000,1.0919,1.09205,1.0919,1.09195,2112700000
1723439700000,1.09195,1.0921,1.09194,1.09203,1297570000
1723440600000,1.09204,1.09204,1.09188,1.09189,1268450000
1723441500000,1.0919,1.09197,1.09175,1.09185,1694580000
1723442400000,1.09185,1.09214,1.09172,1.09204,2370350000
1723443300000,1.09203,1.09215,1.09157,1.09185,2135060000
1723444200000,1.09184,1.09227,1.09184,1.09214,1832670000
1723445100000,1.09214,1.09235,1.09191,1.09211,1911610000
1723446000000,1.09211,1.09252,1.09202,1.09251,2202300000
1723446900000,1.09251,1.09284,1.0924,1.0927,2518870000
1723447800000,1.09271,1.09271,1.09197,1.09213,3115490000
1723448700000,1.09215,1.09228,1.09194,1.09221,2825040000
1723449600000,1.09223,1.09254,1.09172,1.09173,2895700000
1723450500000,1.09173,1.09209,1.0916,1.09172,1881960000
1723451400000,1.09171,1.09201,1.09163,1.09189,1939230000
1723452300000,1.0919,1.09213,1.09173,1.09206,1472260000
1723453200000,1.09206,1.09233,1.09176,1.09233,1561080000
1723454100000,1.09234,1.0924,1.0921,1.09223,1321710000
1723455000000,1.09224,1.09279,1.09224,1.09267,1716040000
1723455900000,1.09267,1.09267,1.09244,1.09267,2736690000
1723456800000,1.09268,1.09295,1.09251,1.09289,1734300000
1723457700000,1.0929,1.09299,1.09257,1.09291,1333820000
1723458600000,1.09291,1.09295,1.09215,1.09262,1400160000
1723459500000,1.09262,1.09271,1.09238,1.09265,851980000
1723460400000,1.09265,1.09292,1.09252,1.09257,3070580000
1723461300000,1.09258,1.09258,1.09216,1.09218,1554830000
1723462200000,1.09217,1.09223,1.09197,1.09209,1751350000
1723463100000,1.09209,1.09267,1.092,1.09259,1215950000
1723464000000,1.09259,1.09288,1.09207,1.09228,2374100000
1723464900000,1.09229,1.09234,1.09212,1.09218,1710410000
1723465800000,1.09218,1.09228,1.09182,1.09186,1840700000
1723466700000,1.09186,1.092,1.09176,1.09199,1377360000
1723467600000,1.09199,1.0923,1.09199,1.09229,1197190000
1723468500000,1.09228,1.09281,1.09216,1.09264,2745330000
1723469400000,1.09264,1.09309,1.09257,1.09304,4545940000
1723470300000,1.09304,1.09333,1.09241,1.09251,6318030000
1723471200000,1.09253,1.09253,1.0917,1.09187,3378580000
1723472100000,1.09187,1.09212,1.09152,1.09212,2186400000
1723473000000,1.09213,1.09294,1.09211,1.09266,2075310000
1723473900000,1.09267,1.09333,1.09235,1.09312,3231050000
1723474800000,1.09312,1.09393,1.09302,1.0937,4019830000
1723475700000,1.09371,1.09381,1.09338,1.09376,5221010000
1723476600000,1.09377,1.09377,1.09272,1.09296,3990460000
1723477500000,1.09296,1.09321,1.09276,1.09279,1913570000
1723478400000,1.09278,1.09294,1.09257,1.09284,2045380000
1723479300000,1.09283,1.09293,1.09252,1.09274,1493960000
1723480200000,1.09273,1.09278,1.09222,1.09228,2090700000
1723481100000,1.09231,1.09242,1.09218,1.09228,1651550000
1723482000000,1.09227,1.09265,1.09221,1.09263,1991130000
1723482900000,1.09264,1.09286,1.09251,1.09284,1416710000
1723483800000,1.09285,1.09315,1.09285,1.09293,1358020000
1723484700000,1.09294,1.09336,1.09294,1.09331,2405580000
1723485600000,1.09331,1.0935,1.09327,1.09329,1058580000
1723486500000,1.0933,1.09331,1.09297,1.09297,1620600000
1723487400000,1.09296,1.09305,1.09292,1.09295,904230000
1723488300000,1.09295,1.09305,1.09282,1.09304,935330000
1723489200000,1.09304,1.09331,1.09303,1.09315,1249890000
1723490100000,1.09314,1.09321,1.09304,1.09315,733350000
1723491000000,1.09315,1.09331,1.09302,1.09305,1191800000
1723491900000,1.09307,1.09315,1.09297,1.09314,1385070000
1723492800000,1.09314,1.09314,1.09291,1.09298,410120000
1723493700000,1.093,1.09306,1.09272,1.09273,334710000
1723494600000,1.09273,1.09307,1.09273,1.09307,188630000
1723495500000,1.09308,1.09322,1.09302,1.09312,697380000
1723496400000,1.09303,1.09313,1.09249,1.0931,197910000
1723497300000,1.09309,1.09334,1.09309,1.09319,208980000
1723498200000,1.09319,1.09321,1.0931,1.09317,369240000
1723499100000,1.09317,1.09324,1.0931,1.09317,387900000
1723500000000,1.09317,1.0933,1.09307,1.09319,708740000
1723500900000,1.09319,1.09327,1.09314,1.09315,473040000
1723501800000,1.09316,1.09321,1.09309,1.09318,346950000
1723502700000,1.09318,1.09326,1.09315,1.09323,349740000
1723503600000,1.09324,1.09334,1.09312,1.09312,380340000
1723504500000,1.09314,1.09327,1.09314,1.09319,291420000
1723505400000,1.09322,1.09344,1.09318,1.09338,588960000
1723506300000,1.09337,1.09363,1.09337,1.09361,769860000
1723507200000,1.0936,1.09361,1.09309,1.0932,1493250000
1723508100000,1.0932,1.09329,1.09305,1.09311,1794920000
1723509000000,1.09311,1.09312,1.09292,1.09303,1316360000
1723509900000,1.09305,1.09313,1.09293,1.09299,1442050000
1723510800000,1.09299,1.09312,1.09292,1.09298,1006000000
1723511700000,1.09299,1.09309,1.09292,1.09307,980450000
1723512600000,1.09308,1.09337,1.09303,1.09335,1201100000
1723513500000,1.09335,1.09352,1.09327,1.09349,733230000
1723514400000,1.09348,1.09358,1.09345,1.09357,654390000
1723515300000,1.09356,1.09375,1.09356,1.09367,671850000
1723516200000,1.09367,1.09371,1.09339,1.09349,559110000
1723517100000,1.09351,1.09361,1.0935,1.09353,845940000
1723518000000,1.09353,1.09369,1.0935,1.09369,657230000
1723518900000,1.09368,1.09381,1.09364,1.09369,465010000
1723519800000,1.09369,1.09384,1.09368,1.09377,357690000
1723520700000,1.09378,1.09379,1.09358,1.09369,578480000
1723521600000,1.09369,1.09382,1.09368,1.09379,425460000
1723522500000,1.09379,1.09384,1.09367,1.09383,588600000
1723523400000,1.09384,1.09384,1.09357,1.09372,703710000
1723524300000,1.09371,1.09392,1.09368,1.09391,811710000
1723525200000,1.09392,1.09409,1.09391,1.09408,664920000
1723526100000,1.09407,1.09408,1.09387,1.09399,542340000
1723527000000,1.09399,1.09402,1.09386,1.09386,756330000
1723527900000,1.09386,1.09411,1.09373,1.09397,1629380000
1723528800000,1.09398,1.09408,1.09346,1.09362,3892800000
1723529700000,1.09361,1.0939,1.0934,1.09343,3461010000
1723530600000,1.09342,1.09362,1.09327,1.09354,1900030000
1723531500000,1.09353,1.0937,1.09325,1.09333,1393560000
1723532400000,1.09333,1.09346,1.09291,1.09298,2369290000
1723533300000,1.09297,1.09339,1.09262,1.09334,2286790000
1723534200000,1.09334,1.09347,1.09282,1.09287,2143800000
1723535100000,1.09287,1.0932,1.09272,1.09301,2676940000
1723536000000,1.093,1.093,1.0926,1.09283,3361980000
1723536900000,1.09282,1.09284,1.09209,1.09218,2199030000
1723537800000,1.09218,1.0925,1.09209,1.0925,1703670000
1723538700000,1.09249,1.09249,1.09206,1.09233,1104120000
1723539600000,1.09234,1.09234,1.09137,1.09177,2749180000
1723540500000,1.09176,1.09231,1.09168,1.09218,949380000
1723541400000,1.09218,1.0925,1.09212,1.09244,1125000000
1723542300000,1.09244,1.09269,1.09196,1.09196,1913270000
1723543200000,1.09196,1.09203,1.09179,1.09197,2920940000
1723544100000,1.09198,1.09237,1.09196,1.09205,1224570000
1723545000000,1.09204,1.09251,1.09203,1.09216,1251350000
1723545900000,1.09216,1.09246,1.09201,1.09231,1992270000
1723546800000,1.0923,1.09265,1.09225,1.09265,1128120000
1723547700000,1.09264,1.09273,1.09249,1.09272,1366680000
1723548600000,1.09272,1.09297,1.09265,1.09286,1363310000
1723549500000,1.09285,1.09322,1.09281,1.09302,938630000
1723550400000,1.09301,1.09314,1.09289,1.09303,1955440000
1723551300000,1.09304,1.09318,1.09254,1.09277,1578410000
1723552200000,1.09277,1.09465,1.09277,1.09397,6056630000
1723553100000,1.09396,1.0946,1.09376,1.09409,4610480000
1723554000000,1.0941,1.09444,1.0938,1.09404,4202910000
1723554900000,1.09404,1.09546,1.09402,1.0954,3539630000
1723555800000,1.0954,1.09589,1.09521,1.09582,4486080000
1723556700000,1.09583,1.09623,1.09568,1.09586,2577860000
1723557600000,1.09587,1.09587,1.09515,1.09564,4389610000
1723558500000,1.09563,1.09577,1.09533,1.09547,2866240000
1723559400000,1.09548,1.09589,1.09501,1.09589,2976980000
1723560300000,1.09589,1.09618,1.09542,1.09559,2934630000
1723561200000,1.0956,1.09586,1.09532,1.09556,2800840000
1723562100000,1.09555,1.0956,1.09496,1.095,3043130000
1723563000000,1.09499,1.09524,1.0948,1.09491,2180600000
1723563900000,1.0949,1.09544,1.0949,1.09535,1546520000
1723564800000,1.09536,1.096,1.09529,1.09587,1710390000
1723565700000,1.09587,1.09612,1.09577,1.0961,1081610000
1723566600000,1.09609,1.09668,1.09598,1.09663,2474340000
1723567500000,1.09664,1.09739,1.09662,1.09723,3741090000
1723568400000,1.09725,1.09743,1.09697,1.09736,2635730000
1723569300000,1.09737,1.09784,1.09726,1.09766,3338680000
1723570200000,1.09765,1.09769,1.09729,1.09747,3375850000
1723571100000,1.09749,1.09771,1.09725,1.09767,2015000000
1723572000000,1.09768,1.09849,1.09767,1.09844,1313970000
1723572900000,1.09844,1.0992,1.09843,1.09913,2574240000
1723573800000,1.09914,1.09956,1.09903,1.09947,1691420000
1723574700000,1.09947,1.09994,1.09945,1.09991,3074490000
1723575600000,1.09991,1.09996,1.09966,1.09991,4052590000
1723576500000,1.09992,1.09992,1.09939,1.09966,3572820000
1723577400000,1.09966,1.09966,1.09947,1.09961,2576710000
1723578300000,1.09961,1.09981,1.0995,1.09959,5259440000
1723579200000,1.0996,1.09963,1.09944,1.0995,2568900000
1723580100000,1.09952,1.09989,1.09952,1.09984,1061020000
1723581000000,1.09984,1.09986,1.09964,1.09974,1722700000
1723581900000,1.09975,1.09977,1.09916,1.09916,1997490000
1723582800000,1.09916,1.09941,1.09754,1.09913,525620000
1723583700000,1.09915,1.09925,1.09899,1.09911,168750000
1723584600000,1.09911,1.09926,1.09897,1.09916,1203300000
1723585500000,1.09912,1.09933,1.09907,1.09918,856650000
1723586400000,1.09918,1.09958,1.09908,1.09944,1269870000
1723587300000,1.09943,1.09945,1.09923,1.09942,534810000
1723588200000,1.09943,1.09973,1.0994,1.0997,484170000
1723589100000,1.09971,1.09971,1.09964,1.09965,176850000
1723590000000,1.09966,1.09984,1.09965,1.09974,1168470000
1723590900000,1.09975,1.09979,1.0996,1.09964,809610000
1723591800000,1.09963,1.0997,1.09958,1.09961,1155110000
1723592700000,1.0996,1.09966,1.09943,1.09959,1716040000
1723593600000,1.09958,1.09971,1.0994,1.09954,2763590000
1723594500000,1.09954,1.09964,1.0994,1.09949,1848980000
1723595400000,1.09948,1.09952,1.09922,1.09922,1494330000
1723596300000,1.09923,1.09961,1.09916,1.09919,1596940000
1723597200000,1.09918,1.09924,1.09904,1.09919,2423210000
1723598100000,1.09919,1.09965,1.09919,1.09963,2407150000
1723599000000,1.09962,1.09963,1.09928,1.09955,1788850000
1723599900000,1.09955,1.09956,1.09915,1.09918,1740110000
1723600800000,1.09916,1.09931,1.09903,1.09913,4714850000
1723601700000,1.09912,1.09919,1.09902,1.09915,1582950000
1723602600000,1.09916,1.0994,1.09911,1.09921,1662940000
1723603500000,1.0992,1.09933,1.09912,1.09914,1020650000
1723604400000,1.09915,1.09916,1.09899,1.09913,2480340000
1723605300000,1.09914,1.09914,1.09896,1.09899,1155520000
1723606200000,1.09898,1.09908,1.09893,1.09901,1984790000
1723607100000,1.09901,1.09909,1.09887,1.099,1134470000
1723608000000,1.099,1.09911,1.09894,1.09909,1338660000
1723608900000,1.09908,1.09926,1.09908,1.09919,693280000
1723609800000,1.09919,1.09921,1.09913,1.09918,653600000
1723610700000,1.0992,1.09931,1.09915,1.09928,878850000
1723611600000,1.09928,1.09946,1.09928,1.09942,1348620000
1723612500000,1.09943,1.09948,1.09916,1.09927,1590590000
1723613400000,1.09927,1.09927,1.09903,1.09911,1118810000
1723614300000,1.09913,1.09915,1.09895,1.09907,1657780000
1723615200000,1.09908,1.09913,1.09863,1.099,4648410000
1723616100000,1.09901,1.09918,1.09884,1.09915,2014050000
1723617000000,1.09915,1.09962,1.09892,1.09947,2598860000
1723617900000,1.09947,1.10018,1.09937,1.09999,2347060000
1723618800000,1.09999,1.1003,1.09961,1.10029,2596710000
1723619700000,1.10028,1.10049,1.10005,1.10012,2271200000
1723620600000,1.1001,1.10063,1.10006,1.10041,2827410000
1723621500000,1.10042,1.10079,1.1004,1.10057,3011700000
1723622400000,1.10056,1.10078,1.10025,1.10063,2663060000
1723623300000,1.10063,1.10103,1.10061,1.1008,2536200000
1723624200000,1.1008,1.101,1.10074,1.10097,2699240000
1723625100000,1.10096,1.10199,1.10093,1.10192,2170150000
1723626000000,1.10192,1.10229,1.10154,1.10217,3081390000
1723626900000,1.10218,1.10263,1.10199,1.10253,2169010000
1723627800000,1.10252,1.10286,1.10246,1.10276,1103960000
1723628700000,1.10275,1.10285,1.10251,1.10256,1634590000
1723629600000,1.10256,1.10256,1.10201,1.1021,2493500000
1723630500000,1.1021,1.10238,1.10199,1.1022,2244390000
1723631400000,1.10218,1.10226,1.1018,1.10196,2100210000
1723632300000,1.10196,1.10246,1.10194,1.10219,1800170000
1723633200000,1.1022,1.10233,1.10199,1.10217,2471730000
1723634100000,1.10216,1.1024,1.10214,1.10221,1868430000
1723635000000,1.10221,1.10251,1.10221,1.10233,1398110000
1723635900000,1.10234,1.1024,1.10205,1.10225,3779970000
1723636800000,1.10227,1.10251,1.10189,1.10192,3292110000
1723637700000,1.10192,1.10278,1.10174,1.10228,4789660000
1723638600000,1.10225,1.10354,1.10039,1.10191,12610120000
1723639500000,1.1019,1.1023,1.10119,1.10168,10353460000
1723640400000,1.10168,1.1042,1.10162,1.10301,7745540000
1723641300000,1.10302,1.1031,1.10219,1.1022,6308170000
1723642200000,1.10223,1.10419,1.10216,1.10412,3801900000
1723643100000,1.10412,1.10424,1.10345,1.10376,5061480000
1723644000000,1.10377,1.10384,1.10277,1.10278,5581170000
1723644900000,1.10279,1.10394,1.10271,1.10393,4173290000
1723645800000,1.10395,1.10473,1.10395,1.10425,5347730000
1723646700000,1.10425,1.10447,1.10342,1.10355,3460300000
1723647600000,1.10356,1.10361,1.10268,1.1027,3711110000
1723648500000,1.10269,1.1029,1.10229,1.1023,2805400000
1723649400000,1.1023,1.10241,1.10212,1.10241,3239300000
1723650300000,1.10244,1.10253,1.10219,1.10231,1795960000
1723651200000,1.10232,1.10241,1.10176,1.102,1865040000
1723652100000,1.10201,1.10206,1.10162,1.10174,2228770000
1723653000000,1.10175,1.10202,1.10169,1.10178,1599840000
1723653900000,1.10178,1.10193,1.10155,1.10183,1633120000
1723654800000,1.10182,1.10184,1.10152,1.10154,1063110000
1723655700000,1.10153,1.10176,1.10131,1.10149,1960380000
1723656600000,1.10148,1.1017,1.10139,1.10149,2559900000
1723657500000,1.10149,1.10163,1.1013,1.10142,2592780000
1723658400000,1.10141,1.10141,1.10113,1.10116,4103820000
1723659300000,1.10116,1.10147,1.10108,1.10128,2905290000
1723660200000,1.10128,1.10142,1.10124,1.10135,1609190000
1723661100000,1.10135,1.1017,1.1013,1.1016,2652770000
1723662000000,1.1016,1.10165,1.10144,1.1015,1172310000
1723662900000,1.10151,1.10158,1.10129,1.10129,1608660000
1723663800000,1.10131,1.10145,1.10113,1.10135,4157810000
1723664700000,1.10134,1.10153,1.10126,1.10129,2144560000
1723665600000,1.1013,1.10145,1.10118,1.10136,1161350000
1723666500000,1.10135,1.1014,1.10118,1.1012,654690000
1723667400000,1.1012,1.1012,1.10108,1.10114,878040000
1723668300000,1.10115,1.1013,1.10113,1.10125,994630000
1723669200000,1.10124,1.10126,1.10114,1.10114,234000000
1723670100000,1.10115,1.10132,1.10114,1.10125,59350000
1723671000000,1.10125,1.10129,1.10123,1.10123,93150000
1723671900000,1.10125,1.10128,1.10112,1.10115,291150000
1723672800000,1.10121,1.10154,1.10109,1.10139,410400000
1723673700000,1.10137,1.10138,1.10119,1.1012,270900000
1723674600000,1.10119,1.10144,1.10116,1.10131,554640000
1723675500000,1.1013,1.10143,1.10129,1.1013,402470000
1723676400000,1.10134,1.10139,1.10125,1.10129,959490000
1723677300000,1.1013,1.10131,1.1011,1.1011,840370000
1723678200000,1.10109,1.1011,1.10097,1.10099,473320000
1723679100000,1.101,1.1012,1.10099,1.10116,1105470000
1723680000000,1.10117,1.10133,1.10109,1.10128,1007820000
1723680900000,1.10129,1.10134,1.10121,1.10131,894170000
1723681800000,1.10132,1.10142,1.10123,1.10126,577250000
1723682700000,1.10128,1.10138,1.10092,1.10096,1839270000
1723683600000,1.10095,1.10098,1.1007,1.1007,1060150000
1723684500000,1.10072,1.10075,1.10033,1.10042,1358220000
1723685400000,1.10042,1.10072,1.1003,1.10046,1845930000
1723686300000,1.10047,1.1007,1.10041,1.10069,1186560000
1723687200000,1.10069,1.10101,1.10062,1.101,1255170000
1723688100000,1.101,1.10112,1.10071,1.10075,1369740000
1723689000000,1.10076,1.10088,1.10056,1.10081,1171560000
1723689900000,1.10081,1.10091,1.10078,1.10085,1002090000
1723690800000,1.10085,1.10102,1.10075,1.10102,833640000
1723691700000,1.10102,1.10106,1.10081,1.10083,718320000
1723692600000,1.10081,1.10085,1.10075,1.10076,847910000
1723693500000,1.10076,1.10086,1.10075,1.1008,452460000
1723694400000,1.10082,1.10107,1.1008,1.10104,732690000
1723695300000,1.10105,1.10107,1.10091,1.10101,577840000
1723696200000,1.10101,1.10111,1.101,1.1011,553500000
1723697100000,1.1011,1.1012,1.10104,1.10116,597180000
1723698000000,1.10116,1.10117,1.10089,1.10097,778680000
1723698900000,1.10097,1.10112,1.10092,1.10112,1283400000
1723699800000,1.10111,1.10125,1.10104,1.10121,1164090000
1723700700000,1.10123,1.1013,1.10085,1.10096,1286510000
1723701600000,1.10098,1.10141,1.10079,1.10141,2141110000
1723702500000,1.1014,1.10148,1.10114,1.1013,1132020000
1723703400000,1.10131,1.10131,1.10102,1.10104,1168950000
1723704300000,1.10105,1.10153,1.10092,1.10145,1655180000
1723705200000,1.10146,1.10152,1.10115,1.10116,1907370000
1723706100000,1.10117,1.10154,1.1011,1.10121,2837720000
1723707000000,1.10121,1.10129,1.10075,1.10095,2688520000
1723707900000,1.10095,1.10142,1.10094,1.10134,1753200000
1723708800000,1.10132,1.10135,1.10079,1.10119,2844700000
1723709700000,1.10119,1.10124,1.1008,1.10087,1550550000
1723710600000,1.10087,1.10087,1.10054,1.10072,2375290000
1723711500000,1.10071,1.10083,1.10052,1.10061,1037670000
1723712400000,1.1006,1.10099,1.10033,1.10099,1566990000
1723713300000,1.10098,1.10128,1.10094,1.10117,1356840000
1723714200000,1.10117,1.10128,1.10091,1.10092,903630000
1723715100000,1.10093,1.10118,1.10093,1.10118,675990000
1723716000000,1.10118,1.1014,1.10118,1.10132,501030000
1723716900000,1.10134,1.10141,1.10109,1.10114,687600000
1723717800000,1.10113,1.10115,1.1008,1.10092,1214910000
1723718700000,1.10091,1.10124,1.10085,1.10101,730920000
1723719600000,1.10101,1.10129,1.10101,1.10117,1170220000
1723720500000,1.10116,1.1012,1.10098,1.10113,779010000
1723721400000,1.10112,1.10123,1.10105,1.10122,1367250000
1723722300000,1.10122,1.10136,1.101,1.10133,2172710000
1723723200000,1.10132,1.10141,1.10106,1.10113,1575450000
1723724100000,1.10114,1.10142,1.10108,1.10113,1470260000
1723725000000,1.10114,1.10114,1.09552,1.09611,10449590000
1723725900000,1.09612,1.09646,1.09518,1.09564,7957440000
1723726800000,1.09564,1.09592,1.09495,1.09524,4918290000
1723727700000,1.09526,1.0966,1.09526,1.09593,4265610000
1723728600000,1.09594,1.09643,1.09554,1.0962,7117350000
1723729500000,1.09621,1.09697,1.09592,1.09685,7759590000
1723730400000,1.09685,1.09713,1.09651,1.09666,6287640000
1723731300000,1.09666,1.0976,1.09666,1.09751,5707260000
1723732200000,1.09752,1.0978,1.09707,1.09777,3295650000
1723733100000,1.09776,1.09861,1.09771,1.09831,3966070000
1723734000000,1.0983,1.09887,1.09815,1.09878,4761840000
1723734900000,1.09877,1.09894,1.09827,1.09855,4459420000
1723735800000,1.09856,1.09887,1.09845,1.09881,3239110000
1723736700000,1.0988,1.09889,1.0983,1.09854,3680940000
1723737600000,1.09855,1.09891,1.09851,1.09866,3517490000
1723738500000,1.09867,1.09892,1.09855,1.09864,2378800000
1723739400000,1.09862,1.09862,1.0979,1.09797,3547340000
1723740300000,1.09797,1.098,1.09774,1.09778,2883130000
1723741200000,1.09779,1.09797,1.09765,1.09782,2130370000
1723742100000,1.09782,1.09783,1.09768,1.09773,920560000
1723743000000,1.09773,1.09778,1.09717,1.09717,1348010000
1723743900000,1.0972,1.09742,1.09715,1.09742,1849550000
1723744800000,1.09743,1.0978,1.09736,1.09748,1505930000
1723745700000,1.09749,1.0979,1.09746,1.09787,1219120000
1723746600000,1.09786,1.09792,1.09765,1.09776,1590510000
1723747500000,1.09774,1.09787,1.09761,1.09782,1226960000
1723748400000,1.09781,1.09799,1.09768,1.09782,2022840000
1723749300000,1.09781,1.09789,1.09761,1.09762,1846350000
1723750200000,1.09761,1.09763,1.09725,1.09741,1759960000
1723751100000,1.09742,1.09746,1.09729,1.09741,1594480000
1723752000000,1.0974,1.0974,1.09714,1.09721,1184230000
1723752900000,1.09722,1.09728,1.09714,1.09717,823270000
1723753800000,1.09716,1.09719,1.09709,1.09709,346950000
1723754700000,1.09708,1.09724,1.09704,1.09724,696290000
1723755600000,1.09713,1.09724,1.09703,1.09711,112450000
1723756500000,1.0972,1.09723,1.09711,1.09713,373100000
1723757400000,1.09719,1.09721,1.0971,1.09716,239400000
1723758300000,1.09717,1.09722,1.09715,1.09717,137700000
1723759200000,1.09717,1.0973,1.09708,1.0973,318440000
1723760100000,1.09731,1.09743,1.09728,1.09742,336600000
1723761000000,1.09743,1.09743,1.09727,1.09732,463320000
1723761900000,1.09732,1.09732,1.09712,1.09712,613020000
1723762800000,1.09714,1.09733,1.09711,1.09732,662420000
1723763700000,1.09732,1.09748,1.09732,1.09747,440500000
1723764600000,1.09748,1.09748,1.09723,1.09724,616840000
1723765500000,1.09724,1.09734,1.09712,1.09723,732500000
1723766400000,1.09723,1.09754,1.09718,1.09747,2088500000
1723767300000,1.09747,1.09749,1.09722,1.09739,1454210000
1723768200000,1.09739,1.09769,1.09737,1.09746,1212030000
1723769100000,1.09747,1.09765,1.09744,1.09756,1321490000
1723770000000,1.09757,1.09763,1.09743,1.09752,838940000
1723770900000,1.09752,1.09776,1.09744,1.09775,1380060000
1723771800000,1.09775,1.09803,1.09775,1.09798,960590000
1723772700000,1.09798,1.09813,1.0978,1.09808,923170000
1723773600000,1.09808,1.09813,1.09788,1.09789,841260000
1723774500000,1.09789,1.09803,1.09782,1.09782,477630000
1723775400000,1.09782,1.09824,1.09782,1.09818,610980000
1723776300000,1.09819,1.09825,1.09807,1.09812,771540000
1723777200000,1.09812,1.09817,1.09802,1.09803,787110000
1723778100000,1.09803,1.09811,1.09792,1.09799,419670000
1723779000000,1.09799,1.09805,1.09782,1.09782,716720000
1723779900000,1.09782,1.09783,1.09767,1.0977,189730000
1723780800000,1.09771,1.09784,1.0976,1.09763,466130000
1723781700000,1.09764,1.09789,1.09762,1.09788,427810000
1723782600000,1.09787,1.09809,1.09785,1.09809,550710000
1723783500000,1.09808,1.09823,1.09807,1.0982,592800000
1723784400000,1.09821,1.09831,1.09813,1.09823,300300000
1723785300000,1.09824,1.0984,1.09817,1.09839,715970000
1723786200000,1.09839,1.09853,1.0983,1.09849,921400000
1723787100000,1.0985,1.0986,1.09837,1.09856,861310000
1723788000000,1.09856,1.0986,1.09832,1.09857,1873750000
1723788900000,1.09856,1.09858,1.09824,1.09849,1630240000
1723789800000,1.09848,1.09866,1.09811,1.09812,2783330000
1723790700000,1.09811,1.09843,1.09806,1.09815,1935470000
1723791600000,1.09814,1.09861,1.09814,1.09833,2061840000
1723792500000,1.09833,1.09842,1.09789,1.09792,3188200000
1723793400000,1.09791,1.09829,1.09767,1.09826,2699020000
1723794300000,1.09827,1.09855,1.0981,1.0985,1942870000
1723795200000,1.09853,1.09887,1.09851,1.09881,1714770000
1723796100000,1.09882,1.09897,1.09855,1.09887,2710630000
1723797000000,1.09886,1.09891,1.09831,1.09838,2049470000
1723797900000,1.09838,1.09847,1.09798,1.09808,1942370000
1723798800000,1.09807,1.09821,1.09788,1.09812,2399660000
1723799700000,1.09813,1.09858,1.09802,1.09857,1145230000
1723800600000,1.09858,1.0989,1.09858,1.09877,1256170000
1723801500000,1.09877,1.09899,1.09862,1.09897,1512720000
1723802400000,1.09898,1.099,1.09872,1.09883,953950000
1723803300000,1.09884,1.09901,1.09879,1.09897,624300000
1723804200000,1.09896,1.09896,1.09853,1.09894,728440000
1723805100000,1.09895,1.09949,1.09888,1.09939,2056810000
1723806000000,1.09938,1.09946,1.0989,1.09916,3456480000
1723806900000,1.09917,1.09942,1.09899,1.099,2335130000
1723807800000,1.09901,1.09938,1.099,1.09926,2999080000
1723808700000,1.09929,1.09948,1.09904,1.09921,3480290000
1723809600000,1.09922,1.09941,1.09896,1.09902,2553890000
1723810500000,1.09902,1.09912,1.09881,1.09889,2933270000
1723811400000,1.09889,1.09945,1.09862,1.09862,4719940000
1723812300000,1.09864,1.09939,1.09853,1.09938,2806080000
1723813200000,1.0994,1.09954,1.09918,1.0995,1802370000
1723814100000,1.0995,1.09987,1.0995,1.0998,2136300000
1723815000000,1.09981,1.10031,1.09969,1.09996,5071090000
1723815900000,1.09997,1.10044,1.09986,1.10025,2559270000
1723816800000,1.10022,1.10022,1.09912,1.09912,3009190000
1723817700000,1.09911,1.09929,1.09873,1.09886,3166840000
1723818600000,1.09888,1.09906,1.09853,1.09853,2521010000
1723819500000,1.09852,1.0991,1.09826,1.09904,4069260000
1723820400000,1.09903,1.09948,1.09903,1.09947,2346720000
1723821300000,1.09948,1.09954,1.09904,1.09948,3347850000
1723822200000,1.09949,1.0996,1.09936,1.09946,1517980000
1723823100000,1.09946,1.09975,1.09938,1.0996,2115920000
1723824000000,1.0996,1.10005,1.09956,1.09996,1635630000
1723824900000,1.09999,1.10029,1.09984,1.10025,1130520000
1723825800000,1.10026,1.10035,1.10013,1.10014,1356970000
1723826700000,1.10014,1.10042,1.10014,1.10036,922280000
1723827600000,1.10037,1.10061,1.10036,1.10056,1184760000
1723828500000,1.10056,1.10117,1.10056,1.10113,1407970000
1723829400000,1.10115,1.10121,1.10094,1.1012,1392250000
1723830300000,1.10121,1.10128,1.10102,1.10127,940530000
1723831200000,1.10125,1.10132,1.10112,1.10122,817680000
1723832100000,1.10122,1.10123,1.10092,1.10111,2151810000
1723833000000,1.10111,1.10148,1.10111,1.10147,1429440000
1723833900000,1.10146,1.10214,1.10142,1.10205,1166400000
1723834800000,1.10206,1.10218,1.1018,1.10187,1823910000
1723835700000,1.10188,1.10199,1.10183,1.10195,1652090000
1723836600000,1.10195,1.10225,1.10193,1.10218,1010790000
1723837500000,1.10219,1.10247,1.10218,1.10244,1206480000
1723838400000,1.10245,1.1025,1.10225,1.10235,1182090000
1723839300000,1.10235,1.10236,1.10221,1.10225,1180890000
1723840200000,1.10225,1.10243,1.10225,1.1023,912310000
1723841100000,1.10229,1.10296,1.10201,1.10211,1741450000
1724014800000,1.10265,1.10276,1.10244,1.10247,90600000
1724015700000,1.10247,1.10253,1.10232,1.10248,105020000
1724016600000,1.10248,1.10258,1.10237,1.10257,102010000
1724017500000,1.10257,1.10259,1.10237,1.10258,247400000
1724018400000,1.10254,1.1034,1.10231,1.103,932800000
1724019300000,1.10299,1.103,1.10251,1.10254,690660000
1724020200000,1.10254,1.1027,1.10244,1.10244,918000000
1724021100000,1.10244,1.10267,1.10244,1.10249,734420000
1724022000000,1.10252,1.10261,1.10232,1.10237,1184900000
1724022900000,1.10238,1.10252,1.10229,1.10232,651980000
1724023800000,1.10232,1.10234,1.10227,1.10231,653400000
1724024700000,1.10231,1.10259,1.1023,1.10246,1152930000
1724025600000,1.10246,1.10263,1.10231,1.10259,1788990000
1724026500000,1.1026,1.10271,1.10237,1.10242,1621770000
1724027400000,1.10242,1.10304,1.10242,1.10301,1266110000
1724028300000,1.10301,1.1036,1.10296,1.10302,2267980000
1724029200000,1.10302,1.10303,1.10277,1.10279,2499140000
1724030100000,1.10279,1.10314,1.10275,1.10308,1823620000
1724031000000,1.10308,1.10334,1.10296,1.10298,1819120000
1724031900000,1.10296,1.10323,1.10286,1.10311,1000930000
1724032800000,1.10311,1.10313,1.103,1.10306,657120000
1724033700000,1.10305,1.1031,1.10299,1.10301,492320000
1724034600000,1.10301,1.10304,1.10288,1.103,720260000
1724035500000,1.10302,1.10318,1.10296,1.10307,800120000
1724036400000,1.10306,1.10377,1.10301,1.10376,1347750000
1724037300000,1.10375,1.10395,1.10361,1.10366,1268220000
1724038200000,1.10367,1.10403,1.10367,1.10398,1458340000
1724039100000,1.10397,1.10402,1.10383,1.10389,987540000
1724040000000,1.1039,1.104,1.10365,1.10398,999320000
1724040900000,1.10397,1.104,1.10385,1.10388,600750000
1724041800000,1.10389,1.10405,1.10379,1.10402,1143520000
1724042700000,1.10403,1.10417,1.10394,1.10396,611100000
1724043600000,1.10399,1.10415,1.10396,1.10406,1167900000
1724044500000,1.10404,1.10436,1.10399,1.1041,1627350000
1724045400000,1.10411,1.10478,1.10409,1.10478,1973320000
1724046300000,1.10479,1.1049,1.10469,1.10474,1845260000
1724047200000,1.10475,1.10501,1.10448,1.10487,1867760000
1724048100000,1.10487,1.10489,1.10407,1.10412,3950090000
1724049000000,1.10411,1.10454,1.10409,1.10448,3021980000
1724049900000,1.10448,1.10471,1.10413,1.1042,3970890000
1724050800000,1.10419,1.1043,1.10402,1.10416,3613140000
1724051700000,1.10417,1.10456,1.10406,1.10427,3180440000
1724052600000,1.10428,1.10429,1.10407,1.1041,3450940000
1724053500000,1.1041,1.10471,1.10408,1.10427,2418190000
1724054400000,1.10428,1.10472,1.10411,1.10463,2492300000
1724055300000,1.10464,1.10504,1.10456,1.10484,2080690000
1724056200000,1.10483,1.10489,1.10368,1.10387,5130740000
1724057100000,1.10388,1.10399,1.10356,1.10372,3104730000
1724058000000,1.10371,1.104,1.10356,1.1037,2090600000
1724058900000,1.10369,1.10381,1.10352,1.10378,1624140000
1724059800000,1.10379,1.10412,1.10377,1.10395,1640190000
1724060700000,1.10395,1.10396,1.10344,1.1035,3101570000
1724061600000,1.10351,1.10362,1.10327,1.10328,3749530000
1724062500000,1.10327,1.10337,1.10308,1.10327,3751380000
1724063400000,1.10328,1.10372,1.10328,1.10366,2107150000
1724064300000,1.10366,1.10381,1.10349,1.10368,1353460000
1724065200000,1.10366,1.10384,1.10346,1.10353,2006590000
1724066100000,1.10352,1.10379,1.10336,1.10355,1680800000
1724067000000,1.10356,1.10358,1.10325,1.1035,3185700000
1724067900000,1.10351,1.10437,1.10351,1.10422,2421040000
1724068800000,1.10424,1.10443,1.10394,1.1041,3570840000
1724069700000,1.10411,1.10419,1.10378,1.10378,3796160000
1724070600000,1.10378,1.10381,1.10345,1.10363,4042730000
1724071500000,1.10364,1.10398,1.10355,1.10389,2008540000
1724072400000,1.10388,1.10389,1.10301,1.10341,5436330000
1724073300000,1.10341,1.10383,1.10334,1.10345,2023750000
1724074200000,1.10345,1.10351,1.10316,1.10335,2619050000
1724075100000,1.10336,1.10444,1.10335,1.10443,2110660000
1724076000000,1.10443,1.10544,1.10429,1.10533,2708120000
1724076900000,1.10534,1.10596,1.10481,1.10593,5879880000
1724077800000,1.10594,1.10727,1.10587,1.10691,6197790000
1724078700000,1.1069,1.10735,1.10643,1.10655,7077400000
1724079600000,1.10654,1.10693,1.1063,1.10674,5525180000
1724080500000,1.10675,1.1068,1.10597,1.10625,3385740000
1724081400000,1.10624,1.10667,1.10618,1.10634,3685110000
1724082300000,1.10634,1.1072,1.10632,1.10691,3461460000
1724083200000,1.10691,1.10722,1.10687,1.1071,3948220000
1724084100000,1.10709,1.10713,1.10671,1.10701,3117710000
1724085000000,1.10702,1.10723,1.10689,1.10707,2957580000
1724085900000,1.10708,1.10739,1.10706,1.10735,2919870000
1724086800000,1.10734,1.10738,1.10707,1.10729,2145550000
1724087700000,1.10729,1.1073,1.10708,1.10709,1226800000
1724088600000,1.1071,1.1075,1.10703,1.10749,1140320000
1724089500000,1.1075,1.10769,1.10742,1.10769,556460000
1724090400000,1.1077,1.10802,1.10764,1.10793,1016130000
1724091300000,1.10794,1.10837,1.10789,1.10836,1972670000
1724092200000,1.10838,1.10849,1.10829,1.10831,1824380000
1724093100000,1.10833,1.10836,1.10809,1.10815,3074700000
1724094000000,1.10814,1.10831,1.10789,1.10826,1650770000
1724094900000,1.10827,1.10858,1.10825,1.10852,903140000
1724095800000,1.1085,1.10851,1.10825,1.1084,1234630000
1724096700000,1.10844,1.10863,1.10828,1.10836,1178160000
1724097600000,1.10835,1.10842,1.10817,1.1084,832040000
1724098500000,1.10841,1.10844,1.10815,1.10827,1303760000
1724099400000,1.10827,1.10855,1.10824,1.10847,714600000
1724100300000,1.10846,1.10861,1.10842,1.10848,842660000
1724101200000,1.10843,1.10854,1.10804,1.1085,177300000
1724102100000,1.10852,1.10858,1.10842,1.10848,122070000
1724103000000,1.10848,1.1085,1.1082,1.10836,472950000
1724103900000,1.10837,1.1084,1.10814,1.10835,293850000
1724104800000,1.10836,1.10875,1.10835,1.10869,358530000
1724105700000,1.1087,1.1087,1.10859,1.10861,762920000
1724106600000,1.1086,1.10861,1.10839,1.10839,373200000
1724107500000,1.10838,1.10852,1.10836,1.10851,434560000
1724108400000,1.10852,1.10866,1.10843,1.1085,1616520000
1724109300000,1.10851,1.10851,1.10833,1.10836,537450000
1724110200000,1.10835,1.10855,1.10835,1.10845,690330000
1724111100000,1.10846,1.10866,1.10839,1.10854,852890000
1724112000000,1.10855,1.10871,1.10832,1.10832,2094680000
1724112900000,1.10833,1.10835,1.10809,1.1081,1004040000
1724113800000,1.10811,1.1082,1.10799,1.10817,1351430000
1724114700000,1.10817,1.10841,1.10812,1.10818,1652580000
1724115600000,1.10819,1.10871,1.10814,1.1086,2901720000
1724116500000,1.1086,1.10867,1.10851,1.10857,1619420000
1724117400000,1.10857,1.10857,1.10819,1.10837,1729280000
1724118300000,1.10836,1.10857,1.1083,1.10853,1610730000
1724119200000,1.10853,1.1087,1.10826,1.10827,1845230000
1724120100000,1.10828,1.10831,1.10809,1.10814,1196480000
1724121000000,1.10814,1.10832,1.10775,1.10784,2289150000
1724121900000,1.10784,1.10784,1.1075,1.10761,3051790000
1724122800000,1.10762,1.10791,1.10762,1.1078,1512580000
1724123700000,1.10783,1.10791,1.10771,1.10771,883810000
1724124600000,1.10771,1.10771,1.10753,1.10758,1876900000
1724125500000,1.10759,1.10766,1.10751,1.10755,1446830000
1724126400000,1.10756,1.10781,1.10755,1.1078,635550000
1724127300000,1.10779,1.10779,1.10748,1.10768,878610000
1724128200000,1.10769,1.10791,1.10758,1.10785,1086690000
1724129100000,1.10785,1.10788,1.10768,1.10769,1724490000
1724130000000,1.10768,1.10776,1.10751,1.1076,1973420000
1724130900000,1.10759,1.10769,1.1074,1.10751,1581480000
1724131800000,1.10751,1.10767,1.10747,1.10749,1912080000
1724132700000,1.10748,1.10766,1.10729,1.10765,2926060000
1724133600000,1.10766,1.10779,1.10743,1.10754,5625620000
1724134500000,1.10755,1.10781,1.10744,1.10779,4150010000
1724135400000,1.10778,1.1082,1.10778,1.10809,2969450000
1724136300000,1.1081,1.1082,1.10779,1.1081,3240450000
1724137200000,1.1081,1.1083,1.10759,1.10786,6448200000
1724138100000,1.10787,1.10794,1.10733,1.10735,4679200000
1724139000000,1.10736,1.10782,1.10719,1.10752,4214750000
1724139900000,1.10752,1.1087,1.10736,1.10866,3378300000
1724140800000,1.10868,1.10888,1.10844,1.10848,4504680000
1724141700000,1.10847,1.1085,1.10777,1.10785,4851030000
1724142600000,1.10784,1.10875,1.10783,1.10857,3069360000
1724143500000,1.10856,1.10864,1.10793,1.10795,3874140000
1724144400000,1.10796,1.10818,1.10777,1.10801,4039590000
1724145300000,1.10801,1.10808,1.10754,1.10764,3799110000
1724146200000,1.10764,1.10811,1.10759,1.10796,3753130000
1724147100000,1.10795,1.10816,1.10749,1.10755,2989500000
1724148000000,1.10756,1.10777,1.1075,1.1077,4269410000
1724148900000,1.1077,1.108,1.10757,1.10799,2624800000
1724149800000,1.10798,1.10801,1.10772,1.10791,3033280000
1724150700000,1.1079,1.10827,1.1079,1.10819,2162990000
1724151600000,1.10821,1.10854,1.10808,1.10854,1782980000
1724152500000,1.10855,1.10865,1.10772,1.10776,2704470000
1724153400000,1.10777,1.10797,1.10766,1.10776,2839850000
1724154300000,1.10776,1.10838,1.1077,1.10808,3194830000
1724155200000,1.10809,1.10849,1.10804,1.10825,3600680000
1724156100000,1.10826,1.1088,1.10813,1.10868,2382260000
1724157000000,1.10869,1.10881,1.10822,1.1086,4383610000
1724157900000,1.10861,1.10986,1.10861,1.10983,4738040000
1724158800000,1.10982,1.11047,1.10926,1.11002,5113710000
1724159700000,1.11005,1.11028,1.10939,1.1098,6816930000
1724160600000,1.10982,1.11042,1.10951,1.11034,7019580000
1724161500000,1.11034,1.11051,1.10982,1.1102,8038130000
1724162400000,1.11021,1.11022,1.10935,1.10965,8441820000
1724163300000,1.10966,1.11052,1.10945,1.11048,6649160000
1724164200000,1.11048,1.11162,1.11029,1.11125,6320560000
1724165100000,1.11124,1.11168,1.11081,1.11117,7636970000
1724166000000,1.11116,1.1112,1.11062,1.11062,7610700000
1724166900000,1.11062,1.11063,1.10996,1.11025,6630300000
1724167800000,1.11026,1.11058,1.11008,1.1103,3693680000
1724168700000,1.1103,1.11074,1.11021,1.11051,3352670000
1724169600000,1.11057,1.1115,1.11041,1.11145,3305040000
1724170500000,1.11144,1.11182,1.11097,1.11167,2737680000
1724171400000,1.11167,1.11191,1.11155,1.11155,2332850000
1724172300000,1.11157,1.11177,1.11143,1.11148,2658540000
1724173200000,1.11148,1.11148,1.11105,1.11108,3468530000
1724174100000,1.11109,1.11148,1.11088,1.11148,3545350000
1724175000000,1.11147,1.11164,1.11128,1.11156,1799400000
1724175900000,1.11157,1.11167,1.11145,1.1116,1445430000
1724176800000,1.1116,1.11184,1.11156,1.11181,2787210000
1724177700000,1.11182,1.11225,1.1118,1.11211,2106600000
1724178600000,1.11212,1.11217,1.11198,1.11215,4125270000
1724179500000,1.11216,1.11217,1.11193,1.11206,6051580000
1724180400000,1.11206,1.11234,1.11193,1.1122,2139190000
1724181300000,1.11222,1.11273,1.1122,1.11272,2753730000
1724182200000,1.11272,1.11273,1.11248,1.11248,3085530000
1724183100000,1.11247,1.11265,1.11241,1.11245,4416080000
1724184000000,1.11248,1.11277,1.11239,1.11273,1776930000
1724184900000,1.11274,1.11295,1.11264,1.11289,1930060000
1724185800000,1.11288,1.11299,1.11288,1.11293,1430380000
1724186700000,1.11294,1.11304,1.11283,1.11294,3069420000
1724187600000,1.1129,1.11292,1.11236,1.11268,396000000
1724188500000,1.11268,1.11295,1.11268,1.11286,693360000
1724189400000,1.11287,1.1129,1.1128,1.1128,224100000
1724190300000,1.1128,1.11292,1.11279,1.1129,137120000
1724191200000,1.1129,1.11294,1.1126,1.1128,651830000
1724192100000,1.11281,1.11291,1.11275,1.1129,478400000
1724193000000,1.11289,1.11293,1.11273,1.11279,547480000
1724193900000,1.1128,1.11286,1.11273,1.11285,844300000
1724194800000,1.11284,1.11288,1.11268,1.11284,714790000
1724195700000,1.11285,1.11301,1.11276,1.11301,679400000
1724196600000,1.113,1.11317,1.11294,1.113,603660000
1724197500000,1.113,1.113,1.1127,1.11275,353520000
1724198400000,1.11274,1.11281,1.11258,1.11259,1205100000
1724199300000,1.1126,1.11319,1.11258,1.11317,753510000
1724200200000,1.11318,1.11325,1.11274,1.11274,1368950000
1724201100000,1.11273,1.1128,1.11253,1.11278,1151690000
1724202000000,1.11277,1.1128,1.11258,1.11263,1164330000
1724202900000,1.11263,1.11279,1.11235,1.11237,1396300000
1724203800000,1.11238,1.11239,1.1119,1.11209,2601550000
1724204700000,1.11209,1.1123,1.11203,1.11216,1531490000
1724205600000,1.11215,1.11238,1.11213,1.11238,1071040000
1724206500000,1.11238,1.11252,1.11218,1.11219,954750000
1724207400000,1.11219,1.11229,1.11202,1.1121,926020000
1724208300000,1.11211,1.11232,1.11202,1.11217,470640000
1724209200000,1.11218,1.11224,1.11177,1.11177,996080000
1724210100000,1.11177,1.11201,1.11173,1.112,882690000
1724211000000,1.11201,1.11207,1.11186,1.11205,891160000
1724211900000,1.11205,1.11212,1.11171,1.1121,1509300000
1724212800000,1.1121,1.11213,1.11186,1.11197,1444310000
1724213700000,1.11199,1.11199,1.11165,1.11191,800710000
1724214600000,1.11192,1.11197,1.11181,1.11184,786430000
1724215500000,1.11184,1.11193,1.11177,1.1119,943950000
1724216400000,1.1119,1.11199,1.11188,1.11195,675250000
1724217300000,1.11196,1.11209,1.11188,1.11194,990490000
1724218200000,1.11194,1.11195,1.11172,1.11185,1507800000
1724219100000,1.11186,1.11196,1.11161,1.11177,1876570000
1724220000000,1.11179,1.11198,1.11146,1.11168,3089760000
1724220900000,1.11169,1.11188,1.11152,1.11185,1872100000
1724221800000,1.11185,1.11197,1.11158,1.1119,4344190000
1724222700000,1.11189,1.11191,1.11131,1.11178,3525800000
1724223600000,1.11179,1.11257,1.11179,1.11227,1924150000
1724224500000,1.11228,1.11287,1.11227,1.11249,1439710000
1724225400000,1.1125,1.1127,1.11135,1.11159,2759980000
1724226300000,1.11163,1.11175,1.11103,1.11142,4110420000
1724227200000,1.11143,1.11159,1.11109,1.11123,3069450000
1724228100000,1.11123,1.11175,1.1112,1.11174,3014680000
1724229000000,1.11173,1.112,1.1116,1.112,1845990000
1724229900000,1.112,1.11224,1.11182,1.11184,1584440000
1724230800000,1.11183,1.11218,1.11182,1.11212,1110800000
1724231700000,1.11211,1.11253,1.11203,1.11217,1578020000
1724232600000,1.11216,1.11217,1.11155,1.11177,1961980000
1724233500000,1.11179,1.11181,1.11133,1.11169,2170370000
1724234400000,1.11168,1.11191,1.11155,1.11184,1832680000
1724235300000,1.11185,1.11245,1.11183,1.11241,1136730000
1724236200000,1.1124,1.11254,1.11217,1.1124,1386680000
1724237100000,1.11241,1.11259,1.11232,1.11248,918970000
1724238000000,1.11247,1.11247,1.11154,1.11166,2504220000
1724238900000,1.11167,1.11175,1.11138,1.11138,1584290000
1724239800000,1.11139,1.11157,1.111,1.11109,2745640000
1724240700000,1.11109,1.11159,1.11104,1.11147,1282850000
1724241600000,1.11149,1.11192,1.11133,1.11192,1676320000
1724242500000,1.11194,1.11222,1.11187,1.11217,1873770000
1724243400000,1.11218,1.11283,1.11216,1.11283,2317370000
1724244300000,1.11285,1.11299,1.11228,1.11248,2635540000
1724245200000,1.11248,1.11277,1.11202,1.11243,3976840000
1724246100000,1.11243,1.11247,1.11186,1.11209,2739840000
1724247000000,1.11207,1.1122,1.11113,1.11168,3657910000
1724247900000,1.11168,1.11175,1.11118,1.11145,4031570000
1724248800000,1.11145,1.11252,1.10992,1.11218,10073550000
1724249700000,1.11217,1.11272,1.11114,1.11216,6842170000
1724250600000,1.11214,1.11277,1.1108,1.11239,7817350000
1724251500000,1.1124,1.11298,1.11193,1.11247,6910860000
1724252400000,1.11245,1.11297,1.11244,1.11265,3430160000
1724253300000,1.11267,1.11424,1.11259,1.11372,2847540000
1724254200000,1.11371,1.11416,1.11347,1.11401,3794530000
1724255100000,1.11402,1.11476,1.11401,1.1142,2748660000
1724256000000,1.11421,1.11476,1.11415,1.11454,2182450000
1724256900000,1.11455,1.11478,1.11451,1.11477,1603640000
1724257800000,1.11477,1.11481,1.11462,1.11468,1273680000
1724258700000,1.11469,1.11473,1.11443,1.11462,1474480000
1724259600000,1.11464,1.11519,1.11455,1.11514,894020000
1724260500000,1.11515,1.11517,1.11469,1.11506,1150560000
1724261400000,1.11507,1.11538,1.11501,1.11531,1041440000
1724262300000,1.11532,1.11583,1.11531,1.11554,1270240000
1724263200000,1.11553,1.11714,1.11549,1.11714,1871440000
1724264100000,1.11713,1.1174,1.11691,1.11733,1417430000
1724265000000,1.11732,1.11733,1.11596,1.116,2240730000
1724265900000,1.11604,1.11635,1.11597,1.11617,1572270000
1724266800000,1.11616,1.11617,1.11549,1.11561,1580490000
1724267700000,1.1156,1.11567,1.1152,1.11532,1243560000
1724268600000,1.1153,1.11533,1.11514,1.11533,886000000
1724269500000,1.11534,1.11551,1.11514,1.11516,984780000
1724270400000,1.11517,1.11523,1.11471,1.11479,461250000
1724271300000,1.11478,1.11486,1.11471,1.11476,216450000
1724272200000,1.11474,1.11513,1.11472,1.11511,238350000
1724273100000,1.11509,1.11523,1.11491,1.11493,1389020000
1724274000000,1.11491,1.11512,1.1147,1.1149,297420000
1724274900000,1.1149,1.11523,1.1149,1.11519,762620000
1724275800000,1.11519,1.11519,1.11468,1.11484,689770000
1724276700000,1.11486,1.11487,1.11472,1.11482,324760000
1724277600000,1.11482,1.11538,1.11481,1.11531,642150000
1724278500000,1.11531,1.11538,1.11525,1.11535,637850000
1724279400000,1.11536,1.11536,1.1152,1.11527,214470000
1724280300000,1.11527,1.11562,1.11527,1.11562,57930000
1724281200000,1.11562,1.11573,1.11557,1.11562,560300000
1724282100000,1.11563,1.1158,1.11559,1.11561,248630000
1724283000000,1.11561,1.11571,1.11534,1.11535,321210000
1724283900000,1.11536,1.11551,1.11529,1.11548,385780000
1724284800000,1.11549,1.11567,1.11514,1.11519,898110000
1724285700000,1.1152,1.11545,1.11514,1.11518,933060000
1724286600000,1.11519,1.11519,1.1149,1.11499,894180000
1724287500000,1.11499,1.11507,1.11453,1.11474,2175910000
1724288400000,1.11475,1.1149,1.11449,1.11456,1589520000
1724289300000,1.11457,1.11468,1.11447,1.11465,705760000
1724290200000,1.11466,1.11468,1.11434,1.11434,768360000
1724291100000,1.11434,1.11444,1.11424,1.11432,1029720000
1724292000000,1.11432,1.11436,1.11404,1.11418,1219560000
1724292900000,1.11419,1.11432,1.11404,1.11421,705350000
1724293800000,1.11422,1.11437,1.11404,1.11436,923650000
1724294700000,1.11436,1.11444,1.11422,1.1143,731760000
1724295600000,1.11432,1.11446,1.11427,1.11444,434740000
1724296500000,1.11443,1.11444,1.1143,1.1144,446490000
1724297400000,1.1144,1.11454,1.1144,1.11443,783920000
1724298300000,1.11442,1.11453,1.11433,1.11446,233890000
1724299200000,1.11446,1.11447,1.11406,1.11406,305230000
1724300100000,1.11408,1.11441,1.11408,1.11432,571350000
1724301000000,1.11431,1.11455,1.11428,1.11455,715290000
1724301900000,1.11454,1.11456,1.11431,1.11432,818220000
1724302800000,1.11431,1.1144,1.11419,1.11428,853500000
1724303700000,1.11427,1.11441,1.11427,1.11435,563140000
1724304600000,1.11434,1.11443,1.11401,1.11408,813260000
1724305500000,1.11407,1.11432,1.11405,1.11431,941430000
1724306400000,1.11429,1.11436,1.11408,1.11434,1474230000
1724307300000,1.11435,1.11487,1.11424,1.11487,1043730000
1724308200000,1.11486,1.11492,1.11457,1.11457,1043640000
1724309100000,1.11458,1.11497,1.11456,1.11494,1158990000
1724310000000,1.11494,1.11532,1.11492,1.11525,971350000
1724310900000,1.11525,1.11646,1.11456,1.1147,3834810000
1724311800000,1.1147,1.1147,1.11272,1.11377,4928710000
1724312700000,1.11377,1.11399,1.11309,1.11367,3224720000
1724313600000,1.11367,1.11488,1.11367,1.11458,3107910000
1724314500000,1.11457,1.11482,1.11415,1.11454,2117100000
1724315400000,1.11455,1.11509,1.1145,1.11484,1744070000
1724316300000,1.11484,1.11484,1.11419,1.11424,1710700000
1724317200000,1.11425,1.11426,1.11334,1.11337,2486160000
1724318100000,1.11335,1.11421,1.11333,1.1141,1771140000
1724319000000,1.11411,1.11412,1.11359,1.1139,1155690000
1724319900000,1.11391,1.11408,1.11379,1.11396,1382770000
1724320800000,1.11397,1.11403,1.11348,1.11349,1539940000
1724321700000,1.1135,1.11383,1.11324,1.11365,1166530000
1724322600000,1.11366,1.11441,1.11366,1.1143,957550000
1724323500000,1.1143,1.1146,1.1142,1.11453,969980000
1724324400000,1.11453,1.11453,1.11363,1.11366,1694360000
1724325300000,1.11366,1.11388,1.1134,1.1137,1467920000
1724326200000,1.11371,1.11376,1.11321,1.1133,1732540000
1724327100000,1.1133,1.11379,1.1132,1.11367,1429970000
1724328000000,1.11368,1.11381,1.11335,1.11341,1146820000
1724328900000,1.11342,1.11361,1.11288,1.11298,2404690000
1724329800000,1.11298,1.11372,1.11253,1.11369,4477140000
1724330700000,1.11368,1.11431,1.11349,1.114,2203020000
1724331600000,1.11403,1.11414,1.11326,1.11331,2255830000
1724332500000,1.11332,1.11402,1.1133,1.11381,1899180000
1724333400000,1.1138,1.1139,1.11255,1.11299,4311240000
1724334300000,1.113,1.113,1.11122,1.11188,5725750000
1724335200000,1.11188,1.11195,1.11033,1.11046,4663060000
1724336100000,1.11047,1.11098,1.1098,1.11017,3233410000
1724337000000,1.11016,1.11124,1.11009,1.11067,2269690000
1724337900000,1.11065,1.11163,1.11043,1.11148,2422150000
1724338800000,1.11148,1.11149,1.11065,1.11066,1696840000
1724339700000,1.11065,1.11114,1.11051,1.11108,1911140000
1724340600000,1.1111,1.11117,1.11066,1.11108,1572570000
1724341500000,1.11107,1.11146,1.11086,1.1113,1937900000
1724342400000,1.1113,1.11159,1.11116,1.11118,1514010000
1724343300000,1.11117,1.1116,1.11117,1.11159,1307620000
1724344200000,1.11162,1.11175,1.11121,1.11124,1689250000
1724345100000,1.11124,1.11124,1.11077,1.11103,1549670000
1724346000000,1.11103,1.11106,1.11084,1.11085,1096650000
1724346900000,1.11086,1.11096,1.11019,1.1103,1444620000
1724347800000,1.11028,1.11032,1.10994,1.10997,1062310000
1724348700000,1.10998,1.11032,1.10987,1.11027,876910000
1724349600000,1.11028,1.11089,1.11027,1.11087,974340000
1724350500000,1.11088,1.11095,1.11061,1.11072,717120000
1724351400000,1.11071,1.11089,1.11063,1.11087,693720000
1724352300000,1.11086,1.11109,1.11085,1.11104,614120000
1724353200000,1.11103,1.11121,1.11096,1.11117,1074430000
1724354100000,1.11118,1.11133,1.11088,1.11102,910710000
1724355000000,1.11102,1.11104,1.11046,1.11054,849630000
1724355900000,1.11054,1.11084,1.11049,1.11084,1249020000
1724356800000,1.11083,1.11105,1.11076,1.11095,568630000
1724357700000,1.11095,1.11098,1.11074,1.1108,361730000
1724358600000,1.11081,1.11115,1.11081,1.11105,561590000
1724359500000,1.11105,1.11131,1.11105,1.11118,771650000
1724360400000,1.1111,1.11111,1.11071,1.111,326290000
1724361300000,1.111,1.11112,1.11098,1.11101,356850000
1724362200000,1.11104,1.11115,1.111,1.11101,319050000
1724363100000,1.11106,1.11116,1.11096,1.11108,231300000
1724364000000,1.1111,1.11133,1.11105,1.11133,179550000
1724364900000,1.11134,1.11151,1.11134,1.11151,158850000
1724365800000,1.1115,1.11162,1.1114,1.11149,243230000
1724366700000,1.1115,1.11162,1.11134,1.11135,540910000
1724367600000,1.11137,1.11165,1.11135,1.11165,564350000
1724368500000,1.11166,1.1117,1.11153,1.11153,335430000
1724369400000,1.11152,1.11169,1.11152,1.11164,197870000
1724370300000,1.11165,1.11177,1.11159,1.1116,546960000
1724371200000,1.11159,1.11159,1.11129,1.11147,1147130000
1724372100000,1.11149,1.11195,1.1114,1.11184,1889060000
1724373000000,1.11185,1.11204,1.1118,1.11183,1280800000
1724373900000,1.11183,1.11224,1.11176,1.11197,911990000
1724374800000,1.11196,1.11227,1.11181,1.11215,407050000
1724375700000,1.11217,1.11247,1.11201,1.11237,1067880000
1724376600000,1.11236,1.11256,1.11205,1.11247,758450000
1724377500000,1.11247,1.11282,1.11245,1.11274,1146260000
1724378400000,1.11275,1.11286,1.11254,1.11254,1134370000
1724379300000,1.11254,1.11267,1.11229,1.11246,888730000
1724380200000,1.11248,1.11257,1.1123,1.11253,435900000
1724381100000,1.11252,1.11254,1.11231,1.1125,630150000
1724382000000,1.11251,1.11264,1.11242,1.11262,517990000
1724382900000,1.11261,1.11273,1.11253,1.11263,389940000
1724383800000,1.11263,1.11263,1.11235,1.11236,584790000
1724384700000,1.11236,1.11253,1.11231,1.11247,284580000
1724385600000,1.11248,1.1128,1.11248,1.11268,237750000
1724386500000,1.11268,1.11283,1.1125,1.11252,446640000
1724387400000,1.11252,1.11265,1.11245,1.11262,355270000
1724388300000,1.11262,1.11278,1.1126,1.11276,180740000
1724389200000,1.11275,1.11278,1.11261,1.11261,543610000
1724390100000,1.11261,1.11287,1.11255,1.11277,446300000
1724391000000,1.11275,1.11281,1.11247,1.11248,439990000
1724391900000,1.11247,1.11278,1.11246,1.11259,1025800000
1724392800000,1.11258,1.11258,1.11211,1.11215,1293220000
1724393700000,1.11216,1.11238,1.11202,1.11228,793250000
1724394600000,1.11228,1.11269,1.11223,1.11268,634620000
1724395500000,1.11268,1.11304,1.11258,1.11283,1053940000
1724396400000,1.11284,1.11318,1.11264,1.11301,2174180000
1724397300000,1.113,1.11303,1.11219,1.11222,2359850000
1724398200000,1.11224,1.11229,1.11141,1.11154,2018050000
1724399100000,1.11158,1.11199,1.11124,1.11192,1824190000
1724400000000,1.11193,1.11225,1.11172,1.11197,1712360000
1724400900000,1.11197,1.11225,1.11186,1.11223,1261920000
1724401800000,1.11222,1.11229,1.11195,1.11225,1270060000
1724402700000,1.11227,1.11237,1.11207,1.11226,1177020000
1724403600000,1.11226,1.1124,1.11211,1.11239,1218130000
1724404500000,1.11239,1.11271,1.11223,1.1125,1167620000
1724405400000,1.1125,1.11258,1.11216,1.11216,1071060000
1724406300000,1.11215,1.1122,1.11166,1.11172,1125680000
1724407200000,1.11172,1.11214,1.11152,1.11176,1495500000
1724408100000,1.11175,1.11183,1.11151,1.11161,941180000
1724409000000,1.11159,1.1121,1.11159,1.1121,739630000
1724409900000,1.11209,1.11232,1.11196,1.11196,896850000
1724410800000,1.11194,1.11209,1.11141,1.1115,1106880000
1724411700000,1.11151,1.11166,1.11115,1.11121,1143760000
1724412600000,1.11124,1.1117,1.11109,1.11169,973030000
1724413500000,1.11167,1.11205,1.11165,1.11189,1467800000
1724414400000,1.11188,1.11227,1.11183,1.11221,1556600000
1724415300000,1.11222,1.11223,1.11111,1.11145,2376100000
1724416200000,1.11145,1.11164,1.11123,1.11136,1486770000
1724417100000,1.11137,1.11158,1.11114,1.1114,1717020000
1724418000000,1.1114,1.11141,1.11089,1.11098,1641870000
1724418900000,1.11095,1.11109,1.11059,1.11095,1708420000
1724419800000,1.11094,1.11111,1.11055,1.11105,1796380000
1724420700000,1.11105,1.11145,1.1106,1.11144,1776940000
1724421600000,1.11144,1.1171,1.11133,1.11653,10191780000
1724422500000,1.11652,1.1173,1.1149,1.11698,8639150000
1724423400000,1.11699,1.11833,1.11669,1.11766,6757150000
1724424300000,1.11765,1.11848,1.1172,1.11749,5610420000
1724425200000,1.11747,1.11909,1.11736,1.11899,3702080000
1724426100000,1.11902,1.1196,1.11893,1.11921,2833650000
1724427000000,1.11919,1.11936,1.11869,1.11872,3372100000
1724427900000,1.11875,1.11892,1.11735,1.11753,3960310000
1724428800000,1.11753,1.11788,1.11734,1.11745,2145720000
1724429700000,1.11745,1.11769,1.11653,1.11687,2927380000
1724430600000,1.11686,1.11745,1.11664,1.11665,1441910000
1724431500000,1.11666,1.1174,1.11642,1.11738,1983420000
1724432400000,1.11739,1.11859,1.1173,1.11814,1480770000
1724433300000,1.11813,1.11915,1.11802,1.11907,2237260000
1724434200000,1.11908,1.11975,1.11908,1.11964,1467810000
1724435100000,1.11963,1.11963,1.1191,1.11925,2433330000
1724436000000,1.11924,1.12008,1.11902,1.11998,1531500000
1724436900000,1.11997,1.12007,1.11915,1.1194,1334920000
1724437800000,1.11939,1.11963,1.11906,1.11906,1628620000
1724438700000,1.11906,1.1191,1.11855,1.11872,1440560000
1724439600000,1.11872,1.11947,1.11855,1.11946,1157860000
1724440500000,1.11945,1.11955,1.11902,1.11912,796820000
1724441400000,1.11911,1.11918,1.1188,1.11891,976730000
1724442300000,1.11891,1.11923,1.11885,1.11911,982680000
1724443200000,1.11909,1.11909,1.11874,1.1188,1041710000
1724444100000,1.11881,1.11924,1.11879,1.11888,658210000
1724445000000,1.11888,1.11934,1.11886,1.11933,226960000
1724445900000,1.11932,1.11941,1.1191,1.1191,813760000
1724619600000,1.11854,1.11908,1.11854,1.11893,115360000
1724620500000,1.11895,1.11948,1.11873,1.11907,248320000
1724621400000,1.11911,1.11914,1.11896,1.11905,160360000
1724622300000,1.11906,1.11927,1.11892,1.11908,112950000
1724623200000,1.11908,1.1193,1.11883,1.11897,818870000
1724624100000,1.11896,1.11905,1.11867,1.11871,307170000
1724625000000,1.11871,1.11911,1.11868,1.11911,581220000
1724625900000,1.11911,1.11918,1.11884,1.1191,333240000
1724626800000,1.11911,1.11924,1.11882,1.11903,1216990000
1724627700000,1.11903,1.11909,1.11883,1.11889,642970000
1724628600000,1.11887,1.11898,1.11883,1.11888,663610000
1724629500000,1.11888,1.11893,1.11863,1.11892,583540000
1724630400000,1.11892,1.11912,1.11869,1.11895,1252910000
1724631300000,1.11894,1.11991,1.11894,1.11978,903230000
1724632200000,1.11977,1.11992,1.11943,1.11965,979720000
1724633100000,1.11965,1.12015,1.11934,1.11937,1272280000
1724634000000,1.11936,1.11995,1.11922,1.11992,1447650000
1724634900000,1.11992,1.12001,1.11971,1.11971,905520000
1724635800000,1.1197,1.11974,1.11889,1.11891,1874300000
1724636700000,1.1189,1.11897,1.11872,1.11894,1060660000
1724637600000,1.11894,1.11919,1.11884,1.11913,1134140000
1724638500000,1.11914,1.11947,1.11897,1.11917,1044260000
1724639400000,1.11918,1.11924,1.11894,1.1192,610740000
1724640300000,1.1192,1.1192,1.11856,1.11867,1438250000
1724641200000,1.11866,1.11878,1.11862,1.11871,967400000
1724642100000,1.11873,1.11887,1.1186,1.1186,720520000
1724643000000,1.1186,1.11861,1.11817,1.11827,1151640000
1724643900000,1.11826,1.11839,1.11815,1.11834,554990000
1724644800000,1.11834,1.11862,1.11832,1.11848,717470000
1724645700000,1.11846,1.11857,1.11825,1.11835,590540000
1724646600000,1.11836,1.11851,1.1183,1.11831,547830000
1724647500000,1.11831,1.11839,1.11821,1.11833,531340000
1724648400000,1.11832,1.11852,1.11818,1.11837,626720000
1724649300000,1.11836,1.11848,1.11832,1.11834,531280000
1724650200000,1.11833,1.11836,1.11816,1.11816,481310000
1724651100000,1.11817,1.11819,1.11775,1.1179,2151000000
1724652000000,1.11791,1.11841,1.11791,1.11821,1623510000
1724652900000,1.11822,1.11839,1.11806,1.11834,1058980000
1724653800000,1.11833,1.11892,1.1183,1.11887,1007460000
1724654700000,1.11886,1.11888,1.118,1.11813,2072030000
1724655600000,1.11813,1.11846,1.11771,1.11811,2124370000
1724656500000,1.11811,1.11813,1.11769,1.11769,2192880000
1724657400000,1.1177,1.11811,1.11757,1.11769,1695370000
1724658300000,1.11769,1.1181,1.11761,1.11807,1295520000
1724659200000,1.11808,1.11835,1.11763,1.11814,2295630000
1724660100000,1.11815,1.11848,1.1179,1.11825,1475740000
1724661000000,1.11825,1.11835,1.11792,1.11804,1406830000
1724661900000,1.11803,1.11823,1.11795,1.11804,2286360000
1724662800000,1.11803,1.11816,1.11789,1.11794,2614170000
1724663700000,1.11793,1.11819,1.11779,1.11817,1915470000
1724664600000,1.11818,1.11827,1.11806,1.11826,2471110000
1724665500000,1.11824,1.11824,1.11715,1.11743,3514210000
1724666400000,1.11743,1.11748,1.11693,1.11748,2746920000
1724667300000,1.11749,1.11768,1.1172,1.11765,1422230000
1724668200000,1.11765,1.11766,1.11709,1.11727,1544860000
1724669100000,1.11727,1.11729,1.11691,1.11714,2877950000
1724670000000,1.11715,1.11734,1.11694,1.11696,2841970000
1724670900000,1.11695,1.1171,1.11645,1.11656,3019030000
1724671800000,1.11657,1.11685,1.1163,1.11642,3026060000
1724672700000,1.11642,1.11682,1.1163,1.11652,2862250000
1724673600000,1.11651,1.1167,1.11627,1.11636,3567900000
1724674500000,1.11636,1.11685,1.11632,1.11648,2598710000
1724675400000,1.11648,1.11663,1.11584,1.11597,5841920000
1724676300000,1.11596,1.11659,1.11588,1.11612,5278940000
1724677200000,1.1161,1.11615,1.115,1.11579,5411460000
1724678100000,1.11579,1.11617,1.11529,1.11608,3359310000
1724679000000,1.11609,1.11621,1.11528,1.11543,5160380000
1724679900000,1.11543,1.11625,1.11542,1.11596,5259730000
1724680800000,1.11596,1.11659,1.11539,1.11647,3689940000
1724681700000,1.11647,1.11702,1.11635,1.11701,1687000000
1724682600000,1.117,1.11786,1.11695,1.11765,3791030000
1724683500000,1.11765,1.11788,1.11741,1.11765,6023100000
1724684400000,1.11765,1.11768,1.11693,1.1171,4878150000
1724685300000,1.11711,1.11717,1.1166,1.11669,3077240000
1724686200000,1.11671,1.11692,1.11649,1.1167,2347530000
1724687100000,1.1167,1.1169,1.11634,1.11636,3407050000
1724688000000,1.11635,1.11648,1.11596,1.11608,5697420000
1724688900000,1.11607,1.11665,1.11607,1.11644,3524090000
1724689800000,1.11645,1.11675,1.11639,1.11674,2604500000
1724690700000,1.11674,1.1172,1.11674,1.11711,2184230000
1724691600000,1.1171,1.11753,1.11708,1.11748,2599950000
1724692500000,1.11747,1.11748,1.1172,1.11732,1649360000
1724693400000,1.11733,1.1174,1.11694,1.11698,2755320000
1724694300000,1.11698,1.11712,1.11677,1.11696,2207790000
1724695200000,1.11698,1.11712,1.11649,1.11668,1659210000
1724696100000,1.11668,1.11691,1.11663,1.11671,1638760000
1724697000000,1.11669,1.1167,1.11594,1.11602,3248810000
1724697900000,1.11601,1.11638,1.11601,1.11635,1805300000
1724698800000,1.11635,1.11655,1.11612,1.11614,2389050000
1724699700000,1.11615,1.11629,1.11604,1.11624,1734480000
1724700600000,1.11623,1.11629,1.11604,1.11604,1600920000
1724701500000,1.11603,1.1162,1.11586,1.11595,2114250000
1724702400000,1.11596,1.11608,1.11586,1.11603,494640000
1724703300000,1.11604,1.11612,1.11598,1.11612,425010000
1724704200000,1.11613,1.11614,1.11596,1.11605,575460000
1724705100000,1.11606,1.11615,1.11603,1.11609,703870000
1724706000000,1.11605,1.11621,1.11575,1.11613,329860000
1724706900000,1.11618,1.11626,1.11602,1.11615,576750000
1724707800000,1.11614,1.11617,1.11611,1.11611,351000000
1724708700000,1.11614,1.11614,1.11599,1.11604,1492200000
1724709600000,1.11604,1.11632,1.11598,1.1162,480660000
1724710500000,1.11621,1.11632,1.11618,1.11631,368650000
1724711400000,1.11632,1.11639,1.11626,1.11627,746180000
1724712300000,1.11628,1.11631,1.1162,1.11627,919080000
1724713200000,1.11629,1.11668,1.11628,1.11665,1101010000
1724714100000,1.11666,1.11668,1.11656,1.11659,743910000
1724715000000,1.11658,1.11662,1.11647,1.11653,771230000
1724715900000,1.11652,1.11657,1.11642,1.11644,958340000
1724716800000,1.11646,1.11654,1.11622,1.11623,1844700000
1724717700000,1.11622,1.11656,1.11621,1.11641,939070000
1724718600000,1.1164,1.11649,1.11601,1.11605,1106530000
1724719500000,1.11606,1.11617,1.11595,1.1161,2431660000
1724720400000,1.1161,1.11641,1.11597,1.11617,1747520000
1724721300000,1.11616,1.11678,1.1161,1.11677,1852460000
1724722200000,1.11676,1.11694,1.11652,1.11692,1186630000
1724723100000,1.11692,1.11706,1.11688,1.11692,916830000
1724724000000,1.11692,1.11703,1.1166,1.11674,1774260000
1724724900000,1.11673,1.11692,1.11658,1.11662,1003090000
1724725800000,1.11661,1.11667,1.1164,1.11648,1783710000
1724726700000,1.11649,1.11682,1.11647,1.11682,967520000
1724727600000,1.11682,1.11689,1.11679,1.11687,688330000
1724728500000,1.11687,1.11688,1.11652,1.11657,1878880000
1724729400000,1.1166,1.11674,1.11654,1.11663,1374210000
1724730300000,1.11664,1.11668,1.11651,1.11667,652270000
1724731200000,1.11667,1.11683,1.11667,1.11677,1540410000
1724732100000,1.11676,1.1168,1.11669,1.1168,734150000
1724733000000,1.11681,1.11695,1.11673,1.11674,571650000
1724733900000,1.11673,1.11689,1.11673,1.11683,428930000
1724734800000,1.11683,1.11722,1.11683,1.11708,920280000
1724735700000,1.11708,1.11709,1.11691,1.11697,901970000
1724736600000,1.11698,1.11703,1.11663,1.11664,1679400000
1724737500000,1.11664,1.11676,1.11647,1.11668,2194550000
1724738400000,1.11667,1.11689,1.1165,1.11671,1678770000
1724739300000,1.1167,1.11714,1.11656,1.11686,2271360000
1724740200000,1.11687,1.11692,1.11641,1.11641,2710100000
1724741100000,1.11641,1.11664,1.11612,1.11617,2039880000
1724742000000,1.11616,1.11687,1.11616,1.11677,3380210000
1724742900000,1.11677,1.11724,1.11663,1.11673,2715430000
1724743800000,1.11674,1.11704,1.11639,1.11645,3132170000
1724744700000,1.11646,1.11683,1.11637,1.1164,1800880000
1724745600000,1.11638,1.11705,1.1162,1.11683,2199100000
1724746500000,1.11682,1.11737,1.11679,1.11721,1616020000
1724747400000,1.1172,1.11739,1.11704,1.11731,1737930000
1724748300000,1.11733,1.11735,1.11666,1.11666,1986390000
1724749200000,1.11666,1.11734,1.11661,1.11734,1631250000
1724750100000,1.11733,1.11786,1.11693,1.11713,2640720000
1724751000000,1.11712,1.11744,1.11706,1.11719,2121200000
1724751900000,1.11718,1.1172,1.1168,1.11681,1862540000
1724752800000,1.1168,1.11699,1.11661,1.11664,2256050000
1724753700000,1.11663,1.1169,1.11635,1.11636,1606230000
1724754600000,1.11635,1.11649,1.11618,1.11637,1749200000
1724755500000,1.11637,1.11667,1.11632,1.11659,1191910000
1724756400000,1.11659,1.11676,1.11625,1.11661,1644640000
1724757300000,1.11661,1.11696,1.11648,1.11696,1200160000
1724758200000,1.11697,1.11697,1.1163,1.11646,2542010000
1724759100000,1.11648,1.11666,1.11605,1.11605,1678710000
1724760000000,1.11606,1.11646,1.11589,1.11591,2578510000
1724760900000,1.11591,1.11595,1.11534,1.11547,3317850000
1724761800000,1.11548,1.11584,1.11501,1.11555,2740520000
1724762700000,1.11553,1.11609,1.11532,1.11585,2474490000
1724763600000,1.11585,1.11627,1.11579,1.11608,2346310000
1724764500000,1.11606,1.11639,1.11559,1.1156,2602430000
1724765400000,1.11564,1.11588,1.11525,1.11531,2775530000
1724766300000,1.11531,1.11697,1.11531,1.11681,2636280000
1724767200000,1.11682,1.11718,1.11628,1.11648,6034150000
1724768100000,1.11649,1.11705,1.1164,1.11699,5215290000
1724769000000,1.11701,1.11707,1.11634,1.11686,5307640000
1724769900000,1.11684,1.11705,1.11641,1.11661,5729290000
1724770800000,1.11661,1.11698,1.11644,1.11666,4207690000
1724771700000,1.11665,1.1167,1.11619,1.11632,3541550000
1724772600000,1.11633,1.11639,1.11591,1.11608,2664700000
1724773500000,1.11611,1.11627,1.11587,1.11597,2454570000
1724774400000,1.11597,1.11663,1.11595,1.11656,1357850000
1724775300000,1.11656,1.11677,1.11614,1.11649,2048890000
1724776200000,1.1165,1.11652,1.11634,1.11641,1503200000
1724777100000,1.11642,1.11665,1.11631,1.11657,1366280000
1724778000000,1.11656,1.11759,1.11643,1.11758,1610280000
1724778900000,1.11758,1.11815,1.11755,1.11786,1763400000
1724779800000,1.11788,1.11796,1.11762,1.11785,1362410000
1724780700000,1.11784,1.11826,1.11768,1.11813,1198560000
1724781600000,1.11813,1.11874,1.118,1.11862,1768270000
1724782500000,1.11862,1.11893,1.11853,1.11878,1239390000
1724783400000,1.11879,1.11886,1.11854,1.11872,1065930000
1724784300000,1.11872,1.11905,1.11852,1.11857,1288970000
1724785200000,1.11857,1.11857,1.11814,1.11824,1234740000
1724786100000,1.11824,1.11836,1.11817,1.1183,1014300000
1724787000000,1.11829,1.11844,1.11816,1.11836,884700000
1724787900000,1.11836,1.11845,1.1183,1.11842,1265550000
1724788800000,1.11841,1.11853,1.11827,1.11837,855500000
1724789700000,1.11837,1.11851,1.11837,1.11847,496350000
1724790600000,1.11847,1.11858,1.11845,1.11848,154380000
1724791500000,1.11849,1.11853,1.11835,1.11836,1353540000
1724792400000,1.11834,1.11839,1.11784,1.11824,317720000
1724793300000,1.1182,1.11852,1.11817,1.11827,182930000
1724794200000,1.11827,1.11847,1.11827,1.11841,137680000
1724795100000,1.11847,1.11847,1.11825,1.11833,489470000
1724796000000,1.11833,1.11846,1.11829,1.1184,345850000
1724796900000,1.1184,1.11841,1.11831,1.11837,356720000
1724797800000,1.11837,1.11845,1.11837,1.11843,74880000
1724798700000,1.11843,1.11849,1.11835,1.11836,81720000
1724799600000,1.11837,1.11845,1.11833,1.11833,216570000
1724800500000,1.11833,1.11837,1.11823,1.11833,203910000
1724801400000,1.11833,1.11837,1.11795,1.11795,304640000
1724802300000,1.11796,1.11802,1.11747,1.11769,432000000
1724803200000,1.11769,1.11771,1.11745,1.11747,783190000
1724804100000,1.11747,1.11784,1.11747,1.1178,401550000
1724805000000,1.11781,1.11792,1.11771,1.11783,501590000
1724805900000,1.11783,1.118,1.11765,1.11798,436390000
1724806800000,1.11798,1.11798,1.11764,1.11767,470010000
1724807700000,1.11768,1.1177,1.11743,1.11748,828220000
1724808600000,1.11748,1.11793,1.11735,1.11785,1293940000
1724809500000,1.11785,1.11785,1.11719,1.11737,975290000
1724810400000,1.11738,1.11776,1.11728,1.11772,727150000
1724811300000,1.11773,1.11776,1.11735,1.11738,539730000
1724812200000,1.11737,1.11748,1.11701,1.1173,1227680000
1724813100000,1.1173,1.1173,1.11665,1.11665,719830000
1724814000000,1.11668,1.11691,1.11639,1.11641,795050000
1724814900000,1.11642,1.11661,1.11631,1.11652,367290000
1724815800000,1.11651,1.11657,1.11624,1.11657,578780000
1724816700000,1.11658,1.11666,1.11625,1.11657,540900000
1724817600000,1.11657,1.11674,1.11651,1.11673,525600000
1724818500000,1.11673,1.11679,1.11656,1.11657,244230000
1724819400000,1.11658,1.11666,1.11609,1.11616,551060000
1724820300000,1.11616,1.11616,1.11582,1.11596,714480000
1724821200000,1.11596,1.11607,1.11534,1.11549,1065160000
1724822100000,1.11548,1.11555,1.11459,1.11462,1372330000
1724823000000,1.11461,1.11475,1.11409,1.11449,1644280000
1724823900000,1.1145,1.11453,1.11395,1.11437,1374690000
1724824800000,1.11438,1.11449,1.11359,1.1136,2237180000
1724825700000,1.1136,1.11413,1.11351,1.11407,1762780000
1724826600000,1.11407,1.11492,1.114,1.11487,1053770000
1724827500000,1.11486,1.11513,1.11456,1.11477,1737210000
1724828400000,1.11478,1.11567,1.11478,1.1154,2949680000
1724829300000,1.11541,1.11578,1.11525,1.11554,2054000000
1724830200000,1.11553,1.11567,1.11488,1.11527,1490030000
1724831100000,1.11526,1.1159,1.11491,1.11562,1708780000
1724832000000,1.11561,1.11593,1.11526,1.11581,1694950000
1724832900000,1.11581,1.11585,1.11436,1.11437,2212700000
1724833800000,1.11439,1.11494,1.11415,1.11417,1587430000
1724834700000,1.11416,1.11444,1.11389,1.11413,2144070000
1724835600000,1.11413,1.11432,1.11363,1.1142,2150420000
1724836500000,1.11421,1.11455,1.11392,1.11434,2462740000
1724837400000,1.11433,1.11449,1.11388,1.11403,2497420000
1724838300000,1.11402,1.11407,1.1133,1.11357,3440860000
1724839200000,1.11358,1.11375,1.11259,1.11279,3899120000
1724840100000,1.1128,1.11282,1.11245,1.11276,3689290000
1724841000000,1.11276,1.11306,1.11251,1.11254,2814870000
1724841900000,1.11254,1.11266,1.1122,1.11252,2433390000
1724842800000,1.11253,1.11301,1.11242,1.11298,2061480000
1724843700000,1.11298,1.1131,1.11233,1.11246,2924160000
1724844600000,1.11247,1.11307,1.11247,1.11296,1887800000
1724845500000,1.11295,1.11309,1.11173,1.11205,3369470000
1724846400000,1.11206,1.11228,1.11137,1.11158,3411390000
1724847300000,1.11159,1.11162,1.11094,1.11099,3822130000
1724848200000,1.111,1.11102,1.1105,1.11071,3299270000
1724849100000,1.11071,1.11141,1.11071,1.11118,3598640000
1724850000000,1.11118,1.11199,1.11118,1.11198,3781410000
1724850900000,1.11199,1.11209,1.1112,1.11175,3459960000
1724851800000,1.11177,1.11219,1.11131,1.11158,5216700000
1724852700000,1.11159,1.11185,1.11105,1.11111,5177090000
1724853600000,1.11112,1.11222,1.11107,1.11171,4189320000
1724854500000,1.1117,1.11291,1.11161,1.11228,4871370000
1724855400000,1.11231,1.113,1.11228,1.11294,3953660000
1724856300000,1.11294,1.11377,1.11246,1.11301,8429520000
1724857200000,1.11301,1.11311,1.11212,1.11276,4820440000
1724858100000,1.11275,1.11309,1.11225,1.11251,4577950000
1724859000000,1.11251,1.11305,1.11245,1.11268,2540000000
1724859900000,1.11268,1.1129,1.11243,1.1126,3127540000
1724860800000,1.11261,1.11261,1.11159,1.11161,3907480000
1724861700000,1.11161,1.11161,1.11102,1.11123,2496120000
1724862600000,1.11122,1.1115,1.11114,1.11143,1626410000
1724863500000,1.11142,1.11173,1.11138,1.11146,1247490000
1724864400000,1.11146,1.11172,1.11111,1.11114,2301630000
1724865300000,1.11114,1.11134,1.11105,1.11108,3157880000
1724866200000,1.11107,1.11117,1.11065,1.11071,2667010000
1724867100000,1.11072,1.11108,1.11053,1.11068,3203660000
1724868000000,1.11067,1.11115,1.11056,1.11097,2015530000
1724868900000,1.11097,1.1113,1.11089,1.11119,1677500000
1724869800000,1.1112,1.11129,1.11096,1.11104,1978830000
1724870700000,1.11103,1.11162,1.11097,1.11157,3315200000
1724871600000,1.11158,1.11179,1.11141,1.11144,2644000000
1724872500000,1.11144,1.1117,1.11144,1.11168,2942520000
1724873400000,1.11169,1.1117,1.11142,1.11148,1669710000
1724874300000,1.11148,1.11152,1.1113,1.11132,2041880000
1724875200000,1.11132,1.11151,1.11123,1.1115,1097280000
1724876100000,1.1115,1.11163,1.11137,1.11159,1406040000
1724877000000,1.11158,1.11196,1.11157,1.11193,785700000
1724877900000,1.11192,1.11199,1.11189,1.11194,809850000
1724878800000,1.11193,1.11193,1.11184,1.11189,109650000
1724879700000,1.11189,1.11191,1.11188,1.11188,178200000
1724880600000,1.11189,1.11191,1.11188,1.11188,49500000
1724881500000,1.11188,1.11193,1.11188,1.11191,39600000
1724882400000,1.11189,1.11223,1.11175,1.11218,538150000
1724883300000,1.11218,1.1124,1.11218,1.1124,188550000
1724884200000,1.11239,1.11242,1.11228,1.1123,660620000
1724885100000,1.1123,1.11242,1.11225,1.11239,672030000
1724886000000,1.11239,1.1125,1.11227,1.11247,1302750000
1724886900000,1.11248,1.11258,1.11235,1.11257,586480000
1724887800000,1.11256,1.11259,1.11244,1.11258,949080000
1724888700000,1.11258,1.11261,1.11233,1.11244,498980000
1724889600000,1.11245,1.11289,1.11241,1.11283,1164710000
1724890500000,1.11282,1.11321,1.11282,1.11311,1184620000
1724891400000,1.1131,1.11321,1.11282,1.11302,1681020000
1724892300000,1.11302,1.11324,1.11288,1.11313,2116090000
1724893200000,1.11314,1.11338,1.11309,1.11313,1953270000
1724894100000,1.11312,1.11331,1.11308,1.1131,2074470000
1724895000000,1.11309,1.1131,1.11285,1.11298,1480680000
1724895900000,1.11298,1.11305,1.11286,1.11289,2170260000
1724896800000,1.1129,1.1129,1.11276,1.11279,1524870000
1724897700000,1.11279,1.11304,1.11272,1.11303,1166070000
1724898600000,1.11304,1.11319,1.11298,1.11318,596680000
1724899500000,1.11318,1.11321,1.11309,1.11315,355610000
1724900400000,1.11315,1.11318,1.113,1.11309,654960000
1724901300000,1.11309,1.11342,1.11303,1.1134,778760000
1724902200000,1.1134,1.11345,1.1132,1.1133,900310000
1724903100000,1.11329,1.11357,1.11321,1.11356,1133770000
1724904000000,1.11357,1.1137,1.11345,1.11354,944800000
1724904900000,1.11355,1.1136,1.11337,1.11339,699870000
1724905800000,1.1134,1.11352,1.11333,1.11334,802040000
1724906700000,1.11333,1.11355,1.11333,1.11354,461880000
1724907600000,1.11352,1.11361,1.11321,1.11332,1031370000
1724908500000,1.11333,1.1135,1.11331,1.11349,587280000
1724909400000,1.1135,1.11376,1.11323,1.1133,847920000
1724910300000,1.1133,1.11379,1.11325,1.11355,1643490000
1724911200000,1.11354,1.11399,1.11343,1.11354,1481310000
1724912100000,1.11354,1.11371,1.1132,1.11321,1721390000
1724913000000,1.11319,1.11327,1.11281,1.11302,1889200000
1724913900000,1.11301,1.11303,1.11255,1.11281,1543550000
1724914800000,1.11281,1.11287,1.11162,1.11185,4426630000
1724915700000,1.11185,1.11305,1.11177,1.11301,2315790000
1724916600000,1.113,1.11312,1.11247,1.11258,2280030000
1724917500000,1.11259,1.11314,1.11253,1.11299,2237970000
1724918400000,1.11299,1.11299,1.10864,1.10875,8790360000
1724919300000,1.10874,1.10907,1.10719,1.10797,6284450000
1724920200000,1.10797,1.10851,1.10772,1.10802,4561390000
1724921100000,1.10799,1.10857,1.10772,1.10848,4625370000
1724922000000,1.1085,1.10902,1.10832,1.10887,3930570000
1724922900000,1.10888,1.10936,1.10865,1.10928,3365810000
1724923800000,1.10929,1.1099,1.1091,1.10912,3589810000
1724924700000,1.10911,1.10963,1.10903,1.10938,3099360000
1724925600000,1.10941,1.1097,1.10895,1.10901,2397840000
1724926500000,1.10901,1.10943,1.10873,1.1093,2442060000
1724927400000,1.10931,1.10957,1.10912,1.10954,2163580000
1724928300000,1.10953,1.10999,1.10943,1.10973,2677720000
1724929200000,1.10974,1.10988,1.10946,1.10974,2420690000
1724930100000,1.10976,1.10992,1.10934,1.10967,1499200000
1724931000000,1.10967,1.10981,1.10914,1.10978,2927530000
1724931900000,1.10977,1.10997,1.10929,1.10958,2608530000
1724932800000,1.10956,1.10962,1.10878,1.10926,4632120000
1724933700000,1.10927,1.10964,1.10878,1.10945,4095940000
1724934600000,1.10941,1.10976,1.10727,1.10767,11792860000
1724935500000,1.10768,1.10858,1.10746,1.10841,7640180000
1724936400000,1.10842,1.1089,1.10809,1.10883,6091780000
1724937300000,1.10884,1.10895,1.10829,1.10834,4869120000
1724938200000,1.10833,1.10843,1.10727,1.10798,7198350000
1724939100000,1.10798,1.10877,1.10794,1.10821,5031010000
1724940000000,1.1082,1.10832,1.10709,1.10747,6252530000
1724940900000,1.10746,1.10752,1.10589,1.10608,7579990000
1724941800000,1.10609,1.10687,1.10556,1.10687,4715370000
1724942700000,1.10687,1.1072,1.1068,1.10698,5591880000
1724943600000,1.10699,1.10752,1.10668,1.10741,4491200000
1724944500000,1.1074,1.10776,1.10724,1.10751,3230960000
1724945400000,1.10752,1.10795,1.10734,1.10783,4635990000
1724946300000,1.10783,1.10855,1.10779,1.10848,3818550000
1724947200000,1.10849,1.10861,1.10782,1.10828,4981380000
1724948100000,1.10829,1.10879,1.10818,1.10878,2511360000
1724949000000,1.10878,1.10878,1.10824,1.10838,3050590000
1724949900000,1.10838,1.10843,1.10794,1.10816,2897160000
1724950800000,1.10816,1.10844,1.10784,1.10813,3286150000
1724951700000,1.10811,1.10842,1.10792,1.10828,2277630000
1724952600000,1.10827,1.10854,1.10823,1.10827,1781610000
1724953500000,1.10826,1.10846,1.10787,1.10837,1711010000
1724954400000,1.10838,1.10846,1.10782,1.10806,1566300000
1724955300000,1.10805,1.10825,1.10793,1.10805,1267470000
1724956200000,1.10806,1.10823,1.10759,1.10779,3455700000
1724957100000,1.10779,1.10795,1.10752,1.1079,3110970000
1724958000000,1.1079,1.10799,1.10754,1.10789,2562600000
1724958900000,1.1079,1.10813,1.10787,1.10802,985470000
1724959800000,1.10803,1.10803,1.10772,1.10775,1358910000
1724960700000,1.10775,1.10783,1.10747,1.10757,1363560000
1724961600000,1.10756,1.10778,1.10753,1.1077,573990000
1724962500000,1.10769,1.10776,1.10749,1.10766,473600000
1724963400000,1.10767,1.10788,1.10762,1.10781,448860000
1724964300000,1.10781,1.1079,1.1077,1.10771,631650000
1724965200000,1.10766,1.10796,1.10743,1.10771,276730000
1724966100000,1.10771,1.10783,1.10766,1.10782,230310000
1724967000000,1.10784,1.10788,1.10774,1.10781,33660000
1724967900000,1.10778,1.10783,1.10775,1.10777,80880000
1724968800000,1.10776,1.10795,1.10772,1.10774,317170000
1724969700000,1.10774,1.10786,1.10774,1.10778,306450000
1724970600000,1.10779,1.10787,1.10775,1.10787,227550000
1724971500000,1.10787,1.10801,1.10784,1.10799,224940000
1724972400000,1.10799,1.10807,1.1079,1.10807,493330000
1724973300000,1.10807,1.1083,1.10804,1.10809,748650000
1724974200000,1.10808,1.10808,1.1079,1.10794,697810000
1724975100000,1.10794,1.10811,1.10787,1.108,861030000
1724976000000,1.10802,1.10806,1.10788,1.10799,1451130000
1724976900000,1.10798,1.10827,1.10798,1.10813,826140000
1724977800000,1.10814,1.10826,1.10807,1.1082,724220000
1724978700000,1.1082,1.10828,1.10795,1.10804,1316950000
1724979600000,1.10803,1.1082,1.10778,1.10778,1306950000
1724980500000,1.10778,1.10815,1.10774,1.1079,1105740000
1724981400000,1.10789,1.10803,1.10761,1.10797,3091110000
1724982300000,1.10798,1.10804,1.10714,1.10714,2197660000
1724983200000,1.10715,1.10734,1.10697,1.10718,2049650000
1724984100000,1.10719,1.10724,1.107,1.10707,1412100000
1724985000000,1.10707,1.10735,1.10703,1.10715,765590000
1724985900000,1.10714,1.10724,1.10708,1.1072,815780000
1724986800000,1.10719,1.10737,1.10711,1.10728,818250000
1724987700000,1.10729,1.10745,1.10724,1.10742,1033290000
1724988600000,1.10741,1.10759,1.10728,1.10733,1559880000
1724989500000,1.10734,1.10763,1.10733,1.10737,1095410000
1724990400000,1.10736,1.10737,1.10719,1.10734,1277820000
1724991300000,1.10734,1.10773,1.10733,1.10766,1484820000
1724992200000,1.10766,1.10766,1.10737,1.10746,1147230000
1724993100000,1.10744,1.10745,1.10723,1.10739,1134470000
1724994000000,1.10739,1.10763,1.10734,1.10756,1056600000
1724994900000,1.10756,1.10771,1.10749,1.1075,690790000
1724995800000,1.10749,1.10778,1.10749,1.10774,1677350000
1724996700000,1.10772,1.10778,1.10753,1.10769,2022180000
1724997600000,1.10769,1.10784,1.10761,1.10779,1911390000
1724998500000,1.10779,1.10786,1.10743,1.10771,1640040000
1724999400000,1.10771,1.10782,1.10764,1.1078,2546630000
1725000300000,1.10786,1.10856,1.10782,1.10848,2842690000
1725001200000,1.10849,1.10858,1.10752,1.10787,4343910000
1725002100000,1.10787,1.10854,1.10771,1.10854,3137080000
1725003000000,1.10853,1.10888,1.10837,1.1087,1925310000
1725003900000,1.10869,1.10888,1.1082,1.1084,2971740000
1725004800000,1.10841,1.10908,1.10821,1.10871,3793640000
1725005700000,1.10869,1.10931,1.10864,1.10929,2647160000
1725006600000,1.1093,1.1095,1.10845,1.10846,3422580000
1725007500000,1.10845,1.10855,1.10735,1.10749,4958780000
1725008400000,1.10748,1.10852,1.10747,1.10838,2827710000
1725009300000,1.10837,1.10849,1.10793,1.10819,2769070000
1725010200000,1.10819,1.10832,1.10798,1.10828,3644760000
1725011100000,1.10827,1.10854,1.10809,1.10827,3074640000
1725012000000,1.10827,1.10843,1.10794,1.10797,2822920000
1725012900000,1.10798,1.10833,1.10782,1.10827,2347490000
1725013800000,1.10829,1.10832,1.10745,1.1076,3717530000
1725014700000,1.1076,1.10816,1.10759,1.10793,2188020000
1725015600000,1.10792,1.10839,1.10783,1.10831,2453700000
1725016500000,1.1083,1.10832,1.10782,1.10825,2203560000
1725017400000,1.10827,1.10881,1.10817,1.10862,1310770000
1725018300000,1.1086,1.10879,1.10807,1.10813,3846150000
1725019200000,1.10816,1.1088,1.10816,1.10866,2688910000
1725020100000,1.10864,1.10877,1.10824,1.10824,4193100000
1725021000000,1.10825,1.10878,1.10662,1.10663,9932990000
1725021900000,1.10662,1.10716,1.10577,1.10679,9524900000
1725022800000,1.1068,1.10695,1.10538,1.10603,13225800000
1725023700000,1.10604,1.10638,1.10577,1.10597,7294260000
1725024600000,1.10597,1.10673,1.10591,1.10647,5007720000
1725025500000,1.10649,1.10758,1.10602,1.10722,4982130000
1725026400000,1.10718,1.10791,1.10718,1.10735,8809130000
1725027300000,1.10736,1.10739,1.10618,1.10691,7061160000
1725028200000,1.1069,1.10798,1.1067,1.10708,5796640000
1725029100000,1.10709,1.108,1.10653,1.10686,11293980000
1725030000000,1.10685,1.1072,1.10591,1.10614,7031580000
1725030900000,1.10618,1.10644,1.10598,1.10629,4592230000
1725031800000,1.10629,1.1064,1.10564,1.10565,4388180000
1725032700000,1.10566,1.10617,1.1053,1.10597,2722430000
1725033600000,1.10596,1.10597,1.10553,1.10557,3258150000
1725034500000,1.10555,1.10556,1.10452,1.10466,3761350000
1725035400000,1.10465,1.10485,1.10438,1.10482,3371890000
1725036300000,1.10482,1.10508,1.10447,1.10494,3390170000
1725037200000,1.10494,1.10561,1.10483,1.10555,2215350000
1725038100000,1.10555,1.10566,1.10482,1.10491,2118720000
1725039000000,1.10492,1.10522,1.10486,1.10521,4692050000
1725039900000,1.10521,1.10545,1.1049,1.10525,2623490000
1725040800000,1.10525,1.10533,1.10506,1.10527,3306840000
1725041700000,1.10527,1.10563,1.10517,1.10538,2845810000
1725042600000,1.10537,1.10552,1.1052,1.10535,1871340000
1725043500000,1.10535,1.10545,1.10495,1.10521,1889850000
1725044400000,1.1052,1.1052,1.10494,1.10508,3206310000
1725045300000,1.10507,1.10531,1.10495,1.10526,1949280000
1725046200000,1.10526,1.10526,1.10491,1.10494,2506200000
1725047100000,1.10494,1.10547,1.10473,1.10527,5094710000
1725048000000,1.10525,1.10551,1.10517,1.10524,3724660000
1725048900000,1.10525,1.10536,1.10498,1.10498,1583790000
1725049800000,1.10499,1.10511,1.10488,1.105,1478860000
1725050700000,1.10499,1.10504,1.10453,1.10456,2197500000
