timestamp,open,high,low,close,volume
1541030400000,1.13146,1.13168,1.13126,1.13161,2412.37
1541031300000,1.13161,1.1322,1.13144,1.13181,2371.18
1541032200000,1.13182,1.1329,1.13182,1.13283,3211.15
1541033100000,1.13283,1.13306,1.13243,1.13279,3244.94
1541034000000,1.13282,1.13323,1.13258,1.13297,2915.43
1541034900000,1.13297,1.13379,1.13294,1.13354,3056.48
1541035800000,1.13353,1.13354,1.13324,1.13331,2478.63
1541036700000,1.1333,1.13381,1.13327,1.1336,2605.85
1541037600000,1.1336,1.13389,1.13348,1.13387,2437.76
1541038500000,1.13388,1.13403,1.13354,1.1337,2086.78
1541039400000,1.13367,1.13372,1.1334,1.13362,1705.7
1541040300000,1.13362,1.13432,1.13358,1.13408,1739.34
1541041200000,1.13407,1.13441,1.134,1.13431,1502.13
1541042100000,1.13432,1.13432,1.13408,1.13416,1300.48
1541043000000,1.13417,1.13498,1.13416,1.13492,1989.45
1541043900000,1.13492,1.13495,1.13442,1.13464,1908.21
1541044800000,1.13463,1.13464,1.13427,1.13432,1793.92
1541045700000,1.13432,1.13484,1.13421,1.13482,1385.54
1541046600000,1.13482,1.13484,1.13448,1.13457,1471.49
1541047500000,1.13456,1.13466,1.13432,1.13432,1242.09
1541048400000,1.13432,1.13434,1.13401,1.13402,1793.43
1541049300000,1.13401,1.13436,1.13387,1.13388,1678.79
1541050200000,1.13388,1.13444,1.13377,1.13444,1782.03
1541051100000,1.13443,1.13455,1.13412,1.1342,1712.57
1541052000000,1.13419,1.13425,1.13381,1.13407,2230.06
1541052900000,1.13408,1.1345,1.13389,1.13446,2452.96
1541053800000,1.13445,1.13473,1.13416,1.13438,2554.83
1541054700000,1.13438,1.13524,1.13438,1.13499,2709.3
1541055600000,1.13498,1.13606,1.13474,1.13566,4138.73
1541056500000,1.13567,1.13647,1.1354,1.13627,4610.9
1541057400000,1.13627,1.13649,1.13525,1.13548,9337.89
1541058300000,1.13548,1.13606,1.13537,1.13604,3198.59
1541059200000,1.13603,1.13672,1.13531,1.13643,3720.73
1541060100000,1.13643,1.13728,1.13622,1.13712,4081.16
1541061000000,1.13711,1.13774,1.13699,1.13743,3913.76
1541061900000,1.13744,1.13811,1.1374,1.13781,4283.19
1541062800000,1.13781,1.13881,1.13774,1.1379,4487.73
1541063700000,1.13791,1.13799,1.1373,1.13735,3566.81
1541064600000,1.13735,1.13816,1.13726,1.13776,3300.47
1541065500000,1.13777,1.1383,1.1377,1.13801,3421.38
1541066400000,1.13799,1.13831,1.13723,1.13734,4189.62
1541067300000,1.13735,1.1377,1.137,1.13709,3981.07
1541068200000,1.1371,1.13777,1.13684,1.13757,3570.69
1541069100000,1.13757,1.1377,1.13705,1.1372,3470.75
1541070000000,1.1372,1.13812,1.1371,1.13806,3003.1
1541070900000,1.13806,1.13857,1.13795,1.1385,3091.33
1541071800000,1.13849,1.14002,1.1384,1.13965,4847.78
1541072700000,1.13964,1.14035,1.13927,1.13946,3567.18
1541073600000,1.13946,1.14038,1.13925,1.14008,4407.64
1541074500000,1.14009,1.14042,1.13968,1.14025,4485.68
1541075400000,1.14027,1.14037,1.13937,1.13947,5028.39
1541076300000,1.13947,1.13982,1.13857,1.13874,3996.82
1541077200000,1.13873,1.13961,1.13864,1.13919,3724.24
1541078100000,1.13919,1.13958,1.13875,1.13884,3058.39
1541079000000,1.13884,1.13908,1.1385,1.13891,2966.22
1541079900000,1.13891,1.13959,1.13891,1.13931,3699.9
1541080800000,1.13936,1.14076,1.13929,1.14021,4997.74
1541081700000,1.14019,1.14131,1.14013,1.14067,3806.15
1541082600000,1.14067,1.14085,1.14003,1.14045,3378.64
1541083500000,1.14045,1.1411,1.14036,1.14085,3269.68
1541084400000,1.14086,1.14109,1.14034,1.14063,2900.23
1541085300000,1.14067,1.14099,1.14036,1.14054,3681.97
1541086200000,1.14057,1.14083,1.13968,1.14051,4113.91
1541087100000,1.14053,1.14059,1.13943,1.13963,4229.17
1541088000000,1.13964,1.13999,1.13937,1.13974,3117.89
1541088900000,1.13972,1.13975,1.13914,1.13933,2759.38
1541089800000,1.13933,1.13982,1.13899,1.13934,2720.49
1541090700000,1.13934,1.14099,1.13928,1.14074,3202.41
1541091600000,1.14074,1.14112,1.14055,1.14106,3114.7
1541092500000,1.14109,1.14241,1.14103,1.14236,4357.1
1541093400000,1.14235,1.14241,1.14158,1.14169,2909.03
1541094300000,1.1417,1.14192,1.14093,1.14107,2897.78
1541095200000,1.14107,1.14157,1.14104,1.14157,1939.7
1541096100000,1.14157,1.14167,1.14084,1.14095,1660.45
1541097000000,1.14095,1.14163,1.14067,1.14069,2733.93
1541097900000,1.14073,1.14089,1.14045,1.14085,2435.17
1541098800000,1.14085,1.14096,1.14059,1.14068,2126.99
1541099700000,1.14069,1.14103,1.14066,1.14084,1633.87
1541100600000,1.14084,1.14134,1.14078,1.14133,1814.97
1541101500000,1.14132,1.14132,1.14076,1.14104,2019.64
1541102400000,1.14104,1.14115,1.14064,1.14068,1385.81
1541103300000,1.14069,1.14085,1.14069,1.14084,749.13
1541104200000,1.14083,1.14101,1.14079,1.14099,868.71
1541105100000,1.14098,1.14102,1.14077,1.14077,982.44
1541106000000,1.14074,1.1413,1.13995,1.14044,843.15
1541106900000,1.14044,1.14107,1.14027,1.14055,1210.15
1541107800000,1.14055,1.14069,1.14033,1.14043,522.73
1541108700000,1.14044,1.14046,1.14005,1.14024,1257.28
1541109600000,1.14026,1.14079,1.1402,1.14046,852.83
1541110500000,1.14047,1.14057,1.14035,1.14056,398.76
1541111400000,1.14056,1.14057,1.14015,1.14052,495.59
1541112300000,1.14053,1.14058,1.14041,1.14042,395.61
1541113200000,1.14044,1.14054,1.14032,1.14032,318.04
1541114100000,1.14032,1.14044,1.14021,1.14031,422.53
1541115000000,1.14032,1.14052,1.14026,1.14047,513.83
1541115900000,1.14047,1.14047,1.1402,1.14027,746
1541116800000,1.14028,1.14056,1.14008,1.14018,1925.12
1541117700000,1.14017,1.14052,1.14012,1.14024,1354.43
1541118600000,1.14023,1.14052,1.13996,1.14011,1307.35
1541119500000,1.14011,1.14038,1.13999,1.14012,1228.76
1541120400000,1.14012,1.14012,1.13957,1.13962,1145.77
1541121300000,1.13962,1.14009,1.13962,1.14005,1658.6
1541122200000,1.14005,1.14014,1.13936,1.13949,1609.03
1541123100000,1.1395,1.13962,1.13911,1.13931,1491.94
1541124000000,1.13931,1.13967,1.13921,1.13962,1436.63
1541124900000,1.13964,1.13983,1.13957,1.1397,1544.92
1541125800000,1.13969,1.13987,1.13967,1.13983,869.64
1541126700000,1.13983,1.13983,1.13956,1.13967,1106.23
1541127600000,1.13968,1.13971,1.13946,1.13969,1406.44
1541128500000,1.13968,1.13968,1.13953,1.13957,1120.69
1541129400000,1.13957,1.14001,1.13953,1.13999,1095.91
1541130300000,1.13999,1.14021,1.13998,1.14001,1645.38
1541131200000,1.14002,1.14004,1.13982,1.13998,1224.86
1541132100000,1.13998,1.14024,1.13993,1.14008,1229.29
1541133000000,1.14008,1.14029,1.13998,1.14017,973.2
1541133900000,1.14017,1.14176,1.14012,1.14089,4487.23
1541134800000,1.14089,1.14149,1.14076,1.14103,3172.63
1541135700000,1.14106,1.14163,1.14082,1.1412,3101.85
1541136600000,1.14122,1.14263,1.14111,1.14229,2884.04
1541137500000,1.14228,1.14282,1.14202,1.14243,2144.03
1541138400000,1.14243,1.14275,1.14221,1.14235,1943.58
1541139300000,1.14234,1.14258,1.14193,1.14194,2038.84
1541140200000,1.14195,1.14259,1.14175,1.14255,2159.87
1541141100000,1.14255,1.14298,1.14191,1.14201,2927.97
1541142000000,1.14201,1.1443,1.14171,1.14421,4691.41
1541142900000,1.14419,1.14426,1.1433,1.14339,4058.67
1541143800000,1.14339,1.14366,1.14317,1.14333,3222.25
1541144700000,1.14333,1.14383,1.1432,1.14373,3367.6
1541145600000,1.14372,1.14396,1.143,1.14329,3621.34
1541146500000,1.14329,1.1443,1.14319,1.14399,3349.47
1541147400000,1.14399,1.14415,1.14364,1.14394,2671.64
1541148300000,1.14392,1.14394,1.14302,1.14302,3310.8
1541149200000,1.14301,1.14301,1.14237,1.14275,3059.49
1541150100000,1.14273,1.14376,1.14265,1.14335,3063.53
1541151000000,1.14334,1.14415,1.14332,1.14393,2799.78
1541151900000,1.14394,1.14447,1.1438,1.14381,2824.17
1541152800000,1.14381,1.14409,1.1435,1.14375,2396.55
1541153700000,1.14377,1.14467,1.14377,1.14428,2901.81
1541154600000,1.14429,1.14475,1.14414,1.14448,2988.08
1541155500000,1.14449,1.14498,1.14429,1.14493,2715.06
1541156400000,1.14494,1.14557,1.14482,1.14503,3307.33
1541157300000,1.14503,1.14511,1.14474,1.1448,2354.04
1541158200000,1.14481,1.14497,1.14454,1.14455,1808.48
1541159100000,1.14454,1.14496,1.14435,1.14455,2655.25
1541160000000,1.14454,1.14504,1.14352,1.14372,2927.99
1541160900000,1.14373,1.14427,1.14295,1.1438,3609.61
1541161800000,1.14369,1.14422,1.14107,1.14275,6333.65
1541162700000,1.14276,1.14326,1.14166,1.14172,4358.14
1541163600000,1.14171,1.14232,1.14144,1.14171,3656.77
1541164500000,1.1417,1.1417,1.14051,1.14085,4176.25
1541165400000,1.14088,1.14125,1.14059,1.14072,5514.72
1541166300000,1.14072,1.14197,1.14071,1.14174,4121.39
1541167200000,1.14174,1.14252,1.14161,1.14245,3767.74
1541168100000,1.14247,1.14307,1.14205,1.14275,3631.06
1541169000000,1.14274,1.14311,1.14186,1.14194,4416.54
1541169900000,1.14195,1.14257,1.14171,1.14192,4222.82
1541170800000,1.14192,1.14193,1.1406,1.1409,4426.62
1541171700000,1.14089,1.14145,1.14084,1.14137,3675.56
1541172600000,1.14136,1.14165,1.13912,1.13931,5266.12
1541173500000,1.13931,1.13938,1.13735,1.13779,5354.2
1541174400000,1.13777,1.13816,1.13722,1.13776,4425.65
1541175300000,1.13777,1.1385,1.13743,1.13834,3219.65
1541176200000,1.13834,1.13847,1.13744,1.13812,3655.64
1541177100000,1.13811,1.13859,1.13806,1.13857,3030.42
1541178000000,1.13856,1.13859,1.13756,1.1381,2864.79
1541178900000,1.1381,1.13841,1.13802,1.13816,2557.85
1541179800000,1.13817,1.13841,1.13775,1.13829,2844.16
1541180700000,1.13828,1.13862,1.13803,1.1383,2632.74
1541181600000,1.13827,1.13864,1.13817,1.13844,2569.93
1541182500000,1.13843,1.1389,1.13834,1.13881,2349.67
1541183400000,1.13881,1.13887,1.13825,1.13828,2758.37
1541184300000,1.13827,1.13857,1.13787,1.13851,2523.26
1541185200000,1.13853,1.14003,1.1385,1.13886,3533.13
1541186100000,1.13886,1.1394,1.13872,1.1393,2324.13
1541187000000,1.1393,1.13941,1.1392,1.1394,2662.36
1541187900000,1.1394,1.13961,1.13935,1.13951,2463.18
1541188800000,1.13951,1.13969,1.13929,1.13945,1543.9
1541189700000,1.13945,1.1395,1.13935,1.13944,850.57
1541190600000,1.13943,1.13948,1.13901,1.13907,970.55
1541191500000,1.13906,1.13907,1.13858,1.1386,1169.14
1541368800000,1.13863,1.13963,1.13862,1.13927,588.09
1541369700000,1.13926,1.1393,1.13873,1.13884,1715.06
1541370600000,1.13885,1.13948,1.13879,1.13912,3136.9
1541371500000,1.13913,1.1392,1.13898,1.13909,1987.96
1541372400000,1.13908,1.13969,1.13908,1.13952,1405.97
1541373300000,1.13952,1.13992,1.13952,1.13981,701.51
1541374200000,1.13981,1.13992,1.13971,1.13992,727.95
1541375100000,1.13992,1.13993,1.13969,1.13976,730.15
1541376000000,1.13975,1.13978,1.13955,1.1397,1834.49
1541376900000,1.13969,1.13969,1.13942,1.13953,1206.01
1541377800000,1.13954,1.13957,1.1393,1.13946,1094.64
1541378700000,1.13947,1.13965,1.13941,1.13954,900.52
1541379600000,1.13954,1.13955,1.13901,1.13911,1502.68
1541380500000,1.13911,1.13949,1.13897,1.13902,1653.24
1541381400000,1.13902,1.13908,1.13866,1.13877,1618.27
1541382300000,1.13877,1.13897,1.13848,1.13891,1410.92
1541383200000,1.13892,1.13917,1.13857,1.13897,1465.05
1541384100000,1.13897,1.13923,1.13869,1.13887,1961.99
1541385000000,1.13887,1.13909,1.13881,1.13902,1889.11
1541385900000,1.13901,1.13904,1.13836,1.13842,1518.14
1541386800000,1.13842,1.13862,1.13836,1.13846,1578.61
1541387700000,1.13846,1.13877,1.13842,1.13868,1288.54
1541388600000,1.13867,1.13874,1.13857,1.13869,1002.15
1541389500000,1.13869,1.13871,1.13827,1.13832,1449.08
1541390400000,1.13832,1.13848,1.13829,1.13835,1282.53
1541391300000,1.13836,1.13863,1.13832,1.1386,978.41
1541392200000,1.1386,1.13876,1.13849,1.13852,1349.47
1541393100000,1.13851,1.13861,1.13836,1.13846,1056.26
1541394000000,1.13846,1.13893,1.13838,1.1388,1251.13
1541394900000,1.13879,1.1391,1.13879,1.13904,1403.75
1541395800000,1.13904,1.13905,1.13863,1.13884,1322.51
1541396700000,1.13887,1.13915,1.13874,1.13899,1578.83
1541397600000,1.139,1.13939,1.13893,1.13926,2455.26
1541398500000,1.13924,1.13947,1.13912,1.13937,1705.69
1541399400000,1.13937,1.1397,1.13912,1.13959,1853.31
1541400300000,1.13959,1.13968,1.13881,1.13884,1992.64
1541401200000,1.13885,1.13987,1.13865,1.13977,2383.04
1541402100000,1.13976,1.13977,1.13919,1.13931,2486.12
1541403000000,1.13932,1.13944,1.13898,1.13918,2375.95
1541403900000,1.13915,1.13943,1.13775,1.13816,3031.03
1541404800000,1.13819,1.13858,1.13788,1.13829,2976.49
1541405700000,1.13829,1.13906,1.13824,1.13901,2534.73
1541406600000,1.139,1.13945,1.13892,1.13927,2566.88
1541407500000,1.13927,1.13938,1.13802,1.13814,2701.35
1541408400000,1.13814,1.13836,1.13797,1.13834,2045.21
1541409300000,1.13833,1.13857,1.13761,1.13788,2739.04
1541410200000,1.13786,1.13802,1.13745,1.13789,2659.04
1541411100000,1.1379,1.1382,1.13759,1.13814,3073.48
1541412000000,1.13814,1.13877,1.13809,1.13848,2663.51
1541412900000,1.13848,1.13867,1.13793,1.13809,2791.2
1541413800000,1.13811,1.13839,1.13767,1.13787,2647.89
1541414700000,1.13786,1.13861,1.13781,1.13835,2792.25
1541415600000,1.13835,1.13852,1.13804,1.13814,2595.21
1541416500000,1.13813,1.13813,1.13706,1.13743,2711.55
1541417400000,1.13742,1.13744,1.1365,1.13674,3925.74
1541418300000,1.13673,1.13746,1.13669,1.1372,3662.1
1541419200000,1.1372,1.13721,1.13663,1.1368,3282.84
1541420100000,1.1368,1.13734,1.13668,1.13729,2618.04
1541421000000,1.13728,1.13729,1.13679,1.13707,2622.27
1541421900000,1.13706,1.13742,1.1353,1.13677,4780.96
1541422800000,1.13677,1.13718,1.13649,1.13699,3504.67
1541423700000,1.137,1.13758,1.13694,1.13728,2587.67
1541424600000,1.13727,1.13767,1.13709,1.13721,3458.89
1541425500000,1.13721,1.13796,1.13719,1.13782,3235.99
1541426400000,1.13782,1.13887,1.13776,1.13866,3409.59
1541427300000,1.13867,1.13903,1.13841,1.13902,2841.45
1541428200000,1.13902,1.13969,1.13885,1.13941,4271.68
1541429100000,1.13941,1.13999,1.13934,1.13982,4201.17
1541430000000,1.13985,1.14043,1.13939,1.14027,4919.24
1541430900000,1.14027,1.1406,1.13975,1.14043,3517.39
1541431800000,1.14044,1.14047,1.13981,1.14005,3901.48
1541432700000,1.14006,1.14006,1.13942,1.13991,4083.22
1541433600000,1.1399,1.14042,1.13983,1.14011,3510.26
1541434500000,1.1401,1.14056,1.1399,1.1403,3483.26
1541435400000,1.14029,1.14042,1.13999,1.14,2513.53
1541436300000,1.13999,1.14006,1.13924,1.13925,2677.14
1541437200000,1.13927,1.13946,1.13903,1.13945,2897.86
1541438100000,1.13945,1.13981,1.13923,1.13976,2444.36
1541439000000,1.13976,1.13993,1.13957,1.13978,1641.47
1541439900000,1.13979,1.13991,1.1395,1.1395,1900.85
1541440800000,1.1395,1.13981,1.13946,1.13981,1892.86
1541441700000,1.13981,1.14137,1.13979,1.14122,3517.81
1541442600000,1.14121,1.14179,1.1412,1.14178,2793.31
1541443500000,1.14178,1.14239,1.14176,1.14217,2754.76
1541444400000,1.14217,1.14234,1.14183,1.14234,2508.31
1541445300000,1.14234,1.14235,1.14141,1.14146,2972.91
1541446200000,1.14146,1.14166,1.14128,1.14142,2266.69
1541447100000,1.14142,1.14192,1.14137,1.14183,1971.8
1541448000000,1.14183,1.14187,1.14134,1.14169,2097.99
1541448900000,1.14169,1.14172,1.14083,1.14109,1797.14
1541449800000,1.14109,1.14132,1.14092,1.1412,1503.4
1541450700000,1.14119,1.14132,1.14078,1.14078,1562.43
1541451600000,1.14077,1.14107,1.14064,1.14072,786.62
1541452500000,1.14075,1.14087,1.14067,1.1407,851.29
1541453400000,1.14071,1.14084,1.14065,1.14066,954.29
1541454300000,1.14067,1.14081,1.14064,1.14066,925.61
1541455200000,1.14065,1.14103,1.14064,1.14086,896.93
1541456100000,1.14087,1.14102,1.14072,1.14074,870.74
1541457000000,1.14075,1.14127,1.14064,1.14097,1473.36
1541457900000,1.14099,1.14113,1.14079,1.1408,1302.35
1541458800000,1.1408,1.14113,1.14077,1.14086,1645.31
1541459700000,1.14085,1.14093,1.14062,1.14093,1108.54
1541460600000,1.14093,1.14099,1.14083,1.14098,434.27
1541461500000,1.14099,1.14104,1.14083,1.14083,668.9
1541462400000,1.14083,1.14134,1.14075,1.14122,1413.38
1541463300000,1.14119,1.14141,1.14099,1.14114,1463.06
1541464200000,1.14113,1.1412,1.14086,1.14109,956.32
1541465100000,1.14109,1.14139,1.14084,1.14113,1413.92
1541466000000,1.14113,1.14138,1.14105,1.14109,1151.62
1541466900000,1.14108,1.14127,1.14094,1.14103,1461.65
1541467800000,1.14103,1.14104,1.14069,1.1407,1474.82
1541468700000,1.14069,1.14084,1.14053,1.14069,1676.4
1541469600000,1.14068,1.14074,1.14054,1.1406,1175.91
1541470500000,1.1406,1.14088,1.14059,1.14084,1244.13
1541471400000,1.14084,1.141,1.14078,1.14099,815.71
1541472300000,1.14101,1.14104,1.1405,1.14087,1623.9
1541473200000,1.14088,1.14102,1.1408,1.14084,1256.35
1541474100000,1.14084,1.14087,1.14074,1.14075,998.65
1541475000000,1.14074,1.14084,1.14059,1.1407,1127.46
1541475900000,1.1407,1.1407,1.1405,1.14059,1036.65
1541476800000,1.14059,1.14059,1.14019,1.14028,1128.12
1541477700000,1.14029,1.14038,1.1399,1.13998,1437.64
1541478600000,1.13998,1.14022,1.1399,1.14009,1319.14
1541479500000,1.14009,1.14012,1.1399,1.13998,1096.3
1541480400000,1.13998,1.14033,1.13997,1.14032,1058.03
1541481300000,1.14031,1.14051,1.14027,1.14028,841.13
1541482200000,1.14026,1.14052,1.14023,1.14043,1185.64
1541483100000,1.14043,1.14058,1.14021,1.14053,1489.56
1541484000000,1.14053,1.14078,1.14022,1.14028,1583.77
1541484900000,1.14028,1.14072,1.14021,1.14068,1558.68
1541485800000,1.14068,1.1412,1.14062,1.141,2183.97
1541486700000,1.14101,1.14142,1.14096,1.14128,1635.18
1541487600000,1.14123,1.1416,1.1408,1.14115,2762.94
1541488500000,1.14114,1.14196,1.1411,1.14142,3193.26
1541489400000,1.14142,1.14161,1.14071,1.14087,2982.73
1541490300000,1.14086,1.14154,1.14032,1.14136,3187.76
1541491200000,1.14135,1.14246,1.14124,1.14189,3625.78
1541492100000,1.1419,1.14207,1.14076,1.14123,3115.02
1541493000000,1.14123,1.14178,1.14108,1.1417,2457.21
1541493900000,1.1417,1.1423,1.14134,1.14215,2842.78
1541494800000,1.14215,1.14255,1.1418,1.14209,2727.94
1541495700000,1.14209,1.14217,1.14172,1.14185,3216.73
1541496600000,1.14184,1.14185,1.14113,1.14126,3068.19
1541497500000,1.14125,1.14127,1.1404,1.14059,3590.75
1541498400000,1.14058,1.14077,1.13935,1.13967,3774.44
1541499300000,1.13966,1.14007,1.13913,1.13963,4087.55
1541500200000,1.13961,1.14006,1.13946,1.13996,2700.66
1541501100000,1.13996,1.14041,1.13995,1.1402,2349.81
1541502000000,1.14022,1.14031,1.13968,1.13971,3219.13
1541502900000,1.13973,1.1399,1.1394,1.13944,3180.32
1541503800000,1.13943,1.1403,1.13933,1.14009,4345.98
1541504700000,1.14008,1.14074,1.13979,1.1407,3414.2
1541505600000,1.14071,1.14165,1.14051,1.14128,3940.32
1541506500000,1.14129,1.14185,1.14115,1.14182,3766.59
1541507400000,1.14184,1.14217,1.14158,1.1421,3372.5
1541508300000,1.14211,1.14228,1.14168,1.14181,3425.22
1541509200000,1.1418,1.14308,1.1418,1.14281,3972.49
1541510100000,1.14282,1.14324,1.14262,1.1429,3335.57
1541511000000,1.1429,1.14361,1.1426,1.14361,3806.83
1541511900000,1.14363,1.14378,1.14224,1.14275,4172.03
1541512800000,1.14273,1.14295,1.14243,1.14284,3150.86
1541513700000,1.14284,1.14296,1.14241,1.14265,3357.43
1541514600000,1.14267,1.14267,1.142,1.14209,3578.27
1541515500000,1.14209,1.14212,1.1413,1.14171,4060.51
1541516400000,1.1417,1.14192,1.1412,1.14182,4353.61
1541517300000,1.1418,1.14192,1.1414,1.14155,4138.69
1541518200000,1.14155,1.14198,1.1413,1.1418,2723.48
1541519100000,1.1418,1.14191,1.14105,1.14166,4610.29
1541520000000,1.14168,1.14191,1.14141,1.14155,3528.17
1541520900000,1.14155,1.14172,1.14081,1.1413,2971.13
1541521800000,1.1413,1.14167,1.14085,1.14086,2957.4
1541522700000,1.14086,1.1413,1.14064,1.14109,3654.96
1541523600000,1.14109,1.1422,1.14101,1.1418,3254.92
1541524500000,1.14179,1.14195,1.14153,1.14178,2465.58
1541525400000,1.14179,1.14243,1.14158,1.14165,2907.79
1541526300000,1.14168,1.14182,1.1411,1.14115,2491.34
1541527200000,1.14115,1.14137,1.14099,1.14114,2251.13
1541528100000,1.14117,1.14141,1.14072,1.14078,2544.83
1541529000000,1.14079,1.14113,1.1406,1.14094,2797.14
1541529900000,1.14095,1.14135,1.14092,1.14114,2380.33
1541530800000,1.14114,1.14148,1.14113,1.14138,2381.66
1541531700000,1.14138,1.14171,1.14119,1.14159,2371.36
1541532600000,1.14159,1.1416,1.14121,1.14144,2154.42
1541533500000,1.14143,1.14152,1.14118,1.14124,2907.15
1541534400000,1.14123,1.14144,1.14108,1.1414,3142.74
1541535300000,1.14141,1.14154,1.14126,1.14153,2015.62
1541536200000,1.14152,1.14173,1.14147,1.14156,2034.56
1541537100000,1.14157,1.14187,1.14153,1.14176,2118.45
1541538000000,1.14177,1.1418,1.14151,1.14175,461.67
1541538900000,1.14175,1.14182,1.14169,1.14175,596.17
1541539800000,1.14175,1.1418,1.14161,1.1417,692.04
1541540700000,1.14173,1.14277,1.14173,1.14261,2094.86
1541541600000,1.14259,1.14268,1.14138,1.14255,1196.01
1541542500000,1.14255,1.14261,1.14142,1.14233,543.91
1541543400000,1.14235,1.14251,1.14208,1.14216,1106.72
1541544300000,1.14216,1.14221,1.14174,1.14189,1275.76
1541545200000,1.14188,1.14236,1.14183,1.1423,1514.22
1541546100000,1.14231,1.1429,1.14222,1.14289,1266.85
1541547000000,1.14288,1.14317,1.14275,1.1431,1204.71
1541547900000,1.1431,1.14417,1.143,1.1441,1747.36
1541548800000,1.1441,1.14414,1.14347,1.14363,2346.44
1541549700000,1.14362,1.14375,1.14312,1.14332,1977.42
1541550600000,1.14333,1.14686,1.14316,1.14651,3608.86
1541551500000,1.14648,1.14696,1.14563,1.14659,4409.7
1541552400000,1.14659,1.14727,1.14449,1.14456,4063.46
1541553300000,1.14456,1.14461,1.13981,1.14137,5823.09
1541554200000,1.14136,1.14306,1.14106,1.14262,3659.85
1541555100000,1.14263,1.14268,1.14163,1.14198,4011.79
1541556000000,1.14199,1.14212,1.13947,1.14034,4336.73
1541556900000,1.14035,1.14136,1.13973,1.1413,3223.5
1541557800000,1.14129,1.14417,1.14106,1.14255,4621.22
1541558700000,1.14257,1.14401,1.14232,1.14391,3497.7
1541559600000,1.14393,1.14474,1.14342,1.14428,3303.69
1541560500000,1.14426,1.14439,1.14366,1.14389,2960.55
1541561400000,1.1439,1.14489,1.14382,1.14433,3232.25
1541562300000,1.14432,1.14658,1.14426,1.14653,3045.54
1541563200000,1.14653,1.14705,1.1458,1.14582,2847.14
1541564100000,1.14583,1.14678,1.14561,1.14666,2230.34
1541565000000,1.14666,1.14674,1.14602,1.14632,2382.2
1541565900000,1.14634,1.14661,1.14571,1.14572,1833.6
1541566800000,1.14571,1.14616,1.14525,1.1458,2385
1541567700000,1.1458,1.1459,1.14527,1.14544,1516.27
1541568600000,1.14547,1.14566,1.14463,1.14519,1891.96
1541569500000,1.1452,1.14553,1.1448,1.14517,2121.64
1541570400000,1.14517,1.14558,1.14477,1.14484,2133.66
1541571300000,1.14483,1.14492,1.14436,1.14455,2241.73
1541572200000,1.14455,1.14499,1.14423,1.14429,1823.55
1541573100000,1.14428,1.1444,1.14309,1.14354,2990.31
1541574000000,1.14352,1.14466,1.14342,1.14386,3398.8
1541574900000,1.14387,1.14602,1.14351,1.14577,4058.17
1541575800000,1.14575,1.14673,1.14529,1.14537,4193.66
1541576700000,1.14536,1.14564,1.14461,1.14532,3023.43
1541577600000,1.14531,1.14667,1.14513,1.14667,3854.43
1541578500000,1.14667,1.14736,1.14634,1.1468,3913.87
1541579400000,1.14686,1.14752,1.14651,1.14661,3567.55
1541580300000,1.14659,1.14736,1.14645,1.14729,3032.52
1541581200000,1.14729,1.14812,1.1471,1.14805,4337.02
1541582100000,1.14804,1.14883,1.14762,1.14879,4346.15
1541583000000,1.14881,1.149,1.14834,1.14895,3500.83
1541583900000,1.14895,1.14938,1.14862,1.14912,3555.08
1541584800000,1.14912,1.14991,1.1488,1.14933,3732.74
1541585700000,1.14932,1.14994,1.1491,1.14948,3314.58
1541586600000,1.14948,1.14953,1.14856,1.14877,4253.65
1541587500000,1.14879,1.14935,1.1485,1.14915,3414.65
1541588400000,1.14914,1.14968,1.14875,1.14902,3549.13
1541589300000,1.14902,1.14957,1.14885,1.14918,3615.52
1541590200000,1.14919,1.14995,1.14919,1.14964,3419.53
1541591100000,1.14963,1.14966,1.14889,1.149,3327.91
1541592000000,1.14901,1.14905,1.14791,1.14807,3265.93
1541592900000,1.14806,1.14833,1.14742,1.14773,3454.2
1541593800000,1.14773,1.14868,1.1475,1.14868,3506.47
1541594700000,1.14866,1.14916,1.14858,1.14893,3276.99
1541595600000,1.14895,1.14898,1.14836,1.14868,4260.36
1541596500000,1.14866,1.14913,1.14847,1.14892,3405.1
1541597400000,1.14891,1.14893,1.14818,1.14843,3894.7
1541598300000,1.14843,1.14881,1.14791,1.14792,3646.88
1541599200000,1.14792,1.14836,1.14735,1.14769,3915.29
1541600100000,1.1477,1.14835,1.14731,1.14779,4479.06
1541601000000,1.1478,1.14797,1.1462,1.14638,4809.92
1541601900000,1.14637,1.14793,1.14621,1.14779,4075.61
1541602800000,1.1478,1.1485,1.1474,1.14847,4114.39
1541603700000,1.14847,1.14864,1.14795,1.14815,4589.9
1541604600000,1.14816,1.14834,1.14764,1.14826,3952.19
1541605500000,1.14826,1.14826,1.14659,1.14702,4341.85
1541606400000,1.14702,1.14721,1.14656,1.14711,3883.24
1541607300000,1.14711,1.14757,1.1469,1.14725,3383.57
1541608200000,1.14724,1.14725,1.14614,1.14636,3431.4
1541609100000,1.14634,1.14653,1.1456,1.14584,3407.34
1541610000000,1.14585,1.14637,1.14584,1.14606,2944.33
1541610900000,1.14606,1.14622,1.14565,1.14616,2373.64
1541611800000,1.14617,1.14634,1.14601,1.14629,2516.92
1541612700000,1.1463,1.14676,1.14621,1.14639,2166.78
1541613600000,1.1464,1.14675,1.14444,1.14474,3719.71
1541614500000,1.14474,1.14497,1.14431,1.14497,2998.17
1541615400000,1.14498,1.14499,1.14462,1.14471,2336.15
1541616300000,1.14471,1.14507,1.14445,1.14497,3137.52
1541617200000,1.14497,1.14544,1.14479,1.14544,2907.48
1541618100000,1.14543,1.14547,1.14513,1.14521,3308.3
1541619000000,1.14522,1.14526,1.14435,1.14498,3143.91
1541619900000,1.145,1.1455,1.14466,1.14546,3692.13
1541620800000,1.14549,1.14578,1.14507,1.14514,3937.51
1541621700000,1.14513,1.14529,1.14501,1.14503,2621.87
1541622600000,1.14505,1.14505,1.14383,1.14386,2999.58
1541623500000,1.14386,1.14407,1.14354,1.14391,2832.84
1541624400000,1.14389,1.14429,1.14389,1.14402,1372.36
1541625300000,1.14402,1.14407,1.14361,1.14362,1091.53
1541626200000,1.14362,1.14362,1.14339,1.14344,1227.39
1541627100000,1.14343,1.14346,1.14249,1.14251,1819.06
1541628000000,1.14253,1.14339,1.14251,1.14326,945.81
1541628900000,1.14327,1.14328,1.14262,1.14297,2088.65
1541629800000,1.14297,1.1432,1.1426,1.14298,1028.09
1541630700000,1.14304,1.14315,1.14289,1.143,1525.55
1541631600000,1.14301,1.14326,1.14259,1.1426,2439.1
1541632500000,1.14261,1.14317,1.14245,1.14312,1220.61
1541633400000,1.14312,1.14342,1.14305,1.14342,994.7
1541634300000,1.14341,1.14342,1.14325,1.14325,1046.06
1541635200000,1.14325,1.14365,1.14296,1.14305,1975.96
1541636100000,1.14306,1.14325,1.14285,1.14321,1603.87
1541637000000,1.14321,1.14329,1.143,1.14303,1330.92
1541637900000,1.14304,1.14328,1.14281,1.14327,1552.12
1541638800000,1.14327,1.14338,1.14322,1.14333,1365.72
1541639700000,1.14332,1.14346,1.14302,1.14326,1540.16
1541640600000,1.14325,1.14345,1.14313,1.14321,2311.92
1541641500000,1.14321,1.14347,1.14316,1.14327,2032.76
1541642400000,1.14327,1.14327,1.14291,1.1432,1687.19
1541643300000,1.14319,1.14338,1.14273,1.14277,2183.14
1541644200000,1.14277,1.14303,1.14271,1.14273,2165.15
1541645100000,1.14273,1.14284,1.14247,1.14267,1349.1
1541646000000,1.14267,1.14304,1.14266,1.14272,1762.45
1541646900000,1.14272,1.14289,1.14257,1.14276,1568.11
1541647800000,1.14275,1.14282,1.14259,1.14271,1789.67
1541648700000,1.14271,1.14303,1.14266,1.14289,1812.94
1541649600000,1.14289,1.14298,1.14276,1.14292,1768.56
1541650500000,1.14292,1.14292,1.14244,1.14252,1732.37
1541651400000,1.14252,1.14253,1.14224,1.14244,1436.66
1541652300000,1.14242,1.14257,1.14225,1.14248,1414.12
1541653200000,1.14248,1.14298,1.14243,1.14297,1493.47
1541654100000,1.14297,1.14329,1.14274,1.14274,1823.62
1541655000000,1.14272,1.14324,1.14262,1.14323,1536.29
1541655900000,1.14324,1.14339,1.14298,1.14338,1298.94
1541656800000,1.14338,1.1435,1.14294,1.1432,2303.57
1541657700000,1.14321,1.1435,1.14318,1.14341,1902.72
1541658600000,1.14341,1.14342,1.14301,1.14307,1730.12
1541659500000,1.14307,1.14351,1.14302,1.1434,1882.78
1541660400000,1.1434,1.14349,1.14119,1.14161,3824.99
1541661300000,1.14161,1.14241,1.1416,1.14236,3273.76
1541662200000,1.14236,1.14341,1.14221,1.14317,3452.94
1541663100000,1.14316,1.14366,1.14291,1.14352,3205.01
1541664000000,1.14352,1.14437,1.14312,1.14373,3945.88
1541664900000,1.14373,1.14412,1.14338,1.14388,3195.27
1541665800000,1.14388,1.14446,1.14367,1.14417,2968.29
1541666700000,1.14417,1.1444,1.14261,1.14298,2944.03
1541667600000,1.14298,1.14322,1.14195,1.14195,3215.92
1541668500000,1.14194,1.14245,1.14143,1.14229,3555.45
1541669400000,1.14231,1.14241,1.1416,1.14236,3106.38
1541670300000,1.14236,1.14253,1.14199,1.14229,2903.63
1541671200000,1.1423,1.14232,1.14119,1.14158,4270.64
1541672100000,1.14158,1.14282,1.14151,1.14257,3221.64
1541673000000,1.14258,1.14258,1.14176,1.14195,3494.14
1541673900000,1.14194,1.1423,1.14152,1.14199,3737.11
1541674800000,1.14199,1.14223,1.14143,1.14195,2946.16
1541675700000,1.14194,1.14209,1.14121,1.14124,2700.79
1541676600000,1.14126,1.14167,1.14041,1.14109,3623.97
1541677500000,1.1411,1.14121,1.14079,1.1411,3377.17
1541678400000,1.14109,1.14198,1.1409,1.14198,3813.77
1541679300000,1.14197,1.14237,1.14173,1.1423,3288.21
1541680200000,1.14231,1.14263,1.14207,1.14241,3392.33
1541681100000,1.14241,1.14253,1.14182,1.14185,3681.48
1541682000000,1.14184,1.14254,1.14183,1.14245,4075.84
1541682900000,1.14244,1.14317,1.1423,1.1426,3680.77
1541683800000,1.14262,1.14303,1.14215,1.14254,3617.88
1541684700000,1.14256,1.14267,1.14216,1.14265,2822.04
1541685600000,1.14264,1.1433,1.1424,1.14315,3416.16
1541686500000,1.14313,1.14403,1.14281,1.14366,3878.67
1541687400000,1.14364,1.1441,1.14349,1.14402,3901.01
1541688300000,1.14401,1.14413,1.14344,1.14345,4246.15
1541689200000,1.14345,1.14373,1.14286,1.14346,4228.61
1541690100000,1.14345,1.14465,1.14342,1.14344,4485.51
1541691000000,1.14343,1.14352,1.14259,1.1429,3843.78
1541691900000,1.14291,1.14351,1.14255,1.14256,4610.65
1541692800000,1.14257,1.14265,1.1414,1.14219,4427.44
1541693700000,1.14219,1.14219,1.14152,1.14182,3760.1
1541694600000,1.14181,1.14272,1.14145,1.14175,3596.33
1541695500000,1.14175,1.14182,1.14108,1.14158,3578.92
1541696400000,1.14157,1.14169,1.14076,1.14087,3308.73
1541697300000,1.14086,1.14131,1.14051,1.14065,2602.56
1541698200000,1.14066,1.14075,1.13993,1.14024,3381.55
1541699100000,1.14023,1.14026,1.13887,1.13925,3306.44
1541700000000,1.13924,1.1396,1.13896,1.13934,2690.83
1541700900000,1.13935,1.13981,1.13929,1.13981,2769.5
1541701800000,1.13981,1.13999,1.13966,1.13997,2362.46
1541702700000,1.13997,1.14014,1.13975,1.13988,2402.69
1541703600000,1.13988,1.14102,1.13697,1.1372,5133.41
1541704500000,1.13724,1.13802,1.13724,1.13795,3810.07
1541705400000,1.13795,1.13822,1.1363,1.13697,4411.92
1541706300000,1.13694,1.13694,1.13561,1.13563,4151.02
1541707200000,1.13562,1.13647,1.13515,1.13632,3787.54
1541708100000,1.13635,1.13638,1.13591,1.13619,2633.72
1541709000000,1.13617,1.13617,1.13589,1.13601,1838.71
1541709900000,1.136,1.13619,1.13588,1.13602,1394.52
1541710800000,1.13601,1.13624,1.13588,1.13622,1295.43
1541711700000,1.13622,1.13644,1.13621,1.13642,1039.67
1541712600000,1.13641,1.13666,1.13637,1.13641,1447.75
1541713500000,1.13645,1.13658,1.13629,1.13629,866.26
1541714400000,1.13629,1.13657,1.13626,1.13646,354.57
1541715300000,1.13646,1.13655,1.13642,1.13651,463.11
1541716200000,1.13651,1.13661,1.13648,1.13655,711
1541717100000,1.13655,1.13662,1.13631,1.1364,1333.14
1541718000000,1.1364,1.13676,1.1364,1.13651,1207.09
1541718900000,1.13652,1.13674,1.13635,1.13668,718.8
1541719800000,1.13669,1.13678,1.13648,1.13672,1356.58
1541720700000,1.13672,1.13688,1.13672,1.13679,1375.08
1541721600000,1.13678,1.13689,1.13656,1.13686,1752.43
1541722500000,1.13687,1.13687,1.13638,1.13643,1607.18
1541723400000,1.13643,1.13671,1.13641,1.13647,2136.33
1541724300000,1.13647,1.13677,1.13636,1.1366,1717.57
1541725200000,1.13661,1.13677,1.13631,1.1365,1813.45
1541726100000,1.13649,1.13652,1.1361,1.13641,1788.97
1541727000000,1.13641,1.13648,1.136,1.13601,1988.47
1541727900000,1.13602,1.13623,1.13576,1.13589,1931.8
1541728800000,1.13588,1.13606,1.13575,1.13586,1352.19
1541729700000,1.13587,1.13591,1.13536,1.1354,1998.57
1541730600000,1.13541,1.13566,1.13536,1.13562,1893.75
1541731500000,1.13561,1.13567,1.1352,1.13535,2086.5
1541732400000,1.1354,1.13561,1.13535,1.1356,1306.6
1541733300000,1.1356,1.13562,1.13525,1.13531,1521.8
1541734200000,1.13531,1.13537,1.13462,1.13465,1857.28
1541735100000,1.13465,1.13477,1.13408,1.13463,2221.45
1541736000000,1.13463,1.13488,1.13442,1.13454,1884.18
1541736900000,1.13454,1.13465,1.13448,1.13465,1110.49
1541737800000,1.13465,1.13474,1.1341,1.13419,1881.28
1541738700000,1.13419,1.13481,1.13419,1.13476,2050.3
1541739600000,1.13475,1.13483,1.13455,1.13469,2079.88
1541740500000,1.13469,1.1348,1.13449,1.13469,1751.16
1541741400000,1.13468,1.13472,1.13451,1.13452,1631.18
1541742300000,1.13451,1.13515,1.13444,1.13491,1948.03
1541743200000,1.13491,1.13502,1.1342,1.13454,2713.18
1541744100000,1.13451,1.13471,1.13429,1.13434,1984.62
1541745000000,1.13434,1.13506,1.13424,1.13503,2957.66
1541745900000,1.13503,1.13506,1.13445,1.13455,2634.02
1541746800000,1.13455,1.13456,1.1335,1.13374,3481.87
1541747700000,1.13375,1.13492,1.13371,1.13471,3235.28
1541748600000,1.13471,1.13474,1.13401,1.13406,3520.79
1541749500000,1.13406,1.13432,1.13356,1.13367,3916.55
1541750400000,1.13369,1.13449,1.13319,1.13436,3925
1541751300000,1.13436,1.1347,1.1337,1.13404,3513.95
1541752200000,1.13404,1.13449,1.13354,1.13413,3892.71
1541753100000,1.13413,1.13424,1.13302,1.13308,3481.51
1541754000000,1.13307,1.13395,1.13299,1.13362,3848.37
1541754900000,1.13363,1.13384,1.13325,1.13347,3434.84
1541755800000,1.13349,1.13401,1.13328,1.13371,3528.53
1541756700000,1.13369,1.13437,1.13367,1.13376,3856.6
1541757600000,1.13373,1.13421,1.13358,1.13416,3466.15
1541758500000,1.13415,1.13415,1.13272,1.13314,3725.23
1541759400000,1.13314,1.13435,1.1331,1.1343,3125.97
1541760300000,1.13428,1.13482,1.13415,1.13449,3228.07
1541761200000,1.1345,1.13488,1.13431,1.13482,2667.46
1541762100000,1.13482,1.13495,1.13411,1.13491,2888.12
1541763000000,1.1349,1.13564,1.13481,1.13536,3074.63
1541763900000,1.13535,1.13555,1.13498,1.13541,2698.3
1541764800000,1.13541,1.13545,1.13477,1.13489,2586.63
1541765700000,1.13487,1.13519,1.13436,1.13441,2677.96
1541766600000,1.13441,1.13483,1.13415,1.13471,2228.67
1541767500000,1.13472,1.13522,1.13462,1.13496,2621.61
1541768400000,1.13495,1.1353,1.1344,1.13454,3000.22
1541769300000,1.13454,1.13462,1.13371,1.13406,3424.89
1541770200000,1.13403,1.13424,1.13304,1.13403,4659.31
1541771100000,1.13403,1.13517,1.13368,1.13512,3342.02
1541772000000,1.13512,1.1356,1.13498,1.13504,3507.42
1541772900000,1.13505,1.13534,1.13465,1.13511,3284.63
1541773800000,1.1351,1.13597,1.13491,1.13522,4499.25
1541774700000,1.13522,1.13522,1.1341,1.13412,4063.11
1541775600000,1.13412,1.13537,1.13399,1.13507,4791.63
1541776500000,1.13508,1.13552,1.13453,1.13456,3385.85
1541777400000,1.13456,1.13491,1.13424,1.13444,3983.65
1541778300000,1.13444,1.13563,1.1343,1.13525,4497.15
1541779200000,1.13524,1.13581,1.13479,1.13491,5689.21
1541780100000,1.13493,1.13511,1.13396,1.13404,3964.37
1541781000000,1.13405,1.13416,1.13235,1.13258,3769.44
1541781900000,1.13258,1.1334,1.13244,1.13248,3717.06
1541782800000,1.13249,1.13253,1.13161,1.13233,4276.35
1541783700000,1.13231,1.13285,1.13204,1.13281,2591.59
1541784600000,1.1328,1.13292,1.13251,1.13286,3198.74
1541785500000,1.13286,1.1338,1.13285,1.13322,3328.24
1541786400000,1.13321,1.1339,1.13311,1.13357,2861.29
1541787300000,1.13357,1.13361,1.13305,1.1333,2026.53
1541788200000,1.1333,1.13352,1.1327,1.13275,2313.33
1541789100000,1.13276,1.13315,1.13271,1.1331,2233.28
1541790000000,1.1331,1.13352,1.1331,1.13339,2134.28
1541790900000,1.13339,1.13377,1.13329,1.1333,1983.22
1541791800000,1.13329,1.13388,1.13301,1.13384,2470.17
1541792700000,1.13385,1.13394,1.1334,1.13356,2247.25
1541793600000,1.13356,1.13358,1.1331,1.13312,2722.19
1541794500000,1.13313,1.13332,1.13305,1.13329,2143.66
1541795400000,1.13329,1.13331,1.13305,1.13317,1745.88
1541796300000,1.13317,1.13381,1.133,1.13375,2018.32
1541797200000,1.13375,1.13387,1.13329,1.1338,1155.99
1541798100000,1.1338,1.1338,1.13354,1.13371,760.81
1541799000000,1.13372,1.13398,1.13371,1.13379,1201.24
1541799900000,1.1338,1.1338,1.13334,1.13342,1263.94
1541973600000,1.13182,1.13285,1.13182,1.13233,714.79
1541974500000,1.13233,1.13274,1.13231,1.13254,603.64
1541975400000,1.13255,1.13262,1.13163,1.13178,1817.26
1541976300000,1.13179,1.1323,1.13137,1.13165,2051.26
1541977200000,1.13171,1.13238,1.1317,1.1322,2029.7
1541978100000,1.13222,1.13239,1.13198,1.1321,1363.27
1541979000000,1.1321,1.13236,1.13199,1.1323,1852.9
1541979900000,1.13229,1.13246,1.13227,1.13237,1357.38
1541980800000,1.13239,1.1326,1.13206,1.13257,2053.75
1541981700000,1.13258,1.13258,1.13232,1.13239,1452.99
1541982600000,1.13238,1.13257,1.13226,1.13247,1415.28
1541983500000,1.13248,1.13259,1.13196,1.13259,2024.67
1541984400000,1.13258,1.13279,1.13234,1.13251,2602.23
1541985300000,1.13253,1.13274,1.13225,1.13243,2062.3
1541986200000,1.13242,1.13278,1.13242,1.13272,2135.26
1541987100000,1.13273,1.13273,1.13233,1.13247,1940.98
1541988000000,1.13247,1.13287,1.13246,1.13267,1869.66
1541988900000,1.13267,1.13288,1.13261,1.13263,1419.21
1541989800000,1.13263,1.13282,1.13253,1.13282,1152.16
1541990700000,1.13283,1.13299,1.13275,1.13295,1605.58
1541991600000,1.13295,1.13295,1.13273,1.13273,1217
1541992500000,1.13273,1.13298,1.13268,1.13293,957.25
1541993400000,1.13292,1.13305,1.13265,1.13281,1505.42
1541994300000,1.1328,1.13293,1.13247,1.13256,1353.51
1541995200000,1.13256,1.13258,1.1321,1.13218,1683.44
1541996100000,1.13222,1.1324,1.13222,1.13228,892.48
1541997000000,1.13228,1.1323,1.13199,1.13218,1297.65
1541997900000,1.13218,1.13232,1.13195,1.13228,1200.8
1541998800000,1.13228,1.1323,1.13138,1.13138,1826.94
1541999700000,1.13139,1.1314,1.13096,1.13111,2737.79
1542000600000,1.13111,1.13141,1.13104,1.13141,1771.08
1542001500000,1.1314,1.13146,1.13077,1.13097,2123.35
1542002400000,1.13097,1.13109,1.13059,1.13094,1782.14
1542003300000,1.13093,1.13117,1.13085,1.13109,2216.89
1542004200000,1.13112,1.13115,1.12684,1.12745,4048.33
1542005100000,1.12745,1.12839,1.12697,1.12723,3146.47
1542006000000,1.12726,1.12818,1.12726,1.12753,2752.27
1542006900000,1.12755,1.12815,1.12696,1.12715,4311.97
1542007800000,1.12714,1.12773,1.12697,1.12747,3428.64
1542008700000,1.12747,1.12747,1.12584,1.12597,3767.58
1542009600000,1.12594,1.12619,1.12498,1.1252,4725.15
1542010500000,1.1252,1.12529,1.124,1.12483,4622.98
1542011400000,1.1248,1.12557,1.12431,1.12551,4187.21
1542012300000,1.12552,1.12616,1.12496,1.12609,3468.33
1542013200000,1.1261,1.12633,1.1257,1.12631,3199.57
1542014100000,1.12631,1.12648,1.12585,1.12599,2884.37
1542015000000,1.126,1.12605,1.12544,1.12565,3229.63
1542015900000,1.12565,1.12612,1.12549,1.12566,3369.71
1542016800000,1.12565,1.12592,1.12514,1.12535,3476.41
1542017700000,1.12533,1.12568,1.12517,1.12561,2776.12
1542018600000,1.12562,1.12614,1.12548,1.12599,2750.21
1542019500000,1.12599,1.12689,1.12592,1.12606,3573.37
1542020400000,1.12606,1.12613,1.12472,1.12489,3383.78
1542021300000,1.12488,1.126,1.12485,1.12562,2735.95
1542022200000,1.12563,1.12593,1.12553,1.12572,2538.16
1542023100000,1.12571,1.12619,1.12528,1.12619,2460.5
1542024000000,1.12618,1.12696,1.12608,1.12661,2406.79
1542024900000,1.12661,1.12673,1.12613,1.12659,2244.49
1542025800000,1.12658,1.12684,1.12647,1.12684,2284.07
1542026700000,1.12684,1.12738,1.12663,1.12726,2842.95
1542027600000,1.12728,1.12731,1.1264,1.12648,3742.39
1542028500000,1.1265,1.1271,1.12627,1.12691,3992.49
1542029400000,1.1269,1.12726,1.12669,1.1268,3136.8
1542030300000,1.12679,1.12783,1.12674,1.12722,4832.19
1542031200000,1.12722,1.12727,1.12603,1.1265,2809.46
1542032100000,1.12651,1.12689,1.12622,1.12658,2802.1
1542033000000,1.12659,1.12717,1.12624,1.12713,3224.83
1542033900000,1.12714,1.12722,1.12619,1.12646,3517.78
1542034800000,1.12645,1.12706,1.12616,1.12695,3483.75
1542035700000,1.12694,1.12726,1.12618,1.12618,4786.29
1542036600000,1.12618,1.12689,1.12615,1.12679,2473.78
1542037500000,1.12678,1.12681,1.12494,1.12501,3607.68
1542038400000,1.12503,1.12554,1.12443,1.12456,3499.03
1542039300000,1.12455,1.12486,1.12419,1.12486,3775.63
1542040200000,1.12484,1.12524,1.12464,1.12513,2940.98
1542041100000,1.12509,1.12547,1.12496,1.12546,3023.53
1542042000000,1.12546,1.12564,1.12516,1.12538,2696.78
1542042900000,1.12538,1.12543,1.12478,1.12495,2226.43
1542043800000,1.12496,1.125,1.12441,1.12446,1997
1542044700000,1.12445,1.12471,1.12424,1.12447,2697.34
1542045600000,1.12445,1.12457,1.1242,1.12425,2417.08
1542046500000,1.12427,1.12452,1.1239,1.12429,2835.35
1542047400000,1.12428,1.12456,1.1239,1.12401,2580.94
1542048300000,1.12401,1.12415,1.12358,1.12411,3164.08
1542049200000,1.12412,1.12428,1.12391,1.12413,2400.81
1542050100000,1.12413,1.12448,1.12409,1.12427,1762.37
1542051000000,1.12427,1.12429,1.1238,1.12386,1410.94
1542051900000,1.12386,1.12443,1.12381,1.12399,2312.53
1542052800000,1.124,1.12427,1.12388,1.12426,1895.1
1542053700000,1.12426,1.12427,1.12378,1.1238,2077.12
1542054600000,1.12381,1.1241,1.12368,1.1237,2078.16
1542055500000,1.1237,1.12396,1.12335,1.12335,2587.12
1542056400000,1.12336,1.12357,1.12205,1.12206,1682.48
1542057300000,1.12207,1.12239,1.1216,1.12193,1856.5
1542058200000,1.12192,1.1222,1.12191,1.12214,1374.46
1542059100000,1.12215,1.12235,1.12156,1.12177,1212.58
1542060000000,1.12174,1.12229,1.12164,1.12208,728.95
1542060900000,1.12207,1.12232,1.12199,1.12213,754.59
1542061800000,1.12213,1.12229,1.1221,1.12223,449.23
1542062700000,1.12223,1.12247,1.12196,1.12198,1766.49
1542063600000,1.122,1.12248,1.12196,1.12239,1266.67
1542064500000,1.12239,1.12251,1.12207,1.12213,891.4
1542065400000,1.12212,1.1224,1.1221,1.12225,1002.6
1542066300000,1.12224,1.12256,1.12219,1.12235,1445.99
1542067200000,1.12235,1.12275,1.12225,1.12245,2732.12
1542068100000,1.12244,1.1227,1.12224,1.12266,1884.28
1542069000000,1.12266,1.12284,1.12247,1.12265,1831.46
1542069900000,1.12266,1.12287,1.12219,1.12277,1786.79
1542070800000,1.12277,1.12316,1.12272,1.12306,1591.45
1542071700000,1.12307,1.12314,1.12286,1.12297,1486.23
1542072600000,1.12297,1.12343,1.12291,1.12343,1962.62
1542073500000,1.12341,1.12368,1.12339,1.12358,2162.97
1542074400000,1.12356,1.12356,1.12323,1.12352,1556.31
1542075300000,1.12353,1.12377,1.12317,1.12324,1641.51
1542076200000,1.12324,1.12328,1.12288,1.12292,1546
1542077100000,1.12292,1.12349,1.12288,1.12341,1509.07
1542078000000,1.12341,1.12362,1.12323,1.12351,1034.5
1542078900000,1.1235,1.12377,1.12336,1.12369,1831.12
1542079800000,1.1237,1.12481,1.12366,1.12459,55662.11
1542080700000,1.12457,1.12499,1.12433,1.12451,2644.76
1542081600000,1.12452,1.12516,1.12443,1.12497,2684.26
1542082500000,1.12497,1.12506,1.12447,1.12458,1992.21
1542083400000,1.12459,1.12468,1.1242,1.1244,1749.31
1542084300000,1.12442,1.12464,1.12412,1.12461,2274.82
1542085200000,1.12462,1.1248,1.12426,1.12469,1370.19
1542086100000,1.12469,1.12483,1.12449,1.12476,1447.45
1542087000000,1.12477,1.12488,1.12422,1.12428,1647.87
1542087900000,1.12428,1.12456,1.12388,1.12397,1651.16
1542088800000,1.12397,1.1246,1.12394,1.12454,1738.2
1542089700000,1.12453,1.12464,1.12434,1.1245,1383.44
1542090600000,1.1245,1.1245,1.12365,1.12425,2027.2
1542091500000,1.12424,1.12521,1.12413,1.12516,2081
1542092400000,1.12516,1.12573,1.12417,1.12443,3989.13
1542093300000,1.12443,1.12461,1.12376,1.12429,3256.42
1542094200000,1.12429,1.1248,1.12358,1.12362,3531.27
1542095100000,1.12363,1.12519,1.12339,1.12377,4310.92
1542096000000,1.12378,1.124,1.1225,1.12305,4697.8
1542096900000,1.12305,1.12423,1.12263,1.12402,4013.48
1542097800000,1.12404,1.12504,1.12366,1.12452,4192.46
1542098700000,1.12452,1.12461,1.12344,1.12354,4175.72
1542099600000,1.12355,1.12384,1.12289,1.1229,4148.55
1542100500000,1.12292,1.12367,1.12277,1.12359,3420.68
1542101400000,1.1236,1.12392,1.12282,1.12313,3760.24
1542102300000,1.12314,1.12369,1.12302,1.12346,3363.04
1542103200000,1.12348,1.1236,1.12259,1.12318,3679.08
1542104100000,1.12317,1.12355,1.12218,1.12305,4211.35
1542105000000,1.12305,1.12438,1.12305,1.12385,4227.36
1542105900000,1.12388,1.12414,1.1236,1.12412,3515.35
1542106800000,1.12412,1.12467,1.12366,1.12426,4191.17
1542107700000,1.12426,1.12496,1.12408,1.12481,3911.82
1542108600000,1.12482,1.12516,1.1246,1.1248,3806.45
1542109500000,1.1248,1.12543,1.12467,1.12533,4198.15
1542110400000,1.12534,1.12544,1.12472,1.12494,3991.31
1542111300000,1.12493,1.12632,1.12474,1.12596,5388.89
1542112200000,1.12594,1.12659,1.12575,1.12632,3993.74
1542113100000,1.12632,1.12708,1.12586,1.12596,4329.95
1542114000000,1.12594,1.12632,1.12577,1.1261,4451.52
1542114900000,1.12609,1.12712,1.126,1.12657,5187.42
1542115800000,1.12656,1.12688,1.12624,1.12681,4498.39
1542116700000,1.1268,1.12683,1.12577,1.12676,3809.95
1542117600000,1.12676,1.12727,1.1267,1.12711,4337.83
1542118500000,1.12711,1.12733,1.12674,1.12731,3911.19
1542119400000,1.12731,1.12735,1.12663,1.12704,4518.31
1542120300000,1.12703,1.12792,1.12644,1.12649,5382.58
1542121200000,1.12647,1.12741,1.12636,1.12695,4494
1542122100000,1.12693,1.12715,1.12641,1.1271,4137.21
1542123000000,1.12709,1.12759,1.1267,1.12706,4589.06
1542123900000,1.12707,1.12836,1.12701,1.12802,5940.39
1542124800000,1.12803,1.12877,1.12713,1.12876,5562.07
1542125700000,1.12875,1.12933,1.12809,1.12849,5251.28
1542126600000,1.12849,1.12897,1.12804,1.12894,4045.87
1542127500000,1.12894,1.12936,1.12835,1.12871,3915.54
1542128400000,1.1287,1.12879,1.12849,1.12855,2669.2
1542129300000,1.12855,1.12857,1.12763,1.12785,4339.83
1542130200000,1.12785,1.12795,1.12725,1.12741,3786.53
1542131100000,1.12743,1.12807,1.12734,1.12787,3835.82
1542132000000,1.1279,1.12812,1.12678,1.12721,3549.13
1542132900000,1.1272,1.12725,1.12676,1.12678,3321.76
1542133800000,1.12678,1.12698,1.12563,1.1261,3423.78
1542134700000,1.1261,1.12615,1.12557,1.12572,2699.79
1542135600000,1.12572,1.12608,1.12525,1.12577,2615.83
1542136500000,1.12577,1.12628,1.1257,1.12614,2678.27
1542137400000,1.12614,1.12647,1.12596,1.12642,2115.92
1542138300000,1.12642,1.12698,1.12632,1.12681,2417.48
1542139200000,1.12683,1.12845,1.12672,1.12777,3582.83
1542140100000,1.12777,1.12809,1.12738,1.1274,2796.95
1542141000000,1.12739,1.12834,1.12737,1.12829,3010.98
1542141900000,1.12831,1.12862,1.12808,1.12849,2204.82
1542142800000,1.12849,1.12864,1.12821,1.12862,1447.69
1542143700000,1.12862,1.12894,1.12862,1.12876,1087.35
1542144600000,1.12876,1.12891,1.12861,1.12891,1168.63
1542145500000,1.1289,1.1292,1.12861,1.12899,1543
1542146400000,1.12889,1.12902,1.12857,1.12862,757.22
1542147300000,1.12861,1.12891,1.12855,1.12887,1042
1542148200000,1.12888,1.12916,1.12887,1.12913,1241.37
1542149100000,1.12915,1.12995,1.12915,1.12988,833.06
1542150000000,1.1299,1.13212,1.12985,1.13091,4544.9
1542150900000,1.13091,1.13199,1.13067,1.13157,2054
1542151800000,1.13157,1.13188,1.1308,1.13132,1773.85
1542152700000,1.13132,1.1315,1.13101,1.13109,1353.58
1542153600000,1.13111,1.13191,1.13051,1.13169,3269.5
1542154500000,1.13168,1.13176,1.13119,1.13137,2084.59
1542155400000,1.13136,1.13136,1.13059,1.1307,2447.86
1542156300000,1.13069,1.13086,1.13036,1.13041,2251.83
1542157200000,1.13041,1.1306,1.13034,1.13042,2077.12
1542158100000,1.13042,1.13068,1.13037,1.13068,1722.7
1542159000000,1.13069,1.13081,1.13035,1.13046,2056.47
1542159900000,1.13049,1.13072,1.13032,1.13072,2440.04
1542160800000,1.13071,1.13087,1.13033,1.13042,2014.3
1542161700000,1.13042,1.13063,1.12996,1.13003,2505.09
1542162600000,1.13003,1.13028,1.12972,1.13025,3187.66
1542163500000,1.13023,1.13025,1.12986,1.12995,2525.59
1542164400000,1.12996,1.13012,1.12975,1.12997,1871.4
1542165300000,1.12997,1.13059,1.12995,1.13037,2408.98
1542166200000,1.13036,1.13047,1.13011,1.13018,2029.82
1542167100000,1.13018,1.13027,1.1298,1.13001,1724.5
1542168000000,1.13005,1.13006,1.12982,1.12988,1941.75
1542168900000,1.12987,1.12991,1.1291,1.12911,1536.65
1542169800000,1.12911,1.12922,1.1289,1.12907,1790.07
1542170700000,1.1291,1.12913,1.12858,1.12872,2033.9
1542171600000,1.12872,1.12901,1.12869,1.12897,2633.56
1542172500000,1.12899,1.12937,1.12881,1.12919,2488.72
1542173400000,1.12917,1.12922,1.1289,1.12913,2221.51
1542174300000,1.12913,1.12926,1.129,1.12902,1904.65
1542175200000,1.12902,1.12917,1.12856,1.12902,2419.63
1542176100000,1.12902,1.12977,1.12901,1.12949,2278.63
1542177000000,1.12946,1.12979,1.12917,1.12956,2313.9
1542177900000,1.12957,1.13013,1.12953,1.12966,2115
1542178800000,1.12966,1.12966,1.12761,1.1283,5021.54
1542179700000,1.1283,1.12934,1.12816,1.12928,4094.66
1542180600000,1.12926,1.12986,1.12919,1.12952,4310.51
1542181500000,1.12952,1.12975,1.12929,1.12931,3948.97
1542182400000,1.12928,1.12932,1.12789,1.1281,4195.51
1542183300000,1.12809,1.12889,1.1278,1.12837,4042.2
1542184200000,1.12837,1.12878,1.12824,1.12866,3932.54
1542185100000,1.12864,1.12883,1.12801,1.12826,2851.02
1542186000000,1.12825,1.12878,1.12781,1.1282,3093.25
1542186900000,1.12821,1.12835,1.12768,1.12796,3404.14
1542187800000,1.12797,1.12801,1.12708,1.12717,3214.87
1542188700000,1.12716,1.12727,1.12671,1.12699,2736.43
1542189600000,1.12698,1.12727,1.12645,1.12674,3556.96
1542190500000,1.12673,1.12714,1.12662,1.12672,3738.03
1542191400000,1.12673,1.12714,1.1265,1.12679,3407.96
1542192300000,1.12679,1.1272,1.12671,1.12697,3756.18
1542193200000,1.12697,1.1271,1.12657,1.12687,3347.45
1542194100000,1.12686,1.12689,1.12632,1.12654,2750.47
1542195000000,1.12653,1.12689,1.12637,1.12683,3357.45
1542195900000,1.12685,1.12736,1.1268,1.12726,3328.88
1542196800000,1.12726,1.12785,1.12711,1.12765,3114.89
1542197700000,1.12766,1.12848,1.12742,1.12845,3554.78
1542198600000,1.12845,1.12885,1.12825,1.12879,3527.32
1542199500000,1.1288,1.1288,1.12821,1.12833,3128.17
1542200400000,1.12832,1.12981,1.12827,1.12953,3683.76
1542201300000,1.12954,1.12981,1.12939,1.12971,3333.54
1542202200000,1.12969,1.13112,1.12964,1.12995,4837.24
1542203100000,1.12997,1.13033,1.12841,1.12845,3508.83
1542204000000,1.12845,1.12947,1.12845,1.12903,4443.72
1542204900000,1.12906,1.12991,1.12858,1.12967,4076.14
1542205800000,1.12969,1.13045,1.1295,1.13035,4181.47
1542206700000,1.13034,1.13475,1.13018,1.13337,5551.62
1542207600000,1.13337,1.13401,1.13228,1.13228,4810.56
1542208500000,1.13228,1.13265,1.1312,1.1312,4485.09
1542209400000,1.13119,1.13194,1.13067,1.13154,3519.45
1542210300000,1.13153,1.13201,1.13065,1.1308,4943.69
1542211200000,1.13082,1.1312,1.13055,1.13105,3947.7
1542212100000,1.13106,1.13189,1.13105,1.13175,3345.25
1542213000000,1.13172,1.13174,1.1308,1.13097,3543.22
1542213900000,1.13097,1.1316,1.13073,1.13125,3129.81
1542214800000,1.13124,1.13177,1.13091,1.13176,3175.38
1542215700000,1.13175,1.13186,1.13104,1.13109,2919.91
1542216600000,1.13111,1.13136,1.12831,1.12889,5091.94
1542217500000,1.12889,1.1311,1.12865,1.12933,4689.31
1542218400000,1.12933,1.12957,1.12759,1.12835,4698.85
1542219300000,1.12835,1.12895,1.12794,1.12873,3754.35
1542220200000,1.12874,1.12982,1.12808,1.1296,4274.2
1542221100000,1.1296,1.13117,1.1293,1.13089,4685.73
1542222000000,1.13089,1.13292,1.13056,1.13256,4730.8
1542222900000,1.13253,1.13313,1.13011,1.13044,6223.83
1542223800000,1.13045,1.13328,1.13038,1.1329,3944.5
1542224700000,1.13292,1.13408,1.13248,1.13398,4280.7
1542225600000,1.13398,1.13441,1.13334,1.1344,4524.81
1542226500000,1.1344,1.13445,1.13328,1.13348,3207.68
1542227400000,1.13348,1.13353,1.13283,1.13288,2550.04
1542228300000,1.13288,1.13304,1.13224,1.13224,2212.15
1542229200000,1.13224,1.13228,1.13173,1.13178,1359.09
1542230100000,1.13179,1.13179,1.13114,1.13153,1221.89
1542231000000,1.13153,1.13162,1.13073,1.13075,1575.31
1542231900000,1.1308,1.13131,1.13058,1.13081,1349.42
1542232800000,1.13069,1.13161,1.13053,1.13135,670.95
1542233700000,1.13135,1.1314,1.13088,1.13091,816.83
1542234600000,1.13091,1.13139,1.1309,1.13121,661.06
1542235500000,1.13121,1.13148,1.13119,1.13133,873.09
1542236400000,1.13133,1.13177,1.13125,1.13126,1101.1
1542237300000,1.13129,1.13198,1.1312,1.13185,1099.03
1542238200000,1.13185,1.13185,1.13151,1.13176,1001.04
1542239100000,1.13174,1.13177,1.13105,1.13121,1779.37
1542240000000,1.13121,1.132,1.13121,1.13175,1872.37
1542240900000,1.13175,1.13175,1.13114,1.13117,1784.27
1542241800000,1.13118,1.13199,1.13117,1.13143,3179.47
1542242700000,1.13142,1.13203,1.13117,1.13185,2439.52
1542243600000,1.13185,1.13238,1.13179,1.13189,2323.08
1542244500000,1.13189,1.13215,1.13173,1.13204,2276.08
1542245400000,1.13204,1.13204,1.1313,1.13139,1970.93
1542246300000,1.1314,1.13166,1.13139,1.13151,1836.76
1542247200000,1.13151,1.13246,1.13151,1.1324,2184.88
1542248100000,1.1324,1.13267,1.1323,1.13256,1862.54
1542249000000,1.13257,1.13317,1.13251,1.13306,2230.51
1542249900000,1.13305,1.13307,1.13264,1.13271,1497.05
1542250800000,1.13271,1.13277,1.13231,1.13256,1506.21
1542251700000,1.13256,1.13273,1.13251,1.13265,1480.27
1542252600000,1.13265,1.1334,1.13257,1.1331,2046.16
1542253500000,1.1331,1.13327,1.13299,1.13299,1600.15
1542254400000,1.13299,1.13321,1.13271,1.13286,1669.78
1542255300000,1.13287,1.13361,1.13286,1.13348,1381.31
1542256200000,1.13349,1.13393,1.13348,1.13374,1653.18
1542257100000,1.13374,1.13418,1.13364,1.13377,1891.91
1542258000000,1.13378,1.13382,1.13336,1.13366,2014.19
1542258900000,1.13367,1.13368,1.13331,1.13343,1610.05
1542259800000,1.13345,1.13363,1.13333,1.13344,1267.1
1542260700000,1.13344,1.13357,1.13286,1.13327,1825.29
1542261600000,1.13325,1.13409,1.13317,1.13397,1900.38
1542262500000,1.13397,1.13409,1.13366,1.13402,1805.94
1542263400000,1.13402,1.13409,1.13346,1.13363,2346.67
1542264300000,1.13366,1.13469,1.13348,1.13427,2411.58
1542265200000,1.13429,1.13429,1.13331,1.1336,3116.33
1542266100000,1.1336,1.13448,1.13355,1.13447,3727.02
1542267000000,1.13445,1.13464,1.13338,1.13349,4332.31
1542267900000,1.13351,1.13384,1.13281,1.13357,4357.03
1542268800000,1.1336,1.13516,1.13301,1.13444,5403.72
1542269700000,1.13445,1.13508,1.13425,1.13471,3631.94
1542270600000,1.13472,1.13496,1.13375,1.13375,4069.04
1542271500000,1.13375,1.13403,1.13072,1.13207,5525.66
1542272400000,1.13203,1.13229,1.1311,1.13185,5150.96
1542273300000,1.13184,1.13262,1.13155,1.13164,4533.01
1542274200000,1.13164,1.13237,1.13084,1.13136,5072.84
1542275100000,1.13135,1.13137,1.12852,1.12854,5679.5
1542276000000,1.12853,1.1287,1.12705,1.12827,4057.09
1542276900000,1.12827,1.12866,1.12761,1.12844,4195.34
1542277800000,1.12846,1.1296,1.12843,1.12932,4692.77
1542278700000,1.12936,1.13018,1.12876,1.13,4232.29
1542279600000,1.12996,1.13103,1.12974,1.13023,4209.87
1542280500000,1.13023,1.13153,1.13018,1.1311,4008.6
1542281400000,1.1311,1.13132,1.13081,1.13121,3407.74
1542282300000,1.13119,1.13183,1.13005,1.13126,4289.75
1542283200000,1.13126,1.13156,1.13062,1.13122,4031.27
1542284100000,1.13122,1.13146,1.13065,1.13065,3408.65
1542285000000,1.13066,1.13123,1.1304,1.13095,3127.78
1542285900000,1.13094,1.1312,1.13006,1.13076,4289.35
1542286800000,1.13076,1.13096,1.1302,1.13046,4273.86
1542287700000,1.13051,1.13061,1.12963,1.12999,3893.74
1542288600000,1.12993,1.13065,1.12874,1.13035,4738.04
1542289500000,1.13034,1.1308,1.12895,1.12903,4699.08
1542290400000,1.12906,1.13149,1.12883,1.12982,5803.13
1542291300000,1.12982,1.13054,1.1293,1.1302,3597.1
1542292200000,1.13018,1.13077,1.12974,1.13046,4125.88
1542293100000,1.13047,1.13073,1.12948,1.13,3616.44
1542294000000,1.13,1.13142,1.12999,1.13116,4195.56
1542294900000,1.13117,1.13226,1.13084,1.13178,4531.42
1542295800000,1.1318,1.13188,1.13101,1.13131,4675.27
1542296700000,1.1313,1.13215,1.13129,1.13179,4815.65
1542297600000,1.13175,1.13191,1.1307,1.13086,4456.64
1542298500000,1.13088,1.13132,1.13074,1.13127,3926.5
1542299400000,1.13127,1.13402,1.13114,1.13357,3636.74
1542300300000,1.13356,1.13371,1.1319,1.13223,4368.47
1542301200000,1.13223,1.1325,1.13103,1.13142,4810.32
1542302100000,1.13145,1.13245,1.13137,1.13221,3569.17
1542303000000,1.13217,1.13262,1.13211,1.13241,3023.65
1542303900000,1.1324,1.13253,1.13139,1.13151,3752.16
1542304800000,1.1315,1.13186,1.1309,1.13173,3263.64
1542305700000,1.13172,1.13314,1.13172,1.13307,3316.05
1542306600000,1.13308,1.1338,1.13301,1.13375,2665.21
1542307500000,1.13375,1.13375,1.13175,1.13175,3488.49
1542308400000,1.13174,1.13304,1.13169,1.13304,3024.61
1542309300000,1.13304,1.13521,1.133,1.13513,3295.38
1542310200000,1.13511,1.13622,1.13477,1.13531,3973.92
1542311100000,1.13534,1.13539,1.1346,1.1351,3769.28
1542312000000,1.13511,1.13513,1.13343,1.13452,4187.87
1542312900000,1.13452,1.1346,1.13393,1.13394,2945.65
1542313800000,1.13393,1.13429,1.13352,1.13352,2467.87
1542314700000,1.13349,1.13354,1.13313,1.13324,2090.01
1542315600000,1.1332,1.13348,1.13308,1.13317,825.11
1542316500000,1.13318,1.13328,1.13283,1.13303,1024.87
1542317400000,1.13303,1.13324,1.13214,1.13256,1343.19
1542318300000,1.13256,1.1333,1.13249,1.13249,1253.52
1542319200000,1.13249,1.13289,1.13234,1.13256,826.27
1542320100000,1.13257,1.13274,1.13251,1.13265,601.77
1542321000000,1.13263,1.13297,1.13262,1.13285,862.21
1542321900000,1.13285,1.13293,1.13228,1.13228,1307.97
1542322800000,1.13232,1.13251,1.13215,1.13226,1185.88
1542323700000,1.13226,1.13255,1.13225,1.13248,473.25
1542324600000,1.13249,1.13259,1.13242,1.13257,844.05
1542325500000,1.13254,1.13275,1.13227,1.13243,1857.2
1542326400000,1.13244,1.13311,1.13238,1.13289,2483.58
1542327300000,1.13292,1.13318,1.1327,1.13306,1845.04
1542328200000,1.13305,1.13314,1.13283,1.13308,1608.78
1542329100000,1.13307,1.1337,1.13298,1.13347,1898.65
1542330000000,1.13348,1.13385,1.13339,1.13359,2212.29
1542330900000,1.13358,1.13404,1.13341,1.13402,2088.05
1542331800000,1.13402,1.1343,1.13392,1.13407,1903.34
1542332700000,1.13406,1.13423,1.13393,1.13393,1757.73
1542333600000,1.13393,1.13408,1.13362,1.13383,2124.7
1542334500000,1.13383,1.1343,1.13382,1.13382,1522.1
1542335400000,1.13379,1.13388,1.13349,1.13364,1907.33
1542336300000,1.13364,1.13374,1.13343,1.13354,1625.24
1542337200000,1.13354,1.13376,1.13324,1.1334,1593.57
1542338100000,1.13339,1.13353,1.13331,1.13344,1491.69
1542339000000,1.13345,1.13354,1.13332,1.13353,1495.46
1542339900000,1.13353,1.13363,1.13343,1.13356,1521.06
1542340800000,1.13356,1.13371,1.13338,1.13339,1260.18
1542341700000,1.13339,1.13367,1.13339,1.13354,1553.52
1542342600000,1.13353,1.13357,1.13315,1.13339,1219.99
1542343500000,1.13339,1.13364,1.13338,1.13338,940.28
1542344400000,1.13339,1.13372,1.13333,1.13368,1732.81
1542345300000,1.13368,1.13402,1.13367,1.13383,1753.41
1542346200000,1.13383,1.13424,1.13369,1.13411,1373.5
1542347100000,1.13411,1.13431,1.1341,1.13419,1271.61
1542348000000,1.1342,1.13466,1.13413,1.13465,1724.51
1542348900000,1.13465,1.13482,1.13445,1.13471,1451.05
1542349800000,1.13471,1.13476,1.13373,1.13386,2212.51
1542350700000,1.13387,1.13495,1.13384,1.13488,1917.16
1542351600000,1.13488,1.13518,1.13429,1.13431,2297.01
1542352500000,1.1343,1.13499,1.13361,1.13485,3035.09
1542353400000,1.13486,1.13566,1.13471,1.13511,3799.66
1542354300000,1.13511,1.13535,1.13368,1.13425,4025.98
1542355200000,1.13426,1.1365,1.13426,1.13623,4628.98
1542356100000,1.13624,1.13678,1.136,1.13604,4016.38
1542357000000,1.13605,1.13639,1.13521,1.13544,4585.11
1542357900000,1.13544,1.13551,1.13478,1.13483,3211.68
1542358800000,1.13482,1.13525,1.13427,1.13474,4689.31
1542359700000,1.13475,1.1353,1.13465,1.13522,3774.92
1542360600000,1.13524,1.13543,1.13435,1.13531,3650.5
1542361500000,1.13531,1.13536,1.13375,1.13401,3756.21
1542362400000,1.134,1.134,1.133,1.13351,3728.72
1542363300000,1.1335,1.13372,1.13305,1.13306,4008.72
1542364200000,1.13308,1.13312,1.1325,1.13283,3424.43
1542365100000,1.13283,1.13296,1.13249,1.13292,3273.32
1542366000000,1.13292,1.13292,1.13221,1.13282,3241.4
1542366900000,1.13281,1.13285,1.13216,1.13255,2816.36
1542367800000,1.13255,1.13293,1.13233,1.13267,3210.92
1542368700000,1.13266,1.13328,1.13262,1.13295,3505.61
1542369600000,1.13296,1.13344,1.13271,1.13331,2760.68
1542370500000,1.13331,1.1338,1.13311,1.13361,3266.65
1542371400000,1.13362,1.13392,1.1334,1.13351,3246.08
1542372300000,1.13351,1.1342,1.13342,1.13371,3780.2
1542373200000,1.1337,1.13467,1.1337,1.13465,3409.25
1542374100000,1.13465,1.13466,1.13252,1.13285,4462.74
1542375000000,1.13281,1.13677,1.13247,1.13656,5966.43
1542375900000,1.13655,1.13917,1.13631,1.13888,5635.64
1542376800000,1.13888,1.14032,1.13888,1.13936,5148.83
1542377700000,1.13935,1.14097,1.1392,1.14087,4177.38
1542378600000,1.14085,1.14115,1.14046,1.14064,4468.48
1542379500000,1.14066,1.14081,1.14014,1.14051,3985.33
1542380400000,1.14051,1.14064,1.13953,1.13966,3803.46
1542381300000,1.1397,1.14028,1.13953,1.14008,3353.43
1542382200000,1.14007,1.14008,1.13942,1.13955,3148.51
1542383100000,1.13954,1.13989,1.13911,1.13947,3784.73
1542384000000,1.13947,1.14092,1.13924,1.14045,3918.63
1542384900000,1.14044,1.14081,1.14006,1.14034,3049.97
1542385800000,1.14033,1.14099,1.14027,1.14068,3184.91
1542386700000,1.14069,1.14076,1.14012,1.14014,2577.4
1542387600000,1.14014,1.14097,1.14014,1.14069,3005.72
1542388500000,1.14068,1.14186,1.14049,1.14183,3178.8
1542389400000,1.14183,1.14197,1.14109,1.14112,4354.94
1542390300000,1.14112,1.14138,1.14066,1.1412,4381.09
1542391200000,1.14119,1.1419,1.1411,1.14118,3629.64
1542392100000,1.14117,1.14173,1.14107,1.14171,2760.77
1542393000000,1.14172,1.14199,1.14157,1.14157,2724.58
1542393900000,1.14157,1.14169,1.14102,1.14108,2928.54
1542394800000,1.14106,1.14122,1.14031,1.14115,3498.69
1542395700000,1.14115,1.14123,1.14084,1.14109,1717.7
1542396600000,1.14109,1.14119,1.14039,1.14059,2513.51
1542397500000,1.14062,1.1414,1.14059,1.1414,2591.48
1542398400000,1.14137,1.14137,1.14084,1.14131,1522.73
1542399300000,1.14131,1.14145,1.14116,1.14129,2126.29
1542400200000,1.14131,1.1418,1.14123,1.14175,1285.89
1542401100000,1.14175,1.14201,1.14139,1.14157,1756.93
1542402000000,1.1416,1.14165,1.14125,1.14142,1151.93
1542402900000,1.1414,1.14148,1.14135,1.1414,978.16
1542403800000,1.14139,1.14181,1.14132,1.1418,1257.25
1542404700000,1.1418,1.14202,1.1414,1.14185,1286.41
1542578400000,1.14133,1.14159,1.14129,1.14153,273.31
1542579300000,1.14153,1.14163,1.14142,1.14163,404.28
1542580200000,1.14163,1.1419,1.14157,1.1419,1404.58
1542581100000,1.1419,1.14204,1.14162,1.14163,772.77
1542582000000,1.14165,1.1418,1.14121,1.14124,1690.91
1542582900000,1.14125,1.14192,1.14124,1.14188,1975.03
1542583800000,1.14188,1.14211,1.14061,1.141,2554.54
1542584700000,1.141,1.14146,1.141,1.14136,1723.11
1542585600000,1.14135,1.14135,1.14082,1.14097,2011.98
1542586500000,1.14097,1.14114,1.14073,1.14109,1501.15
1542587400000,1.14103,1.14125,1.1408,1.14108,1041.42
1542588300000,1.14107,1.14108,1.1406,1.14102,1460.29
1542589200000,1.14101,1.14129,1.14073,1.14078,1484.74
1542590100000,1.14078,1.14153,1.14078,1.14128,1379.87
1542591000000,1.14128,1.14131,1.14087,1.14106,1471.86
1542591900000,1.14105,1.14125,1.14089,1.14114,1266.38
1542592800000,1.14114,1.14134,1.14082,1.14119,1229.07
1542593700000,1.14118,1.14124,1.141,1.14103,1083.37
1542594600000,1.14103,1.14112,1.14083,1.14106,1456.84
1542595500000,1.14106,1.14109,1.14079,1.1408,942.12
1542596400000,1.14081,1.14121,1.14068,1.14111,1177.09
1542597300000,1.14111,1.14119,1.14081,1.14083,977.93
1542598200000,1.14083,1.14086,1.14059,1.1407,1289.4
1542599100000,1.14069,1.14071,1.14037,1.14057,1497.88
1542600000000,1.14056,1.14068,1.14029,1.14044,1272.29
1542600900000,1.14044,1.1405,1.13989,1.14,1229.11
1542601800000,1.14,1.14015,1.13999,1.14013,998.06
1542602700000,1.14012,1.14014,1.13972,1.13977,1117.11
1542603600000,1.13977,1.13993,1.13962,1.13983,1573.41
1542604500000,1.13983,1.13997,1.13959,1.13973,981.84
1542605400000,1.13973,1.14004,1.13973,1.1398,1317.41
1542606300000,1.1398,1.13991,1.13965,1.13971,1388.14
1542607200000,1.13969,1.1398,1.13938,1.13945,1888.56
1542608100000,1.13946,1.14032,1.13946,1.14026,1983.56
1542609000000,1.14026,1.14054,1.14008,1.14049,1732.97
1542609900000,1.14048,1.1405,1.13999,1.14028,1816.76
1542610800000,1.14028,1.14121,1.14013,1.14119,2809.41
1542611700000,1.14119,1.14119,1.14064,1.14077,2459.5
1542612600000,1.14076,1.14077,1.14007,1.14069,2492.39
1542613500000,1.1407,1.14155,1.14058,1.14093,2228.68
1542614400000,1.14093,1.14238,1.14034,1.14192,3594.16
1542615300000,1.1419,1.14241,1.14161,1.14184,3592.5
1542616200000,1.14184,1.14251,1.14182,1.1424,2939.59
1542617100000,1.14239,1.14291,1.14169,1.14179,3410.13
1542618000000,1.14179,1.14197,1.14125,1.14162,3312.33
1542618900000,1.14162,1.14203,1.14145,1.14185,2350.99
1542619800000,1.14184,1.14226,1.14159,1.14211,2446.51
1542620700000,1.14215,1.14292,1.14196,1.14275,2634.74
1542621600000,1.14274,1.14276,1.14216,1.14229,2432.6
1542622500000,1.1423,1.14284,1.1423,1.14265,2407.23
1542623400000,1.14265,1.14271,1.14183,1.14184,2338.54
1542624300000,1.14184,1.14206,1.14164,1.14187,1908.53
1542625200000,1.14187,1.14241,1.14173,1.14226,2787.13
1542626100000,1.14228,1.14237,1.14189,1.14234,2076.65
1542627000000,1.14235,1.14251,1.14197,1.1425,2373.05
1542627900000,1.1425,1.14344,1.14206,1.14247,3589.15
1542628800000,1.14245,1.14289,1.14184,1.14186,3318.41
1542629700000,1.14186,1.14208,1.14178,1.14185,2255.94
1542630600000,1.14185,1.14221,1.14149,1.14187,2536.69
1542631500000,1.14187,1.14224,1.1415,1.14218,2895.58
1542632400000,1.14218,1.14274,1.14194,1.14268,3031.1
1542633300000,1.14268,1.14378,1.14261,1.14376,3507.84
1542634200000,1.14375,1.14375,1.1429,1.14306,2977.01
1542635100000,1.14306,1.14324,1.14275,1.14283,2578.68
1542636000000,1.14283,1.14287,1.14236,1.14267,2781.67
1542636900000,1.14268,1.14352,1.14267,1.14339,2942.74
1542637800000,1.14341,1.14356,1.14282,1.14301,3465.62
1542638700000,1.14301,1.14345,1.14276,1.14277,3188.87
1542639600000,1.14279,1.14455,1.14251,1.14423,4074.66
1542640500000,1.14421,1.14576,1.14401,1.14545,4149.06
1542641400000,1.14544,1.14644,1.14544,1.14623,4155.5
1542642300000,1.14623,1.14634,1.14522,1.14526,4097.87
1542643200000,1.14528,1.14554,1.14482,1.14508,3194.96
1542644100000,1.14507,1.14566,1.14507,1.14525,3385.08
1542645000000,1.14526,1.14551,1.14455,1.14483,3485
1542645900000,1.14483,1.14517,1.14457,1.14481,2865.1
1542646800000,1.14481,1.14482,1.14413,1.14455,3214.08
1542647700000,1.14455,1.14487,1.14434,1.14437,2553.44
1542648600000,1.14437,1.14512,1.14433,1.14505,3017.12
1542649500000,1.14504,1.14581,1.14466,1.14576,3274.05
1542650400000,1.14576,1.14577,1.14537,1.14554,2163.93
1542651300000,1.14554,1.1458,1.14522,1.14575,1824.35
1542652200000,1.14574,1.14574,1.14528,1.14548,2185.4
1542653100000,1.14549,1.14552,1.14508,1.14508,2153.79
1542654000000,1.14508,1.14539,1.14502,1.14532,2321.97
1542654900000,1.14534,1.14559,1.14529,1.14535,1376.05
1542655800000,1.14536,1.14579,1.14527,1.14552,1868.82
1542656700000,1.14557,1.14573,1.14522,1.14541,2523.15
1542657600000,1.14539,1.14539,1.1451,1.14527,1978.93
1542658500000,1.14526,1.14558,1.14509,1.14557,2100.92
1542659400000,1.14555,1.14561,1.14511,1.14521,1572.28
1542660300000,1.1452,1.14552,1.14494,1.14512,1622.75
1542661200000,1.14511,1.14525,1.14501,1.14524,838.65
1542662100000,1.14522,1.14541,1.14513,1.1452,555.1
1542663000000,1.14519,1.14522,1.14502,1.14518,632.96
1542663900000,1.14517,1.14533,1.14514,1.14526,1041.6
1542664800000,1.14517,1.14533,1.14476,1.1451,564.25
1542665700000,1.14511,1.14542,1.14509,1.14522,724.02
1542666600000,1.14522,1.14541,1.1451,1.14524,842.69
1542667500000,1.14525,1.14551,1.14475,1.14521,1336.89
1542668400000,1.14522,1.14567,1.1452,1.14555,2187.57
1542669300000,1.14554,1.14569,1.14547,1.1456,776.55
1542670200000,1.1456,1.14574,1.1455,1.1455,802.01
1542671100000,1.1455,1.14556,1.14538,1.1454,1009.31
1542672000000,1.1454,1.1458,1.14519,1.1455,1696.22
1542672900000,1.14551,1.14551,1.1452,1.1452,977.17
1542673800000,1.1452,1.14542,1.1451,1.14525,1248.8
1542674700000,1.14525,1.14542,1.14477,1.14495,1272.48
1542675600000,1.14493,1.14506,1.1447,1.14476,1401.97
1542676500000,1.14475,1.14486,1.14456,1.14457,1551.02
1542677400000,1.14457,1.14467,1.14437,1.14467,1865.77
1542678300000,1.14466,1.14468,1.14429,1.14468,1864.12
1542679200000,1.14467,1.14481,1.14448,1.14476,1151.68
1542680100000,1.14477,1.14483,1.14462,1.14468,1431.64
1542681000000,1.14468,1.14498,1.14468,1.14498,810.87
1542681900000,1.145,1.14515,1.14488,1.14504,1012.96
1542682800000,1.14504,1.1452,1.1447,1.14517,1013.71
1542683700000,1.14517,1.14561,1.14517,1.14558,2054.06
1542684600000,1.14558,1.14562,1.14536,1.14548,1280.12
1542685500000,1.14548,1.14563,1.14523,1.14542,1843.48
1542686400000,1.14543,1.14552,1.14481,1.14496,1519.74
1542687300000,1.14497,1.14498,1.14473,1.14474,1554.27
1542688200000,1.14474,1.14488,1.14447,1.14462,1855.47
1542689100000,1.14462,1.14488,1.1446,1.1446,1276.02
1542690000000,1.1446,1.14491,1.14452,1.14488,1184.03
1542690900000,1.14488,1.14503,1.14468,1.14496,1244.97
1542691800000,1.14496,1.14513,1.14467,1.1449,1695.09
1542692700000,1.14491,1.14507,1.14468,1.14484,1467.53
1542693600000,1.14484,1.14503,1.14457,1.14502,1790.47
1542694500000,1.14502,1.14562,1.14502,1.14537,1855.4
1542695400000,1.14537,1.14551,1.14506,1.14527,1299.12
1542696300000,1.14528,1.14549,1.14506,1.14515,1386.31
1542697200000,1.14516,1.14573,1.14484,1.14527,2730.2
1542698100000,1.14527,1.14589,1.14516,1.14568,2483.09
1542699000000,1.14566,1.14647,1.14566,1.14597,3511.84
1542699900000,1.14597,1.14632,1.14565,1.14574,3240.01
1542700800000,1.14576,1.14714,1.14576,1.14669,4195.03
1542701700000,1.1467,1.14723,1.14656,1.14656,3639.58
1542702600000,1.14657,1.14658,1.14426,1.14483,3688.43
1542703500000,1.14485,1.14486,1.14288,1.14313,4904.73
1542704400000,1.14312,1.14322,1.1422,1.14312,4415.96
1542705300000,1.14312,1.14349,1.14281,1.1433,3917.12
1542706200000,1.1433,1.14367,1.14309,1.14337,3254.21
1542707100000,1.1434,1.14354,1.14229,1.14275,3655.49
1542708000000,1.1428,1.14375,1.14271,1.14329,3907.45
1542708900000,1.14329,1.14351,1.14301,1.14326,3744.74
1542709800000,1.14325,1.14368,1.14298,1.14341,3109.09
1542710700000,1.14341,1.14395,1.14309,1.14309,3077.89
1542711600000,1.1431,1.14316,1.14245,1.14307,3653.5
1542712500000,1.14307,1.14349,1.14295,1.14326,3245.86
1542713400000,1.14325,1.14353,1.14293,1.143,3036.09
1542714300000,1.14299,1.14373,1.14275,1.14317,3495.9
1542715200000,1.14316,1.14341,1.14295,1.1432,3289.72
1542716100000,1.14319,1.14352,1.14168,1.14207,4055.27
1542717000000,1.14206,1.14233,1.1417,1.14199,3568.08
1542717900000,1.14198,1.14207,1.14145,1.1418,3628.32
1542718800000,1.14181,1.14218,1.14134,1.14211,3708.17
1542719700000,1.1421,1.14215,1.14181,1.14187,3307.53
1542720600000,1.14187,1.1421,1.14085,1.14098,4372.24
1542721500000,1.141,1.14146,1.14043,1.1407,4029.58
1542722400000,1.1407,1.14102,1.14002,1.14036,4734.61
1542723300000,1.14036,1.14057,1.13927,1.13981,4274.3
1542724200000,1.1398,1.14043,1.13943,1.14043,4377.86
1542725100000,1.14042,1.1407,1.1398,1.13981,4111.75
1542726000000,1.13984,1.14007,1.13839,1.13897,4260.43
1542726900000,1.13896,1.1399,1.1388,1.13987,3642.38
1542727800000,1.13986,1.13998,1.13945,1.13945,3601.52
1542728700000,1.13945,1.14115,1.13929,1.14096,4284.51
1542729600000,1.14099,1.14132,1.14033,1.14077,3668.59
1542730500000,1.14077,1.14077,1.13943,1.13959,3502.77
1542731400000,1.13964,1.13987,1.13886,1.13896,3151.76
1542732300000,1.13895,1.13927,1.13888,1.13903,2340.12
1542733200000,1.13903,1.13932,1.13843,1.13886,2822.51
1542734100000,1.13886,1.13889,1.1385,1.1387,2276.92
1542735000000,1.1387,1.13883,1.13788,1.13811,2578.87
1542735900000,1.13811,1.13816,1.13731,1.13759,2727.63
1542736800000,1.13761,1.13762,1.1365,1.13672,3099.32
1542737700000,1.13672,1.13697,1.13621,1.13636,3210.06
1542738600000,1.13635,1.13672,1.13587,1.13642,2186.72
1542739500000,1.13641,1.1368,1.13601,1.13652,2937.03
1542740400000,1.1365,1.13666,1.13587,1.13595,3208.15
1542741300000,1.13594,1.13658,1.13587,1.13641,2762.32
1542742200000,1.13641,1.13671,1.13632,1.1364,2102.32
1542743100000,1.13638,1.13692,1.13638,1.1367,2283.35
1542744000000,1.13667,1.13671,1.13624,1.13645,2679.21
1542744900000,1.13645,1.13697,1.13635,1.13691,2068.33
1542745800000,1.13691,1.13691,1.13668,1.13681,2012.63
1542746700000,1.1368,1.13717,1.13676,1.13691,1570.16
1542747600000,1.13691,1.13711,1.13662,1.13701,939.42
1542748500000,1.13699,1.13705,1.13685,1.13695,752.43
1542749400000,1.13696,1.1372,1.13693,1.13717,897.38
1542750300000,1.13717,1.13719,1.13689,1.13696,1160.68
1542751200000,1.13696,1.13708,1.13634,1.13676,582.8
1542752100000,1.13677,1.13689,1.13662,1.13689,574.38
1542753000000,1.13685,1.13705,1.13664,1.13679,1612.13
1542753900000,1.13679,1.13681,1.13661,1.13667,647.41
1542754800000,1.13667,1.13722,1.13667,1.13711,1638.33
1542755700000,1.13711,1.13716,1.137,1.13704,690.98
1542756600000,1.13704,1.13727,1.13693,1.13706,868.91
1542757500000,1.13706,1.13727,1.13703,1.13721,793.4
1542758400000,1.1372,1.13729,1.1368,1.13706,1197.43
1542759300000,1.13706,1.13732,1.13704,1.13704,962.02
1542760200000,1.13705,1.13721,1.13679,1.13701,954.4
1542761100000,1.13702,1.13723,1.13661,1.13665,1636.34
1542762000000,1.13665,1.13687,1.13659,1.1367,1833.57
1542762900000,1.13671,1.1369,1.13658,1.13685,1584.99
1542763800000,1.13685,1.13689,1.13656,1.13674,1512.2
1542764700000,1.13674,1.1371,1.1367,1.13694,1343.06
1542765600000,1.13694,1.13711,1.13677,1.13707,1502.21
1542766500000,1.13707,1.1373,1.13688,1.13714,1201.05
1542767400000,1.13715,1.13743,1.1371,1.1373,1354.2
1542768300000,1.1373,1.13745,1.13708,1.13734,1205.86
1542769200000,1.13734,1.1375,1.13715,1.13729,1523.53
1542770100000,1.13729,1.13746,1.13717,1.13721,1224.06
1542771000000,1.13721,1.13731,1.13713,1.13729,1400.18
1542771900000,1.13729,1.13731,1.13708,1.13716,968.05
1542772800000,1.13716,1.13736,1.13705,1.13734,938.28
1542773700000,1.13733,1.13746,1.13703,1.13712,1060.48
1542774600000,1.13712,1.13727,1.13711,1.13724,858.77
1542775500000,1.13724,1.13776,1.13724,1.13776,806.52
1542776400000,1.13775,1.13785,1.13762,1.13779,1074.33
1542777300000,1.13779,1.13785,1.13755,1.13771,870.01
1542778200000,1.13771,1.13787,1.13767,1.13785,975.39
1542779100000,1.13785,1.13817,1.13774,1.13803,1236.04
1542780000000,1.13802,1.13834,1.13774,1.13832,924.14
1542780900000,1.13832,1.13872,1.13831,1.13843,978.93
1542781800000,1.13844,1.13883,1.13837,1.13864,1604.82
1542782700000,1.13864,1.14007,1.13858,1.13924,2850.21
1542783600000,1.13928,1.13967,1.13896,1.13932,2860.88
1542784500000,1.13932,1.13972,1.13909,1.13971,2497.79
1542785400000,1.13972,1.13991,1.13916,1.13961,3162.45
1542786300000,1.13961,1.14016,1.13859,1.13875,3568.8
1542787200000,1.13874,1.14012,1.13874,1.13993,4105.82
1542788100000,1.13993,1.14004,1.13949,1.13999,2995.07
1542789000000,1.14,1.14075,1.1394,1.14046,3718.91
1542789900000,1.14046,1.14099,1.14004,1.14019,3719.43
1542790800000,1.14018,1.14054,1.13997,1.14004,2969.39
1542791700000,1.14002,1.14004,1.1392,1.13934,3028.32
1542792600000,1.13934,1.13934,1.13785,1.13831,3803.14
1542793500000,1.13829,1.13866,1.13826,1.13842,3241.69
1542794400000,1.13842,1.14066,1.13813,1.1387,4750.67
1542795300000,1.13871,1.1389,1.13846,1.13854,3365.76
1542796200000,1.13854,1.13875,1.13757,1.13757,3480.82
1542797100000,1.13758,1.13801,1.13672,1.13746,3674.64
1542798000000,1.13746,1.13912,1.13742,1.13871,3080.36
1542798900000,1.13872,1.14139,1.13867,1.14105,4002.22
1542799800000,1.14106,1.14179,1.14073,1.14098,4811.58
1542800700000,1.14098,1.14108,1.14,1.14019,3977.02
1542801600000,1.14019,1.14033,1.13914,1.13942,3948.69
1542802500000,1.13942,1.14004,1.13934,1.13967,2597.91
1542803400000,1.13969,1.14005,1.13955,1.13975,3091.45
1542804300000,1.13975,1.14151,1.13975,1.14101,4155.88
1542805200000,1.14103,1.14129,1.14064,1.14087,2995.83
1542806100000,1.14089,1.14108,1.14052,1.14087,3709.66
1542807000000,1.1409,1.14245,1.14085,1.14174,4962.31
1542807900000,1.14173,1.14176,1.1408,1.1412,3493.88
1542808800000,1.14121,1.14121,1.14025,1.14041,4392.46
1542809700000,1.14043,1.14062,1.13998,1.14012,3077.92
1542810600000,1.14013,1.14059,1.13998,1.14033,3390.82
1542811500000,1.14028,1.14049,1.13875,1.13934,3347.42
1542812400000,1.13934,1.14083,1.1391,1.14071,3527.4
1542813300000,1.14071,1.14146,1.14058,1.14123,3686.6
1542814200000,1.14123,1.14123,1.14023,1.14025,3452.76
1542815100000,1.14024,1.14062,1.13927,1.13936,3647.11
1542816000000,1.13938,1.13985,1.1391,1.13959,3197.36
1542816900000,1.1396,1.13999,1.13954,1.13991,2921.04
1542817800000,1.13994,1.14059,1.13951,1.14006,3566.91
1542818700000,1.14006,1.14052,1.13921,1.13924,3328.88
1542819600000,1.13925,1.13926,1.13801,1.13875,2850.63
1542820500000,1.13874,1.13875,1.13805,1.13829,2376.38
1542821400000,1.13828,1.13944,1.13828,1.13944,2118.25
1542822300000,1.13943,1.14023,1.13932,1.1396,3545.47
1542823200000,1.1396,1.13969,1.13925,1.13932,2288.28
1542824100000,1.13932,1.13933,1.1389,1.1391,2406.4
1542825000000,1.1391,1.13912,1.13834,1.13847,2959.48
1542825900000,1.13847,1.13932,1.1383,1.13897,2828.79
1542826800000,1.13897,1.13936,1.13894,1.13922,2272.56
1542827700000,1.13922,1.13934,1.13886,1.13887,2345.67
1542828600000,1.13888,1.13897,1.13846,1.1389,2537.26
1542829500000,1.13891,1.13927,1.13878,1.13878,3085.14
1542830400000,1.1388,1.13907,1.13867,1.13868,2574.41
1542831300000,1.13872,1.13881,1.1386,1.13867,2100.34
1542832200000,1.13867,1.13886,1.13841,1.13883,2140.73
1542833100000,1.13883,1.13887,1.13811,1.13823,1932.45
1542834000000,1.13832,1.13854,1.13832,1.13836,988.35
1542834900000,1.13837,1.13843,1.13827,1.13827,915.02
1542835800000,1.13823,1.13846,1.13816,1.1384,1226.25
1542836700000,1.13841,1.13859,1.13836,1.13838,1164.2
1542837600000,1.13837,1.13869,1.13794,1.13811,903.38
1542838500000,1.13811,1.13867,1.13803,1.13843,3023.54
1542839400000,1.13838,1.13849,1.13838,1.13844,725.89
1542840300000,1.13844,1.13866,1.13806,1.13842,1610.39
1542841200000,1.13845,1.13874,1.13844,1.13846,2462.14
1542842100000,1.13846,1.13897,1.13843,1.13894,2049.72
1542843000000,1.13891,1.13899,1.13876,1.13877,894.06
1542843900000,1.13878,1.13886,1.13857,1.13884,1070.76
1542844800000,1.13885,1.13918,1.13877,1.13913,1507.76
1542845700000,1.13912,1.13922,1.13891,1.13898,1370.27
1542846600000,1.13898,1.13911,1.13855,1.13859,1667.61
1542847500000,1.13859,1.13899,1.13859,1.13872,1488.29
1542848400000,1.13872,1.13877,1.13853,1.13873,1643.83
1542849300000,1.13872,1.13902,1.13856,1.13898,1736.44
1542850200000,1.13898,1.13898,1.13859,1.13871,2302
1542851100000,1.1387,1.1391,1.13859,1.13905,1745.37
1542852000000,1.13904,1.13932,1.13896,1.13929,1709.9
1542852900000,1.1393,1.1399,1.13928,1.13979,1807.84
1542853800000,1.13979,1.13995,1.13964,1.13988,2010.95
1542854700000,1.13989,1.1401,1.13966,1.13966,1673.29
1542855600000,1.13967,1.13995,1.1396,1.13974,1555.21
1542856500000,1.13974,1.13991,1.13965,1.13979,1466.64
1542857400000,1.1398,1.13986,1.13952,1.13964,1540.13
1542858300000,1.13963,1.13971,1.13943,1.13943,997.85
1542859200000,1.13943,1.13975,1.13943,1.13958,1025.17
1542860100000,1.13958,1.13969,1.13944,1.13954,1333.66
1542861000000,1.13952,1.13957,1.13938,1.13947,1199.01
1542861900000,1.13947,1.13958,1.13918,1.13922,1087.68
1542862800000,1.13922,1.13963,1.13922,1.13952,1007.53
1542863700000,1.13951,1.13993,1.13943,1.13981,726.95
1542864600000,1.1398,1.13983,1.13965,1.13974,1111.87
1542865500000,1.13975,1.13977,1.13958,1.1397,928.86
1542866400000,1.1397,1.1399,1.13954,1.13977,1335.68
1542867300000,1.13977,1.14121,1.13953,1.14064,2369.7
1542868200000,1.14065,1.14085,1.14032,1.14052,1713.66
1542869100000,1.1405,1.14058,1.14034,1.14049,1166.7
1542870000000,1.14047,1.14093,1.13957,1.13997,2667.48
1542870900000,1.13997,1.14057,1.13982,1.14037,1763.81
1542871800000,1.14037,1.1407,1.13999,1.14003,2101.17
1542872700000,1.14004,1.14045,1.13968,1.14002,1998.96
1542873600000,1.14003,1.14054,1.13948,1.14036,2333.52
1542874500000,1.14036,1.14077,1.14003,1.14012,1926.86
1542875400000,1.14013,1.14028,1.1394,1.14013,1857.15
1542876300000,1.14012,1.14046,1.13988,1.14032,1904.6
1542877200000,1.14032,1.14048,1.14011,1.14022,1617.59
1542878100000,1.14021,1.14054,1.14015,1.14017,1826.99
1542879000000,1.14015,1.14084,1.14014,1.14061,2063.62
1542879900000,1.14061,1.14079,1.1403,1.14034,1589.26
1542880800000,1.14033,1.14149,1.14009,1.14133,2977.56
1542881700000,1.14131,1.14297,1.14122,1.14259,4519.62
1542882600000,1.1426,1.1434,1.14232,1.14245,4457.47
1542883500000,1.14245,1.14266,1.14134,1.14149,3175.3
1542884400000,1.1415,1.14194,1.14105,1.14121,2862.19
1542885300000,1.1412,1.14155,1.13983,1.1408,3525.22
1542886200000,1.14079,1.14155,1.14066,1.14143,2272.22
1542887100000,1.14143,1.14203,1.14112,1.14195,2455.92
1542888000000,1.14196,1.14196,1.14121,1.14145,2905.5
1542888900000,1.14146,1.14166,1.14114,1.14115,2206.23
1542889800000,1.14115,1.14139,1.14054,1.14068,2865.01
1542890700000,1.14069,1.14133,1.14045,1.14061,2685.01
1542891600000,1.1406,1.14068,1.14016,1.14026,2678.36
1542892500000,1.14026,1.14061,1.14015,1.14032,3039.57
1542893400000,1.14032,1.14053,1.14021,1.14036,2109.32
1542894300000,1.14037,1.14054,1.14021,1.14032,2209.7
1542895200000,1.14034,1.14049,1.14011,1.14041,2006.5
1542896100000,1.14041,1.14127,1.14037,1.14123,2695
1542897000000,1.14123,1.14137,1.1408,1.14082,2393.5
1542897900000,1.1408,1.14097,1.14025,1.14039,2581.73
1542898800000,1.1404,1.14094,1.13923,1.14091,2512.65
1542899700000,1.14089,1.14113,1.14028,1.1404,2235.37
1542900600000,1.14039,1.14059,1.13977,1.14021,2062.01
1542901500000,1.14021,1.14088,1.1391,1.14061,2472.65
1542902400000,1.14062,1.14082,1.14015,1.14025,3510.69
1542903300000,1.14027,1.14037,1.13989,1.14021,1947.74
1542904200000,1.14019,1.14042,1.13995,1.1404,1653.3
1542905100000,1.14041,1.14083,1.14035,1.14079,1354.06
1542906000000,1.14079,1.14093,1.1405,1.14054,1388.06
1542906900000,1.14053,1.14099,1.14031,1.14036,1935.75
1542907800000,1.14036,1.14052,1.14032,1.14041,714.86
1542908700000,1.14041,1.1408,1.13995,1.14077,1190.73
1542909600000,1.14079,1.14085,1.14039,1.14076,1970.23
1542910500000,1.14076,1.14079,1.14049,1.14076,850.25
1542911400000,1.14075,1.14079,1.14064,1.14072,765.43
1542912300000,1.1407,1.14081,1.14039,1.14081,604.06
1542913200000,1.1408,1.14088,1.14045,1.14062,1944.65
1542914100000,1.1406,1.14073,1.14057,1.14067,283.38
1542915000000,1.14067,1.14069,1.14051,1.1406,1722.73
1542915900000,1.14059,1.14066,1.14011,1.14056,1356.23
1542916800000,1.14056,1.14058,1.14031,1.14048,1164.26
1542917700000,1.14047,1.14054,1.14032,1.14049,904.13
1542918600000,1.14049,1.14065,1.14048,1.14057,1035.85
1542919500000,1.14057,1.1406,1.14036,1.14053,1261.3
1542920400000,1.14054,1.14064,1.14033,1.14049,2560.81
1542921300000,1.14047,1.14074,1.14005,1.14025,1197.5
1542922200000,1.14026,1.14064,1.14004,1.14019,712.07
1542923100000,1.14019,1.14044,1.14002,1.14002,605.37
1542924000000,1.14008,1.14071,1.14002,1.1403,271.89
1542924900000,1.1403,1.14056,1.14004,1.14036,742.33
1542925800000,1.14036,1.14054,1.14025,1.14053,490.62
1542926700000,1.14053,1.14061,1.14028,1.14032,1185.09
1542927600000,1.14038,1.14049,1.14009,1.14024,1645.76
1542928500000,1.14024,1.14033,1.14013,1.14021,1055.99
1542929400000,1.14023,1.14036,1.14008,1.14008,934.63
1542930300000,1.1401,1.14036,1.14006,1.14026,794.67
1542931200000,1.14027,1.14037,1.14013,1.14031,883.2
1542932100000,1.14031,1.14039,1.14022,1.14027,742.42
1542933000000,1.14026,1.14035,1.1401,1.14026,1010.46
1542933900000,1.14025,1.14058,1.14016,1.14047,904.02
1542934800000,1.14047,1.1406,1.14035,1.14045,1343.76
1542935700000,1.14043,1.14057,1.1404,1.14056,1016.08
1542936600000,1.14057,1.14076,1.14048,1.14076,1325.76
1542937500000,1.14076,1.14076,1.14037,1.14068,1998.62
1542938400000,1.14069,1.14069,1.1404,1.14042,1149.3
1542939300000,1.14042,1.14097,1.14035,1.14095,1255.14
1542940200000,1.14095,1.14123,1.14082,1.14106,1211.03
1542941100000,1.14105,1.14113,1.14085,1.1409,971.61
1542942000000,1.14089,1.14116,1.14074,1.141,1310.29
1542942900000,1.14101,1.14116,1.14092,1.14111,1137.65
1542943800000,1.14111,1.14137,1.14101,1.14133,1150.21
1542944700000,1.14133,1.14159,1.14131,1.14138,1261.14
1542945600000,1.14137,1.14162,1.14136,1.14151,1427.03
1542946500000,1.14152,1.1416,1.14145,1.14156,1566.89
1542947400000,1.14156,1.1416,1.14135,1.14149,1011.55
1542948300000,1.14149,1.1415,1.14132,1.14135,1246.94
1542949200000,1.14135,1.14156,1.1413,1.14133,1015.88
1542950100000,1.14132,1.14167,1.14128,1.1416,1383.38
1542951000000,1.14161,1.14162,1.14137,1.1414,1410.44
1542951900000,1.14143,1.14156,1.14126,1.14145,1484.46
1542952800000,1.14147,1.14147,1.14104,1.14116,1336.56
1542953700000,1.14116,1.14153,1.14102,1.14131,1038.24
1542954600000,1.14131,1.14209,1.14111,1.14185,1431.26
1542955500000,1.14185,1.14188,1.14105,1.1413,2013.05
1542956400000,1.14131,1.14157,1.14081,1.14143,2855.9
1542957300000,1.14143,1.14154,1.141,1.14112,2513.37
1542958200000,1.14111,1.14171,1.14067,1.14126,2441.72
1542959100000,1.14127,1.14137,1.14107,1.14129,2218.39
1542960000000,1.14134,1.14185,1.14087,1.141,3153.6
1542960900000,1.14103,1.14135,1.14066,1.1411,2709.63
1542961800000,1.14109,1.14109,1.13656,1.13727,5310.58
1542962700000,1.13727,1.13733,1.13651,1.13698,135290.84
1542963600000,1.137,1.13788,1.13663,1.13778,4030.89
1542964500000,1.13778,1.13845,1.13742,1.13802,3584.21
1542965400000,1.13806,1.13806,1.1374,1.13757,3298.63
1542966300000,1.13756,1.13801,1.13741,1.13743,3158.55
1542967200000,1.13742,1.138,1.13742,1.13757,3210.69
1542968100000,1.13757,1.13757,1.1367,1.13673,5120.51
1542969000000,1.13673,1.13684,1.13528,1.13571,3982.49
1542969900000,1.13572,1.13574,1.13463,1.13495,3000.14
1542970800000,1.13495,1.13503,1.13433,1.13448,3121.84
1542971700000,1.13448,1.13474,1.13375,1.13435,3467.58
1542972600000,1.13435,1.13519,1.13434,1.13519,3625.06
1542973500000,1.1352,1.13527,1.13465,1.13477,4355.14
1542974400000,1.13477,1.13527,1.13453,1.13518,3773.43
1542975300000,1.13518,1.13582,1.1351,1.13562,3463.88
1542976200000,1.13563,1.13599,1.13511,1.13568,3812.26
1542977100000,1.13569,1.1359,1.13481,1.13481,3713.81
1542978000000,1.13486,1.13555,1.13472,1.13513,3352.93
1542978900000,1.13512,1.13517,1.1341,1.13426,4085.57
1542979800000,1.13427,1.135,1.13389,1.135,3871.17
1542980700000,1.13499,1.13576,1.13483,1.13507,3547.86
1542981600000,1.13508,1.13571,1.13498,1.13523,3393.45
1542982500000,1.13523,1.13552,1.13484,1.13506,3632.82
1542983400000,1.13507,1.13557,1.13471,1.13525,4025.04
1542984300000,1.13526,1.13542,1.13441,1.13468,4246.76
1542985200000,1.1347,1.13511,1.13441,1.13491,3051.41
1542986100000,1.13492,1.13533,1.13466,1.13515,2988.14
1542987000000,1.13516,1.13553,1.1351,1.13523,2720.88
1542987900000,1.13523,1.13589,1.13425,1.13429,4155.27
1542988800000,1.13432,1.13452,1.13342,1.13386,4197.22
1542989700000,1.13386,1.13417,1.13349,1.13364,3075.26
1542990600000,1.13364,1.13401,1.13338,1.13354,2816.84
1542991500000,1.13354,1.13361,1.13315,1.13324,3480.96
1542992400000,1.13325,1.13364,1.13311,1.13337,2934.75
1542993300000,1.13338,1.13356,1.13316,1.13338,2455.06
1542994200000,1.13338,1.13394,1.13324,1.13383,2368.87
1542995100000,1.13383,1.13388,1.13339,1.13348,2364.85
1542996000000,1.13347,1.13347,1.13314,1.13325,1633.68
1542996900000,1.13326,1.13326,1.13308,1.1331,1018.97
1542997800000,1.1331,1.13318,1.13308,1.13311,902.08
1542998700000,1.13312,1.13319,1.133,1.133,1030.69
1542999600000,1.13301,1.13307,1.13292,1.13306,893.52
1543000500000,1.13307,1.13311,1.13275,1.13281,1062.79
1543001400000,1.13281,1.13301,1.13277,1.13294,828.5
1543002300000,1.13294,1.13303,1.13288,1.1329,843.82
1543003200000,1.13291,1.13309,1.13284,1.133,1169.22
1543004100000,1.133,1.13312,1.13298,1.1331,872.99
1543005000000,1.1331,1.13326,1.13304,1.13309,1043.94
1543005900000,1.13309,1.13353,1.13289,1.1331,2264.52
1543006800000,1.1331,1.13339,1.13281,1.13319,1707.8
1543007700000,1.1332,1.13347,1.1328,1.13301,1773.91
1543008600000,1.13305,1.13359,1.13288,1.13333,1003.79
1543009500000,1.13335,1.13374,1.13311,1.13355,1268.74
1543183200000,1.13401,1.13407,1.13389,1.13392,390.97
1543184100000,1.13394,1.13396,1.13328,1.13339,1162.36
1543185000000,1.13339,1.13371,1.13339,1.13346,478.22
1543185900000,1.13344,1.13362,1.13338,1.13351,612.91
1543186800000,1.13358,1.13372,1.13345,1.13352,1984.79
1543187700000,1.13355,1.13369,1.13326,1.13349,1562.14
1543188600000,1.13347,1.13352,1.13305,1.13339,1726.12
1543189500000,1.13339,1.13375,1.13337,1.13374,1799.03
1543190400000,1.13374,1.13399,1.1333,1.13384,1716.05
1543191300000,1.13384,1.13399,1.13367,1.13378,1546.67
1543192200000,1.13377,1.13401,1.13368,1.13395,740.43
1543193100000,1.13395,1.13401,1.13341,1.13341,1396.93
1543194000000,1.13342,1.13373,1.13332,1.13357,2119.92
1543194900000,1.13357,1.13357,1.13292,1.13298,2023.36
1543195800000,1.13296,1.13324,1.13264,1.1329,2240.28
1543196700000,1.13289,1.13333,1.13283,1.13304,2589.06
1543197600000,1.13308,1.13333,1.13304,1.13318,2155.65
1543198500000,1.1332,1.13332,1.13294,1.13326,2143.69
1543199400000,1.13326,1.1333,1.13299,1.13311,2034.76
1543200300000,1.1331,1.13319,1.13279,1.13286,1682.93
1543201200000,1.13286,1.13367,1.13286,1.13364,2040.21
1543202100000,1.13363,1.13367,1.13344,1.13359,1569.51
1543203000000,1.1336,1.13396,1.13354,1.13386,1575.16
1543203900000,1.13386,1.13401,1.1337,1.13373,1888.53
1543204800000,1.13373,1.13417,1.13371,1.1341,1949.79
1543205700000,1.1341,1.13411,1.13368,1.13378,1481.56
1543206600000,1.13378,1.13405,1.13372,1.13397,1543.28
1543207500000,1.13397,1.13459,1.13391,1.13456,1414.44
1543208400000,1.13454,1.13472,1.1343,1.13451,1864.88
1543209300000,1.13451,1.13456,1.1343,1.13439,1459.83
1543210200000,1.13439,1.13471,1.13425,1.13451,1504
1543211100000,1.1345,1.13494,1.13446,1.13477,1917.82
1543212000000,1.13478,1.13487,1.13441,1.13444,2112.21
1543212900000,1.13445,1.1349,1.13436,1.13486,1976.62
1543213800000,1.13486,1.13539,1.13474,1.13514,1928.49
1543214700000,1.13513,1.13541,1.13506,1.13525,1918.22
1543215600000,1.13524,1.13636,1.13506,1.13631,3940.45
1543216500000,1.13632,1.13669,1.13546,1.13661,3604.8
1543217400000,1.13661,1.13699,1.13592,1.13604,3865.17
1543218300000,1.13606,1.13627,1.13555,1.13623,3321.21
1543219200000,1.13626,1.13727,1.13573,1.13664,4709.91
1543220100000,1.13666,1.13759,1.13642,1.13716,3360.22
1543221000000,1.13716,1.13772,1.13695,1.13723,3697.92
1543221900000,1.13721,1.13725,1.13671,1.13706,2755.33
1543222800000,1.13711,1.13799,1.13669,1.13743,3762.04
1543223700000,1.13744,1.13819,1.13734,1.13785,3127.61
1543224600000,1.13784,1.13837,1.13761,1.13798,3877.47
1543225500000,1.13799,1.13805,1.1374,1.13741,3045.12
1543226400000,1.13742,1.13764,1.13663,1.13679,3982.2
1543227300000,1.1368,1.13688,1.1362,1.1365,3049.65
1543228200000,1.1365,1.13666,1.13621,1.13628,3235.64
1543229100000,1.13628,1.13668,1.13601,1.13668,2708.72
1543230000000,1.13667,1.13709,1.13664,1.13678,2520.26
1543230900000,1.13678,1.13705,1.1366,1.13683,2636.75
1543231800000,1.13683,1.13688,1.13633,1.1367,3133.37
1543232700000,1.13669,1.13703,1.13627,1.13692,2704.84
1543233600000,1.13691,1.13708,1.13597,1.1366,3471.99
1543234500000,1.13661,1.13696,1.13631,1.13636,3471.62
1543235400000,1.13636,1.13664,1.13629,1.1366,2440.63
1543236300000,1.13661,1.13674,1.13545,1.13565,2710.86
1543237200000,1.13565,1.13635,1.13545,1.13635,2834.47
1543238100000,1.13633,1.13705,1.13584,1.13699,3369.8
1543239000000,1.13699,1.13755,1.13677,1.13704,3593.37
1543239900000,1.13703,1.13711,1.1362,1.13654,3143.82
1543240800000,1.13651,1.13667,1.13549,1.13629,3648.11
1543241700000,1.13628,1.1364,1.13507,1.13544,3721.9
1543242600000,1.13543,1.13591,1.1354,1.13567,3754.7
1543243500000,1.13565,1.13578,1.13495,1.13532,3620.8
1543244400000,1.13532,1.13572,1.13486,1.13519,3242.79
1543245300000,1.13522,1.13547,1.13416,1.13438,3192.92
1543246200000,1.13436,1.13468,1.13414,1.13462,2930.77
1543247100000,1.13462,1.13481,1.1338,1.13398,3201.45
1543248000000,1.13398,1.13442,1.13381,1.1342,3148.16
1543248900000,1.13421,1.1347,1.13385,1.13404,3030.72
1543249800000,1.13403,1.13481,1.1337,1.13384,3000.58
1543250700000,1.13384,1.13423,1.13349,1.1335,2622.62
1543251600000,1.13351,1.1343,1.13344,1.13428,2536.75
1543252500000,1.13428,1.13446,1.13413,1.13429,2261.61
1543253400000,1.13427,1.13445,1.13404,1.13421,2139.74
1543254300000,1.13418,1.13426,1.13362,1.13389,1801.34
1543255200000,1.13389,1.13425,1.13329,1.13333,2207.54
1543256100000,1.13334,1.13345,1.13258,1.13321,2994.94
1543257000000,1.13321,1.13332,1.13276,1.13297,2243.34
1543257900000,1.13299,1.13312,1.13279,1.13302,2118.83
1543258800000,1.13302,1.13335,1.13291,1.13335,1908.21
1543259700000,1.13336,1.13345,1.13305,1.13312,1698.29
1543260600000,1.13312,1.13326,1.13304,1.13316,1625.65
1543261500000,1.13316,1.1333,1.13283,1.13285,2212.41
1543262400000,1.13288,1.13334,1.13288,1.13325,2363.03
1543263300000,1.13324,1.1333,1.13319,1.13326,2070.68
1543264200000,1.13326,1.13338,1.13319,1.13335,1839.96
1543265100000,1.13335,1.13351,1.13327,1.1334,1952.23
1543266000000,1.13338,1.13354,1.13294,1.133,1099.98
1543266900000,1.133,1.13312,1.1325,1.1327,1190.7
1543267800000,1.13272,1.13282,1.1325,1.13271,1100.97
1543268700000,1.13271,1.13279,1.13256,1.13275,1037.26
1543269600000,1.13273,1.13309,1.13256,1.13285,953.36
1543270500000,1.13284,1.13306,1.13279,1.13289,1241.27
1543271400000,1.13292,1.13295,1.13282,1.13288,599.88
1543272300000,1.13288,1.13319,1.13286,1.13302,798.49
1543273200000,1.13302,1.13323,1.13296,1.13306,999.18
1543274100000,1.13307,1.13315,1.133,1.13311,955.05
1543275000000,1.13311,1.13335,1.13304,1.13311,1201.9
1543275900000,1.13311,1.13341,1.13306,1.13331,1164.32
1543276800000,1.13331,1.13343,1.13305,1.13325,1884.91
1543277700000,1.13322,1.13349,1.13321,1.13344,1548.68
1543278600000,1.13344,1.13349,1.13321,1.13342,1446.11
1543279500000,1.13342,1.13354,1.13312,1.1333,1737.24
1543280400000,1.13329,1.13339,1.13315,1.1333,1990.47
1543281300000,1.13329,1.13331,1.13283,1.13302,1719.83
1543282200000,1.13301,1.1331,1.13287,1.13298,2133.31
1543283100000,1.13297,1.13313,1.13283,1.13292,2029.98
1543284000000,1.13291,1.13336,1.13281,1.13335,1649.13
1543284900000,1.13336,1.13352,1.13315,1.13345,1762.36
1543285800000,1.13345,1.13357,1.13333,1.13343,1596.94
1543286700000,1.13342,1.13342,1.13319,1.13329,1469.64
1543287600000,1.13327,1.13355,1.13319,1.13355,1588.17
1543288500000,1.13355,1.13394,1.13334,1.13379,1635.72
1543289400000,1.1338,1.13384,1.13357,1.13364,1600.03
1543290300000,1.13365,1.13366,1.13333,1.13336,1885.23
1543291200000,1.13336,1.1335,1.13333,1.13333,1517.88
1543292100000,1.13334,1.1335,1.13333,1.1335,1200.64
1543293000000,1.1335,1.13373,1.1334,1.13355,2455.27
1543293900000,1.13355,1.13384,1.13354,1.13372,1258.62
1543294800000,1.13371,1.13376,1.13361,1.13373,1536.71
1543295700000,1.13373,1.13425,1.13368,1.13402,2191.44
1543296600000,1.13401,1.13411,1.13381,1.13409,2150.8
1543297500000,1.13409,1.13429,1.13401,1.13426,1760.25
1543298400000,1.13425,1.13436,1.13399,1.13424,1639.43
1543299300000,1.13425,1.13425,1.13374,1.13394,1977.05
1543300200000,1.13392,1.13392,1.13338,1.13338,2257.26
1543301100000,1.13339,1.13339,1.1323,1.1329,3177.13
1543302000000,1.1329,1.13363,1.1327,1.13295,3631.45
1543302900000,1.13292,1.13321,1.13149,1.13173,4652.51
1543303800000,1.13173,1.13428,1.13169,1.13216,6042.6
1543304700000,1.13216,1.13246,1.13099,1.13117,3991.04
1543305600000,1.13115,1.13171,1.13051,1.13072,3699.1
1543306500000,1.13072,1.13135,1.13052,1.13102,3350.66
1543307400000,1.13102,1.13179,1.1308,1.13158,3015.78
1543308300000,1.13157,1.13173,1.13109,1.13118,3081.01
1543309200000,1.1312,1.1322,1.13107,1.13192,2816.08
1543310100000,1.13191,1.13244,1.13136,1.13231,3038.21
1543311000000,1.1323,1.13255,1.13203,1.13227,2559.91
1543311900000,1.13226,1.13255,1.13094,1.13098,3073.16
1543312800000,1.13098,1.13159,1.13092,1.13142,3177.76
1543313700000,1.13142,1.13314,1.13137,1.13211,3900.2
1543314600000,1.13211,1.13211,1.13135,1.13155,2647.79
1543315500000,1.13155,1.13179,1.13097,1.13175,2585.19
1543316400000,1.13177,1.1323,1.13159,1.13185,2459.53
1543317300000,1.13186,1.13214,1.13155,1.13205,2504.42
1543318200000,1.13204,1.13232,1.13177,1.13211,3017.14
1543319100000,1.13212,1.13239,1.13185,1.13195,2732.15
1543320000000,1.13194,1.13226,1.13171,1.13213,3046.27
1543320900000,1.13214,1.13215,1.1314,1.1319,2824.75
1543321800000,1.13189,1.13235,1.13182,1.13225,2494.82
1543322700000,1.13222,1.13285,1.13219,1.13276,2775.67
1543323600000,1.13278,1.13315,1.13239,1.13274,3018
1543324500000,1.13274,1.13364,1.13248,1.13248,4033.36
1543325400000,1.13248,1.13267,1.13194,1.1325,3851.7
1543326300000,1.13251,1.13265,1.13148,1.13202,3252.09
1543327200000,1.13201,1.13298,1.13198,1.1328,2975.43
1543328100000,1.1328,1.1328,1.13226,1.13243,3376.13
1543329000000,1.13243,1.1329,1.13095,1.13125,4617.02
1543329900000,1.13125,1.13125,1.1297,1.1297,4039.53
1543330800000,1.12968,1.13027,1.12911,1.12958,4016.51
1543331700000,1.12958,1.13103,1.12943,1.13088,4178.51
1543332600000,1.13089,1.13093,1.13004,1.13005,3293.8
1543333500000,1.13007,1.13025,1.1288,1.12901,4854.96
1543334400000,1.12903,1.12907,1.12848,1.12866,4156.27
1543335300000,1.12866,1.12935,1.12855,1.12927,3440.42
1543336200000,1.12924,1.12935,1.12867,1.12869,3142.45
1543337100000,1.1287,1.12883,1.12783,1.12807,3619.65
1543338000000,1.12807,1.12872,1.12799,1.12808,2693.75
1543338900000,1.12803,1.12843,1.12775,1.12843,2860.63
1543339800000,1.12843,1.12925,1.12826,1.12898,3095.92
1543340700000,1.12897,1.12912,1.12846,1.12851,3250.53
1543341600000,1.12851,1.1294,1.12845,1.1294,3782.22
1543342500000,1.12938,1.12971,1.1291,1.12914,3521.12
1543343400000,1.12913,1.13004,1.12911,1.12974,3231.64
1543344300000,1.12973,1.13027,1.12959,1.12969,3123.28
1543345200000,1.12969,1.12986,1.12954,1.1297,3222.17
1543346100000,1.12969,1.12991,1.12946,1.12977,2191.93
1543347000000,1.12977,1.12979,1.1293,1.12961,2745.89
1543347900000,1.12961,1.12993,1.12944,1.12945,3315.55
1543348800000,1.12944,1.12948,1.12919,1.1292,2309.23
1543349700000,1.12919,1.12939,1.12904,1.12931,2609.79
1543350600000,1.1293,1.12958,1.12905,1.12955,2381.72
1543351500000,1.12954,1.12983,1.12939,1.12964,1896.64
1543352400000,1.12964,1.12964,1.12934,1.12944,888.52
1543353300000,1.12945,1.12955,1.12934,1.12947,1057.15
1543354200000,1.12948,1.12969,1.12944,1.12969,1315.04
1543355100000,1.12969,1.12969,1.12847,1.12867,1912.82
1543356000000,1.12865,1.12953,1.12848,1.1293,846.29
1543356900000,1.1293,1.1295,1.1293,1.12932,627.59
1543357800000,1.12931,1.12944,1.12925,1.12938,347.52
1543358700000,1.12937,1.12944,1.12927,1.12939,553.06
1543359600000,1.12939,1.1296,1.1291,1.12944,1219.82
1543360500000,1.12943,1.12992,1.12943,1.12979,626.37
1543361400000,1.12978,1.12986,1.12942,1.12958,926.68
1543362300000,1.12958,1.12987,1.12954,1.12969,1213.13
1543363200000,1.1297,1.1297,1.12939,1.12968,2111.69
1543364100000,1.12968,1.12971,1.12937,1.12965,1353.42
1543365000000,1.12967,1.12967,1.12942,1.12952,1319.18
1543365900000,1.12952,1.12954,1.12853,1.12887,1783.41
1543366800000,1.12888,1.12889,1.12857,1.12887,1964.85
1543367700000,1.12887,1.12891,1.12864,1.12874,1477.29
1543368600000,1.12874,1.12899,1.12861,1.12876,1697.21
1543369500000,1.12877,1.12908,1.12868,1.12879,1698.93
1543370400000,1.12879,1.1292,1.12878,1.12913,1661.66
1543371300000,1.12914,1.12929,1.12898,1.12927,1889.87
1543372200000,1.12927,1.12928,1.12902,1.12914,1666.63
1543373100000,1.12913,1.12942,1.12901,1.12938,1705.87
1543374000000,1.12938,1.12948,1.12926,1.12938,1481.57
1543374900000,1.12939,1.12951,1.12932,1.12948,1526.94
1543375800000,1.12948,1.12951,1.12934,1.12944,1586.83
1543376700000,1.12943,1.12958,1.12926,1.12931,1779.59
1543377600000,1.12932,1.12939,1.12916,1.12919,1520.94
1543378500000,1.12919,1.12935,1.12905,1.12932,1178.52
1543379400000,1.12931,1.12945,1.12918,1.1294,898.54
1543380300000,1.1294,1.12955,1.12938,1.12954,4331.32
1543381200000,1.12954,1.12971,1.1294,1.1297,1304.15
1543382100000,1.1297,1.12981,1.12953,1.12971,2203.61
1543383000000,1.12971,1.12982,1.12958,1.12967,1457.45
1543383900000,1.12967,1.12975,1.12931,1.12944,1898.94
1543384800000,1.12943,1.13006,1.12942,1.12999,1926.95
1543385700000,1.13,1.13009,1.12972,1.12988,1713.41
1543386600000,1.12986,1.12993,1.12964,1.12971,1656.66
1543387500000,1.12971,1.12979,1.12959,1.12975,1360.59
1543388400000,1.12975,1.12988,1.12864,1.12894,3020.5
1543389300000,1.12895,1.12899,1.12842,1.12858,2714.65
1543390200000,1.12856,1.1291,1.12826,1.12849,2543.12
1543391100000,1.12849,1.1286,1.12766,1.12783,3375.83
1543392000000,1.12782,1.12824,1.12705,1.12707,3889.45
1543392900000,1.12706,1.12762,1.12671,1.12756,3635.85
1543393800000,1.12755,1.1276,1.12694,1.12724,2876.5
1543394700000,1.12724,1.12842,1.1271,1.12838,3329.69
1543395600000,1.12837,1.12864,1.12763,1.12855,3868.93
1543396500000,1.12855,1.12889,1.12833,1.12864,3079.16
1543397400000,1.12863,1.12884,1.12742,1.12786,3289.85
1543398300000,1.12785,1.12862,1.12772,1.12806,2916.6
1543399200000,1.12805,1.1289,1.12791,1.12859,2996.16
1543400100000,1.12859,1.12903,1.12834,1.12881,3122.69
1543401000000,1.12882,1.12917,1.12848,1.12873,2661.61
1543401900000,1.12875,1.12936,1.12858,1.12918,2743.02
1543402800000,1.12919,1.12942,1.12899,1.12908,2941.33
1543403700000,1.12908,1.1291,1.12835,1.12848,2937.29
1543404600000,1.12851,1.12886,1.12832,1.12884,3132.45
1543405500000,1.12884,1.12888,1.12786,1.12793,3311.26
1543406400000,1.12793,1.12837,1.12793,1.12827,3086.86
1543407300000,1.12826,1.12864,1.12818,1.12829,3085.13
1543408200000,1.1283,1.12849,1.1278,1.12801,2823.88
1543409100000,1.12802,1.129,1.12802,1.1288,4068.64
1543410000000,1.12879,1.12888,1.1282,1.12834,3046.47
1543410900000,1.12833,1.12872,1.12813,1.12861,3149.33
1543411800000,1.12863,1.12898,1.12795,1.12856,3639.17
1543412700000,1.12856,1.12917,1.12839,1.12875,3340.56
1543413600000,1.12875,1.12884,1.12753,1.12795,4156.65
1543414500000,1.12794,1.12832,1.12759,1.12803,3952.89
1543415400000,1.12804,1.1284,1.1278,1.12806,4241.31
1543416300000,1.12805,1.12807,1.12684,1.12757,4421.55
1543417200000,1.12758,1.12789,1.12698,1.12764,4101.33
1543418100000,1.12764,1.12797,1.12721,1.1277,3382.89
1543419000000,1.1277,1.12857,1.12762,1.12807,4108.19
1543419900000,1.12808,1.12853,1.12737,1.12751,4252.28
1543420800000,1.12754,1.1285,1.12724,1.12834,3432.99
1543421700000,1.12834,1.12837,1.12777,1.12828,3029.54
1543422600000,1.12828,1.1286,1.12796,1.12843,3258.08
1543423500000,1.12844,1.1287,1.12815,1.12848,3560.49
1543424400000,1.12848,1.13695,1.12848,1.1355,9094.72
1543425300000,1.13548,1.13636,1.13399,1.13447,6371.02
1543426200000,1.13451,1.13469,1.13271,1.13341,5465.57
1543427100000,1.1334,1.13505,1.1334,1.13441,5561.72
1543428000000,1.1344,1.13795,1.13387,1.13717,6053.01
1543428900000,1.13716,1.13875,1.1371,1.13766,5370.74
1543429800000,1.13768,1.13814,1.13704,1.13725,4681.18
1543430700000,1.13726,1.13867,1.13715,1.13744,4137.83
1543431600000,1.13745,1.13798,1.1367,1.13798,4213
1543432500000,1.13797,1.13852,1.13757,1.13826,4108.11
1543433400000,1.13826,1.13826,1.13701,1.13772,3375.59
1543434300000,1.13773,1.13797,1.13741,1.13753,2807.49
1543435200000,1.13757,1.1376,1.1371,1.13725,2708.54
1543436100000,1.13725,1.13735,1.13691,1.13703,2876.78
1543437000000,1.13705,1.13716,1.13675,1.13712,2368.43
1543437900000,1.13711,1.13735,1.1367,1.13694,2097.92
1543438800000,1.13693,1.13697,1.13672,1.1368,1292.23
1543439700000,1.1368,1.13699,1.13676,1.13681,1002.07
1543440600000,1.13682,1.13682,1.13656,1.13668,1555.61
1543441500000,1.13668,1.13678,1.13656,1.1366,1124.77
1543442400000,1.13659,1.13707,1.13659,1.13691,854.92
1543443300000,1.13691,1.13693,1.13674,1.1368,710.7
1543444200000,1.13679,1.1371,1.13663,1.13703,1269.53
1543445100000,1.13703,1.13711,1.13659,1.13678,1389.99
1543446000000,1.13678,1.137,1.13674,1.13685,748.77
1543446900000,1.13686,1.13694,1.1368,1.13682,496.58
1543447800000,1.13682,1.13708,1.13682,1.13695,999.22
1543448700000,1.13696,1.13696,1.13674,1.13674,946.48
1543449600000,1.13674,1.13707,1.13651,1.13652,1502.78
1543450500000,1.13651,1.13662,1.1363,1.13646,1327.81
1543451400000,1.13647,1.13684,1.13642,1.13663,1905.23
1543452300000,1.13664,1.13669,1.1364,1.13666,1801.81
1543453200000,1.13666,1.13683,1.13658,1.13677,2270.93
1543454100000,1.13677,1.137,1.13667,1.13699,1797.01
1543455000000,1.13699,1.13712,1.13683,1.13693,2194.18
1543455900000,1.13692,1.1372,1.13689,1.13701,2451.59
1543456800000,1.13707,1.13741,1.1369,1.13737,2821.6
1543457700000,1.13737,1.1374,1.13714,1.13725,1807.77
1543458600000,1.13726,1.13745,1.13723,1.13739,1628.36
1543459500000,1.13739,1.13747,1.13725,1.13736,2060.05
1543460400000,1.13735,1.13754,1.13725,1.13742,2111.57
1543461300000,1.13742,1.13781,1.13739,1.13774,1945.64
1543462200000,1.13775,1.13794,1.13762,1.13785,1563.72
1543463100000,1.13785,1.13788,1.13762,1.13776,1403.73
1543464000000,1.13777,1.1382,1.13763,1.13805,2343.78
1543464900000,1.13806,1.13859,1.138,1.13834,2364.46
1543465800000,1.13832,1.13885,1.13831,1.13856,1974
1543466700000,1.13857,1.13885,1.1384,1.1386,1705.46
1543467600000,1.1386,1.13894,1.13857,1.13893,1581.75
1543468500000,1.13894,1.1392,1.13875,1.13876,2081.17
1543469400000,1.13876,1.13876,1.13837,1.13863,1808.47
1543470300000,1.13863,1.13869,1.13835,1.13862,1839.86
1543471200000,1.13862,1.13914,1.13843,1.13902,2206.98
1543472100000,1.13901,1.13901,1.13821,1.13826,2140.68
1543473000000,1.13827,1.13836,1.13781,1.13823,2250.42
1543473900000,1.13823,1.13876,1.13799,1.13807,2317.42
1543474800000,1.13807,1.13852,1.13747,1.13822,3797.4
1543475700000,1.13824,1.13858,1.13803,1.13824,3214.74
1543476600000,1.13822,1.13974,1.1382,1.13905,4134.97
1543477500000,1.13902,1.13927,1.13841,1.13893,3254.87
1543478400000,1.13864,1.13961,1.1383,1.13943,4050.3
1543479300000,1.13943,1.13975,1.13882,1.13883,3137.11
1543480200000,1.13884,1.13906,1.13792,1.13795,3446.49
1543481100000,1.13795,1.1381,1.1372,1.13759,3770.74
1543482000000,1.13762,1.13787,1.1368,1.13697,3112.28
1543482900000,1.13698,1.13738,1.13679,1.13713,3037.92
1543483800000,1.13714,1.13744,1.13661,1.13672,2571.2
1543484700000,1.13672,1.13712,1.13651,1.13705,2611.37
1543485600000,1.13709,1.13756,1.13683,1.13732,3120.41
1543486500000,1.1373,1.1373,1.13632,1.1364,2776.59
1543487400000,1.13641,1.1367,1.13603,1.13607,2720.31
1543488300000,1.13607,1.13611,1.13507,1.13508,3151.45
1543489200000,1.13511,1.13555,1.13486,1.13554,3131.15
1543490100000,1.13556,1.13566,1.13516,1.13523,2847.4
1543491000000,1.13522,1.13589,1.13512,1.13582,3532.17
1543491900000,1.13581,1.13684,1.13578,1.13664,3394.09
1543492800000,1.13664,1.13809,1.13644,1.1378,3907.68
1543493700000,1.13779,1.13815,1.13748,1.13779,3357.45
1543494600000,1.1378,1.13795,1.13733,1.13783,3930.32
1543495500000,1.13783,1.13946,1.13773,1.13864,4564.41
1543496400000,1.13865,1.13925,1.13847,1.13874,3657.65
1543497300000,1.13873,1.13931,1.13858,1.13893,3856.6
1543498200000,1.13894,1.14016,1.13853,1.13869,5347.8
1543499100000,1.13868,1.13869,1.13705,1.13716,4477.65
1543500000000,1.13715,1.13758,1.13656,1.13744,4258.75
1543500900000,1.13744,1.13796,1.13678,1.13714,3408.98
1543501800000,1.13716,1.13786,1.1369,1.13765,4361.77
1543502700000,1.13765,1.13863,1.1376,1.13839,3692.85
1543503600000,1.13839,1.13853,1.13645,1.13692,3665.31
1543504500000,1.1369,1.1379,1.13684,1.13787,3380.44
1543505400000,1.13785,1.13856,1.13695,1.13755,5135.32
1543506300000,1.13756,1.13865,1.13738,1.13863,3941.4
1543507200000,1.13863,1.13965,1.13849,1.13919,3853.7
1543508100000,1.13919,1.13975,1.13788,1.13791,4996.77
1543509000000,1.13793,1.13841,1.1375,1.13823,4042.23
1543509900000,1.1382,1.13865,1.1381,1.1382,3568.27
1543510800000,1.13819,1.13835,1.13769,1.13771,3139.63
1543511700000,1.13771,1.13796,1.13766,1.13773,2338.39
1543512600000,1.13773,1.13777,1.13711,1.13718,3004.76
1543513500000,1.13718,1.13767,1.13636,1.13725,3143.67
1543514400000,1.13726,1.13769,1.13689,1.13703,3313.15
1543515300000,1.13701,1.13795,1.13697,1.13769,3113.09
1543516200000,1.1377,1.13801,1.13753,1.13781,2518.64
1543517100000,1.13781,1.13788,1.13738,1.13761,2747.71
1543518000000,1.13761,1.13912,1.13702,1.1375,5372.76
1543518900000,1.13749,1.13749,1.13643,1.13724,3509.98
1543519800000,1.13724,1.1385,1.13721,1.13842,2943.66
1543520700000,1.13841,1.13911,1.13797,1.1389,4301.59
1543521600000,1.13891,1.13891,1.13817,1.13844,3359.29
1543522500000,1.13843,1.13884,1.13826,1.13878,2516.99
1543523400000,1.13878,1.13959,1.13878,1.13938,2807.65
1543524300000,1.1394,1.1394,1.13882,1.13893,2464.26
1543525200000,1.13893,1.13903,1.13876,1.13898,1197.82
1543526100000,1.13898,1.13899,1.13873,1.1389,1117.99
1543527000000,1.13889,1.13919,1.13887,1.13918,1017.28
1543527900000,1.13922,1.13945,1.13913,1.13924,1240.24
1543528800000,1.13918,1.13935,1.13829,1.13921,769.89
1543529700000,1.13921,1.13926,1.13896,1.13896,396.68
1543530600000,1.13894,1.13895,1.13853,1.13862,1351.14
1543531500000,1.13863,1.13889,1.1386,1.1388,869.76
1543532400000,1.1388,1.13897,1.1387,1.13895,1615.83
1543533300000,1.13896,1.13898,1.13886,1.13895,815.61
1543534200000,1.13895,1.13902,1.13886,1.13902,1051.47
1543535100000,1.13901,1.13927,1.13898,1.13924,1274.24
1543536000000,1.13924,1.13959,1.13917,1.13926,2113.14
1543536900000,1.13926,1.13936,1.13901,1.13926,1717.7
1543537800000,1.13926,1.13938,1.13916,1.13932,1829.88
1543538700000,1.13932,1.13932,1.13889,1.1389,2115.26
1543539600000,1.13891,1.13892,1.13857,1.13877,2210.72
1543540500000,1.13877,1.13889,1.1385,1.13859,2511.41
1543541400000,1.13859,1.13872,1.13847,1.13871,2197
1543542300000,1.1387,1.13909,1.13859,1.13907,2303.18
1543543200000,1.13906,1.1391,1.13876,1.1391,2432.33
1543544100000,1.1391,1.13938,1.13907,1.13937,2052.42
1543545000000,1.13936,1.13947,1.13925,1.13944,1993.9
1543545900000,1.13945,1.13983,1.13935,1.13983,2531.22
1543546800000,1.13982,1.14003,1.13956,1.13959,2195.7
1543547700000,1.1396,1.1399,1.1396,1.13965,1515.92
1543548600000,1.13965,1.13967,1.13939,1.1394,2141.32
1543549500000,1.1394,1.13957,1.13925,1.13955,1909.07
1543550400000,1.13955,1.13961,1.1394,1.13945,1544.02
1543551300000,1.13944,1.1395,1.13925,1.1393,1705.57
1543552200000,1.1393,1.13931,1.13902,1.13929,1626.21
1543553100000,1.1393,1.13939,1.13921,1.13927,1237.61
1543554000000,1.13926,1.13932,1.1391,1.13915,1364.37
1543554900000,1.13915,1.13955,1.13905,1.13935,1467.08
1543555800000,1.13935,1.13937,1.13902,1.13911,1681.25
1543556700000,1.13912,1.1394,1.13908,1.13916,2027.56
1543557600000,1.13916,1.1393,1.13883,1.13902,2216.92
1543558500000,1.13901,1.13935,1.13896,1.13931,1938.53
1543559400000,1.13935,1.13953,1.13892,1.13947,1731.27
1543560300000,1.13948,1.13971,1.13877,1.13907,2728.5
1543561200000,1.13907,1.13943,1.13876,1.13903,2536.29
1543562100000,1.13904,1.13928,1.13857,1.13883,2802.13
1543563000000,1.13882,1.13898,1.13856,1.1386,2573.45
1543563900000,1.13861,1.13872,1.13804,1.13811,2900.41
1543564800000,1.13811,1.13837,1.13749,1.13783,2875.3
1543565700000,1.13782,1.13822,1.13756,1.13802,2951.79
1543566600000,1.13802,1.13802,1.13761,1.13786,2710.06
1543567500000,1.13786,1.13874,1.13752,1.13873,3475.1
1543568400000,1.13872,1.13886,1.13809,1.13812,3181.4
1543569300000,1.13811,1.13828,1.13736,1.13759,3556.78
1543570200000,1.1376,1.13761,1.137,1.13734,3485.89
1543571100000,1.13735,1.13776,1.13701,1.13706,3350.18
1543572000000,1.13706,1.13725,1.13574,1.13597,4358.9
1543572900000,1.13598,1.13664,1.13596,1.13664,3753.53
1543573800000,1.13663,1.13705,1.13652,1.13677,3358.38
1543574700000,1.13677,1.1373,1.13659,1.13703,3376.38
1543575600000,1.13704,1.13789,1.13692,1.13784,3780.48
1543576500000,1.13783,1.13792,1.13756,1.13757,3072.94
1543577400000,1.13757,1.13767,1.13731,1.13753,3409.75
1543578300000,1.13753,1.13762,1.13701,1.13714,2776.41
1543579200000,1.13715,1.13717,1.13614,1.13639,3209.33
1543580100000,1.13639,1.13695,1.13628,1.13659,3609.67
1543581000000,1.13658,1.13699,1.13646,1.13692,3766.74
1543581900000,1.13692,1.13704,1.13619,1.13659,3477.28
1543582800000,1.13662,1.13677,1.13592,1.13594,3571.04
1543583700000,1.13592,1.13673,1.13589,1.13649,4707.31
1543584600000,1.13648,1.1368,1.13615,1.13634,4142.3
1543585500000,1.13633,1.13654,1.13556,1.13569,3887.07
1543586400000,1.13568,1.1369,1.13547,1.13672,4043.8
1543587300000,1.13675,1.13694,1.13535,1.13546,4510.67
1543588200000,1.13546,1.13562,1.13421,1.13445,4531.94
1543589100000,1.13443,1.13443,1.13322,1.13383,4820.73
1543590000000,1.1338,1.13446,1.13351,1.13413,4495.71
1543590900000,1.13411,1.1342,1.13325,1.13349,4252.1
1543591800000,1.13347,1.13364,1.13254,1.13296,3909.08
1543592700000,1.13295,1.13375,1.13186,1.13236,4627.68
1543593600000,1.13239,1.13257,1.13164,1.13205,4800.01
1543594500000,1.13204,1.13254,1.13105,1.13222,4194.33
1543595400000,1.13221,1.13265,1.13182,1.13229,4173.1
1543596300000,1.13229,1.13239,1.13186,1.13213,4294.75
1543597200000,1.13212,1.13259,1.13201,1.13241,3540.06
1543598100000,1.1324,1.13248,1.13194,1.13225,2970.69
1543599000000,1.13223,1.13234,1.13147,1.13156,3458.28
1543599900000,1.13155,1.13168,1.1311,1.13148,4215.71
1543600800000,1.13146,1.1315,1.13054,1.13062,3999.55
1543601700000,1.13062,1.13096,1.13059,1.13079,3113.29
1543602600000,1.13081,1.13133,1.13078,1.13115,3666.23
1543603500000,1.13115,1.13156,1.13113,1.13145,3200.02
1543604400000,1.13145,1.13161,1.13128,1.1314,2975.59
1543605300000,1.13139,1.13149,1.13104,1.13114,2729.46
1543606200000,1.13114,1.13136,1.13097,1.13129,1904.87
1543607100000,1.13128,1.13137,1.13086,1.13089,2475.03
1543608000000,1.13095,1.13119,1.13079,1.13108,1200.62
1543608900000,1.13108,1.13114,1.1309,1.13099,2284.68
1543609800000,1.131,1.13144,1.13098,1.13141,1877.7
1543610700000,1.1314,1.13217,1.13121,1.13215,1981.99
1543611600000,1.13216,1.13221,1.13177,1.1318,1467.27
1543612500000,1.13179,1.13181,1.13149,1.13156,1060.38
1543613400000,1.13156,1.13172,1.13131,1.13172,960.47
1543614300000,1.13172,1.13204,1.13142,1.13164,1021.6
