timestamp,open,high,low,close,volume
1333314000000,1.33584,1.33633,1.33576,1.33611,506.91
1333314900000,1.33611,1.33631,1.33589,1.33624,377.16
1333315800000,1.33624,1.33624,1.33592,1.33606,350.15
1333316700000,1.33608,1.33611,1.33559,1.33566,404.05
1333317600000,1.3357,1.33697,1.33556,1.33693,826.03
1333318500000,1.33695,1.33718,1.33677,1.33702,926.51
1333319400000,1.33702,1.33722,1.3368,1.33719,633.58
1333320300000,1.33719,1.3376,1.33719,1.33723,877.81
1333321200000,1.33722,1.33728,1.33626,1.33661,580.03
1333322100000,1.33661,1.33661,1.33592,1.33626,903.35
1333323000000,1.33628,1.33691,1.33628,1.33669,818.83
1333323900000,1.33668,1.33668,1.3356,1.33565,1069.04
1333324800000,1.33563,1.33572,1.33478,1.33525,1898.56
1333325700000,1.33525,1.33587,1.33461,1.33487,1518.17
1333326600000,1.33488,1.33514,1.33461,1.33464,1591.12
1333327500000,1.33464,1.33484,1.33361,1.3339,1748.94
1333328400000,1.33389,1.33431,1.33355,1.33392,1240.14
1333329300000,1.33392,1.3345,1.33386,1.33449,1289.9
1333330200000,1.33447,1.33447,1.33365,1.33431,1723.42
1333331100000,1.33431,1.33433,1.33369,1.33399,1541.36
1333332000000,1.33402,1.33403,1.33368,1.33391,990.72
1333332900000,1.33394,1.3343,1.33386,1.33429,775.93
1333333800000,1.33429,1.33458,1.33409,1.3344,863.52
1333334700000,1.33441,1.33441,1.33406,1.33417,1040.72
1333335600000,1.33417,1.33421,1.33373,1.33401,894.98
1333336500000,1.33401,1.33409,1.33346,1.33381,792.07
1333337400000,1.33381,1.3339,1.33309,1.33343,1172.75
1333338300000,1.3334,1.33372,1.3333,1.3334,981.02
1333339200000,1.33338,1.33382,1.33321,1.33376,1081.99
1333340100000,1.33376,1.33399,1.33342,1.33367,888.47
1333341000000,1.33367,1.33383,1.33345,1.33369,894.23
1333341900000,1.33367,1.33404,1.3335,1.33404,833.33
1333342800000,1.33404,1.33477,1.33388,1.33414,1503.87
1333343700000,1.33414,1.33434,1.3338,1.33403,897.76
1333344600000,1.33407,1.33428,1.33388,1.33388,1070.44
1333345500000,1.33388,1.3341,1.3336,1.33362,1562.44
1333346400000,1.33361,1.33468,1.3334,1.3343,2416.12
1333347300000,1.33431,1.33505,1.33387,1.33502,2548.44
1333348200000,1.33502,1.3356,1.33492,1.33525,2796.41
1333349100000,1.33524,1.33537,1.33437,1.33466,2483.93
1333350000000,1.33468,1.33521,1.33417,1.33504,2868.06
1333350900000,1.33505,1.33519,1.3342,1.33502,3075.28
1333351800000,1.33501,1.33678,1.33494,1.33624,3522.49
1333352700000,1.33624,1.33669,1.3353,1.33637,3301.2
1333353600000,1.33637,1.33778,1.33615,1.33691,3864.74
1333354500000,1.33686,1.33803,1.3367,1.33687,3532.01
1333355400000,1.33687,1.33692,1.33502,1.33544,4144.62
1333356300000,1.33544,1.3358,1.3348,1.33558,3749.57
1333357200000,1.33558,1.33602,1.33388,1.33425,3751.39
1333358100000,1.33425,1.33502,1.334,1.33483,3576.79
1333359000000,1.33483,1.33542,1.33472,1.33522,2865.76
1333359900000,1.33522,1.33592,1.33445,1.33516,2946.47
1333360800000,1.33519,1.33617,1.33482,1.33583,2882.55
1333361700000,1.33582,1.33595,1.33522,1.3353,2176.18
1333362600000,1.3353,1.33534,1.33412,1.33461,2970.73
1333363500000,1.3346,1.3349,1.33365,1.33374,2822.52
1333364400000,1.33374,1.3348,1.33364,1.33428,2447.29
1333365300000,1.33428,1.33455,1.33381,1.334,2282.27
1333366200000,1.33401,1.33472,1.33401,1.33443,2483.63
1333367100000,1.33443,1.33451,1.3324,1.33273,3412.49
1333368000000,1.33275,1.33302,1.33155,1.3319,3680.72
1333368900000,1.3319,1.33229,1.3315,1.33224,3024.55
1333369800000,1.33223,1.33243,1.3315,1.33193,2943.78
1333370700000,1.33195,1.33232,1.33063,1.33084,3223.29
1333371600000,1.33087,1.33096,1.32828,1.3285,4495.73
1333372500000,1.3285,1.32878,1.32777,1.32842,3865.6
1333373400000,1.32839,1.3295,1.32811,1.32934,3746.27
1333374300000,1.3294,1.3296,1.32911,1.32922,3232.68
1333375200000,1.32921,1.33018,1.32851,1.32975,4280.82
1333376100000,1.32975,1.3303,1.32918,1.32957,3409.12
1333377000000,1.32955,1.32981,1.32854,1.32886,3128.92
1333377900000,1.32886,1.3301,1.32885,1.32999,3217.84
1333378800000,1.33,1.33152,1.33,1.33136,3981.81
1333379700000,1.33137,1.33164,1.33097,1.33139,2991.21
1333380600000,1.33139,1.33157,1.33073,1.33102,2233.18
1333381500000,1.33102,1.33272,1.33099,1.33232,3089
1333382400000,1.33232,1.33286,1.3323,1.33274,2358.63
1333383300000,1.33275,1.33355,1.33238,1.33336,2168.67
1333384200000,1.33336,1.33378,1.33318,1.33346,2220.17
1333385100000,1.33344,1.33346,1.33276,1.33281,2019.13
1333386000000,1.33281,1.33289,1.33245,1.33253,2007.03
1333386900000,1.33252,1.33258,1.3319,1.33229,1453.14
1333387800000,1.33229,1.33257,1.33213,1.33247,1490.97
1333388700000,1.33246,1.33288,1.33234,1.33257,1419.81
1333389600000,1.33257,1.33272,1.33218,1.33256,1885.9
1333390500000,1.33256,1.33279,1.33241,1.33258,1425.24
1333391400000,1.33258,1.33288,1.33242,1.3327,1569.17
1333392300000,1.3327,1.33331,1.33248,1.3333,2140.72
1333393200000,1.33333,1.33339,1.3329,1.33298,1762.18
1333394100000,1.33298,1.3333,1.33296,1.33301,1292.94
1333395000000,1.33301,1.33309,1.33257,1.33279,1214.41
1333395900000,1.3328,1.33292,1.33245,1.33276,1563.66
1333396800000,1.33278,1.33285,1.33227,1.33236,1397.86
1333397700000,1.33236,1.33268,1.33227,1.33261,865.81
1333398600000,1.33261,1.33279,1.33233,1.33236,1085.26
1333399500000,1.33236,1.33237,1.33186,1.33197,788.09
1333400400000,1.33194,1.33244,1.33169,1.33237,565.49
1333401300000,1.33231,1.33285,1.33203,1.33237,478.66
1333402200000,1.33237,1.33251,1.33149,1.33205,817.74
1333403100000,1.33205,1.33209,1.33143,1.33166,596.91
1333404000000,1.33166,1.33184,1.33153,1.33184,263.33
1333404900000,1.33184,1.33235,1.33182,1.33209,619.03
1333405800000,1.33209,1.33243,1.33195,1.3322,689.02
1333406700000,1.33222,1.33258,1.33212,1.33252,614.06
1333407600000,1.33253,1.33285,1.3323,1.3324,490.61
1333408500000,1.3324,1.33261,1.33212,1.33255,765.55
1333409400000,1.33255,1.33272,1.33231,1.33247,1017.35
1333410300000,1.33247,1.33328,1.33247,1.33296,1596.73
1333411200000,1.33296,1.33359,1.33289,1.33356,1863.25
1333412100000,1.33355,1.3336,1.33279,1.33318,1259.04
1333413000000,1.33319,1.33362,1.333,1.33346,1282.88
1333413900000,1.33346,1.33417,1.33342,1.33413,1231.74
1333414800000,1.33412,1.3355,1.33408,1.33459,2357.57
1333415700000,1.33459,1.33481,1.33446,1.33446,1245.97
1333416600000,1.33446,1.33492,1.33399,1.33428,1414.91
1333417500000,1.33428,1.33477,1.33425,1.33467,1162.01
1333418400000,1.33467,1.33502,1.33462,1.33483,1217.43
1333419300000,1.33483,1.33515,1.33434,1.33445,1105.71
1333420200000,1.33445,1.33465,1.3342,1.33457,807.77
1333421100000,1.33459,1.33462,1.3341,1.33426,713.13
1333422000000,1.33425,1.33451,1.33421,1.33425,765.28
1333422900000,1.33425,1.33463,1.33407,1.33447,869.29
1333423800000,1.33448,1.33473,1.33409,1.33422,1031.82
1333424700000,1.33421,1.33436,1.33396,1.33402,764.8
1333425600000,1.33402,1.33411,1.33296,1.3332,1248.95
1333426500000,1.33323,1.33386,1.33314,1.3337,1149.39
1333427400000,1.33366,1.33409,1.33247,1.33392,2295.7
1333428300000,1.33392,1.33424,1.33328,1.33376,1371.82
1333429200000,1.33376,1.33377,1.33313,1.33342,1185.41
1333430100000,1.33342,1.334,1.33337,1.33382,1410.11
1333431000000,1.33384,1.33401,1.33352,1.33385,1224.23
1333431900000,1.33385,1.33394,1.33299,1.33325,1180.57
1333432800000,1.33325,1.33496,1.3329,1.33465,2339.96
1333433700000,1.33465,1.33488,1.33396,1.33473,2177.38
1333434600000,1.33471,1.33493,1.3339,1.33424,2683.58
1333435500000,1.33424,1.33459,1.33385,1.33391,2370.62
1333436400000,1.33393,1.3347,1.33333,1.33465,3120
1333437300000,1.33465,1.33535,1.33387,1.33418,3957.68
1333438200000,1.33418,1.33492,1.33401,1.33431,3323.22
1333439100000,1.33435,1.33461,1.33371,1.33378,3347.32
1333440000000,1.3338,1.33466,1.3338,1.33425,3199.93
1333440900000,1.33426,1.33445,1.33292,1.3336,3313.67
1333441800000,1.33358,1.3341,1.3333,1.33356,3183.36
1333442700000,1.33358,1.33387,1.33314,1.33336,2784.37
1333443600000,1.33336,1.33476,1.33331,1.33476,3023.85
1333444500000,1.33484,1.33537,1.33468,1.33491,3368.67
1333445400000,1.33488,1.33671,1.33478,1.33586,3884.3
1333446300000,1.33586,1.33586,1.33411,1.33424,3185.57
1333447200000,1.33425,1.33471,1.3337,1.3342,2802.73
1333448100000,1.33419,1.33457,1.33388,1.33427,2452.73
1333449000000,1.33427,1.33447,1.33345,1.33394,2397.67
1333449900000,1.33394,1.33429,1.3335,1.33388,2627.26
1333450800000,1.33388,1.3345,1.33292,1.33301,2475.53
1333451700000,1.33298,1.33311,1.33117,1.33119,3528.57
1333452600000,1.33119,1.33202,1.33105,1.33156,3397.36
1333453500000,1.33156,1.33187,1.33,1.3307,3704.5
1333454400000,1.3307,1.33149,1.33063,1.33149,2973.48
1333455300000,1.3315,1.33167,1.33046,1.33079,3053.59
1333456200000,1.3308,1.33216,1.33029,1.33216,3815.69
1333457100000,1.33216,1.33232,1.3315,1.33178,2508.76
1333458000000,1.33179,1.33237,1.33145,1.3321,2851.46
1333458900000,1.33214,1.33242,1.33158,1.33222,2998.22
1333459800000,1.3322,1.33236,1.33168,1.33186,3516.43
1333460700000,1.33187,1.33191,1.33126,1.33168,3123.2
1333461600000,1.33168,1.33223,1.33095,1.3311,3733.01
1333462500000,1.33111,1.33119,1.3299,1.33116,3780.17
1333463400000,1.33121,1.33366,1.33119,1.33363,3798.2
1333464300000,1.33363,1.33457,1.3333,1.33391,4285.32
1333465200000,1.33392,1.33395,1.33301,1.33336,3041.9
1333466100000,1.33336,1.33354,1.33309,1.33337,3041.16
1333467000000,1.33337,1.33391,1.33299,1.33387,2668.06
1333467900000,1.33387,1.33416,1.33336,1.3336,1960.33
1333468800000,1.3336,1.33362,1.33226,1.33247,2063.84
1333469700000,1.3325,1.33283,1.33234,1.33282,1611.34
1333470600000,1.33281,1.33339,1.33268,1.33325,1788.51
1333471500000,1.33326,1.33342,1.33287,1.33299,1299.9
1333472400000,1.333,1.33324,1.33279,1.33319,1290.91
1333473300000,1.33319,1.33355,1.33309,1.33349,1245.53
1333474200000,1.33349,1.33367,1.3334,1.33347,1345.17
1333475100000,1.33347,1.33409,1.33346,1.33399,1884.1
1333476000000,1.33398,1.33398,1.32498,1.32668,6126.92
1333476900000,1.32668,1.32668,1.3232,1.32351,5342.79
1333477800000,1.32354,1.32392,1.32248,1.32289,4721.48
1333478700000,1.32286,1.32374,1.32131,1.32166,3764.21
1333479600000,1.32163,1.32329,1.32141,1.32216,3956.25
1333480500000,1.32216,1.32284,1.32171,1.3223,3311.26
1333481400000,1.3223,1.32317,1.32226,1.32296,2954.93
1333482300000,1.32301,1.32347,1.32291,1.32324,2796.8
1333483200000,1.32326,1.32353,1.32291,1.3232,1965.34
1333484100000,1.32317,1.32364,1.32298,1.32336,1188.93
1333485000000,1.32338,1.32343,1.32295,1.3233,1245.3
1333485900000,1.3233,1.32367,1.32321,1.32325,880.78
1333486800000,1.32325,1.3235,1.32288,1.32337,380.71
1333487700000,1.32338,1.32384,1.32318,1.32341,858
1333488600000,1.32346,1.32369,1.32332,1.32353,745.48
1333489500000,1.32353,1.32357,1.32265,1.32348,648.32
1333490400000,1.32352,1.32377,1.32271,1.32295,434.22
1333491300000,1.32293,1.32325,1.32283,1.32301,575.16
1333492200000,1.32301,1.32301,1.32195,1.3221,1008.59
1333493100000,1.3221,1.32256,1.3217,1.32232,1389.3
1333494000000,1.32233,1.32262,1.32222,1.32232,907.64
1333494900000,1.32232,1.32292,1.32225,1.32271,1220.77
1333495800000,1.32272,1.32332,1.32267,1.32311,1217.06
1333496700000,1.32311,1.32334,1.32221,1.32225,1182.16
1333497600000,1.32225,1.32322,1.32174,1.32195,2420.98
1333498500000,1.32198,1.32288,1.32198,1.32264,1984.86
1333499400000,1.32266,1.32327,1.32225,1.32272,1592.32
1333500300000,1.32273,1.32304,1.3223,1.32255,1256.99
1333501200000,1.32255,1.32269,1.32208,1.32245,1424.35
1333502100000,1.32247,1.32294,1.32213,1.32275,1257.26
1333503000000,1.32275,1.32283,1.31912,1.31917,3118.51
1333503900000,1.31917,1.32024,1.31899,1.31942,2909.15
1333504800000,1.3194,1.31993,1.31929,1.31949,1286.54
1333505700000,1.31949,1.31953,1.31838,1.31932,2356.26
1333506600000,1.31934,1.32036,1.31934,1.32009,1686.4
1333507500000,1.32009,1.32029,1.31981,1.32019,877.58
1333508400000,1.32017,1.32022,1.31989,1.3201,1014.06
1333509300000,1.32008,1.32023,1.3198,1.32002,839.92
1333510200000,1.32001,1.32011,1.31966,1.31969,851.99
1333511100000,1.31969,1.32017,1.31958,1.32012,796.42
1333512000000,1.32011,1.32041,1.31992,1.32031,860.19
1333512900000,1.32038,1.32038,1.31977,1.32029,1005.84
1333513800000,1.32029,1.32041,1.32011,1.32038,848.12
1333514700000,1.32037,1.32037,1.31851,1.31854,1606.76
1333515600000,1.3186,1.31934,1.31856,1.31885,1837.53
1333516500000,1.31885,1.31963,1.31884,1.31956,1600.74
1333517400000,1.31956,1.32024,1.3192,1.32008,1733.41
1333518300000,1.32008,1.32008,1.31918,1.3197,1938.2
1333519200000,1.3197,1.32021,1.31939,1.31991,2732.44
1333520100000,1.31991,1.32114,1.3194,1.32112,2878.59
1333521000000,1.32116,1.32117,1.31985,1.31996,2998.53
1333521900000,1.31997,1.3206,1.31954,1.32005,2796.55
1333522800000,1.32004,1.32062,1.31823,1.31892,4144.25
1333523700000,1.31892,1.31946,1.31845,1.31901,3808.65
1333524600000,1.31901,1.32,1.3182,1.31942,4005.51
1333525500000,1.31942,1.31982,1.31895,1.31901,2739.06
1333526400000,1.319,1.319,1.3175,1.31888,3964.06
1333527300000,1.31888,1.31969,1.31868,1.31919,3221.7
1333528200000,1.31922,1.31928,1.31757,1.31763,3416.79
1333529100000,1.31771,1.31795,1.3164,1.31717,4242.09
1333530000000,1.31718,1.31745,1.31639,1.31686,3276.38
1333530900000,1.31686,1.31741,1.3165,1.31694,3451.09
1333531800000,1.31694,1.31716,1.31608,1.31627,3248.59
1333532700000,1.31627,1.31764,1.31627,1.31748,2994.68
1333533600000,1.31747,1.31759,1.31648,1.31689,2915.92
1333534500000,1.31689,1.31689,1.31595,1.31645,3217.07
1333535400000,1.31644,1.31693,1.31623,1.31693,2418.36
1333536300000,1.31693,1.31699,1.3161,1.3162,2724.83
1333537200000,1.31614,1.31638,1.31517,1.31539,4013.35
1333538100000,1.31539,1.31554,1.31412,1.31514,3566.84
1333539000000,1.31513,1.31545,1.3142,1.31545,2875
1333539900000,1.31531,1.31545,1.3145,1.31465,3013.51
1333540800000,1.31466,1.31541,1.3141,1.31416,3381.82
1333541700000,1.31412,1.31455,1.31262,1.31312,4791.46
1333542600000,1.31313,1.31376,1.311,1.31162,5017.06
1333543500000,1.31162,1.31269,1.31144,1.31202,4248.37
1333544400000,1.31202,1.31244,1.31073,1.312,4162.79
1333545300000,1.312,1.31266,1.31125,1.31253,3362.16
1333546200000,1.31252,1.31408,1.31179,1.31396,4445.61
1333547100000,1.31396,1.31396,1.31281,1.31344,3369.64
1333548000000,1.31351,1.31453,1.3132,1.31395,4783.14
1333548900000,1.31392,1.31417,1.31254,1.31324,3960.6
1333549800000,1.31321,1.31332,1.3122,1.31316,4144.48
1333550700000,1.31316,1.31317,1.3112,1.31168,4050.33
1333551600000,1.31169,1.31322,1.31153,1.31274,3811.66
1333552500000,1.31272,1.31316,1.31237,1.31248,3176.82
1333553400000,1.31248,1.31413,1.31237,1.31364,2709.38
1333554300000,1.31364,1.31371,1.31252,1.31274,2606.4
1333555200000,1.31273,1.31327,1.3123,1.31275,2041.25
1333556100000,1.31274,1.31385,1.31273,1.31311,1719.81
1333557000000,1.31312,1.31371,1.31302,1.31344,1642.79
1333557900000,1.31344,1.31367,1.31302,1.31349,1978.93
1333558800000,1.31349,1.31362,1.3126,1.31277,1958.82
1333559700000,1.31278,1.31305,1.31263,1.31292,1815.71
1333560600000,1.31291,1.31383,1.3126,1.31373,1900.37
1333561500000,1.31373,1.31418,1.31351,1.31396,1824.29
1333562400000,1.31397,1.31445,1.31383,1.31445,1893.07
1333563300000,1.31447,1.31459,1.3135,1.31383,1712.46
1333564200000,1.31384,1.31474,1.31384,1.31463,1824.68
1333565100000,1.31463,1.31476,1.31345,1.31369,2476.85
1333566000000,1.31368,1.31434,1.31363,1.31417,1648.13
1333566900000,1.31415,1.31435,1.31391,1.31409,1498.27
1333567800000,1.31409,1.31416,1.31365,1.31384,1362.01
1333568700000,1.31389,1.31435,1.31384,1.31384,1809.49
1333569600000,1.31384,1.31403,1.31363,1.31399,1381.76
1333570500000,1.31397,1.31427,1.31392,1.31423,1154.79
1333571400000,1.31425,1.31432,1.3141,1.31423,720.28
1333572300000,1.31423,1.31431,1.314,1.31414,953.64
1333573200000,1.31414,1.31416,1.31396,1.31411,390.37
1333574100000,1.31411,1.31424,1.31369,1.31373,408.68
1333575000000,1.31373,1.31419,1.31356,1.31405,998.76
1333575900000,1.31406,1.31419,1.31387,1.314,475.69
1333576800000,1.31402,1.31427,1.31382,1.31389,470.55
1333577700000,1.31389,1.31407,1.31369,1.31383,702.15
1333578600000,1.31383,1.31419,1.31361,1.31398,628.77
1333579500000,1.31398,1.31435,1.31387,1.31429,675.19
1333580400000,1.31429,1.31471,1.31401,1.31429,956.06
1333581300000,1.31428,1.31432,1.31399,1.31429,447.7
1333582200000,1.31429,1.31441,1.31408,1.31421,558.33
1333583100000,1.31421,1.31461,1.3141,1.31435,579.69
1333584000000,1.31435,1.31464,1.31407,1.31443,1195.69
1333584900000,1.31443,1.31477,1.31409,1.31449,1007.25
1333585800000,1.31449,1.31461,1.31419,1.31435,854.01
1333586700000,1.31433,1.31525,1.31423,1.31493,1323.21
1333587600000,1.31493,1.31498,1.31449,1.31473,1028.38
1333588500000,1.31477,1.31504,1.31454,1.31454,1079.16
1333589400000,1.31454,1.3147,1.31372,1.31388,1506.23
1333590300000,1.31387,1.31463,1.31379,1.31425,1464.82
1333591200000,1.31426,1.315,1.31421,1.31473,1251.54
1333592100000,1.31473,1.31535,1.31443,1.31517,1385.02
1333593000000,1.31517,1.31563,1.31478,1.31551,1403.78
1333593900000,1.3155,1.31578,1.31531,1.31551,1192.99
1333594800000,1.31551,1.31569,1.31542,1.31563,648.69
1333595700000,1.31568,1.31587,1.31545,1.31562,1000.48
1333596600000,1.31564,1.31564,1.31478,1.31478,1412.97
1333597500000,1.31478,1.31495,1.31461,1.31469,1287
1333598400000,1.31467,1.31511,1.31467,1.31502,651.43
1333599300000,1.31502,1.31512,1.3148,1.31504,661.91
1333600200000,1.31502,1.31509,1.31478,1.31506,1089.61
1333601100000,1.31505,1.31569,1.31494,1.31556,1032.54
1333602000000,1.31556,1.31581,1.31497,1.31497,1287.1
1333602900000,1.31498,1.31537,1.31498,1.31531,1176.17
1333603800000,1.3153,1.31559,1.31524,1.31542,1011.44
1333604700000,1.31541,1.3155,1.31519,1.31523,1344.01
1333605600000,1.31523,1.3157,1.31485,1.31563,2132.18
1333606500000,1.31561,1.31588,1.31518,1.31586,1831.62
1333607400000,1.31585,1.31642,1.31556,1.31583,2877.43
1333608300000,1.31583,1.31583,1.31491,1.31524,2314.68
1333609200000,1.31522,1.31536,1.31483,1.31509,2635.58
1333610100000,1.3151,1.31522,1.31398,1.31432,3220.82
1333611000000,1.31431,1.31432,1.31297,1.3136,3109.97
1333611900000,1.31361,1.31475,1.31349,1.31436,2873.75
1333612800000,1.31435,1.31542,1.31424,1.31465,2743.63
1333613700000,1.31464,1.31464,1.3132,1.31338,2858.34
1333614600000,1.31337,1.31362,1.31211,1.31215,3720.45
1333615500000,1.31212,1.31243,1.31113,1.31156,3449.6
1333616400000,1.31153,1.31226,1.3107,1.3108,3761.59
1333617300000,1.3108,1.3108,1.30871,1.30959,4471.89
1333618200000,1.30961,1.3097,1.30704,1.30704,4533.46
1333619100000,1.30703,1.30735,1.30569,1.30669,4646.45
1333620000000,1.30666,1.30689,1.30565,1.30659,3425.08
1333620900000,1.30659,1.30681,1.30584,1.30618,3210.52
1333621800000,1.30619,1.30703,1.30614,1.30697,2699.24
1333622700000,1.30697,1.30744,1.30693,1.30702,2511.41
1333623600000,1.30702,1.30743,1.3067,1.307,2297.27
1333624500000,1.30698,1.30784,1.30666,1.30769,2560.24
1333625400000,1.30769,1.30779,1.30711,1.30743,2766.67
1333626300000,1.30741,1.30827,1.3074,1.30783,2582.34
1333627200000,1.30785,1.30808,1.30669,1.30671,2974.07
1333628100000,1.30672,1.30683,1.30588,1.30628,3564.39
1333629000000,1.30628,1.30635,1.30402,1.30508,4093.62
1333629900000,1.30506,1.30579,1.30484,1.30484,2937.75
1333630800000,1.30486,1.30538,1.30419,1.30434,3015.84
1333631700000,1.30436,1.30469,1.30353,1.30449,2992.09
1333632600000,1.3045,1.30624,1.30445,1.306,3834.26
1333633500000,1.306,1.30686,1.30599,1.30611,3192.26
1333634400000,1.30611,1.30662,1.3057,1.30575,3302.93
1333635300000,1.30573,1.30628,1.30511,1.30605,2996.57
1333636200000,1.30605,1.30669,1.30545,1.3065,3237.28
1333637100000,1.30649,1.30717,1.3062,1.30623,3256.63
1333638000000,1.30623,1.30746,1.30589,1.30735,3326.88
1333638900000,1.30734,1.30739,1.30608,1.3064,2625.67
1333639800000,1.30637,1.30661,1.30561,1.30629,2174.31
1333640700000,1.30629,1.30659,1.30613,1.30647,1909.89
1333641600000,1.30652,1.30658,1.30583,1.30584,1624.94
1333642500000,1.30584,1.30649,1.30578,1.30626,1731.28
1333643400000,1.30626,1.30644,1.30588,1.30615,1584.63
1333644300000,1.30616,1.30637,1.30584,1.30625,1339.76
1333645200000,1.30623,1.30623,1.30545,1.30609,1983.23
1333646100000,1.30611,1.30628,1.30585,1.30627,1209.77
1333647000000,1.30627,1.30631,1.30596,1.30617,1299.68
1333647900000,1.30617,1.30642,1.30574,1.30578,1857.4
1333648800000,1.30578,1.30606,1.30555,1.30595,1588.87
1333649700000,1.30595,1.30621,1.30584,1.30597,1318.38
1333650600000,1.30598,1.30616,1.30564,1.30571,1083.48
1333651500000,1.30569,1.30637,1.30559,1.3062,1695.68
1333652400000,1.3062,1.3062,1.30574,1.30593,1299.94
1333653300000,1.30592,1.30652,1.30572,1.30647,1521.11
1333654200000,1.30647,1.30677,1.3062,1.30666,1161.17
1333655100000,1.30666,1.30672,1.30627,1.30648,1497.36
1333656000000,1.3065,1.3065,1.30595,1.30595,1250.48
1333656900000,1.30595,1.30621,1.30595,1.30618,716.27
1333657800000,1.30618,1.30629,1.30588,1.30619,1519.5
1333658700000,1.30622,1.30675,1.30622,1.30647,902.31
1333659600000,1.30646,1.30658,1.30598,1.30653,401.14
1333660500000,1.30653,1.30653,1.30604,1.30619,318.64
1333661400000,1.30619,1.30651,1.30617,1.30617,358.96
1333662300000,1.30617,1.30666,1.30617,1.30631,437.81
1333663200000,1.30632,1.30654,1.30631,1.30643,206.45
1333664100000,1.30637,1.30663,1.30632,1.30662,338.96
1333665000000,1.30663,1.30663,1.30619,1.30635,372.24
1333665900000,1.30632,1.30655,1.30616,1.3064,369.5
1333666800000,1.30632,1.30635,1.30583,1.30604,428.85
1333667700000,1.30602,1.30606,1.30571,1.30575,568.6
1333668600000,1.30577,1.30651,1.30577,1.30609,367.54
1333669500000,1.30607,1.30634,1.30586,1.30622,309.33
1333670400000,1.30622,1.30654,1.30599,1.30621,858.46
1333671300000,1.30619,1.30626,1.30548,1.30555,798.9
1333672200000,1.30559,1.30616,1.30532,1.30608,731.05
1333673100000,1.30608,1.3066,1.30578,1.30578,1265.65
1333674000000,1.30578,1.30638,1.30574,1.30622,784.56
1333674900000,1.30624,1.30692,1.30611,1.30679,1057.48
1333675800000,1.30678,1.30695,1.30646,1.30656,917.91
1333676700000,1.30656,1.30695,1.30656,1.30672,1074.81
1333677600000,1.30673,1.30699,1.30664,1.30666,567.09
1333678500000,1.30668,1.30705,1.30668,1.30704,664.57
1333679400000,1.30707,1.30708,1.30683,1.30684,341.85
1333680300000,1.30684,1.30695,1.3068,1.30687,313.01
1333681200000,1.30687,1.30704,1.30685,1.30693,340.11
1333682100000,1.30691,1.30699,1.30681,1.3069,542.25
1333683000000,1.3069,1.30697,1.30685,1.30685,254.6
1333683900000,1.30685,1.30692,1.30683,1.30685,344.86
1333684800000,1.30686,1.30693,1.3066,1.30679,745.9
1333685700000,1.3068,1.30687,1.3065,1.30666,679.98
1333686600000,1.30666,1.30673,1.3066,1.30664,306.13
1333687500000,1.30665,1.30678,1.30661,1.30671,354.62
1333688400000,1.3067,1.30714,1.30666,1.30698,453.31
1333689300000,1.30698,1.30705,1.30665,1.30696,689.93
1333690200000,1.30696,1.30704,1.30673,1.30679,480.81
1333691100000,1.30679,1.30754,1.30677,1.30724,1275.03
1333692000000,1.30726,1.30761,1.30716,1.30759,809.18
1333692900000,1.3076,1.3077,1.30752,1.30765,497.38
1333693800000,1.30765,1.30774,1.30735,1.30736,980.29
1333694700000,1.30734,1.30737,1.3068,1.30683,1148.13
1333695600000,1.30684,1.30705,1.30644,1.3066,1288.69
1333696500000,1.30659,1.30699,1.30656,1.30693,1034.06
1333697400000,1.30693,1.30695,1.30655,1.30674,937.27
1333698300000,1.30674,1.30675,1.30622,1.30622,1281.54
1333699200000,1.30621,1.30689,1.30621,1.30659,1516.89
1333700100000,1.30659,1.30687,1.30658,1.30674,714.12
1333701000000,1.30676,1.30678,1.30649,1.30669,901.3
1333701900000,1.30669,1.3067,1.30653,1.30656,658.4
1333702800000,1.30656,1.30691,1.30655,1.30688,674.49
1333703700000,1.30687,1.30728,1.30666,1.30717,765.54
1333704600000,1.30716,1.30719,1.30643,1.3065,1124.15
1333705500000,1.3065,1.3065,1.3062,1.30633,514.45
1333706400000,1.30633,1.30664,1.30617,1.30618,1087.39
1333707300000,1.30617,1.3068,1.30614,1.3068,699.27
1333708200000,1.30678,1.30679,1.30655,1.3067,430.56
1333709100000,1.30671,1.30718,1.30666,1.30718,505.35
1333710000000,1.30715,1.30715,1.30682,1.30684,480.49
1333710900000,1.30684,1.30702,1.30643,1.30684,911
1333711800000,1.30686,1.3072,1.30682,1.30692,742.25
1333712700000,1.30691,1.30693,1.30591,1.30626,1275.9
1333713600000,1.30626,1.3064,1.30564,1.30571,1075.56
1333714500000,1.30575,1.30633,1.30512,1.30512,1197.12
1333715400000,1.30514,1.31096,1.30503,1.3106,5322.02
1333716300000,1.31061,1.31098,1.30862,1.30976,4057.32
1333717200000,1.30976,1.31022,1.30809,1.30861,3177.04
1333718100000,1.30861,1.30864,1.30737,1.30831,2128.21
1333719000000,1.3083,1.30835,1.30761,1.30781,1377.84
1333719900000,1.30779,1.3087,1.30779,1.30846,935.21
1333720800000,1.30848,1.309,1.3083,1.30849,1155.27
1333721700000,1.30848,1.30878,1.30844,1.30867,894.65
1333722600000,1.30867,1.30874,1.30809,1.30825,1091.68
1333723500000,1.30825,1.30825,1.30761,1.30808,1064.55
1333724400000,1.30808,1.30841,1.30787,1.3084,1170.73
1333725300000,1.3084,1.30877,1.30806,1.30877,743.96
1333726200000,1.30877,1.30878,1.30845,1.30873,604.65
1333727100000,1.3087,1.30879,1.30858,1.30868,323.05
1333728000000,1.30865,1.30892,1.30865,1.30884,346.75
1333728900000,1.30885,1.30905,1.30871,1.30888,361.39
1333729800000,1.3089,1.30917,1.30879,1.30906,354.94
1333730700000,1.30906,1.30991,1.30887,1.30991,1153.54
1333731600000,1.30989,1.31011,1.30973,1.3099,908.24
1333732500000,1.3099,1.31004,1.30986,1.30988,521.33
1333733400000,1.30988,1.30988,1.30926,1.30948,480.14
1333734300000,1.30948,1.30964,1.30941,1.30961,277.48
1333735200000,1.30961,1.30971,1.30953,1.30956,298.98
1333736100000,1.30957,1.30957,1.3091,1.30914,422.39
1333737000000,1.30913,1.30938,1.30906,1.30926,374.18
1333737900000,1.30923,1.30946,1.3091,1.30939,325.01
1333738800000,1.30939,1.30957,1.30934,1.30939,312.43
1333739700000,1.30939,1.3096,1.3092,1.3094,613.73
1333740600000,1.30941,1.30978,1.3093,1.30969,727.6
1333741500000,1.30968,1.31022,1.30968,1.30984,1161.19
1333742400000,1.30984,1.30984,1.30941,1.30962,194.88
1333743300000,1.30966,1.30976,1.30934,1.30976,252.86
1333744200000,1.30965,1.3101,1.30882,1.309,327.87
1333745100000,1.30909,1.31001,1.30899,1.30964,229.51
1333918800000,1.30985,1.31022,1.30985,1.31015,169.96
1333919700000,1.31019,1.3103,1.30977,1.30996,207.87
1333920600000,1.30998,1.31039,1.3097,1.30978,353.22
1333921500000,1.3099,1.31001,1.30962,1.30974,168.65
1333922400000,1.30974,1.30982,1.30855,1.30903,612.38
1333923300000,1.309,1.30952,1.30899,1.30934,537.48
1333924200000,1.30934,1.30955,1.3087,1.30877,732.5
1333925100000,1.30877,1.30899,1.30661,1.30685,1344.78
1333926000000,1.30685,1.30771,1.30666,1.30762,914.45
1333926900000,1.30758,1.3076,1.30707,1.30735,497.5
1333927800000,1.30736,1.30757,1.30719,1.30735,407.35
1333928700000,1.30735,1.30854,1.30677,1.30851,1013.18
1333929600000,1.30851,1.30877,1.3074,1.30753,1343.87
1333930500000,1.30752,1.30752,1.30609,1.30635,1533.98
1333931400000,1.30636,1.30643,1.30622,1.30641,810.96
1333932300000,1.30639,1.30681,1.3046,1.3046,1761.15
1333933200000,1.3046,1.30496,1.30337,1.30413,1742.76
1333934100000,1.30412,1.30526,1.30403,1.30498,1088.87
1333935000000,1.30497,1.30521,1.30424,1.30495,1228.7
1333935900000,1.30495,1.30525,1.30478,1.30511,785.65
1333936800000,1.30511,1.30571,1.30504,1.3054,754.37
1333937700000,1.3054,1.30585,1.3052,1.30577,738.86
1333938600000,1.30579,1.30584,1.30558,1.30571,510.01
1333939500000,1.30569,1.30607,1.30564,1.30584,780.44
1333940400000,1.30584,1.30599,1.30558,1.30578,777.02
1333941300000,1.30578,1.30592,1.30571,1.30578,299.55
1333942200000,1.30578,1.30585,1.30523,1.30546,809.87
1333943100000,1.30547,1.30576,1.30545,1.30572,602.73
1333944000000,1.30572,1.3063,1.30567,1.30607,794.72
1333944900000,1.30607,1.30611,1.30561,1.30608,705.56
1333945800000,1.30607,1.30693,1.30607,1.30689,816.67
1333946700000,1.30692,1.3071,1.30653,1.30694,824.14
1333947600000,1.30692,1.30703,1.30647,1.3066,499.56
1333948500000,1.3066,1.30675,1.30649,1.30663,741.49
1333949400000,1.30666,1.30672,1.30637,1.30648,884.41
1333950300000,1.30648,1.30664,1.30607,1.30641,954.12
1333951200000,1.30641,1.30683,1.30628,1.30674,1038.77
1333952100000,1.30674,1.30699,1.30623,1.30658,1428.96
1333953000000,1.30659,1.30692,1.30625,1.30691,1514.65
1333953900000,1.30689,1.30694,1.30634,1.30634,1297.12
1333954800000,1.30632,1.30667,1.3056,1.3065,1705.28
1333955700000,1.30647,1.30699,1.30641,1.30696,893.16
1333956600000,1.30696,1.30835,1.30696,1.30796,1562.71
1333957500000,1.30796,1.30808,1.30749,1.30756,1067.42
1333958400000,1.30756,1.30824,1.30756,1.30814,1350.33
1333959300000,1.30813,1.30823,1.30796,1.3082,757.24
1333960200000,1.3082,1.30825,1.30763,1.30768,1046.54
1333961100000,1.30767,1.30778,1.30754,1.30756,1176.57
1333962000000,1.30756,1.30762,1.3073,1.30747,1158.95
1333962900000,1.30747,1.30754,1.30732,1.30732,928.86
1333963800000,1.30732,1.30773,1.30725,1.30744,1009.54
1333964700000,1.30745,1.30751,1.30731,1.30747,739.28
1333965600000,1.30747,1.30787,1.30692,1.307,1333.39
1333966500000,1.30699,1.30758,1.30696,1.30756,938.06
1333967400000,1.30756,1.30771,1.30738,1.30755,928.31
1333968300000,1.30758,1.30778,1.30746,1.30764,877
1333969200000,1.30763,1.30764,1.30726,1.30754,1095.65
1333970100000,1.30754,1.30779,1.30704,1.30717,1157.87
1333971000000,1.30717,1.3074,1.30706,1.30725,782.17
1333971900000,1.30725,1.30743,1.30723,1.30741,678.89
1333972800000,1.30741,1.30796,1.30724,1.30732,1477.74
1333973700000,1.30733,1.30733,1.30631,1.30701,1360.41
1333974600000,1.30699,1.30741,1.30684,1.30693,1344.24
1333975500000,1.30692,1.30738,1.30672,1.3069,1139.51
1333976400000,1.3069,1.30708,1.30562,1.30564,1471.39
1333977300000,1.30564,1.30564,1.30481,1.30537,2118.67
1333978200000,1.30538,1.30606,1.30506,1.30594,1517.36
1333979100000,1.30594,1.30708,1.30575,1.30683,1610.24
1333980000000,1.30683,1.30736,1.30662,1.30667,1672.03
1333980900000,1.30667,1.30757,1.30667,1.30735,1676.58
1333981800000,1.30736,1.30763,1.30645,1.30662,1783.14
1333982700000,1.30664,1.30711,1.30626,1.30711,1655.02
1333983600000,1.3071,1.30711,1.30622,1.3063,1844.08
1333984500000,1.30629,1.30749,1.30616,1.30715,1570.02
1333985400000,1.30715,1.30749,1.30708,1.30726,1077.05
1333986300000,1.30726,1.30855,1.3066,1.30853,1242.49
1333987200000,1.30852,1.31057,1.30824,1.30999,2427.73
1333988100000,1.30999,1.31042,1.30976,1.31006,1974.03
1333989000000,1.31006,1.31176,1.31006,1.31157,2460.96
1333989900000,1.31162,1.31293,1.31154,1.31286,2727.01
1333990800000,1.31286,1.31334,1.3125,1.31316,2808.16
1333991700000,1.31314,1.31327,1.3123,1.31246,2175.57
1333992600000,1.31246,1.31287,1.31236,1.31251,1567.36
1333993500000,1.31251,1.31262,1.31226,1.31244,1324.97
1333994400000,1.31242,1.31246,1.31172,1.31184,1453
1333995300000,1.31183,1.31255,1.31172,1.31225,1155.11
1333996200000,1.31225,1.31242,1.31196,1.31224,904.27
1333997100000,1.31223,1.31235,1.31202,1.31209,1055.96
1333998000000,1.31207,1.31229,1.31157,1.31166,1081.23
1333998900000,1.31167,1.31197,1.31151,1.31161,1217.42
1333999800000,1.31161,1.31188,1.31156,1.31174,1013.98
1334000700000,1.31174,1.31174,1.31123,1.31128,1549.32
1334001600000,1.31126,1.3114,1.31089,1.31094,892.53
1334002500000,1.31094,1.31112,1.3108,1.31109,821.74
1334003400000,1.31109,1.31111,1.31083,1.31087,562.61
1334004300000,1.31086,1.31089,1.31048,1.31051,616.47
1334005200000,1.31048,1.31076,1.31038,1.31059,633.03
1334006100000,1.31055,1.31066,1.30978,1.31006,695.33
1334007000000,1.31006,1.31058,1.31006,1.31045,851.47
1334007900000,1.31046,1.31102,1.31044,1.31087,706.45
1334008800000,1.31088,1.31096,1.31052,1.31061,451.82
1334009700000,1.31062,1.31067,1.3103,1.31045,436.36
1334010600000,1.31045,1.31134,1.31043,1.31112,659.42
1334011500000,1.31112,1.31128,1.31103,1.31123,640.88
1334012400000,1.31123,1.31175,1.31071,1.31139,894.77
1334013300000,1.31138,1.31173,1.31117,1.31153,1281.15
1334014200000,1.31156,1.31159,1.31108,1.31126,968.37
1334015100000,1.31126,1.31128,1.31085,1.31086,544.36
1334016000000,1.31086,1.31117,1.3103,1.31037,1214.36
1334016900000,1.3104,1.3108,1.31035,1.3105,704.61
1334017800000,1.31048,1.3108,1.31036,1.31056,697.68
1334018700000,1.31058,1.31171,1.31058,1.31165,1617.83
1334019600000,1.31161,1.31174,1.31077,1.31105,1539.83
1334020500000,1.31109,1.31152,1.31089,1.31151,928.17
1334021400000,1.31152,1.31375,1.31139,1.31318,2823.33
1334022300000,1.31317,1.3144,1.31308,1.31367,2412.72
1334023200000,1.31366,1.314,1.3135,1.31366,1374.14
1334024100000,1.31369,1.31439,1.31369,1.3139,1478.37
1334025000000,1.31389,1.31401,1.31356,1.31376,648.35
1334025900000,1.31376,1.31427,1.31366,1.31427,1464.4
1334026800000,1.31425,1.31437,1.31378,1.31393,1949.95
1334027700000,1.31393,1.31393,1.3131,1.31318,1704.36
1334028600000,1.31318,1.31371,1.31315,1.31328,1191.51
1334029500000,1.31328,1.31328,1.31238,1.31315,1728.81
1334030400000,1.31315,1.31334,1.31275,1.31332,946.72
1334031300000,1.31332,1.31334,1.31271,1.31297,940.45
1334032200000,1.31295,1.31331,1.3129,1.31315,1187.34
1334033100000,1.31317,1.31331,1.31297,1.31311,1076.49
1334034000000,1.31311,1.3132,1.31178,1.31201,1882.15
1334034900000,1.31201,1.31229,1.3107,1.31116,2227.26
1334035800000,1.31116,1.31151,1.31078,1.31138,1624.96
1334036700000,1.31138,1.31239,1.31136,1.31201,1703.27
1334037600000,1.31203,1.31269,1.31129,1.31142,2268.38
1334038500000,1.31141,1.3122,1.31082,1.31218,2347.7
1334039400000,1.31218,1.31222,1.31097,1.31128,2917.64
1334040300000,1.31128,1.31145,1.3089,1.30899,3079.68
1334041200000,1.30899,1.31028,1.30897,1.30998,4136.19
1334042100000,1.30998,1.31004,1.3081,1.30841,4357.83
1334043000000,1.30837,1.30839,1.3073,1.3078,4040.25
1334043900000,1.3078,1.3086,1.30725,1.30834,3256.38
1334044800000,1.30835,1.30885,1.30775,1.30807,3052.38
1334045700000,1.30807,1.30944,1.30758,1.3092,3072.32
1334046600000,1.30921,1.30967,1.30842,1.30929,3279.39
1334047500000,1.3093,1.30958,1.30871,1.30884,3088.29
1334048400000,1.30885,1.30905,1.30775,1.30814,3266.54
1334049300000,1.30814,1.30931,1.30765,1.30876,3316.78
1334050200000,1.30876,1.30897,1.30745,1.30769,3296.8
1334051100000,1.30769,1.3083,1.30727,1.30751,2811.6
1334052000000,1.30751,1.30751,1.30613,1.30652,3464.17
1334052900000,1.30653,1.30705,1.3059,1.30702,3203.08
1334053800000,1.30702,1.30764,1.30643,1.30742,2845.16
1334054700000,1.30742,1.30784,1.30684,1.30688,2915.05
1334055600000,1.30689,1.30717,1.30634,1.30714,3380.29
1334056500000,1.30714,1.30776,1.30711,1.30764,2833.34
1334057400000,1.30764,1.30789,1.307,1.30761,2750.83
1334058300000,1.30761,1.30933,1.30753,1.30926,4050.92
1334059200000,1.30927,1.31205,1.30926,1.31166,5540.83
1334060100000,1.31163,1.31237,1.3104,1.31237,4216.62
1334061000000,1.31234,1.31376,1.31226,1.31226,4129.99
1334061900000,1.31226,1.31248,1.31115,1.31152,3395.89
1334062800000,1.31149,1.31195,1.3102,1.3107,3613.48
1334063700000,1.31069,1.3109,1.30888,1.3089,3325.03
1334064600000,1.30889,1.30961,1.30825,1.30947,3924.51
1334065500000,1.30946,1.30959,1.30861,1.30929,3727.23
1334066400000,1.30932,1.30943,1.30796,1.30843,4517.89
1334067300000,1.30843,1.30929,1.308,1.30923,4230.3
1334068200000,1.30919,1.31127,1.30891,1.31012,3820.9
1334069100000,1.31012,1.31057,1.3078,1.30839,4283.52
1334070000000,1.30834,1.30884,1.3067,1.30725,4178.58
1334070900000,1.30733,1.30802,1.30701,1.30776,3987.82
1334071800000,1.30772,1.30853,1.3075,1.30813,3374.41
1334072700000,1.30813,1.30833,1.30538,1.30665,3953.07
1334073600000,1.30665,1.3073,1.3062,1.30675,3127.46
1334074500000,1.30675,1.30722,1.30654,1.3071,2815.16
1334075400000,1.3071,1.30859,1.3071,1.30855,3266.15
1334076300000,1.30856,1.30895,1.30759,1.30888,2878.77
1334077200000,1.30891,1.30997,1.30866,1.309,3545.09
1334078100000,1.30904,1.30996,1.30851,1.3097,3486.15
1334079000000,1.3097,1.30976,1.3091,1.30928,2376.34
1334079900000,1.30926,1.31,1.30925,1.30939,2045.05
1334080800000,1.3094,1.30988,1.30879,1.30879,2261.44
1334081700000,1.30879,1.30897,1.30837,1.30882,2698.41
1334082600000,1.30881,1.309,1.30719,1.30784,3082.95
1334083500000,1.30785,1.30802,1.30748,1.30756,2511.15
1334084400000,1.30759,1.30767,1.30695,1.30729,2620.91
1334085300000,1.3073,1.30811,1.30722,1.3076,2691.09
1334086200000,1.3076,1.30833,1.30751,1.30771,3381.01
1334087100000,1.30771,1.30851,1.30761,1.30798,2288.97
1334088000000,1.30802,1.30862,1.30768,1.30841,2011.11
1334088900000,1.30841,1.3085,1.30816,1.30826,1032.63
1334089800000,1.30826,1.30838,1.30771,1.30795,1184.08
1334090700000,1.30795,1.30828,1.30787,1.30809,900.16
1334091600000,1.30808,1.30814,1.30769,1.30797,433.73
1334092500000,1.30797,1.30828,1.30793,1.30828,271.19
1334093400000,1.30827,1.30851,1.30788,1.30834,522.9
1334094300000,1.30832,1.30837,1.30778,1.30821,466.89
1334095200000,1.30823,1.30855,1.30811,1.30811,312.79
1334096100000,1.30811,1.3083,1.30806,1.30817,474.37
1334097000000,1.30817,1.30831,1.30813,1.30821,404.32
1334097900000,1.30824,1.30834,1.30755,1.30789,1414.84
1334098800000,1.30789,1.3081,1.30743,1.30806,820.17
1334099700000,1.30806,1.30808,1.30753,1.3076,668.58
1334100600000,1.30762,1.3078,1.30749,1.30752,598.75
1334101500000,1.30753,1.30759,1.30699,1.30721,1515.06
1334102400000,1.30719,1.30776,1.30697,1.30725,2121.58
1334103300000,1.30726,1.30727,1.30664,1.30673,1046.27
1334104200000,1.3067,1.30737,1.3066,1.30712,1273.43
1334105100000,1.3071,1.30766,1.30691,1.30762,1398.99
1334106000000,1.30762,1.30772,1.30719,1.30761,1520.17
1334106900000,1.3076,1.30829,1.3075,1.30768,1273.62
1334107800000,1.3077,1.30823,1.30754,1.3081,1294.91
1334108700000,1.30811,1.30819,1.30779,1.30781,964.42
1334109600000,1.30778,1.308,1.30761,1.30778,791.75
1334110500000,1.30778,1.30911,1.30778,1.30893,1625.39
1334111400000,1.30895,1.30933,1.3085,1.30886,1440.93
1334112300000,1.30883,1.30956,1.3087,1.30874,1250.21
1334113200000,1.30874,1.30895,1.30824,1.30883,1026.95
1334114100000,1.30885,1.30885,1.30825,1.30859,800.93
1334115000000,1.30859,1.30895,1.30853,1.30867,739.62
1334115900000,1.30866,1.30956,1.3086,1.30907,1356.02
1334116800000,1.3091,1.30924,1.30887,1.30905,1025.63
1334117700000,1.30905,1.30926,1.30894,1.30909,1102.42
1334118600000,1.3091,1.3092,1.30885,1.30913,888.9
1334119500000,1.30913,1.3095,1.30889,1.30948,1576.03
1334120400000,1.30945,1.30949,1.30879,1.30923,1321.89
1334121300000,1.30923,1.31087,1.30923,1.3099,2656.21
1334122200000,1.30987,1.3103,1.30934,1.30994,1974.08
1334123100000,1.30993,1.31033,1.30962,1.31016,1647.42
1334124000000,1.31011,1.31075,1.30994,1.3101,2449.46
1334124900000,1.3101,1.31111,1.30988,1.3106,3119.22
1334125800000,1.31063,1.31157,1.3106,1.31125,3471.23
1334126700000,1.31126,1.31306,1.31103,1.31306,3676.8
1334127600000,1.31306,1.31326,1.31162,1.31166,3926.13
1334128500000,1.31172,1.31227,1.31148,1.31168,3151.79
1334129400000,1.31174,1.31216,1.31088,1.31109,3595.31
1334130300000,1.31109,1.31129,1.30985,1.31035,3695.07
1334131200000,1.31035,1.31065,1.30916,1.31003,3723.12
1334132100000,1.31003,1.31263,1.31,1.31236,3748.99
1334133000000,1.31235,1.31295,1.31175,1.31222,3267.81
1334133900000,1.31222,1.3124,1.31105,1.31105,3376.99
1334134800000,1.31107,1.31217,1.31046,1.31216,3587.17
1334135700000,1.31214,1.31277,1.31081,1.31115,3112.5
1334136600000,1.31116,1.31245,1.30931,1.31107,4253.82
1334137500000,1.31107,1.31414,1.31045,1.31378,3966.89
1334138400000,1.31377,1.31562,1.31375,1.31418,4323.22
1334139300000,1.31415,1.31456,1.3137,1.314,3049.89
1334140200000,1.314,1.31457,1.3132,1.31444,2919.27
1334141100000,1.31444,1.31522,1.31429,1.31437,2729.69
1334142000000,1.31437,1.31447,1.31354,1.31404,2740.99
1334142900000,1.31402,1.31482,1.31358,1.31408,3335.87
1334143800000,1.31411,1.31442,1.31363,1.31405,2875.92
1334144700000,1.31405,1.31485,1.31365,1.31379,3063.85
1334145600000,1.31377,1.31425,1.31285,1.31303,2853.61
1334146500000,1.31302,1.31307,1.31205,1.31205,3006.07
1334147400000,1.31206,1.31322,1.312,1.31292,3289.23
1334148300000,1.31293,1.3139,1.31276,1.31368,3512.72
1334149200000,1.31361,1.31368,1.31207,1.31295,3639.12
1334150100000,1.31297,1.31433,1.31258,1.31407,3129.44
1334151000000,1.31406,1.31476,1.31363,1.31424,4243.47
1334151900000,1.31425,1.31466,1.31288,1.31315,3654.89
1334152800000,1.31316,1.31463,1.31309,1.31454,4066.9
1334153700000,1.31453,1.31535,1.31378,1.31385,4217.91
1334154600000,1.31388,1.31458,1.31226,1.31299,3630.04
1334155500000,1.313,1.31301,1.31184,1.31203,3460.11
1334156400000,1.31211,1.31212,1.31078,1.31078,3819.86
1334157300000,1.31078,1.31143,1.31047,1.31099,3195.69
1334158200000,1.31096,1.31124,1.31029,1.3103,2536.86
1334159100000,1.31031,1.31074,1.31017,1.31028,2317.5
1334160000000,1.31028,1.31181,1.31025,1.31173,2286.02
1334160900000,1.31173,1.31181,1.31125,1.31154,1844.23
1334161800000,1.31154,1.31159,1.3111,1.3113,1216.16
1334162700000,1.31131,1.31183,1.31099,1.31183,1308.98
1334163600000,1.31181,1.31185,1.31107,1.31129,2133.41
1334164500000,1.31128,1.31132,1.31039,1.31071,1845.62
1334165400000,1.31071,1.31103,1.31037,1.31062,1676.92
1334166300000,1.31062,1.31103,1.31045,1.31063,1498.54
1334167200000,1.31062,1.31072,1.30969,1.31001,2370.48
1334168100000,1.31001,1.31058,1.30937,1.30972,2372.33
1334169000000,1.30969,1.30985,1.30949,1.30962,2073.34
1334169900000,1.30964,1.31007,1.30958,1.30991,2472.31
1334170800000,1.30991,1.31054,1.30983,1.31004,2465.94
1334171700000,1.31001,1.31041,1.30984,1.30996,1896.9
1334172600000,1.30997,1.31035,1.30992,1.31008,2197.49
1334173500000,1.31014,1.31058,1.31,1.31052,2054.75
1334174400000,1.31053,1.31112,1.3105,1.31089,2155.72
1334175300000,1.31091,1.31092,1.31065,1.3107,1072.78
1334176200000,1.31071,1.31093,1.3105,1.31061,683.76
1334177100000,1.31061,1.31086,1.31052,1.31086,752.13
1334178000000,1.31086,1.31118,1.3106,1.31085,404.15
1334178900000,1.31086,1.31086,1.31072,1.31077,389.21
1334179800000,1.31081,1.31094,1.31069,1.31078,374.16
1334180700000,1.31078,1.31102,1.31078,1.31098,411.07
1334181600000,1.31096,1.31105,1.31084,1.31096,360.37
1334182500000,1.31094,1.31104,1.31081,1.31091,361.47
1334183400000,1.3109,1.31172,1.31085,1.31167,813.36
1334184300000,1.31167,1.31186,1.31146,1.31174,986.36
1334185200000,1.31174,1.31202,1.3117,1.31174,731.71
1334186100000,1.31174,1.31243,1.31174,1.31228,1245.08
1334187000000,1.31228,1.31235,1.31204,1.31213,1101.87
1334187900000,1.31214,1.31215,1.31156,1.31182,897.21
1334188800000,1.31183,1.3119,1.31141,1.31158,991.79
1334189700000,1.31156,1.31191,1.31144,1.31144,726.95
1334190600000,1.31144,1.31156,1.31122,1.31134,718.25
1334191500000,1.31133,1.31162,1.31124,1.31139,817.73
1334192400000,1.3114,1.31158,1.31102,1.31107,1024.16
1334193300000,1.31107,1.31125,1.31062,1.31086,1425.4
1334194200000,1.31088,1.31167,1.3107,1.31103,2053.36
1334195100000,1.31104,1.31141,1.31098,1.31128,1647.04
1334196000000,1.31129,1.31154,1.31091,1.31134,1394.9
1334196900000,1.31134,1.31156,1.31118,1.31147,720.06
1334197800000,1.31147,1.31304,1.31135,1.31275,1770.81
1334198700000,1.31278,1.31376,1.31248,1.31366,2160.07
1334199600000,1.31365,1.31391,1.31328,1.31329,1666.88
1334200500000,1.3133,1.31351,1.31284,1.31317,1052.8
1334201400000,1.31317,1.31348,1.31287,1.31302,955.53
1334202300000,1.31304,1.31355,1.31279,1.31329,1217.13
1334203200000,1.31329,1.31332,1.31283,1.31301,801.34
1334204100000,1.31301,1.31326,1.31251,1.31271,1175.87
1334205000000,1.31271,1.31319,1.31262,1.31296,696.63
1334205900000,1.31296,1.31343,1.31296,1.31322,947.24
1334206800000,1.31322,1.31382,1.31318,1.31361,1109.97
1334207700000,1.31362,1.31397,1.31343,1.31397,1569.39
1334208600000,1.31397,1.31437,1.3136,1.31381,1778.86
1334209500000,1.31381,1.31454,1.31357,1.31386,2234.72
1334210400000,1.31386,1.31498,1.31355,1.31469,2964.72
1334211300000,1.31467,1.31468,1.31368,1.31433,2051.81
1334212200000,1.31433,1.31475,1.31363,1.31388,3193.73
1334213100000,1.31388,1.31428,1.313,1.3133,3370.88
1334214000000,1.31329,1.31382,1.31262,1.31377,3043.88
1334214900000,1.31375,1.31396,1.31335,1.31337,3049.12
1334215800000,1.31339,1.31348,1.31099,1.31128,4721.71
1334216700000,1.31129,1.31169,1.3102,1.31114,4031.81
1334217600000,1.31113,1.31247,1.31086,1.31226,3881.17
1334218500000,1.31226,1.31252,1.31126,1.31204,3045.22
1334219400000,1.31204,1.31317,1.31196,1.31316,3369
1334220300000,1.31316,1.31366,1.31176,1.31185,3196.98
1334221200000,1.31187,1.31356,1.31022,1.31142,4497.66
1334222100000,1.3114,1.31259,1.31083,1.31233,4598.63
1334223000000,1.31225,1.31302,1.31177,1.31272,3220.61
1334223900000,1.31274,1.31282,1.31182,1.31186,2759.73
1334224800000,1.31186,1.31201,1.31122,1.31196,2549.47
1334225700000,1.31196,1.31335,1.3119,1.31332,2528.24
1334226600000,1.31332,1.31534,1.31332,1.31431,4010.91
1334227500000,1.31434,1.31497,1.31391,1.31396,2931.06
1334228400000,1.31397,1.31458,1.31339,1.31361,2535.07
1334229300000,1.31361,1.31447,1.31328,1.31447,2354.94
1334230200000,1.31447,1.3175,1.31447,1.31677,4545.97
1334231100000,1.31682,1.31719,1.31608,1.31638,3664.91
1334232000000,1.31639,1.31693,1.31522,1.31528,3511.69
1334232900000,1.31523,1.31582,1.31504,1.31529,3279.81
1334233800000,1.3153,1.3169,1.31372,1.31415,4617.14
1334234700000,1.31415,1.31459,1.31347,1.31426,3885.48
1334235600000,1.31426,1.315,1.31338,1.31468,2981.02
1334236500000,1.31468,1.31599,1.3143,1.31546,3066.84
1334237400000,1.31551,1.31706,1.31506,1.31684,3793.97
1334238300000,1.31684,1.31841,1.3163,1.31796,4744.26
1334239200000,1.31797,1.31846,1.31732,1.31823,3973.41
1334240100000,1.31823,1.31828,1.31716,1.31735,3268.4
1334241000000,1.31735,1.31863,1.31713,1.31746,3864.95
1334241900000,1.31746,1.31776,1.31713,1.31749,3224.31
1334242800000,1.31747,1.31767,1.3169,1.31734,3317.89
1334243700000,1.31736,1.31817,1.31708,1.31726,2889.52
1334244600000,1.31728,1.31747,1.3162,1.31702,2345.9
1334245500000,1.31703,1.31726,1.31668,1.317,2064.88
1334246400000,1.31701,1.318,1.31701,1.31747,2278.77
1334247300000,1.31747,1.31836,1.31743,1.31789,2661.67
1334248200000,1.31785,1.31819,1.31765,1.31778,1915.31
1334249100000,1.31778,1.3178,1.31748,1.31766,1425.64
1334250000000,1.31769,1.32072,1.31769,1.32043,2987.51
1334250900000,1.32045,1.32123,1.32025,1.32045,2810.44
1334251800000,1.32049,1.32066,1.32,1.32056,1844.14
1334252700000,1.32056,1.32088,1.31922,1.31955,2047.84
1334253600000,1.31955,1.31989,1.31913,1.3193,1583.78
1334254500000,1.31932,1.3194,1.31895,1.31933,2053.76
1334255400000,1.31933,1.31945,1.31877,1.31895,1668.44
1334256300000,1.31895,1.31982,1.31872,1.3194,2118.02
1334257200000,1.31939,1.31972,1.31909,1.31911,2110.94
1334258100000,1.31912,1.31914,1.31865,1.31889,1329.83
1334259000000,1.31889,1.31925,1.31865,1.31902,1515.9
1334259900000,1.31899,1.31909,1.31857,1.31869,1902.32
1334260800000,1.3187,1.31899,1.31858,1.3188,1599.89
1334261700000,1.3188,1.31924,1.31872,1.31899,925.15
1334262600000,1.319,1.31919,1.3187,1.31884,1053.73
1334263500000,1.31884,1.31892,1.31855,1.31867,623.37
1334264400000,1.31867,1.31873,1.31839,1.31847,259.77
1334265300000,1.3185,1.31891,1.3183,1.31832,574.61
1334266200000,1.31832,1.31849,1.31832,1.31838,224.81
1334267100000,1.3184,1.31868,1.31817,1.31866,500.75
1334268000000,1.31869,1.31885,1.31845,1.31855,266.65
1334268900000,1.31854,1.31861,1.31828,1.31853,561.11
1334269800000,1.31853,1.31863,1.31824,1.31828,585.37
1334270700000,1.31834,1.31855,1.31822,1.31822,597.2
1334271600000,1.31822,1.31836,1.31805,1.31829,682.02
1334272500000,1.31825,1.31859,1.31824,1.31841,591.55
1334273400000,1.31841,1.31879,1.31841,1.31852,591.9
1334274300000,1.31853,1.3191,1.31821,1.31884,1047.63
1334275200000,1.31883,1.3197,1.31869,1.31878,1654.31
1334276100000,1.31878,1.31913,1.31843,1.31886,1094.12
1334277000000,1.31886,1.3191,1.31866,1.31873,863.14
1334277900000,1.31873,1.31953,1.31861,1.31912,1617.61
1334278800000,1.31912,1.31944,1.31896,1.31941,1400.68
1334279700000,1.31943,1.32011,1.31914,1.31939,1569.24
1334280600000,1.31936,1.31952,1.31878,1.31884,1325.73
1334281500000,1.31884,1.31943,1.3187,1.31871,1533.44
1334282400000,1.31869,1.31869,1.31687,1.31713,2957.22
1334283300000,1.31713,1.31786,1.31647,1.31766,2838.22
1334284200000,1.31764,1.31791,1.3171,1.3173,1921.6
1334285100000,1.31726,1.31741,1.31665,1.31687,1975.34
1334286000000,1.31693,1.31736,1.3167,1.31709,1521.14
1334286900000,1.31709,1.31733,1.31688,1.31729,1094.4
1334287800000,1.31727,1.31753,1.31722,1.3173,661.6
1334288700000,1.3173,1.31738,1.31666,1.31666,923.25
1334289600000,1.31671,1.31721,1.31663,1.31703,1181.63
1334290500000,1.31703,1.31704,1.31664,1.31694,712.98
1334291400000,1.31694,1.3172,1.31679,1.31693,1226.19
1334292300000,1.31694,1.31723,1.3168,1.3168,1194.68
1334293200000,1.3168,1.31704,1.31662,1.31671,1084.88
1334294100000,1.31671,1.31712,1.31669,1.31701,1065.89
1334295000000,1.31701,1.31744,1.31684,1.31737,1646.07
1334295900000,1.31736,1.31739,1.31705,1.31725,1284.54
1334296800000,1.31726,1.31726,1.3162,1.31669,2070.19
1334297700000,1.31669,1.31715,1.31627,1.3163,1744.45
1334298600000,1.3163,1.31675,1.31594,1.31657,2878.35
1334299500000,1.31657,1.31725,1.31631,1.31695,2988.18
1334300400000,1.31697,1.31835,1.31599,1.31798,3595.81
1334301300000,1.31795,1.31803,1.31686,1.31706,3404.24
1334302200000,1.31704,1.31744,1.31651,1.3173,3228.52
1334303100000,1.31729,1.31744,1.31616,1.3168,3541.02
1334304000000,1.3168,1.31688,1.31553,1.31569,4312.83
1334304900000,1.31572,1.3165,1.31545,1.31564,3351.01
1334305800000,1.31564,1.31642,1.31541,1.31587,3513.39
1334306700000,1.31587,1.31604,1.31467,1.31518,4375.92
1334307600000,1.31522,1.3153,1.31429,1.31469,3338.88
1334308500000,1.31469,1.31534,1.31435,1.31523,3060.03
1334309400000,1.31523,1.31588,1.31507,1.3154,3083.01
1334310300000,1.31541,1.31586,1.31504,1.3153,2962.88
1334311200000,1.31533,1.31584,1.3148,1.31575,2511.83
1334312100000,1.31572,1.31643,1.3155,1.31598,3122.58
1334313000000,1.31598,1.31671,1.31582,1.31658,2468.33
1334313900000,1.31658,1.31717,1.31621,1.31668,2763.11
1334314800000,1.31668,1.31685,1.31609,1.31654,2576.85
1334315700000,1.31655,1.31708,1.3159,1.31677,3661.45
1334316600000,1.31677,1.31744,1.31658,1.317,3405.97
1334317500000,1.317,1.31707,1.31551,1.31552,3195.14
1334318400000,1.31552,1.31563,1.31414,1.3144,4042.45
1334319300000,1.31441,1.31499,1.31436,1.3146,3137.2
1334320200000,1.3146,1.31473,1.3133,1.31381,3991.87
1334321100000,1.31381,1.3139,1.31215,1.31353,3917.87
1334322000000,1.31355,1.31381,1.31297,1.31299,3253.53
1334322900000,1.31298,1.31315,1.31226,1.31285,2460.26
1334323800000,1.31285,1.3129,1.31077,1.31162,4430.41
1334324700000,1.31163,1.31179,1.31063,1.31092,4381.55
1334325600000,1.3109,1.31092,1.30889,1.30994,5253.99
1334326500000,1.3099,1.31012,1.3079,1.3089,4251.05
1334327400000,1.30892,1.30892,1.30745,1.30779,3999.03
1334328300000,1.30782,1.30864,1.3071,1.30822,3886.6
1334329200000,1.30822,1.30881,1.30695,1.30719,3642.19
1334330100000,1.30719,1.30787,1.30692,1.30757,3375.73
1334331000000,1.30756,1.30826,1.30735,1.30787,2937.68
1334331900000,1.30785,1.30839,1.30756,1.30814,2403.44
1334332800000,1.30813,1.30845,1.30777,1.30786,1851.53
1334333700000,1.30786,1.30797,1.30744,1.30796,1518.14
1334334600000,1.30796,1.30827,1.30777,1.30826,1317.45
1334335500000,1.30829,1.30847,1.30797,1.30838,2064.05
1334336400000,1.30838,1.30852,1.30815,1.30828,1579.64
1334337300000,1.30829,1.30831,1.30767,1.308,1739.76
1334338200000,1.30798,1.30834,1.30788,1.30798,1705.61
1334339100000,1.30798,1.3083,1.30757,1.3077,1977.51
1334340000000,1.30771,1.30771,1.30719,1.30738,1945.94
1334340900000,1.30739,1.30805,1.30737,1.30749,1847.16
1334341800000,1.30747,1.308,1.30738,1.30771,1724.57
1334342700000,1.30771,1.30802,1.30745,1.30758,1531.86
1334343600000,1.30755,1.30801,1.30732,1.30767,1392.21
1334344500000,1.30767,1.30804,1.30757,1.30795,1306.94
1334345400000,1.30795,1.30828,1.30715,1.30722,1740.6
1334346300000,1.30722,1.30765,1.30718,1.30748,1424.71
1334347200000,1.30751,1.30822,1.30721,1.30801,1066.12
1334348100000,1.30807,1.30832,1.30792,1.30806,1150.95
1334349000000,1.30806,1.30832,1.30737,1.30739,1202.83
1334349900000,1.30739,1.30797,1.30727,1.30755,1301.08
1334523600000,1.30632,1.307,1.3063,1.30693,1011.06
1334524500000,1.30695,1.30703,1.30655,1.30669,363.03
1334525400000,1.30669,1.30686,1.30625,1.30646,346.75
1334526300000,1.30641,1.30668,1.3063,1.30659,344.98
1334527200000,1.30663,1.30698,1.3061,1.30616,675.98
1334528100000,1.30615,1.30662,1.30565,1.30651,1233.63
1334529000000,1.30651,1.30735,1.30647,1.30695,1046.7
1334529900000,1.30695,1.30697,1.3063,1.30682,647.87
1334530800000,1.30683,1.30748,1.30671,1.3071,976.61
1334531700000,1.30712,1.30748,1.30644,1.30677,958.49
1334532600000,1.30677,1.30685,1.30592,1.30598,1081.32
1334533500000,1.30599,1.30639,1.30407,1.30432,2238.42
1334534400000,1.30433,1.30526,1.30421,1.30463,2433.44
1334535300000,1.3046,1.30494,1.3045,1.30454,1316.11
1334536200000,1.30454,1.30458,1.30128,1.30205,3605.91
1334537100000,1.30207,1.30212,1.30089,1.30133,2811.28
1334538000000,1.30131,1.30217,1.30095,1.30213,1861.26
1334538900000,1.30212,1.30274,1.30174,1.30218,1797.52
1334539800000,1.30218,1.30249,1.30121,1.30193,1661.62
1334540700000,1.302,1.30242,1.30193,1.30204,1512.78
1334541600000,1.30204,1.30263,1.30198,1.30257,1206.26
1334542500000,1.30257,1.3028,1.30242,1.30258,1100.17
1334543400000,1.30255,1.30276,1.302,1.30265,1110.32
1334544300000,1.30265,1.30267,1.30196,1.3023,939.45
1334545200000,1.30233,1.30271,1.30229,1.30241,996.1
1334546100000,1.30241,1.30267,1.30233,1.30253,774.41
1334547000000,1.30253,1.30258,1.30207,1.30209,976.56
1334547900000,1.30209,1.30235,1.30183,1.3019,1082.04
1334548800000,1.30191,1.30199,1.3014,1.30187,1178.62
1334549700000,1.30187,1.30206,1.30149,1.3017,1242.71
1334550600000,1.30173,1.30224,1.30173,1.30214,1203.54
1334551500000,1.30212,1.30222,1.30126,1.30173,1384.32
1334552400000,1.3017,1.30239,1.30169,1.30235,2048.42
1334553300000,1.30237,1.30295,1.30228,1.30284,2172.23
1334554200000,1.30284,1.30291,1.30177,1.30182,2163
1334555100000,1.3018,1.30249,1.3015,1.30249,2376.04
1334556000000,1.30248,1.30281,1.3017,1.30252,2583.01
1334556900000,1.30251,1.30265,1.30165,1.30228,2511.2
1334557800000,1.30229,1.30243,1.29958,1.30102,4291.12
1334558700000,1.30101,1.30165,1.30061,1.30143,3683.15
1334559600000,1.30139,1.30148,1.29989,1.30115,4095.3
1334560500000,1.30115,1.3025,1.30107,1.30197,4170.51
1334561400000,1.30197,1.30272,1.30087,1.30097,3759.9
1334562300000,1.30098,1.30243,1.3007,1.3016,4271.78
1334563200000,1.3016,1.30208,1.3003,1.30052,4010.26
1334564100000,1.30052,1.30143,1.30049,1.30066,3714.88
1334565000000,1.30067,1.30188,1.30052,1.30114,3923.69
1334565900000,1.30114,1.30191,1.301,1.30141,3094.13
1334566800000,1.30141,1.30165,1.30078,1.30108,2832.44
1334567700000,1.30108,1.30165,1.30061,1.30156,3004.85
1334568600000,1.30155,1.30286,1.30155,1.30229,3255.6
1334569500000,1.30229,1.30288,1.30189,1.30282,2827.38
1334570400000,1.30281,1.3037,1.30278,1.30332,3693.32
1334571300000,1.30331,1.30392,1.30288,1.30373,3019.09
1334572200000,1.30373,1.30373,1.3025,1.30278,2164.11
1334573100000,1.3028,1.30303,1.30228,1.30229,2463.81
1334574000000,1.30229,1.30263,1.30207,1.30235,3026.88
1334574900000,1.30235,1.30286,1.30217,1.30283,2434.7
1334575800000,1.30282,1.30302,1.30244,1.30253,2591.95
1334576700000,1.30253,1.30266,1.30185,1.3019,3079.97
1334577600000,1.3019,1.3029,1.30155,1.30231,3226.14
1334578500000,1.30229,1.30284,1.3021,1.30275,2851.03
1334579400000,1.30269,1.30462,1.30212,1.30426,5184.31
1334580300000,1.30423,1.30539,1.30423,1.30456,4195.62
1334581200000,1.30452,1.30493,1.3041,1.30462,3979.83
1334582100000,1.30462,1.30479,1.304,1.30465,2782.59
1334583000000,1.30465,1.30632,1.3046,1.30514,4774.42
1334583900000,1.30512,1.30536,1.30375,1.30376,5090.75
1334584800000,1.30381,1.30403,1.30255,1.3027,5284.1
1334585700000,1.30269,1.30461,1.30258,1.30452,4814.08
1334586600000,1.30451,1.30533,1.30445,1.30511,4463.22
1334587500000,1.30511,1.30728,1.30503,1.30612,4385.91
1334588400000,1.30612,1.30754,1.30612,1.30687,4344.43
1334589300000,1.30686,1.30752,1.30679,1.30699,3395.39
1334590200000,1.307,1.30854,1.30614,1.30811,3690.52
1334591100000,1.30811,1.30841,1.30659,1.3066,3362.1
1334592000000,1.30661,1.30763,1.30661,1.30707,2509.37
1334592900000,1.30707,1.30716,1.30654,1.30691,2294.71
1334593800000,1.30698,1.30742,1.30678,1.30706,1950.51
1334594700000,1.30706,1.30925,1.30693,1.30924,2431.11
1334595600000,1.3092,1.30928,1.30855,1.30871,2724.5
1334596500000,1.3087,1.30933,1.30861,1.30918,2212.95
1334597400000,1.30917,1.31167,1.30906,1.31151,3868.73
1334598300000,1.31153,1.31453,1.31151,1.3137,4386.46
1334599200000,1.3137,1.31465,1.3133,1.31339,3537.76
1334600100000,1.31339,1.31402,1.31331,1.31349,2397.12
1334601000000,1.31349,1.31385,1.31327,1.31341,2301.34
1334601900000,1.31341,1.31367,1.31314,1.31342,1959.54
1334602800000,1.31341,1.31426,1.31324,1.31417,2335.9
1334603700000,1.31417,1.31433,1.31361,1.31363,2401.31
1334604600000,1.31363,1.31407,1.31348,1.31407,2176.3
1334605500000,1.31416,1.3142,1.31352,1.31367,2177.91
1334606400000,1.31366,1.31389,1.31345,1.31357,1668.83
1334607300000,1.31355,1.31377,1.31352,1.31373,1165.08
1334608200000,1.31373,1.31402,1.31367,1.31392,743.46
1334609100000,1.31392,1.31429,1.31392,1.31412,1078.84
1334610000000,1.31412,1.31416,1.31327,1.31359,646.67
1334610900000,1.31362,1.31385,1.31333,1.31334,403.22
1334611800000,1.31338,1.3136,1.31328,1.31345,679.44
1334612700000,1.31345,1.3136,1.31295,1.31318,738.35
1334613600000,1.31321,1.31351,1.31297,1.3131,692.03
1334614500000,1.31311,1.31343,1.31308,1.31336,463.63
1334615400000,1.31335,1.31363,1.3129,1.31328,967.13
1334616300000,1.31328,1.31364,1.3132,1.31343,638.03
1334617200000,1.31343,1.31346,1.31306,1.31314,656.36
1334618100000,1.31313,1.31353,1.31296,1.31343,688.34
1334619000000,1.31343,1.31343,1.3124,1.31246,1237.44
1334619900000,1.31246,1.31279,1.31237,1.31257,709.7
1334620800000,1.31258,1.31282,1.31188,1.31197,1657.89
1334621700000,1.31196,1.31202,1.31171,1.31183,1333.6
1334622600000,1.31183,1.31222,1.3116,1.31174,1333.83
1334623500000,1.31174,1.31194,1.3116,1.3118,1503.3
1334624400000,1.3118,1.31194,1.3115,1.31185,998.01
1334625300000,1.31185,1.31223,1.31175,1.31206,1132.67
1334626200000,1.31205,1.31264,1.31162,1.31252,1570.81
1334627100000,1.31253,1.31273,1.31163,1.31173,1308.62
1334628000000,1.31173,1.31186,1.3111,1.31113,1402.7
1334628900000,1.31113,1.31127,1.31059,1.31072,1523.11
1334629800000,1.31072,1.31133,1.31072,1.31126,1273.38
1334630700000,1.31126,1.31165,1.31124,1.31159,858.26
1334631600000,1.31159,1.31167,1.31139,1.31152,817.67
1334632500000,1.31152,1.31153,1.311,1.31117,1115.17
1334633400000,1.31118,1.31173,1.31113,1.31173,1075.01
1334634300000,1.31173,1.31187,1.31148,1.31157,858.89
1334635200000,1.31157,1.31178,1.31144,1.31177,557.24
1334636100000,1.31177,1.31228,1.31171,1.31209,1334.83
1334637000000,1.31209,1.31226,1.31164,1.31176,977.3
1334637900000,1.31175,1.31199,1.31152,1.31155,965.44
1334638800000,1.31152,1.31155,1.31078,1.3111,2239.52
1334639700000,1.3111,1.31128,1.3107,1.31105,1639.09
1334640600000,1.31104,1.31138,1.31046,1.3105,1417.17
1334641500000,1.3105,1.31099,1.31019,1.31062,2279.03
1334642400000,1.31062,1.31122,1.31048,1.31085,2463.98
1334643300000,1.31084,1.31084,1.30971,1.30987,2986.24
1334644200000,1.30985,1.3099,1.30903,1.30926,3756.83
1334645100000,1.30924,1.30991,1.30902,1.30988,2998.93
1334646000000,1.30985,1.31126,1.30935,1.31103,3844.88
1334646900000,1.31104,1.31415,1.31098,1.31378,5291.63
1334647800000,1.31379,1.31379,1.31309,1.31357,3916.05
1334648700000,1.3135,1.31459,1.3132,1.31435,3904.21
1334649600000,1.31432,1.31447,1.3128,1.31286,3763.56
1334650500000,1.31286,1.31318,1.31226,1.31314,2930.44
1334651400000,1.31314,1.31583,1.3125,1.31457,4642.05
1334652300000,1.31454,1.31559,1.3142,1.31461,4139.29
1334653200000,1.31451,1.31692,1.31451,1.31574,4288.09
1334654100000,1.31574,1.31591,1.31517,1.31547,2948.46
1334655000000,1.31547,1.3161,1.31453,1.3146,2940.31
1334655900000,1.3146,1.3153,1.3144,1.31449,2943.63
1334656800000,1.31446,1.31468,1.31403,1.31439,2529.08
1334657700000,1.31439,1.31495,1.31423,1.3149,2050.52
1334658600000,1.31491,1.31548,1.31418,1.31479,2672.27
1334659500000,1.31482,1.31492,1.3133,1.31332,2802.1
1334660400000,1.31332,1.31402,1.31312,1.31359,2664.72
1334661300000,1.31359,1.31481,1.31337,1.31479,2954.97
1334662200000,1.31479,1.31509,1.31287,1.31308,3399.26
1334663100000,1.31309,1.31352,1.31262,1.31314,3216.84
1334664000000,1.31314,1.31342,1.3124,1.31314,3016.49
1334664900000,1.31316,1.31363,1.3127,1.31295,2993.06
1334665800000,1.31295,1.31401,1.31272,1.31358,3488.13
1334666700000,1.31358,1.31387,1.31274,1.31351,2672.61
1334667600000,1.31351,1.31414,1.31253,1.31341,4787.58
1334668500000,1.31341,1.31381,1.31261,1.31331,3073.88
1334669400000,1.31333,1.31373,1.31179,1.31233,4252.12
1334670300000,1.31233,1.31261,1.31099,1.31148,4509.6
1334671200000,1.31148,1.31185,1.31034,1.31182,4313.21
1334672100000,1.3118,1.31368,1.31174,1.31356,4159.3
1334673000000,1.31358,1.31461,1.31355,1.31387,4177.9
1334673900000,1.31389,1.31479,1.31373,1.31396,3769.71
1334674800000,1.31396,1.3156,1.31396,1.3143,4325.84
1334675700000,1.3143,1.31542,1.31427,1.31476,3269.81
1334676600000,1.31474,1.31474,1.31308,1.3134,2817.1
1334677500000,1.31333,1.31343,1.312,1.31219,2707.49
1334678400000,1.3122,1.31246,1.3117,1.31181,1847.37
1334679300000,1.31182,1.31231,1.31141,1.31213,1623.75
1334680200000,1.31216,1.31284,1.312,1.31251,1896.03
1334681100000,1.31252,1.3127,1.31199,1.31233,1328.01
1334682000000,1.31233,1.3128,1.31227,1.31229,1468.19
1334682900000,1.31229,1.31286,1.31217,1.31273,1442.64
1334683800000,1.31273,1.31334,1.31235,1.31293,2065.1
1334684700000,1.31293,1.31365,1.31293,1.31341,1901.4
1334685600000,1.31339,1.31352,1.31298,1.31347,1506.9
1334686500000,1.31347,1.3138,1.31343,1.31359,1663.09
1334687400000,1.31358,1.31391,1.31356,1.31359,1435.46
1334688300000,1.3136,1.31395,1.31315,1.31389,1928.01
1334689200000,1.31389,1.31437,1.31381,1.31418,2019.4
1334690100000,1.31418,1.31418,1.31317,1.31331,1502.14
1334691000000,1.31332,1.31334,1.31279,1.31316,1683.85
1334691900000,1.31317,1.31327,1.3126,1.31264,1567.19
1334692800000,1.31264,1.31285,1.31233,1.31236,1373.12
1334693700000,1.31236,1.31295,1.31236,1.31274,1341.36
1334694600000,1.31272,1.31279,1.3125,1.31277,711.39
1334695500000,1.31277,1.31279,1.31235,1.31259,951.22
1334696400000,1.31261,1.313,1.31238,1.31247,985.93
1334697300000,1.31247,1.31265,1.31237,1.31249,461.79
1334698200000,1.31249,1.31276,1.31236,1.31263,701.6
1334699100000,1.31263,1.31285,1.31254,1.31272,325.22
1334700000000,1.3127,1.31285,1.31261,1.31277,302.93
1334700900000,1.31277,1.31278,1.3125,1.31276,351.27
1334701800000,1.31277,1.3134,1.31274,1.31338,845.95
1334702700000,1.3134,1.31347,1.31236,1.31259,780.55
1334703600000,1.31259,1.31266,1.31245,1.3125,470.78
1334704500000,1.31252,1.31271,1.31228,1.31261,1002.1
1334705400000,1.31261,1.31294,1.31235,1.31261,673.61
1334706300000,1.31262,1.31351,1.31247,1.31348,1108.49
1334707200000,1.31348,1.31369,1.3127,1.3128,1791.78
1334708100000,1.3128,1.31289,1.31241,1.31278,1161.67
1334709000000,1.31277,1.31343,1.31245,1.31327,1519.54
1334709900000,1.31327,1.31403,1.31327,1.31345,2546.03
1334710800000,1.31345,1.31347,1.31276,1.31305,1887.73
1334711700000,1.31305,1.31331,1.31234,1.31245,1596.19
1334712600000,1.3124,1.31266,1.31155,1.31156,1688.48
1334713500000,1.3116,1.31212,1.3115,1.31166,1921.57
1334714400000,1.31166,1.31205,1.31163,1.31194,1761.67
1334715300000,1.31194,1.31211,1.31121,1.31146,2012.34
1334716200000,1.31145,1.31156,1.3109,1.31099,1493.49
1334717100000,1.31099,1.31129,1.31093,1.31101,1212.5
1334718000000,1.31101,1.31223,1.311,1.31204,1291.67
1334718900000,1.31203,1.31271,1.31192,1.31249,1620.09
1334719800000,1.31249,1.31281,1.31229,1.31242,1035.1
1334720700000,1.31242,1.31273,1.31211,1.31222,1096.3
1334721600000,1.31223,1.3124,1.3121,1.31219,806.65
1334722500000,1.31219,1.31231,1.312,1.31221,533.91
1334723400000,1.31219,1.31229,1.31202,1.31204,574.38
1334724300000,1.31204,1.31207,1.3114,1.31146,1028.26
1334725200000,1.31141,1.3118,1.31138,1.31161,1006.4
1334726100000,1.31161,1.31189,1.31141,1.31151,1060.55
1334727000000,1.31151,1.31227,1.3115,1.31171,1360.85
1334727900000,1.31171,1.31203,1.3111,1.31201,1463.17
1334728800000,1.31199,1.31221,1.3113,1.3116,2212.13
1334729700000,1.31159,1.31272,1.31132,1.31249,2876.92
1334730600000,1.31251,1.3127,1.3117,1.31212,2848.07
1334731500000,1.31212,1.31216,1.31089,1.3118,3337.58
1334732400000,1.3118,1.3118,1.30937,1.30951,4856.01
1334733300000,1.30951,1.30977,1.30874,1.30966,4035.22
1334734200000,1.30966,1.3104,1.30939,1.31027,3742.28
1334735100000,1.31025,1.3114,1.31018,1.31132,3498.36
1334736000000,1.31133,1.31174,1.3104,1.31088,3598.83
1334736900000,1.31088,1.31142,1.31066,1.31114,3771.73
1334737800000,1.31114,1.31153,1.31051,1.3111,4351.02
1334738700000,1.31113,1.31113,1.30819,1.3082,4765.85
1334739600000,1.30825,1.30895,1.3079,1.30881,3923.66
1334740500000,1.30882,1.30942,1.30817,1.30834,3566.6
1334741400000,1.30832,1.30904,1.30758,1.30898,3733.68
1334742300000,1.30896,1.30906,1.30839,1.30862,2735.59
1334743200000,1.30863,1.30868,1.30732,1.30786,3245.04
1334744100000,1.30785,1.30857,1.30777,1.30794,2512.03
1334745000000,1.30797,1.30803,1.30695,1.30763,3284.89
1334745900000,1.30761,1.30798,1.30735,1.3077,2705.22
1334746800000,1.30771,1.3078,1.30675,1.30743,3116.16
1334747700000,1.30743,1.30868,1.30737,1.30814,3485.68
1334748600000,1.30813,1.30825,1.3069,1.30781,3818.77
1334749500000,1.30781,1.3086,1.30718,1.30813,3340.65
1334750400000,1.30814,1.30978,1.3077,1.30933,3429.47
1334751300000,1.30935,1.3099,1.30885,1.30889,3493.37
1334752200000,1.30889,1.3093,1.3079,1.30809,3161.66
1334753100000,1.30809,1.30809,1.30572,1.30668,4474.15
1334754000000,1.30668,1.30735,1.30641,1.30733,3635.54
1334754900000,1.30733,1.30749,1.30608,1.3066,3296.23
1334755800000,1.30661,1.30922,1.30651,1.30882,5248.8
1334756700000,1.30882,1.31008,1.30835,1.30942,5459.5
1334757600000,1.30941,1.30966,1.3084,1.30957,4222.85
1334758500000,1.30957,1.30983,1.30859,1.30939,4177.63
1334759400000,1.3094,1.31314,1.3089,1.31282,5221.1
1334760300000,1.31282,1.3136,1.3121,1.3122,4658.43
1334761200000,1.31218,1.31286,1.3112,1.31143,4075.53
1334762100000,1.31143,1.31155,1.31079,1.31137,3987.02
1334763000000,1.31139,1.31173,1.31052,1.31082,2856.71
1334763900000,1.31081,1.3124,1.3106,1.31205,3203.17
1334764800000,1.3121,1.31243,1.31197,1.31234,2149.27
1334765700000,1.31232,1.31249,1.31207,1.31213,1681.73
1334766600000,1.31213,1.31222,1.31158,1.31204,1906.87
1334767500000,1.31202,1.31202,1.3113,1.31151,1781.84
1334768400000,1.3115,1.31201,1.31135,1.31174,1677.33
1334769300000,1.31173,1.31187,1.31142,1.31175,1823.78
1334770200000,1.31175,1.31177,1.31071,1.31112,2289.64
1334771100000,1.31112,1.31127,1.31045,1.31078,2039.31
1334772000000,1.31077,1.3114,1.31055,1.31139,1951.94
1334772900000,1.3114,1.31185,1.31124,1.31164,1817.91
1334773800000,1.31165,1.31235,1.31162,1.31194,1959.96
1334774700000,1.31196,1.31277,1.31183,1.3125,1741.56
1334775600000,1.3125,1.31328,1.31239,1.3127,2993.82
1334776500000,1.31267,1.31268,1.31171,1.31172,2240.58
1334777400000,1.31172,1.31183,1.31143,1.31152,2083.6
1334778300000,1.31152,1.31165,1.31126,1.31151,1894.15
1334779200000,1.31151,1.31209,1.31144,1.31175,1554.58
1334780100000,1.31175,1.31221,1.31172,1.31202,994.68
1334781000000,1.312,1.31221,1.31193,1.31195,627.71
1334781900000,1.31195,1.31226,1.31191,1.31223,742.34
1334782800000,1.31226,1.3123,1.3119,1.31212,472.61
1334783700000,1.31214,1.31214,1.3115,1.31179,368.28
1334784600000,1.31179,1.31217,1.31145,1.31211,491.91
1334785500000,1.31212,1.31223,1.31169,1.31187,555.11
1334786400000,1.31187,1.31215,1.31168,1.31172,299.94
1334787300000,1.31174,1.31198,1.3117,1.31181,491.87
1334788200000,1.31181,1.31186,1.3112,1.31138,706.73
1334789100000,1.31136,1.31221,1.31115,1.31221,692.45
1334790000000,1.31222,1.31246,1.31189,1.31193,586.48
1334790900000,1.31193,1.31199,1.31154,1.31182,567.74
1334791800000,1.31182,1.31269,1.31169,1.31244,969.75
1334792700000,1.31244,1.31269,1.3116,1.3117,1440.73
1334793600000,1.3117,1.3126,1.31153,1.31257,1524.39
1334794500000,1.31257,1.31257,1.3111,1.31121,1448.55
1334795400000,1.31124,1.31169,1.31097,1.31145,1024
1334796300000,1.31141,1.31226,1.31135,1.31218,1055.1
1334797200000,1.31217,1.31311,1.31195,1.31289,1567.56
1334798100000,1.31291,1.31305,1.31223,1.31251,1056.55
1334799000000,1.31249,1.31251,1.31158,1.31171,1585.11
1334799900000,1.31171,1.3124,1.31145,1.31188,1622.28
1334800800000,1.31189,1.31219,1.31171,1.312,866.66
1334801700000,1.31202,1.3121,1.31187,1.31205,702.13
1334802600000,1.31206,1.3123,1.31203,1.31224,575.36
1334803500000,1.31224,1.31237,1.31195,1.31197,637.41
1334804400000,1.31197,1.31217,1.31182,1.31188,816.74
1334805300000,1.31187,1.31219,1.31183,1.31185,664.4
1334806200000,1.31185,1.31212,1.31184,1.31188,690.69
1334807100000,1.31188,1.3121,1.31173,1.31173,571.31
1334808000000,1.31175,1.31192,1.31132,1.31154,1047.76
1334808900000,1.31155,1.31159,1.31131,1.31137,775.79
1334809800000,1.31138,1.3114,1.31119,1.31129,695.69
1334810700000,1.31129,1.31172,1.31113,1.31157,851.92
1334811600000,1.31157,1.31216,1.31157,1.31177,1087.31
1334812500000,1.31179,1.31203,1.31152,1.31156,932.01
1334813400000,1.31157,1.31172,1.3106,1.31096,1365.33
1334814300000,1.31097,1.31144,1.31082,1.31144,2028.07
1334815200000,1.31141,1.31179,1.31093,1.31116,2389.83
1334816100000,1.31117,1.31199,1.31101,1.31173,2150.79
1334817000000,1.31173,1.31274,1.31173,1.31216,3047.71
1334817900000,1.31216,1.31239,1.31165,1.31167,2911.23
1334818800000,1.31167,1.31338,1.31086,1.3123,4621.74
1334819700000,1.31229,1.31325,1.312,1.31282,3732.29
1334820600000,1.31281,1.3131,1.3115,1.31261,3644.71
1334821500000,1.31262,1.31459,1.3121,1.31406,4413.12
1334822400000,1.31404,1.31443,1.31317,1.31393,3489.89
1334823300000,1.31392,1.31577,1.31349,1.3149,4780.37
1334824200000,1.31492,1.31608,1.31378,1.31508,5078.97
1334825100000,1.31509,1.3151,1.31223,1.31344,5469.4
1334826000000,1.3135,1.31384,1.31243,1.31278,4093.03
1334826900000,1.31277,1.31434,1.31277,1.31388,3378.07
1334827800000,1.31387,1.31388,1.31311,1.31371,3400.74
1334828700000,1.31374,1.31492,1.31314,1.31472,2961.75
1334829600000,1.31478,1.31482,1.31252,1.31281,3664.1
1334830500000,1.31281,1.31281,1.31144,1.31183,3414.27
1334831400000,1.31183,1.31197,1.3113,1.31172,2731.58
1334832300000,1.3117,1.31171,1.3113,1.31155,2492.67
1334833200000,1.31153,1.31223,1.31104,1.31118,3234.79
1334834100000,1.31119,1.31154,1.3087,1.3088,4570.46
1334835000000,1.3088,1.30884,1.30699,1.30781,5714.44
1334835900000,1.30781,1.30887,1.30721,1.3088,4508.23
1334836800000,1.30879,1.30933,1.30826,1.3086,3627.49
1334837700000,1.30858,1.30954,1.30845,1.30861,3907.24
1334838600000,1.30861,1.30927,1.30712,1.30817,5007.97
1334839500000,1.30818,1.30899,1.30779,1.3088,3983.27
1334840400000,1.3088,1.31088,1.30862,1.31068,4302.71
1334841300000,1.31066,1.31068,1.30983,1.31046,3236.32
1334842200000,1.31046,1.31129,1.3097,1.31124,4464.79
1334843100000,1.31124,1.31369,1.3112,1.31311,5082.03
1334844000000,1.31311,1.3135,1.31205,1.31316,5272.63
1334844900000,1.31315,1.31467,1.31277,1.31391,5023.3
1334845800000,1.31391,1.31512,1.31376,1.31461,5138.7
1334846700000,1.3146,1.31523,1.31405,1.31421,4139.19
1334847600000,1.31423,1.31432,1.31306,1.31328,3805.74
1334848500000,1.3133,1.31382,1.31305,1.31327,3926.97
1334849400000,1.31327,1.31361,1.31295,1.31346,3286.41
1334850300000,1.31345,1.31405,1.31317,1.31317,2359.38
1334851200000,1.31317,1.31338,1.31176,1.31254,3305.94
1334852100000,1.31254,1.31269,1.31195,1.31195,2518.38
1334853000000,1.3119,1.31266,1.3118,1.31186,2669.55
1334853900000,1.31186,1.31245,1.31182,1.31232,2052.78
1334854800000,1.31232,1.31269,1.31208,1.31215,2499.7
1334855700000,1.31215,1.31292,1.31214,1.31287,2312.88
1334856600000,1.31287,1.31386,1.31276,1.31318,2443.17
1334857500000,1.31318,1.31329,1.31195,1.31199,2526.15
1334858400000,1.31199,1.31259,1.31185,1.31248,2509.46
1334859300000,1.31248,1.31256,1.31194,1.31217,2844
1334860200000,1.31216,1.31316,1.31192,1.31305,3142.29
1334861100000,1.31307,1.31347,1.31294,1.31335,2740.82
1334862000000,1.31333,1.31334,1.3127,1.31306,2608.74
1334862900000,1.31306,1.31343,1.31275,1.31333,2651.42
1334863800000,1.31333,1.31346,1.31305,1.31308,2160.48
1334864700000,1.31305,1.31378,1.31305,1.31347,2340.39
1334865600000,1.31347,1.3138,1.31335,1.31363,1581.63
1334866500000,1.31363,1.31377,1.31349,1.31375,792.1
1334867400000,1.31374,1.3139,1.31361,1.31369,1033.06
1334868300000,1.31369,1.31386,1.31358,1.31367,1211.7
1334869200000,1.31367,1.31367,1.31317,1.31348,576.09
1334870100000,1.31346,1.31367,1.31346,1.31356,359.99
1334871000000,1.31357,1.31367,1.31335,1.3135,586.93
1334871900000,1.3135,1.31355,1.31341,1.31349,198.44
1334872800000,1.31349,1.31374,1.31339,1.3136,586.81
1334873700000,1.3136,1.31409,1.31358,1.31393,740.53
1334874600000,1.31394,1.3142,1.31388,1.31414,1013.16
1334875500000,1.31415,1.31438,1.31415,1.31428,687.26
1334876400000,1.31428,1.31479,1.31399,1.31401,1049.64
1334877300000,1.31399,1.31425,1.31399,1.31414,657.97
1334878200000,1.31414,1.31442,1.31409,1.31421,483.73
1334879100000,1.3142,1.31459,1.3142,1.3143,701.98
1334880000000,1.31431,1.31451,1.31396,1.31398,1473.17
1334880900000,1.31398,1.31419,1.31331,1.31347,1475.94
1334881800000,1.31345,1.31468,1.31345,1.31448,1353.13
1334882700000,1.31452,1.31551,1.31423,1.31441,3128.76
1334883600000,1.31441,1.31462,1.31373,1.31408,2210.51
1334884500000,1.31408,1.31408,1.31335,1.31383,1606.04
1334885400000,1.31383,1.31383,1.3129,1.31358,1541.71
1334886300000,1.31357,1.31392,1.31311,1.31328,1105.45
1334887200000,1.31327,1.31369,1.31285,1.31332,1360.58
1334888100000,1.31331,1.31427,1.31329,1.3138,1471.46
1334889000000,1.31378,1.31405,1.31367,1.31374,1031.95
1334889900000,1.31375,1.31387,1.31333,1.31374,1006.78
1334890800000,1.31372,1.31445,1.31365,1.31442,744.29
1334891700000,1.31444,1.31454,1.31415,1.31438,1037.01
1334892600000,1.3144,1.31441,1.31393,1.31418,878.5
1334893500000,1.31417,1.31431,1.31399,1.31417,997.39
1334894400000,1.31417,1.31419,1.3138,1.3139,980.68
1334895300000,1.3139,1.31448,1.3139,1.31437,966.83
1334896200000,1.31436,1.31455,1.31419,1.31438,858.36
1334897100000,1.31438,1.31452,1.31423,1.31441,991.97
1334898000000,1.31442,1.31451,1.31397,1.31411,1503.32
1334898900000,1.31411,1.3144,1.3141,1.31424,1047.03
1334899800000,1.31426,1.31535,1.31418,1.31521,1977.58
1334900700000,1.31521,1.31635,1.31518,1.31577,3413.59
1334901600000,1.31583,1.31621,1.3155,1.31578,2550.47
1334902500000,1.31578,1.3159,1.315,1.31508,2135.28
1334903400000,1.31509,1.31556,1.31451,1.31468,3209.11
1334904300000,1.31463,1.31504,1.31436,1.31461,2806.75
1334905200000,1.3146,1.31474,1.3133,1.3143,4121.36
1334906100000,1.31429,1.31437,1.31285,1.31379,4024.45
1334907000000,1.31379,1.31483,1.31371,1.31469,3710.3
1334907900000,1.31469,1.31539,1.31458,1.3151,3523.4
1334908800000,1.31506,1.31789,1.31506,1.31748,5616.26
1334909700000,1.31745,1.31756,1.31653,1.31742,4237.21
1334910600000,1.31746,1.31787,1.31571,1.31614,4547.55
1334911500000,1.31615,1.31646,1.31554,1.3157,3568.74
1334912400000,1.31575,1.31595,1.31475,1.3154,3881.08
1334913300000,1.31541,1.31612,1.31507,1.31593,3298.48
1334914200000,1.31593,1.31685,1.31543,1.31678,3683.99
1334915100000,1.31678,1.31709,1.31631,1.31689,3262.57
1334916000000,1.31689,1.31741,1.31658,1.31708,4422.19
1334916900000,1.31709,1.31891,1.31707,1.31852,4250.45
1334917800000,1.31853,1.32052,1.31812,1.31968,5297.37
1334918700000,1.31968,1.32011,1.31867,1.31904,3540.89
1334919600000,1.31906,1.31989,1.31866,1.31901,3255.51
1334920500000,1.31901,1.31903,1.31815,1.31875,2696.63
1334921400000,1.31875,1.31945,1.3182,1.31921,2818.67
1334922300000,1.31921,1.31937,1.31868,1.31919,2561.93
1334923200000,1.31919,1.32077,1.31902,1.31902,4315.49
1334924100000,1.31906,1.31945,1.3183,1.31887,3072.2
1334925000000,1.31887,1.31928,1.31845,1.31891,2877.53
1334925900000,1.31896,1.31936,1.31872,1.31915,3107.13
1334926800000,1.31915,1.31918,1.31862,1.31887,2827.21
1334927700000,1.31887,1.31918,1.3177,1.31845,3042.7
1334928600000,1.31841,1.32031,1.31833,1.31947,4249.47
1334929500000,1.31946,1.32004,1.3189,1.31965,4211.96
1334930400000,1.31963,1.32176,1.31917,1.32138,5428.06
1334931300000,1.32138,1.32174,1.32061,1.32146,4402.14
1334932200000,1.32146,1.32244,1.32123,1.32167,4505.35
1334933100000,1.32167,1.32198,1.32059,1.32074,3708.14
1334934000000,1.32076,1.3212,1.32037,1.32119,3442.86
1334934900000,1.32116,1.32178,1.321,1.32137,2797.18
1334935800000,1.32137,1.32158,1.32099,1.32148,2535.54
1334936700000,1.32148,1.32151,1.32079,1.32108,2329.23
1334937600000,1.32108,1.32158,1.32084,1.32125,2369.04
1334938500000,1.32124,1.32145,1.32078,1.32137,1934.73
1334939400000,1.32137,1.3214,1.32084,1.32127,1820.62
1334940300000,1.32127,1.32154,1.32097,1.32118,1700
1334941200000,1.32116,1.32226,1.32116,1.32212,2447.72
1334942100000,1.32211,1.32211,1.32124,1.32138,1676.21
1334943000000,1.32138,1.32156,1.32117,1.32145,1508.2
1334943900000,1.32145,1.32157,1.32118,1.32157,1922.21
1334944800000,1.32156,1.32167,1.32114,1.32153,2007.87
1334945700000,1.32152,1.32159,1.32122,1.32137,1615.36
1334946600000,1.32135,1.32171,1.32135,1.32145,1257.15
1334947500000,1.32145,1.32156,1.32082,1.32151,1833.68
1334948400000,1.32146,1.32172,1.32117,1.32169,1665.47
1334949300000,1.32168,1.32169,1.3211,1.32138,1706.53
1334950200000,1.32136,1.32172,1.32123,1.32146,1380.95
1334951100000,1.32146,1.32154,1.32089,1.32105,1542.97
1334952000000,1.32103,1.32165,1.32098,1.32152,940.51
1334952900000,1.32152,1.32204,1.32152,1.32187,798.32
1334953800000,1.32187,1.32238,1.32178,1.32225,851.2
1334954700000,1.32225,1.32263,1.32155,1.32159,1375.78
1335128400000,1.31817,1.3196,1.3181,1.31939,676.15
1335129300000,1.31943,1.31952,1.31879,1.31911,585.46
1335130200000,1.3191,1.3196,1.31877,1.31935,486.01
1335131100000,1.31933,1.31933,1.31896,1.31908,319.14
1335132000000,1.31908,1.3198,1.31902,1.31946,630.75
1335132900000,1.31947,1.32004,1.31946,1.31976,803.16
1335133800000,1.31976,1.31982,1.31965,1.31969,468.12
1335134700000,1.3197,1.32037,1.31948,1.3201,996.33
1335135600000,1.32011,1.32018,1.3197,1.3199,882.03
1335136500000,1.31988,1.31992,1.31932,1.31944,786.82
1335137400000,1.31944,1.31981,1.31944,1.31976,455.39
1335138300000,1.31976,1.32081,1.31974,1.32069,1151.65
1335139200000,1.32071,1.32101,1.32039,1.3205,1395.55
1335140100000,1.3205,1.32061,1.31999,1.32001,1240.96
1335141000000,1.32001,1.32015,1.3195,1.31966,1090.53
1335141900000,1.31966,1.31997,1.31887,1.31926,1938.31
1335142800000,1.31924,1.31961,1.3187,1.31913,1542.79
1335143700000,1.31913,1.31944,1.31891,1.31927,1123.61
1335144600000,1.3193,1.31936,1.31858,1.31915,1913.67
1335145500000,1.31913,1.31942,1.31832,1.31873,1447.77
1335146400000,1.31872,1.31874,1.31835,1.31843,1599.77
1335147300000,1.31841,1.31904,1.31838,1.3189,1136.23
1335148200000,1.3189,1.31929,1.31868,1.31914,1087.9
1335149100000,1.31912,1.31932,1.31873,1.31875,857.8
1335150000000,1.31874,1.31902,1.31865,1.31893,780.27
1335150900000,1.31893,1.31901,1.31887,1.319,411.26
1335151800000,1.319,1.31913,1.31894,1.31909,369.46
1335152700000,1.3191,1.31932,1.31907,1.31915,913.13
1335153600000,1.31919,1.31961,1.31916,1.31929,1178.88
1335154500000,1.3193,1.31953,1.3192,1.31949,899.78
1335155400000,1.31948,1.31974,1.31941,1.31961,914.2
1335156300000,1.31961,1.31967,1.31917,1.31953,1115.03
1335157200000,1.31953,1.31968,1.31929,1.31933,1149.67
1335158100000,1.31931,1.31932,1.31897,1.31926,944.81
1335159000000,1.31926,1.31935,1.31863,1.31889,1327.73
1335159900000,1.31888,1.31908,1.31837,1.31898,1773.19
1335160800000,1.31899,1.31911,1.31788,1.31834,2729.82
1335161700000,1.31833,1.31877,1.3175,1.31797,2311.91
1335162600000,1.31799,1.31843,1.31731,1.31744,3004.74
1335163500000,1.31746,1.3179,1.31661,1.3168,3857.06
1335164400000,1.31677,1.31678,1.31576,1.31594,4603.91
1335165300000,1.31592,1.31692,1.3148,1.31485,4551.49
1335166200000,1.31486,1.31523,1.31366,1.31443,5326.51
1335167100000,1.31443,1.31511,1.3138,1.31452,3927.52
1335168000000,1.31451,1.31501,1.31338,1.31495,4865.63
1335168900000,1.31495,1.31526,1.31472,1.31496,3522.26
1335169800000,1.31493,1.3157,1.31472,1.31555,3458.01
1335170700000,1.31557,1.31557,1.31428,1.31462,3054.52
1335171600000,1.31461,1.31592,1.31419,1.31576,3742.84
1335172500000,1.31576,1.31576,1.31443,1.31478,3332.13
1335173400000,1.31478,1.31518,1.31396,1.31447,3251.49
1335174300000,1.31445,1.3154,1.31381,1.31488,3051.84
1335175200000,1.31487,1.31518,1.31424,1.31507,2865.87
1335176100000,1.31507,1.31533,1.31422,1.3143,2394.09
1335177000000,1.3143,1.315,1.31425,1.31459,2435.8
1335177900000,1.31456,1.31479,1.31311,1.31324,3634.04
1335178800000,1.31324,1.31386,1.31268,1.31365,4231.81
1335179700000,1.31366,1.31405,1.3132,1.3135,3749.69
1335180600000,1.3135,1.31359,1.31245,1.31339,3578.23
1335181500000,1.31335,1.31436,1.31298,1.31396,3336.31
1335182400000,1.31398,1.31398,1.31291,1.3132,3147.26
1335183300000,1.31315,1.31319,1.31197,1.31226,3932.39
1335184200000,1.31226,1.31331,1.31218,1.3133,3401.29
1335185100000,1.3133,1.31339,1.31271,1.313,2442.1
1335186000000,1.31299,1.31299,1.31222,1.3128,3021.84
1335186900000,1.3128,1.3137,1.31258,1.31351,2581.4
1335187800000,1.3135,1.31469,1.31304,1.3141,3896.98
1335188700000,1.3141,1.31418,1.31318,1.31385,4039.54
1335189600000,1.31385,1.31387,1.31175,1.31245,4292.7
1335190500000,1.31242,1.31284,1.31058,1.31111,4461.93
1335191400000,1.31111,1.3121,1.31045,1.31172,4177.64
1335192300000,1.31172,1.31274,1.31145,1.31238,4082.13
1335193200000,1.31238,1.31244,1.31195,1.31227,3152.38
1335194100000,1.31227,1.31299,1.31195,1.31286,3261.05
1335195000000,1.31286,1.31377,1.31273,1.31326,2875.94
1335195900000,1.31326,1.31326,1.3126,1.31288,2077.17
1335196800000,1.31288,1.31348,1.31274,1.31294,2235.83
1335197700000,1.31294,1.31341,1.31288,1.31339,1437.9
1335198600000,1.31339,1.31352,1.31321,1.31345,1352.27
1335199500000,1.31345,1.3136,1.31313,1.31355,1571.51
1335200400000,1.31358,1.31371,1.31338,1.31368,1801.29
1335201300000,1.31368,1.31392,1.31357,1.3138,1723.79
1335202200000,1.31381,1.31401,1.31352,1.31356,1384.71
1335203100000,1.31357,1.3139,1.31323,1.31347,1689.76
1335204000000,1.31347,1.31387,1.31343,1.31357,2125.9
1335204900000,1.31357,1.31458,1.31348,1.31399,2406.23
1335205800000,1.314,1.31481,1.31396,1.31438,2278.47
1335206700000,1.31439,1.31471,1.31435,1.31435,1842.63
1335207600000,1.31433,1.31504,1.31431,1.31447,2268.66
1335208500000,1.31445,1.31465,1.31429,1.3145,1404.31
1335209400000,1.31448,1.31566,1.31442,1.3151,2034.76
1335210300000,1.31512,1.31546,1.31504,1.31511,1599.28
1335211200000,1.31511,1.31573,1.31507,1.31547,1746.02
1335212100000,1.31547,1.31564,1.3153,1.3156,883.11
1335213000000,1.31561,1.31589,1.31537,1.31573,971.29
1335213900000,1.31573,1.31602,1.31558,1.31559,1139.75
1335214800000,1.31559,1.31562,1.31519,1.31544,650.31
1335215700000,1.31544,1.31551,1.31522,1.31522,220.08
1335216600000,1.31522,1.31547,1.31517,1.31528,408.12
1335217500000,1.31527,1.31574,1.31511,1.31558,395.59
1335218400000,1.3156,1.31579,1.3155,1.3155,299.67
1335219300000,1.31552,1.31562,1.31527,1.31536,622.78
1335220200000,1.31537,1.31541,1.31516,1.31524,708.47
1335221100000,1.31525,1.31552,1.31521,1.31536,529.49
1335222000000,1.3154,1.31553,1.3153,1.31539,624.89
1335222900000,1.31539,1.31563,1.3153,1.31534,713.08
1335223800000,1.31534,1.31539,1.3152,1.3152,489.55
1335224700000,1.3152,1.31525,1.31474,1.31486,1324.33
1335225600000,1.31487,1.31492,1.31464,1.31471,1333.94
1335226500000,1.31474,1.31534,1.31474,1.31525,962.86
1335227400000,1.31527,1.31547,1.31488,1.3152,1160.66
1335228300000,1.31521,1.3156,1.31498,1.31537,907.47
1335229200000,1.31537,1.31563,1.31519,1.31521,752.34
1335230100000,1.31523,1.31534,1.31505,1.31511,1031.85
1335231000000,1.31511,1.31533,1.31447,1.315,2344.86
1335231900000,1.31503,1.31529,1.31481,1.31482,1839.72
1335232800000,1.31482,1.31551,1.31472,1.31539,2247.79
1335233700000,1.31539,1.31556,1.31503,1.31554,1674.11
1335234600000,1.31554,1.31569,1.31531,1.31538,1464.72
1335235500000,1.31538,1.31548,1.31506,1.31506,1216.23
1335236400000,1.31507,1.31532,1.3148,1.31513,1803.5
1335237300000,1.31512,1.31529,1.31465,1.31494,1911.58
1335238200000,1.31496,1.31537,1.31475,1.31507,1927.12
1335239100000,1.31507,1.31521,1.31457,1.31491,1401.08
1335240000000,1.31494,1.31533,1.31478,1.31531,1136.01
1335240900000,1.31531,1.31538,1.31509,1.31522,1082.46
1335241800000,1.31522,1.31542,1.31522,1.31533,1193.16
1335242700000,1.31535,1.31597,1.3153,1.31587,1622.14
1335243600000,1.31587,1.31598,1.31544,1.31555,1597.12
1335244500000,1.31553,1.31581,1.31551,1.31556,1448.11
1335245400000,1.31559,1.3158,1.3154,1.31557,1296.61
1335246300000,1.31557,1.31582,1.31537,1.31573,1933.24
1335247200000,1.3157,1.31709,1.31557,1.31707,3435.85
1335248100000,1.31707,1.31727,1.31665,1.31695,3185.76
1335249000000,1.31695,1.31744,1.31694,1.31732,3446.99
1335249900000,1.31732,1.31775,1.3171,1.31715,3483.22
1335250800000,1.31722,1.31839,1.3168,1.31689,4523.22
1335251700000,1.31689,1.31734,1.31633,1.31716,3866.41
1335252600000,1.31714,1.31746,1.31613,1.31688,3581.07
1335253500000,1.31686,1.31725,1.3167,1.31704,3422.62
1335254400000,1.31704,1.31828,1.31691,1.31729,3837.01
1335255300000,1.31727,1.31826,1.31704,1.31762,3294.75
1335256200000,1.3176,1.31769,1.3167,1.31671,3396.75
1335257100000,1.3167,1.31698,1.31622,1.31651,3236.32
1335258000000,1.3165,1.31701,1.31619,1.31681,3078.21
1335258900000,1.31681,1.31738,1.31638,1.31704,3639.66
1335259800000,1.31704,1.31704,1.31649,1.3167,3062
1335260700000,1.3167,1.31714,1.3165,1.31672,3310.67
1335261600000,1.31672,1.31687,1.3156,1.31581,3170.31
1335262500000,1.3158,1.31581,1.31506,1.31544,3154.9
1335263400000,1.31544,1.31593,1.3153,1.3156,2635.84
1335264300000,1.3156,1.31661,1.31557,1.31624,2782.38
1335265200000,1.31624,1.31703,1.31616,1.31698,3436.74
1335266100000,1.31698,1.3171,1.31655,1.31676,2360.88
1335267000000,1.31676,1.31774,1.31671,1.31732,3127.5
1335267900000,1.31732,1.31742,1.3165,1.31693,2734.6
1335268800000,1.31693,1.31715,1.31604,1.31604,2809.42
1335269700000,1.31603,1.31653,1.31597,1.31608,3018.52
1335270600000,1.31607,1.31608,1.31522,1.3157,3733.35
1335271500000,1.31571,1.31577,1.31485,1.31549,3285.11
1335272400000,1.31549,1.31732,1.31528,1.31712,4032.82
1335273300000,1.31712,1.31888,1.31683,1.31849,3767.81
1335274200000,1.3185,1.32031,1.3185,1.32001,5359.32
1335275100000,1.32001,1.32071,1.31925,1.31957,4512.94
1335276000000,1.31955,1.32173,1.31927,1.32034,5192.45
1335276900000,1.32034,1.32073,1.31956,1.32002,4220.23
1335277800000,1.32002,1.32062,1.31953,1.31969,3559.45
1335278700000,1.3197,1.32077,1.31952,1.32024,3732.14
1335279600000,1.32024,1.32033,1.31928,1.32008,3611.06
1335280500000,1.32009,1.32107,1.31994,1.32078,3211.56
1335281400000,1.32078,1.32085,1.31983,1.32011,2225.78
1335282300000,1.32012,1.32073,1.3201,1.3206,1515.66
1335283200000,1.3206,1.32065,1.32,1.3202,1621.71
1335284100000,1.32019,1.32044,1.31997,1.32013,1235.14
1335285000000,1.32011,1.32063,1.31995,1.31996,1553.84
1335285900000,1.3199,1.32014,1.31963,1.31974,1505.7
1335286800000,1.31976,1.32034,1.31972,1.31988,1552.85
1335287700000,1.31988,1.32016,1.31978,1.31979,1137.94
1335288600000,1.31981,1.32007,1.31966,1.32001,1440.76
1335289500000,1.32001,1.32004,1.3192,1.31932,1837.82
1335290400000,1.31932,1.31943,1.319,1.31906,1937.4
1335291300000,1.31906,1.31925,1.31875,1.31893,2040.18
1335292200000,1.31893,1.31952,1.31888,1.31921,2242.23
1335293100000,1.31924,1.31941,1.31892,1.31906,1539.45
1335294000000,1.31901,1.31906,1.3182,1.31842,2253.71
1335294900000,1.31842,1.31876,1.31831,1.31839,1875.76
1335295800000,1.31839,1.31852,1.3181,1.3182,1730.28
1335296700000,1.3182,1.31887,1.318,1.31864,1987.66
1335297600000,1.31865,1.31886,1.31851,1.31876,1325.05
1335298500000,1.31876,1.31888,1.31866,1.31879,775.89
1335299400000,1.31879,1.31971,1.31858,1.31936,1465.58
1335300300000,1.31936,1.31968,1.31909,1.31958,838.77
1335301200000,1.31958,1.31976,1.31927,1.31942,474.89
1335302100000,1.31946,1.31949,1.31926,1.31945,235.57
1335303000000,1.31939,1.31952,1.31901,1.31906,403.18
1335303900000,1.31908,1.31947,1.31908,1.31946,195.46
1335304800000,1.31947,1.32018,1.31946,1.31999,637.38
1335305700000,1.31999,1.32018,1.31983,1.32005,955.57
1335306600000,1.32004,1.32016,1.31969,1.31981,758.67
1335307500000,1.3198,1.32027,1.31971,1.31975,757.31
1335308400000,1.31975,1.31982,1.31951,1.31953,483.75
1335309300000,1.31953,1.31965,1.31952,1.3196,234.33
1335310200000,1.3196,1.31984,1.3194,1.31944,823.93
1335311100000,1.31944,1.31965,1.31925,1.31951,887.74
1335312000000,1.31951,1.3206,1.31943,1.32009,1759.21
1335312900000,1.32009,1.32023,1.31989,1.32017,966.39
1335313800000,1.32014,1.3204,1.32,1.32,988.76
1335314700000,1.31999,1.32004,1.31969,1.3198,1322.42
1335315600000,1.3198,1.31991,1.31933,1.31937,1369.29
1335316500000,1.31938,1.31983,1.31933,1.31957,1228.73
1335317400000,1.31956,1.3197,1.31939,1.31942,927.23
1335318300000,1.31943,1.3195,1.3192,1.31941,1087.13
1335319200000,1.31941,1.31956,1.31919,1.31955,944.04
1335320100000,1.31955,1.31993,1.31937,1.31989,1086.92
1335321000000,1.3199,1.32004,1.31973,1.31992,1226.42
1335321900000,1.31992,1.31995,1.31931,1.31952,1500.81
1335322800000,1.31951,1.31993,1.31908,1.31985,1157.69
1335323700000,1.31985,1.32006,1.31979,1.31995,904.97
1335324600000,1.31995,1.31997,1.31968,1.31986,623.95
1335325500000,1.31987,1.31987,1.31938,1.31943,958.46
1335326400000,1.31946,1.31974,1.31946,1.31962,565.67
1335327300000,1.31962,1.31978,1.31948,1.31975,777.91
1335328200000,1.31974,1.31974,1.31949,1.31962,563.31
1335329100000,1.31962,1.31978,1.31942,1.31943,809.12
1335330000000,1.31943,1.31975,1.31942,1.31964,1673.37
1335330900000,1.31964,1.31972,1.31942,1.31946,771.76
1335331800000,1.31945,1.31978,1.3192,1.31921,1283.65
1335332700000,1.31924,1.31925,1.31871,1.31883,1710.87
1335333600000,1.31881,1.31949,1.31856,1.31944,2185.88
1335334500000,1.31943,1.31965,1.31891,1.31952,1951.19
1335335400000,1.31954,1.31992,1.31924,1.31946,2344.89
1335336300000,1.31949,1.32059,1.3189,1.32034,2668
1335337200000,1.32035,1.32163,1.3203,1.32121,5134.25
1335338100000,1.32119,1.32152,1.32047,1.32141,3685.91
1335339000000,1.32141,1.322,1.32108,1.32115,3532.28
1335339900000,1.32118,1.32118,1.3204,1.32078,3370
1335340800000,1.32078,1.32213,1.32072,1.32163,4455.12
1335341700000,1.32165,1.32175,1.32126,1.32131,3160.79
1335342600000,1.32131,1.32131,1.32011,1.32079,4069.76
1335343500000,1.3208,1.32223,1.32058,1.32165,3934.24
1335344400000,1.32163,1.32294,1.32145,1.32222,3661.17
1335345300000,1.32222,1.3225,1.32165,1.32184,2500.1
1335346200000,1.32184,1.32222,1.3207,1.32114,3469.64
1335347100000,1.32116,1.32169,1.32102,1.32114,2521.54
1335348000000,1.32114,1.32359,1.3211,1.32208,4358.14
1335348900000,1.32208,1.32288,1.32186,1.32213,2805.23
1335349800000,1.32217,1.32267,1.32193,1.32203,2092.92
1335350700000,1.32203,1.32208,1.3212,1.32128,2236.13
1335351600000,1.32128,1.32196,1.32117,1.32196,2591.23
1335352500000,1.32196,1.32222,1.32118,1.32125,2602.44
1335353400000,1.32124,1.32131,1.31964,1.32033,3524.64
1335354300000,1.32033,1.32057,1.31975,1.32032,2757.46
1335355200000,1.32037,1.32084,1.31983,1.32043,3165.06
1335356100000,1.32043,1.32093,1.32022,1.32063,2810.2
1335357000000,1.3206,1.32161,1.32044,1.32054,3739.53
1335357900000,1.32054,1.32075,1.3195,1.32069,3463.77
1335358800000,1.32068,1.32238,1.32035,1.32231,3268.81
1335359700000,1.32232,1.32253,1.3218,1.32209,3659.69
1335360600000,1.32209,1.32211,1.32134,1.32168,3192.79
1335361500000,1.32168,1.32255,1.32149,1.32173,3658.83
1335362400000,1.3217,1.32207,1.31921,1.31998,4417.12
1335363300000,1.31998,1.32047,1.31928,1.31929,3443.37
1335364200000,1.31929,1.31978,1.3187,1.31963,3923.6
1335365100000,1.31963,1.31968,1.31825,1.31839,3490.47
1335366000000,1.31837,1.31939,1.31805,1.31925,3492.75
1335366900000,1.31924,1.32032,1.31884,1.32015,2935.88
1335367800000,1.32015,1.32127,1.31999,1.32083,2736.92
1335368700000,1.32083,1.32147,1.32067,1.32087,2296.83
1335369600000,1.32092,1.32096,1.32007,1.32077,2013.11
1335370500000,1.32078,1.32099,1.32026,1.32049,2238.52
1335371400000,1.32048,1.32074,1.31838,1.31949,4467.99
1335372300000,1.31949,1.31984,1.31867,1.31975,3031.73
1335373200000,1.31976,1.32106,1.31975,1.32035,3076.25
1335374100000,1.32034,1.32077,1.3203,1.32052,2307.2
1335375000000,1.32054,1.32106,1.32,1.32005,2543.48
1335375900000,1.32005,1.32037,1.31965,1.31997,1749.2
1335376800000,1.31997,1.31997,1.31736,1.31884,4736.73
1335377700000,1.31883,1.32225,1.3185,1.32116,4228.81
1335378600000,1.32116,1.32153,1.3202,1.32084,2947.63
1335379500000,1.32084,1.32302,1.32073,1.32285,2859.49
1335380400000,1.32285,1.32338,1.32184,1.32192,2585.16
1335381300000,1.32191,1.32214,1.32143,1.32145,1436.14
1335382200000,1.32145,1.32155,1.32121,1.32145,1658.65
1335383100000,1.32145,1.32209,1.32131,1.32193,1398.42
1335384000000,1.32193,1.3221,1.32163,1.32201,1515.78
1335384900000,1.32202,1.32262,1.32198,1.32222,1118.62
1335385800000,1.32221,1.32225,1.3216,1.3216,651.67
1335386700000,1.3216,1.32181,1.32153,1.32162,575.82
1335387600000,1.32161,1.32229,1.32159,1.3221,419.32
1335388500000,1.3221,1.32232,1.32162,1.32187,313.54
1335389400000,1.32187,1.32206,1.3218,1.32197,412.81
1335390300000,1.32198,1.32238,1.32187,1.32228,240.74
1335391200000,1.32225,1.32225,1.32176,1.32179,263.88
1335392100000,1.3218,1.32198,1.32178,1.32191,343.18
1335393000000,1.32194,1.32209,1.32181,1.32196,346.3
1335393900000,1.32196,1.32219,1.32181,1.32216,396.55
1335394800000,1.32219,1.32247,1.32204,1.32232,618.32
1335395700000,1.32231,1.3225,1.32225,1.32236,407.82
1335396600000,1.32234,1.32301,1.32234,1.32269,693.28
1335397500000,1.32269,1.32321,1.32258,1.32306,974.76
1335398400000,1.32306,1.32332,1.32282,1.32299,1290.78
1335399300000,1.32304,1.3232,1.32241,1.32273,1196.09
1335400200000,1.32273,1.32279,1.32244,1.32244,851.25
1335401100000,1.32244,1.32249,1.32222,1.32223,1263.14
1335402000000,1.32224,1.32226,1.3219,1.32211,1188.71
1335402900000,1.32211,1.32243,1.3221,1.32213,922.69
1335403800000,1.32213,1.32225,1.3217,1.3217,1350.51
1335404700000,1.3217,1.32211,1.32169,1.32193,1020.49
1335405600000,1.32193,1.32215,1.3216,1.32205,1193.14
1335406500000,1.32204,1.32246,1.322,1.32246,1228.94
1335407400000,1.32247,1.32263,1.32223,1.32258,1004.55
1335408300000,1.32257,1.323,1.32254,1.32299,927.29
1335409200000,1.32298,1.32305,1.32261,1.32275,1354.12
1335410100000,1.32272,1.3229,1.32249,1.32285,668.47
1335411000000,1.32285,1.32285,1.32242,1.32245,767.54
1335411900000,1.32245,1.3225,1.32234,1.32237,628.65
1335412800000,1.32237,1.32241,1.32234,1.32237,480.09
1335413700000,1.32237,1.32256,1.32235,1.32254,541.97
1335414600000,1.32254,1.32264,1.32243,1.32262,734.75
1335415500000,1.32262,1.32263,1.32235,1.32237,836.82
1335416400000,1.32237,1.32248,1.3221,1.32218,1186.78
1335417300000,1.32218,1.32218,1.32177,1.32212,1164.68
1335418200000,1.32212,1.32213,1.32192,1.3221,624.43
1335419100000,1.3221,1.3226,1.3221,1.32234,1420.04
1335420000000,1.32234,1.32325,1.32219,1.3229,1944.02
1335420900000,1.3229,1.32373,1.3228,1.32344,2373.82
1335421800000,1.32345,1.32371,1.32282,1.32287,2425.78
1335422700000,1.32293,1.32374,1.32284,1.32371,2602.8
1335423600000,1.32371,1.32374,1.32245,1.32277,3176.92
1335424500000,1.32277,1.32486,1.32257,1.32458,3612.17
1335425400000,1.32454,1.32625,1.3244,1.32559,4248.77
1335426300000,1.32559,1.32609,1.32506,1.32569,2933.26
1335427200000,1.32568,1.32602,1.32485,1.32519,2986.34
1335428100000,1.32519,1.32536,1.3246,1.32505,3016.62
1335429000000,1.32504,1.3254,1.32418,1.32426,2790.63
1335429900000,1.32426,1.32458,1.3233,1.32359,3133.18
1335430800000,1.32358,1.32411,1.32315,1.32406,2764.8
1335431700000,1.32406,1.32418,1.3227,1.32286,2873.63
1335432600000,1.32289,1.32308,1.32205,1.32298,3453.46
1335433500000,1.32298,1.32303,1.32215,1.32215,2505.04
1335434400000,1.32215,1.32222,1.32094,1.32169,3488.49
1335435300000,1.3217,1.32187,1.32085,1.32085,2372.96
1335436200000,1.32085,1.32101,1.32004,1.32078,3540.62
1335437100000,1.32078,1.32145,1.32062,1.32099,2989.97
1335438000000,1.32099,1.32162,1.3206,1.32128,3250.38
1335438900000,1.32129,1.3214,1.3204,1.32044,2732.95
1335439800000,1.32041,1.32177,1.32029,1.32134,3312.12
1335440700000,1.32132,1.32173,1.32115,1.32154,3259.05
1335441600000,1.32156,1.32255,1.32135,1.32145,4017.31
1335442500000,1.32155,1.32163,1.32056,1.32075,3373.35
1335443400000,1.32079,1.32174,1.32062,1.32126,3822.82
1335444300000,1.32124,1.32141,1.31985,1.32125,4376.01
1335445200000,1.32127,1.32196,1.32082,1.32082,3826.84
1335446100000,1.32082,1.32194,1.32053,1.32177,2823.88
1335447000000,1.32176,1.32239,1.32115,1.3212,3807.81
1335447900000,1.32123,1.3215,1.3208,1.32137,3549.46
1335448800000,1.32131,1.32352,1.32113,1.32335,4770.31
1335449700000,1.32336,1.32541,1.32336,1.32439,4820.43
1335450600000,1.32439,1.32447,1.323,1.32373,4025.01
1335451500000,1.32375,1.32395,1.32289,1.32289,3927.27
1335452400000,1.3229,1.32341,1.3227,1.32293,3082.16
1335453300000,1.32293,1.32388,1.3226,1.3238,2691.48
1335454200000,1.32377,1.3238,1.32328,1.32345,1782.65
1335455100000,1.32345,1.32347,1.32259,1.32307,2092.01
1335456000000,1.32306,1.32306,1.322,1.32238,2090.49
1335456900000,1.32236,1.32256,1.32217,1.32244,1434.91
1335457800000,1.32246,1.32328,1.32232,1.32301,1422.87
1335458700000,1.32303,1.32353,1.32286,1.32348,982.16
1335459600000,1.32351,1.3239,1.3232,1.32372,2148.22
1335460500000,1.32372,1.32387,1.32331,1.32334,1803.69
1335461400000,1.32332,1.32395,1.32331,1.32386,1631.13
1335462300000,1.32386,1.32386,1.323,1.32318,1461.6
1335463200000,1.32321,1.32369,1.32312,1.32355,1701.45
1335464100000,1.32353,1.32398,1.32341,1.32365,2045.47
1335465000000,1.32367,1.32371,1.32351,1.3236,1244.04
1335465900000,1.3236,1.32391,1.3236,1.32384,1784.35
1335466800000,1.32384,1.32395,1.32349,1.32375,1383.82
1335467700000,1.32373,1.32406,1.32365,1.32395,1471.72
1335468600000,1.32395,1.32409,1.32381,1.32395,1357.08
1335469500000,1.32398,1.32419,1.32372,1.32372,1609.68
1335470400000,1.32372,1.32386,1.32361,1.32372,1129.8
1335471300000,1.32372,1.32374,1.32362,1.32371,749.44
1335472200000,1.32371,1.3239,1.32368,1.32374,723.22
1335473100000,1.32374,1.32415,1.32209,1.32209,1494.11
1335474000000,1.32208,1.32226,1.32051,1.3206,1903.12
1335474900000,1.32061,1.32136,1.32044,1.32094,1595.76
1335475800000,1.32092,1.32092,1.31852,1.31866,1721.21
1335476700000,1.31866,1.31934,1.31801,1.31909,1233.25
1335477600000,1.31901,1.31928,1.31866,1.31892,921.7
1335478500000,1.31892,1.31915,1.3181,1.31852,1432.54
1335479400000,1.31852,1.31874,1.31815,1.3187,1349.38
1335480300000,1.3187,1.31879,1.31765,1.31807,1934.9
1335481200000,1.31808,1.3185,1.31801,1.31848,916.44
1335482100000,1.31851,1.31886,1.3184,1.31864,1053.22
1335483000000,1.31863,1.31927,1.31863,1.3189,1251.83
1335483900000,1.31888,1.31918,1.3186,1.31918,1481.25
1335484800000,1.31915,1.3197,1.31909,1.31962,1935.37
1335485700000,1.31963,1.32035,1.31961,1.32015,1891.19
1335486600000,1.32014,1.32118,1.32002,1.32093,2198.45
1335487500000,1.32094,1.32098,1.32049,1.32056,2416.64
1335488400000,1.32055,1.32055,1.3201,1.32033,1861.79
1335489300000,1.32034,1.32088,1.32033,1.32042,1339.52
1335490200000,1.32041,1.32059,1.32024,1.32035,1097.44
1335491100000,1.32037,1.32046,1.31952,1.31974,1832.33
1335492000000,1.31972,1.32003,1.31916,1.31952,1396.29
1335492900000,1.3195,1.31957,1.3192,1.31937,1445.72
1335493800000,1.31937,1.32009,1.31936,1.32008,1199.83
1335494700000,1.32005,1.32047,1.31988,1.32039,1604.35
1335495600000,1.32039,1.32043,1.32,1.3202,1594.12
1335496500000,1.3202,1.3202,1.31991,1.32008,979.62
1335497400000,1.32009,1.32024,1.32008,1.3202,872.65
1335498300000,1.3202,1.32071,1.3194,1.31991,3555.9
1335499200000,1.31987,1.32053,1.3198,1.32017,1801.65
1335500100000,1.32014,1.32026,1.3197,1.31974,1697.82
1335501000000,1.31974,1.31974,1.3182,1.31861,2539.02
1335501900000,1.31861,1.31907,1.31815,1.31858,2555.92
1335502800000,1.31856,1.31868,1.31784,1.31866,2664.74
1335503700000,1.31864,1.31893,1.31842,1.3187,2183.74
1335504600000,1.3187,1.31886,1.31821,1.31836,2071.88
1335505500000,1.31836,1.31864,1.31781,1.31847,2283.06
1335506400000,1.31847,1.31866,1.31656,1.31687,3773.55
1335507300000,1.31688,1.31755,1.31595,1.31744,3684.9
1335508200000,1.31748,1.3175,1.31662,1.31704,3542.61
1335509100000,1.31704,1.31741,1.31658,1.31725,2808.69
1335510000000,1.31721,1.31727,1.3157,1.31605,5334.63
1335510900000,1.31605,1.31768,1.3158,1.31753,4466.43
1335511800000,1.31755,1.31868,1.31743,1.31792,4484.43
1335512700000,1.3179,1.31853,1.3172,1.31841,3991.84
1335513600000,1.31842,1.31886,1.31792,1.31796,3817.94
1335514500000,1.31798,1.31884,1.31738,1.3186,3833.92
1335515400000,1.31863,1.3205,1.31855,1.32015,4612.88
1335516300000,1.32015,1.32154,1.32008,1.32076,4161.89
1335517200000,1.32077,1.3222,1.3206,1.32182,4323.71
1335518100000,1.32181,1.32265,1.32101,1.3224,4439.6
1335519000000,1.32234,1.32421,1.32188,1.3234,4547.83
1335519900000,1.32345,1.32365,1.32233,1.32244,3457.09
1335520800000,1.32244,1.32258,1.3218,1.32226,3384.16
1335521700000,1.32226,1.32282,1.32182,1.32266,2692.88
1335522600000,1.32266,1.32357,1.32262,1.32351,3000.34
1335523500000,1.3235,1.32402,1.32239,1.32241,3180.02
1335524400000,1.32243,1.32364,1.32242,1.32275,3384.5
1335525300000,1.32272,1.32352,1.32272,1.32351,2807.63
1335526200000,1.3235,1.32386,1.32235,1.32261,3398.53
1335527100000,1.32263,1.3238,1.32243,1.32303,3346.41
1335528000000,1.32307,1.32363,1.32272,1.32285,2924.3
1335528900000,1.32282,1.32393,1.32282,1.32379,2935.86
1335529800000,1.32379,1.32493,1.3226,1.32467,4675.3
1335530700000,1.32467,1.32698,1.32467,1.3258,4978.93
1335531600000,1.3258,1.32624,1.32535,1.32579,3494.94
1335532500000,1.32579,1.32594,1.32487,1.32527,3258.21
1335533400000,1.32525,1.32546,1.32444,1.3246,3380.1
1335534300000,1.3246,1.32534,1.3241,1.32505,3637.45
1335535200000,1.32506,1.32583,1.32429,1.32467,4029.6
1335536100000,1.32464,1.32536,1.3243,1.32512,3670.93
1335537000000,1.32512,1.32604,1.32483,1.3254,3586.47
1335537900000,1.32539,1.32601,1.32466,1.32598,3799.18
1335538800000,1.32596,1.32598,1.3251,1.32532,2981.67
1335539700000,1.32533,1.32568,1.32509,1.32521,2471.21
1335540600000,1.32521,1.32537,1.32467,1.32503,2404.12
1335541500000,1.32506,1.32528,1.32462,1.3247,1704.08
1335542400000,1.3247,1.32524,1.3247,1.32493,1741.35
1335543300000,1.32492,1.32527,1.32478,1.32515,1326.94
1335544200000,1.32517,1.3253,1.32484,1.32501,1266.13
1335545100000,1.32502,1.32556,1.32494,1.32556,924.25
1335546000000,1.32556,1.32637,1.32545,1.32628,2196.55
1335546900000,1.32628,1.32667,1.32624,1.3264,1870.81
1335547800000,1.32642,1.32665,1.32625,1.32629,1499.35
1335548700000,1.32629,1.32629,1.32566,1.32577,1523.51
1335549600000,1.32577,1.32598,1.32559,1.32576,1353.8
1335550500000,1.32575,1.32594,1.32571,1.32573,1093.91
1335551400000,1.32573,1.32594,1.32562,1.32573,1094.73
1335552300000,1.32573,1.32595,1.32532,1.32589,1559.41
1335553200000,1.32589,1.32589,1.32526,1.32571,1129.46
1335554100000,1.32571,1.32571,1.32532,1.32541,1050.77
1335555000000,1.32541,1.32543,1.3246,1.32465,1497.52
1335555900000,1.32465,1.32476,1.32364,1.32366,1942.47
1335556800000,1.32365,1.32404,1.32356,1.32376,832.05
1335557700000,1.32377,1.32427,1.32377,1.32418,742.11
1335558600000,1.32416,1.32424,1.32397,1.32404,595.91
1335559500000,1.32402,1.32559,1.324,1.32535,1354.63
1335733200000,1.32333,1.32392,1.32331,1.32391,223.64
1335734100000,1.32386,1.32393,1.32367,1.32372,255.8
1335735000000,1.32362,1.3241,1.32358,1.32403,280.94
1335735900000,1.32405,1.32407,1.32381,1.32393,229.8
1335736800000,1.32393,1.32467,1.32393,1.32433,773.7
1335737700000,1.32428,1.3245,1.32418,1.32429,862.98
1335738600000,1.32426,1.32426,1.32367,1.32386,578.27
1335739500000,1.32388,1.32403,1.3238,1.32386,375.88
1335740400000,1.32385,1.32411,1.32385,1.32409,468.75
1335741300000,1.32409,1.32428,1.32364,1.32374,1003.76
1335742200000,1.32376,1.32403,1.32374,1.3239,385.74
1335743100000,1.32394,1.32404,1.32389,1.32392,626.06
1335744000000,1.32392,1.32399,1.32305,1.32309,1356.36
1335744900000,1.32309,1.32364,1.323,1.32357,1231.79
1335745800000,1.32357,1.32366,1.32319,1.32357,943.58
1335746700000,1.32357,1.3236,1.32339,1.32348,1016.83
1335747600000,1.32349,1.32376,1.32331,1.32337,1321.27
1335748500000,1.32337,1.32377,1.32322,1.32349,1401.36
1335749400000,1.32349,1.32383,1.3234,1.32372,1416.55
1335750300000,1.32374,1.32378,1.32352,1.32357,1299.4
1335751200000,1.32357,1.32437,1.32353,1.32413,1228.23
1335752100000,1.32414,1.32433,1.3239,1.32414,1195.85
1335753000000,1.32414,1.32429,1.32396,1.32396,846.6
1335753900000,1.32396,1.32417,1.3239,1.32394,1026.85
1335754800000,1.32394,1.32407,1.32367,1.32374,809.72
1335755700000,1.32372,1.32433,1.32372,1.3242,838.51
1335756600000,1.3242,1.32427,1.32396,1.32408,927.18
1335757500000,1.32409,1.32478,1.32409,1.32464,1507.99
1335758400000,1.32464,1.32485,1.32463,1.32465,1110.29
1335759300000,1.32466,1.32484,1.32456,1.32462,934.82
1335760200000,1.32464,1.32515,1.32458,1.32485,1074.02
1335761100000,1.32484,1.32512,1.32471,1.32492,1193.79
1335762000000,1.32485,1.32525,1.32462,1.32469,1540.27
1335762900000,1.32469,1.32532,1.32457,1.3251,1699.57
1335763800000,1.3251,1.32539,1.325,1.32528,1308.09
1335764700000,1.32529,1.32541,1.32502,1.32502,1457.28
1335765600000,1.325,1.32603,1.32485,1.32579,2810.88
1335766500000,1.32579,1.32631,1.32544,1.32564,2409.05
1335767400000,1.32564,1.32582,1.32467,1.32564,3089.95
1335768300000,1.32561,1.32607,1.32517,1.32536,3025.76
1335769200000,1.32538,1.32663,1.32449,1.32463,4748.71
1335770100000,1.32459,1.32482,1.32364,1.32456,3759.71
1335771000000,1.32455,1.32467,1.32387,1.32443,3532.26
1335771900000,1.32443,1.32519,1.32366,1.32378,3544.29
1335772800000,1.32378,1.32426,1.3232,1.32399,3794.46
1335773700000,1.32399,1.32449,1.32369,1.32384,3077.07
1335774600000,1.32384,1.3242,1.32297,1.32393,3620.93
1335775500000,1.32394,1.32426,1.32366,1.32395,3304.62
1335776400000,1.32395,1.32431,1.32297,1.32348,3317.09
1335777300000,1.32348,1.32389,1.32274,1.32287,3462.4
1335778200000,1.32286,1.32351,1.32278,1.323,3612.91
1335779100000,1.323,1.323,1.32245,1.32286,2914.64
1335780000000,1.32283,1.32283,1.32169,1.32187,3453.4
1335780900000,1.32187,1.32187,1.3211,1.32135,2859.54
1335781800000,1.32133,1.32184,1.32078,1.32171,2972.77
1335782700000,1.3217,1.3224,1.32158,1.32183,3416.66
1335783600000,1.32183,1.3223,1.32153,1.32186,2757.65
1335784500000,1.32184,1.32224,1.32136,1.32194,2463.33
1335785400000,1.32188,1.32235,1.32179,1.32195,3145.19
1335786300000,1.32197,1.32223,1.32155,1.32189,3125.31
1335787200000,1.32186,1.32208,1.32111,1.32129,3348.17
1335788100000,1.3213,1.32188,1.321,1.3213,3488.35
1335789000000,1.3213,1.32216,1.32095,1.32215,4113.38
1335789900000,1.32216,1.32285,1.32211,1.32257,3437.67
1335790800000,1.32259,1.32299,1.3221,1.32218,2844.47
1335791700000,1.32221,1.32273,1.32202,1.32273,2448.84
1335792600000,1.32272,1.323,1.32213,1.32284,4201.43
1335793500000,1.32284,1.32339,1.32255,1.32299,4152.77
1335794400000,1.32299,1.32382,1.32271,1.32377,3652.94
1335795300000,1.32377,1.32419,1.3234,1.32362,3212.84
1335796200000,1.32362,1.32385,1.3233,1.32344,3409.2
1335797100000,1.32346,1.32367,1.32294,1.32354,3679.53
1335798000000,1.32353,1.32356,1.32256,1.32277,3467.69
1335798900000,1.32279,1.32337,1.32262,1.32315,2859.93
1335799800000,1.32315,1.32349,1.32271,1.32332,2255.23
1335800700000,1.3233,1.32331,1.32272,1.32272,1344.99
1335801600000,1.32274,1.32295,1.32229,1.32285,1619.84
1335802500000,1.32285,1.32306,1.32264,1.32281,1286.98
1335803400000,1.32281,1.32298,1.32261,1.32281,1145.37
1335804300000,1.32281,1.32294,1.32253,1.32289,1379.43
1335805200000,1.32285,1.32296,1.32262,1.3227,1217.25
1335806100000,1.32271,1.32281,1.32264,1.32268,867.18
1335807000000,1.32268,1.3228,1.32254,1.32274,994.84
1335807900000,1.32273,1.32331,1.32272,1.32326,1346.25
1335808800000,1.32324,1.32328,1.3229,1.32311,1534.01
1335809700000,1.3231,1.32333,1.32301,1.32329,1547.47
1335810600000,1.32329,1.32363,1.3231,1.32361,1565.32
1335811500000,1.32361,1.32429,1.32341,1.32376,2165.03
1335812400000,1.32376,1.32424,1.32349,1.32371,1839.86
1335813300000,1.32371,1.32384,1.32356,1.32376,975.2
1335814200000,1.32376,1.32422,1.32351,1.32408,1400.2
1335815100000,1.32411,1.3242,1.32362,1.32367,1524.68
1335816000000,1.32368,1.32397,1.32348,1.32355,1307.11
1335816900000,1.32355,1.32382,1.32355,1.32381,699.47
1335817800000,1.32379,1.3241,1.32378,1.32405,739.5
1335818700000,1.32402,1.32409,1.32382,1.32384,834.39
1335819600000,1.32383,1.32397,1.32368,1.3239,314.78
1335820500000,1.32389,1.32409,1.32389,1.324,535.69
1335821400000,1.324,1.3241,1.32385,1.32397,253.3
1335822300000,1.32398,1.32422,1.32395,1.32419,399
1335823200000,1.32419,1.32429,1.32403,1.32408,382.21
1335824100000,1.32408,1.32423,1.32407,1.32421,410.09
1335825000000,1.32418,1.32431,1.32412,1.32413,324.19
1335825900000,1.32413,1.32423,1.3241,1.32417,331.57
1335826800000,1.32417,1.32417,1.324,1.32414,807.34
1335827700000,1.32414,1.32426,1.32396,1.32397,666.96
1335828600000,1.32396,1.3241,1.32391,1.3241,494.28
1335829500000,1.32407,1.32407,1.32372,1.32387,621.28
