timestamp,open,high,low,close,volume
1325455200000,1.29368,1.29392,1.29335,1.29362,167.17
1325456100000,1.29375,1.29441,1.29375,1.29413,81.75
1325457000000,1.2943,1.29435,1.29363,1.29435,201.25
1325457900000,1.29439,1.29458,1.29403,1.29431,90.13
1325458800000,1.2944,1.29475,1.29426,1.29463,216.3
1325459700000,1.29464,1.29519,1.29456,1.29478,466.08
1325460600000,1.29489,1.29492,1.29409,1.29418,365.53
1325461500000,1.29416,1.29445,1.29384,1.29445,255.94
1325462400000,1.29445,1.29452,1.29428,1.29448,252.34
1325463300000,1.29443,1.29478,1.29407,1.29425,127.63
1325464200000,1.29427,1.29462,1.29393,1.29424,291.74
1325465100000,1.29416,1.29477,1.29416,1.29444,231.16
1325466000000,1.2945,1.2945,1.29398,1.29424,319.64
1325466900000,1.29422,1.2944,1.29417,1.29428,191.89
1325467800000,1.29429,1.29438,1.29403,1.29434,329.8
1325468700000,1.29433,1.29435,1.29381,1.29397,240.75
1325469600000,1.29396,1.29397,1.29361,1.29373,229.08
1325470500000,1.29372,1.29372,1.29349,1.29368,254.83
1325471400000,1.29368,1.29375,1.29343,1.29374,729.45
1325472300000,1.29375,1.29376,1.29288,1.29316,298.83
1325473200000,1.29319,1.29369,1.29311,1.29359,119.71
1325474100000,1.29359,1.29419,1.29317,1.2937,250.75
1325475000000,1.29374,1.29382,1.29258,1.29282,741.89
1325475900000,1.29282,1.29325,1.29234,1.29259,444.02
1325476800000,1.29259,1.29281,1.29214,1.29244,455.12
1325477700000,1.29244,1.29283,1.29228,1.29281,228.52
1325478600000,1.29273,1.2929,1.29235,1.29247,302.44
1325479500000,1.29248,1.2926,1.29204,1.29219,1285.51
1325480400000,1.29219,1.29275,1.29214,1.2925,198.94
1325481300000,1.29246,1.29337,1.29246,1.29337,297.93
1325482200000,1.29337,1.29339,1.29292,1.29303,214.63
1325483100000,1.29304,1.29304,1.29269,1.29295,938.03
1325484000000,1.29298,1.29302,1.2926,1.29291,789.26
1325484900000,1.29291,1.29302,1.29271,1.29296,246.39
1325485800000,1.29299,1.29318,1.29278,1.29312,183.71
1325486700000,1.2931,1.29404,1.29283,1.29336,1140.47
1325487600000,1.29337,1.29451,1.2931,1.29415,952.12
1325488500000,1.29415,1.2944,1.29387,1.2944,520.39
1325489400000,1.29441,1.29447,1.29396,1.29408,531.2
1325490300000,1.29407,1.29439,1.29384,1.29384,454.08
1325491200000,1.29384,1.29504,1.29376,1.29461,934.11
1325492100000,1.29461,1.29533,1.29454,1.29505,905.39
1325493000000,1.29503,1.29513,1.29403,1.29459,715.22
1325493900000,1.29459,1.2948,1.29403,1.29403,1361.79
1325494800000,1.29401,1.29639,1.29389,1.29509,2125.39
1325495700000,1.29509,1.29593,1.29475,1.29574,1486.63
1325496600000,1.29575,1.29575,1.29484,1.29547,1020.67
1325497500000,1.29547,1.29603,1.29547,1.29555,1208.65
1325498400000,1.29555,1.29612,1.29548,1.29579,990.26
1325499300000,1.29578,1.29578,1.2948,1.29499,1031.68
1325500200000,1.29499,1.29499,1.29379,1.29393,1390.35
1325501100000,1.29393,1.29466,1.29386,1.29459,985.86
1325502000000,1.29461,1.29486,1.29451,1.29459,646.09
1325502900000,1.29459,1.29482,1.29447,1.29468,557.94
1325503800000,1.2947,1.2951,1.29462,1.29487,1118.88
1325504700000,1.29489,1.29513,1.2948,1.29493,541.63
1325505600000,1.29493,1.29497,1.29422,1.29439,858.25
1325506500000,1.29441,1.29492,1.29434,1.29434,832.49
1325507400000,1.29434,1.29461,1.2941,1.29416,1120.29
1325508300000,1.29417,1.29467,1.29318,1.29384,1421.1
1325509200000,1.29385,1.29439,1.29342,1.29347,1326.57
1325510100000,1.29341,1.29419,1.29341,1.29389,1222.83
1325511000000,1.29389,1.29402,1.293,1.29306,817.82
1325511900000,1.29306,1.29311,1.29231,1.29271,1143.67
1325512800000,1.29268,1.29328,1.29265,1.29322,937.04
1325513700000,1.29324,1.29337,1.29283,1.29325,961.21
1325514600000,1.29325,1.29362,1.29306,1.29349,684.37
1325515500000,1.29348,1.29369,1.29324,1.29325,964.32
1325516400000,1.29325,1.29383,1.29323,1.29367,476.97
1325517300000,1.29367,1.29409,1.2925,1.29264,735.11
1325518200000,1.29263,1.29287,1.29173,1.29263,1018.37
1325519100000,1.29263,1.2927,1.29205,1.29208,951.12
1325520000000,1.29208,1.2926,1.29207,1.29243,566.03
1325520900000,1.29243,1.29257,1.29216,1.29256,450.71
1325521800000,1.29255,1.2927,1.29234,1.29234,456.03
1325522700000,1.29234,1.29236,1.29199,1.29199,325.15
1325523600000,1.29199,1.2924,1.29194,1.29209,571.69
1325524500000,1.29208,1.29225,1.29197,1.29207,374.92
1325525400000,1.29207,1.29233,1.29199,1.29221,294.12
1325526300000,1.29218,1.29264,1.29211,1.29264,399.72
1325527200000,1.2926,1.29286,1.29247,1.29268,514.03
1325528100000,1.29268,1.2928,1.29254,1.29274,619.17
1325529000000,1.29273,1.29311,1.29273,1.29301,484.85
1325529900000,1.29295,1.29308,1.29228,1.29248,938.66
1325530800000,1.29243,1.29277,1.29243,1.29257,371.22
1325531700000,1.29253,1.29295,1.29253,1.29278,399.98
1325532600000,1.29278,1.293,1.29267,1.2927,343.44
1325533500000,1.2927,1.29272,1.29243,1.29259,211.39
1325534400000,1.2926,1.29282,1.29226,1.29226,410.65
1325535300000,1.29226,1.29243,1.29215,1.29221,384.3
1325536200000,1.29221,1.29252,1.29215,1.2925,502.62
1325537100000,1.29251,1.29288,1.29251,1.29272,386.91
1325538000000,1.29268,1.29288,1.2926,1.29285,505.51
1325538900000,1.29285,1.29314,1.2928,1.29312,379.46
1325539800000,1.29312,1.29327,1.29273,1.29325,1608.69
1325540700000,1.29325,1.29342,1.29318,1.29335,903.97
1325541600000,1.29335,1.29345,1.29313,1.29313,215.01
1325542500000,1.2931,1.29353,1.2931,1.29345,208.16
1325543400000,1.29342,1.29345,1.29332,1.29332,263.98
1325544300000,1.29332,1.29351,1.29327,1.2934,652.15
1325545200000,1.2934,1.29366,1.29319,1.2936,473.73
1325546100000,1.29365,1.29391,1.29359,1.29381,1003.44
1325547000000,1.29381,1.29391,1.29368,1.29371,833
1325547900000,1.29371,1.29392,1.29353,1.29364,871
1325548800000,1.29364,1.29449,1.29352,1.29446,1537.36
1325549700000,1.29446,1.29513,1.29428,1.29504,1724.37
1325550600000,1.29501,1.29586,1.29501,1.29528,1661.09
1325551500000,1.29528,1.29563,1.29499,1.29523,1413.13
1325552400000,1.29523,1.296,1.29515,1.29577,1731.32
1325553300000,1.29576,1.29653,1.29576,1.29636,1615.32
1325554200000,1.29637,1.29721,1.29637,1.29698,1444.49
1325555100000,1.29698,1.29721,1.29682,1.29716,1489.99
1325556000000,1.29716,1.29889,1.29715,1.2984,2356.36
1325556900000,1.2984,1.29857,1.29755,1.2978,1598
1325557800000,1.29782,1.29832,1.29771,1.29828,673.39
1325558700000,1.29828,1.29836,1.29776,1.29782,1253.52
1325559600000,1.29782,1.29811,1.29762,1.29774,1107.39
1325560500000,1.29771,1.29775,1.29737,1.29754,741.75
1325561400000,1.29754,1.29789,1.29753,1.29762,1127.37
1325562300000,1.29762,1.29773,1.2972,1.29723,541.85
1325563200000,1.29723,1.29759,1.29718,1.29757,1047.82
1325564100000,1.29751,1.29773,1.29739,1.29748,779.34
1325565000000,1.29748,1.29825,1.29744,1.29773,1387.53
1325565900000,1.29771,1.2979,1.29763,1.2979,862.54
1325566800000,1.2979,1.29838,1.2979,1.29837,1875.75
1325567700000,1.29837,1.29862,1.29809,1.29818,1891.74
1325568600000,1.29818,1.29866,1.29745,1.29751,2012.04
1325569500000,1.29751,1.29802,1.29734,1.2977,1954.6
1325570400000,1.29769,1.29816,1.29769,1.29799,1612.4
1325571300000,1.29796,1.29856,1.29775,1.29851,1733.89
1325572200000,1.29846,1.29935,1.29842,1.29918,2590.85
1325573100000,1.29919,1.29924,1.29815,1.29819,2425.17
1325574000000,1.29817,1.30008,1.29817,1.29989,2649.62
1325574900000,1.29983,1.30076,1.29944,1.29983,4003.35
1325575800000,1.29982,1.30047,1.29911,1.30015,3949.36
1325576700000,1.30017,1.30062,1.29834,1.29876,4125.25
1325577600000,1.29876,1.29929,1.2981,1.29903,4069.52
1325578500000,1.29905,1.29956,1.2975,1.29832,3963.09
1325579400000,1.29833,1.29881,1.2974,1.29768,3482.55
1325580300000,1.29765,1.29876,1.29765,1.29848,3454.9
1325581200000,1.29848,1.29909,1.29809,1.29886,3763.6
1325582100000,1.29883,1.29959,1.29845,1.29868,3494.79
1325583000000,1.29869,1.30059,1.29868,1.30042,3926.73
1325583900000,1.30041,1.30169,1.29976,1.3009,4279.1
1325584800000,1.30089,1.30407,1.30087,1.30358,4821.76
1325585700000,1.30356,1.3038,1.3019,1.30245,3698.49
1325586600000,1.30245,1.30323,1.30172,1.3032,3779.1
1325587500000,1.3032,1.30423,1.30232,1.30351,4616.03
1325588400000,1.3035,1.30453,1.3031,1.3043,4961.18
1325589300000,1.3043,1.30562,1.30334,1.30555,4044.06
1325590200000,1.30555,1.30589,1.30414,1.30426,3850.75
1325591100000,1.30426,1.30501,1.30395,1.30454,3582.16
1325592000000,1.30454,1.30471,1.30348,1.30384,3911.2
1325592900000,1.30384,1.30393,1.30299,1.3033,3460.49
1325593800000,1.30329,1.30348,1.3025,1.30291,3845.99
1325594700000,1.3029,1.30321,1.30195,1.30225,3637.77
1325595600000,1.30225,1.30239,1.30116,1.30134,4123.33
1325596500000,1.30133,1.30244,1.30133,1.30201,3686.76
1325597400000,1.30201,1.3029,1.30135,1.30273,3668.64
1325598300000,1.30272,1.3034,1.30246,1.30323,3605.61
1325599200000,1.3032,1.3046,1.30307,1.30443,3990.55
1325600100000,1.30443,1.30445,1.30336,1.30342,3862.16
1325601000000,1.30344,1.30355,1.30288,1.30338,4384.05
1325601900000,1.30338,1.30354,1.30258,1.30354,3769.04
1325602800000,1.30355,1.30516,1.3031,1.30493,5365.15
1325603700000,1.30493,1.30673,1.30485,1.30522,5178.08
1325604600000,1.30521,1.30584,1.30446,1.30463,4032.69
1325605500000,1.30463,1.30533,1.30403,1.3053,4248.16
1325606400000,1.3053,1.30642,1.30514,1.3056,4486.69
1325607300000,1.3056,1.30677,1.30493,1.30652,4338.98
1325608200000,1.30652,1.3066,1.30558,1.30569,3529.92
1325609100000,1.30565,1.30616,1.3052,1.30604,3138.32
1325610000000,1.30602,1.30623,1.30475,1.30485,3103.16
1325610900000,1.30488,1.30554,1.30487,1.30554,2646.27
1325611800000,1.30554,1.30566,1.30452,1.30493,2826.92
1325612700000,1.30493,1.30535,1.30466,1.3048,3039.1
1325613600000,1.30482,1.30584,1.30475,1.30567,2716.22
1325614500000,1.30568,1.30584,1.30532,1.30582,2282.46
1325615400000,1.30582,1.30682,1.30537,1.30657,3216.05
1325616300000,1.30657,1.30758,1.3064,1.30715,3878.38
1325617200000,1.30715,1.30734,1.30598,1.30598,3832.29
1325618100000,1.30598,1.30618,1.30545,1.30618,3237.36
1325619000000,1.3062,1.30642,1.30571,1.3062,3021.18
1325619900000,1.30619,1.30622,1.30511,1.30561,2926.52
1325620800000,1.30562,1.30574,1.305,1.30545,2454.66
1325621700000,1.30544,1.30621,1.3053,1.30564,2963.78
1325622600000,1.30564,1.30567,1.30504,1.3053,2117.57
1325623500000,1.3053,1.30565,1.30508,1.30537,2034.3
1325624400000,1.30535,1.30558,1.30479,1.30504,1734.86
1325625300000,1.30508,1.30519,1.30459,1.30464,1968.71
1325626200000,1.30464,1.3053,1.30463,1.30504,1513.3
1325627100000,1.30504,1.3052,1.30478,1.30491,1221.68
1325628000000,1.30491,1.30573,1.30482,1.30529,543.3
1325628900000,1.30528,1.30569,1.305,1.3051,1031
1325629800000,1.30511,1.30552,1.30503,1.30535,1075.23
1325630700000,1.30535,1.30538,1.30504,1.30509,713.8
1325631600000,1.30509,1.30518,1.30502,1.30506,1085.7
1325632500000,1.30506,1.30508,1.30474,1.3049,1332.08
1325633400000,1.3049,1.30542,1.30489,1.30527,1343.17
1325634300000,1.30527,1.30539,1.30502,1.30537,1677.9
1325635200000,1.30537,1.30557,1.30496,1.30505,1787.45
1325636100000,1.30506,1.30526,1.30479,1.30489,1744.9
1325637000000,1.3049,1.30507,1.30467,1.30471,1841.24
1325637900000,1.30471,1.30501,1.30452,1.30475,2360.99
1325638800000,1.30471,1.3049,1.30453,1.30481,1895.62
1325639700000,1.30481,1.30497,1.30469,1.30469,1614.28
1325640600000,1.30466,1.30481,1.30461,1.30469,1850.84
1325641500000,1.30469,1.30481,1.30461,1.30467,1021.27
1325642400000,1.30467,1.30472,1.30451,1.30458,1473.82
1325643300000,1.30455,1.30472,1.30454,1.30458,1407.26
1325644200000,1.30455,1.30461,1.30247,1.3025,2981.74
1325645100000,1.3025,1.30305,1.30237,1.30262,2166.06
1325646000000,1.30263,1.30271,1.30224,1.30262,1735.56
1325646900000,1.30262,1.30316,1.30255,1.3029,1783.77
1325647800000,1.30291,1.30329,1.30289,1.30321,1065.77
1325648700000,1.30321,1.30381,1.30313,1.30366,1700.05
1325649600000,1.30366,1.30409,1.30357,1.30357,1504.08
1325650500000,1.30357,1.30357,1.30317,1.30343,1680.34
1325651400000,1.30341,1.30372,1.30319,1.30366,1156.3
1325652300000,1.30365,1.30379,1.30355,1.30358,953.2
1325653200000,1.30358,1.30359,1.30331,1.30342,1065.26
1325654100000,1.30343,1.30343,1.30319,1.30323,991.52
1325655000000,1.30326,1.30328,1.30265,1.3027,1531.4
1325655900000,1.3027,1.30343,1.30266,1.30342,1427.41
1325656800000,1.30342,1.30346,1.30286,1.30286,2361.95
1325657700000,1.30286,1.30326,1.30286,1.30322,1562.9
1325658600000,1.30322,1.30432,1.30314,1.30404,2333.75
1325659500000,1.30401,1.30423,1.30366,1.30421,1778.97
1325660400000,1.30421,1.30448,1.3037,1.30423,2556.93
1325661300000,1.30422,1.30422,1.30316,1.30318,3284.8
1325662200000,1.30319,1.30378,1.30283,1.30375,3098.82
1325663100000,1.30375,1.30438,1.30353,1.30405,3181.76
1325664000000,1.30405,1.30708,1.30405,1.307,5401.98
1325664900000,1.30699,1.30726,1.30582,1.30613,4023.35
1325665800000,1.30612,1.3063,1.30471,1.30522,4144.91
1325666700000,1.30523,1.30523,1.30311,1.30369,4126.19
1325667600000,1.30368,1.30401,1.30264,1.30383,4308.7
1325668500000,1.30383,1.30392,1.30292,1.30382,3598.92
1325669400000,1.30382,1.30522,1.30378,1.30492,3641.21
1325670300000,1.30492,1.30525,1.30357,1.30385,3263.49
1325671200000,1.30385,1.30502,1.30325,1.30337,4147.61
1325672100000,1.30337,1.3043,1.30297,1.30313,4116.56
1325673000000,1.30313,1.30387,1.30268,1.303,4455.27
1325673900000,1.30299,1.30308,1.30048,1.30137,5143.38
1325674800000,1.30136,1.30177,1.30097,1.30129,3737.51
1325675700000,1.30128,1.30142,1.29794,1.29806,5195.24
1325676600000,1.29804,1.29849,1.2976,1.29814,4859.41
1325677500000,1.29814,1.29896,1.29775,1.29776,4232.54
1325678400000,1.29778,1.29921,1.29704,1.29903,4058.3
1325679300000,1.29903,1.2994,1.29861,1.29932,3435.64
1325680200000,1.29933,1.2995,1.29746,1.29839,4315.75
1325681100000,1.29839,1.29841,1.29733,1.29758,3910.42
1325682000000,1.29758,1.29758,1.2945,1.29501,5189.64
1325682900000,1.29503,1.29592,1.29481,1.29553,4424.26
1325683800000,1.29553,1.29644,1.29546,1.29596,4459.81
1325684700000,1.29593,1.29643,1.2932,1.29344,4921.98
1325685600000,1.29344,1.29442,1.29327,1.29389,4480.66
1325686500000,1.29389,1.29475,1.29389,1.29463,4147.62
1325687400000,1.29463,1.29554,1.29454,1.29554,4971.44
1325688300000,1.29556,1.29609,1.29442,1.2957,4931.78
1325689200000,1.29573,1.29583,1.29369,1.29381,4881.65
1325690100000,1.29381,1.29384,1.29178,1.29183,5400.24
1325691000000,1.29181,1.29184,1.28994,1.29074,6084.87
1325691900000,1.29075,1.29183,1.29072,1.29093,5413.51
1325692800000,1.29093,1.29234,1.29075,1.29219,4688.61
1325693700000,1.29219,1.29286,1.29218,1.29283,3866.42
1325694600000,1.29281,1.29359,1.29227,1.29354,3725.73
1325695500000,1.29354,1.29354,1.29287,1.29296,3316.85
1325696400000,1.29296,1.29404,1.29279,1.29355,2965.95
1325697300000,1.29355,1.29372,1.29316,1.2935,2286.7
1325698200000,1.29353,1.29374,1.29329,1.29359,2255.35
1325699100000,1.29359,1.29547,1.29359,1.29544,3201.42
1325700000000,1.29544,1.29544,1.29404,1.29416,2978.9
1325700900000,1.29421,1.29461,1.29419,1.29448,2169.53
1325701800000,1.29448,1.29519,1.29448,1.29514,2214.93
1325702700000,1.29514,1.29523,1.29455,1.29461,2758.65
1325703600000,1.29461,1.29469,1.29395,1.29403,2613.56
1325704500000,1.29403,1.29461,1.29392,1.29404,2485.48
1325705400000,1.29404,1.29432,1.29395,1.29412,1876.22
1325706300000,1.29412,1.29441,1.29351,1.29364,2553.99
1325707200000,1.29365,1.29391,1.2934,1.29371,2274.84
1325708100000,1.29368,1.29376,1.29349,1.29363,1625.49
1325709000000,1.29363,1.29479,1.29363,1.29468,2554.34
1325709900000,1.29468,1.29486,1.29397,1.29451,1968.32
1325710800000,1.29452,1.29459,1.29384,1.29391,1308.82
1325711700000,1.29391,1.29428,1.29378,1.29428,1248.29
1325712600000,1.29428,1.29443,1.29396,1.29434,1177.6
1325713500000,1.29434,1.29462,1.29423,1.29425,1739.15
1325714400000,1.29423,1.29444,1.29384,1.29441,523.15
1325715300000,1.29439,1.29448,1.29392,1.29396,934.16
1325716200000,1.29396,1.29418,1.29354,1.2938,1203.05
1325717100000,1.29379,1.29395,1.2934,1.2936,1347.11
1325718000000,1.29366,1.29392,1.29342,1.29378,1332.51
1325718900000,1.29376,1.29399,1.29359,1.29384,1037.79
1325719800000,1.29383,1.29401,1.29357,1.29364,996.47
1325720700000,1.29364,1.29399,1.29288,1.29304,1494.44
1325721600000,1.29302,1.29334,1.29288,1.29316,2586.11
1325722500000,1.29316,1.2939,1.29309,1.29367,2477.79
1325723400000,1.29369,1.29402,1.29338,1.29386,2115.28
1325724300000,1.29386,1.294,1.29302,1.29328,2464.76
1325725200000,1.29328,1.29366,1.29315,1.29329,2084.26
1325726100000,1.29328,1.29328,1.29129,1.29198,3192.37
1325727000000,1.29198,1.29251,1.29167,1.29198,2196.5
1325727900000,1.29198,1.29237,1.29171,1.29225,1383.86
1325728800000,1.29225,1.29241,1.29201,1.29224,1992.33
1325729700000,1.29224,1.29301,1.29224,1.29243,1674.66
1325730600000,1.29243,1.29257,1.29212,1.2922,1959.19
1325731500000,1.29221,1.29341,1.29221,1.29307,2176.07
1325732400000,1.29303,1.29316,1.29256,1.29259,2046.74
1325733300000,1.29259,1.29276,1.29235,1.29271,1604.73
1325734200000,1.29271,1.29306,1.29241,1.29302,2251.61
1325735100000,1.29302,1.29313,1.29273,1.29281,1429.88
1325736000000,1.29281,1.29302,1.29261,1.29298,1616.01
1325736900000,1.29298,1.29318,1.29291,1.29303,1280.77
1325737800000,1.29303,1.29307,1.29264,1.29276,1543.97
1325738700000,1.29276,1.29283,1.29231,1.29235,1790.72
1325739600000,1.29235,1.29243,1.292,1.29203,2005.58
1325740500000,1.29201,1.2923,1.29192,1.29203,1742.26
1325741400000,1.29203,1.29211,1.29167,1.29205,2134.6
1325742300000,1.29203,1.29245,1.29152,1.2916,2143.75
1325743200000,1.29157,1.29173,1.29112,1.29158,2796.54
1325744100000,1.29161,1.29215,1.29156,1.29177,2106.06
1325745000000,1.29177,1.29188,1.291,1.29141,2672.93
1325745900000,1.29141,1.29205,1.29133,1.29187,2319.35
1325746800000,1.29188,1.29282,1.29117,1.29245,3469.74
1325747700000,1.29247,1.29267,1.29192,1.29201,3031.17
1325748600000,1.292,1.29233,1.29127,1.29233,3834.53
1325749500000,1.29233,1.2938,1.29173,1.29338,4704.84
1325750400000,1.29338,1.29434,1.29275,1.29299,4954.71
1325751300000,1.29302,1.29367,1.29133,1.29145,4505.91
1325752200000,1.29144,1.29149,1.29058,1.29067,5628.71
1325753100000,1.29067,1.29071,1.28554,1.2869,6804.23
1325754000000,1.2869,1.28826,1.28647,1.28707,5403.6
1325754900000,1.28705,1.28787,1.28618,1.28746,4679.85
1325755800000,1.28746,1.28801,1.28641,1.28791,5112.95
1325756700000,1.28791,1.28803,1.28547,1.28661,5338.23
1325757600000,1.28659,1.2872,1.28317,1.28451,6208.36
1325758500000,1.28453,1.28617,1.28406,1.28606,4362.28
1325759400000,1.28607,1.28617,1.2839,1.28444,4676.7
1325760300000,1.28444,1.28506,1.28322,1.28338,4613.62
1325761200000,1.28341,1.28473,1.28336,1.28458,5004.18
1325762100000,1.28457,1.28461,1.28346,1.2838,4612.7
1325763000000,1.28381,1.28443,1.28255,1.28436,4944.97
1325763900000,1.28434,1.28448,1.28354,1.28391,4250.73
1325764800000,1.2839,1.2839,1.28308,1.28362,4533.49
1325765700000,1.28362,1.28407,1.28221,1.28399,4503.04
1325766600000,1.28399,1.28464,1.28367,1.28411,3835.4
1325767500000,1.28412,1.28431,1.2837,1.2841,3864.65
1325768400000,1.2841,1.28427,1.28315,1.28316,3727.33
1325769300000,1.28315,1.28443,1.28056,1.28332,6268.82
1325770200000,1.28332,1.28456,1.28182,1.28334,5799
1325771100000,1.28334,1.28349,1.28079,1.28128,5114.72
1325772000000,1.28128,1.28198,1.2799,1.2812,5789.49
1325772900000,1.28122,1.28149,1.28038,1.2809,4208.38
1325773800000,1.2809,1.28138,1.27836,1.27907,6335.35
1325774700000,1.27908,1.2807,1.27908,1.28012,5130.3
1325775600000,1.28006,1.28113,1.27865,1.28113,6453.47
1325776500000,1.28112,1.28146,1.28032,1.28089,4923.04
1325777400000,1.28089,1.28129,1.27957,1.27961,4639.48
1325778300000,1.27961,1.27988,1.27886,1.27939,4901.44
1325779200000,1.27939,1.27964,1.27855,1.27913,5092.51
1325780100000,1.27914,1.2801,1.27816,1.28008,4999.96
1325781000000,1.28007,1.28029,1.27931,1.27947,3402.26
1325781900000,1.27947,1.27973,1.27776,1.27813,3406.33
1325782800000,1.27811,1.27876,1.27781,1.27834,3361.67
1325783700000,1.27834,1.27943,1.27833,1.2788,3458.47
1325784600000,1.27879,1.27917,1.27829,1.27872,3302.57
1325785500000,1.27873,1.27945,1.27873,1.27938,2921.73
1325786400000,1.27938,1.27945,1.2785,1.27866,2886.42
1325787300000,1.27867,1.27874,1.27832,1.27853,2383.46
1325788200000,1.27854,1.27953,1.27854,1.27901,2511.04
1325789100000,1.27899,1.27919,1.27838,1.27844,2101.87
1325790000000,1.27844,1.27944,1.27844,1.27923,2097.37
1325790900000,1.27924,1.27924,1.27848,1.27862,2967.99
1325791800000,1.27864,1.279,1.27843,1.27868,2211.94
1325792700000,1.27868,1.27934,1.2784,1.27842,2584.73
1325793600000,1.27842,1.27884,1.27804,1.27863,2650.71
1325794500000,1.27862,1.27912,1.2785,1.279,2132.89
1325795400000,1.279,1.27958,1.27889,1.27929,2660.2
1325796300000,1.27927,1.27972,1.27922,1.27939,2449.88
1325797200000,1.27937,1.27952,1.27723,1.27843,2776.54
1325798100000,1.27841,1.2785,1.27776,1.27799,1835.3
1325799000000,1.278,1.27887,1.278,1.27875,1503.86
1325799900000,1.27875,1.27896,1.2785,1.27879,1649.42
1325800800000,1.27879,1.27879,1.27823,1.27858,373.82
1325801700000,1.27859,1.27925,1.27841,1.27915,1295.68
1325802600000,1.27915,1.2794,1.27893,1.27901,972.95
1325803500000,1.27902,1.27919,1.27889,1.27907,700.52
1325804400000,1.27907,1.2791,1.27842,1.27873,1346.41
1325805300000,1.27873,1.27935,1.27868,1.27914,1433.94
1325806200000,1.27914,1.27933,1.27851,1.27854,1697.56
1325807100000,1.27854,1.27939,1.27854,1.27915,1542.62
1325808000000,1.27915,1.27974,1.27914,1.27922,2542.23
1325808900000,1.27923,1.2795,1.27902,1.27917,1597.42
1325809800000,1.27917,1.27974,1.27877,1.2789,1917.75
1325810700000,1.2789,1.27917,1.27841,1.27916,2031.92
1325811600000,1.27916,1.27955,1.27901,1.27937,2506.71
1325812500000,1.27936,1.27936,1.27891,1.2793,1869.14
1325813400000,1.2793,1.27962,1.27918,1.27922,1857.71
1325814300000,1.27922,1.27951,1.27903,1.27937,1777.96
1325815200000,1.27937,1.27967,1.27899,1.27911,1779.69
1325816100000,1.27911,1.27942,1.27894,1.27938,1576.06
1325817000000,1.27936,1.2797,1.27929,1.27933,1744.8
1325817900000,1.27933,1.27951,1.27928,1.27945,1107.78
1325818800000,1.27945,1.27961,1.27911,1.27961,1637
1325819700000,1.27964,1.27984,1.27914,1.27956,1723.17
1325820600000,1.27956,1.27966,1.27921,1.27934,1090.47
1325821500000,1.27934,1.27968,1.27931,1.27959,1382.41
1325822400000,1.27958,1.27974,1.27916,1.27929,1446.56
1325823300000,1.27929,1.27931,1.27866,1.27867,1904.48
1325824200000,1.27866,1.27902,1.2781,1.27822,2237.94
1325825100000,1.27822,1.2788,1.27815,1.27817,1819.22
1325826000000,1.27814,1.27817,1.27635,1.27686,3768.27
1325826900000,1.27686,1.27807,1.27671,1.27734,2667.23
1325827800000,1.27733,1.27802,1.27733,1.27771,1952.16
1325828700000,1.27771,1.2778,1.2768,1.27705,2087.6
1325829600000,1.27704,1.2777,1.27696,1.27748,1986.58
1325830500000,1.27747,1.27827,1.2774,1.27821,1934.26
1325831400000,1.27821,1.27861,1.27808,1.27829,2118.67
1325832300000,1.27831,1.27832,1.27767,1.278,1931.63
1325833200000,1.27801,1.2787,1.27756,1.27836,2706.75
1325834100000,1.27836,1.2794,1.27822,1.27934,3461.39
1325835000000,1.27936,1.27936,1.27792,1.2781,3791.67
1325835900000,1.27812,1.2783,1.27724,1.27758,3642.41
1325836800000,1.27756,1.27852,1.27679,1.27845,5003.74
1325837700000,1.27845,1.27908,1.2783,1.27889,4736.14
1325838600000,1.27889,1.28058,1.27888,1.2803,5125.9
1325839500000,1.28031,1.28121,1.2801,1.28029,4840.02
1325840400000,1.28028,1.28117,1.28003,1.28063,3983.61
1325841300000,1.28063,1.28076,1.27938,1.27977,4042.06
1325842200000,1.27978,1.28107,1.27948,1.28043,4294.02
1325843100000,1.28043,1.28052,1.2795,1.28014,4141.87
1325844000000,1.28018,1.28078,1.27978,1.28032,4606.5
1325844900000,1.28032,1.28083,1.2801,1.28047,3372.26
1325845800000,1.28047,1.281,1.28012,1.28019,3356.84
1325846700000,1.28017,1.28036,1.27873,1.27929,4549.15
1325847600000,1.27926,1.2794,1.27772,1.27893,4397.92
1325848500000,1.27894,1.27895,1.27814,1.27839,3407.98
1325849400000,1.27839,1.2794,1.27821,1.2793,3508.62
1325850300000,1.2793,1.28012,1.27918,1.27967,3989.07
1325851200000,1.27968,1.28014,1.27921,1.2793,4350.75
1325852100000,1.27929,1.27996,1.27925,1.27982,3205.32
1325853000000,1.27982,1.28058,1.27948,1.27956,3569.88
1325853900000,1.27956,1.27962,1.27835,1.27835,3313.67
1325854800000,1.27835,1.2785,1.27729,1.2775,4340.66
1325855700000,1.27759,1.27896,1.27754,1.27769,4242.04
1325856600000,1.27766,1.27796,1.27288,1.27371,6799.55
1325857500000,1.27371,1.27504,1.27289,1.27326,5692.79
1325858400000,1.27326,1.27594,1.27244,1.27578,6000.73
1325859300000,1.27577,1.27597,1.27476,1.27511,4456.42
1325860200000,1.27514,1.27515,1.27196,1.27246,5729.11
1325861100000,1.27244,1.27253,1.27053,1.27173,5391.37
1325862000000,1.27171,1.27247,1.27095,1.2711,5520.57
1325862900000,1.27109,1.27156,1.27012,1.27033,4717.88
1325863800000,1.27032,1.27153,1.26978,1.27096,4968.75
1325864700000,1.27096,1.27193,1.27075,1.27127,4655.65
1325865600000,1.27127,1.2729,1.27127,1.27242,4301.98
1325866500000,1.27242,1.27274,1.27169,1.2717,3306.65
1325867400000,1.2717,1.27302,1.27152,1.27263,3152.26
1325868300000,1.27261,1.27314,1.27227,1.27235,2817.6
1325869200000,1.27235,1.27235,1.2707,1.27177,3503.27
1325870100000,1.27176,1.27228,1.27151,1.272,2892.65
1325871000000,1.27199,1.27213,1.27165,1.27188,1924.83
1325871900000,1.27187,1.27265,1.27155,1.2721,2589.76
1325872800000,1.2721,1.27245,1.27195,1.27205,2280.63
1325873700000,1.27205,1.27227,1.27185,1.27215,2148
1325874600000,1.27215,1.27222,1.2718,1.27216,2242.09
1325875500000,1.27216,1.27248,1.27171,1.27214,2267
1325876400000,1.27214,1.27252,1.27214,1.27241,2139.92
1325877300000,1.27241,1.27262,1.2722,1.27236,1904.54
1325878200000,1.27236,1.27309,1.27236,1.27278,2039.31
1325879100000,1.27278,1.27302,1.27214,1.2722,2171.99
1325880000000,1.27221,1.27233,1.27205,1.27206,1321.73
1325880900000,1.27206,1.27217,1.27167,1.27175,1462.6
1325881800000,1.27175,1.27217,1.2717,1.27202,1413.96
1325882700000,1.27203,1.27232,1.27197,1.27211,1772.87
1325883600000,1.27209,1.27221,1.27178,1.27178,913.71
1325884500000,1.2718,1.27209,1.2718,1.27199,893.2
1325885400000,1.27199,1.27206,1.2718,1.27198,922.86
1325886300000,1.27196,1.27196,1.2717,1.27186,1009.56
1326060000000,1.26911,1.27059,1.26911,1.27019,797.59
1326060900000,1.27023,1.2704,1.27013,1.27023,828.78
1326061800000,1.27023,1.27034,1.26998,1.27001,892.26
1326062700000,1.27001,1.27002,1.26908,1.26926,1464.64
1326063600000,1.26926,1.26936,1.26824,1.26839,2061.03
1326064500000,1.26839,1.26839,1.26667,1.26785,3382.85
1326065400000,1.26783,1.26814,1.26666,1.26708,2593.87
1326066300000,1.26706,1.26795,1.26687,1.26784,1898.57
1326067200000,1.26784,1.26936,1.26784,1.2681,3215.68
1326068100000,1.26811,1.26837,1.26789,1.26822,2323.9
1326069000000,1.26822,1.26835,1.26769,1.26835,2200.65
1326069900000,1.26835,1.26884,1.26807,1.26878,2562.84
1326070800000,1.26878,1.26961,1.26877,1.26908,2618.85
1326071700000,1.26911,1.26963,1.26898,1.26946,2472.8
1326072600000,1.26943,1.26943,1.26854,1.26888,2019.17
1326073500000,1.26888,1.2692,1.26864,1.26905,1560.32
1326074400000,1.26905,1.26919,1.2687,1.26879,1613.55
1326075300000,1.26879,1.26898,1.26845,1.26869,1969.55
1326076200000,1.26869,1.2695,1.26863,1.26946,1647.91
1326077100000,1.26944,1.26952,1.26895,1.26921,1224.38
1326078000000,1.26924,1.26957,1.26881,1.26897,1482.71
1326078900000,1.26897,1.26913,1.26867,1.26884,1255.33
1326079800000,1.26884,1.26926,1.26863,1.26885,1225.63
1326080700000,1.26881,1.26894,1.26854,1.26863,1137.23
1326081600000,1.26862,1.26895,1.26852,1.26893,1424.89
1326082500000,1.26891,1.26925,1.26889,1.269,909.93
1326083400000,1.269,1.26958,1.26892,1.26946,1448.09
1326084300000,1.26948,1.26968,1.26929,1.26947,1146.45
1326085200000,1.26947,1.27014,1.26939,1.26979,1320.65
1326086100000,1.2698,1.27129,1.26948,1.2706,2821.45
1326087000000,1.2706,1.27115,1.27022,1.27059,1789.94
1326087900000,1.2706,1.27074,1.27035,1.27057,1401.6
1326088800000,1.27058,1.27106,1.27048,1.27077,1472.16
1326089700000,1.27077,1.27213,1.27077,1.2716,2083.96
1326090600000,1.2716,1.27281,1.27147,1.27218,1899.23
1326091500000,1.27218,1.27221,1.27168,1.27198,1688.36
1326092400000,1.27197,1.27264,1.27192,1.27254,2682.37
1326093300000,1.27252,1.27274,1.27213,1.27252,2217.74
1326094200000,1.27251,1.27501,1.27251,1.2741,4266.32
1326095100000,1.2741,1.27433,1.27357,1.27391,3289.3
1326096000000,1.27393,1.27561,1.27392,1.27476,4716.71
1326096900000,1.27475,1.27526,1.27423,1.27493,4921.86
1326097800000,1.27494,1.27716,1.27494,1.27652,4945.78
1326098700000,1.27653,1.27731,1.27623,1.27683,4139.81
1326099600000,1.27684,1.27731,1.27599,1.27657,4074.39
1326100500000,1.27655,1.27656,1.27516,1.27548,4639.26
1326101400000,1.27548,1.27643,1.27538,1.27637,4375.87
1326102300000,1.27637,1.27787,1.27614,1.27767,4302.21
1326103200000,1.27767,1.27828,1.27673,1.27819,4276.13
1326104100000,1.27819,1.2785,1.27758,1.27793,3787.17
1326105000000,1.27795,1.27817,1.2775,1.27808,3353.33
1326105900000,1.27809,1.27834,1.27591,1.2761,3712.16
1326106800000,1.27609,1.27618,1.27439,1.27535,4706.55
1326107700000,1.27535,1.27569,1.2747,1.27518,3858.22
1326108600000,1.27518,1.27694,1.27518,1.27694,3382.43
1326109500000,1.27694,1.27736,1.27658,1.27679,3521.34
1326110400000,1.27679,1.2769,1.27568,1.27575,3592.55
1326111300000,1.27574,1.27639,1.2753,1.27531,4095.56
1326112200000,1.27531,1.27584,1.27498,1.27526,4170.89
1326113100000,1.27525,1.2759,1.2739,1.27393,5091.51
1326114000000,1.27392,1.27427,1.27261,1.2728,4755.04
1326114900000,1.27281,1.27514,1.27271,1.27509,4506.3
1326115800000,1.27514,1.2754,1.27358,1.27413,4397.46
1326116700000,1.27413,1.27597,1.27413,1.27596,4061.94
1326117600000,1.27595,1.27655,1.27548,1.27558,3591.46
1326118500000,1.27558,1.27596,1.27517,1.27577,3437.27
1326119400000,1.27577,1.27594,1.273,1.27313,5396.56
1326120300000,1.27311,1.27384,1.27272,1.27382,5461.95
1326121200000,1.27381,1.27427,1.27294,1.27389,4963.88
1326122100000,1.2739,1.27461,1.27356,1.27427,4438.52
1326123000000,1.27426,1.27447,1.27336,1.27339,3911.1
1326123900000,1.27337,1.27373,1.2729,1.27365,4791.97
1326124800000,1.27363,1.27423,1.27229,1.27247,5209.2
1326125700000,1.27249,1.2739,1.272,1.27355,4327.53
1326126600000,1.27355,1.27456,1.27325,1.27436,3230.14
1326127500000,1.27436,1.27479,1.27393,1.27431,3375.74
1326128400000,1.27432,1.27456,1.27381,1.27404,2672.79
1326129300000,1.27403,1.27422,1.27376,1.27402,2485.08
1326130200000,1.27403,1.27418,1.27364,1.27385,2400.09
1326131100000,1.27385,1.27405,1.27355,1.27366,2794.44
1326132000000,1.27365,1.27434,1.27365,1.27424,2895.98
1326132900000,1.27424,1.27436,1.27396,1.27415,2612.89
1326133800000,1.27416,1.27418,1.27378,1.27407,2282.9
1326134700000,1.27407,1.27508,1.27406,1.27506,2518.66
1326135600000,1.27505,1.27626,1.27495,1.27624,3527.22
1326136500000,1.27623,1.27627,1.27571,1.27583,2914.17
1326137400000,1.27583,1.2766,1.27563,1.2759,2673.89
1326138300000,1.2759,1.276,1.27547,1.27555,2049.29
1326139200000,1.27556,1.27656,1.27543,1.27623,3208.76
1326140100000,1.27623,1.27671,1.27618,1.27659,2444.68
1326141000000,1.27656,1.27763,1.2764,1.27743,3058.39
1326141900000,1.27742,1.27761,1.27675,1.27722,2907.4
1326142800000,1.27721,1.27759,1.27701,1.27701,2126.72
1326143700000,1.27701,1.27704,1.27633,1.27646,1821.98
1326144600000,1.27646,1.27678,1.27638,1.27672,1141.94
1326145500000,1.27672,1.2768,1.27646,1.27647,1253.33
1326146400000,1.27647,1.27647,1.27617,1.27628,299.11
1326147300000,1.27628,1.27632,1.27603,1.27613,652.75
1326148200000,1.27613,1.27626,1.276,1.27622,900.2
1326149100000,1.27622,1.27705,1.27617,1.27684,1110.47
1326150000000,1.27689,1.27737,1.27677,1.27684,1242.55
1326150900000,1.27684,1.27686,1.2763,1.27661,1336.39
1326151800000,1.27661,1.27748,1.27661,1.27748,1757.72
1326152700000,1.27749,1.2777,1.27703,1.27722,1734.4
1326153600000,1.27722,1.27799,1.27715,1.27792,2925.13
1326154500000,1.27792,1.27809,1.2775,1.2778,2748.55
1326155400000,1.2778,1.27806,1.27734,1.27739,2427.6
1326156300000,1.27737,1.27739,1.27619,1.27649,2701.98
1326157200000,1.27649,1.27682,1.27611,1.27682,2057.84
1326158100000,1.27683,1.27702,1.27639,1.27679,1659.97
1326159000000,1.27681,1.27762,1.2768,1.27736,2403.3
1326159900000,1.27737,1.27795,1.27722,1.27731,2405.46
1326160800000,1.27734,1.27744,1.27673,1.27702,2095.09
1326161700000,1.27704,1.27727,1.27667,1.27714,1753.16
1326162600000,1.27716,1.27735,1.27675,1.27675,1381.6
1326163500000,1.27675,1.27688,1.27641,1.27652,1340.61
1326164400000,1.27652,1.27719,1.27651,1.27691,1893.51
1326165300000,1.27691,1.27709,1.27671,1.2769,1569.31
1326166200000,1.27692,1.2778,1.27691,1.27707,2117.38
1326167100000,1.27706,1.27724,1.27657,1.27676,2077.02
1326168000000,1.27676,1.27744,1.27676,1.27686,1616.29
1326168900000,1.27686,1.27739,1.27686,1.27737,1272.43
1326169800000,1.27737,1.27791,1.27731,1.27775,1761.05
1326170700000,1.27778,1.27808,1.27735,1.27801,2143.2
1326171600000,1.27804,1.27945,1.27804,1.27887,3263.2
1326172500000,1.27887,1.27911,1.2784,1.27843,2021.68
1326173400000,1.27845,1.27927,1.27845,1.27874,2296.54
1326174300000,1.27874,1.27895,1.27834,1.27858,1892.92
1326175200000,1.27858,1.27963,1.27841,1.27936,2534.75
1326176100000,1.27936,1.27937,1.2789,1.27928,1664.91
1326177000000,1.27928,1.27958,1.27903,1.27935,1983.23
1326177900000,1.27935,1.27942,1.27839,1.27852,2403.21
1326178800000,1.27853,1.27876,1.27778,1.27814,2965.04
1326179700000,1.27813,1.27907,1.27813,1.27879,2666.67
1326180600000,1.27879,1.27941,1.27845,1.27854,3125.39
1326181500000,1.27854,1.27857,1.27643,1.27653,4109.85
1326182400000,1.27655,1.2774,1.27447,1.27505,5931.68
1326183300000,1.27505,1.27624,1.27501,1.27581,4652.42
1326184200000,1.27579,1.27601,1.27427,1.27545,4804.3
1326185100000,1.27545,1.27722,1.27475,1.27657,5183.25
1326186000000,1.27656,1.27701,1.2761,1.27657,4556.01
1326186900000,1.27656,1.27955,1.27646,1.27951,5444.39
1326187800000,1.27951,1.2803,1.27876,1.27934,5148.61
1326188700000,1.27934,1.28025,1.27899,1.27913,4320.04
1326189600000,1.27915,1.27946,1.27866,1.27866,4102.03
1326190500000,1.27869,1.28061,1.2786,1.27986,4645.11
1326191400000,1.27988,1.27992,1.27882,1.2798,3696.83
1326192300000,1.2798,1.28087,1.27949,1.27976,4313.63
1326193200000,1.27975,1.2807,1.27915,1.27944,3919.96
1326194100000,1.27942,1.27964,1.27875,1.27962,4230.22
1326195000000,1.27962,1.27962,1.27809,1.27848,3708.02
1326195900000,1.27847,1.27847,1.27657,1.27682,5000.14
1326196800000,1.27681,1.27784,1.27635,1.2776,4183.83
1326197700000,1.2776,1.27783,1.27707,1.27767,3677.81
1326198600000,1.27766,1.27929,1.2776,1.27929,4135.48
1326199500000,1.27929,1.28033,1.27876,1.28007,4303.59
1326200400000,1.28007,1.28172,1.27988,1.28087,5192.17
1326201300000,1.28087,1.28092,1.27931,1.28016,4820.32
1326202200000,1.28016,1.2813,1.2793,1.28118,4243.88
1326203100000,1.28116,1.28118,1.27926,1.2799,4246.91
1326204000000,1.2799,1.27998,1.27912,1.27928,3866.24
1326204900000,1.27927,1.2793,1.2783,1.27869,3849.32
1326205800000,1.27869,1.2796,1.2777,1.27801,5245.67
1326206700000,1.27801,1.27858,1.27764,1.27851,4701.55
1326207600000,1.27851,1.28018,1.2785,1.28007,5255.73
1326208500000,1.28011,1.28012,1.27769,1.27781,4802.03
1326209400000,1.27782,1.27802,1.2769,1.27715,4497.68
1326210300000,1.27715,1.27841,1.27699,1.27774,4447.1
1326211200000,1.27773,1.27847,1.27722,1.27846,4570.76
1326212100000,1.27845,1.27904,1.27811,1.27828,3708.83
1326213000000,1.27828,1.2785,1.27734,1.27776,3404.58
1326213900000,1.27776,1.2788,1.27737,1.27819,3415.77
1326214800000,1.27818,1.27864,1.27798,1.27842,2486.86
1326215700000,1.27841,1.27851,1.27667,1.27671,3528.08
1326216600000,1.27671,1.27734,1.27633,1.27677,2989.55
1326217500000,1.27677,1.27788,1.27648,1.27779,2828.36
1326218400000,1.27779,1.27787,1.27691,1.27696,3200.94
1326219300000,1.27697,1.27747,1.27675,1.27737,3002.21
1326220200000,1.27737,1.27825,1.2773,1.27807,3081.88
1326221100000,1.27808,1.27818,1.27757,1.27799,2487.68
1326222000000,1.27798,1.27837,1.27774,1.27833,2470.65
1326222900000,1.27835,1.27865,1.27827,1.2783,3027.37
1326223800000,1.2783,1.2786,1.27826,1.27851,1926.77
1326224700000,1.27853,1.27918,1.27851,1.27908,2557.6
1326225600000,1.27902,1.27925,1.27863,1.27867,2209.61
1326226500000,1.27866,1.27889,1.27856,1.27856,2075.74
1326227400000,1.27855,1.27857,1.27727,1.27763,3578.79
1326228300000,1.27761,1.27828,1.27721,1.27724,3124.63
1326229200000,1.27724,1.27762,1.27681,1.27696,2614.15
1326230100000,1.27696,1.27757,1.27696,1.27752,1227.02
1326231000000,1.27752,1.27763,1.27734,1.27753,1249.99
1326231900000,1.27751,1.27783,1.2774,1.27771,1543.87
1326232800000,1.27769,1.27775,1.27718,1.2776,336.05
1326233700000,1.2776,1.27768,1.27716,1.27755,858.13
1326234600000,1.27755,1.27777,1.27735,1.27775,1524.23
1326235500000,1.27775,1.27779,1.27713,1.27717,903.8
1326236400000,1.27717,1.27732,1.27682,1.2773,1405.38
1326237300000,1.2773,1.27739,1.27682,1.27735,1220.1
1326238200000,1.27735,1.27743,1.27689,1.27691,1279.4
1326239100000,1.27688,1.27698,1.27502,1.27528,2409.96
1326240000000,1.27528,1.2756,1.27484,1.27526,3099.65
1326240900000,1.27528,1.27567,1.27503,1.27548,2273.35
1326241800000,1.27543,1.27558,1.27448,1.27452,2412.36
1326242700000,1.2745,1.27479,1.27407,1.27479,2600.14
1326243600000,1.27477,1.27481,1.27331,1.27346,2656.48
1326244500000,1.27346,1.27439,1.273,1.27422,2906.78
1326245400000,1.27422,1.27476,1.27422,1.27471,2894.05
1326246300000,1.27469,1.27514,1.27469,1.27484,2426.03
1326247200000,1.27484,1.27539,1.27472,1.27509,1747.21
1326248100000,1.27509,1.27514,1.27441,1.2747,1650.98
1326249000000,1.2747,1.27473,1.27421,1.27432,1288.27
1326249900000,1.27432,1.27459,1.27364,1.2738,1602.06
1326250800000,1.2738,1.27391,1.27362,1.27372,1499.47
1326251700000,1.27373,1.27447,1.27373,1.27432,1224.41
1326252600000,1.27431,1.2748,1.2743,1.2746,1284.35
1326253500000,1.2746,1.27473,1.27393,1.27435,1661.22
1326254400000,1.27435,1.27444,1.27406,1.27433,1486.81
1326255300000,1.27433,1.27473,1.2743,1.2747,1155.79
1326256200000,1.2747,1.2747,1.27429,1.27447,1146.29
1326257100000,1.27447,1.27447,1.27391,1.27418,1095.85
1326258000000,1.27418,1.27444,1.27392,1.27392,1295.03
1326258900000,1.27392,1.27424,1.27365,1.27416,1686.37
1326259800000,1.27414,1.27459,1.27399,1.27458,1776.49
1326260700000,1.27458,1.27464,1.27424,1.27432,1523.05
1326261600000,1.27432,1.2749,1.27419,1.27476,2278.58
1326262500000,1.27479,1.27516,1.27409,1.2749,3285.09
1326263400000,1.2749,1.27578,1.27485,1.27525,2866.27
1326264300000,1.27522,1.27593,1.27516,1.27575,2758.5
1326265200000,1.27575,1.27606,1.27508,1.27509,2490.68
1326266100000,1.27507,1.27551,1.27446,1.27536,2943.02
1326267000000,1.27535,1.27585,1.27483,1.27541,2989.2
1326267900000,1.27541,1.27607,1.27508,1.27527,3166.16
1326268800000,1.27527,1.27702,1.27467,1.27694,4774.9
1326269700000,1.27694,1.27816,1.27694,1.27748,4595.11
1326270600000,1.27749,1.27809,1.27665,1.27692,4297.36
1326271500000,1.27689,1.27823,1.27679,1.27769,4533.92
1326272400000,1.27768,1.27784,1.27704,1.27716,3802.58
1326273300000,1.27716,1.27871,1.27714,1.27853,4061.3
1326274200000,1.27851,1.27855,1.27746,1.27754,3801.6
1326275100000,1.27754,1.27893,1.27718,1.27837,4129.46
1326276000000,1.27836,1.27856,1.27712,1.2772,4205.12
1326276900000,1.27721,1.27722,1.27549,1.27556,3901.59
1326277800000,1.27556,1.27645,1.275,1.27613,4999.49
1326278700000,1.27612,1.27623,1.27537,1.27618,3533.88
1326279600000,1.27617,1.27617,1.27517,1.27531,3152.32
1326280500000,1.2753,1.27554,1.27026,1.27026,6271.4
1326281400000,1.27025,1.27108,1.26966,1.27042,5883.3
1326282300000,1.27043,1.27072,1.2698,1.27,4919.45
1326283200000,1.26999,1.27013,1.26825,1.26949,5492.8
1326284100000,1.26949,1.27083,1.26947,1.27054,4339.93
1326285000000,1.27055,1.27085,1.26994,1.27029,3787.19
1326285900000,1.27027,1.27251,1.26929,1.27185,5482.2
1326286800000,1.27185,1.27303,1.27142,1.27162,5188.52
1326287700000,1.27164,1.27174,1.26923,1.26924,4911.61
1326288600000,1.26925,1.27094,1.26877,1.27081,4701.8
1326289500000,1.27082,1.27124,1.26987,1.27101,4667.1
1326290400000,1.271,1.27139,1.27049,1.27049,4725.67
1326291300000,1.2705,1.2705,1.26974,1.27027,3750.3
1326292200000,1.27027,1.27044,1.26823,1.26948,5729.17
1326293100000,1.26947,1.27045,1.2676,1.2676,5899.03
1326294000000,1.26761,1.26835,1.26681,1.26785,5953.36
1326294900000,1.26788,1.26867,1.26771,1.26789,4141.49
1326295800000,1.26789,1.2696,1.26728,1.26935,4874.09
1326296700000,1.26936,1.26961,1.26839,1.26856,4336.6
1326297600000,1.26858,1.26943,1.2674,1.26749,4294.09
1326298500000,1.2675,1.26863,1.26668,1.26668,3868.19
1326299400000,1.26666,1.26852,1.26654,1.26809,4202.89
1326300300000,1.26809,1.26898,1.26809,1.26855,3684.77
1326301200000,1.26855,1.2695,1.26831,1.26846,3956.41
1326302100000,1.26846,1.26905,1.26835,1.26864,2995.18
1326303000000,1.26866,1.26923,1.26833,1.26875,3351.53
1326303900000,1.26875,1.27042,1.26875,1.26977,4348.01
1326304800000,1.26976,1.27015,1.26931,1.27011,3991.11
1326305700000,1.2701,1.27042,1.27004,1.27016,3512.86
1326306600000,1.27016,1.27042,1.27006,1.27021,2967.13
1326307500000,1.27022,1.27062,1.27003,1.27027,3583.49
1326308400000,1.27027,1.2706,1.2697,1.27033,3261.64
1326309300000,1.27033,1.2704,1.26929,1.26962,3381.22
1326310200000,1.26962,1.27032,1.26935,1.27011,2943.17
1326311100000,1.27012,1.27037,1.26954,1.26962,3137.64
1326312000000,1.26963,1.27035,1.26957,1.27032,2712.88
1326312900000,1.27032,1.27107,1.27026,1.27091,2821.71
1326313800000,1.27091,1.27091,1.27031,1.27041,2937.51
1326314700000,1.27039,1.27078,1.27013,1.27066,2742.83
1326315600000,1.27066,1.27071,1.27029,1.27046,1833.92
1326316500000,1.27046,1.27056,1.27031,1.27053,1664.32
1326317400000,1.27053,1.27063,1.27039,1.27059,1250.42
1326318300000,1.2706,1.27081,1.27047,1.27062,1172.6
1326319200000,1.27062,1.27096,1.27058,1.27093,275.47
1326320100000,1.27093,1.27094,1.27066,1.27073,789.88
1326321000000,1.27073,1.2708,1.27057,1.27068,969.78
1326321900000,1.27068,1.27087,1.27059,1.27083,998.93
1326322800000,1.27083,1.27092,1.27065,1.27084,801.29
1326323700000,1.27084,1.27148,1.27074,1.27145,1752.62
1326324600000,1.27146,1.27213,1.27143,1.27143,1923.66
1326325500000,1.27143,1.27221,1.27143,1.27214,1866.08
1326326400000,1.27214,1.27217,1.27175,1.27188,1924.32
1326327300000,1.27187,1.27189,1.2715,1.27159,2226.7
1326328200000,1.2716,1.2722,1.27143,1.27161,1947.41
1326329100000,1.27161,1.27165,1.27089,1.27121,2465.72
1326330000000,1.27121,1.27153,1.27105,1.27153,2299.66
1326330900000,1.27154,1.27167,1.27093,1.27144,2105.21
1326331800000,1.27143,1.27147,1.27025,1.27027,2859.17
1326332700000,1.27025,1.27149,1.27019,1.27133,3132.24
1326333600000,1.27133,1.27178,1.27131,1.27157,2227.43
1326334500000,1.27157,1.27276,1.27157,1.27224,3118.22
1326335400000,1.27227,1.27251,1.27199,1.27245,1661.56
1326336300000,1.27245,1.27278,1.27235,1.27265,1968.45
1326337200000,1.27265,1.27266,1.27213,1.27232,1565.37
1326338100000,1.2723,1.27232,1.27144,1.27165,2324.69
1326339000000,1.27165,1.27203,1.27157,1.27194,1606.15
1326339900000,1.27194,1.27196,1.27165,1.27185,1362.95
1326340800000,1.27184,1.27228,1.27167,1.27223,1317.21
1326341700000,1.27223,1.27234,1.27163,1.27181,1332.28
1326342600000,1.27181,1.27186,1.27155,1.27165,1247.27
1326343500000,1.27162,1.27174,1.27149,1.27167,1349.29
1326344400000,1.27167,1.272,1.27163,1.27197,1086.59
1326345300000,1.27196,1.27199,1.27172,1.27186,1006.49
1326346200000,1.27186,1.27205,1.27168,1.27197,1750.4
1326347100000,1.27197,1.27209,1.27172,1.27177,1333.83
1326348000000,1.27176,1.27198,1.27166,1.27166,2146.4
1326348900000,1.27166,1.27174,1.27105,1.27112,2010.65
1326349800000,1.27114,1.27125,1.27075,1.27119,2570.17
1326350700000,1.2712,1.27174,1.27114,1.27155,2208
1326351600000,1.27155,1.27242,1.27149,1.272,3033.96
1326352500000,1.272,1.27224,1.27108,1.27143,2910.12
1326353400000,1.27143,1.27182,1.27093,1.27154,3591.45
1326354300000,1.27154,1.27164,1.27,1.27076,4077.05
1326355200000,1.27076,1.27163,1.26992,1.27148,4652.47
1326356100000,1.27146,1.27225,1.27106,1.27205,3853.5
1326357000000,1.27205,1.27311,1.27185,1.2726,5472.69
1326357900000,1.2726,1.27267,1.27143,1.27187,4449.42
1326358800000,1.27189,1.27217,1.2708,1.27195,4622.37
1326359700000,1.27195,1.27333,1.27173,1.27292,4946.27
1326360600000,1.27287,1.27302,1.27171,1.27276,5416.5
1326361500000,1.27279,1.27471,1.27245,1.27462,6965.18
1326362400000,1.27462,1.2755,1.2741,1.27475,6943.07
1326363300000,1.27477,1.27579,1.27378,1.27383,5719.95
1326364200000,1.27381,1.27632,1.2738,1.27601,6521.35
1326365100000,1.27599,1.27627,1.27494,1.27568,5126.33
1326366000000,1.27567,1.27674,1.27553,1.27595,4696.78
1326366900000,1.27593,1.27602,1.27515,1.27556,5063.51
1326367800000,1.27555,1.27612,1.27444,1.27467,5436.09
1326368700000,1.27466,1.27577,1.27441,1.27564,4651.38
1326369600000,1.27563,1.27625,1.27511,1.27586,4984.02
1326370500000,1.27586,1.27771,1.27583,1.27635,6097.64
1326371400000,1.27635,1.27668,1.27515,1.27643,5729.54
1326372300000,1.27643,1.27749,1.27524,1.27543,5914.48
1326373200000,1.27544,1.27584,1.27352,1.27356,5438.87
1326374100000,1.27353,1.2743,1.27312,1.27384,5312.04
1326375000000,1.27383,1.27388,1.27163,1.27356,6567.91
1326375900000,1.27355,1.2755,1.27318,1.27521,6182.52
1326376800000,1.27521,1.27882,1.27521,1.2781,7027.53
1326377700000,1.2781,1.2798,1.27716,1.2797,5416.27
1326378600000,1.2797,1.2805,1.27832,1.27913,7480.32
1326379500000,1.27914,1.28203,1.27865,1.28177,6920.02
1326380400000,1.28177,1.28361,1.28027,1.28134,7186.63
1326381300000,1.28134,1.28218,1.28089,1.28111,6299.97
1326382200000,1.28111,1.28111,1.27906,1.27918,5685.26
1326383100000,1.27917,1.27989,1.2789,1.27967,5567.42
1326384000000,1.27971,1.28166,1.27966,1.28149,5507.84
1326384900000,1.28148,1.28229,1.28079,1.28204,5110.87
1326385800000,1.28205,1.28233,1.28153,1.28176,4688.03
1326386700000,1.28178,1.28224,1.28113,1.28172,3840.07
1326387600000,1.28172,1.28282,1.2814,1.28274,3376.34
1326388500000,1.28276,1.28296,1.28241,1.28275,2874.3
1326389400000,1.28275,1.28442,1.28265,1.28334,3758.35
1326390300000,1.28334,1.28369,1.28283,1.28328,3739.99
1326391200000,1.28329,1.28441,1.28329,1.2838,4789.54
1326392100000,1.2838,1.28389,1.28256,1.28272,3688.87
1326393000000,1.28274,1.28293,1.28228,1.28262,3363.69
1326393900000,1.28259,1.28355,1.28251,1.28337,3029.58
1326394800000,1.28337,1.28344,1.28241,1.28254,3834.66
1326395700000,1.28254,1.2828,1.28233,1.28259,3157.66
1326396600000,1.28257,1.2831,1.28227,1.28292,3060.98
1326397500000,1.28292,1.28298,1.28263,1.28295,3006.49
1326398400000,1.28295,1.28298,1.2822,1.28249,3200.89
1326399300000,1.2825,1.28328,1.2825,1.28273,2989.91
1326400200000,1.28273,1.28287,1.28233,1.28266,2544.67
1326401100000,1.28266,1.28316,1.28262,1.28265,2894.09
1326402000000,1.28261,1.28305,1.2825,1.28268,2507.6
1326402900000,1.28266,1.28267,1.28199,1.28227,1882.47
1326403800000,1.28229,1.28257,1.28145,1.28159,2170.53
1326404700000,1.2816,1.2825,1.28136,1.28144,2244.15
1326405600000,1.28144,1.28178,1.2811,1.28152,359.37
1326406500000,1.28151,1.28195,1.28147,1.28171,917.05
1326407400000,1.28171,1.28184,1.28125,1.28131,1344.72
1326408300000,1.28129,1.28164,1.28095,1.28139,1582.66
1326409200000,1.28138,1.2818,1.28112,1.28147,1337.53
1326410100000,1.28147,1.28184,1.28135,1.28169,1373.29
1326411000000,1.28168,1.28198,1.28167,1.28188,1414.2
1326411900000,1.28189,1.28226,1.28181,1.28203,2218
1326412800000,1.28199,1.28213,1.28131,1.2814,2064.24
1326413700000,1.28142,1.2819,1.28132,1.28182,2096.97
1326414600000,1.28182,1.28225,1.28166,1.28212,1853.88
1326415500000,1.28212,1.28212,1.28164,1.28173,2463.95
1326416400000,1.28173,1.28193,1.28119,1.28131,2715.85
1326417300000,1.28131,1.28151,1.28105,1.28151,2232.68
1326418200000,1.28149,1.2819,1.28148,1.2819,1594.64
1326419100000,1.2819,1.28191,1.28146,1.28165,1666.98
1326420000000,1.28164,1.2819,1.28151,1.28177,1830.55
1326420900000,1.28178,1.28228,1.28178,1.28195,2157.6
1326421800000,1.28194,1.28232,1.2818,1.28211,1834.41
1326422700000,1.28211,1.28227,1.2819,1.28199,2176.2
1326423600000,1.28199,1.28209,1.28168,1.28183,1724.16
1326424500000,1.2818,1.282,1.28154,1.28181,2038.24
1326425400000,1.2818,1.28204,1.28173,1.28188,1921.16
1326426300000,1.28187,1.28191,1.28149,1.28188,1556.94
1326427200000,1.28188,1.2821,1.28167,1.28174,1659.73
1326428100000,1.28174,1.28257,1.28159,1.28247,2282.45
1326429000000,1.28247,1.28306,1.28207,1.28295,2172.39
1326429900000,1.28299,1.28317,1.2828,1.28296,1766.59
1326430800000,1.28292,1.28336,1.2829,1.28322,1988.23
1326431700000,1.28322,1.28329,1.28273,1.28329,1671.88
1326432600000,1.28329,1.28369,1.28327,1.28358,2484.1
1326433500000,1.28358,1.2849,1.28341,1.284,3284.03
1326434400000,1.28395,1.28704,1.28381,1.28673,4239.92
1326435300000,1.28675,1.28778,1.28595,1.28613,4493.34
1326436200000,1.28611,1.28678,1.28564,1.28674,3542.52
1326437100000,1.28674,1.28689,1.2857,1.28601,3216.27
1326438000000,1.28601,1.28663,1.28551,1.28634,3642.27
1326438900000,1.28634,1.28727,1.28566,1.28715,2792.07
1326439800000,1.28715,1.28741,1.28657,1.28676,3864.83
1326440700000,1.28675,1.28687,1.28536,1.28601,4192.7
1326441600000,1.28601,1.28603,1.28398,1.28576,5141.03
1326442500000,1.28576,1.28673,1.28555,1.28645,4337.24
1326443400000,1.28645,1.28647,1.28455,1.28473,4394.69
1326444300000,1.28471,1.28619,1.28426,1.28481,4500.21
1326445200000,1.2848,1.28482,1.28325,1.28403,4963.28
1326446100000,1.28403,1.28403,1.28234,1.283,4311.22
1326447000000,1.28297,1.28363,1.28145,1.28167,4939.61
1326447900000,1.28167,1.28329,1.28124,1.28296,4214.98
1326448800000,1.28294,1.28376,1.28246,1.28291,4438.28
1326449700000,1.28292,1.28435,1.27963,1.28109,6091.52
1326450600000,1.28111,1.28205,1.27799,1.27844,5912.98
1326451500000,1.27844,1.27955,1.2775,1.27953,5097.15
1326452400000,1.27949,1.27991,1.27815,1.2797,4498.61
1326453300000,1.2797,1.28043,1.27932,1.27976,3633.89
1326454200000,1.27978,1.27997,1.27857,1.27899,3990.8
1326455100000,1.27899,1.27904,1.2776,1.27833,4024.66
1326456000000,1.27833,1.27865,1.27658,1.27822,4993.65
1326456900000,1.27822,1.27906,1.27786,1.27898,3278.03
1326457800000,1.27898,1.27931,1.2783,1.27882,3280.15
1326458700000,1.27881,1.27898,1.27734,1.27789,3320.42
1326459600000,1.27789,1.27839,1.27682,1.2771,3925.59
1326460500000,1.2771,1.27885,1.277,1.2785,3866.78
1326461400000,1.27852,1.27906,1.27755,1.27805,3922.17
1326462300000,1.27805,1.27812,1.27235,1.27294,6439.45
1326463200000,1.27292,1.27292,1.26895,1.26972,7115.49
1326464100000,1.26975,1.27072,1.26868,1.26956,5550.37
1326465000000,1.26958,1.27054,1.26869,1.26914,5537.95
1326465900000,1.26914,1.26971,1.26726,1.26771,5866.59
1326466800000,1.26771,1.26851,1.26478,1.26621,6693.62
1326467700000,1.26622,1.26677,1.26287,1.26596,6580.6
1326468600000,1.26597,1.2667,1.26412,1.26467,5247.05
1326469500000,1.26467,1.26748,1.26467,1.26652,4678.4
1326470400000,1.26653,1.26826,1.26605,1.26787,5449.33
1326471300000,1.26787,1.26811,1.26679,1.2671,4038.79
1326472200000,1.26709,1.26832,1.26704,1.26776,4177.13
1326473100000,1.26782,1.26917,1.2677,1.26806,3905.07
1326474000000,1.26808,1.26821,1.26656,1.26672,3938.76
1326474900000,1.26672,1.26742,1.26659,1.26689,3497.94
1326475800000,1.26689,1.26764,1.26617,1.26757,3204.86
1326476700000,1.26757,1.26799,1.26697,1.26751,3147.55
1326477600000,1.26751,1.26758,1.26535,1.26535,3615.85
1326478500000,1.26536,1.26592,1.26518,1.26547,3198.5
1326479400000,1.26547,1.26561,1.26489,1.26518,3045.29
1326480300000,1.26518,1.26634,1.26512,1.26609,3257.18
1326481200000,1.26611,1.26703,1.26611,1.26702,3041.08
1326482100000,1.26701,1.26769,1.26618,1.26645,2930.65
1326483000000,1.26645,1.26723,1.26641,1.26656,2553.66
1326483900000,1.26656,1.26714,1.26651,1.26676,2847
1326484800000,1.2667,1.26807,1.26649,1.26778,3875.96
1326485700000,1.26776,1.26821,1.2672,1.26743,3164.85
1326486600000,1.26744,1.26821,1.26735,1.26756,3173.26
1326487500000,1.26756,1.2688,1.26754,1.26845,2977.6
1326488400000,1.26843,1.26846,1.26756,1.26773,2205.14
1326489300000,1.26773,1.26799,1.26742,1.26752,2060.34
1326490200000,1.26752,1.26752,1.26567,1.26662,2206.28
1326491100000,1.26661,1.26829,1.2664,1.26772,1606.06
1326664800000,1.26311,1.26492,1.26311,1.26406,842.31
1326665700000,1.26406,1.26415,1.26348,1.26368,1013.18
1326666600000,1.26368,1.26434,1.26367,1.26423,1111.66
1326667500000,1.26422,1.26437,1.26379,1.26382,1150.8
1326668400000,1.26382,1.26419,1.26374,1.26417,1340.99
1326669300000,1.26417,1.26555,1.26414,1.26527,1888.3
1326670200000,1.26527,1.26555,1.26518,1.26543,1454.26
1326671100000,1.26542,1.26543,1.26433,1.26474,2126.23
1326672000000,1.26471,1.26563,1.2643,1.26459,3055.62
1326672900000,1.26458,1.26541,1.26447,1.26479,2317.05
1326673800000,1.26479,1.26572,1.26479,1.26521,2676.23
1326674700000,1.26519,1.26549,1.26465,1.26468,2368.12
1326675600000,1.26468,1.26528,1.26454,1.26525,2051.23
1326676500000,1.26525,1.26525,1.26305,1.26349,3175.49
1326677400000,1.26349,1.26382,1.26262,1.263,3080.64
1326678300000,1.263,1.26437,1.26275,1.26401,2921.75
1326679200000,1.26399,1.26465,1.26388,1.26418,2368.11
1326680100000,1.26418,1.26481,1.26405,1.26465,1988.74
1326681000000,1.26465,1.26482,1.26406,1.26427,1725.14
1326681900000,1.26429,1.26446,1.26391,1.26396,1135.28
1326682800000,1.26392,1.26452,1.26367,1.26432,1698.31
1326683700000,1.26432,1.2647,1.26431,1.26456,1456.53
1326684600000,1.26456,1.26509,1.26412,1.26477,1728.72
1326685500000,1.2648,1.26515,1.26461,1.26493,1734.47
1326686400000,1.26492,1.26525,1.2646,1.26499,1595.44
1326687300000,1.26499,1.26513,1.26421,1.26432,1731.22
1326688200000,1.26432,1.26487,1.26432,1.26461,1050.27
1326689100000,1.26461,1.26471,1.26437,1.26444,1515.29
1326690000000,1.26443,1.26448,1.26416,1.26428,1668.93
1326690900000,1.26429,1.26454,1.26424,1.2644,1574.07
1326691800000,1.26442,1.26445,1.26363,1.26367,1813.42
1326692700000,1.26367,1.2641,1.26323,1.26353,2239.4
1326693600000,1.26353,1.26456,1.26337,1.2645,2144.56
1326694500000,1.2645,1.26488,1.26419,1.26484,2133.72
1326695400000,1.26484,1.26507,1.26418,1.2646,2480.18
1326696300000,1.2646,1.26561,1.26405,1.26536,3254.96
1326697200000,1.26537,1.2654,1.26398,1.26497,3542.06
1326698100000,1.26499,1.26559,1.26498,1.26537,2906.37
1326699000000,1.26538,1.26678,1.2643,1.26655,3815.26
1326699900000,1.26655,1.2667,1.26565,1.26587,3568.48
1326700800000,1.26587,1.26736,1.26505,1.26705,5075.1
1326701700000,1.26705,1.26761,1.2662,1.26699,4492.41
1326702600000,1.26698,1.26744,1.2651,1.26574,4389.2
1326703500000,1.26573,1.26789,1.26567,1.26772,4799.32
1326704400000,1.26772,1.2681,1.26671,1.26709,4101.19
1326705300000,1.26709,1.26782,1.26681,1.2673,3652.35
1326706200000,1.2673,1.26787,1.26628,1.2666,4290.38
1326707100000,1.2666,1.26724,1.26549,1.26636,4114.34
1326708000000,1.26637,1.26637,1.26426,1.26476,4862.8
1326708900000,1.26477,1.2664,1.26477,1.26552,4049.33
1326709800000,1.26552,1.26579,1.26488,1.2654,3753.55
1326710700000,1.2654,1.26721,1.26517,1.26641,4053.42
1326711600000,1.26642,1.26708,1.26592,1.26675,3679.5
1326712500000,1.26675,1.26744,1.2664,1.26744,3572.96
1326713400000,1.26744,1.26804,1.26661,1.26664,3965.75
1326714300000,1.26663,1.26712,1.2662,1.26635,3137.52
1326715200000,1.26635,1.26706,1.26633,1.26705,2420.8
1326716100000,1.26705,1.26779,1.26685,1.267,3463.64
1326717000000,1.267,1.26757,1.26635,1.26647,2829.34
1326717900000,1.26647,1.26749,1.26629,1.26749,3164.85
1326718800000,1.26749,1.26815,1.26681,1.26681,3465.74
1326719700000,1.26681,1.26747,1.26681,1.26719,2864.65
1326720600000,1.26719,1.26757,1.2668,1.26706,2858.69
1326721500000,1.26709,1.26731,1.26668,1.26715,2650.67
1326722400000,1.26715,1.26756,1.26707,1.26726,2544.8
1326723300000,1.26726,1.26735,1.26645,1.26711,3128.11
1326724200000,1.26708,1.26711,1.26601,1.26646,2924.23
1326725100000,1.26647,1.2674,1.26627,1.26733,2388.52
1326726000000,1.26734,1.26744,1.26677,1.2669,2473.62
1326726900000,1.2669,1.26706,1.26641,1.26695,2683.39
1326727800000,1.26695,1.26709,1.26654,1.26673,1977.91
1326728700000,1.26674,1.26749,1.26668,1.2673,2848.48
1326729600000,1.2673,1.2673,1.26685,1.26718,2540.62
1326730500000,1.2672,1.26873,1.2672,1.26748,3716.26
1326731400000,1.26746,1.26836,1.26742,1.26745,2511.71
1326732300000,1.26745,1.26782,1.26729,1.26744,2245.45
1326733200000,1.26742,1.26768,1.26732,1.26732,1608.89
1326734100000,1.26732,1.26738,1.26702,1.26732,1279.38
1326735000000,1.26734,1.26768,1.26731,1.26739,1504.14
1326735900000,1.2674,1.26806,1.26724,1.26724,2110.81
1326736800000,1.26724,1.26778,1.26652,1.26659,2133.92
1326737700000,1.26656,1.26661,1.26591,1.26609,2118.85
1326738600000,1.26615,1.26708,1.26609,1.26656,2175.39
1326739500000,1.26657,1.26672,1.26645,1.26652,1204.07
1326740400000,1.26652,1.26652,1.26636,1.26641,1057.32
1326741300000,1.26641,1.26644,1.26603,1.26607,1460.09
1326742200000,1.26608,1.26631,1.26606,1.26619,1015.46
1326743100000,1.26618,1.26657,1.26617,1.26648,966.53
1326744000000,1.26648,1.26654,1.26628,1.26646,1064.05
1326744900000,1.26646,1.26655,1.26631,1.26636,391.83
1326745800000,1.26636,1.26644,1.26612,1.26617,1005.83
1326746700000,1.26617,1.2664,1.26612,1.26634,927.07
1326747600000,1.26634,1.26641,1.2662,1.2663,558.89
1326748500000,1.2663,1.26644,1.2663,1.26634,551.4
1326749400000,1.26637,1.26654,1.26627,1.26632,819.17
1326750300000,1.26632,1.2667,1.26632,1.26664,1090.62
1326751200000,1.26664,1.26679,1.2662,1.26648,283.86
1326752100000,1.26652,1.26659,1.26601,1.26601,843.51
1326753000000,1.26602,1.26629,1.26594,1.26609,1124.82
1326753900000,1.26609,1.26621,1.26488,1.26488,1585.22
1326754800000,1.26494,1.26599,1.26482,1.2658,1456.03
1326755700000,1.2658,1.26624,1.2654,1.26555,1239.4
1326756600000,1.26555,1.26607,1.26545,1.26605,1275.59
1326757500000,1.26605,1.26667,1.26605,1.26659,1857.14
1326758400000,1.26659,1.26739,1.26644,1.26713,2182.81
1326759300000,1.26713,1.2681,1.26685,1.26788,2537.8
1326760200000,1.26788,1.268,1.26739,1.2679,1900.99
1326761100000,1.2679,1.26858,1.26775,1.2679,2421.09
1326762000000,1.2679,1.26822,1.2678,1.26806,1781.22
1326762900000,1.26806,1.2682,1.26744,1.26754,1562.61
1326763800000,1.26754,1.26828,1.26754,1.26806,1263.31
1326764700000,1.26806,1.27143,1.26801,1.27143,3382.08
1326765600000,1.27141,1.27154,1.26986,1.27003,2926.27
1326766500000,1.27003,1.27106,1.26992,1.27097,2378.15
1326767400000,1.27097,1.2726,1.27095,1.27201,3250.43
1326768300000,1.27201,1.27317,1.27186,1.2729,2847.21
1326769200000,1.27292,1.27351,1.27285,1.27299,2304.34
1326770100000,1.27299,1.27305,1.2721,1.27229,2439.7
1326771000000,1.27229,1.27292,1.27223,1.27261,1804.74
1326771900000,1.27261,1.27344,1.27254,1.27302,1810.25
1326772800000,1.27302,1.27366,1.27301,1.27338,2075.1
1326773700000,1.2734,1.27345,1.27292,1.27324,1864.38
1326774600000,1.27325,1.27329,1.27275,1.27289,1326.76
1326775500000,1.27289,1.27303,1.27248,1.27262,1125.41
1326776400000,1.27265,1.27281,1.2723,1.27275,1562.52
1326777300000,1.27275,1.27279,1.27231,1.27255,1953.61
1326778200000,1.27259,1.27301,1.27243,1.27275,1746.86
1326779100000,1.27275,1.27345,1.27275,1.2733,2235.77
1326780000000,1.2733,1.27355,1.27294,1.27326,2260.54
1326780900000,1.27326,1.27337,1.27262,1.27272,2412.84
1326781800000,1.27272,1.2731,1.27264,1.27276,1847.1
1326782700000,1.27276,1.27309,1.27252,1.27265,2126.93
1326783600000,1.27264,1.27562,1.27236,1.27495,4114.21
1326784500000,1.27491,1.27531,1.27413,1.27414,3547.64
1326785400000,1.27414,1.27641,1.27409,1.2761,4858.08
1326786300000,1.2761,1.27684,1.27572,1.27605,4488.27
1326787200000,1.27605,1.27688,1.27535,1.27536,4679.75
1326788100000,1.2754,1.27566,1.27461,1.27505,4157.17
1326789000000,1.27506,1.27548,1.27424,1.27523,4027.59
1326789900000,1.27523,1.27654,1.27513,1.27654,4033.99
1326790800000,1.27655,1.27665,1.27562,1.27578,4003.21
1326791700000,1.27577,1.27671,1.27563,1.27642,3559.87
1326792600000,1.27642,1.27737,1.27606,1.27713,3887.94
1326793500000,1.27714,1.27769,1.27667,1.27726,3766.19
1326794400000,1.27723,1.27956,1.27712,1.2788,5060.13
1326795300000,1.27883,1.27995,1.27827,1.27935,4429.54
1326796200000,1.27933,1.27953,1.27743,1.27817,4826.84
1326797100000,1.27817,1.27884,1.27761,1.27765,4006.46
1326798000000,1.27763,1.27888,1.27705,1.2786,3969.57
1326798900000,1.27858,1.27863,1.27799,1.27801,2936.72
1326799800000,1.27797,1.27815,1.277,1.27711,2954.3
1326800700000,1.27711,1.27767,1.27693,1.27703,3138.15
1326801600000,1.27701,1.27957,1.27645,1.27957,4302.39
1326802500000,1.2796,1.27997,1.27875,1.27916,4158.15
1326803400000,1.27916,1.27916,1.27801,1.27828,3591.83
1326804300000,1.2783,1.28042,1.2783,1.27918,4051.14
1326805200000,1.27919,1.27983,1.27867,1.27891,4775.53
1326806100000,1.2789,1.27908,1.27796,1.27841,4166.62
1326807000000,1.2784,1.27887,1.2763,1.2763,4610.05
1326807900000,1.27629,1.27644,1.27352,1.27353,5666.18
1326808800000,1.27352,1.2749,1.27239,1.27265,5330.09
1326809700000,1.27262,1.27383,1.27159,1.27207,5347.91
1326810600000,1.27207,1.27282,1.27127,1.27246,5916.95
1326811500000,1.27245,1.27304,1.27151,1.27174,4870.15
1326812400000,1.27175,1.27357,1.27139,1.27246,5048.89
1326813300000,1.27246,1.27358,1.27205,1.27324,4520.18
1326814200000,1.27324,1.27436,1.27305,1.27394,4475.3
1326815100000,1.27394,1.27398,1.27297,1.27364,4121.52
1326816000000,1.27364,1.27453,1.27328,1.27434,4300.59
1326816900000,1.27434,1.27524,1.27415,1.27426,3538.2
1326817800000,1.27426,1.27476,1.27393,1.27447,3021.05
1326818700000,1.27447,1.27447,1.27375,1.27389,3014.23
1326819600000,1.2739,1.27495,1.27377,1.27438,2849.09
1326820500000,1.27442,1.2749,1.27395,1.27403,2543.36
1326821400000,1.27403,1.27405,1.27284,1.27317,3161.61
1326822300000,1.27317,1.27325,1.27276,1.27312,2813.05
1326823200000,1.27312,1.27392,1.27312,1.27371,2542.73
1326824100000,1.2737,1.27377,1.27355,1.27366,2267.15
1326825000000,1.27367,1.27385,1.27306,1.27371,2275.44
1326825900000,1.27369,1.27398,1.2734,1.27347,2253.76
1326826800000,1.27347,1.2739,1.2733,1.27389,2068.02
1326827700000,1.2739,1.27457,1.27375,1.27432,2589.82
1326828600000,1.27434,1.2744,1.27274,1.27335,3086
1326829500000,1.27335,1.27335,1.27193,1.27221,2935.66
1326830400000,1.27222,1.27258,1.27174,1.27256,2963.92
1326831300000,1.27254,1.27286,1.27226,1.27276,2647.49
1326832200000,1.27276,1.27295,1.27229,1.2727,1867.14
1326833100000,1.27271,1.27367,1.27256,1.27314,2378.24
1326834000000,1.27313,1.27418,1.273,1.27402,2180.71
1326834900000,1.27402,1.27418,1.27363,1.27402,1425.96
1326835800000,1.27402,1.27403,1.27358,1.27362,1677.57
1326836700000,1.27362,1.27377,1.27347,1.2736,947.3
1326837600000,1.27361,1.2739,1.27348,1.27387,255.67
1326838500000,1.27387,1.27391,1.27352,1.27387,460.7
1326839400000,1.27387,1.27407,1.27364,1.27398,891.21
1326840300000,1.27398,1.27414,1.27391,1.27403,729.89
1326841200000,1.27403,1.27414,1.27393,1.27398,780.18
1326842100000,1.27397,1.27423,1.27385,1.27408,1309.09
1326843000000,1.27408,1.27411,1.27387,1.27393,1120.38
1326843900000,1.27393,1.27462,1.27387,1.2746,1333.03
1326844800000,1.27462,1.2748,1.27435,1.27443,1678.6
1326845700000,1.27441,1.27465,1.27413,1.27445,1454.06
1326846600000,1.27443,1.27569,1.27438,1.27566,1943.36
1326847500000,1.27566,1.27608,1.27543,1.27578,2337.47
1326848400000,1.27578,1.27628,1.27564,1.27584,1484.39
1326849300000,1.27584,1.2761,1.2755,1.2755,1640.08
1326850200000,1.2755,1.27593,1.27496,1.2759,1978.82
1326851100000,1.27591,1.27617,1.27557,1.27601,1645.66
1326852000000,1.27601,1.27731,1.27578,1.27724,2969.08
1326852900000,1.27725,1.27769,1.2769,1.27759,2694.07
1326853800000,1.27761,1.27805,1.27743,1.27776,1839.87
1326854700000,1.27776,1.27795,1.27737,1.27781,1636.41
1326855600000,1.27781,1.27851,1.2777,1.27783,1477.78
1326856500000,1.27783,1.27783,1.27726,1.27728,1437.17
1326857400000,1.27729,1.27836,1.27693,1.2782,2592.86
1326858300000,1.2782,1.27871,1.27794,1.27837,2099.15
1326859200000,1.27837,1.27838,1.27782,1.27834,1551.69
1326860100000,1.27832,1.27839,1.27798,1.27803,1455.85
1326861000000,1.27803,1.2782,1.27764,1.27768,1808.57
1326861900000,1.27768,1.27836,1.27757,1.27832,1713.66
1326862800000,1.27831,1.27858,1.27798,1.27851,1261.87
1326863700000,1.27853,1.2786,1.27741,1.27741,2127.41
1326864600000,1.27741,1.27752,1.27639,1.27659,2570.72
1326865500000,1.27659,1.27712,1.27646,1.27684,1426.66
1326866400000,1.27684,1.27688,1.27607,1.27646,2267.72
1326867300000,1.27646,1.2765,1.27558,1.27594,2570.36
1326868200000,1.27594,1.27624,1.2755,1.27577,2009.09
1326869100000,1.27579,1.27611,1.27516,1.27606,2271.27
1326870000000,1.27607,1.27765,1.27582,1.27753,3505.73
1326870900000,1.27755,1.2781,1.2771,1.27808,3180.84
1326871800000,1.27806,1.27986,1.27802,1.27969,5145.9
1326872700000,1.27969,1.28072,1.27932,1.27978,4847.55
1326873600000,1.27976,1.28022,1.2763,1.27634,5212.35
1326874500000,1.27631,1.27685,1.2752,1.2758,4968.55
1326875400000,1.2758,1.2758,1.27336,1.27486,5351.69
1326876300000,1.27488,1.27659,1.27478,1.27609,4279.7
1326877200000,1.27608,1.27839,1.27571,1.27824,4509.44
1326878100000,1.27823,1.27957,1.27761,1.27793,4871.62
1326879000000,1.27793,1.28138,1.27782,1.28014,5222.42
1326879900000,1.28014,1.28021,1.27804,1.2793,4813.26
1326880800000,1.2793,1.28269,1.27832,1.2826,4752.15
1326881700000,1.28261,1.2844,1.28143,1.28232,6830.11
1326882600000,1.28236,1.28369,1.2816,1.28209,4967.24
1326883500000,1.28208,1.28354,1.28179,1.28267,4529.47
1326884400000,1.28266,1.28298,1.28076,1.28114,4411.95
1326885300000,1.28113,1.2819,1.28014,1.28188,3869.5
1326886200000,1.28182,1.2823,1.28062,1.28064,2988.37
1326887100000,1.28064,1.28237,1.28058,1.28237,3382.52
1326888000000,1.28239,1.2826,1.27823,1.27881,4907
1326888900000,1.2788,1.27955,1.278,1.27913,3781.63
1326889800000,1.27913,1.28128,1.27894,1.28099,4617.09
1326890700000,1.28099,1.28203,1.28066,1.28129,3457.5
1326891600000,1.28129,1.28325,1.28094,1.28315,4093.88
1326892500000,1.28314,1.28379,1.28234,1.28276,4752.95
1326893400000,1.28276,1.2845,1.28276,1.28318,4782.72
1326894300000,1.28318,1.2836,1.28028,1.28036,4755.16
1326895200000,1.28036,1.28181,1.28019,1.28113,4720.01
1326896100000,1.28111,1.28261,1.28049,1.28231,3995.65
1326897000000,1.28236,1.28298,1.28144,1.28256,5541.26
1326897900000,1.28257,1.28424,1.28243,1.28357,5143.44
1326898800000,1.28357,1.28404,1.28191,1.28218,4665.26
1326899700000,1.28222,1.28418,1.28183,1.28339,4275.28
1326900600000,1.28343,1.28396,1.28286,1.28304,3884.78
1326901500000,1.28307,1.28321,1.28068,1.28162,4566.48
1326902400000,1.28164,1.28273,1.28163,1.28223,4098.81
1326903300000,1.28227,1.28256,1.28088,1.2818,3229.68
1326904200000,1.2818,1.28338,1.28074,1.28161,4680.34
1326905100000,1.28162,1.2827,1.28128,1.28245,3080.89
1326906000000,1.28245,1.28313,1.28157,1.28302,2951.64
1326906900000,1.28301,1.28559,1.28242,1.28525,4413.98
1326907800000,1.28524,1.28632,1.28455,1.28594,4743.5
1326908700000,1.28591,1.28612,1.28479,1.28501,3309.66
1326909600000,1.28503,1.28518,1.28455,1.28467,2783.43
1326910500000,1.28467,1.28546,1.28466,1.28535,2779.41
1326911400000,1.28535,1.28611,1.28463,1.28469,3294.25
1326912300000,1.28469,1.28497,1.28365,1.28375,2677.13
1326913200000,1.28377,1.28448,1.28342,1.28405,2986.18
1326914100000,1.28404,1.28493,1.28401,1.2849,2236.51
1326915000000,1.2849,1.28504,1.28439,1.28492,2510.44
1326915900000,1.28492,1.28493,1.2836,1.28361,2099.74
1326916800000,1.28362,1.28498,1.28362,1.28475,2394.36
1326917700000,1.28478,1.28518,1.28467,1.28501,2301.74
1326918600000,1.28501,1.28504,1.28464,1.28498,2357.39
1326919500000,1.28495,1.28608,1.28477,1.28597,2059.21
1326920400000,1.28604,1.28604,1.28535,1.28567,1428.87
1326921300000,1.28567,1.28641,1.28541,1.28628,1910.3
1326922200000,1.28628,1.28629,1.28561,1.28596,1585.55
1326923100000,1.28596,1.28676,1.28566,1.28627,1754.84
1326924000000,1.28634,1.28635,1.28522,1.28554,498.05
1326924900000,1.28554,1.28617,1.28546,1.28571,668.96
1326925800000,1.28573,1.28588,1.28529,1.28569,964.47
1326926700000,1.28569,1.28569,1.28515,1.28531,780.11
1326927600000,1.28531,1.28592,1.28524,1.28579,881.83
1326928500000,1.28579,1.28658,1.28574,1.28651,1419.09
1326929400000,1.28654,1.28662,1.28558,1.28584,1534.66
1326930300000,1.28584,1.28649,1.28568,1.28636,1157.73
1326931200000,1.28636,1.287,1.28631,1.28643,2085.83
1326932100000,1.28646,1.28687,1.2863,1.28652,1434.45
1326933000000,1.28652,1.28682,1.28485,1.28518,2570.35
1326933900000,1.28518,1.28585,1.2849,1.28532,2082.15
1326934800000,1.28532,1.28577,1.28437,1.2852,1963.88
1326935700000,1.28526,1.2854,1.28417,1.28471,2138.46
1326936600000,1.28474,1.28533,1.28464,1.28506,1852.95
1326937500000,1.28503,1.28577,1.285,1.28544,1706.44
1326938400000,1.28544,1.28639,1.28531,1.28624,1731.34
1326939300000,1.28624,1.28626,1.28556,1.28559,1351.84
1326940200000,1.28559,1.28622,1.28553,1.28611,1607.1
1326941100000,1.28611,1.28704,1.28611,1.28666,1798.6
1326942000000,1.28667,1.28686,1.28628,1.28653,1867.78
1326942900000,1.28654,1.28782,1.28639,1.28749,1829.47
1326943800000,1.28744,1.28765,1.28715,1.28745,1697.93
1326944700000,1.28745,1.28749,1.2863,1.28637,1751.06
1326945600000,1.28634,1.28708,1.28629,1.28683,1203.36
1326946500000,1.28683,1.28687,1.28626,1.2863,1631.67
1326947400000,1.2863,1.28636,1.28567,1.2859,1333.89
1326948300000,1.28589,1.28607,1.28537,1.28584,1339.09
1326949200000,1.28584,1.28597,1.28529,1.28597,1100.16
1326950100000,1.286,1.28648,1.28583,1.28592,1396.15
1326951000000,1.28592,1.28595,1.28476,1.28529,2113.23
1326951900000,1.28525,1.28547,1.28488,1.28518,1674.46
1326952800000,1.28518,1.28571,1.28518,1.28562,1879.71
1326953700000,1.2856,1.28602,1.28538,1.28598,2165.33
1326954600000,1.28598,1.28663,1.28571,1.28643,2177.1
1326955500000,1.28644,1.28686,1.28561,1.28585,2517.01
1326956400000,1.28585,1.28679,1.28507,1.28601,3023.73
1326957300000,1.286,1.28614,1.28515,1.28559,3128.18
1326958200000,1.28558,1.28589,1.28418,1.28445,3289.82
1326959100000,1.28445,1.28606,1.28435,1.28483,3786.96
1326960000000,1.28483,1.28583,1.28388,1.28491,4179.91
1326960900000,1.28491,1.28637,1.28467,1.28563,4097.76
1326961800000,1.28564,1.28706,1.28528,1.28695,4128.79
1326962700000,1.28695,1.28879,1.28625,1.28866,5036.99
1326963600000,1.28868,1.28938,1.28649,1.28699,4994.73
1326964500000,1.28699,1.28789,1.28686,1.28761,3826.13
1326965400000,1.28762,1.29061,1.28749,1.28985,5429.45
1326966300000,1.28981,1.29009,1.2882,1.28825,4831.45
1326967200000,1.28825,1.28874,1.28691,1.2884,4270.74
1326968100000,1.28841,1.28943,1.28804,1.28942,3815.83
1326969000000,1.28942,1.29048,1.28865,1.28972,4534.82
1326969900000,1.28972,1.29039,1.28899,1.28959,3820.94
1326970800000,1.28961,1.29108,1.2891,1.29068,4226.62
1326971700000,1.29071,1.29131,1.29016,1.2908,3737.89
1326972600000,1.2908,1.29177,1.29057,1.29127,3698.09
1326973500000,1.2912,1.29168,1.29016,1.29018,3586.23
1326974400000,1.29016,1.29101,1.2891,1.28917,3649.23
1326975300000,1.28919,1.2907,1.28908,1.29067,3829.85
1326976200000,1.29067,1.29119,1.29005,1.29028,3715.41
1326977100000,1.29031,1.29238,1.29004,1.29119,4603.61
1326978000000,1.29116,1.29159,1.2908,1.29108,3629.7
1326978900000,1.29105,1.29133,1.29046,1.29107,3898.7
1326979800000,1.29107,1.29231,1.28964,1.29145,5271.31
1326980700000,1.29145,1.29175,1.2903,1.29066,4341.25
1326981600000,1.2907,1.29093,1.2894,1.28981,3869.26
1326982500000,1.28981,1.29,1.28895,1.29,3867.42
1326983400000,1.29,1.29,1.28834,1.28852,4673.07
1326984300000,1.28852,1.28939,1.28852,1.28931,3994.07
1326985200000,1.28931,1.28932,1.28746,1.28807,4611.47
1326986100000,1.28809,1.28884,1.28788,1.28868,4232.02
1326987000000,1.28868,1.28986,1.28844,1.28964,3587.39
1326987900000,1.28964,1.29022,1.28905,1.28906,4565.13
1326988800000,1.28913,1.28954,1.28835,1.28876,4786.64
1326989700000,1.28878,1.29041,1.28878,1.2903,4110.5
1326990600000,1.29019,1.29259,1.29007,1.29229,4892.57
1326991500000,1.29229,1.29394,1.29213,1.29362,5136.92
1326992400000,1.29362,1.29362,1.29247,1.29263,3335.85
1326993300000,1.29262,1.29279,1.29211,1.29247,3653.19
1326994200000,1.29246,1.29247,1.29164,1.29182,2777.31
1326995100000,1.29183,1.2931,1.29167,1.29306,2628.44
1326996000000,1.29306,1.29405,1.29287,1.29374,3461.02
1326996900000,1.29374,1.29449,1.29313,1.29426,2837.35
1326997800000,1.29425,1.29428,1.29351,1.29406,2154.69
1326998700000,1.29408,1.29465,1.2937,1.29385,2880.66
1326999600000,1.29384,1.29471,1.29367,1.29447,2458.03
1327000500000,1.29447,1.29458,1.29364,1.29374,2169.22
1327001400000,1.29373,1.29384,1.2933,1.29337,3061.99
1327002300000,1.29337,1.29352,1.29289,1.29342,2374.47
1327003200000,1.29341,1.29417,1.29341,1.29379,2281.46
1327004100000,1.29379,1.29543,1.29365,1.29534,2482.42
1327005000000,1.29533,1.29581,1.29462,1.29575,3059.94
1327005900000,1.29573,1.29663,1.29561,1.29662,2804.86
1327006800000,1.29661,1.29708,1.29529,1.29682,2942.04
1327007700000,1.29684,1.29684,1.29605,1.29616,1762.64
1327008600000,1.29616,1.29689,1.29607,1.29668,2046.48
1327009500000,1.29668,1.29705,1.29655,1.29681,1818.01
1327010400000,1.29675,1.29683,1.29589,1.29594,241.04
1327011300000,1.29594,1.2965,1.29577,1.29648,596.11
1327012200000,1.29649,1.29719,1.29647,1.29676,866.63
1327013100000,1.29676,1.29698,1.29644,1.29663,651.1
1327014000000,1.2966,1.29702,1.29658,1.29684,803.24
1327014900000,1.29684,1.29686,1.29617,1.29648,912.72
1327015800000,1.29648,1.29659,1.29597,1.29637,1079.06
1327016700000,1.29637,1.29655,1.2959,1.29611,1421.11
1327017600000,1.29609,1.29616,1.2958,1.29593,1553.27
1327018500000,1.29593,1.29668,1.29587,1.29634,1569.56
1327019400000,1.29634,1.29636,1.29568,1.29622,1325.56
1327020300000,1.29621,1.29659,1.2959,1.29593,1938.09
1327021200000,1.29593,1.29603,1.29544,1.29556,2044.93
1327022100000,1.29556,1.2966,1.29553,1.29641,2284.29
1327023000000,1.29641,1.29656,1.2962,1.2965,2085.39
1327023900000,1.29649,1.29663,1.29605,1.29624,1429.99
1327024800000,1.29624,1.29631,1.29587,1.29595,1481.4
1327025700000,1.29592,1.29607,1.29572,1.29602,1181.15
1327026600000,1.29602,1.29602,1.29536,1.29554,1627.36
1327027500000,1.29554,1.29602,1.29554,1.2959,1620.29
1327028400000,1.2959,1.29622,1.29585,1.29602,1323.03
1327029300000,1.29601,1.29614,1.29577,1.29589,1200.55
1327030200000,1.29589,1.29654,1.29576,1.2962,1305.34
1327031100000,1.2962,1.29648,1.29602,1.29639,1668.09
1327032000000,1.29639,1.29669,1.29625,1.2966,1412.98
1327032900000,1.29659,1.2966,1.29607,1.29641,1505
1327033800000,1.29641,1.29658,1.29629,1.29638,1136.04
1327034700000,1.29638,1.29665,1.2962,1.29628,1233.82
1327035600000,1.29628,1.29644,1.29601,1.29639,697.72
1327036500000,1.29638,1.29648,1.29631,1.29639,1001.28
1327037400000,1.29639,1.29665,1.29635,1.29661,1233.77
1327038300000,1.2966,1.29672,1.29617,1.29622,2006.67
1327039200000,1.29621,1.29807,1.29617,1.29792,2821.96
1327040100000,1.29791,1.29803,1.29734,1.29749,3273.88
1327041000000,1.29749,1.29802,1.2972,1.29768,2070.43
1327041900000,1.29768,1.29788,1.29714,1.29735,2374.08
1327042800000,1.29734,1.29754,1.29646,1.29666,3635.86
1327043700000,1.29665,1.29691,1.29586,1.29672,4068.34
1327044600000,1.29672,1.29855,1.2967,1.29793,4519.47
1327045500000,1.29791,1.29807,1.29658,1.29684,3442.1
1327046400000,1.29685,1.29685,1.29488,1.29488,4446.65
1327047300000,1.29488,1.29551,1.29449,1.29539,4318.47
1327048200000,1.29539,1.29539,1.29283,1.29315,4529.89
1327049100000,1.29313,1.29359,1.29242,1.29276,4539.65
1327050000000,1.29275,1.2936,1.29185,1.2933,4635.98
1327050900000,1.29328,1.29413,1.29295,1.29312,4307.26
1327051800000,1.29313,1.29321,1.29008,1.29066,4675.93
1327052700000,1.29065,1.29081,1.28944,1.29006,3955.51
1327053600000,1.29008,1.29128,1.28904,1.2912,4026.95
1327054500000,1.29119,1.29125,1.28978,1.29096,3419.63
1327055400000,1.29098,1.29275,1.29098,1.29246,3926.46
1327056300000,1.29247,1.29319,1.29067,1.29085,3682.66
1327057200000,1.29085,1.29241,1.29023,1.29075,4078.54
1327058100000,1.29076,1.29124,1.28942,1.29099,3434.18
1327059000000,1.29102,1.2919,1.2907,1.29183,2531.42
1327059900000,1.29183,1.29185,1.29038,1.29051,2687.83
1327060800000,1.29051,1.29191,1.29018,1.29138,3672.72
1327061700000,1.29138,1.29212,1.29017,1.29111,3720.62
1327062600000,1.29113,1.29226,1.2904,1.29183,3327.05
1327063500000,1.29183,1.29231,1.2912,1.29125,2551.4
1327064400000,1.29126,1.29142,1.28956,1.2902,3652.94
1327065300000,1.2902,1.2909,1.28899,1.2893,3711.21
1327066200000,1.2893,1.29065,1.28894,1.29053,3809.78
1327067100000,1.29053,1.29226,1.29018,1.29186,3771.48
1327068000000,1.29187,1.29223,1.29112,1.29173,4658.24
1327068900000,1.2917,1.29329,1.29116,1.29144,4219.32
1327069800000,1.29144,1.29248,1.29053,1.2924,4041.47
1327070700000,1.29244,1.29288,1.292,1.29214,3916.17
1327071600000,1.29215,1.29258,1.29079,1.29253,4479.18
1327072500000,1.29252,1.29445,1.29214,1.29413,4211.24
1327073400000,1.29413,1.29419,1.29291,1.29298,3418.68
1327074300000,1.29299,1.29324,1.29172,1.29181,3773.37
1327075200000,1.29179,1.29293,1.29179,1.29272,3943.78
1327076100000,1.29272,1.29355,1.29205,1.29355,3607.66
1327077000000,1.29357,1.29366,1.2927,1.29288,3093.13
1327077900000,1.29288,1.29466,1.2927,1.29464,2842.79
1327078800000,1.29463,1.29497,1.29326,1.29361,2483.12
1327079700000,1.29362,1.29385,1.29302,1.29303,2464.59
1327080600000,1.29305,1.29319,1.29268,1.293,2432.28
1327081500000,1.293,1.29356,1.29284,1.29304,2140.35
1327082400000,1.29304,1.2934,1.29251,1.29316,2168.76
1327083300000,1.29316,1.29318,1.29254,1.29279,2162.75
1327084200000,1.29279,1.29293,1.29253,1.29286,1553.4
1327085100000,1.29285,1.29297,1.29245,1.29253,2030.82
1327086000000,1.29252,1.29295,1.29234,1.29274,1515.65
1327086900000,1.29273,1.29281,1.29201,1.29257,1769.62
1327087800000,1.29256,1.29257,1.29177,1.29197,2158.25
1327088700000,1.29197,1.29235,1.29184,1.29215,1872.99
1327089600000,1.29212,1.29298,1.29203,1.29276,2011
1327090500000,1.29276,1.29357,1.29267,1.29322,1678.73
1327091400000,1.29322,1.29335,1.29257,1.29285,1089
1327092300000,1.29284,1.29376,1.29284,1.29331,1335.69
1327093200000,1.2933,1.29366,1.29316,1.29366,952.71
1327094100000,1.29365,1.29368,1.2933,1.29334,799.32
1327095000000,1.29331,1.2934,1.29311,1.29334,1139.95
1327095900000,1.29334,1.29369,1.29307,1.29308,1352.44
1327269600000,1.28761,1.28877,1.28761,1.28784,427.18
1327270500000,1.28784,1.28865,1.28782,1.28862,449.13
1327271400000,1.28864,1.28876,1.2877,1.2877,742.22
1327272300000,1.28768,1.28857,1.28758,1.28796,969.47
1327273200000,1.28796,1.2891,1.28795,1.28879,1527.39
1327274100000,1.28879,1.28943,1.28868,1.2892,1315.79
1327275000000,1.2892,1.28941,1.28915,1.28922,748.38
1327275900000,1.28922,1.28929,1.28829,1.28871,1464.8
1327276800000,1.28865,1.2894,1.28865,1.28911,2045.69
1327277700000,1.28911,1.28913,1.28833,1.28851,1837.91
1327278600000,1.2885,1.28879,1.28833,1.28862,1219.04
1327279500000,1.28862,1.28919,1.28851,1.289,1886.76
1327280400000,1.289,1.28977,1.28858,1.28954,1685.64
1327281300000,1.28954,1.29075,1.2893,1.2901,1657.22
1327282200000,1.29007,1.29011,1.28909,1.28924,1775.56
1327283100000,1.28924,1.28961,1.28913,1.28948,903.71
1327284000000,1.28947,1.28972,1.28929,1.28968,973.05
1327284900000,1.28966,1.29067,1.28963,1.29018,1207.29
1327285800000,1.29018,1.29021,1.28964,1.28988,798.49
1327286700000,1.28988,1.28988,1.28828,1.28844,1893.51
1327287600000,1.28841,1.289,1.28841,1.28868,936.43
1327288500000,1.2887,1.2892,1.28863,1.28913,906.78
1327289400000,1.28913,1.28916,1.2886,1.28904,692.76
1327290300000,1.28904,1.28914,1.28855,1.28912,880.13
1327291200000,1.28911,1.28927,1.28899,1.28927,891.69
1327292100000,1.2893,1.28996,1.28919,1.28948,1109.44
1327293000000,1.28947,1.28982,1.28923,1.28979,1004.85
1327293900000,1.28981,1.28997,1.2895,1.28953,839.46
1327294800000,1.28953,1.2898,1.28946,1.2898,881.11
1327295700000,1.28982,1.29003,1.28952,1.2899,819.98
1327296600000,1.28992,1.28993,1.28948,1.28964,784.79
1327297500000,1.28966,1.28976,1.28938,1.28938,696.43
1327298400000,1.28935,1.28986,1.28929,1.28975,855.4
1327299300000,1.28977,1.28987,1.28934,1.28966,756.62
1327300200000,1.28965,1.29002,1.28958,1.28993,714.99
1327301100000,1.28993,1.29049,1.28993,1.2902,1350.14
1327302000000,1.2902,1.29023,1.28868,1.2892,2249.54
1327302900000,1.2892,1.2895,1.28853,1.28897,1808.65
1327303800000,1.28897,1.29036,1.28865,1.29035,1907.24
1327304700000,1.29034,1.29035,1.28893,1.29,2251.22
1327305600000,1.29002,1.29266,1.28912,1.29265,4356.65
1327306500000,1.29264,1.29423,1.29252,1.29362,3510.65
1327307400000,1.2936,1.29429,1.29278,1.29295,2847.63
1327308300000,1.29295,1.29344,1.2924,1.2924,3117.54
1327309200000,1.2924,1.2927,1.2913,1.29163,3480.86
1327310100000,1.29165,1.29335,1.2911,1.29299,2773.61
1327311000000,1.29299,1.2938,1.29259,1.29286,3217.39
1327311900000,1.29286,1.29306,1.29197,1.29281,2940.96
1327312800000,1.2928,1.29357,1.29165,1.29212,3583.51
1327313700000,1.29212,1.29252,1.29139,1.2921,3181.46
1327314600000,1.2921,1.29658,1.292,1.29613,4658.8
1327315500000,1.29614,1.29792,1.296,1.29741,4915.45
1327316400000,1.2974,1.29961,1.29737,1.29847,4926.48
1327317300000,1.29847,1.29973,1.29839,1.29951,3903.02
1327318200000,1.29952,1.30118,1.29898,1.29972,3947.51
1327319100000,1.29972,1.30076,1.29961,1.30009,3515.76
1327320000000,1.30011,1.30022,1.29853,1.29882,2843.69
1327320900000,1.29882,1.30007,1.29882,1.29892,3615.34
1327321800000,1.29892,1.30107,1.29885,1.30051,3212.75
1327322700000,1.30051,1.30064,1.29983,1.3005,2638.62
1327323600000,1.3005,1.3029,1.30049,1.30171,4402.71
1327324500000,1.30175,1.303,1.30137,1.30159,4018.33
1327325400000,1.30159,1.30247,1.30078,1.30174,3915.45
1327326300000,1.30174,1.30235,1.30125,1.30212,3056.98
1327327200000,1.30211,1.30271,1.30109,1.30197,4183
1327328100000,1.30199,1.302,1.30105,1.30169,3699.08
1327329000000,1.30166,1.30312,1.301,1.30312,5129.62
1327329900000,1.30313,1.30336,1.30232,1.30311,3482.16
1327330800000,1.30305,1.30415,1.30277,1.3031,4222.89
1327331700000,1.3031,1.30423,1.30309,1.30375,3035.18
1327332600000,1.30375,1.30431,1.30338,1.3034,3150.17
1327333500000,1.30339,1.30471,1.30329,1.30468,3913
1327334400000,1.30467,1.30474,1.30363,1.30425,3529.57
1327335300000,1.30424,1.30473,1.30383,1.30396,2782.25
1327336200000,1.30396,1.30523,1.30325,1.30342,3544.43
1327337100000,1.30342,1.30362,1.30325,1.30342,3121.15
1327338000000,1.30343,1.30358,1.30089,1.30092,4596.9
1327338900000,1.30091,1.30122,1.3005,1.30092,3588.87
1327339800000,1.30093,1.30155,1.30031,1.30084,2817.38
1327340700000,1.30088,1.30169,1.30088,1.30101,2514.25
1327341600000,1.30101,1.30168,1.30094,1.30168,1747.96
1327342500000,1.3017,1.30181,1.30093,1.30143,1529.52
1327343400000,1.30143,1.30186,1.30117,1.30176,1279.57
1327344300000,1.30175,1.30185,1.30109,1.30123,1627.39
1327345200000,1.30123,1.30176,1.3009,1.30151,1075.54
1327346100000,1.30151,1.30164,1.3012,1.30163,1395.05
1327347000000,1.30163,1.30186,1.3011,1.30121,1465.84
1327347900000,1.30118,1.30177,1.30045,1.30155,2332.6
1327348800000,1.30155,1.30233,1.30137,1.30192,2326.17
1327349700000,1.30192,1.30297,1.30192,1.30253,2862.82
1327350600000,1.30253,1.30333,1.30247,1.30307,3010.73
1327351500000,1.30307,1.30369,1.30283,1.30337,2746.99
1327352400000,1.30338,1.3034,1.30295,1.30306,1377.81
1327353300000,1.30306,1.30306,1.30261,1.30264,1200.11
1327354200000,1.30264,1.30275,1.30258,1.3027,934.12
1327355100000,1.3027,1.3033,1.3012,1.30122,2402.67
1327356000000,1.30132,1.30281,1.30069,1.30226,786.21
1327356900000,1.30225,1.30235,1.30138,1.30184,850.52
1327357800000,1.30183,1.30211,1.3007,1.30083,1722.78
1327358700000,1.30082,1.30195,1.30077,1.30131,1583.5
1327359600000,1.30131,1.3016,1.30122,1.30137,1132.38
1327360500000,1.3014,1.30154,1.30125,1.30127,787.14
1327361400000,1.30128,1.30255,1.30126,1.30227,1649.21
1327362300000,1.3023,1.30267,1.30197,1.3024,1481.12
1327363200000,1.30241,1.30283,1.30199,1.30214,1623.66
1327364100000,1.30214,1.30237,1.30164,1.3022,1560.87
1327365000000,1.30219,1.30252,1.30209,1.3024,926.22
1327365900000,1.3024,1.30254,1.30193,1.30225,1276.04
1327366800000,1.30226,1.30227,1.30127,1.30134,1351.16
1327367700000,1.30135,1.30138,1.30081,1.30095,1490.79
1327368600000,1.30096,1.30126,1.3008,1.30097,1226.6
1327369500000,1.30099,1.30153,1.30091,1.30121,1310.7
1327370400000,1.30121,1.30131,1.3007,1.30121,1377.98
1327371300000,1.30121,1.3013,1.30109,1.30115,817.21
1327372200000,1.30115,1.30115,1.29919,1.29936,2547.65
1327373100000,1.29937,1.29972,1.29886,1.29968,2409.68
1327374000000,1.29968,1.29976,1.29922,1.29937,1676.81
1327374900000,1.29937,1.29954,1.2989,1.29926,1563.01
1327375800000,1.29928,1.29934,1.29898,1.29907,1370.56
1327376700000,1.29908,1.29911,1.2987,1.29901,1675.37
1327377600000,1.29901,1.29975,1.29885,1.29951,1512.94
1327378500000,1.29951,1.29966,1.29935,1.2995,1341.73
1327379400000,1.2995,1.29988,1.29938,1.2996,1842.04
1327380300000,1.29959,1.30002,1.29956,1.29973,1197.21
1327381200000,1.29973,1.29993,1.29961,1.29981,1415.48
1327382100000,1.29981,1.30024,1.29968,1.30001,1234.9
1327383000000,1.30001,1.30109,1.29999,1.30056,2481.61
1327383900000,1.30058,1.30105,1.30037,1.30073,1447.15
1327384800000,1.30072,1.30188,1.30069,1.30164,1690.69
1327385700000,1.30166,1.30297,1.30126,1.30265,2485.5
1327386600000,1.30266,1.30288,1.30196,1.30242,2015.08
1327387500000,1.30242,1.30261,1.3022,1.30228,1662.83
1327388400000,1.30228,1.30241,1.30028,1.30132,3141.35
1327389300000,1.30132,1.30244,1.30128,1.30202,2591.32
1327390200000,1.30202,1.30202,1.30046,1.30063,3116.2
1327391100000,1.30062,1.30376,1.30036,1.30348,3476.43
1327392000000,1.30346,1.30364,1.30199,1.30241,4560.75
1327392900000,1.3024,1.30313,1.30051,1.30166,3978.33
1327393800000,1.30172,1.30292,1.30033,1.30064,4430.77
1327394700000,1.30061,1.30102,1.29937,1.30069,3909.38
1327395600000,1.30064,1.30564,1.30061,1.305,5193.58
1327396500000,1.30502,1.30592,1.3038,1.30399,4535.38
1327397400000,1.304,1.30416,1.30285,1.30386,3965.29
1327398300000,1.30386,1.30389,1.29953,1.30087,4554.27
1327399200000,1.30086,1.30181,1.30018,1.30158,2980.11
1327400100000,1.30158,1.30274,1.30136,1.30234,3348.53
1327401000000,1.30233,1.30236,1.29998,1.30027,3658.16
1327401900000,1.30027,1.30091,1.29942,1.29964,3445.11
1327402800000,1.29963,1.30067,1.29894,1.30023,3554.69
1327403700000,1.30023,1.30103,1.30021,1.30044,3282.08
1327404600000,1.30043,1.30277,1.29987,1.30188,3444.04
1327405500000,1.30188,1.30206,1.2998,1.29984,3375.9
1327406400000,1.29984,1.30082,1.29935,1.30046,3178.65
1327407300000,1.30046,1.30198,1.30043,1.30101,3427.52
1327408200000,1.30101,1.30125,1.30012,1.30051,2870.09
1327409100000,1.3005,1.30083,1.2987,1.29963,3783.08
1327410000000,1.29963,1.3013,1.29915,1.30052,3695.88
1327410900000,1.3005,1.30101,1.29925,1.29989,3497.73
1327411800000,1.29989,1.30033,1.29629,1.2965,5075.99
1327412700000,1.29653,1.29681,1.29551,1.29625,4532.62
1327413600000,1.29623,1.2969,1.2953,1.29669,4538.87
1327414500000,1.29669,1.29745,1.29643,1.29687,3585.16
1327415400000,1.29688,1.2972,1.29578,1.29638,3710.74
1327416300000,1.29639,1.29726,1.29616,1.29682,4072.59
1327417200000,1.29681,1.29842,1.2962,1.29829,4384.22
1327418100000,1.29826,1.29867,1.2978,1.29796,3885.61
1327419000000,1.29798,1.29878,1.2975,1.29849,4143.05
1327419900000,1.29849,1.29895,1.29786,1.29803,3678.36
1327420800000,1.29801,1.29879,1.29749,1.29867,3490.39
1327421700000,1.29867,1.30033,1.29843,1.29996,3663.75
1327422600000,1.29996,1.30075,1.29978,1.3004,3085.68
1327423500000,1.3004,1.30061,1.29978,1.30029,2520.27
1327424400000,1.3003,1.3017,1.30014,1.30133,2941.26
1327425300000,1.30133,1.30158,1.30087,1.30128,2129.64
1327426200000,1.30128,1.3016,1.30113,1.30137,2168.32
1327427100000,1.30137,1.30248,1.30115,1.3022,2101.24
1327428000000,1.30215,1.30246,1.30191,1.30193,2501.18
1327428900000,1.30191,1.30198,1.30139,1.30147,2717.29
1327429800000,1.30147,1.30186,1.30143,1.30145,1674.48
1327430700000,1.30147,1.30212,1.30147,1.30206,1450.25
1327431600000,1.30206,1.30253,1.30192,1.30243,1825.84
1327432500000,1.30243,1.30275,1.30232,1.30248,2100.2
1327433400000,1.30248,1.30264,1.30225,1.30242,1766.29
1327434300000,1.30244,1.30248,1.30204,1.30215,1889.66
1327435200000,1.30216,1.30255,1.30202,1.30245,1655.88
1327436100000,1.30242,1.30246,1.30222,1.30226,1356.17
1327437000000,1.30225,1.30249,1.3021,1.30222,1720.99
1327437900000,1.30222,1.30273,1.30216,1.30265,2003.1
1327438800000,1.30265,1.30267,1.30204,1.30214,815.64
1327439700000,1.30214,1.30255,1.30214,1.30228,821.4
1327440600000,1.30227,1.30288,1.30221,1.30284,1355.64
1327441500000,1.30286,1.30364,1.3028,1.30353,2208.88
1327442400000,1.30355,1.30367,1.30322,1.30348,234.27
1327443300000,1.30345,1.30357,1.30289,1.30304,378.65
1327444200000,1.30303,1.30333,1.30281,1.30305,729.86
1327445100000,1.30306,1.30339,1.30283,1.30306,937.34
1327446000000,1.30305,1.3036,1.30305,1.30345,957.11
1327446900000,1.30345,1.30351,1.3031,1.30323,697.62
1327447800000,1.30323,1.304,1.30295,1.30385,1440.11
1327448700000,1.30385,1.30425,1.30343,1.30347,1340.78
1327449600000,1.30347,1.3037,1.30303,1.30322,1562.52
1327450500000,1.30319,1.30406,1.30317,1.3039,1522.27
1327451400000,1.3039,1.30463,1.30335,1.3035,2799.89
1327452300000,1.30353,1.30353,1.30239,1.30284,3121.1
1327453200000,1.30285,1.30324,1.30235,1.30243,1889.67
1327454100000,1.30243,1.30306,1.30243,1.30256,1833.81
1327455000000,1.30254,1.30269,1.30234,1.30261,1454.69
1327455900000,1.30261,1.30271,1.30235,1.30239,1243.87
1327456800000,1.30238,1.3033,1.30238,1.30294,1957.38
1327457700000,1.30294,1.30312,1.30251,1.30276,1605.05
1327458600000,1.30276,1.30327,1.30234,1.30245,2218.25
1327459500000,1.30245,1.30267,1.30219,1.30219,1631.12
1327460400000,1.30219,1.30228,1.3016,1.30161,1725.19
1327461300000,1.30161,1.30202,1.30156,1.3016,1607.89
1327462200000,1.3016,1.30231,1.30154,1.30225,1442.62
1327463100000,1.30225,1.30229,1.30187,1.30204,1192.1
1327464000000,1.30206,1.30236,1.30206,1.30212,992.65
1327464900000,1.30213,1.30235,1.30198,1.30227,1085.47
1327465800000,1.30227,1.30275,1.30211,1.30226,1279.89
1327466700000,1.30223,1.30242,1.30175,1.30197,1516.67
1327467600000,1.302,1.30243,1.30175,1.30238,1221.78
1327468500000,1.30238,1.30266,1.30232,1.30232,1229.07
1327469400000,1.30232,1.30271,1.30225,1.30236,1310.03
1327470300000,1.30236,1.30246,1.30202,1.30215,1343.75
1327471200000,1.30217,1.30252,1.3021,1.30227,1835.58
1327472100000,1.30227,1.30239,1.30181,1.30215,1415.91
1327473000000,1.30215,1.30228,1.30177,1.30221,1576.69
1327473900000,1.30224,1.3035,1.3022,1.30317,2580.66
1327474800000,1.30317,1.30354,1.30265,1.30299,2708.9
1327475700000,1.30299,1.30359,1.30212,1.30343,2787.18
1327476600000,1.30344,1.30422,1.30325,1.30341,3615.2
1327477500000,1.30342,1.30367,1.30247,1.30286,3162.29
1327478400000,1.30286,1.30409,1.30247,1.30389,3277.19
1327479300000,1.30389,1.3042,1.30269,1.30269,3532.85
1327480200000,1.3027,1.3037,1.30262,1.30309,3028.13
1327481100000,1.30308,1.30369,1.3027,1.30362,3018.09
1327482000000,1.30362,1.30494,1.30258,1.30318,4207.94
1327482900000,1.30317,1.30343,1.30112,1.30134,3833.48
1327483800000,1.30135,1.30219,1.29972,1.30004,4500.91
1327484700000,1.30006,1.30103,1.2988,1.2988,3667.48
1327485600000,1.29879,1.29919,1.29757,1.29896,3979.48
1327486500000,1.29895,1.29941,1.29831,1.29931,3749.87
1327487400000,1.29932,1.2995,1.29808,1.29834,3422.63
1327488300000,1.29834,1.29861,1.29661,1.29665,4382.58
1327489200000,1.29667,1.29723,1.29619,1.2972,4548.31
1327490100000,1.29718,1.29808,1.29687,1.29767,3182.47
1327491000000,1.29768,1.29778,1.29523,1.29535,3369.37
1327491900000,1.29535,1.29655,1.29506,1.29604,3321.08
1327492800000,1.29604,1.29672,1.29547,1.29569,3255.39
1327493700000,1.2957,1.29571,1.29365,1.2945,3705.31
1327494600000,1.29451,1.29467,1.29307,1.29409,3835.85
1327495500000,1.29411,1.29512,1.29393,1.2948,3326.09
1327496400000,1.29481,1.29494,1.29382,1.29428,3134.9
1327497300000,1.29431,1.29645,1.29429,1.29632,3829.8
1327498200000,1.2963,1.29677,1.29569,1.29598,3299.43
1327499100000,1.29598,1.29649,1.29532,1.29594,3175.53
1327500000000,1.29596,1.29663,1.29519,1.29574,3381.95
1327500900000,1.29573,1.29741,1.29548,1.29709,3035.17
1327501800000,1.2971,1.29727,1.2959,1.2966,3854.39
1327502700000,1.2966,1.29674,1.29509,1.29522,3651.27
1327503600000,1.29518,1.29614,1.29475,1.29588,3894.45
1327504500000,1.29585,1.29678,1.29544,1.29658,3056.24
1327505400000,1.29659,1.29688,1.29589,1.29687,3073.87
1327506300000,1.29687,1.29762,1.29671,1.29744,3581.71
1327507200000,1.29741,1.29849,1.29709,1.29797,3372.21
1327508100000,1.29796,1.29822,1.29748,1.29769,2615
1327509000000,1.29769,1.29816,1.29736,1.29759,2721.18
1327509900000,1.29758,1.29769,1.29648,1.29765,2660.69
1327510800000,1.29762,1.29799,1.29729,1.29789,2649.1
1327511700000,1.29789,1.30138,1.29777,1.30138,2978.36
1327512600000,1.3014,1.30388,1.30053,1.30228,4571.28
1327513500000,1.30231,1.30577,1.3021,1.3048,4507.13
1327514400000,1.3048,1.30733,1.3046,1.30733,4687.34
1327515300000,1.30733,1.31001,1.30733,1.30974,4950.56
1327516200000,1.30974,1.30994,1.30857,1.30863,3862.16
1327517100000,1.30868,1.30919,1.30816,1.30868,3235.73
1327518000000,1.30868,1.30868,1.30449,1.3046,5070.53
1327518900000,1.30461,1.3068,1.30447,1.30556,3765.65
1327519800000,1.30556,1.30706,1.30541,1.30693,3088.75
1327520700000,1.30693,1.3094,1.30687,1.30844,3979.34
1327521600000,1.30845,1.30853,1.30732,1.30769,2905.43
1327522500000,1.30769,1.30967,1.30769,1.30959,3326.31
1327523400000,1.30959,1.31171,1.30954,1.31141,3755.1
1327524300000,1.31141,1.31202,1.31099,1.31123,3008.48
1327525200000,1.31121,1.31154,1.31069,1.31081,2522.47
1327526100000,1.31081,1.31128,1.31063,1.31071,1689.1
1327527000000,1.31071,1.31086,1.31049,1.31062,1342.84
1327527900000,1.31062,1.31067,1.31001,1.31057,1539.05
1327528800000,1.31059,1.31084,1.31036,1.31047,261.31
1327529700000,1.31047,1.31068,1.31001,1.31023,968.27
1327530600000,1.31024,1.31038,1.30961,1.3097,965.52
1327531500000,1.30967,1.31046,1.30967,1.30998,1171.87
1327532400000,1.30994,1.3107,1.30986,1.31051,1729.33
1327533300000,1.31049,1.31067,1.31028,1.31065,1514.62
1327534200000,1.31062,1.3111,1.31048,1.31068,1192.79
1327535100000,1.31068,1.31104,1.31038,1.31054,1454.3
1327536000000,1.31054,1.3109,1.30992,1.31026,1461.31
1327536900000,1.31026,1.31054,1.31011,1.31019,1313.13
1327537800000,1.31019,1.31027,1.30984,1.31006,1690.51
1327538700000,1.31006,1.31013,1.309,1.30955,2123.52
1327539600000,1.30955,1.31032,1.30955,1.31012,2331.31
1327540500000,1.31012,1.31068,1.31001,1.3103,1670.36
1327541400000,1.3103,1.31046,1.30954,1.30967,1990.96
1327542300000,1.30963,1.30999,1.30938,1.30984,1532.67
1327543200000,1.30984,1.3107,1.30976,1.31032,1924.42
1327544100000,1.31032,1.31069,1.31019,1.31053,2654.11
1327545000000,1.31053,1.31066,1.31026,1.3104,2018.43
1327545900000,1.31039,1.31092,1.31031,1.31083,2049.28
1327546800000,1.31081,1.3113,1.31056,1.31088,1480.37
1327547700000,1.31091,1.31125,1.31078,1.31079,1130.82
1327548600000,1.3108,1.31088,1.31048,1.31068,1515.9
1327549500000,1.31067,1.31078,1.31025,1.31051,1600.53
1327550400000,1.31051,1.31096,1.31032,1.31092,1773.65
1327551300000,1.31091,1.31121,1.31088,1.31112,1893.15
1327552200000,1.31113,1.31128,1.31086,1.3109,1388.72
1327553100000,1.3109,1.31112,1.31079,1.31112,1114.44
1327554000000,1.31113,1.31127,1.31057,1.31099,1405.68
1327554900000,1.31098,1.31103,1.31083,1.31088,789.5
1327555800000,1.31087,1.31201,1.31087,1.31181,2174.14
1327556700000,1.31181,1.31253,1.31165,1.31249,2104.47
1327557600000,1.31245,1.31259,1.31207,1.31225,2047.79
1327558500000,1.31225,1.31228,1.31165,1.31189,1763.26
1327559400000,1.31189,1.31334,1.31189,1.31313,2479.29
1327560300000,1.31313,1.31327,1.31168,1.31168,2661.89
1327561200000,1.31169,1.31292,1.31131,1.31199,3359.31
1327562100000,1.31199,1.31225,1.31082,1.31085,3229.52
1327563000000,1.31083,1.3115,1.31044,1.31096,2917.97
1327563900000,1.31099,1.311,1.3095,1.31045,3923.74
1327564800000,1.31046,1.31147,1.31039,1.3114,4501.44
1327565700000,1.3114,1.31272,1.31079,1.31227,4048.57
1327566600000,1.31229,1.31242,1.31052,1.3111,3974.29
1327567500000,1.3111,1.31119,1.31,1.31,3501.83
1327568400000,1.30999,1.31161,1.30987,1.31147,4210.34
1327569300000,1.31147,1.31188,1.31058,1.3111,3626.83
1327570200000,1.31109,1.31417,1.31103,1.31391,4636.02
1327571100000,1.31391,1.31678,1.31389,1.31678,5439.6
1327572000000,1.31679,1.3174,1.31542,1.31547,4704.02
1327572900000,1.31543,1.31655,1.31532,1.31631,3479.03
1327573800000,1.31631,1.31717,1.31587,1.31659,3285.56
1327574700000,1.3166,1.3169,1.31521,1.31555,3263.42
1327575600000,1.31558,1.31671,1.31552,1.31667,3546.99
1327576500000,1.31669,1.31708,1.31578,1.31583,3375.62
1327577400000,1.31582,1.31618,1.31367,1.31418,4333.02
1327578300000,1.31418,1.31486,1.31368,1.31485,3055.39
1327579200000,1.31483,1.31545,1.31433,1.31456,3019.69
1327580100000,1.31456,1.31479,1.31357,1.31397,2953.57
1327581000000,1.31397,1.31476,1.31384,1.31469,2931.62
1327581900000,1.31469,1.31494,1.31388,1.31418,3200.68
1327582800000,1.31418,1.31458,1.31384,1.31424,3541.68
1327583700000,1.31424,1.31681,1.31424,1.31638,4289.62
1327584600000,1.31639,1.31751,1.31602,1.31626,5339.4
1327585500000,1.31628,1.3171,1.31594,1.31689,3952.4
1327586400000,1.3169,1.31706,1.31559,1.31574,3912.74
1327587300000,1.31576,1.31718,1.31505,1.31716,3579.76
1327588200000,1.31716,1.31725,1.31466,1.31534,4503.67
1327589100000,1.31536,1.31707,1.31456,1.31645,5352.37
1327590000000,1.31645,1.31795,1.3162,1.31655,4971.31
1327590900000,1.31655,1.31697,1.3151,1.31535,4503.85
1327591800000,1.31534,1.31581,1.31347,1.31367,4603.69
1327592700000,1.31366,1.31582,1.31366,1.31575,4527.52
1327593600000,1.31579,1.3164,1.31531,1.31583,4351.87
1327594500000,1.31583,1.3161,1.31527,1.3161,3294.94
1327595400000,1.31611,1.31659,1.31517,1.31521,3407.14
1327596300000,1.31522,1.31614,1.31482,1.31518,3259.15
1327597200000,1.31517,1.31525,1.31453,1.31468,3239.98
1327598100000,1.31469,1.31476,1.31358,1.31404,3029.07
1327599000000,1.31408,1.31467,1.31398,1.31416,2597.21
1327599900000,1.31418,1.31506,1.31416,1.31482,2757.82
1327600800000,1.3148,1.31517,1.3146,1.31504,2603.85
1327601700000,1.31504,1.31525,1.31377,1.31393,2326.93
1327602600000,1.31392,1.31406,1.31058,1.31058,3739.58
1327603500000,1.31059,1.31141,1.31039,1.31059,3517.25
1327604400000,1.31059,1.31117,1.31043,1.31063,2575.37
1327605300000,1.31063,1.31069,1.3095,1.31021,3089.55
1327606200000,1.31021,1.31073,1.30965,1.3098,2686.12
1327607100000,1.30982,1.31107,1.30982,1.31083,2670.21
1327608000000,1.31081,1.31081,1.30984,1.31049,2860.77
1327608900000,1.31049,1.3106,1.3099,1.3099,2328.34
1327609800000,1.30991,1.31058,1.30986,1.31051,2390.2
1327610700000,1.31051,1.31069,1.3099,1.31023,1839.15
1327611600000,1.31022,1.31059,1.30989,1.30999,1552.23
1327612500000,1.30999,1.31041,1.30991,1.31031,862.37
1327613400000,1.31031,1.31049,1.31025,1.31033,960.93
1327614300000,1.31034,1.31082,1.31027,1.3108,976.41
1327615200000,1.31079,1.31081,1.31037,1.31043,175.91
1327616100000,1.31044,1.3106,1.31021,1.31052,683.86
1327617000000,1.31052,1.31085,1.31027,1.3108,677.58
1327617900000,1.31077,1.31082,1.31031,1.31044,787.05
1327618800000,1.31044,1.31092,1.31039,1.31084,1081.12
1327619700000,1.31084,1.31105,1.3106,1.31088,989.37
1327620600000,1.31088,1.31093,1.31032,1.3105,1049.47
1327621500000,1.3105,1.31064,1.30893,1.30895,2023.92
1327622400000,1.30879,1.30955,1.30859,1.30914,2388
1327623300000,1.30914,1.30914,1.30776,1.30794,2927.48
1327624200000,1.30796,1.3085,1.30774,1.30841,2020.29
1327625100000,1.30844,1.30857,1.308,1.30808,1993.91
1327626000000,1.30811,1.30893,1.30811,1.30876,1914.69
1327626900000,1.30876,1.30876,1.30823,1.30863,1834.42
1327627800000,1.30864,1.30945,1.30859,1.30923,1920.57
1327628700000,1.30923,1.31029,1.30923,1.30988,2148.3
1327629600000,1.3099,1.31028,1.30965,1.30983,1829.03
1327630500000,1.30983,1.31021,1.30964,1.31021,1653.85
1327631400000,1.31023,1.3104,1.30982,1.31038,1561.77
1327632300000,1.31038,1.31087,1.31034,1.31057,2150.35
1327633200000,1.31057,1.31188,1.31057,1.31112,2251.12
1327634100000,1.31112,1.31174,1.31108,1.31138,1383.52
1327635000000,1.31139,1.31141,1.31031,1.31055,1464.25
1327635900000,1.31055,1.31075,1.31023,1.31042,1210.21
1327636800000,1.31043,1.31111,1.31031,1.31061,2651.46
1327637700000,1.31061,1.31065,1.30988,1.31051,2445.59
1327638600000,1.31051,1.31051,1.30957,1.31028,2325.7
1327639500000,1.31028,1.31031,1.30964,1.31031,1885.9
1327640400000,1.31033,1.31101,1.31025,1.31092,2049.4
1327641300000,1.31092,1.31126,1.31023,1.31025,1616.41
1327642200000,1.31024,1.3105,1.31002,1.31044,1295.33
1327643100000,1.31044,1.31055,1.31012,1.31019,1146.54
1327644000000,1.3102,1.31021,1.30921,1.31006,2681.87
1327644900000,1.31009,1.3105,1.30967,1.31011,2345.83
1327645800000,1.31011,1.31083,1.3101,1.31083,2133.56
1327646700000,1.31083,1.31169,1.31079,1.31123,2867.18
1327647600000,1.31123,1.31123,1.31031,1.31044,2749.14
1327648500000,1.31043,1.31089,1.30972,1.31013,2871.2
1327649400000,1.31009,1.31105,1.30985,1.31054,2396.87
1327650300000,1.31055,1.31079,1.30812,1.30879,3068.72
1327651200000,1.30878,1.30954,1.30833,1.30931,4407.5
1327652100000,1.30931,1.31024,1.30895,1.30933,3663.9
1327653000000,1.30932,1.31148,1.30916,1.31055,4247.64
1327653900000,1.31055,1.31073,1.30942,1.30959,3293.74
1327654800000,1.30959,1.3105,1.3081,1.31017,4342.42
1327655700000,1.3102,1.31145,1.31002,1.31101,4028.73
1327656600000,1.31101,1.31138,1.30883,1.31042,4180.02
1327657500000,1.31045,1.3134,1.31045,1.3126,4824.01
1327658400000,1.31262,1.3149,1.31224,1.31415,4656.66
1327659300000,1.31415,1.3147,1.3135,1.31372,3793.61
1327660200000,1.31373,1.31511,1.31363,1.31472,3943.65
1327661100000,1.31471,1.31591,1.31374,1.31584,4420.39
1327662000000,1.31584,1.31596,1.31459,1.31459,3588.36
1327662900000,1.31458,1.31528,1.31438,1.31502,2574.84
1327663800000,1.31503,1.31503,1.31408,1.31457,2847.15
1327664700000,1.31455,1.31466,1.31315,1.31367,3343.48
1327665600000,1.31366,1.31429,1.31337,1.31423,2897.98
1327666500000,1.31424,1.31459,1.31381,1.31416,2376.47
1327667400000,1.31416,1.3154,1.314,1.31516,2863.38
1327668300000,1.31516,1.31536,1.31436,1.31463,2726.01
1327669200000,1.31461,1.31473,1.31368,1.31452,3709.85
1327670100000,1.31452,1.3146,1.3133,1.31339,3097.2
1327671000000,1.31344,1.31433,1.31107,1.31107,5448.69
1327671900000,1.31108,1.31171,1.3093,1.30984,4984.72
1327672800000,1.30984,1.3115,1.30969,1.31068,3909.07
1327673700000,1.31068,1.31156,1.30999,1.31054,4098.11
1327674600000,1.31052,1.31444,1.31035,1.31367,5469.32
1327675500000,1.31367,1.31463,1.31297,1.31337,4419.63
1327676400000,1.31334,1.31354,1.31107,1.31136,4284.15
1327677300000,1.31136,1.31268,1.31136,1.31221,3752.45
1327678200000,1.31221,1.31302,1.3112,1.31165,4276.66
1327679100000,1.31165,1.31311,1.31104,1.31311,3917.67
1327680000000,1.3131,1.31453,1.31297,1.31368,4240.33
1327680900000,1.31367,1.3181,1.31366,1.31764,4511.54
1327681800000,1.31763,1.31764,1.31565,1.3165,3531.43
1327682700000,1.31648,1.31923,1.31641,1.31918,4198.33
1327683600000,1.31918,1.31944,1.31837,1.3185,3515.33
1327684500000,1.31851,1.3194,1.31801,1.31829,3573.35
1327685400000,1.31829,1.31918,1.31808,1.31914,2386.48
1327686300000,1.31913,1.31996,1.31704,1.31722,4014.94
1327687200000,1.31723,1.32056,1.31678,1.31963,4057.01
1327688100000,1.31963,1.32025,1.31883,1.31912,3130.4
1327689000000,1.31912,1.32174,1.319,1.32122,3811.09
1327689900000,1.32122,1.32195,1.32067,1.32089,3399.23
1327690800000,1.32089,1.32137,1.32035,1.32048,2609.78
1327691700000,1.32047,1.32081,1.32006,1.32064,2545.79
1327692600000,1.32063,1.32153,1.32058,1.32098,2428.4
1327693500000,1.32099,1.32111,1.32045,1.32054,2674.69
1327694400000,1.32055,1.32139,1.32053,1.32138,1926.36
1327695300000,1.32139,1.32189,1.32118,1.32129,2025.97
1327696200000,1.32132,1.32172,1.32076,1.32152,1644.84
1327697100000,1.32153,1.32184,1.32086,1.3218,1719.4
1327698000000,1.3218,1.32266,1.32179,1.32251,2210.04
1327698900000,1.32252,1.32304,1.32243,1.32249,1672.63
1327699800000,1.3225,1.32282,1.32241,1.32258,2196.07
1327700700000,1.32257,1.32257,1.3215,1.32158,2294.45
1327874400000,1.32192,1.32254,1.32176,1.32176,208.39
1327875300000,1.32174,1.3218,1.32075,1.32083,621.77
1327876200000,1.32083,1.32133,1.32065,1.32117,652.51
1327877100000,1.32117,1.32141,1.32117,1.32124,726.73
1327878000000,1.3213,1.3215,1.3208,1.32127,1204.11
1327878900000,1.3213,1.32207,1.32118,1.32145,1086.54
1327879800000,1.32146,1.32163,1.32107,1.32145,1025.78
1327880700000,1.32145,1.32145,1.32055,1.32058,1395.02
1327881600000,1.32068,1.32097,1.32029,1.32053,1420.86
1327882500000,1.32053,1.32055,1.319,1.31919,2454.18
1327883400000,1.31923,1.3201,1.31913,1.31988,2129.71
1327884300000,1.3199,1.31997,1.31904,1.31933,2349.16
1327885200000,1.31933,1.31935,1.31847,1.3185,2512.7
1327886100000,1.3185,1.31925,1.3184,1.31845,2318.5
1327887000000,1.31845,1.31862,1.3174,1.31765,2326.52
1327887900000,1.31769,1.3186,1.31753,1.31844,1937.13
1327888800000,1.31846,1.31854,1.31735,1.31762,2313.96
1327889700000,1.31762,1.31828,1.31759,1.31802,1965.58
1327890600000,1.31802,1.31853,1.31791,1.31838,1842.26
1327891500000,1.31833,1.3188,1.31828,1.31865,1068.61
1327892400000,1.31865,1.31905,1.31848,1.31873,1594.39
1327893300000,1.31874,1.31973,1.31872,1.31948,1885.29
1327894200000,1.31948,1.31948,1.31838,1.31838,1808.16
1327895100000,1.31837,1.31859,1.31802,1.31854,1193.27
1327896000000,1.31851,1.31857,1.31789,1.31841,1367.38
1327896900000,1.31841,1.31841,1.31724,1.31756,1424.34
1327897800000,1.31756,1.31756,1.31704,1.31743,1598.24
1327898700000,1.31743,1.31793,1.31735,1.31771,1245.32
1327899600000,1.31771,1.31812,1.31771,1.31798,1171.53
1327900500000,1.31798,1.318,1.31754,1.3177,1133.25
1327901400000,1.31772,1.31796,1.31727,1.31748,1676.65
1327902300000,1.31748,1.31761,1.31697,1.31697,1432.94
1327903200000,1.31695,1.31784,1.31663,1.31695,2372.65
1327904100000,1.31695,1.31727,1.31664,1.31704,1999.98
1327905000000,1.31704,1.31734,1.3165,1.31668,2187.58
1327905900000,1.31668,1.3169,1.31455,1.31472,3258.14
1327906800000,1.31472,1.31603,1.31472,1.31532,2964.24
1327907700000,1.31532,1.31572,1.31368,1.31447,3664.49
1327908600000,1.31448,1.31628,1.31441,1.31623,4086.11
1327909500000,1.31625,1.31679,1.31535,1.31568,3516.2
1327910400000,1.31568,1.316,1.31458,1.31583,4424.29
1327911300000,1.31583,1.31634,1.31526,1.31561,4436.59
1327912200000,1.31561,1.31635,1.31498,1.3155,4136.51
1327913100000,1.31548,1.31569,1.31452,1.31457,3964.02
1327914000000,1.31461,1.31487,1.313,1.31349,4648.04
1327914900000,1.31348,1.31434,1.31286,1.31427,4010.05
1327915800000,1.31427,1.31429,1.31306,1.3131,4161.15
1327916700000,1.31309,1.31332,1.3122,1.3131,4030.65
1327917600000,1.3131,1.31331,1.3119,1.312,3383.06
1327918500000,1.312,1.3129,1.31115,1.31286,4132.96
1327919400000,1.31286,1.31341,1.31246,1.31287,3925.72
1327920300000,1.31284,1.31311,1.31221,1.31248,4223.57
1327921200000,1.31249,1.31287,1.3111,1.3112,4006.22
1327922100000,1.31121,1.31234,1.31097,1.31226,3280.86
1327923000000,1.31226,1.31312,1.31189,1.31257,3926.42
1327923900000,1.31258,1.31287,1.31215,1.31258,3618.73
1327924800000,1.31258,1.3127,1.31184,1.31187,3533.28
1327925700000,1.31187,1.31216,1.3113,1.3116,3607.44
1327926600000,1.3116,1.31169,1.3105,1.31136,4622.69
1327927500000,1.3114,1.31209,1.31124,1.31133,3934.18
1327928400000,1.31132,1.31164,1.3107,1.31098,4346.47
1327929300000,1.31097,1.31111,1.31017,1.31061,4671.76
1327930200000,1.31058,1.31169,1.30885,1.30955,5618.91
1327931100000,1.30956,1.31018,1.30823,1.30832,4799
1327932000000,1.30834,1.30912,1.30791,1.30908,4945.44
1327932900000,1.30907,1.30968,1.30885,1.3093,4729.54
1327933800000,1.30929,1.31039,1.30871,1.31011,5501.03
1327934700000,1.31011,1.31106,1.30933,1.31087,5882.77
1327935600000,1.31091,1.31103,1.3094,1.30983,5383.24
1327936500000,1.30983,1.3114,1.30965,1.31014,4688.33
1327937400000,1.31015,1.31126,1.31009,1.31088,4385.67
1327938300000,1.3109,1.31139,1.31058,1.31129,3902.95
1327939200000,1.31132,1.31187,1.3102,1.31027,4662.83
1327940100000,1.3103,1.31032,1.30944,1.30991,4204.31
1327941000000,1.30991,1.31087,1.30968,1.31071,2833.39
1327941900000,1.31072,1.31229,1.31043,1.31217,3739.64
1327942800000,1.31216,1.31368,1.31181,1.31236,3965.68
1327943700000,1.31236,1.31287,1.3122,1.31279,3667.6
1327944600000,1.31279,1.31294,1.31205,1.3123,3035.36
1327945500000,1.3123,1.31317,1.31218,1.3127,3345.11
1327946400000,1.3127,1.31283,1.31125,1.31163,2903.9
1327947300000,1.31163,1.31197,1.31146,1.31197,2528.82
1327948200000,1.31196,1.31294,1.31192,1.31291,2850.81
1327949100000,1.31291,1.31298,1.31223,1.31242,2520.96
1327950000000,1.31246,1.31249,1.31187,1.31204,2588.34
1327950900000,1.31203,1.31243,1.31197,1.31237,2384.68
1327951800000,1.31234,1.31266,1.3122,1.31259,2039.58
1327952700000,1.31259,1.31284,1.31194,1.31241,2277.22
1327953600000,1.31241,1.31286,1.31234,1.31264,2169.19
1327954500000,1.31264,1.31306,1.31255,1.31278,1758.75
1327955400000,1.31278,1.31307,1.3113,1.312,2966.78
1327956300000,1.31201,1.31356,1.31175,1.31293,2868.35
1327957200000,1.31289,1.31299,1.31258,1.31287,1970.61
1327958100000,1.31287,1.31364,1.31261,1.31358,2369.27
1327959000000,1.31358,1.31374,1.31333,1.31352,1708.01
1327959900000,1.31352,1.31445,1.31346,1.31429,1775.61
1327960800000,1.3143,1.31451,1.31409,1.31418,350.55
1327961700000,1.31418,1.31433,1.31389,1.31407,440.56
1327962600000,1.31407,1.31419,1.31381,1.3139,569.96
1327963500000,1.31389,1.31413,1.31382,1.31402,753.78
1327964400000,1.31403,1.31409,1.31357,1.31358,1093.81
1327965300000,1.31358,1.31381,1.3134,1.31341,1242.29
1327966200000,1.31343,1.3139,1.31341,1.31387,1150.27
1327967100000,1.31387,1.31401,1.31376,1.3138,1553.99
1327968000000,1.3138,1.31419,1.31339,1.31349,3048.54
1327968900000,1.31349,1.31471,1.31342,1.31442,2566.45
1327969800000,1.31442,1.31545,1.3144,1.31505,2432.43
1327970700000,1.31503,1.31607,1.31486,1.3159,2574.54
1327971600000,1.31589,1.31685,1.31548,1.3164,2974.91
1327972500000,1.31641,1.31663,1.31589,1.31608,2305.27
1327973400000,1.31607,1.3163,1.31567,1.3157,2085.22
1327974300000,1.31571,1.31617,1.31564,1.31598,2320.61
1327975200000,1.31598,1.31631,1.31568,1.3161,1856.14
1327976100000,1.31612,1.31708,1.31596,1.31684,2183.51
1327977000000,1.31681,1.31833,1.3165,1.31786,3480.64
1327977900000,1.31785,1.31932,1.31783,1.31867,3288.69
1327978800000,1.31867,1.31974,1.31861,1.31933,2459.95
1327979700000,1.31933,1.31953,1.31892,1.31892,2541.02
1327980600000,1.3189,1.31892,1.31826,1.31871,1944.17
1327981500000,1.31869,1.3189,1.31834,1.31868,1748.09
1327982400000,1.31866,1.31891,1.31831,1.31878,1401
1327983300000,1.31878,1.31883,1.31839,1.31845,1481.71
1327984200000,1.31846,1.31937,1.31846,1.31937,2064.22
1327985100000,1.31938,1.31963,1.3191,1.31918,1768.93
1327986000000,1.31918,1.3193,1.3185,1.31873,1682.5
1327986900000,1.31871,1.31885,1.31825,1.31828,1774.98
1327987800000,1.31828,1.31881,1.31825,1.31856,2101.92
1327988700000,1.31856,1.31972,1.3185,1.31953,2249.24
1327989600000,1.31954,1.31954,1.31856,1.31923,2629.09
1327990500000,1.31923,1.3197,1.31843,1.31908,2879.66
1327991400000,1.31909,1.3193,1.31742,1.31747,2957.27
1327992300000,1.31747,1.31775,1.31707,1.31767,3266.74
1327993200000,1.31766,1.31845,1.31752,1.31816,3024.58
1327994100000,1.31818,1.31903,1.31799,1.31834,3853.93
1327995000000,1.31834,1.31858,1.3165,1.3166,3737.62
1327995900000,1.31664,1.3174,1.31609,1.31625,4062.46
1327996800000,1.31624,1.3179,1.3162,1.31746,4836.04
1327997700000,1.31744,1.3186,1.31645,1.31837,4961.16
1327998600000,1.31837,1.31875,1.31748,1.31799,4279.29
1327999500000,1.31798,1.31921,1.31756,1.31908,4164.17
1328000400000,1.31906,1.32123,1.31892,1.32056,5426.43
1328001300000,1.32056,1.32123,1.3194,1.31953,4804.26
1328002200000,1.31952,1.32018,1.31913,1.3192,3621.98
1328003100000,1.31918,1.31979,1.31876,1.31947,3285.23
1328004000000,1.31947,1.31984,1.31827,1.31827,3358.06
1328004900000,1.31827,1.31895,1.31778,1.31875,3429.04
1328005800000,1.31875,1.31941,1.31849,1.31855,3564.89
1328006700000,1.31855,1.3206,1.31855,1.32013,4197.75
1328007600000,1.32014,1.32076,1.31962,1.32012,3781.47
1328008500000,1.3201,1.3201,1.31859,1.31918,4014.33
1328009400000,1.31919,1.32014,1.3188,1.31936,4864.81
1328010300000,1.31936,1.31941,1.31771,1.31774,3302.13
1328011200000,1.31774,1.31891,1.31773,1.31891,3824.67
1328012100000,1.31891,1.31912,1.31783,1.31817,3664.16
1328013000000,1.31817,1.31901,1.31806,1.31884,3363.47
1328013900000,1.31883,1.31908,1.31818,1.31824,3156.74
1328014800000,1.31825,1.31827,1.31728,1.31759,4389.35
1328015700000,1.3176,1.31785,1.31717,1.31773,3877.11
1328016600000,1.31773,1.31806,1.31656,1.31695,4118.16
1328017500000,1.31695,1.31769,1.31643,1.3172,3924.23
1328018400000,1.31717,1.31814,1.31691,1.3178,4018.9
1328019300000,1.3178,1.31787,1.31615,1.31663,4553.67
1328020200000,1.31662,1.31668,1.31353,1.31375,5856.23
1328021100000,1.31376,1.3144,1.31308,1.31414,4740.2
1328022000000,1.31413,1.31413,1.31146,1.31245,5984.93
1328022900000,1.31243,1.31326,1.31182,1.31286,5010.57
1328023800000,1.31287,1.31296,1.3104,1.31089,5329.7
1328024700000,1.31087,1.31088,1.30849,1.30899,5948.21
1328025600000,1.30899,1.31061,1.30652,1.30692,6269.02
1328026500000,1.30692,1.30872,1.30689,1.30795,4994.26
1328027400000,1.30793,1.30794,1.30645,1.30704,4390.77
1328028300000,1.30706,1.30736,1.30431,1.30524,4283.87
1328029200000,1.30521,1.30637,1.30509,1.30636,3056
1328030100000,1.30635,1.3073,1.30617,1.30718,3009.48
1328031000000,1.30718,1.30748,1.30611,1.30619,2717.33
1328031900000,1.30616,1.30711,1.30612,1.30708,2152.92
1328032800000,1.30706,1.30867,1.30679,1.30852,3014.93
1328033700000,1.30851,1.30853,1.30792,1.30808,2815.54
1328034600000,1.30809,1.30836,1.30742,1.30821,2789.8
1328035500000,1.30821,1.30832,1.30756,1.30766,2754.4
1328036400000,1.30768,1.30803,1.30647,1.30739,2824.15
1328037300000,1.30739,1.30836,1.3073,1.30823,2823.05
1328038200000,1.30823,1.30846,1.30793,1.30795,2515.25
1328039100000,1.30797,1.30846,1.30753,1.30827,3239.17
1328040000000,1.30827,1.30925,1.30815,1.30911,3342.44
1328040900000,1.30911,1.30911,1.30813,1.30877,2158.48
1328041800000,1.30877,1.3089,1.30821,1.3087,2586.36
1328042700000,1.30867,1.30889,1.30792,1.30793,2643
1328043600000,1.30797,1.30812,1.30749,1.30792,1512.83
1328044500000,1.30792,1.30793,1.30771,1.3078,843.42
1328045400000,1.3078,1.30812,1.30776,1.30812,855.57
1328046300000,1.30813,1.30859,1.30801,1.30831,1178.83
1328047200000,1.3083,1.3084,1.30807,1.30816,153.72
1328048100000,1.30818,1.30863,1.30776,1.30835,915.9
1328049000000,1.30835,1.30893,1.30835,1.30875,1932
1328049900000,1.30875,1.309,1.30865,1.30894,1121.46
1328050800000,1.3089,1.30899,1.30857,1.30877,1214.98
1328051700000,1.30877,1.30891,1.30859,1.30871,1511.37
1328052600000,1.30871,1.3088,1.30817,1.30873,1489.93
1328053500000,1.30871,1.30874,1.30714,1.30754,1882.19
