timestamp,open,high,low,close,volume
1696194000000,1.05672,1.05721,1.05652,1.05685,207600000
1696194900000,1.0569,1.05707,1.05668,1.05675,121050000
1696195800000,1.05675,1.05681,1.05645,1.05645,253620000
1696196700000,1.05645,1.05686,1.05633,1.05673,701860000
1696197600000,1.05676,1.05713,1.05616,1.05664,2151490000
1696198500000,1.05665,1.05692,1.05629,1.05634,792110000
1696199400000,1.05635,1.05639,1.05583,1.05591,1223300000
1696200300000,1.05592,1.05613,1.05578,1.0559,1379520000
1696201200000,1.05591,1.05603,1.05578,1.05591,1923970000
1696202100000,1.05591,1.05615,1.05591,1.0561,499620000
1696203000000,1.0561,1.05633,1.05582,1.05627,1036600000
1696203900000,1.05626,1.05647,1.05624,1.0564,2003540000
1696204800000,1.05641,1.05669,1.05623,1.05645,2776720000
1696205700000,1.05644,1.05676,1.05628,1.05662,1164410000
1696206600000,1.05665,1.05682,1.05633,1.05656,1273980000
1696207500000,1.05657,1.05659,1.05631,1.05641,1323910000
1696208400000,1.05641,1.05681,1.0564,1.05661,1533420000
1696209300000,1.0566,1.05686,1.05646,1.05675,1587090000
1696210200000,1.05676,1.05703,1.05666,1.05692,837060000
1696211100000,1.05695,1.05697,1.05678,1.05678,1145280000
1696212000000,1.05678,1.05703,1.05678,1.05681,956030000
1696212900000,1.05682,1.05693,1.05678,1.05681,1055420000
1696213800000,1.05682,1.05707,1.0568,1.05695,1510040000
1696214700000,1.05695,1.05698,1.05678,1.0568,1772110000
1696215600000,1.05679,1.05688,1.05678,1.05687,1291750000
1696216500000,1.05686,1.05692,1.0568,1.05682,699090000
1696217400000,1.05683,1.05702,1.05679,1.05692,1047750000
1696218300000,1.05691,1.05698,1.05678,1.05698,1418750000
1696219200000,1.05697,1.05711,1.0569,1.05709,567180000
1696220100000,1.05708,1.05708,1.05692,1.05701,455130000
1696221000000,1.057,1.057,1.05679,1.05692,958060000
1696221900000,1.05692,1.05702,1.05681,1.05686,938790000
1696222800000,1.05687,1.05693,1.05668,1.05677,955680000
1696223700000,1.05678,1.05683,1.05661,1.05673,943820000
1696224600000,1.05673,1.05678,1.05624,1.05626,1411540000
1696225500000,1.05625,1.05625,1.05601,1.05616,1524870000
1696226400000,1.05617,1.05658,1.05609,1.05631,3059840000
1696227300000,1.0563,1.05687,1.05619,1.05685,3014520000
1696228200000,1.05686,1.05754,1.05681,1.05738,2661670000
1696229100000,1.05737,1.05897,1.05715,1.05895,8716700000
1696230000000,1.05896,1.05919,1.05822,1.05824,8616750000
1696230900000,1.05825,1.05855,1.05787,1.05835,4524460000
1696231800000,1.05836,1.0588,1.05755,1.05755,3919310000
1696232700000,1.05756,1.0578,1.05712,1.05722,4996460000
1696233600000,1.05721,1.0578,1.05707,1.0572,3719670000
1696234500000,1.05718,1.05718,1.05616,1.05671,3210070000
1696235400000,1.0567,1.05681,1.05626,1.05645,2655710000
1696236300000,1.05645,1.05654,1.05599,1.05621,2445440000
1696237200000,1.05619,1.05626,1.05525,1.05587,3881430000
1696238100000,1.05587,1.05591,1.05475,1.05481,3700180000
1696239000000,1.05479,1.05489,1.05402,1.05433,4392850000
1696239900000,1.05435,1.05453,1.05347,1.0539,5398100000
1696240800000,1.05388,1.05411,1.05359,1.05381,4183410000
1696241700000,1.05382,1.05407,1.05355,1.05359,2659950000
1696242600000,1.05358,1.05404,1.05337,1.05387,1770200000
1696243500000,1.05387,1.05437,1.05375,1.05395,2732470000
1696244400000,1.05396,1.05401,1.05314,1.05344,2308940000
1696245300000,1.05344,1.05377,1.05315,1.05356,3598520000
1696246200000,1.05356,1.05424,1.05347,1.05369,3598310000
1696247100000,1.05372,1.05377,1.05301,1.05313,3956380000
1696248000000,1.05313,1.05341,1.05274,1.05316,4163800000
1696248900000,1.05317,1.05375,1.05285,1.05347,6336920000
1696249800000,1.05346,1.05355,1.05304,1.05331,5429440000
1696250700000,1.05333,1.05337,1.05248,1.05294,5352770000
1696251600000,1.05293,1.05325,1.05241,1.05314,4247270000
1696252500000,1.05313,1.05317,1.05229,1.0523,5329460000
1696253400000,1.05229,1.05268,1.05211,1.05249,8431710000
1696254300000,1.05236,1.05236,1.0515,1.0516,11569920000
1696255200000,1.0516,1.05275,1.04978,1.04986,11582480000
1696256100000,1.04985,1.05162,1.04985,1.05112,9955510000
1696257000000,1.05113,1.05127,1.04923,1.04969,8822470000
1696257900000,1.0497,1.04978,1.04922,1.04954,7424870000
1696258800000,1.04955,1.05063,1.04955,1.05047,6921180000
1696259700000,1.05047,1.05126,1.05047,1.05096,5537320000
1696260600000,1.05095,1.05123,1.05024,1.05063,5913810000
1696261500000,1.05063,1.05065,1.04978,1.04988,3807930000
1696262400000,1.04989,1.04993,1.04911,1.04956,3488310000
1696263300000,1.04956,1.04986,1.04938,1.04956,3235080000
1696264200000,1.04954,1.04956,1.04901,1.04929,2844520000
1696265100000,1.04929,1.04937,1.04883,1.04892,3101250000
1696266000000,1.04892,1.04978,1.0489,1.04966,2988180000
1696266900000,1.04967,1.05041,1.04967,1.05035,2586630000
1696267800000,1.05036,1.05051,1.04976,1.04993,2846090000
1696268700000,1.04991,1.05012,1.04955,1.04957,1866250000
1696269600000,1.04956,1.05023,1.04938,1.05023,2353090000
1696270500000,1.05021,1.05021,1.04921,1.04926,1945000000
1696271400000,1.04925,1.04953,1.04906,1.04915,1595640000
1696272300000,1.04914,1.04946,1.04905,1.04925,2111350000
1696273200000,1.04925,1.0494,1.04895,1.04896,3749900000
1696274100000,1.04896,1.04907,1.04879,1.04886,3267110000
1696275000000,1.04884,1.049,1.04859,1.04866,1558370000
1696275900000,1.04865,1.04884,1.04807,1.04809,3016120000
1696276800000,1.04806,1.04827,1.048,1.04808,1213370000
1696277700000,1.04809,1.04821,1.048,1.048,514060000
1696278600000,1.04798,1.04801,1.04779,1.04789,699720000
1696279500000,1.04789,1.04799,1.04769,1.04769,1523820000
1696280400000,1.04769,1.04794,1.04767,1.04783,497240000
1696281300000,1.04783,1.04787,1.04778,1.04783,120420000
1696282200000,1.04782,1.04787,1.04779,1.04783,208190000
1696283100000,1.04784,1.04793,1.0478,1.04791,132870000
1696284000000,1.04796,1.04813,1.04768,1.04812,601390000
1696284900000,1.04813,1.04827,1.04806,1.04824,833420000
1696285800000,1.04823,1.04825,1.04795,1.0481,681940000
1696286700000,1.0481,1.0481,1.04764,1.04766,519120000
1696287600000,1.04767,1.04789,1.04759,1.04773,1220240000
1696288500000,1.04775,1.04775,1.04752,1.0476,1043360000
1696289400000,1.04761,1.04791,1.0476,1.04789,1039070000
1696290300000,1.04792,1.04827,1.04789,1.04798,1166580000
1696291200000,1.04798,1.04803,1.04647,1.04729,3964570000
1696292100000,1.04732,1.04745,1.04679,1.04681,2730930000
1696293000000,1.04685,1.0472,1.04673,1.04715,1568190000
1696293900000,1.04713,1.04746,1.04706,1.04723,2039520000
1696294800000,1.04724,1.04747,1.04677,1.04679,1346370000
1696295700000,1.0468,1.04745,1.04676,1.04706,1849730000
1696296600000,1.04706,1.04741,1.04693,1.04728,2297400000
1696297500000,1.04726,1.04742,1.04696,1.04712,1657920000
1696298400000,1.04713,1.04713,1.04676,1.04702,2025560000
1696299300000,1.047,1.04704,1.04643,1.04643,1453850000
1696300200000,1.04643,1.04665,1.04638,1.04656,1461170000
1696301100000,1.04656,1.04692,1.04656,1.04665,1073610000
1696302000000,1.04665,1.04696,1.04657,1.04687,806160000
1696302900000,1.04684,1.04684,1.04655,1.04676,1378600000
1696303800000,1.04676,1.04706,1.0465,1.04697,1671200000
1696304700000,1.047,1.047,1.04671,1.04683,825980000
1696305600000,1.04683,1.04703,1.04645,1.04645,1079980000
1696306500000,1.04644,1.0466,1.04598,1.04611,1806550000
1696307400000,1.04613,1.04662,1.0461,1.04651,1449420000
1696308300000,1.04651,1.04655,1.04615,1.04632,1319870000
1696309200000,1.04632,1.04651,1.04617,1.04634,2032080000
1696310100000,1.04633,1.04657,1.04629,1.04647,2042830000
1696311000000,1.04645,1.04662,1.04623,1.04637,2367550000
1696311900000,1.04638,1.0466,1.04607,1.04657,2437290000
1696312800000,1.04657,1.04677,1.04623,1.04676,3728380000
1696313700000,1.04677,1.04702,1.04641,1.04688,3611410000
1696314600000,1.04685,1.04717,1.04654,1.0471,3763350000
1696315500000,1.0471,1.04746,1.04682,1.04728,3241870000
1696316400000,1.04729,1.04788,1.04713,1.04773,3784700000
1696317300000,1.04771,1.04797,1.04701,1.0471,4067210000
1696318200000,1.04709,1.04807,1.04689,1.04807,3367280000
1696319100000,1.04807,1.04842,1.04789,1.04824,2821960000
1696320000000,1.04823,1.04896,1.04784,1.04881,4457660000
1696320900000,1.04879,1.04933,1.04857,1.04863,3112680000
1696321800000,1.04863,1.04877,1.04828,1.04829,3345930000
1696322700000,1.04828,1.04886,1.04812,1.04853,3179080000
1696323600000,1.04853,1.04869,1.04803,1.04846,3019980000
1696324500000,1.04846,1.04874,1.0483,1.04848,2619650000
1696325400000,1.04847,1.04909,1.04833,1.04889,2613700000
1696326300000,1.04889,1.04912,1.0483,1.04839,3041730000
1696327200000,1.04838,1.04854,1.04818,1.04834,2535850000
1696328100000,1.04834,1.04839,1.04793,1.048,3155530000
1696329000000,1.048,1.04826,1.04764,1.04817,3758240000
1696329900000,1.04818,1.04848,1.04754,1.04759,3055690000
1696330800000,1.04758,1.04779,1.04692,1.04722,3226030000
1696331700000,1.04724,1.0475,1.04698,1.04739,3897360000
1696332600000,1.04736,1.04815,1.04736,1.04789,3288380000
1696333500000,1.04786,1.04788,1.04708,1.04735,3927920000
1696334400000,1.04735,1.04757,1.04675,1.04757,4723230000
1696335300000,1.04758,1.04787,1.04683,1.0476,5059010000
1696336200000,1.0476,1.0476,1.0462,1.04659,5050960000
1696337100000,1.04658,1.04713,1.0463,1.04661,5164680000
1696338000000,1.04661,1.04759,1.04639,1.047,4149880000
1696338900000,1.04699,1.04733,1.04693,1.04699,4333140000
1696339800000,1.04697,1.04831,1.04664,1.04813,7866700000
1696340700000,1.04812,1.04857,1.04758,1.04808,10238230000
1696341600000,1.04808,1.04813,1.04497,1.04759,21512530000
1696342500000,1.04758,1.04827,1.04617,1.04662,18705760000
1696343400000,1.0466,1.04826,1.0464,1.04805,14240510000
1696344300000,1.04804,1.0482,1.04662,1.04756,10486050000
1696345200000,1.04756,1.04757,1.04613,1.04643,12430140000
1696346100000,1.04644,1.04662,1.04577,1.04598,7426120000
1696347000000,1.04598,1.04643,1.04519,1.0453,5893900000
1696347900000,1.04529,1.04559,1.04483,1.04525,3777830000
1696348800000,1.04524,1.04637,1.04518,1.04609,4621820000
1696349700000,1.04608,1.04724,1.04589,1.04724,5006110000
1696350600000,1.04724,1.04724,1.04631,1.04634,3572020000
1696351500000,1.04635,1.04651,1.04586,1.04623,4491260000
1696352400000,1.04622,1.04687,1.04621,1.04666,3499310000
1696353300000,1.04665,1.04749,1.04664,1.04733,2483780000
1696354200000,1.04733,1.04733,1.04664,1.04671,2530990000
1696355100000,1.0467,1.04707,1.04635,1.04691,3695980000
1696356000000,1.0469,1.04724,1.0463,1.04646,2584410000
1696356900000,1.04645,1.04676,1.04595,1.04674,2230450000
1696357800000,1.04674,1.04776,1.04669,1.04772,1603420000
1696358700000,1.04771,1.04795,1.04742,1.04746,1766690000
1696359600000,1.04748,1.04774,1.04705,1.04769,1651020000
1696360500000,1.04768,1.04785,1.04732,1.04737,1741290000
1696361400000,1.04737,1.04749,1.04706,1.04738,1157770000
1696362300000,1.04737,1.04747,1.04713,1.04714,1544570000
1696363200000,1.04715,1.04735,1.0469,1.04697,1149000000
1696364100000,1.04697,1.04705,1.0468,1.0468,495080000
1696365000000,1.0468,1.04691,1.04646,1.0465,596640000
1696365900000,1.04651,1.04668,1.04647,1.04658,1193650000
1696366800000,1.04656,1.04688,1.04656,1.04661,150620000
1696367700000,1.04661,1.04661,1.04651,1.04652,59260000
1696368600000,1.04653,1.04665,1.04637,1.04644,167400000
1696369500000,1.04646,1.04655,1.04638,1.04642,114720000
1696370400000,1.04647,1.04675,1.04644,1.04672,568220000
1696371300000,1.04673,1.04679,1.04664,1.0467,768160000
1696372200000,1.04669,1.04671,1.0465,1.0467,501270000
1696373100000,1.0467,1.04673,1.04641,1.04645,615400000
1696374000000,1.04646,1.04651,1.0463,1.04649,1329230000
1696374900000,1.0465,1.04665,1.04639,1.0466,702070000
1696375800000,1.0466,1.04696,1.04659,1.04695,764950000
1696376700000,1.04696,1.04696,1.0468,1.04686,762070000
1696377600000,1.04684,1.04699,1.04655,1.04686,1537530000
1696378500000,1.04686,1.04732,1.04682,1.04701,1617290000
1696379400000,1.04702,1.04754,1.04702,1.0473,977340000
1696380300000,1.0473,1.04755,1.04702,1.04713,1568310000
1696381200000,1.04713,1.04718,1.04668,1.04687,2041700000
1696382100000,1.04686,1.04706,1.04673,1.04692,1662190000
1696383000000,1.04692,1.04692,1.04602,1.04641,4006750000
1696383900000,1.04642,1.04687,1.04638,1.04668,1301310000
1696384800000,1.0467,1.04682,1.0464,1.04661,1607770000
1696385700000,1.04662,1.04675,1.04648,1.04648,1858280000
1696386600000,1.04647,1.04647,1.04621,1.04637,956180000
1696387500000,1.04638,1.04642,1.04598,1.04634,1506270000
1696388400000,1.04632,1.04665,1.04631,1.04663,868860000
1696389300000,1.0466,1.0466,1.04627,1.04627,734730000
1696390200000,1.04629,1.04638,1.04596,1.04602,848500000
1696391100000,1.04603,1.04603,1.0457,1.04592,1473830000
1696392000000,1.04593,1.04625,1.04581,1.04624,907400000
1696392900000,1.04624,1.04637,1.04607,1.04621,603770000
1696393800000,1.04622,1.04657,1.04622,1.04643,974620000
1696394700000,1.04643,1.04699,1.04643,1.04699,2024660000
1696395600000,1.04701,1.04708,1.04676,1.04698,1591490000
1696396500000,1.04697,1.04708,1.04679,1.04703,1497060000
1696397400000,1.04706,1.04739,1.04687,1.04699,1359520000
1696398300000,1.04697,1.04711,1.04668,1.04681,2117940000
1696399200000,1.04682,1.04693,1.04641,1.04648,3279710000
1696400100000,1.04647,1.04653,1.04558,1.04561,3319160000
1696401000000,1.04562,1.04595,1.04543,1.04595,2258940000
1696401900000,1.04595,1.04613,1.04542,1.04604,2247860000
1696402800000,1.04604,1.04651,1.04514,1.04649,5297130000
1696403700000,1.04652,1.04717,1.04628,1.04699,4795610000
1696404600000,1.04698,1.04834,1.04687,1.04824,5737040000
1696405500000,1.04824,1.04853,1.0477,1.04846,5826950000
1696406400000,1.04846,1.04882,1.04791,1.04857,4819780000
1696407300000,1.04856,1.04887,1.04825,1.04837,5150580000
1696408200000,1.0484,1.04877,1.04805,1.04863,4097170000
1696409100000,1.04864,1.04883,1.04818,1.0486,3333660000
1696410000000,1.04861,1.04968,1.04847,1.04959,4889410000
1696410900000,1.04958,1.05015,1.04907,1.0494,3147640000
1696411800000,1.04941,1.04971,1.04892,1.04953,2530490000
1696412700000,1.04951,1.0504,1.0495,1.04983,3221000000
1696413600000,1.04983,1.05085,1.04955,1.05081,4173430000
1696414500000,1.05081,1.05115,1.05068,1.05099,2816120000
1696415400000,1.05098,1.05099,1.05023,1.05035,2929530000
1696416300000,1.05035,1.05039,1.04998,1.05032,3640100000
1696417200000,1.05033,1.05164,1.05029,1.05155,3309710000
1696418100000,1.05155,1.0516,1.05063,1.05098,4774370000
1696419000000,1.05097,1.05097,1.0504,1.05067,3177090000
1696419900000,1.05068,1.051,1.04978,1.0498,5434570000
1696420800000,1.04979,1.0503,1.04962,1.04981,4635870000
1696421700000,1.04979,1.05235,1.04975,1.05136,15940740000
1696422600000,1.05137,1.05265,1.05109,1.05249,10154660000
1696423500000,1.05249,1.05321,1.05231,1.05252,7661340000
1696424400000,1.05251,1.05258,1.05197,1.05227,6879500000
1696425300000,1.05227,1.05244,1.05115,1.05152,7754500000
1696426200000,1.05152,1.05174,1.05103,1.0513,11137160000
1696427100000,1.0513,1.05137,1.05052,1.05072,10167570000
1696428000000,1.05072,1.05118,1.04904,1.04964,17517650000
1696428900000,1.04965,1.04972,1.04829,1.04845,9589700000
1696429800000,1.04847,1.04998,1.04846,1.04955,7921880000
1696430700000,1.04954,1.04964,1.04864,1.04927,7560580000
1696431600000,1.04927,1.05055,1.04901,1.05035,8260640000
1696432500000,1.05034,1.05163,1.05031,1.05141,6251210000
1696433400000,1.05141,1.05178,1.05108,1.05133,5705000000
1696434300000,1.05134,1.05199,1.05128,1.05176,6085230000
1696435200000,1.05178,1.05213,1.05135,1.05175,3434650000
1696436100000,1.05173,1.05199,1.05143,1.05158,2760000000
1696437000000,1.05158,1.05217,1.05123,1.05123,2619440000
1696437900000,1.05124,1.05163,1.0511,1.05123,6099770000
1696438800000,1.05121,1.0513,1.05067,1.05075,2817770000
1696439700000,1.05076,1.05108,1.05017,1.05022,3719260000
1696440600000,1.05022,1.05057,1.05009,1.05036,3668590000
1696441500000,1.05037,1.05051,1.05018,1.05029,3127620000
1696442400000,1.05027,1.05028,1.04978,1.05026,3523680000
1696443300000,1.05026,1.05067,1.05012,1.05033,2169830000
1696444200000,1.05033,1.05057,1.05001,1.05032,3149350000
1696445100000,1.0503,1.05068,1.04996,1.05031,3238050000
1696446000000,1.05032,1.05114,1.05017,1.0511,1839020000
1696446900000,1.0511,1.05149,1.05104,1.05132,1590590000
1696447800000,1.05133,1.05194,1.05112,1.05178,2430120000
1696448700000,1.05177,1.05179,1.05135,1.05154,2983240000
1696449600000,1.05152,1.0516,1.05103,1.05104,1239990000
1696450500000,1.05105,1.05118,1.05099,1.05114,1224190000
1696451400000,1.05113,1.05114,1.05028,1.05059,1118660000
1696452300000,1.05059,1.05062,1.05033,1.05033,1801900000
1696453200000,1.05033,1.05067,1.0503,1.05063,260700000
1696454100000,1.05064,1.05065,1.05043,1.05054,149400000
1696455000000,1.05054,1.05061,1.0505,1.05055,640350000
1696455900000,1.05056,1.05065,1.05046,1.05065,283500000
1696456800000,1.05066,1.05085,1.05062,1.05079,519280000
1696457700000,1.0508,1.05085,1.05074,1.05079,244550000
1696458600000,1.05078,1.05083,1.05058,1.05059,404600000
1696459500000,1.05059,1.05065,1.05053,1.05062,349020000
1696460400000,1.05063,1.05068,1.05052,1.05054,893830000
1696461300000,1.05053,1.0508,1.05052,1.05079,407260000
1696462200000,1.05079,1.05091,1.05062,1.05067,488870000
1696463100000,1.05067,1.05073,1.05061,1.05069,907650000
1696464000000,1.05068,1.05068,1.05031,1.05041,1269230000
1696464900000,1.05041,1.05062,1.05022,1.05038,967300000
1696465800000,1.05039,1.05133,1.05039,1.05132,2025530000
1696466700000,1.05133,1.0522,1.05118,1.05202,2684580000
1696467600000,1.05201,1.05287,1.052,1.05278,3227170000
1696468500000,1.05278,1.05279,1.05218,1.05218,2641690000
1696469400000,1.05216,1.05251,1.05202,1.05251,2117290000
1696470300000,1.05251,1.05288,1.05213,1.05285,2278850000
1696471200000,1.05286,1.05288,1.05234,1.05265,1810360000
1696472100000,1.05268,1.05272,1.05224,1.05234,1543930000
1696473000000,1.05235,1.05235,1.05208,1.05212,1511770000
1696473900000,1.05211,1.05243,1.05211,1.05231,1072180000
1696474800000,1.0523,1.05258,1.05213,1.05254,1168220000
1696475700000,1.05254,1.05268,1.05226,1.05246,1231760000
1696476600000,1.05245,1.05282,1.05244,1.05275,1625080000
1696477500000,1.05273,1.05284,1.05243,1.0525,979090000
1696478400000,1.05249,1.05263,1.05243,1.05251,1351530000
1696479300000,1.05251,1.05253,1.05223,1.05236,972770000
1696480200000,1.05237,1.05241,1.05217,1.05226,768970000
1696481100000,1.05226,1.05235,1.05205,1.05205,958220000
1696482000000,1.05207,1.05235,1.05202,1.05234,947270000
1696482900000,1.05235,1.0526,1.05228,1.05254,1159830000
1696483800000,1.05255,1.05256,1.05218,1.05222,1245640000
1696484700000,1.05221,1.0523,1.05165,1.05173,2032970000
1696485600000,1.05174,1.05209,1.05117,1.05124,4320260000
1696486500000,1.05125,1.05145,1.05101,1.05143,2629530000
1696487400000,1.05143,1.05156,1.05084,1.05094,2154050000
1696488300000,1.05097,1.05097,1.05047,1.0507,1953820000
1696489200000,1.05069,1.05123,1.05047,1.05082,3455320000
1696490100000,1.0508,1.05107,1.05014,1.05057,3911280000
1696491000000,1.05057,1.05145,1.05052,1.05129,4395060000
1696491900000,1.0513,1.05142,1.05082,1.05087,4487920000
1696492800000,1.05087,1.05202,1.05065,1.05128,4976010000
1696493700000,1.05127,1.05163,1.05113,1.05136,2991140000
1696494600000,1.05135,1.05157,1.05109,1.05118,3625230000
1696495500000,1.0512,1.05142,1.05027,1.05041,3329260000
1696496400000,1.05042,1.05146,1.05032,1.05136,4331620000
1696497300000,1.05139,1.05163,1.05118,1.05128,4793930000
1696498200000,1.05128,1.05133,1.05055,1.05107,2798560000
1696499100000,1.05108,1.05121,1.05075,1.05077,2575890000
1696500000000,1.05078,1.05085,1.05051,1.05084,2353700000
1696500900000,1.05083,1.05152,1.05051,1.05148,3446030000
1696501800000,1.05148,1.05202,1.05144,1.05199,3760910000
1696502700000,1.05199,1.0523,1.05167,1.0519,3862880000
1696503600000,1.05189,1.05206,1.05111,1.05147,2735890000
1696504500000,1.05146,1.05204,1.05133,1.05169,2587520000
1696505400000,1.05169,1.05245,1.05152,1.05239,2906930000
1696506300000,1.05239,1.05252,1.05206,1.05236,3901720000
1696507200000,1.05237,1.05297,1.05209,1.05233,4337840000
1696508100000,1.05232,1.05264,1.05145,1.05171,7095730000
1696509000000,1.05174,1.05177,1.05,1.05049,12406750000
1696509900000,1.05049,1.05175,1.05035,1.05147,8812480000
1696510800000,1.05147,1.05218,1.0511,1.05116,8158110000
1696511700000,1.05117,1.0528,1.0508,1.05278,7475680000
1696512600000,1.0528,1.05319,1.05174,1.05188,9942560000
1696513500000,1.05187,1.05305,1.05146,1.05252,9796200000
1696514400000,1.05252,1.05252,1.05126,1.05198,7320400000
1696515300000,1.05199,1.05331,1.05174,1.05277,6958480000
1696516200000,1.05277,1.05294,1.05171,1.05214,7125430000
1696517100000,1.05213,1.05325,1.05175,1.05301,8041460000
1696518000000,1.05302,1.05312,1.05203,1.05252,7121820000
1696518900000,1.05253,1.05295,1.05222,1.05272,5612640000
1696519800000,1.05273,1.05373,1.0527,1.0529,6707110000
1696520700000,1.0529,1.05319,1.0524,1.05257,7234030000
1696521600000,1.05257,1.05345,1.0524,1.05341,6138070000
1696522500000,1.0534,1.05388,1.05311,1.05386,4526140000
1696523400000,1.05386,1.05399,1.05348,1.05362,3378830000
1696524300000,1.05361,1.05362,1.05309,1.05359,2772620000
1696525200000,1.05359,1.05373,1.0529,1.05335,2394490000
1696526100000,1.05336,1.0536,1.05313,1.05358,2510540000
1696527000000,1.05358,1.05398,1.05314,1.05373,2617370000
1696527900000,1.05373,1.05381,1.05358,1.05377,1553210000
1696528800000,1.05379,1.05446,1.05379,1.05414,3057690000
1696529700000,1.05415,1.05465,1.05411,1.05465,1902600000
1696530600000,1.05466,1.05494,1.05435,1.05453,1937780000
1696531500000,1.05451,1.05515,1.05443,1.05508,2273750000
1696532400000,1.05507,1.05507,1.05464,1.05489,1953440000
1696533300000,1.05487,1.05487,1.05447,1.05462,2062500000
1696534200000,1.05461,1.05489,1.05451,1.05481,1469910000
1696535100000,1.05481,1.05515,1.05473,1.05495,1694690000
1696536000000,1.05495,1.05518,1.05482,1.05483,636710000
1696536900000,1.05483,1.05503,1.05479,1.05502,623010000
1696537800000,1.05501,1.05506,1.05496,1.05505,864180000
1696538700000,1.05505,1.05512,1.05492,1.05492,1785630000
1696539600000,1.05475,1.05489,1.05451,1.05464,247990000
1696540500000,1.05462,1.05483,1.0545,1.05467,732690000
1696541400000,1.05468,1.05495,1.05464,1.05484,1399050000
1696542300000,1.05485,1.05492,1.05479,1.05483,497850000
1696543200000,1.05483,1.05506,1.05481,1.05493,490860000
1696544100000,1.05493,1.05497,1.05481,1.05482,198110000
1696545000000,1.05482,1.0549,1.05481,1.05485,187760000
1696545900000,1.05485,1.05491,1.05479,1.05481,486450000
1696546800000,1.0548,1.05484,1.05471,1.05472,503070000
1696547700000,1.05472,1.05482,1.05469,1.05474,275320000
1696548600000,1.05476,1.05478,1.0547,1.05471,583760000
1696549500000,1.05472,1.05477,1.05461,1.05462,691140000
1696550400000,1.05463,1.05479,1.05441,1.05469,1390390000
1696551300000,1.05468,1.05472,1.05421,1.05435,1754420000
1696552200000,1.05434,1.05454,1.05428,1.05452,1295110000
1696553100000,1.05451,1.05473,1.05411,1.05415,2262460000
1696554000000,1.05416,1.05422,1.05391,1.05392,2363730000
1696554900000,1.05392,1.05412,1.05381,1.05401,1897910000
1696555800000,1.05402,1.05445,1.05394,1.05417,2035450000
1696556700000,1.05416,1.05432,1.05396,1.05431,1734980000
1696557600000,1.0543,1.05432,1.05413,1.05426,1507200000
1696558500000,1.05426,1.05445,1.05415,1.05434,1122510000
1696559400000,1.05432,1.05463,1.05426,1.05442,893770000
1696560300000,1.0544,1.05473,1.05436,1.05448,1609430000
1696561200000,1.05448,1.05453,1.05433,1.05447,1665840000
1696562100000,1.05446,1.05463,1.05443,1.05449,804540000
1696563000000,1.05451,1.05451,1.05414,1.05426,841910000
1696563900000,1.05426,1.05433,1.05403,1.05423,1202080000
1696564800000,1.05424,1.05425,1.05406,1.05414,815290000
1696565700000,1.05415,1.05442,1.05415,1.05441,1116890000
1696566600000,1.05442,1.05444,1.05421,1.05428,683360000
1696567500000,1.05428,1.0543,1.05398,1.05404,585930000
1696568400000,1.05403,1.05417,1.05399,1.05412,1156480000
1696569300000,1.05413,1.05417,1.05386,1.05393,1138740000
1696570200000,1.05394,1.05403,1.05364,1.05366,2085410000
1696571100000,1.05366,1.05372,1.05334,1.0535,1720180000
1696572000000,1.05349,1.05401,1.0534,1.05386,3034700000
1696572900000,1.05388,1.05402,1.05343,1.05353,2062700000
1696573800000,1.05355,1.05366,1.0532,1.05334,2319070000
1696574700000,1.05333,1.05357,1.05314,1.05346,2170040000
1696575600000,1.05345,1.05432,1.0534,1.05428,4820750000
1696576500000,1.05429,1.05452,1.05377,1.0543,4480660000
1696577400000,1.05432,1.05498,1.0543,1.05455,5445300000
1696578300000,1.05456,1.0551,1.05424,1.05497,5270340000
1696579200000,1.05497,1.05522,1.05469,1.05474,6542470000
1696580100000,1.05475,1.05503,1.05449,1.05471,5155500000
1696581000000,1.05473,1.05492,1.05421,1.05489,3751260000
1696581900000,1.05489,1.05532,1.05453,1.05482,2919050000
1696582800000,1.05482,1.05538,1.05457,1.05513,3962200000
1696583700000,1.05514,1.05522,1.05476,1.05484,3041700000
1696584600000,1.05483,1.05576,1.05483,1.05542,2801720000
1696585500000,1.05543,1.05549,1.05514,1.05527,2326650000
1696586400000,1.05526,1.0562,1.05526,1.05603,3239350000
1696587300000,1.05602,1.0561,1.05572,1.05586,2429710000
1696588200000,1.05586,1.05633,1.0558,1.05624,1767640000
1696589100000,1.05627,1.05631,1.05534,1.05547,2895470000
1696590000000,1.05545,1.05547,1.05504,1.05506,2734310000
1696590900000,1.05508,1.05567,1.05506,1.05548,2262300000
1696591800000,1.05547,1.05586,1.05524,1.05585,2594520000
1696592700000,1.05587,1.05672,1.05583,1.0566,3217160000
1696593600000,1.0566,1.05684,1.05585,1.05585,5217700000
1696594500000,1.05586,1.05636,1.05534,1.05535,5952730000
1696595400000,1.05535,1.05585,1.05011,1.05076,24347330000
1696596300000,1.05076,1.0508,1.04824,1.04962,16564030000
1696597200000,1.04965,1.05098,1.04883,1.05047,17209760000
1696598100000,1.05047,1.05227,1.05044,1.05105,11666930000
1696599000000,1.05106,1.05176,1.05015,1.05123,16629210000
1696599900000,1.05122,1.05168,1.05012,1.05118,11829170000
1696600800000,1.05121,1.05177,1.0505,1.05156,10776120000
1696601700000,1.05156,1.05344,1.05122,1.05335,10721140000
1696602600000,1.05334,1.05554,1.05334,1.05523,14727190000
1696603500000,1.05521,1.05544,1.05359,1.05376,10017130000
1696604400000,1.05377,1.05647,1.0536,1.05627,8314250000
1696605300000,1.05626,1.05923,1.05599,1.05883,10136820000
1696606200000,1.05885,1.05999,1.05838,1.05931,10212040000
1696607100000,1.05933,1.05993,1.05875,1.05946,7522530000
1696608000000,1.05945,1.05953,1.05805,1.05819,11638120000
1696608900000,1.05818,1.05836,1.05755,1.05802,16735370000
1696609800000,1.05802,1.05854,1.05763,1.05839,7119770000
1696610700000,1.05838,1.05869,1.05783,1.05791,5114090000
1696611600000,1.0579,1.05874,1.05771,1.05872,3340960000
1696612500000,1.05873,1.05924,1.05844,1.05877,2516080000
1696613400000,1.05879,1.05887,1.05814,1.05817,2457410000
1696614300000,1.05817,1.05885,1.05801,1.05881,1764000000
1696615200000,1.05882,1.05952,1.0587,1.0594,1331460000
1696616100000,1.05939,1.05982,1.05899,1.05977,2202080000
1696617000000,1.05977,1.05996,1.05953,1.05969,1758020000
1696617900000,1.05971,1.0599,1.05903,1.05933,2378410000
1696618800000,1.05934,1.05937,1.05887,1.05905,2348260000
1696619700000,1.05903,1.05942,1.05892,1.05942,2071060000
1696620600000,1.05942,1.05961,1.05924,1.05933,1660060000
1696621500000,1.05933,1.0596,1.0589,1.05897,1818150000
1696622400000,1.05897,1.05897,1.05847,1.05849,1696230000
1696623300000,1.05848,1.05856,1.05826,1.05844,1437220000
1696624200000,1.05843,1.05864,1.05843,1.0586,1021170000
1696625100000,1.05859,1.05868,1.05823,1.05828,2045400000
1696798800000,1.05529,1.05551,1.05504,1.05519,305190000
1696799700000,1.05519,1.05583,1.05496,1.05497,242550000
1696800600000,1.05497,1.05509,1.05494,1.05505,119250000
1696801500000,1.05505,1.05568,1.05505,1.0555,555880000
1696802400000,1.05545,1.0563,1.05501,1.05515,2805140000
1696803300000,1.05515,1.05573,1.05511,1.05528,1667230000
1696804200000,1.05527,1.05577,1.05519,1.05548,1813770000
1696805100000,1.05551,1.05587,1.05538,1.0558,1201310000
1696806000000,1.05581,1.05634,1.05581,1.05624,2533550000
1696806900000,1.05624,1.05664,1.05624,1.05639,562690000
1696807800000,1.05636,1.05673,1.05612,1.05672,512010000
1696808700000,1.05674,1.05682,1.05629,1.05661,503440000
1696809600000,1.05662,1.05693,1.0562,1.05624,918740000
1696810500000,1.0563,1.05681,1.0563,1.0566,1465240000
1696811400000,1.05661,1.05693,1.05637,1.05683,627630000
1696812300000,1.05687,1.05742,1.05684,1.05736,812400000
1696813200000,1.05734,1.05741,1.05601,1.05613,1710600000
1696814100000,1.05613,1.05645,1.05611,1.05638,831660000
1696815000000,1.05641,1.05641,1.05568,1.05598,989660000
1696815900000,1.05598,1.05634,1.0559,1.05631,656310000
1696816800000,1.05632,1.05634,1.05587,1.05632,655100000
1696817700000,1.05633,1.05655,1.05628,1.0564,643390000
1696818600000,1.05641,1.05643,1.05609,1.05618,723000000
1696819500000,1.05616,1.05627,1.056,1.05614,765470000
1696820400000,1.05612,1.05613,1.05559,1.05563,586540000
1696821300000,1.05561,1.05562,1.05537,1.05544,642230000
1696822200000,1.05544,1.05547,1.05523,1.05532,623110000
1696823100000,1.05531,1.05534,1.05515,1.05521,418230000
1696824000000,1.05522,1.05537,1.05494,1.05526,462880000
1696824900000,1.05527,1.05543,1.05523,1.05523,307090000
1696825800000,1.05526,1.05526,1.05497,1.05506,539470000
1696826700000,1.05504,1.05511,1.05478,1.055,752870000
1696827600000,1.05504,1.05542,1.05499,1.05522,579520000
1696828500000,1.05527,1.0554,1.05516,1.05532,324320000
1696829400000,1.05532,1.05568,1.05525,1.05535,793690000
1696830300000,1.05538,1.05552,1.05531,1.05536,877200000
1696831200000,1.05539,1.05585,1.05508,1.05554,1848510000
1696832100000,1.05553,1.05565,1.05439,1.05447,1806470000
1696833000000,1.05442,1.05451,1.054,1.05422,1945360000
1696833900000,1.05422,1.05434,1.05315,1.0537,2341880000
1696834800000,1.05371,1.05395,1.05288,1.05309,3196040000
1696835700000,1.05308,1.05377,1.05281,1.05362,2659850000
1696836600000,1.05361,1.0539,1.05231,1.05236,2957460000
1696837500000,1.05236,1.05267,1.05194,1.0523,1860350000
1696838400000,1.0523,1.05272,1.05203,1.05242,2143500000
1696839300000,1.0524,1.05295,1.05237,1.05276,1715480000
1696840200000,1.05277,1.05365,1.05266,1.05356,2880350000
1696841100000,1.05356,1.05417,1.05341,1.05416,3129130000
1696842000000,1.05416,1.05439,1.05388,1.05434,4426180000
1696842900000,1.05435,1.0545,1.05416,1.05422,3527360000
1696843800000,1.05421,1.05421,1.05334,1.05335,2757230000
1696844700000,1.05334,1.05352,1.05307,1.05335,2341620000
1696845600000,1.05335,1.05337,1.05289,1.05293,2627340000
1696846500000,1.05292,1.05304,1.05233,1.05259,2536630000
1696847400000,1.0526,1.05305,1.05244,1.05261,1656550000
1696848300000,1.05259,1.05293,1.05249,1.0528,2109770000
1696849200000,1.05281,1.05346,1.0528,1.05338,2827090000
1696850100000,1.05339,1.05361,1.05291,1.05355,1770560000
1696851000000,1.05354,1.05403,1.05315,1.05323,1736600000
1696851900000,1.05324,1.05332,1.05268,1.05282,2667250000
1696852800000,1.05281,1.05321,1.05267,1.05275,3505410000
1696853700000,1.05278,1.05324,1.05244,1.05301,5188230000
1696854600000,1.053,1.05329,1.05238,1.05239,3985390000
1696855500000,1.05239,1.0536,1.05224,1.0533,5545440000
1696856400000,1.05329,1.05494,1.05324,1.05415,11691250000
1696857300000,1.05415,1.05469,1.05374,1.05464,4952860000
1696858200000,1.05464,1.05533,1.0544,1.05511,7153020000
1696859100000,1.05511,1.05547,1.05487,1.0553,5722860000
1696860000000,1.05529,1.05576,1.05437,1.05488,7911890000
1696860900000,1.05488,1.05532,1.05475,1.05481,6815130000
1696861800000,1.0548,1.05513,1.0541,1.05456,7100940000
1696862700000,1.05457,1.05489,1.05374,1.05453,6916560000
1696863600000,1.05452,1.05528,1.05437,1.05482,4246100000
1696864500000,1.05481,1.05498,1.05432,1.05473,4235900000
1696865400000,1.05473,1.05491,1.05422,1.05438,2684680000
1696866300000,1.05437,1.05444,1.05391,1.05397,2938750000
1696867200000,1.05396,1.0544,1.05381,1.05382,3203660000
1696868100000,1.05381,1.05432,1.0536,1.05396,2259010000
1696869000000,1.05396,1.05416,1.05369,1.05372,1773800000
1696869900000,1.05373,1.05395,1.05344,1.05353,2785820000
1696870800000,1.05355,1.05386,1.05351,1.05371,5735840000
1696871700000,1.05371,1.05397,1.05366,1.05382,1534210000
1696872600000,1.05382,1.05615,1.05382,1.05612,2993510000
1696873500000,1.05613,1.05648,1.05601,1.05633,4725670000
1696874400000,1.05633,1.05674,1.05631,1.05668,2596110000
1696875300000,1.05669,1.05674,1.05649,1.05663,2127610000
1696876200000,1.05665,1.05669,1.0563,1.05653,2792860000
1696877100000,1.05653,1.05661,1.05601,1.05642,3512620000
1696878000000,1.05641,1.05696,1.05641,1.05685,2446080000
1696878900000,1.05685,1.05702,1.05679,1.05691,3088320000
1696879800000,1.05692,1.05692,1.05665,1.05682,2101340000
1696880700000,1.05683,1.05697,1.05673,1.05691,2689620000
1696881600000,1.05691,1.05722,1.05683,1.05696,1146070000
1696882500000,1.05696,1.05696,1.05676,1.05689,726980000
1696883400000,1.0569,1.05693,1.05649,1.05656,1720530000
1696884300000,1.05654,1.0567,1.05651,1.0566,1955550000
1696885200000,1.05659,1.05659,1.05606,1.05653,273480000
1696886100000,1.05655,1.05664,1.0565,1.05651,209250000
1696887000000,1.05652,1.05659,1.0565,1.05655,1733400000
1696887900000,1.05654,1.05672,1.05648,1.05654,6497720000
1696888800000,1.05654,1.05688,1.05649,1.05687,555300000
1696889700000,1.05691,1.0571,1.0569,1.05709,564060000
1696890600000,1.05709,1.05717,1.05704,1.05708,434190000
1696891500000,1.05707,1.05709,1.05686,1.05686,222700000
1696892400000,1.05686,1.05711,1.05678,1.05711,915590000
1696893300000,1.0571,1.05741,1.05708,1.0574,1246150000
1696894200000,1.05744,1.05796,1.0574,1.05784,1491540000
1696895100000,1.05783,1.05796,1.05774,1.05786,1178330000
1696896000000,1.05788,1.05836,1.05746,1.05758,3883610000
1696896900000,1.05758,1.0578,1.05707,1.0576,4499130000
1696897800000,1.05763,1.05765,1.05707,1.05718,4838410000
1696898700000,1.05718,1.05764,1.05709,1.05727,3915790000
1696899600000,1.05727,1.05743,1.05707,1.05737,4416480000
1696900500000,1.05738,1.05806,1.05738,1.05776,3905240000
1696901400000,1.05775,1.0579,1.05733,1.05734,4408820000
1696902300000,1.05733,1.05737,1.05705,1.05731,2240170000
1696903200000,1.05731,1.05769,1.05726,1.05748,1501850000
1696904100000,1.05748,1.05758,1.05709,1.05741,1806280000
1696905000000,1.0574,1.05755,1.05724,1.0575,2423950000
1696905900000,1.0575,1.0575,1.05665,1.0567,2440460000
1696906800000,1.05669,1.0569,1.0566,1.05677,1805290000
1696907700000,1.05677,1.05703,1.0566,1.05701,1651680000
1696908600000,1.057,1.057,1.05665,1.05689,1484320000
1696909500000,1.05688,1.05702,1.05674,1.05694,1636030000
1696910400000,1.05693,1.05693,1.05654,1.05656,1608250000
1696911300000,1.05656,1.05656,1.05638,1.05643,1637290000
1696912200000,1.05642,1.05654,1.05623,1.05624,1835790000
1696913100000,1.05625,1.05625,1.05605,1.05615,1980060000
1696914000000,1.05612,1.0562,1.05594,1.056,1591550000
1696914900000,1.056,1.05628,1.05588,1.05624,1347330000
1696915800000,1.05625,1.05668,1.05617,1.0565,2032770000
1696916700000,1.05649,1.05656,1.05609,1.05614,2581050000
1696917600000,1.05617,1.0569,1.05577,1.05596,6599870000
1696918500000,1.05597,1.05615,1.05565,1.05593,5653840000
1696919400000,1.05594,1.05594,1.05546,1.05572,4948480000
1696920300000,1.0557,1.05616,1.05554,1.05613,4536590000
1696921200000,1.05612,1.05663,1.0559,1.05617,7508180000
1696922100000,1.05616,1.05647,1.05542,1.05592,8589630000
1696923000000,1.05592,1.05694,1.05592,1.05664,6833020000
1696923900000,1.05663,1.05723,1.05633,1.05716,4108450000
1696924800000,1.05717,1.05858,1.05698,1.0582,5728750000
1696925700000,1.05821,1.05886,1.05754,1.05884,7805310000
1696926600000,1.05886,1.05992,1.05886,1.05983,7232440000
1696927500000,1.05983,1.06095,1.05979,1.06043,8351960000
1696928400000,1.06043,1.06051,1.05973,1.06001,7648420000
1696929300000,1.06001,1.0611,1.05993,1.06109,4010840000
1696930200000,1.06108,1.06108,1.06005,1.06034,5956210000
1696931100000,1.06035,1.06087,1.06015,1.0602,2919680000
1696932000000,1.06019,1.06046,1.05977,1.06013,5348710000
1696932900000,1.06015,1.0602,1.05946,1.05954,4053840000
1696933800000,1.05957,1.05995,1.05948,1.05979,3104470000
1696934700000,1.05979,1.0598,1.05908,1.05921,2174020000
1696935600000,1.05922,1.05922,1.05801,1.05846,4271450000
1696936500000,1.05847,1.05871,1.05792,1.05793,2727060000
1696937400000,1.05792,1.05832,1.05763,1.05777,3467370000
1696938300000,1.05778,1.05779,1.05718,1.05757,4689830000
1696939200000,1.05755,1.05832,1.05744,1.05828,5551260000
1696940100000,1.05828,1.05835,1.05742,1.0579,6477190000
1696941000000,1.05788,1.05897,1.05786,1.05868,6096530000
1696941900000,1.0587,1.05953,1.05859,1.05934,7819270000
1696942800000,1.05932,1.0595,1.05847,1.05945,7867900000
1696943700000,1.05946,1.05968,1.0587,1.05919,8073220000
1696944600000,1.0592,1.05959,1.05884,1.05891,11792530000
1696945500000,1.05891,1.05946,1.05854,1.05941,6656940000
1696946400000,1.05942,1.06064,1.05942,1.06044,8539800000
1696947300000,1.06044,1.06064,1.05967,1.06029,8219200000
1696948200000,1.0603,1.06053,1.05935,1.05939,7256930000
1696949100000,1.0594,1.05978,1.05892,1.05972,5124380000
1696950000000,1.0597,1.06045,1.0596,1.06011,6029130000
1696950900000,1.06011,1.06067,1.0599,1.06014,7344290000
1696951800000,1.06012,1.06112,1.06002,1.06087,6015990000
1696952700000,1.06087,1.06195,1.06063,1.0617,4847990000
1696953600000,1.0617,1.06198,1.06152,1.06161,4668600000
1696954500000,1.06163,1.06166,1.06093,1.0614,4866040000
1696955400000,1.06141,1.06182,1.06124,1.06164,3277200000
1696956300000,1.06165,1.06188,1.06142,1.06171,3268490000
1696957200000,1.0617,1.06184,1.06023,1.06025,5818340000
1696958100000,1.06024,1.06075,1.05989,1.0602,4421000000
1696959000000,1.0602,1.06035,1.05969,1.05974,4586310000
1696959900000,1.05975,1.06013,1.05933,1.05948,3992980000
1696960800000,1.05948,1.05972,1.05924,1.05926,3010810000
1696961700000,1.05928,1.05976,1.05925,1.05965,3282220000
1696962600000,1.05965,1.05987,1.05937,1.05985,2858720000
1696963500000,1.05985,1.0601,1.05964,1.05986,3542750000
1696964400000,1.05986,1.06009,1.05952,1.05966,2896690000
1696965300000,1.05965,1.05999,1.05938,1.05992,2993000000
1696966200000,1.05992,1.06032,1.05987,1.06028,1987390000
1696967100000,1.06029,1.06063,1.06029,1.06046,1781140000
1696968000000,1.06048,1.06053,1.0603,1.06051,942600000
1696968900000,1.06051,1.06063,1.06026,1.06057,488190000
1696969800000,1.06056,1.06064,1.0602,1.06052,968930000
1696970700000,1.06049,1.06062,1.06042,1.06048,1939770000
1696971600000,1.06047,1.06051,1.05998,1.0605,645210000
1696972500000,1.06049,1.06064,1.06026,1.0606,215100000
1696973400000,1.0606,1.06063,1.06039,1.06046,180240000
1696974300000,1.06046,1.06056,1.06046,1.0605,2810250000
1696975200000,1.0605,1.06067,1.06028,1.06067,229320000
1696976100000,1.06066,1.06068,1.06042,1.06046,306020000
1696977000000,1.06045,1.06057,1.06045,1.06048,405980000
1696977900000,1.06047,1.06055,1.06044,1.06052,516320000
1696978800000,1.06052,1.0609,1.06041,1.06087,2066400000
1696979700000,1.06088,1.06096,1.06075,1.06076,1010260000
1696980600000,1.06075,1.06076,1.06053,1.06057,239700000
1696981500000,1.06055,1.06057,1.06034,1.06042,687720000
1696982400000,1.06043,1.06096,1.06043,1.06075,2705380000
1696983300000,1.06077,1.06101,1.06054,1.06092,1808800000
1696984200000,1.06093,1.06142,1.06093,1.06132,1466000000
1696985100000,1.06132,1.06136,1.06087,1.06106,1743850000
1696986000000,1.06105,1.06123,1.06057,1.06076,1912970000
1696986900000,1.06077,1.06081,1.06015,1.06032,2650450000
1696987800000,1.06031,1.06038,1.06012,1.06037,2537750000
1696988700000,1.06038,1.06082,1.06036,1.0608,2068230000
1696989600000,1.06081,1.06082,1.06033,1.06049,2901390000
1696990500000,1.06048,1.06051,1.0602,1.06024,1741730000
1696991400000,1.06024,1.06093,1.06022,1.06093,1539880000
1696992300000,1.06093,1.06097,1.06072,1.06077,1149330000
1696993200000,1.06077,1.06081,1.06061,1.06068,1200840000
1696994100000,1.06068,1.06072,1.06038,1.06046,888810000
1696995000000,1.06044,1.06072,1.06036,1.06068,1126770000
1696995900000,1.06068,1.06068,1.06043,1.06047,1022820000
1696996800000,1.06047,1.06059,1.06045,1.06057,699660000
1696997700000,1.06056,1.06076,1.06044,1.06044,908800000
1696998600000,1.06046,1.06057,1.06032,1.06052,602970000
1696999500000,1.06052,1.06066,1.06026,1.06026,1174800000
1697000400000,1.06027,1.06055,1.06018,1.06048,1355950000
1697001300000,1.06048,1.06068,1.06039,1.06066,2235890000
1697002200000,1.06066,1.06103,1.06033,1.06038,1442580000
1697003100000,1.06038,1.06051,1.06005,1.06014,1851930000
1697004000000,1.06014,1.06031,1.05991,1.0602,2559740000
1697004900000,1.06019,1.06071,1.0601,1.06071,2118130000
1697005800000,1.06072,1.06133,1.06037,1.06118,2779350000
1697006700000,1.06118,1.06145,1.06088,1.06102,2885050000
1697007600000,1.06102,1.06114,1.06023,1.06092,6757010000
1697008500000,1.06091,1.06119,1.0605,1.06084,4573520000
1697009400000,1.06084,1.06283,1.06045,1.06217,6894960000
1697010300000,1.06218,1.06219,1.05953,1.05998,10976580000
1697011200000,1.05999,1.06033,1.05933,1.0596,8425620000
1697012100000,1.05961,1.06071,1.05957,1.06032,5058130000
1697013000000,1.06031,1.06119,1.05983,1.06114,4532350000
1697013900000,1.06114,1.06136,1.06074,1.06084,5413430000
1697014800000,1.06082,1.06118,1.06046,1.06059,3170010000
1697015700000,1.0606,1.06147,1.06051,1.06093,2572200000
1697016600000,1.06094,1.06123,1.06049,1.0611,3181530000
1697017500000,1.06111,1.06124,1.06044,1.06044,3457860000
1697018400000,1.06046,1.06065,1.05983,1.05985,4631470000
1697019300000,1.05985,1.06024,1.05976,1.06011,2878310000
1697020200000,1.06012,1.06039,1.05991,1.06021,3375700000
1697021100000,1.06021,1.06044,1.06003,1.06018,2744230000
1697022000000,1.06019,1.06087,1.06014,1.0602,3332350000
1697022900000,1.0602,1.06035,1.05964,1.05995,3090570000
1697023800000,1.05996,1.06041,1.05974,1.0601,2741180000
1697024700000,1.06011,1.06057,1.06,1.06039,3631350000
1697025600000,1.06038,1.06048,1.06,1.06029,6197450000
1697026500000,1.06032,1.06053,1.06007,1.06026,7279310000
1697027400000,1.06025,1.06041,1.05806,1.06027,13585120000
1697028300000,1.06026,1.06143,1.06017,1.06143,7314840000
1697029200000,1.06144,1.06183,1.06063,1.06083,9213940000
1697030100000,1.06082,1.06207,1.06072,1.0618,5888010000
1697031000000,1.06181,1.06207,1.06112,1.06143,8919940000
1697031900000,1.06144,1.06346,1.06132,1.06291,11199150000
1697032800000,1.0629,1.06344,1.06235,1.06238,11252650000
1697033700000,1.06237,1.0627,1.0621,1.06242,9648420000
1697034600000,1.06243,1.06293,1.06187,1.06278,10460290000
1697035500000,1.06281,1.06282,1.06183,1.06241,4820160000
1697036400000,1.06242,1.06245,1.06168,1.06187,4536560000
1697037300000,1.06187,1.06192,1.06101,1.06177,4185350000
1697038200000,1.06179,1.06233,1.06116,1.06133,4716840000
1697039100000,1.06136,1.06166,1.06121,1.06127,4457700000
1697040000000,1.06127,1.06128,1.06067,1.06099,5025770000
1697040900000,1.06099,1.06108,1.05995,1.06029,3654600000
1697041800000,1.0603,1.06072,1.06013,1.06069,2872070000
1697042700000,1.0607,1.06079,1.06035,1.06072,2104570000
1697043600000,1.0607,1.06097,1.0602,1.06072,3128450000
1697044500000,1.06071,1.06071,1.06001,1.06004,3325910000
1697045400000,1.06004,1.06004,1.0586,1.05898,4651550000
1697046300000,1.05898,1.05944,1.05849,1.05926,3626580000
1697047200000,1.05925,1.06007,1.05909,1.05934,8365400000
1697048100000,1.05935,1.05996,1.05928,1.05969,5029880000
1697049000000,1.05969,1.06044,1.05964,1.0603,2171480000
1697049900000,1.06029,1.06083,1.06019,1.06071,2185780000
1697050800000,1.06071,1.06124,1.0607,1.06117,1549340000
1697051700000,1.06119,1.06143,1.06083,1.0614,1586930000
1697052600000,1.06138,1.06158,1.06129,1.06133,1345530000
1697053500000,1.06133,1.06148,1.06117,1.06125,1633980000
1697054400000,1.06125,1.06179,1.06116,1.06179,636470000
1697055300000,1.06179,1.06202,1.06171,1.06194,385550000
1697056200000,1.06194,1.06202,1.06178,1.06184,492780000
1697057100000,1.06183,1.06194,1.06169,1.06194,1245210000
1697058000000,1.06188,1.06197,1.06127,1.06189,343890000
1697058900000,1.06189,1.06196,1.0617,1.06178,180900000
1697059800000,1.06177,1.06194,1.06167,1.06187,312090000
1697060700000,1.06186,1.06201,1.06185,1.06198,347810000
1697061600000,1.06197,1.06205,1.06185,1.06194,474640000
1697062500000,1.06196,1.06218,1.06196,1.06217,427890000
1697063400000,1.06216,1.06218,1.06197,1.06198,709430000
1697064300000,1.06199,1.06208,1.06186,1.0619,907500000
1697065200000,1.06191,1.06235,1.06187,1.06234,1104660000
1697066100000,1.06235,1.06253,1.06233,1.06243,437650000
1697067000000,1.06243,1.06256,1.06222,1.06231,751900000
1697067900000,1.06232,1.06241,1.0623,1.06234,1091530000
1697068800000,1.06234,1.06279,1.06219,1.06229,2165430000
1697069700000,1.06233,1.0625,1.06218,1.06226,776290000
1697070600000,1.06227,1.0623,1.06204,1.06229,912800000
1697071500000,1.06229,1.06244,1.06199,1.06224,1956040000
1697072400000,1.06224,1.0625,1.06213,1.06245,1510420000
1697073300000,1.06245,1.06266,1.06216,1.06219,2390340000
1697074200000,1.06218,1.06267,1.06202,1.06263,1948880000
1697075100000,1.06264,1.06267,1.06237,1.06246,1650890000
1697076000000,1.06246,1.0626,1.06227,1.06232,2010390000
1697076900000,1.06233,1.06256,1.06203,1.0622,1243610000
1697077800000,1.06222,1.0624,1.06221,1.06228,1248530000
1697078700000,1.06228,1.06239,1.0622,1.06238,833870000
1697079600000,1.06238,1.06252,1.06227,1.06239,1311110000
1697080500000,1.06238,1.06242,1.06208,1.06209,963270000
1697081400000,1.06208,1.06248,1.06208,1.0624,1182930000
1697082300000,1.0624,1.0629,1.0624,1.06287,746730000
1697083200000,1.06285,1.06305,1.06271,1.06297,898210000
1697084100000,1.06297,1.06308,1.06287,1.06288,682200000
1697085000000,1.06288,1.06299,1.06273,1.06294,1153260000
1697085900000,1.06293,1.06316,1.06283,1.06309,1385510000
1697086800000,1.06308,1.06336,1.06297,1.06333,1202850000
1697087700000,1.06332,1.06332,1.06299,1.06311,1924220000
1697088600000,1.0631,1.06324,1.063,1.06317,1695640000
1697089500000,1.06317,1.06331,1.06292,1.06311,2098350000
1697090400000,1.06311,1.06369,1.06286,1.06347,4120810000
1697091300000,1.06345,1.0636,1.06277,1.06296,2309270000
1697092200000,1.06296,1.06397,1.06289,1.06386,2888780000
1697093100000,1.06387,1.06387,1.06331,1.06356,2990010000
1697094000000,1.06355,1.06361,1.06302,1.06311,3908160000
1697094900000,1.0631,1.0631,1.06251,1.06253,2728350000
1697095800000,1.06253,1.06275,1.06235,1.06243,3020390000
1697096700000,1.06243,1.06264,1.062,1.062,2581970000
1697097600000,1.06201,1.06245,1.06193,1.06207,2923050000
1697098500000,1.0621,1.06268,1.06203,1.06257,2599810000
1697099400000,1.06257,1.06263,1.06212,1.06221,2220450000
1697100300000,1.06221,1.06265,1.06193,1.06263,2143110000
1697101200000,1.06264,1.06272,1.06236,1.0626,2977360000
1697102100000,1.06259,1.06272,1.06205,1.06212,1954290000
1697103000000,1.06211,1.06235,1.06171,1.06181,1916750000
1697103900000,1.06181,1.06199,1.0616,1.06181,2622210000
1697104800000,1.0618,1.06221,1.0617,1.06208,2176050000
1697105700000,1.06209,1.06267,1.06207,1.0621,1445280000
1697106600000,1.06209,1.06224,1.06183,1.06202,1217950000
1697107500000,1.06201,1.0621,1.06168,1.06185,1844080000
1697108400000,1.06186,1.06193,1.06132,1.06162,1858090000
1697109300000,1.06162,1.06194,1.06159,1.06192,2212690000
1697110200000,1.06192,1.062,1.06139,1.06184,2526040000
1697111100000,1.06185,1.062,1.0616,1.06195,2589760000
1697112000000,1.06194,1.06201,1.06159,1.06188,4214810000
1697112900000,1.06188,1.06255,1.06181,1.06244,4573050000
1697113800000,1.06243,1.06271,1.05719,1.05829,21924620000
1697114700000,1.05833,1.05936,1.05804,1.05816,15308770000
1697115600000,1.05816,1.05861,1.05708,1.05734,14197700000
1697116500000,1.05733,1.05777,1.05671,1.05724,10795840000
1697117400000,1.05722,1.05734,1.05537,1.05539,11193950000
1697118300000,1.05538,1.0557,1.05474,1.05495,9333400000
1697119200000,1.05494,1.05625,1.05471,1.05607,7908340000
1697120100000,1.05607,1.0562,1.05495,1.05526,5736150000
1697121000000,1.05526,1.05575,1.05444,1.05507,7302090000
1697121900000,1.05507,1.05575,1.05501,1.05555,5204600000
1697122800000,1.05556,1.056,1.0548,1.05582,6086630000
1697123700000,1.05581,1.05594,1.05454,1.05478,5291360000
1697124600000,1.05479,1.0555,1.0546,1.05536,3993480000
1697125500000,1.05535,1.05541,1.05454,1.05519,3256860000
1697126400000,1.05521,1.05608,1.05521,1.05569,3637720000
1697127300000,1.0557,1.05599,1.05529,1.05536,2375870000
1697128200000,1.05535,1.05564,1.0551,1.05544,1742950000
1697129100000,1.05545,1.05545,1.05462,1.05485,3068980000
1697130000000,1.05484,1.05492,1.05368,1.05399,7732190000
1697130900000,1.05399,1.05431,1.0535,1.05404,5265800000
1697131800000,1.05403,1.05434,1.0532,1.05334,4859130000
1697132700000,1.05334,1.05379,1.05326,1.05344,2162180000
1697133600000,1.05344,1.05354,1.05272,1.05296,3430920000
1697134500000,1.05296,1.05363,1.05279,1.0535,3204020000
1697135400000,1.0535,1.05369,1.05305,1.0533,3430480000
1697136300000,1.05329,1.05344,1.05257,1.05266,2047310000
1697137200000,1.05267,1.05325,1.05265,1.05291,2355650000
1697138100000,1.05291,1.05319,1.05286,1.05311,1364560000
1697139000000,1.05311,1.05339,1.053,1.053,1524400000
1697139900000,1.053,1.05309,1.05278,1.05306,1527870000
1697140800000,1.05308,1.05311,1.05285,1.05285,682200000
1697141700000,1.05285,1.05315,1.05281,1.05308,468910000
1697142600000,1.05309,1.05311,1.05276,1.05286,413300000
1697143500000,1.05288,1.05291,1.05275,1.05277,1397070000
1697144400000,1.05273,1.0531,1.05268,1.05281,375000000
1697145300000,1.05281,1.05293,1.05278,1.05281,214530000
1697146200000,1.05281,1.05295,1.05281,1.05292,440700000
1697147100000,1.05293,1.05304,1.05284,1.05304,822680000
1697148000000,1.05305,1.05317,1.05294,1.05315,285620000
1697148900000,1.05314,1.05319,1.05309,1.05311,249000000
1697149800000,1.05311,1.0532,1.05309,1.05316,662610000
1697150700000,1.05317,1.0532,1.05313,1.05314,1084260000
1697151600000,1.05314,1.05326,1.05307,1.05325,1241260000
1697152500000,1.05325,1.05344,1.05325,1.0534,607410000
1697153400000,1.05342,1.05354,1.05339,1.05345,890100000
1697154300000,1.05344,1.05374,1.0534,1.05355,806040000
1697155200000,1.05358,1.05392,1.05352,1.05361,1742680000
1697156100000,1.05363,1.05394,1.05361,1.05376,1310510000
1697157000000,1.05375,1.05391,1.05346,1.05346,902800000
1697157900000,1.05345,1.05395,1.05345,1.05389,1365540000
1697158800000,1.0539,1.05401,1.05375,1.05395,974900000
1697159700000,1.05394,1.0542,1.05389,1.0541,1745660000
1697160600000,1.0541,1.05419,1.05381,1.05415,2211670000
1697161500000,1.05416,1.05432,1.05408,1.05422,1617380000
1697162400000,1.05421,1.05442,1.054,1.05409,2118050000
1697163300000,1.05409,1.05436,1.05401,1.05404,2072760000
1697164200000,1.05408,1.05425,1.05403,1.05425,850180000
1697165100000,1.05426,1.05466,1.05425,1.0546,1833590000
1697166000000,1.0546,1.0548,1.05456,1.05457,1449360000
1697166900000,1.05456,1.05467,1.05434,1.05441,1425310000
1697167800000,1.05442,1.05444,1.05425,1.05431,829680000
1697168700000,1.05431,1.05457,1.05426,1.05455,930250000
1697169600000,1.05453,1.05457,1.05432,1.05453,1264860000
1697170500000,1.05452,1.05467,1.05448,1.05466,1051320000
1697171400000,1.05465,1.05482,1.05454,1.05479,1002060000
1697172300000,1.05478,1.05499,1.05473,1.05497,1370090000
1697173200000,1.05498,1.05508,1.05489,1.05505,1666040000
1697174100000,1.05504,1.05508,1.05474,1.05486,2595150000
1697175000000,1.05486,1.05495,1.05442,1.05442,2319170000
1697175900000,1.05442,1.05484,1.0544,1.05484,2574030000
1697176800000,1.05483,1.05484,1.05405,1.05412,3046370000
1697177700000,1.05412,1.05433,1.05377,1.0542,2210350000
1697178600000,1.05419,1.05438,1.05377,1.05413,2583590000
1697179500000,1.05412,1.05443,1.05333,1.05365,4017270000
1697180400000,1.05364,1.05419,1.05313,1.05401,5572710000
1697181300000,1.05401,1.05488,1.05364,1.05486,5858130000
1697182200000,1.05486,1.05519,1.05464,1.05505,5345060000
1697183100000,1.05505,1.05578,1.05497,1.05517,3657070000
1697184000000,1.05516,1.05584,1.05514,1.05545,4130560000
1697184900000,1.05547,1.05574,1.05521,1.05556,3503350000
1697185800000,1.05557,1.05579,1.05504,1.05532,4222120000
1697186700000,1.05531,1.05565,1.05516,1.05537,4401000000
1697187600000,1.05536,1.05548,1.05438,1.0544,5311930000
1697188500000,1.05439,1.05484,1.05432,1.05439,3817110000
1697189400000,1.05439,1.05443,1.05344,1.05352,4586620000
1697190300000,1.05351,1.05359,1.05278,1.05294,4658430000
1697191200000,1.05295,1.05307,1.0526,1.05282,1849480000
1697192100000,1.05283,1.05309,1.05209,1.05213,4927950000
1697193000000,1.05214,1.05238,1.05156,1.05194,4383510000
1697193900000,1.05196,1.05237,1.05174,1.05179,2827860000
1697194800000,1.05178,1.0519,1.05139,1.05186,3356160000
1697195700000,1.05187,1.05247,1.05152,1.05239,3664290000
1697196600000,1.05239,1.0526,1.05199,1.05218,2993180000
1697197500000,1.05218,1.05306,1.05191,1.05244,4061000000
1697198400000,1.05247,1.05279,1.05231,1.05247,4252000000
1697199300000,1.05249,1.05363,1.0521,1.0534,4942990000
1697200200000,1.0534,1.05473,1.05338,1.05401,9100970000
1697201100000,1.05402,1.05425,1.05352,1.05375,8131230000
1697202000000,1.05374,1.05412,1.05277,1.05277,9244870000
1697202900000,1.05277,1.05291,1.05185,1.05211,6938230000
1697203800000,1.05212,1.05263,1.0517,1.05173,8200280000
1697204700000,1.05173,1.05299,1.05166,1.05259,5796040000
1697205600000,1.05259,1.05262,1.05121,1.05145,12538520000
1697206500000,1.05145,1.05155,1.05038,1.05078,10771140000
1697207400000,1.05078,1.05144,1.05056,1.0506,8538000000
1697208300000,1.05058,1.0508,1.04995,1.05032,9167700000
1697209200000,1.05033,1.05046,1.04954,1.05001,6554990000
1697210100000,1.05001,1.05052,1.04976,1.05009,5842200000
1697211000000,1.05009,1.05045,1.04988,1.05014,5934010000
1697211900000,1.05013,1.05024,1.04969,1.05006,5207850000
1697212800000,1.05007,1.05116,1.04995,1.05109,4003770000
1697213700000,1.05109,1.0515,1.0509,1.05128,3108970000
1697214600000,1.05127,1.05132,1.05093,1.05111,2819170000
1697215500000,1.05112,1.05129,1.05066,1.0509,2957390000
1697216400000,1.05092,1.05098,1.05007,1.05022,3454250000
1697217300000,1.05022,1.05105,1.05014,1.05055,2232510000
1697218200000,1.05054,1.05095,1.05025,1.05095,2598540000
1697219100000,1.05094,1.05116,1.05049,1.0505,3902980000
1697220000000,1.05049,1.05108,1.05041,1.05084,2454960000
1697220900000,1.05084,1.05109,1.05062,1.0508,2741620000
1697221800000,1.05079,1.05116,1.05069,1.05069,2235460000
1697222700000,1.05071,1.05123,1.0505,1.0511,2298530000
1697223600000,1.0511,1.05139,1.05094,1.05132,2321380000
1697224500000,1.05133,1.05135,1.05095,1.05111,1890970000
1697225400000,1.05113,1.05158,1.05106,1.05125,1835590000
1697226300000,1.05126,1.05154,1.05121,1.05138,1945300000
1697227200000,1.05137,1.05138,1.05082,1.05099,1204980000
1697228100000,1.051,1.05101,1.05078,1.05084,1092460000
1697229000000,1.05087,1.05093,1.05068,1.05078,1438300000
1697229900000,1.05078,1.0509,1.05056,1.05073,1371120000
1697403600000,1.05083,1.05122,1.05025,1.05086,91110000
1697404500000,1.05097,1.0516,1.05076,1.05101,222180000
1697405400000,1.05101,1.052,1.05101,1.05138,688370000
1697406300000,1.05139,1.05225,1.05129,1.05211,2391630000
1697407200000,1.05213,1.05253,1.05144,1.05239,1642880000
1697408100000,1.05238,1.0525,1.05197,1.05249,1104730000
1697409000000,1.05249,1.05253,1.05195,1.05205,664220000
1697409900000,1.05205,1.05216,1.05163,1.05213,1034300000
1697410800000,1.05212,1.05212,1.0517,1.0519,2390500000
1697411700000,1.0519,1.05199,1.05173,1.05195,562270000
1697412600000,1.05194,1.05209,1.05185,1.05208,601210000
1697413500000,1.05209,1.05225,1.05204,1.0522,1270660000
1697414400000,1.05221,1.05236,1.05202,1.05209,2197380000
1697415300000,1.05209,1.05213,1.05156,1.05188,1426600000
1697416200000,1.05189,1.05199,1.05165,1.05194,1421570000
1697417100000,1.05194,1.05195,1.05157,1.05175,1600860000
1697418000000,1.05178,1.05242,1.05178,1.05234,1417980000
1697418900000,1.05235,1.05251,1.05214,1.05247,1275250000
1697419800000,1.05248,1.05253,1.05207,1.05234,1840730000
1697420700000,1.05233,1.05248,1.05219,1.05219,1704330000
1697421600000,1.05221,1.05247,1.052,1.05247,1376410000
1697422500000,1.05247,1.05257,1.0523,1.05236,759020000
1697423400000,1.05238,1.05244,1.05221,1.05231,1139310000
1697424300000,1.05232,1.05233,1.05203,1.05216,810290000
1697425200000,1.05218,1.05239,1.05206,1.05212,844510000
1697426100000,1.05214,1.05218,1.05199,1.05212,1191650000
1697427000000,1.05211,1.0523,1.052,1.05225,1061580000
1697427900000,1.05228,1.0524,1.05218,1.05235,1261150000
1697428800000,1.05234,1.05258,1.05223,1.05253,1274530000
1697429700000,1.05253,1.0526,1.05244,1.05254,992030000
1697430600000,1.05254,1.0526,1.05245,1.05249,606600000
1697431500000,1.0525,1.05268,1.05249,1.0526,1296310000
1697432400000,1.05262,1.05269,1.05238,1.05269,1577280000
1697433300000,1.05267,1.05272,1.0525,1.05269,1361360000
1697434200000,1.05268,1.05303,1.05254,1.05255,1707480000
1697435100000,1.05257,1.05304,1.05229,1.05294,1804150000
1697436000000,1.05293,1.05334,1.05285,1.05325,3168070000
1697436900000,1.05324,1.05338,1.05265,1.05276,3953020000
1697437800000,1.05275,1.05345,1.05271,1.05343,2458870000
1697438700000,1.05344,1.05382,1.05321,1.05348,3419570000
1697439600000,1.05348,1.05358,1.05245,1.0531,5343800000
1697440500000,1.05309,1.05325,1.05235,1.05258,4212100000
1697441400000,1.05259,1.05334,1.0525,1.05295,3270950000
1697442300000,1.05294,1.05347,1.05263,1.05341,4200360000
1697443200000,1.0534,1.05362,1.05269,1.05271,3572510000
1697444100000,1.0527,1.05359,1.05235,1.05351,3635340000
1697445000000,1.05351,1.05365,1.05323,1.05364,2881890000
1697445900000,1.05363,1.05428,1.05339,1.05406,3154850000
1697446800000,1.05405,1.05415,1.05375,1.05393,2843110000
1697447700000,1.05394,1.05422,1.05378,1.05381,2619520000
1697448600000,1.05382,1.05423,1.0537,1.05378,2600100000
1697449500000,1.05378,1.05386,1.05317,1.0532,3226660000
1697450400000,1.05318,1.05324,1.05277,1.0529,3287270000
1697451300000,1.05288,1.05341,1.05288,1.05309,2019190000
1697452200000,1.0531,1.05341,1.05304,1.05341,1768670000
1697453100000,1.05339,1.05346,1.0531,1.05323,1744850000
1697454000000,1.05322,1.05322,1.0526,1.05283,2271950000
1697454900000,1.05283,1.05329,1.05283,1.05305,2157280000
1697455800000,1.05306,1.05368,1.05301,1.05363,2017060000
1697456700000,1.05363,1.05387,1.05321,1.05365,3241060000
1697457600000,1.05365,1.05408,1.05315,1.05332,4318230000
1697458500000,1.05331,1.05418,1.05304,1.0532,6842050000
1697459400000,1.0532,1.05388,1.05293,1.05351,5402050000
1697460300000,1.05351,1.0546,1.05346,1.05416,4853590000
1697461200000,1.05416,1.05434,1.05355,1.05396,6358980000
1697462100000,1.05396,1.05438,1.0537,1.05379,3862030000
1697463000000,1.05379,1.05387,1.05302,1.05334,5314380000
1697463900000,1.05334,1.05365,1.05281,1.05299,5184090000
1697464800000,1.05298,1.05334,1.05256,1.05304,5989060000
1697465700000,1.05307,1.05402,1.05288,1.05394,5378970000
1697466600000,1.05394,1.05519,1.05388,1.05518,5501160000
1697467500000,1.05519,1.05554,1.05471,1.05497,4849430000
1697468400000,1.05497,1.05526,1.05454,1.05454,3232790000
1697469300000,1.05456,1.05485,1.0542,1.05458,3177550000
1697470200000,1.05456,1.05511,1.05446,1.0549,2014770000
1697471100000,1.05489,1.0549,1.05394,1.05446,3037340000
1697472000000,1.05447,1.05463,1.05403,1.05429,2965390000
1697472900000,1.0543,1.05465,1.05415,1.05444,1579820000
1697473800000,1.05445,1.05472,1.0544,1.0546,2118150000
1697474700000,1.05461,1.05491,1.05441,1.05473,1602970000
1697475600000,1.05473,1.05525,1.05467,1.05499,1324430000
1697476500000,1.05501,1.0551,1.05436,1.05467,2111200000
1697477400000,1.05468,1.05515,1.05443,1.05506,1657670000
1697478300000,1.05504,1.0556,1.05494,1.05551,1070730000
1697479200000,1.0555,1.05565,1.05525,1.05556,1384160000
1697480100000,1.05556,1.05556,1.05517,1.05541,1313900000
1697481000000,1.05542,1.05558,1.05531,1.05546,1276860000
1697481900000,1.05545,1.05556,1.0553,1.05541,969860000
1697482800000,1.0554,1.05594,1.05526,1.0558,2466250000
1697483700000,1.0558,1.05619,1.05575,1.05615,1516510000
1697484600000,1.05617,1.05619,1.05575,1.05585,1522630000
1697485500000,1.05585,1.05627,1.05581,1.05626,1148620000
1697486400000,1.05627,1.05627,1.05582,1.05591,1010060000
1697487300000,1.0559,1.05594,1.05582,1.05588,1480000000
1697488200000,1.05589,1.05604,1.05584,1.05588,856060000
1697489100000,1.05588,1.05605,1.05587,1.05597,1644810000
1697490000000,1.05597,1.05597,1.05576,1.05588,208720000
1697490900000,1.05588,1.05589,1.05569,1.05584,407310000
1697491800000,1.05583,1.05608,1.05582,1.05587,945330000
1697492700000,1.05587,1.05588,1.05572,1.05585,1454180000
1697493600000,1.05589,1.05619,1.05566,1.05571,700740000
1697494500000,1.05572,1.05577,1.05565,1.05566,478120000
1697495400000,1.05568,1.05581,1.05566,1.05581,783540000
1697496300000,1.05581,1.05581,1.05556,1.05561,966970000
1697497200000,1.05561,1.05573,1.05552,1.05557,1252290000
1697498100000,1.05557,1.05557,1.05535,1.05543,603530000
1697499000000,1.05542,1.05557,1.05537,1.05538,367200000
1697499900000,1.05536,1.05551,1.05529,1.05543,591480000
1697500800000,1.05543,1.0559,1.05543,1.05578,1056590000
1697501700000,1.05582,1.05601,1.05562,1.05589,1117010000
1697502600000,1.05593,1.05607,1.05557,1.05574,2704620000
1697503500000,1.05576,1.0558,1.0555,1.05556,1403180000
1697504400000,1.05556,1.05558,1.05508,1.05509,1747660000
1697505300000,1.05509,1.05545,1.05494,1.05503,1887230000
1697506200000,1.05503,1.05527,1.055,1.05525,1881610000
1697507100000,1.05528,1.05541,1.05519,1.05523,1506330000
1697508000000,1.05524,1.05528,1.05462,1.055,1693560000
1697508900000,1.055,1.05505,1.05474,1.05481,1105210000
1697509800000,1.05479,1.05499,1.05479,1.05487,651340000
1697510700000,1.05486,1.05513,1.0548,1.05499,1347440000
1697511600000,1.055,1.05514,1.05489,1.05502,1103180000
1697512500000,1.05501,1.0552,1.05484,1.055,1356820000
1697513400000,1.05499,1.05541,1.05493,1.05508,1526110000
1697514300000,1.05506,1.05506,1.0548,1.05498,1026020000
1697515200000,1.05499,1.055,1.05461,1.05461,685780000
1697516100000,1.05459,1.05473,1.05453,1.05469,921600000
1697517000000,1.05467,1.05483,1.0546,1.05476,1118820000
1697517900000,1.05475,1.05499,1.05471,1.05473,1325650000
1697518800000,1.05474,1.05501,1.05458,1.05489,922220000
1697519700000,1.05489,1.05504,1.05452,1.05453,1115980000
1697520600000,1.05452,1.05485,1.05443,1.05453,2259970000
1697521500000,1.05454,1.05469,1.05436,1.05441,2171470000
1697522400000,1.05442,1.0545,1.05415,1.05426,3140960000
1697523300000,1.05427,1.05439,1.05359,1.05394,2745520000
1697524200000,1.05393,1.05394,1.05351,1.05373,1842220000
1697525100000,1.05372,1.05388,1.0534,1.0537,1863740000
1697526000000,1.0537,1.05497,1.05341,1.05477,3462840000
1697526900000,1.05474,1.05517,1.05458,1.05486,3961280000
1697527800000,1.05487,1.05547,1.05476,1.05519,2537350000
1697528700000,1.0552,1.05537,1.05462,1.05486,4662810000
1697529600000,1.05485,1.05487,1.05423,1.05453,3708350000
1697530500000,1.05455,1.05465,1.05402,1.05405,2936110000
1697531400000,1.05407,1.05414,1.05328,1.05353,3178680000
1697532300000,1.05353,1.05368,1.05328,1.05358,2658710000
1697533200000,1.05362,1.05452,1.05361,1.05444,2739120000
1697534100000,1.05444,1.05544,1.05443,1.055,4407870000
1697535000000,1.055,1.05518,1.05487,1.05501,2725480000
1697535900000,1.055,1.05543,1.05497,1.05536,1499260000
1697536800000,1.05537,1.05621,1.05537,1.05617,4084590000
1697537700000,1.05616,1.05625,1.05516,1.05539,4635690000
1697538600000,1.05539,1.0554,1.05461,1.05465,3511370000
1697539500000,1.05464,1.0556,1.05462,1.05533,2308190000
1697540400000,1.05534,1.05696,1.05532,1.05667,2888200000
1697541300000,1.05668,1.05715,1.05661,1.05706,3221340000
1697542200000,1.05706,1.05793,1.05703,1.05754,3418620000
1697543100000,1.05754,1.05788,1.05737,1.05752,2822330000
1697544000000,1.05751,1.05778,1.05676,1.0572,4448900000
1697544900000,1.0572,1.05747,1.05672,1.05691,3940080000
1697545800000,1.0569,1.0569,1.05383,1.0541,16007830000
1697546700000,1.05409,1.05522,1.05383,1.05471,10686850000
1697547600000,1.0547,1.05554,1.05397,1.05551,10068610000
1697548500000,1.0555,1.05614,1.05479,1.05495,8870300000
1697549400000,1.05496,1.05551,1.05464,1.05485,9231180000
1697550300000,1.05485,1.05536,1.0545,1.05491,6662680000
1697551200000,1.0549,1.05719,1.05481,1.05702,8608950000
1697552100000,1.05702,1.05869,1.05695,1.058,9273660000
1697553000000,1.058,1.058,1.05729,1.0574,7406110000
1697553900000,1.05741,1.05797,1.05718,1.05751,6829710000
1697554800000,1.05752,1.05865,1.05752,1.05855,5118050000
1697555700000,1.05857,1.05906,1.05796,1.058,4969780000
1697556600000,1.058,1.05904,1.05798,1.05897,4395060000
1697557500000,1.05896,1.05927,1.0588,1.05921,3901270000
1697558400000,1.05921,1.05948,1.0591,1.05921,3231590000
1697559300000,1.05921,1.05945,1.05859,1.05924,2817740000
1697560200000,1.05922,1.05926,1.05827,1.05833,2843100000
1697561100000,1.05833,1.05857,1.05786,1.05795,2787170000
1697562000000,1.05794,1.05811,1.05731,1.05731,2849410000
1697562900000,1.0573,1.05778,1.05726,1.0576,2673720000
1697563800000,1.05762,1.05773,1.05695,1.05706,2420610000
1697564700000,1.05709,1.05714,1.05647,1.0567,1906670000
1697565600000,1.0567,1.05693,1.05641,1.05678,2388470000
1697566500000,1.05677,1.05714,1.05655,1.05699,2317980000
1697567400000,1.05699,1.05739,1.05684,1.05719,1876800000
1697568300000,1.05718,1.05744,1.0568,1.05689,1931390000
1697569200000,1.0569,1.05774,1.0569,1.05774,1668470000
1697570100000,1.05773,1.05806,1.05766,1.05806,1456990000
1697571000000,1.05807,1.0581,1.05756,1.05757,2734710000
1697571900000,1.05758,1.05773,1.05734,1.05769,3934120000
1697572800000,1.05768,1.05768,1.05743,1.05749,989640000
1697573700000,1.05749,1.05752,1.05734,1.0575,554960000
1697574600000,1.0575,1.05767,1.05741,1.05763,549540000
1697575500000,1.05763,1.05776,1.05755,1.05767,1424760000
1697576400000,1.05762,1.05776,1.05754,1.05757,255150000
1697577300000,1.05757,1.05767,1.05753,1.05753,168660000
1697578200000,1.05754,1.05758,1.05749,1.05757,1634830000
1697579100000,1.05757,1.0576,1.05742,1.05742,1411560000
1697580000000,1.05743,1.05763,1.05743,1.0576,607500000
1697580900000,1.0576,1.05762,1.05744,1.05754,355170000
1697581800000,1.05754,1.05772,1.05751,1.05769,394770000
1697582700000,1.05769,1.05769,1.0575,1.05757,706070000
1697583600000,1.05758,1.05761,1.05739,1.05743,840660000
1697584500000,1.05743,1.05748,1.05738,1.05746,1328880000
1697585400000,1.05746,1.05746,1.05728,1.0573,754440000
1697586300000,1.0573,1.05734,1.05718,1.05727,458130000
1697587200000,1.05726,1.05743,1.05696,1.05701,1626360000
1697588100000,1.05701,1.05702,1.05646,1.05653,2434780000
1697589000000,1.05653,1.05654,1.05626,1.05642,852710000
1697589900000,1.05642,1.05648,1.05604,1.05643,1206840000
1697590800000,1.05644,1.05658,1.05614,1.05624,1011330000
1697591700000,1.05626,1.05672,1.05612,1.05651,1607250000
1697592600000,1.05652,1.05678,1.05643,1.05654,2507070000
1697593500000,1.05654,1.057,1.05651,1.05694,1538470000
1697594400000,1.05696,1.05772,1.05696,1.0574,3292740000
1697595300000,1.0574,1.05765,1.05732,1.05764,1589030000
1697596200000,1.05764,1.05789,1.05735,1.05736,1632700000
1697597100000,1.05737,1.05775,1.05731,1.05754,1359220000
1697598000000,1.05753,1.05779,1.05737,1.05754,1804950000
1697598900000,1.05754,1.05754,1.05723,1.05736,798560000
1697599800000,1.05737,1.05755,1.05733,1.05747,1075210000
1697600700000,1.05748,1.05755,1.05725,1.05754,507740000
1697601600000,1.05754,1.05769,1.05732,1.05744,1203070000
1697602500000,1.05744,1.0577,1.05742,1.05759,807690000
1697603400000,1.0576,1.05784,1.0576,1.05775,879780000
1697604300000,1.05777,1.05786,1.05748,1.05756,1371740000
1697605200000,1.05756,1.05797,1.05744,1.05779,1866810000
1697606100000,1.05782,1.05809,1.05763,1.05781,1614010000
1697607000000,1.0578,1.05807,1.05779,1.05799,1601080000
1697607900000,1.05799,1.05846,1.05797,1.05825,1800120000
1697608800000,1.05824,1.05941,1.05813,1.05914,4418470000
1697609700000,1.05913,1.05934,1.05877,1.05894,3180870000
1697610600000,1.05895,1.05913,1.05837,1.05842,3764810000
1697611500000,1.05841,1.05851,1.0577,1.05788,3619730000
1697612400000,1.05788,1.05831,1.05765,1.05818,4937470000
1697613300000,1.05818,1.05818,1.05704,1.05744,5025750000
1697614200000,1.05742,1.05792,1.05728,1.05757,3602780000
1697615100000,1.05756,1.05811,1.05736,1.05788,4169080000
1697616000000,1.05787,1.05797,1.0574,1.05778,3678070000
1697616900000,1.0578,1.05788,1.05733,1.05743,2787420000
1697617800000,1.05743,1.05839,1.05739,1.05833,2235380000
1697618700000,1.05832,1.05849,1.05809,1.05831,2955610000
1697619600000,1.05829,1.05867,1.05811,1.05849,2922100000
1697620500000,1.05847,1.05855,1.05747,1.0577,4267950000
1697621400000,1.05771,1.05825,1.05761,1.05763,2237010000
1697622300000,1.05761,1.05768,1.05657,1.05691,3263400000
1697623200000,1.0569,1.05695,1.05556,1.05567,3942530000
1697624100000,1.05567,1.05615,1.05542,1.0558,3983830000
1697625000000,1.05579,1.05612,1.05563,1.05581,2174590000
1697625900000,1.05579,1.0558,1.05542,1.05559,2477530000
1697626800000,1.05559,1.05568,1.05521,1.0556,3151810000
1697627700000,1.05561,1.05612,1.05526,1.05607,3684570000
1697628600000,1.05608,1.05682,1.05604,1.05621,3172640000
1697629500000,1.05621,1.05645,1.05588,1.05606,3503570000
1697630400000,1.05606,1.05677,1.05596,1.05677,4467380000
1697631300000,1.05678,1.05744,1.0567,1.05674,4280380000
1697632200000,1.05674,1.05707,1.05535,1.05559,7528680000
1697633100000,1.05558,1.05574,1.05491,1.05568,6659520000
1697634000000,1.0557,1.05638,1.05543,1.05636,6741370000
1697634900000,1.05637,1.05641,1.05521,1.05529,5687620000
1697635800000,1.05529,1.05582,1.05501,1.05528,8292550000
1697636700000,1.05528,1.05567,1.05487,1.05505,8771660000
1697637600000,1.05505,1.05572,1.05461,1.05525,9868110000
1697638500000,1.05525,1.05603,1.05421,1.05421,8327790000
1697639400000,1.05422,1.0545,1.0533,1.05366,7111050000
1697640300000,1.05366,1.05396,1.05322,1.05375,6668000000
1697641200000,1.05375,1.05427,1.05325,1.0534,5989530000
1697642100000,1.05339,1.054,1.05321,1.05329,4613780000
1697643000000,1.05329,1.05365,1.05259,1.0529,3905640000
1697643900000,1.05294,1.05333,1.05289,1.05311,4661560000
1697644800000,1.05312,1.05342,1.05232,1.05241,5797700000
1697645700000,1.05244,1.05289,1.05231,1.05274,2962280000
1697646600000,1.05273,1.05333,1.05256,1.05333,3030200000
1697647500000,1.05333,1.05378,1.05318,1.05369,3242610000
1697648400000,1.05369,1.05514,1.05344,1.05508,6881620000
1697649300000,1.0551,1.05536,1.05479,1.05497,4337280000
1697650200000,1.05496,1.05497,1.05456,1.05496,3191370000
1697651100000,1.05495,1.05526,1.0547,1.05501,2753290000
1697652000000,1.05499,1.05513,1.05472,1.05472,2854250000
1697652900000,1.0547,1.0548,1.05404,1.05424,2095480000
1697653800000,1.05425,1.05449,1.05396,1.05419,2224870000
1697654700000,1.05418,1.05419,1.05348,1.05356,2247120000
1697655600000,1.05357,1.05367,1.05315,1.05359,3133420000
1697656500000,1.05359,1.05378,1.05341,1.05358,1419070000
1697657400000,1.05357,1.05376,1.05348,1.05356,1433190000
1697658300000,1.05355,1.05365,1.05326,1.05354,1750860000
1697659200000,1.05353,1.05368,1.05341,1.05368,821710000
1697660100000,1.05369,1.05375,1.05354,1.05363,543960000
1697661000000,1.05363,1.05372,1.05349,1.05372,662310000
1697661900000,1.05373,1.05373,1.05349,1.05362,1208700000
1697662800000,1.0536,1.05368,1.05327,1.05341,1927460000
1697663700000,1.05343,1.05351,1.05329,1.05346,5439960000
1697664600000,1.05346,1.05359,1.05345,1.05353,611040000
1697665500000,1.05349,1.05365,1.05347,1.05358,462090000
1697666400000,1.05358,1.05385,1.05355,1.0538,381070000
1697667300000,1.0538,1.05396,1.05379,1.05389,252490000
1697668200000,1.05391,1.05392,1.05379,1.0538,175170000
1697669100000,1.05379,1.05381,1.05369,1.05369,371690000
1697670000000,1.0537,1.05394,1.0537,1.05393,994760000
1697670900000,1.05394,1.05396,1.05379,1.0538,313260000
1697671800000,1.05379,1.05388,1.05363,1.05375,1001700000
1697672700000,1.05375,1.05386,1.05369,1.05379,968670000
1697673600000,1.05381,1.05398,1.05373,1.05373,1640200000
1697674500000,1.05371,1.0539,1.05327,1.05355,1539850000
1697675400000,1.05354,1.05374,1.0534,1.05356,2241400000
1697676300000,1.05357,1.05393,1.05345,1.05388,1521010000
1697677200000,1.05389,1.05418,1.05384,1.05398,2126010000
1697678100000,1.05396,1.05418,1.05368,1.05382,1699690000
1697679000000,1.05382,1.05392,1.05323,1.05343,3424500000
1697679900000,1.05344,1.05373,1.05335,1.05364,2238240000
1697680800000,1.05364,1.05387,1.05359,1.05369,1628760000
1697681700000,1.0537,1.05395,1.05364,1.05379,1583010000
1697682600000,1.05378,1.05379,1.05342,1.0536,1720020000
1697683500000,1.0536,1.05373,1.05343,1.0535,1288870000
1697684400000,1.0535,1.05369,1.05343,1.05353,1337150000
1697685300000,1.05353,1.05368,1.05324,1.0534,1407430000
1697686200000,1.05342,1.05351,1.05329,1.05338,922650000
1697687100000,1.05339,1.05341,1.05324,1.05338,1020410000
1697688000000,1.05336,1.0535,1.05327,1.05339,1453840000
1697688900000,1.0534,1.05349,1.05326,1.05345,1103260000
1697689800000,1.05345,1.05349,1.0531,1.05326,962070000
1697690700000,1.05327,1.05336,1.05305,1.05335,1223140000
1697691600000,1.05335,1.05348,1.05314,1.0534,1170980000
1697692500000,1.05342,1.05349,1.05327,1.05334,843790000
1697693400000,1.05335,1.05342,1.05301,1.05318,1792970000
1697694300000,1.05321,1.05333,1.05311,1.05331,1476540000
1697695200000,1.0533,1.05346,1.05282,1.05303,2729440000
1697696100000,1.05303,1.05394,1.05301,1.05335,3267490000
1697697000000,1.05337,1.05398,1.05325,1.05397,2452280000
1697697900000,1.05396,1.05421,1.05388,1.05401,2230030000
1697698800000,1.05402,1.05466,1.05397,1.05426,5311110000
1697699700000,1.05425,1.05482,1.054,1.05417,4017350000
1697700600000,1.05416,1.05443,1.05386,1.05407,3832430000
1697701500000,1.05408,1.05416,1.05356,1.05375,4532870000
1697702400000,1.05375,1.05437,1.05328,1.05353,5272580000
1697703300000,1.05352,1.05415,1.0534,1.05406,3079980000
1697704200000,1.05408,1.05411,1.05294,1.05356,5245300000
1697705100000,1.05354,1.05383,1.05343,1.05356,3439720000
1697706000000,1.05357,1.05424,1.05351,1.05415,3107990000
1697706900000,1.05416,1.05432,1.05367,1.0538,4148070000
1697707800000,1.0538,1.05447,1.0538,1.05388,3267990000
1697708700000,1.05387,1.05453,1.05382,1.05443,2728440000
1697709600000,1.05442,1.05491,1.05429,1.05489,2589380000
1697710500000,1.05489,1.0549,1.05443,1.05459,2347320000
1697711400000,1.05459,1.0551,1.05454,1.05493,2656400000
1697712300000,1.05494,1.05523,1.05484,1.0551,1827600000
1697713200000,1.05512,1.05588,1.05512,1.05588,3115910000
1697714100000,1.05589,1.05595,1.05534,1.05545,4220930000
1697715000000,1.05547,1.05635,1.0554,1.0559,3322360000
1697715900000,1.0559,1.05628,1.05562,1.05578,3995450000
1697716800000,1.05577,1.05623,1.0556,1.05623,5168760000
1697717700000,1.05625,1.05688,1.05618,1.05659,4073490000
1697718600000,1.05659,1.05737,1.05601,1.05722,9372460000
1697719500000,1.05723,1.05796,1.05685,1.05762,9001740000
1697720400000,1.05763,1.05791,1.05717,1.05724,6400730000
1697721300000,1.05726,1.05748,1.05656,1.05676,6264930000
1697722200000,1.05675,1.05816,1.0566,1.05761,6758660000
1697723100000,1.05761,1.05773,1.05708,1.0575,6115860000
1697724000000,1.0575,1.05793,1.0567,1.0572,6404790000
1697724900000,1.0572,1.05751,1.05668,1.05704,6440740000
1697725800000,1.05705,1.05727,1.05655,1.05703,6456350000
1697726700000,1.05702,1.05712,1.05654,1.05688,5964150000
1697727600000,1.05688,1.05779,1.05668,1.05748,5533110000
1697728500000,1.05746,1.05778,1.05679,1.05731,5112050000
1697729400000,1.05732,1.05783,1.05725,1.05779,4424840000
1697730300000,1.05779,1.05781,1.05676,1.05696,4619400000
1697731200000,1.05698,1.06163,1.05561,1.05963,20735120000
1697732100000,1.05962,1.06095,1.05842,1.05887,11683230000
1697733000000,1.05887,1.05904,1.05564,1.05658,15143540000
1697733900000,1.0566,1.05993,1.0566,1.05963,10908320000
1697734800000,1.05963,1.06045,1.05935,1.06017,13177660000
1697735700000,1.06018,1.06064,1.05933,1.05963,12296420000
1697736600000,1.05965,1.06019,1.05837,1.05862,11317490000
1697737500000,1.05863,1.05985,1.05855,1.05984,4440160000
1697738400000,1.05984,1.06046,1.05979,1.06015,5997390000
1697739300000,1.06018,1.06046,1.05942,1.05964,7499240000
1697740200000,1.05964,1.05964,1.05841,1.05859,3799460000
1697741100000,1.05859,1.05861,1.0578,1.05807,3823330000
1697742000000,1.05807,1.05872,1.05807,1.05848,4736320000
1697742900000,1.05849,1.05877,1.05832,1.05869,3331100000
1697743800000,1.05869,1.05901,1.0583,1.05834,2540700000
1697744700000,1.05832,1.05886,1.05814,1.0588,2395710000
1697745600000,1.05879,1.05879,1.05819,1.05824,1536380000
1697746500000,1.05824,1.05833,1.05813,1.05833,612750000
1697747400000,1.0583,1.0583,1.05803,1.05808,687110000
1697748300000,1.05807,1.05826,1.05803,1.05819,1118470000
1697749200000,1.05815,1.05829,1.05793,1.05823,194550000
1697750100000,1.05823,1.05837,1.05781,1.05815,133700000
1697751000000,1.05811,1.0582,1.05796,1.05807,130050000
1697751900000,1.05808,1.05828,1.058,1.05821,666180000
1697752800000,1.05821,1.05821,1.05791,1.05815,553710000
1697753700000,1.05816,1.05834,1.05814,1.05833,507270000
1697754600000,1.0583,1.05832,1.05808,1.05809,484680000
1697755500000,1.05809,1.05814,1.05808,1.05809,426400000
1697756400000,1.05802,1.05802,1.05782,1.058,1213800000
1697757300000,1.058,1.05802,1.05784,1.05797,635550000
1697758200000,1.05796,1.05834,1.05795,1.05827,928760000
1697759100000,1.05828,1.05865,1.05824,1.05863,1012330000
1697760000000,1.05862,1.05864,1.05788,1.05793,2891960000
1697760900000,1.05793,1.05801,1.05753,1.05757,2613600000
1697761800000,1.05758,1.05788,1.05742,1.05767,1671450000
1697762700000,1.05766,1.05771,1.05737,1.0576,1163080000
1697763600000,1.05759,1.05761,1.05702,1.05706,2818770000
1697764500000,1.05705,1.0571,1.05683,1.05692,3311700000
1697765400000,1.05691,1.05718,1.0569,1.05709,1835450000
1697766300000,1.05708,1.05732,1.05704,1.05725,1662030000
1697767200000,1.05725,1.05733,1.05709,1.05728,1789660000
1697768100000,1.05726,1.05762,1.05719,1.05738,2063680000
1697769000000,1.05738,1.05776,1.05731,1.05769,1378350000
1697769900000,1.05769,1.05798,1.05766,1.0578,1456850000
1697770800000,1.0578,1.058,1.05773,1.0578,1016820000
1697771700000,1.0578,1.0578,1.05754,1.05761,926100000
1697772600000,1.0576,1.05775,1.05746,1.05751,1086080000
1697773500000,1.0575,1.0576,1.0575,1.05759,1083040000
1697774400000,1.0576,1.05762,1.05742,1.05743,896700000
1697775300000,1.05744,1.05749,1.05733,1.05741,840650000
1697776200000,1.05741,1.05764,1.0574,1.05753,1001210000
1697777100000,1.05754,1.05773,1.05745,1.05753,975840000
1697778000000,1.05753,1.05758,1.05732,1.05743,1248140000
1697778900000,1.05744,1.05772,1.05742,1.05757,1039040000
1697779800000,1.05758,1.05787,1.05749,1.05752,1582390000
1697780700000,1.05752,1.05752,1.05716,1.05737,1888220000
1697781600000,1.0574,1.0576,1.05703,1.05706,4018200000
1697782500000,1.05704,1.05707,1.05651,1.05689,1918320000
1697783400000,1.05689,1.05713,1.05649,1.05704,3247520000
1697784300000,1.05703,1.05757,1.05694,1.0574,2606820000
1697785200000,1.05742,1.05766,1.05696,1.05718,5163810000
1697786100000,1.05718,1.05747,1.05698,1.05704,4158060000
1697787000000,1.05703,1.05753,1.05684,1.05707,2869120000
1697787900000,1.05709,1.05744,1.057,1.05705,3420820000
1697788800000,1.05707,1.05761,1.05683,1.05758,3956730000
1697789700000,1.05758,1.05877,1.05751,1.05871,5220560000
1697790600000,1.05871,1.05933,1.05835,1.05913,4357510000
1697791500000,1.05913,1.05953,1.05866,1.05877,4244950000
1697792400000,1.05877,1.05895,1.05835,1.0588,3762500000
1697793300000,1.05879,1.05885,1.05797,1.05807,2534850000
1697794200000,1.05806,1.05867,1.058,1.05864,2822220000
1697795100000,1.05864,1.05933,1.05856,1.05898,2405000000
1697796000000,1.05897,1.05924,1.05882,1.05901,2170180000
1697796900000,1.05902,1.05928,1.05863,1.0587,1885250000
1697797800000,1.05867,1.05904,1.05839,1.05874,2185020000
1697798700000,1.05874,1.05883,1.05838,1.05852,2824520000
1697799600000,1.05851,1.05903,1.05848,1.05897,2380950000
1697800500000,1.05897,1.05917,1.05869,1.05912,2307900000
1697801400000,1.05912,1.05953,1.05895,1.05949,2554920000
1697802300000,1.05953,1.05989,1.05906,1.05908,2810920000
1697803200000,1.05907,1.05922,1.05852,1.05862,4542060000
1697804100000,1.05865,1.05867,1.05653,1.05718,7392600000
1697805000000,1.05718,1.0584,1.05718,1.05813,8985890000
1697805900000,1.05812,1.05861,1.05807,1.05836,7600590000
1697806800000,1.05836,1.05904,1.05836,1.05853,5099470000
1697807700000,1.05852,1.0589,1.05831,1.05835,5932200000
1697808600000,1.05837,1.05948,1.05828,1.05861,8027860000
1697809500000,1.05861,1.05909,1.05788,1.0579,9602430000
1697810400000,1.0579,1.05914,1.0573,1.05749,9533400000
1697811300000,1.05747,1.05843,1.05721,1.05825,5872560000
1697812200000,1.05825,1.06008,1.05825,1.05963,6584790000
1697813100000,1.05962,1.05964,1.05875,1.05876,6382200000
1697814000000,1.05877,1.05949,1.0587,1.05912,5276160000
1697814900000,1.05915,1.05963,1.05891,1.05956,5430790000
1697815800000,1.05956,1.05957,1.0587,1.05912,4965010000
1697816700000,1.05913,1.05957,1.05889,1.0591,3760710000
1697817600000,1.05909,1.05912,1.05817,1.05828,4009870000
1697818500000,1.05827,1.05893,1.05812,1.05857,2663150000
1697819400000,1.05859,1.05902,1.05852,1.05897,2711920000
1697820300000,1.05897,1.05907,1.05854,1.05894,2451050000
1697821200000,1.05895,1.05984,1.05877,1.05969,3184490000
1697822100000,1.05969,1.06035,1.05956,1.05975,4511350000
1697823000000,1.05974,1.06012,1.05941,1.05981,2433740000
1697823900000,1.05982,1.05987,1.05922,1.05956,2138230000
1697824800000,1.05957,1.05961,1.05879,1.05884,2811900000
1697825700000,1.05882,1.05915,1.05863,1.05882,2050260000
1697826600000,1.05882,1.05915,1.05874,1.05908,2036940000
1697827500000,1.05907,1.05964,1.05903,1.05924,1572320000
1697828400000,1.05925,1.05939,1.05915,1.05919,1733520000
1697829300000,1.0592,1.05946,1.05895,1.05916,808940000
1697830200000,1.05917,1.0593,1.05899,1.05907,1366130000
1697831100000,1.05902,1.05931,1.05882,1.05921,1480250000
1697832000000,1.05921,1.05937,1.05916,1.0593,1513980000
1697832900000,1.0593,1.05933,1.05918,1.05925,872230000
1697833800000,1.05924,1.05935,1.05914,1.05935,921260000
1697834700000,1.05935,1.05955,1.0591,1.05927,2840230000
1698008400000,1.0595,1.05968,1.05928,1.05945,329450000
1698009300000,1.05946,1.05968,1.05945,1.05963,799200000
1698010200000,1.05963,1.05965,1.05931,1.05946,43240000
1698011100000,1.05946,1.05955,1.05933,1.05933,84880000
1698012000000,1.05939,1.05949,1.05899,1.05899,1603710000
1698012900000,1.059,1.05911,1.05883,1.05898,1325380000
1698013800000,1.05898,1.05909,1.05883,1.05903,717050000
1698014700000,1.05904,1.05913,1.05896,1.05913,473370000
1698015600000,1.05913,1.05918,1.05896,1.05915,1542160000
1698016500000,1.05917,1.0593,1.05909,1.0592,315060000
1698017400000,1.05918,1.05934,1.05908,1.0593,522690000
1698018300000,1.0593,1.0593,1.05886,1.05896,594180000
1698019200000,1.05893,1.05902,1.05862,1.05862,1242750000
1698020100000,1.05861,1.05884,1.05847,1.05853,1040230000
1698021000000,1.05851,1.0589,1.05843,1.0586,1349040000
1698021900000,1.05859,1.05884,1.0584,1.05871,1413640000
1698022800000,1.05872,1.05872,1.0583,1.0583,1331390000
1698023700000,1.0583,1.0585,1.05817,1.05829,1382980000
1698024600000,1.05829,1.05847,1.05821,1.05845,1297290000
1698025500000,1.05845,1.05858,1.0583,1.05834,1280490000
1698026400000,1.05834,1.05834,1.05794,1.05805,1261880000
1698027300000,1.05806,1.05822,1.058,1.05811,700440000
1698028200000,1.0581,1.05821,1.05788,1.05789,1002580000
1698029100000,1.05789,1.05791,1.05733,1.05736,1973210000
1698030000000,1.05735,1.05773,1.05735,1.05769,1743830000
1698030900000,1.05768,1.05771,1.05758,1.05759,996820000
1698031800000,1.05757,1.05776,1.05754,1.0577,459010000
1698032700000,1.0577,1.05782,1.05749,1.05751,688300000
1698033600000,1.0575,1.05769,1.05739,1.05758,963570000
1698034500000,1.05757,1.0576,1.05744,1.05744,821470000
1698035400000,1.05743,1.05763,1.05739,1.0575,919690000
1698036300000,1.0575,1.05771,1.05744,1.05762,897020000
1698037200000,1.05761,1.05791,1.05753,1.0577,1023300000
1698038100000,1.0577,1.05788,1.05765,1.05775,556690000
1698039000000,1.05774,1.05792,1.05754,1.05773,1682690000
1698039900000,1.05772,1.05788,1.05759,1.05774,1183070000
1698040800000,1.05773,1.05798,1.0576,1.05775,2301090000
1698041700000,1.05776,1.05779,1.05714,1.0576,2205000000
1698042600000,1.05761,1.05821,1.05756,1.05815,1958590000
1698043500000,1.05814,1.05864,1.05808,1.05824,1995570000
1698044400000,1.05826,1.05878,1.05765,1.05804,4873050000
1698045300000,1.05804,1.05892,1.05786,1.05853,3971070000
1698046200000,1.05851,1.05895,1.05823,1.05882,3771450000
1698047100000,1.05881,1.05976,1.05871,1.05976,3773040000
1698048000000,1.05976,1.0609,1.05949,1.06058,7135950000
1698048900000,1.06058,1.06105,1.06026,1.06043,6370070000
1698049800000,1.06043,1.06054,1.0599,1.06001,4058890000
1698050700000,1.06001,1.06047,1.05997,1.06025,2806530000
1698051600000,1.06025,1.06083,1.06023,1.06062,2868030000
1698052500000,1.06063,1.06147,1.06059,1.06145,3012600000
1698053400000,1.06144,1.06147,1.06017,1.06017,4041200000
1698054300000,1.06015,1.06015,1.05907,1.0593,4191510000
1698055200000,1.05928,1.05962,1.05904,1.05952,2777320000
1698056100000,1.0595,1.06004,1.05932,1.05975,2298810000
1698057000000,1.05974,1.05995,1.05919,1.05994,2429220000
1698057900000,1.05993,1.06043,1.05993,1.06042,2027360000
1698058800000,1.06044,1.06086,1.06021,1.0608,2870760000
1698059700000,1.06079,1.06097,1.06054,1.06075,3459160000
1698060600000,1.06075,1.06093,1.06036,1.06042,3764770000
1698061500000,1.06041,1.0608,1.06008,1.06017,3406000000
1698062400000,1.06016,1.0603,1.0595,1.05999,3330720000
1698063300000,1.06002,1.06188,1.05999,1.0614,4481430000
1698064200000,1.06141,1.06168,1.06095,1.06131,6647340000
1698065100000,1.06132,1.06153,1.06076,1.06097,4423700000
1698066000000,1.06099,1.06131,1.06046,1.06046,6371680000
1698066900000,1.06045,1.06056,1.05987,1.06006,5659410000
1698067800000,1.06007,1.06026,1.0591,1.05911,8579840000
1698068700000,1.05911,1.06059,1.0591,1.06051,10696870000
1698069600000,1.06052,1.06179,1.06048,1.06175,8957300000
1698070500000,1.06175,1.06318,1.06149,1.06263,10439700000
1698071400000,1.06264,1.06279,1.06187,1.06226,9561720000
1698072300000,1.06226,1.06303,1.06175,1.06287,7006080000
1698073200000,1.06286,1.06372,1.0628,1.06367,5187310000
1698074100000,1.06369,1.0639,1.06335,1.06382,3629240000
1698075000000,1.06383,1.06456,1.06378,1.06451,3059550000
1698075900000,1.06452,1.06466,1.06409,1.06453,3344040000
1698076800000,1.06453,1.06468,1.06409,1.06456,2879460000
1698077700000,1.06455,1.06494,1.06425,1.06488,2452840000
1698078600000,1.06489,1.0652,1.06472,1.06497,2446250000
1698079500000,1.06497,1.06646,1.06493,1.06645,2705300000
1698080400000,1.06645,1.06675,1.06595,1.0666,3224130000
1698081300000,1.06659,1.06689,1.06632,1.06683,3104410000
1698082200000,1.06684,1.06723,1.0666,1.06692,3835690000
1698083100000,1.06694,1.06727,1.06675,1.06683,3155450000
1698084000000,1.06681,1.06709,1.06656,1.06702,3029900000
1698084900000,1.06703,1.0672,1.0668,1.0671,1841930000
1698085800000,1.06711,1.06779,1.06691,1.06719,1866540000
1698086700000,1.0672,1.06766,1.06708,1.06741,2565690000
1698087600000,1.06742,1.06747,1.06665,1.06685,3422210000
1698088500000,1.06687,1.06687,1.06627,1.06632,3745720000
1698089400000,1.06634,1.06637,1.06603,1.06622,2342290000
1698090300000,1.06622,1.06664,1.06622,1.06655,2574270000
1698091200000,1.06654,1.06662,1.06634,1.06657,1120920000
1698092100000,1.06656,1.06676,1.06656,1.06675,706500000
1698093000000,1.06675,1.06692,1.06668,1.06692,437000000
1698093900000,1.06692,1.06697,1.06677,1.06689,662450000
1698094800000,1.06686,1.06686,1.06634,1.06658,182820000
1698095700000,1.06659,1.0667,1.06655,1.06668,70000000
1698096600000,1.06667,1.06673,1.06659,1.06668,1062000000
1698097500000,1.06673,1.06706,1.06664,1.06679,1755250000
1698098400000,1.06679,1.06708,1.06678,1.06708,321010000
1698099300000,1.06708,1.06719,1.06703,1.06719,434670000
1698100200000,1.06718,1.06719,1.06686,1.06687,503060000
1698101100000,1.06688,1.06694,1.06678,1.06678,682250000
1698102000000,1.06678,1.06696,1.06678,1.06693,926760000
1698102900000,1.06692,1.06703,1.06688,1.06694,716160000
1698103800000,1.06695,1.06696,1.06673,1.06674,1122200000
1698104700000,1.06674,1.067,1.06668,1.06698,1534820000
1698105600000,1.06699,1.06718,1.06673,1.06688,1385480000
1698106500000,1.06687,1.06729,1.06678,1.06715,2343410000
1698107400000,1.06716,1.0672,1.06668,1.06682,1707460000
1698108300000,1.06684,1.06734,1.06684,1.06722,1872030000
1698109200000,1.06723,1.06748,1.06716,1.06741,1654800000
1698110100000,1.06742,1.06748,1.06681,1.06683,1469820000
1698111000000,1.06684,1.06741,1.06678,1.06739,3770290000
1698111900000,1.0674,1.06743,1.06689,1.06704,2929390000
1698112800000,1.06705,1.06749,1.06689,1.06748,3853360000
1698113700000,1.06749,1.06847,1.06749,1.06847,2186620000
1698114600000,1.06846,1.06871,1.06824,1.06845,2375990000
1698115500000,1.06845,1.06855,1.06808,1.06814,1533770000
1698116400000,1.06815,1.06842,1.06807,1.06825,723850000
1698117300000,1.06825,1.0686,1.06814,1.06834,1512560000
1698118200000,1.06834,1.06843,1.06821,1.06829,1456160000
1698119100000,1.06829,1.06833,1.06812,1.06824,1192750000
1698120000000,1.06825,1.06831,1.06806,1.06815,1090950000
1698120900000,1.06816,1.06834,1.068,1.06802,1361820000
1698121800000,1.068,1.06818,1.06794,1.06816,1280330000
1698122700000,1.06816,1.06832,1.06789,1.06789,1780760000
1698123600000,1.06789,1.06811,1.06785,1.06811,1137940000
1698124500000,1.06812,1.06829,1.06791,1.06811,727860000
1698125400000,1.0681,1.0681,1.06771,1.0679,1273280000
1698126300000,1.06792,1.06811,1.06784,1.06809,1869720000
1698127200000,1.06809,1.06848,1.06769,1.06835,3355050000
1698128100000,1.06835,1.06865,1.06802,1.06857,2277010000
1698129000000,1.06856,1.06856,1.06794,1.06835,3124710000
1698129900000,1.06834,1.06858,1.06778,1.06853,3278630000
1698130800000,1.06852,1.0691,1.0683,1.06878,4493960000
1698131700000,1.06883,1.06942,1.06775,1.06776,6978070000
1698132600000,1.06773,1.06774,1.06588,1.06593,6772970000
1698133500000,1.06593,1.06669,1.06569,1.06627,5152830000
1698134400000,1.06627,1.06627,1.06505,1.06509,6628270000
1698135300000,1.0651,1.06535,1.0647,1.06514,3726560000
1698136200000,1.06513,1.06537,1.06441,1.06495,4489840000
1698137100000,1.06495,1.06521,1.06469,1.06503,2942370000
1698138000000,1.06503,1.06511,1.06437,1.06463,2923600000
1698138900000,1.06461,1.0647,1.06415,1.0646,3250020000
1698139800000,1.0646,1.06463,1.06412,1.06433,2861970000
1698140700000,1.06432,1.06446,1.06358,1.06367,3279810000
1698141600000,1.06366,1.06396,1.06363,1.06367,2737150000
1698142500000,1.06366,1.06371,1.06301,1.06354,3062460000
1698143400000,1.06354,1.06374,1.06308,1.06317,2649720000
1698144300000,1.06317,1.06333,1.06217,1.06253,3510510000
1698145200000,1.06253,1.06255,1.06218,1.06239,3520270000
1698146100000,1.06239,1.06326,1.06239,1.06321,3374460000
1698147000000,1.0632,1.06411,1.06314,1.0638,2677240000
1698147900000,1.06379,1.06415,1.0635,1.06353,2886950000
1698148800000,1.06352,1.06364,1.06277,1.06303,5146760000
1698149700000,1.06306,1.06315,1.06237,1.06248,6588330000
1698150600000,1.06247,1.0627,1.06215,1.06233,4605280000
1698151500000,1.06233,1.06249,1.06121,1.06158,4411870000
1698152400000,1.06157,1.06165,1.06111,1.06124,4856890000
1698153300000,1.06126,1.06211,1.06118,1.06184,4183880000
1698154200000,1.06184,1.06242,1.06123,1.06125,5798160000
1698155100000,1.06125,1.06135,1.05964,1.06113,12273570000
1698156000000,1.06114,1.06162,1.0601,1.06102,8839790000
1698156900000,1.06104,1.0614,1.06052,1.06129,6959860000
1698157800000,1.06128,1.06138,1.05905,1.05923,7044900000
1698158700000,1.05923,1.05998,1.05912,1.05996,4318890000
1698159600000,1.05996,1.05998,1.05914,1.05925,4389640000
1698160500000,1.05926,1.05964,1.05838,1.05863,5093890000
1698161400000,1.05863,1.05887,1.0583,1.05866,4644030000
1698162300000,1.05865,1.05939,1.05865,1.05936,4341480000
1698163200000,1.05937,1.05991,1.05931,1.05985,3336700000
1698164100000,1.05985,1.06021,1.05967,1.05968,2733150000
1698165000000,1.05967,1.05971,1.05871,1.05882,3661980000
1698165900000,1.05887,1.05891,1.05834,1.05868,3334000000
1698166800000,1.05866,1.0593,1.05865,1.05899,3253970000
1698167700000,1.05899,1.05936,1.05884,1.05898,1848520000
1698168600000,1.05898,1.0594,1.05879,1.05938,2213910000
1698169500000,1.05936,1.05936,1.05873,1.05888,2277340000
1698170400000,1.05887,1.0591,1.05843,1.05863,2170910000
1698171300000,1.05864,1.05892,1.05857,1.05892,1314080000
1698172200000,1.05893,1.059,1.0585,1.05873,1748390000
1698173100000,1.05874,1.05894,1.05869,1.05884,1429420000
1698174000000,1.05883,1.0591,1.0587,1.05885,1722700000
1698174900000,1.05885,1.05903,1.05874,1.05894,1165430000
1698175800000,1.05894,1.05901,1.0588,1.05898,1026600000
1698176700000,1.05898,1.05936,1.05898,1.05918,1021290000
1698177600000,1.05917,1.05938,1.05913,1.05934,1073250000
1698178500000,1.05935,1.05943,1.05922,1.05927,580850000
1698179400000,1.05928,1.05928,1.05897,1.05898,790710000
1698180300000,1.05897,1.05909,1.05888,1.05895,1243980000
1698181200000,1.05893,1.05928,1.05892,1.0592,336540000
1698182100000,1.0592,1.05925,1.05901,1.05914,124160000
1698183000000,1.05911,1.05922,1.05909,1.05919,436190000
1698183900000,1.0592,1.05926,1.05902,1.05923,645300000
1698184800000,1.05923,1.05923,1.05891,1.059,665100000
1698185700000,1.05899,1.05918,1.05896,1.05913,811270000
1698186600000,1.05913,1.05924,1.05908,1.05923,332540000
1698187500000,1.05921,1.05936,1.05921,1.05934,491400000
1698188400000,1.05932,1.05938,1.05924,1.05933,1167780000
1698189300000,1.05933,1.05943,1.05928,1.05928,359420000
1698190200000,1.05928,1.05944,1.05917,1.05937,363240000
1698191100000,1.05937,1.0595,1.05936,1.05949,686970000
1698192000000,1.05952,1.05972,1.05938,1.05953,1519480000
1698192900000,1.05953,1.05978,1.05952,1.05972,1921850000
1698193800000,1.05972,1.05987,1.059,1.05917,3147760000
1698194700000,1.0592,1.05926,1.05897,1.05926,1909980000
1698195600000,1.05928,1.05969,1.05923,1.05966,2079510000
1698196500000,1.05967,1.05977,1.0593,1.05932,1664860000
1698197400000,1.05933,1.05954,1.05919,1.0595,1912470000
1698198300000,1.05949,1.0595,1.05918,1.05945,1758920000
1698199200000,1.05945,1.05984,1.05945,1.05976,1788660000
1698200100000,1.05976,1.05996,1.05963,1.05995,1753550000
1698201000000,1.05995,1.06009,1.05979,1.06008,1533110000
1698201900000,1.06007,1.06044,1.06005,1.06036,1109730000
1698202800000,1.06037,1.06043,1.06018,1.06019,1057680000
1698203700000,1.0602,1.0605,1.06017,1.06028,1369860000
1698204600000,1.06028,1.06048,1.0602,1.0602,997720000
1698205500000,1.0602,1.06034,1.06016,1.0602,997400000
1698206400000,1.06019,1.06028,1.06016,1.06016,771260000
1698207300000,1.06016,1.06026,1.06009,1.0602,605300000
1698208200000,1.06021,1.0603,1.06019,1.06029,819340000
1698209100000,1.0603,1.06063,1.06018,1.06062,1153970000
1698210000000,1.06061,1.06067,1.0603,1.06035,1191510000
1698210900000,1.06035,1.06041,1.06014,1.06015,771090000
1698211800000,1.06015,1.06015,1.05975,1.05998,1385780000
1698212700000,1.05997,1.06022,1.05986,1.0601,1644040000
1698213600000,1.06009,1.06017,1.05957,1.05958,2048190000
1698214500000,1.05957,1.0604,1.0595,1.06035,1720050000
1698215400000,1.06035,1.06035,1.05972,1.0599,1812740000
1698216300000,1.05991,1.05991,1.05925,1.05925,1387880000
1698217200000,1.05923,1.05926,1.0585,1.05855,3831220000
1698218100000,1.05854,1.05873,1.05783,1.05821,2771480000
1698219000000,1.05823,1.05862,1.0581,1.05857,3988000000
1698219900000,1.05858,1.05891,1.05843,1.05871,3111430000
1698220800000,1.0587,1.05968,1.05857,1.05908,4157830000
1698221700000,1.05906,1.05934,1.0588,1.05922,2489840000
1698222600000,1.05924,1.05951,1.05879,1.05926,1584570000
1698223500000,1.05926,1.05926,1.05834,1.0585,2876350000
1698224400000,1.05851,1.05851,1.05801,1.05815,3046590000
1698225300000,1.05814,1.05816,1.05666,1.05673,2958110000
1698226200000,1.05673,1.05747,1.05672,1.05714,2548190000
1698227100000,1.05714,1.05728,1.05678,1.05689,2865400000
1698228000000,1.05689,1.05701,1.05658,1.05675,2743900000
1698228900000,1.05675,1.05752,1.05663,1.05742,3393600000
1698229800000,1.05742,1.05772,1.05732,1.05749,2888160000
1698230700000,1.05749,1.05757,1.05704,1.05743,1429710000
1698231600000,1.05744,1.05769,1.0571,1.05726,2181580000
1698232500000,1.05727,1.05766,1.05709,1.05762,1910120000
1698233400000,1.05762,1.05789,1.05755,1.05759,1854310000
1698234300000,1.0576,1.05778,1.05697,1.05727,1729470000
1698235200000,1.05728,1.05777,1.05726,1.05769,2482140000
1698236100000,1.0577,1.05795,1.05697,1.0571,3789150000
1698237000000,1.05708,1.05739,1.05695,1.05726,3945440000
1698237900000,1.05723,1.05796,1.05716,1.05747,3906390000
1698238800000,1.05747,1.05827,1.05727,1.05812,4576180000
1698239700000,1.05815,1.05818,1.05717,1.0572,3755080000
1698240600000,1.05719,1.05757,1.05668,1.05749,5441900000
1698241500000,1.0575,1.05811,1.05728,1.05809,4621300000
1698242400000,1.05809,1.05809,1.05681,1.0574,12444740000
1698243300000,1.0574,1.05787,1.05726,1.05775,9850130000
1698244200000,1.05774,1.05902,1.0577,1.0587,9401460000
1698245100000,1.0587,1.05913,1.0581,1.05851,4724380000
1698246000000,1.05852,1.05934,1.05834,1.05908,8011390000
1698246900000,1.05907,1.05917,1.0584,1.05905,5244560000
1698247800000,1.05903,1.05946,1.0587,1.05936,4615410000
1698248700000,1.05935,1.05956,1.05829,1.05829,5787320000
1698249600000,1.05829,1.05834,1.05785,1.0579,4013100000
1698250500000,1.05789,1.05828,1.05786,1.05816,1631870000
1698251400000,1.05816,1.05859,1.05787,1.05798,2799880000
1698252300000,1.05797,1.05798,1.05707,1.05745,3409770000
1698253200000,1.05745,1.05759,1.05691,1.05734,4270340000
1698254100000,1.05733,1.05765,1.0569,1.0569,5030440000
1698255000000,1.0569,1.05691,1.05658,1.05661,3494720000
1698255900000,1.0566,1.05717,1.05658,1.05711,2525670000
1698256800000,1.05711,1.05734,1.05688,1.05727,3009150000
1698257700000,1.05726,1.05731,1.05692,1.05705,2217710000
1698258600000,1.05703,1.05731,1.057,1.05705,2004620000
1698259500000,1.05704,1.05709,1.05658,1.05664,3629020000
1698260400000,1.05665,1.05694,1.05658,1.05676,2482050000
1698261300000,1.05676,1.05699,1.05675,1.0569,1689850000
1698262200000,1.0569,1.05698,1.0566,1.05664,1181050000
1698263100000,1.05663,1.05683,1.0566,1.05677,1884720000
1698264000000,1.05678,1.05697,1.05672,1.0569,1090830000
1698264900000,1.05691,1.05697,1.0566,1.05664,1406160000
1698265800000,1.05665,1.0567,1.05658,1.05659,1366860000
1698266700000,1.05659,1.05668,1.05653,1.05653,2087520000
1698267600000,1.0565,1.0569,1.0564,1.05674,502800000
1698268500000,1.05675,1.05675,1.05655,1.05669,385940000
1698269400000,1.05669,1.05681,1.05655,1.05673,502590000
1698270300000,1.05673,1.05684,1.05668,1.05674,499500000
1698271200000,1.05678,1.05678,1.05643,1.05654,538260000
1698272100000,1.05655,1.05677,1.05642,1.05671,525790000
1698273000000,1.05673,1.05673,1.05654,1.05668,368560000
1698273900000,1.05669,1.05672,1.05653,1.05653,755950000
1698274800000,1.05652,1.05657,1.05639,1.05642,991870000
1698275700000,1.05643,1.05645,1.05601,1.05626,980380000
1698276600000,1.05628,1.05647,1.05627,1.05637,710470000
1698277500000,1.05636,1.05668,1.05631,1.05661,760940000
1698278400000,1.05661,1.05691,1.05649,1.05667,1432730000
1698279300000,1.05664,1.05671,1.05627,1.05649,1240760000
1698280200000,1.05648,1.05663,1.0563,1.05642,1214140000
1698281100000,1.05642,1.05649,1.05576,1.05596,1916680000
1698282000000,1.05596,1.05605,1.05578,1.05584,1398930000
1698282900000,1.05584,1.05613,1.05562,1.05592,1486920000
1698283800000,1.05593,1.05608,1.05561,1.05567,2592440000
1698284700000,1.05564,1.05584,1.0554,1.05549,1474730000
1698285600000,1.05549,1.05562,1.05525,1.05532,1307980000
1698286500000,1.05531,1.05536,1.05436,1.05469,2396850000
1698287400000,1.0547,1.05499,1.05464,1.05488,1534630000
1698288300000,1.05487,1.05498,1.05451,1.05452,1213460000
1698289200000,1.05452,1.05474,1.05432,1.05435,1636770000
1698290100000,1.05436,1.05454,1.05428,1.0543,1236350000
1698291000000,1.0543,1.0547,1.05414,1.05448,1843410000
1698291900000,1.05446,1.05478,1.05442,1.05467,1615780000
1698292800000,1.05467,1.05479,1.05458,1.05467,828930000
1698293700000,1.05467,1.05469,1.05449,1.05463,723810000
1698294600000,1.05463,1.0548,1.05447,1.05451,681050000
1698295500000,1.0545,1.05462,1.05423,1.05455,1498020000
1698296400000,1.05455,1.05487,1.05447,1.05456,1898400000
1698297300000,1.05457,1.05473,1.05431,1.05438,1147470000
1698298200000,1.05435,1.05491,1.05433,1.05457,1389860000
1698299100000,1.05459,1.05472,1.05413,1.05427,2185170000
1698300000000,1.05427,1.05453,1.05391,1.05402,2921130000
1698300900000,1.05403,1.05448,1.05389,1.05424,2527350000
1698301800000,1.05423,1.05423,1.0533,1.05352,2802740000
1698302700000,1.05353,1.05442,1.05353,1.05385,4815860000
1698303600000,1.05385,1.05443,1.05381,1.05439,3598080000
1698304500000,1.05438,1.05441,1.05406,1.05417,3860510000
1698305400000,1.05416,1.05444,1.0538,1.05414,2890460000
1698306300000,1.05415,1.05494,1.05401,1.05482,4282950000
1698307200000,1.05481,1.05518,1.05471,1.055,2657300000
1698308100000,1.055,1.05525,1.05445,1.0545,2470630000
1698309000000,1.05451,1.05486,1.05444,1.0546,2801190000
1698309900000,1.05459,1.05514,1.05445,1.05453,2380800000
1698310800000,1.05452,1.05454,1.05402,1.05406,2254070000
1698311700000,1.05407,1.05519,1.05401,1.05501,2244220000
1698312600000,1.055,1.05512,1.05445,1.05445,2437030000
1698313500000,1.05445,1.05471,1.05435,1.05456,1762280000
1698314400000,1.05454,1.05492,1.0545,1.05469,1984960000
1698315300000,1.05467,1.05484,1.05452,1.05466,1975880000
1698316200000,1.05467,1.05485,1.05385,1.05388,3332430000
1698317100000,1.05388,1.05405,1.0535,1.05372,2193470000
1698318000000,1.05372,1.05389,1.0535,1.05354,2320830000
1698318900000,1.05353,1.0537,1.0533,1.05354,1691680000
1698319800000,1.05355,1.05357,1.0531,1.05332,2760520000
1698320700000,1.05332,1.05388,1.05328,1.05362,2120780000
1698321600000,1.05362,1.05417,1.05359,1.05404,2907590000
1698322500000,1.05407,1.05436,1.05308,1.05369,9540350000
1698323400000,1.05369,1.0552,1.05221,1.05468,17609040000
1698324300000,1.05469,1.05589,1.05426,1.05589,12740030000
1698325200000,1.0559,1.05603,1.0546,1.05553,10501930000
1698326100000,1.05554,1.0559,1.05414,1.0548,5897830000
1698327000000,1.0548,1.0558,1.05478,1.05566,8898650000
1698327900000,1.05564,1.05576,1.0546,1.0547,9297810000
1698328800000,1.05467,1.05483,1.05333,1.05336,9512090000
1698329700000,1.05337,1.05413,1.05333,1.05405,6715630000
1698330600000,1.05404,1.05429,1.0531,1.05399,5332690000
1698331500000,1.05397,1.05449,1.05365,1.05427,5200450000
1698332400000,1.05428,1.05449,1.05391,1.05394,4632380000
1698333300000,1.05394,1.054,1.05258,1.05258,6483860000
1698334200000,1.05259,1.05292,1.05252,1.05285,3277610000
1698335100000,1.05286,1.05376,1.05285,1.05317,4125920000
1698336000000,1.05316,1.05328,1.05249,1.05281,4475090000
1698336900000,1.05281,1.05354,1.05258,1.05349,4742630000
1698337800000,1.05349,1.05368,1.053,1.05305,2705470000
1698338700000,1.05304,1.05307,1.05263,1.05284,3282440000
1698339600000,1.05285,1.05397,1.05282,1.0539,5570460000
1698340500000,1.05392,1.05443,1.05392,1.05426,3969360000
1698341400000,1.05427,1.05488,1.05401,1.05481,3076110000
1698342300000,1.05481,1.05523,1.05481,1.05505,2566340000
1698343200000,1.05506,1.05547,1.0549,1.05544,3509740000
1698344100000,1.05545,1.05579,1.05541,1.05579,1554900000
1698345000000,1.05579,1.05645,1.05577,1.0563,2820480000
1698345900000,1.05629,1.05635,1.05597,1.05609,3338790000
1698346800000,1.05608,1.05632,1.05557,1.05557,3973240000
1698347700000,1.05556,1.05579,1.05539,1.05543,1752470000
1698348600000,1.05542,1.05546,1.05483,1.05496,2284380000
1698349500000,1.05495,1.05581,1.05493,1.05566,1519170000
1698350400000,1.05565,1.05584,1.05551,1.05571,1082950000
1698351300000,1.05571,1.05624,1.05566,1.05613,395610000
1698352200000,1.05614,1.05617,1.05577,1.05585,614830000
1698353100000,1.05585,1.05642,1.05584,1.05618,1492320000
1698354000000,1.05618,1.05626,1.05555,1.05586,513460000
1698354900000,1.05586,1.056,1.05567,1.05599,121500000
1698355800000,1.056,1.05621,1.05599,1.05612,1376430000
1698356700000,1.05611,1.05613,1.05599,1.05603,866760000
1698357600000,1.05607,1.05649,1.05603,1.05632,423790000
1698358500000,1.05634,1.05644,1.05628,1.05631,256620000
1698359400000,1.05633,1.05647,1.05627,1.05643,278760000
1698360300000,1.05642,1.05646,1.05636,1.05642,303060000
1698361200000,1.05644,1.05657,1.05629,1.05642,1981640000
1698362100000,1.05642,1.05645,1.05637,1.05638,1056140000
1698363000000,1.05638,1.05655,1.05634,1.05638,707610000
1698363900000,1.05637,1.05654,1.05626,1.05638,865940000
1698364800000,1.05637,1.05645,1.05574,1.05574,1903230000
1698365700000,1.05574,1.0561,1.05572,1.05596,1316630000
1698366600000,1.05597,1.05617,1.05591,1.05592,1651740000
1698367500000,1.05593,1.05611,1.05558,1.05578,3484090000
1698368400000,1.05577,1.05584,1.05533,1.05535,1416740000
1698369300000,1.05536,1.05559,1.05525,1.05542,2042250000
1698370200000,1.0554,1.0558,1.05532,1.05577,1354800000
1698371100000,1.05577,1.05622,1.05572,1.05587,1191770000
1698372000000,1.05589,1.05616,1.05588,1.05598,1026990000
1698372900000,1.05598,1.05637,1.05596,1.05623,1187930000
1698373800000,1.05622,1.05666,1.05622,1.05653,1378570000
1698374700000,1.05653,1.05653,1.05634,1.05644,847090000
1698375600000,1.05645,1.05654,1.05624,1.05632,874530000
1698376500000,1.05631,1.05641,1.05623,1.05639,1037570000
1698377400000,1.05639,1.05639,1.0561,1.05625,875050000
1698378300000,1.05622,1.05649,1.05622,1.05644,797850000
1698379200000,1.05644,1.05654,1.05633,1.05649,637730000
1698380100000,1.05651,1.05667,1.05648,1.05652,816160000
1698381000000,1.05652,1.05664,1.05648,1.0566,549350000
1698381900000,1.0566,1.05677,1.05655,1.05671,1056570000
1698382800000,1.05671,1.05687,1.05651,1.05661,1596570000
1698383700000,1.05661,1.05689,1.05661,1.05667,1245600000
1698384600000,1.05667,1.05698,1.05657,1.05663,1138210000
1698385500000,1.05663,1.05697,1.05663,1.05692,1506600000
1698386400000,1.05691,1.05697,1.0559,1.0559,3505640000
1698387300000,1.05591,1.05602,1.05547,1.0557,2808000000
1698388200000,1.0557,1.05603,1.05569,1.05572,1363850000
1698389100000,1.05573,1.05604,1.05552,1.05559,2001490000
1698390000000,1.05558,1.05598,1.0552,1.05568,2288550000
1698390900000,1.05566,1.0563,1.05553,1.05616,2128890000
1698391800000,1.05615,1.05615,1.05534,1.05545,1828050000
1698392700000,1.05545,1.05588,1.05523,1.05584,1598680000
1698393600000,1.05583,1.05583,1.05537,1.05568,2584780000
1698394500000,1.05568,1.05604,1.05568,1.05583,2322390000
1698395400000,1.05583,1.05606,1.05577,1.05588,1311640000
1698396300000,1.05588,1.05625,1.05566,1.05619,1696900000
1698397200000,1.05619,1.05644,1.05614,1.05623,1717500000
1698398100000,1.0562,1.05649,1.05601,1.05644,2065430000
1698399000000,1.05644,1.05648,1.05614,1.05614,1670440000
1698399900000,1.05612,1.05655,1.05604,1.05644,1907330000
1698400800000,1.05644,1.05668,1.05633,1.05662,1601160000
1698401700000,1.05659,1.05671,1.05565,1.05582,1133400000
1698402600000,1.05582,1.05647,1.05572,1.05638,1667010000
1698403500000,1.05638,1.05644,1.05557,1.05557,2012590000
1698404400000,1.05557,1.05562,1.05453,1.05479,2076620000
1698405300000,1.05477,1.05501,1.05446,1.05447,1343760000
1698406200000,1.05447,1.05447,1.05363,1.05392,2053330000
1698407100000,1.05393,1.05426,1.05354,1.0537,2743670000
1698408000000,1.0537,1.05439,1.05358,1.0539,2568460000
1698408900000,1.05389,1.05465,1.05374,1.05431,2673000000
1698409800000,1.05433,1.05476,1.05355,1.05422,5910840000
1698410700000,1.05423,1.05693,1.05412,1.05559,7913350000
1698411600000,1.05561,1.05765,1.05554,1.05659,8693090000
1698412500000,1.05659,1.058,1.05647,1.05794,5245960000
1698413400000,1.05793,1.0592,1.05787,1.0586,8550400000
1698414300000,1.05858,1.05868,1.05773,1.05799,8012540000
1698415200000,1.05799,1.05947,1.05702,1.05914,8617400000
1698416100000,1.05914,1.05923,1.0579,1.05815,6093520000
1698417000000,1.05812,1.05814,1.05658,1.05664,6415690000
1698417900000,1.05663,1.05798,1.05657,1.05781,5964510000
1698418800000,1.05782,1.05903,1.05774,1.05893,4560270000
1698419700000,1.05893,1.05949,1.05846,1.05945,3504920000
1698420600000,1.05946,1.0597,1.05917,1.05946,4146520000
1698421500000,1.05946,1.05946,1.05899,1.05912,3298760000
1698422400000,1.05913,1.05964,1.05871,1.0588,2154510000
1698423300000,1.05879,1.05922,1.05848,1.05898,2512460000
1698424200000,1.05899,1.05916,1.0582,1.05822,2760410000
1698425100000,1.05821,1.05844,1.05808,1.05829,1787640000
1698426000000,1.05829,1.0583,1.05689,1.05698,3520320000
1698426900000,1.05698,1.05733,1.05673,1.05708,2440020000
1698427800000,1.05708,1.0571,1.05649,1.05668,3147350000
1698428700000,1.05667,1.05683,1.05573,1.05672,3110530000
1698429600000,1.05671,1.05699,1.05631,1.05659,2418090000
1698430500000,1.05657,1.05675,1.05622,1.05626,1869370000
1698431400000,1.05624,1.05694,1.05623,1.05685,2239800000
1698432300000,1.05685,1.05734,1.0565,1.05678,3771990000
1698433200000,1.05677,1.05686,1.05628,1.05637,2726190000
1698434100000,1.05637,1.05704,1.0562,1.05695,1537070000
1698435000000,1.05696,1.05708,1.05649,1.05652,996130000
1698435900000,1.05651,1.05706,1.0565,1.05705,2053240000
1698436800000,1.05707,1.05707,1.05672,1.05678,1542830000
1698437700000,1.05679,1.05683,1.05665,1.05668,1077720000
1698438600000,1.05668,1.05671,1.05632,1.05637,1424320000
1698439500000,1.05638,1.05656,1.05605,1.05605,1981290000
1698613200000,1.05644,1.05652,1.05616,1.0564,78490000
1698614100000,1.0564,1.05749,1.0564,1.05677,218740000
1698615000000,1.05676,1.05694,1.05672,1.05676,391430000
1698615900000,1.05676,1.05679,1.05633,1.05657,271410000
1698616800000,1.05654,1.05678,1.05588,1.05603,1188760000
1698617700000,1.05604,1.05645,1.05593,1.05643,547450000
1698618600000,1.05642,1.05646,1.05617,1.05618,536320000
1698619500000,1.05619,1.05622,1.05602,1.05611,402300000
1698620400000,1.0561,1.05614,1.05588,1.05595,1606590000
1698621300000,1.05594,1.05609,1.05588,1.05595,1080610000
1698622200000,1.05596,1.05631,1.05596,1.05629,467550000
1698623100000,1.05628,1.05639,1.05618,1.05618,815530000
1698624000000,1.05618,1.05618,1.05558,1.05564,3534470000
1698624900000,1.05564,1.05573,1.05551,1.05568,1432620000
1698625800000,1.05572,1.05608,1.05568,1.05605,1975800000
1698626700000,1.05605,1.0563,1.0558,1.05624,1353390000
1698627600000,1.05625,1.05638,1.05614,1.0562,2423500000
1698628500000,1.05622,1.05625,1.05594,1.05603,2987840000
1698629400000,1.05604,1.05619,1.05602,1.05613,1661120000
1698630300000,1.05614,1.05637,1.05605,1.05637,716910000
1698631200000,1.05636,1.05658,1.05616,1.05625,1183110000
1698632100000,1.05625,1.0565,1.05619,1.0564,1494310000
1698633000000,1.05639,1.05644,1.05625,1.05628,1032110000
1698633900000,1.05628,1.05639,1.0562,1.05624,825410000
1698634800000,1.05628,1.05635,1.05618,1.05627,941480000
1698635700000,1.05628,1.05628,1.05587,1.05596,1123340000
1698636600000,1.05595,1.05608,1.05595,1.05598,594220000
1698637500000,1.05598,1.0561,1.05598,1.05604,652050000
1698638400000,1.05603,1.0561,1.05587,1.05589,654980000
1698639300000,1.05589,1.05602,1.05588,1.05594,450420000
1698640200000,1.05593,1.05619,1.05584,1.05618,683380000
1698641100000,1.05619,1.05623,1.05603,1.05609,596580000
1698642000000,1.05609,1.05614,1.05588,1.05589,569450000
1698642900000,1.05589,1.05609,1.05588,1.05596,753140000
1698643800000,1.05593,1.05613,1.0559,1.05609,483080000
1698644700000,1.0561,1.05618,1.05598,1.05615,889410000
1698645600000,1.05615,1.05632,1.05605,1.0563,571250000
1698646500000,1.05629,1.05642,1.0562,1.05637,1059930000
1698647400000,1.05637,1.0564,1.05564,1.0562,2386160000
1698648300000,1.0562,1.05656,1.05597,1.0565,1509010000
1698649200000,1.0565,1.05674,1.0561,1.05639,3527090000
1698650100000,1.0564,1.05658,1.05576,1.05597,2140570000
1698651000000,1.05597,1.05606,1.0553,1.05569,2906680000
1698651900000,1.05568,1.056,1.05531,1.05566,2347500000
1698652800000,1.05565,1.05565,1.05471,1.055,5648180000
1698653700000,1.05499,1.05545,1.05479,1.05481,3987360000
1698654600000,1.05479,1.05567,1.05472,1.05562,3142510000
1698655500000,1.05562,1.05606,1.05549,1.05598,2283950000
1698656400000,1.05597,1.05749,1.05597,1.05747,3263600000
1698657300000,1.05749,1.05848,1.05735,1.05819,3514350000
1698658200000,1.05819,1.05843,1.05798,1.05839,4312050000
1698659100000,1.05838,1.0586,1.05814,1.05824,3233200000
1698660000000,1.05823,1.0588,1.05823,1.05829,2679160000
1698660900000,1.0583,1.05838,1.05774,1.05789,2685640000
1698661800000,1.05789,1.05811,1.05749,1.05756,2123060000
1698662700000,1.05755,1.05783,1.05739,1.05748,3014900000
1698663600000,1.05748,1.05808,1.05747,1.05759,2629390000
1698664500000,1.05761,1.05778,1.05732,1.05777,1972930000
1698665400000,1.05777,1.05886,1.05777,1.05885,1864510000
1698666300000,1.05885,1.05962,1.05843,1.05851,3619440000
1698667200000,1.05852,1.05898,1.05819,1.05897,4013610000
1698668100000,1.05896,1.05947,1.05858,1.05874,3827870000
1698669000000,1.05876,1.05905,1.05858,1.05862,3131790000
1698669900000,1.05862,1.06084,1.05862,1.06068,4424790000
1698670800000,1.06068,1.06148,1.05996,1.06016,9863390000
1698671700000,1.06016,1.0603,1.05964,1.06007,5676470000
1698672600000,1.0601,1.06069,1.0601,1.06047,6595000000
1698673500000,1.06046,1.06095,1.05991,1.06095,5852340000
1698674400000,1.06096,1.06182,1.05982,1.06018,12110250000
1698675300000,1.06019,1.06047,1.05941,1.05966,6804300000
1698676200000,1.05964,1.06006,1.05909,1.06005,6591890000
1698677100000,1.06005,1.06064,1.05994,1.06053,5218550000
1698678000000,1.06053,1.06229,1.06048,1.06197,5858460000
1698678900000,1.06199,1.0625,1.0618,1.0624,5052980000
1698679800000,1.06242,1.06244,1.06181,1.06227,4963120000
1698680700000,1.06227,1.06232,1.06164,1.06191,4225710000
1698681600000,1.06189,1.06207,1.06142,1.06164,3589670000
1698682500000,1.06165,1.06184,1.06054,1.06063,2513700000
1698683400000,1.06062,1.06118,1.0606,1.06073,2335530000
1698684300000,1.06074,1.06097,1.06051,1.06071,2370030000
1698685200000,1.06073,1.06088,1.06002,1.06003,2534100000
1698686100000,1.06003,1.06111,1.06002,1.0611,1871720000
1698687000000,1.0611,1.06143,1.061,1.06126,2353890000
1698687900000,1.06128,1.06136,1.06106,1.06113,1090290000
1698688800000,1.06114,1.06172,1.06101,1.06145,1610750000
1698689700000,1.06144,1.06156,1.06135,1.06149,1216450000
1698690600000,1.06151,1.06185,1.06147,1.06174,1183330000
1698691500000,1.06174,1.06187,1.06162,1.06177,1760290000
1698692400000,1.06176,1.06215,1.06174,1.06207,2598870000
1698693300000,1.06207,1.0621,1.06147,1.06148,1460680000
1698694200000,1.0615,1.06169,1.06143,1.0616,1711530000
1698695100000,1.0616,1.06175,1.06139,1.06169,940920000
1698696000000,1.06169,1.06174,1.06153,1.06164,523730000
1698696900000,1.06166,1.06166,1.06144,1.06163,443420000
1698697800000,1.06161,1.06164,1.06148,1.06164,362520000
1698698700000,1.06164,1.06165,1.06139,1.06144,877110000
1698699600000,1.06145,1.06156,1.06144,1.0615,295220000
1698700500000,1.06151,1.0616,1.06148,1.06158,106650000
1698701400000,1.06157,1.06161,1.06152,1.06157,270090000
1698702300000,1.06156,1.06158,1.06136,1.06151,275430000
1698703200000,1.0615,1.06157,1.06143,1.06153,498960000
1698704100000,1.06153,1.06172,1.06151,1.06152,316410000
1698705000000,1.0615,1.06158,1.06147,1.06148,416760000
1698705900000,1.06147,1.06155,1.06118,1.06119,459880000
1698706800000,1.06118,1.06144,1.06117,1.0613,1014880000
1698707700000,1.06128,1.06141,1.06125,1.06138,460210000
1698708600000,1.06137,1.06147,1.06134,1.06145,603150000
1698709500000,1.06144,1.0615,1.06135,1.06138,639990000
1698710400000,1.06139,1.06143,1.06094,1.06104,1616650000
1698711300000,1.06106,1.06133,1.06104,1.06114,1741870000
1698712200000,1.06115,1.06136,1.06111,1.06113,1108940000
1698713100000,1.06112,1.06126,1.06096,1.06114,1369930000
1698714000000,1.06114,1.06126,1.06077,1.06079,2122190000
1698714900000,1.06078,1.06095,1.06057,1.06083,2085970000
1698715800000,1.06082,1.06088,1.06033,1.06036,3257580000
1698716700000,1.06036,1.06099,1.06033,1.06098,1480660000
1698717600000,1.06098,1.06114,1.05992,1.05998,2107670000
1698718500000,1.05997,1.06032,1.05987,1.06027,2184310000
1698719400000,1.06027,1.06052,1.06023,1.06025,1018640000
1698720300000,1.06024,1.06042,1.06008,1.06008,940750000
1698721200000,1.06009,1.06011,1.05951,1.05964,1812450000
1698722100000,1.05964,1.05988,1.05946,1.05977,2559410000
1698723000000,1.05976,1.05999,1.05926,1.05929,4173800000
1698723900000,1.05928,1.05953,1.05906,1.05943,2128980000
1698724800000,1.05943,1.05962,1.05931,1.05952,2393670000
1698725700000,1.05951,1.0597,1.05936,1.05946,1095860000
1698726600000,1.05946,1.05952,1.05907,1.05921,1276840000
1698727500000,1.05922,1.05948,1.05916,1.05938,1103510000
1698728400000,1.05938,1.05957,1.05926,1.05953,1386190000
1698729300000,1.05953,1.05988,1.05949,1.05976,1196340000
1698730200000,1.05975,1.05988,1.05968,1.05975,1877470000
1698731100000,1.05975,1.05988,1.05957,1.05985,1053470000
1698732000000,1.05987,1.05991,1.05942,1.0596,1483410000
1698732900000,1.0596,1.06032,1.05955,1.06026,1542200000
1698733800000,1.06027,1.06088,1.06023,1.06079,2945720000
1698734700000,1.06078,1.06091,1.06063,1.06086,1934020000
1698735600000,1.06086,1.06117,1.06034,1.06041,3811360000
1698736500000,1.06041,1.06107,1.06041,1.06106,2107880000
1698737400000,1.06105,1.06196,1.06099,1.06178,2950220000
1698738300000,1.06182,1.06258,1.06158,1.06212,3284920000
1698739200000,1.06212,1.06271,1.06154,1.06269,5240710000
1698740100000,1.06268,1.06325,1.06239,1.0632,3269320000
1698741000000,1.06318,1.06369,1.06318,1.06358,2785260000
1698741900000,1.06359,1.06458,1.06356,1.06453,4010050000
1698742800000,1.06452,1.06452,1.06409,1.06445,5752570000
1698743700000,1.06445,1.06453,1.06362,1.0637,4780970000
1698744600000,1.06369,1.06435,1.06354,1.06413,3468370000
1698745500000,1.06414,1.06748,1.06404,1.06684,8183350000
1698746400000,1.06681,1.06701,1.06522,1.06582,6197750000
1698747300000,1.06583,1.06664,1.0655,1.06622,3684180000
1698748200000,1.06623,1.06687,1.066,1.06618,3873100000
1698749100000,1.06619,1.06658,1.06613,1.06641,2665390000
1698750000000,1.0664,1.06657,1.06608,1.06639,4255200000
1698750900000,1.0664,1.06668,1.06574,1.06588,2729790000
1698751800000,1.06588,1.06591,1.06553,1.06573,3869580000
1698752700000,1.06573,1.06607,1.06555,1.06557,4060090000
1698753600000,1.06556,1.0657,1.0652,1.06552,5911710000
1698754500000,1.06552,1.06609,1.06549,1.0656,3268090000
1698755400000,1.06561,1.06561,1.06272,1.06298,11943510000
1698756300000,1.06298,1.0633,1.06212,1.0624,6891260000
1698757200000,1.0624,1.06257,1.06151,1.06154,7053970000
1698758100000,1.06157,1.06167,1.06037,1.06067,7823720000
1698759000000,1.06068,1.0612,1.06027,1.06089,7558670000
1698759900000,1.06089,1.06145,1.06012,1.06037,9390460000
1698760800000,1.06036,1.06148,1.05948,1.0613,10840860000
1698761700000,1.0613,1.06157,1.06061,1.06074,8419960000
1698762600000,1.06073,1.06136,1.0598,1.06052,6292760000
1698763500000,1.06053,1.06056,1.05969,1.06022,7233390000
1698764400000,1.06023,1.06055,1.05851,1.05941,8662580000
1698765300000,1.05941,1.05948,1.05815,1.05831,7796370000
1698766200000,1.05832,1.05866,1.05765,1.05768,6515400000
1698767100000,1.05767,1.05793,1.05662,1.05669,9266010000
1698768000000,1.05672,1.05745,1.05612,1.05639,9261530000
1698768900000,1.0564,1.05695,1.05601,1.05622,4655180000
1698769800000,1.05622,1.05638,1.05574,1.05622,3699510000
1698770700000,1.05622,1.05676,1.0561,1.05675,3370390000
1698771600000,1.05674,1.05802,1.05658,1.05757,5410440000
1698772500000,1.05757,1.0576,1.05698,1.05745,2968700000
1698773400000,1.05745,1.05746,1.05699,1.05726,1806960000
1698774300000,1.05725,1.0576,1.05682,1.0575,1914870000
1698775200000,1.05748,1.05782,1.05732,1.05741,2591430000
1698776100000,1.0574,1.05757,1.05724,1.05741,2597690000
1698777000000,1.0574,1.05783,1.05709,1.05779,2657480000
1698777900000,1.05779,1.05819,1.05771,1.05813,2112230000
1698778800000,1.05812,1.05849,1.05807,1.05835,2221440000
1698779700000,1.05835,1.05854,1.05816,1.05846,1252030000
1698780600000,1.05847,1.05856,1.05806,1.05822,2215020000
1698781500000,1.05823,1.0584,1.05801,1.05807,2738380000
1698782400000,1.05809,1.05835,1.05799,1.05799,1214230000
1698783300000,1.058,1.058,1.05748,1.0575,1193750000
1698784200000,1.0575,1.05754,1.05728,1.05742,931780000
1698785100000,1.05741,1.05756,1.05723,1.05725,819180000
1698786000000,1.05721,1.0575,1.0572,1.0574,118750000
1698786900000,1.0574,1.05757,1.0574,1.05752,335840000
1698787800000,1.05753,1.05764,1.05746,1.05759,211000000
1698788700000,1.05761,1.05767,1.0572,1.05749,389970000
1698789600000,1.05749,1.05794,1.05748,1.05769,443980000
1698790500000,1.05769,1.05776,1.0576,1.05769,307120000
1698791400000,1.05769,1.05784,1.05767,1.05779,424260000
1698792300000,1.0578,1.05794,1.05779,1.05793,594180000
1698793200000,1.05795,1.05804,1.05774,1.0578,1427400000
1698794100000,1.05782,1.05791,1.0578,1.05785,546600000
1698795000000,1.05785,1.05794,1.05771,1.05792,610860000
1698795900000,1.05791,1.05791,1.05774,1.0578,857400000
