timestamp,open,high,low,close,volume
1446415200000,1.10354,1.10357,1.10271,1.10289,1493.36
1446416100000,1.1029,1.10326,1.10271,1.103,694.12
1446417000000,1.103,1.10355,1.10298,1.103,1159.5
1446417900000,1.103,1.10377,1.103,1.10322,1169.54
1446418800000,1.10322,1.10322,1.10262,1.10262,1507.58
1446419700000,1.10262,1.1028,1.10211,1.10213,1369.27
1446420600000,1.10213,1.10222,1.10187,1.10188,713.14
1446421500000,1.10188,1.10239,1.10186,1.10228,559.59
1446422400000,1.10227,1.1023,1.10191,1.10191,897.05
1446423300000,1.10193,1.1022,1.1019,1.10197,735.47
1446424200000,1.10199,1.10288,1.10199,1.10246,1272.34
1446425100000,1.10248,1.10255,1.1018,1.1018,1298.23
1446426000000,1.10181,1.10251,1.1018,1.10245,923.26
1446426900000,1.10244,1.10292,1.1021,1.1025,1466.12
1446427800000,1.1025,1.10325,1.1025,1.1032,831.69
1446428700000,1.1032,1.10341,1.10238,1.1032,1901.86
1446429600000,1.10321,1.10321,1.10281,1.1029,729.3
1446430500000,1.10291,1.103,1.1027,1.10287,554.57
1446431400000,1.10287,1.10343,1.10281,1.10333,800.94
1446432300000,1.10332,1.10332,1.10269,1.10291,1227.83
1446433200000,1.10292,1.10292,1.10253,1.10253,926.43
1446434100000,1.1025,1.10292,1.10246,1.10274,679.45
1446435000000,1.10274,1.10291,1.10255,1.10271,829.47
1446435900000,1.1027,1.10325,1.10266,1.10311,622.78
1446436800000,1.1031,1.10312,1.1027,1.10289,421.04
1446437700000,1.1029,1.10294,1.1028,1.10293,399.28
1446438600000,1.10292,1.10321,1.10283,1.10283,553.58
1446439500000,1.10284,1.10294,1.10268,1.10293,221.93
1446440400000,1.10292,1.10292,1.1026,1.10262,329.63
1446441300000,1.10262,1.10293,1.1025,1.10258,572.46
1446442200000,1.10256,1.10385,1.10242,1.10351,1065.36
1446443100000,1.10351,1.10352,1.10315,1.10331,1686.05
1446444000000,1.1033,1.10381,1.10278,1.1034,1801.08
1446444900000,1.1034,1.10414,1.10329,1.1034,1544.95
1446445800000,1.10342,1.10343,1.1029,1.10293,648.78
1446446700000,1.10292,1.10295,1.10252,1.1026,992.92
1446447600000,1.1026,1.10337,1.10252,1.10296,1373.95
1446448500000,1.10296,1.10364,1.10285,1.10363,1496.51
1446449400000,1.10361,1.10392,1.1029,1.10385,1504.47
1446450300000,1.10389,1.10495,1.10381,1.10451,2236.27
1446451200000,1.10452,1.10461,1.10315,1.10334,2307.11
1446452100000,1.10333,1.10333,1.10171,1.10213,2557.8
1446453000000,1.10211,1.10334,1.10186,1.10288,2030.4
1446453900000,1.10289,1.10315,1.10123,1.10154,2477.73
1446454800000,1.10153,1.10323,1.10153,1.10292,2517.33
1446455700000,1.10292,1.10307,1.10251,1.10298,1925.75
1446456600000,1.10298,1.10317,1.10082,1.10088,3263.9
1446457500000,1.10087,1.10138,1.1004,1.10043,2514.99
1446458400000,1.10039,1.10089,1.10002,1.10053,2362.08
1446459300000,1.10054,1.10176,1.1005,1.1017,2423.78
1446460200000,1.1017,1.1023,1.1015,1.10228,1779.27
1446461100000,1.10229,1.10299,1.10201,1.10261,2072.82
1446462000000,1.10262,1.10284,1.10176,1.10183,2279.69
1446462900000,1.10182,1.10238,1.10133,1.10152,1816.97
1446463800000,1.10152,1.10152,1.10118,1.10147,1118.13
1446464700000,1.10147,1.10163,1.1012,1.10127,1111.45
1446465600000,1.1013,1.10157,1.10115,1.10116,1397.24
1446466500000,1.10116,1.1024,1.10092,1.10213,1897.35
1446467400000,1.10213,1.10275,1.1021,1.10243,1544.49
1446468300000,1.10244,1.10384,1.10212,1.10346,2404.59
1446469200000,1.10345,1.1036,1.10292,1.10328,2351.08
1446470100000,1.10326,1.10381,1.1031,1.10362,2251.18
1446471000000,1.10361,1.10399,1.10331,1.10369,2050.03
1446471900000,1.10371,1.10525,1.10367,1.10505,2939.77
1446472800000,1.10505,1.10505,1.10402,1.10411,2647.27
1446473700000,1.10412,1.10475,1.10374,1.10393,2458.78
1446474600000,1.10392,1.10444,1.10392,1.10395,1909.51
1446475500000,1.10396,1.10405,1.10319,1.10319,2735.01
1446476400000,1.10325,1.10439,1.1029,1.10358,3936.41
1446477300000,1.10356,1.10426,1.10341,1.10381,2818.18
1446478200000,1.10378,1.10394,1.10294,1.10306,2802.88
1446479100000,1.10306,1.10398,1.10305,1.10354,3757.27
1446480000000,1.10355,1.10357,1.10223,1.10244,3529.59
1446480900000,1.10242,1.10306,1.10227,1.10239,2689.84
1446481800000,1.1024,1.10275,1.10194,1.10258,2060.27
1446482700000,1.10258,1.10295,1.10231,1.10242,1553.05
1446483600000,1.10243,1.10258,1.10196,1.10201,1864.59
1446484500000,1.10202,1.10235,1.10162,1.10224,1255.93
1446485400000,1.10224,1.10235,1.10172,1.10176,1041.65
1446486300000,1.10177,1.10221,1.10154,1.10207,1469.97
1446487200000,1.1021,1.10214,1.10186,1.10212,773.64
1446488100000,1.10212,1.10301,1.1021,1.10295,1310.67
1446489000000,1.10296,1.10306,1.10265,1.10281,811.83
1446489900000,1.10281,1.10281,1.10209,1.10239,1357.06
1446490800000,1.10238,1.10242,1.10152,1.10178,989.15
1446491700000,1.1018,1.10204,1.10156,1.10181,669.16
1446492600000,1.10184,1.10209,1.10177,1.10196,660.55
1446493500000,1.10196,1.10219,1.10103,1.10115,1134.4
1446494400000,1.10118,1.10164,1.10106,1.10111,1491.39
1446495300000,1.10111,1.10124,1.10063,1.10085,1037.98
1446496200000,1.10087,1.10117,1.10074,1.10115,875.26
1446497100000,1.10117,1.10176,1.10108,1.1017,1415.77
1446498000000,1.1017,1.10182,1.10113,1.10125,1134.96
1446498900000,1.10125,1.10126,1.10105,1.10115,721.99
1446499800000,1.10114,1.10135,1.10112,1.10123,538.31
1446500700000,1.10123,1.10156,1.10123,1.10148,628.43
1446501600000,1.10146,1.10163,1.10071,1.10115,947.46
1446502500000,1.10115,1.10125,1.10113,1.10118,305.13
1446503400000,1.10121,1.10151,1.10118,1.10133,1175.99
1446504300000,1.10135,1.10139,1.10116,1.10133,1196.15
1446505200000,1.10133,1.10149,1.10122,1.10148,1019.74
1446506100000,1.10148,1.1015,1.10132,1.10137,369.28
1446507000000,1.10138,1.10179,1.10136,1.10176,243.95
1446507900000,1.10176,1.10188,1.10135,1.10146,870.18
1446508800000,1.10145,1.10187,1.10145,1.10166,621.81
1446509700000,1.10166,1.10166,1.10132,1.10132,1030.41
1446510600000,1.10133,1.10154,1.10109,1.10133,639.33
1446511500000,1.10132,1.10146,1.10093,1.10095,776.51
1446512400000,1.10095,1.10108,1.10068,1.10103,734.65
1446513300000,1.10103,1.10145,1.10103,1.10109,666.47
1446514200000,1.10108,1.1012,1.10092,1.10107,605.66
1446515100000,1.10107,1.10132,1.10104,1.10105,618.25
1446516000000,1.10106,1.10133,1.10105,1.1012,641.54
1446516900000,1.10122,1.10155,1.10122,1.10135,412.2
1446517800000,1.10136,1.10146,1.1013,1.10133,197.89
1446518700000,1.10133,1.10148,1.10111,1.10146,414.65
1446519600000,1.10146,1.10156,1.10126,1.10136,506.87
1446520500000,1.10135,1.10138,1.10117,1.10119,603.72
1446521400000,1.10122,1.10162,1.10116,1.10142,1167.81
1446522300000,1.10142,1.10156,1.10112,1.10153,970.57
1446523200000,1.10153,1.10185,1.10146,1.1018,652.36
1446524100000,1.10182,1.10189,1.10153,1.10153,885.07
1446525000000,1.10153,1.10189,1.10153,1.10184,945.64
1446525900000,1.10187,1.102,1.10172,1.10181,726.36
1446526800000,1.10181,1.10183,1.10155,1.10177,585.5
1446527700000,1.10176,1.10193,1.10174,1.10181,285.34
1446528600000,1.10179,1.10196,1.10176,1.10182,722.41
1446529500000,1.10182,1.10195,1.10174,1.10195,595.17
1446530400000,1.10194,1.10195,1.10181,1.10192,604.45
1446531300000,1.10191,1.10194,1.1017,1.10179,978.73
1446532200000,1.10179,1.1023,1.10176,1.10227,844.38
1446533100000,1.10227,1.10286,1.10215,1.10253,1046.77
1446534000000,1.10253,1.10298,1.1024,1.10287,1421.27
1446534900000,1.10286,1.10301,1.10244,1.10253,1410.69
1446535800000,1.10253,1.10262,1.10203,1.10217,1043.9
1446536700000,1.10217,1.10277,1.10196,1.10223,1409.22
1446537600000,1.10222,1.10256,1.10167,1.10173,1897.1
1446538500000,1.10174,1.10189,1.1005,1.10087,2661.63
1446539400000,1.10086,1.10146,1.09984,1.10024,2619.68
1446540300000,1.10025,1.10026,1.09907,1.09947,3254.77
1446541200000,1.09943,1.09976,1.09917,1.09923,2175.6
1446542100000,1.09923,1.09934,1.09777,1.09865,3207.94
1446543000000,1.09865,1.09949,1.09858,1.09947,2123.69
1446543900000,1.09947,1.09948,1.09838,1.09853,2253.4
1446544800000,1.09847,1.09893,1.09794,1.0987,2385.57
1446545700000,1.0987,1.0987,1.0977,1.09806,2683.94
1446546600000,1.09806,1.09844,1.09787,1.09791,2098.11
1446547500000,1.09791,1.09793,1.09715,1.09731,2870.27
1446548400000,1.09728,1.09786,1.09724,1.09746,2123.9
1446549300000,1.09747,1.09838,1.09713,1.09828,2143.08
1446550200000,1.09827,1.09856,1.09784,1.09816,2785.35
1446551100000,1.09816,1.09817,1.09713,1.0972,4511.88
1446552000000,1.09717,1.09757,1.09683,1.09735,2867.1
1446552900000,1.09735,1.09789,1.09701,1.09728,1911.1
1446553800000,1.09729,1.09806,1.09729,1.09777,1681.93
1446554700000,1.09777,1.09798,1.09732,1.09784,1946.56
1446555600000,1.09783,1.09813,1.09726,1.09764,2253.39
1446556500000,1.09762,1.09772,1.09619,1.09623,2509.42
1446557400000,1.09623,1.09645,1.09576,1.09592,3011.72
1446558300000,1.0959,1.09663,1.09572,1.09656,2569.82
1446559200000,1.09655,1.09655,1.09561,1.09576,2626.59
1446560100000,1.09575,1.09685,1.09572,1.09646,2328.04
1446561000000,1.09647,1.09673,1.09514,1.09565,3433.67
1446561900000,1.09564,1.09564,1.09363,1.09401,4335.1
1446562800000,1.09401,1.09575,1.09383,1.09548,3626.71
1446563700000,1.09547,1.09558,1.09389,1.09474,3868.32
1446564600000,1.09476,1.09476,1.09401,1.09466,2893.44
1446565500000,1.09465,1.09543,1.09435,1.09517,2907.5
1446566400000,1.09519,1.09568,1.09424,1.09447,3520.71
1446567300000,1.09447,1.09546,1.09412,1.09539,2916.09
1446568200000,1.09538,1.09547,1.09455,1.09455,2430.23
1446569100000,1.09455,1.09478,1.09403,1.0945,3043.94
1446570000000,1.09452,1.09524,1.09448,1.09502,1880.1
1446570900000,1.09501,1.09556,1.09442,1.09552,1763.18
1446571800000,1.0955,1.09641,1.09539,1.09616,2954.23
1446572700000,1.09616,1.09638,1.09573,1.09584,2412.04
1446573600000,1.09586,1.09699,1.09582,1.09677,2087.09
1446574500000,1.09677,1.09698,1.09641,1.09652,1617.45
1446575400000,1.09652,1.09664,1.09441,1.09457,2626.67
1446576300000,1.09457,1.09546,1.09441,1.09515,1497.26
1446577200000,1.09514,1.09526,1.09483,1.09505,1151.3
1446578100000,1.09505,1.09557,1.09492,1.09507,1203.64
1446579000000,1.09504,1.09569,1.09503,1.09562,918.29
1446579900000,1.09561,1.09654,1.0956,1.09644,1685.96
1446580800000,1.09643,1.09654,1.09602,1.09602,1094.69
1446581700000,1.09603,1.09644,1.09592,1.09641,1023.26
1446582600000,1.09642,1.09667,1.09606,1.09661,1202.2
1446583500000,1.09659,1.09668,1.09622,1.09628,1036.36
1446584400000,1.09633,1.09659,1.09626,1.09655,755.76
1446585300000,1.09654,1.09678,1.09621,1.09646,783.29
1446586200000,1.09643,1.09653,1.09592,1.09597,832.88
1446587100000,1.09596,1.09688,1.09584,1.09625,1584.73
1446588000000,1.0962,1.09651,1.09573,1.09623,698.15
1446588900000,1.09621,1.09621,1.09584,1.09593,743.57
1446589800000,1.09589,1.09631,1.09589,1.09606,1467.5
1446590700000,1.09606,1.09626,1.09604,1.09622,1368.42
1446591600000,1.09623,1.09657,1.09617,1.09636,2929.99
1446592500000,1.09633,1.09678,1.09625,1.09671,768.76
1446593400000,1.09674,1.09676,1.09641,1.09641,777.71
1446594300000,1.09642,1.09642,1.09612,1.09617,593.41
1446681600000,1.08635,1.08654,1.0858,1.08602,1202.41
1446682500000,1.08603,1.08676,1.08602,1.08659,1078.25
1446683400000,1.08659,1.08665,1.08619,1.0862,1148.71
1446684300000,1.08621,1.08638,1.08571,1.08622,1446.96
1446685200000,1.08622,1.08649,1.08614,1.08649,824.65
1446686100000,1.08651,1.08732,1.08651,1.08687,1660.76
1446687000000,1.08686,1.08721,1.08667,1.08681,1295.69
1446687900000,1.0868,1.08719,1.08679,1.08701,1259.94
1446688800000,1.08702,1.08714,1.08639,1.08666,1519.9
1446689700000,1.08663,1.08672,1.08639,1.08657,1041.76
1446690600000,1.08657,1.08696,1.08657,1.08661,1044.06
1446691500000,1.08661,1.08705,1.08659,1.08695,1146.62
1446692400000,1.08695,1.08714,1.08681,1.08713,852.72
1446693300000,1.08713,1.08734,1.08672,1.08682,966.4
1446694200000,1.08681,1.08713,1.08681,1.08713,1177.25
1446695100000,1.08713,1.08766,1.08712,1.08747,1121.87
1446696000000,1.08746,1.08752,1.08738,1.08738,590.02
1446696900000,1.08738,1.0875,1.0872,1.08724,674.7
1446697800000,1.08723,1.08724,1.087,1.08702,711.55
1446698700000,1.08701,1.08722,1.08699,1.08707,675.19
1446699600000,1.08707,1.08707,1.08687,1.08693,749.98
1446700500000,1.08694,1.08722,1.08694,1.08712,507.1
1446701400000,1.08713,1.0872,1.08672,1.08678,836.64
1446702300000,1.08679,1.08733,1.08678,1.08716,961.69
1446703200000,1.08717,1.08734,1.08711,1.08733,926.93
1446704100000,1.08733,1.08744,1.08636,1.08638,1290.18
1446705000000,1.08639,1.08647,1.08612,1.08622,1256.24
1446705900000,1.08622,1.08644,1.08588,1.08633,1306.79
1446706800000,1.08633,1.08633,1.0854,1.08601,1851.43
1446707700000,1.08601,1.08601,1.08476,1.08502,2027.66
1446708600000,1.08503,1.0851,1.08415,1.0849,2141.28
1446709500000,1.08489,1.08491,1.08336,1.08361,2167.89
1446710400000,1.08361,1.08633,1.08359,1.08591,2785.44
1446711300000,1.08588,1.08834,1.0858,1.08707,4282.5
1446712200000,1.08709,1.08722,1.08651,1.08683,2982.94
1446713100000,1.08683,1.08916,1.08681,1.0883,3463.11
1446714000000,1.08834,1.08923,1.08741,1.08778,2893.13
1446714900000,1.0878,1.08826,1.08676,1.08691,2748.06
1446715800000,1.08692,1.08727,1.08628,1.08666,2710.3
1446716700000,1.08666,1.08767,1.08647,1.08649,2150.8
1446717600000,1.0865,1.08689,1.0857,1.08575,3347.26
1446718500000,1.08574,1.08591,1.08505,1.08582,2968
1446719400000,1.08582,1.08602,1.08522,1.08542,2306.37
1446720300000,1.08543,1.08642,1.08541,1.08614,2438.01
1446721200000,1.08614,1.08624,1.08545,1.08587,1777.11
1446722100000,1.08582,1.0863,1.08557,1.08608,1943.39
1446723000000,1.08607,1.08637,1.08557,1.08622,1809.15
1446723900000,1.08622,1.08733,1.0861,1.08732,1668.18
1446724800000,1.08727,1.08805,1.08626,1.08746,4800.51
1446725700000,1.08745,1.08849,1.0871,1.08765,3245.21
1446726600000,1.08769,1.088,1.08716,1.08755,2698.41
1446727500000,1.08754,1.08829,1.08739,1.08786,2505.02
1446728400000,1.08786,1.08876,1.0877,1.08823,3029.53
1446729300000,1.08824,1.08914,1.08782,1.08805,2842.38
1446730200000,1.08815,1.08972,1.08699,1.08802,3599.71
1446731100000,1.088,1.08926,1.08721,1.08808,3316.99
1446732000000,1.08804,1.08921,1.08754,1.08823,3048.82
1446732900000,1.08823,1.08881,1.08738,1.08875,2716.53
1446733800000,1.08873,1.08931,1.0883,1.08847,3617.16
1446734700000,1.08845,1.08845,1.08688,1.08689,3342.78
1446735600000,1.0869,1.08763,1.08655,1.08668,4041.6
1446736500000,1.08669,1.08762,1.08589,1.08661,4074.82
1446737400000,1.08665,1.08733,1.0863,1.0863,3444.02
1446738300000,1.08629,1.08668,1.08579,1.08647,3213.19
1446739200000,1.08646,1.08708,1.08594,1.0868,3187.34
1446740100000,1.08679,1.0873,1.08642,1.08728,2901.54
1446741000000,1.08728,1.08769,1.08666,1.08751,2317.38
1446741900000,1.08751,1.08758,1.08675,1.08686,2223.97
1446742800000,1.08685,1.08758,1.08676,1.0875,1940.66
1446743700000,1.0875,1.08751,1.08648,1.08655,1625.24
1446744600000,1.08656,1.08669,1.08626,1.08648,1687.48
1446745500000,1.08648,1.0867,1.0861,1.08647,1624.32
1446746400000,1.08645,1.08694,1.08636,1.08688,989.43
1446747300000,1.08688,1.08744,1.08678,1.08712,1391.07
1446748200000,1.08712,1.08756,1.08694,1.08738,1522.61
1446749100000,1.08739,1.08754,1.08698,1.08715,942.96
1446750000000,1.08715,1.08766,1.08702,1.08765,966.89
1446750900000,1.08766,1.08861,1.0876,1.0884,1396.11
1446751800000,1.08841,1.08898,1.08836,1.08845,1174.82
1446752700000,1.08845,1.08872,1.08822,1.08852,908.84
1446753600000,1.08859,1.08891,1.08832,1.08877,1253.52
1446754500000,1.08876,1.0888,1.08811,1.08816,1344.15
1446755400000,1.08815,1.08823,1.08753,1.08757,1177.66
1446756300000,1.08757,1.08792,1.08741,1.08764,972.05
1446757200000,1.08764,1.08812,1.08751,1.0878,442.85
1446758100000,1.08779,1.08813,1.08758,1.08805,652.75
1446759000000,1.08804,1.08805,1.08784,1.08798,796.79
1446759900000,1.08798,1.08839,1.08778,1.08833,621.29
1446760800000,1.08831,1.08836,1.08809,1.08813,201.88
1446761700000,1.08814,1.08818,1.08807,1.08811,347.87
1446762600000,1.0881,1.08824,1.08785,1.08821,501.18
1446763500000,1.08821,1.08842,1.08821,1.08825,724.21
1446764400000,1.08825,1.08833,1.08807,1.08811,1450.46
1446765300000,1.08811,1.0882,1.08806,1.08813,130.91
1446766200000,1.08813,1.08849,1.08813,1.08848,433.77
1446767100000,1.08849,1.08849,1.08829,1.08835,534.31
1446768000000,1.08834,1.08864,1.08819,1.08857,876.64
1446768900000,1.08857,1.0888,1.08838,1.08857,904
1446769800000,1.08851,1.0886,1.08822,1.08836,1055.54
1446770700000,1.08834,1.08839,1.08791,1.08807,1016.14
1446771600000,1.08808,1.08857,1.08807,1.08857,926.08
1446772500000,1.08856,1.08867,1.08847,1.08855,712.15
1446773400000,1.08857,1.08871,1.0884,1.08858,875.33
1446774300000,1.08857,1.08882,1.0885,1.08872,1019.38
1446775200000,1.08871,1.08879,1.08845,1.08875,1308.52
1446776100000,1.08875,1.0891,1.08855,1.08898,1195.39
1446777000000,1.08897,1.089,1.08881,1.08886,489.52
1446777900000,1.08886,1.08918,1.0888,1.08887,742.59
1446778800000,1.08889,1.08937,1.08875,1.08876,1180.74
1446779700000,1.08876,1.08888,1.08845,1.08865,1053.18
1446780600000,1.08865,1.08867,1.0884,1.08854,756.06
1446781500000,1.08855,1.08879,1.08855,1.08873,473.4
1446782400000,1.08873,1.08873,1.08843,1.0885,724.2
1446783300000,1.0885,1.08856,1.08839,1.08844,592.71
1446784200000,1.08843,1.08843,1.0882,1.0882,683.58
1446785100000,1.0882,1.08839,1.08774,1.08831,888.86
1446786000000,1.08829,1.08829,1.08787,1.08813,1016.71
1446786900000,1.08813,1.08828,1.08793,1.088,616.35
1446787800000,1.088,1.08834,1.088,1.08828,477.83
1446788700000,1.08829,1.08847,1.08817,1.08821,746.74
1446789600000,1.08819,1.08839,1.0879,1.08793,701.98
1446790500000,1.08792,1.08797,1.08709,1.08719,1555.04
1446791400000,1.0872,1.08775,1.08701,1.08706,1117.11
1446792300000,1.08707,1.08726,1.08643,1.08652,1228.67
1446793200000,1.08651,1.08745,1.08629,1.08719,1813.23
1446794100000,1.0872,1.08753,1.08699,1.08735,1143.36
1446795000000,1.08735,1.08783,1.08688,1.08711,1547.33
1446795900000,1.08711,1.08749,1.08693,1.08733,965.09
1446796800000,1.08733,1.08853,1.08733,1.08811,2383.63
1446797700000,1.08811,1.08852,1.08771,1.08803,2309.78
1446798600000,1.08803,1.08823,1.08731,1.08752,2036.09
1446799500000,1.08752,1.08777,1.08705,1.08718,1879.24
1446800400000,1.08718,1.08763,1.08711,1.08762,2099.64
1446801300000,1.08762,1.08767,1.08702,1.08733,1786.2
1446802200000,1.08733,1.08737,1.08657,1.08685,2316.72
1446803100000,1.08685,1.08696,1.08648,1.08653,1911.11
1446804000000,1.08652,1.0869,1.08641,1.08653,2019.27
1446804900000,1.08652,1.08725,1.08652,1.08714,2168.95
1446805800000,1.08713,1.08753,1.087,1.08743,2225.65
1446806700000,1.08742,1.08761,1.08708,1.08739,2601.97
1446807600000,1.08738,1.08801,1.087,1.08792,2216.97
1446808500000,1.08791,1.08822,1.0876,1.08803,2277.77
1446809400000,1.08802,1.08842,1.08761,1.08834,1455.01
1446810300000,1.08834,1.08845,1.08771,1.08771,2378.96
1446811200000,1.0877,1.08804,1.08751,1.08796,2225.02
1446812100000,1.08797,1.08818,1.0877,1.08778,2671.25
1446813000000,1.08777,1.08778,1.08717,1.08722,2350.62
1446813900000,1.08723,1.08754,1.08661,1.08709,3094.31
1446814800000,1.0871,1.08801,1.08609,1.08645,3516.69
1446815700000,1.08644,1.08684,1.08321,1.08321,3530.39
1446816600000,1.0835,1.08455,1.07056,1.07383,10356.44
1446817500000,1.07383,1.07399,1.07232,1.07346,5424.02
1446818400000,1.07347,1.0738,1.0708,1.07186,5876.86
1446819300000,1.07187,1.07377,1.07073,1.07267,5689.73
1446820200000,1.07265,1.07373,1.07213,1.07298,4282.16
1446821100000,1.07298,1.07437,1.0721,1.07356,5604.83
1446822000000,1.07356,1.0752,1.0734,1.07477,5647.2
1446822900000,1.07477,1.07486,1.07324,1.0735,4548.64
1446823800000,1.07349,1.07485,1.07261,1.07443,5227.23
1446824700000,1.07444,1.07487,1.07376,1.07412,3555.96
1446825600000,1.07412,1.07496,1.07386,1.07425,3733.46
1446826500000,1.07429,1.07473,1.07354,1.07472,3483.1
1446827400000,1.0747,1.07518,1.07449,1.07474,3274.51
1446828300000,1.07475,1.07493,1.07394,1.07448,2362.66
1446829200000,1.07454,1.07465,1.07347,1.07374,2281.53
1446830100000,1.07374,1.07374,1.07311,1.07336,2030.67
1446831000000,1.07336,1.07386,1.07292,1.07321,2586.6
1446831900000,1.07321,1.07406,1.07273,1.07365,2003.48
1446832800000,1.07366,1.07402,1.0722,1.07256,1988.65
1446833700000,1.07256,1.07316,1.07205,1.07305,1283.12
1446834600000,1.07305,1.07368,1.073,1.07355,1298.35
1446835500000,1.07355,1.07472,1.07355,1.07441,2466.24
1446836400000,1.07441,1.07443,1.07326,1.07364,1476.5
1446837300000,1.07365,1.07435,1.07365,1.07371,1322.45
1446838200000,1.07372,1.07453,1.07371,1.07443,1242.51
1446839100000,1.07443,1.07471,1.07425,1.07454,1560.18
1446840000000,1.07455,1.0746,1.07385,1.07447,1437.58
1446840900000,1.07447,1.07464,1.07362,1.07393,1099.16
1446841800000,1.07392,1.07439,1.07357,1.07405,1169.02
1446842700000,1.07406,1.07464,1.07381,1.07438,1419.08
1446843600000,1.07436,1.07456,1.07405,1.0741,1100.51
1446844500000,1.07411,1.07432,1.07404,1.07406,624
1446845400000,1.07408,1.07412,1.07371,1.07392,459.26
1446846300000,1.07391,1.07444,1.07372,1.07377,1303.29
1447020000000,1.07284,1.07354,1.07284,1.07351,337.94
1447020900000,1.07352,1.07353,1.07306,1.07322,433.01
1447021800000,1.07324,1.07335,1.07302,1.07311,458.34
1447022700000,1.07311,1.0732,1.07286,1.07303,882.44
1447023600000,1.07308,1.07309,1.07195,1.072,1668.15
1447024500000,1.072,1.07275,1.07198,1.07272,1496.32
1447025400000,1.07274,1.07308,1.07264,1.07301,851.88
1447026300000,1.07301,1.07336,1.07292,1.07292,780.29
1447027200000,1.07291,1.07402,1.07272,1.07376,1446.18
1447028100000,1.07376,1.07427,1.07333,1.07395,1018.08
1447029000000,1.07394,1.07406,1.07366,1.07371,735.89
1447029900000,1.07371,1.07382,1.07297,1.07305,1551.56
1447030800000,1.07303,1.07395,1.07295,1.07394,1023.8
1447031700000,1.0739,1.07394,1.07359,1.0738,627.13
1447032600000,1.0738,1.07433,1.0737,1.07421,1213.92
1447033500000,1.07421,1.0749,1.0742,1.07474,1312.89
1447034400000,1.07478,1.07506,1.07456,1.07462,1398.38
1447035300000,1.07463,1.07511,1.0746,1.07484,1113.09
1447036200000,1.07484,1.07613,1.07479,1.07601,1156.71
1447037100000,1.076,1.07606,1.07562,1.07587,1547.62
1447038000000,1.07588,1.07693,1.07586,1.0764,1928.29
1447038900000,1.07641,1.07691,1.07631,1.07658,1054.23
1447039800000,1.07658,1.0766,1.07611,1.07613,563.84
1447040700000,1.07614,1.07665,1.0761,1.07662,686.97
1447041600000,1.07661,1.07673,1.0765,1.07651,752.31
1447042500000,1.07651,1.07666,1.07648,1.07657,1000.65
1447043400000,1.07657,1.0769,1.07652,1.07656,823.75
1447044300000,1.07657,1.07711,1.07639,1.07686,1104.34
1447045200000,1.07685,1.07701,1.07677,1.07683,801.16
1447046100000,1.07682,1.07706,1.07667,1.07667,1132.69
1447047000000,1.07667,1.0768,1.07637,1.07645,1146.12
1447047900000,1.07645,1.07659,1.07615,1.07647,1031.94
1447048800000,1.07648,1.07708,1.07641,1.07706,1306.83
1447049700000,1.07706,1.07713,1.07676,1.07696,839.18
1447050600000,1.07696,1.07708,1.0766,1.07706,666.2
1447051500000,1.07706,1.07709,1.07642,1.07692,1277.59
1447052400000,1.0769,1.07707,1.07565,1.07568,2551.99
1447053300000,1.07568,1.07624,1.07532,1.07622,2734.94
1447054200000,1.07621,1.0763,1.07553,1.07585,2096.25
1447055100000,1.07582,1.07739,1.0758,1.07645,2625.14
1447056000000,1.07646,1.07736,1.07632,1.0769,2603.76
1447056900000,1.0769,1.07737,1.07669,1.07702,2282.22
1447057800000,1.077,1.07778,1.0766,1.07736,2259.89
1447058700000,1.07732,1.07732,1.07644,1.07646,2483.31
1447059600000,1.07646,1.07656,1.07587,1.07622,2801.39
1447060500000,1.07622,1.07754,1.07622,1.07701,2970.46
1447061400000,1.077,1.07746,1.07665,1.07708,2873.92
1447062300000,1.07708,1.07723,1.07646,1.07698,1819.44
1447063200000,1.07698,1.07723,1.0767,1.07709,2301.4
1447064100000,1.0771,1.07826,1.07703,1.07807,2069.72
1447065000000,1.07807,1.07899,1.07789,1.07857,3182.35
1447065900000,1.07856,1.07879,1.07759,1.07771,3452.62
1447066800000,1.0777,1.07772,1.077,1.07729,2790.84
1447067700000,1.07728,1.07761,1.07681,1.07739,2471.92
1447068600000,1.07739,1.0787,1.0772,1.07809,2814.6
1447069500000,1.07808,1.07822,1.0777,1.07797,2396.09
1447070400000,1.07797,1.07869,1.07788,1.07857,2724.74
1447071300000,1.07857,1.07864,1.07806,1.07838,2143.26
1447072200000,1.07838,1.07846,1.07795,1.07838,3214.78
1447073100000,1.07838,1.07858,1.07748,1.07754,2640.69
1447074000000,1.07755,1.07763,1.07703,1.07756,3322.64
1447074900000,1.07757,1.07778,1.07606,1.07614,3792.99
1447075800000,1.07616,1.07616,1.07349,1.07409,5493.61
1447076700000,1.07412,1.07474,1.07362,1.07416,4649.48
1447077600000,1.07416,1.07522,1.07407,1.07448,3638.35
1447078500000,1.07448,1.07463,1.07272,1.07291,4166.66
1447079400000,1.07292,1.07405,1.07267,1.0738,4568.74
1447080300000,1.07378,1.07398,1.07286,1.07313,4129.94
1447081200000,1.07313,1.07441,1.07266,1.07428,4631.75
1447082100000,1.07428,1.07589,1.07389,1.07517,4470.04
1447083000000,1.07517,1.07569,1.07474,1.07518,3345.17
1447083900000,1.07518,1.07518,1.07388,1.07459,3647.72
1447084800000,1.0746,1.07547,1.0743,1.07496,3392.15
1447085700000,1.07497,1.07826,1.07497,1.07717,4306.39
1447086600000,1.07717,1.0776,1.07661,1.07675,3768.12
1447087500000,1.07676,1.07737,1.07652,1.07665,3056.6
1447088400000,1.07666,1.0769,1.07604,1.07605,2077.94
1447089300000,1.07604,1.0766,1.07595,1.07645,1764.17
1447090200000,1.07647,1.07651,1.07564,1.07565,1479.72
1447091100000,1.07564,1.07606,1.07544,1.07576,1439.77
1447092000000,1.07574,1.07676,1.07568,1.07625,1439.77
1447092900000,1.07624,1.07636,1.07538,1.07564,1354.89
1447093800000,1.07564,1.07639,1.07534,1.07604,1529.21
1447094700000,1.07604,1.07644,1.07594,1.07624,984.4
1447095600000,1.07623,1.07636,1.07554,1.0759,1319
1447096500000,1.07592,1.0761,1.07543,1.07595,1563.45
1447097400000,1.07595,1.07618,1.07567,1.0758,1246.34
1447098300000,1.0758,1.07595,1.07559,1.07574,1384.12
1447099200000,1.07577,1.07639,1.07558,1.07639,684.06
1447100100000,1.07639,1.07639,1.07576,1.07585,1201.07
1447101000000,1.07585,1.0759,1.07548,1.07559,916.02
1447101900000,1.0756,1.07577,1.07529,1.0756,1000.28
1447102800000,1.07561,1.07572,1.07524,1.07537,513.33
1447103700000,1.07538,1.07548,1.07498,1.07503,416.32
1447104600000,1.075,1.07505,1.07471,1.07476,779.45
1447105500000,1.07475,1.07518,1.07454,1.07511,772.2
1447106400000,1.07519,1.07519,1.07474,1.07504,249.08
1447107300000,1.07503,1.07531,1.075,1.07506,1070.46
1447108200000,1.07504,1.07525,1.07504,1.07525,1491.71
1447109100000,1.07524,1.07564,1.07523,1.07559,2139.08
1447110000000,1.07559,1.07561,1.07527,1.07546,1671.1
1447110900000,1.07545,1.07584,1.07536,1.07583,1105.36
1447111800000,1.07583,1.07619,1.07577,1.07606,1019.54
1447112700000,1.07607,1.07614,1.07573,1.07599,443.92
1447113600000,1.07601,1.0761,1.07535,1.07537,1012.54
1447114500000,1.07537,1.07587,1.07505,1.07547,1144.28
1447115400000,1.07546,1.07564,1.07513,1.07526,1122.63
1447116300000,1.07527,1.07566,1.07523,1.07546,1414.28
1447117200000,1.07547,1.07599,1.07545,1.07567,1026.75
1447118100000,1.07566,1.07575,1.07543,1.07547,764
1447119000000,1.07546,1.07547,1.07487,1.0752,1837.02
1447119900000,1.07521,1.07546,1.07494,1.07495,1104.18
1447120800000,1.07495,1.07524,1.07464,1.0748,1042.55
1447121700000,1.07481,1.07521,1.0747,1.0751,799.07
1447122600000,1.0751,1.0755,1.07507,1.07539,806.38
1447123500000,1.07539,1.07551,1.07503,1.0754,1257.24
1447124400000,1.07542,1.07543,1.07489,1.0749,640.12
1447125300000,1.07489,1.07493,1.07459,1.07477,576.21
1447126200000,1.07476,1.07494,1.07469,1.07485,1043.66
1447127100000,1.07485,1.0751,1.07473,1.07496,1045.09
1447128000000,1.07495,1.07508,1.07478,1.07488,571.91
1447128900000,1.07487,1.07498,1.07467,1.07497,501.23
1447129800000,1.07496,1.07497,1.07435,1.07457,624.12
1447130700000,1.07456,1.07457,1.07405,1.07433,898.58
1447131600000,1.07434,1.07443,1.07392,1.07417,977.04
1447132500000,1.07416,1.0744,1.07373,1.07411,1162.3
1447133400000,1.07411,1.07454,1.07401,1.0745,722.54
1447134300000,1.0745,1.0747,1.07413,1.07464,1201.79
1447135200000,1.07463,1.07506,1.07463,1.07475,1294.53
1447136100000,1.07475,1.07476,1.07432,1.07455,1464.62
1447137000000,1.07455,1.07478,1.07448,1.07461,560.16
1447137900000,1.07462,1.07468,1.07416,1.07439,894.59
1447138800000,1.07438,1.07463,1.07398,1.07429,822.7
1447139700000,1.07438,1.07537,1.0743,1.07532,1079.43
1447140600000,1.07531,1.07591,1.07484,1.07559,1129.61
1447141500000,1.07559,1.07639,1.07549,1.07591,1431.75
1447142400000,1.0759,1.0764,1.07475,1.07477,2349.31
1447143300000,1.07477,1.07599,1.07476,1.07536,2244.24
1447144200000,1.07535,1.07536,1.07477,1.07497,1900.49
1447145100000,1.07496,1.07512,1.0742,1.07479,1803.49
1447146000000,1.07478,1.07486,1.07388,1.07406,1755.15
1447146900000,1.07407,1.07407,1.07299,1.07327,2349.39
1447147800000,1.07326,1.07419,1.07317,1.07419,2242.69
1447148700000,1.07418,1.07448,1.07332,1.07366,1734.44
1447149600000,1.07365,1.07436,1.07303,1.07428,1678.86
1447150500000,1.07428,1.07446,1.07393,1.07395,1425.97
1447151400000,1.07394,1.07427,1.07374,1.07407,1628.13
1447152300000,1.07408,1.07415,1.07329,1.07349,1750.73
1447153200000,1.0735,1.0739,1.07304,1.07362,2011.25
1447154100000,1.07361,1.07389,1.07296,1.07334,2095.93
1447155000000,1.07333,1.07334,1.07225,1.0727,2639.69
1447155900000,1.0727,1.07299,1.07224,1.07288,2020.37
1447156800000,1.07287,1.07337,1.0728,1.07304,1866.04
1447157700000,1.07305,1.07343,1.07264,1.07291,1924.19
1447158600000,1.07292,1.07374,1.07278,1.07319,2325.23
1447159500000,1.07319,1.07333,1.06975,1.07011,4940.21
1447160400000,1.07011,1.0711,1.07004,1.07109,3497.44
1447161300000,1.07109,1.07127,1.06885,1.06896,3786.55
1447162200000,1.069,1.06998,1.06856,1.06941,3885.87
1447163100000,1.06942,1.06979,1.06821,1.06956,3733.87
1447164000000,1.06956,1.07011,1.06919,1.06937,2725.26
1447164900000,1.06937,1.06955,1.06843,1.06895,3017.87
1447165800000,1.06893,1.06893,1.06771,1.06814,3969.06
1447166700000,1.06812,1.0685,1.06744,1.06844,3706.08
1447167600000,1.06841,1.0695,1.06816,1.06914,4108.09
1447168500000,1.06915,1.07072,1.06906,1.07055,3770.41
1447169400000,1.07055,1.07061,1.06916,1.06921,3727.34
1447170300000,1.06919,1.06941,1.06856,1.06922,3378.73
1447171200000,1.06923,1.07048,1.06914,1.07002,3076.49
1447172100000,1.07003,1.07013,1.0689,1.06894,2851.59
1447173000000,1.06897,1.0695,1.06857,1.06941,2213.94
1447173900000,1.06939,1.06939,1.06847,1.06853,1734.14
1447174800000,1.06854,1.06901,1.06815,1.06892,1662.54
1447175700000,1.06893,1.06912,1.06835,1.06912,2007.02
1447176600000,1.06912,1.06948,1.069,1.06942,1317.55
1447177500000,1.06941,1.0705,1.06941,1.07047,2227.3
1447178400000,1.07045,1.07047,1.06966,1.07038,2248.58
1447179300000,1.07046,1.07235,1.07037,1.07146,2714.45
1447180200000,1.07146,1.0719,1.07115,1.07147,1500.33
1447181100000,1.07148,1.0723,1.07144,1.07181,1383.94
1447182000000,1.07181,1.07187,1.07096,1.07102,1547.84
1447182900000,1.07104,1.0715,1.07086,1.07148,1067.41
1447183800000,1.07149,1.0715,1.07064,1.0707,879.94
1447184700000,1.0707,1.0707,1.07008,1.07059,1331.67
1447185600000,1.07059,1.07121,1.07037,1.07113,1075.1
1447186500000,1.07112,1.07174,1.07109,1.0715,936.66
1447187400000,1.07151,1.0716,1.07104,1.07109,945.15
1447188300000,1.07107,1.07176,1.07086,1.07147,1347.24
1447189200000,1.07146,1.07197,1.07142,1.07186,636.17
1447190100000,1.07186,1.07254,1.07184,1.07242,799.83
1447191000000,1.0724,1.07303,1.0724,1.073,1541.21
1447191900000,1.073,1.07301,1.07239,1.07241,1105.12
1447192800000,1.07241,1.07241,1.07209,1.07227,332.44
1447193700000,1.07227,1.07231,1.07192,1.07194,317.99
1447194600000,1.07194,1.07252,1.07173,1.07241,746.83
1447195500000,1.0724,1.07259,1.07205,1.07206,1075.28
1447196400000,1.07205,1.07231,1.07204,1.0723,1464.73
1447197300000,1.07231,1.0727,1.07218,1.07254,1031.58
1447198200000,1.07254,1.0741,1.07253,1.07387,1100.79
1447199100000,1.07387,1.07413,1.07364,1.07366,687
1447200000000,1.07365,1.07377,1.07317,1.07344,1335.79
1447200900000,1.07344,1.07447,1.07335,1.07337,1610.97
1447201800000,1.07338,1.07399,1.0733,1.07399,560.97
1447202700000,1.07399,1.07399,1.07291,1.07325,1840.02
1447203600000,1.07325,1.07389,1.07313,1.07359,1911.28
1447204500000,1.0736,1.07411,1.07358,1.07405,1269.14
1447205400000,1.07404,1.07491,1.07391,1.07461,1942.55
1447206300000,1.07462,1.0748,1.07433,1.07478,1371.84
1447207200000,1.0748,1.07553,1.07476,1.07532,1856.42
1447208100000,1.07531,1.07535,1.07495,1.0753,1652.91
1447209000000,1.07533,1.07612,1.07533,1.07572,2010.09
1447209900000,1.07571,1.07581,1.07548,1.07563,1547.29
1447210800000,1.07563,1.07582,1.07531,1.07533,1220.32
1447211700000,1.07532,1.07665,1.0752,1.07609,1327.33
1447212600000,1.07608,1.07651,1.07601,1.07636,1562.24
1447213500000,1.07635,1.07737,1.07629,1.077,2061.64
1447214400000,1.077,1.07705,1.07614,1.07621,1568.93
1447215300000,1.07622,1.07635,1.076,1.07607,764.55
1447216200000,1.07605,1.07618,1.07568,1.07576,1215.01
1447217100000,1.07576,1.07585,1.0757,1.07573,758.57
1447218000000,1.07573,1.07573,1.07546,1.07565,1005.76
1447218900000,1.07566,1.07567,1.07524,1.07544,1207.6
1447219800000,1.07545,1.07597,1.07523,1.07575,1248.21
1447220700000,1.07575,1.07638,1.07571,1.07587,1607.72
1447221600000,1.07586,1.07604,1.07514,1.07518,1341.65
1447222500000,1.07519,1.07526,1.07444,1.07448,1531.86
1447223400000,1.07447,1.07496,1.07443,1.07495,718.18
1447224300000,1.07494,1.07496,1.07419,1.07419,958.85
1447225200000,1.0742,1.07454,1.07361,1.07365,2221.88
1447226100000,1.07365,1.07473,1.07325,1.07461,1757.65
1447227000000,1.07461,1.07492,1.07415,1.07427,1707.54
1447227900000,1.07427,1.07527,1.07427,1.0749,1936.94
1447228800000,1.0749,1.07543,1.07419,1.07491,2333.1
1447229700000,1.0749,1.07581,1.07441,1.07483,2379.06
1447230600000,1.07483,1.07489,1.07376,1.07376,2305.61
1447231500000,1.07375,1.07408,1.0736,1.07389,1679.2
1447232400000,1.07389,1.07417,1.07336,1.07416,1719.6
1447233300000,1.07417,1.0747,1.07396,1.07405,1922.31
1447234200000,1.07406,1.07569,1.07399,1.07569,2834.49
1447235100000,1.07569,1.0759,1.07494,1.07496,1640.18
1447236000000,1.07496,1.07516,1.07457,1.0751,1290.5
1447236900000,1.0751,1.07518,1.07405,1.07447,2351.66
1447237800000,1.0745,1.0745,1.07402,1.07419,1445.97
1447238700000,1.07418,1.07453,1.07387,1.0739,1748
1447239600000,1.0739,1.07422,1.0735,1.07352,1614.75
1447240500000,1.07351,1.07378,1.07179,1.07202,2612.88
1447241400000,1.07202,1.07233,1.07158,1.07162,2381.79
1447242300000,1.07163,1.07208,1.07144,1.07168,1845.48
1447243200000,1.07168,1.07191,1.07113,1.07169,2309.87
1447244100000,1.0717,1.07187,1.07135,1.07139,1881.35
1447245000000,1.07139,1.07208,1.07131,1.0717,1664.56
1447245900000,1.07169,1.07233,1.07147,1.07147,2185.01
1447246800000,1.07147,1.07168,1.07059,1.07155,3446.76
1447247700000,1.07154,1.07312,1.0715,1.07272,2924.82
1447248600000,1.07273,1.07362,1.07251,1.07266,2337.67
1447249500000,1.07266,1.07343,1.07231,1.07341,2283.57
1447250400000,1.0734,1.07405,1.07327,1.07351,2917.67
1447251300000,1.0735,1.07493,1.07323,1.07445,3186.98
1447252200000,1.07448,1.07481,1.07359,1.0742,2946.5
1447253100000,1.0742,1.075,1.07382,1.0746,2591.47
1447254000000,1.0746,1.07538,1.07374,1.07407,2700.8
1447254900000,1.07406,1.07406,1.07332,1.07365,2324.36
1447255800000,1.07364,1.0739,1.07292,1.07343,2601.64
1447256700000,1.07344,1.07344,1.07072,1.07284,4341.65
1447257600000,1.07283,1.07296,1.07226,1.0724,3011.24
1447258500000,1.07239,1.07441,1.07221,1.07396,3030.54
1447259400000,1.07396,1.07468,1.07384,1.07385,1834.24
1447260300000,1.07385,1.07411,1.07331,1.07336,1334.33
1447261200000,1.07336,1.07368,1.07307,1.07349,1022.51
1447262100000,1.07349,1.0735,1.07268,1.0735,1353.35
1447263000000,1.0735,1.0735,1.07245,1.07259,716.37
1447263900000,1.07258,1.07296,1.07243,1.07285,1797.29
1447264800000,1.07285,1.07299,1.07256,1.07273,1343.11
1447265700000,1.07273,1.0736,1.07256,1.07351,1228.08
1447266600000,1.07351,1.07384,1.07346,1.0736,978.82
1447267500000,1.0736,1.07384,1.07345,1.07382,810.13
1447268400000,1.07384,1.07398,1.0732,1.07345,1666.01
1447269300000,1.07343,1.07449,1.07343,1.07419,1186.28
1447270200000,1.07419,1.07447,1.07412,1.07436,1485.51
1447271100000,1.07436,1.07446,1.07416,1.07419,729.66
1447272000000,1.0742,1.07423,1.07393,1.07414,933.31
1447272900000,1.07414,1.07433,1.07402,1.07413,1245.35
1447273800000,1.07413,1.07449,1.07393,1.07394,1135.35
1447274700000,1.07394,1.0743,1.07373,1.07423,1084.3
1447275600000,1.07426,1.07426,1.07372,1.07384,692.2
1447276500000,1.07384,1.07409,1.07372,1.07407,433.45
1447277400000,1.07407,1.07439,1.07406,1.07418,830.97
1447278300000,1.07418,1.07449,1.07374,1.07423,1141.33
1447279200000,1.07415,1.07476,1.07408,1.0746,714.82
1447280100000,1.0746,1.07478,1.07446,1.0746,1056.86
1447281000000,1.07459,1.07555,1.07456,1.0753,1617.56
1447281900000,1.07529,1.07605,1.07501,1.07581,1637.75
1447282800000,1.07581,1.0765,1.07554,1.07647,1706.44
1447283700000,1.07648,1.07654,1.07612,1.07625,1551.64
1447284600000,1.07628,1.07645,1.076,1.07628,627.68
1447285500000,1.07625,1.07638,1.07606,1.07633,801.18
1447286400000,1.07633,1.07634,1.07581,1.07624,1343.02
1447287300000,1.07625,1.07644,1.07574,1.0759,932.01
1447288200000,1.07585,1.07685,1.07583,1.07669,2139.75
1447289100000,1.07672,1.07675,1.07621,1.07665,1579.57
1447290000000,1.07666,1.07743,1.07648,1.0768,2457.12
1447290900000,1.0768,1.07803,1.0768,1.0776,1812.56
1447291800000,1.0776,1.078,1.07708,1.07714,1499.67
1447292700000,1.07712,1.07786,1.07692,1.07721,1999.72
1447293600000,1.07724,1.07745,1.07692,1.07745,1412.12
1447294500000,1.07745,1.07745,1.07669,1.07696,1929.71
1447295400000,1.07695,1.07705,1.07611,1.07631,2037.58
1447296300000,1.07633,1.07652,1.0761,1.07623,1116.37
1447297200000,1.07623,1.07668,1.07612,1.07665,833.38
1447298100000,1.07664,1.07664,1.07623,1.07637,1054.01
1447299000000,1.07638,1.0765,1.07614,1.07629,640.32
1447299900000,1.07629,1.07642,1.07611,1.07633,1186.21
1447300800000,1.07632,1.07643,1.07615,1.07642,1158.03
1447301700000,1.07642,1.07654,1.07608,1.07617,942.98
1447302600000,1.07619,1.07636,1.07604,1.0763,1217.48
1447303500000,1.0763,1.07634,1.07592,1.07606,752.14
1447304400000,1.07607,1.07613,1.0752,1.07524,1133.25
1447305300000,1.07524,1.07563,1.07516,1.0755,970.54
1447306200000,1.07552,1.07604,1.07547,1.0759,974.92
1447307100000,1.0759,1.07596,1.0756,1.0757,1080.17
1447308000000,1.07571,1.07581,1.0752,1.07558,1338.72
1447308900000,1.0756,1.07587,1.07529,1.07577,1184.97
1447309800000,1.07577,1.07598,1.07564,1.07596,1086.82
1447310700000,1.07596,1.07601,1.07542,1.07542,737.06
1447311600000,1.07544,1.07544,1.07453,1.07464,1943.94
1447312500000,1.07465,1.07483,1.0744,1.07478,1746.29
1447313400000,1.07478,1.075,1.07434,1.07463,1344.5
1447314300000,1.07465,1.07487,1.07429,1.07442,1379.29
1447315200000,1.07443,1.07507,1.07342,1.0745,3103.23
1447316100000,1.0745,1.07469,1.07394,1.07442,2158.06
1447317000000,1.07442,1.07472,1.06991,1.07043,5482.5
1447317900000,1.07043,1.07127,1.06912,1.07116,4259.68
1447318800000,1.07117,1.07246,1.0708,1.07191,3239.43
1447319700000,1.07194,1.07358,1.0717,1.07305,3758.48
1447320600000,1.07306,1.07325,1.07185,1.07212,2810
1447321500000,1.07212,1.07222,1.07085,1.07123,3071.8
1447322400000,1.07123,1.07195,1.07098,1.07179,3085.12
1447323300000,1.07181,1.07256,1.07181,1.07234,2470.54
1447324200000,1.07235,1.07332,1.07168,1.07201,2867.61
1447325100000,1.07203,1.07273,1.07173,1.07266,2318.44
1447326000000,1.07265,1.07265,1.07165,1.07193,1862.54
1447326900000,1.07194,1.07271,1.07191,1.07254,1887.3
1447327800000,1.07254,1.07255,1.07115,1.07134,2500.13
1447328700000,1.07134,1.07161,1.0708,1.07142,1933.29
1447329600000,1.07141,1.07195,1.07099,1.07194,1699.83
1447330500000,1.07195,1.07253,1.0717,1.07216,1767.22
1447331400000,1.07216,1.07216,1.07122,1.07172,2187.36
1447332300000,1.07173,1.07262,1.07136,1.07213,2493.19
1447333200000,1.07211,1.07316,1.07206,1.07269,3046.59
1447334100000,1.07269,1.07346,1.07207,1.07208,2757.31
1447335000000,1.07207,1.07397,1.07207,1.07336,3396.16
1447335900000,1.07334,1.07362,1.0724,1.07254,3194.1
1447336800000,1.07254,1.07295,1.0722,1.07274,2513.66
1447337700000,1.07275,1.07385,1.07253,1.07379,2605.82
1447338600000,1.07379,1.07949,1.07301,1.0786,6119.85
1447339500000,1.0786,1.07926,1.07671,1.07801,5831.98
1447340400000,1.078,1.08083,1.07634,1.07663,6277.2
1447341300000,1.07663,1.07723,1.07543,1.07619,4720.13
1447342200000,1.07619,1.07734,1.07564,1.0757,4357.25
1447343100000,1.07569,1.076,1.07498,1.07543,3457.15
1447344000000,1.07541,1.07591,1.07467,1.07544,3490.92
1447344900000,1.07543,1.07616,1.0751,1.07563,3489.38
1447345800000,1.07562,1.07702,1.07543,1.07685,3099.51
1447346700000,1.07685,1.07766,1.07658,1.07671,2628.49
1447347600000,1.0767,1.07823,1.07634,1.07803,2521.33
1447348500000,1.07803,1.08035,1.07785,1.08014,3868.78
1447349400000,1.08013,1.08018,1.07862,1.07868,2682.42
1447350300000,1.07869,1.07915,1.07748,1.07784,2414.32
1447351200000,1.07786,1.07809,1.07714,1.07734,2584.32
1447352100000,1.07734,1.07759,1.07663,1.07705,2413.13
1447353000000,1.07703,1.07753,1.07669,1.07743,1449.88
1447353900000,1.07743,1.07776,1.07692,1.077,1357.12
1447354800000,1.07699,1.07755,1.07685,1.07752,1064.38
1447355700000,1.07755,1.07828,1.07755,1.07823,1328.77
1447356600000,1.07819,1.07854,1.07782,1.0782,1214.35
1447357500000,1.0782,1.07973,1.078,1.07921,1484.24
1447358400000,1.07919,1.08025,1.07891,1.07924,1661.2
1447359300000,1.07923,1.07934,1.07873,1.07892,1507.21
1447360200000,1.07893,1.07974,1.07881,1.07962,1373.95
1447361100000,1.07962,1.083,1.07952,1.08095,3027.21
1447362000000,1.08096,1.08169,1.08072,1.08162,1330.11
1447362900000,1.0816,1.08233,1.08147,1.08196,1129.27
1447363800000,1.08194,1.082,1.08105,1.08121,1148.56
1447364700000,1.08123,1.08184,1.08121,1.08126,1740.19
1447365600000,1.0813,1.08146,1.0811,1.08122,248.46
1447366500000,1.08123,1.08123,1.08079,1.08082,716.58
1447367400000,1.08082,1.08132,1.08071,1.08102,958.18
1447368300000,1.08102,1.08103,1.0806,1.08064,1557.67
1447369200000,1.08063,1.08105,1.08041,1.0807,2276.06
1447370100000,1.0807,1.0807,1.08041,1.08051,418.93
1447371000000,1.08052,1.08106,1.0804,1.08094,623.78
1447371900000,1.08094,1.08169,1.08071,1.08081,733.34
1447372800000,1.08082,1.08094,1.08007,1.08034,1486.32
1447373700000,1.08034,1.08083,1.08021,1.08042,941.69
1447374600000,1.08042,1.08068,1.0802,1.08058,1496.91
1447375500000,1.08057,1.08057,1.08021,1.08041,1902.93
1447376400000,1.08042,1.08044,1.0796,1.07996,1859.36
1447377300000,1.07996,1.08039,1.07889,1.0791,1917.24
1447378200000,1.07911,1.07917,1.07851,1.07874,2175.07
1447379100000,1.07873,1.07906,1.07853,1.07875,1421.66
1447380000000,1.07873,1.07917,1.07862,1.07914,1330.71
1447380900000,1.07914,1.07918,1.07856,1.07867,1659.51
1447381800000,1.07866,1.07946,1.07864,1.07943,947.53
1447382700000,1.07943,1.07967,1.07902,1.07966,1206.55
1447383600000,1.07965,1.07965,1.07848,1.07872,1544.98
1447384500000,1.0787,1.07917,1.07864,1.07893,1052.27
1447385400000,1.07894,1.07956,1.07894,1.07953,988.59
1447386300000,1.07953,1.07954,1.07906,1.07932,1092.34
1447387200000,1.07932,1.07956,1.07901,1.07943,886.47
1447388100000,1.07945,1.07945,1.07919,1.07935,550.13
1447389000000,1.07935,1.07951,1.07921,1.07927,710.48
1447389900000,1.07927,1.07935,1.07911,1.07922,1027.83
1447390800000,1.07922,1.07925,1.079,1.07912,730.27
1447391700000,1.07911,1.07915,1.07896,1.07902,783.41
1447392600000,1.07902,1.07914,1.07871,1.07871,738.89
1447393500000,1.07872,1.07892,1.07842,1.07865,1275.99
1447394400000,1.07865,1.07865,1.07761,1.07764,1437.87
1447395300000,1.07765,1.07777,1.0772,1.07754,1179.89
1447396200000,1.07754,1.07815,1.07742,1.07815,1181.34
1447397100000,1.07813,1.07874,1.07802,1.0785,861.5
1447398000000,1.0785,1.07885,1.07807,1.07813,1328.17
1447398900000,1.07814,1.07828,1.07742,1.07742,1282.93
1447399800000,1.07742,1.07821,1.07734,1.07771,1866.31
1447400700000,1.07772,1.07816,1.07724,1.07787,1640.61
1447401600000,1.07784,1.07788,1.07681,1.07725,2541.6
1447402500000,1.07724,1.07743,1.07637,1.07707,2641.57
1447403400000,1.07707,1.07721,1.07554,1.07592,2744.22
1447404300000,1.07593,1.07626,1.07541,1.07559,2700.89
1447405200000,1.07561,1.07658,1.07552,1.07613,1931.85
1447406100000,1.07613,1.07653,1.0752,1.07532,2191.36
1447407000000,1.07533,1.07567,1.07529,1.07548,1673.04
1447407900000,1.07548,1.07567,1.0752,1.07561,1781.32
1447408800000,1.07561,1.07626,1.07536,1.07616,2553.37
1447409700000,1.0762,1.07679,1.07616,1.07667,1669.18
1447410600000,1.07667,1.07742,1.07659,1.0771,1760.12
1447411500000,1.07711,1.07775,1.07711,1.07733,2066.83
1447412400000,1.07733,1.07896,1.07727,1.07874,2004.46
1447413300000,1.07873,1.07983,1.07866,1.0797,2446.39
1447414200000,1.07967,1.08078,1.07945,1.08012,2775.17
1447415100000,1.08011,1.08011,1.07885,1.07896,2171.3
1447416000000,1.07899,1.07921,1.07867,1.07882,1933.64
1447416900000,1.07881,1.0789,1.07791,1.07802,1859.33
1447417800000,1.07802,1.07803,1.07718,1.07774,1794.32
1447418700000,1.07773,1.07773,1.07694,1.077,2458.54
1447419600000,1.077,1.07707,1.07622,1.07629,2963.15
1447420500000,1.07645,1.07685,1.07535,1.07537,3188.45
1447421400000,1.07538,1.07947,1.07412,1.07485,6187.82
1447422300000,1.07483,1.07544,1.07333,1.07352,4111.03
1447423200000,1.07352,1.07428,1.07229,1.07294,3561.78
1447424100000,1.07298,1.07411,1.07235,1.07408,3113.75
1447425000000,1.07408,1.07434,1.07281,1.07365,3720.85
1447425900000,1.07364,1.0743,1.07333,1.0737,3393.1
1447426800000,1.0737,1.07455,1.07179,1.07447,5136.11
1447427700000,1.07447,1.07552,1.07443,1.07464,4700.8
1447428600000,1.07464,1.07507,1.07334,1.07377,4200.44
1447429500000,1.07377,1.07455,1.0727,1.07289,3741.25
1447430400000,1.0729,1.07356,1.0726,1.07275,4211.65
1447431300000,1.07275,1.07341,1.07212,1.07253,2823.13
1447432200000,1.07253,1.07318,1.07226,1.07296,2573.94
1447433100000,1.07297,1.07297,1.07202,1.07207,2192.02
1447434000000,1.07208,1.07279,1.07199,1.072,2215.54
1447434900000,1.072,1.07209,1.0714,1.07197,1678.43
1447435800000,1.07197,1.07287,1.07194,1.07236,1593.59
1447436700000,1.07238,1.07282,1.07216,1.0726,1786.25
1447437600000,1.07259,1.07281,1.07197,1.0728,1773.05
1447438500000,1.07281,1.07321,1.0728,1.07301,980.31
1447439400000,1.07301,1.07389,1.0728,1.07335,1148.71
1447440300000,1.07335,1.07335,1.07267,1.07306,1761.43
1447441200000,1.07308,1.07326,1.0727,1.07274,1306.24
1447442100000,1.07274,1.073,1.07224,1.073,1329.96
1447443000000,1.073,1.07363,1.07277,1.07335,1869.77
1447443900000,1.07336,1.07389,1.07334,1.07381,1806.99
1447444800000,1.0738,1.07435,1.07362,1.07414,1489.61
1447445700000,1.07414,1.07445,1.074,1.07435,1832.66
1447446600000,1.07434,1.07483,1.07417,1.07466,1674.56
1447447500000,1.07465,1.07515,1.07462,1.07505,1635.77
1447448400000,1.07506,1.07549,1.0747,1.07512,1549.54
1447449300000,1.07513,1.07521,1.07482,1.07491,694.3
1447450200000,1.07491,1.07611,1.07488,1.07573,1919.54
1447451100000,1.07573,1.0774,1.07518,1.07701,2074.43
1447624800000,1.07397,1.07407,1.07305,1.07369,1104.26
1447625700000,1.07365,1.07452,1.07365,1.07427,2277.93
1447626600000,1.0743,1.07438,1.07359,1.07377,1888.14
1447627500000,1.07377,1.07393,1.07336,1.07362,1709.7
1447628400000,1.07364,1.07366,1.07087,1.0709,3277.52
1447629300000,1.07095,1.07127,1.06868,1.07049,3664.09
1447630200000,1.07047,1.07058,1.06944,1.07035,2518.26
1447631100000,1.07038,1.0708,1.06974,1.07001,2307.37
1447632000000,1.07002,1.07207,1.07,1.07198,2769.54
1447632900000,1.072,1.07247,1.07162,1.07207,2024.23
1447633800000,1.07207,1.07216,1.07103,1.07156,1926.42
1447634700000,1.07158,1.07235,1.0715,1.07216,2005.34
1447635600000,1.07217,1.07264,1.07175,1.07225,2651.88
1447636500000,1.07225,1.07227,1.07184,1.07217,1524.89
1447637400000,1.07219,1.07236,1.07186,1.07224,1526.9
1447638300000,1.07224,1.07224,1.07113,1.07113,1649.39
1447639200000,1.07114,1.07234,1.07109,1.07208,1934.28
1447640100000,1.07208,1.07226,1.07163,1.07187,1323.82
1447641000000,1.07187,1.07205,1.07154,1.07185,1186.78
1447641900000,1.07186,1.07208,1.07168,1.07174,1021.47
1447642800000,1.07175,1.07222,1.0716,1.07215,1308.19
1447643700000,1.07214,1.07217,1.0719,1.07209,1221.91
1447644600000,1.07208,1.07225,1.07187,1.07224,1243.55
1447645500000,1.07225,1.07279,1.07224,1.07245,1341.41
1447646400000,1.07245,1.0725,1.0722,1.07239,738.09
1447647300000,1.07239,1.07239,1.07203,1.07203,1029.17
1447648200000,1.07203,1.07205,1.07188,1.07195,1121.52
1447649100000,1.07196,1.07204,1.07189,1.07195,989
1447650000000,1.07195,1.07199,1.07174,1.0718,1040.64
1447650900000,1.0718,1.07234,1.07176,1.07229,827.56
1447651800000,1.07229,1.07239,1.07204,1.07223,645.92
1447652700000,1.07223,1.07264,1.07223,1.07257,791.59
1447653600000,1.07257,1.0727,1.07221,1.07264,1292.77
1447654500000,1.07265,1.07309,1.07256,1.07283,1585.03
1447655400000,1.07283,1.073,1.0726,1.07293,892.37
1447656300000,1.07292,1.07324,1.07257,1.07268,1342.28
1447657200000,1.07269,1.07432,1.07267,1.07364,2705.09
1447658100000,1.07365,1.07488,1.07341,1.07439,2617.57
1447659000000,1.07438,1.0748,1.07411,1.07474,2098.01
1447659900000,1.07476,1.0758,1.07463,1.07508,2884.06
1447660800000,1.07508,1.07573,1.07462,1.07495,3569.31
1447661700000,1.07495,1.07525,1.07355,1.07433,3365.96
1447662600000,1.07432,1.07432,1.07306,1.07333,2521.09
1447663500000,1.07331,1.0739,1.073,1.07387,2048.89
1447664400000,1.07386,1.07396,1.07216,1.07237,2207.81
1447665300000,1.07234,1.07269,1.07189,1.07207,2680.47
1447666200000,1.07207,1.07283,1.07156,1.07224,2208.82
1447667100000,1.07226,1.07314,1.07215,1.07262,1944.23
1447668000000,1.07264,1.07313,1.07214,1.07226,2100.24
1447668900000,1.07226,1.0725,1.07137,1.0718,2526.67
1447669800000,1.07179,1.07278,1.0717,1.07243,1677.95
1447670700000,1.07244,1.07277,1.07204,1.07205,1405.18
1447671600000,1.07205,1.07303,1.07204,1.07302,1529.04
1447672500000,1.07302,1.07454,1.07296,1.07383,2464.68
1447673400000,1.07383,1.07383,1.07304,1.0734,1897.06
1447674300000,1.0734,1.07419,1.07317,1.07386,2053.06
1447675200000,1.07387,1.07419,1.07311,1.07314,2019.61
1447676100000,1.07314,1.07356,1.07252,1.07287,2027.22
1447677000000,1.07288,1.07321,1.0724,1.07315,1848.05
1447677900000,1.07316,1.07367,1.0729,1.07302,1960.75
1447678800000,1.07305,1.07344,1.07226,1.07229,2664.4
1447679700000,1.07229,1.07305,1.07224,1.07275,2387.01
1447680600000,1.07281,1.07416,1.07245,1.07347,3296.45
1447681500000,1.07348,1.07369,1.0728,1.07281,2682.82
1447682400000,1.07281,1.07306,1.07239,1.07246,2910.94
1447683300000,1.07247,1.07263,1.07181,1.07232,2903.21
1447684200000,1.07232,1.07252,1.0712,1.07157,4023.75
1447685100000,1.07156,1.07176,1.07035,1.07041,3586.92
1447686000000,1.07043,1.07193,1.07039,1.07095,3932.12
1447686900000,1.07097,1.07099,1.07011,1.07057,3819.35
1447687800000,1.07057,1.07128,1.07038,1.07128,4405.41
1447688700000,1.07127,1.07194,1.0711,1.07164,3791.42
1447689600000,1.07167,1.07237,1.07147,1.07225,4015.87
1447690500000,1.07224,1.07234,1.07171,1.07186,2642.6
1447691400000,1.07186,1.07187,1.0706,1.07128,3262.04
1447692300000,1.07127,1.07141,1.07071,1.07073,2305.25
1447693200000,1.07074,1.07094,1.07022,1.07025,1904.65
1447694100000,1.07026,1.07036,1.06984,1.07036,1880.46
1447695000000,1.07035,1.0706,1.06953,1.06966,2917.49
1447695900000,1.06966,1.06985,1.06913,1.06938,2030.97
1447696800000,1.06937,1.06986,1.06822,1.06884,2317.58
1447697700000,1.06883,1.06927,1.06875,1.06906,1389.35
1447698600000,1.06907,1.06946,1.06871,1.06941,1586.85
1447699500000,1.06944,1.06961,1.06863,1.06865,2203.66
1447700400000,1.06864,1.06931,1.06856,1.06899,1502.72
1447701300000,1.06899,1.06901,1.06801,1.06806,1734.59
1447702200000,1.06806,1.06838,1.06791,1.06812,1640.46
1447703100000,1.06813,1.06825,1.06745,1.06771,1864.34
1447704000000,1.06772,1.06826,1.06762,1.0682,1525.72
1447704900000,1.0682,1.06835,1.06808,1.06834,858.19
1447705800000,1.06834,1.06858,1.06833,1.06846,586.08
1447706700000,1.06845,1.06874,1.06836,1.0685,1105.73
1447707600000,1.0685,1.06879,1.06824,1.06876,947.83
1447708500000,1.06875,1.06888,1.06864,1.06864,855.06
1447709400000,1.06864,1.06877,1.06852,1.06855,584.08
1447710300000,1.06857,1.06863,1.06852,1.06858,577.17
1447711200000,1.06862,1.06867,1.06836,1.06839,300.72
1447712100000,1.06839,1.06841,1.06829,1.06833,491.22
1447713000000,1.06833,1.06861,1.06813,1.06844,1694.3
1447713900000,1.06843,1.06863,1.06824,1.06832,1291.06
1447714800000,1.0683,1.06866,1.0683,1.0685,1166.69
1447715700000,1.06849,1.06881,1.06849,1.06855,1468.25
1447716600000,1.06855,1.06892,1.06855,1.06871,745.71
1447717500000,1.06871,1.06877,1.06862,1.06871,628.67
1447718400000,1.06873,1.06873,1.06828,1.06856,1139.04
1447719300000,1.06855,1.06866,1.06831,1.0684,1099.94
1447720200000,1.06841,1.0688,1.06841,1.06867,906.85
1447721100000,1.06867,1.06906,1.06866,1.06893,1252.1
1447722000000,1.06894,1.06894,1.06602,1.06692,2600.24
1447722900000,1.06691,1.06717,1.06634,1.06641,1721.67
1447723800000,1.06641,1.06716,1.06639,1.06715,1440.29
1447724700000,1.06715,1.06732,1.06654,1.06658,1263.33
1447725600000,1.06658,1.06714,1.06651,1.06654,1085.7
1447726500000,1.06654,1.06665,1.06584,1.06607,1384.17
1447727400000,1.06608,1.06677,1.06603,1.06634,1156.3
1447728300000,1.06633,1.06664,1.06633,1.06645,814.99
1447729200000,1.06645,1.06669,1.06633,1.06656,1177.23
1447730100000,1.06657,1.06658,1.06588,1.0664,1005.13
1447731000000,1.06642,1.06645,1.06583,1.06583,1703.7
1447731900000,1.06584,1.06602,1.06581,1.066,872.4
1447732800000,1.066,1.06601,1.0656,1.0658,1120.54
1447733700000,1.06578,1.06594,1.06571,1.06592,996.22
1447734600000,1.06592,1.06629,1.06587,1.06606,1200.1
1447735500000,1.06606,1.06627,1.06595,1.06618,855.01
1447736400000,1.06618,1.06618,1.06584,1.06589,1285.49
1447737300000,1.06588,1.06597,1.06573,1.06585,1015.4
1447738200000,1.06587,1.06615,1.06563,1.06571,1139.15
1447739100000,1.06572,1.06657,1.06571,1.06625,1561.51
1447740000000,1.06625,1.06654,1.06576,1.06583,1626.49
1447740900000,1.06585,1.06649,1.06583,1.06608,1236.12
1447741800000,1.06606,1.06652,1.06606,1.06627,922.12
1447742700000,1.06628,1.06709,1.06624,1.06684,1024.69
1447743600000,1.06682,1.06682,1.065,1.06514,2299.41
1447744500000,1.06514,1.06649,1.06507,1.06613,2275.81
1447745400000,1.06613,1.06647,1.0654,1.06586,2398.54
1447746300000,1.06585,1.06607,1.06511,1.06555,2201.97
1447747200000,1.06555,1.06564,1.06439,1.06478,3433.7
1447748100000,1.06479,1.06557,1.06463,1.06523,3072.98
1447749000000,1.06524,1.06537,1.06466,1.06468,2560.42
1447749900000,1.06467,1.065,1.06434,1.0647,2928.59
1447750800000,1.06466,1.06546,1.06429,1.06541,3216.27
1447751700000,1.0654,1.06588,1.06515,1.06565,2800.15
1447752600000,1.06565,1.06693,1.06547,1.06644,3523.18
1447753500000,1.06643,1.06735,1.06611,1.0668,3048.39
1447754400000,1.06675,1.06713,1.06601,1.06645,3230.09
1447755300000,1.06646,1.06682,1.06621,1.06627,2093.97
1447756200000,1.06627,1.06667,1.06607,1.06664,1767.79
1447757100000,1.06666,1.06719,1.06638,1.06643,2778.69
1447758000000,1.06646,1.06688,1.06629,1.06677,1702.45
1447758900000,1.06671,1.06792,1.06668,1.06759,2381.69
1447759800000,1.0676,1.0676,1.06647,1.06686,1782.67
1447760700000,1.06686,1.06697,1.06606,1.06623,1574.04
1447761600000,1.06622,1.06651,1.06573,1.06648,2331.09
1447762500000,1.06648,1.06676,1.06625,1.06649,1458.65
1447763400000,1.0665,1.06672,1.06623,1.06655,2161.14
1447764300000,1.06655,1.06676,1.06632,1.06648,1406.38
1447765200000,1.0665,1.06713,1.0662,1.06711,1892.94
1447766100000,1.06711,1.06748,1.06702,1.06704,2473.52
1447767000000,1.067,1.06734,1.06544,1.06686,3938.48
1447767900000,1.06686,1.06694,1.06516,1.0657,3711.28
1447768800000,1.06571,1.06645,1.06552,1.06626,2928.25
1447769700000,1.06628,1.06701,1.06585,1.06588,3643.89
1447770600000,1.06585,1.06749,1.06584,1.06743,3535.35
1447771500000,1.06743,1.06766,1.06687,1.06706,3715.59
1447772400000,1.06706,1.06764,1.066,1.06615,3741.05
1447773300000,1.06615,1.06648,1.06572,1.06595,3161.48
1447774200000,1.06596,1.06599,1.0648,1.06483,3495.27
1447775100000,1.06483,1.06532,1.06452,1.06522,3737.24
1447776000000,1.06523,1.06555,1.06458,1.06501,3759.14
1447776900000,1.06501,1.06543,1.06449,1.0647,3021.18
1447777800000,1.0647,1.0648,1.06353,1.06357,3700.65
1447778700000,1.06357,1.06425,1.06316,1.06337,3428.02
1447779600000,1.06336,1.06375,1.06308,1.06337,2560.73
1447780500000,1.06339,1.06496,1.06311,1.06467,2722.16
1447781400000,1.06465,1.06517,1.06421,1.06471,2982.49
1447782300000,1.06472,1.06507,1.06439,1.06466,2213.03
1447783200000,1.06465,1.0648,1.06393,1.06425,2142.65
1447784100000,1.06424,1.06501,1.06424,1.06483,2262.56
1447785000000,1.06483,1.06542,1.06354,1.06355,2426.89
1447785900000,1.06356,1.064,1.06349,1.06378,2101.66
1447786800000,1.06378,1.06409,1.0636,1.06379,1973.19
1447787700000,1.0638,1.06488,1.06365,1.06475,2280.7
1447788600000,1.06475,1.06528,1.06428,1.06528,1625.9
1447789500000,1.06529,1.0656,1.06479,1.06479,2334.88
1447790400000,1.0648,1.06538,1.0648,1.06538,1678.84
1447791300000,1.06537,1.06543,1.06476,1.0648,2106.06
1447792200000,1.0648,1.06496,1.06426,1.06447,1382.86
1447793100000,1.06447,1.06477,1.06413,1.06466,2287.51
1447794000000,1.06467,1.06468,1.06409,1.06435,1422.91
1447794900000,1.06435,1.06473,1.06435,1.06457,982.03
1447795800000,1.06456,1.0647,1.06423,1.06451,1089.51
1447796700000,1.06451,1.06453,1.06409,1.06419,655.73
1447797600000,1.06419,1.0644,1.06404,1.06436,480.62
1447798500000,1.0644,1.0645,1.0643,1.06445,598.44
1447799400000,1.06447,1.06452,1.06422,1.06432,989.52
1447800300000,1.06431,1.06459,1.06422,1.06456,913.24
1447801200000,1.06455,1.06455,1.06412,1.06438,1706.07
1447802100000,1.06439,1.06448,1.06387,1.06391,1175.16
1447803000000,1.06391,1.06429,1.06384,1.06427,419.66
1447803900000,1.06427,1.06438,1.06411,1.0643,381.29
1447804800000,1.0643,1.06442,1.0643,1.06436,1008.22
1447805700000,1.06437,1.06471,1.06429,1.0645,1342.84
1447806600000,1.0645,1.06465,1.06427,1.06428,1318.25
1447807500000,1.06428,1.06435,1.06389,1.06405,1249.46
1447808400000,1.06406,1.06406,1.06359,1.06374,1327.57
1447809300000,1.06375,1.06394,1.06355,1.06373,1373.69
1447810200000,1.06373,1.06386,1.06364,1.06366,1016.28
1447811100000,1.06367,1.06385,1.06351,1.06355,1297.32
1447812000000,1.06355,1.06391,1.06338,1.06368,1445
1447812900000,1.06368,1.0638,1.0635,1.06377,963.25
1447813800000,1.06377,1.06382,1.0636,1.06378,620.36
1447814700000,1.06377,1.06377,1.06337,1.06345,906.46
1447815600000,1.06346,1.06368,1.06333,1.06352,572.03
1447816500000,1.06352,1.06356,1.06311,1.06322,803.89
1447817400000,1.06322,1.06354,1.0631,1.06342,852.61
1447818300000,1.06342,1.06355,1.06339,1.06348,688.3
1447819200000,1.0635,1.06383,1.06336,1.06339,878.64
1447820100000,1.0634,1.06376,1.06339,1.06374,1048.41
1447821000000,1.06374,1.06374,1.06346,1.06371,986.25
1447821900000,1.06372,1.06411,1.06372,1.06396,697.47
1447822800000,1.06396,1.0647,1.06378,1.06452,1084.57
1447823700000,1.06452,1.06468,1.0642,1.06445,602.79
1447824600000,1.06447,1.0647,1.06437,1.06461,897.88
1447825500000,1.06461,1.06507,1.06457,1.06497,1008.86
1447826400000,1.06497,1.06498,1.06442,1.06457,811.81
1447827300000,1.06456,1.0648,1.06456,1.06464,551.37
1447828200000,1.06466,1.06468,1.06443,1.06462,431.46
1447829100000,1.06462,1.06506,1.06449,1.06498,857.17
1447830000000,1.06497,1.06497,1.06405,1.06437,2004.66
1447830900000,1.06437,1.06498,1.06418,1.06496,1707.02
1447831800000,1.06496,1.06569,1.0648,1.06505,1903.93
1447832700000,1.06506,1.06528,1.06477,1.06508,1264.79
1447833600000,1.06508,1.06648,1.06494,1.06645,2681.48
1447834500000,1.06645,1.06721,1.06645,1.0669,3868.06
1447835400000,1.06689,1.06701,1.06633,1.06687,2239.7
1447836300000,1.06687,1.06738,1.06679,1.06703,2228.99
1447837200000,1.06704,1.06848,1.06694,1.0682,2371.13
1447838100000,1.06819,1.06867,1.0679,1.06839,3577.98
1447839000000,1.06844,1.06923,1.0681,1.06835,2872.1
1447839900000,1.06835,1.06882,1.06784,1.06796,2589.63
1447840800000,1.06795,1.06816,1.06763,1.06786,2156.56
1447841700000,1.06787,1.06807,1.06708,1.06737,2330.51
1447842600000,1.06739,1.0675,1.06698,1.06707,1861.11
1447843500000,1.06707,1.06754,1.06707,1.06742,2515.6
1447844400000,1.06742,1.06754,1.0665,1.0668,1926.88
1447845300000,1.0668,1.06694,1.06593,1.06596,2240.9
1447846200000,1.06596,1.06655,1.06588,1.06617,2030.27
1447847100000,1.06616,1.06662,1.06589,1.06635,1758.24
1447848000000,1.06635,1.06735,1.06632,1.06718,2306.41
1447848900000,1.06718,1.06718,1.06614,1.06629,2185.62
1447849800000,1.06629,1.0672,1.06616,1.06681,1898.96
1447850700000,1.0668,1.06697,1.06615,1.06675,1948.48
1447851600000,1.06672,1.06709,1.06627,1.06661,3036.5
1447852500000,1.06663,1.06706,1.06624,1.06631,2650.43
1447853400000,1.0664,1.06694,1.06581,1.06619,3364.08
1447854300000,1.06619,1.06666,1.06582,1.06587,2853.84
1447855200000,1.06587,1.0665,1.06558,1.06609,3176.31
1447856100000,1.06608,1.0665,1.06591,1.06626,2057.9
1447857000000,1.06629,1.06748,1.06626,1.06738,3826.17
1447857900000,1.06739,1.06739,1.06644,1.06661,3532.32
1447858800000,1.06656,1.06656,1.06602,1.06636,2649.91
1447859700000,1.06635,1.06645,1.0657,1.06585,3128.55
1447860600000,1.06585,1.06591,1.06522,1.06536,3057.15
1447861500000,1.06537,1.06569,1.06451,1.06469,3536.15
1447862400000,1.06467,1.06489,1.06358,1.06389,4508.17
1447863300000,1.06388,1.0644,1.06325,1.06333,3430.53
1447864200000,1.06334,1.06337,1.0623,1.06318,3682.04
1447865100000,1.06318,1.06381,1.06265,1.06367,2048.66
1447866000000,1.0637,1.0639,1.06279,1.06368,2177.56
1447866900000,1.06367,1.06388,1.06338,1.06372,1623.31
1447867800000,1.06372,1.06442,1.06372,1.06427,1495.53
1447868700000,1.06429,1.06447,1.06391,1.06394,1569.53
1447869600000,1.06395,1.0646,1.06395,1.06447,1724.37
1447870500000,1.06446,1.06476,1.06426,1.06465,1547.95
1447871400000,1.06464,1.06467,1.06403,1.06439,1423.61
1447872300000,1.06438,1.0644,1.06356,1.06377,1844.23
1447873200000,1.06377,1.06716,1.06168,1.06547,7461.32
1447874100000,1.0655,1.06581,1.0639,1.06473,3695.44
1447875000000,1.06475,1.06586,1.06447,1.06544,3144.45
1447875900000,1.06544,1.06557,1.06437,1.06463,1966.48
1447876800000,1.06463,1.06538,1.06435,1.06537,1266.58
1447877700000,1.06538,1.06644,1.06537,1.06568,1777.04
1447878600000,1.06568,1.06576,1.06535,1.06538,1232.89
1447879500000,1.06539,1.06546,1.065,1.06518,1577.55
1447880400000,1.0652,1.06546,1.06514,1.06541,536.47
1447881300000,1.06541,1.06573,1.06537,1.06562,475.04
1447882200000,1.0656,1.066,1.06557,1.06587,680.56
1447883100000,1.06586,1.06599,1.06578,1.06589,432.74
1447884000000,1.06591,1.06621,1.06588,1.06609,280.47
1447884900000,1.06609,1.06615,1.06599,1.06601,307.97
1447885800000,1.06599,1.06599,1.06551,1.06583,1367.89
1447886700000,1.06582,1.06617,1.0658,1.06602,1465.49
1447887600000,1.06602,1.06657,1.06586,1.06653,1376.89
1447888500000,1.06652,1.06739,1.0665,1.06728,1150.86
1447889400000,1.06728,1.06728,1.06678,1.06691,847.62
1447890300000,1.06691,1.06712,1.06666,1.06712,688.11
1447891200000,1.06712,1.06789,1.06701,1.06777,1380.18
1447892100000,1.06777,1.06781,1.06744,1.06761,1183.95
1447893000000,1.06761,1.06793,1.06738,1.06762,1580.94
1447893900000,1.06762,1.0684,1.06739,1.0684,1374.38
1447894800000,1.0684,1.06867,1.06812,1.06853,1690.68
1447895700000,1.06854,1.06892,1.06835,1.06858,1488.2
1447896600000,1.06859,1.06989,1.06849,1.06989,1999.43
1447897500000,1.06996,1.07177,1.06951,1.0703,3801.3
1447898400000,1.07032,1.07095,1.0701,1.07018,2163.07
1447899300000,1.07018,1.07095,1.06995,1.07093,1632.52
1447900200000,1.07095,1.07097,1.06987,1.06988,1444.34
1447901100000,1.06989,1.07,1.06921,1.06941,1453.52
1447902000000,1.0694,1.06999,1.06912,1.06915,1567.05
1447902900000,1.06915,1.06989,1.06895,1.06989,2121.82
1447903800000,1.06989,1.07045,1.06966,1.07041,1956.75
1447904700000,1.07042,1.07086,1.07028,1.07028,2192.29
1447905600000,1.07028,1.07097,1.07022,1.07097,843.94
1447906500000,1.07098,1.07117,1.07076,1.07097,1472.1
1447907400000,1.07097,1.0712,1.07089,1.07115,1228.78
1447908300000,1.07116,1.07126,1.07075,1.07123,1193.28
1447909200000,1.07122,1.07123,1.07049,1.07052,1486.36
1447910100000,1.07053,1.07057,1.07031,1.0705,1633
1447911000000,1.07049,1.0705,1.0701,1.07013,1187.1
1447911900000,1.07012,1.07059,1.06999,1.07051,1380.17
1447912800000,1.07046,1.07082,1.07044,1.07072,1485.31
1447913700000,1.0707,1.07082,1.06976,1.06995,1551.57
1447914600000,1.06995,1.0701,1.06941,1.06984,1339.07
1447915500000,1.06983,1.06983,1.06911,1.06934,1529.59
1447916400000,1.06935,1.06951,1.06884,1.06911,1783.75
1447917300000,1.06911,1.06934,1.06788,1.06792,2498.95
1447918200000,1.06793,1.06839,1.06781,1.06836,1941.3
1447919100000,1.06835,1.06872,1.06736,1.0674,2218.44
1447920000000,1.0674,1.0681,1.06697,1.06752,3146.38
1447920900000,1.06752,1.06771,1.0668,1.06699,3076.65
1447921800000,1.06699,1.0678,1.06671,1.06773,2965.08
1447922700000,1.06771,1.06891,1.06733,1.06885,3081.03
1447923600000,1.06884,1.06889,1.06775,1.06867,2932.59
1447924500000,1.06865,1.06878,1.06809,1.0683,2130.37
1447925400000,1.0683,1.06998,1.0683,1.0691,2914.72
1447926300000,1.06912,1.06938,1.06845,1.06859,2886.74
1447927200000,1.06859,1.06888,1.06826,1.06879,2075.75
1447928100000,1.0688,1.06891,1.06836,1.0687,1621.22
1447929000000,1.0687,1.0697,1.06854,1.06962,2132.32
1447929900000,1.06962,1.07049,1.06953,1.07021,2800.26
1447930800000,1.0702,1.07105,1.07015,1.07019,3240.28
1447931700000,1.0702,1.07098,1.07012,1.07059,2511.76
1447932600000,1.07059,1.07119,1.07019,1.07047,2547.61
1447933500000,1.07048,1.07159,1.07026,1.07121,2722.98
1447934400000,1.07121,1.07171,1.07069,1.07091,2700.36
1447935300000,1.07093,1.07102,1.07058,1.07071,2202.95
1447936200000,1.0707,1.0711,1.06918,1.06944,4095.01
1447937100000,1.06943,1.06964,1.06913,1.06951,2466.58
1447938000000,1.06951,1.06959,1.06867,1.06869,2646.24
1447938900000,1.0687,1.06887,1.06721,1.06745,3763.22
1447939800000,1.06745,1.06837,1.06686,1.0683,3766.99
1447940700000,1.0683,1.06873,1.06821,1.06863,3307.51
1447941600000,1.06862,1.07078,1.06829,1.07049,3775.08
1447942500000,1.07048,1.07316,1.07048,1.07254,5776.08
1447943400000,1.07255,1.07257,1.07115,1.07117,4939.22
1447944300000,1.0712,1.0712,1.07011,1.07065,3206.72
1447945200000,1.07063,1.07183,1.07043,1.07112,4405.44
1447946100000,1.07114,1.07232,1.07114,1.07149,3454.58
1447947000000,1.07148,1.07212,1.0711,1.07209,2484.34
1447947900000,1.07209,1.07382,1.07157,1.07359,3250.85
1447948800000,1.07369,1.075,1.07341,1.07467,4808.7
1447949700000,1.07466,1.07568,1.07385,1.07511,4462.78
1447950600000,1.07513,1.07629,1.07479,1.07596,3845.52
1447951500000,1.07593,1.07607,1.07416,1.07464,3578.35
1447952400000,1.07465,1.07493,1.07411,1.07438,1962.92
1447953300000,1.07438,1.07469,1.07355,1.07409,1990.66
1447954200000,1.07409,1.07409,1.07294,1.07341,2045.84
1447955100000,1.0734,1.0738,1.07246,1.07257,2238.03
1447956000000,1.07255,1.07303,1.07247,1.07261,2389.9
1447956900000,1.07262,1.07272,1.0717,1.07207,1543.71
1447957800000,1.07207,1.07309,1.07198,1.0728,1449.06
1447958700000,1.0728,1.07319,1.07216,1.07311,1317.82
1447959600000,1.07311,1.07361,1.07285,1.07356,1641.72
1447960500000,1.07357,1.07387,1.07335,1.07378,1519.8
1447961400000,1.07378,1.07388,1.07305,1.07316,864.69
1447962300000,1.07316,1.07356,1.07298,1.07327,1325.68
1447963200000,1.07331,1.07367,1.0733,1.07338,769.94
1447964100000,1.07338,1.07377,1.0732,1.0733,835.41
1447965000000,1.07329,1.07395,1.07321,1.07392,935.4
1447965900000,1.07393,1.07394,1.07328,1.07331,987.62
1447966800000,1.07333,1.07377,1.07327,1.07352,764.06
1447967700000,1.07353,1.0736,1.07316,1.07316,666.37
1447968600000,1.07315,1.07347,1.07314,1.07347,576.13
1447969500000,1.07347,1.07361,1.07324,1.07332,667.37
1447970400000,1.07329,1.07379,1.07326,1.07373,920.96
1447971300000,1.07374,1.07379,1.07324,1.07338,605.24
1447972200000,1.0734,1.0734,1.07306,1.07318,1199.4
1447973100000,1.07318,1.0733,1.07266,1.07298,2150.27
1447974000000,1.07298,1.07336,1.07286,1.07323,1209.58
1447974900000,1.07325,1.07325,1.07292,1.07296,625.77
1447975800000,1.07296,1.07299,1.07232,1.07236,656.24
1447976700000,1.07236,1.07262,1.07217,1.07258,716.73
1447977600000,1.07258,1.07278,1.07197,1.07198,946.67
1447978500000,1.07198,1.07242,1.07179,1.07218,894.06
1447979400000,1.07218,1.07218,1.07151,1.07158,1013.49
1447980300000,1.07159,1.0718,1.07141,1.07161,1402.29
1447981200000,1.07162,1.07167,1.07101,1.07123,1818.28
1447982100000,1.07123,1.07137,1.07106,1.07121,1025.67
1447983000000,1.07122,1.07162,1.07117,1.07153,1150.95
1447983900000,1.07152,1.07182,1.07148,1.0718,1246.29
1447984800000,1.0718,1.07181,1.07141,1.07147,823.69
1447985700000,1.07145,1.07232,1.07139,1.07219,2031.31
1447986600000,1.07219,1.07241,1.07182,1.0724,1534.5
1447987500000,1.07239,1.07267,1.0722,1.0722,1391.03
1447988400000,1.07221,1.07224,1.07141,1.07147,1065.2
1447989300000,1.07147,1.07154,1.07121,1.0715,610.17
1447990200000,1.07149,1.0716,1.07125,1.07151,687.42
1447991100000,1.07151,1.07171,1.07138,1.07171,718.46
1447992000000,1.07171,1.07192,1.07165,1.0719,915.25
1447992900000,1.07189,1.07189,1.07132,1.07137,830.67
1447993800000,1.07135,1.0719,1.07131,1.0719,1037.39
1447994700000,1.07189,1.07233,1.0717,1.07191,1214.14
1447995600000,1.07191,1.07191,1.07105,1.07118,1033.21
1447996500000,1.07118,1.07171,1.07116,1.07159,940.54
1447997400000,1.07159,1.07225,1.07147,1.0721,1101.52
1447998300000,1.0721,1.07258,1.07187,1.07241,1928.02
1447999200000,1.0724,1.07281,1.07218,1.0723,1935.07
1448000100000,1.07231,1.07236,1.07199,1.07211,1299.79
1448001000000,1.07211,1.07227,1.07175,1.0718,889.21
1448001900000,1.07181,1.07189,1.07166,1.07166,874.85
1448002800000,1.07165,1.07165,1.0701,1.07066,2782.54
1448003700000,1.07065,1.07083,1.07011,1.07012,1888.63
1448004600000,1.07012,1.07052,1.06957,1.06962,2072.31
1448005500000,1.06962,1.06966,1.06864,1.06893,3271.75
1448006400000,1.06893,1.06983,1.06863,1.06955,3729.99
1448007300000,1.06954,1.06963,1.06727,1.06735,5433.34
1448008200000,1.06734,1.06756,1.06642,1.06732,4429.85
1448009100000,1.06731,1.06826,1.06712,1.06793,3507.05
1448010000000,1.06795,1.06883,1.06779,1.06865,3279.98
1448010900000,1.06866,1.06911,1.06818,1.06851,3509.15
1448011800000,1.06852,1.06888,1.06808,1.06875,2408.61
1448012700000,1.06875,1.06887,1.06824,1.06881,1885.46
1448013600000,1.0688,1.06981,1.06871,1.06955,2338.49
1448014500000,1.06955,1.06985,1.06908,1.06938,2598.91
1448015400000,1.06937,1.06984,1.06919,1.06963,1715.2
1448016300000,1.06963,1.07059,1.06962,1.07,2614.29
1448017200000,1.07,1.07003,1.06944,1.06998,2139.36
1448018100000,1.06997,1.07001,1.06954,1.06981,1882.59
1448019000000,1.0698,1.06984,1.06883,1.06891,1731.05
1448019900000,1.06891,1.06896,1.06801,1.06812,1675.05
1448020800000,1.0681,1.06843,1.0672,1.06811,2250.97
1448021700000,1.0681,1.06812,1.06738,1.0675,2091.02
1448022600000,1.0675,1.06856,1.06748,1.06855,2284.07
1448023500000,1.06856,1.06897,1.0684,1.06866,2946.02
1448024400000,1.06865,1.06913,1.06839,1.06871,3025.56
1448025300000,1.06874,1.06913,1.06813,1.06823,2709.87
1448026200000,1.06822,1.07031,1.06772,1.06921,3298.62
1448027100000,1.06921,1.06945,1.06848,1.06934,3416.78
1448028000000,1.06934,1.07016,1.0691,1.06971,3278.31
1448028900000,1.06972,1.07076,1.06968,1.07037,3293.59
1448029800000,1.07036,1.07078,1.06883,1.0689,3503.07
1448030700000,1.0689,1.06922,1.06815,1.06885,3931.74
1448031600000,1.06882,1.06914,1.06802,1.06826,3392.77
1448032500000,1.06826,1.06861,1.06657,1.06692,4069.74
1448033400000,1.06691,1.06735,1.06614,1.06701,3590.2
1448034300000,1.06701,1.06776,1.0662,1.06622,3565.06
1448035200000,1.06622,1.06727,1.06537,1.06594,4653.34
1448036100000,1.06595,1.06616,1.06454,1.06506,3530.71
1448037000000,1.06505,1.06576,1.06471,1.06563,3019.44
1448037900000,1.06563,1.06626,1.06533,1.06589,2087.37
1448038800000,1.06589,1.06593,1.06538,1.06549,1377.95
1448039700000,1.06548,1.06555,1.06483,1.06548,1550.44
1448040600000,1.06547,1.06552,1.06404,1.06455,2284.11
1448041500000,1.06454,1.06523,1.06423,1.06502,3289.17
1448042400000,1.06501,1.06502,1.06431,1.06482,1733.34
1448043300000,1.06482,1.06494,1.06407,1.0647,2224.89
1448044200000,1.0647,1.06532,1.0646,1.06519,1654.5
1448045100000,1.06519,1.06523,1.06461,1.06522,1475.27
1448046000000,1.06521,1.06574,1.06503,1.06563,1719.06
1448046900000,1.06562,1.0658,1.0653,1.06533,1483.4
1448047800000,1.06532,1.06538,1.06501,1.06524,1359.87
1448048700000,1.06524,1.06552,1.06501,1.06521,1348.61
1448049600000,1.06521,1.06577,1.06501,1.06521,1409.58
1448050500000,1.06522,1.06542,1.06482,1.06492,963.98
1448051400000,1.06493,1.06494,1.06453,1.06474,1104.94
1448052300000,1.06474,1.06483,1.06449,1.06451,924.81
1448053200000,1.06449,1.0646,1.06425,1.06425,1042.59
1448054100000,1.06426,1.06468,1.06426,1.06466,588.24
1448055000000,1.06466,1.06499,1.06452,1.06452,933.28
1448055900000,1.06452,1.06478,1.06398,1.0645,1184.49
1448229600000,1.06383,1.0642,1.06378,1.06383,367.63
1448230500000,1.06383,1.0639,1.06379,1.0638,1183
1448231400000,1.0638,1.064,1.06373,1.06392,887.87
1448232300000,1.06394,1.0646,1.06391,1.06429,1476.24
1448233200000,1.06435,1.06438,1.06378,1.06408,2019.01
1448234100000,1.06407,1.0641,1.06358,1.06361,1006.11
1448235000000,1.06361,1.06394,1.06353,1.06374,1438.73
1448235900000,1.06373,1.0639,1.06371,1.06372,828.8
1448236800000,1.06375,1.06402,1.06347,1.06352,1101.47
1448237700000,1.06354,1.06354,1.06294,1.06315,1375.73
1448238600000,1.06315,1.06328,1.06296,1.06317,1236.94
1448239500000,1.06319,1.06346,1.06288,1.06344,1131.05
1448240400000,1.06346,1.06355,1.06317,1.06325,1261.47
1448241300000,1.06325,1.06366,1.06322,1.06339,1039.96
1448242200000,1.06339,1.0634,1.0625,1.06253,1188.48
1448243100000,1.06252,1.06256,1.06086,1.06132,2982.96
1448244000000,1.06132,1.0614,1.06015,1.06062,2739.18
1448244900000,1.06061,1.06136,1.06004,1.06081,2212.26
1448245800000,1.06079,1.06091,1.06007,1.06034,1887.38
1448246700000,1.06033,1.06085,1.0603,1.0608,1244.75
1448247600000,1.06078,1.06126,1.06074,1.06123,1025.17
1448248500000,1.06123,1.06154,1.0611,1.0615,1042.73
1448249400000,1.0615,1.06164,1.0609,1.06101,1100.69
1448250300000,1.061,1.06146,1.06089,1.06136,826.63
1448251200000,1.06136,1.06152,1.06118,1.06123,724.82
1448252100000,1.06124,1.06155,1.06109,1.06125,678.84
1448253000000,1.06124,1.06134,1.061,1.0613,953.12
1448253900000,1.06132,1.06151,1.06123,1.06147,742.6
1448254800000,1.06146,1.06175,1.06132,1.06166,1210.87
1448255700000,1.06166,1.06187,1.06142,1.06184,703.27
1448256600000,1.06184,1.06185,1.06142,1.06156,1055.27
1448257500000,1.06155,1.06172,1.06131,1.06145,1223.43
1448258400000,1.06146,1.06177,1.0613,1.06162,907.48
1448259300000,1.06161,1.06208,1.06156,1.0618,1543.9
1448260200000,1.0618,1.06257,1.06159,1.06241,1410.3
1448261100000,1.06241,1.06243,1.06186,1.06191,904.07
1448262000000,1.06191,1.06263,1.06079,1.06135,2744.8
1448262900000,1.06136,1.06254,1.06123,1.06225,2003.35
1448263800000,1.06225,1.06246,1.0617,1.06212,1889.05
1448264700000,1.06212,1.06273,1.06199,1.06244,1973.88
1448265600000,1.06244,1.06364,1.06207,1.06293,2997.74
1448266500000,1.06286,1.06353,1.0627,1.06317,2166.55
1448267400000,1.06322,1.06439,1.06318,1.06362,2996.54
1448268300000,1.06362,1.06398,1.06301,1.06307,1967.5
1448269200000,1.06308,1.06347,1.06249,1.06258,2530.47
1448270100000,1.06256,1.06263,1.06154,1.06197,2874.39
1448271000000,1.06196,1.06328,1.06195,1.06309,2457.92
1448271900000,1.06309,1.06356,1.06281,1.06312,2363.25
1448272800000,1.06311,1.06322,1.0622,1.06221,2422.01
1448273700000,1.06222,1.06247,1.06185,1.06195,1762.27
1448274600000,1.06195,1.06279,1.06183,1.06252,2790.57
1448275500000,1.06251,1.06269,1.06206,1.06229,1839.69
1448276400000,1.0623,1.06315,1.06229,1.06296,2276.42
1448277300000,1.06295,1.06311,1.06272,1.06286,1539.07
1448278200000,1.06287,1.06299,1.06194,1.062,1794.54
1448279100000,1.06201,1.0625,1.06153,1.06247,2981.07
1448280000000,1.06247,1.0628,1.06199,1.06272,3572.75
1448280900000,1.06272,1.06367,1.06266,1.0633,2853.16
1448281800000,1.06331,1.06427,1.06307,1.06312,2561.54
1448282700000,1.06313,1.06335,1.0624,1.06241,2731.4
1448283600000,1.0624,1.06412,1.06237,1.06306,3065
1448284500000,1.06303,1.06338,1.06275,1.06288,2198.5
1448285400000,1.06288,1.06299,1.06202,1.06262,2574.84
1448286300000,1.06263,1.06466,1.06257,1.06466,2740.76
1448287200000,1.06463,1.06498,1.06365,1.06365,3225.36
1448288100000,1.06369,1.0642,1.0634,1.06342,2585.92
1448289000000,1.06342,1.06438,1.06312,1.06401,3411.54
1448289900000,1.06407,1.06567,1.0639,1.06462,4182.92
1448290800000,1.06462,1.0647,1.06311,1.06317,4106.97
1448291700000,1.06316,1.06351,1.06241,1.06277,3403.85
1448292600000,1.06276,1.06288,1.06203,1.06242,3692.82
1448293500000,1.06242,1.06259,1.06115,1.06144,3997.66
1448294400000,1.06145,1.06208,1.06126,1.06174,3316.83
1448295300000,1.06174,1.06174,1.06011,1.06032,3805.56
1448296200000,1.06032,1.06088,1.05926,1.06001,3902.16
1448297100000,1.05999,1.06082,1.05981,1.06011,2434.94
1448298000000,1.06013,1.06121,1.06011,1.06111,1847.45
1448298900000,1.0611,1.06192,1.06102,1.06163,2261.76
1448299800000,1.06162,1.06218,1.06134,1.06176,1744.79
1448300700000,1.06176,1.06224,1.06159,1.06201,1806.2
1448301600000,1.062,1.06229,1.06147,1.06152,1365.05
1448302500000,1.06151,1.06182,1.06107,1.06133,1566.77
1448303400000,1.06132,1.06162,1.06121,1.06142,1466.93
1448304300000,1.06145,1.06216,1.06142,1.06215,1693.74
1448305200000,1.06215,1.06263,1.06165,1.06251,1889.12
1448306100000,1.06251,1.06267,1.06216,1.06222,1202.88
1448307000000,1.06223,1.0626,1.06211,1.06225,793.95
1448307900000,1.06225,1.06252,1.0621,1.06232,1165.62
1448308800000,1.06232,1.0628,1.06222,1.06261,1196.55
1448309700000,1.06262,1.06287,1.0625,1.06251,924.46
1448310600000,1.0625,1.06298,1.0625,1.0627,911.85
1448311500000,1.0627,1.06277,1.06237,1.06271,1010.18
1448312400000,1.06269,1.06314,1.06266,1.06291,758.91
1448313300000,1.06292,1.06312,1.06277,1.06279,587.95
1448314200000,1.06278,1.06355,1.06278,1.0635,1246.99
1448315100000,1.0635,1.06373,1.06345,1.06362,812.09
1448316000000,1.06367,1.06367,1.06331,1.06354,314.76
1448316900000,1.06351,1.06364,1.0633,1.06339,679.26
1448317800000,1.0634,1.0637,1.06333,1.06346,786.79
1448318700000,1.06347,1.06356,1.06329,1.06332,732.74
1448319600000,1.06332,1.06337,1.06308,1.06336,1498.1
1448320500000,1.06337,1.06346,1.0632,1.0632,355.52
1448321400000,1.0632,1.06322,1.06297,1.063,494.01
1448322300000,1.063,1.06403,1.063,1.06364,889.39
1448323200000,1.06363,1.06438,1.06321,1.06433,1503.47
1448324100000,1.06435,1.06438,1.06319,1.06326,1224.73
1448325000000,1.06326,1.0638,1.06311,1.06345,1297.65
1448325900000,1.06346,1.06376,1.06326,1.0633,1339.06
1448326800000,1.06332,1.06378,1.06324,1.06345,1139.22
1448327700000,1.06345,1.06388,1.06341,1.06372,857.17
1448328600000,1.06373,1.06426,1.06364,1.06411,1545.91
1448329500000,1.06414,1.0645,1.06402,1.06407,2034.33
1448330400000,1.06408,1.06441,1.06407,1.06423,954.05
1448331300000,1.06424,1.06427,1.06393,1.06404,1034.01
1448332200000,1.06403,1.06404,1.06362,1.06363,507.81
1448333100000,1.06363,1.06385,1.06362,1.06376,1201.53
1448334000000,1.06375,1.06392,1.0634,1.06345,1004
1448334900000,1.06346,1.06361,1.0633,1.0635,897.36
1448335800000,1.06351,1.06351,1.06319,1.0633,707.62
1448336700000,1.06331,1.06338,1.0632,1.06328,1413.49
1448337600000,1.06328,1.06346,1.06326,1.06334,845.73
1448338500000,1.06335,1.06337,1.06309,1.06313,716.64
1448339400000,1.06313,1.06314,1.06222,1.06252,1229.71
1448340300000,1.06252,1.06292,1.06251,1.06292,881.28
1448341200000,1.06292,1.06295,1.06233,1.06254,1266.25
1448342100000,1.06254,1.06263,1.06196,1.06251,1017.94
1448343000000,1.06251,1.06273,1.06224,1.06244,1192.25
1448343900000,1.06245,1.06318,1.06241,1.06316,1227.35
1448344800000,1.06317,1.06326,1.06259,1.06274,1664.9
1448345700000,1.06273,1.0628,1.06214,1.06225,1562.64
1448346600000,1.06224,1.06267,1.06223,1.06256,987.43
1448347500000,1.06257,1.06302,1.06252,1.06275,789.27
1448348400000,1.06274,1.06402,1.06223,1.06372,2292.75
1448349300000,1.06373,1.06437,1.06353,1.0638,1830.3
1448350200000,1.0638,1.06383,1.06317,1.06324,1497.38
1448351100000,1.06323,1.0643,1.06313,1.06395,1925.21
1448352000000,1.06394,1.06459,1.06345,1.06357,2579.16
1448352900000,1.06358,1.06471,1.06357,1.06442,2394.54
1448353800000,1.06443,1.06499,1.06421,1.06473,2820.53
1448354700000,1.06472,1.06612,1.06456,1.06599,3313.77
1448355600000,1.06599,1.06698,1.06521,1.06526,4504.77
1448356500000,1.06525,1.06554,1.06483,1.06501,2731.26
1448357400000,1.065,1.06545,1.06485,1.06525,2049.9
1448358300000,1.06526,1.06526,1.06422,1.06463,2694.52
1448359200000,1.06465,1.06489,1.06348,1.06405,2807.81
1448360100000,1.06406,1.06453,1.06372,1.06406,2478.62
1448361000000,1.06408,1.06539,1.06392,1.06493,2009.88
1448361900000,1.06492,1.06571,1.06488,1.06511,2195.95
1448362800000,1.0651,1.06573,1.06456,1.06542,1892.15
1448363700000,1.06541,1.06564,1.06486,1.06492,1449.71
1448364600000,1.06497,1.06533,1.0646,1.06461,1446.69
1448365500000,1.0646,1.06471,1.06412,1.06443,1989.15
1448366400000,1.06443,1.06472,1.06432,1.06457,1967.42
1448367300000,1.06457,1.06499,1.06456,1.06464,1986.43
1448368200000,1.06463,1.06466,1.06371,1.06416,2412.68
1448369100000,1.06416,1.06537,1.06387,1.0648,2723.73
1448370000000,1.06479,1.06576,1.06461,1.06504,3474
1448370900000,1.06504,1.06671,1.06492,1.06515,3940.38
1448371800000,1.06515,1.0665,1.06507,1.06559,4132.53
1448372700000,1.06557,1.06648,1.06541,1.06623,3481.06
1448373600000,1.06624,1.06734,1.066,1.06637,4217.33
1448374500000,1.06634,1.06683,1.06471,1.06484,4091.18
1448375400000,1.06486,1.06498,1.06371,1.0639,4171.98
1448376300000,1.06389,1.06437,1.06362,1.06378,3184.05
1448377200000,1.06381,1.06488,1.06368,1.06422,4208.56
1448378100000,1.06423,1.06452,1.06284,1.06322,3756.66
1448379000000,1.06322,1.06405,1.06317,1.06339,3544.9
1448379900000,1.06339,1.06423,1.06332,1.06407,3553.31
1448380800000,1.06408,1.06425,1.06355,1.06368,3393.82
1448381700000,1.06367,1.06455,1.06354,1.06375,3003.56
1448382600000,1.06375,1.06497,1.06361,1.06469,2903.9
1448383500000,1.06469,1.06546,1.0645,1.06518,2577.01
1448384400000,1.06519,1.0665,1.06503,1.06612,2099.2
1448385300000,1.06614,1.06615,1.06534,1.06536,2002.6
1448386200000,1.06535,1.06545,1.06482,1.06482,1902.02
1448387100000,1.06482,1.06506,1.0645,1.06469,1984.6
1448388000000,1.06468,1.06545,1.06461,1.0654,1750.24
1448388900000,1.0654,1.06586,1.06534,1.06572,1264.3
1448389800000,1.06572,1.06572,1.06355,1.06406,2138.42
1448390700000,1.06405,1.06484,1.06382,1.06459,1631.78
1448391600000,1.06459,1.06557,1.06421,1.0655,1516.28
1448392500000,1.0655,1.06619,1.06511,1.06599,1673.01
1448393400000,1.06601,1.06616,1.06488,1.06521,1489.1
1448394300000,1.06521,1.06559,1.0649,1.06554,1073.95
1448395200000,1.06554,1.06572,1.06483,1.06483,776.46
1448396100000,1.06483,1.06505,1.0643,1.0644,897.46
1448397000000,1.0644,1.06474,1.0643,1.06468,865.58
1448397900000,1.06467,1.06478,1.06452,1.06453,846.47
1448398800000,1.06454,1.06493,1.06454,1.0648,939.57
1448399700000,1.0648,1.06483,1.06409,1.06414,689.15
1448400600000,1.06414,1.06423,1.06387,1.06405,1599.05
1448401500000,1.06406,1.06436,1.06402,1.06427,979.15
1448402400000,1.06428,1.06461,1.06422,1.06453,438.6
1448403300000,1.06453,1.06477,1.06446,1.06469,538.91
1448404200000,1.06467,1.0648,1.06447,1.06475,994.66
1448405100000,1.06475,1.0648,1.06444,1.06452,1970.88
1448406000000,1.06454,1.06476,1.06439,1.06453,1203.16
1448406900000,1.06452,1.06464,1.0645,1.06451,589.67
1448407800000,1.06451,1.06459,1.06402,1.06428,654.77
1448408700000,1.06428,1.06432,1.06422,1.06428,368.01
1448409600000,1.06427,1.06525,1.06413,1.06525,1082.21
1448410500000,1.06526,1.06554,1.06503,1.06545,1068.98
1448411400000,1.06546,1.06606,1.0654,1.06571,1375.21
1448412300000,1.06571,1.06583,1.06491,1.06495,1927.24
1448413200000,1.06496,1.06509,1.06475,1.06494,1349.16
1448414100000,1.06494,1.06575,1.06485,1.06574,1203
1448415000000,1.06572,1.06618,1.06556,1.06616,1246.68
1448415900000,1.06616,1.06645,1.06591,1.06645,1473.53
1448416800000,1.06643,1.06744,1.0664,1.0674,2462.47
1448417700000,1.06739,1.0676,1.06702,1.06707,1554.72
1448418600000,1.06707,1.06716,1.06663,1.06664,1185.79
1448419500000,1.06664,1.06752,1.06664,1.06751,1141.04
1448420400000,1.06751,1.06769,1.06688,1.0669,1671.37
1448421300000,1.06691,1.06702,1.06666,1.06692,1146.57
1448422200000,1.06691,1.067,1.06671,1.06679,782.49
1448423100000,1.06679,1.06742,1.06673,1.06727,1084.87
1448424000000,1.06727,1.06727,1.06682,1.06691,667.42
1448424900000,1.06691,1.06691,1.06621,1.06624,917.19
1448425800000,1.06625,1.0663,1.06521,1.06548,1777.68
1448426700000,1.06548,1.06582,1.06514,1.06564,1119.84
1448427600000,1.06566,1.06587,1.06539,1.06587,1064.84
1448428500000,1.06586,1.06596,1.06551,1.06562,790.41
1448429400000,1.06561,1.06606,1.0654,1.06569,1011.82
1448430300000,1.06571,1.06584,1.06532,1.06583,1214.47
1448431200000,1.06585,1.06621,1.06564,1.06616,1366.26
1448432100000,1.06616,1.06656,1.06592,1.06652,1008.64
1448433000000,1.06651,1.06655,1.06593,1.06614,891.29
1448433900000,1.06614,1.06696,1.06614,1.06684,1118.6
1448434800000,1.06683,1.06744,1.06651,1.06691,1956.42
1448435700000,1.06691,1.06827,1.06642,1.06785,2623.84
1448436600000,1.06785,1.06892,1.06771,1.06821,2888.39
1448437500000,1.06821,1.06884,1.0678,1.06803,2073.55
1448438400000,1.068,1.06859,1.06719,1.06816,2913.53
1448439300000,1.06816,1.06821,1.06725,1.06741,2165.62
1448440200000,1.06741,1.06771,1.0662,1.06663,2649.76
1448441100000,1.06665,1.06669,1.06589,1.06625,2309.73
1448442000000,1.06625,1.06643,1.06422,1.06457,3935.11
1448442900000,1.06457,1.0647,1.06261,1.06298,3467.47
1448443800000,1.06299,1.06299,1.06064,1.06178,4363.37
1448444700000,1.06178,1.06247,1.06081,1.06114,4399.04
1448445600000,1.06113,1.06162,1.06028,1.06063,3456.95
1448446500000,1.06064,1.06094,1.05975,1.06042,3582.72
1448447400000,1.06044,1.06156,1.06025,1.06046,3022.77
1448448300000,1.06051,1.06063,1.05889,1.05954,3977.13
1448449200000,1.05953,1.0597,1.058,1.05832,4055.65
1448450100000,1.05832,1.05878,1.05794,1.05873,3148.37
1448451000000,1.05871,1.05954,1.05842,1.05953,3288.7
1448451900000,1.05953,1.05953,1.05839,1.05844,2836.69
1448452800000,1.05842,1.05974,1.05834,1.05946,3288.11
1448453700000,1.05945,1.06021,1.05935,1.05956,3101.66
1448454600000,1.05956,1.05982,1.05839,1.05898,2772.2
1448455500000,1.05899,1.0597,1.05894,1.0597,2797.48
1448456400000,1.0597,1.06017,1.05845,1.05858,3537.53
1448457300000,1.05859,1.05918,1.05805,1.05867,3498
1448458200000,1.0581,1.05869,1.05776,1.05787,4887.23
1448459100000,1.05787,1.05915,1.0577,1.05913,3941.55
1448460000000,1.05915,1.05949,1.0585,1.05926,4122.78
1448460900000,1.05925,1.05935,1.0587,1.05872,3190.24
1448461800000,1.05872,1.05894,1.05777,1.05812,3914.71
1448462700000,1.05812,1.05847,1.05761,1.05793,3598.34
1448463600000,1.05795,1.05909,1.0566,1.05888,4837.03
1448464500000,1.05888,1.05932,1.05843,1.05865,3294.17
1448465400000,1.05863,1.05952,1.05836,1.05929,3363.8
1448466300000,1.05928,1.06022,1.05907,1.06017,3214.7
1448467200000,1.06015,1.06125,1.06,1.06073,4279.79
1448468100000,1.06072,1.06164,1.06026,1.06137,3268.65
1448469000000,1.06138,1.06183,1.0609,1.06172,3336.58
1448469900000,1.06172,1.06195,1.06129,1.06153,3314.47
1448470800000,1.06152,1.06414,1.06131,1.06313,3170.95
1448471700000,1.06315,1.06345,1.06252,1.06281,2586.27
1448472600000,1.06286,1.06321,1.06243,1.06252,1633.48
1448473500000,1.06251,1.06256,1.06201,1.06232,1379.73
1448474400000,1.06231,1.06266,1.06214,1.0623,1501.43
1448475300000,1.0623,1.06284,1.06209,1.06251,1123.07
1448476200000,1.06252,1.06255,1.06173,1.06184,1217.61
1448477100000,1.06184,1.06194,1.06142,1.06156,951.72
1448478000000,1.0616,1.06193,1.06143,1.06152,1071.24
1448478900000,1.06152,1.06155,1.06122,1.06132,927.66
1448479800000,1.06132,1.06175,1.061,1.06173,992.01
1448480700000,1.06173,1.06202,1.06145,1.06148,846.66
1448481600000,1.06147,1.06225,1.06144,1.06212,1077.29
1448482500000,1.06212,1.06237,1.06181,1.06193,670.2
1448483400000,1.06193,1.06199,1.06156,1.06171,667.16
1448484300000,1.06171,1.06205,1.06162,1.06172,675.37
1448485200000,1.0617,1.06198,1.06159,1.06195,623.41
1448486100000,1.06196,1.06213,1.06179,1.06186,282.89
1448487000000,1.06184,1.06216,1.06179,1.06214,356.62
1448487900000,1.06214,1.06247,1.0621,1.06247,1930.04
1448488800000,1.06241,1.06251,1.06221,1.06232,211.17
1448489700000,1.06232,1.06232,1.06207,1.06207,352.26
1448490600000,1.06209,1.06209,1.06163,1.06164,1457.16
1448491500000,1.06165,1.06219,1.06162,1.06207,1173.13
1448492400000,1.06207,1.06219,1.062,1.06219,285.56
1448493300000,1.06218,1.06221,1.06208,1.06208,148.81
1448494200000,1.06211,1.06228,1.06208,1.06217,376.4
1448495100000,1.06217,1.06232,1.06213,1.06229,741.2
1448496000000,1.06228,1.06248,1.06224,1.06247,428.79
1448496900000,1.06248,1.06272,1.06222,1.06232,879.17
1448497800000,1.06231,1.06241,1.06193,1.06221,1925.77
1448498700000,1.06218,1.0626,1.06208,1.06258,1495.34
1448499600000,1.06259,1.0626,1.06155,1.06161,1266.32
1448500500000,1.06162,1.06205,1.06158,1.06167,1137.91
1448501400000,1.06165,1.06216,1.06161,1.06215,895.92
1448502300000,1.06214,1.06217,1.06184,1.06194,799.39
1448503200000,1.06196,1.06207,1.06179,1.06186,866.6
1448504100000,1.06185,1.06186,1.06159,1.06159,717.55
1448505000000,1.06161,1.06192,1.0616,1.06185,684.89
1448505900000,1.0618,1.06188,1.0616,1.06179,809.43
1448506800000,1.0618,1.06185,1.0616,1.06176,854.17
1448507700000,1.06176,1.06241,1.06176,1.06231,1104.22
1448508600000,1.06233,1.06248,1.06219,1.06244,1116.45
1448509500000,1.06245,1.0625,1.06194,1.06225,894.01
1448510400000,1.06225,1.06246,1.06218,1.06228,715.91
1448511300000,1.06227,1.06245,1.06215,1.06235,709.99
1448512200000,1.06235,1.06246,1.06219,1.06238,569.01
1448513100000,1.06237,1.06244,1.06185,1.06207,700.47
1448514000000,1.06209,1.06226,1.0616,1.06166,930.87
1448514900000,1.06166,1.06196,1.06155,1.06161,717.37
1448515800000,1.06161,1.06235,1.06161,1.06209,898.23
1448516700000,1.0621,1.06236,1.06173,1.06196,841.13
1448517600000,1.06197,1.06232,1.06187,1.0621,637.65
1448518500000,1.06209,1.06235,1.06205,1.06223,724.39
1448519400000,1.06222,1.06227,1.06201,1.06202,573.92
1448520300000,1.06202,1.06218,1.06173,1.06186,1136.17
1448521200000,1.06186,1.06227,1.06169,1.06214,1310.42
1448522100000,1.06214,1.06214,1.06142,1.06149,1263.87
1448523000000,1.06149,1.06169,1.06061,1.06068,1628.37
1448523900000,1.06066,1.06077,1.06028,1.06075,1973.6
1448524800000,1.06074,1.06114,1.06061,1.06087,2026.34
1448525700000,1.06086,1.06119,1.06064,1.06079,1966.57
1448526600000,1.06078,1.06079,1.05999,1.06032,2080.46
1448527500000,1.06032,1.06139,1.06026,1.06118,2780.79
1448528400000,1.06119,1.06147,1.06082,1.06127,2423.49
1448529300000,1.06126,1.0615,1.06088,1.061,1808.34
1448530200000,1.061,1.06157,1.06092,1.0614,2009.82
1448531100000,1.06138,1.06158,1.06085,1.06099,2288.5
1448532000000,1.06099,1.0613,1.0606,1.06122,1886.98
1448532900000,1.06121,1.0614,1.06059,1.06068,2112.71
1448533800000,1.06066,1.06127,1.06045,1.0609,2022.15
1448534700000,1.06089,1.06146,1.06076,1.06138,1696.97
1448535600000,1.06138,1.06151,1.06107,1.06115,1756.34
1448536500000,1.06115,1.06146,1.06079,1.06085,1644.85
1448537400000,1.06082,1.06182,1.06082,1.0618,2189.42
1448538300000,1.06182,1.06193,1.06146,1.0615,1939.98
1448539200000,1.06149,1.0619,1.0614,1.06183,1970.01
1448540100000,1.06183,1.06201,1.0617,1.06196,909.44
1448541000000,1.06196,1.062,1.06115,1.06116,1725.26
1448541900000,1.06115,1.06139,1.06096,1.06096,1281.12
1448542800000,1.06096,1.06136,1.0609,1.06114,1530.07
1448543700000,1.06121,1.06168,1.06121,1.06161,1532.94
1448544600000,1.06165,1.06173,1.06144,1.06153,1472.04
1448545500000,1.06153,1.06185,1.06137,1.06177,1882.82
1448546400000,1.06177,1.06184,1.06155,1.06168,1659.75
1448547300000,1.06168,1.06195,1.06154,1.0619,1058.01
1448548200000,1.0619,1.06202,1.06165,1.06175,1276.89
1448549100000,1.06173,1.06231,1.06171,1.06207,1853.65
1448550000000,1.06208,1.06216,1.06152,1.06176,1527.44
1448550900000,1.06177,1.06211,1.06173,1.06181,1583.06
1448551800000,1.0618,1.06193,1.06162,1.06177,1308.29
1448552700000,1.06177,1.06206,1.06167,1.06185,1497.98
1448553600000,1.06185,1.06197,1.06121,1.06129,2394.49
1448554500000,1.06128,1.06144,1.06112,1.06117,1368.42
1448555400000,1.06117,1.06129,1.06069,1.06081,1344.6
1448556300000,1.0608,1.0609,1.06058,1.06073,1008.43
1448557200000,1.06073,1.06112,1.06061,1.06104,802.16
1448558100000,1.06103,1.06109,1.0609,1.06107,573.59
1448559000000,1.06108,1.06108,1.06075,1.06076,471.89
1448559900000,1.06076,1.06135,1.06076,1.06135,389.72
1448560800000,1.06134,1.06141,1.06052,1.06054,1017.96
1448561700000,1.06054,1.06089,1.06054,1.06078,1110.48
1448562600000,1.06078,1.0608,1.06053,1.06055,1890.87
1448563500000,1.06054,1.0607,1.06052,1.06061,801.21
1448564400000,1.06061,1.0607,1.06061,1.0607,413.33
1448565300000,1.0607,1.06074,1.0606,1.06064,939.15
1448566200000,1.06064,1.0608,1.06064,1.06076,162.64
1448567100000,1.06076,1.06077,1.06069,1.06069,103.56
1448568000000,1.0607,1.06073,1.06061,1.06063,143.4
1448568900000,1.06063,1.06077,1.06057,1.06074,270.01
1448569800000,1.06073,1.0608,1.06073,1.06075,297.5
1448570700000,1.06075,1.06079,1.06063,1.06065,624.74
1448571600000,1.06064,1.06066,1.0606,1.06061,355.77
1448572500000,1.06062,1.06072,1.0606,1.06064,419.61
1448573400000,1.06063,1.06078,1.06062,1.06064,542.72
1448574300000,1.06064,1.06102,1.06061,1.06097,1453.97
1448575200000,1.06097,1.06102,1.06071,1.06078,244.24
1448576100000,1.06079,1.0609,1.0606,1.06065,325.54
1448577000000,1.06065,1.06074,1.06062,1.0607,201.77
1448577900000,1.0607,1.06074,1.06033,1.06034,412.08
1448578800000,1.06034,1.06067,1.06034,1.06059,460.82
1448579700000,1.06059,1.0608,1.06054,1.06065,1620.59
1448580600000,1.06065,1.06081,1.06044,1.06044,1410.58
1448581500000,1.06045,1.06063,1.06027,1.06063,527.33
1448582400000,1.06063,1.06071,1.0605,1.06066,621.16
1448583300000,1.06065,1.06066,1.06028,1.06051,1035.88
1448584200000,1.06053,1.06068,1.06051,1.06065,644.91
1448585100000,1.06064,1.06066,1.06015,1.0603,883.5
1448586000000,1.06032,1.0604,1.06017,1.06025,635.97
1448586900000,1.06027,1.0604,1.06015,1.06038,831.08
1448587800000,1.06037,1.06054,1.06032,1.06036,774.66
1448588700000,1.06035,1.06087,1.06033,1.06078,1003.4
1448589600000,1.0608,1.06138,1.0608,1.06098,1257.83
1448590500000,1.06097,1.0613,1.06097,1.06112,955.12
1448591400000,1.06115,1.06128,1.06092,1.06118,759.67
1448592300000,1.06117,1.06127,1.06102,1.06115,667
1448593200000,1.06114,1.06123,1.06102,1.06103,361.22
1448594100000,1.06102,1.06108,1.06092,1.06103,323.14
1448595000000,1.06103,1.06134,1.06103,1.06127,581.78
1448595900000,1.06127,1.06161,1.06058,1.06059,962.39
1448596800000,1.06059,1.0612,1.06059,1.06113,617.2
1448597700000,1.06112,1.06114,1.06091,1.06097,463.07
1448598600000,1.06097,1.0611,1.06092,1.06102,522.49
1448599500000,1.06103,1.06107,1.0607,1.0607,685.02
1448600400000,1.06071,1.06111,1.06071,1.0611,532.74
1448601300000,1.06111,1.06162,1.06109,1.06118,1440.4
1448602200000,1.06118,1.06126,1.06096,1.061,851.3
1448603100000,1.061,1.06125,1.06082,1.06119,990.61
1448604000000,1.06118,1.06161,1.06106,1.06157,1877.77
1448604900000,1.06156,1.06206,1.06155,1.06173,1737.03
1448605800000,1.06174,1.06217,1.06155,1.06196,1243.46
1448606700000,1.06199,1.0638,1.06199,1.06315,2428.53
1448607600000,1.06316,1.06325,1.06251,1.0626,2328.65
1448608500000,1.0626,1.06279,1.06237,1.06243,1699.51
1448609400000,1.06243,1.06308,1.06231,1.06277,1759.71
1448610300000,1.06278,1.06279,1.06221,1.06229,1772.03
1448611200000,1.06229,1.06291,1.0622,1.06243,2533.37
1448612100000,1.06243,1.06256,1.06127,1.06153,2724.58
1448613000000,1.06153,1.06158,1.06096,1.06121,2771.38
1448613900000,1.06122,1.06211,1.06089,1.06177,2703.13
1448614800000,1.0618,1.06202,1.06098,1.06101,2101.15
1448615700000,1.06101,1.06127,1.0604,1.06085,2688.65
1448616600000,1.06084,1.0609,1.06016,1.06027,2810.15
1448617500000,1.06027,1.06038,1.0584,1.05841,4025.39
1448618400000,1.0584,1.05874,1.0577,1.05777,3503.65
1448619300000,1.05777,1.0584,1.05741,1.05839,2786.81
1448620200000,1.05839,1.05934,1.05833,1.05933,2217.73
1448621100000,1.05932,1.05943,1.05888,1.05909,2079.17
1448622000000,1.0591,1.05934,1.05862,1.0593,2054.31
1448622900000,1.05934,1.05969,1.0591,1.05933,2093.51
1448623800000,1.05932,1.05948,1.05854,1.05872,1795.94
1448624700000,1.05871,1.05873,1.05795,1.05795,2066.26
1448625600000,1.05795,1.05853,1.0579,1.05835,1715.31
1448626500000,1.05836,1.05857,1.058,1.05828,2405.53
1448627400000,1.05826,1.05832,1.05776,1.05794,1618.56
1448628300000,1.05795,1.05872,1.05793,1.05844,1789.54
1448629200000,1.05843,1.05867,1.05778,1.05795,1928.75
1448630100000,1.05792,1.05832,1.0576,1.05801,2393.12
1448631000000,1.05804,1.05845,1.05771,1.05788,1503.39
1448631900000,1.05788,1.05802,1.0575,1.05788,2015.97
1448632800000,1.05786,1.05796,1.05733,1.05761,2048.54
1448633700000,1.05751,1.05778,1.05684,1.05776,1999.69
1448634600000,1.05776,1.05799,1.05734,1.05746,2787.55
1448635500000,1.05743,1.05871,1.05731,1.05799,2899.23
1448636400000,1.05795,1.05838,1.05769,1.05818,3044.5
1448637300000,1.05818,1.05861,1.05805,1.05858,2677.68
1448638200000,1.05859,1.05918,1.05847,1.05891,2628.05
1448639100000,1.05891,1.05958,1.05885,1.05943,2297.62
1448640000000,1.05951,1.05971,1.05909,1.05939,2681.49
1448640900000,1.05938,1.05958,1.05877,1.05929,2455.46
1448641800000,1.05935,1.05952,1.05895,1.05907,1535
1448642700000,1.05907,1.05972,1.05886,1.05947,1448.62
1448643600000,1.05947,1.05989,1.05935,1.05987,888.58
1448644500000,1.05989,1.06036,1.0598,1.05999,1507.46
1448645400000,1.05999,1.06006,1.05949,1.0595,799.58
1448646300000,1.05949,1.06004,1.05949,1.05995,1173.7
1448647200000,1.05994,1.06043,1.05986,1.06034,1695.58
1448648100000,1.06034,1.06041,1.06001,1.06016,400.85
1448649000000,1.06016,1.06017,1.05996,1.05998,599.93
1448649900000,1.05998,1.06007,1.05952,1.05955,359.77
1448650800000,1.05956,1.05968,1.05932,1.05958,419.52
1448651700000,1.05958,1.0596,1.05952,1.05952,144.92
1448652600000,1.05952,1.05979,1.05951,1.05967,538.88
1448653500000,1.05966,1.0597,1.05901,1.05901,709.03
1448654400000,1.05901,1.05971,1.05899,1.05942,460.38
1448655300000,1.05942,1.05975,1.05922,1.05949,591.45
1448656200000,1.0595,1.05966,1.0594,1.05944,703.46
1448657100000,1.05944,1.05956,1.05936,1.05937,183.52
1448658000000,1.05935,1.05956,1.05925,1.05935,432.49
1448658900000,1.05936,1.05958,1.05929,1.05949,411.71
1448659800000,1.05947,1.05961,1.05934,1.05941,279.1
1448660700000,1.05938,1.05949,1.059,1.05923,1129.78
1448834400000,1.05883,1.05931,1.05881,1.05922,273.54
1448835300000,1.05922,1.05922,1.05883,1.05884,388.74
1448836200000,1.05886,1.05905,1.0588,1.05903,361
1448837100000,1.05903,1.05923,1.05903,1.05917,670.4
1448838000000,1.05918,1.05918,1.05877,1.059,1003.89
1448838900000,1.05901,1.05939,1.05887,1.0589,633.4
1448839800000,1.0589,1.059,1.05878,1.05898,773.53
1448840700000,1.05898,1.05898,1.05817,1.0583,1140.68
1448841600000,1.05831,1.05891,1.05813,1.05846,1378.22
1448842500000,1.05846,1.05848,1.05793,1.05801,1158.67
1448843400000,1.05801,1.05822,1.05791,1.0581,1110.63
1448844300000,1.05809,1.05819,1.05747,1.05768,1525.71
1448845200000,1.05768,1.05811,1.05766,1.05807,689.95
1448846100000,1.05807,1.0584,1.05726,1.05727,2025.82
1448847000000,1.05728,1.05763,1.05705,1.05753,1720.37
1448847900000,1.05752,1.05799,1.05745,1.05793,1658.02
1448848800000,1.05794,1.05832,1.0578,1.05825,1497.29
1448849700000,1.05823,1.05835,1.05778,1.05781,922.83
1448850600000,1.05779,1.05803,1.05769,1.05793,756.22
1448851500000,1.05793,1.05838,1.05785,1.05833,934.19
1448852400000,1.05834,1.05837,1.05821,1.0583,1147.47
1448853300000,1.0583,1.05853,1.05829,1.05851,992.41
1448854200000,1.05852,1.05866,1.05851,1.05862,937.96
1448855100000,1.05863,1.05865,1.05834,1.05847,607.46
1448856000000,1.05848,1.05852,1.05821,1.05832,516.34
1448856900000,1.05831,1.05864,1.05831,1.05841,632.63
1448857800000,1.05841,1.05903,1.0583,1.05888,868.18
1448858700000,1.05888,1.05891,1.05842,1.05858,795.58
1448859600000,1.05858,1.05895,1.05847,1.05888,787.28
1448860500000,1.05889,1.05918,1.05878,1.059,1188.29
1448861400000,1.05901,1.05901,1.05866,1.05871,625.03
1448862300000,1.05872,1.05875,1.0585,1.0585,642.57
1448863200000,1.0585,1.05866,1.05818,1.05823,1271.97
1448864100000,1.05822,1.05854,1.05817,1.05817,1013.3
1448865000000,1.05817,1.05818,1.05793,1.05796,800.64
1448865900000,1.05795,1.05815,1.05795,1.05813,933.62
1448866800000,1.05813,1.05863,1.05789,1.05863,1452.77
1448867700000,1.05864,1.05903,1.0583,1.05842,1290.46
1448868600000,1.05842,1.05902,1.05832,1.05887,1616.27
1448869500000,1.05887,1.05911,1.05817,1.05829,1715.57
1448870400000,1.05828,1.05889,1.05826,1.0587,2172.35
1448871300000,1.0587,1.05906,1.05843,1.05892,2139.59
1448872200000,1.05893,1.0595,1.05841,1.0585,1943.67
1448873100000,1.0585,1.0585,1.0574,1.05759,3119.95
1448874000000,1.05761,1.05812,1.05641,1.05644,3092.72
1448874900000,1.05643,1.05722,1.05634,1.05722,3686.86
1448875800000,1.05722,1.05812,1.05697,1.05779,2615.76
1448876700000,1.05779,1.05841,1.05747,1.05808,2811.22
1448877600000,1.05807,1.05814,1.0575,1.05779,2419.76
1448878500000,1.05778,1.05804,1.05747,1.05754,2050.66
1448879400000,1.05759,1.05787,1.05735,1.05772,2074.3
1448880300000,1.05772,1.05843,1.0574,1.05757,2164.1
1448881200000,1.05758,1.05805,1.05692,1.05699,2337.68
1448882100000,1.057,1.05711,1.05662,1.0569,2093.46
1448883000000,1.0569,1.05699,1.05642,1.05677,2404.77
1448883900000,1.05675,1.05747,1.05663,1.05747,2267.37
1448884800000,1.05746,1.05788,1.05722,1.05762,1963.25
1448885700000,1.05763,1.0578,1.05726,1.05738,1502.24
1448886600000,1.05737,1.05796,1.05707,1.05761,2883.61
1448887500000,1.05761,1.058,1.05719,1.05759,2901.49
1448888400000,1.05757,1.05832,1.05749,1.05795,3407.11
1448889300000,1.05795,1.05849,1.05794,1.05832,3552.58
1448890200000,1.05833,1.05846,1.05786,1.05813,2482.57
1448891100000,1.05812,1.05835,1.05742,1.05746,2718.97
1448892000000,1.05746,1.05845,1.05738,1.0584,3930.56
1448892900000,1.0584,1.05845,1.05786,1.05791,2285.59
1448893800000,1.05791,1.05846,1.05749,1.05838,3040.94
1448894700000,1.05839,1.05849,1.05762,1.05799,3306.34
1448895600000,1.05795,1.05817,1.05757,1.05806,3438.79
1448896500000,1.05806,1.05808,1.05697,1.05715,3752.32
1448897400000,1.05714,1.05771,1.0571,1.05742,3263.92
1448898300000,1.05743,1.05752,1.05589,1.05614,4868.28
1448899200000,1.05614,1.05746,1.05584,1.05646,5404.63
1448900100000,1.05646,1.05665,1.05589,1.05645,3090.33
1448901000000,1.05645,1.05668,1.05595,1.05662,2950.51
1448901900000,1.05663,1.05692,1.05604,1.05606,1805.51
1448902800000,1.05607,1.05688,1.05596,1.05606,1636.35
1448903700000,1.05606,1.05652,1.05579,1.0562,1645.9
1448904600000,1.0562,1.0567,1.05606,1.05606,1362.34
1448905500000,1.05605,1.05641,1.05587,1.05598,1303.61
1448906400000,1.05599,1.05635,1.0559,1.05626,1630.51
1448907300000,1.05626,1.05657,1.05599,1.05641,1268.06
1448908200000,1.05642,1.05671,1.05607,1.05619,1000
1448909100000,1.05619,1.0568,1.05618,1.05678,1037.23
1448910000000,1.05679,1.05732,1.05668,1.05695,1258.42
1448910900000,1.05695,1.05698,1.05638,1.05646,1270.9
1448911800000,1.05643,1.05691,1.05639,1.05688,905.18
1448912700000,1.05688,1.05759,1.05669,1.05729,1373.43
1448913600000,1.0573,1.05751,1.05718,1.05731,1174.81
1448914500000,1.05732,1.05748,1.057,1.05711,1082.86
1448915400000,1.05711,1.05714,1.05671,1.0568,1009.71
1448916300000,1.05681,1.05708,1.05643,1.05664,1429.42
1448917200000,1.05664,1.05677,1.05637,1.05673,1391.76
1448918100000,1.05672,1.05677,1.05651,1.05656,407.16
1448919000000,1.05655,1.05672,1.05646,1.05651,558.94
1448919900000,1.05651,1.05663,1.05624,1.05638,839.15
1448920800000,1.05638,1.05685,1.05638,1.05676,313.9
1448921700000,1.05676,1.05684,1.05666,1.05679,186.96
1448922600000,1.0568,1.05686,1.05662,1.05677,975.68
1448923500000,1.05677,1.05717,1.05676,1.05716,678.44
1448924400000,1.05716,1.05716,1.05673,1.05673,830.85
1448925300000,1.05674,1.05691,1.05641,1.05688,920.11
1448926200000,1.05688,1.05694,1.05682,1.05686,373.01
1448927100000,1.05686,1.05698,1.05682,1.05697,317.63
