timestamp,open,high,low,close,volume
1506891600000,1.17886,1.18077,1.17886,1.1805,541
1506892500000,1.1805,1.18051,1.18006,1.18032,203.41
1506893400000,1.18032,1.18085,1.18031,1.18059,426.31
1506894300000,1.18059,1.18076,1.18007,1.18066,479.9
1506895200000,1.18067,1.18094,1.1803,1.18057,872.73
1506896100000,1.18058,1.18151,1.18056,1.18149,949.46
1506897000000,1.18149,1.18151,1.18076,1.18103,856.3
1506897900000,1.18104,1.18115,1.18093,1.18109,576.99
1506898800000,1.18109,1.18113,1.18089,1.18101,907.35
1506899700000,1.18101,1.18107,1.18067,1.18071,944.32
1506900600000,1.18071,1.18099,1.18071,1.18083,678.5
1506901500000,1.18083,1.18086,1.18058,1.18079,1327.66
1506902400000,1.18079,1.18079,1.1799,1.1799,1903.31
1506903300000,1.17989,1.18014,1.17971,1.17987,1368.32
1506904200000,1.17985,1.17999,1.17951,1.17967,1729.63
1506905100000,1.17968,1.17968,1.17877,1.17892,2103.94
1506906000000,1.17896,1.17912,1.17846,1.1785,2440.44
1506906900000,1.17849,1.1786,1.17797,1.17834,2743.8
1506907800000,1.17834,1.17838,1.17793,1.17806,2157.29
1506908700000,1.17808,1.17809,1.17705,1.17741,2816.29
1506909600000,1.17742,1.17751,1.17715,1.17745,2506.48
1506910500000,1.17746,1.1777,1.1772,1.1773,1762.4
1506911400000,1.1773,1.1779,1.1773,1.17787,1500.79
1506912300000,1.17786,1.17799,1.1775,1.17757,1520.12
1506913200000,1.17757,1.17773,1.1775,1.17759,1127.41
1506914100000,1.1776,1.17773,1.17732,1.17742,858.6
1506915000000,1.17741,1.17766,1.1774,1.17761,1061.99
1506915900000,1.17761,1.17783,1.17754,1.17782,1384.27
1506916800000,1.17781,1.178,1.17773,1.17786,1123.18
1506917700000,1.17784,1.17787,1.17751,1.17751,950.68
1506918600000,1.17751,1.17757,1.17735,1.17746,1453.59
1506919500000,1.17746,1.17773,1.17735,1.17765,1014.28
1506920400000,1.17767,1.17767,1.17715,1.17736,1032.25
1506921300000,1.17736,1.17737,1.17625,1.1764,2294.6
1506922200000,1.17641,1.17658,1.17606,1.17636,2391.09
1506923100000,1.17636,1.17663,1.17615,1.17632,2016.23
1506924000000,1.17631,1.17681,1.17623,1.17677,2611.85
1506924900000,1.17676,1.17686,1.17631,1.17647,2962.78
1506925800000,1.17647,1.17654,1.17599,1.17608,3820.42
1506926700000,1.17611,1.17645,1.17543,1.17641,3479.52
1506927600000,1.17642,1.17657,1.17517,1.17519,3427.28
1506928500000,1.17519,1.17532,1.17441,1.17464,2829.28
1506929400000,1.17463,1.17467,1.1738,1.17398,3495.94
1506930300000,1.17396,1.17442,1.1735,1.1742,3409.66
1506931200000,1.17419,1.17443,1.17374,1.17409,3302.39
1506932100000,1.17408,1.1743,1.17338,1.17408,3289.31
1506933000000,1.1741,1.1746,1.17398,1.17448,3315.73
1506933900000,1.17448,1.17525,1.17432,1.17451,3301.05
1506934800000,1.17454,1.17484,1.17401,1.17445,3171.44
1506935700000,1.17445,1.17463,1.17388,1.17388,2600.29
1506936600000,1.17388,1.17427,1.17365,1.17391,2709.59
1506937500000,1.1739,1.1739,1.17303,1.1731,3083.4
1506938400000,1.17313,1.17362,1.17301,1.17357,3196.09
1506939300000,1.17357,1.1736,1.1731,1.17311,2028.45
1506940200000,1.1731,1.17433,1.17309,1.17424,2509.88
1506941100000,1.17424,1.17461,1.17406,1.17453,2376.71
1506942000000,1.17453,1.17473,1.17405,1.17427,2347.48
1506942900000,1.17428,1.1751,1.17417,1.17459,2538.13
1506943800000,1.17459,1.17478,1.17439,1.17465,2215.01
1506944700000,1.17467,1.17469,1.17378,1.17382,2583.78
1506945600000,1.17382,1.17444,1.1737,1.17434,2718.31
1506946500000,1.17433,1.17595,1.17407,1.17557,4134.88
1506947400000,1.17557,1.17601,1.17534,1.17547,3380.06
1506948300000,1.17547,1.17633,1.17541,1.17578,3462.63
1506949200000,1.17576,1.17598,1.17537,1.1755,3605.67
1506950100000,1.17551,1.17572,1.17515,1.17546,3007.56
1506951000000,1.17548,1.1761,1.17545,1.1759,3740.12
1506951900000,1.17593,1.17593,1.17464,1.17516,3896.27
1506952800000,1.17512,1.17512,1.17344,1.17447,5939.39
1506953700000,1.17446,1.17556,1.17422,1.17543,4604.99
1506954600000,1.17542,1.17583,1.17471,1.17482,3554.64
1506955500000,1.17481,1.1753,1.17349,1.17353,4207.13
1506956400000,1.17351,1.17384,1.17305,1.17375,4013.99
1506957300000,1.17373,1.17397,1.17351,1.17386,2868.25
1506958200000,1.17385,1.17422,1.17342,1.17416,2623.34
1506959100000,1.17415,1.1746,1.17391,1.1744,2645.4
1506960000000,1.1744,1.17486,1.17428,1.17453,2384.93
1506960900000,1.17452,1.17465,1.17406,1.17423,2247.4
1506961800000,1.17427,1.17442,1.17404,1.1744,1332.13
1506962700000,1.17442,1.17479,1.17428,1.17429,2233.06
1506963600000,1.17429,1.1744,1.17401,1.1742,1889.41
1506964500000,1.17419,1.17423,1.17352,1.17357,2175.17
1506965400000,1.17357,1.17394,1.17333,1.17368,1755.37
1506966300000,1.17368,1.17396,1.17361,1.17389,1525.63
1506967200000,1.17389,1.17438,1.17367,1.17426,2544.01
1506968100000,1.17425,1.17479,1.17403,1.17474,2093.77
1506969000000,1.17473,1.17482,1.17451,1.17454,1783.24
1506969900000,1.17455,1.17495,1.17421,1.17431,2499.59
1506970800000,1.17429,1.17458,1.17418,1.17432,1811.1
1506971700000,1.17432,1.17456,1.17387,1.17393,2167.17
1506972600000,1.17392,1.17417,1.1738,1.17394,1023.01
1506973500000,1.17394,1.17395,1.1733,1.1735,1716.28
1506974400000,1.1735,1.17368,1.17338,1.17351,941.45
1506975300000,1.17351,1.17365,1.17351,1.17358,803.72
1506976200000,1.17358,1.17358,1.17341,1.17349,1124.11
1506977100000,1.17348,1.1735,1.17312,1.17324,1205.57
1506978000000,1.17324,1.1736,1.17314,1.17355,783.61
1506978900000,1.17354,1.17355,1.1732,1.1733,1167.56
1506979800000,1.17334,1.17341,1.17306,1.17328,758.83
1506980700000,1.17325,1.17351,1.17318,1.17336,1207.52
1506981600000,1.17335,1.17346,1.17322,1.17333,1634.66
1506982500000,1.17333,1.17374,1.17333,1.17374,851.49
1506983400000,1.17373,1.17388,1.1736,1.17381,2444.43
1506984300000,1.17381,1.174,1.17381,1.17388,584.16
1506985200000,1.17388,1.17397,1.17374,1.17381,610.95
1506986100000,1.17381,1.17387,1.17363,1.17367,621.61
1506987000000,1.17367,1.17379,1.17344,1.17349,1110.32
1506987900000,1.17349,1.17357,1.17313,1.17315,1187.47
1506988800000,1.17319,1.17334,1.17308,1.17315,1894.28
1506989700000,1.17314,1.17335,1.17306,1.17311,1222.92
1506990600000,1.1731,1.1734,1.17307,1.1732,1543.81
1506991500000,1.1732,1.1733,1.17193,1.17197,2575.8
1506992400000,1.17198,1.17203,1.17079,1.17128,3227.34
1506993300000,1.17128,1.17136,1.17058,1.17061,2049.99
1506994200000,1.1706,1.17158,1.17057,1.17145,2467.79
1506995100000,1.17143,1.17145,1.1704,1.17057,3126.44
1506996000000,1.17058,1.17091,1.17018,1.17079,2158.37
1506996900000,1.17078,1.17095,1.17054,1.17095,1376.46
1506997800000,1.17094,1.17122,1.17083,1.17115,1459.79
1506998700000,1.17115,1.17135,1.17108,1.17123,1757.62
1506999600000,1.17122,1.17146,1.17117,1.17138,1192.72
1507000500000,1.17139,1.1714,1.1711,1.17117,844.86
1507001400000,1.17118,1.17123,1.1706,1.17075,2103.65
1507002300000,1.17075,1.17081,1.17037,1.17047,2002.6
1507003200000,1.17047,1.17071,1.17041,1.17059,1620.77
1507004100000,1.1706,1.17073,1.17049,1.17063,967.81
1507005000000,1.17064,1.1709,1.17064,1.17085,641.35
1507005900000,1.17084,1.17087,1.17061,1.17066,771.75
1507006800000,1.17068,1.1707,1.17022,1.17027,1601.17
1507007700000,1.17027,1.17038,1.16961,1.16989,2166.8
1507008600000,1.1699,1.17091,1.1699,1.17052,1806.95
1507009500000,1.17051,1.17077,1.16982,1.1706,1876.49
1507010400000,1.17058,1.17118,1.17024,1.17076,3322.12
1507011300000,1.17076,1.17142,1.17075,1.17136,2859.06
1507012200000,1.17133,1.17208,1.17125,1.17177,3004.98
1507013100000,1.17177,1.17241,1.17137,1.17227,2765.42
1507014000000,1.17231,1.17251,1.17197,1.17213,3281.18
1507014900000,1.17213,1.17376,1.17206,1.17342,3929.8
1507015800000,1.17341,1.17392,1.17315,1.17318,3242.51
1507016700000,1.17317,1.17438,1.17315,1.17429,3281.23
1507017600000,1.17432,1.17475,1.17419,1.17451,3369.84
1507018500000,1.1745,1.17473,1.17394,1.17406,2821.44
1507019400000,1.17407,1.1743,1.17358,1.17366,3044.67
1507020300000,1.17364,1.17402,1.1733,1.17332,2540.29
1507021200000,1.17331,1.17385,1.17327,1.1736,2567.62
1507022100000,1.1736,1.1744,1.1735,1.17434,3114.76
1507023000000,1.17434,1.17497,1.17434,1.17455,2564.27
1507023900000,1.17455,1.17478,1.17358,1.1736,2415.9
1507024800000,1.1736,1.17441,1.17358,1.17411,2461.96
1507025700000,1.17412,1.17456,1.17393,1.1745,2270.45
1507026600000,1.17453,1.17508,1.17443,1.17496,3608.08
1507027500000,1.17496,1.17588,1.17492,1.17562,3431.17
1507028400000,1.17561,1.17587,1.17547,1.17574,2216.08
1507029300000,1.17574,1.1762,1.17553,1.17558,2526.93
1507030200000,1.17557,1.17574,1.17525,1.17564,2536.51
1507031100000,1.17562,1.17563,1.17492,1.17495,2379.97
1507032000000,1.17494,1.17534,1.17487,1.17531,2607.86
1507032900000,1.1753,1.1753,1.17457,1.17467,2334.39
1507033800000,1.17465,1.17486,1.17378,1.17381,2767.24
1507034700000,1.17382,1.17487,1.17378,1.17486,2642.27
1507035600000,1.17486,1.17526,1.17474,1.17496,2474.13
1507036500000,1.17495,1.1758,1.17493,1.17552,3020.5
1507037400000,1.17552,1.17588,1.17526,1.17565,3063.74
1507038300000,1.17564,1.17611,1.17546,1.1755,3279.8
1507039200000,1.1755,1.17732,1.17537,1.17657,3892.28
1507040100000,1.17658,1.17681,1.1761,1.17627,2549.24
1507041000000,1.17629,1.17642,1.176,1.17622,2836.13
1507041900000,1.17621,1.17639,1.17529,1.17531,2893.5
1507042800000,1.1753,1.17624,1.1753,1.17617,2749.75
1507043700000,1.17616,1.17639,1.17595,1.17619,2276.75
1507044600000,1.17622,1.17625,1.1758,1.17595,2137.05
1507045500000,1.17595,1.17632,1.17582,1.17586,1677.46
1507046400000,1.17587,1.17602,1.17553,1.17582,1966.96
1507047300000,1.17582,1.17582,1.17505,1.17518,2559.38
1507048200000,1.17516,1.17543,1.17497,1.1753,2416.77
1507049100000,1.17531,1.17564,1.17523,1.17529,2258.02
1507050000000,1.1753,1.17561,1.17517,1.17559,2100.99
1507050900000,1.17559,1.17559,1.17506,1.17509,1534.96
1507051800000,1.17512,1.17513,1.17459,1.17477,2086.74
1507052700000,1.17477,1.1748,1.17448,1.17464,2126.99
1507053600000,1.17463,1.17477,1.17444,1.17477,1320.17
1507054500000,1.17477,1.17479,1.1744,1.17441,1492.87
1507055400000,1.17441,1.17454,1.17391,1.17452,2101.69
1507056300000,1.17452,1.175,1.17452,1.17496,2148.66
1507057200000,1.17496,1.17528,1.17479,1.17488,2106.17
1507058100000,1.17488,1.17505,1.17455,1.17459,1393.34
1507059000000,1.17461,1.17481,1.17453,1.17472,1508.94
1507059900000,1.17472,1.17494,1.17462,1.17492,2116.45
1507060800000,1.17491,1.17505,1.1747,1.17488,1190.56
1507061700000,1.17488,1.17493,1.17474,1.17484,1067.42
1507062600000,1.17484,1.17503,1.17478,1.17489,909.87
1507063500000,1.17489,1.17498,1.1743,1.17432,1428.95
1507064400000,1.17431,1.17445,1.17415,1.1742,520.63
1507065300000,1.17418,1.17424,1.17398,1.17398,1181.63
1507066200000,1.17398,1.17406,1.17371,1.17372,1566.68
1507067100000,1.17372,1.17379,1.1735,1.17367,1067.5
1507068000000,1.17365,1.17396,1.17365,1.17387,1520.45
1507068900000,1.17388,1.17392,1.17368,1.17378,809.83
1507069800000,1.1738,1.17445,1.1738,1.1744,1001.32
1507070700000,1.1744,1.1745,1.17418,1.17432,836.67
1507071600000,1.17432,1.17435,1.17416,1.17423,470.41
1507072500000,1.17423,1.17433,1.17415,1.17432,496.44
1507073400000,1.17432,1.17454,1.17424,1.1743,1244.77
1507074300000,1.17429,1.17488,1.17415,1.17477,797.46
1507075200000,1.17476,1.17567,1.17464,1.17558,1943.37
1507076100000,1.17558,1.17693,1.1755,1.17659,2995.57
1507077000000,1.17659,1.17712,1.17634,1.177,2108.21
1507077900000,1.177,1.17794,1.17693,1.17747,3248.84
1507078800000,1.17747,1.17762,1.17668,1.17688,2088.24
1507079700000,1.17688,1.17729,1.17665,1.17709,1828.7
1507080600000,1.17709,1.17713,1.17665,1.1767,1840.52
1507081500000,1.17669,1.17733,1.17664,1.17724,1733.23
1507082400000,1.17724,1.17796,1.17704,1.17789,2030.29
1507083300000,1.17789,1.17789,1.17688,1.17696,2007.42
1507084200000,1.17696,1.17697,1.17669,1.17684,1383.19
1507085100000,1.17684,1.17686,1.17661,1.17679,1826.01
1507086000000,1.17679,1.17717,1.17673,1.17698,1305.11
1507086900000,1.17699,1.177,1.17679,1.17688,861.06
1507087800000,1.17687,1.17693,1.17647,1.17679,1692.45
1507088700000,1.17679,1.17688,1.17669,1.17674,1136.5
1507089600000,1.17674,1.17704,1.17674,1.17689,1746.75
1507090500000,1.17689,1.17689,1.17655,1.17657,1196.54
1507091400000,1.17656,1.17657,1.17634,1.17645,1307.58
1507092300000,1.17645,1.17671,1.17641,1.17671,1146.52
1507093200000,1.17671,1.1772,1.1766,1.17705,1709.45
1507094100000,1.17707,1.17736,1.17691,1.17691,2363.57
1507095000000,1.17693,1.17696,1.17655,1.17658,1670.39
1507095900000,1.17657,1.17733,1.17655,1.17708,2347.49
1507096800000,1.17707,1.17767,1.17678,1.17714,2905
1507097700000,1.17714,1.17735,1.17659,1.1773,3076.68
1507098600000,1.17729,1.17736,1.17666,1.17676,2394.45
1507099500000,1.17674,1.17691,1.17628,1.17637,2358.82
1507100400000,1.17636,1.17642,1.17491,1.17524,3328.41
1507101300000,1.17522,1.17563,1.17472,1.17563,2888.24
1507102200000,1.17563,1.17635,1.17552,1.17607,2780.15
1507103100000,1.17608,1.17608,1.17561,1.1757,2456
1507104000000,1.17569,1.17663,1.17562,1.17622,2685.09
1507104900000,1.17623,1.1764,1.17574,1.17638,2555.39
1507105800000,1.1764,1.17651,1.17587,1.17596,2705.14
1507106700000,1.17596,1.17597,1.17559,1.17565,1948.03
1507107600000,1.17566,1.1759,1.17531,1.17562,2531.05
1507108500000,1.1756,1.17573,1.17542,1.17552,1943.21
1507109400000,1.17552,1.17583,1.17549,1.17581,1770.56
1507110300000,1.17581,1.17591,1.17546,1.17587,1785.37
1507111200000,1.17587,1.17739,1.17578,1.17734,3258.06
1507112100000,1.17733,1.17735,1.17698,1.17711,2679.64
1507113000000,1.17709,1.17804,1.17691,1.17754,3096.52
1507113900000,1.17755,1.17785,1.17738,1.17742,2775.02
1507114800000,1.17742,1.17742,1.17673,1.17677,2086.71
1507115700000,1.17677,1.17721,1.17668,1.17717,2112.99
1507116600000,1.17717,1.17797,1.17714,1.17781,2594.61
1507117500000,1.1778,1.17869,1.17738,1.17798,3509.95
1507118400000,1.178,1.17877,1.17772,1.17865,3824.26
1507119300000,1.17868,1.17871,1.17663,1.17701,4142.21
1507120200000,1.177,1.17708,1.1762,1.17675,3570.59
1507121100000,1.17676,1.17719,1.1764,1.17716,2770.53
1507122000000,1.17719,1.1773,1.1763,1.17665,3512.17
1507122900000,1.17665,1.17675,1.17564,1.17582,3454.7
1507123800000,1.17584,1.17607,1.17561,1.17585,2862.51
1507124700000,1.17584,1.17677,1.17567,1.17639,3506.36
1507125600000,1.17638,1.17638,1.17469,1.17519,4421.96
1507126500000,1.17519,1.17582,1.17466,1.1756,3159.65
1507127400000,1.17564,1.17652,1.17554,1.17643,3599.57
1507128300000,1.17643,1.17652,1.1754,1.17594,4192.11
1507129200000,1.17595,1.1763,1.17555,1.17612,3952.04
1507130100000,1.17616,1.17621,1.17536,1.17595,2927.92
1507131000000,1.17594,1.17603,1.17554,1.17576,2742.91
1507131900000,1.17575,1.17642,1.17573,1.17611,2149.05
1507132800000,1.17611,1.17623,1.17573,1.17576,2586.13
1507133700000,1.17576,1.17665,1.17567,1.17636,2928.24
1507134600000,1.17636,1.17641,1.17605,1.17617,1706.09
1507135500000,1.17617,1.17655,1.17614,1.17629,3434.31
1507136400000,1.17629,1.17629,1.17546,1.17549,2046.24
1507137300000,1.17549,1.17626,1.17545,1.17602,1824.32
1507138200000,1.17602,1.17645,1.176,1.17623,2217.03
1507139100000,1.17624,1.17647,1.17618,1.17638,1719.09
1507140000000,1.17638,1.17652,1.17615,1.1763,1285.75
1507140900000,1.1763,1.17631,1.17603,1.1762,1519.43
1507141800000,1.1762,1.17634,1.17614,1.17627,1396.4
1507142700000,1.17626,1.17657,1.17623,1.17641,2119.61
1507143600000,1.17643,1.17645,1.17615,1.1763,2046.18
1507144500000,1.1763,1.17643,1.17618,1.17621,1133.78
1507145400000,1.17622,1.1766,1.17621,1.17639,1182.72
1507146300000,1.17637,1.17642,1.17618,1.17627,1794.82
1507147200000,1.17628,1.1766,1.17628,1.17642,1071.52
1507148100000,1.17642,1.1766,1.1763,1.17648,1153.18
1507149000000,1.17647,1.17647,1.17626,1.17632,2210.34
1507149900000,1.17633,1.17635,1.17584,1.17587,1535.71
1507150800000,1.1759,1.1761,1.17585,1.17594,429.93
1507151700000,1.17594,1.17606,1.1756,1.17571,1933.74
1507152600000,1.17571,1.17581,1.17557,1.17568,2313.58
1507153500000,1.17568,1.17578,1.17557,1.1757,1266.89
1507154400000,1.17567,1.17622,1.17562,1.17618,1013.82
1507155300000,1.17619,1.1763,1.17598,1.17609,686.4
1507156200000,1.17609,1.1761,1.17598,1.17603,794.68
1507157100000,1.17603,1.17613,1.17595,1.17608,1008.29
1507158000000,1.17608,1.17621,1.17589,1.17617,893.03
1507158900000,1.17617,1.17624,1.17611,1.17612,555.73
1507159800000,1.17612,1.17612,1.17567,1.17574,1024.69
1507160700000,1.17573,1.17573,1.17552,1.17566,724.13
1507161600000,1.17565,1.17583,1.17539,1.1758,1133.62
1507162500000,1.17581,1.17589,1.17539,1.17561,1308.59
1507163400000,1.17561,1.17571,1.17517,1.17558,1974.27
1507164300000,1.17557,1.17576,1.1753,1.17544,2038.34
1507165200000,1.17545,1.17572,1.17537,1.17556,1500.73
1507166100000,1.17554,1.17554,1.17511,1.17542,1642.39
1507167000000,1.17544,1.17561,1.1754,1.17554,1304.82
1507167900000,1.17555,1.17579,1.17551,1.17571,1431.59
1507168800000,1.17571,1.1759,1.17556,1.17583,1852.27
1507169700000,1.17582,1.17589,1.17576,1.17584,406.51
1507170600000,1.17584,1.17586,1.17562,1.17577,692.33
1507171500000,1.17574,1.1759,1.1757,1.17576,580.66
1507172400000,1.17575,1.17581,1.17566,1.17569,739.23
1507173300000,1.17571,1.17572,1.17555,1.1756,602
1507174200000,1.1756,1.17561,1.17551,1.17556,660.1
1507175100000,1.17556,1.17559,1.17546,1.1755,906.76
1507176000000,1.1755,1.17564,1.17541,1.17562,988.6
1507176900000,1.17562,1.17563,1.17541,1.17563,536.57
1507177800000,1.17563,1.17578,1.17556,1.17575,431.5
1507178700000,1.17575,1.17594,1.17575,1.17591,568.24
1507179600000,1.17591,1.1764,1.17588,1.17627,946.23
1507180500000,1.17628,1.17632,1.17586,1.17589,938.31
1507181400000,1.17588,1.17598,1.17554,1.17565,2238.99
1507182300000,1.17565,1.17566,1.17536,1.17542,2158.17
1507183200000,1.17546,1.17567,1.17478,1.17505,2826.13
1507184100000,1.17505,1.17521,1.17482,1.17511,1746.88
1507185000000,1.1751,1.17585,1.17506,1.17578,2593.82
1507185900000,1.17578,1.17647,1.1757,1.17635,2830.59
1507186800000,1.17635,1.1772,1.17598,1.1769,4753.58
1507187700000,1.1769,1.17787,1.17671,1.17734,3881.47
1507188600000,1.17733,1.17736,1.17678,1.17724,3099.79
1507189500000,1.17724,1.17745,1.17689,1.17715,2588.07
1507190400000,1.17713,1.17756,1.17696,1.17747,2203.64
1507191300000,1.17748,1.17748,1.17687,1.17705,3095.3
1507192200000,1.17705,1.17749,1.17686,1.1774,1924.49
1507193100000,1.1774,1.17771,1.17722,1.17753,2120.44
1507194000000,1.17755,1.17759,1.17657,1.17658,2219.8
1507194900000,1.17658,1.17681,1.17624,1.17675,2540.72
1507195800000,1.17677,1.1771,1.1765,1.17703,2634.31
1507196700000,1.17702,1.17702,1.17623,1.17636,2276.84
1507197600000,1.17633,1.17657,1.17601,1.17641,2134.03
1507198500000,1.17641,1.17645,1.17603,1.17622,2096.33
1507199400000,1.17622,1.17625,1.17553,1.17553,2010.4
1507200300000,1.17553,1.17558,1.17425,1.17464,2564
1507201200000,1.17464,1.17474,1.17361,1.17407,3851.85
1507202100000,1.17407,1.17452,1.17393,1.17451,2842.5
1507203000000,1.1745,1.17483,1.17369,1.17463,2930.78
1507203900000,1.17463,1.17492,1.17349,1.17364,2772.99
1507204800000,1.17367,1.17433,1.17343,1.1743,3080.77
1507205700000,1.17432,1.17452,1.17394,1.17403,2486.98
1507206600000,1.17402,1.17421,1.1735,1.17374,3721.51
1507207500000,1.17375,1.17379,1.17249,1.17305,4093.26
1507208400000,1.17307,1.17338,1.17249,1.17301,3344.62
1507209300000,1.17301,1.17301,1.17151,1.17195,4523.74
1507210200000,1.17196,1.17319,1.17123,1.17287,4613.85
1507211100000,1.17286,1.173,1.17201,1.17217,3463.36
1507212000000,1.17217,1.1731,1.17148,1.17308,3984.54
1507212900000,1.17308,1.17353,1.17273,1.17325,3114.76
1507213800000,1.17325,1.17329,1.17229,1.17258,2905.43
1507214700000,1.17258,1.17258,1.17134,1.17143,3669.36
1507215600000,1.17143,1.17157,1.17074,1.17082,3701.9
1507216500000,1.17085,1.17114,1.1705,1.17099,3089.32
1507217400000,1.171,1.17124,1.17058,1.17072,2519.27
1507218300000,1.17068,1.17073,1.17029,1.17054,2873.84
1507219200000,1.17053,1.17095,1.17042,1.17062,2278.9
1507220100000,1.17063,1.17121,1.17043,1.17116,1968.36
1507221000000,1.17115,1.17119,1.17079,1.17109,2055.76
1507221900000,1.1711,1.17118,1.17062,1.17092,2207.88
1507222800000,1.17091,1.17101,1.17058,1.17075,1967.86
1507223700000,1.17077,1.17084,1.17027,1.17033,1888.87
1507224600000,1.17036,1.17043,1.17023,1.17027,1473.45
1507225500000,1.17027,1.17065,1.17,1.17047,2056.8
1507226400000,1.17048,1.17066,1.16993,1.17013,2029.83
1507227300000,1.17012,1.17049,1.17002,1.17024,1464.68
1507228200000,1.17024,1.17039,1.1699,1.17033,1712.85
1507229100000,1.17035,1.17058,1.17031,1.17044,1891.2
1507230000000,1.17046,1.17065,1.17032,1.17043,1559.32
1507230900000,1.17043,1.17071,1.17037,1.17039,1251.38
1507231800000,1.17038,1.17074,1.17036,1.17045,1267.28
1507232700000,1.17048,1.17062,1.17035,1.17054,1400.72
1507233600000,1.17052,1.17073,1.17037,1.1704,943.02
1507234500000,1.17039,1.17062,1.17031,1.17062,944.22
1507235400000,1.17062,1.17062,1.1704,1.17053,854.73
1507236300000,1.17053,1.17118,1.17053,1.17105,1297.35
1507237200000,1.17113,1.17114,1.17099,1.17105,541.64
1507238100000,1.17103,1.17139,1.17091,1.17131,1138.06
1507239000000,1.17131,1.17138,1.1712,1.17129,1171.69
1507239900000,1.17133,1.17139,1.17111,1.17113,927.32
1507240800000,1.17112,1.17116,1.17095,1.17111,1009.92
1507241700000,1.17109,1.17114,1.17104,1.17106,585.67
1507242600000,1.17105,1.17107,1.17097,1.17097,1095.33
1507243500000,1.17098,1.17108,1.17093,1.17102,737.7
1507244400000,1.17102,1.17106,1.17073,1.17083,1076.34
1507245300000,1.17083,1.17139,1.17069,1.17134,1043.28
1507246200000,1.17134,1.17138,1.17114,1.17117,780.66
1507247100000,1.17117,1.1714,1.17099,1.17138,1043.18
1507248000000,1.1714,1.17143,1.17078,1.17089,1860.55
1507248900000,1.17089,1.17099,1.17021,1.17021,1878.99
1507249800000,1.17022,1.1708,1.1699,1.1708,2036.24
1507250700000,1.1708,1.17136,1.17066,1.17114,1855.61
1507251600000,1.17114,1.17114,1.17076,1.17093,1073.53
1507252500000,1.17092,1.17147,1.17092,1.17147,1118.4
1507253400000,1.17146,1.17155,1.17112,1.17138,1039.84
1507254300000,1.17138,1.17139,1.17077,1.1709,1395.43
1507255200000,1.17091,1.17137,1.17084,1.17135,1757.29
1507256100000,1.17137,1.17137,1.17097,1.17103,1001.57
1507257000000,1.17102,1.17108,1.17085,1.17093,1133.78
1507257900000,1.17093,1.1711,1.17083,1.17083,1078.62
1507258800000,1.17083,1.17083,1.17021,1.17024,1543.92
1507259700000,1.17026,1.1704,1.17021,1.17029,926.2
1507260600000,1.17029,1.17043,1.17009,1.1704,1152.78
1507261500000,1.1704,1.17045,1.16945,1.16966,1544.95
1507262400000,1.16967,1.1698,1.16859,1.16893,2799.82
1507263300000,1.16893,1.16905,1.16876,1.16896,889.44
1507264200000,1.16897,1.1696,1.16876,1.1696,1784.74
1507265100000,1.16962,1.17005,1.16952,1.16996,1385.48
1507266000000,1.16996,1.17023,1.16964,1.16968,1474.16
1507266900000,1.16968,1.1701,1.16965,1.16967,1165.73
1507267800000,1.16967,1.16997,1.16934,1.16973,2330.91
1507268700000,1.16973,1.17003,1.16952,1.16993,1632.51
1507269600000,1.16992,1.17065,1.16942,1.16945,2365.29
1507270500000,1.16946,1.16992,1.16902,1.16963,2909.02
1507271400000,1.16963,1.16963,1.16893,1.16928,2749.71
1507272300000,1.16927,1.16968,1.16905,1.16952,2980.51
1507273200000,1.16952,1.16989,1.16913,1.16965,2671.36
1507274100000,1.16964,1.16982,1.16872,1.16886,2481.43
1507275000000,1.16887,1.16917,1.1686,1.16882,2009.64
1507275900000,1.16881,1.1691,1.16871,1.16887,2049.24
1507276800000,1.16886,1.16938,1.16872,1.16916,2792.33
1507277700000,1.16917,1.16962,1.16897,1.16962,2115.58
1507278600000,1.16962,1.17006,1.16946,1.16956,2038.04
1507279500000,1.16956,1.17003,1.16952,1.16963,2184.22
1507280400000,1.16962,1.16992,1.16957,1.16977,3834.97
1507281300000,1.16977,1.16999,1.16957,1.16994,1694.06
1507282200000,1.16994,1.17018,1.16952,1.17016,1584.96
1507283100000,1.17016,1.17074,1.17009,1.17047,2400.23
1507284000000,1.17046,1.17085,1.17024,1.1706,2467.39
1507284900000,1.1706,1.17124,1.17047,1.17113,2083.88
1507285800000,1.17112,1.17139,1.17094,1.17132,1969.78
1507286700000,1.17131,1.17146,1.17066,1.17074,2145.85
1507287600000,1.17075,1.17095,1.17054,1.17071,1831.33
1507288500000,1.17071,1.1712,1.17046,1.17081,2491.26
1507289400000,1.1708,1.17106,1.17076,1.17094,2046.17
1507290300000,1.17093,1.17111,1.17066,1.17067,2003.3
1507291200000,1.17067,1.17083,1.17052,1.1707,2402.75
1507292100000,1.1707,1.17146,1.16986,1.16986,3527.89
1507293000000,1.16996,1.17037,1.16692,1.16813,7975.67
1507293900000,1.16825,1.16928,1.16725,1.16906,5644.65
1507294800000,1.16905,1.17074,1.16897,1.16963,5199.36
1507295700000,1.16962,1.16996,1.16906,1.16941,3466.61
1507296600000,1.16942,1.16962,1.1689,1.16951,3915.85
1507297500000,1.16952,1.16985,1.16917,1.16976,4678.46
1507298400000,1.16976,1.16996,1.1684,1.16941,4188.44
1507299300000,1.16937,1.17236,1.16927,1.17176,5145.18
1507300200000,1.17176,1.17349,1.17176,1.17248,6299.65
1507301100000,1.17248,1.17387,1.17201,1.17314,6313.15
1507302000000,1.17304,1.17344,1.17187,1.1722,4744.72
1507302900000,1.17221,1.17279,1.1721,1.17248,4760.09
1507303800000,1.17248,1.17322,1.17247,1.17291,5041.39
1507304700000,1.17289,1.17381,1.1726,1.17329,3726.59
1507305600000,1.17328,1.17358,1.17293,1.173,3435.36
1507306500000,1.17299,1.17313,1.17257,1.17268,2410.53
1507307400000,1.17267,1.17284,1.17244,1.17257,2287.84
1507308300000,1.17257,1.17279,1.17231,1.17238,2314.44
1507309200000,1.17238,1.1729,1.17238,1.17263,1655.6
1507310100000,1.17263,1.17273,1.17239,1.1725,1948.7
1507311000000,1.17249,1.17299,1.17244,1.17294,1236.78
1507311900000,1.17293,1.17346,1.1729,1.17324,1886.39
1507312800000,1.17324,1.17337,1.17278,1.1728,2320.41
1507313700000,1.17281,1.17299,1.17254,1.17293,2046.61
1507314600000,1.17292,1.17321,1.17285,1.17314,1916.79
1507315500000,1.17314,1.17348,1.17298,1.17336,3435.75
1507316400000,1.17337,1.17354,1.17303,1.17307,5049.51
1507317300000,1.17306,1.17345,1.173,1.17334,2822.11
1507318200000,1.17334,1.1734,1.17303,1.17327,2107.7
1507319100000,1.17327,1.17342,1.17308,1.17328,2095.76
1507320000000,1.17328,1.17348,1.17317,1.17331,1386.44
1507320900000,1.17331,1.17368,1.1732,1.17367,1550.78
1507321800000,1.17367,1.17373,1.17337,1.17367,997.98
1507322700000,1.17366,1.17371,1.17299,1.17299,2196.23
1507496400000,1.17271,1.17387,1.17267,1.17384,330.61
1507497300000,1.17382,1.17382,1.17342,1.17371,211.58
1507498200000,1.17372,1.17375,1.17335,1.17356,362.24
1507499100000,1.17356,1.17391,1.17348,1.17373,431.58
1507500000000,1.17373,1.17393,1.17333,1.17379,1294.6
1507500900000,1.17378,1.17417,1.17368,1.17411,1395.96
1507501800000,1.17411,1.17414,1.17369,1.1738,1220.19
1507502700000,1.1738,1.174,1.17371,1.17391,1480.29
1507503600000,1.17393,1.17435,1.17379,1.17422,676.72
1507504500000,1.17422,1.17422,1.17391,1.17408,651.5
1507505400000,1.17408,1.17431,1.17401,1.1742,1015.32
1507506300000,1.17419,1.1743,1.17406,1.17424,507.78
1507507200000,1.17422,1.1744,1.17417,1.17432,1092.52
1507508100000,1.17432,1.17435,1.17399,1.17409,862.12
1507509000000,1.17409,1.17412,1.17372,1.17383,824.92
1507509900000,1.17381,1.17381,1.17352,1.17367,1028.01
1507510800000,1.17367,1.17436,1.17367,1.17386,1157.93
1507511700000,1.17386,1.17392,1.17369,1.17371,857.76
1507512600000,1.17371,1.17393,1.17366,1.17366,917.19
1507513500000,1.17367,1.17369,1.17316,1.17358,1606.26
1507514400000,1.1736,1.17413,1.1736,1.17407,904.85
1507515300000,1.17407,1.1747,1.17396,1.1747,1234.67
1507516200000,1.1747,1.17475,1.17401,1.17401,1287.73
1507517100000,1.17401,1.17416,1.17395,1.17411,821.51
1507518000000,1.17412,1.17426,1.17401,1.17426,1276.02
1507518900000,1.17425,1.17426,1.17377,1.17387,1252.72
1507519800000,1.17388,1.174,1.17368,1.17377,897.6
1507520700000,1.17377,1.17379,1.17357,1.17363,916.23
1507521600000,1.17363,1.17385,1.17358,1.17373,1250.65
1507522500000,1.17372,1.17391,1.17368,1.17386,825.5
1507523400000,1.17387,1.1739,1.17368,1.17375,501.71
1507524300000,1.17376,1.17379,1.17343,1.17355,821
1507525200000,1.17355,1.17368,1.17342,1.17352,1132.22
1507526100000,1.17351,1.17354,1.17325,1.17342,1024.84
1507527000000,1.17342,1.1736,1.17337,1.17351,1131.86
1507527900000,1.17351,1.17369,1.17333,1.17367,1036.94
1507528800000,1.17367,1.17412,1.17263,1.17299,2497.21
1507529700000,1.17299,1.17304,1.1725,1.17294,1610.84
1507530600000,1.17295,1.17315,1.17269,1.17275,2029.6
1507531500000,1.17275,1.17299,1.17233,1.17272,2278.81
1507532400000,1.1727,1.17287,1.17215,1.17234,2818.24
1507533300000,1.17234,1.17291,1.17195,1.17286,2202.85
1507534200000,1.17286,1.17305,1.17265,1.17277,1693.97
1507535100000,1.17276,1.17302,1.1725,1.17279,1553.76
1507536000000,1.17279,1.17306,1.1725,1.17306,1651.32
1507536900000,1.17306,1.17337,1.17285,1.1733,1918.32
1507537800000,1.1733,1.17411,1.17304,1.17402,2317.87
1507538700000,1.17401,1.17401,1.17355,1.17356,1791.42
1507539600000,1.17355,1.17385,1.17335,1.17372,1693.52
1507540500000,1.17372,1.17418,1.17371,1.17414,1955.11
1507541400000,1.17413,1.17442,1.17382,1.17435,1887.11
1507542300000,1.17434,1.17451,1.17405,1.17435,1726.44
1507543200000,1.17435,1.17457,1.17409,1.1741,1484.5
1507544100000,1.1741,1.17432,1.17398,1.17415,1347.56
1507545000000,1.17415,1.17425,1.17407,1.17425,1123.14
1507545900000,1.17424,1.17465,1.17414,1.17453,1844.77
1507546800000,1.17453,1.17479,1.17419,1.17429,2484.95
1507547700000,1.17427,1.17435,1.17398,1.17408,2068.09
1507548600000,1.17409,1.17456,1.17406,1.17447,1817.71
1507549500000,1.17449,1.17478,1.1743,1.17467,2374.94
1507550400000,1.17467,1.1747,1.17438,1.17457,2241.02
1507551300000,1.17457,1.17466,1.1743,1.17434,2129.48
1507552200000,1.17434,1.17461,1.17427,1.17461,1654.94
1507553100000,1.1746,1.17461,1.17373,1.17386,2129.29
1507554000000,1.17387,1.17399,1.17352,1.17363,1764.47
1507554900000,1.17363,1.17368,1.17333,1.17334,1707.13
1507555800000,1.17335,1.17336,1.17316,1.17331,1864.77
1507556700000,1.17332,1.17338,1.17309,1.17309,2023.99
1507557600000,1.17309,1.1734,1.17302,1.17337,2568.48
1507558500000,1.17338,1.17338,1.17251,1.17289,3073.21
1507559400000,1.17289,1.17325,1.17279,1.17324,1914.32
1507560300000,1.17325,1.17391,1.1732,1.17379,2682.06
1507561200000,1.17375,1.17403,1.17362,1.17397,2471.13
1507562100000,1.17397,1.17408,1.17381,1.17388,2475.61
1507563000000,1.17388,1.17442,1.17372,1.17442,1832.61
1507563900000,1.17443,1.17464,1.17426,1.17426,1813.37
1507564800000,1.17427,1.17487,1.17419,1.17466,2276.75
1507565700000,1.17466,1.17559,1.17459,1.17515,2144.14
1507566600000,1.17514,1.17551,1.17505,1.1754,1898.14
1507567500000,1.17541,1.17543,1.17462,1.17497,2088.41
1507568400000,1.17495,1.17537,1.17488,1.17532,1635.14
1507569300000,1.17531,1.17552,1.17514,1.17514,1442.58
1507570200000,1.17516,1.17516,1.17469,1.17499,1325.7
1507571100000,1.17496,1.17528,1.17492,1.17512,1254.83
1507572000000,1.17512,1.17512,1.17474,1.17481,1299.68
1507572900000,1.17479,1.1751,1.1747,1.17492,1348.61
1507573800000,1.17491,1.17515,1.17491,1.17515,1003.26
1507574700000,1.17516,1.17526,1.17491,1.17494,1326.87
1507575600000,1.17495,1.17525,1.17485,1.17516,1914.34
1507576500000,1.17516,1.17557,1.17514,1.17542,1956.36
1507577400000,1.17541,1.17561,1.17508,1.17508,2224
1507578300000,1.17508,1.17513,1.17488,1.17511,1670.77
1507579200000,1.1751,1.17514,1.17462,1.17462,852.42
1507580100000,1.17463,1.17487,1.17446,1.17447,1082.53
1507581000000,1.17449,1.1746,1.17401,1.17405,1233.01
1507581900000,1.17404,1.17417,1.1739,1.17401,855.54
1507582800000,1.17403,1.17405,1.17395,1.17402,680.01
1507583700000,1.17403,1.17421,1.174,1.17409,940.13
1507584600000,1.17414,1.17414,1.17393,1.17403,753.13
1507585500000,1.17403,1.17411,1.17402,1.1741,625.72
1507586400000,1.17411,1.17434,1.17408,1.17431,1078.61
1507587300000,1.17433,1.17434,1.17392,1.1741,1081.38
1507588200000,1.17412,1.17439,1.17402,1.17438,1255.34
1507589100000,1.17437,1.17438,1.17405,1.17411,1382.07
1507590000000,1.17413,1.17427,1.1741,1.17423,825.98
1507590900000,1.17423,1.1743,1.17406,1.17425,993.44
1507591800000,1.17427,1.17428,1.17401,1.17402,566.13
1507592700000,1.17402,1.17413,1.174,1.1741,928.29
1507593600000,1.1741,1.17487,1.17405,1.17483,1412.75
1507594500000,1.17483,1.17485,1.17434,1.17445,1092.54
1507595400000,1.17444,1.17461,1.17437,1.17453,1572.44
1507596300000,1.17453,1.17488,1.17453,1.17485,1567.89
1507597200000,1.17483,1.17619,1.17478,1.17615,2222.83
1507598100000,1.17616,1.17705,1.17589,1.17668,2238.12
1507599000000,1.17669,1.17779,1.17647,1.17744,2781.16
1507599900000,1.17743,1.17822,1.17737,1.17767,2125.36
1507600800000,1.17766,1.17814,1.17758,1.17765,1858.69
1507601700000,1.17763,1.17769,1.17728,1.17739,1725.45
1507602600000,1.17739,1.17748,1.17721,1.17728,1195.28
1507603500000,1.17728,1.17729,1.17717,1.17717,985.89
1507604400000,1.17719,1.17734,1.17702,1.17719,1217.26
1507605300000,1.1772,1.17728,1.17702,1.17718,1042.39
1507606200000,1.17718,1.17718,1.17676,1.17685,1075
1507607100000,1.17684,1.17709,1.17666,1.17667,1331.63
1507608000000,1.17669,1.17703,1.17658,1.17662,880.49
1507608900000,1.17663,1.17693,1.17659,1.17677,1054.41
1507609800000,1.17677,1.17734,1.17664,1.17716,1566.99
1507610700000,1.17717,1.17719,1.17696,1.17703,1251.47
1507611600000,1.17704,1.17733,1.17689,1.1773,1689.87
1507612500000,1.17731,1.17747,1.17712,1.17738,1227.72
1507613400000,1.17738,1.17738,1.17676,1.17702,1387.48
1507614300000,1.17701,1.17715,1.17684,1.17708,1607.58
1507615200000,1.17708,1.17729,1.17656,1.17724,2450.26
1507616100000,1.17724,1.17888,1.17708,1.17814,3149.05
1507617000000,1.17814,1.17833,1.17782,1.17811,3216.23
1507617900000,1.17809,1.17813,1.17753,1.17774,2392.92
1507618800000,1.17775,1.17775,1.17686,1.17687,3069.16
1507619700000,1.17687,1.17709,1.17646,1.17665,2547.12
1507620600000,1.17663,1.17714,1.17654,1.17697,2656.82
1507621500000,1.17697,1.17702,1.17622,1.17651,2800.98
1507622400000,1.17653,1.17774,1.17653,1.17762,2943.84
1507623300000,1.17762,1.17838,1.1774,1.1783,2563.91
1507624200000,1.17829,1.17857,1.17747,1.17779,3372.04
1507625100000,1.17779,1.17812,1.17765,1.17785,2347.46
1507626000000,1.17784,1.17821,1.17747,1.17776,2386.78
1507626900000,1.17774,1.1783,1.17771,1.17782,2018.96
1507627800000,1.17782,1.17854,1.17779,1.17815,2900.46
1507628700000,1.17815,1.18022,1.17811,1.18015,3875.15
1507629600000,1.18015,1.18069,1.17915,1.17936,4172.06
1507630500000,1.17938,1.17943,1.17898,1.17906,2304.66
1507631400000,1.17905,1.17912,1.17845,1.17865,2330.33
1507632300000,1.17866,1.17891,1.1779,1.17816,3155.36
1507633200000,1.17816,1.17842,1.17799,1.17809,2689.48
1507634100000,1.17808,1.17818,1.17734,1.17803,3236.66
1507635000000,1.17802,1.17898,1.17788,1.17882,2396.82
1507635900000,1.1788,1.17964,1.17858,1.17962,2900.03
1507636800000,1.17961,1.17975,1.17922,1.17967,3263.48
1507637700000,1.17967,1.17971,1.17903,1.17907,2657.46
1507638600000,1.17906,1.17952,1.17873,1.17938,3471.61
1507639500000,1.17938,1.17951,1.17851,1.1787,2540.09
1507640400000,1.1787,1.17889,1.17834,1.17864,2339.39
1507641300000,1.17863,1.17921,1.17821,1.17917,2652.81
1507642200000,1.17918,1.17951,1.17894,1.1795,3257.63
1507643100000,1.1795,1.1805,1.17906,1.18028,4461.24
1507644000000,1.18028,1.18091,1.18015,1.18036,3580.02
1507644900000,1.18035,1.18089,1.1801,1.18062,2650.09
1507645800000,1.18062,1.18108,1.18027,1.18057,3565.63
1507646700000,1.18057,1.18179,1.18053,1.18175,3869.71
1507647600000,1.18172,1.18176,1.18109,1.18112,3425.46
1507648500000,1.18117,1.18119,1.1806,1.18073,2794.35
1507649400000,1.18073,1.18084,1.18031,1.18033,2275.35
1507650300000,1.18034,1.18078,1.18029,1.18038,2348.43
1507651200000,1.18039,1.18048,1.17978,1.17998,3079.81
1507652100000,1.17997,1.18027,1.17967,1.18002,2730.39
1507653000000,1.17998,1.18025,1.17956,1.17973,2216.94
1507653900000,1.17971,1.18031,1.1796,1.18025,1632.42
1507654800000,1.18028,1.18067,1.18023,1.18062,1859.5
1507655700000,1.18063,1.18167,1.18051,1.18101,3727.76
1507656600000,1.18102,1.18254,1.17957,1.18177,5041.22
1507657500000,1.18177,1.18184,1.18013,1.18037,3667.92
1507658400000,1.18039,1.18061,1.18022,1.18023,2461.33
1507659300000,1.18024,1.18114,1.18016,1.18102,2565.51
1507660200000,1.18102,1.18103,1.18053,1.18053,2296.76
1507661100000,1.18051,1.18055,1.18006,1.18036,2820.52
1507662000000,1.1804,1.1808,1.18023,1.18077,2950.27
1507662900000,1.18078,1.18103,1.18064,1.18099,1335.55
1507663800000,1.18099,1.18118,1.18076,1.18103,1824.84
1507664700000,1.18104,1.18161,1.18099,1.18149,2361.53
1507665600000,1.18149,1.18175,1.18146,1.18162,1566.86
1507666500000,1.18162,1.18168,1.1812,1.18134,1164.21
1507667400000,1.18134,1.18148,1.18126,1.18133,755.08
1507668300000,1.18132,1.18136,1.18074,1.18076,955.2
1507669200000,1.18074,1.18098,1.18067,1.1808,1486.51
1507670100000,1.18079,1.18107,1.18079,1.18105,729.88
1507671000000,1.18102,1.18104,1.18067,1.18087,1942.7
1507671900000,1.18087,1.18101,1.18079,1.18083,1156.94
1507672800000,1.18082,1.18113,1.18074,1.18113,1236.46
1507673700000,1.18113,1.18116,1.18087,1.18087,1228.96
1507674600000,1.18087,1.18101,1.18081,1.18096,985.98
1507675500000,1.18096,1.18108,1.18091,1.18105,890.19
1507676400000,1.18105,1.18137,1.18098,1.18136,857.33
1507677300000,1.18136,1.18159,1.18128,1.18155,1052.44
1507678200000,1.18155,1.18167,1.18139,1.18167,1108.95
1507679100000,1.18167,1.18169,1.18133,1.18134,690.15
1507680000000,1.18134,1.1822,1.18124,1.1822,2010.92
1507680900000,1.1822,1.18265,1.18195,1.18216,1927.04
1507681800000,1.18216,1.18275,1.18211,1.18249,1596.79
1507682700000,1.18246,1.18252,1.18194,1.18194,1568.25
1507683600000,1.18194,1.1823,1.18185,1.18213,1668.78
1507684500000,1.18213,1.1824,1.18159,1.18187,2160.67
1507685400000,1.18188,1.18192,1.18128,1.18152,2211.71
1507686300000,1.18152,1.18161,1.18108,1.18111,2174.19
1507687200000,1.1811,1.18113,1.17997,1.18029,2635.24
1507688100000,1.18029,1.18052,1.17954,1.17961,1972.86
1507689000000,1.17963,1.18039,1.17952,1.18019,2503.56
1507689900000,1.18019,1.18025,1.17992,1.18023,1286.49
1507690800000,1.18024,1.18047,1.18008,1.18008,1151.64
1507691700000,1.18008,1.18082,1.18002,1.18077,1302.74
1507692600000,1.18076,1.1809,1.18066,1.18084,1175.26
1507693500000,1.18084,1.18094,1.18066,1.18079,1391
1507694400000,1.1808,1.18111,1.18074,1.18105,1305.11
1507695300000,1.18105,1.18141,1.18095,1.18129,1207.79
1507696200000,1.18129,1.18202,1.1812,1.18166,1537.59
1507697100000,1.18166,1.18167,1.18131,1.18138,1383.11
1507698000000,1.18138,1.18149,1.18131,1.18134,984.16
1507698900000,1.18134,1.18177,1.18131,1.18162,954.83
1507699800000,1.18163,1.18171,1.18141,1.18145,1605.66
1507700700000,1.18145,1.1818,1.18125,1.18161,2277.92
1507701600000,1.18159,1.18218,1.1815,1.18218,2141.87
1507702500000,1.18218,1.18341,1.18186,1.18289,3429.82
1507703400000,1.18286,1.18298,1.1822,1.18248,3139.58
1507704300000,1.18248,1.18258,1.182,1.18216,2948.06
1507705200000,1.18217,1.1823,1.18142,1.18171,3555.45
1507706100000,1.18173,1.18253,1.18167,1.18227,2648.7
1507707000000,1.18227,1.18273,1.18221,1.18231,2056.86
1507707900000,1.1823,1.18305,1.18229,1.18266,2558.08
1507708800000,1.18266,1.18413,1.18265,1.18386,3341.79
1507709700000,1.18385,1.18404,1.18345,1.18359,2908.06
1507710600000,1.18358,1.18448,1.18321,1.18411,2665.29
1507711500000,1.1841,1.18436,1.18257,1.18274,3011.73
1507712400000,1.18271,1.18279,1.1815,1.18186,3441.74
1507713300000,1.18186,1.18225,1.18165,1.18182,2156.24
1507714200000,1.18181,1.18181,1.18014,1.181,3931.23
1507715100000,1.18099,1.18106,1.1805,1.18064,2436.1
1507716000000,1.18066,1.18136,1.1805,1.18125,2462.27
1507716900000,1.18127,1.18169,1.1812,1.18164,2186.71
1507717800000,1.18164,1.18179,1.18145,1.18155,1953.23
1507718700000,1.18155,1.18228,1.18104,1.18226,2238
1507719600000,1.18228,1.18252,1.18184,1.182,2926.94
1507720500000,1.182,1.18217,1.18186,1.18201,1605.61
1507721400000,1.18201,1.18277,1.18201,1.18252,2004.24
1507722300000,1.18252,1.18308,1.18224,1.18288,2565.53
1507723200000,1.18287,1.18348,1.18272,1.18296,2845.42
1507724100000,1.18295,1.18376,1.18278,1.18313,3215.28
1507725000000,1.18312,1.18417,1.18303,1.18386,2883.61
1507725900000,1.18385,1.18467,1.18346,1.18441,2636.92
1507726800000,1.18439,1.18453,1.18369,1.18405,3289.69
1507727700000,1.18404,1.18501,1.1839,1.18456,3612.31
1507728600000,1.18456,1.18583,1.18433,1.18543,4311.71
1507729500000,1.18543,1.18559,1.18519,1.18549,3313.03
1507730400000,1.18547,1.1856,1.18475,1.18481,2899.64
1507731300000,1.1848,1.18482,1.18411,1.18456,2792.72
1507732200000,1.18455,1.18475,1.18415,1.18417,2872.49
1507733100000,1.18417,1.18447,1.18387,1.18444,3045.06
1507734000000,1.18443,1.18488,1.18428,1.18484,3009.47
1507734900000,1.18485,1.18567,1.18484,1.18484,3430
1507735800000,1.18485,1.18487,1.18422,1.18456,3258.5
1507736700000,1.18455,1.18488,1.18429,1.18471,2792.1
1507737600000,1.1847,1.18506,1.1846,1.1848,1996.84
1507738500000,1.1848,1.18483,1.18431,1.18438,1886.43
1507739400000,1.18437,1.18443,1.18405,1.18415,1442.68
1507740300000,1.18415,1.18456,1.18404,1.18454,1548.37
1507741200000,1.18458,1.1847,1.18442,1.18455,1514.12
1507742100000,1.18455,1.18477,1.18436,1.18477,1599.86
1507743000000,1.18475,1.18492,1.18443,1.18444,1657.42
1507743900000,1.18444,1.18444,1.18409,1.18426,2388.14
1507744800000,1.18431,1.18587,1.18398,1.18489,5825.99
1507745700000,1.18489,1.18561,1.1847,1.18538,3788.16
1507746600000,1.18537,1.18566,1.185,1.18518,2920.4
1507747500000,1.18518,1.18548,1.1851,1.18539,3071.47
1507748400000,1.18539,1.18636,1.18486,1.18622,3457.07
1507749300000,1.18623,1.18652,1.18609,1.18637,2648.03
1507750200000,1.18639,1.18671,1.18619,1.18663,2140.97
1507751100000,1.18663,1.1869,1.18653,1.18665,2538.17
1507752000000,1.18667,1.18685,1.18658,1.18673,1373.72
1507752900000,1.18674,1.18679,1.18653,1.18668,928.4
1507753800000,1.18668,1.18677,1.18607,1.18624,1854.13
1507754700000,1.18624,1.1864,1.18575,1.1858,1544.94
1507755600000,1.18567,1.18624,1.18559,1.18595,1914.95
1507756500000,1.18595,1.18614,1.18592,1.18599,1867.23
1507757400000,1.18597,1.18606,1.1857,1.18583,1619.75
1507758300000,1.18582,1.18613,1.18581,1.18605,1906.46
1507759200000,1.18604,1.18643,1.18599,1.18638,1037.32
1507760100000,1.18638,1.18647,1.18616,1.18622,1144.26
1507761000000,1.18622,1.18632,1.18613,1.18631,1198.46
1507761900000,1.1863,1.18641,1.18624,1.18627,889.92
1507762800000,1.18627,1.18631,1.18608,1.18614,932.54
1507763700000,1.18614,1.18618,1.186,1.18607,770.87
1507764600000,1.18607,1.18654,1.18598,1.18649,1342.39
1507765500000,1.18648,1.18655,1.18618,1.18641,1517.03
1507766400000,1.1864,1.18707,1.18637,1.18698,2596.42
1507767300000,1.18698,1.18714,1.18661,1.18686,1615.02
1507768200000,1.18686,1.18704,1.18584,1.18599,2474.39
1507769100000,1.18599,1.18671,1.18594,1.1864,2386.39
1507770000000,1.1864,1.18676,1.18629,1.18671,1600.58
1507770900000,1.18669,1.18683,1.18655,1.18678,1388.95
1507771800000,1.18678,1.18758,1.1867,1.18708,2306.62
1507772700000,1.18708,1.18713,1.18673,1.18698,1885.92
1507773600000,1.18697,1.18708,1.18679,1.18691,1776.42
1507774500000,1.18689,1.18705,1.18673,1.18704,1505.44
1507775400000,1.18704,1.18747,1.18691,1.18736,2281.98
1507776300000,1.18736,1.18752,1.1872,1.1874,1707.22
1507777200000,1.1874,1.18743,1.18722,1.18729,1572.48
1507778100000,1.18729,1.18779,1.18725,1.18734,1823.5
1507779000000,1.18733,1.18757,1.1873,1.18747,1734.22
1507779900000,1.18747,1.18753,1.18734,1.18751,1402.66
1507780800000,1.18751,1.18782,1.18736,1.18774,2131.55
1507781700000,1.18774,1.18777,1.1874,1.1874,1257.22
1507782600000,1.18741,1.18757,1.18736,1.18757,956.56
1507783500000,1.18758,1.18772,1.18753,1.18761,1824.22
1507784400000,1.18762,1.18772,1.18749,1.18751,1267.89
1507785300000,1.1875,1.18761,1.1873,1.1873,1588.33
1507786200000,1.18731,1.1875,1.18719,1.18725,1887.52
1507787100000,1.18725,1.18797,1.18723,1.18778,1990.85
1507788000000,1.18778,1.18786,1.18738,1.18738,2414.14
1507788900000,1.18739,1.1876,1.18723,1.18743,2030.81
1507789800000,1.18745,1.1876,1.18659,1.18665,2572.46
1507790700000,1.18664,1.1872,1.18645,1.18668,2590.13
1507791600000,1.18667,1.18677,1.18576,1.18613,3087.23
1507792500000,1.1861,1.18655,1.18576,1.18625,2899.66
1507793400000,1.18623,1.18668,1.18559,1.18666,2914.39
1507794300000,1.18665,1.18687,1.18651,1.18669,1864.5
1507795200000,1.1867,1.1867,1.18595,1.18626,1925.8
1507796100000,1.18626,1.18651,1.18605,1.18642,1970.35
1507797000000,1.1864,1.18661,1.18606,1.18642,2167.85
1507797900000,1.18643,1.18647,1.18606,1.18622,1951.06
1507798800000,1.18623,1.1866,1.1861,1.18624,2374.74
1507799700000,1.18623,1.18628,1.18517,1.1853,3132.58
1507800600000,1.1853,1.18562,1.1851,1.18538,3032.2
1507801500000,1.18537,1.18567,1.18511,1.18522,2524.76
1507802400000,1.18522,1.18556,1.18521,1.18532,2100.47
1507803300000,1.18532,1.18564,1.1852,1.18528,1677.15
1507804200000,1.18529,1.18565,1.18523,1.18543,2347.77
1507805100000,1.18541,1.18549,1.18512,1.18535,2464.77
1507806000000,1.18536,1.18588,1.18532,1.18565,2695.02
1507806900000,1.18565,1.18618,1.18549,1.18587,2611.64
1507807800000,1.18586,1.18612,1.18584,1.18591,2446.43
1507808700000,1.18593,1.18593,1.18514,1.18543,2685.35
1507809600000,1.18542,1.18582,1.18515,1.18555,2938.01
1507810500000,1.18555,1.18556,1.18515,1.18533,2660.87
1507811400000,1.18537,1.18556,1.18416,1.18454,4394.13
1507812300000,1.18455,1.18475,1.18404,1.18473,2736.55
1507813200000,1.18473,1.18511,1.18447,1.18497,2671.69
1507814100000,1.18496,1.18518,1.18466,1.18482,2590.78
1507815000000,1.18481,1.18487,1.18426,1.18448,3362.66
1507815900000,1.18448,1.18463,1.18286,1.18328,3549.3
1507816800000,1.18329,1.1836,1.18307,1.18355,3356.96
1507817700000,1.18354,1.18403,1.18349,1.18392,2981.17
1507818600000,1.18391,1.1845,1.1838,1.1843,3023.78
1507819500000,1.18429,1.18495,1.18426,1.18466,3084.25
1507820400000,1.18467,1.18467,1.18343,1.18396,3353.34
1507821300000,1.18398,1.18445,1.18387,1.18438,2302.22
1507822200000,1.18438,1.18479,1.18411,1.18469,2520.21
1507823100000,1.18469,1.18469,1.18396,1.18403,2312.91
1507824000000,1.18402,1.18425,1.18359,1.18397,3224.1
1507824900000,1.184,1.18436,1.18357,1.18358,2859.5
1507825800000,1.18359,1.1847,1.18347,1.18455,2913.63
1507826700000,1.18455,1.18455,1.18338,1.1835,2897.22
1507827600000,1.18352,1.18411,1.1835,1.18377,2560.66
1507828500000,1.18376,1.18402,1.1837,1.18385,2423.39
1507829400000,1.18384,1.18398,1.18269,1.18398,2557.19
1507830300000,1.184,1.18505,1.18395,1.18466,3343.76
1507831200000,1.18466,1.18489,1.18428,1.18431,2389.23
1507832100000,1.1843,1.18447,1.18414,1.18427,2021.89
1507833000000,1.18427,1.18427,1.18389,1.18395,2184.8
1507833900000,1.18394,1.18417,1.18339,1.1835,2062.08
1507834800000,1.18355,1.18381,1.18334,1.18352,2242.77
1507835700000,1.18351,1.18368,1.18328,1.18336,1512.82
1507836600000,1.18335,1.18349,1.18301,1.18306,1715.93
1507837500000,1.18306,1.18357,1.18305,1.18349,2505.43
1507838400000,1.18349,1.18351,1.18313,1.18313,645.15
1507839300000,1.18313,1.18317,1.18298,1.18305,784.24
1507840200000,1.18304,1.18334,1.18288,1.18317,1034.98
1507841100000,1.18317,1.18317,1.18277,1.18294,1582.6
1507842000000,1.18292,1.18304,1.18272,1.183,1623.84
1507842900000,1.183,1.18335,1.1829,1.18307,798.62
1507843800000,1.18307,1.18324,1.18296,1.18299,762.48
1507844700000,1.18299,1.18323,1.18297,1.18311,878.44
1507845600000,1.18312,1.1833,1.18297,1.18329,543.28
1507846500000,1.18329,1.18349,1.18327,1.18341,387.25
1507847400000,1.18341,1.18371,1.18335,1.18352,488.92
1507848300000,1.18353,1.18377,1.18342,1.18346,935.24
1507849200000,1.18345,1.18345,1.18252,1.1831,972.72
1507850100000,1.18312,1.18341,1.18295,1.18341,681.94
1507851000000,1.1834,1.18346,1.183,1.18301,828.88
1507851900000,1.183,1.18321,1.18285,1.18309,1142.11
1507852800000,1.18309,1.18343,1.18286,1.1834,1711.29
1507853700000,1.18341,1.18381,1.18326,1.1837,1283.41
1507854600000,1.1837,1.184,1.18359,1.18386,1306.34
1507855500000,1.18387,1.18445,1.18387,1.18442,1783.31
1507856400000,1.18442,1.18467,1.18405,1.18408,1372.4
1507857300000,1.18408,1.18432,1.18375,1.18394,1885.15
1507858200000,1.18394,1.1842,1.18379,1.1842,1399.63
1507859100000,1.1842,1.18473,1.1842,1.18441,1102.56
1507860000000,1.18442,1.18442,1.18423,1.18436,1212.73
1507860900000,1.18436,1.18508,1.18429,1.18497,1959.65
1507861800000,1.18497,1.18505,1.18475,1.18491,1320.07
1507862700000,1.18491,1.18514,1.18488,1.1849,1207.33
1507863600000,1.18491,1.18507,1.18484,1.18496,1285.69
1507864500000,1.18495,1.18507,1.18482,1.18499,1047.44
1507865400000,1.185,1.18509,1.18481,1.18487,1000.95
1507866300000,1.18487,1.18487,1.18456,1.18477,842.26
1507867200000,1.18477,1.18488,1.18461,1.18461,1082.59
1507868100000,1.18461,1.18471,1.18456,1.18467,1036.85
1507869000000,1.18468,1.18484,1.18445,1.18467,1083.94
1507869900000,1.18467,1.18467,1.18434,1.18454,1329.64
1507870800000,1.18454,1.18499,1.18446,1.18479,1191.76
1507871700000,1.18479,1.18513,1.18479,1.18491,915.34
1507872600000,1.18492,1.18494,1.18461,1.18468,2041.11
1507873500000,1.18467,1.18474,1.1844,1.18466,1672.47
1507874400000,1.18467,1.1847,1.18414,1.18441,2147.07
1507875300000,1.18441,1.18484,1.18421,1.18457,2854.37
1507876200000,1.18456,1.18457,1.18364,1.18382,3103.79
1507877100000,1.18382,1.18408,1.18357,1.18383,2542.46
1507878000000,1.18384,1.18386,1.18179,1.18226,4592.68
1507878900000,1.18226,1.18248,1.18151,1.1824,3751.7
1507879800000,1.1824,1.18284,1.18211,1.18251,3025.01
1507880700000,1.18251,1.18289,1.18224,1.18289,2560.37
1507881600000,1.18292,1.18305,1.1827,1.18284,1807.22
1507882500000,1.18285,1.1831,1.18269,1.18276,2340.74
1507883400000,1.18276,1.18315,1.18259,1.18311,2124.96
1507884300000,1.18311,1.18357,1.18301,1.1831,2076.08
1507885200000,1.18309,1.18344,1.18283,1.18283,2648.08
1507886100000,1.18281,1.18292,1.18246,1.1829,2106.74
1507887000000,1.1829,1.1833,1.18265,1.1832,2005.65
1507887900000,1.18321,1.18325,1.18244,1.18296,3022.96
1507888800000,1.18297,1.18313,1.18262,1.18305,2231.37
1507889700000,1.18303,1.18335,1.18285,1.18326,1960.95
1507890600000,1.18326,1.18327,1.18224,1.18225,2044.51
1507891500000,1.18226,1.18286,1.18194,1.1826,3040.07
1507892400000,1.18261,1.18262,1.18205,1.18209,2486.55
1507893300000,1.18208,1.18233,1.18163,1.18166,2571.07
1507894200000,1.18165,1.182,1.18107,1.18127,2906.91
1507895100000,1.18125,1.18141,1.18056,1.18067,3158.65
1507896000000,1.18067,1.18108,1.18053,1.18102,3059.2
1507896900000,1.18102,1.18117,1.18058,1.18074,3511.98
1507897800000,1.18074,1.18735,1.18069,1.18687,7519.9
1507898700000,1.18687,1.18741,1.18561,1.18566,4530.81
1507899600000,1.18566,1.18636,1.1856,1.18582,3552.8
1507900500000,1.18582,1.18746,1.18582,1.18735,3991.8
1507901400000,1.18736,1.18748,1.1865,1.18699,4376.73
1507902300000,1.18698,1.1872,1.18602,1.18661,3830.04
1507903200000,1.18662,1.18706,1.18547,1.18581,4062.46
1507904100000,1.18579,1.18603,1.1845,1.18456,3536.67
1507905000000,1.18457,1.1851,1.18392,1.18499,3466.56
1507905900000,1.18499,1.18521,1.18323,1.18353,3415.98
1507906800000,1.1836,1.18389,1.18317,1.18381,3350.1
1507907700000,1.18383,1.18429,1.18354,1.18405,3106.8
1507908600000,1.18407,1.18415,1.18331,1.18352,2772.48
1507909500000,1.1835,1.18394,1.18345,1.18363,2279.84
1507910400000,1.18365,1.18408,1.18331,1.18398,2530.49
1507911300000,1.18397,1.18459,1.18378,1.18458,2019.68
1507912200000,1.18457,1.18487,1.18423,1.18436,3001.19
1507913100000,1.18436,1.18437,1.1827,1.1827,2978.87
1507914000000,1.18271,1.18309,1.18202,1.18259,3978.03
1507914900000,1.18255,1.18263,1.18222,1.1823,2731.77
1507915800000,1.18232,1.18262,1.18211,1.18232,1739.16
1507916700000,1.18233,1.18266,1.1821,1.1825,2637.5
1507917600000,1.1825,1.1825,1.18106,1.1814,3343.1
1507918500000,1.1814,1.1821,1.18123,1.18199,2535.18
1507919400000,1.18201,1.18223,1.18171,1.18188,1587.31
1507920300000,1.18189,1.18225,1.18169,1.18178,2256.13
1507921200000,1.1818,1.18204,1.18171,1.18189,2169.26
1507922100000,1.18188,1.18216,1.18177,1.18177,2140.64
1507923000000,1.18177,1.18206,1.18176,1.18204,1411.81
1507923900000,1.18204,1.18223,1.18186,1.18191,1857.05
1507924800000,1.18191,1.18254,1.18187,1.18252,1318.9
1507925700000,1.18251,1.18258,1.18233,1.18238,841.51
1507926600000,1.18238,1.18244,1.18204,1.1822,1043.27
1507927500000,1.1822,1.18235,1.1819,1.18191,1949
1508101200000,1.18107,1.18134,1.18106,1.18134,184.33
1508102100000,1.18134,1.18156,1.18134,1.18148,165.57
1508103000000,1.18145,1.18168,1.18127,1.18133,393.12
1508103900000,1.18133,1.18139,1.18101,1.18103,317.15
1508104800000,1.18115,1.18178,1.18075,1.18076,1067.55
1508105700000,1.18076,1.18118,1.18074,1.18111,1097.75
1508106600000,1.18111,1.18113,1.1809,1.18098,605.99
1508107500000,1.18098,1.18106,1.18067,1.18067,716.24
1508108400000,1.18066,1.18085,1.18056,1.1807,516.7
1508109300000,1.1807,1.18106,1.18064,1.18068,711.05
1508110200000,1.18067,1.181,1.18057,1.18088,678.85
1508111100000,1.1809,1.18145,1.1809,1.18145,567.77
1508112000000,1.18147,1.18184,1.18137,1.18158,1352.05
1508112900000,1.18161,1.18185,1.18149,1.1815,931.43
1508113800000,1.1815,1.18192,1.18145,1.18185,1290.18
1508114700000,1.18185,1.18185,1.18119,1.18127,2074.96
1508115600000,1.18127,1.18155,1.18103,1.18154,1131.61
1508116500000,1.18154,1.18157,1.18078,1.18087,1815.24
1508117400000,1.18088,1.18098,1.18064,1.18095,2007.06
1508118300000,1.18094,1.18094,1.18012,1.1803,2000.45
1508119200000,1.1803,1.18047,1.1798,1.18014,2312.38
1508120100000,1.18014,1.18033,1.18006,1.18025,1461.31
1508121000000,1.18025,1.18051,1.18025,1.1804,1115.46
1508121900000,1.1804,1.1809,1.1804,1.18077,936.39
1508122800000,1.18077,1.18081,1.18059,1.18065,1452.97
1508123700000,1.18065,1.18066,1.18026,1.18029,1226.78
1508124600000,1.18029,1.18057,1.1802,1.18057,1512.47
1508125500000,1.18057,1.18078,1.18054,1.18063,834.64
1508126400000,1.18061,1.1809,1.18059,1.18077,1115.08
1508127300000,1.18077,1.18086,1.18076,1.1808,715.85
1508128200000,1.18081,1.18081,1.18046,1.1806,954.44
1508129100000,1.18058,1.18106,1.18058,1.1809,1634.81
1508130000000,1.18091,1.18097,1.18079,1.18091,950.87
1508130900000,1.18091,1.18091,1.18052,1.18055,1184.73
1508131800000,1.18054,1.18069,1.1803,1.18059,1615.47
1508132700000,1.18059,1.18073,1.1794,1.17964,2307.35
1508133600000,1.17966,1.18003,1.17899,1.17967,3305.39
1508134500000,1.17968,1.17985,1.17901,1.1791,2735.35
1508135400000,1.17909,1.17958,1.17908,1.1795,3219.88
1508136300000,1.1795,1.17951,1.17836,1.17836,2676.09
1508137200000,1.17839,1.17913,1.17805,1.17896,3205.46
1508138100000,1.17895,1.17953,1.17873,1.17939,2836.83
1508139000000,1.17939,1.17955,1.17864,1.17866,2312.44
1508139900000,1.17866,1.1794,1.17864,1.17929,2624.49
1508140800000,1.17928,1.17947,1.17865,1.17899,2770.88
1508141700000,1.17896,1.179,1.17844,1.17884,2274.03
1508142600000,1.17883,1.17909,1.1785,1.17909,2149.67
1508143500000,1.17908,1.17942,1.17897,1.17897,2308.2
1508144400000,1.17897,1.1792,1.17857,1.17865,1904.76
1508145300000,1.17864,1.17892,1.17861,1.1789,2504.64
1508146200000,1.17892,1.17905,1.17843,1.17858,1965.33
1508147100000,1.17857,1.17923,1.1785,1.17898,1910.16
1508148000000,1.17898,1.17945,1.17897,1.17936,2089.88
1508148900000,1.17936,1.18003,1.17908,1.17994,2463.63
1508149800000,1.17993,1.18043,1.17993,1.18032,2617.23
1508150700000,1.18033,1.18063,1.18005,1.18017,3213.81
1508151600000,1.18017,1.18072,1.18007,1.1804,3133.99
1508152500000,1.1804,1.18143,1.18023,1.18129,2453.41
1508153400000,1.18129,1.18167,1.181,1.18116,2677.21
1508154300000,1.18115,1.18117,1.18046,1.18056,2630.57
1508155200000,1.18058,1.18068,1.18018,1.18025,2364.57
1508156100000,1.18024,1.18069,1.1802,1.18047,2479.36
1508157000000,1.18043,1.18058,1.17964,1.18022,3388.77
1508157900000,1.18022,1.18089,1.17958,1.18069,2647.32
1508158800000,1.18067,1.18102,1.18051,1.18058,2494.91
1508159700000,1.18057,1.18077,1.1802,1.1802,2287.91
1508160600000,1.1802,1.18043,1.17995,1.18039,3066.18
1508161500000,1.18041,1.18063,1.18017,1.18023,2961.25
1508162400000,1.18023,1.18047,1.17974,1.17988,2806.7
1508163300000,1.17988,1.18009,1.17958,1.17998,2704.72
1508164200000,1.17997,1.1803,1.17973,1.17985,2508.72
1508165100000,1.17987,1.18006,1.1795,1.17964,2577.91
1508166000000,1.17964,1.18047,1.17964,1.18045,2693.49
1508166900000,1.18047,1.18149,1.1804,1.18149,2602.01
1508167800000,1.18148,1.18196,1.18103,1.18147,3569.53
1508168700000,1.18148,1.18148,1.18078,1.18089,2108.07
1508169600000,1.1809,1.18111,1.18063,1.18078,1697.1
1508170500000,1.18078,1.18117,1.18073,1.18099,1787.06
1508171400000,1.18099,1.18118,1.1808,1.18082,1788.51
1508172300000,1.18082,1.18105,1.1807,1.18105,2074.09
1508173200000,1.18106,1.18109,1.18081,1.1809,1693.06
1508174100000,1.18089,1.18095,1.18021,1.18042,2395.7
1508175000000,1.18048,1.1807,1.18032,1.18043,2036.18
1508175900000,1.18044,1.18094,1.18027,1.18055,2120.65
1508176800000,1.18055,1.18095,1.17931,1.17975,2249.31
1508177700000,1.17977,1.18031,1.17966,1.17982,3652.22
1508178600000,1.17983,1.17984,1.17892,1.17918,3355.42
1508179500000,1.17918,1.1796,1.17911,1.17915,3574.22
1508180400000,1.17916,1.17924,1.17859,1.17874,3190.74
1508181300000,1.17875,1.17923,1.17873,1.17914,1691.87
1508182200000,1.17915,1.17926,1.17886,1.17919,1953.21
1508183100000,1.1792,1.17926,1.17896,1.17922,1819.34
1508184000000,1.17923,1.17936,1.17919,1.17929,1028.26
1508184900000,1.17929,1.17973,1.17928,1.17973,1161.7
1508185800000,1.17973,1.17976,1.17952,1.17963,904.96
1508186700000,1.17963,1.17967,1.17949,1.17956,1378.14
1508187600000,1.17958,1.17979,1.17957,1.1797,984.18
1508188500000,1.17969,1.17996,1.17967,1.17978,617.57
1508189400000,1.17978,1.17986,1.17961,1.17974,883.4
1508190300000,1.17972,1.18,1.17961,1.1797,1796.7
1508191200000,1.17969,1.17974,1.17936,1.17944,1123.06
1508192100000,1.17944,1.17965,1.17933,1.17934,832.94
1508193000000,1.17934,1.17947,1.17913,1.17913,1160.47
1508193900000,1.17913,1.17935,1.17913,1.17919,400.05
1508194800000,1.17919,1.17922,1.17877,1.17894,776.69
1508195700000,1.17893,1.17917,1.17893,1.17916,519.9
1508196600000,1.17914,1.17925,1.17909,1.17913,638.71
1508197500000,1.17913,1.17946,1.17912,1.17945,590.04
1508198400000,1.17945,1.17949,1.17908,1.1791,1084.19
1508199300000,1.1791,1.1791,1.17866,1.17883,992.16
1508200200000,1.17884,1.17896,1.17842,1.17865,1757.67
1508201100000,1.17866,1.1789,1.17848,1.17863,2017.66
1508202000000,1.17863,1.1787,1.1782,1.17831,1551.55
1508202900000,1.1783,1.1786,1.17815,1.17826,1499.02
1508203800000,1.17826,1.17826,1.17749,1.17771,2181.82
1508204700000,1.17771,1.17788,1.1775,1.17763,1761.21
1508205600000,1.1776,1.17807,1.17758,1.17795,2026.86
1508206500000,1.17795,1.17798,1.17768,1.17785,1126.36
1508207400000,1.17785,1.17834,1.17776,1.17832,1566.12
1508208300000,1.17833,1.17837,1.17801,1.17832,977.5
1508209200000,1.17833,1.1784,1.17809,1.17835,951.76
1508210100000,1.17836,1.17836,1.17799,1.17801,1209.1
1508211000000,1.178,1.17805,1.17776,1.17796,1061.9
1508211900000,1.17796,1.17796,1.17781,1.17791,983.32
1508212800000,1.17791,1.17792,1.17772,1.17774,1288.46
1508213700000,1.17774,1.17798,1.1777,1.17798,1123.77
1508214600000,1.17797,1.17804,1.17775,1.17787,1156.33
1508215500000,1.17787,1.17814,1.17774,1.17774,961.59
1508216400000,1.17773,1.17803,1.17772,1.17786,1215.75
1508217300000,1.17786,1.17798,1.17754,1.17756,1443.85
1508218200000,1.17756,1.17777,1.17701,1.17705,1642.13
1508219100000,1.17704,1.17717,1.17667,1.17695,2210.51
1508220000000,1.17691,1.17739,1.17681,1.17705,2128.65
1508220900000,1.17704,1.17707,1.17567,1.17619,3314.16
1508221800000,1.17619,1.17623,1.17574,1.17588,2921.62
1508222700000,1.1759,1.1761,1.17561,1.17572,2646.31
1508223600000,1.17571,1.17689,1.17549,1.17647,3173.92
1508224500000,1.17649,1.17668,1.17627,1.17657,2610.26
1508225400000,1.17658,1.17677,1.17633,1.17668,2971.21
1508226300000,1.17668,1.1773,1.17663,1.17723,2829.8
1508227200000,1.17723,1.17751,1.17697,1.17737,2818.22
1508228100000,1.17737,1.17741,1.17706,1.17717,3467.19
1508229000000,1.17716,1.17729,1.17665,1.17698,2672.5
1508229900000,1.17698,1.17698,1.17641,1.17648,2631.36
1508230800000,1.17651,1.17682,1.17605,1.17658,2767.42
1508231700000,1.17658,1.17658,1.17542,1.17556,3324.15
1508232600000,1.17556,1.17632,1.1755,1.1761,2902.28
1508233500000,1.17609,1.17649,1.17583,1.17586,2988.77
1508234400000,1.17586,1.17592,1.17545,1.17579,2583.29
1508235300000,1.17579,1.17665,1.1756,1.17663,2285.39
1508236200000,1.17665,1.17697,1.17635,1.17641,3017.7
1508237100000,1.17641,1.17664,1.17594,1.176,2893.29
1508238000000,1.176,1.17619,1.17569,1.17588,2857.34
1508238900000,1.17587,1.176,1.17559,1.17566,2464.01
1508239800000,1.17566,1.17635,1.17557,1.17595,2875.54
1508240700000,1.17594,1.17681,1.1759,1.17627,2891.87
1508241600000,1.17628,1.17643,1.17571,1.17596,2569.8
1508242500000,1.17596,1.17646,1.17582,1.1763,2983.07
1508243400000,1.17631,1.17632,1.17559,1.17577,3472.89
1508244300000,1.17577,1.17588,1.17512,1.17512,3962.38
1508245200000,1.17509,1.17515,1.17456,1.17475,3840.16
1508246100000,1.17474,1.17532,1.17473,1.17492,3187.06
1508247000000,1.17493,1.1752,1.17436,1.17452,3475.27
1508247900000,1.17452,1.17468,1.17429,1.17462,2838.01
1508248800000,1.17461,1.17462,1.17361,1.17388,3957.97
1508249700000,1.17387,1.17439,1.17371,1.17438,3090.26
1508250600000,1.17439,1.17496,1.17411,1.17484,3105.91
1508251500000,1.17482,1.17525,1.17466,1.17508,2633.25
1508252400000,1.17508,1.17547,1.17463,1.17488,3007.2
1508253300000,1.17488,1.17533,1.17482,1.17527,2808.43
1508254200000,1.17528,1.17574,1.17525,1.17527,3161.96
1508255100000,1.17526,1.17553,1.17517,1.17533,2171.47
1508256000000,1.17533,1.17555,1.17505,1.17554,1885.1
1508256900000,1.17557,1.17557,1.17495,1.17528,1730.66
1508257800000,1.17528,1.17547,1.17522,1.1753,1606.84
1508258700000,1.17529,1.17537,1.17447,1.17456,2469.63
1508259600000,1.17458,1.1752,1.17445,1.17508,1580.51
1508260500000,1.17506,1.17521,1.17495,1.17508,1051.54
1508261400000,1.1751,1.17639,1.1751,1.17625,1969.82
1508262300000,1.17625,1.17664,1.17625,1.1764,2376.96
1508263200000,1.17639,1.17749,1.17615,1.17726,2811.97
1508264100000,1.17725,1.17744,1.17695,1.17741,2721.76
1508265000000,1.17741,1.17741,1.17697,1.17707,1627.51
1508265900000,1.17708,1.17723,1.17689,1.17714,1880.61
1508266800000,1.1771,1.17721,1.17686,1.17699,2494.05
1508267700000,1.17699,1.1772,1.17671,1.17695,1843.75
1508268600000,1.17695,1.17704,1.17685,1.17691,1483
1508269500000,1.17691,1.17692,1.17675,1.17682,1424.33
1508270400000,1.17682,1.17684,1.1766,1.17671,995.47
1508271300000,1.17671,1.17682,1.17667,1.1767,647.04
1508272200000,1.17669,1.17681,1.17663,1.17664,783.8
1508273100000,1.17664,1.17676,1.17658,1.17658,1227.4
1508274000000,1.1766,1.17668,1.1765,1.17656,2005.3
1508274900000,1.17657,1.17688,1.17656,1.17663,939.53
1508275800000,1.17667,1.17669,1.17656,1.17659,1154.83
1508276700000,1.17659,1.17684,1.1765,1.17657,1260.03
1508277600000,1.17657,1.17661,1.17642,1.1766,1422.39
1508278500000,1.1766,1.17677,1.17659,1.17677,751.18
1508279400000,1.17677,1.17687,1.17667,1.17673,513.17
1508280300000,1.17673,1.1768,1.17671,1.1768,1119.34
1508281200000,1.17683,1.17708,1.1768,1.17705,902.86
1508282100000,1.17707,1.17707,1.17683,1.1769,484.5
1508283000000,1.1769,1.17702,1.17685,1.177,588.07
1508283900000,1.177,1.17717,1.1769,1.17711,766.25
1508284800000,1.1771,1.17807,1.17701,1.17749,1677.98
1508285700000,1.1775,1.17765,1.17725,1.17764,1676.24
1508286600000,1.17763,1.17776,1.17735,1.17737,1405.84
1508287500000,1.17737,1.17756,1.17706,1.17728,1126.77
1508288400000,1.17729,1.17732,1.17692,1.17696,1343.54
1508289300000,1.17695,1.17709,1.17672,1.17681,1143.73
1508290200000,1.17683,1.17719,1.17673,1.17717,1003.19
1508291100000,1.17717,1.17732,1.17689,1.17691,1479.31
1508292000000,1.17692,1.1773,1.17691,1.17729,1182.23
1508292900000,1.17729,1.1775,1.17724,1.17729,1009.77
1508293800000,1.17729,1.17729,1.17717,1.17723,804.17
1508294700000,1.17722,1.17738,1.17715,1.17723,748.88
1508295600000,1.17723,1.17729,1.17687,1.17703,989.13
1508296500000,1.17703,1.17719,1.17698,1.17709,658.49
1508297400000,1.17709,1.17711,1.17698,1.17706,572.81
1508298300000,1.17705,1.17718,1.17688,1.17698,901.9
1508299200000,1.17699,1.17704,1.17689,1.17692,562.9
1508300100000,1.17694,1.17696,1.17665,1.17665,712.91
1508301000000,1.17665,1.17669,1.17624,1.17639,1395.93
1508301900000,1.1764,1.17656,1.17635,1.17639,1075.46
1508302800000,1.17637,1.17655,1.17588,1.17615,1128.31
1508303700000,1.17615,1.17628,1.17592,1.17627,1206.51
1508304600000,1.17627,1.1763,1.17616,1.17625,1260.04
1508305500000,1.17625,1.17651,1.1761,1.17651,1619.93
1508306400000,1.17651,1.17674,1.17619,1.17635,2522.27
1508307300000,1.17636,1.17707,1.1763,1.17684,2325.61
1508308200000,1.17684,1.17701,1.17606,1.17607,2486.68
1508309100000,1.17607,1.17608,1.17536,1.17538,2438.29
1508310000000,1.17538,1.17585,1.17479,1.17584,3252.58
1508310900000,1.17582,1.1768,1.17569,1.17646,3135.6
1508311800000,1.17648,1.17686,1.17617,1.17633,2361.7
1508312700000,1.17634,1.1766,1.17599,1.17613,3154.81
1508313600000,1.17612,1.17657,1.1761,1.17638,2394.82
1508314500000,1.17638,1.17643,1.17565,1.17584,1861.17
1508315400000,1.17585,1.17596,1.17449,1.17452,3137.62
1508316300000,1.17453,1.17499,1.1744,1.17455,3516.49
1508317200000,1.17455,1.17465,1.17302,1.17313,4072.17
1508318100000,1.17314,1.17422,1.17309,1.17416,3315.94
1508319000000,1.17416,1.17449,1.17393,1.17443,2714.97
1508319900000,1.17444,1.17472,1.17407,1.1742,2650.5
1508320800000,1.17421,1.175,1.17414,1.17475,2444.41
1508321700000,1.17475,1.17541,1.1747,1.17498,3039.91
1508322600000,1.17498,1.17557,1.17474,1.17553,3577.2
1508323500000,1.17556,1.17585,1.17518,1.17523,2967.36
1508324400000,1.17524,1.17547,1.17485,1.17512,2805.25
1508325300000,1.17511,1.17519,1.17473,1.17494,2667.36
1508326200000,1.17494,1.1752,1.17478,1.17493,2010.89
1508327100000,1.17493,1.1752,1.1745,1.17451,3237.13
1508328000000,1.17452,1.17514,1.17436,1.17492,3752.1
1508328900000,1.17492,1.17628,1.17474,1.17576,4165.71
1508329800000,1.17577,1.17698,1.17562,1.17691,4314.03
1508330700000,1.17692,1.17696,1.17598,1.17647,3732.22
1508331600000,1.17647,1.17679,1.17626,1.17657,3015.55
1508332500000,1.17657,1.17687,1.17613,1.17664,2907.03
1508333400000,1.17664,1.17772,1.17664,1.1772,4355.15
1508334300000,1.17719,1.17737,1.1763,1.17646,3733.57
1508335200000,1.17646,1.17678,1.17598,1.17657,3461.91
1508336100000,1.17657,1.17694,1.17635,1.17681,2489.55
1508337000000,1.17679,1.17801,1.17667,1.17778,2985.96
1508337900000,1.1778,1.17791,1.17711,1.17772,3037.95
1508338800000,1.17771,1.17807,1.17702,1.17728,3087.82
1508339700000,1.17728,1.17747,1.17685,1.1769,2489.9
1508340600000,1.17691,1.17712,1.17667,1.17703,2170.51
1508341500000,1.17696,1.1775,1.17696,1.17732,2010.2
1508342400000,1.17734,1.17774,1.17734,1.17768,1868.55
1508343300000,1.17767,1.17938,1.17763,1.17886,3482.51
1508344200000,1.17885,1.1794,1.17872,1.17896,2876.46
1508345100000,1.179,1.17903,1.17861,1.17868,2110.71
1508346000000,1.17869,1.17895,1.17869,1.17874,1219.23
1508346900000,1.17872,1.17872,1.17843,1.17854,1388.59
1508347800000,1.17854,1.17878,1.17835,1.17849,1455.91
1508348700000,1.17849,1.17883,1.17838,1.17855,1727.95
1508349600000,1.17855,1.17911,1.17845,1.17906,1982.75
1508350500000,1.17906,1.18026,1.17869,1.18022,2732.94
1508351400000,1.18021,1.18036,1.17984,1.1799,2603.77
1508352300000,1.17991,1.18053,1.17984,1.1803,2410.93
1508353200000,1.18029,1.18036,1.1797,1.18013,2124.37
1508354100000,1.18013,1.18022,1.17992,1.17992,1588.24
1508355000000,1.17991,1.17992,1.17957,1.17976,1988.28
1508355900000,1.17976,1.17976,1.17931,1.1794,2258.69
1508356800000,1.17937,1.17961,1.17923,1.17942,1112.72
1508357700000,1.17943,1.17943,1.17926,1.17934,1000.52
1508358600000,1.17934,1.17942,1.17918,1.1792,1176.9
1508359500000,1.1792,1.17921,1.17862,1.1787,1403.01
1508360400000,1.17872,1.17931,1.17864,1.17925,1233.88
1508361300000,1.17925,1.17933,1.1788,1.17906,1121.81
1508362200000,1.17905,1.17939,1.17888,1.17911,1044.2
1508363100000,1.17911,1.17934,1.17905,1.17919,2484.97
1508364000000,1.1792,1.17941,1.17916,1.1793,907.52
1508364900000,1.17928,1.17941,1.17926,1.17937,838.47
1508365800000,1.17937,1.17952,1.17922,1.17939,713.32
1508366700000,1.1794,1.17966,1.1793,1.17949,1448.39
1508367600000,1.17952,1.17983,1.17947,1.17968,1093.48
1508368500000,1.17968,1.17999,1.17966,1.17995,874.02
1508369400000,1.17995,1.17995,1.17964,1.17978,1016.9
1508370300000,1.17978,1.17984,1.17927,1.17942,1768.93
1508371200000,1.17943,1.18007,1.17929,1.17998,1461.43
1508372100000,1.17998,1.18031,1.17981,1.18031,1636.91
1508373000000,1.18031,1.18157,1.18031,1.18084,2737.59
1508373900000,1.18082,1.18165,1.18068,1.1811,2470.01
1508374800000,1.1811,1.18142,1.18079,1.1809,2196.05
1508375700000,1.18093,1.18098,1.18033,1.18045,2220.39
1508376600000,1.18045,1.18073,1.1803,1.18051,1824.39
1508377500000,1.18049,1.18067,1.18026,1.18045,1343.09
1508378400000,1.18045,1.18051,1.17966,1.18021,2379.21
1508379300000,1.18023,1.18036,1.17998,1.18006,1358.87
1508380200000,1.18006,1.18006,1.17957,1.17994,1359.93
1508381100000,1.17994,1.18007,1.17977,1.17985,1193.7
1508382000000,1.17986,1.17986,1.17948,1.17965,912.72
1508382900000,1.17966,1.1802,1.17965,1.18011,1205.82
1508383800000,1.18011,1.18014,1.17978,1.18002,1562.03
1508384700000,1.18002,1.18003,1.17983,1.17996,1000.76
1508385600000,1.17996,1.18037,1.17992,1.18036,1471.04
1508386500000,1.18037,1.18044,1.1801,1.18036,1430.71
1508387400000,1.18036,1.18062,1.18008,1.18061,1240.73
1508388300000,1.18062,1.18067,1.1801,1.18023,2065.03
1508389200000,1.18025,1.18035,1.17993,1.18,1756.2
1508390100000,1.18,1.18011,1.17988,1.17994,1547.43
1508391000000,1.17996,1.18011,1.17959,1.17966,1880.41
1508391900000,1.17965,1.17983,1.17946,1.17978,1616.89
1508392800000,1.17978,1.18067,1.17972,1.18059,2511.47
1508393700000,1.18059,1.18059,1.17974,1.17995,2019.05
1508394600000,1.17995,1.18149,1.17995,1.18121,3142.84
1508395500000,1.1812,1.18224,1.1809,1.18214,3097.31
1508396400000,1.18211,1.18211,1.18133,1.18152,3171.95
1508397300000,1.18151,1.18155,1.18094,1.18111,3032.41
1508398200000,1.1811,1.1811,1.18047,1.18099,3100.9
1508399100000,1.18098,1.18168,1.18083,1.18137,3084.5
1508400000000,1.18139,1.18172,1.17902,1.17967,5266.56
1508400900000,1.17966,1.17966,1.17679,1.17807,4891.59
1508401800000,1.17806,1.17928,1.17764,1.17917,4081.78
1508402700000,1.17916,1.18072,1.17885,1.18064,4070.41
1508403600000,1.18063,1.181,1.18024,1.1808,3923.84
1508404500000,1.18081,1.18092,1.1802,1.18024,3012.35
1508405400000,1.18023,1.18063,1.18004,1.18008,2444.32
1508406300000,1.18009,1.1816,1.18008,1.18133,2884.97
1508407200000,1.18134,1.18172,1.18092,1.18171,2450.21
1508408100000,1.18167,1.18365,1.18131,1.18275,4992.08
1508409000000,1.18274,1.18296,1.18231,1.18233,2793.43
1508409900000,1.18233,1.18299,1.18223,1.18239,3012.98
1508410800000,1.18238,1.1828,1.18222,1.1826,2634.59
1508411700000,1.18261,1.18303,1.1826,1.18296,2143.32
1508412600000,1.18297,1.18347,1.18237,1.18327,3346.55
1508413500000,1.18326,1.18396,1.18307,1.18347,3491.98
1508414400000,1.18348,1.18367,1.18325,1.1834,2774.07
1508415300000,1.1834,1.18421,1.18318,1.18386,3214.35
1508416200000,1.18384,1.18415,1.18259,1.18286,4253.86
1508417100000,1.18284,1.18339,1.18264,1.18302,3550.26
1508418000000,1.18301,1.18314,1.18269,1.18287,2850.2
1508418900000,1.18288,1.18396,1.1828,1.18364,3362.47
1508419800000,1.18365,1.18474,1.18338,1.18448,4167.92
1508420700000,1.18447,1.18476,1.18438,1.18448,3239.32
1508421600000,1.18448,1.18498,1.18426,1.18437,3667.54
1508422500000,1.18438,1.18468,1.18423,1.18423,2751.67
1508423400000,1.18423,1.18579,1.18404,1.18558,2777.69
1508424300000,1.18557,1.18567,1.18474,1.18524,3303.68
1508425200000,1.18524,1.18546,1.18471,1.1848,2584.32
1508426100000,1.18482,1.18511,1.18421,1.18423,2321.77
1508427000000,1.18425,1.18457,1.18411,1.18452,2795.92
1508427900000,1.18453,1.18482,1.18416,1.18424,2363.43
1508428800000,1.18423,1.18428,1.18363,1.18381,2736.99
1508429700000,1.1838,1.18443,1.18346,1.18395,2624.69
1508430600000,1.18397,1.18403,1.18331,1.18363,2320.82
1508431500000,1.18364,1.18364,1.18302,1.18349,2623.62
1508432400000,1.18353,1.1836,1.18277,1.18322,2239.75
1508433300000,1.18323,1.18356,1.18303,1.18353,1360.44
1508434200000,1.18354,1.18362,1.18329,1.18354,939.43
1508435100000,1.18354,1.18364,1.18316,1.18362,1401.52
1508436000000,1.18362,1.18374,1.18352,1.1837,892.65
1508436900000,1.1837,1.1837,1.18297,1.18323,1236.88
1508437800000,1.18323,1.18338,1.18289,1.18291,1849.84
1508438700000,1.18291,1.18307,1.18269,1.18288,2260.78
1508439600000,1.18287,1.18294,1.18261,1.18291,1989.84
1508440500000,1.18289,1.18316,1.18287,1.18314,978.8
1508441400000,1.18313,1.18331,1.18304,1.18328,920.07
1508442300000,1.18329,1.18479,1.18281,1.18405,2962.65
1508443200000,1.18405,1.1851,1.18375,1.1851,2702.92
1508444100000,1.1851,1.18578,1.18507,1.18521,1875.43
1508445000000,1.18521,1.18528,1.18498,1.18513,1652.54
1508445900000,1.18513,1.18552,1.18508,1.18518,1880.28
1508446800000,1.18518,1.18527,1.18475,1.18504,1307.91
1508447700000,1.18504,1.18518,1.18466,1.18473,1102.43
1508448600000,1.18474,1.18474,1.1843,1.18448,1555.79
1508449500000,1.18448,1.18469,1.18426,1.18462,1933.35
1508450400000,1.18463,1.1851,1.1846,1.18498,1648.65
1508451300000,1.18497,1.18508,1.18488,1.18496,462.52
1508452200000,1.18494,1.18497,1.18454,1.18455,1868.49
1508453100000,1.18456,1.18483,1.18449,1.18469,1345.41
1508454000000,1.18468,1.1848,1.1846,1.18472,790.85
1508454900000,1.18472,1.18527,1.18472,1.18488,1225.31
1508455800000,1.18487,1.18487,1.1845,1.18461,1784.36
1508456700000,1.18461,1.18486,1.18459,1.18484,1491.32
1508457600000,1.18485,1.18528,1.1847,1.18492,1826.65
1508458500000,1.18491,1.18493,1.18466,1.18466,1383.97
1508459400000,1.18466,1.18482,1.18436,1.18444,1716.87
1508460300000,1.18444,1.18497,1.1844,1.18497,1636.85
1508461200000,1.18497,1.18579,1.18471,1.18478,2294.55
1508462100000,1.1848,1.18485,1.18453,1.18453,1425.96
1508463000000,1.18453,1.18458,1.183,1.183,3115.47
1508463900000,1.183,1.18323,1.18225,1.1823,3208.69
1508464800000,1.18228,1.18228,1.18074,1.18187,4493.51
1508465700000,1.18188,1.18194,1.18136,1.18194,3571.01
1508466600000,1.18194,1.18203,1.1808,1.1809,2576.37
1508467500000,1.18089,1.18138,1.18075,1.18095,2178.11
1508468400000,1.18096,1.18167,1.18079,1.18151,1762.05
1508469300000,1.18151,1.18162,1.18122,1.18139,1284.48
1508470200000,1.1814,1.18171,1.1814,1.18169,846.68
1508471100000,1.18168,1.18191,1.18155,1.18185,1176.27
1508472000000,1.18186,1.18202,1.18178,1.18184,854.74
1508472900000,1.18183,1.1819,1.18164,1.18184,1237.33
1508473800000,1.18184,1.18209,1.18162,1.18168,1399.18
1508474700000,1.18168,1.18196,1.18147,1.18148,1226.1
1508475600000,1.18149,1.18167,1.18112,1.18122,2032.28
1508476500000,1.18121,1.18122,1.18081,1.18104,1527.77
1508477400000,1.18104,1.18113,1.18041,1.18088,2206.42
1508478300000,1.18089,1.1809,1.18053,1.18085,1928.11
1508479200000,1.18085,1.18098,1.18043,1.18078,2199.02
1508480100000,1.18078,1.18163,1.18072,1.18159,2849.52
1508481000000,1.18159,1.18189,1.18127,1.18153,2788.43
1508481900000,1.18153,1.1817,1.18112,1.18164,3058.73
1508482800000,1.18163,1.18263,1.1814,1.18165,4273.47
1508483700000,1.18165,1.18171,1.17907,1.17981,4091.87
1508484600000,1.17982,1.18029,1.17946,1.18013,3047.15
1508485500000,1.18016,1.18066,1.17983,1.18054,2959.63
1508486400000,1.18055,1.18074,1.1802,1.18051,3020.45
1508487300000,1.18054,1.18062,1.17986,1.18011,2901.47
1508488200000,1.18011,1.18072,1.18007,1.18025,2507.62
1508489100000,1.18022,1.18067,1.18011,1.18037,2720.77
1508490000000,1.18032,1.18032,1.17959,1.17969,2621.58
1508490900000,1.17969,1.18031,1.17968,1.18016,1867.61
1508491800000,1.18015,1.18062,1.18015,1.18043,2844.49
1508492700000,1.18045,1.18124,1.18031,1.18114,2685.51
1508493600000,1.18114,1.18118,1.18067,1.1808,3010.16
1508494500000,1.18081,1.18088,1.18021,1.18037,2758.04
1508495400000,1.18037,1.18046,1.18006,1.18021,2108.12
1508496300000,1.18021,1.18075,1.17999,1.18067,2409.22
1508497200000,1.18067,1.18098,1.18048,1.18067,2949.32
1508498100000,1.18066,1.18125,1.18054,1.18123,2755.43
1508499000000,1.18122,1.18201,1.18118,1.18173,3405.73
1508499900000,1.18171,1.18201,1.18152,1.18156,2782.73
1508500800000,1.18156,1.18203,1.18126,1.18177,2842.71
1508501700000,1.18177,1.18201,1.18142,1.18201,2429.76
1508502600000,1.18205,1.18205,1.18085,1.18097,2950.14
1508503500000,1.18097,1.18112,1.1801,1.1801,3306.27
1508504400000,1.1801,1.1805,1.17998,1.18029,2892.73
1508505300000,1.18028,1.18043,1.17959,1.17966,2929.67
1508506200000,1.17967,1.17979,1.17858,1.17926,4070.95
1508507100000,1.17925,1.17946,1.1787,1.17872,2906.74
1508508000000,1.17876,1.17891,1.17831,1.17837,2593.38
1508508900000,1.17838,1.17941,1.1781,1.17941,3142
1508509800000,1.17941,1.17987,1.17906,1.17984,2752.64
1508510700000,1.17983,1.17993,1.1786,1.17862,2982.64
1508511600000,1.17862,1.17897,1.17841,1.17886,2234.27
1508512500000,1.17886,1.17886,1.17831,1.17838,2337.8
1508513400000,1.17839,1.17842,1.17649,1.17698,3464.77
1508514300000,1.17697,1.17702,1.17624,1.17696,2754.38
1508515200000,1.17695,1.17886,1.17687,1.17796,3719.17
1508516100000,1.17796,1.17834,1.17688,1.17749,3735.65
1508517000000,1.17747,1.17807,1.17741,1.17798,2304.86
1508517900000,1.17798,1.17845,1.17768,1.17836,2341
1508518800000,1.17836,1.17854,1.17809,1.1782,2033.2
1508519700000,1.17821,1.17828,1.17799,1.17811,1213.2
1508520600000,1.1781,1.17868,1.17808,1.17859,1671.62
1508521500000,1.17859,1.17862,1.17829,1.17858,1738.78
1508522400000,1.17858,1.17887,1.17746,1.17796,3467.78
1508523300000,1.17794,1.17811,1.17707,1.17788,3563.48
1508524200000,1.17787,1.17809,1.17766,1.17779,2349.9
1508525100000,1.17778,1.1781,1.17776,1.17777,3404.54
1508526000000,1.17777,1.17797,1.17768,1.17784,2717.71
1508526900000,1.17783,1.17798,1.17756,1.17766,2292.69
1508527800000,1.17766,1.1778,1.17765,1.17771,1290.19
1508528700000,1.17771,1.17783,1.1772,1.17728,1864.84
1508529600000,1.17727,1.17761,1.17663,1.17759,1988.63
1508530500000,1.17759,1.17775,1.17745,1.17772,1337.11
1508531400000,1.17772,1.17806,1.17756,1.17805,1613.28
1508532300000,1.17806,1.1784,1.17771,1.17817,2053.73
1508706000000,1.17641,1.17693,1.17637,1.17687,673.35
1508706900000,1.17687,1.17687,1.17667,1.17674,397.47
1508707800000,1.17674,1.17728,1.17673,1.17702,824.26
1508708700000,1.17702,1.17729,1.177,1.17715,617.47
1508709600000,1.17717,1.17743,1.17669,1.17721,1480.82
1508710500000,1.1772,1.17721,1.17659,1.17676,806.48
1508711400000,1.17676,1.17714,1.17676,1.17682,969.05
1508712300000,1.17681,1.17686,1.17612,1.17617,1289
1508713200000,1.17622,1.17653,1.17622,1.17637,1382.37
1508714100000,1.17639,1.17643,1.17625,1.17637,754.54
1508715000000,1.17637,1.17639,1.17557,1.17561,1765.75
1508715900000,1.17561,1.17572,1.17513,1.17546,2302.5
1508716800000,1.17552,1.17581,1.1754,1.17569,1501.9
1508717700000,1.17569,1.17587,1.17544,1.17572,1104.6
1508718600000,1.17572,1.17597,1.17537,1.17578,1893.09
1508719500000,1.17578,1.17625,1.17554,1.17602,1701.43
1508720400000,1.17602,1.17641,1.17554,1.1763,1530.97
1508721300000,1.17631,1.17663,1.17592,1.17619,1764.12
1508722200000,1.17617,1.17658,1.17608,1.17652,1399.06
1508723100000,1.17652,1.17659,1.17615,1.17654,1718.94
1508724000000,1.17651,1.1769,1.17651,1.17669,1362.77
1508724900000,1.17668,1.17709,1.17664,1.17702,1089.88
1508725800000,1.17703,1.17705,1.17681,1.17686,726.24
1508726700000,1.17686,1.177,1.17686,1.17692,715.56
1508727600000,1.17691,1.17691,1.17673,1.17677,723.17
1508728500000,1.17678,1.17685,1.17672,1.17683,428.01
1508729400000,1.17684,1.17696,1.17681,1.17695,671.02
1508730300000,1.17695,1.17706,1.17694,1.177,648
1508731200000,1.17698,1.17705,1.17682,1.17689,728.73
1508732100000,1.1769,1.17734,1.17689,1.17728,787.03
1508733000000,1.17728,1.17733,1.17688,1.17693,974.53
1508733900000,1.17693,1.17705,1.17681,1.17697,719.14
1508734800000,1.17697,1.17725,1.17695,1.17705,836.35
1508735700000,1.17705,1.17706,1.17667,1.17667,630.81
1508736600000,1.17667,1.17681,1.17662,1.17671,742.32
1508737500000,1.17671,1.17727,1.17668,1.17726,1172.71
1508738400000,1.17727,1.17774,1.177,1.17701,2184.03
1508739300000,1.177,1.17725,1.17674,1.17678,2020.03
1508740200000,1.17677,1.17692,1.17621,1.17676,2772.62
1508741100000,1.17676,1.17684,1.1759,1.17597,2689.69
1508742000000,1.17597,1.17597,1.1751,1.17547,3578.94
1508742900000,1.17546,1.17574,1.17517,1.17552,2452.3
1508743800000,1.17553,1.17625,1.17519,1.17622,2935.79
1508744700000,1.17622,1.17628,1.17555,1.17558,2130.91
1508745600000,1.17558,1.17577,1.1754,1.17542,1987.37
1508746500000,1.17541,1.17552,1.17401,1.17429,3818.69
1508747400000,1.1743,1.17461,1.17409,1.17451,2538.08
1508748300000,1.17451,1.17471,1.17449,1.17462,2451
1508749200000,1.1746,1.17531,1.17435,1.17492,2587.69
1508750100000,1.17491,1.17528,1.17474,1.1748,1881.29
1508751000000,1.1748,1.1748,1.17419,1.1746,2795.53
1508751900000,1.17459,1.17477,1.17349,1.17354,2864.4
1508752800000,1.17349,1.17452,1.17348,1.17406,3290.69
1508753700000,1.17406,1.17451,1.17392,1.17442,2462.11
1508754600000,1.17442,1.17458,1.17419,1.17443,2147.25
1508755500000,1.17443,1.17486,1.17426,1.17445,2407.1
1508756400000,1.17444,1.17457,1.17406,1.17451,2348.49
1508757300000,1.17451,1.17451,1.17405,1.17417,2114.1
1508758200000,1.17416,1.17423,1.17362,1.17403,2496.75
1508759100000,1.17403,1.17429,1.17368,1.1739,2760.12
1508760000000,1.17389,1.17418,1.17382,1.17399,3096.27
1508760900000,1.17399,1.17409,1.17341,1.17388,3012.28
1508761800000,1.17388,1.174,1.17332,1.1737,3017.51
1508762700000,1.17369,1.17373,1.17333,1.17354,2415.44
1508763600000,1.17354,1.1739,1.17349,1.17372,1830.79
1508764500000,1.17371,1.17403,1.1734,1.17355,2218.65
1508765400000,1.17356,1.17448,1.1734,1.17438,3310.74
1508766300000,1.1744,1.17504,1.17432,1.17477,2679.97
1508767200000,1.17477,1.17568,1.17474,1.1754,3038.71
1508768100000,1.17539,1.17559,1.17511,1.17518,2836.62
1508769000000,1.17518,1.17532,1.17481,1.17505,2252.36
1508769900000,1.17506,1.17522,1.17427,1.17452,2773.19
1508770800000,1.17456,1.17533,1.17438,1.1747,3445.74
1508771700000,1.17471,1.17481,1.17425,1.17426,2210.64
1508772600000,1.17425,1.17453,1.17403,1.17446,2358.77
1508773500000,1.17446,1.17622,1.17439,1.17604,2791.83
1508774400000,1.17606,1.17634,1.1759,1.17598,3116.48
1508775300000,1.17599,1.17615,1.1752,1.17529,2283.58
1508776200000,1.17529,1.17602,1.17524,1.17528,2202.83
1508777100000,1.17527,1.17529,1.17443,1.17443,2451.13
1508778000000,1.17442,1.17479,1.1741,1.17429,2234.82
1508778900000,1.17427,1.17447,1.17393,1.17397,1983.64
1508779800000,1.17397,1.1743,1.17397,1.17426,1548.94
1508780700000,1.17426,1.17435,1.17369,1.17372,1892.65
1508781600000,1.17374,1.1741,1.1725,1.17285,2750.03
1508782500000,1.17283,1.17391,1.17278,1.17375,2713.51
1508783400000,1.17375,1.17407,1.1737,1.17396,1832.42
1508784300000,1.17393,1.17411,1.17371,1.17373,1970.09
1508785200000,1.17372,1.17399,1.17356,1.17399,1928.59
1508786100000,1.17399,1.17454,1.17398,1.1745,2148.3
1508787000000,1.1745,1.17501,1.17443,1.17495,2871.09
1508787900000,1.17495,1.1754,1.1748,1.17491,3337.13
1508788800000,1.1749,1.17494,1.17459,1.17473,1074.09
1508789700000,1.17472,1.17484,1.1745,1.17484,939.57
1508790600000,1.17484,1.175,1.1748,1.17493,1439.75
1508791500000,1.17492,1.17505,1.17485,1.17485,995.72
1508792400000,1.17486,1.17489,1.17475,1.1748,840.43
1508793300000,1.17479,1.17509,1.17479,1.17485,764.22
1508794200000,1.17485,1.17516,1.1747,1.1749,1438.45
1508795100000,1.1749,1.17499,1.17475,1.1749,964.34
1508796000000,1.1749,1.17492,1.17472,1.17488,999.26
1508796900000,1.17488,1.17502,1.17486,1.17497,442.16
1508797800000,1.17497,1.17498,1.17489,1.17493,744.02
1508798700000,1.17495,1.175,1.1749,1.17494,811.06
1508799600000,1.17496,1.175,1.17488,1.17497,618.52
1508800500000,1.17498,1.17552,1.17494,1.17549,779.05
1508801400000,1.17552,1.17555,1.17518,1.17528,921.25
1508802300000,1.17528,1.17564,1.17525,1.17548,828.88
1508803200000,1.17548,1.17568,1.17542,1.17566,1396.04
1508804100000,1.17565,1.17567,1.17546,1.17546,963.3
1508805000000,1.17546,1.17568,1.17546,1.17564,658.38
1508805900000,1.17564,1.17608,1.1756,1.17599,1221.04
1508806800000,1.17597,1.17619,1.17573,1.17596,1360.17
1508807700000,1.17596,1.17613,1.17587,1.17593,1279.1
1508808600000,1.17592,1.17593,1.17572,1.1758,965.28
1508809500000,1.17579,1.17608,1.17571,1.17608,1282.24
1508810400000,1.17608,1.17651,1.17602,1.17629,1350.97
1508811300000,1.17628,1.17633,1.17591,1.17596,1460.37
1508812200000,1.17596,1.17607,1.17583,1.17603,1226.15
1508813100000,1.17603,1.17622,1.17592,1.17607,712.6
1508814000000,1.17607,1.17698,1.17607,1.17673,1591.48
1508814900000,1.17675,1.17679,1.17662,1.17666,1064.79
1508815800000,1.17666,1.177,1.17664,1.17675,1193.94
1508816700000,1.17675,1.17677,1.17659,1.17661,1116.7
1508817600000,1.17661,1.17667,1.17632,1.17633,1410.56
1508818500000,1.17635,1.17653,1.17633,1.17641,739.14
1508819400000,1.17641,1.17652,1.17635,1.17638,549.28
1508820300000,1.17637,1.17644,1.17612,1.17617,1112.83
1508821200000,1.17617,1.17626,1.17606,1.17607,603.7
1508822100000,1.17608,1.17608,1.17556,1.17578,874.73
1508823000000,1.17578,1.17578,1.17534,1.17537,1554.05
1508823900000,1.17539,1.1757,1.17533,1.17553,1221.7
1508824800000,1.17554,1.17584,1.17553,1.17583,2339.93
1508825700000,1.17582,1.17625,1.17567,1.17599,2514.76
1508826600000,1.176,1.17631,1.17546,1.17629,2525.64
1508827500000,1.17629,1.17641,1.17546,1.17572,3022.11
1508828400000,1.17576,1.17597,1.17456,1.17464,3470.67
1508829300000,1.17464,1.175,1.17428,1.17487,3078
1508830200000,1.17485,1.17599,1.17445,1.17592,2874.99
1508831100000,1.17591,1.17593,1.17542,1.17549,2362.1
1508832000000,1.17549,1.17657,1.17549,1.17622,2936.04
1508832900000,1.17622,1.17625,1.17584,1.17611,2252.4
1508833800000,1.17612,1.17649,1.17599,1.17636,2164.55
1508834700000,1.17636,1.17656,1.17625,1.17638,2125.21
1508835600000,1.17642,1.17668,1.17573,1.17575,2473.07
1508836500000,1.17575,1.17578,1.17512,1.17558,2494.29
1508837400000,1.17559,1.17612,1.17557,1.176,1991.03
1508838300000,1.17601,1.17632,1.17572,1.17628,1858.01
1508839200000,1.17628,1.17628,1.17536,1.17567,1745.01
1508840100000,1.17568,1.17609,1.17566,1.17569,1541.08
1508841000000,1.17568,1.17578,1.17542,1.17566,1662.8
1508841900000,1.17567,1.17605,1.17562,1.17592,1624.78
1508842800000,1.17591,1.1765,1.17591,1.17633,1961.84
1508843700000,1.17632,1.17697,1.17631,1.17666,2268.9
1508844600000,1.17664,1.17666,1.17584,1.17586,2700.08
1508845500000,1.17584,1.17595,1.17516,1.17571,3454.03
1508846400000,1.17571,1.17612,1.1755,1.17612,2644.45
1508847300000,1.1761,1.1763,1.17591,1.17593,2853.01
1508848200000,1.17593,1.17667,1.17591,1.17667,2583.89
1508849100000,1.17669,1.17674,1.17594,1.1761,2471.41
1508850000000,1.1761,1.17633,1.17578,1.17591,2716.2
1508850900000,1.17591,1.17614,1.17559,1.17578,2415.96
1508851800000,1.17577,1.1765,1.1754,1.17635,3186.08
1508852700000,1.17633,1.1764,1.17555,1.17595,3733.89
1508853600000,1.17591,1.17716,1.17574,1.17681,3773.08
1508854500000,1.1768,1.17768,1.17656,1.17744,4649.12
1508855400000,1.17744,1.17748,1.17669,1.17679,2790.22
1508856300000,1.17677,1.17693,1.176,1.17616,3264.15
1508857200000,1.17618,1.17669,1.17584,1.17633,3248.45
1508858100000,1.17635,1.17643,1.17602,1.17625,2405.08
1508859000000,1.17627,1.17674,1.17621,1.17668,1894.73
1508859900000,1.17669,1.17715,1.17657,1.17657,2617.4
1508860800000,1.17656,1.17683,1.17616,1.17632,1921.66
1508861700000,1.17631,1.17653,1.17619,1.17652,1762.23
1508862600000,1.17651,1.17668,1.17631,1.1766,1354.2
1508863500000,1.1766,1.17666,1.17633,1.17638,1751.84
1508864400000,1.17638,1.17652,1.17584,1.176,2196.77
1508865300000,1.17601,1.17652,1.176,1.17639,1865.67
1508866200000,1.17638,1.17678,1.1763,1.17647,1534.85
1508867100000,1.17647,1.17649,1.17577,1.17586,2125.13
1508868000000,1.17586,1.17599,1.17561,1.17594,1679.05
1508868900000,1.17594,1.17614,1.17575,1.17612,1726.3
1508869800000,1.17613,1.17643,1.17599,1.17638,1839.68
1508870700000,1.17639,1.17869,1.17636,1.17853,4456.41
1508871600000,1.17852,1.17927,1.17651,1.17737,7147.96
1508872500000,1.17736,1.17786,1.17695,1.17716,4721.42
1508873400000,1.17714,1.17741,1.17613,1.17631,4716.96
1508874300000,1.17629,1.17651,1.1758,1.17599,2879.36
1508875200000,1.17599,1.17644,1.17592,1.17603,1555.27
1508876100000,1.17603,1.1763,1.17603,1.17628,904.47
1508877000000,1.17628,1.17657,1.17627,1.17653,1331.62
1508877900000,1.17653,1.17656,1.17596,1.17609,1478.52
1508878800000,1.17605,1.17633,1.176,1.17623,273.84
1508879700000,1.17623,1.17638,1.17623,1.1763,2496.23
1508880600000,1.17629,1.17654,1.17615,1.1763,1033.25
1508881500000,1.17629,1.17647,1.17624,1.17636,1107.49
1508882400000,1.17636,1.17673,1.17634,1.17669,1058.68
1508883300000,1.17669,1.17694,1.17667,1.17688,726.22
1508884200000,1.17688,1.177,1.17646,1.17647,1371.75
1508885100000,1.17647,1.17667,1.17637,1.17644,620.75
1508886000000,1.17643,1.17657,1.17635,1.17644,711.89
1508886900000,1.17644,1.17644,1.1762,1.17634,593.04
1508887800000,1.17634,1.17641,1.17621,1.17635,758.34
1508888700000,1.17634,1.1764,1.17579,1.176,1050.85
1508889600000,1.17599,1.17635,1.17575,1.1758,1396.58
1508890500000,1.17582,1.17608,1.17563,1.17571,1451.63
1508891400000,1.17571,1.17578,1.1753,1.17542,2069.72
1508892300000,1.17541,1.17584,1.17531,1.17584,1848.05
1508893200000,1.17586,1.17613,1.17571,1.17591,1414.79
1508894100000,1.17591,1.17602,1.17557,1.17591,997.65
1508895000000,1.1759,1.17622,1.1759,1.17622,1089.4
1508895900000,1.17623,1.17643,1.17578,1.17599,1366.13
1508896800000,1.176,1.176,1.17549,1.17566,1287.5
1508897700000,1.17566,1.17601,1.17552,1.17601,759.84
1508898600000,1.176,1.17633,1.17589,1.17616,1081.45
1508899500000,1.17615,1.1763,1.17594,1.17598,804.6
1508900400000,1.17598,1.17603,1.17581,1.17586,818.76
1508901300000,1.17586,1.17592,1.17554,1.17556,842.45
1508902200000,1.17559,1.17564,1.17536,1.17538,1132.13
1508903100000,1.17537,1.17562,1.17535,1.17555,940.67
1508904000000,1.17556,1.17571,1.1754,1.17571,761.54
1508904900000,1.17572,1.17572,1.17557,1.17565,634.28
1508905800000,1.17565,1.17572,1.17554,1.17571,488.05
1508906700000,1.17571,1.17581,1.1756,1.17574,1442.06
1508907600000,1.17575,1.17628,1.17573,1.1761,2472.33
1508908500000,1.17612,1.1762,1.1758,1.17612,1417.79
1508909400000,1.17611,1.17616,1.17574,1.17613,1822.33
1508910300000,1.17613,1.17658,1.17613,1.17657,1353.15
1508911200000,1.17655,1.17657,1.17594,1.17602,1970.05
1508912100000,1.17601,1.17668,1.176,1.17637,2076.61
1508913000000,1.17636,1.17664,1.17569,1.17583,3120.39
1508913900000,1.17583,1.17632,1.17556,1.1761,3091.63
1508914800000,1.17611,1.17667,1.1761,1.17654,3571.57
1508915700000,1.17654,1.17688,1.17563,1.1757,3178.62
1508916600000,1.1757,1.17613,1.17554,1.17583,2869.92
1508917500000,1.17582,1.17642,1.17562,1.17613,2403.21
1508918400000,1.17613,1.17698,1.17602,1.17665,3918.1
1508919300000,1.17666,1.17673,1.17628,1.17653,2733.68
1508920200000,1.17654,1.17701,1.17654,1.1767,3921.8
1508921100000,1.17669,1.1775,1.1765,1.17676,3601.68
1508922000000,1.17676,1.17703,1.17597,1.17693,3647.72
1508922900000,1.17693,1.17749,1.17653,1.17687,3444.79
1508923800000,1.17687,1.17713,1.17672,1.17698,2924.89
1508924700000,1.177,1.17706,1.17655,1.17676,2697.5
1508925600000,1.17677,1.17687,1.17639,1.17676,1989.7
1508926500000,1.17676,1.17731,1.17671,1.17711,2531.79
1508927400000,1.17712,1.17817,1.17702,1.17751,3712.68
1508928300000,1.17749,1.17802,1.17747,1.17765,2871.65
1508929200000,1.17765,1.17783,1.17741,1.17752,3154.02
1508930100000,1.17751,1.17757,1.17718,1.17727,2758.72
1508931000000,1.17727,1.17792,1.17696,1.17784,3246.81
1508931900000,1.17786,1.17811,1.17751,1.17791,3077.45
1508932800000,1.17785,1.1786,1.17768,1.1785,3350.86
1508933700000,1.1785,1.17855,1.1777,1.17788,3774.89
1508934600000,1.17788,1.17794,1.17701,1.17724,3932.02
1508935500000,1.17725,1.17827,1.17715,1.17765,3315.4
1508936400000,1.17765,1.17984,1.17765,1.17964,4365.64
1508937300000,1.17963,1.17992,1.17906,1.17928,4259.01
1508938200000,1.17929,1.17936,1.17881,1.1793,3516.83
1508939100000,1.17928,1.18007,1.1792,1.17976,3106.43
1508940000000,1.17978,1.18064,1.17855,1.18064,4766.74
1508940900000,1.18064,1.18145,1.18034,1.18057,4962.73
1508941800000,1.18056,1.18172,1.18042,1.18168,3693.33
1508942700000,1.18166,1.18167,1.18044,1.1811,3855.31
1508943600000,1.18106,1.18151,1.18053,1.18068,3753.45
1508944500000,1.18068,1.18128,1.18049,1.18098,3670.51
1508945400000,1.18099,1.18116,1.1802,1.18036,3119.09
1508946300000,1.18035,1.18071,1.18011,1.18027,3297.23
1508947200000,1.18027,1.18095,1.18021,1.18074,3197.65
1508948100000,1.18074,1.18119,1.18021,1.18107,2771.36
1508949000000,1.18107,1.18107,1.18061,1.18068,2503.89
1508949900000,1.18069,1.18135,1.18061,1.1813,3019.03
1508950800000,1.18131,1.18176,1.18103,1.18107,2908.98
1508951700000,1.18104,1.18153,1.18084,1.1814,2452.9
1508952600000,1.1814,1.18144,1.18034,1.18065,2210.92
1508953500000,1.18064,1.18091,1.18052,1.18085,2094.77
1508954400000,1.18084,1.18098,1.18019,1.18029,2423.52
1508955300000,1.18027,1.18092,1.18027,1.1809,1897.28
1508956200000,1.18093,1.18119,1.1808,1.18104,2302.58
1508957100000,1.18105,1.18116,1.18052,1.18054,2913.67
1508958000000,1.18056,1.18083,1.18052,1.18071,1971.31
1508958900000,1.18073,1.1808,1.18061,1.18076,1714.86
1508959800000,1.18077,1.18101,1.18062,1.18092,2171.3
1508960700000,1.18094,1.18097,1.1803,1.18036,1928.1
1508961600000,1.18036,1.18036,1.18,1.18016,1343.49
1508962500000,1.18019,1.18063,1.18015,1.18047,949.88
1508963400000,1.18047,1.18128,1.1804,1.18121,1682.61
1508964300000,1.18121,1.18148,1.18101,1.18125,1749.79
1508965200000,1.18126,1.18147,1.1812,1.1814,1076.34
1508966100000,1.18143,1.18155,1.18137,1.18148,1138.37
1508967000000,1.18146,1.18153,1.18125,1.18142,577.07
1508967900000,1.18142,1.18169,1.18142,1.18154,958.41
1508968800000,1.18155,1.1817,1.18127,1.1813,1171.8
1508969700000,1.1813,1.18149,1.18122,1.18148,1145.46
1508970600000,1.18149,1.18163,1.18136,1.18158,1442.52
1508971500000,1.1816,1.18163,1.18142,1.18152,566.38
1508972400000,1.18149,1.18173,1.18147,1.18168,511.05
1508973300000,1.18168,1.1817,1.18143,1.18163,601.32
1508974200000,1.18163,1.18199,1.18155,1.18192,740.77
1508975100000,1.18191,1.18203,1.18177,1.18195,783.98
1508976000000,1.18195,1.18231,1.18189,1.1821,1609.79
1508976900000,1.18209,1.18209,1.18167,1.18178,1413.9
1508977800000,1.18178,1.18182,1.18168,1.18172,892.49
1508978700000,1.18171,1.18208,1.18153,1.18177,1614.07
1508979600000,1.18177,1.18208,1.18175,1.18193,1184.33
1508980500000,1.18191,1.18288,1.18178,1.18281,1971.53
1508981400000,1.18282,1.18309,1.18261,1.18271,1948.57
1508982300000,1.18271,1.18307,1.18264,1.18282,1317.7
1508983200000,1.18283,1.18308,1.18272,1.18289,1031.56
1508984100000,1.18289,1.18327,1.18278,1.18282,1466.17
1508985000000,1.18281,1.1829,1.18265,1.18287,972.27
1508985900000,1.18287,1.18291,1.18226,1.18241,1542.56
1508986800000,1.1824,1.18269,1.18234,1.18264,885.19
1508987700000,1.18263,1.18291,1.18259,1.18291,636.07
1508988600000,1.1829,1.1829,1.18277,1.18288,817.99
1508989500000,1.18288,1.18288,1.18246,1.18246,789.5
1508990400000,1.18246,1.18256,1.18235,1.18242,989.38
1508991300000,1.18241,1.18262,1.18236,1.18245,584.91
1508992200000,1.18245,1.18264,1.18243,1.18263,490.9
1508993100000,1.18264,1.18265,1.18239,1.18258,654.08
1508994000000,1.1826,1.1826,1.18227,1.18254,636.32
1508994900000,1.18254,1.18367,1.18254,1.18333,2048.46
1508995800000,1.18334,1.18347,1.18306,1.18308,1773.14
1508996700000,1.18308,1.18336,1.18287,1.18292,1332.95
1508997600000,1.18291,1.18326,1.18275,1.18308,1995.84
1508998500000,1.18308,1.18315,1.18226,1.18226,2323.64
1508999400000,1.18228,1.18258,1.18226,1.18237,2045.63
1509000300000,1.18236,1.18249,1.18203,1.18223,2584.26
1509001200000,1.18223,1.18277,1.1821,1.18233,3522.08
1509002100000,1.18231,1.18289,1.18176,1.18187,2491.26
1509003000000,1.18188,1.18208,1.18142,1.18201,3046.32
1509003900000,1.18203,1.18228,1.18175,1.18183,3126.53
1509004800000,1.18181,1.18207,1.18162,1.18172,2625.02
1509005700000,1.18171,1.18176,1.18125,1.1815,2299.27
1509006600000,1.18149,1.1818,1.1813,1.18155,2196.93
1509007500000,1.18155,1.18188,1.18126,1.18138,1999.97
1509008400000,1.18136,1.18136,1.18036,1.18065,2740.16
1509009300000,1.18066,1.18086,1.18033,1.18076,2088.16
1509010200000,1.18075,1.18106,1.18072,1.18105,1560.85
1509011100000,1.18105,1.18108,1.1807,1.18089,1532
1509012000000,1.18088,1.18134,1.18079,1.18122,1601.07
1509012900000,1.18122,1.18167,1.1812,1.18155,1547.82
1509013800000,1.18154,1.18155,1.18107,1.18108,1509.77
1509014700000,1.18106,1.18146,1.18098,1.18126,1190.44
1509015600000,1.18125,1.18134,1.18062,1.18063,1971.38
1509016500000,1.18062,1.18098,1.18016,1.18038,2440.61
1509017400000,1.18038,1.1815,1.18033,1.18147,2885.28
1509018300000,1.18147,1.18149,1.17579,1.17683,7198.81
1509019200000,1.17685,1.17685,1.174,1.1752,5666.66
1509020100000,1.1752,1.17569,1.17458,1.17525,3828.65
1509021000000,1.17522,1.17575,1.1738,1.17498,6614.89
1509021900000,1.175,1.17695,1.17447,1.17695,5631.6
1509022800000,1.17699,1.17855,1.17623,1.17626,6357.99
1509023700000,1.17624,1.17647,1.17505,1.17571,4366.86
1509024600000,1.17569,1.17569,1.17164,1.17271,5700.89
1509025500000,1.17271,1.17271,1.17068,1.17191,4479.47
1509026400000,1.17193,1.17246,1.17126,1.17224,4073.94
1509027300000,1.17224,1.17258,1.17168,1.17216,3305.93
1509028200000,1.17218,1.17222,1.17083,1.171,3410.24
1509029100000,1.171,1.171,1.16996,1.17032,4317.78
1509030000000,1.17034,1.17074,1.16888,1.16917,4660.93
1509030900000,1.16916,1.17,1.16906,1.16929,3908.68
1509031800000,1.16931,1.17031,1.16916,1.17012,3063.68
1509032700000,1.17011,1.17052,1.16961,1.16993,3559.74
1509033600000,1.16993,1.17009,1.16879,1.16928,2752.32
1509034500000,1.16929,1.1698,1.1688,1.16882,2694.74
1509035400000,1.16882,1.16888,1.1682,1.16828,2576.05
1509036300000,1.16827,1.16851,1.16792,1.16821,2553.72
1509037200000,1.16821,1.16822,1.16749,1.16794,2553.33
1509038100000,1.16794,1.16804,1.1665,1.16708,2755.11
1509039000000,1.16704,1.16731,1.16667,1.16669,2824.63
1509039900000,1.16671,1.16823,1.16599,1.16638,4763.63
1509040800000,1.16638,1.16639,1.16558,1.16568,2957.87
1509041700000,1.16568,1.16656,1.16566,1.16656,2343.1
1509042600000,1.16655,1.1668,1.16613,1.16648,1846.47
1509043500000,1.1665,1.16653,1.16583,1.16585,2251.36
1509044400000,1.16584,1.1659,1.16499,1.16513,2875.96
1509045300000,1.16513,1.16536,1.16499,1.16522,1580.16
1509046200000,1.16522,1.16526,1.16499,1.16512,1581.84
1509047100000,1.1651,1.1651,1.16404,1.1647,2782.6
1509048000000,1.1647,1.16504,1.16454,1.16501,1452.69
1509048900000,1.16502,1.16548,1.16496,1.16546,1068.23
1509049800000,1.16546,1.16554,1.16537,1.16552,773.58
1509050700000,1.16551,1.16578,1.16483,1.16503,1561.53
1509051600000,1.16505,1.1656,1.16499,1.16556,767.78
1509052500000,1.16552,1.16571,1.1652,1.16528,1014.01
1509053400000,1.1653,1.16539,1.16517,1.16537,1298.04
1509054300000,1.16537,1.16554,1.16525,1.1654,1348.88
1509055200000,1.1654,1.16547,1.16521,1.16545,1431.12
1509056100000,1.16545,1.1655,1.1651,1.16515,1111.78
1509057000000,1.16516,1.16532,1.16469,1.16469,1081.26
1509057900000,1.16469,1.16469,1.16435,1.16454,1500.19
1509058800000,1.16454,1.16454,1.16338,1.16344,1776.52
1509059700000,1.16344,1.16378,1.16314,1.16378,1507.34
1509060600000,1.16377,1.16377,1.16319,1.16324,1384.71
1509061500000,1.16325,1.16381,1.16318,1.16377,1408.68
1509062400000,1.16377,1.16424,1.1636,1.1636,1824.38
1509063300000,1.1636,1.1636,1.16311,1.16316,1613.79
1509064200000,1.16319,1.16336,1.16296,1.16312,1542.23
1509065100000,1.16311,1.16322,1.16286,1.16306,1783.21
1509066000000,1.16307,1.16317,1.16246,1.16286,2316.32
1509066900000,1.16286,1.16308,1.16265,1.16297,1541.82
1509067800000,1.16296,1.16338,1.16264,1.16312,1173.32
1509068700000,1.16311,1.16332,1.16287,1.1632,1625.46
1509069600000,1.1632,1.16323,1.16276,1.16319,1711.1
1509070500000,1.16318,1.16358,1.16313,1.16358,1102.5
1509071400000,1.16358,1.16393,1.16352,1.16378,1287.51
1509072300000,1.16378,1.16382,1.16349,1.16357,842.69
1509073200000,1.16357,1.16367,1.16335,1.16367,972.3
1509074100000,1.16367,1.16374,1.16322,1.16336,2216.18
1509075000000,1.16338,1.16384,1.16337,1.16378,939
1509075900000,1.16379,1.16391,1.16362,1.16388,973.63
1509076800000,1.16387,1.16391,1.1635,1.16356,758.48
1509077700000,1.16356,1.16368,1.16348,1.16364,670.58
1509078600000,1.16364,1.16377,1.16356,1.16372,854.13
1509079500000,1.16372,1.16377,1.16344,1.16351,794.8
1509080400000,1.16351,1.16358,1.1634,1.16357,789.91
1509081300000,1.16357,1.16368,1.16332,1.16343,884.94
1509082200000,1.16345,1.16365,1.1633,1.16358,1534.6
1509083100000,1.16358,1.16437,1.16346,1.16432,2106.58
1509084000000,1.16433,1.16433,1.16344,1.16344,2533.16
1509084900000,1.16344,1.16345,1.16255,1.16272,3197.53
1509085800000,1.16272,1.16312,1.16213,1.16221,3546.14
1509086700000,1.16221,1.16329,1.16208,1.16236,3319.25
1509087600000,1.16233,1.16279,1.16199,1.16223,3421.89
1509088500000,1.16222,1.16288,1.16158,1.16283,3296.58
1509089400000,1.16282,1.16303,1.16214,1.16263,2859.22
1509090300000,1.16264,1.16347,1.16258,1.16339,2922.61
1509091200000,1.16335,1.16356,1.16248,1.16301,3008.64
1509092100000,1.16302,1.16376,1.16282,1.16338,2973.57
1509093000000,1.16339,1.16383,1.16309,1.16313,3218.03
1509093900000,1.16314,1.16359,1.16243,1.16271,2827.21
1509094800000,1.16272,1.16276,1.16231,1.16269,2998.57
1509095700000,1.16269,1.16278,1.16236,1.1626,2679.56
1509096600000,1.1626,1.16335,1.1626,1.16294,2381.23
1509097500000,1.16296,1.16362,1.16287,1.1634,2343.15
1509098400000,1.16339,1.16385,1.16297,1.1636,2444.54
1509099300000,1.16359,1.16361,1.16252,1.16252,2415.37
1509100200000,1.16252,1.16257,1.16211,1.16213,2139.09
1509101100000,1.16213,1.16275,1.162,1.1626,2552.02
1509102000000,1.16261,1.16262,1.1613,1.16132,2802.18
1509102900000,1.16133,1.1614,1.1611,1.1612,2679.51
1509103800000,1.1612,1.16162,1.1611,1.16143,2172.42
1509104700000,1.16143,1.16147,1.16047,1.16071,3430.53
1509105600000,1.16076,1.16087,1.16031,1.16045,2950.33
1509106500000,1.16044,1.16108,1.1603,1.16072,3020.2
1509107400000,1.16072,1.16077,1.15878,1.15957,6079.37
1509108300000,1.15955,1.16116,1.15933,1.15988,5012.08
1509109200000,1.15988,1.16009,1.15941,1.15991,3518.53
1509110100000,1.1599,1.16039,1.15915,1.15965,4001.25
1509111000000,1.15967,1.16058,1.15851,1.15926,4802.07
1509111900000,1.15927,1.1595,1.15787,1.15802,4015.65
1509112800000,1.15803,1.16239,1.15783,1.16132,6810.57
1509113700000,1.16133,1.16151,1.1595,1.15991,4512.19
1509114600000,1.15993,1.16087,1.15949,1.16021,4026.36
1509115500000,1.16021,1.16032,1.15798,1.15802,4551.05
1509116400000,1.15807,1.1587,1.15782,1.15821,4847.86
1509117300000,1.15821,1.15844,1.15761,1.15816,3546.28
1509118200000,1.15814,1.1584,1.15741,1.1579,3959.89
1509119100000,1.1579,1.15821,1.15771,1.15804,3000.83
1509120000000,1.15804,1.15835,1.15779,1.15795,2976.23
1509120900000,1.15795,1.15845,1.15792,1.15834,2298.65
1509121800000,1.15833,1.15927,1.15827,1.15876,2137.34
1509122700000,1.15876,1.15924,1.15856,1.159,2796.07
1509123600000,1.159,1.15926,1.15854,1.15856,2758.43
1509124500000,1.15857,1.15948,1.15852,1.15915,1627.58
1509125400000,1.15915,1.15934,1.15892,1.15894,1569.26
1509126300000,1.15894,1.15907,1.1585,1.15864,1539.4
1509127200000,1.15863,1.15985,1.15848,1.15985,2009.28
1509128100000,1.15983,1.16,1.15945,1.1595,2402.44
1509129000000,1.1595,1.15972,1.15921,1.15927,1660.47
1509129900000,1.15927,1.15999,1.15927,1.15974,1864.52
1509130800000,1.15974,1.16015,1.1596,1.16004,1812.81
1509131700000,1.16004,1.16036,1.15981,1.1602,2216.88
1509132600000,1.1602,1.16036,1.15995,1.16027,2031.95
1509133500000,1.16026,1.16029,1.15981,1.15982,1867.85
1509134400000,1.15984,1.16048,1.15963,1.16041,1572.65
1509135300000,1.16041,1.16049,1.16033,1.16041,952.86
1509136200000,1.16041,1.16087,1.1604,1.16073,1261.9
1509137100000,1.16074,1.16095,1.16033,1.16083,2447.1
1509310800000,1.16067,1.16153,1.1606,1.1611,312.4
1509311700000,1.1611,1.16126,1.16057,1.16068,320.07
1509312600000,1.16067,1.16095,1.16053,1.16058,344.65
1509313500000,1.16058,1.16063,1.16046,1.1606,235.57
1509314400000,1.16062,1.16062,1.15963,1.15963,995.2
1509315300000,1.15963,1.15986,1.15945,1.15954,844.58
1509316200000,1.15954,1.15983,1.15937,1.15967,763.57
1509317100000,1.15967,1.15988,1.15944,1.15948,775.43
1509318000000,1.15948,1.16093,1.15948,1.16071,1067.59
1509318900000,1.16071,1.16097,1.1606,1.16071,493.28
1509319800000,1.16071,1.16076,1.16029,1.16068,705.16
1509320700000,1.16068,1.16076,1.16035,1.16056,693.8
1509321600000,1.16057,1.16079,1.16009,1.16057,2004.98
1509322500000,1.16057,1.16065,1.15987,1.1599,1741.68
1509323400000,1.1599,1.16038,1.15988,1.16005,1388.78
1509324300000,1.16004,1.16068,1.15976,1.16055,2121.66
1509325200000,1.16059,1.16081,1.16029,1.1603,2180.63
1509326100000,1.1603,1.16094,1.16004,1.16094,1748.72
1509327000000,1.16093,1.1612,1.16065,1.16081,1255.16
1509327900000,1.16081,1.16143,1.16072,1.16107,1892.19
1509328800000,1.16105,1.16146,1.16099,1.16101,1845.91
1509329700000,1.16101,1.16136,1.16089,1.16125,1301.23
1509330600000,1.16125,1.16125,1.16063,1.1607,1462.38
1509331500000,1.1607,1.16103,1.16068,1.16091,916.06
1509332400000,1.16091,1.16151,1.16075,1.16136,1520.64
1509333300000,1.16138,1.16152,1.16124,1.16125,1026.25
1509334200000,1.16125,1.16149,1.16119,1.1613,1110.22
1509335100000,1.16129,1.16143,1.1612,1.16143,780.58
1509336000000,1.16143,1.1615,1.1613,1.16144,750.33
1509336900000,1.16144,1.1616,1.16133,1.16159,846.29
1509337800000,1.1616,1.16167,1.16138,1.16144,970.34
1509338700000,1.16145,1.16171,1.16145,1.16171,793.1
1509339600000,1.16171,1.16172,1.1615,1.16155,808.65
1509340500000,1.16155,1.16156,1.16126,1.16135,1054.48
1509341400000,1.16136,1.16157,1.1613,1.16155,943.47
1509342300000,1.16155,1.16176,1.1615,1.16164,1482.12
1509343200000,1.16163,1.16163,1.16133,1.16139,1241.19
1509344100000,1.16138,1.16158,1.16135,1.16153,765.04
1509345000000,1.16153,1.16169,1.1615,1.16161,874.2
1509345900000,1.16162,1.16177,1.16152,1.16169,1004.66
1509346800000,1.1617,1.1617,1.16066,1.16081,2391.14
1509347700000,1.16083,1.16097,1.16014,1.16082,2556.2
1509348600000,1.16082,1.16143,1.16071,1.16137,2595.44
1509349500000,1.16137,1.16224,1.1613,1.16188,3021.85
1509350400000,1.16214,1.16281,1.16156,1.16266,3529.77
1509351300000,1.16266,1.16335,1.16251,1.16326,2923.29
1509352200000,1.16326,1.16336,1.16265,1.16305,3052.64
1509353100000,1.16308,1.16355,1.16295,1.16338,4467.5
1509354000000,1.16335,1.16406,1.163,1.16397,3012.39
1509354900000,1.16398,1.16399,1.16333,1.16339,2475.98
1509355800000,1.16339,1.16368,1.16314,1.1633,1907.06
1509356700000,1.1633,1.16394,1.16326,1.16392,1511.99
1509357600000,1.16392,1.16419,1.16325,1.16345,2291.99
1509358500000,1.16344,1.16356,1.16316,1.16325,1860.51
1509359400000,1.16326,1.16392,1.16322,1.16344,2576.27
1509360300000,1.16344,1.16379,1.16344,1.16375,2012.92
1509361200000,1.16376,1.16395,1.16354,1.16384,1961.87
1509362100000,1.16384,1.16419,1.1635,1.16352,2395.84
1509363000000,1.16351,1.16365,1.16322,1.16365,2140.38
1509363900000,1.16365,1.16379,1.1632,1.16322,2591.57
1509364800000,1.16321,1.16329,1.16287,1.1631,1902.54
1509365700000,1.16309,1.16326,1.1625,1.16297,2678.51
1509366600000,1.16298,1.16326,1.16257,1.16257,3036.28
1509367500000,1.16255,1.16279,1.16097,1.16143,2795.71
1509368400000,1.16142,1.16149,1.16049,1.16115,3208.76
1509369300000,1.16113,1.16132,1.1605,1.16084,3262.52
1509370200000,1.16084,1.16125,1.16076,1.16122,3293.22
1509371100000,1.16124,1.16202,1.16124,1.16195,3413.53
1509372000000,1.16199,1.16223,1.16107,1.16107,3399.33
1509372900000,1.16109,1.16116,1.16036,1.16036,2328.9
1509373800000,1.16034,1.16129,1.16034,1.16121,1923.77
1509374700000,1.1612,1.16174,1.16081,1.16171,2546.09
1509375600000,1.16171,1.16185,1.16132,1.16139,2719.78
1509376500000,1.16139,1.16267,1.16127,1.16235,2783.82
1509377400000,1.16235,1.16292,1.16219,1.16236,3552.33
1509378300000,1.16236,1.16337,1.16236,1.16272,3728.05
1509379200000,1.16272,1.16276,1.16221,1.16271,3340.47
1509380100000,1.16271,1.1635,1.16252,1.16266,4025.12
1509381000000,1.16266,1.1644,1.1625,1.16432,3844.04
1509381900000,1.16432,1.16459,1.16354,1.1639,3766.11
1509382800000,1.1639,1.16407,1.16344,1.16355,2414.59
1509383700000,1.16355,1.1636,1.16314,1.16318,2076.57
1509384600000,1.16319,1.1634,1.1631,1.16323,1936.43
1509385500000,1.16323,1.16334,1.16297,1.16303,2033.19
1509386400000,1.16304,1.16332,1.16279,1.16282,1886.92
1509387300000,1.16284,1.16321,1.16281,1.16313,2223.01
1509388200000,1.16313,1.16341,1.16313,1.16329,1861.38
1509389100000,1.16331,1.16393,1.16324,1.16388,2531.71
1509390000000,1.16385,1.16422,1.16365,1.16411,2242.21
1509390900000,1.16411,1.16464,1.1641,1.16447,1560.89
1509391800000,1.16446,1.16483,1.16446,1.16481,2184
1509392700000,1.16481,1.16579,1.16469,1.16567,3203.73
1509393600000,1.16564,1.16578,1.16549,1.1656,1428.24
1509394500000,1.16561,1.16576,1.16531,1.1655,1760.89
1509395400000,1.1655,1.1656,1.16549,1.16555,1003.59
1509396300000,1.16554,1.16555,1.16503,1.16505,1770.99
1509397200000,1.16503,1.16522,1.16493,1.16504,607.01
1509398100000,1.16504,1.16514,1.16493,1.16508,1428.27
1509399000000,1.16506,1.16509,1.1648,1.16495,860.41
1509399900000,1.16492,1.16502,1.16487,1.16492,1393.94
1509400800000,1.16493,1.16493,1.16436,1.16455,1195.03
1509401700000,1.16455,1.16458,1.16431,1.16431,728.26
1509402600000,1.16431,1.16468,1.16417,1.16417,909.23
1509403500000,1.16418,1.16447,1.16416,1.16431,445.64
1509404400000,1.16431,1.16458,1.16422,1.16422,532.14
1509405300000,1.16423,1.16474,1.16422,1.16472,440.02
1509406200000,1.16471,1.16485,1.16461,1.16472,808.96
1509407100000,1.16471,1.16529,1.16461,1.16512,958.24
1509408000000,1.16513,1.16514,1.16451,1.16461,1535.91
1509408900000,1.16461,1.16486,1.16436,1.16441,1135.36
1509409800000,1.16442,1.16451,1.16419,1.16419,1262.52
1509410700000,1.1642,1.16484,1.16398,1.16473,1930.35
1509411600000,1.16472,1.16472,1.16384,1.16391,1609.85
1509412500000,1.16392,1.16412,1.1638,1.16383,1346.95
1509413400000,1.16383,1.16397,1.16366,1.16378,904.56
1509414300000,1.16378,1.16381,1.16335,1.16345,1406.01
1509415200000,1.16345,1.16379,1.16328,1.16348,1523.7
1509416100000,1.16347,1.16387,1.16342,1.16366,937.02
1509417000000,1.16366,1.16386,1.16351,1.16375,885.86
1509417900000,1.16372,1.16383,1.16361,1.16381,781.72
1509418800000,1.16381,1.16388,1.16352,1.16367,1040.87
1509419700000,1.16367,1.16389,1.1635,1.16372,1046.91
1509420600000,1.16373,1.16384,1.16367,1.16373,640.29
1509421500000,1.16372,1.16377,1.16353,1.16367,480.88
1509422400000,1.16367,1.16367,1.16312,1.16326,1519.62
1509423300000,1.16326,1.16334,1.16316,1.16321,1014.29
1509424200000,1.16321,1.16322,1.16277,1.16302,1090.99
1509425100000,1.16303,1.16304,1.16254,1.16256,556.11
1509426000000,1.16257,1.16314,1.16251,1.16303,1168.05
1509426900000,1.16302,1.16334,1.16286,1.16327,1448.52
1509427800000,1.16327,1.1637,1.16322,1.16362,1388.43
1509428700000,1.16362,1.16374,1.16345,1.16358,819.73
1509429600000,1.16357,1.16389,1.16355,1.16362,1527.33
1509430500000,1.16362,1.16443,1.16362,1.16424,1210.69
1509431400000,1.16425,1.1647,1.16412,1.16418,1523.05
1509432300000,1.16418,1.165,1.16418,1.16433,1919.36
1509433200000,1.16433,1.16433,1.16341,1.16419,2363.78
1509434100000,1.16419,1.16434,1.16348,1.16348,2591.81
1509435000000,1.16349,1.16389,1.16317,1.16373,2376.33
1509435900000,1.16375,1.16446,1.16359,1.16443,2331.99
1509436800000,1.16442,1.1649,1.16318,1.16468,3225.42
1509437700000,1.16466,1.16473,1.16399,1.16438,2504.23
1509438600000,1.16437,1.16464,1.16428,1.16439,2132.39
1509439500000,1.16439,1.16446,1.16388,1.16412,2422.28
1509440400000,1.16414,1.16414,1.16346,1.16369,2193.44
1509441300000,1.16368,1.16394,1.16358,1.16371,1528.02
1509442200000,1.16371,1.16404,1.16336,1.16336,2114.32
1509443100000,1.16335,1.16355,1.1631,1.16337,2161.16
1509444000000,1.16309,1.16334,1.16248,1.16326,2627.84
1509444900000,1.16327,1.16361,1.16309,1.16323,2288.61
1509445800000,1.16323,1.1633,1.16267,1.1629,2071.83
1509446700000,1.1629,1.16338,1.16287,1.16303,1512.65
1509447600000,1.16304,1.16375,1.16268,1.16369,2655.48
1509448500000,1.16369,1.16384,1.16314,1.16344,2095.1
1509449400000,1.16343,1.16347,1.16312,1.16319,1981.15
1509450300000,1.16319,1.16399,1.16312,1.16394,1587.09
1509451200000,1.16394,1.16394,1.16337,1.16342,1676.64
1509452100000,1.16342,1.16433,1.16333,1.16374,2122.62
1509453000000,1.16375,1.16409,1.16303,1.16316,3680.11
1509453900000,1.16317,1.1638,1.16307,1.16358,3292.33
1509454800000,1.16358,1.1643,1.16342,1.16375,3906.69
1509455700000,1.16376,1.16422,1.16342,1.16385,2790.45
1509456600000,1.16387,1.16406,1.16348,1.16371,2202.38
1509457500000,1.16371,1.1642,1.1635,1.16401,2679.71
1509458400000,1.16401,1.16402,1.16265,1.1635,3382.3
1509459300000,1.16347,1.16416,1.16333,1.16389,2237.65
1509460200000,1.16389,1.16438,1.16375,1.16399,2132.15
1509461100000,1.16398,1.16408,1.16349,1.16381,2105.91
1509462000000,1.16381,1.16404,1.16301,1.16402,3249.74
1509462900000,1.16404,1.16589,1.16377,1.16582,3594.18
1509463800000,1.16583,1.16613,1.16533,1.16546,3392.73
1509464700000,1.16547,1.1659,1.16466,1.16486,4498.27
1509465600000,1.16484,1.16508,1.16416,1.16456,3241.95
1509466500000,1.16455,1.16456,1.16401,1.16412,2344.68
1509467400000,1.16412,1.16509,1.16393,1.16505,2460.37
1509468300000,1.16504,1.16585,1.16472,1.16585,2382.7
1509469200000,1.16585,1.16585,1.16527,1.16529,1663.8
1509470100000,1.16528,1.16528,1.16466,1.16485,2255.22
1509471000000,1.16486,1.16524,1.1647,1.16483,1482.57
1509471900000,1.16483,1.165,1.16446,1.16472,1881.1
1509472800000,1.16474,1.16547,1.16461,1.16536,1566.24
1509473700000,1.16533,1.16551,1.16506,1.16526,1884.08
1509474600000,1.16526,1.16564,1.16514,1.16554,1841.39
1509475500000,1.16554,1.16565,1.16503,1.16508,2429.76
1509476400000,1.16509,1.16528,1.16487,1.16528,1258.71
1509477300000,1.16527,1.16555,1.16527,1.1654,1244.75
1509478200000,1.1654,1.16569,1.16519,1.16526,1828.46
1509479100000,1.16526,1.16526,1.16477,1.16497,1523.33
1509480000000,1.16495,1.16513,1.16477,1.16512,985.62
1509480900000,1.16513,1.16513,1.16491,1.16495,508.71
1509481800000,1.16495,1.16503,1.16457,1.16461,661.5
1509482700000,1.1646,1.16479,1.16436,1.16454,1092.62
1509483600000,1.16453,1.16458,1.16447,1.16448,529.05
1509484500000,1.16448,1.1646,1.16429,1.16435,1469.44
1509485400000,1.16435,1.16457,1.16402,1.16449,769.84
1509486300000,1.16447,1.16484,1.16447,1.16465,1871.67
1509487200000,1.16465,1.16524,1.16456,1.16489,755.26
1509488100000,1.1649,1.165,1.1647,1.16481,712.78
1509489000000,1.1648,1.16513,1.16476,1.16511,549.29
1509489900000,1.1651,1.16512,1.16484,1.16494,401.92
1509490800000,1.16495,1.16505,1.16466,1.16504,765.48
1509491700000,1.16504,1.16528,1.16491,1.16528,443.28
1509492600000,1.16529,1.16547,1.16511,1.16511,736.52
1509493500000,1.16511,1.16519,1.1649,1.16518,807.45
