timestamp,open,high,low,close,volume
1491166800000,1.06594,1.06622,1.06594,1.06622,188.93
1491167700000,1.06622,1.06636,1.06606,1.0661,313.31
1491168600000,1.0661,1.06643,1.06603,1.06625,364.28
1491169500000,1.06624,1.06651,1.06594,1.066,399.92
1491170400000,1.06601,1.06666,1.06585,1.06618,1022.42
1491171300000,1.06618,1.06656,1.06617,1.06656,513.23
1491172200000,1.06659,1.06704,1.06654,1.067,819.99
1491173100000,1.06699,1.06718,1.06689,1.06711,585.39
1491174000000,1.0671,1.06737,1.0671,1.06711,1268.84
1491174900000,1.06711,1.06716,1.06701,1.06707,1257.87
1491175800000,1.06707,1.06711,1.06685,1.06696,915.9
1491176700000,1.06696,1.06709,1.06673,1.06692,1555.32
1491177600000,1.06692,1.0675,1.06671,1.06744,3012.16
1491178500000,1.06744,1.06787,1.06733,1.06757,1759.23
1491179400000,1.06758,1.06776,1.06751,1.06757,1311.86
1491180300000,1.06757,1.06762,1.06712,1.06727,2327.65
1491181200000,1.0673,1.06766,1.06725,1.06748,1445.35
1491182100000,1.06748,1.06765,1.06742,1.06748,1059.16
1491183000000,1.06747,1.06774,1.06738,1.06767,1709.03
1491183900000,1.06767,1.06783,1.06745,1.06763,1445.79
1491184800000,1.06763,1.06784,1.06756,1.06777,1547.11
1491185700000,1.06777,1.06787,1.06773,1.06782,1285.88
1491186600000,1.06782,1.06808,1.06782,1.06792,860.51
1491187500000,1.06792,1.06797,1.06778,1.06786,1070.88
1491188400000,1.06785,1.06797,1.06783,1.06792,653.8
1491189300000,1.06791,1.06795,1.06778,1.06781,1037.22
1491190200000,1.06781,1.06788,1.0678,1.06786,978.86
1491191100000,1.06786,1.06804,1.06785,1.06787,1468.23
1491192000000,1.06787,1.06792,1.06775,1.06781,1446.47
1491192900000,1.06782,1.06782,1.06765,1.06776,1076.48
1491193800000,1.06777,1.06803,1.06777,1.06787,1270.33
1491194700000,1.06787,1.06799,1.06783,1.06795,834.04
1491195600000,1.06794,1.06809,1.06776,1.06792,1148.17
1491196500000,1.06792,1.06798,1.06781,1.06791,1144.2
1491197400000,1.06792,1.06805,1.06771,1.06773,771.28
1491198300000,1.06773,1.06789,1.0677,1.06783,951.43
1491199200000,1.06782,1.06783,1.06676,1.06713,2514.96
1491200100000,1.06712,1.06737,1.0669,1.06702,2090.24
1491201000000,1.06701,1.06735,1.06654,1.06655,1761.67
1491201900000,1.06653,1.06731,1.06637,1.06701,2223.65
1491202800000,1.06702,1.06751,1.06695,1.06707,2900.17
1491203700000,1.06707,1.06708,1.0664,1.06657,2047.66
1491204600000,1.06657,1.06697,1.06624,1.06635,2590.96
1491205500000,1.06638,1.06666,1.06589,1.06665,2391.69
1491206400000,1.06664,1.06732,1.06656,1.06685,2779.71
1491207300000,1.06686,1.06738,1.06656,1.06716,2288.09
1491208200000,1.06717,1.06739,1.06676,1.06714,2730.34
1491209100000,1.06714,1.06737,1.06688,1.06717,2158.74
1491210000000,1.06716,1.06729,1.06654,1.06668,1949.43
1491210900000,1.06669,1.06684,1.06643,1.06656,1592.79
1491211800000,1.06656,1.06668,1.0664,1.06648,1863.44
1491212700000,1.06648,1.06663,1.06598,1.06625,2415.46
1491213600000,1.06626,1.06644,1.06539,1.06557,2386.81
1491214500000,1.06557,1.0657,1.06529,1.06551,1734.11
1491215400000,1.06551,1.06582,1.06543,1.06555,2111.73
1491216300000,1.06555,1.06575,1.06542,1.06548,1515.7
1491217200000,1.06548,1.06552,1.06502,1.06519,1997.93
1491218100000,1.06521,1.06531,1.065,1.06531,1482.74
1491219000000,1.0653,1.0654,1.06511,1.06516,1263.69
1491219900000,1.06516,1.06595,1.06497,1.06555,2129.28
1491220800000,1.06556,1.06622,1.06537,1.06606,2203.5
1491221700000,1.06607,1.0665,1.06603,1.06648,2503.73
1491222600000,1.06649,1.06693,1.06629,1.06676,2074.64
1491223500000,1.06676,1.06679,1.06621,1.06625,2332.77
1491224400000,1.06624,1.06638,1.06571,1.06604,2805.83
1491225300000,1.06605,1.06646,1.06594,1.06635,1622.1
1491226200000,1.06636,1.06666,1.06629,1.06635,2824.74
1491227100000,1.06635,1.06659,1.06613,1.0663,2305.34
1491228000000,1.06632,1.06795,1.06598,1.06766,4047.72
1491228900000,1.06767,1.06768,1.06696,1.0672,3121.39
1491229800000,1.0672,1.0673,1.06663,1.06701,3333.35
1491230700000,1.06701,1.06722,1.06511,1.06538,3945.52
1491231600000,1.06538,1.06548,1.06423,1.06488,4368.73
1491232500000,1.06488,1.06552,1.06487,1.06534,3509.51
1491233400000,1.06534,1.06572,1.065,1.06545,2841.51
1491234300000,1.06546,1.0656,1.06519,1.06545,2758.34
1491235200000,1.06545,1.06638,1.06544,1.06635,2567.97
1491236100000,1.06635,1.06635,1.06563,1.06566,2783.12
1491237000000,1.06568,1.066,1.06559,1.06599,2359.05
1491237900000,1.066,1.0665,1.06598,1.06609,2356.52
1491238800000,1.06609,1.06626,1.06595,1.06615,1322.26
1491239700000,1.06612,1.06708,1.06605,1.06681,2085.63
1491240600000,1.0668,1.06707,1.06677,1.06693,1447.85
1491241500000,1.06693,1.06693,1.06665,1.06677,1854.26
1491242400000,1.06678,1.06685,1.06663,1.06674,1611.37
1491243300000,1.06674,1.06727,1.06668,1.0667,2104.63
1491244200000,1.06673,1.06684,1.06647,1.06654,1825.3
1491245100000,1.06653,1.06674,1.06629,1.06664,2102.21
1491246000000,1.06664,1.06672,1.06624,1.06632,1584.82
1491246900000,1.06631,1.06653,1.06625,1.06647,1359.58
1491247800000,1.06646,1.06682,1.06646,1.06682,1053.6
1491248700000,1.06682,1.06726,1.06674,1.06722,2186.36
1491249600000,1.06722,1.0676,1.06693,1.06721,1571.27
1491250500000,1.06721,1.06723,1.06703,1.06715,612.75
1491251400000,1.06715,1.06745,1.06714,1.06717,961.67
1491252300000,1.06717,1.06735,1.06689,1.06691,1619.75
1491253200000,1.06688,1.06701,1.06685,1.06694,269.86
1491254100000,1.06694,1.06698,1.0667,1.06684,236.82
1491255000000,1.06684,1.06694,1.06673,1.06679,286.59
1491255900000,1.0668,1.06685,1.06675,1.06675,236.82
1491256800000,1.06675,1.06702,1.06668,1.06673,1067.79
1491257700000,1.06675,1.06683,1.06662,1.06662,611.79
1491258600000,1.06662,1.06677,1.06661,1.0667,428.27
1491259500000,1.06672,1.06685,1.06664,1.06665,404.31
1491260400000,1.06665,1.06689,1.06664,1.06685,617.04
1491261300000,1.06685,1.06698,1.06669,1.06676,1090.42
1491262200000,1.06676,1.0668,1.06664,1.06667,601.62
1491263100000,1.06666,1.067,1.06654,1.06695,800.61
1491264000000,1.06695,1.06727,1.06682,1.06707,1929.25
1491264900000,1.06706,1.06734,1.06706,1.06723,1239.61
1491265800000,1.06722,1.0673,1.067,1.06715,1493.46
1491266700000,1.06715,1.06722,1.0667,1.06692,1625.1
1491267600000,1.06692,1.06692,1.06642,1.06678,1464.19
1491268500000,1.06678,1.0668,1.06641,1.06658,927.04
1491269400000,1.06657,1.06716,1.06657,1.06703,1898.19
1491270300000,1.06705,1.06712,1.06686,1.0669,605.77
1491271200000,1.0669,1.06716,1.06686,1.067,1194.51
1491272100000,1.06699,1.06708,1.06689,1.06691,782.13
1491273000000,1.06692,1.06695,1.06664,1.06668,717.57
1491273900000,1.06668,1.06671,1.06638,1.06638,760.34
1491274800000,1.06639,1.06653,1.0663,1.06648,574.63
1491275700000,1.06648,1.06662,1.06645,1.06662,755.08
1491276600000,1.06661,1.06691,1.06661,1.06679,895.52
1491277500000,1.06678,1.06693,1.06677,1.06683,863.61
1491278400000,1.06682,1.06691,1.06659,1.06686,1883.28
1491279300000,1.06687,1.06708,1.06675,1.06698,1230.92
1491280200000,1.06697,1.06702,1.06671,1.06692,1735.41
1491281100000,1.06692,1.0671,1.06673,1.06708,1394.28
1491282000000,1.06708,1.06736,1.06701,1.06717,1750.29
1491282900000,1.06718,1.06744,1.06661,1.06671,2095.37
1491283800000,1.06673,1.06714,1.06659,1.06711,1518.81
1491284700000,1.06711,1.06722,1.0664,1.06645,2205.89
1491285600000,1.06645,1.06648,1.06569,1.06603,2667.77
1491286500000,1.06602,1.06617,1.06561,1.06588,1882.81
1491287400000,1.06587,1.06609,1.06545,1.06555,2160.85
1491288300000,1.06555,1.06603,1.06521,1.06579,1927.55
1491289200000,1.06578,1.06597,1.06542,1.06543,2546.88
1491290100000,1.06542,1.06586,1.0651,1.0658,2763.71
1491291000000,1.0658,1.06585,1.06442,1.06463,2436.76
1491291900000,1.06469,1.06533,1.06469,1.06507,2113.55
1491292800000,1.06507,1.06568,1.06502,1.06561,1683.57
1491293700000,1.06561,1.06598,1.0655,1.06588,2071.91
1491294600000,1.06587,1.06589,1.06545,1.06552,2077.57
1491295500000,1.06554,1.06618,1.06549,1.06607,1668.62
1491296400000,1.06606,1.0663,1.06588,1.06598,1655.94
1491297300000,1.06598,1.06604,1.0652,1.06532,2097.24
1491298200000,1.06532,1.06607,1.06498,1.06562,2198.4
1491299100000,1.06562,1.06569,1.06523,1.06558,1842.63
1491300000000,1.06558,1.06599,1.06546,1.06575,1437.01
1491300900000,1.06576,1.06589,1.06528,1.06543,1737.85
1491301800000,1.06543,1.06546,1.0636,1.06416,3138.5
1491302700000,1.06416,1.06422,1.06355,1.06419,2354.92
1491303600000,1.0642,1.06471,1.06417,1.06465,2500.97
1491304500000,1.06464,1.06489,1.06443,1.06463,2212.08
1491305400000,1.06461,1.06496,1.06446,1.06494,2272.11
1491306300000,1.06494,1.06534,1.06465,1.06471,2744.87
1491307200000,1.06472,1.06519,1.0647,1.06516,2394.25
1491308100000,1.06516,1.06561,1.06493,1.06527,2509.04
1491309000000,1.06519,1.06585,1.06515,1.06567,2239.41
1491309900000,1.06569,1.06575,1.06513,1.06551,2628.08
1491310800000,1.06552,1.06571,1.06531,1.0654,2515.99
1491311700000,1.06539,1.06598,1.06509,1.06592,2228.03
1491312600000,1.06592,1.06596,1.06483,1.06491,3116.56
1491313500000,1.0649,1.0653,1.06467,1.06518,2470.98
1491314400000,1.06521,1.06536,1.0648,1.06509,3065.28
1491315300000,1.0651,1.0656,1.06493,1.06517,2875.01
1491316200000,1.06514,1.06595,1.06501,1.06571,2271.66
1491317100000,1.06571,1.06643,1.06529,1.06636,3084.49
1491318000000,1.06636,1.06653,1.06594,1.06599,3828.01
1491318900000,1.066,1.06675,1.0659,1.06661,3118.83
1491319800000,1.06662,1.06672,1.06621,1.06635,3553.71
1491320700000,1.06635,1.06668,1.06611,1.06628,2349.15
1491321600000,1.06627,1.0663,1.06599,1.06616,1944.02
1491322500000,1.06615,1.06649,1.06609,1.06643,1447.36
1491323400000,1.06642,1.06682,1.06633,1.06646,1666.23
1491324300000,1.06645,1.06645,1.0658,1.06604,2457.96
1491325200000,1.06604,1.06634,1.06581,1.06583,1844.6
1491326100000,1.06586,1.06587,1.06492,1.06492,2268.57
1491327000000,1.06493,1.06543,1.06481,1.0654,1594.17
1491327900000,1.06539,1.06605,1.06536,1.06604,1221.35
1491328800000,1.06604,1.06606,1.06572,1.06595,1021.61
1491329700000,1.06595,1.06626,1.06578,1.06622,1332.77
1491330600000,1.06621,1.06663,1.06621,1.06661,1313.35
1491331500000,1.06661,1.06688,1.06652,1.06678,1411.61
1491332400000,1.06682,1.0673,1.06676,1.06719,1596.85
1491333300000,1.06719,1.06728,1.0668,1.06701,1182.42
1491334200000,1.06702,1.06708,1.06682,1.06682,1157.95
1491335100000,1.06682,1.06712,1.06664,1.06671,1872.42
1491336000000,1.06672,1.06718,1.06657,1.06716,1184.58
1491336900000,1.06716,1.06724,1.06704,1.06722,588.31
1491337800000,1.06723,1.06757,1.06715,1.06746,876.24
1491338700000,1.06746,1.0677,1.06726,1.06729,733.62
1491339600000,1.06729,1.06739,1.06687,1.06721,247.98
1491340500000,1.06721,1.06767,1.06714,1.06752,447.01
1491341400000,1.06752,1.06761,1.06736,1.06754,461.43
1491342300000,1.06754,1.06829,1.06749,1.06787,466.16
1491343200000,1.06786,1.06823,1.06784,1.06816,980.98
1491344100000,1.06815,1.06851,1.06805,1.06817,1113.09
1491345000000,1.06817,1.06822,1.06781,1.06786,1386.17
1491345900000,1.06786,1.06795,1.06767,1.0679,1130.8
1491346800000,1.0679,1.06792,1.06761,1.06771,1205.66
1491347700000,1.06771,1.06786,1.06761,1.06771,1154.46
1491348600000,1.06771,1.06806,1.06765,1.06803,933.96
1491349500000,1.06802,1.06812,1.06778,1.06779,508.37
1491350400000,1.06779,1.06832,1.06777,1.06813,1441.92
1491351300000,1.06811,1.06815,1.068,1.06805,953.64
1491352200000,1.06805,1.06805,1.0678,1.06795,1715.4
1491353100000,1.06795,1.06807,1.0679,1.06796,1739.89
1491354000000,1.06796,1.06816,1.06787,1.06796,1228.86
1491354900000,1.06795,1.06811,1.06784,1.06809,1252.92
1491355800000,1.06808,1.06818,1.0678,1.06791,1306.73
1491356700000,1.06791,1.06801,1.06784,1.06795,1013.21
1491357600000,1.06795,1.06803,1.06792,1.06798,879.04
1491358500000,1.06798,1.06802,1.06783,1.06787,857.63
1491359400000,1.06787,1.06793,1.06778,1.06784,988.37
1491360300000,1.06784,1.06787,1.06769,1.06773,655.51
1491361200000,1.06773,1.06773,1.06751,1.06768,1087.01
1491362100000,1.06768,1.06778,1.06763,1.06772,813.24
1491363000000,1.06774,1.06784,1.06766,1.06769,1455.48
1491363900000,1.06769,1.0678,1.06766,1.06772,963.79
1491364800000,1.06772,1.06779,1.06748,1.06752,1568.91
1491365700000,1.06751,1.06761,1.06737,1.06747,886.43
1491366600000,1.06747,1.0675,1.06717,1.0672,934.49
1491367500000,1.06721,1.06748,1.06715,1.06738,968.03
1491368400000,1.06738,1.06739,1.06723,1.06739,721.46
1491369300000,1.06738,1.06761,1.06735,1.06743,1348.5
1491370200000,1.06743,1.06748,1.06724,1.06732,849.7
1491371100000,1.06732,1.06748,1.0672,1.06734,1600.38
1491372000000,1.06734,1.06737,1.06687,1.06687,2127.29
1491372900000,1.06687,1.06708,1.06679,1.06706,1710.93
1491373800000,1.06707,1.0674,1.06682,1.06728,2015.35
1491374700000,1.06729,1.06785,1.0671,1.06785,1811.04
1491375600000,1.06785,1.06872,1.0676,1.06869,3132.4
1491376500000,1.06868,1.06889,1.06802,1.06875,2839.62
1491377400000,1.06876,1.0688,1.06789,1.06789,2520.26
1491378300000,1.06789,1.06801,1.06743,1.06752,2612.68
1491379200000,1.06752,1.06786,1.06743,1.0675,2560.53
1491380100000,1.0675,1.0676,1.06696,1.06754,2583.5
1491381000000,1.06753,1.06798,1.06753,1.06782,3127.87
1491381900000,1.06781,1.06791,1.06716,1.06738,2825.59
1491382800000,1.06739,1.06739,1.06698,1.06704,2627.71
1491383700000,1.06703,1.06708,1.06621,1.06648,3154.27
1491384600000,1.06647,1.0669,1.06627,1.06642,2712.97
1491385500000,1.06642,1.06685,1.06622,1.06684,1987.94
1491386400000,1.06685,1.06698,1.06659,1.06677,1919.94
1491387300000,1.06673,1.06688,1.06649,1.06684,1757.52
1491388200000,1.06683,1.06685,1.06657,1.06679,1399.69
1491389100000,1.06679,1.06711,1.06678,1.067,1339.26
1491390000000,1.067,1.0671,1.0667,1.06675,2060.99
1491390900000,1.06674,1.06705,1.06642,1.06699,1842.62
1491391800000,1.06698,1.06859,1.06692,1.06816,3279.2
1491392700000,1.06815,1.06851,1.06789,1.06803,3451.98
1491393600000,1.06804,1.0682,1.06756,1.06806,2747.49
1491394500000,1.06806,1.06806,1.06544,1.06659,5122.64
1491395400000,1.06659,1.06725,1.06609,1.0668,3761.24
1491396300000,1.0668,1.06733,1.06658,1.0666,2500.81
1491397200000,1.0666,1.0669,1.06614,1.06631,2692.79
1491398100000,1.0663,1.06655,1.06595,1.06602,2621.3
1491399000000,1.06601,1.06647,1.06592,1.06611,2967.85
1491399900000,1.06611,1.06653,1.06576,1.06641,2943.43
1491400800000,1.06637,1.06739,1.06575,1.06613,4391.73
1491401700000,1.06612,1.06647,1.06566,1.06641,3205.5
1491402600000,1.06637,1.06677,1.06588,1.0667,3766.28
1491403500000,1.0667,1.06682,1.06595,1.06616,3290.14
1491404400000,1.06616,1.0666,1.06612,1.06658,2981.35
1491405300000,1.06659,1.06695,1.06621,1.06631,2809.51
1491406200000,1.06632,1.06637,1.06559,1.0657,2448.88
1491407100000,1.0657,1.06604,1.0652,1.06599,2029.01
1491408000000,1.06599,1.06603,1.06551,1.06586,1828.79
1491408900000,1.06586,1.06594,1.06534,1.06536,1686.46
1491409800000,1.06537,1.06548,1.06472,1.06502,1765.71
1491410700000,1.06501,1.0652,1.06449,1.06467,2377.74
1491411600000,1.06467,1.06506,1.06463,1.06476,1498.71
1491412500000,1.06477,1.06489,1.06455,1.06463,1409.46
1491413400000,1.06464,1.06519,1.06458,1.06518,1402.94
1491414300000,1.06516,1.06521,1.06468,1.0649,1672.94
1491415200000,1.0649,1.06628,1.06349,1.06498,6164.9
1491416100000,1.06498,1.06584,1.06479,1.06568,3472.05
1491417000000,1.06567,1.0669,1.06564,1.06642,4329.61
1491417900000,1.06642,1.06693,1.06642,1.06671,3502.11
1491418800000,1.06667,1.06699,1.06658,1.06689,2966.22
1491419700000,1.0669,1.06765,1.06674,1.06759,3972.12
1491420600000,1.06757,1.06775,1.06716,1.06763,3320.45
1491421500000,1.06764,1.06791,1.06742,1.06781,2532.12
1491422400000,1.06781,1.06814,1.06745,1.06752,1676.27
1491423300000,1.06752,1.06773,1.0671,1.06716,1235
1491424200000,1.06716,1.06725,1.06695,1.06695,1135.93
1491425100000,1.06695,1.06696,1.06618,1.06627,1781.89
1491426000000,1.06625,1.06645,1.0662,1.0662,257
1491426900000,1.0662,1.06647,1.0662,1.06637,323.53
1491427800000,1.06642,1.06685,1.06612,1.06685,916.19
1491428700000,1.06688,1.06713,1.06645,1.06662,1363.69
1491429600000,1.06661,1.06686,1.06622,1.06627,1499.06
1491430500000,1.06627,1.06696,1.06625,1.06694,1175.79
1491431400000,1.06695,1.06717,1.0668,1.06689,724.94
1491432300000,1.0669,1.06725,1.06687,1.06687,722.66
1491433200000,1.06688,1.0674,1.06667,1.06729,1759.03
1491434100000,1.06729,1.06733,1.06696,1.06703,776.1
1491435000000,1.06704,1.06738,1.06697,1.06715,1071.12
1491435900000,1.06714,1.06738,1.06709,1.06717,1134.27
1491436800000,1.06715,1.06828,1.06711,1.06812,2365.53
1491437700000,1.06811,1.06831,1.06791,1.06815,2071.04
1491438600000,1.06816,1.06821,1.0679,1.06805,1589.47
1491439500000,1.06804,1.0684,1.0676,1.06764,2839.29
1491440400000,1.06764,1.06777,1.06742,1.06746,1787.6
1491441300000,1.06745,1.068,1.0674,1.068,1629.79
1491442200000,1.06802,1.06803,1.06779,1.06789,1519.24
1491443100000,1.06789,1.06802,1.06754,1.0678,1748.71
1491444000000,1.06777,1.06787,1.06744,1.06771,2208.94
1491444900000,1.06772,1.06802,1.06771,1.06778,1518.42
1491445800000,1.06777,1.068,1.06734,1.06745,2188.06
1491446700000,1.06745,1.06762,1.06736,1.06744,1185.77
1491447600000,1.06743,1.06747,1.06704,1.06705,1485.12
1491448500000,1.06705,1.06744,1.06705,1.06736,1200.62
1491449400000,1.06735,1.06751,1.06734,1.06746,1104.11
1491450300000,1.06746,1.06757,1.06739,1.06752,997.55
1491451200000,1.06752,1.06752,1.06711,1.06722,1479.69
1491452100000,1.06722,1.06732,1.06717,1.06725,1067.14
1491453000000,1.06725,1.06746,1.06721,1.06742,847.52
1491453900000,1.06741,1.06747,1.06729,1.06746,1032.47
1491454800000,1.06746,1.06755,1.06715,1.06724,1353.44
1491455700000,1.06726,1.0675,1.06715,1.06726,1274.34
1491456600000,1.06726,1.06748,1.0672,1.0672,1299.93
1491457500000,1.0672,1.06752,1.0672,1.06728,1584.58
1491458400000,1.06728,1.06782,1.06699,1.0678,2796.11
1491459300000,1.06779,1.06781,1.06724,1.06741,2335.21
1491460200000,1.06741,1.06786,1.06715,1.06774,2218.99
1491461100000,1.06775,1.06802,1.06762,1.06766,2048.24
1491462000000,1.06766,1.06787,1.06411,1.06489,5574.92
1491462900000,1.06488,1.06488,1.06289,1.06413,4943.89
1491463800000,1.06413,1.06443,1.0637,1.0639,3648.85
1491464700000,1.0639,1.0647,1.06384,1.06461,2542.84
1491465600000,1.0646,1.06476,1.06438,1.0644,2330.83
1491466500000,1.0644,1.06555,1.06433,1.06525,2819.95
1491467400000,1.06525,1.06555,1.06509,1.06533,2834.87
1491468300000,1.06534,1.06593,1.0652,1.06579,2626.46
1491469200000,1.0658,1.06664,1.06568,1.06645,3826.77
1491470100000,1.06646,1.0667,1.06629,1.06663,2307.5
1491471000000,1.06663,1.06707,1.06658,1.06674,2711.33
1491471900000,1.06674,1.06676,1.06649,1.0667,1992.32
1491472800000,1.0667,1.06671,1.06622,1.06627,2020.27
1491473700000,1.06626,1.06651,1.06612,1.0664,1756.01
1491474600000,1.06641,1.06685,1.06609,1.06655,2648.81
1491475500000,1.06657,1.06689,1.06627,1.06636,2557.13
1491476400000,1.06636,1.06683,1.06629,1.06649,1849.57
1491477300000,1.06652,1.0668,1.06633,1.0667,1987.69
1491478200000,1.0667,1.06747,1.06664,1.06711,3046.18
1491479100000,1.06713,1.06755,1.06534,1.06594,3537.12
1491480000000,1.06596,1.06685,1.06594,1.0666,2964.01
1491480900000,1.06661,1.06675,1.06578,1.06585,2558.26
1491481800000,1.06583,1.06622,1.06555,1.06604,2462.19
1491482700000,1.06604,1.06625,1.06592,1.06604,1685.28
1491483600000,1.06605,1.06625,1.06573,1.06605,2574.17
1491484500000,1.06605,1.06611,1.06567,1.06604,1822.46
1491485400000,1.06606,1.06609,1.06553,1.06568,2780.5
1491486300000,1.06568,1.06586,1.0653,1.06547,2823.01
1491487200000,1.06547,1.06602,1.06544,1.06579,2705.4
1491488100000,1.06579,1.06628,1.0657,1.06614,2438.46
1491489000000,1.06614,1.06623,1.0656,1.06595,2958.91
1491489900000,1.06594,1.06649,1.0655,1.06583,3118.33
1491490800000,1.06583,1.06587,1.06525,1.06541,2573.8
1491491700000,1.06541,1.06552,1.06484,1.06535,2580.77
1491492600000,1.06535,1.06535,1.06455,1.0649,2642.2
1491493500000,1.06488,1.06522,1.06475,1.06502,1621.54
1491494400000,1.06501,1.06563,1.06475,1.06555,1753.12
1491495300000,1.06555,1.06555,1.06525,1.06529,1780.51
1491496200000,1.06528,1.06542,1.06504,1.0651,1516.58
1491497100000,1.0651,1.06519,1.0647,1.06496,1651.69
1491498000000,1.06495,1.06565,1.06476,1.0649,1222.07
1491498900000,1.0649,1.0649,1.06381,1.06386,2366.86
1491499800000,1.06387,1.06431,1.06384,1.06399,1297.45
1491500700000,1.06399,1.06454,1.06399,1.06454,1335.32
1491501600000,1.06454,1.0646,1.06433,1.06456,1564.3
1491502500000,1.06456,1.06456,1.06414,1.06425,1079.47
1491503400000,1.06427,1.06445,1.06422,1.06429,1003.39
1491504300000,1.06429,1.06496,1.06428,1.06468,1897.82
1491505200000,1.06467,1.06473,1.06438,1.06455,1726.13
1491506100000,1.06456,1.06482,1.06449,1.0646,932.43
1491507000000,1.0646,1.06462,1.06424,1.06442,1206.64
1491507900000,1.06443,1.06452,1.06414,1.06415,1245
1491508800000,1.06415,1.06429,1.06399,1.0642,792.64
1491509700000,1.0642,1.06428,1.0641,1.06425,613.76
1491510600000,1.06425,1.06427,1.06417,1.06424,640.51
1491511500000,1.06424,1.06441,1.06423,1.06438,826.53
1491512400000,1.06438,1.06469,1.06423,1.06454,336.96
1491513300000,1.06457,1.0646,1.06422,1.06432,381.44
1491514200000,1.06432,1.06434,1.0641,1.06429,249.17
1491515100000,1.06429,1.06429,1.06411,1.0642,146.69
1491516000000,1.06421,1.06433,1.06414,1.06417,448.98
1491516900000,1.06417,1.06434,1.06415,1.06426,278.4
1491517800000,1.06426,1.06434,1.06412,1.06415,434.56
1491518700000,1.06414,1.06429,1.06405,1.06428,324.12
1491519600000,1.06428,1.06449,1.06415,1.06445,233.93
1491520500000,1.06444,1.06447,1.06429,1.06444,369.49
1491521400000,1.06444,1.06454,1.06433,1.06438,321.69
1491522300000,1.06437,1.0644,1.06428,1.06437,388.52
1491523200000,1.06437,1.06449,1.06416,1.06419,1811.86
1491524100000,1.06419,1.06474,1.06414,1.06472,1362.86
1491525000000,1.06473,1.06475,1.06452,1.06464,1385.72
1491525900000,1.06465,1.06465,1.06436,1.06441,1253.99
1491526800000,1.06442,1.06442,1.06389,1.06428,2099.25
1491527700000,1.06428,1.06509,1.0638,1.06493,3617.78
1491528600000,1.06494,1.06542,1.06464,1.06518,3745.1
1491529500000,1.06519,1.06552,1.06495,1.06529,3586.13
1491530400000,1.06529,1.06602,1.06529,1.06575,3718.62
1491531300000,1.06574,1.06576,1.0646,1.0648,3086.5
1491532200000,1.0648,1.06491,1.06426,1.06429,2526.19
1491533100000,1.06429,1.06461,1.06425,1.06441,2336.27
1491534000000,1.06441,1.06448,1.06418,1.06444,1590.24
1491534900000,1.06446,1.0646,1.06432,1.0645,1200.33
1491535800000,1.0645,1.06463,1.06433,1.0645,1317.4
1491536700000,1.0645,1.06452,1.06421,1.06428,1344.19
1491537600000,1.06429,1.06473,1.06419,1.06463,1462.33
1491538500000,1.06462,1.06484,1.06456,1.06472,798.56
1491539400000,1.06471,1.06477,1.06448,1.06448,937.53
1491540300000,1.06448,1.06476,1.06446,1.06475,891.95
1491541200000,1.06475,1.06499,1.06453,1.06469,1094.97
1491542100000,1.06469,1.06501,1.06439,1.06441,1407.56
1491543000000,1.06441,1.06486,1.06432,1.06484,1242.38
1491543900000,1.06484,1.06529,1.06484,1.06527,1925.37
1491544800000,1.06525,1.06539,1.06482,1.06483,3666.05
1491545700000,1.06483,1.06512,1.06457,1.06482,2622.53
1491546600000,1.06482,1.06495,1.06459,1.06474,2227.34
1491547500000,1.06474,1.06489,1.06459,1.06469,2170.76
1491548400000,1.06469,1.06489,1.06432,1.06432,2476.63
1491549300000,1.0643,1.06431,1.0635,1.06376,2521.9
1491550200000,1.06377,1.06407,1.0632,1.06382,2295.4
1491551100000,1.06382,1.06409,1.06346,1.06361,2550.34
1491552000000,1.06362,1.06413,1.06358,1.0638,2080.58
1491552900000,1.0638,1.06396,1.06353,1.06357,2194.94
1491553800000,1.06356,1.06384,1.06292,1.0632,2943.31
1491554700000,1.06319,1.0635,1.06304,1.0632,2210.82
1491555600000,1.0632,1.06343,1.06301,1.06322,2355.32
1491556500000,1.06322,1.06366,1.06314,1.06354,1590.1
1491557400000,1.06355,1.06376,1.06329,1.06352,1872.14
1491558300000,1.06351,1.06402,1.06349,1.06377,1597.97
1491559200000,1.06376,1.06389,1.06347,1.06362,1437.81
1491560100000,1.06363,1.06367,1.06328,1.06346,1393.73
1491561000000,1.06345,1.06356,1.06314,1.06318,1325.44
1491561900000,1.06315,1.0632,1.06297,1.06299,1372.25
1491562800000,1.06299,1.063,1.06257,1.06271,1673.43
1491563700000,1.06271,1.06304,1.06259,1.06301,2568.55
1491564600000,1.06302,1.0631,1.06261,1.06306,2144.43
1491565500000,1.06305,1.06324,1.06229,1.06231,2161.8
1491566400000,1.06233,1.06313,1.06225,1.06303,2642.15
1491567300000,1.06304,1.06375,1.06254,1.06334,3866.67
1491568200000,1.06336,1.06659,1.06334,1.0636,8038.18
1491569100000,1.06361,1.06378,1.06104,1.062,6226.42
1491570000000,1.06201,1.06242,1.06138,1.06207,5323.49
1491570900000,1.06208,1.06244,1.06147,1.06189,4685.99
1491571800000,1.06189,1.06275,1.06181,1.06244,4134.27
1491572700000,1.06244,1.06336,1.06229,1.06301,3575.61
1491573600000,1.06302,1.06328,1.06209,1.06306,3707.97
1491574500000,1.06306,1.06331,1.06266,1.06273,3029.57
1491575400000,1.06272,1.06291,1.06149,1.06181,2824.63
1491576300000,1.0618,1.06198,1.06127,1.06172,3446.83
1491577200000,1.06174,1.06201,1.06112,1.06196,3572.38
1491578100000,1.06196,1.06211,1.06159,1.06163,3211.73
1491579000000,1.06164,1.06177,1.06127,1.06131,2910.85
1491579900000,1.06132,1.06162,1.06124,1.06148,2362.37
1491580800000,1.06147,1.06182,1.06139,1.06174,1462.22
1491581700000,1.06174,1.06174,1.06097,1.06109,1916.4
1491582600000,1.06109,1.06115,1.06019,1.06026,2413.34
1491583500000,1.06026,1.06071,1.05944,1.05986,3623.09
1491584400000,1.05984,1.05999,1.0594,1.05948,2993.45
1491585300000,1.05948,1.05954,1.05897,1.05936,2514.24
1491586200000,1.05935,1.05954,1.05917,1.05947,1566.05
1491587100000,1.05949,1.05961,1.05813,1.05849,2785.97
1491588000000,1.05848,1.05874,1.05806,1.05871,2310.76
1491588900000,1.0587,1.05883,1.05832,1.05883,1881.84
1491589800000,1.05883,1.05883,1.05848,1.05854,1673.56
1491590700000,1.05856,1.05895,1.05851,1.05889,1491.03
1491591600000,1.0589,1.05921,1.05869,1.05896,2306.69
1491592500000,1.05896,1.05926,1.05886,1.05921,2271.69
1491593400000,1.0592,1.05936,1.059,1.05931,1623.49
1491594300000,1.0593,1.05963,1.05917,1.05938,2189.21
1491595200000,1.05938,1.06022,1.05938,1.06009,1881.86
1491596100000,1.0601,1.06024,1.05963,1.05965,893.25
1491597000000,1.05964,1.05983,1.05938,1.05979,1021.47
1491597900000,1.05978,1.05978,1.05883,1.05889,1126.96
1491771600000,1.05866,1.05885,1.05848,1.05863,135.01
1491772500000,1.05864,1.05871,1.0584,1.05862,309.59
1491773400000,1.05862,1.05862,1.05835,1.05835,242.21
1491774300000,1.05835,1.05853,1.05824,1.05833,272.09
1491775200000,1.05832,1.05853,1.05818,1.05827,870.79
1491776100000,1.05828,1.05839,1.05816,1.05823,970.42
1491777000000,1.05823,1.05832,1.05782,1.05809,921.68
1491777900000,1.05809,1.05821,1.05785,1.05787,1236.59
1491778800000,1.05786,1.05792,1.05734,1.05789,1755.99
1491779700000,1.05789,1.05808,1.0578,1.05794,887.65
1491780600000,1.05793,1.05811,1.05788,1.058,769.86
1491781500000,1.05799,1.05825,1.0579,1.05805,1105.61
1491782400000,1.05806,1.05832,1.05795,1.05803,1228.82
1491783300000,1.05803,1.05803,1.05764,1.05801,1548.8
1491784200000,1.05801,1.05817,1.05781,1.05811,1240.29
1491785100000,1.05811,1.05824,1.05762,1.0577,2095.79
1491786000000,1.0577,1.05797,1.0576,1.05781,1909.31
1491786900000,1.0578,1.05821,1.05779,1.05788,1326.52
1491787800000,1.05789,1.05843,1.05787,1.0584,1479.37
1491788700000,1.0584,1.05854,1.05781,1.05783,1694.07
1491789600000,1.05783,1.05789,1.05703,1.05734,1691.1
1491790500000,1.05736,1.05761,1.05735,1.05755,1295.27
1491791400000,1.05756,1.05776,1.05748,1.05766,1121.02
1491792300000,1.05765,1.05768,1.05749,1.05758,840
1491793200000,1.05757,1.05778,1.05753,1.05771,1302.51
1491794100000,1.05771,1.05797,1.05766,1.05789,786.42
1491795000000,1.05788,1.0581,1.05774,1.0581,696.97
1491795900000,1.0581,1.05831,1.0579,1.05819,1128.47
1491796800000,1.05819,1.05827,1.05807,1.0582,833.43
1491797700000,1.0582,1.05835,1.05793,1.05835,639.12
1491798600000,1.05835,1.05852,1.05829,1.05844,986.24
1491799500000,1.05844,1.05869,1.05839,1.05855,878.48
1491800400000,1.05855,1.05861,1.05834,1.05852,1096.7
1491801300000,1.05857,1.05887,1.05857,1.05879,973.11
1491802200000,1.05879,1.05907,1.05875,1.05896,1012.07
1491803100000,1.05895,1.05934,1.05876,1.05931,1271.15
1491804000000,1.05931,1.05939,1.05878,1.05878,2208.92
1491804900000,1.05878,1.05919,1.05861,1.05861,1975.53
1491805800000,1.05861,1.05864,1.05821,1.05863,1765.18
1491806700000,1.05863,1.05865,1.05811,1.05825,1966.06
1491807600000,1.05828,1.05871,1.05811,1.0584,2414.93
1491808500000,1.05841,1.05857,1.05812,1.05819,2315.88
1491809400000,1.05818,1.05852,1.05812,1.05852,2082.5
1491810300000,1.05853,1.05871,1.05842,1.05867,2094.22
1491811200000,1.05867,1.05892,1.05853,1.05855,2109.93
1491812100000,1.05854,1.05854,1.0579,1.05805,1604.28
1491813000000,1.05804,1.05823,1.05775,1.05821,1505.42
1491813900000,1.0582,1.05866,1.05811,1.05862,1770.42
1491814800000,1.05862,1.05874,1.05849,1.05865,1854.52
1491815700000,1.05865,1.05887,1.0583,1.05843,1854.35
1491816600000,1.05844,1.05848,1.05777,1.05789,2259.59
1491817500000,1.0579,1.05827,1.05778,1.05791,1890.42
1491818400000,1.0579,1.05801,1.05752,1.05761,1794.69
1491819300000,1.0576,1.05793,1.0575,1.05787,1634.8
1491820200000,1.05788,1.05804,1.05774,1.05793,1871.09
1491821100000,1.05794,1.058,1.05769,1.05783,1033.9
1491822000000,1.05784,1.05793,1.05748,1.05748,1657.53
1491822900000,1.05748,1.05755,1.05716,1.05716,1417.47
1491823800000,1.05717,1.0583,1.05698,1.05823,2568.47
1491824700000,1.05822,1.05838,1.05756,1.05756,1953.5
1491825600000,1.05756,1.05791,1.05747,1.05772,1621.7
1491826500000,1.05772,1.05786,1.05728,1.05729,2059.9
1491827400000,1.0573,1.0581,1.05729,1.05779,2038.97
1491828300000,1.05777,1.05815,1.05742,1.05753,2299.18
1491829200000,1.05753,1.05882,1.05753,1.0587,2793.36
1491830100000,1.0587,1.059,1.05846,1.05868,2645.19
1491831000000,1.0587,1.05949,1.05855,1.05933,3455.42
1491831900000,1.05932,1.05971,1.05919,1.05969,2825.14
1491832800000,1.05971,1.06004,1.05938,1.0597,2632.03
1491833700000,1.05969,1.05988,1.05905,1.0593,2423.05
1491834600000,1.0593,1.05945,1.05902,1.05922,1890.82
1491835500000,1.05922,1.06035,1.05918,1.05986,2806.32
1491836400000,1.05988,1.06016,1.05965,1.05989,2478.91
1491837300000,1.05989,1.06042,1.05979,1.06031,1843.64
1491838200000,1.06028,1.06059,1.06011,1.06045,2002.31
1491839100000,1.06045,1.06064,1.06034,1.06047,1812.47
1491840000000,1.06046,1.06061,1.06037,1.06038,1826.04
1491840900000,1.06037,1.06052,1.06005,1.06017,1599.29
1491841800000,1.06017,1.06028,1.06005,1.06012,1231.1
1491842700000,1.06013,1.06028,1.05981,1.06,2181.65
1491843600000,1.05999,1.06017,1.05965,1.05977,1337.61
1491844500000,1.05976,1.06008,1.05972,1.05988,782.97
1491845400000,1.05988,1.05994,1.05968,1.05989,913.11
1491846300000,1.05987,1.06001,1.05983,1.0599,1186.72
1491847200000,1.0599,1.06037,1.05982,1.06031,1245.26
1491848100000,1.06031,1.06054,1.06011,1.06034,1066.22
1491849000000,1.06034,1.06043,1.06001,1.06006,1193.31
1491849900000,1.06005,1.06006,1.0594,1.0594,1162.25
1491850800000,1.05942,1.05954,1.05922,1.05937,1414.96
1491851700000,1.05937,1.05954,1.05913,1.05922,1589.29
1491852600000,1.05921,1.05944,1.05916,1.0593,869.53
1491853500000,1.05929,1.0596,1.05926,1.05926,1034.53
1491854400000,1.05926,1.05929,1.0591,1.05916,760.61
1491855300000,1.05917,1.05926,1.05867,1.05922,1220.81
1491856200000,1.05922,1.05968,1.05921,1.05954,1156.39
1491857100000,1.05952,1.05962,1.05932,1.05957,891.23
1491858000000,1.05954,1.05977,1.05927,1.05945,989.03
1491858900000,1.05945,1.05969,1.05934,1.05957,618.38
1491859800000,1.05959,1.05966,1.05936,1.05945,412.22
1491860700000,1.05947,1.05979,1.05934,1.05934,522.25
1491861600000,1.05937,1.05972,1.05924,1.05932,562.17
1491862500000,1.05932,1.05941,1.05926,1.05937,193.68
1491863400000,1.05937,1.05985,1.05918,1.05977,1009.36
1491864300000,1.05977,1.05986,1.05965,1.0598,516.86
1491865200000,1.05978,1.05992,1.05957,1.05972,586.83
1491866100000,1.05971,1.05973,1.05961,1.05966,268.31
1491867000000,1.05966,1.06002,1.05966,1.0598,530.06
1491867900000,1.0598,1.05984,1.05966,1.05971,841.93
1491868800000,1.05972,1.06019,1.05969,1.05993,1544.12
1491869700000,1.05992,1.06003,1.05965,1.05969,1325.78
1491870600000,1.05969,1.05973,1.05955,1.05956,1466.54
1491871500000,1.05956,1.05956,1.059,1.05914,1968.13
1491872400000,1.05915,1.05917,1.05884,1.05904,1934.97
1491873300000,1.05905,1.05922,1.05901,1.05912,920.97
1491874200000,1.05913,1.05917,1.05881,1.05885,1376.18
1491875100000,1.05884,1.05904,1.05857,1.05871,1044.88
1491876000000,1.05869,1.05879,1.05857,1.05863,1354.58
1491876900000,1.05864,1.05869,1.05835,1.05837,1302.42
1491877800000,1.05839,1.05844,1.05807,1.05837,1533.44
1491878700000,1.05837,1.05864,1.0583,1.05851,1805.6
1491879600000,1.05851,1.05871,1.05849,1.05866,1371.05
1491880500000,1.05866,1.05889,1.05861,1.05888,770.74
1491881400000,1.05887,1.05894,1.05863,1.05867,551.94
1491882300000,1.05867,1.05874,1.0584,1.0584,775.72
1491883200000,1.05841,1.05853,1.05829,1.05852,692.39
1491884100000,1.05852,1.05868,1.05847,1.05857,795.45
1491885000000,1.05856,1.05887,1.05849,1.05886,845.38
1491885900000,1.05887,1.05899,1.05882,1.05882,753.33
1491886800000,1.05884,1.05893,1.05863,1.05863,950.63
1491887700000,1.05863,1.05878,1.05841,1.05844,1051.75
1491888600000,1.05845,1.05874,1.05841,1.05868,1202.76
1491889500000,1.05871,1.05883,1.05858,1.05858,985.46
1491890400000,1.05857,1.05899,1.05813,1.05881,1845.17
1491891300000,1.05881,1.05908,1.05841,1.05862,1429.09
1491892200000,1.05862,1.05864,1.05841,1.0586,1330.2
1491893100000,1.0586,1.05903,1.05817,1.05898,1659.48
1491894000000,1.05898,1.05909,1.05794,1.05839,2876.37
1491894900000,1.05839,1.05865,1.05785,1.05865,2708.21
1491895800000,1.05864,1.05953,1.05849,1.05935,2600.05
1491896700000,1.05936,1.05949,1.0589,1.05901,2388.74
1491897600000,1.059,1.05957,1.05898,1.05935,2417.91
1491898500000,1.05934,1.05989,1.05924,1.05981,1885.15
1491899400000,1.0598,1.06049,1.05968,1.06011,3094.98
1491900300000,1.06011,1.06038,1.05998,1.0601,2022.52
1491901200000,1.06009,1.06044,1.0599,1.06001,2131.9
1491902100000,1.06001,1.06097,1.05992,1.06081,2080.07
1491903000000,1.06082,1.06091,1.06045,1.06055,2056.12
1491903900000,1.06054,1.0607,1.06047,1.06069,1333.33
1491904800000,1.06068,1.0614,1.06057,1.06114,2308.21
1491905700000,1.06114,1.06199,1.06093,1.06159,2722.48
1491906600000,1.06159,1.06179,1.06138,1.06148,1963.05
1491907500000,1.06147,1.06157,1.06113,1.06117,1967.31
1491908400000,1.06118,1.06138,1.06105,1.06117,1801.23
1491909300000,1.06117,1.06134,1.06095,1.06106,1598.66
1491910200000,1.06106,1.06141,1.06085,1.06132,1414.9
1491911100000,1.06131,1.06169,1.0611,1.06168,1780.48
1491912000000,1.06167,1.06182,1.06147,1.06166,1950.46
1491912900000,1.06165,1.06179,1.0614,1.06163,2227.39
1491913800000,1.06162,1.06174,1.06108,1.06111,2180.5
1491914700000,1.06109,1.06124,1.06079,1.06121,2280.62
1491915600000,1.06121,1.06139,1.06109,1.06116,2534.67
1491916500000,1.06116,1.06147,1.06095,1.06121,2106.07
1491917400000,1.06123,1.06139,1.06086,1.06122,2725.72
1491918300000,1.06123,1.06132,1.06099,1.06111,2515.55
1491919200000,1.06111,1.06148,1.06104,1.06133,2505.45
1491920100000,1.06133,1.06179,1.06111,1.06146,3006.54
1491921000000,1.06146,1.06253,1.06146,1.06227,3675.21
1491921900000,1.06227,1.06298,1.06137,1.06284,4584.14
1491922800000,1.06285,1.06299,1.06196,1.06238,4251.26
1491923700000,1.06238,1.06253,1.062,1.06216,3266.72
1491924600000,1.06217,1.06239,1.0617,1.06178,1815.29
1491925500000,1.06179,1.06182,1.06126,1.06134,2689.51
1491926400000,1.06134,1.06146,1.061,1.06124,2381.59
1491927300000,1.06123,1.06144,1.06085,1.06106,1926.75
1491928200000,1.06106,1.06126,1.06095,1.06095,2089.4
1491929100000,1.06096,1.06127,1.06053,1.06096,1949.03
1491930000000,1.06096,1.06106,1.06069,1.06092,2435.54
1491930900000,1.0609,1.0609,1.06019,1.06029,1620.6
1491931800000,1.06028,1.06079,1.0602,1.06066,1660.86
1491932700000,1.06065,1.06069,1.06002,1.06039,1855.67
1491933600000,1.06039,1.0608,1.06024,1.06079,1718.19
1491934500000,1.06079,1.06081,1.0605,1.06068,1433.56
1491935400000,1.06069,1.06076,1.06049,1.0607,1710.51
1491936300000,1.06071,1.06079,1.06053,1.06075,1124.61
1491937200000,1.06077,1.06078,1.0605,1.06065,1543.59
1491938100000,1.06065,1.06071,1.06048,1.0605,1072.4
1491939000000,1.0605,1.06063,1.06049,1.06052,607.74
1491939900000,1.06051,1.06058,1.06048,1.06049,1350.99
1491940800000,1.06048,1.06052,1.06037,1.06041,627.98
1491941700000,1.0604,1.06065,1.0604,1.06056,531.88
1491942600000,1.06057,1.06069,1.0605,1.06059,674.53
1491943500000,1.06059,1.06065,1.06035,1.06042,764.52
1491944400000,1.06042,1.06065,1.06029,1.06029,158.69
1491945300000,1.06031,1.06074,1.06025,1.06061,264.9
1491946200000,1.06061,1.06066,1.06051,1.06064,181.7
1491947100000,1.06063,1.06068,1.06046,1.06053,422.14
1491948000000,1.06054,1.06055,1.0604,1.06049,1086.93
1491948900000,1.0605,1.06061,1.06044,1.06055,1180.36
1491949800000,1.06055,1.06074,1.06043,1.06045,1257.64
1491950700000,1.06045,1.06048,1.0604,1.06045,698.36
1491951600000,1.06045,1.06074,1.06041,1.06054,859.57
1491952500000,1.06054,1.06063,1.06035,1.06061,770.73
1491953400000,1.06061,1.06097,1.06053,1.06092,890.76
1491954300000,1.06092,1.0611,1.06091,1.06102,1014.67
1491955200000,1.06101,1.06111,1.06078,1.06085,1737.55
1491956100000,1.06086,1.06094,1.06054,1.06067,1427.25
1491957000000,1.06066,1.06092,1.06045,1.06086,1119.35
1491957900000,1.06086,1.06115,1.0605,1.06084,2210.45
1491958800000,1.06082,1.06121,1.0605,1.06116,2464.5
1491959700000,1.06115,1.06152,1.06108,1.06137,1817.06
1491960600000,1.06138,1.06141,1.0611,1.06115,1665.9
1491961500000,1.06115,1.06133,1.06082,1.061,1342.09
1491962400000,1.061,1.06106,1.06076,1.06092,1298.58
1491963300000,1.06092,1.06101,1.06049,1.0605,1356.53
1491964200000,1.06051,1.06059,1.06014,1.06036,1206.89
1491965100000,1.06036,1.06037,1.05967,1.06004,2293.19
1491966000000,1.06005,1.06008,1.05949,1.05971,1428.85
1491966900000,1.05971,1.05993,1.05965,1.05991,1359.99
1491967800000,1.0599,1.06004,1.05986,1.06002,916.65
1491968700000,1.06002,1.0602,1.05991,1.06017,1046.59
1491969600000,1.06017,1.06035,1.06011,1.06032,741.99
1491970500000,1.06032,1.06035,1.06005,1.06022,1271.46
1491971400000,1.06022,1.06045,1.06015,1.06022,928.19
1491972300000,1.06023,1.06041,1.0602,1.06041,609.55
1491973200000,1.0604,1.06045,1.0603,1.06033,624.2
1491974100000,1.06033,1.06056,1.06024,1.06049,927.36
1491975000000,1.06049,1.0607,1.06047,1.06065,1095.2
1491975900000,1.06065,1.06117,1.06063,1.06108,1546.67
1491976800000,1.06107,1.06162,1.06077,1.0614,2681.74
1491977700000,1.0614,1.06163,1.06122,1.06156,1608.46
1491978600000,1.06156,1.06178,1.06144,1.0615,1681.87
1491979500000,1.06151,1.06187,1.06149,1.06151,1723.68
1491980400000,1.06155,1.06181,1.0614,1.06157,2525.42
1491981300000,1.06157,1.06214,1.06155,1.06188,2488.5
1491982200000,1.06188,1.06214,1.06178,1.06205,1749.21
1491983100000,1.06204,1.06221,1.06189,1.06193,1852.77
1491984000000,1.06193,1.06197,1.06144,1.06172,1605.56
1491984900000,1.06174,1.06197,1.06144,1.06158,1648.28
1491985800000,1.0616,1.06205,1.0615,1.06181,2267.38
1491986700000,1.0618,1.06203,1.06167,1.06187,1413.23
1491987600000,1.06186,1.06239,1.06182,1.06182,1890.47
1491988500000,1.06185,1.06203,1.06115,1.0612,2701.33
1491989400000,1.06119,1.06124,1.06075,1.06092,1838.17
1491990300000,1.0609,1.06133,1.06046,1.06052,2425.54
1491991200000,1.06053,1.06074,1.06015,1.06048,2191.3
1491992100000,1.06048,1.06058,1.06018,1.06035,1587.77
1491993000000,1.06035,1.06038,1.05997,1.06027,1849.75
1491993900000,1.06026,1.06039,1.05998,1.06017,1568.44
1491994800000,1.06018,1.06043,1.06007,1.06011,1798.04
1491995700000,1.06012,1.0602,1.05977,1.05997,1640.92
1491996600000,1.05999,1.06009,1.05977,1.05992,1446.76
1491997500000,1.05992,1.06024,1.05971,1.06014,1811.92
1491998400000,1.06013,1.06059,1.06013,1.06048,2338.44
1491999300000,1.06047,1.0605,1.05973,1.05989,2822.18
1492000200000,1.05988,1.0602,1.05975,1.05988,2111.32
1492001100000,1.05989,1.0602,1.05975,1.06003,2402.92
1492002000000,1.06003,1.06037,1.06,1.06032,2073.39
1492002900000,1.06032,1.0605,1.06029,1.06043,2197.68
1492003800000,1.06043,1.06134,1.06043,1.06095,3405.52
1492004700000,1.06095,1.06101,1.06071,1.06098,2578.42
1492005600000,1.06098,1.06115,1.06073,1.06083,3158.72
1492006500000,1.06082,1.06142,1.06064,1.06122,3393.68
1492007400000,1.06122,1.06179,1.06119,1.06177,2958.41
1492008300000,1.06178,1.06209,1.06126,1.06186,3170.5
1492009200000,1.06189,1.06205,1.06158,1.06174,2665.47
1492010100000,1.06175,1.0618,1.0614,1.06162,1843.43
1492011000000,1.06163,1.06218,1.06159,1.06179,2511.31
1492011900000,1.06179,1.06183,1.06104,1.06106,2249.45
1492012800000,1.06106,1.06113,1.06081,1.06093,1794.59
1492013700000,1.06092,1.06093,1.06022,1.0604,1456.47
1492014600000,1.0604,1.06076,1.06035,1.06037,1549.58
1492015500000,1.06037,1.06064,1.06015,1.06022,2413.06
1492016400000,1.06021,1.06061,1.0601,1.06019,1737.53
1492017300000,1.06018,1.06032,1.06001,1.06015,1500.51
1492018200000,1.06015,1.06019,1.0589,1.05944,2495.46
1492019100000,1.05944,1.05958,1.05913,1.05932,2664.25
1492020000000,1.05932,1.05992,1.0593,1.05983,1685.89
1492020900000,1.05984,1.06009,1.05983,1.05993,1421.76
1492021800000,1.05992,1.06012,1.05968,1.05993,1419.99
1492022700000,1.05993,1.06002,1.05949,1.05953,1487.94
1492023600000,1.05955,1.06199,1.05955,1.06198,3076.1
1492024500000,1.06202,1.06584,1.06196,1.06464,9205.18
1492025400000,1.06464,1.06602,1.06381,1.06565,5290.81
1492026300000,1.06564,1.06723,1.06501,1.06586,4586.38
1492027200000,1.06586,1.06643,1.06576,1.06624,2257.51
1492028100000,1.06624,1.06706,1.06621,1.0668,2061.97
1492029000000,1.0668,1.06751,1.06679,1.06719,2644.6
1492029900000,1.06719,1.06719,1.0662,1.06651,1725.7
1492030800000,1.06651,1.06733,1.0662,1.06732,545.82
1492031700000,1.0673,1.0673,1.06673,1.06693,745.3
1492032600000,1.06695,1.06695,1.0665,1.06681,345.96
1492033500000,1.06681,1.06723,1.06659,1.0668,1103.24
1492034400000,1.06681,1.06682,1.066,1.06621,1165.44
1492035300000,1.06622,1.0663,1.06609,1.06621,388.07
1492036200000,1.06624,1.06676,1.06624,1.06669,664.34
1492037100000,1.06669,1.06669,1.06628,1.06665,532.74
1492038000000,1.06665,1.06676,1.06633,1.06633,968.63
1492038900000,1.06633,1.06697,1.06631,1.06694,760.87
1492039800000,1.06693,1.06716,1.06678,1.06696,1196.71
1492040700000,1.06696,1.06712,1.06677,1.06698,1086.19
1492041600000,1.06698,1.06711,1.06632,1.0664,2556.92
1492042500000,1.0664,1.06672,1.06621,1.06642,1831.93
1492043400000,1.06642,1.06647,1.06606,1.06613,1898.1
1492044300000,1.06613,1.06683,1.06609,1.06656,1646.57
1492045200000,1.06655,1.06671,1.06626,1.06652,1699.47
1492046100000,1.06652,1.06697,1.06645,1.06649,2441.75
1492047000000,1.06649,1.06673,1.06619,1.06626,2587.4
1492047900000,1.06626,1.06691,1.06598,1.06686,2138.12
1492048800000,1.06687,1.06702,1.0666,1.06695,2226.13
1492049700000,1.06694,1.06721,1.0668,1.06721,1578.02
1492050600000,1.06721,1.06772,1.06715,1.06737,2115.77
1492051500000,1.06737,1.06746,1.06714,1.0673,1040.64
1492052400000,1.0673,1.0674,1.06699,1.06727,1678.53
1492053300000,1.06727,1.0673,1.06695,1.067,998.56
1492054200000,1.06701,1.06715,1.06694,1.06705,1335.56
1492055100000,1.06706,1.06728,1.06705,1.06718,1224.45
1492056000000,1.06717,1.06727,1.06706,1.06706,706.01
1492056900000,1.06706,1.06716,1.06693,1.06706,730.24
1492057800000,1.06706,1.06723,1.06699,1.06711,1065.41
1492058700000,1.06711,1.06737,1.0671,1.0673,1064.28
1492059600000,1.0673,1.0673,1.06691,1.06713,1024.38
1492060500000,1.06714,1.06727,1.06693,1.06696,1128.95
1492061400000,1.06694,1.06698,1.06635,1.06642,1803.56
1492062300000,1.06641,1.06698,1.06641,1.06693,1472.59
1492063200000,1.06694,1.06775,1.0667,1.06719,3151.86
1492064100000,1.0672,1.06741,1.06667,1.0667,2270.85
1492065000000,1.06673,1.06691,1.06623,1.06634,2338.83
1492065900000,1.06634,1.06636,1.06515,1.0652,2753.03
1492066800000,1.06522,1.06563,1.06497,1.0655,2400.64
1492067700000,1.06548,1.06583,1.06505,1.06537,2402.25
1492068600000,1.06537,1.06543,1.06456,1.06463,2364.9
1492069500000,1.06464,1.06466,1.06423,1.06444,2314.13
1492070400000,1.06444,1.06485,1.06433,1.0648,2678.61
1492071300000,1.06481,1.06508,1.06457,1.06471,2401.69
1492072200000,1.06471,1.06472,1.06404,1.06432,2085.44
1492073100000,1.06432,1.06442,1.06383,1.06423,1892.03
1492074000000,1.06423,1.06468,1.06422,1.06436,1862.14
1492074900000,1.06437,1.06475,1.06426,1.06427,1286.85
1492075800000,1.06427,1.06443,1.06386,1.06406,1595.6
1492076700000,1.06405,1.06432,1.06385,1.06423,1761.66
1492077600000,1.06425,1.06433,1.06396,1.06428,1910.2
1492078500000,1.06428,1.06442,1.064,1.06412,1495.03
1492079400000,1.06412,1.06433,1.0634,1.06377,1910.25
1492080300000,1.06378,1.06387,1.06354,1.0638,1930.92
1492081200000,1.0638,1.06397,1.06354,1.06396,1465.5
1492082100000,1.06396,1.06411,1.06375,1.06387,1974.08
1492083000000,1.06386,1.0639,1.06288,1.06291,2527.48
1492083900000,1.06291,1.06299,1.0623,1.06241,2581.1
1492084800000,1.06241,1.06298,1.06241,1.06297,2822.05
1492085700000,1.06297,1.06301,1.0625,1.06288,2160.99
1492086600000,1.06287,1.06309,1.06227,1.06239,2889.69
1492087500000,1.06239,1.06292,1.06235,1.0628,2210.75
1492088400000,1.0628,1.06319,1.06265,1.06312,3014.35
1492089300000,1.06316,1.06357,1.06297,1.06306,2111.19
1492090200000,1.06306,1.06319,1.06137,1.06159,4047.16
1492091100000,1.06158,1.06187,1.06107,1.06182,3129.91
1492092000000,1.06185,1.06185,1.06094,1.06178,3275.37
1492092900000,1.06177,1.06215,1.06172,1.06204,2385.43
1492093800000,1.06204,1.06266,1.06204,1.06263,2146.05
1492094700000,1.06263,1.06299,1.06239,1.0624,2867.67
1492095600000,1.06243,1.06309,1.06215,1.06303,2220.59
1492096500000,1.06303,1.0632,1.06292,1.06307,2111.97
1492097400000,1.06307,1.06342,1.0628,1.06312,2594.82
1492098300000,1.06316,1.06327,1.06267,1.06297,1709.67
1492099200000,1.06298,1.06304,1.0627,1.06292,1822.96
1492100100000,1.06293,1.06309,1.06264,1.06268,954.13
1492101000000,1.06267,1.06274,1.06238,1.0626,999.6
1492101900000,1.06262,1.06291,1.06216,1.06217,2026.87
1492102800000,1.06218,1.06265,1.06176,1.06188,2830.22
1492103700000,1.06188,1.06203,1.06152,1.06161,1497.18
1492104600000,1.06162,1.06193,1.06152,1.06178,1161.69
1492105500000,1.06178,1.06191,1.06152,1.06172,1765.69
1492106400000,1.06172,1.06172,1.06147,1.06152,1284.47
1492107300000,1.06152,1.06174,1.06145,1.06166,764.61
1492108200000,1.06165,1.06181,1.06157,1.06162,980.36
1492109100000,1.06161,1.06165,1.06142,1.06142,356.66
1492110000000,1.06142,1.06176,1.06118,1.06125,962.75
1492110900000,1.06126,1.06161,1.06126,1.06157,732.18
1492111800000,1.06158,1.06188,1.06155,1.06186,1384.29
1492112700000,1.06186,1.06201,1.06168,1.0618,2257.63
1492113600000,1.06179,1.0619,1.06146,1.06147,1105.65
1492114500000,1.06146,1.06152,1.0614,1.06142,536.5
1492115400000,1.06142,1.06142,1.0613,1.06136,635.49
1492116300000,1.06134,1.06136,1.06115,1.06131,1037.39
1492117200000,1.06131,1.06182,1.06118,1.06132,175.63
1492118100000,1.06132,1.0615,1.06131,1.06135,224.14
1492119000000,1.06135,1.06152,1.0613,1.06143,193.78
1492119900000,1.06146,1.06172,1.06133,1.0616,418.58
1492120800000,1.0616,1.0616,1.06136,1.0614,1055.84
1492121700000,1.06144,1.06147,1.06133,1.06134,217.28
1492122600000,1.06134,1.06164,1.06134,1.06154,537.17
1492123500000,1.06155,1.06167,1.06151,1.06167,305.01
1492124400000,1.06167,1.06167,1.06129,1.06142,828.32
1492125300000,1.06142,1.0615,1.06135,1.06139,505.64
1492126200000,1.06139,1.06166,1.06132,1.06159,798.38
1492127100000,1.06157,1.06157,1.06142,1.06148,635.68
1492128000000,1.06148,1.06172,1.06145,1.06163,712.61
1492128900000,1.06163,1.06172,1.06147,1.06158,634.4
1492129800000,1.0616,1.06176,1.06153,1.06174,705.03
1492130700000,1.06175,1.06182,1.06097,1.06139,1070.56
1492131600000,1.06137,1.06154,1.06121,1.06152,559.98
1492132500000,1.06152,1.06172,1.0614,1.06165,638.43
1492133400000,1.06165,1.06189,1.06159,1.06186,592.33
1492134300000,1.06186,1.06216,1.06182,1.06203,702.95
1492135200000,1.06203,1.06212,1.06188,1.06201,851.49
1492136100000,1.06202,1.06243,1.06183,1.06183,796.26
1492137000000,1.06183,1.06204,1.06179,1.06187,405.3
1492137900000,1.06187,1.06191,1.06134,1.06144,689.53
1492138800000,1.06144,1.0618,1.06144,1.06159,916.85
1492139700000,1.06157,1.06178,1.06151,1.06168,457.25
1492140600000,1.06169,1.06174,1.06098,1.06129,863.49
1492141500000,1.06129,1.06144,1.06099,1.0613,557.83
1492142400000,1.0613,1.06139,1.06098,1.06107,486.4
1492143300000,1.06107,1.06148,1.06102,1.06126,1091.07
1492144200000,1.06126,1.06149,1.06113,1.06142,918.68
1492145100000,1.06141,1.06169,1.06128,1.06157,1103.05
1492146000000,1.06156,1.0618,1.06142,1.06163,598.29
1492146900000,1.06164,1.06173,1.06151,1.06154,568.51
1492147800000,1.06155,1.06185,1.06151,1.06173,444.79
1492148700000,1.06174,1.06174,1.0606,1.06118,1323.83
1492149600000,1.0612,1.06136,1.0607,1.06111,1356.89
1492150500000,1.06111,1.06148,1.06108,1.06148,418.72
1492151400000,1.06148,1.06156,1.06073,1.06095,1299.11
1492152300000,1.06095,1.06174,1.06077,1.06174,1729.67
1492153200000,1.06166,1.06166,1.06132,1.06145,572.97
1492154100000,1.06146,1.06169,1.06145,1.06158,701.98
1492155000000,1.06159,1.062,1.06157,1.06199,859.46
1492155900000,1.062,1.06212,1.0619,1.06198,751.22
1492156800000,1.06199,1.06233,1.06197,1.06228,644.96
1492157700000,1.06229,1.06244,1.06222,1.06232,598.45
1492158600000,1.06232,1.06269,1.06227,1.0625,534.29
1492159500000,1.0625,1.06253,1.06223,1.06226,445.12
1492160400000,1.06227,1.06235,1.06209,1.06235,619.8
1492161300000,1.06234,1.06243,1.0623,1.06235,451.66
1492162200000,1.06236,1.06236,1.06218,1.06231,687.58
1492163100000,1.0623,1.06234,1.06204,1.06218,503.37
1492164000000,1.06217,1.06233,1.06208,1.06232,679.34
1492164900000,1.06233,1.06236,1.06229,1.06229,336.75
1492165800000,1.06229,1.06231,1.06217,1.06223,476.74
1492166700000,1.06223,1.06233,1.06208,1.06225,323.01
1492167600000,1.06225,1.06251,1.06223,1.06236,653.49
1492168500000,1.06236,1.06237,1.0618,1.06189,958.38
1492169400000,1.06188,1.06196,1.06176,1.06196,1256.4
1492170300000,1.06195,1.06195,1.06163,1.06166,678.33
1492171200000,1.06165,1.06197,1.0616,1.06171,374.21
1492172100000,1.06171,1.06177,1.06087,1.06131,1304.85
1492173000000,1.06131,1.06268,1.06131,1.06258,2629.9
1492173900000,1.06256,1.06293,1.06249,1.06292,1125.54
1492174800000,1.06291,1.06292,1.06262,1.06264,745.35
1492175700000,1.06264,1.06294,1.06262,1.06286,642.18
1492176600000,1.06287,1.06292,1.06232,1.06232,672.79
1492177500000,1.06232,1.06234,1.06182,1.06212,1073.86
1492178400000,1.06212,1.06233,1.06212,1.06215,756.42
1492179300000,1.06214,1.06223,1.06213,1.06219,306.11
1492180200000,1.06219,1.06232,1.06216,1.06228,288.76
1492181100000,1.06228,1.06256,1.06228,1.06253,449.43
1492182000000,1.06253,1.06272,1.0623,1.06266,729.79
1492182900000,1.06265,1.06285,1.06258,1.06261,1071.13
1492183800000,1.0626,1.06268,1.06247,1.06248,787.31
1492184700000,1.06247,1.0625,1.06217,1.06226,524.73
1492185600000,1.06225,1.06277,1.06223,1.06271,671.05
1492186500000,1.06271,1.06273,1.06233,1.06247,537.53
1492187400000,1.06246,1.0626,1.06233,1.06237,376.95
1492188300000,1.06237,1.06253,1.06152,1.06178,1226.88
1492189200000,1.06177,1.06208,1.06157,1.06179,600.31
1492190100000,1.06179,1.06206,1.06171,1.06184,375.14
1492191000000,1.06185,1.06195,1.06175,1.06185,269.68
1492191900000,1.06185,1.06185,1.06154,1.06174,172.33
1492192800000,1.06173,1.06175,1.06158,1.06159,71.62
1492193700000,1.06158,1.0617,1.06138,1.06146,257.06
1492194600000,1.06146,1.06152,1.06134,1.06142,359.2
1492195500000,1.06142,1.06152,1.06133,1.06133,121.5
1492196400000,1.06134,1.06134,1.06112,1.0612,206.68
1492197300000,1.0612,1.06129,1.06114,1.06117,301.17
1492198200000,1.06116,1.06119,1.06112,1.06115,136.42
1492199100000,1.06115,1.06125,1.06111,1.06115,342.5
1492200000000,1.06115,1.06123,1.06107,1.0611,389.28
1492200900000,1.0611,1.06113,1.06102,1.06113,151.25
1492201800000,1.06112,1.06112,1.06103,1.06107,91.48
1492202700000,1.06105,1.06133,1.06099,1.06105,374.19
1492376400000,1.06129,1.06155,1.06113,1.06139,269.81
1492377300000,1.06139,1.06152,1.06125,1.06132,252.39
1492378200000,1.06133,1.06144,1.06063,1.06087,453.94
1492379100000,1.06087,1.06101,1.06072,1.06084,178.64
1492380000000,1.06084,1.06113,1.06051,1.06112,1855.97
1492380900000,1.06111,1.06111,1.06082,1.06088,1175.04
1492381800000,1.06088,1.06102,1.06028,1.06034,2452.89
1492382700000,1.06035,1.06057,1.0603,1.06049,1830.02
1492383600000,1.06047,1.06073,1.06041,1.06065,1134.39
1492384500000,1.06064,1.06073,1.0605,1.06073,926.77
1492385400000,1.06075,1.06118,1.06067,1.06096,1995.07
1492386300000,1.06096,1.06114,1.06073,1.06097,1143
1492387200000,1.06096,1.06151,1.06093,1.06103,1850.52
1492388100000,1.06102,1.06164,1.06085,1.06155,1003.78
1492389000000,1.06154,1.06207,1.06154,1.06175,1641.27
1492389900000,1.06174,1.06222,1.06159,1.06202,2794.22
1492390800000,1.06205,1.06226,1.06184,1.06201,1285.46
1492391700000,1.06201,1.06208,1.06176,1.06181,1255.46
1492392600000,1.06181,1.06204,1.06161,1.06201,1530.44
1492393500000,1.06201,1.06223,1.062,1.06206,727.3
1492394400000,1.06205,1.06259,1.06205,1.06241,1360.15
1492395300000,1.0624,1.0624,1.06222,1.06222,943.27
1492396200000,1.06222,1.06228,1.06202,1.06211,1000.18
1492397100000,1.06212,1.06228,1.06212,1.06227,405.33
1492398000000,1.06227,1.06228,1.0621,1.06211,729.54
1492398900000,1.06211,1.06215,1.062,1.062,401.85
1492399800000,1.062,1.06201,1.0618,1.06187,721.78
1492400700000,1.06187,1.06187,1.0617,1.06177,1078.3
1492401600000,1.06177,1.06188,1.06171,1.0618,645.65
1492402500000,1.0618,1.06191,1.06175,1.06184,751.52
1492403400000,1.06184,1.06188,1.06179,1.06181,341.87
1492404300000,1.06181,1.0619,1.06176,1.06186,478.77
1492405200000,1.06187,1.06191,1.06186,1.06187,560.96
1492406100000,1.06187,1.06188,1.06181,1.06181,622.71
1492407000000,1.06182,1.06193,1.0618,1.06192,443.53
1492407900000,1.06193,1.06193,1.06152,1.06171,791.84
1492408800000,1.0617,1.06173,1.06149,1.06171,946.55
1492409700000,1.06172,1.06232,1.06167,1.06211,1472.71
1492410600000,1.06212,1.06253,1.0621,1.06226,864.71
1492411500000,1.06226,1.06271,1.06226,1.06246,1207.1
1492412400000,1.06245,1.06512,1.06237,1.06439,1331.87
1492413300000,1.06439,1.06475,1.06408,1.06418,2005.19
1492414200000,1.06418,1.0642,1.06379,1.06383,837.73
1492415100000,1.06385,1.06393,1.06367,1.06378,887.7
1492416000000,1.06379,1.06398,1.06368,1.06397,473.68
1492416900000,1.06398,1.0642,1.06269,1.06317,1145.99
1492417800000,1.06321,1.06355,1.06249,1.06255,1713.66
1492418700000,1.06255,1.06269,1.06248,1.06254,722.92
1492419600000,1.06253,1.06269,1.06249,1.06264,547.08
1492420500000,1.06266,1.0628,1.06187,1.06194,1089.17
1492421400000,1.06195,1.06229,1.06188,1.06229,1198.45
1492422300000,1.06229,1.06259,1.06229,1.06248,555.42
1492423200000,1.0625,1.06269,1.06249,1.06269,449.73
1492424100000,1.06268,1.06275,1.06252,1.06258,332.95
1492425000000,1.06259,1.06274,1.06257,1.06274,202.59
1492425900000,1.06274,1.06323,1.06274,1.06302,1028.9
1492426800000,1.06306,1.06355,1.06306,1.06348,697.72
1492427700000,1.06348,1.06384,1.06344,1.06363,797.45
1492428600000,1.06365,1.0638,1.06331,1.06373,797.47
1492429500000,1.06374,1.06428,1.0637,1.06411,1365.07
1492430400000,1.06409,1.06465,1.06407,1.06447,1312.17
1492431300000,1.06448,1.06488,1.06437,1.06439,1261.12
1492432200000,1.06448,1.06481,1.06439,1.06478,1885.26
1492433100000,1.06477,1.06483,1.06432,1.06452,2234.86
1492434000000,1.06451,1.06468,1.06427,1.06462,1382.35
1492434900000,1.06463,1.0647,1.06441,1.06455,1330.89
1492435800000,1.06456,1.06508,1.06452,1.06492,2237.33
1492436700000,1.06493,1.06576,1.06493,1.06547,2566.37
1492437600000,1.06548,1.06621,1.06548,1.06587,2396
1492438500000,1.06588,1.06628,1.06576,1.06581,1533.03
1492439400000,1.06581,1.0664,1.06569,1.06638,1706.6
1492440300000,1.06638,1.06662,1.06617,1.06631,2220.79
1492441200000,1.06631,1.06703,1.06616,1.06627,2207.16
1492442100000,1.06627,1.06634,1.06579,1.06579,1711.81
1492443000000,1.06578,1.06609,1.06559,1.06564,1078
1492443900000,1.06564,1.06605,1.06559,1.06598,1200.54
1492444800000,1.066,1.066,1.06553,1.06554,999.37
1492445700000,1.06553,1.06558,1.06524,1.06551,1054.34
1492446600000,1.06552,1.06559,1.06539,1.0654,670.45
1492447500000,1.06541,1.06556,1.06519,1.06539,1130.43
1492448400000,1.06539,1.0655,1.06516,1.06531,656.17
1492449300000,1.0653,1.06531,1.06511,1.06516,673.53
1492450200000,1.06517,1.06533,1.06511,1.06521,603.4
1492451100000,1.06521,1.06553,1.06512,1.06544,711.29
1492452000000,1.06545,1.06572,1.06544,1.06549,733.56
1492452900000,1.06553,1.06557,1.06518,1.06519,1140.48
1492453800000,1.06519,1.06519,1.0644,1.06452,1394.74
1492454700000,1.0645,1.06469,1.06416,1.06418,1019.07
1492455600000,1.06419,1.06433,1.06356,1.0638,1964.87
1492456500000,1.0638,1.06414,1.06352,1.06389,2226.28
1492457400000,1.06389,1.06435,1.06381,1.06431,1155.26
1492458300000,1.06431,1.06436,1.06394,1.06394,958.66
1492459200000,1.06394,1.06413,1.06389,1.06406,529.81
1492460100000,1.06406,1.06451,1.06402,1.06451,639.12
1492461000000,1.06451,1.06452,1.06428,1.06428,677.53
1492461900000,1.06428,1.06439,1.06417,1.06424,679.6
1492462800000,1.06418,1.06515,1.06372,1.06416,644.84
1492463700000,1.06417,1.06456,1.06395,1.06433,857.62
1492464600000,1.06433,1.06474,1.06421,1.06466,632.91
1492465500000,1.06466,1.06494,1.06445,1.06448,1030.23
1492466400000,1.06448,1.06455,1.06423,1.0645,1082.87
1492467300000,1.06448,1.06461,1.06427,1.06428,821.54
1492468200000,1.06431,1.06439,1.06416,1.06416,869.33
1492469100000,1.06418,1.06428,1.06409,1.06412,713.63
1492470000000,1.06412,1.06413,1.06388,1.06393,551.91
1492470900000,1.06392,1.06396,1.06384,1.06392,327.48
1492471800000,1.06393,1.06445,1.06381,1.06428,792.68
1492472700000,1.06428,1.06449,1.06422,1.06432,1150.93
1492473600000,1.06432,1.06436,1.06372,1.06389,1916.33
1492474500000,1.06389,1.06415,1.06378,1.06393,1525.47
1492475400000,1.06394,1.06402,1.06379,1.06393,1105.76
1492476300000,1.06394,1.06436,1.06389,1.06435,1407.3
1492477200000,1.06436,1.06472,1.06414,1.06464,1836.44
1492478100000,1.06463,1.06478,1.06437,1.06439,1564.07
1492479000000,1.06439,1.06454,1.06419,1.06444,1727.31
1492479900000,1.06444,1.06522,1.06439,1.06522,1887.95
1492480800000,1.06522,1.06527,1.06484,1.0651,1673.82
1492481700000,1.0651,1.06519,1.06474,1.06511,1160.23
1492482600000,1.06511,1.06525,1.06487,1.06524,964.13
1492483500000,1.06525,1.06528,1.06499,1.0651,1137.72
1492484400000,1.0651,1.06524,1.06498,1.06505,958.93
1492485300000,1.06506,1.0651,1.0648,1.06486,691.91
1492486200000,1.06486,1.06506,1.06469,1.06474,1131.17
1492487100000,1.06474,1.06483,1.06468,1.06472,797.64
1492488000000,1.06471,1.06485,1.06461,1.06477,780.92
1492488900000,1.06477,1.06487,1.0647,1.06485,955.82
1492489800000,1.06484,1.06489,1.06469,1.0647,859.19
1492490700000,1.06469,1.0647,1.06433,1.06434,1085.17
1492491600000,1.06435,1.06451,1.06419,1.0643,800.82
1492492500000,1.0643,1.06448,1.06425,1.06428,762.69
1492493400000,1.06426,1.06451,1.06418,1.06435,1168.88
1492494300000,1.06435,1.06498,1.06429,1.06477,1279.62
1492495200000,1.06476,1.06512,1.06449,1.06449,2619.18
1492496100000,1.06449,1.0649,1.06433,1.06475,2335.11
1492497000000,1.06475,1.06475,1.06435,1.06436,2120.86
1492497900000,1.06435,1.06517,1.06426,1.06497,1801.35
1492498800000,1.06494,1.06523,1.06466,1.06484,2512.09
1492499700000,1.06484,1.06489,1.06412,1.0647,2359.85
1492500600000,1.06469,1.06522,1.06463,1.065,2408.1
1492501500000,1.065,1.06557,1.06479,1.06499,2676.18
1492502400000,1.06502,1.06508,1.06478,1.06496,2139.27
1492503300000,1.06499,1.06501,1.06457,1.06469,1725.99
1492504200000,1.0647,1.06513,1.0647,1.06507,1502.4
1492505100000,1.06506,1.06534,1.06493,1.06505,1827.2
1492506000000,1.06503,1.06531,1.06479,1.06504,2589.09
1492506900000,1.06504,1.06579,1.06503,1.06572,2923.65
1492507800000,1.06572,1.06597,1.06555,1.06569,2731.81
1492508700000,1.06569,1.06578,1.06534,1.06565,2291.42
1492509600000,1.06565,1.06594,1.06515,1.06523,2945.05
1492510500000,1.06523,1.06537,1.0649,1.06516,1919.47
1492511400000,1.06516,1.06628,1.06487,1.06616,3375.28
1492512300000,1.06617,1.06661,1.06611,1.06641,2668.27
1492513200000,1.06641,1.06731,1.06641,1.0671,3360.18
1492514100000,1.06714,1.06771,1.06654,1.06771,3616.62
1492515000000,1.06771,1.06835,1.06739,1.06829,3635.62
1492515900000,1.0683,1.06846,1.06778,1.06781,3334.38
1492516800000,1.0678,1.06827,1.06769,1.06815,2602.11
1492517700000,1.06815,1.06907,1.06808,1.06892,3827.53
1492518600000,1.06891,1.06899,1.06843,1.06891,3044.61
1492519500000,1.0689,1.06998,1.06841,1.06966,4106.25
1492520400000,1.06965,1.06965,1.06888,1.06915,3436.74
1492521300000,1.06914,1.0695,1.06901,1.06926,2904.53
1492522200000,1.06926,1.06931,1.06831,1.06835,3848.48
1492523100000,1.06836,1.06886,1.06832,1.06846,3162.93
1492524000000,1.06848,1.06931,1.06837,1.06909,3504.93
1492524900000,1.06908,1.06967,1.06898,1.06967,3048.2
1492525800000,1.06966,1.06971,1.06918,1.06943,2599.39
1492526700000,1.06943,1.06996,1.06923,1.06986,2757.67
1492527600000,1.06987,1.07014,1.0696,1.06963,2559.23
1492528500000,1.06964,1.07057,1.06963,1.06985,2683.49
1492529400000,1.06982,1.07084,1.06982,1.07044,3173.68
1492530300000,1.07044,1.07065,1.06981,1.07055,2796.01
1492531200000,1.07054,1.07061,1.06982,1.06982,2290.76
1492532100000,1.06982,1.07001,1.06963,1.06983,1425.62
1492533000000,1.06985,1.07039,1.06974,1.07022,1942
1492533900000,1.0702,1.0708,1.07003,1.07075,2753.34
1492534800000,1.07075,1.07109,1.07022,1.07028,2382
1492535700000,1.07027,1.0707,1.07022,1.07048,1683.75
1492536600000,1.07047,1.07325,1.07044,1.07288,3228.33
1492537500000,1.07289,1.07299,1.07191,1.07223,3889.95
1492538400000,1.07223,1.07228,1.07167,1.07228,1949.14
1492539300000,1.07228,1.07289,1.07227,1.07278,1966
1492540200000,1.07279,1.07323,1.07279,1.07305,2024.03
1492541100000,1.07305,1.07316,1.07282,1.07308,2513.97
1492542000000,1.07307,1.07358,1.07301,1.07351,2557.88
1492542900000,1.07353,1.07353,1.07286,1.07297,1700.66
1492543800000,1.07296,1.07359,1.07286,1.07346,2289.53
1492544700000,1.07346,1.07359,1.073,1.07339,1261.38
1492545600000,1.07342,1.07347,1.073,1.07315,1033.83
1492546500000,1.07315,1.07328,1.07303,1.07328,601.17
1492547400000,1.07328,1.07328,1.07305,1.07311,704.68
1492548300000,1.07311,1.07318,1.07292,1.07296,716.75
1492549200000,1.07296,1.07303,1.07262,1.07277,331.56
1492550100000,1.07277,1.07315,1.07277,1.07284,412.29
1492551000000,1.07284,1.07312,1.07277,1.07296,287.01
1492551900000,1.07296,1.07303,1.07295,1.07298,255.18
1492552800000,1.07301,1.07315,1.07299,1.07311,581.34
1492553700000,1.0731,1.07315,1.07286,1.07291,715.1
1492554600000,1.07293,1.073,1.07284,1.07285,453.49
1492555500000,1.07285,1.073,1.07284,1.07295,318.22
1492556400000,1.07295,1.07343,1.07295,1.07343,568.41
1492557300000,1.07342,1.07352,1.07333,1.07345,645.13
1492558200000,1.07346,1.07351,1.0731,1.07318,580.85
1492559100000,1.07319,1.07319,1.07274,1.07274,817.01
1492560000000,1.07274,1.07311,1.0727,1.07282,1505.73
1492560900000,1.07283,1.07323,1.07281,1.07318,1381.62
1492561800000,1.07318,1.07318,1.07282,1.07288,1466.25
1492562700000,1.07287,1.07296,1.07253,1.07258,1882.88
1492563600000,1.07257,1.0728,1.07254,1.0727,1742.11
1492564500000,1.0727,1.0727,1.07252,1.07257,1811.95
1492565400000,1.07257,1.07274,1.07243,1.07258,1849.58
1492566300000,1.07258,1.0726,1.07232,1.07232,1638.87
1492567200000,1.07227,1.07249,1.07225,1.07237,1109.14
1492568100000,1.07239,1.07243,1.07196,1.07196,1349.45
1492569000000,1.07197,1.07207,1.07176,1.0718,1509.83
1492569900000,1.0718,1.07221,1.07178,1.07204,1168.1
1492570800000,1.07204,1.07215,1.07189,1.07198,980.22
1492571700000,1.07196,1.07201,1.07176,1.07185,1014.44
1492572600000,1.07184,1.07212,1.07184,1.07207,995.5
1492573500000,1.07206,1.07213,1.07191,1.07196,893.33
1492574400000,1.07196,1.07201,1.07185,1.07193,824.13
1492575300000,1.07193,1.07202,1.07186,1.07186,872.16
1492576200000,1.07186,1.07186,1.07177,1.07182,599.01
1492577100000,1.07182,1.07189,1.07169,1.07188,798.5
1492578000000,1.07188,1.07217,1.07185,1.07213,1148.37
1492578900000,1.07213,1.07233,1.07211,1.07228,949.8
1492579800000,1.07227,1.07234,1.07182,1.07187,1211.57
1492580700000,1.07188,1.072,1.07159,1.07188,1589.36
1492581600000,1.07188,1.07206,1.07164,1.07175,2149.56
1492582500000,1.07174,1.07197,1.07127,1.07197,2283.68
1492583400000,1.07196,1.0725,1.07191,1.07243,1903.87
1492584300000,1.07242,1.07264,1.07206,1.07237,2215.65
1492585200000,1.07237,1.07341,1.07189,1.07311,3133.64
1492586100000,1.07314,1.07316,1.07235,1.07259,2329.95
1492587000000,1.07259,1.07367,1.07235,1.07341,2384.89
1492587900000,1.07341,1.07361,1.073,1.07309,2276.36
1492588800000,1.0731,1.07311,1.07226,1.07238,2465.36
1492589700000,1.07237,1.07251,1.07154,1.07166,2225.94
1492590600000,1.07167,1.0719,1.07159,1.07178,1862.85
1492591500000,1.07177,1.07203,1.07141,1.07155,2297.58
1492592400000,1.07155,1.07174,1.07106,1.07112,2534.81
1492593300000,1.07112,1.0713,1.07081,1.07125,2010.87
1492594200000,1.07124,1.07201,1.07118,1.07195,2472.86
1492595100000,1.07197,1.0722,1.07173,1.07218,1522.67
1492596000000,1.07216,1.07282,1.07214,1.07237,2458.34
1492596900000,1.07235,1.07259,1.0722,1.07236,1659.83
1492597800000,1.07236,1.07281,1.07225,1.0728,1732.83
1492598700000,1.0728,1.07291,1.07254,1.07259,1839.13
1492599600000,1.07259,1.07297,1.07253,1.07289,1778.61
1492600500000,1.07289,1.07289,1.07229,1.07243,2022.13
1492601400000,1.07243,1.07275,1.07213,1.07227,2202.57
1492602300000,1.07226,1.07226,1.07169,1.07187,2075.95
1492603200000,1.0719,1.07262,1.0719,1.07245,2149.25
1492604100000,1.07245,1.07278,1.07211,1.0723,2148.2
1492605000000,1.07228,1.07281,1.07197,1.07271,2129.87
1492605900000,1.07271,1.07271,1.07194,1.072,2005.53
1492606800000,1.07199,1.0721,1.07178,1.07178,1953.81
1492607700000,1.07178,1.07229,1.07172,1.07199,1947.16
1492608600000,1.072,1.07204,1.07114,1.07133,3066.53
1492609500000,1.07134,1.07156,1.07044,1.0705,3542.98
1492610400000,1.07051,1.07115,1.07043,1.0708,3014.45
1492611300000,1.0708,1.07106,1.07071,1.07106,2105.73
1492612200000,1.07107,1.07197,1.07089,1.07183,2657.16
1492613100000,1.07183,1.07199,1.07126,1.07128,3380.01
1492614000000,1.0713,1.07179,1.07125,1.07169,2486.23
1492614900000,1.07169,1.07187,1.07074,1.07107,2772.89
1492615800000,1.07106,1.07132,1.07012,1.07029,2603.78
1492616700000,1.07033,1.071,1.06998,1.07063,2578.66
1492617600000,1.07064,1.07138,1.07049,1.07137,1890.37
1492618500000,1.07136,1.07149,1.07097,1.07124,2731.54
1492619400000,1.07127,1.0715,1.07097,1.07106,2065.03
1492620300000,1.07107,1.07123,1.07091,1.07103,1684.09
1492621200000,1.07103,1.07139,1.07093,1.0712,1694.07
1492622100000,1.07121,1.07123,1.07092,1.07101,1336.64
1492623000000,1.07102,1.07128,1.07097,1.07126,1010.36
1492623900000,1.07125,1.07139,1.07111,1.0712,1452.19
1492624800000,1.0712,1.07194,1.07118,1.07191,1632.71
1492625700000,1.07192,1.07216,1.07166,1.07196,2138.83
1492626600000,1.07196,1.07226,1.07187,1.07187,1334.58
1492627500000,1.07186,1.07202,1.07162,1.07201,1270.34
1492628400000,1.072,1.07211,1.07148,1.07158,1761.67
1492629300000,1.07158,1.07168,1.07112,1.07121,1267.06
1492630200000,1.0712,1.07141,1.07096,1.07128,1662.33
1492631100000,1.07127,1.07161,1.07103,1.07161,901.11
1492632000000,1.0716,1.07165,1.07129,1.0713,639.4
1492632900000,1.0713,1.07159,1.07119,1.07153,401.41
1492633800000,1.07152,1.07154,1.07096,1.07096,658.07
1492634700000,1.07096,1.07113,1.07075,1.07101,613.45
1492635600000,1.07092,1.07139,1.07086,1.07123,344.15
1492636500000,1.07127,1.07132,1.07095,1.07109,319
1492637400000,1.07107,1.0712,1.07088,1.07096,451.32
1492638300000,1.07096,1.07111,1.07089,1.07105,591.22
1492639200000,1.07103,1.07138,1.07094,1.07119,676.72
1492640100000,1.0712,1.07129,1.07115,1.07121,748.21
1492641000000,1.0712,1.07136,1.07116,1.07135,794.36
1492641900000,1.07136,1.07168,1.07136,1.07152,1377.12
1492642800000,1.07154,1.07164,1.07126,1.07135,1265.88
1492643700000,1.07134,1.07149,1.07131,1.07133,845.85
1492644600000,1.07133,1.07145,1.07119,1.07123,936.46
1492645500000,1.07123,1.07151,1.07118,1.07145,852.51
1492646400000,1.07145,1.07174,1.07134,1.07163,965.05
1492647300000,1.07162,1.07178,1.07158,1.07164,1019.22
1492648200000,1.07164,1.07174,1.0715,1.07174,1328.81
1492649100000,1.07175,1.07187,1.0715,1.07162,1226.1
1492650000000,1.07162,1.07174,1.07134,1.07138,738.2
1492650900000,1.07138,1.0715,1.07133,1.07149,996.88
1492651800000,1.07148,1.07148,1.0712,1.07145,1012.42
1492652700000,1.07144,1.07153,1.07095,1.07101,1494.47
1492653600000,1.071,1.07136,1.071,1.07123,1180.28
1492654500000,1.07124,1.07125,1.0711,1.07124,645.68
1492655400000,1.07124,1.07148,1.07124,1.07144,621.08
1492656300000,1.07145,1.07168,1.07143,1.07153,825.53
1492657200000,1.07152,1.07154,1.07133,1.07135,541.3
1492658100000,1.07136,1.07153,1.07134,1.07145,548.01
1492659000000,1.07146,1.07165,1.07146,1.07161,699.04
1492659900000,1.07161,1.07219,1.07156,1.07201,894
1492660800000,1.07202,1.07204,1.07179,1.07182,823.64
1492661700000,1.07182,1.07206,1.07181,1.07206,898.9
1492662600000,1.07206,1.07208,1.07197,1.07205,504.04
1492663500000,1.07204,1.07276,1.07196,1.07272,1162.76
1492664400000,1.07271,1.07273,1.07247,1.07255,1021.65
1492665300000,1.07256,1.07263,1.07251,1.0726,635.19
1492666200000,1.0726,1.07276,1.07246,1.0726,688.29
1492667100000,1.0726,1.07277,1.07249,1.07267,1048.59
1492668000000,1.07264,1.07288,1.07255,1.07265,1729.55
1492668900000,1.07265,1.07289,1.07249,1.0725,2026.98
1492669800000,1.07253,1.07261,1.07209,1.07221,1671.28
1492670700000,1.07221,1.07475,1.07213,1.07411,3589.64
1492671600000,1.07412,1.07426,1.07382,1.07383,2807.41
1492672500000,1.07383,1.0745,1.07369,1.07378,2437.37
1492673400000,1.07378,1.07464,1.07369,1.07447,2504.57
1492674300000,1.07447,1.07498,1.07418,1.07483,1889.86
1492675200000,1.07485,1.07584,1.0748,1.07558,2751.96
1492676100000,1.07559,1.07623,1.07554,1.07596,3005.71
1492677000000,1.07596,1.07681,1.07593,1.07642,2626.08
1492677900000,1.07642,1.07759,1.07642,1.077,2625.34
1492678800000,1.07698,1.07702,1.0764,1.07663,2518.39
1492679700000,1.07663,1.07738,1.07652,1.0771,1913.48
1492680600000,1.07712,1.07775,1.07676,1.07688,2566.29
1492681500000,1.07687,1.07699,1.0762,1.07631,2430.62
1492682400000,1.07629,1.07647,1.07596,1.07613,1854.52
1492683300000,1.07612,1.07619,1.07538,1.07576,1883.2
1492684200000,1.07577,1.07584,1.07541,1.0755,1688.87
1492685100000,1.07551,1.07575,1.07539,1.07552,1305.23
1492686000000,1.07552,1.07553,1.07475,1.07488,2197.51
1492686900000,1.07488,1.07488,1.07422,1.07423,1705
1492687800000,1.07421,1.07463,1.07421,1.07449,1862.28
1492688700000,1.07452,1.07474,1.07436,1.07463,1800.24
1492689600000,1.07462,1.0747,1.07408,1.07445,2086.13
1492690500000,1.07446,1.07474,1.07427,1.07474,1917.9
1492691400000,1.07472,1.07518,1.07436,1.07453,2140.39
1492692300000,1.07453,1.07512,1.07436,1.07501,3095.06
1492693200000,1.07502,1.07588,1.07476,1.07564,3578.78
1492694100000,1.0756,1.07658,1.07557,1.0765,2829.62
1492695000000,1.07651,1.07694,1.07624,1.07673,3582.85
1492695900000,1.07672,1.07687,1.07645,1.07656,2869.08
1492696800000,1.07657,1.07702,1.07619,1.07621,4116.01
1492697700000,1.0762,1.0762,1.07519,1.07572,3205.16
1492698600000,1.07572,1.07639,1.07555,1.07624,2405.04
1492699500000,1.07623,1.07685,1.07589,1.07658,2815.91
1492700400000,1.07658,1.07685,1.0762,1.07639,3461.66
1492701300000,1.07639,1.07714,1.0762,1.07703,2318.33
1492702200000,1.07704,1.07767,1.0766,1.0766,3099.28
1492703100000,1.07661,1.07681,1.07545,1.07573,2985.3
1492704000000,1.07571,1.076,1.07426,1.07489,2584.59
1492704900000,1.07491,1.07521,1.07483,1.07497,1747.99
1492705800000,1.07496,1.07528,1.07453,1.07499,1635.47
1492706700000,1.07498,1.07521,1.07453,1.07454,2295.65
1492707600000,1.07453,1.07476,1.07349,1.07358,1681.33
1492708500000,1.07358,1.07397,1.07348,1.0739,1362.55
1492709400000,1.0739,1.07397,1.0726,1.07261,2121.17
1492710300000,1.07262,1.07268,1.07152,1.07181,2712.17
1492711200000,1.0718,1.07226,1.07173,1.07209,2379.19
1492712100000,1.07209,1.07232,1.0718,1.07184,1261.47
1492713000000,1.07185,1.07205,1.07164,1.07175,952.72
1492713900000,1.07175,1.07212,1.07162,1.07208,1356.61
1492714800000,1.07207,1.07272,1.07207,1.07247,1877.47
1492715700000,1.07246,1.07246,1.07153,1.07175,2103.62
1492716600000,1.07176,1.07182,1.07147,1.07179,1730.63
1492717500000,1.0718,1.07206,1.07157,1.07181,1631.11
1492718400000,1.0718,1.072,1.07164,1.072,963.72
1492719300000,1.072,1.07206,1.07162,1.07166,562.69
1492720200000,1.07166,1.07187,1.0716,1.07168,772.77
1492721100000,1.07168,1.07176,1.07147,1.07165,748.19
1492722000000,1.07164,1.07192,1.07159,1.07172,237.09
1492722900000,1.07172,1.0718,1.07171,1.07177,103.21
1492723800000,1.07178,1.07183,1.07148,1.07154,338.31
1492724700000,1.07154,1.07156,1.07143,1.07156,255.53
1492725600000,1.07156,1.07156,1.07102,1.07114,753.32
1492726500000,1.07116,1.07122,1.07069,1.0709,607.77
1492727400000,1.07091,1.07136,1.07091,1.07136,641.95
1492728300000,1.07136,1.07161,1.07135,1.07146,224.2
1492729200000,1.07144,1.07158,1.07116,1.07132,1050.58
1492730100000,1.07133,1.07158,1.07132,1.07148,721
1492731000000,1.07146,1.07153,1.0714,1.0715,709.68
1492731900000,1.07151,1.07151,1.0713,1.07141,649.48
1492732800000,1.0714,1.07181,1.07121,1.07172,1456.77
1492733700000,1.07172,1.07194,1.07172,1.07186,1211.66
1492734600000,1.07186,1.07201,1.07182,1.07196,1272.68
1492735500000,1.07196,1.07207,1.07152,1.07177,1172.14
1492736400000,1.07177,1.07188,1.07164,1.07179,972.6
1492737300000,1.0718,1.07197,1.07178,1.07178,1133.62
1492738200000,1.07179,1.07194,1.07171,1.07175,891.51
1492739100000,1.07176,1.0719,1.0717,1.07174,972.83
1492740000000,1.07174,1.07175,1.07159,1.07168,673.87
1492740900000,1.07167,1.07171,1.0715,1.07153,628.74
1492741800000,1.07152,1.07152,1.07135,1.07145,807.06
1492742700000,1.07146,1.0715,1.07131,1.07141,583.49
1492743600000,1.07141,1.07169,1.0714,1.07167,650.2
1492744500000,1.07166,1.07192,1.07165,1.07191,940.59
1492745400000,1.07191,1.07197,1.07169,1.0717,879.02
1492746300000,1.0717,1.07185,1.07161,1.07167,702.85
1492747200000,1.07168,1.07176,1.07167,1.07173,412.61
1492748100000,1.07176,1.07181,1.07168,1.0717,543.58
1492749000000,1.07169,1.07186,1.07168,1.07177,389.77
1492749900000,1.07179,1.07193,1.07162,1.07162,632.99
1492750800000,1.07162,1.07177,1.07159,1.07163,633.03
1492751700000,1.07163,1.07168,1.07146,1.07157,681.74
1492752600000,1.07157,1.07184,1.07154,1.07183,1040.33
1492753500000,1.07183,1.07185,1.07147,1.07148,1044.27
1492754400000,1.07147,1.07176,1.07135,1.07148,1840.94
1492755300000,1.07148,1.07153,1.071,1.07105,1776.77
1492756200000,1.07107,1.07239,1.07107,1.07214,2240.8
1492757100000,1.07214,1.07282,1.07209,1.07271,1731.12
1492758000000,1.07272,1.07321,1.07232,1.07309,2892.76
1492758900000,1.07309,1.07379,1.07289,1.07344,2914.8
1492759800000,1.07342,1.07347,1.07245,1.0725,2901.44
1492760700000,1.07249,1.07261,1.07173,1.07218,2317.75
1492761600000,1.07217,1.07247,1.072,1.07221,2452.64
1492762500000,1.07221,1.07261,1.07195,1.07223,2113.25
1492763400000,1.07223,1.07239,1.07168,1.07211,2262.6
1492764300000,1.07211,1.07232,1.07177,1.07185,1343.19
1492765200000,1.07187,1.07197,1.06962,1.07036,3497.76
1492766100000,1.07035,1.07067,1.06971,1.07032,2231.27
1492767000000,1.07032,1.07067,1.07013,1.07065,1346.22
1492767900000,1.07065,1.07065,1.07014,1.07053,1920.11
1492768800000,1.07052,1.07066,1.06995,1.07011,1665.23
1492769700000,1.07012,1.07018,1.06893,1.06901,2188.06
1492770600000,1.069,1.06971,1.06878,1.06958,2141.63
1492771500000,1.06957,1.07009,1.06954,1.07007,1921.64
1492772400000,1.07007,1.07023,1.06957,1.06966,2402.47
1492773300000,1.06969,1.07033,1.06919,1.07033,2225.34
1492774200000,1.07035,1.07046,1.06983,1.06994,1675.77
1492775100000,1.06994,1.07017,1.06909,1.0691,2324.84
1492776000000,1.06909,1.07006,1.06897,1.06979,2588.02
1492776900000,1.06978,1.07009,1.06967,1.06995,1914.64
1492777800000,1.06994,1.0704,1.06966,1.07016,1929.01
1492778700000,1.07015,1.07038,1.06963,1.07007,2291.34
1492779600000,1.07007,1.07108,1.07001,1.07064,2708.21
1492780500000,1.07064,1.07068,1.0698,1.07023,1937.59
1492781400000,1.07022,1.0706,1.07004,1.07046,2601.88
1492782300000,1.07049,1.07057,1.06963,1.06982,2559.64
1492783200000,1.06985,1.06986,1.06869,1.06964,3072.28
1492784100000,1.06963,1.0705,1.0693,1.07037,2566.86
1492785000000,1.07037,1.07047,1.0691,1.06916,2838.71
1492785900000,1.06917,1.06984,1.06859,1.06875,2949.38
1492786800000,1.06877,1.06969,1.06869,1.06969,3380.21
1492787700000,1.06968,1.06999,1.06927,1.06974,3157.9
1492788600000,1.06975,1.07005,1.06929,1.06947,2315.3
1492789500000,1.06945,1.0697,1.06892,1.06937,2334
1492790400000,1.06938,1.06942,1.06889,1.06914,1981.89
1492791300000,1.06913,1.06952,1.06882,1.06893,1760.92
1492792200000,1.06895,1.06907,1.06826,1.06849,1487.48
1492793100000,1.06848,1.06943,1.06822,1.06924,2544.01
1492794000000,1.06925,1.06986,1.06918,1.0698,1618.43
1492794900000,1.06979,1.07032,1.06957,1.07029,1598.95
1492795800000,1.07029,1.07058,1.07017,1.07047,1768.31
1492796700000,1.07047,1.07098,1.06962,1.06988,2556.99
1492797600000,1.06987,1.07,1.06936,1.06942,2043.47
1492798500000,1.06941,1.06945,1.06873,1.06929,1875.34
1492799400000,1.06931,1.06981,1.06928,1.06962,999.8
1492800300000,1.06963,1.06995,1.06918,1.06946,1698.3
1492801200000,1.06948,1.06985,1.0692,1.06962,1781.35
1492802100000,1.06963,1.06985,1.06937,1.06937,1823.19
1492803000000,1.06936,1.06993,1.06918,1.06984,1065.76
1492803900000,1.06982,1.07054,1.06982,1.0703,1758.15
1492804800000,1.07029,1.07032,1.06987,1.07024,782.67
1492805700000,1.07024,1.07084,1.07018,1.07073,844.73
1492806600000,1.07073,1.07232,1.07043,1.07232,2030.65
1492807500000,1.07235,1.07307,1.07142,1.07237,2168.65
1492981200000,1.09164,1.09164,1.08825,1.09021,1598.66
1492982100000,1.09021,1.09032,1.08822,1.08822,1350.59
1492983000000,1.08825,1.0885,1.08798,1.08843,884.97
1492983900000,1.08839,1.0898,1.08814,1.08971,1094.38
1492984800000,1.0897,1.08992,1.08763,1.08779,3385.91
1492985700000,1.08778,1.08887,1.08778,1.08864,1738.52
1492986600000,1.08864,1.08864,1.08698,1.0876,2350.04
1492987500000,1.0876,1.08843,1.08757,1.08839,1115.68
1492988400000,1.08838,1.089,1.08718,1.08732,2845.53
1492989300000,1.08734,1.08789,1.0873,1.08731,1738.66
1492990200000,1.08731,1.08735,1.08652,1.08665,2219.43
1492991100000,1.08663,1.08743,1.08648,1.08733,1958.87
1492992000000,1.08733,1.08767,1.08528,1.08561,3145.67
1492992900000,1.08559,1.08585,1.08399,1.08426,3237.65
1492993800000,1.08426,1.08507,1.08375,1.08502,2920.52
1492994700000,1.08501,1.08516,1.08454,1.08503,2540.67
1492995600000,1.08504,1.08527,1.08434,1.08471,2565.47
1492996500000,1.08472,1.08554,1.0845,1.08473,2350.04
1492997400000,1.08473,1.08474,1.08366,1.08421,2356.44
1492998300000,1.0842,1.08448,1.08364,1.08402,1630.64
1492999200000,1.08402,1.08403,1.0831,1.0831,2053.83
1493000100000,1.08309,1.08319,1.08207,1.0826,2668.78
1493001000000,1.08262,1.08299,1.08237,1.08297,1780.82
1493001900000,1.08298,1.08386,1.08285,1.0838,1511.64
1493002800000,1.08379,1.08454,1.08343,1.0844,1429.11
1493003700000,1.08441,1.08511,1.08412,1.08486,1642.47
1493004600000,1.08487,1.08499,1.08437,1.08441,1479.27
1493005500000,1.0844,1.08468,1.08427,1.0844,886.23
1493006400000,1.0844,1.08461,1.08415,1.08436,782.82
1493007300000,1.08435,1.08483,1.08435,1.08447,723.5
1493008200000,1.08447,1.0857,1.0844,1.08549,2284.16
1493009100000,1.08549,1.08601,1.08543,1.08585,1411.57
1493010000000,1.08584,1.08629,1.08549,1.08563,1711.1
1493010900000,1.08563,1.08577,1.085,1.08514,1641.38
1493011800000,1.08514,1.08543,1.08454,1.0852,1668.55
1493012700000,1.08519,1.08773,1.08517,1.0868,3421.47
1493013600000,1.08679,1.08692,1.08611,1.08644,4381.15
1493014500000,1.08642,1.08694,1.08526,1.08532,4712.21
1493015400000,1.08532,1.08533,1.08319,1.08338,4355.67
1493016300000,1.08341,1.08471,1.08318,1.0844,3787.85
1493017200000,1.08433,1.08507,1.08329,1.08358,4100.49
1493018100000,1.08357,1.08457,1.08357,1.08439,3196.09
1493019000000,1.0844,1.08629,1.08404,1.08624,3456.16
1493019900000,1.08622,1.08664,1.08511,1.08553,3290.47
1493020800000,1.08558,1.08752,1.08547,1.08647,3945.33
1493021700000,1.08646,1.08709,1.08632,1.08652,3046.86
1493022600000,1.08652,1.08676,1.08498,1.08498,2908.6
1493023500000,1.08494,1.08602,1.08491,1.08582,2412.29
1493024400000,1.08582,1.08641,1.08549,1.08631,2469.93
1493025300000,1.08634,1.08766,1.08582,1.08738,3311.43
1493026200000,1.08738,1.08774,1.08703,1.08722,2672.21
1493027100000,1.08722,1.0873,1.08668,1.08706,3028.65
1493028000000,1.08705,1.08724,1.08651,1.08694,2680.9
1493028900000,1.08693,1.08704,1.08614,1.08636,2202.36
1493029800000,1.08637,1.08655,1.08513,1.08534,2577.98
1493030700000,1.08535,1.08605,1.0853,1.08581,2663.22
1493031600000,1.08581,1.08629,1.08547,1.08579,2521.76
1493032500000,1.08579,1.08579,1.08523,1.08528,2528.82
1493033400000,1.08528,1.08556,1.08523,1.08533,2201.72
1493034300000,1.08532,1.08533,1.08411,1.08417,3427.43
1493035200000,1.08415,1.08486,1.08414,1.08475,3173.63
1493036100000,1.08476,1.08534,1.08453,1.08532,2515.39
1493037000000,1.08532,1.08652,1.08526,1.08613,2861.53
1493037900000,1.08612,1.08632,1.08551,1.08573,2534.93
1493038800000,1.08573,1.08721,1.08568,1.08702,2899.35
1493039700000,1.08702,1.08723,1.08656,1.08693,2616.47
1493040600000,1.08692,1.08711,1.08654,1.08688,3176.64
1493041500000,1.08688,1.08735,1.08632,1.08653,3237.47
1493042400000,1.08654,1.08705,1.08602,1.08634,2515.26
1493043300000,1.08631,1.08686,1.08599,1.08617,2440.37
1493044200000,1.08617,1.0864,1.0855,1.08559,2770.62
1493045100000,1.08558,1.08628,1.08552,1.08601,3010.58
1493046000000,1.08603,1.08681,1.08595,1.08659,3065.16
1493046900000,1.08659,1.08679,1.08593,1.08597,2673.03
1493047800000,1.08596,1.08618,1.08565,1.08571,2143.51
1493048700000,1.08571,1.08593,1.08474,1.08479,2523.83
1493049600000,1.08479,1.08501,1.08429,1.08501,2064.98
1493050500000,1.085,1.08533,1.08476,1.08514,2010.15
1493051400000,1.08514,1.08538,1.08482,1.08499,1405.3
1493052300000,1.08499,1.0851,1.08352,1.08413,2342.77
1493053200000,1.08412,1.08493,1.08409,1.08442,1838.68
1493054100000,1.08443,1.08473,1.08426,1.08472,1144.86
1493055000000,1.08472,1.08497,1.08461,1.08482,1165.14
1493055900000,1.08482,1.08498,1.08431,1.08482,1636.27
1493056800000,1.08482,1.08521,1.0846,1.08507,1286.16
1493057700000,1.08507,1.0851,1.08473,1.08496,1554.83
1493058600000,1.08496,1.08531,1.08477,1.08523,1260.37
1493059500000,1.08523,1.08589,1.08516,1.08582,1505.1
1493060400000,1.08581,1.08608,1.08563,1.08584,1651.13
1493061300000,1.08583,1.08608,1.08549,1.08596,997.48
1493062200000,1.08595,1.08644,1.08593,1.08623,1153.16
1493063100000,1.08623,1.08695,1.0862,1.08679,1615.9
1493064000000,1.08679,1.08699,1.08664,1.08686,1009.37
1493064900000,1.08685,1.08691,1.0865,1.0865,622.25
1493065800000,1.08648,1.08665,1.08645,1.08663,497.75
1493066700000,1.08662,1.0868,1.08654,1.08672,942.15
1493067600000,1.08672,1.08686,1.08657,1.08669,212.99
1493068500000,1.08672,1.08688,1.08665,1.08666,273.32
1493069400000,1.08666,1.08679,1.08659,1.08669,543.56
1493070300000,1.08671,1.08677,1.08637,1.08644,510.98
1493071200000,1.08645,1.08682,1.08645,1.08677,683.05
1493072100000,1.08678,1.08682,1.08666,1.08681,757.73
1493073000000,1.08681,1.08688,1.08666,1.08673,476.9
1493073900000,1.08673,1.08677,1.08656,1.08674,607.07
1493074800000,1.08674,1.08674,1.08664,1.08671,443.99
1493075700000,1.08672,1.08672,1.08651,1.08652,838.15
1493076600000,1.08652,1.08658,1.08636,1.08639,635.37
1493077500000,1.08641,1.08659,1.0863,1.08649,792.93
1493078400000,1.08648,1.08703,1.08648,1.08695,1226.58
1493079300000,1.08695,1.08698,1.08659,1.08664,1212.26
1493080200000,1.08665,1.0867,1.08634,1.08644,1013.15
1493081100000,1.08645,1.08658,1.08622,1.08623,1169.19
1493082000000,1.08623,1.08629,1.0857,1.08582,1508.19
1493082900000,1.08584,1.08607,1.08568,1.0859,1394.89
1493083800000,1.08592,1.08629,1.08582,1.08626,1163.79
1493084700000,1.08626,1.08649,1.08542,1.08549,1325.61
1493085600000,1.08548,1.08586,1.08548,1.08565,1553.52
1493086500000,1.08565,1.08565,1.08512,1.08559,1823.31
1493087400000,1.08559,1.08595,1.08557,1.08579,1230.92
1493088300000,1.0858,1.08616,1.08579,1.08616,1096.12
1493089200000,1.08616,1.08635,1.08605,1.08623,607.78
1493090100000,1.08623,1.08631,1.08615,1.0862,834.99
1493091000000,1.08621,1.08626,1.0861,1.08621,912.61
1493091900000,1.0862,1.08627,1.08599,1.08599,1020.89
1493092800000,1.08599,1.08599,1.08569,1.0859,765.82
1493093700000,1.08591,1.0863,1.08586,1.08616,814.73
1493094600000,1.08617,1.08629,1.08614,1.08621,599.71
1493095500000,1.08621,1.08655,1.08615,1.08631,1036.53
1493096400000,1.0863,1.0867,1.08629,1.08667,395.98
1493097300000,1.08667,1.08674,1.08654,1.08671,843.48
1493098200000,1.08671,1.0872,1.08654,1.08675,1791.51
1493099100000,1.08675,1.08702,1.08631,1.08648,1529.61
1493100000000,1.0865,1.08712,1.08639,1.08701,2051.87
1493100900000,1.08701,1.08705,1.08632,1.0864,1926.05
1493101800000,1.08641,1.08689,1.08639,1.08685,1652.33
1493102700000,1.08685,1.08879,1.0865,1.08827,3873.74
1493103600000,1.08824,1.08861,1.0875,1.08759,3149.48
1493104500000,1.08761,1.08893,1.08759,1.08874,3944.22
1493105400000,1.08874,1.08934,1.08847,1.08918,3510.32
1493106300000,1.08917,1.08922,1.08846,1.08856,2547.05
1493107200000,1.08856,1.08906,1.08837,1.08866,2204.25
1493108100000,1.08866,1.08896,1.08845,1.08857,2150.26
1493109000000,1.08857,1.08925,1.08845,1.08914,1829.43
1493109900000,1.08913,1.08943,1.08881,1.08923,2392.14
1493110800000,1.08924,1.08957,1.08912,1.08922,2306.17
1493111700000,1.08921,1.08979,1.0891,1.08974,1780.13
1493112600000,1.08973,1.08988,1.08917,1.08923,2475.51
1493113500000,1.08923,1.08927,1.08819,1.08829,2715.5
1493114400000,1.0883,1.08845,1.0877,1.08792,2142.4
1493115300000,1.08792,1.08825,1.08779,1.0878,1829.22
1493116200000,1.08781,1.08781,1.08705,1.08714,2399.75
1493117100000,1.08715,1.08802,1.08715,1.08787,1642.06
1493118000000,1.08787,1.08823,1.08782,1.08817,1682.78
1493118900000,1.08816,1.08818,1.0877,1.08784,1547.46
1493119800000,1.08785,1.08845,1.08766,1.08831,1760.28
1493120700000,1.0883,1.08878,1.08797,1.08876,2040.73
1493121600000,1.08875,1.08928,1.0886,1.08907,2540.9
1493122500000,1.08905,1.08956,1.08893,1.08948,2659.85
1493123400000,1.08948,1.0896,1.089,1.08946,2386.27
1493124300000,1.08947,1.08961,1.08889,1.08889,2933.54
1493125200000,1.08888,1.08904,1.08794,1.08898,2420.6
1493126100000,1.08896,1.08926,1.08849,1.0885,3227.68
1493127000000,1.08853,1.08932,1.08853,1.08919,3078.3
1493127900000,1.08918,1.09016,1.08914,1.08997,2909.9
1493128800000,1.09,1.09196,1.08904,1.09105,6694.51
1493129700000,1.09104,1.09325,1.09102,1.09263,4396.84
1493130600000,1.09263,1.09303,1.09219,1.0928,4067.47
1493131500000,1.09281,1.09297,1.09219,1.09276,2896.94
1493132400000,1.09279,1.0929,1.09195,1.09252,3562.65
1493133300000,1.09253,1.09349,1.09252,1.09325,3723.51
1493134200000,1.09325,1.09392,1.09307,1.09361,3218.11
1493135100000,1.0936,1.09411,1.09332,1.09407,2965.66
1493136000000,1.09405,1.09461,1.09383,1.09403,3143.75
1493136900000,1.09401,1.09488,1.09391,1.09435,3257.89
1493137800000,1.09435,1.09467,1.09417,1.09467,1589.38
1493138700000,1.09466,1.09497,1.09451,1.09491,2619.38
1493139600000,1.09491,1.09499,1.09472,1.09481,2210.08
1493140500000,1.09479,1.0948,1.09398,1.09399,2088.91
1493141400000,1.09399,1.09425,1.0939,1.09407,1649.81
1493142300000,1.09405,1.09409,1.09335,1.09353,1859.17
1493143200000,1.09353,1.09365,1.09305,1.09327,1727.77
1493144100000,1.09328,1.09372,1.09315,1.09346,1486.44
1493145000000,1.09345,1.09388,1.09343,1.09387,1970.56
1493145900000,1.09389,1.0941,1.0937,1.09375,2411.11
1493146800000,1.09378,1.09379,1.09319,1.09323,1458.37
1493147700000,1.09321,1.09323,1.0927,1.09281,1554.1
1493148600000,1.09283,1.09307,1.09253,1.09303,1497.15
1493149500000,1.09303,1.09377,1.09282,1.09371,1600.27
1493150400000,1.09374,1.09374,1.09333,1.09366,952.51
1493151300000,1.09365,1.09367,1.0934,1.09347,757.98
1493152200000,1.09347,1.0935,1.0933,1.0934,952.24
1493153100000,1.09344,1.09346,1.09253,1.09258,1603.88
1493154000000,1.09247,1.09314,1.0923,1.09266,367.53
1493154900000,1.09266,1.09316,1.09247,1.09255,246.31
1493155800000,1.09254,1.09282,1.09246,1.09277,649.22
1493156700000,1.09282,1.09302,1.09273,1.09277,438.38
1493157600000,1.09276,1.09302,1.09273,1.09294,1143.33
1493158500000,1.09293,1.0931,1.09277,1.09296,1436.29
1493159400000,1.09298,1.09307,1.09276,1.09286,883.01
1493160300000,1.09285,1.09304,1.09283,1.09295,1480.12
1493161200000,1.09294,1.09303,1.09234,1.09256,1436.75
1493162100000,1.09256,1.09258,1.09236,1.09251,781.49
1493163000000,1.09251,1.09267,1.09239,1.09261,1425.57
1493163900000,1.09261,1.09293,1.09241,1.09275,1066.12
1493164800000,1.09277,1.09329,1.09272,1.09323,1955.02
1493165700000,1.09323,1.09387,1.09301,1.0938,1524.6
1493166600000,1.0938,1.09448,1.09371,1.09441,1596.21
1493167500000,1.09439,1.09439,1.09374,1.09377,1771.59
1493168400000,1.09377,1.09403,1.09322,1.09333,1651.98
1493169300000,1.09333,1.0935,1.09308,1.09337,1309.21
1493170200000,1.09337,1.09389,1.09307,1.09387,2177.82
1493171100000,1.09389,1.09396,1.09351,1.09374,1873.4
1493172000000,1.09374,1.09404,1.09364,1.09372,1180.86
1493172900000,1.09373,1.09373,1.09346,1.09353,603.23
1493173800000,1.09353,1.09387,1.09332,1.09383,931.9
1493174700000,1.09381,1.09395,1.09379,1.09389,789.71
1493175600000,1.09388,1.09398,1.09369,1.09392,895.81
1493176500000,1.09392,1.09397,1.09369,1.09373,667.85
1493177400000,1.09373,1.09376,1.09363,1.09363,376.08
1493178300000,1.09363,1.09369,1.09352,1.09364,477.56
1493179200000,1.09364,1.0938,1.0936,1.09377,671.55
1493180100000,1.09378,1.0944,1.09374,1.09425,1163.17
1493181000000,1.09425,1.09474,1.09403,1.09414,1445.88
1493181900000,1.09414,1.09424,1.09401,1.09402,681.26
1493182800000,1.09402,1.09479,1.09401,1.09477,1168.03
1493183700000,1.09475,1.09497,1.09442,1.09448,1788.19
1493184600000,1.09448,1.09464,1.09429,1.09453,1138.4
1493185500000,1.09453,1.09469,1.09446,1.09458,984.18
1493186400000,1.09458,1.09471,1.09427,1.09434,1794.01
1493187300000,1.09434,1.09507,1.09348,1.09367,2805.16
1493188200000,1.09366,1.09371,1.09296,1.09302,2565.3
1493189100000,1.09301,1.09301,1.09221,1.09248,3200.12
1493190000000,1.09247,1.09324,1.09247,1.09259,3515.03
1493190900000,1.0926,1.09283,1.09175,1.09216,2857.26
1493191800000,1.09216,1.09226,1.0912,1.09145,3134.97
1493192700000,1.09146,1.09157,1.09047,1.09135,3106.07
1493193600000,1.09136,1.09167,1.09096,1.09115,2059.24
1493194500000,1.09116,1.09183,1.09021,1.09043,2855.08
1493195400000,1.09044,1.09112,1.08957,1.09005,3467.82
1493196300000,1.09005,1.09075,1.08993,1.09025,2412.41
1493197200000,1.09026,1.09043,1.08997,1.09025,2359.01
1493198100000,1.09026,1.09075,1.09004,1.09044,1982.7
1493199000000,1.09044,1.0907,1.08922,1.08962,2709.19
1493199900000,1.08962,1.09021,1.08953,1.09005,2008.6
1493200800000,1.09005,1.09005,1.0894,1.08945,1805.89
1493201700000,1.08947,1.08947,1.08854,1.0888,2597.76
1493202600000,1.0888,1.08893,1.0884,1.08842,2384.15
1493203500000,1.0884,1.08924,1.08819,1.08922,2113.06
1493204400000,1.08923,1.08976,1.08917,1.08961,1930.64
1493205300000,1.0896,1.0898,1.08939,1.08941,1790.73
1493206200000,1.08941,1.08963,1.08914,1.08954,2189.19
1493207100000,1.08953,1.0896,1.08915,1.08936,2107.97
1493208000000,1.08934,1.08973,1.08921,1.08931,2329.69
1493208900000,1.08931,1.0897,1.08893,1.0895,2647.69
1493209800000,1.0895,1.08953,1.08811,1.08928,3721.04
1493210700000,1.08926,1.08926,1.08822,1.08869,2837.4
1493211600000,1.08873,1.08906,1.08769,1.08822,3197.05
1493212500000,1.0882,1.08823,1.08744,1.08761,3359.33
1493213400000,1.08762,1.08875,1.08735,1.08862,3639.51
1493214300000,1.08862,1.08906,1.08849,1.08897,3239.24
1493215200000,1.08896,1.08933,1.08854,1.0891,3173.81
1493216100000,1.0891,1.08947,1.08909,1.08934,2507.92
1493217000000,1.08933,1.08949,1.08869,1.08871,3181.7
1493217900000,1.0887,1.08879,1.0876,1.08762,4096.62
1493218800000,1.08761,1.08807,1.0873,1.08798,2953.93
1493219700000,1.08797,1.08842,1.08749,1.08749,3171.51
1493220600000,1.08748,1.08748,1.08557,1.0861,4109.64
1493221500000,1.08609,1.08753,1.08607,1.08723,4453.38
1493222400000,1.08721,1.08752,1.08665,1.08744,3057.38
1493223300000,1.08744,1.0877,1.08707,1.08756,2153.93
1493224200000,1.08756,1.08761,1.08691,1.08735,2093.83
1493225100000,1.08735,1.08786,1.08722,1.08754,3265.49
1493226000000,1.08753,1.08771,1.08727,1.08767,2755.16
1493226900000,1.08767,1.08776,1.08725,1.08768,2142.57
1493227800000,1.08769,1.08796,1.0865,1.087,3526.53
1493228700000,1.087,1.08978,1.08614,1.08976,5945.89
1493229600000,1.08981,1.09125,1.0894,1.09046,4833.37
1493230500000,1.09046,1.09071,1.08987,1.09005,3450.42
1493231400000,1.09002,1.09018,1.08903,1.08905,3076.1
1493232300000,1.08907,1.08982,1.08884,1.08975,2345.79
1493233200000,1.08974,1.08978,1.08925,1.08955,1903.63
1493234100000,1.08955,1.09001,1.08955,1.08966,1773.27
1493235000000,1.08966,1.09017,1.08949,1.0899,1456.55
1493235900000,1.08992,1.09101,1.0899,1.0907,2138.83
1493236800000,1.09071,1.09094,1.09065,1.09088,1038.7
1493237700000,1.09087,1.09088,1.09059,1.09061,755.26
1493238600000,1.0906,1.0906,1.09038,1.09047,812.3
1493239500000,1.09047,1.09068,1.09029,1.09037,781.92
1493240400000,1.09037,1.0905,1.09029,1.09044,161.02
1493241300000,1.09045,1.09051,1.09037,1.09042,359.34
1493242200000,1.09043,1.09048,1.0903,1.09033,365.69
1493243100000,1.09031,1.09049,1.09013,1.09047,469.33
1493244000000,1.09048,1.09056,1.09015,1.09049,1153.49
1493244900000,1.09048,1.09059,1.09041,1.09053,803.39
1493245800000,1.09053,1.09085,1.09046,1.09082,802.83
1493246700000,1.09082,1.09087,1.09064,1.09084,489.72
1493247600000,1.09082,1.09088,1.09063,1.09085,688.35
1493248500000,1.09084,1.09098,1.09071,1.09083,584.98
1493249400000,1.09083,1.09094,1.09071,1.09084,696.17
1493250300000,1.09084,1.09087,1.09072,1.09083,760.55
1493251200000,1.09083,1.09132,1.0908,1.0912,1735.21
1493252100000,1.09122,1.09156,1.09103,1.09133,933.06
1493253000000,1.09131,1.09135,1.09113,1.09119,979.74
1493253900000,1.09119,1.09121,1.09062,1.09065,1332.16
1493254800000,1.09065,1.09072,1.0904,1.09061,1601.87
1493255700000,1.09062,1.091,1.09062,1.09074,1241.27
1493256600000,1.09074,1.09105,1.09072,1.09085,1236.05
1493257500000,1.09085,1.09098,1.09061,1.09093,1125.24
1493258400000,1.09096,1.09136,1.09096,1.09133,1494.71
1493259300000,1.09132,1.09162,1.09132,1.09155,1386.46
1493260200000,1.09154,1.09211,1.0912,1.09128,2030.4
1493261100000,1.09129,1.0914,1.091,1.09102,1100.35
1493262000000,1.09103,1.09137,1.09101,1.09126,1219.9
1493262900000,1.09125,1.09159,1.09116,1.09136,1723.09
1493263800000,1.09135,1.09142,1.091,1.0911,1426.81
1493264700000,1.0911,1.09115,1.09083,1.09086,714.14
1493265600000,1.09086,1.09089,1.09054,1.09055,884.28
1493266500000,1.09056,1.09096,1.0905,1.09075,1445.07
1493267400000,1.09075,1.09077,1.09033,1.09041,1000.07
1493268300000,1.0904,1.09066,1.09032,1.09051,832.45
1493269200000,1.0905,1.09075,1.09045,1.09065,607.86
1493270100000,1.09066,1.09067,1.09036,1.09051,928.69
1493271000000,1.09051,1.09065,1.09037,1.0904,793.16
1493271900000,1.09039,1.0904,1.08995,1.09,823.48
1493272800000,1.09,1.0903,1.08971,1.08984,2232.82
1493273700000,1.08986,1.08995,1.08959,1.08978,1715.82
1493274600000,1.08977,1.09045,1.08975,1.09015,1919.28
1493275500000,1.09016,1.09071,1.09012,1.09065,1659.99
1493276400000,1.09067,1.09182,1.09067,1.09118,3770.45
1493277300000,1.09117,1.09147,1.09067,1.09133,2688.52
1493278200000,1.09134,1.09148,1.09026,1.09036,2353.66
1493279100000,1.09036,1.09073,1.09023,1.09053,1935.17
1493280000000,1.09052,1.09155,1.09042,1.09137,2652.71
1493280900000,1.09138,1.09167,1.09119,1.09143,2146.24
1493281800000,1.09143,1.092,1.09102,1.09103,2466.89
1493282700000,1.09103,1.09119,1.09033,1.09074,2132.32
1493283600000,1.09074,1.09097,1.09003,1.09034,2476.85
1493284500000,1.09033,1.09059,1.08921,1.08933,2464.88
1493285400000,1.08932,1.0898,1.08918,1.0896,1998.05
1493286300000,1.0896,1.08978,1.08928,1.08961,1599.72
1493287200000,1.08961,1.08995,1.08961,1.0898,1574.5
1493288100000,1.08979,1.09064,1.08974,1.0906,1489.89
1493289000000,1.0906,1.09075,1.08961,1.08965,2133.56
1493289900000,1.08964,1.09007,1.08951,1.08981,1492.22
1493290800000,1.08983,1.09011,1.08973,1.08992,1613.75
1493291700000,1.08992,1.08997,1.08956,1.08997,1487.63
1493292600000,1.08997,1.09015,1.08964,1.08978,1969.46
1493293500000,1.08975,1.08979,1.08798,1.08865,4733.59
1493294400000,1.08865,1.08897,1.08801,1.08802,2685.37
1493295300000,1.08803,1.08931,1.08803,1.08895,2938
1493296200000,1.08895,1.09327,1.08874,1.0926,7357.91
1493297100000,1.09263,1.09307,1.08866,1.08956,6936.71
1493298000000,1.08953,1.08964,1.0857,1.08708,6738.48
1493298900000,1.08707,1.08877,1.08622,1.08814,5052.94
1493299800000,1.08813,1.08813,1.08525,1.08544,4719.98
1493300700000,1.08542,1.08653,1.08527,1.08619,3149.01
1493301600000,1.08623,1.08653,1.08528,1.08531,3176.42
1493302500000,1.08531,1.08668,1.08517,1.08661,3061.33
1493303400000,1.08664,1.08692,1.08626,1.08687,2586.73
1493304300000,1.08687,1.08721,1.08635,1.08647,3251.81
1493305200000,1.08647,1.08692,1.08627,1.08672,2432.43
1493306100000,1.08677,1.08684,1.0863,1.0864,2365.4
1493307000000,1.08641,1.08709,1.08608,1.08677,2556.68
1493307900000,1.08677,1.08722,1.08608,1.08634,2701.64
1493308800000,1.08634,1.0876,1.0858,1.0874,2872.31
1493309700000,1.08738,1.08798,1.08697,1.08703,2657.01
1493310600000,1.08703,1.08784,1.08687,1.08759,1956.62
1493311500000,1.0876,1.08778,1.08714,1.08755,1962.58
1493312400000,1.08755,1.08869,1.08754,1.08805,2011.96
1493313300000,1.08803,1.08828,1.08743,1.08761,1692.35
1493314200000,1.08761,1.08776,1.08738,1.08766,1058.48
1493315100000,1.08767,1.08814,1.08743,1.0881,1694.38
1493316000000,1.0881,1.08851,1.08803,1.08813,1617.97
1493316900000,1.08813,1.08842,1.0878,1.08842,1339.33
1493317800000,1.08842,1.08843,1.08773,1.08794,892.42
1493318700000,1.08791,1.08829,1.08777,1.08812,1191.12
1493319600000,1.08812,1.08815,1.08761,1.08785,1300.9
1493320500000,1.08785,1.08842,1.08774,1.0883,981.18
1493321400000,1.08829,1.08842,1.08784,1.08784,1130.18
1493322300000,1.08784,1.08788,1.08728,1.08746,1518.16
1493323200000,1.08746,1.08798,1.08746,1.08768,1306.33
1493324100000,1.08768,1.08781,1.0874,1.08747,444.24
1493325000000,1.08746,1.08748,1.08698,1.08704,754.19
1493325900000,1.08704,1.08755,1.08704,1.08718,794.22
1493326800000,1.08716,1.08738,1.08706,1.08723,149.99
1493327700000,1.08721,1.08748,1.08719,1.08733,220.64
1493328600000,1.08735,1.08739,1.08718,1.08718,179.78
1493329500000,1.08718,1.08747,1.08712,1.08735,317.87
1493330400000,1.08736,1.08755,1.08714,1.08751,658.03
1493331300000,1.08751,1.08751,1.08695,1.08716,524.22
1493332200000,1.08717,1.08724,1.08708,1.08715,240.17
1493333100000,1.08714,1.08739,1.08699,1.087,438.41
1493334000000,1.08699,1.08717,1.08659,1.08672,1069.01
1493334900000,1.08672,1.08672,1.08617,1.08617,1055.89
1493335800000,1.08616,1.0863,1.08604,1.08614,699.87
1493336700000,1.08613,1.08652,1.08608,1.0865,1085.73
1493337600000,1.08651,1.08682,1.08619,1.08624,1944.19
1493338500000,1.08624,1.08665,1.08614,1.08656,1220.23
1493339400000,1.08656,1.08665,1.08629,1.08641,1130.34
1493340300000,1.08641,1.0865,1.08606,1.08608,1680.94
1493341200000,1.08607,1.08654,1.08573,1.08647,1430.55
1493342100000,1.08645,1.08706,1.08643,1.087,1562.98
1493343000000,1.08699,1.087,1.08655,1.08673,1958.37
1493343900000,1.08673,1.08682,1.08647,1.08677,1181.35
1493344800000,1.08676,1.087,1.08671,1.08694,682.09
1493345700000,1.08694,1.08721,1.08683,1.08705,1043.75
1493346600000,1.08705,1.08706,1.08673,1.08677,988.27
1493347500000,1.08677,1.08688,1.0867,1.08682,855.19
1493348400000,1.08682,1.08684,1.08667,1.08673,926.46
1493349300000,1.08674,1.08685,1.08663,1.08673,1124.9
1493350200000,1.08673,1.08682,1.0867,1.0867,586.39
1493351100000,1.08671,1.08677,1.08663,1.08668,481.05
1493352000000,1.08667,1.08679,1.08665,1.08668,600.7
1493352900000,1.08668,1.08672,1.08659,1.08662,500.11
1493353800000,1.08662,1.08676,1.08652,1.08662,666.91
1493354700000,1.08662,1.08664,1.08631,1.08644,574.47
1493355600000,1.08644,1.08659,1.08622,1.08627,805.26
1493356500000,1.08625,1.08639,1.08613,1.08627,999.57
1493357400000,1.08626,1.08638,1.08571,1.08638,1732.36
1493358300000,1.08637,1.08637,1.08612,1.08624,999.53
1493359200000,1.08625,1.0874,1.08625,1.08731,1548.77
1493360100000,1.0873,1.0873,1.08695,1.08715,1588.98
1493361000000,1.08715,1.0883,1.08695,1.08816,1976.8
1493361900000,1.08818,1.08849,1.08776,1.08798,2356.18
1493362800000,1.08799,1.08897,1.08799,1.08873,2602.08
1493363700000,1.08873,1.08873,1.08832,1.0885,2229.03
1493364600000,1.08849,1.08896,1.0884,1.0887,1947.77
1493365500000,1.08868,1.08886,1.08841,1.08853,1452.34
1493366400000,1.08854,1.08968,1.08832,1.08939,2462.4
1493367300000,1.08938,1.08957,1.08909,1.08938,2358.72
1493368200000,1.08939,1.08979,1.08921,1.08928,2323.01
1493369100000,1.08925,1.09019,1.08924,1.09019,2120.83
1493370000000,1.09023,1.09448,1.09023,1.09414,6174.06
1493370900000,1.09418,1.09474,1.09345,1.09352,3799.26
1493371800000,1.09353,1.09401,1.09316,1.09325,2579.88
1493372700000,1.09327,1.09406,1.09327,1.09376,2680.19
1493373600000,1.09373,1.09399,1.09366,1.09381,2117.67
1493374500000,1.09383,1.09417,1.09343,1.09345,1872.39
1493375400000,1.09344,1.09436,1.09343,1.09416,2106.79
1493376300000,1.09416,1.09451,1.09376,1.09382,1641.66
1493377200000,1.09382,1.09396,1.09264,1.09309,2615.17
1493378100000,1.09311,1.09365,1.09301,1.09338,1637.33
1493379000000,1.09338,1.09365,1.09317,1.09317,1860.59
1493379900000,1.09318,1.09358,1.09305,1.09344,2538.34
1493380800000,1.09346,1.09346,1.09257,1.09298,2931.58
1493381700000,1.09299,1.09304,1.09217,1.09273,2605.08
1493382600000,1.0927,1.09301,1.09072,1.09146,5621.35
1493383500000,1.09149,1.09199,1.09083,1.0912,3470.36
1493384400000,1.09118,1.09122,1.09005,1.09086,3201.06
1493385300000,1.09086,1.09133,1.09078,1.09106,2944.16
1493386200000,1.09107,1.09163,1.09098,1.09109,3161.94
1493387100000,1.0911,1.09199,1.09105,1.09175,3003.56
1493388000000,1.09175,1.09214,1.08946,1.08958,4150.82
1493388900000,1.08959,1.09052,1.08945,1.09051,2974.28
1493389800000,1.09052,1.0914,1.09038,1.091,2986.47
1493390700000,1.09102,1.09105,1.08833,1.08909,4693.57
1493391600000,1.08915,1.08994,1.0888,1.08966,3906.32
1493392500000,1.08968,1.08976,1.08909,1.0895,3124.55
1493393400000,1.08955,1.09018,1.08941,1.08981,2542.66
1493394300000,1.0898,1.08995,1.08938,1.08941,2154.32
1493395200000,1.08941,1.0896,1.08851,1.08909,2626.42
1493396100000,1.08909,1.0895,1.08898,1.0895,1990.95
1493397000000,1.0895,1.08988,1.08948,1.08957,1402.58
1493397900000,1.08957,1.09011,1.08957,1.09007,1390.47
1493398800000,1.09007,1.09056,1.08988,1.09052,1502.56
1493399700000,1.09051,1.09056,1.09028,1.0904,1265.24
1493400600000,1.0904,1.09056,1.09022,1.09046,1012.91
1493401500000,1.09045,1.09058,1.09006,1.09014,1436.83
1493402400000,1.09016,1.09034,1.08981,1.08997,1418.72
1493403300000,1.08997,1.08997,1.08931,1.08933,1350.75
1493404200000,1.08933,1.08982,1.08933,1.08968,1312.76
1493405100000,1.08969,1.0899,1.08942,1.08946,1631.4
1493406000000,1.08952,1.08998,1.08941,1.08986,1805.47
1493406900000,1.08987,1.08996,1.08971,1.08976,941.09
1493407800000,1.08974,1.08974,1.08917,1.08946,1848.62
1493408700000,1.08947,1.08947,1.08921,1.0893,1731
1493409600000,1.0893,1.08937,1.08893,1.08932,1428.36
1493410500000,1.08932,1.08978,1.08915,1.08973,942.54
1493411400000,1.08972,1.08983,1.08955,1.08975,520.75
1493412300000,1.08975,1.09004,1.08956,1.08961,773.77
1493586000000,1.09099,1.09103,1.08908,1.08932,220.87
1493586900000,1.08921,1.09023,1.08905,1.08975,126.2
1493587800000,1.08975,1.08993,1.08936,1.08982,113.01
1493588700000,1.08982,1.09011,1.08912,1.08962,413.21
1493589600000,1.08972,1.09007,1.08947,1.0899,1330.85
1493590500000,1.0899,1.09026,1.0899,1.09018,691.47
1493591400000,1.0902,1.0903,1.08991,1.09001,1532.24
1493592300000,1.09001,1.09029,1.08996,1.09023,772.02
1493593200000,1.09024,1.09076,1.09024,1.09048,781.67
1493594100000,1.09047,1.09099,1.09042,1.09092,413.5
1493595000000,1.09091,1.0911,1.09076,1.09103,608.48
1493595900000,1.09103,1.09103,1.09057,1.09057,518.9
