timestamp,open,high,low,close,volume
1496275200000,1.12389,1.12423,1.12365,1.12394,1139.38
1496276100000,1.12395,1.12399,1.12335,1.12361,956.62
1496277000000,1.12361,1.12371,1.12339,1.12341,761.82
1496277900000,1.1234,1.12355,1.12335,1.12344,1676.26
1496278800000,1.12344,1.12376,1.12335,1.12374,1204.63
1496279700000,1.12375,1.12402,1.1237,1.12375,1098.53
1496280600000,1.12377,1.12552,1.12377,1.1251,2359.21
1496281500000,1.1251,1.12514,1.1243,1.12468,1876.25
1496282400000,1.12468,1.12566,1.1246,1.12511,1913.61
1496283300000,1.12511,1.12527,1.12461,1.12466,1406.97
1496284200000,1.12466,1.1247,1.12444,1.12449,1254.46
1496285100000,1.12449,1.12454,1.12416,1.1242,1021.82
1496286000000,1.1242,1.12433,1.12376,1.12397,1285.23
1496286900000,1.12397,1.12429,1.12373,1.12427,786.73
1496287800000,1.12426,1.12482,1.12425,1.12473,931.02
1496288700000,1.12474,1.12491,1.12461,1.12467,798.68
1496289600000,1.12466,1.12466,1.12433,1.12447,923.38
1496290500000,1.12447,1.12457,1.12442,1.12456,665.28
1496291400000,1.12455,1.12476,1.12451,1.12462,921.91
1496292300000,1.1246,1.12472,1.12441,1.12466,836.42
1496293200000,1.12466,1.12478,1.12399,1.12422,1133.52
1496294100000,1.12422,1.12441,1.12398,1.12418,1530.27
1496295000000,1.12416,1.12418,1.12376,1.12379,1145.63
1496295900000,1.12378,1.12426,1.12374,1.12375,1412.69
1496296800000,1.12378,1.12381,1.12314,1.12369,1921.26
1496297700000,1.12367,1.12382,1.1229,1.12296,2178.56
1496298600000,1.12295,1.12381,1.12274,1.12378,2041.53
1496299500000,1.12381,1.12487,1.12378,1.12436,2390.62
1496300400000,1.12435,1.12456,1.12347,1.12364,3229.48
1496301300000,1.12363,1.12415,1.1233,1.12353,2495.95
1496302200000,1.12355,1.12387,1.12324,1.12324,2214.63
1496303100000,1.12324,1.12352,1.1229,1.12324,2489.74
1496304000000,1.12324,1.12369,1.12302,1.12354,2129.54
1496304900000,1.12354,1.12377,1.12257,1.12293,2308.81
1496305800000,1.12293,1.12308,1.12231,1.12277,2461.58
1496306700000,1.12276,1.12335,1.12255,1.12262,2323.8
1496307600000,1.12261,1.12326,1.12251,1.1231,2446.96
1496308500000,1.12309,1.12311,1.12235,1.12269,2191.59
1496309400000,1.12268,1.12309,1.12222,1.12295,2172.05
1496310300000,1.12293,1.12369,1.12278,1.12355,2431.55
1496311200000,1.12354,1.12354,1.12291,1.12316,1791.79
1496312100000,1.12316,1.12365,1.12275,1.12302,1801.2
1496313000000,1.12304,1.12317,1.12241,1.12261,1713.47
1496313900000,1.12262,1.12318,1.12256,1.12276,1882.91
1496314800000,1.12276,1.12282,1.12246,1.1225,1730.59
1496315700000,1.1225,1.12251,1.12167,1.12223,2401.93
1496316600000,1.12221,1.12239,1.1219,1.12203,1692.49
1496317500000,1.12202,1.12221,1.12177,1.12181,1956.06
1496318400000,1.12184,1.12246,1.12169,1.12175,2663.47
1496319300000,1.12174,1.12174,1.12021,1.12084,4979.72
1496320200000,1.12082,1.12152,1.12082,1.12126,3717.36
1496321100000,1.12124,1.12172,1.12108,1.12147,2819.33
1496322000000,1.12146,1.1219,1.12131,1.12188,2363.1
1496322900000,1.12185,1.12203,1.12143,1.12144,2170.95
1496323800000,1.12143,1.1221,1.12143,1.12205,3006.79
1496324700000,1.12204,1.12259,1.12177,1.12216,2865.54
1496325600000,1.12217,1.12344,1.12217,1.12243,3631.08
1496326500000,1.12243,1.12245,1.12197,1.122,2253.57
1496327400000,1.12201,1.12208,1.1216,1.12191,2622.2
1496328300000,1.1219,1.12275,1.12182,1.12254,2984.88
1496329200000,1.12255,1.12258,1.12148,1.12167,3350.4
1496330100000,1.12166,1.12213,1.12161,1.12172,2438.99
1496331000000,1.1217,1.12187,1.12137,1.12137,2122.29
1496331900000,1.12136,1.12144,1.12089,1.12134,1989.94
1496332800000,1.12134,1.12151,1.121,1.12151,1859.08
1496333700000,1.12151,1.12174,1.12112,1.12113,1363.7
1496334600000,1.12113,1.12128,1.12063,1.12064,1656.82
1496335500000,1.12065,1.12104,1.12061,1.12096,1996.48
1496336400000,1.12095,1.12117,1.12087,1.12106,1438.26
1496337300000,1.12107,1.12125,1.12094,1.12124,1601.35
1496338200000,1.12125,1.12133,1.12069,1.12075,1857.65
1496339100000,1.12077,1.12114,1.12068,1.12108,1484.62
1496340000000,1.12108,1.12131,1.12066,1.12089,1907.6
1496340900000,1.12089,1.12147,1.12081,1.12143,1643.9
1496341800000,1.12144,1.12166,1.12136,1.12164,1526.75
1496342700000,1.12164,1.12193,1.12142,1.12147,2327.27
1496343600000,1.12147,1.12154,1.12118,1.12148,1533.76
1496344500000,1.12147,1.12178,1.12137,1.12158,1130.09
1496345400000,1.12159,1.12163,1.12122,1.12144,1004.45
1496346300000,1.12144,1.12152,1.12109,1.12143,1902.41
1496347200000,1.12141,1.12142,1.1212,1.12135,1080.11
1496348100000,1.12135,1.12161,1.12122,1.12153,725.36
1496349000000,1.12154,1.12162,1.12146,1.12151,1353.25
1496349900000,1.12151,1.12152,1.12102,1.12122,1040.07
1496350800000,1.12124,1.12166,1.12114,1.12138,544.57
1496351700000,1.12136,1.12145,1.12131,1.12137,196.47
1496352600000,1.12136,1.12165,1.12131,1.12139,333.79
1496353500000,1.12137,1.12153,1.12121,1.12136,487.95
1496354400000,1.12137,1.12153,1.12133,1.12147,397.6
1496355300000,1.12147,1.12167,1.1214,1.12167,452.36
1496356200000,1.12167,1.12177,1.12148,1.12175,642.61
1496357100000,1.12177,1.12194,1.12173,1.12189,339.6
1496358000000,1.12188,1.12189,1.12151,1.12158,594.82
1496358900000,1.12157,1.12169,1.12156,1.12166,394.78
1496359800000,1.12167,1.12186,1.12163,1.12167,856.86
1496360700000,1.12167,1.1219,1.12122,1.12128,951.07
1496361600000,1.12127,1.12179,1.1212,1.12173,1652.98
1496362500000,1.12172,1.12173,1.12142,1.12143,852.19
1496363400000,1.12143,1.1215,1.12134,1.12143,652.63
1496364300000,1.12143,1.12172,1.12142,1.12166,859.2
1496365200000,1.12166,1.12208,1.12155,1.12208,1026.11
1496366100000,1.12204,1.1222,1.12187,1.12187,1039.08
1496367000000,1.12187,1.12198,1.1217,1.12177,1082.61
1496367900000,1.12177,1.12183,1.12157,1.12169,996.09
1496368800000,1.1217,1.12189,1.12163,1.1218,807.51
1496369700000,1.1218,1.12201,1.12177,1.12186,663.29
1496370600000,1.12186,1.12186,1.12166,1.12178,682.05
1496371500000,1.12178,1.12179,1.12157,1.12168,792.4
1496372400000,1.12169,1.12189,1.12161,1.12163,644.5
1496373300000,1.12163,1.12164,1.12151,1.12153,734.65
1496374200000,1.12155,1.12176,1.12154,1.12175,708.75
1496375100000,1.12175,1.12185,1.1217,1.12184,463.47
1496376000000,1.12184,1.12184,1.12172,1.12177,325.92
1496376900000,1.12177,1.12179,1.12166,1.12172,428.13
1496377800000,1.12172,1.12185,1.12172,1.12179,499.66
1496378700000,1.1218,1.12201,1.12178,1.12194,586.35
1496379600000,1.12194,1.12205,1.1218,1.12182,608.76
1496380500000,1.12182,1.12182,1.12156,1.12166,833.39
1496381400000,1.12168,1.12195,1.12167,1.12195,556.52
1496382300000,1.12196,1.12196,1.12162,1.12175,762.99
1496383200000,1.12174,1.12217,1.12159,1.12193,1634.47
1496384100000,1.12193,1.12202,1.12173,1.12199,1355.26
1496385000000,1.12199,1.12203,1.12161,1.12174,1470.6
1496385900000,1.12174,1.12207,1.12174,1.12182,1525.66
1496386800000,1.12183,1.12218,1.12161,1.12187,2267.78
1496387700000,1.12189,1.12219,1.12178,1.12201,2167.62
1496388600000,1.12195,1.12282,1.12195,1.12264,1929.86
1496389500000,1.12263,1.12263,1.12149,1.1215,1981.99
1496390400000,1.1215,1.12224,1.12145,1.12224,1751.58
1496391300000,1.12223,1.1226,1.12206,1.12237,1860.38
1496392200000,1.12244,1.12268,1.122,1.12216,2489.27
1496393100000,1.12216,1.12225,1.12191,1.12209,1596.8
1496394000000,1.12209,1.12237,1.1219,1.12205,1675.36
1496394900000,1.12205,1.12207,1.12176,1.12193,1469.48
1496395800000,1.12192,1.12236,1.12182,1.12213,1513.41
1496396700000,1.12212,1.12216,1.12167,1.1221,1599.01
1496397600000,1.1221,1.1224,1.12188,1.12227,1641.25
1496398500000,1.12226,1.12231,1.12181,1.1222,1950.48
1496399400000,1.1222,1.12226,1.12185,1.122,1676.26
1496400300000,1.12199,1.122,1.12154,1.12184,2009.45
1496401200000,1.12182,1.12201,1.12144,1.12144,1868.69
1496402100000,1.12145,1.12158,1.12103,1.1214,2174.11
1496403000000,1.1214,1.1215,1.12102,1.12121,1929.96
1496403900000,1.12121,1.12136,1.12049,1.12058,2539.87
1496404800000,1.12063,1.12172,1.12053,1.12164,2346.95
1496405700000,1.12162,1.12196,1.12143,1.12153,2851.62
1496406600000,1.12153,1.12781,1.12153,1.12765,7246.51
1496407500000,1.12763,1.12824,1.12627,1.12695,5247.04
1496408400000,1.12696,1.12719,1.12547,1.1262,4157.78
1496409300000,1.12619,1.12696,1.12577,1.12652,3552.3
1496410200000,1.12656,1.12757,1.12626,1.12666,4261.1
1496411100000,1.12669,1.12774,1.12656,1.12758,3729.26
1496412000000,1.1276,1.12795,1.12655,1.12674,3710.51
1496412900000,1.12675,1.12708,1.12608,1.12632,2814.36
1496413800000,1.12633,1.12701,1.1256,1.12701,3115.47
1496414700000,1.127,1.12752,1.12689,1.12752,3246.88
1496415600000,1.12755,1.12765,1.12708,1.12748,2999.26
1496416500000,1.12748,1.12799,1.12732,1.12776,3219.89
1496417400000,1.12778,1.12815,1.12762,1.12764,2689.56
1496418300000,1.12765,1.12777,1.12672,1.12696,2974.75
1496419200000,1.12697,1.12746,1.12679,1.12709,1769.25
1496420100000,1.1271,1.12763,1.12673,1.12683,1888.35
1496421000000,1.12683,1.12725,1.12658,1.1272,2023.2
1496421900000,1.1272,1.12727,1.12656,1.12698,2296.46
1496422800000,1.12697,1.12735,1.12697,1.1271,2055.48
1496423700000,1.12711,1.12739,1.127,1.12715,1569.22
1496424600000,1.12714,1.12721,1.12667,1.12699,2083.7
1496425500000,1.12698,1.12764,1.12694,1.12757,2221.52
1496426400000,1.12758,1.12772,1.12739,1.12768,1736.38
1496427300000,1.12768,1.12796,1.12765,1.12771,1443.33
1496428200000,1.12771,1.1279,1.12758,1.12768,1547.6
1496429100000,1.12768,1.12779,1.12738,1.12769,1754.42
1496430000000,1.12769,1.1278,1.1275,1.12753,1802.16
1496430900000,1.12754,1.12828,1.12753,1.12823,1898.29
1496431800000,1.12826,1.1285,1.1281,1.12826,1977.05
1496432700000,1.12826,1.12846,1.12798,1.1282,2224.17
1496433600000,1.12818,1.12837,1.12798,1.12809,1526.35
1496434500000,1.1281,1.12826,1.12805,1.12823,1040.56
1496435400000,1.12823,1.12846,1.12817,1.12837,1310.95
1496436300000,1.12835,1.12836,1.12791,1.12825,2319.95
1496610000000,1.12703,1.12756,1.12701,1.1274,178.49
1496610900000,1.1274,1.12822,1.1274,1.12819,280.47
1496611800000,1.12818,1.12819,1.12731,1.12746,294.21
1496612700000,1.12745,1.12786,1.12739,1.1278,240.97
1496613600000,1.12782,1.12837,1.12759,1.12784,1662.36
1496614500000,1.12785,1.128,1.12744,1.12756,808.66
1496615400000,1.12757,1.12768,1.1274,1.12757,755.46
1496616300000,1.12757,1.12791,1.12732,1.12787,658.72
1496617200000,1.12791,1.12791,1.12762,1.12766,493.48
1496618100000,1.12766,1.12808,1.12759,1.12807,315.19
1496619000000,1.12808,1.1281,1.12775,1.128,578.55
1496619900000,1.12801,1.12809,1.12772,1.12772,474.07
1496620800000,1.12775,1.12782,1.1273,1.1273,1154.23
1496621700000,1.12731,1.12757,1.12698,1.12713,838.27
1496622600000,1.12709,1.12754,1.127,1.12729,534.75
1496623500000,1.12729,1.12741,1.12689,1.12724,777.75
1496624400000,1.12722,1.12754,1.12716,1.12754,513.42
1496625300000,1.1275,1.12771,1.12722,1.12734,681.94
1496626200000,1.12733,1.12742,1.12701,1.12708,734.69
1496627100000,1.12706,1.12722,1.12687,1.12694,675.7
1496628000000,1.12694,1.12732,1.12694,1.12716,456.29
1496628900000,1.12715,1.12721,1.12694,1.12704,728.11
1496629800000,1.12704,1.1271,1.12669,1.12684,460.94
1496630700000,1.12682,1.12737,1.12649,1.12735,578.98
1496631600000,1.12735,1.12746,1.12714,1.12714,572.32
1496632500000,1.12715,1.12715,1.12667,1.12675,601.09
1496633400000,1.12675,1.12705,1.12674,1.12697,296.84
1496634300000,1.12699,1.1271,1.12683,1.12706,374.11
1496635200000,1.12705,1.1271,1.12683,1.1269,243.22
1496636100000,1.1269,1.12698,1.12683,1.12694,186.2
1496637000000,1.12694,1.12694,1.12632,1.12662,638.35
1496637900000,1.1266,1.12685,1.12655,1.12663,384.19
1496638800000,1.12662,1.12662,1.12615,1.12638,867.63
1496639700000,1.12638,1.12668,1.12628,1.12653,432.38
1496640600000,1.12655,1.12655,1.12612,1.12622,553.38
1496641500000,1.12623,1.12665,1.12617,1.12646,510.58
1496642400000,1.12645,1.12681,1.12637,1.12657,1377.32
1496643300000,1.12657,1.12688,1.12647,1.12672,1112.71
1496644200000,1.1267,1.12698,1.12645,1.12649,1035.27
1496645100000,1.12648,1.12672,1.12623,1.12633,1267.02
1496646000000,1.12633,1.12785,1.126,1.12758,2346.83
1496646900000,1.12757,1.12768,1.12693,1.12717,1868.63
1496647800000,1.12717,1.12727,1.12671,1.12704,1552.37
1496648700000,1.12704,1.1275,1.12639,1.12651,1930.52
1496649600000,1.12651,1.12695,1.12641,1.12659,1399.41
1496650500000,1.12659,1.12689,1.1264,1.12653,1242.24
1496651400000,1.12649,1.12698,1.12628,1.12684,2291.05
1496652300000,1.12685,1.12721,1.1267,1.12719,1297.11
1496653200000,1.12718,1.12718,1.1262,1.12624,1659.09
1496654100000,1.12622,1.12652,1.12619,1.12638,2093.06
1496655000000,1.12638,1.12666,1.12622,1.12627,1525.46
1496655900000,1.12627,1.12665,1.12619,1.12648,1373.7
1496656800000,1.12648,1.1267,1.12628,1.12633,1676.97
1496657700000,1.12634,1.12635,1.12432,1.12443,2735.31
1496658600000,1.12443,1.12482,1.12409,1.12422,2505.18
1496659500000,1.12423,1.12429,1.12351,1.12429,2626.6
1496660400000,1.12429,1.12432,1.12364,1.12415,2267.23
1496661300000,1.12416,1.12462,1.12414,1.12455,1863.54
1496662200000,1.12455,1.12472,1.1241,1.12423,1771.95
1496663100000,1.12423,1.12472,1.12381,1.12468,2163.99
1496664000000,1.12466,1.1251,1.12449,1.1249,2402.14
1496664900000,1.1249,1.12514,1.1246,1.12463,2077.81
1496665800000,1.12463,1.12499,1.12427,1.12457,1983.54
1496666700000,1.12458,1.1246,1.12407,1.12418,1968.53
1496667600000,1.12418,1.12474,1.12342,1.12466,2616.97
1496668500000,1.12465,1.12545,1.12463,1.1253,2445.53
1496669400000,1.12533,1.12555,1.12519,1.12529,2709.52
1496670300000,1.12528,1.12546,1.1247,1.12495,2485.02
1496671200000,1.12496,1.12534,1.12449,1.12484,3027.74
1496672100000,1.12484,1.12534,1.12463,1.12508,2611.75
1496673000000,1.12507,1.12513,1.12442,1.12477,2962.96
1496673900000,1.12477,1.12554,1.12427,1.12502,3006.29
1496674800000,1.12504,1.12519,1.12472,1.12504,1630.81
1496675700000,1.12504,1.12549,1.12492,1.12502,1755.21
1496676600000,1.12503,1.1254,1.12479,1.12519,1801.24
1496677500000,1.12519,1.12534,1.12488,1.12499,1611.12
1496678400000,1.12497,1.12519,1.12476,1.12498,1395.9
1496679300000,1.12499,1.12515,1.12492,1.12502,1339.8
1496680200000,1.125,1.12523,1.1249,1.12521,1014.85
1496681100000,1.12522,1.12546,1.12513,1.12529,1273.05
1496682000000,1.1253,1.12593,1.1253,1.1257,1665.09
1496682900000,1.12571,1.1261,1.12551,1.12601,1016.48
1496683800000,1.12601,1.12643,1.12594,1.12597,1079.07
1496684700000,1.12598,1.12599,1.12568,1.12573,1651.3
1496685600000,1.12573,1.12578,1.12546,1.12554,845.43
1496686500000,1.12554,1.12567,1.12522,1.12528,769.73
1496687400000,1.12529,1.12548,1.12508,1.12544,909.03
1496688300000,1.12544,1.12574,1.12519,1.12571,1104.87
1496689200000,1.12572,1.12575,1.1254,1.12543,578.67
1496690100000,1.12542,1.12557,1.12526,1.12541,1089.36
1496691000000,1.12541,1.12576,1.12539,1.12548,694.05
1496691900000,1.12551,1.12564,1.12537,1.12554,1435.42
1496692800000,1.12554,1.12589,1.12551,1.12554,819.68
1496693700000,1.12554,1.12564,1.12547,1.1256,635.88
1496694600000,1.1256,1.12574,1.12554,1.12558,435.4
1496695500000,1.12558,1.1256,1.12533,1.12541,594.68
1496696400000,1.12543,1.12573,1.12535,1.12562,458.55
1496697300000,1.12562,1.12564,1.1255,1.12551,424.05
1496698200000,1.12551,1.12581,1.12543,1.1256,562.66
1496699100000,1.12561,1.12563,1.12534,1.12545,1077.27
1496700000000,1.12546,1.12585,1.12536,1.12576,587.51
1496700900000,1.12576,1.12593,1.12575,1.12588,408.69
1496701800000,1.12588,1.12597,1.12582,1.12585,352.36
1496702700000,1.12585,1.12587,1.12578,1.12581,595.12
1496703600000,1.12581,1.12595,1.12579,1.12581,469.69
1496704500000,1.12581,1.12582,1.1257,1.12575,509.18
1496705400000,1.12575,1.12586,1.12565,1.12572,598.01
1496706300000,1.12573,1.12575,1.1255,1.12573,434.04
1496707200000,1.12572,1.12598,1.12571,1.12587,1060.35
1496708100000,1.12586,1.12607,1.12579,1.12582,841.64
1496709000000,1.12581,1.12608,1.12575,1.12606,932.66
1496709900000,1.12606,1.12656,1.12603,1.12622,1547.37
1496710800000,1.12622,1.12668,1.12621,1.12666,1535.85
1496711700000,1.12666,1.12699,1.12665,1.12683,1572.22
1496712600000,1.12683,1.12702,1.12659,1.12688,1848.98
1496713500000,1.12689,1.12726,1.12689,1.12724,1462.87
1496714400000,1.12723,1.12744,1.12708,1.12724,1896.03
1496715300000,1.12723,1.12744,1.12702,1.12739,1285.92
1496716200000,1.12738,1.12748,1.12732,1.12744,991.69
1496717100000,1.12743,1.12746,1.1271,1.12722,930.73
1496718000000,1.12722,1.1274,1.12722,1.12728,800.5
1496718900000,1.12727,1.12732,1.12709,1.12709,764.63
1496719800000,1.12711,1.12722,1.12693,1.12697,663.6
1496720700000,1.12697,1.12699,1.12681,1.12687,779.48
1496721600000,1.12687,1.12687,1.12659,1.12677,555.46
1496722500000,1.12676,1.12677,1.12657,1.12672,758.1
1496723400000,1.12673,1.1268,1.12652,1.12675,1219.33
1496724300000,1.12675,1.12684,1.12668,1.1268,655.39
1496725200000,1.12681,1.12696,1.12658,1.12671,864.58
1496726100000,1.1267,1.12738,1.1267,1.12733,989.17
1496727000000,1.12736,1.12767,1.12735,1.12748,1262.83
1496727900000,1.12748,1.12775,1.12712,1.12734,1490.29
1496728800000,1.12733,1.12758,1.12703,1.12708,2191.78
1496729700000,1.12708,1.12765,1.12675,1.12682,2304.67
1496730600000,1.12682,1.12724,1.12659,1.12706,2292.84
1496731500000,1.12706,1.12729,1.12673,1.12693,2521.46
1496732400000,1.12692,1.127,1.12563,1.12577,3145.6
1496733300000,1.12579,1.1258,1.12423,1.12443,3396.72
1496734200000,1.12443,1.12492,1.12425,1.12484,2733.88
1496735100000,1.12484,1.12509,1.12468,1.12497,1935.82
1496736000000,1.12498,1.12531,1.12481,1.12509,2185.53
1496736900000,1.1251,1.12514,1.12473,1.12497,2032.86
1496737800000,1.12497,1.12549,1.12475,1.12543,1717.57
1496738700000,1.12544,1.12571,1.12511,1.12517,2295.6
1496739600000,1.12521,1.12532,1.12452,1.12468,2410.15
1496740500000,1.12468,1.12499,1.12442,1.1248,1980.45
1496741400000,1.12481,1.12505,1.12462,1.12476,2044.42
1496742300000,1.12474,1.12519,1.12469,1.12486,1791.58
1496743200000,1.12487,1.12499,1.12469,1.12489,1346.42
1496744100000,1.12491,1.12495,1.12442,1.12469,1878.72
1496745000000,1.12469,1.12494,1.1244,1.12474,2075.46
1496745900000,1.12474,1.1253,1.12468,1.12501,1882.98
1496746800000,1.12499,1.12499,1.12404,1.12458,2633.62
1496747700000,1.12458,1.12495,1.12432,1.12455,2189.78
1496748600000,1.12455,1.12595,1.12453,1.12566,3271.14
1496749500000,1.12568,1.12579,1.12483,1.12483,2617.87
1496750400000,1.12486,1.12577,1.12482,1.12577,2653.59
1496751300000,1.12576,1.1258,1.1254,1.12544,2206.6
1496752200000,1.12543,1.12565,1.12473,1.12508,3031.48
1496753100000,1.12508,1.12569,1.12473,1.12552,2739.36
1496754000000,1.12552,1.1262,1.12538,1.12614,2509.32
1496754900000,1.12614,1.1273,1.12608,1.12693,3142.91
1496755800000,1.12691,1.12757,1.12691,1.12748,3658.16
1496756700000,1.12748,1.12751,1.12653,1.12676,3017.11
1496757600000,1.12674,1.1274,1.12643,1.12654,3369.13
1496758500000,1.12655,1.12757,1.1261,1.12739,3242.16
1496759400000,1.12739,1.12765,1.12658,1.12669,3221.89
1496760300000,1.12671,1.12734,1.12644,1.12657,3613.92
1496761200000,1.12658,1.12694,1.12624,1.12674,2823.12
1496762100000,1.12672,1.12727,1.12663,1.12705,2704.06
1496763000000,1.12705,1.12721,1.12664,1.12696,2485.47
1496763900000,1.12697,1.12697,1.12627,1.12659,2123.32
1496764800000,1.1266,1.12715,1.12656,1.12683,2057.99
1496765700000,1.12683,1.12684,1.12644,1.12676,1577.54
1496766600000,1.12678,1.12708,1.12674,1.12694,1611.23
1496767500000,1.12692,1.12719,1.12675,1.12699,1383.45
1496768400000,1.12699,1.12815,1.12698,1.12811,1841.68
1496769300000,1.12812,1.12817,1.12756,1.12756,1870
1496770200000,1.12756,1.1277,1.1274,1.12751,1402.08
1496771100000,1.12751,1.12842,1.1274,1.12819,1423.39
1496772000000,1.1282,1.1282,1.12757,1.12785,2222.06
1496772900000,1.12785,1.12818,1.12781,1.12799,1370.93
1496773800000,1.12799,1.12807,1.12703,1.1273,2132.67
1496774700000,1.12731,1.12731,1.12679,1.12689,1983.3
1496775600000,1.12689,1.1277,1.12688,1.12759,1717.42
1496776500000,1.12757,1.12777,1.12719,1.12752,1435.5
1496777400000,1.1275,1.12785,1.12744,1.12776,1333.9
1496778300000,1.12775,1.12786,1.12757,1.12781,1878.88
1496779200000,1.12782,1.12783,1.12762,1.12768,1094.79
1496780100000,1.12767,1.12773,1.12719,1.12728,1160.44
1496781000000,1.12728,1.12745,1.12719,1.12745,1113.1
1496781900000,1.12744,1.12778,1.12743,1.12771,750.69
1496782800000,1.12771,1.12786,1.12762,1.12763,289.59
1496783700000,1.12763,1.1279,1.12762,1.12782,354.72
1496784600000,1.12784,1.12805,1.12767,1.12786,531.6
1496785500000,1.12785,1.12802,1.12774,1.12778,494.05
1496786400000,1.12778,1.12819,1.12774,1.12798,1217.78
1496787300000,1.12798,1.12811,1.12784,1.12789,710.83
1496788200000,1.12788,1.12797,1.1278,1.12787,375.74
1496789100000,1.12785,1.12789,1.12771,1.12777,381.36
1496790000000,1.12777,1.12783,1.12763,1.12772,465.49
1496790900000,1.12774,1.12781,1.12761,1.12768,378.03
1496791800000,1.12771,1.12773,1.12721,1.12731,915.54
1496792700000,1.12731,1.12733,1.12699,1.12702,1155.78
1496793600000,1.12701,1.12732,1.12675,1.12726,1297.33
1496794500000,1.12727,1.12752,1.12717,1.12748,1140.17
1496795400000,1.12748,1.12765,1.12721,1.12739,690.5
1496796300000,1.12741,1.12755,1.12722,1.12724,900.92
1496797200000,1.12724,1.12738,1.12703,1.12713,1050.78
1496798100000,1.12713,1.12722,1.12674,1.12687,1369.68
1496799000000,1.12686,1.12713,1.12677,1.12688,1668.36
1496799900000,1.12688,1.12727,1.12688,1.12694,1136.3
1496800800000,1.12694,1.12696,1.12667,1.12667,1294.05
1496801700000,1.12668,1.12684,1.1266,1.12667,948.31
1496802600000,1.12668,1.12669,1.12626,1.12651,1096.9
1496803500000,1.12651,1.12651,1.12619,1.12651,824.78
1496804400000,1.12651,1.12656,1.12641,1.12648,663.2
1496805300000,1.12648,1.12648,1.12624,1.12639,491.97
1496806200000,1.12639,1.12647,1.12634,1.12637,650.18
1496807100000,1.12637,1.12655,1.12629,1.12645,866.24
1496808000000,1.12645,1.12652,1.1262,1.12621,1025.95
1496808900000,1.12621,1.12625,1.12599,1.12625,697.33
1496809800000,1.12626,1.12645,1.12619,1.12644,626.83
1496810700000,1.12645,1.12656,1.12632,1.12645,839.03
1496811600000,1.12644,1.12656,1.1264,1.12655,685.67
1496812500000,1.12656,1.12669,1.12646,1.12666,536.98
1496813400000,1.12666,1.12682,1.12664,1.12676,836.57
1496814300000,1.12676,1.12676,1.12649,1.12651,903.82
1496815200000,1.12653,1.12687,1.1263,1.12671,1915.31
1496816100000,1.1267,1.12678,1.1263,1.12658,1607.59
1496817000000,1.12661,1.12755,1.12658,1.12744,2333.79
1496817900000,1.12744,1.12769,1.12721,1.12723,1848.14
1496818800000,1.12723,1.1273,1.12618,1.12619,3130.15
1496819700000,1.1262,1.1262,1.12462,1.1256,3297.83
1496820600000,1.12562,1.12566,1.12515,1.12555,2668.48
1496821500000,1.12555,1.12585,1.12521,1.12539,3015.59
1496822400000,1.12539,1.12614,1.12538,1.12611,2323.66
1496823300000,1.12611,1.12612,1.12538,1.12549,1808.26
1496824200000,1.12549,1.12612,1.1253,1.12604,2305.18
1496825100000,1.12606,1.12679,1.12594,1.12622,2234.1
1496826000000,1.12623,1.12718,1.12621,1.12677,2598.42
1496826900000,1.12678,1.12744,1.12653,1.12743,2049.52
1496827800000,1.12743,1.12769,1.12698,1.12737,2213.42
1496828700000,1.12736,1.12737,1.12694,1.12698,2074.52
1496829600000,1.12699,1.12706,1.12265,1.12265,3030.22
1496830500000,1.12267,1.12355,1.12104,1.12208,5374.07
1496831400000,1.12208,1.12229,1.12051,1.1212,3845.18
1496832300000,1.12119,1.12197,1.12051,1.12121,3300.18
1496833200000,1.12117,1.12138,1.12055,1.12138,2518.03
1496834100000,1.12141,1.12153,1.12039,1.12088,3334.5
1496835000000,1.12088,1.12223,1.12083,1.1221,2598.31
1496835900000,1.1221,1.1227,1.12135,1.12156,3410.49
1496836800000,1.12157,1.12217,1.12133,1.12162,2398.11
1496837700000,1.12162,1.12294,1.12162,1.12268,2693.2
1496838600000,1.12267,1.12324,1.12249,1.12279,3070.11
1496839500000,1.12278,1.12335,1.12267,1.12299,2746.52
1496840400000,1.123,1.12389,1.12277,1.12277,3337.98
1496841300000,1.12277,1.12343,1.12246,1.12308,3662.2
1496842200000,1.12307,1.12344,1.12298,1.12328,3295.18
1496843100000,1.12327,1.12629,1.12301,1.12616,5705.05
1496844000000,1.12617,1.12682,1.12586,1.12635,4214.48
1496844900000,1.12635,1.12665,1.12614,1.12634,2720.35
1496845800000,1.12636,1.12823,1.12623,1.12768,4028.17
1496846700000,1.12768,1.128,1.12606,1.12627,3906.55
1496847600000,1.12628,1.12635,1.12494,1.12525,3694.82
1496848500000,1.12524,1.12553,1.12467,1.12548,3039
1496849400000,1.12548,1.12551,1.12443,1.12454,2619.26
1496850300000,1.12455,1.12482,1.12301,1.12375,3180.6
1496851200000,1.12374,1.12391,1.12228,1.12304,3211.94
1496852100000,1.12305,1.12443,1.12305,1.12405,2938.67
1496853000000,1.12404,1.12524,1.12393,1.12523,2459.93
1496853900000,1.12525,1.12655,1.12513,1.12646,3749.91
1496854800000,1.12648,1.12722,1.12644,1.12665,3308.95
1496855700000,1.12666,1.12703,1.12645,1.12675,2179.92
1496856600000,1.12675,1.12675,1.12626,1.12668,1881.78
1496857500000,1.12669,1.12694,1.12634,1.12652,1671.96
1496858400000,1.12653,1.1268,1.12558,1.12614,2640.58
1496859300000,1.12613,1.12637,1.12578,1.12595,2008.92
1496860200000,1.12591,1.12619,1.1252,1.1256,1687.66
1496861100000,1.1256,1.12592,1.12525,1.12533,2094.46
1496862000000,1.12534,1.12558,1.12515,1.12537,1595.29
1496862900000,1.12535,1.12565,1.12532,1.12548,1213.47
1496863800000,1.1255,1.12623,1.12538,1.12613,1384.71
1496864700000,1.12613,1.12676,1.12603,1.12675,1407.5
1496865600000,1.12675,1.12687,1.12628,1.12628,757.57
1496866500000,1.12628,1.12649,1.12615,1.12633,700.19
1496867400000,1.12635,1.12657,1.12625,1.12655,784.71
1496868300000,1.12655,1.12672,1.12553,1.12554,1445.99
1496869200000,1.12552,1.12646,1.12542,1.1258,1019.95
1496870100000,1.12583,1.12615,1.12578,1.12598,1278.47
1496871000000,1.12594,1.12611,1.12571,1.12605,722.03
1496871900000,1.12607,1.12619,1.12586,1.12587,833.28
1496872800000,1.12593,1.12613,1.12568,1.12611,777.62
1496873700000,1.1261,1.12613,1.12582,1.1259,630.19
1496874600000,1.12591,1.12591,1.12546,1.12561,523.97
1496875500000,1.12561,1.1258,1.12561,1.1258,322.59
1496876400000,1.1258,1.1261,1.12571,1.12575,445.95
1496877300000,1.12576,1.12592,1.12562,1.12578,461.43
1496878200000,1.12578,1.12606,1.12556,1.12604,838.85
1496879100000,1.12605,1.12605,1.12544,1.12554,753.22
1496880000000,1.12554,1.12571,1.12519,1.12544,1250.96
1496880900000,1.12546,1.12546,1.12511,1.12513,1003.38
1496881800000,1.12512,1.12514,1.12478,1.12498,1533.56
1496882700000,1.12498,1.12516,1.1249,1.12504,1000.01
1496883600000,1.12504,1.12504,1.12471,1.12484,1070.51
1496884500000,1.12486,1.12518,1.12482,1.12501,606.43
1496885400000,1.12502,1.12522,1.1247,1.12522,1627.25
1496886300000,1.12522,1.12568,1.12505,1.1255,1195.43
1496887200000,1.12551,1.12589,1.12546,1.12553,1167.84
1496888100000,1.12553,1.12564,1.12535,1.12558,855.34
1496889000000,1.12558,1.12584,1.12551,1.12569,933.16
1496889900000,1.12568,1.12612,1.12567,1.12612,807.9
1496890800000,1.12612,1.12612,1.12568,1.12573,992.31
1496891700000,1.12571,1.12594,1.12563,1.12573,866.79
1496892600000,1.12573,1.12577,1.12547,1.12568,807.85
1496893500000,1.12568,1.12572,1.12532,1.12538,828.16
1496894400000,1.12537,1.12553,1.12528,1.12536,406.1
1496895300000,1.12536,1.12544,1.12511,1.12529,1281.18
1496896200000,1.12529,1.12532,1.12502,1.12518,1010.9
1496897100000,1.12518,1.12583,1.12518,1.12573,1992
1496898000000,1.12574,1.12595,1.12521,1.12562,1743.73
1496898900000,1.12562,1.12615,1.12549,1.12584,1638.38
1496899800000,1.12585,1.12588,1.12552,1.1258,1144.37
1496900700000,1.12579,1.12632,1.12562,1.12632,1608.23
1496901600000,1.12633,1.1269,1.12601,1.1263,2442.78
1496902500000,1.12628,1.1266,1.12592,1.12648,1609.08
1496903400000,1.12647,1.12655,1.12578,1.12578,2193.46
1496904300000,1.12579,1.12594,1.12506,1.12523,2329.43
1496905200000,1.12523,1.12598,1.125,1.12598,2384.1
1496906100000,1.12598,1.12614,1.12537,1.1257,2518.18
1496907000000,1.1257,1.12608,1.12515,1.12604,2565.39
1496907900000,1.12602,1.12647,1.12576,1.12598,1980.45
1496908800000,1.12595,1.12633,1.12561,1.12589,2134.62
1496909700000,1.12589,1.12602,1.12496,1.12518,1912.86
1496910600000,1.12517,1.12541,1.12443,1.12468,2128.42
1496911500000,1.12469,1.12503,1.12432,1.12488,2781.96
1496912400000,1.12489,1.12538,1.12405,1.12412,2966.84
1496913300000,1.12412,1.12448,1.12401,1.12429,2472.69
1496914200000,1.12427,1.12448,1.12401,1.12445,2815.24
1496915100000,1.12446,1.12446,1.12302,1.12329,2451.06
1496916000000,1.1233,1.1236,1.1231,1.12325,2104.31
1496916900000,1.12326,1.12374,1.12318,1.1236,1760.13
1496917800000,1.12361,1.12375,1.12328,1.12345,1679.48
1496918700000,1.12345,1.12352,1.12307,1.12346,1784.76
1496919600000,1.12346,1.12379,1.12329,1.12367,2152.99
1496920500000,1.12368,1.12415,1.12366,1.12383,2282.38
1496921400000,1.12382,1.12404,1.12336,1.12399,3021.04
1496922300000,1.12399,1.12626,1.12182,1.12246,5941.16
1496923200000,1.12248,1.12306,1.12167,1.12282,3878.72
1496924100000,1.12284,1.12335,1.12258,1.12319,3097.44
1496925000000,1.12319,1.12502,1.11993,1.12101,8891.45
1496925900000,1.12109,1.12375,1.11947,1.12263,6409.61
1496926800000,1.12263,1.12299,1.1217,1.12245,3906.76
1496927700000,1.12245,1.12251,1.12076,1.12219,4472.54
1496928600000,1.12218,1.12255,1.12141,1.12168,4233.65
1496929500000,1.12167,1.12224,1.12137,1.12185,3425.47
1496930400000,1.12187,1.12189,1.11958,1.11975,5236.61
1496931300000,1.11974,1.12145,1.1196,1.12145,4710.36
1496932200000,1.12145,1.12235,1.12135,1.12202,3864.37
1496933100000,1.12202,1.12237,1.12159,1.12212,3831.28
1496934000000,1.12211,1.12241,1.12176,1.12216,3682.82
1496934900000,1.12215,1.12233,1.12162,1.12193,2507.69
1496935800000,1.12191,1.12217,1.12129,1.12194,2432.56
1496936700000,1.12194,1.12199,1.12146,1.12166,2190.14
1496937600000,1.12166,1.12175,1.12078,1.12079,2394.2
1496938500000,1.12079,1.12175,1.12071,1.12165,2003.08
1496939400000,1.12167,1.122,1.12092,1.12103,1962.76
1496940300000,1.12103,1.12136,1.12075,1.12114,1818.12
1496941200000,1.12113,1.12113,1.12016,1.12037,1873.48
1496942100000,1.12037,1.12074,1.12034,1.12049,2007.58
1496943000000,1.12051,1.1213,1.12051,1.12084,1641.18
1496943900000,1.12086,1.12137,1.12078,1.12116,1286.23
1496944800000,1.12116,1.12129,1.12088,1.12123,1194.13
1496945700000,1.12123,1.12183,1.12106,1.12162,1786.08
1496946600000,1.12164,1.12189,1.12152,1.12189,1186.87
1496947500000,1.12189,1.12285,1.12188,1.12223,2674.51
1496948400000,1.12223,1.12257,1.12156,1.12157,1993.11
1496949300000,1.12156,1.1217,1.12107,1.12134,1991.75
1496950200000,1.12134,1.12145,1.12103,1.12111,1459.67
1496951100000,1.12111,1.1218,1.12095,1.12172,1822.9
1496952000000,1.12172,1.12182,1.12152,1.12166,737.55
1496952900000,1.12163,1.1218,1.12137,1.12148,888.49
1496953800000,1.12147,1.12153,1.12132,1.12142,686.14
1496954700000,1.12142,1.12159,1.12121,1.12122,1012.03
1496955600000,1.12123,1.12366,1.12027,1.1215,2636.02
1496956500000,1.12141,1.12229,1.12074,1.12076,2350.66
1496957400000,1.12074,1.1209,1.11994,1.12005,1147.21
1496958300000,1.12005,1.12086,1.12005,1.1205,1469.21
1496959200000,1.1205,1.12076,1.1202,1.12063,1683.89
1496960100000,1.12063,1.12141,1.12045,1.12089,1753.93
1496961000000,1.12089,1.12089,1.12033,1.12044,1269.06
1496961900000,1.12046,1.12064,1.1203,1.12033,1934.3
1496962800000,1.12034,1.12035,1.11963,1.11971,2722.01
1496963700000,1.11971,1.11984,1.11917,1.11932,1534.62
1496964600000,1.11933,1.11947,1.11816,1.11841,1740.55
1496965500000,1.1184,1.11896,1.118,1.11883,2184.4
1496966400000,1.11884,1.11948,1.11862,1.11912,3049.52
1496967300000,1.11912,1.11913,1.11838,1.11851,2359.97
1496968200000,1.11851,1.11859,1.11803,1.11837,1785.87
1496969100000,1.11838,1.11857,1.11792,1.11822,2369.56
1496970000000,1.11823,1.11841,1.11806,1.11838,1380.35
1496970900000,1.11838,1.11939,1.11833,1.11927,1710.27
1496971800000,1.11926,1.12009,1.11916,1.11999,1882.74
1496972700000,1.11999,1.11999,1.11944,1.11989,1927.22
1496973600000,1.11989,1.12001,1.11929,1.11936,1726.81
1496974500000,1.11937,1.11957,1.11907,1.11926,1727.97
1496975400000,1.11927,1.11975,1.11901,1.11938,1517.84
1496976300000,1.11938,1.11963,1.11919,1.11957,1581.68
1496977200000,1.11957,1.11973,1.11916,1.11921,1287.22
1496978100000,1.11922,1.11986,1.11916,1.11974,1400.35
1496979000000,1.11974,1.12061,1.11964,1.12013,1725.81
1496979900000,1.12013,1.12041,1.11963,1.12002,1496.3
1496980800000,1.12002,1.12033,1.11987,1.12033,979.83
1496981700000,1.12034,1.12079,1.12027,1.12068,1758.12
1496982600000,1.12068,1.12068,1.12016,1.12059,1401.49
1496983500000,1.12059,1.12144,1.12044,1.12044,2114.53
1496984400000,1.12041,1.1206,1.12011,1.12058,1540.63
1496985300000,1.12057,1.12133,1.12038,1.12058,1821.34
1496986200000,1.12057,1.12117,1.12019,1.12092,2333.07
1496987100000,1.12092,1.12127,1.12021,1.12035,1865.91
1496988000000,1.12035,1.12157,1.11865,1.12139,3841.91
1496988900000,1.1214,1.12143,1.12008,1.12065,3252.71
1496989800000,1.12065,1.12098,1.11878,1.1193,4064.67
1496990700000,1.11928,1.11971,1.11867,1.1189,3840.5
1496991600000,1.11891,1.11989,1.11885,1.11921,4650.53
1496992500000,1.11921,1.11972,1.11851,1.1192,3897.57
1496993400000,1.11919,1.11982,1.11893,1.11982,3051.23
1496994300000,1.11982,1.11982,1.11894,1.11896,2863.4
1496995200000,1.11895,1.11904,1.11821,1.1184,3203.83
1496996100000,1.1184,1.11874,1.11804,1.11817,3700.69
1496997000000,1.11817,1.11932,1.11698,1.1171,4898.77
1496997900000,1.11712,1.11777,1.11708,1.11762,3193.86
1496998800000,1.11762,1.1184,1.1175,1.11831,2797.92
1496999700000,1.11831,1.11854,1.11788,1.11842,2783.31
1497000600000,1.11842,1.11874,1.11807,1.11819,2116.76
1497001500000,1.11819,1.11828,1.1173,1.1173,2274.71
1497002400000,1.11728,1.1182,1.11728,1.1178,2388.17
1497003300000,1.11779,1.11835,1.11763,1.11799,2502.87
1497004200000,1.11798,1.11804,1.11734,1.11789,1852.3
1497005100000,1.11788,1.11851,1.11767,1.11807,3028.76
1497006000000,1.11806,1.11834,1.11748,1.11761,2694.16
1497006900000,1.11762,1.1182,1.11748,1.11772,1833.86
1497007800000,1.11773,1.11815,1.11771,1.11789,1467.26
1497008700000,1.1179,1.11823,1.11785,1.11792,1879.22
1497009600000,1.11796,1.11802,1.11715,1.11756,2860.03
1497010500000,1.11756,1.11783,1.11711,1.11776,2491.47
1497011400000,1.11775,1.1178,1.11725,1.11759,2894.56
1497012300000,1.11758,1.11785,1.1167,1.1169,3050.83
1497013200000,1.11688,1.11735,1.11663,1.11701,2713.71
1497014100000,1.11701,1.11754,1.11689,1.11734,2509.94
1497015000000,1.11735,1.1177,1.11718,1.1176,2930.92
1497015900000,1.1176,1.11814,1.11736,1.11742,3019.67
1497016800000,1.11742,1.11888,1.1174,1.11853,3347.92
1497017700000,1.11853,1.11866,1.11807,1.11818,2165.47
1497018600000,1.11818,1.11865,1.11804,1.11823,2101.59
1497019500000,1.11823,1.11848,1.11813,1.11831,2349.08
1497020400000,1.11833,1.11875,1.11825,1.11861,3032.44
1497021300000,1.1186,1.11916,1.11849,1.11901,2703.41
1497022200000,1.11901,1.11913,1.11836,1.11908,2306.11
1497023100000,1.11909,1.11926,1.11881,1.11891,1732.79
1497024000000,1.11893,1.11949,1.11871,1.1194,1808.11
1497024900000,1.1194,1.11979,1.11939,1.11967,2194.16
1497025800000,1.11968,1.12,1.11958,1.11975,2049.91
1497026700000,1.11975,1.12007,1.11967,1.11975,1831.11
1497027600000,1.11977,1.12039,1.11972,1.12004,2661.11
1497028500000,1.12005,1.12007,1.11977,1.11978,1978.15
1497029400000,1.11978,1.12022,1.11968,1.11968,1827.1
1497030300000,1.11966,1.11984,1.11938,1.11943,1874.43
1497031200000,1.11943,1.11947,1.1191,1.11915,1812.68
1497032100000,1.11916,1.11926,1.11909,1.11917,1413.66
1497033000000,1.11918,1.11952,1.11909,1.11918,1655.75
1497033900000,1.11919,1.1199,1.11918,1.11962,3275.72
1497034800000,1.11961,1.11996,1.11923,1.11958,3440.58
1497035700000,1.11955,1.11987,1.11932,1.11972,2198.83
1497036600000,1.11971,1.11977,1.11951,1.11967,1745.79
1497037500000,1.11967,1.11971,1.11937,1.11953,1983.85
1497038400000,1.11951,1.11969,1.11938,1.11938,1317.39
1497039300000,1.11939,1.1196,1.11937,1.1195,1196.38
1497040200000,1.1195,1.11979,1.11948,1.11964,1191.41
1497041100000,1.11965,1.11972,1.11935,1.11941,1616.65
1497214800000,1.12061,1.12075,1.12048,1.12057,468.58
1497215700000,1.12057,1.12063,1.12046,1.12048,516.38
1497216600000,1.12054,1.12066,1.12051,1.12055,414.05
1497217500000,1.12056,1.12062,1.12047,1.12048,657.99
1497218400000,1.12047,1.12096,1.12037,1.12085,869.65
1497219300000,1.12085,1.12085,1.1205,1.12055,654.43
1497220200000,1.12056,1.12057,1.12027,1.1203,695.13
1497221100000,1.12029,1.12043,1.12027,1.12036,498.87
1497222000000,1.12037,1.12042,1.12018,1.12018,386.74
1497222900000,1.12021,1.12049,1.12012,1.12048,447.07
1497223800000,1.12052,1.1206,1.11988,1.1199,730.47
1497224700000,1.11991,1.12016,1.11971,1.12016,1396.44
1497225600000,1.12015,1.12056,1.11992,1.12047,1855.92
1497226500000,1.12046,1.12051,1.12016,1.12022,909.24
1497227400000,1.12022,1.12074,1.12022,1.12046,994.64
1497228300000,1.12047,1.12078,1.12023,1.1205,1296.07
1497229200000,1.12049,1.12073,1.12042,1.12061,994.7
1497230100000,1.12061,1.12076,1.12057,1.12068,672.66
1497231000000,1.12068,1.12068,1.12035,1.12037,742.03
1497231900000,1.12037,1.12039,1.11977,1.11977,1265.42
1497232800000,1.11975,1.12025,1.11975,1.11996,1029.07
1497233700000,1.11996,1.1207,1.11996,1.1207,1405.88
1497234600000,1.12069,1.12118,1.12065,1.12087,1289.76
1497235500000,1.12089,1.1211,1.12078,1.12101,1401.57
1497236400000,1.12101,1.12102,1.12066,1.12068,1162.05
1497237300000,1.12067,1.12077,1.12039,1.1204,865.25
1497238200000,1.12042,1.12067,1.12042,1.12059,848.01
1497239100000,1.12059,1.12067,1.12045,1.12066,790.52
1497240000000,1.12066,1.12083,1.12063,1.12063,621.02
1497240900000,1.12062,1.12069,1.1202,1.12054,861.65
1497241800000,1.12055,1.12066,1.12053,1.12063,396.54
1497242700000,1.12064,1.12068,1.12059,1.12065,391.17
1497243600000,1.12065,1.12098,1.12062,1.12092,739.65
1497244500000,1.12092,1.121,1.12079,1.121,556.51
1497245400000,1.12099,1.12102,1.12077,1.12097,1052.78
1497246300000,1.12098,1.12165,1.1209,1.12123,1416.48
1497247200000,1.12125,1.12151,1.12115,1.12124,2001.03
1497248100000,1.12123,1.12137,1.12088,1.12097,2007.21
1497249000000,1.12097,1.12138,1.1209,1.12124,1817.72
1497249900000,1.12124,1.12165,1.12108,1.12109,2029.8
1497250800000,1.12109,1.12146,1.12048,1.12049,2886.98
1497251700000,1.1205,1.12108,1.12042,1.12103,2116.59
1497252600000,1.12102,1.12184,1.12097,1.12163,2455.9
1497253500000,1.12161,1.12237,1.1213,1.12211,1995.98
1497254400000,1.12211,1.12274,1.12197,1.12213,2767.37
1497255300000,1.12214,1.12257,1.12177,1.12187,2523.14
1497256200000,1.12187,1.12199,1.12152,1.12181,2342.24
1497257100000,1.12181,1.12268,1.12178,1.12255,2512.79
1497258000000,1.12255,1.12262,1.12193,1.12228,2889.88
1497258900000,1.1223,1.12236,1.12173,1.12176,2299.35
1497259800000,1.12176,1.122,1.12158,1.1218,2212.83
1497260700000,1.12179,1.12203,1.12159,1.12165,2783.46
1497261600000,1.12165,1.12208,1.12132,1.12189,2366.23
1497262500000,1.12188,1.12188,1.1215,1.12173,1985.8
1497263400000,1.12173,1.12265,1.12091,1.12108,2300.9
1497264300000,1.12108,1.12169,1.12082,1.12166,1996.78
1497265200000,1.12164,1.12244,1.12145,1.12241,2223.49
1497266100000,1.12241,1.12268,1.12222,1.12247,2001.07
1497267000000,1.12244,1.12321,1.12236,1.12262,2352.98
1497267900000,1.12263,1.12265,1.12184,1.12188,1998.45
1497268800000,1.1219,1.12214,1.12175,1.12214,2690.64
1497269700000,1.12215,1.12245,1.12195,1.12243,2925.73
1497270600000,1.12243,1.12249,1.12176,1.12184,2228.98
1497271500000,1.12183,1.12202,1.12134,1.12147,2091.62
1497272400000,1.12147,1.12183,1.12127,1.12159,1980.03
1497273300000,1.1216,1.12199,1.12158,1.12173,1943.7
1497274200000,1.12175,1.12184,1.12103,1.12149,2800.93
1497275100000,1.12149,1.12149,1.12033,1.12086,3724.12
1497276000000,1.12084,1.12104,1.1202,1.12024,2946.01
1497276900000,1.12023,1.12034,1.11918,1.11988,3363.17
1497277800000,1.11988,1.12012,1.11955,1.11999,2554.79
1497278700000,1.12,1.12054,1.11982,1.12029,3109.86
1497279600000,1.12028,1.12035,1.11983,1.12013,3217.34
1497280500000,1.12014,1.12053,1.1197,1.11989,2469.16
1497281400000,1.11989,1.12052,1.11981,1.12021,2717.44
1497282300000,1.12021,1.12051,1.11991,1.12029,2481.38
1497283200000,1.12028,1.1205,1.11999,1.12015,1876.58
1497284100000,1.12016,1.12049,1.11983,1.12046,1774.93
1497285000000,1.12046,1.12047,1.11969,1.11975,1428.79
1497285900000,1.11977,1.12003,1.11964,1.11979,1842.24
1497286800000,1.11979,1.12028,1.11979,1.12004,1951.59
1497287700000,1.12004,1.12046,1.11993,1.12018,2290.61
1497288600000,1.12018,1.12019,1.1196,1.11969,1649.78
1497289500000,1.1197,1.12067,1.11958,1.12039,2419.9
1497290400000,1.1204,1.12047,1.12008,1.12037,1465.94
1497291300000,1.12037,1.12045,1.11987,1.12004,2800.18
1497292200000,1.12006,1.12018,1.11985,1.12015,1758.16
1497293100000,1.12015,1.12085,1.12013,1.12079,2367.32
1497294000000,1.12081,1.12099,1.12053,1.12076,2286.4
1497294900000,1.12076,1.12079,1.12038,1.12054,1264.31
1497295800000,1.12055,1.12055,1.12024,1.12029,787.99
1497296700000,1.12031,1.12049,1.12007,1.12044,1489.59
1497297600000,1.12044,1.12078,1.12018,1.12077,862.61
1497298500000,1.12078,1.12079,1.12019,1.12037,1098.64
1497299400000,1.12036,1.1205,1.12014,1.12032,1060.06
1497300300000,1.12032,1.12052,1.12013,1.12029,812.09
1497301200000,1.12033,1.12059,1.12018,1.12048,461.94
1497302100000,1.12043,1.12069,1.12033,1.12044,568.29
1497303000000,1.12044,1.1206,1.12025,1.12041,631.21
1497303900000,1.12042,1.12076,1.12036,1.12056,731.96
1497304800000,1.12053,1.12055,1.1201,1.12015,378.83
1497305700000,1.12013,1.12048,1.12012,1.12027,504.84
1497306600000,1.12027,1.12041,1.12025,1.12033,541.02
1497307500000,1.12034,1.1204,1.12016,1.12017,626.49
1497308400000,1.12018,1.12021,1.11998,1.12015,720.06
1497309300000,1.12014,1.12021,1.11999,1.12013,444.3
1497310200000,1.12014,1.12017,1.11973,1.11976,764.33
1497311100000,1.11981,1.11992,1.11952,1.11973,862.33
1497312000000,1.11972,1.12009,1.11958,1.11966,1220.52
1497312900000,1.11967,1.11982,1.11933,1.11961,876.07
1497313800000,1.11962,1.1199,1.11949,1.1197,806.2
1497314700000,1.1197,1.11981,1.11943,1.11944,866.79
1497315600000,1.11943,1.11956,1.11918,1.11922,869.43
1497316500000,1.11922,1.11934,1.11898,1.11903,1325.26
1497317400000,1.11903,1.11943,1.11901,1.11921,1033.85
1497318300000,1.11921,1.11963,1.11919,1.11923,1492.45
1497319200000,1.11925,1.11945,1.1191,1.11945,1162.6
1497320100000,1.11944,1.11984,1.11944,1.11978,952.05
1497321000000,1.11977,1.11989,1.11968,1.11973,1028.61
1497321900000,1.11974,1.11978,1.11942,1.11963,783.28
1497322800000,1.11962,1.11965,1.11905,1.11909,1329.29
1497323700000,1.11908,1.11928,1.11893,1.11918,1292.69
1497324600000,1.11918,1.11933,1.11911,1.11918,578.53
1497325500000,1.11918,1.11918,1.1189,1.11902,749.3
1497326400000,1.11901,1.11924,1.11901,1.11923,798.14
1497327300000,1.11923,1.11934,1.11922,1.11929,584.8
1497328200000,1.11929,1.11936,1.11928,1.11929,367.66
1497329100000,1.11929,1.11936,1.11923,1.1193,627.87
1497330000000,1.11929,1.11936,1.11923,1.11924,786.02
1497330900000,1.11924,1.1193,1.11905,1.11909,652.81
1497331800000,1.11909,1.1191,1.11878,1.11883,995.22
1497332700000,1.11883,1.119,1.11852,1.11875,1966.92
1497333600000,1.11874,1.11933,1.11853,1.11903,2012.37
1497334500000,1.11906,1.11953,1.11863,1.11942,1849.52
1497335400000,1.11941,1.1197,1.11931,1.11954,1864.45
1497336300000,1.11953,1.11984,1.11915,1.1194,2595.13
1497337200000,1.11942,1.11995,1.11898,1.11939,3119.27
1497338100000,1.11939,1.12103,1.11913,1.12095,2475.11
1497339000000,1.12101,1.1213,1.12063,1.12093,3446.53
1497339900000,1.12093,1.1218,1.12078,1.12171,3178.72
1497340800000,1.12171,1.12249,1.12171,1.12181,3666.83
1497341700000,1.12181,1.12194,1.12157,1.12167,2195.74
1497342600000,1.12167,1.12181,1.12088,1.12105,2832.09
1497343500000,1.12104,1.12154,1.1209,1.12123,2425.27
1497344400000,1.12123,1.12161,1.12115,1.12153,2361.74
1497345300000,1.12153,1.12172,1.1206,1.12065,2309.9
1497346200000,1.12066,1.12094,1.12039,1.12063,2101.57
1497347100000,1.12063,1.12088,1.12051,1.12074,1647.86
1497348000000,1.12073,1.12122,1.12069,1.12109,1974.61
1497348900000,1.12112,1.12114,1.12059,1.12068,1619.34
1497349800000,1.12068,1.12078,1.12045,1.12047,1375.69
1497350700000,1.12047,1.12066,1.12005,1.12065,2546.24
1497351600000,1.12066,1.12112,1.12021,1.12098,2169.12
1497352500000,1.12098,1.1212,1.12084,1.1212,1902.54
1497353400000,1.12122,1.12149,1.1212,1.12144,1676.01
1497354300000,1.12146,1.12202,1.12123,1.12175,2418.33
1497355200000,1.12178,1.122,1.1215,1.12168,2338.73
1497356100000,1.12168,1.12197,1.12151,1.12157,1948.56
1497357000000,1.12156,1.12169,1.12099,1.12103,3019.85
1497357900000,1.12105,1.12112,1.12065,1.1207,2612.4
1497358800000,1.12072,1.12104,1.1204,1.12056,2915.71
1497359700000,1.12054,1.12074,1.12033,1.12035,2340.74
1497360600000,1.12036,1.12093,1.12008,1.12067,2771.57
1497361500000,1.12066,1.12107,1.12054,1.12078,2687.84
1497362400000,1.12078,1.12138,1.12076,1.12081,3111.94
1497363300000,1.12082,1.12113,1.12058,1.12092,2704.09
1497364200000,1.12092,1.12168,1.12075,1.12158,2191.45
1497365100000,1.12159,1.12184,1.12059,1.12063,3668.26
1497366000000,1.12066,1.12078,1.12037,1.12068,2522.37
1497366900000,1.12068,1.12116,1.12068,1.12093,2080.98
1497367800000,1.12091,1.12093,1.11925,1.11953,2979.23
1497368700000,1.11953,1.11983,1.11922,1.11932,3237.2
1497369600000,1.11933,1.12001,1.1192,1.12,2219.37
1497370500000,1.12001,1.12008,1.11961,1.11977,1685.22
1497371400000,1.11978,1.12031,1.11972,1.12007,1661.9
1497372300000,1.12007,1.12026,1.11998,1.12017,2433.53
1497373200000,1.12017,1.12068,1.12017,1.12044,2324.38
1497374100000,1.12043,1.12061,1.12023,1.12043,1847.82
1497375000000,1.12043,1.12054,1.12028,1.12038,1327.66
1497375900000,1.12037,1.12046,1.12013,1.12019,1413.77
1497376800000,1.12021,1.12049,1.12019,1.12034,1245.18
1497377700000,1.12034,1.12085,1.12031,1.1207,1434.14
1497378600000,1.1207,1.1212,1.12069,1.12114,1470.32
1497379500000,1.12113,1.12126,1.12107,1.12113,1580.91
1497380400000,1.12112,1.12116,1.12072,1.12078,1179.17
1497381300000,1.12077,1.12079,1.12063,1.12069,783.59
1497382200000,1.12069,1.12083,1.12063,1.12077,736.77
1497383100000,1.12078,1.12098,1.12066,1.12069,1134.01
1497384000000,1.12069,1.12082,1.12062,1.1207,957.13
1497384900000,1.12069,1.12079,1.12063,1.1207,592.32
1497385800000,1.12071,1.12097,1.12069,1.1209,662.17
1497386700000,1.12088,1.12113,1.12086,1.12107,745.74
1497387600000,1.12106,1.12112,1.12059,1.12088,338.88
1497388500000,1.12089,1.12114,1.12081,1.12103,361
1497389400000,1.12103,1.12132,1.1207,1.12086,686.73
1497390300000,1.12086,1.12096,1.12066,1.12086,752.45
1497391200000,1.12086,1.12115,1.12085,1.12101,1084.66
1497392100000,1.121,1.12104,1.12065,1.12084,593.31
1497393000000,1.12086,1.12089,1.12077,1.1208,310.11
1497393900000,1.1208,1.12085,1.12068,1.12083,294.34
1497394800000,1.12083,1.12095,1.12078,1.12081,374.51
1497395700000,1.12081,1.12089,1.12071,1.12086,413.34
1497396600000,1.12086,1.12109,1.12084,1.12095,522.53
1497397500000,1.12094,1.12096,1.12078,1.12091,440.01
1497398400000,1.12091,1.12133,1.12089,1.12098,999.02
1497399300000,1.12098,1.1211,1.12071,1.12105,907.74
1497400200000,1.12105,1.12152,1.12101,1.12147,1164.97
1497401100000,1.12147,1.12148,1.12122,1.12137,1094.26
1497402000000,1.12137,1.12144,1.12122,1.12133,1146.49
1497402900000,1.12133,1.1214,1.12123,1.12133,858.59
1497403800000,1.12132,1.12175,1.12129,1.12169,1228.7
1497404700000,1.12168,1.12174,1.12147,1.12155,1033.06
1497405600000,1.12156,1.12181,1.12145,1.12178,1328.14
1497406500000,1.12178,1.12197,1.12163,1.12164,1424.89
1497407400000,1.12165,1.12172,1.1213,1.12145,1429.83
1497408300000,1.12145,1.12154,1.12113,1.12123,1313.38
1497409200000,1.12122,1.12168,1.1212,1.1216,1544.58
1497410100000,1.1216,1.12161,1.12132,1.12152,1309.63
1497411000000,1.12152,1.12156,1.12148,1.12151,585.53
1497411900000,1.12149,1.1216,1.12148,1.12149,675.45
1497412800000,1.12149,1.12158,1.12148,1.12154,630.98
1497413700000,1.12154,1.12156,1.12127,1.12129,489.12
1497414600000,1.1213,1.12142,1.12127,1.12142,467.86
1497415500000,1.12145,1.1216,1.1214,1.12151,843.94
1497416400000,1.12151,1.12165,1.12147,1.12149,914.3
1497417300000,1.12149,1.12171,1.12145,1.12164,757.62
1497418200000,1.12164,1.12171,1.12156,1.12165,564.45
1497419100000,1.12165,1.12194,1.12155,1.12194,1124.39
1497420000000,1.12191,1.12191,1.12125,1.1216,2381.24
1497420900000,1.12159,1.12227,1.12142,1.12205,2943.41
1497421800000,1.12206,1.12253,1.12182,1.12226,2836.19
1497422700000,1.12225,1.12249,1.12187,1.12214,2678.68
1497423600000,1.12211,1.12211,1.12144,1.12179,2852.77
1497424500000,1.12179,1.12184,1.12099,1.12133,2640.86
1497425400000,1.12132,1.12196,1.12129,1.12151,2400.62
1497426300000,1.12152,1.12161,1.12079,1.12089,2397.14
1497427200000,1.1209,1.12099,1.12054,1.12088,2420.92
1497428100000,1.1209,1.12118,1.12075,1.12096,2315.58
1497429000000,1.12095,1.12159,1.12091,1.12118,2474.9
1497429900000,1.12116,1.12121,1.12074,1.12075,2298.61
1497430800000,1.12077,1.12109,1.12063,1.12086,2059.65
1497431700000,1.12086,1.12105,1.12072,1.12099,1983.05
1497432600000,1.12099,1.12157,1.12028,1.12047,2878.22
1497433500000,1.12047,1.12091,1.12035,1.12063,2353.2
1497434400000,1.12062,1.12079,1.12014,1.12014,2236.36
1497435300000,1.12017,1.1206,1.12014,1.12052,1485.99
1497436200000,1.12052,1.1206,1.12037,1.12055,1124.99
1497437100000,1.12055,1.12081,1.12042,1.12046,1443.68
1497438000000,1.12047,1.12048,1.12004,1.12036,2161.61
1497438900000,1.12035,1.12077,1.12027,1.12067,2317.49
1497439800000,1.12066,1.12072,1.12005,1.12007,2103.1
1497440700000,1.12007,1.12038,1.11976,1.12013,2200.37
1497441600000,1.12014,1.12033,1.1199,1.12027,2259.47
1497442500000,1.12029,1.12059,1.12013,1.12037,2274.71
1497443400000,1.12029,1.12599,1.12028,1.12522,6719.7
1497444300000,1.12521,1.12677,1.12521,1.12631,6250.63
1497445200000,1.1263,1.12784,1.12621,1.12701,5545.92
1497446100000,1.12697,1.12778,1.12644,1.12704,4231.31
1497447000000,1.12702,1.12748,1.12678,1.12687,4344.26
1497447900000,1.12686,1.12785,1.12684,1.12716,3743.39
1497448800000,1.12718,1.12958,1.127,1.12928,5150.89
1497449700000,1.12925,1.12953,1.12748,1.12759,4598.49
1497450600000,1.1276,1.1281,1.12737,1.12772,5274.1
1497451500000,1.12772,1.12818,1.1275,1.12792,4443.15
1497452400000,1.12794,1.12821,1.12749,1.12809,4137.57
1497453300000,1.1281,1.12819,1.12725,1.12768,3703.44
1497454200000,1.12767,1.12856,1.12754,1.12851,3365.5
1497455100000,1.12851,1.12858,1.12751,1.12763,3347.22
1497456000000,1.12763,1.12795,1.1276,1.12783,2220.56
1497456900000,1.12779,1.12782,1.12733,1.12755,1678.36
1497457800000,1.12755,1.12776,1.12721,1.12728,2003.45
1497458700000,1.12728,1.12737,1.12655,1.1273,2273
1497459600000,1.12732,1.12746,1.12659,1.12666,1972.18
1497460500000,1.12665,1.12689,1.1263,1.12667,2219.9
1497461400000,1.12667,1.12704,1.12663,1.12686,1877.96
1497462300000,1.12684,1.12745,1.12665,1.12702,2879.27
1497463200000,1.12702,1.12889,1.12517,1.12523,7019.09
1497464100000,1.12522,1.12594,1.12454,1.12479,4804.86
1497465000000,1.12481,1.12535,1.12077,1.12392,7647.93
1497465900000,1.12391,1.12392,1.12149,1.12149,6739.6
1497466800000,1.1215,1.12232,1.12071,1.12166,4846.49
1497467700000,1.12168,1.12172,1.1193,1.11983,5073.83
1497468600000,1.11982,1.12181,1.11972,1.12127,3806.86
1497469500000,1.12129,1.122,1.12117,1.12184,3273.02
1497470400000,1.12184,1.12193,1.12149,1.12174,1454.16
1497471300000,1.12174,1.12202,1.12139,1.12148,1446.39
1497472200000,1.12148,1.12207,1.12139,1.12203,1864.59
1497473100000,1.12202,1.12231,1.12162,1.1217,1490.03
1497474000000,1.12173,1.12187,1.1216,1.12175,340.6
1497474900000,1.12175,1.12196,1.12171,1.12175,475.32
1497475800000,1.12175,1.12194,1.12154,1.12178,551.38
1497476700000,1.12178,1.12198,1.12146,1.12167,758.09
1497477600000,1.12164,1.12168,1.12111,1.12112,1145
1497478500000,1.12113,1.12116,1.12051,1.12116,1342.25
1497479400000,1.12116,1.12142,1.12101,1.12139,1013.39
1497480300000,1.12138,1.12186,1.12093,1.12096,1385.71
1497481200000,1.12096,1.12143,1.12093,1.12128,966.93
1497482100000,1.12129,1.12156,1.12124,1.12145,1166.95
1497483000000,1.12145,1.12157,1.12132,1.12148,1281.97
1497483900000,1.12149,1.1216,1.12111,1.12129,1087.61
1497484800000,1.1213,1.12167,1.12097,1.12146,1602.63
1497485700000,1.12146,1.12167,1.12126,1.12161,1355.08
1497486600000,1.1216,1.12166,1.12122,1.12141,1424.61
1497487500000,1.12141,1.12219,1.12141,1.12184,1720.48
1497488400000,1.12184,1.1224,1.1218,1.12225,1847.84
1497489300000,1.12225,1.12268,1.12214,1.1226,1498.56
1497490200000,1.1226,1.12285,1.12212,1.12221,2222.77
1497491100000,1.12221,1.12233,1.12171,1.12201,1746.54
1497492000000,1.12201,1.12219,1.12195,1.12215,1163.54
1497492900000,1.12215,1.12237,1.12211,1.12225,1062.75
1497493800000,1.12226,1.1223,1.12189,1.1219,1438.41
1497494700000,1.1219,1.12193,1.12164,1.12166,964.77
1497495600000,1.12164,1.122,1.12149,1.12195,1648.47
1497496500000,1.12195,1.12221,1.12179,1.12216,1306.91
1497497400000,1.12214,1.12232,1.12199,1.12212,1263.59
1497498300000,1.12212,1.12235,1.12207,1.1223,850.95
1497499200000,1.12231,1.12241,1.12204,1.12204,1171.4
1497500100000,1.12205,1.12215,1.12201,1.12211,692.96
1497501000000,1.12211,1.12224,1.12204,1.12214,866.24
1497501900000,1.12217,1.12224,1.12207,1.12215,652.16
1497502800000,1.12213,1.12216,1.12171,1.12172,906.29
1497503700000,1.12173,1.12176,1.12143,1.12147,1264.77
1497504600000,1.12147,1.12191,1.12141,1.12187,1189.05
1497505500000,1.12189,1.12191,1.12166,1.12179,1307.01
1497506400000,1.1218,1.12205,1.1214,1.12147,2259.38
1497507300000,1.12146,1.12146,1.12057,1.12103,2836.35
1497508200000,1.12103,1.12188,1.121,1.12166,2654.67
1497509100000,1.12168,1.12189,1.12116,1.12124,2602.7
1497510000000,1.12119,1.12124,1.11848,1.11923,4556.36
1497510900000,1.11918,1.11923,1.11795,1.11869,3860.45
1497511800000,1.11869,1.11931,1.11827,1.11904,3102.05
1497512700000,1.11903,1.1195,1.11861,1.11939,3417.28
1497513600000,1.11939,1.11941,1.11821,1.11911,3043.5
1497514500000,1.11915,1.11917,1.11807,1.11828,2847.27
1497515400000,1.11828,1.11907,1.11811,1.11881,2941.36
1497516300000,1.11884,1.11893,1.11752,1.11796,3461.62
1497517200000,1.11795,1.1185,1.11759,1.11815,3029.44
1497518100000,1.11815,1.11839,1.11748,1.1177,2772.09
1497519000000,1.11771,1.11778,1.1164,1.1166,3307.8
1497519900000,1.11662,1.11685,1.1156,1.11601,3281.15
1497520800000,1.11604,1.11652,1.116,1.11622,3080.42
1497521700000,1.11623,1.11639,1.11583,1.11629,2667.17
1497522600000,1.11628,1.11695,1.11623,1.11685,2071.13
1497523500000,1.11686,1.11693,1.11651,1.11662,1960.49
1497524400000,1.11662,1.1172,1.11592,1.1162,4840.38
1497525300000,1.1162,1.11632,1.11533,1.11601,3909.78
1497526200000,1.11602,1.11661,1.11583,1.11641,3137.98
1497527100000,1.1164,1.1166,1.11614,1.11623,3300.08
1497528000000,1.11624,1.11673,1.11561,1.11663,3689.37
1497528900000,1.11663,1.11686,1.11577,1.11645,4165.57
1497529800000,1.11645,1.11647,1.11501,1.11515,5149.66
1497530700000,1.11515,1.11588,1.11493,1.11521,3658.71
1497531600000,1.11519,1.11554,1.11432,1.11472,3097.4
1497532500000,1.11469,1.11533,1.11459,1.11491,4249.59
1497533400000,1.11493,1.11537,1.11443,1.11504,4342
1497534300000,1.11503,1.11541,1.11455,1.11478,3811.51
1497535200000,1.11478,1.1148,1.11321,1.11413,4119
1497536100000,1.11412,1.1148,1.11381,1.11466,4205.77
1497537000000,1.11466,1.11521,1.11435,1.11492,3950.58
1497537900000,1.11491,1.11511,1.11407,1.11487,3848.54
1497538800000,1.1149,1.11578,1.11486,1.11563,3602.92
1497539700000,1.11563,1.11569,1.11498,1.11506,2871.71
1497540600000,1.11507,1.11548,1.11485,1.11533,2941.03
1497541500000,1.11533,1.11565,1.11499,1.1151,2162.22
1497542400000,1.11513,1.11513,1.1141,1.11425,2187.14
1497543300000,1.11426,1.11457,1.11393,1.11445,2548.78
1497544200000,1.11447,1.1147,1.11433,1.11461,1564.89
1497545100000,1.11461,1.11498,1.11442,1.11482,2214.03
1497546000000,1.1148,1.115,1.11452,1.11464,1784.66
1497546900000,1.11465,1.11478,1.11455,1.11467,1660.95
1497547800000,1.11466,1.11474,1.11429,1.11448,2210.45
1497548700000,1.11449,1.11468,1.1142,1.11427,1925.57
1497549600000,1.11429,1.11482,1.11427,1.11477,1965.75
1497550500000,1.11478,1.11501,1.11478,1.11496,1592.29
1497551400000,1.11496,1.115,1.11482,1.11494,2402.42
1497552300000,1.11495,1.11548,1.11485,1.11537,1822.53
1497553200000,1.11537,1.11574,1.11526,1.11545,2059.56
1497554100000,1.11544,1.11578,1.115,1.115,1790.47
1497555000000,1.11503,1.11516,1.11445,1.11465,1707.61
1497555900000,1.11464,1.11465,1.11439,1.11453,2208
1497556800000,1.11451,1.11466,1.11423,1.11466,1525.13
1497557700000,1.11466,1.11503,1.11461,1.11465,2257.31
1497558600000,1.11463,1.11493,1.11456,1.11483,1469.91
1497559500000,1.11483,1.11494,1.11441,1.1145,1121.58
1497560400000,1.1145,1.11494,1.1143,1.11451,819.72
1497561300000,1.11451,1.11483,1.11443,1.11457,861.27
1497562200000,1.11457,1.11492,1.11442,1.11485,501.88
1497563100000,1.11485,1.11502,1.11447,1.11473,569.15
1497564000000,1.11472,1.11505,1.11458,1.11498,1508.56
1497564900000,1.11498,1.11502,1.11451,1.11458,1325.92
1497565800000,1.11458,1.11487,1.11457,1.11472,582.3
1497566700000,1.11472,1.11474,1.11448,1.11462,570.59
1497567600000,1.11462,1.11496,1.11461,1.11471,971.77
1497568500000,1.11471,1.11485,1.11467,1.11473,463.06
1497569400000,1.11473,1.11487,1.11451,1.11451,309.37
1497570300000,1.11452,1.11489,1.11445,1.11486,428
1497571200000,1.11487,1.11496,1.11452,1.11484,1532.09
1497572100000,1.11483,1.11511,1.11474,1.11499,1219.37
1497573000000,1.11501,1.1155,1.11499,1.11533,1301.12
1497573900000,1.11533,1.11556,1.11516,1.11537,957.02
1497574800000,1.11537,1.11552,1.11524,1.11526,1154.61
1497575700000,1.11527,1.11533,1.11513,1.11516,768.23
1497576600000,1.11515,1.11546,1.11512,1.11546,963.63
1497577500000,1.11546,1.11547,1.1152,1.11532,1311.59
1497578400000,1.11532,1.11534,1.11474,1.11477,1469.52
1497579300000,1.11478,1.11492,1.11456,1.11489,999.29
1497580200000,1.11489,1.115,1.1148,1.11491,691.9
1497581100000,1.11491,1.1153,1.11468,1.11508,1144.63
1497582000000,1.11508,1.11508,1.11464,1.11482,1358.07
1497582900000,1.11477,1.11484,1.11465,1.1147,994.8
1497583800000,1.1147,1.11488,1.1147,1.11475,695.21
1497584700000,1.11475,1.11477,1.11459,1.11459,1163.9
1497585600000,1.11458,1.1146,1.11416,1.11427,1722.02
1497586500000,1.11428,1.11445,1.11418,1.11444,1335.86
1497587400000,1.11443,1.11466,1.11442,1.11445,673.75
1497588300000,1.11445,1.11446,1.11426,1.11441,691.43
1497589200000,1.11441,1.11443,1.11423,1.11433,995.52
1497590100000,1.11433,1.11461,1.11415,1.11416,866.65
1497591000000,1.11416,1.11444,1.11384,1.11424,1390.22
1497591900000,1.11424,1.11455,1.11406,1.11421,1616.43
1497592800000,1.11421,1.11507,1.11395,1.11502,2384.33
1497593700000,1.11503,1.1159,1.11475,1.11566,2754.26
1497594600000,1.11565,1.11565,1.11517,1.11547,3020.36
1497595500000,1.11547,1.11587,1.11539,1.11539,2562.15
1497596400000,1.11537,1.11572,1.11521,1.11527,3161.36
1497597300000,1.11526,1.11576,1.11517,1.11556,2630.83
1497598200000,1.11555,1.11662,1.11542,1.11656,3066.95
1497599100000,1.11655,1.1167,1.11609,1.11668,2692.81
1497600000000,1.11668,1.1175,1.11651,1.11723,3836.14
1497600900000,1.11722,1.11732,1.11677,1.11686,3241.73
1497601800000,1.11686,1.11739,1.11674,1.1173,2553.24
1497602700000,1.11729,1.11748,1.11688,1.1173,2689.22
1497603600000,1.1173,1.11838,1.11726,1.1178,3056.4
1497604500000,1.1178,1.11809,1.11778,1.11783,2509.24
1497605400000,1.11785,1.11799,1.11749,1.1175,2069.03
1497606300000,1.11751,1.11764,1.11697,1.11701,2596.82
1497607200000,1.11701,1.11756,1.11701,1.1175,2074.74
1497608100000,1.11751,1.11767,1.11715,1.11737,1996.33
1497609000000,1.11736,1.11815,1.11736,1.11786,2437.65
1497609900000,1.11786,1.11803,1.11749,1.11778,2023.23
1497610800000,1.11778,1.1181,1.11705,1.11726,2631.25
1497611700000,1.11727,1.11757,1.11691,1.11718,2559.26
1497612600000,1.11719,1.11744,1.11671,1.11688,2347.29
1497613500000,1.11687,1.11688,1.11573,1.11597,3257.87
1497614400000,1.11598,1.11669,1.11598,1.11661,2702.12
1497615300000,1.11662,1.11748,1.1166,1.1172,2634.06
1497616200000,1.1172,1.1183,1.11717,1.11774,3625.46
1497617100000,1.11773,1.11788,1.11702,1.11724,3457.73
1497618000000,1.11723,1.11746,1.11677,1.1171,2915.89
1497618900000,1.1171,1.11732,1.11672,1.11678,2880.38
1497619800000,1.11681,1.1176,1.11651,1.11751,3532.52
1497620700000,1.1175,1.1177,1.11717,1.11761,2823.24
1497621600000,1.11766,1.11896,1.1174,1.11873,4507.77
1497622500000,1.11873,1.11938,1.11854,1.1193,3672.81
1497623400000,1.11927,1.11985,1.11897,1.11904,4904.88
1497624300000,1.11903,1.11999,1.11892,1.11987,3104.92
1497625200000,1.11988,1.11999,1.11922,1.1193,3099.58
1497626100000,1.11929,1.11948,1.11897,1.11937,2385.82
1497627000000,1.11936,1.11985,1.11899,1.11914,2382.41
1497627900000,1.11916,1.11942,1.11867,1.1193,2691.69
1497628800000,1.1193,1.11932,1.11889,1.11909,2146.18
1497629700000,1.11909,1.11919,1.11868,1.11873,1764.14
1497630600000,1.11873,1.11917,1.1187,1.11911,1413.18
1497631500000,1.11911,1.11915,1.11861,1.11884,1923.43
1497632400000,1.11882,1.11912,1.11874,1.11911,1716.17
1497633300000,1.1191,1.1193,1.11894,1.11919,1746.49
1497634200000,1.11919,1.11936,1.11905,1.11922,1411.22
1497635100000,1.11922,1.11953,1.11919,1.11953,1468.63
1497636000000,1.11951,1.11975,1.11942,1.11959,1648.13
1497636900000,1.11959,1.11978,1.11953,1.11959,1811.3
1497637800000,1.11959,1.1199,1.11951,1.11984,1493.01
1497638700000,1.11985,1.11986,1.11928,1.11934,1544.78
1497639600000,1.11937,1.11959,1.11936,1.11956,1372.5
1497640500000,1.11956,1.11976,1.11955,1.11975,956.35
1497641400000,1.11976,1.11989,1.11974,1.11987,1488.67
1497642300000,1.11985,1.12012,1.1196,1.12003,2137.65
1497643200000,1.12003,1.12016,1.11998,1.12006,1145.24
1497644100000,1.12003,1.12009,1.11973,1.11975,815.21
1497645000000,1.11977,1.11998,1.11947,1.1195,1825.73
1497645900000,1.1195,1.1197,1.11922,1.11968,1903.49
1497819600000,1.12053,1.12079,1.1205,1.12071,520.65
1497820500000,1.12071,1.12074,1.12064,1.1207,480.85
1497821400000,1.1207,1.12079,1.1205,1.1205,983.86
1497822300000,1.1205,1.1205,1.11984,1.11984,789.63
1497823200000,1.11984,1.12025,1.11956,1.12021,1487.23
1497824100000,1.12021,1.12021,1.11989,1.11996,942.89
1497825000000,1.11994,1.12023,1.11982,1.12014,495.44
1497825900000,1.12014,1.12041,1.12013,1.12037,554.71
1497826800000,1.12039,1.12052,1.12022,1.12028,311.1
1497827700000,1.12028,1.12037,1.12012,1.12035,798.87
1497828600000,1.12036,1.12065,1.1202,1.12024,1036.07
1497829500000,1.12024,1.12053,1.12024,1.12039,682.44
1497830400000,1.12037,1.12051,1.1197,1.11978,1603.34
1497831300000,1.11979,1.11984,1.11918,1.11923,1451.95
1497832200000,1.11924,1.11946,1.11911,1.11924,1106.43
1497833100000,1.11923,1.11939,1.11894,1.11906,1275.47
1497834000000,1.11907,1.1196,1.119,1.11956,1896.61
1497834900000,1.11956,1.11969,1.11924,1.1196,1008.56
1497835800000,1.1196,1.11971,1.11944,1.11969,1111.93
1497836700000,1.11971,1.11994,1.11963,1.11975,1210.95
1497837600000,1.11975,1.11999,1.11969,1.11997,1090.44
1497838500000,1.11996,1.12002,1.11987,1.11996,1082.6
1497839400000,1.11996,1.12,1.11954,1.11956,886.77
1497840300000,1.11955,1.1198,1.11955,1.11972,623.79
1497841200000,1.11972,1.11972,1.11949,1.11961,704.31
1497842100000,1.11961,1.11981,1.11961,1.11978,869.9
1497843000000,1.11977,1.11989,1.11968,1.11982,1554.81
1497843900000,1.11983,1.11988,1.1197,1.11977,728.72
1497844800000,1.11977,1.11985,1.11963,1.11966,1003.83
1497845700000,1.11965,1.11971,1.11953,1.11961,1171.04
1497846600000,1.11961,1.11976,1.1196,1.1196,934.23
1497847500000,1.11963,1.11963,1.11933,1.11934,923.03
1497848400000,1.11934,1.11945,1.1193,1.11942,784.84
1497849300000,1.11943,1.11965,1.1193,1.1193,725.45
1497850200000,1.1193,1.11953,1.1193,1.11945,1014.85
1497851100000,1.11945,1.11952,1.11926,1.11928,1152.85
1497852000000,1.11928,1.1198,1.11904,1.11963,2118.04
1497852900000,1.11962,1.12035,1.11947,1.1201,2362.13
1497853800000,1.1201,1.12075,1.11997,1.12055,2789.99
1497854700000,1.12054,1.12058,1.12021,1.12046,2026.49
1497855600000,1.12043,1.12043,1.11864,1.11888,3708.43
1497856500000,1.11888,1.11925,1.11852,1.11857,2994.52
1497857400000,1.11857,1.11896,1.11823,1.11888,2858.76
1497858300000,1.11888,1.11947,1.11866,1.11944,2306.12
1497859200000,1.11944,1.11964,1.11906,1.1194,3068.36
1497860100000,1.11939,1.11944,1.11914,1.11926,1942.99
1497861000000,1.11926,1.11957,1.11916,1.11923,2355.6
1497861900000,1.11924,1.11981,1.11919,1.11952,2592.2
1497862800000,1.11952,1.12016,1.11944,1.11955,3108.6
1497863700000,1.11957,1.11958,1.1192,1.11938,1659.99
1497864600000,1.11938,1.11942,1.11903,1.11923,2195.68
1497865500000,1.11922,1.11939,1.11877,1.11925,2098.51
1497866400000,1.11924,1.11965,1.11918,1.11929,1903.85
1497867300000,1.1193,1.11982,1.11925,1.11964,2222.77
1497868200000,1.11964,1.12058,1.11962,1.12019,2105.83
1497869100000,1.12021,1.12067,1.1202,1.12064,2565.22
1497870000000,1.12065,1.12128,1.12065,1.12107,3103.1
1497870900000,1.12108,1.12122,1.12025,1.12028,3487.88
1497871800000,1.12028,1.12033,1.11985,1.12002,2435.7
1497872700000,1.12002,1.12016,1.11906,1.11909,2417.35
1497873600000,1.11907,1.11993,1.11896,1.11976,3601.41
1497874500000,1.11979,1.11997,1.11781,1.11832,3830.61
1497875400000,1.11828,1.11832,1.11769,1.11806,3594.31
1497876300000,1.11807,1.11838,1.1178,1.11819,3147.57
1497877200000,1.1182,1.11843,1.11749,1.11754,3416.68
1497878100000,1.11755,1.11796,1.11729,1.11759,3146
1497879000000,1.1176,1.11808,1.1175,1.1179,3389.43
1497879900000,1.1179,1.11809,1.11749,1.11768,3166.31
1497880800000,1.1177,1.11782,1.11717,1.11776,3463.57
1497881700000,1.11775,1.11795,1.11736,1.11756,2766.73
1497882600000,1.11757,1.1176,1.11701,1.11708,3133.04
1497883500000,1.11707,1.11739,1.11654,1.1166,3691.89
1497884400000,1.11661,1.11711,1.1165,1.11654,3770.36
1497885300000,1.11654,1.11701,1.11644,1.11653,2870.43
1497886200000,1.11652,1.11667,1.11621,1.11634,2522.2
1497887100000,1.11633,1.11637,1.11588,1.11597,2210.85
1497888000000,1.11596,1.11624,1.11572,1.11582,2555.76
1497888900000,1.11582,1.11627,1.11577,1.11623,2248.14
1497889800000,1.11624,1.11634,1.11586,1.11586,1981.27
1497890700000,1.11586,1.11597,1.11557,1.11588,2713.58
1497891600000,1.11586,1.11595,1.11555,1.11562,2105.66
1497892500000,1.11562,1.11562,1.11516,1.11521,1967.92
1497893400000,1.1152,1.11525,1.11469,1.11501,2344.27
1497894300000,1.115,1.11546,1.115,1.11515,2433.43
1497895200000,1.11515,1.11535,1.11431,1.11461,2022.88
1497896100000,1.11461,1.11506,1.11461,1.11493,1727.49
1497897000000,1.11494,1.11502,1.11469,1.11496,1329.82
1497897900000,1.11496,1.11515,1.11462,1.11483,1979.34
1497898800000,1.11484,1.11487,1.11451,1.11454,1525.41
1497899700000,1.11456,1.11479,1.11454,1.11469,1971.9
1497900600000,1.11469,1.11483,1.11458,1.11463,1761.55
1497901500000,1.11463,1.11494,1.11451,1.11484,2212.56
1497902400000,1.11483,1.11497,1.11473,1.11491,1010.13
1497903300000,1.1149,1.11503,1.11475,1.11496,791.93
1497904200000,1.11494,1.11499,1.11481,1.11488,1285.01
1497905100000,1.11488,1.11498,1.11469,1.11483,1029.97
1497906000000,1.1148,1.11519,1.11472,1.11493,2045.32
1497906900000,1.1149,1.11507,1.1148,1.11498,2035.14
1497907800000,1.11496,1.11519,1.11486,1.11499,1786.7
1497908700000,1.11499,1.11526,1.11474,1.11497,2714.06
1497909600000,1.11498,1.11527,1.11474,1.11524,1487.27
1497910500000,1.11524,1.11524,1.11466,1.11504,4611.93
1497911400000,1.11504,1.11533,1.11493,1.11526,899.29
1497912300000,1.11525,1.11526,1.1149,1.11515,1900.03
1497913200000,1.11515,1.11517,1.11484,1.1149,1192.98
1497914100000,1.1149,1.11495,1.11428,1.11453,922.07
1497915000000,1.11454,1.11459,1.11409,1.11416,1378.39
1497915900000,1.11416,1.11449,1.11412,1.11445,957.73
1497916800000,1.11443,1.11469,1.11434,1.11464,1547.55
1497917700000,1.11464,1.1149,1.11441,1.11443,1225.27
1497918600000,1.11443,1.11467,1.11438,1.11447,1275.15
1497919500000,1.11446,1.11467,1.11441,1.11448,1659.64
1497920400000,1.11447,1.11508,1.11447,1.11494,1423.02
1497921300000,1.11494,1.11526,1.11479,1.11484,1249.31
1497922200000,1.11484,1.11517,1.11484,1.11516,1407.37
1497923100000,1.11516,1.1156,1.11514,1.11553,1613.84
1497924000000,1.11553,1.11561,1.11534,1.11554,1310.71
1497924900000,1.11555,1.11577,1.11549,1.11572,1332.36
1497925800000,1.11572,1.11576,1.1155,1.11569,1093.59
1497926700000,1.1157,1.11579,1.11559,1.11562,1000.38
1497927600000,1.11562,1.11562,1.11534,1.11556,1452.25
1497928500000,1.11556,1.11582,1.11551,1.11577,1412.91
1497929400000,1.11579,1.11585,1.11558,1.11562,1246.63
1497930300000,1.11562,1.11566,1.1155,1.11559,1131.36
1497931200000,1.11559,1.11561,1.11534,1.11538,1844.14
1497932100000,1.11539,1.11558,1.11534,1.11549,1388.34
1497933000000,1.11549,1.11551,1.11538,1.11538,1308.08
1497933900000,1.11539,1.11561,1.11533,1.11555,1673.09
1497934800000,1.11555,1.11572,1.1155,1.11556,1341
1497935700000,1.11557,1.11572,1.11537,1.1155,1400.79
1497936600000,1.1155,1.11601,1.11547,1.11597,1662.81
1497937500000,1.11596,1.116,1.11578,1.11588,1644.91
1497938400000,1.11588,1.11635,1.11579,1.11611,2460.87
1497939300000,1.11611,1.11648,1.1161,1.11645,2200.93
1497940200000,1.11644,1.11647,1.11587,1.116,2493.76
1497941100000,1.11602,1.11605,1.11516,1.11526,2483.61
1497942000000,1.11526,1.11526,1.11463,1.11496,3265.11
1497942900000,1.11495,1.11495,1.11427,1.11461,3110.52
1497943800000,1.11461,1.11506,1.11432,1.11491,4508.32
1497944700000,1.11491,1.11624,1.11463,1.1162,3058.57
1497945600000,1.11618,1.11621,1.11548,1.11581,2602.14
1497946500000,1.11581,1.11584,1.11504,1.11504,2833.22
1497947400000,1.11505,1.11555,1.11497,1.11538,2059.04
1497948300000,1.11538,1.11594,1.11527,1.11582,1838.05
1497949200000,1.11581,1.1159,1.11542,1.11588,1902.63
1497950100000,1.11588,1.1159,1.11556,1.11579,1950.59
1497951000000,1.11579,1.11588,1.11517,1.11534,2548
1497951900000,1.11533,1.11599,1.11533,1.11597,1914.07
1497952800000,1.11596,1.11648,1.11582,1.11622,2729.58
1497953700000,1.11622,1.11631,1.11597,1.11619,3201.09
1497954600000,1.11619,1.11619,1.11519,1.11526,2320.33
1497955500000,1.11527,1.11578,1.11521,1.11527,2317.42
1497956400000,1.11528,1.11531,1.11477,1.11495,2746.59
1497957300000,1.11494,1.11522,1.11462,1.11471,2598.2
1497958200000,1.11472,1.11481,1.11437,1.11443,2555.65
1497959100000,1.11444,1.11482,1.11414,1.11482,3049.53
1497960000000,1.11483,1.11615,1.11483,1.11565,4765.21
1497960900000,1.11565,1.11628,1.11528,1.11572,3874.92
1497961800000,1.11573,1.11579,1.11508,1.1152,3583.71
1497962700000,1.1152,1.1154,1.11485,1.11505,2554.36
1497963600000,1.11505,1.11534,1.11444,1.11476,2915.35
1497964500000,1.11476,1.11493,1.11461,1.11486,2645.06
1497965400000,1.11487,1.11534,1.11457,1.11485,3290.56
1497966300000,1.11485,1.11488,1.11344,1.11363,4822.9
1497967200000,1.1136,1.11397,1.11336,1.11396,4022.63
1497968100000,1.11397,1.11457,1.11361,1.11435,3248.83
1497969000000,1.11435,1.11454,1.1139,1.11402,2892.95
1497969900000,1.11401,1.11424,1.11257,1.11263,3852.11
1497970800000,1.11267,1.11269,1.11227,1.11258,4195.71
1497971700000,1.11257,1.11278,1.11199,1.11228,14937.43
1497972600000,1.11229,1.11271,1.11218,1.11218,2859.78
1497973500000,1.11218,1.11268,1.11217,1.11237,2835.57
1497974400000,1.11236,1.11239,1.11188,1.11219,3018.4
1497975300000,1.11218,1.11249,1.11202,1.11243,2419.95
1497976200000,1.11243,1.1126,1.11224,1.11246,2407.3
1497977100000,1.11245,1.11284,1.11239,1.11245,2541.46
1497978000000,1.11245,1.11264,1.11221,1.11237,2712.82
1497978900000,1.11237,1.11252,1.11204,1.11217,2378.9
1497979800000,1.11215,1.1124,1.112,1.1123,1915.65
1497980700000,1.11232,1.11265,1.11221,1.11252,1285.39
1497981600000,1.11252,1.11254,1.11233,1.11242,1412.17
1497982500000,1.11242,1.11265,1.11242,1.11261,2408.4
1497983400000,1.11262,1.11305,1.11243,1.11282,1953.36
1497984300000,1.11283,1.11313,1.11266,1.11284,3006.93
1497985200000,1.11283,1.11297,1.11258,1.11263,2298.58
1497986100000,1.11262,1.11326,1.11259,1.1132,2032.88
1497987000000,1.11321,1.11325,1.11274,1.11325,1716.03
1497987900000,1.11324,1.11324,1.11253,1.11257,1620.8
1497988800000,1.11257,1.11281,1.11256,1.11278,917.64
1497989700000,1.11279,1.11309,1.11271,1.11307,1629.88
1497990600000,1.11307,1.11328,1.11307,1.11325,1452.88
1497991500000,1.11324,1.11345,1.11322,1.11336,1831.05
1497992400000,1.11335,1.11341,1.11305,1.11337,820.88
1497993300000,1.11338,1.11342,1.11313,1.11336,1937.18
1497994200000,1.11333,1.11346,1.11316,1.11339,1280.67
1497995100000,1.11339,1.11349,1.11331,1.11342,966.76
1497996000000,1.11343,1.11353,1.11316,1.11338,2005.21
1497996900000,1.11337,1.11348,1.1133,1.11348,1036.94
1497997800000,1.11348,1.11354,1.11336,1.11343,1720.13
1497998700000,1.11343,1.11354,1.11335,1.1135,1022.07
1497999600000,1.11352,1.11355,1.11341,1.11351,899.87
1498000500000,1.11351,1.11351,1.11334,1.11336,828.75
1498001400000,1.11336,1.11357,1.11336,1.11353,996.77
1498002300000,1.11353,1.1137,1.1135,1.11363,776.2
1498003200000,1.11365,1.11366,1.11332,1.11335,1169.02
1498004100000,1.11334,1.11341,1.11327,1.11334,1419.62
1498005000000,1.11334,1.11349,1.11329,1.1133,1234.14
1498005900000,1.11331,1.11367,1.11331,1.11355,1320.71
1498006800000,1.11355,1.11365,1.11347,1.11358,1310.72
1498007700000,1.11358,1.11358,1.11344,1.11353,1086.38
1498008600000,1.11355,1.11365,1.11343,1.11351,1456.62
1498009500000,1.11352,1.11354,1.11334,1.11345,1115.09
1498010400000,1.11344,1.11356,1.11337,1.11355,992.02
1498011300000,1.11357,1.11362,1.11352,1.11354,624.74
1498012200000,1.11355,1.11355,1.1134,1.11343,574.61
1498013100000,1.11343,1.11351,1.11338,1.11344,778.1
1498014000000,1.11345,1.11351,1.11343,1.11345,509.09
1498014900000,1.11345,1.11377,1.11338,1.11371,1258.55
1498015800000,1.11372,1.11379,1.11359,1.11374,1454.75
1498016700000,1.11373,1.11381,1.11357,1.1136,874.35
1498017600000,1.1136,1.11373,1.11356,1.11369,765.68
1498018500000,1.11368,1.11369,1.11347,1.11349,770.78
1498019400000,1.11348,1.11356,1.11341,1.11344,1508.51
1498020300000,1.11344,1.11346,1.11326,1.11335,884.05
1498021200000,1.11335,1.11344,1.11305,1.1131,1202.92
1498022100000,1.11309,1.1132,1.11282,1.11308,1102.88
1498023000000,1.11309,1.11315,1.11288,1.11288,911.4
1498023900000,1.11288,1.11307,1.11282,1.11299,1283.5
1498024800000,1.113,1.11338,1.11283,1.1133,2028.79
1498025700000,1.1133,1.1135,1.1132,1.1135,1875.52
1498026600000,1.11349,1.11365,1.11334,1.11341,2433.35
1498027500000,1.11341,1.11365,1.11307,1.11312,2185.02
1498028400000,1.11312,1.1134,1.11297,1.1134,3384.7
1498029300000,1.1134,1.11367,1.11322,1.11343,2930.62
1498030200000,1.11342,1.11353,1.11311,1.11317,2699.68
1498031100000,1.11318,1.11343,1.11299,1.11317,2339.09
1498032000000,1.11318,1.11346,1.11278,1.11283,3153.82
1498032900000,1.11285,1.11341,1.11281,1.11297,3095.78
1498033800000,1.11297,1.11337,1.11272,1.11317,2582.71
1498034700000,1.11317,1.11457,1.11312,1.11425,3197.44
1498035600000,1.11425,1.11494,1.11411,1.11479,2981.66
1498036500000,1.1148,1.115,1.11451,1.11455,3256.44
1498037400000,1.11456,1.11459,1.1142,1.11453,1939.64
1498038300000,1.11453,1.11459,1.11374,1.11444,2624.09
1498039200000,1.11444,1.11477,1.11435,1.11477,2030.26
1498040100000,1.11477,1.11484,1.11414,1.11446,2011.17
1498041000000,1.11447,1.1147,1.11422,1.11443,1926.05
1498041900000,1.11443,1.11498,1.11425,1.11496,2893.55
1498042800000,1.11496,1.11557,1.11451,1.11462,4152.23
1498043700000,1.11463,1.11479,1.11406,1.11426,3156.97
1498044600000,1.11425,1.11513,1.11421,1.1149,3069.46
1498045500000,1.11489,1.11497,1.11397,1.11415,3031.39
1498046400000,1.11415,1.11475,1.11401,1.11466,3266.06
1498047300000,1.11465,1.1148,1.11418,1.11474,2665.71
1498048200000,1.11474,1.11525,1.11461,1.11489,2934.05
1498049100000,1.1149,1.1153,1.11477,1.1148,2367.48
1498050000000,1.11477,1.11485,1.11416,1.11427,2715.28
1498050900000,1.11427,1.11444,1.113,1.11337,3114.46
1498051800000,1.11337,1.11392,1.11331,1.11383,3652.74
1498052700000,1.11382,1.1142,1.11369,1.11394,2999.07
1498053600000,1.11394,1.11446,1.11346,1.11444,9896.99
1498054500000,1.11445,1.11447,1.11381,1.11425,2817.59
1498055400000,1.11426,1.11435,1.1138,1.11424,3406.79
1498056300000,1.11425,1.11477,1.11409,1.11419,3699.75
1498057200000,1.11419,1.11468,1.11405,1.11463,3535.8
1498058100000,1.11465,1.11474,1.11404,1.11423,3225.06
1498059000000,1.11425,1.11445,1.11399,1.1143,2326.23
1498059900000,1.11432,1.11435,1.11381,1.11428,2637.17
1498060800000,1.11427,1.11456,1.11415,1.11439,2249.58
1498061700000,1.11439,1.1147,1.11423,1.11435,2217.1
1498062600000,1.11434,1.11451,1.11408,1.11425,2489.43
1498063500000,1.11425,1.11475,1.11416,1.1147,2207.3
1498064400000,1.1147,1.11498,1.1147,1.11496,2261.22
1498065300000,1.11496,1.11515,1.11454,1.11468,2388.55
1498066200000,1.11466,1.11513,1.11447,1.11502,2213.14
1498067100000,1.11505,1.11528,1.11483,1.11511,2017.63
1498068000000,1.11511,1.11531,1.11502,1.11509,1473.75
1498068900000,1.11509,1.11572,1.11501,1.11565,2098.59
1498069800000,1.11563,1.11661,1.11561,1.11658,2624.31
1498070700000,1.11659,1.11663,1.11622,1.11624,2052.9602
1498071600000,1.11626,1.11683,1.11615,1.11642,2390.27
1498072500000,1.11643,1.11666,1.11626,1.11647,1903.77
1498073400000,1.11649,1.11674,1.11635,1.11638,1571.27
1498074300000,1.1164,1.11657,1.11619,1.11657,1937.07
1498075200000,1.11656,1.11661,1.11619,1.11625,1249.89
1498076100000,1.11626,1.1164,1.1162,1.11631,1304.09
1498077000000,1.1163,1.11671,1.11625,1.1167,932.4
1498077900000,1.1167,1.1169,1.11669,1.1168,1508.06
1498078800000,1.11681,1.11689,1.1163,1.11662,1251.78
1498079700000,1.11662,1.11673,1.11656,1.11669,1456.55
1498080600000,1.11669,1.11684,1.11638,1.11671,1872.01
1498081500000,1.11671,1.11684,1.11665,1.11675,1881.33
1498082400000,1.11675,1.1168,1.11664,1.11669,990.3
1498083300000,1.11669,1.1167,1.11653,1.11654,711.31
1498084200000,1.11654,1.11672,1.1165,1.11658,1280.3
1498085100000,1.11659,1.11672,1.11656,1.11665,802.35
1498086000000,1.11665,1.11683,1.11654,1.11654,926.14
1498086900000,1.11654,1.11674,1.11645,1.11669,1245.74
1498087800000,1.11668,1.1167,1.11653,1.11657,1467.39
1498088700000,1.11658,1.11667,1.11656,1.11667,1743.25
1498089600000,1.11666,1.11711,1.11665,1.11682,1184.99
1498090500000,1.11682,1.11689,1.11647,1.11651,1371.34
1498091400000,1.11651,1.11681,1.11645,1.11649,1442.9
1498092300000,1.11643,1.11648,1.11605,1.11633,1740.08
1498093200000,1.11633,1.11654,1.11631,1.11639,1111.25
1498094100000,1.11638,1.11644,1.11621,1.11639,1262.82
1498095000000,1.11638,1.11653,1.11624,1.11625,1289.31
1498095900000,1.11625,1.11665,1.11625,1.11652,1435.8
1498096800000,1.11652,1.11667,1.11642,1.11655,1302.78
1498097700000,1.11656,1.11715,1.11656,1.1168,1694.28
1498098600000,1.11681,1.11687,1.11662,1.11662,1061.26
1498099500000,1.11662,1.11697,1.11661,1.11676,953.93
1498100400000,1.11676,1.11705,1.11672,1.11678,1532.27
1498101300000,1.11678,1.11696,1.11673,1.11692,948.51
1498102200000,1.11693,1.11707,1.11686,1.11686,1267.7
1498103100000,1.11686,1.11696,1.11677,1.11682,1109.34
1498104000000,1.11682,1.11706,1.11679,1.11704,794.29
1498104900000,1.11704,1.11715,1.11687,1.11689,772.07
1498105800000,1.11688,1.11704,1.11676,1.11704,1496.91
1498106700000,1.11704,1.1171,1.11693,1.1171,991.12
1498107600000,1.1171,1.1171,1.11688,1.11697,1206.3
1498108500000,1.11697,1.11708,1.11685,1.11701,1450.77
1498109400000,1.11702,1.11736,1.11702,1.11709,1487.43
1498110300000,1.11708,1.11759,1.11703,1.11759,1453.26
1498111200000,1.11761,1.11779,1.11726,1.11751,2234.65
1498112100000,1.11751,1.11761,1.11692,1.11729,2409.87
1498113000000,1.11729,1.11745,1.11682,1.11744,2755.74
1498113900000,1.11743,1.11764,1.11717,1.11717,2092.96
1498114800000,1.11718,1.11718,1.11636,1.11644,2750.33
1498115700000,1.11643,1.11657,1.1161,1.11633,11731.79
1498116600000,1.1163,1.11652,1.11544,1.11566,2708.16
1498117500000,1.11565,1.11647,1.11559,1.11623,2591.28
1498118400000,1.11623,1.11668,1.11582,1.11665,2971.82
1498119300000,1.11667,1.11686,1.11613,1.11614,2286.75
1498120200000,1.11615,1.11653,1.11612,1.11648,2320.81
1498121100000,1.11647,1.11683,1.11645,1.1168,2264.03
1498122000000,1.1168,1.11732,1.1168,1.11723,2811.82
1498122900000,1.11723,1.11744,1.11719,1.11729,2126.59
1498123800000,1.11728,1.11735,1.11709,1.11723,2411.33
1498124700000,1.11723,1.11733,1.11647,1.11651,2404.22
1498125600000,1.11652,1.11675,1.11623,1.11632,2547.19
1498126500000,1.11632,1.11649,1.11613,1.11638,1917.78
1498127400000,1.11638,1.11641,1.1162,1.11628,1697.1
1498128300000,1.11629,1.11662,1.11603,1.11653,2079.79
1498129200000,1.11653,1.11664,1.1162,1.11643,2485.59
1498130100000,1.11643,1.11661,1.11628,1.11637,2208.11
1498131000000,1.11637,1.11651,1.11574,1.11574,2354.7
1498131900000,1.11574,1.11655,1.11569,1.11654,2119.42
1498132800000,1.11654,1.11698,1.11633,1.11687,2653.17
1498133700000,1.11686,1.11723,1.11681,1.11692,2806.46
1498134600000,1.11692,1.11703,1.1163,1.11638,3216.3
1498135500000,1.11639,1.11659,1.1159,1.11609,2872.96
1498136400000,1.11608,1.11638,1.11577,1.11605,3410.36
1498137300000,1.11605,1.11614,1.11545,1.11563,2844.5
1498138200000,1.11563,1.11575,1.11527,1.11549,3692.46
1498139100000,1.11549,1.11619,1.11534,1.11595,2988.01
1498140000000,1.11597,1.11625,1.11531,1.11542,3758.86
1498140900000,1.1154,1.11606,1.11507,1.116,2722.08
1498141800000,1.116,1.11625,1.1157,1.11602,2815.36
1498142700000,1.11603,1.11608,1.11527,1.11566,3623.39
1498143600000,1.1157,1.11604,1.11555,1.11599,3640.88
1498144500000,1.11599,1.11609,1.11515,1.11517,3130.51
1498145400000,1.11517,1.11538,1.11466,1.11487,2707.81
1498146300000,1.11486,1.11519,1.11452,1.11468,2817.8
1498147200000,1.1147,1.115,1.11469,1.11479,2566.05
1498148100000,1.1148,1.11531,1.1148,1.11523,1832.98
1498149000000,1.11524,1.11527,1.11506,1.1151,1489
1498149900000,1.1151,1.1156,1.11484,1.11554,1818.28
1498150800000,1.11555,1.11576,1.11516,1.11523,2196.9
1498151700000,1.11525,1.11552,1.11452,1.11489,1891.51
1498152600000,1.11489,1.11492,1.11412,1.11418,1653.29
1498153500000,1.11418,1.11444,1.11392,1.11432,1501.95
1498154400000,1.11431,1.11461,1.11414,1.11459,2110.82
1498155300000,1.1146,1.11475,1.11453,1.11464,1609.59
1498156200000,1.11464,1.11498,1.11463,1.11491,1819.69
1498157100000,1.11492,1.11504,1.11462,1.11467,1522.26
1498158000000,1.11467,1.11509,1.11462,1.11508,1812.52
1498158900000,1.11508,1.11517,1.11478,1.11479,1294.76
1498159800000,1.11478,1.11551,1.11477,1.11512,4070.28
1498160700000,1.11514,1.11519,1.11481,1.11513,1712.95
1498161600000,1.11514,1.11517,1.1149,1.11511,920.87
1498162500000,1.11512,1.11529,1.11511,1.11528,764.69
1498163400000,1.11528,1.11539,1.1151,1.11522,1055.98
1498164300000,1.11521,1.11525,1.11509,1.11516,787.06
1498165200000,1.11511,1.11537,1.11511,1.11519,1778.67
1498166100000,1.11519,1.11524,1.11517,1.11518,679.97
1498167000000,1.11519,1.11524,1.11511,1.11513,771.6
1498167900000,1.11512,1.1152,1.11509,1.11513,962.73
1498168800000,1.11512,1.11516,1.11493,1.11504,618.27
1498169700000,1.11505,1.11521,1.11496,1.11516,642.95
1498170600000,1.11516,1.11516,1.11491,1.11495,1178.88
1498171500000,1.11498,1.11505,1.11495,1.11497,677.36
1498172400000,1.11497,1.11503,1.11471,1.11482,590.11
1498173300000,1.11482,1.115,1.11482,1.11499,1024.52
1498174200000,1.11498,1.11507,1.11494,1.11502,988.69
1498175100000,1.11502,1.11505,1.11479,1.11497,735.75
1498176000000,1.11496,1.11513,1.1149,1.11497,824.45
1498176900000,1.11496,1.11497,1.11452,1.11472,1171.43
1498177800000,1.11474,1.11492,1.11474,1.11487,906.23
1498178700000,1.11487,1.11508,1.1147,1.11493,1426.61
1498179600000,1.11493,1.11508,1.11466,1.11486,1312.22
1498180500000,1.11486,1.11504,1.11476,1.11504,1430.25
1498181400000,1.11503,1.11546,1.11492,1.11538,1164.87
1498182300000,1.11538,1.11599,1.11534,1.11598,1650.28
1498183200000,1.11597,1.11599,1.11573,1.11576,1270.17
1498184100000,1.11578,1.11585,1.11572,1.11573,840.66
1498185000000,1.11573,1.11577,1.11546,1.11558,977.73
1498185900000,1.11558,1.11588,1.11553,1.11585,656.44
1498186800000,1.11584,1.11587,1.11576,1.11583,970.42
1498187700000,1.11585,1.1159,1.11576,1.11583,895.49
1498188600000,1.11583,1.11604,1.11578,1.11594,821.55
1498189500000,1.11594,1.1163,1.11589,1.11628,1941.07
1498190400000,1.11628,1.11639,1.11618,1.11627,1439.59
1498191300000,1.11627,1.11628,1.11619,1.11621,897.4
1498192200000,1.11623,1.11625,1.11616,1.11617,872.12
1498193100000,1.11617,1.11635,1.11612,1.11617,910.65
1498194000000,1.11616,1.11638,1.11616,1.11627,1702.72
1498194900000,1.11629,1.11638,1.11622,1.11623,1111.84
1498195800000,1.11624,1.11659,1.11621,1.11654,976.29
1498196700000,1.11655,1.11682,1.11636,1.11637,1450.73
1498197600000,1.11637,1.11694,1.11634,1.11677,1748.16
1498198500000,1.11679,1.11689,1.1166,1.11686,1704.24
1498199400000,1.11689,1.11743,1.11685,1.11726,2598.14
1498200300000,1.11728,1.11752,1.11706,1.11724,3085.06
1498201200000,1.11725,1.11799,1.11709,1.11738,3727.11
1498202100000,1.1174,1.11749,1.11705,1.1173,3035.41
1498203000000,1.11722,1.11776,1.11686,1.11713,3212.64
1498203900000,1.11716,1.11773,1.11708,1.11757,2636.66
1498204800000,1.11758,1.11878,1.11757,1.11869,3771.53
1498205700000,1.11869,1.1187,1.11783,1.11823,2921.72
1498206600000,1.11823,1.11832,1.11726,1.11728,2454.2
1498207500000,1.11728,1.11738,1.11709,1.11714,2246.17
1498208400000,1.11714,1.11721,1.11662,1.11663,2841.73
1498209300000,1.11662,1.11671,1.11618,1.1165,2765.14
1498210200000,1.1165,1.11653,1.11617,1.11635,2768.37
1498211100000,1.11634,1.11712,1.11634,1.11702,2477.65
1498212000000,1.11703,1.11729,1.11698,1.11722,1831.22
1498212900000,1.11723,1.11764,1.11665,1.11666,2500.98
1498213800000,1.11666,1.11681,1.11646,1.11666,1876.4
1498214700000,1.11669,1.11681,1.11652,1.11665,1921.99
1498215600000,1.11664,1.11686,1.11642,1.11681,2224.68
1498216500000,1.1168,1.11684,1.11648,1.11665,2232.77
1498217400000,1.11665,1.11681,1.11621,1.11681,1984.94
1498218300000,1.1168,1.11743,1.11668,1.11732,3329.49
1498219200000,1.11731,1.11751,1.11702,1.11732,2621.95
1498220100000,1.11732,1.11772,1.1172,1.11766,2429.27
1498221000000,1.11764,1.11802,1.11749,1.11764,2713.05
1498221900000,1.11763,1.11789,1.1173,1.11761,2415.3
1498222800000,1.11762,1.11809,1.11751,1.11799,2670.91
1498223700000,1.118,1.11817,1.11791,1.11808,2201.7
1498224600000,1.11807,1.11843,1.11802,1.11829,3528.32
1498225500000,1.1183,1.11958,1.11829,1.11955,3248.22
1498226400000,1.11955,1.11961,1.11854,1.11894,4464.83
1498227300000,1.11894,1.11997,1.11894,1.11985,2813.23
1498228200000,1.11985,1.12059,1.11984,1.12018,3954.75
1498229100000,1.12018,1.12089,1.11986,1.11998,3618.7
1498230000000,1.12,1.1203,1.11987,1.11993,3004.71
1498230900000,1.11993,1.12038,1.11991,1.11998,3059.03
1498231800000,1.11998,1.1201,1.11977,1.11989,1880.15
1498232700000,1.11989,1.12018,1.11959,1.11961,1898.95
1498233600000,1.11963,1.11995,1.11952,1.11969,1210.73
1498234500000,1.11968,1.11969,1.11946,1.11951,1076.34
1498235400000,1.11952,1.1198,1.1193,1.11969,1178.6
1498236300000,1.11971,1.11974,1.11927,1.11968,1960.89
1498237200000,1.11968,1.11984,1.1195,1.11957,1431.25
1498238100000,1.11957,1.1197,1.1195,1.11963,1428.1
1498239000000,1.11963,1.11991,1.11963,1.11968,1329.17
1498239900000,1.11968,1.11989,1.11962,1.11979,1251.55
1498240800000,1.11979,1.12013,1.11969,1.12009,1514.59
1498241700000,1.12009,1.12022,1.11983,1.11989,1066.17
1498242600000,1.11989,1.12001,1.11978,1.11993,1537.24
1498243500000,1.11993,1.12016,1.11968,1.11968,1660.25
1498244400000,1.1197,1.11993,1.11962,1.11973,1455.93
1498245300000,1.11973,1.11991,1.11963,1.11978,983.38
1498246200000,1.11979,1.11979,1.11957,1.11963,1207.59
1498247100000,1.11964,1.11977,1.11958,1.11973,1566.61
1498248000000,1.11971,1.11978,1.11959,1.11973,1317.05
1498248900000,1.11973,1.11981,1.11968,1.11974,851.58
1498249800000,1.11971,1.11976,1.11953,1.11964,1421.75
1498250700000,1.11963,1.11964,1.11918,1.11918,1064.11
1498424400000,1.11963,1.11972,1.11902,1.1193,381.62
1498425300000,1.11929,1.11963,1.11905,1.11962,404.62
1498426200000,1.11963,1.11987,1.11917,1.11938,362.32
1498427100000,1.11937,1.11963,1.11908,1.11927,312.71
1498428000000,1.11925,1.11987,1.11925,1.1195,1149.97
1498428900000,1.1195,1.11967,1.11932,1.11953,635.62
1498429800000,1.11953,1.11975,1.11952,1.11972,819.28
1498430700000,1.11972,1.11982,1.1196,1.11964,450.38
1498431600000,1.11965,1.11976,1.11962,1.11971,338.49
1498432500000,1.11971,1.11978,1.1196,1.11976,367.33
1498433400000,1.11976,1.11979,1.11972,1.11972,256.25
1498434300000,1.11972,1.11999,1.11956,1.11997,656.57
1498435200000,1.11997,1.12002,1.11971,1.11982,739.02
1498436100000,1.11982,1.11986,1.1195,1.11976,929.93
1498437000000,1.11976,1.11993,1.11967,1.11975,1046.19
1498437900000,1.11973,1.11988,1.11956,1.11963,1056.31
1498438800000,1.11963,1.11967,1.11932,1.11945,1264.61
1498439700000,1.11944,1.1195,1.1191,1.11939,1400.42
1498440600000,1.1194,1.11955,1.11923,1.11924,827.04
1498441500000,1.11924,1.11945,1.11898,1.119,1242.46
1498442400000,1.11899,1.11968,1.11899,1.11954,1078.74
1498443300000,1.11954,1.11957,1.11944,1.1195,1003.94
1498444200000,1.1195,1.11961,1.11923,1.11936,1047.89
1498445100000,1.11936,1.11968,1.11936,1.1195,923.28
1498446000000,1.11951,1.11951,1.11904,1.11909,971.2
1498446900000,1.11909,1.1195,1.119,1.11931,945.42
1498447800000,1.1193,1.11965,1.11929,1.11964,882.29
1498448700000,1.11964,1.11977,1.11939,1.11965,875.24
1498449600000,1.11964,1.11964,1.11922,1.11934,780.86
1498450500000,1.11934,1.11936,1.11923,1.11934,573.91
1498451400000,1.11934,1.11945,1.11928,1.11935,742.39
1498452300000,1.11936,1.11936,1.11903,1.11914,831.55
1498453200000,1.11916,1.11916,1.11887,1.11891,1648.78
1498454100000,1.11889,1.11916,1.11889,1.11916,1543.69
1498455000000,1.11917,1.11922,1.11901,1.11922,1224.04
1498455900000,1.11922,1.11936,1.11919,1.11924,842.69
1498456800000,1.11924,1.11951,1.11855,1.11865,2207.78
1498457700000,1.11866,1.11885,1.11855,1.11876,1694.2
1498458600000,1.11877,1.11913,1.11846,1.11906,2233.41
1498459500000,1.11907,1.11946,1.11889,1.11918,2192.17
1498460400000,1.11916,1.12043,1.119,1.11992,3634.38
1498461300000,1.11993,1.1205,1.11966,1.12022,3133.07
1498462200000,1.12022,1.12077,1.12022,1.12051,2762.87
1498463100000,1.12049,1.12057,1.1199,1.12006,3052.77
1498464000000,1.12009,1.12017,1.11929,1.11992,3693.83
1498464900000,1.11996,1.12006,1.11865,1.11897,3227.52
1498465800000,1.11896,1.11921,1.11819,1.11836,2977.86
1498466700000,1.11836,1.11872,1.11818,1.11859,2535.17
1498467600000,1.11858,1.11868,1.11818,1.11859,2989.98
1498468500000,1.11859,1.11862,1.11818,1.11861,2730.02
1498469400000,1.11861,1.11872,1.11787,1.11811,2739.65
1498470300000,1.11811,1.11812,1.11756,1.11772,2586.97
1498471200000,1.11771,1.11863,1.11766,1.11856,2887.47
1498472100000,1.11856,1.11872,1.11771,1.11801,2905.7
1498473000000,1.11801,1.11841,1.11783,1.11819,2214.7
1498473900000,1.11817,1.11832,1.11765,1.11796,1851.22
1498474800000,1.11796,1.11813,1.11751,1.11755,3106.63
1498475700000,1.11754,1.11767,1.11717,1.11755,2754.4
1498476600000,1.11756,1.11819,1.11748,1.11819,2507.45
1498477500000,1.1182,1.1185,1.11814,1.11814,2629.57
1498478400000,1.11815,1.11867,1.11814,1.11866,2616.27
1498479300000,1.11865,1.11901,1.11849,1.11884,2906.13
1498480200000,1.11888,1.12186,1.11886,1.1215,5982.32
1498481100000,1.1215,1.12198,1.12095,1.12111,4111.29
1498482000000,1.12111,1.12158,1.12095,1.12105,3774.79
1498482900000,1.12105,1.1215,1.12083,1.12097,2886.85
1498483800000,1.12097,1.12131,1.1208,1.12093,3387.62
1498484700000,1.12093,1.12132,1.12027,1.12028,2835.32
1498485600000,1.1203,1.12096,1.12024,1.12087,3117.28
1498486500000,1.12087,1.12127,1.12048,1.12061,2970.7
1498487400000,1.12062,1.12162,1.12049,1.12154,2704.94
1498488300000,1.12153,1.12185,1.12006,1.1203,3766.98
1498489200000,1.12032,1.12038,1.11981,1.12007,3722.56
1498490100000,1.12007,1.12027,1.11991,1.12018,2151.01
1498491000000,1.12018,1.12048,1.11905,1.11905,3415.53
1498491900000,1.11901,1.11972,1.11889,1.11961,2676.99
1498492800000,1.11961,1.11978,1.11877,1.11879,2592.83
1498493700000,1.11879,1.11884,1.11819,1.11843,2522.7
1498494600000,1.11844,1.11886,1.11834,1.11877,1919.43
1498495500000,1.11877,1.11902,1.11865,1.11874,2016.51
1498496400000,1.11874,1.11892,1.1187,1.11875,2001.5
1498497300000,1.11875,1.11928,1.11873,1.11921,1417.34
1498498200000,1.11921,1.11944,1.11908,1.11908,1843.33
1498499100000,1.11908,1.11916,1.11878,1.11914,1687.79
1498500000000,1.11914,1.11943,1.11913,1.11924,1162.32
1498500900000,1.11924,1.11925,1.11764,1.11766,2240.14
1498501800000,1.11767,1.11797,1.11753,1.11777,1715.53
1498502700000,1.11778,1.11811,1.11771,1.11808,1832.59
1498503600000,1.11809,1.11819,1.11785,1.11794,1429.16
1498504500000,1.11795,1.11803,1.11772,1.11794,1736.02
1498505400000,1.11794,1.11816,1.11778,1.1181,1167.69
1498506300000,1.11809,1.1181,1.11796,1.11803,1449.99
1498507200000,1.118,1.11813,1.11792,1.1181,1040.9
1498508100000,1.11809,1.11829,1.11804,1.11827,1241.88
1498509000000,1.11828,1.11833,1.11796,1.11805,1136.18
1498509900000,1.11806,1.1183,1.11796,1.11815,712.72
1498510800000,1.11822,1.11841,1.11809,1.11838,513.12
1498511700000,1.11839,1.11839,1.11809,1.11819,1470.62
1498512600000,1.11827,1.11844,1.11808,1.11815,1704.29
1498513500000,1.11815,1.11833,1.11809,1.11832,768.43
1498514400000,1.11832,1.11834,1.11815,1.11818,1387.87
1498515300000,1.11817,1.1183,1.11813,1.11822,731.83
1498516200000,1.1182,1.11834,1.11818,1.11823,1179.04
1498517100000,1.11824,1.11825,1.11799,1.11803,1740.02
1498518000000,1.11804,1.11809,1.11797,1.11799,1081.09
1498518900000,1.11798,1.11803,1.11788,1.118,1051.39
1498519800000,1.118,1.11822,1.11795,1.11807,470.35
1498520700000,1.11807,1.11835,1.11807,1.11828,1065.09
1498521600000,1.11827,1.11843,1.118,1.11821,1284.87
1498522500000,1.11821,1.11841,1.11816,1.1183,1160.46
1498523400000,1.11833,1.11839,1.11826,1.11831,975.58
1498524300000,1.11831,1.11853,1.11821,1.11841,1520.42
1498525200000,1.1184,1.11866,1.11836,1.11862,1410.28
1498526100000,1.11861,1.11867,1.11844,1.11854,1281.47
1498527000000,1.11855,1.11856,1.11841,1.11849,1232.11
1498527900000,1.11849,1.11849,1.11808,1.11825,1351.67
1498528800000,1.11825,1.11842,1.11804,1.11839,987.16
1498529700000,1.11839,1.11871,1.11839,1.11865,942.37
1498530600000,1.11865,1.1188,1.11861,1.1188,842.04
1498531500000,1.11881,1.11896,1.11873,1.11876,1080.07
1498532400000,1.11875,1.11923,1.11869,1.11919,1094.35
1498533300000,1.11919,1.11924,1.11905,1.11911,1177.79
1498534200000,1.1191,1.11922,1.11904,1.11906,1117.16
1498535100000,1.11906,1.11923,1.11904,1.1191,931.02
1498536000000,1.1191,1.11911,1.1188,1.1188,755.28
1498536900000,1.11881,1.1189,1.11879,1.11885,690.68
1498537800000,1.11887,1.11897,1.1188,1.11896,822.05
1498538700000,1.11895,1.11905,1.11894,1.11901,446.37
1498539600000,1.11899,1.11923,1.11899,1.11911,782.36
1498540500000,1.11913,1.11934,1.11911,1.11934,1165.44
1498541400000,1.11933,1.11964,1.11927,1.11941,1194.56
1498542300000,1.11941,1.11958,1.11924,1.11955,1161.4
1498543200000,1.11955,1.11955,1.11918,1.1194,2054.01
1498544100000,1.11939,1.12039,1.11939,1.11979,2618.13
1498545000000,1.11978,1.11995,1.1196,1.11964,2303.04
1498545900000,1.11964,1.11972,1.11883,1.11909,3615.35
1498546800000,1.11908,1.11929,1.11894,1.1192,2886.19
1498547700000,1.11921,1.11926,1.11889,1.11913,2560.05
1498548600000,1.11913,1.11922,1.11861,1.11874,3259.16
1498549500000,1.11873,1.11878,1.11823,1.1187,3010.57
1498550400000,1.11869,1.12362,1.11868,1.12351,6394.23
1498551300000,1.12351,1.12437,1.12237,1.12383,7121.16
1498552200000,1.12386,1.12508,1.12365,1.12477,5413.93
1498553100000,1.12469,1.12548,1.12461,1.12489,5050.39
1498554000000,1.12489,1.12601,1.1244,1.12552,4059.04
1498554900000,1.12551,1.12566,1.1249,1.1249,3530.56
1498555800000,1.12491,1.12626,1.1249,1.12613,3220.97
1498556700000,1.12613,1.12651,1.12533,1.12541,3070.31
1498557600000,1.12541,1.12555,1.12467,1.12524,3265.66
1498558500000,1.12524,1.12565,1.12486,1.12516,2870.05
1498559400000,1.12516,1.12557,1.12494,1.12523,2553.86
1498560300000,1.12525,1.12661,1.12522,1.12619,3169.57
1498561200000,1.12619,1.12691,1.12605,1.12685,3063.17
1498562100000,1.12684,1.12699,1.12654,1.12656,2720.41
1498563000000,1.12653,1.12747,1.12647,1.12698,3467.57
1498563900000,1.12697,1.12719,1.12655,1.12688,3113.79
1498564800000,1.1269,1.12783,1.12687,1.12782,2792.35
1498565700000,1.12782,1.12816,1.12763,1.12814,3589.42
1498566600000,1.12806,1.1284,1.1272,1.1273,3618.76
1498567500000,1.1273,1.12773,1.12717,1.12768,2632.68
1498568400000,1.12767,1.12899,1.12767,1.12858,4017.06
1498569300000,1.12859,1.12899,1.12842,1.12876,3331.38
1498570200000,1.12876,1.13044,1.12831,1.12839,4916.79
1498571100000,1.12838,1.12925,1.12828,1.12878,3490.88
1498572000000,1.12881,1.12897,1.12768,1.1282,3771.39
1498572900000,1.1282,1.12826,1.12745,1.12784,2939.32
1498573800000,1.12784,1.12866,1.12761,1.12849,19650.47
1498574700000,1.12849,1.12877,1.12817,1.12862,2967.18
1498575600000,1.12862,1.12934,1.12839,1.12925,3954.61
1498576500000,1.12925,1.13031,1.12914,1.12955,3855.55
1498577400000,1.12955,1.13024,1.12925,1.12949,2701.06
1498578300000,1.1295,1.1332,1.12921,1.13267,4264.89
1498579200000,1.13263,1.13349,1.13188,1.13207,4838.59
1498580100000,1.13211,1.13213,1.13105,1.13132,3271.32
1498581000000,1.13133,1.1314,1.13081,1.13092,2295.86
1498581900000,1.13091,1.13123,1.1306,1.13118,2826.92
1498582800000,1.13119,1.1316,1.13065,1.1315,3980.53
1498583700000,1.13151,1.13362,1.13151,1.13341,4200.21
1498584600000,1.13343,1.13378,1.13236,1.13252,3820.81
1498585500000,1.13252,1.13361,1.13247,1.13321,2881.64
1498586400000,1.13322,1.1342,1.13315,1.13355,3286.42
1498587300000,1.13354,1.13422,1.13345,1.13362,2860.07
1498588200000,1.13362,1.13397,1.13326,1.13394,2093.38
1498589100000,1.13393,1.1348,1.13381,1.13464,2129.31
1498590000000,1.13462,1.13488,1.13441,1.13481,2647.74
1498590900000,1.13481,1.13492,1.1345,1.13469,1962.53
1498591800000,1.1347,1.13482,1.1344,1.13481,2035.4
1498592700000,1.13479,1.13494,1.13468,1.13487,2800.28
1498593600000,1.13488,1.13488,1.13434,1.13464,937.31
1498594500000,1.13465,1.13469,1.13431,1.13432,1236.71
1498595400000,1.13432,1.13432,1.13407,1.13416,1478.65
1498596300000,1.13416,1.13422,1.13365,1.13385,1831.44
1498597200000,1.13384,1.13398,1.13342,1.13353,1081.81
1498598100000,1.13354,1.13366,1.13294,1.13357,6529.71
1498599000000,1.13358,1.13395,1.1334,1.13356,1918.28
1498599900000,1.13362,1.13386,1.13345,1.13351,1643.09
1498600800000,1.13351,1.13394,1.13351,1.13369,1173.8
1498601700000,1.13369,1.13386,1.13353,1.13384,1769.14
1498602600000,1.13383,1.13423,1.1338,1.13405,1803.46
1498603500000,1.13406,1.13445,1.13405,1.13429,1485.22
1498604400000,1.13429,1.13434,1.134,1.13413,991.2
1498605300000,1.13412,1.1342,1.13374,1.13374,877.57
1498606200000,1.13374,1.13391,1.13365,1.13389,2013.42
1498607100000,1.13389,1.13389,1.13359,1.13369,1378.31
1498608000000,1.13369,1.13427,1.13359,1.13402,1682.25
1498608900000,1.13402,1.13436,1.13384,1.13435,1517.23
1498609800000,1.13435,1.13436,1.13396,1.13407,1762.83
1498610700000,1.13407,1.13409,1.13373,1.13397,1889
1498611600000,1.13396,1.1341,1.13384,1.1339,1566.76
1498612500000,1.1339,1.13399,1.13369,1.13396,1340.88
1498613400000,1.13396,1.13483,1.13378,1.13479,2110.94
1498614300000,1.13478,1.13555,1.13441,1.13511,2250.04
1498615200000,1.13511,1.13513,1.13472,1.13487,1859.64
1498616100000,1.13487,1.13509,1.13468,1.13488,1733.24
1498617000000,1.13488,1.13539,1.13485,1.13522,1709
1498617900000,1.13522,1.13531,1.13502,1.13514,1638.77
1498618800000,1.13513,1.13515,1.1348,1.1349,1504.88
1498619700000,1.13492,1.13505,1.13482,1.13495,1527.86
1498620600000,1.13495,1.13504,1.13475,1.13482,1078.32
1498621500000,1.13482,1.1351,1.13476,1.13487,1015.03
1498622400000,1.13487,1.135,1.13476,1.13476,1135.9
1498623300000,1.13475,1.13532,1.13472,1.13529,1180.4
1498624200000,1.13527,1.13534,1.13508,1.13509,983.39
1498625100000,1.13509,1.1352,1.13465,1.13468,962.84
1498626000000,1.13468,1.13485,1.13453,1.13483,1437.56
1498626900000,1.13483,1.13505,1.13476,1.13504,1143.03
1498627800000,1.13504,1.13533,1.13491,1.135,1564.44
1498628700000,1.13499,1.13663,1.13498,1.13626,2668.46
1498629600000,1.13626,1.13741,1.13594,1.13729,3150.33
1498630500000,1.13729,1.13787,1.13688,1.13704,4184.5
1498631400000,1.13706,1.13719,1.1365,1.13654,3946.41
1498632300000,1.13655,1.13667,1.13524,1.13535,3947.6
1498633200000,1.13529,1.13629,1.13522,1.13562,5123.84
1498634100000,1.13562,1.13734,1.13552,1.13713,4008.39
1498635000000,1.13711,1.13837,1.13703,1.1379,4866.97
1498635900000,1.1379,1.13881,1.13781,1.13785,4144.59
1498636800000,1.13783,1.13846,1.13672,1.13761,4090.67
1498637700000,1.13761,1.13863,1.13714,1.13804,4428.06
1498638600000,1.13804,1.13846,1.13654,1.13661,3841.72
1498639500000,1.13663,1.13677,1.136,1.13603,3186.61
1498640400000,1.13604,1.13639,1.13542,1.13572,4011.35
1498641300000,1.13572,1.13601,1.13534,1.13579,3346.52
1498642200000,1.13579,1.13636,1.13571,1.13613,3303.31
1498643100000,1.13613,1.13622,1.13582,1.13607,2785.23
1498644000000,1.13607,1.13658,1.13602,1.13658,2811.09
1498644900000,1.13657,1.13716,1.13648,1.13663,2851.73
1498645800000,1.13663,1.13664,1.13597,1.13609,2473.41
1498646700000,1.1361,1.13618,1.13551,1.13585,2294.59
1498647600000,1.13584,1.13674,1.13557,1.13674,2358.15
1498648500000,1.13675,1.13764,1.1367,1.1375,3186.03
1498649400000,1.13751,1.13761,1.13692,1.13697,2801.33
1498650300000,1.13695,1.13748,1.13664,1.13746,2999.04
1498651200000,1.13747,1.138,1.13735,1.1375,3318.11
1498652100000,1.13751,1.13775,1.12917,1.13307,9088.46
1498653000000,1.13305,1.13401,1.132,1.13278,7138.72
1498653900000,1.13278,1.13346,1.13209,1.13314,3994.81
1498654800000,1.13312,1.13432,1.13312,1.13377,4363.21
1498655700000,1.13376,1.13399,1.13282,1.13342,4421.52
1498656600000,1.13343,1.13728,1.13314,1.13501,7380.16
1498657500000,1.13503,1.13687,1.13474,1.13657,6750.34
1498658400000,1.13657,1.13906,1.13656,1.13768,6445.51
1498659300000,1.13767,1.13825,1.13724,1.13759,4701.96
1498660200000,1.13759,1.13808,1.13693,1.13767,5006.06
1498661100000,1.13769,1.13834,1.13613,1.13631,5018.27
1498662000000,1.13629,1.13653,1.13547,1.13625,5087
1498662900000,1.13626,1.13659,1.13525,1.13538,3725.78
1498663800000,1.13538,1.13618,1.13495,1.13617,3380.98
1498664700000,1.13617,1.13654,1.13558,1.13646,2956.13
1498665600000,1.13647,1.13724,1.1363,1.13723,1910.25
1498666500000,1.13723,1.13741,1.13697,1.13708,2222.31
1498667400000,1.13707,1.13756,1.1369,1.13754,2037.24
1498668300000,1.13754,1.13815,1.13748,1.13777,2775.51
1498669200000,1.13778,1.13818,1.13776,1.13778,2419.62
1498670100000,1.13777,1.1378,1.13741,1.13746,1686.04
1498671000000,1.13747,1.13771,1.13735,1.13767,1609.82
1498671900000,1.13767,1.13806,1.13753,1.13767,1740.65
1498672800000,1.13769,1.13839,1.13764,1.13793,1770.2
1498673700000,1.13792,1.13821,1.13769,1.13772,1644.97
1498674600000,1.13772,1.13815,1.13759,1.13805,1119.69
1498675500000,1.13805,1.1381,1.13767,1.13797,1361.13
1498676400000,1.138,1.13802,1.13771,1.13788,1297.57
1498677300000,1.13789,1.13797,1.1376,1.13785,1187.55
1498678200000,1.13788,1.13828,1.13779,1.13825,1411.22
1498679100000,1.13825,1.13852,1.13806,1.13818,1845.21
1498680000000,1.13818,1.13818,1.13796,1.13798,869.15
1498680900000,1.13796,1.13799,1.13777,1.13795,1706.57
1498681800000,1.13793,1.13794,1.13763,1.1377,978.17
1498682700000,1.13773,1.13783,1.13759,1.13775,1149.11
1498683600000,1.13775,1.13788,1.13762,1.13781,1165.68
1498684500000,1.1378,1.13786,1.13752,1.1376,1128.53
1498685400000,1.13759,1.13786,1.13759,1.13772,1178.82
1498686300000,1.13772,1.13797,1.13751,1.13762,1560.41
1498687200000,1.13762,1.13791,1.13755,1.13777,1428.98
1498688100000,1.13778,1.13799,1.13764,1.13773,1270.86
1498689000000,1.13771,1.13773,1.13744,1.13772,2291.52
1498689900000,1.13772,1.13783,1.13772,1.13773,1013.72
1498690800000,1.13775,1.13792,1.13773,1.13787,672.4
1498691700000,1.13784,1.13807,1.13777,1.13802,580.18
1498692600000,1.13801,1.13834,1.13795,1.1383,604.77
1498693500000,1.1383,1.13854,1.13782,1.13782,1248.29
1498694400000,1.1378,1.13817,1.13768,1.1381,1700.29
1498695300000,1.1381,1.13833,1.13799,1.13826,1333.97
1498696200000,1.13826,1.13877,1.13818,1.13865,1833.47
1498697100000,1.13869,1.13893,1.13843,1.13868,2263.33
1498698000000,1.13868,1.13887,1.13849,1.13884,1409.76
1498698900000,1.13885,1.13948,1.13874,1.13926,1925.46
1498699800000,1.13926,1.13957,1.13918,1.13948,2133.47
1498700700000,1.13947,1.14084,1.13933,1.14053,2386.23
1498701600000,1.14052,1.14193,1.1403,1.1417,2448.47
1498702500000,1.14171,1.14175,1.14088,1.14107,1869.44
1498703400000,1.14106,1.14115,1.1407,1.1407,1434.58
1498704300000,1.14072,1.141,1.14043,1.14051,2033.8
1498705200000,1.14051,1.14062,1.14015,1.14022,1694.98
1498706100000,1.14021,1.14099,1.14019,1.14077,1835.43
1498707000000,1.14078,1.14081,1.14044,1.14046,990.51
1498707900000,1.14046,1.14079,1.1404,1.14057,845.37
1498708800000,1.14057,1.14077,1.14045,1.14049,1077.13
1498709700000,1.14051,1.14069,1.14047,1.14055,683.95
1498710600000,1.14056,1.14056,1.13947,1.1397,1649.06
1498711500000,1.1397,1.14035,1.1397,1.14016,1451.36
1498712400000,1.14017,1.14017,1.13953,1.13953,1497.56
1498713300000,1.13954,1.13977,1.13954,1.13957,753.19
1498714200000,1.13957,1.14003,1.13957,1.13985,1227.99
1498715100000,1.13986,1.1408,1.13975,1.14071,1603.76
1498716000000,1.14073,1.14141,1.1402,1.14124,3302.78
1498716900000,1.14125,1.1415,1.13997,1.14027,3515.62
1498717800000,1.14026,1.1407,1.14,1.14046,3073.1
1498718700000,1.14048,1.14118,1.14032,1.14061,3724.68
1498719600000,1.14062,1.14326,1.14062,1.14275,6390.66
1498720500000,1.14275,1.143,1.14211,1.14273,4925.93
1498721400000,1.14273,1.143,1.14207,1.14263,4643.41
1498722300000,1.14263,1.14288,1.14202,1.14267,3857.95
1498723200000,1.14264,1.1435,1.14161,1.14175,4974.29
1498724100000,1.14177,1.14259,1.1415,1.14251,3418.55
1498725000000,1.14252,1.14276,1.14198,1.14272,2859.45
1498725900000,1.14274,1.14276,1.14227,1.14254,3549.75
1498726800000,1.14255,1.14264,1.14218,1.14241,3192.33
1498727700000,1.1424,1.1424,1.1413,1.14132,2980.56
1498728600000,1.14133,1.14134,1.13982,1.14088,3954.19
1498729500000,1.14082,1.14172,1.14082,1.14135,2804.01
1498730400000,1.14136,1.1416,1.14056,1.14069,3214.57
1498731300000,1.14071,1.14125,1.14057,1.14125,2734.33
1498732200000,1.14125,1.14143,1.14054,1.14074,2858.56
1498733100000,1.14075,1.14084,1.13997,1.14061,3471.41
1498734000000,1.14061,1.14076,1.13993,1.1402,2851.15
1498734900000,1.14021,1.14029,1.13921,1.13959,3797.84
1498735800000,1.13959,1.14005,1.13932,1.13959,2986.6
1498736700000,1.13959,1.14059,1.13949,1.14055,3576.03
1498737600000,1.14065,1.14175,1.14062,1.14122,4154.6
1498738500000,1.14124,1.14152,1.14024,1.1404,3287.82
1498739400000,1.14043,1.14077,1.1392,1.13946,4301.01
1498740300000,1.13944,1.14069,1.1388,1.14008,4122.45
1498741200000,1.14007,1.14088,1.13968,1.14067,3372.11
1498742100000,1.14065,1.14103,1.14025,1.14083,3135.39
1498743000000,1.14083,1.1412,1.14026,1.14116,4046.2
1498743900000,1.14116,1.14155,1.13956,1.13998,4174.17
1498744800000,1.13997,1.14199,1.13993,1.14171,4318.15
1498745700000,1.14171,1.14223,1.1414,1.14159,3551.12
1498746600000,1.14159,1.14175,1.1411,1.14166,2756.33
1498747500000,1.14164,1.1428,1.14148,1.14241,4098.58
1498748400000,1.14242,1.1428,1.14199,1.14254,4100.67
1498749300000,1.14256,1.14298,1.14232,1.14243,4009.71
1498750200000,1.14244,1.14302,1.14237,1.14301,3597.06
1498751100000,1.14301,1.1432,1.14206,1.14206,2908.66
1498752000000,1.14204,1.14224,1.14171,1.14193,3033.8
1498752900000,1.14194,1.14268,1.14163,1.14258,2491.02
1498753800000,1.14258,1.14283,1.14236,1.14272,2234.57
1498754700000,1.14274,1.14314,1.14268,1.14297,3061.28
1498755600000,1.14296,1.14357,1.14276,1.14319,3106.17
1498756500000,1.1432,1.14385,1.1432,1.1437,2731.2
1498757400000,1.14368,1.14386,1.14348,1.14375,3078.01
1498758300000,1.14374,1.14446,1.1437,1.14422,2482.3
1498759200000,1.14422,1.14451,1.14384,1.14395,2170.09
1498760100000,1.14391,1.14391,1.14363,1.14369,1882.95
1498761000000,1.14368,1.14371,1.14306,1.14317,2734.17
1498761900000,1.14314,1.14338,1.14292,1.14326,2072.14
1498762800000,1.14327,1.14374,1.14318,1.14353,2461.4
1498763700000,1.14353,1.14381,1.14347,1.14369,1876.72
1498764600000,1.14368,1.1445,1.14361,1.14438,2165.44
1498765500000,1.14436,1.14455,1.14382,1.14393,2566.54
1498766400000,1.14395,1.14411,1.14356,1.14393,1108.34
1498767300000,1.14393,1.14425,1.14392,1.14419,926.77
1498768200000,1.1442,1.14426,1.14409,1.14411,1180.09
1498769100000,1.14414,1.14422,1.14389,1.14402,1344.33
1498770000000,1.144,1.14413,1.14381,1.14413,505.22
1498770900000,1.14413,1.14429,1.14399,1.144,1473.4
1498771800000,1.14398,1.14421,1.14391,1.14416,962.89
1498772700000,1.14418,1.14429,1.14393,1.14406,1606.7
1498773600000,1.14407,1.14427,1.14407,1.14413,2967.66
1498774500000,1.14413,1.14445,1.14408,1.14429,1118.38
1498775400000,1.14429,1.14452,1.14428,1.14437,1868
1498776300000,1.14437,1.1444,1.14413,1.14425,1107.73
1498777200000,1.14424,1.14428,1.14408,1.14411,873.78
1498778100000,1.1441,1.14414,1.14399,1.14409,1137.44
1498779000000,1.14409,1.14422,1.14403,1.14418,1144.92
1498779900000,1.14418,1.14422,1.14393,1.14394,1331.53
1498780800000,1.14393,1.14428,1.14345,1.14366,1938.66
1498781700000,1.14366,1.14383,1.14347,1.14348,1738.13
1498782600000,1.14349,1.14366,1.14303,1.14305,1709.21
1498783500000,1.14307,1.14326,1.14268,1.14283,2801.18
1498784400000,1.14283,1.14368,1.14275,1.14366,2429.78
1498785300000,1.14366,1.14377,1.14319,1.14326,1945.12
1498786200000,1.14326,1.14378,1.14319,1.1436,1543.12
1498787100000,1.14362,1.14442,1.14344,1.14407,1274.14
1498788000000,1.14407,1.14443,1.14405,1.14428,1478.13
1498788900000,1.14426,1.14443,1.14391,1.14394,1814.78
1498789800000,1.14394,1.14408,1.14362,1.14373,2009.1
1498790700000,1.14374,1.14386,1.14354,1.14359,1653.77
1498791600000,1.14359,1.14424,1.14354,1.14421,1468.24
1498792500000,1.14421,1.14431,1.14415,1.14415,997.76
1498793400000,1.14415,1.14418,1.14398,1.14401,1060.41
1498794300000,1.144,1.14417,1.14398,1.14403,1080.05
1498795200000,1.14403,1.14412,1.14374,1.1439,1151.63
1498796100000,1.1439,1.14416,1.14389,1.14415,747.36
1498797000000,1.14416,1.14417,1.14405,1.14415,810.96
1498797900000,1.14414,1.14426,1.14399,1.14402,824.04
1498798800000,1.14404,1.14409,1.14365,1.1439,1211.02
1498799700000,1.14386,1.14391,1.14364,1.14386,1027.08
1498800600000,1.14384,1.14411,1.14357,1.14369,1207.59
1498801500000,1.1437,1.1437,1.14275,1.143,1690.83
1498802400000,1.14298,1.1436,1.14273,1.14277,2619.93
1498803300000,1.14277,1.14341,1.14244,1.14341,2557.84
1498804200000,1.14344,1.14411,1.14344,1.14399,3723.82
1498805100000,1.14399,1.14403,1.14224,1.14231,3594.97
1498806000000,1.14236,1.14296,1.14171,1.14258,5020.47
1498806900000,1.14257,1.14257,1.14121,1.14131,4245.04
1498807800000,1.14131,1.14184,1.14021,1.14083,4583.5
1498808700000,1.14083,1.1413,1.14035,1.14121,3478.36
1498809600000,1.1412,1.14156,1.14089,1.14089,2734.32
1498810500000,1.14091,1.14148,1.1405,1.14128,2411
1498811400000,1.14127,1.14129,1.13955,1.13989,4245.2
1498812300000,1.13991,1.14068,1.13985,1.14032,3794.7
1498813200000,1.14033,1.14101,1.13921,1.13943,4157.2
1498814100000,1.13941,1.14029,1.13926,1.13988,2692.72
1498815000000,1.13986,1.14031,1.13949,1.14027,2222.67
1498815900000,1.14025,1.14102,1.14024,1.14095,2880.95
1498816800000,1.14095,1.14116,1.14044,1.1408,2350.74
1498817700000,1.1408,1.14083,1.14011,1.14031,2581.53
1498818600000,1.14031,1.14052,1.14001,1.14013,2582.65
1498819500000,1.14012,1.14059,1.13986,1.14028,2445.53
1498820400000,1.14028,1.14089,1.14025,1.14041,2192.85
1498821300000,1.14042,1.14126,1.1404,1.141,2536.36
1498822200000,1.141,1.1412,1.14075,1.14088,2424.31
1498823100000,1.14088,1.14101,1.14035,1.14039,2445.52
1498824000000,1.1404,1.14158,1.14039,1.14121,3572.78
1498824900000,1.14123,1.14168,1.14069,1.14099,3283.69
1498825800000,1.14096,1.1421,1.14066,1.14117,4444.81
1498826700000,1.14114,1.14141,1.14064,1.14127,3545.29
1498827600000,1.14127,1.14223,1.14119,1.14158,3714.92
1498828500000,1.14158,1.14172,1.14123,1.14156,2794.99
1498829400000,1.14154,1.14215,1.14141,1.14166,3586.36
1498830300000,1.14171,1.14236,1.14143,1.14193,3914.66
1498831200000,1.14194,1.14275,1.14194,1.1425,3804.92
1498832100000,1.1425,1.1425,1.14181,1.14186,2975.86
1498833000000,1.14186,1.14191,1.14107,1.14125,3307.15
1498833900000,1.14125,1.1413,1.13956,1.14041,5014.67
1498834800000,1.14042,1.14165,1.14041,1.14141,3951.92
1498835700000,1.14143,1.14147,1.14075,1.14085,2946.68
1498836600000,1.14086,1.14106,1.14054,1.14094,2033.04
1498837500000,1.14093,1.14149,1.14077,1.14111,2492.19
1498838400000,1.1411,1.14162,1.14081,1.14086,2582.79
1498839300000,1.14085,1.14124,1.14078,1.1409,1984.52
1498840200000,1.14088,1.14131,1.14062,1.14109,2076.63
1498841100000,1.14109,1.14146,1.14096,1.14125,1695.78
1498842000000,1.14126,1.14169,1.14121,1.1414,1515.05
1498842900000,1.14141,1.14145,1.14107,1.14138,1692.39
1498843800000,1.14137,1.1415,1.14122,1.14128,1437.38
1498844700000,1.14127,1.14152,1.14116,1.14146,1321.29
1498845600000,1.14147,1.14156,1.14131,1.14142,1936.72
1498846500000,1.14142,1.14175,1.14086,1.1417,2338.74
1498847400000,1.14169,1.14174,1.14133,1.14173,1872.19
1498848300000,1.14174,1.14226,1.14163,1.14194,2388.68
1498849200000,1.14192,1.14233,1.14163,1.14189,2052.16
1498850100000,1.14189,1.14214,1.14188,1.14205,1998.47
1498851000000,1.14205,1.14211,1.14164,1.14168,2079.87
1498851900000,1.1417,1.1422,1.14149,1.14215,2409.93
1498852800000,1.14214,1.14229,1.142,1.14217,1568.52
1498853700000,1.14218,1.14234,1.14217,1.14225,1270.09
1498854600000,1.14225,1.1423,1.14194,1.14194,1892.28
1498855500000,1.14202,1.14257,1.14181,1.14251,1505.83
