timestamp,open,high,low,close,volume
1488326400000,1.05691,1.05693,1.05634,1.05646,2082.68
1488327300000,1.05647,1.05664,1.05636,1.05646,1778.39
1488328200000,1.05652,1.05663,1.05602,1.05608,1903
1488329100000,1.05609,1.05628,1.05599,1.05624,1382.35
1488330000000,1.05624,1.05626,1.05581,1.05591,2693.96
1488330900000,1.0559,1.05601,1.05551,1.05587,2255.24
1488331800000,1.05587,1.05657,1.05578,1.05648,3023.01
1488332700000,1.0565,1.05744,1.05638,1.0572,3679.62
1488333600000,1.05722,1.05796,1.05613,1.05654,5455.28
1488334500000,1.05653,1.05894,1.05632,1.058,6519.07
1488335400000,1.05799,1.05842,1.05718,1.05802,4352.3
1488336300000,1.05802,1.05881,1.05755,1.05792,3418.29
1488337200000,1.05791,1.05792,1.05637,1.05637,3842.76
1488338100000,1.05636,1.05673,1.05606,1.05631,2534.01
1488339000000,1.0563,1.05667,1.05567,1.05596,3316.43
1488339900000,1.05595,1.056,1.05543,1.05592,2342.57
1488340800000,1.05592,1.056,1.0557,1.05573,2155.56
1488341700000,1.05572,1.05578,1.05538,1.05551,1742.12
1488342600000,1.05552,1.05553,1.0551,1.05522,1896.45
1488343500000,1.05523,1.0553,1.05508,1.05526,1824.13
1488344400000,1.05525,1.05542,1.05522,1.05526,1316.9
1488345300000,1.05526,1.05529,1.05515,1.05521,1245.53
1488346200000,1.05521,1.05566,1.05516,1.05553,1836.73
1488347100000,1.05553,1.05566,1.05533,1.05555,1889.36
1488348000000,1.05555,1.05589,1.05542,1.05566,2035.98
1488348900000,1.05566,1.05603,1.05562,1.05566,1936.34
1488349800000,1.05566,1.05572,1.05535,1.05558,1722.77
1488350700000,1.05558,1.05594,1.05546,1.05577,1629.89
1488351600000,1.05576,1.05576,1.05376,1.05424,4427.32
1488352500000,1.05426,1.05447,1.05393,1.05428,3992.56
1488353400000,1.05428,1.05467,1.05386,1.05435,4205.34
1488354300000,1.05435,1.05448,1.05387,1.05402,3771.25
1488355200000,1.05403,1.05408,1.05259,1.05362,4999.86
1488356100000,1.05362,1.05437,1.05314,1.05319,4328.52
1488357000000,1.05318,1.05413,1.05298,1.05408,3664.92
1488357900000,1.05405,1.0546,1.05382,1.0545,3093.64
1488358800000,1.05449,1.05467,1.05385,1.05454,3821.37
1488359700000,1.05455,1.05455,1.05387,1.05455,3623.28
1488360600000,1.0545,1.05452,1.05345,1.05397,4128.06
1488361500000,1.05395,1.05472,1.05395,1.05396,3941.34
1488362400000,1.05398,1.05421,1.0536,1.05363,2942.04
1488363300000,1.05361,1.05405,1.05338,1.05348,3826.58
1488364200000,1.05347,1.05382,1.05336,1.05379,3257.79
1488365100000,1.0538,1.05456,1.0537,1.05454,3679.52
1488366000000,1.05453,1.05459,1.05376,1.05384,4171.47
1488366900000,1.05386,1.05426,1.05339,1.05361,3888.94
1488367800000,1.05362,1.05402,1.05266,1.05331,5193.32
1488368700000,1.05333,1.05373,1.0532,1.05354,4092.41
1488369600000,1.05354,1.05363,1.05248,1.0528,4201.28
1488370500000,1.05281,1.053,1.05236,1.05243,3623.82
1488371400000,1.05243,1.05288,1.0524,1.0527,3337.12
1488372300000,1.05272,1.05339,1.05263,1.05268,4351.22
1488373200000,1.05266,1.05336,1.05231,1.05328,4948.87
1488374100000,1.05328,1.05336,1.05189,1.05226,4344.32
1488375000000,1.05226,1.05262,1.05142,1.05213,7193.88
1488375900000,1.05212,1.05263,1.05206,1.05253,4333.24
1488376800000,1.05254,1.05268,1.05223,1.05253,4438.03
1488377700000,1.05253,1.05263,1.05201,1.05253,3154.79
1488378600000,1.05252,1.05375,1.05245,1.05349,4279.34
1488379500000,1.05349,1.05363,1.0529,1.05333,4705.55
1488380400000,1.05333,1.0545,1.0525,1.05448,6329.69
1488381300000,1.05449,1.05469,1.05386,1.05424,4925.8
1488382200000,1.05424,1.05598,1.05413,1.05512,5254.63
1488383100000,1.05514,1.05597,1.05498,1.05552,3829.97
1488384000000,1.05553,1.05595,1.05497,1.05591,4136.94
1488384900000,1.05591,1.05652,1.05548,1.05624,3786.25
1488385800000,1.05623,1.05698,1.05572,1.0569,3476.85
1488386700000,1.05689,1.05689,1.05624,1.05636,3336.68
1488387600000,1.05635,1.05706,1.05621,1.05693,3129.93
1488388500000,1.05695,1.05718,1.05645,1.05667,3200.76
1488389400000,1.05669,1.05672,1.05627,1.05637,2718.4
1488390300000,1.05638,1.05679,1.05622,1.05634,3188.14
1488391200000,1.05634,1.05658,1.05625,1.05637,2311.05
1488392100000,1.0564,1.05643,1.05612,1.05634,1333.63
1488393000000,1.05635,1.05709,1.05634,1.05653,2517.54
1488393900000,1.05655,1.05711,1.05651,1.05666,2076.23
1488394800000,1.05666,1.05681,1.05572,1.05576,2074.69
1488395700000,1.05578,1.05582,1.05497,1.05499,2990.47
1488396600000,1.05498,1.05515,1.05468,1.05504,2078.78
1488397500000,1.05504,1.05505,1.0543,1.05442,2387.51
1488398400000,1.0544,1.05514,1.05428,1.05503,2919.56
1488399300000,1.05503,1.05549,1.05492,1.05498,1965.79
1488400200000,1.05498,1.05505,1.05479,1.05497,1522.56
1488401100000,1.05496,1.05521,1.05459,1.05461,1903.61
1488402000000,1.0546,1.05475,1.05439,1.05443,870.67
1488402900000,1.05443,1.05473,1.05419,1.05472,1003.79
1488403800000,1.05471,1.05477,1.05444,1.05447,864.5
1488404700000,1.0545,1.05474,1.05438,1.05471,771.42
1488405600000,1.05471,1.05511,1.0545,1.05501,439.12
1488406500000,1.05501,1.05511,1.05476,1.05483,573.92
1488407400000,1.05483,1.05496,1.0548,1.05496,452.52
1488408300000,1.05494,1.05511,1.05493,1.05508,589.46
1488409200000,1.0551,1.0551,1.05387,1.05393,1562.78
1488410100000,1.05393,1.05446,1.05393,1.0544,1074.28
1488411000000,1.05441,1.05447,1.05355,1.05365,1279.6
1488411900000,1.05365,1.0538,1.05346,1.05359,1016.62
1488412800000,1.05358,1.05364,1.05293,1.05328,2377.46
1488413700000,1.05327,1.05365,1.05326,1.05364,1562.83
1488414600000,1.05363,1.0538,1.05332,1.05335,1530.59
1488415500000,1.05335,1.05429,1.05334,1.05423,1920.27
1488416400000,1.05421,1.05445,1.05373,1.05375,2370.29
1488417300000,1.05378,1.05439,1.05378,1.05387,1806.4
1488418200000,1.05387,1.05399,1.05368,1.05368,1469.05
1488419100000,1.05369,1.05369,1.05333,1.05343,2007.78
1488420000000,1.05343,1.05343,1.05287,1.05302,1971.46
1488420900000,1.05302,1.05319,1.05298,1.05313,1628.61
1488421800000,1.05313,1.05315,1.05287,1.05289,1649.56
1488422700000,1.05288,1.05309,1.05281,1.05303,1183.78
1488423600000,1.05302,1.05339,1.05298,1.05316,1723.33
1488424500000,1.05316,1.0533,1.05307,1.05321,1770.04
1488425400000,1.05319,1.05322,1.05306,1.05318,1917.32
1488426300000,1.05317,1.05346,1.05313,1.0532,1593.92
1488427200000,1.05318,1.05322,1.05299,1.05319,1660.74
1488428100000,1.05318,1.05336,1.05294,1.05311,1862.74
1488429000000,1.05309,1.05335,1.05305,1.05325,2044.07
1488429900000,1.05325,1.05347,1.05312,1.05325,2601.27
1488430800000,1.05326,1.05329,1.05307,1.05322,1127.14
1488431700000,1.05322,1.05335,1.05322,1.05325,1113.62
1488432600000,1.05322,1.05329,1.05304,1.05308,1624.43
1488433500000,1.05308,1.05329,1.05304,1.05308,1106.02
1488434400000,1.0531,1.05354,1.05297,1.05336,1779.94
1488435300000,1.05337,1.05362,1.05321,1.05329,1388.77
1488436200000,1.05329,1.05334,1.05296,1.05315,1871.66
1488437100000,1.05316,1.05325,1.05263,1.05263,2216.5
1488438000000,1.05262,1.0529,1.05222,1.05258,4164.36
1488438900000,1.05257,1.05326,1.05257,1.05307,3053.65
1488439800000,1.05307,1.05373,1.05292,1.0536,3065.67
1488440700000,1.05359,1.05408,1.05327,1.05396,3213.6
1488441600000,1.05394,1.05439,1.05364,1.05376,4226.36
1488442500000,1.05375,1.05377,1.05344,1.05353,3233.38
1488443400000,1.05353,1.05445,1.05312,1.05444,3996.4
1488444300000,1.05444,1.05456,1.05404,1.05421,3191.02
1488445200000,1.05423,1.05438,1.05374,1.05386,2952.82
1488446100000,1.05386,1.05386,1.05316,1.05337,3313.18
1488447000000,1.05337,1.0535,1.0524,1.0526,4326.15
1488447900000,1.05259,1.05329,1.05251,1.05259,3703.14
1488448800000,1.05258,1.05321,1.05227,1.05276,4289.82
1488449700000,1.05275,1.05319,1.05237,1.05276,2996.12
1488450600000,1.05274,1.05333,1.05257,1.05331,2693.59
1488451500000,1.05332,1.05332,1.05272,1.05275,2415.04
1488452400000,1.05276,1.05279,1.05228,1.05231,2666.99
1488453300000,1.05231,1.05303,1.05205,1.05285,3131.3
1488454200000,1.05284,1.0531,1.05228,1.05229,2749.51
1488455100000,1.05229,1.05246,1.0521,1.05225,3098.19
1488456000000,1.05225,1.05227,1.05111,1.05112,4007.35
1488456900000,1.05112,1.05143,1.05082,1.05115,4675.16
1488457800000,1.05114,1.05177,1.05096,1.05176,3778.04
1488458700000,1.05176,1.05211,1.05163,1.05196,3331.02
1488459600000,1.05197,1.05207,1.0511,1.05145,3933.76
1488460500000,1.05146,1.0518,1.05132,1.05169,3889.71
1488461400000,1.05169,1.05171,1.05085,1.05149,4174.81
1488462300000,1.05147,1.05175,1.0513,1.0514,3112
1488463200000,1.05139,1.05142,1.05011,1.05031,4522.85
1488464100000,1.05032,1.05048,1.0499,1.05001,3940.02
1488465000000,1.05,1.05121,1.05,1.05082,5046.47
1488465900000,1.05085,1.05102,1.05005,1.05051,4603.3
1488466800000,1.05051,1.05209,1.05046,1.0516,4733.97
1488467700000,1.05163,1.05207,1.05111,1.05123,4847.52
1488468600000,1.05123,1.05201,1.05098,1.05199,4377.74
1488469500000,1.05198,1.05282,1.05176,1.05246,4226.62
1488470400000,1.05249,1.05279,1.0522,1.05233,4397.79
1488471300000,1.05231,1.05252,1.05198,1.05205,2780.3
1488472200000,1.05205,1.05213,1.0515,1.05156,3422.39
1488473100000,1.05157,1.05172,1.05129,1.05138,3074.97
1488474000000,1.05137,1.05173,1.05101,1.05112,3916.68
1488474900000,1.05112,1.05115,1.05066,1.05092,2733.48
1488475800000,1.05091,1.05112,1.05059,1.05074,2669.16
1488476700000,1.05073,1.05087,1.05049,1.05061,2379.41
1488477600000,1.05063,1.05083,1.05025,1.0504,1972.27
1488478500000,1.05043,1.05117,1.05043,1.05085,1906.38
1488479400000,1.05085,1.05089,1.05023,1.05035,2457.29
1488480300000,1.05034,1.05067,1.05008,1.05051,2338.05
1488481200000,1.05051,1.05056,1.04981,1.04986,2217.62
1488482100000,1.04985,1.04989,1.04959,1.0496,2154.61
1488483000000,1.0496,1.05012,1.04948,1.04991,2345.32
1488483900000,1.0499,1.0504,1.04975,1.05015,1767.28
1488484800000,1.05013,1.05056,1.04998,1.0505,1825.56
1488485700000,1.0505,1.05076,1.05033,1.05043,2406.71
1488486600000,1.05043,1.05074,1.05032,1.05065,1157.5
1488487500000,1.05066,1.05089,1.05055,1.05069,1973.63
1488488400000,1.05067,1.05091,1.05056,1.05078,1038.1
1488489300000,1.05077,1.05077,1.05051,1.05053,788.84
1488490200000,1.05056,1.05067,1.0505,1.05064,825.54
1488491100000,1.05065,1.05087,1.05048,1.05064,1002.96
1488492000000,1.05055,1.05086,1.05028,1.05054,316.51
1488492900000,1.05054,1.05089,1.05045,1.05087,668.45
1488493800000,1.05086,1.05086,1.05051,1.05074,548.68
1488494700000,1.05074,1.05091,1.05061,1.05065,335.06
1488495600000,1.05062,1.05077,1.05047,1.05063,827.87
1488496500000,1.05065,1.05067,1.05032,1.05047,747.75
1488497400000,1.05048,1.05061,1.05044,1.05053,786.62
1488498300000,1.05052,1.05076,1.05036,1.0507,571.41
1488499200000,1.0507,1.05089,1.05022,1.05063,1373.45
1488500100000,1.05062,1.05129,1.0506,1.05127,1392.3
1488501000000,1.05127,1.05149,1.05116,1.05118,1312.89
1488501900000,1.05119,1.05169,1.05119,1.05153,2053.13
1488502800000,1.05153,1.05159,1.05119,1.05149,2365.53
1488503700000,1.05149,1.0516,1.05118,1.05154,2083.78
1488504600000,1.05153,1.05159,1.05122,1.05154,1670.36
1488505500000,1.05154,1.05182,1.05139,1.05181,2437.38
1488506400000,1.05183,1.05187,1.05122,1.05146,2744.21
1488507300000,1.05147,1.05163,1.05131,1.05157,2198.02
1488508200000,1.05157,1.05174,1.05134,1.05155,1778.09
1488509100000,1.05153,1.05231,1.05147,1.05219,2489.04
1488510000000,1.05219,1.05223,1.05177,1.05189,2056.58
1488510900000,1.05188,1.05204,1.05176,1.05204,1855.08
1488511800000,1.05203,1.05223,1.05175,1.05218,1899.2
1488512700000,1.05218,1.05232,1.05196,1.05209,2194.32
1488513600000,1.05209,1.05209,1.05171,1.05178,1647.03
1488514500000,1.05177,1.05202,1.05176,1.05192,1924.77
1488515400000,1.05192,1.05227,1.05181,1.05203,1682.09
1488516300000,1.05203,1.05209,1.05191,1.05199,1467.71
1488517200000,1.052,1.05207,1.05176,1.05187,1610.33
1488518100000,1.05186,1.05192,1.05166,1.05185,1660.06
1488519000000,1.05185,1.05187,1.05137,1.05141,1785.36
1488519900000,1.0514,1.05179,1.05131,1.05178,2373.15
1488520800000,1.05177,1.05206,1.05159,1.05198,2244
1488521700000,1.05198,1.05202,1.05169,1.05182,2170.64
1488522600000,1.05183,1.05202,1.05158,1.052,2235.45
1488523500000,1.05201,1.05269,1.05199,1.05261,2360.88
1488524400000,1.0526,1.0526,1.05202,1.05248,2625.82
1488525300000,1.05247,1.05264,1.05228,1.05253,2252.64
1488526200000,1.05251,1.05269,1.05202,1.05203,2916.59
1488527100000,1.05201,1.05253,1.05176,1.0521,3253.77
1488528000000,1.05208,1.0521,1.05106,1.05164,3824.83
1488528900000,1.05164,1.05175,1.05111,1.05165,2995.73
1488529800000,1.05165,1.05198,1.0514,1.05188,2958.06
1488530700000,1.05187,1.05215,1.0516,1.05189,3400.25
1488531600000,1.0519,1.05239,1.05157,1.05234,3141.57
1488532500000,1.05234,1.05254,1.05204,1.05217,2233.59
1488533400000,1.05218,1.05282,1.05203,1.05252,2860.87
1488534300000,1.05252,1.05263,1.05163,1.05167,3011.7
1488535200000,1.05167,1.05229,1.05158,1.05205,2392.52
1488536100000,1.05203,1.05246,1.05189,1.05197,2364.89
1488537000000,1.05196,1.05368,1.05196,1.05367,2677.15
1488537900000,1.05367,1.05412,1.0535,1.0536,3413.73
1488538800000,1.05362,1.05447,1.05346,1.0543,3174.1
1488539700000,1.05433,1.05442,1.05374,1.05406,2942.39
1488540600000,1.05407,1.05435,1.05386,1.0543,2569.58
1488541500000,1.0543,1.05466,1.05389,1.05389,2420.06
1488542400000,1.05388,1.05459,1.05374,1.05447,3232.93
1488543300000,1.05449,1.05513,1.05439,1.05486,3471.95
1488544200000,1.05486,1.05599,1.0548,1.05552,3989.98
1488545100000,1.05551,1.05647,1.05541,1.05574,4354.87
1488546000000,1.05575,1.05691,1.05543,1.05648,4763.18
1488546900000,1.0565,1.05707,1.05616,1.05651,4996.61
1488547800000,1.05653,1.05718,1.05609,1.05706,3802.56
1488548700000,1.05707,1.05732,1.05626,1.05685,3822.13
1488549600000,1.05686,1.0569,1.05614,1.05662,3891.55
1488550500000,1.05661,1.05701,1.05623,1.05626,2825.28
1488551400000,1.05625,1.05627,1.0556,1.05563,3296.95
1488552300000,1.05562,1.05611,1.05558,1.05586,3883.57
1488553200000,1.05586,1.05626,1.05521,1.05563,3767.85
1488554100000,1.05561,1.05601,1.05464,1.05483,4322.52
1488555000000,1.05481,1.05614,1.05471,1.05607,3615.94
1488555900000,1.05609,1.05689,1.056,1.05625,3507.36
1488556800000,1.05627,1.05627,1.0552,1.05543,3331.07
1488557700000,1.05539,1.05546,1.0544,1.05461,3507.59
1488558600000,1.05462,1.05532,1.05455,1.05518,2527.75
1488559500000,1.05518,1.05544,1.05495,1.05518,1937.48
1488560400000,1.0552,1.0558,1.05517,1.05558,2446.55
1488561300000,1.05557,1.05557,1.05477,1.05491,2384.03
1488562200000,1.05491,1.05598,1.0549,1.05588,2269.92
1488563100000,1.05587,1.05637,1.05527,1.05614,3102.5
1488564000000,1.05613,1.0582,1.0543,1.05665,8139.05
1488564900000,1.05663,1.05663,1.05536,1.05572,5739.15
1488565800000,1.05572,1.05719,1.05536,1.05702,3479.09
1488566700000,1.05701,1.05826,1.0567,1.05826,3461.65
1488567600000,1.05824,1.06002,1.05804,1.05951,5426.96
1488568500000,1.0595,1.06087,1.0595,1.0605,3302.42
1488569400000,1.06051,1.06067,1.05976,1.05982,3180.35
1488570300000,1.05982,1.06016,1.0596,1.0598,3044.82
1488571200000,1.05981,1.06074,1.05973,1.05983,2761.99
1488572100000,1.05982,1.06025,1.05966,1.06022,1920.13
1488573000000,1.06023,1.06123,1.0602,1.06117,2037.89
1488573900000,1.06118,1.06172,1.06099,1.06159,1526.75
1488574800000,1.06159,1.06197,1.06145,1.06191,982.34
1488575700000,1.06191,1.06211,1.06125,1.06132,847.05
1488576600000,1.0613,1.06222,1.06118,1.06197,893.69
1488577500000,1.06195,1.06239,1.06174,1.06203,1195.46
1488751200000,1.06097,1.06097,1.06002,1.06025,830.25
1488752100000,1.06025,1.06104,1.06024,1.06101,687.11
1488753000000,1.061,1.06148,1.06058,1.06148,796.42
1488753900000,1.06153,1.06158,1.06051,1.06108,1443.91
1488754800000,1.06106,1.06196,1.06095,1.06171,1590.71
1488755700000,1.0617,1.06211,1.06165,1.06195,735.99
1488756600000,1.06195,1.06195,1.06163,1.06168,1169.4
1488757500000,1.06167,1.06215,1.06154,1.06207,1157.57
1488758400000,1.06207,1.0621,1.06074,1.06083,2187.77
1488759300000,1.06084,1.06115,1.06069,1.06085,1727.65
1488760200000,1.06087,1.06106,1.06046,1.06094,1785.38
1488761100000,1.06094,1.06127,1.06086,1.06122,1707.61
1488762000000,1.06124,1.06126,1.06068,1.06091,2090.66
1488762900000,1.0609,1.06131,1.06083,1.06092,1684.23
1488763800000,1.06093,1.06106,1.06079,1.06085,1567.98
1488764700000,1.06085,1.06096,1.06055,1.0607,1168.05
1488765600000,1.06071,1.06125,1.06069,1.06104,1312.39
1488766500000,1.06104,1.06118,1.06095,1.06105,1347.71
1488767400000,1.06105,1.06109,1.06064,1.06072,1087.16
1488768300000,1.06073,1.0608,1.06057,1.06072,927.35
1488769200000,1.06071,1.06102,1.06071,1.06093,696.16
1488770100000,1.06091,1.06111,1.06071,1.06073,1098.87
1488771000000,1.06074,1.06087,1.06067,1.06067,1048.34
1488771900000,1.06067,1.06071,1.06033,1.06051,1390.6
1488772800000,1.06051,1.06065,1.06043,1.06043,989.64
1488773700000,1.06043,1.06054,1.06028,1.06028,1189.8
1488774600000,1.06027,1.06043,1.06019,1.06024,1364
1488775500000,1.06024,1.06036,1.06004,1.06004,1244.39
1488776400000,1.06004,1.06027,1.06004,1.06014,1679.79
1488777300000,1.06014,1.06029,1.06,1.06023,1173.24
1488778200000,1.06023,1.06041,1.06009,1.06034,909.18
1488779100000,1.06034,1.0605,1.06031,1.06039,900.2
1488780000000,1.06037,1.06039,1.06015,1.0603,1085.83
1488780900000,1.06029,1.06045,1.06014,1.06032,1276.94
1488781800000,1.06031,1.06032,1.05954,1.05955,1486.08
1488782700000,1.05954,1.06015,1.05922,1.05992,2090.46
1488783600000,1.05991,1.06047,1.05975,1.06023,2880.63
1488784500000,1.06023,1.06064,1.06008,1.06012,2519.9
1488785400000,1.06013,1.06044,1.05964,1.05978,2683.01
1488786300000,1.05979,1.06053,1.05973,1.05987,2913.61
1488787200000,1.05988,1.06098,1.05964,1.06093,4178.71
1488788100000,1.06095,1.06399,1.0609,1.06331,5162.44
1488789000000,1.06329,1.06337,1.06234,1.0624,4157.53
1488789900000,1.06239,1.06286,1.06228,1.06249,2803.83
1488790800000,1.06251,1.06356,1.06243,1.06324,3011.3
1488791700000,1.06323,1.06333,1.06214,1.06225,3090.73
1488792600000,1.06225,1.06229,1.05908,1.05948,5902.08
1488793500000,1.05949,1.06022,1.05929,1.06018,3391.16
1488794400000,1.06019,1.06032,1.0593,1.05933,2947.04
1488795300000,1.05933,1.0594,1.05848,1.05871,3312.46
1488796200000,1.05871,1.05927,1.05857,1.059,1831.58
1488797100000,1.059,1.05922,1.05862,1.05911,1971.26
1488798000000,1.05911,1.05942,1.05874,1.05876,2289.21
1488798900000,1.05875,1.05888,1.05812,1.05839,2705.25
1488799800000,1.0584,1.05868,1.05822,1.05861,2238.01
1488800700000,1.05861,1.05893,1.058,1.05804,1957.61
1488801600000,1.05803,1.05827,1.05768,1.05801,2524.24
1488802500000,1.05801,1.05846,1.05779,1.05836,2483.67
1488803400000,1.05837,1.05882,1.0581,1.05877,1869.9
1488804300000,1.05879,1.05909,1.05856,1.0588,2728.66
1488805200000,1.05881,1.05926,1.05863,1.05919,2789.85
1488806100000,1.05919,1.06043,1.05915,1.0601,3177.24
1488807000000,1.0601,1.06056,1.05985,1.05994,2846.4
1488807900000,1.05992,1.06015,1.05967,1.05973,2824.27
1488808800000,1.05974,1.06015,1.05923,1.06013,3331.79
1488809700000,1.06013,1.06046,1.05985,1.06027,2924.53
1488810600000,1.06029,1.06032,1.05949,1.0601,4753.63
1488811500000,1.0601,1.06031,1.05983,1.05983,3391.05
1488812400000,1.05984,1.06047,1.05945,1.05996,4566.08
1488813300000,1.05998,1.06009,1.05944,1.05968,3453.95
1488814200000,1.05969,1.06078,1.05967,1.06054,3913.41
1488815100000,1.06053,1.06058,1.05954,1.05981,3511.05
1488816000000,1.05981,1.0599,1.05919,1.05925,3897.13
1488816900000,1.05925,1.0594,1.05845,1.05867,3325.08
1488817800000,1.05867,1.0589,1.05834,1.05844,2394.2
1488818700000,1.05844,1.05867,1.0581,1.05847,2667.57
1488819600000,1.05847,1.05884,1.05826,1.05845,2132.72
1488820500000,1.05848,1.0588,1.05834,1.05871,1238.76
1488821400000,1.0587,1.05874,1.05787,1.05787,2113.02
1488822300000,1.05786,1.05832,1.05765,1.05774,2797.13
1488823200000,1.05774,1.0582,1.0577,1.05799,1683.84
1488824100000,1.058,1.05817,1.05774,1.05788,1391.08
1488825000000,1.05789,1.05807,1.05747,1.05775,1610.02
1488825900000,1.05774,1.05833,1.05773,1.05823,1605
1488826800000,1.05822,1.05851,1.05821,1.05845,1592.28
1488827700000,1.05845,1.05883,1.05839,1.05866,948.5
1488828600000,1.05865,1.05865,1.05839,1.05849,754.15
1488829500000,1.05848,1.05874,1.05827,1.0587,1854.01
1488830400000,1.0587,1.05902,1.05849,1.05853,1537.61
1488831300000,1.05852,1.05858,1.05824,1.05839,1545.78
1488832200000,1.05839,1.05853,1.05802,1.05829,1867
1488833100000,1.05831,1.05841,1.05818,1.05823,1764.22
1488834000000,1.05824,1.05842,1.0582,1.05826,477.71
1488834900000,1.05826,1.05828,1.0581,1.05813,682.4
1488835800000,1.05813,1.05863,1.05811,1.05839,997.98
1488836700000,1.05839,1.05843,1.058,1.05807,1052.9
1488837600000,1.05805,1.0583,1.05789,1.0579,366.94
1488838500000,1.0579,1.05811,1.05773,1.0578,625.38
1488839400000,1.05781,1.05822,1.05775,1.05798,395.53
1488840300000,1.05799,1.05828,1.05769,1.05814,598.51
1488841200000,1.05813,1.05813,1.05776,1.05804,587.9
1488842100000,1.05803,1.05803,1.05758,1.05768,706.23
1488843000000,1.05768,1.05792,1.05768,1.05786,780.13
1488843900000,1.05787,1.05802,1.05771,1.05789,1009.16
1488844800000,1.05789,1.05819,1.05781,1.05808,1402.9
1488845700000,1.05808,1.05825,1.05774,1.05774,1460.01
1488846600000,1.05774,1.05776,1.05727,1.05739,2016.21
1488847500000,1.05739,1.05769,1.05731,1.05745,1578.23
1488848400000,1.05745,1.05771,1.05729,1.05766,1593.07
1488849300000,1.05766,1.05792,1.05764,1.05787,880.99
1488850200000,1.05786,1.05823,1.05785,1.05806,1505.36
1488851100000,1.05807,1.05835,1.05791,1.05822,1458.74
1488852000000,1.05824,1.05852,1.05821,1.05821,1761.1
1488852900000,1.05823,1.05844,1.0582,1.05838,1446.52
1488853800000,1.05837,1.05853,1.05834,1.05837,1789.35
1488854700000,1.05836,1.0587,1.05829,1.05857,1190.47
1488855600000,1.05856,1.05863,1.05836,1.05844,1117.19
1488856500000,1.05844,1.05932,1.05839,1.05898,1723.6
1488857400000,1.05896,1.05903,1.05865,1.05866,2003.13
1488858300000,1.05865,1.05896,1.05861,1.05893,1556.09
1488859200000,1.05892,1.05923,1.05873,1.05905,1786.61
1488860100000,1.05906,1.05924,1.05895,1.05919,1561.36
1488861000000,1.05918,1.05923,1.05884,1.05911,1496.67
1488861900000,1.05912,1.05916,1.05812,1.05813,1759.86
1488862800000,1.05813,1.05824,1.05801,1.0581,1608.62
1488863700000,1.0581,1.05832,1.0581,1.05827,1151.51
1488864600000,1.05827,1.05861,1.05822,1.05849,1707.77
1488865500000,1.05851,1.05873,1.05848,1.05853,1344.78
1488866400000,1.05853,1.05902,1.0585,1.05896,1958.93
1488867300000,1.05896,1.05902,1.05877,1.05882,1355.07
1488868200000,1.05883,1.05891,1.05845,1.05854,1353.13
1488869100000,1.05854,1.05858,1.0583,1.05853,1650.52
1488870000000,1.05854,1.05868,1.05822,1.05863,2368.56
1488870900000,1.05864,1.05958,1.05864,1.05933,2275.34
1488871800000,1.05934,1.05991,1.05917,1.05987,1647.88
1488872700000,1.05987,1.05989,1.05934,1.05968,1686.74
1488873600000,1.05967,1.06025,1.05945,1.05952,2712.06
1488874500000,1.05952,1.05971,1.05911,1.05916,2613.89
1488875400000,1.05915,1.05935,1.05902,1.05919,2866.57
1488876300000,1.05919,1.05923,1.05842,1.05848,3057.04
1488877200000,1.05848,1.05879,1.05789,1.05822,3083.15
1488878100000,1.05822,1.05833,1.05753,1.05783,2495.64
1488879000000,1.05784,1.05785,1.05725,1.05761,2974.3
1488879900000,1.05761,1.05762,1.05632,1.05633,3670.22
1488880800000,1.05633,1.05661,1.05581,1.05637,4052.91
1488881700000,1.05637,1.05697,1.05628,1.05676,2242.7
1488882600000,1.05677,1.05718,1.05664,1.05712,2209.97
1488883500000,1.05712,1.05771,1.05703,1.05755,2575.58
1488884400000,1.05755,1.05781,1.05733,1.05739,2723.15
1488885300000,1.05739,1.05745,1.05717,1.05723,2074.42
1488886200000,1.05722,1.0579,1.05711,1.05778,2003.57
1488887100000,1.0578,1.05792,1.0572,1.05746,2011.9
1488888000000,1.05746,1.05761,1.05721,1.05721,2272.07
1488888900000,1.05721,1.05731,1.05706,1.05719,2413.5
1488889800000,1.05718,1.05723,1.05678,1.05711,2233.03
1488890700000,1.05712,1.05744,1.05669,1.05689,2249.58
1488891600000,1.05692,1.05767,1.05691,1.05755,2507.5
1488892500000,1.05759,1.05799,1.05729,1.05756,3209.92
1488893400000,1.05757,1.05777,1.05687,1.057,4082.47
1488894300000,1.05701,1.0571,1.05633,1.05691,4066.14
1488895200000,1.05691,1.05725,1.05629,1.05663,3687.21
1488896100000,1.05663,1.05689,1.05659,1.05669,3287.22
1488897000000,1.05669,1.05693,1.05608,1.05635,4542.91
1488897900000,1.05634,1.05679,1.05627,1.05632,3300.06
1488898800000,1.05633,1.05703,1.05609,1.05692,3924.17
1488899700000,1.05692,1.05713,1.05677,1.05696,3387.79
1488900600000,1.05697,1.05751,1.05691,1.05747,3172.55
1488901500000,1.05747,1.05808,1.05723,1.05796,3530.3
1488902400000,1.05797,1.05818,1.05748,1.05748,3373.04
1488903300000,1.05748,1.05778,1.05706,1.05764,3103.95
1488904200000,1.05764,1.05781,1.05741,1.05746,3010.23
1488905100000,1.05744,1.05829,1.05738,1.05809,1909.28
1488906000000,1.05807,1.0586,1.05775,1.0584,2800.92
1488906900000,1.0584,1.05886,1.05826,1.05836,2726.54
1488907800000,1.05836,1.05846,1.05769,1.05782,2065.16
1488908700000,1.05781,1.05808,1.05729,1.05748,2051.44
1488909600000,1.05747,1.05758,1.05715,1.05716,2278.4
1488910500000,1.05715,1.05737,1.05673,1.05707,2143.75
1488911400000,1.05707,1.0571,1.05671,1.05679,1363.51
1488912300000,1.05679,1.05691,1.05665,1.05668,1302.88
1488913200000,1.05666,1.05679,1.0565,1.05659,1326.4
1488914100000,1.05658,1.05695,1.05656,1.05661,922.35
1488915000000,1.0566,1.05686,1.05656,1.05685,806.72
1488915900000,1.05682,1.05692,1.05665,1.05668,1106.74
1488916800000,1.05668,1.05677,1.05655,1.05664,1183.1
1488917700000,1.05663,1.05676,1.05658,1.05676,779.19
1488918600000,1.05675,1.05729,1.05675,1.05725,1456.26
1488919500000,1.05726,1.05726,1.05692,1.05698,2035.24
1488920400000,1.05698,1.05699,1.05678,1.05678,843.98
1488921300000,1.05678,1.0568,1.05657,1.05677,860.54
1488922200000,1.05681,1.05687,1.05669,1.05672,578.09
1488923100000,1.05672,1.05676,1.05658,1.05663,485.02
1488924000000,1.05655,1.05699,1.05645,1.05689,656.52
1488924900000,1.05689,1.05689,1.05642,1.05652,687.65
1488925800000,1.05653,1.05654,1.05635,1.05641,316.17
1488926700000,1.0564,1.05676,1.05637,1.05662,471.04
1488927600000,1.05661,1.05671,1.05635,1.0567,926.08
1488928500000,1.0567,1.05685,1.05664,1.05665,694.6
1488929400000,1.05666,1.05681,1.05662,1.0568,538.13
1488930300000,1.05681,1.05699,1.05677,1.05692,650.56
1488931200000,1.05692,1.05712,1.05673,1.05687,1531.86
1488932100000,1.05688,1.05732,1.05686,1.05687,1910.76
1488933000000,1.05687,1.05715,1.05687,1.05715,1180
1488933900000,1.05715,1.05734,1.05696,1.05708,1389.54
1488934800000,1.05709,1.05741,1.05709,1.05728,1551.3
1488935700000,1.05728,1.05732,1.05697,1.05707,1626.44
1488936600000,1.05707,1.05716,1.05682,1.05698,1462.01
1488937500000,1.05698,1.05702,1.05666,1.05677,1098.53
1488938400000,1.05677,1.05678,1.05655,1.05655,856.18
1488939300000,1.05656,1.0567,1.05631,1.05648,1408.28
1488940200000,1.0565,1.05683,1.05646,1.05676,1312.96
1488941100000,1.05676,1.05692,1.05672,1.05686,1633.82
1488942000000,1.05685,1.05686,1.0566,1.05685,1142.48
1488942900000,1.05685,1.05686,1.05655,1.0566,1105.75
1488943800000,1.05662,1.05676,1.05638,1.05659,1976.83
1488944700000,1.05659,1.05673,1.05654,1.05661,1741.36
1488945600000,1.05661,1.05682,1.05635,1.0564,1632.31
1488946500000,1.0564,1.0564,1.05596,1.05621,1804.94
1488947400000,1.0562,1.05629,1.05611,1.05611,1033.41
1488948300000,1.05611,1.05634,1.05599,1.0561,1409.58
1488949200000,1.05611,1.05611,1.05581,1.05606,1827.88
1488950100000,1.05606,1.05632,1.05601,1.05623,1252.84
1488951000000,1.05622,1.05635,1.0561,1.05635,1246.21
1488951900000,1.05635,1.05639,1.0563,1.05633,376.99
1488952800000,1.05632,1.05647,1.05629,1.05647,1039.35
1488953700000,1.05647,1.05652,1.05626,1.05635,1127.8
1488954600000,1.05636,1.05672,1.05635,1.05667,1580.23
1488955500000,1.05668,1.05693,1.05645,1.05655,1594.46
1488956400000,1.05654,1.05697,1.05654,1.05678,1952.56
1488957300000,1.05677,1.05728,1.05664,1.05672,2625.54
1488958200000,1.05672,1.0568,1.05596,1.05611,3062.01
1488959100000,1.05611,1.05647,1.0556,1.05601,3846.86
1488960000000,1.056,1.05638,1.05582,1.05594,3304.07
1488960900000,1.05593,1.05597,1.0551,1.05576,3663.21
1488961800000,1.05577,1.05607,1.05543,1.05574,3476.71
1488962700000,1.05575,1.05586,1.05517,1.05559,2279.51
1488963600000,1.05559,1.05564,1.0548,1.05527,3293.62
1488964500000,1.05529,1.05543,1.05475,1.05499,3240.42
1488965400000,1.05499,1.05536,1.0549,1.05529,2032.79
1488966300000,1.05529,1.0558,1.05527,1.05557,2512.48
1488967200000,1.05557,1.05568,1.05517,1.05563,2064.13
1488968100000,1.05563,1.05604,1.05562,1.05596,3000.57
1488969000000,1.05596,1.05599,1.05554,1.05591,2419.42
1488969900000,1.05592,1.0562,1.05561,1.05568,2206.33
1488970800000,1.05569,1.05603,1.05537,1.0558,2542.17
1488971700000,1.05581,1.05598,1.0557,1.0558,2441.12
1488972600000,1.05581,1.0562,1.05549,1.05601,2438.48
1488973500000,1.05602,1.05607,1.05591,1.05603,2029.93
1488974400000,1.05603,1.0562,1.05561,1.05593,1752.88
1488975300000,1.05592,1.05592,1.05517,1.05541,2128.43
1488976200000,1.0554,1.05558,1.05502,1.05558,1904.16
1488977100000,1.05557,1.05589,1.05488,1.05578,3395.08
1488978000000,1.05579,1.05588,1.05528,1.05561,2782.86
1488978900000,1.05561,1.05561,1.05347,1.05431,5656.58
1488979800000,1.05431,1.05506,1.05415,1.05478,3757.11
1488980700000,1.05478,1.05563,1.05438,1.05536,4205.39
1488981600000,1.0554,1.05587,1.05504,1.05552,4438.12
1488982500000,1.05552,1.05615,1.05538,1.0558,3992
1488983400000,1.05578,1.05609,1.05522,1.05541,4397.87
1488984300000,1.05541,1.05624,1.05532,1.05538,4662.37
1488985200000,1.05538,1.05612,1.05529,1.0558,3498.29
1488986100000,1.05579,1.05593,1.05543,1.0558,3565.42
1488987000000,1.0558,1.05598,1.0554,1.05568,2980.38
1488987900000,1.05566,1.05601,1.0553,1.05564,3464.7
1488988800000,1.05563,1.05579,1.05505,1.05537,3253.13
1488989700000,1.05537,1.05558,1.05455,1.05459,3168.09
1488990600000,1.05458,1.05488,1.05433,1.05473,2796.62
1488991500000,1.05475,1.05499,1.05456,1.05463,2254.62
1488992400000,1.05463,1.05483,1.05379,1.05382,2482.86
1488993300000,1.0538,1.05445,1.05378,1.05437,1901.44
1488994200000,1.05438,1.05451,1.05402,1.05417,1446.07
1488995100000,1.05417,1.05447,1.0536,1.05363,2315.01
1488996000000,1.05362,1.05435,1.05361,1.05399,2294.51
1488996900000,1.05396,1.05488,1.05393,1.05482,2472.87
1488997800000,1.05482,1.05503,1.05452,1.05482,2663.79
1488998700000,1.05482,1.05503,1.05467,1.05483,1079.28
1488999600000,1.05485,1.05485,1.05432,1.05449,1923.46
1489000500000,1.0545,1.05466,1.05425,1.05464,2707.45
1489001400000,1.05464,1.05486,1.05451,1.05482,2583.2
1489002300000,1.05483,1.05513,1.05467,1.05486,2425.02
1489003200000,1.05484,1.05489,1.05424,1.05452,2444.29
1489004100000,1.05451,1.05473,1.0542,1.05465,1457.77
1489005000000,1.05467,1.05497,1.05439,1.0544,2143.39
1489005900000,1.05439,1.05445,1.05412,1.05436,1908.77
1489006800000,1.05436,1.05437,1.05426,1.05433,1309.69
1489007700000,1.05431,1.05442,1.05426,1.05426,810.1
1489008600000,1.05426,1.05439,1.05394,1.05395,670.76
1489009500000,1.05395,1.05426,1.05383,1.05402,1079.96
1489010400000,1.05398,1.05422,1.05373,1.05418,363.6
1489011300000,1.05417,1.05427,1.05392,1.05403,442.4
1489012200000,1.05403,1.05416,1.05382,1.05413,304.59
1489013100000,1.05413,1.05422,1.05395,1.05405,413.33
1489014000000,1.05405,1.05434,1.05392,1.05403,918.25
1489014900000,1.05405,1.05427,1.0539,1.05421,540.59
1489015800000,1.05421,1.05435,1.05414,1.05433,673.81
1489016700000,1.05432,1.05476,1.05432,1.05447,833.77
1489017600000,1.05447,1.05447,1.05371,1.05381,1545.58
1489018500000,1.05381,1.05403,1.05374,1.05377,979.77
1489019400000,1.05379,1.05399,1.05373,1.05382,1100.56
1489020300000,1.05383,1.05397,1.05365,1.05377,1547.84
1489021200000,1.05377,1.05432,1.05372,1.05421,1779.45
1489022100000,1.05419,1.05441,1.05395,1.05402,1536.63
1489023000000,1.05404,1.05411,1.05366,1.05402,1673.28
1489023900000,1.05402,1.05439,1.054,1.05426,1700.72
1489024800000,1.05426,1.05426,1.05385,1.0539,2334.79
1489025700000,1.05391,1.05421,1.0538,1.05419,1398.2
1489026600000,1.05419,1.05423,1.05379,1.0539,1720.73
1489027500000,1.05391,1.05401,1.05371,1.05376,1146.34
1489028400000,1.05376,1.05387,1.05364,1.05371,1317.73
1489029300000,1.05371,1.05381,1.05359,1.0536,1029.72
1489030200000,1.0536,1.05361,1.05306,1.05306,1625.63
1489031100000,1.05306,1.05326,1.053,1.05305,1387.27
1489032000000,1.05307,1.05325,1.05288,1.05301,2054.04
1489032900000,1.05302,1.05314,1.05289,1.05303,1272.31
1489033800000,1.05303,1.05317,1.05292,1.05301,998.56
1489034700000,1.053,1.0531,1.05291,1.0531,888.09
1489035600000,1.05309,1.0531,1.0529,1.05295,1160.36
1489036500000,1.05296,1.05297,1.05282,1.05282,641
1489037400000,1.05282,1.05319,1.0528,1.05308,902.76
1489038300000,1.05312,1.05326,1.05306,1.05325,1498.91
1489039200000,1.05324,1.05337,1.05311,1.05314,1432.96
1489040100000,1.05316,1.05339,1.05307,1.05332,1455.76
1489041000000,1.05332,1.05367,1.05327,1.05366,1340.91
1489041900000,1.05366,1.05434,1.05357,1.05368,2323.42
1489042800000,1.05369,1.0543,1.05347,1.05408,3555.89
1489043700000,1.05408,1.05413,1.05263,1.05268,3866.03
1489044600000,1.05268,1.05366,1.05249,1.0534,3329.45
1489045500000,1.0534,1.05363,1.05312,1.05347,2940.86
1489046400000,1.05345,1.05516,1.05331,1.05478,4322.25
1489047300000,1.05477,1.05517,1.05434,1.05489,3792.75
1489048200000,1.05491,1.05505,1.05459,1.05482,2528.66
1489049100000,1.05483,1.05627,1.05452,1.05566,4021.68
1489050000000,1.05566,1.05613,1.0551,1.05597,3052.82
1489050900000,1.05597,1.05597,1.05477,1.0555,2794.78
1489051800000,1.05552,1.05697,1.05523,1.05633,3647.75
1489052700000,1.05634,1.05644,1.05582,1.05586,2356.76
1489053600000,1.05586,1.05617,1.05548,1.05603,2528.15
1489054500000,1.05603,1.05635,1.05584,1.05606,2537.95
1489055400000,1.05606,1.05643,1.05575,1.05609,2910.06
1489056300000,1.05609,1.05609,1.05559,1.05574,1857.04
1489057200000,1.05574,1.05635,1.05565,1.05583,2185.12
1489058100000,1.05583,1.05634,1.05566,1.05566,2408.97
1489059000000,1.05566,1.0558,1.05529,1.05578,2400.93
1489059900000,1.05577,1.05653,1.05563,1.05613,2381.71
1489060800000,1.05615,1.05661,1.05597,1.05626,2186.21
1489061700000,1.05625,1.05652,1.05589,1.05589,2174.4
1489062600000,1.0559,1.05652,1.05583,1.05622,2428.94
1489063500000,1.05625,1.05626,1.05453,1.05578,5020.03
1489064400000,1.05587,1.05589,1.05473,1.05507,3799.69
1489065300000,1.05506,1.05585,1.05492,1.05564,3471.05
1489066200000,1.05562,1.05762,1.05431,1.05496,7466.37
1489067100000,1.05496,1.05928,1.05422,1.05844,8171.81
1489068000000,1.05846,1.06148,1.05798,1.06114,7520.26
1489068900000,1.06115,1.06151,1.05934,1.05938,5801.39
1489069800000,1.0594,1.0596,1.0585,1.05927,6041.45
1489070700000,1.05927,1.05993,1.05869,1.05935,4294.42
1489071600000,1.05934,1.0594,1.05798,1.05816,4836.94
1489072500000,1.05816,1.05882,1.05764,1.05765,4558.35
1489073400000,1.05767,1.05893,1.05762,1.05869,4392.68
1489074300000,1.05869,1.05875,1.05785,1.05809,4394.3
1489075200000,1.0581,1.05822,1.05667,1.05703,4102.31
1489076100000,1.05704,1.05781,1.05675,1.05761,3591.32
1489077000000,1.0576,1.05814,1.0575,1.05778,2640.9
1489077900000,1.05779,1.05859,1.05773,1.05849,2894.54
1489078800000,1.05849,1.05851,1.05801,1.05838,1756.31
1489079700000,1.05839,1.05852,1.05791,1.05838,1944.72
1489080600000,1.05839,1.05842,1.05799,1.0583,1643
1489081500000,1.0583,1.05876,1.0579,1.05797,2747.54
1489082400000,1.05797,1.05868,1.05782,1.05867,2316.17
1489083300000,1.05868,1.05901,1.05864,1.0587,2926.53
1489084200000,1.0587,1.05943,1.0587,1.05929,2107.51
1489085100000,1.0593,1.05966,1.0589,1.05908,2058.35
1489086000000,1.05908,1.05917,1.05854,1.05876,2543.6
1489086900000,1.05876,1.05944,1.05872,1.05876,2411.02
1489087800000,1.05875,1.05897,1.05855,1.05874,2175.91
1489088700000,1.05873,1.05944,1.05838,1.05921,2126.29
1489089600000,1.05918,1.05952,1.05878,1.05892,1625.44
1489090500000,1.05891,1.05911,1.05886,1.05897,1889.73
1489091400000,1.05898,1.05898,1.05851,1.05866,1344.28
1489092300000,1.05867,1.05872,1.05821,1.05821,1990.88
1489093200000,1.05823,1.0585,1.058,1.05815,994.46
1489094100000,1.05815,1.05815,1.05726,1.05731,1403.65
1489095000000,1.05732,1.05798,1.05728,1.05778,1264.86
1489095900000,1.05779,1.0578,1.05737,1.05766,1156.03
1489096800000,1.05766,1.0578,1.05754,1.05779,318.95
1489097700000,1.05779,1.05819,1.05758,1.05766,651.11
1489098600000,1.05767,1.0577,1.05751,1.05751,328.56
1489099500000,1.05752,1.05781,1.0573,1.05751,815.92
1489100400000,1.0576,1.05763,1.05721,1.05761,860.75
1489101300000,1.05762,1.05781,1.05746,1.05756,510.36
1489102200000,1.05757,1.05765,1.05742,1.05762,469.04
1489103100000,1.05761,1.05794,1.05738,1.05794,635.43
1489104000000,1.05794,1.05875,1.0578,1.05871,1496.82
1489104900000,1.05869,1.05914,1.05846,1.05869,1868.17
1489105800000,1.05868,1.05923,1.05864,1.05916,1498.4
1489106700000,1.05918,1.05919,1.05868,1.0588,1716.23
1489107600000,1.05882,1.05885,1.05836,1.05842,1372.48
1489108500000,1.0584,1.0589,1.05839,1.05874,1710.07
1489109400000,1.05876,1.05886,1.05853,1.05867,1657.14
1489110300000,1.05866,1.05887,1.05865,1.05872,1137.93
1489111200000,1.05871,1.05892,1.05871,1.05889,956.51
1489112100000,1.05889,1.05917,1.05888,1.05909,1720.33
1489113000000,1.05907,1.05944,1.0589,1.05944,1122.33
1489113900000,1.05944,1.05957,1.05911,1.05938,1242.39
1489114800000,1.05938,1.0595,1.05928,1.05946,1261.71
1489115700000,1.05946,1.05979,1.05942,1.05976,952.57
1489116600000,1.05975,1.06006,1.05957,1.05975,1295.06
1489117500000,1.05975,1.05976,1.05946,1.0595,1030.18
1489118400000,1.0595,1.0595,1.05931,1.05947,697.92
1489119300000,1.05947,1.05977,1.05943,1.05971,734.45
1489120200000,1.05972,1.05974,1.0594,1.0595,810.77
1489121100000,1.05949,1.05972,1.05931,1.05967,1564.8
1489122000000,1.05969,1.06022,1.05968,1.05974,1618.77
1489122900000,1.05974,1.06026,1.05973,1.06022,1073.46
1489123800000,1.06022,1.06023,1.05986,1.05988,1308.31
1489124700000,1.05988,1.05998,1.05951,1.05979,1691.03
1489125600000,1.05979,1.0602,1.05966,1.06006,1605.8
1489126500000,1.06006,1.06006,1.0595,1.05976,1865.66
1489127400000,1.05977,1.05979,1.05925,1.0593,1372.24
1489128300000,1.05929,1.05956,1.059,1.05903,1456.3
1489129200000,1.05903,1.05952,1.0588,1.05932,1919.32
1489130100000,1.05933,1.05964,1.05922,1.05932,2013.15
1489131000000,1.05932,1.05955,1.05896,1.05903,2127.59
1489131900000,1.05903,1.05986,1.05901,1.05941,2133.71
1489132800000,1.05941,1.06041,1.05925,1.05986,3335.76
1489133700000,1.05988,1.06153,1.05986,1.06152,2773.98
1489134600000,1.06147,1.06185,1.06072,1.06168,3496.62
1489135500000,1.06167,1.06182,1.06107,1.06109,2537.51
1489136400000,1.06108,1.06152,1.06093,1.06127,1913.89
1489137300000,1.06127,1.06142,1.06065,1.06139,1957.89
1489138200000,1.06138,1.06192,1.06099,1.06168,2617.99
1489139100000,1.06169,1.0618,1.0613,1.06137,1506.02
1489140000000,1.06136,1.06149,1.06094,1.06113,2335.39
1489140900000,1.06117,1.06166,1.06104,1.06161,2306.87
1489141800000,1.06161,1.06165,1.06099,1.06109,2290.31
1489142700000,1.0611,1.06137,1.06089,1.06103,1638.51
1489143600000,1.06104,1.0612,1.06063,1.06079,2500.86
1489144500000,1.06078,1.06112,1.06069,1.06077,1386.83
1489145400000,1.06074,1.06084,1.06041,1.06083,1690.19
1489146300000,1.06084,1.0612,1.06049,1.06072,2647.06
1489147200000,1.06072,1.0612,1.06049,1.061,2093.28
1489148100000,1.06099,1.0615,1.06094,1.06113,2557.27
1489149000000,1.06113,1.06128,1.06051,1.06069,2381.86
1489149900000,1.06069,1.06082,1.06023,1.06032,2147.81
1489150800000,1.06029,1.06069,1.06012,1.06064,2209.02
1489151700000,1.06063,1.06076,1.06,1.06021,3239.34
1489152600000,1.06016,1.06363,1.05987,1.06323,7087.1
1489153500000,1.06324,1.06467,1.06292,1.06461,6520.97
1489154400000,1.06461,1.06517,1.06401,1.06404,5840.64
1489155300000,1.06404,1.06415,1.06307,1.06323,3899.5
1489156200000,1.06322,1.06322,1.0621,1.06259,4305.65
1489157100000,1.06257,1.06394,1.06201,1.06338,4716.26
1489158000000,1.06341,1.06384,1.06208,1.0629,4745.51
1489158900000,1.06289,1.06361,1.06268,1.06314,3410.35
1489159800000,1.06315,1.06661,1.06283,1.06475,6592.52
1489160700000,1.06479,1.06705,1.06467,1.06573,5758.96
1489161600000,1.06572,1.06588,1.06486,1.06582,5189.12
1489162500000,1.06581,1.06702,1.06573,1.06644,4869.3
1489163400000,1.06645,1.06728,1.06618,1.06675,3478.07
1489164300000,1.06676,1.06768,1.06652,1.06668,4141.23
1489165200000,1.06668,1.06677,1.0664,1.06672,2445.31
1489166100000,1.06671,1.06701,1.0664,1.06701,2266.61
1489167000000,1.067,1.06767,1.06662,1.06764,2407.46
1489167900000,1.06765,1.06774,1.06654,1.06688,3786.61
1489168800000,1.06689,1.06761,1.06684,1.06752,2287
1489169700000,1.06754,1.06772,1.06713,1.06753,2080.11
1489170600000,1.06751,1.06817,1.06751,1.06787,1896.11
1489171500000,1.06787,1.06865,1.06756,1.068,2275.87
1489172400000,1.068,1.06831,1.06796,1.06801,2527.61
1489173300000,1.06801,1.06835,1.06797,1.06833,1774.45
1489174200000,1.06835,1.06903,1.06833,1.06896,1874.17
1489175100000,1.06896,1.06922,1.06867,1.06913,2948.93
1489176000000,1.06913,1.06988,1.06908,1.06949,3155.32
1489176900000,1.06949,1.0699,1.06947,1.06981,1771.28
1489177800000,1.06981,1.06988,1.06939,1.0694,1503.57
1489178700000,1.0694,1.0695,1.06864,1.06866,2216.53
1489179600000,1.06867,1.0689,1.06853,1.06886,1262.9
1489180500000,1.06885,1.06892,1.068,1.06816,1446.83
1489181400000,1.06816,1.06823,1.06713,1.06721,2206.1
1489182300000,1.06719,1.06751,1.06686,1.06728,1346.38
1489352400000,1.06747,1.06842,1.06747,1.06842,166.88
1489353300000,1.06841,1.06842,1.06817,1.06841,149.8
1489354200000,1.06841,1.06868,1.06838,1.0684,252.5
1489355100000,1.06841,1.06875,1.06841,1.06853,484.91
1489356000000,1.06853,1.06871,1.06827,1.06854,1120.03
1489356900000,1.06853,1.06858,1.06824,1.06825,455.56
1489357800000,1.06825,1.06838,1.06786,1.06794,476.24
1489358700000,1.06794,1.06798,1.06786,1.06791,694.69
1489359600000,1.06794,1.06824,1.06785,1.06817,902.14
1489360500000,1.06813,1.06831,1.06813,1.06831,333.35
1489361400000,1.06829,1.06905,1.06828,1.06862,931.12
1489362300000,1.06863,1.06925,1.06847,1.06894,1145.17
1489363200000,1.06894,1.06921,1.06856,1.06901,2014.52
1489364100000,1.06902,1.06923,1.06886,1.06898,1497.17
1489365000000,1.06898,1.06916,1.06873,1.06887,1333.69
1489365900000,1.06887,1.06887,1.06823,1.06823,1486.76
1489366800000,1.06822,1.06844,1.06805,1.06837,1844.85
1489367700000,1.06836,1.06855,1.06813,1.06835,1944.15
1489368600000,1.06834,1.06871,1.06824,1.06857,1696.34
1489369500000,1.06857,1.06863,1.06825,1.06849,1845.45
1489370400000,1.06849,1.06895,1.06836,1.0689,1705.26
1489371300000,1.06889,1.06922,1.06885,1.06917,1473.06
1489372200000,1.06917,1.06951,1.06915,1.06925,1380.87
1489373100000,1.06925,1.06964,1.06915,1.06947,1615.69
1489374000000,1.06947,1.06995,1.06944,1.0699,1657.69
1489374900000,1.06989,1.07005,1.0696,1.0696,1706.29
1489375800000,1.06959,1.06987,1.06955,1.06983,1086.09
1489376700000,1.06983,1.07003,1.06964,1.06973,1303.58
1489377600000,1.06969,1.07003,1.06967,1.06998,1067.53
1489378500000,1.06998,1.07001,1.06987,1.06991,1191.43
1489379400000,1.0699,1.06992,1.06966,1.06982,1100.11
1489380300000,1.06983,1.07001,1.06976,1.0699,1214.29
1489381200000,1.06991,1.07035,1.0698,1.07027,1732.81
1489382100000,1.07027,1.07067,1.07023,1.07057,2171.63
1489383000000,1.07057,1.07065,1.07021,1.0703,1879.69
1489383900000,1.07029,1.0703,1.06978,1.0698,2337.33
1489384800000,1.06977,1.07016,1.0697,1.06981,1591.2
1489385700000,1.06982,1.07015,1.06969,1.07006,1109.3
1489386600000,1.07007,1.07096,1.07004,1.07078,2046.57
1489387500000,1.07079,1.07129,1.07032,1.07121,3361.57
1489388400000,1.07121,1.07142,1.07058,1.07084,3364.42
1489389300000,1.07087,1.07104,1.07043,1.07094,3608.7
1489390200000,1.07094,1.07098,1.06968,1.06989,3421.82
1489391100000,1.06987,1.07004,1.0694,1.06956,3464.04
1489392000000,1.06955,1.06972,1.06839,1.06849,4988.93
1489392900000,1.06849,1.06858,1.06712,1.06769,5490.71
1489393800000,1.06769,1.06854,1.06764,1.06775,2689.45
1489394700000,1.06775,1.06805,1.06727,1.0674,4175.36
1489395600000,1.06744,1.06786,1.067,1.06729,4756.67
1489396500000,1.06729,1.06748,1.06669,1.06708,3049.75
1489397400000,1.0671,1.06753,1.0666,1.0674,2501.32
1489398300000,1.06738,1.06739,1.06647,1.0665,3415.21
1489399200000,1.06651,1.06739,1.06642,1.0673,2648.03
1489400100000,1.06723,1.06727,1.06642,1.06664,3498.85
1489401000000,1.06664,1.06685,1.06631,1.06656,2724.43
1489401900000,1.06657,1.06745,1.06655,1.06733,2269.45
1489402800000,1.06732,1.06749,1.06686,1.06723,2415.87
1489403700000,1.06723,1.06768,1.06713,1.06747,2310.9
1489404600000,1.06747,1.06768,1.06698,1.06711,2581.09
1489405500000,1.0671,1.06737,1.06672,1.06676,3231.26
1489406400000,1.06677,1.06757,1.06666,1.06741,4168.74
1489407300000,1.06742,1.06752,1.0671,1.06751,4589.45
1489408200000,1.06751,1.06756,1.06684,1.06696,4098.2
1489409100000,1.06697,1.06707,1.06589,1.06591,3806.02
1489410000000,1.06591,1.06629,1.06559,1.06629,3467.22
1489410900000,1.06628,1.0665,1.06594,1.06642,2191.69
1489411800000,1.0664,1.06673,1.06611,1.0666,3117.86
1489412700000,1.06662,1.06704,1.06635,1.06703,3792.66
1489413600000,1.06704,1.06716,1.06652,1.06653,3379.54
1489414500000,1.06653,1.06653,1.06604,1.06617,3228.94
1489415400000,1.06616,1.06703,1.06557,1.06672,3681.28
1489416300000,1.06672,1.06688,1.06648,1.06658,2504.82
1489417200000,1.06659,1.06683,1.0664,1.06655,2515.86
1489418100000,1.06654,1.06732,1.06652,1.06693,3144.32
1489419000000,1.06693,1.06791,1.06693,1.06775,3052.88
1489419900000,1.06775,1.06785,1.06675,1.06692,3691.15
1489420800000,1.06692,1.06732,1.06679,1.06725,2999.48
1489421700000,1.06724,1.06727,1.06643,1.06656,2728.71
1489422600000,1.06655,1.06662,1.06618,1.06634,1891.76
1489423500000,1.06635,1.06667,1.06617,1.06624,1843.74
1489424400000,1.06624,1.06636,1.06565,1.06599,2325.59
1489425300000,1.06598,1.06632,1.06595,1.0663,1738.08
1489426200000,1.0663,1.06659,1.06623,1.06632,1839.91
1489427100000,1.06633,1.0664,1.06558,1.06589,2778
1489428000000,1.06589,1.06611,1.06532,1.06543,2026.91
1489428900000,1.06543,1.06587,1.06543,1.06586,1155.8
1489429800000,1.06586,1.06587,1.06559,1.06584,995.08
1489430700000,1.06583,1.06611,1.06574,1.06599,1724.56
1489431600000,1.06601,1.06604,1.06564,1.06566,1013.21
1489432500000,1.06566,1.06586,1.06537,1.06538,1217.52
1489433400000,1.06539,1.06563,1.06538,1.06554,1331.2
1489434300000,1.06554,1.06579,1.06534,1.0654,2349.08
1489435200000,1.06538,1.06544,1.06531,1.06542,950.54
1489436100000,1.06541,1.06548,1.06535,1.06539,679.24
1489437000000,1.06538,1.06539,1.0652,1.06532,866.45
1489437900000,1.06532,1.06542,1.06524,1.06536,692.88
1489438800000,1.06531,1.0655,1.06523,1.0653,377.63
1489439700000,1.06534,1.06547,1.06525,1.06546,251.74
1489440600000,1.06546,1.06548,1.06532,1.06533,241.68
1489441500000,1.06533,1.06542,1.06525,1.06538,197.49
1489442400000,1.06536,1.06563,1.06533,1.06545,716.06
1489443300000,1.06544,1.0656,1.06531,1.06532,359.25
1489444200000,1.06534,1.06546,1.06519,1.06526,395.18
1489445100000,1.06526,1.06527,1.06519,1.0652,539.65
1489446000000,1.06519,1.0653,1.06448,1.0651,2435.82
1489446900000,1.0651,1.06519,1.06469,1.0647,1137.63
1489447800000,1.06468,1.06505,1.06456,1.06503,1359.57
1489448700000,1.06501,1.06508,1.06484,1.06507,831.53
1489449600000,1.06508,1.06549,1.06498,1.06539,1360.73
1489450500000,1.06542,1.06582,1.06537,1.06552,1535.05
1489451400000,1.0655,1.06563,1.06535,1.06541,1482.56
1489452300000,1.0654,1.06566,1.06519,1.06561,1288.44
1489453200000,1.06563,1.0658,1.06538,1.06561,1983.78
1489454100000,1.06561,1.0657,1.0652,1.0655,1166.61
1489455000000,1.06552,1.06566,1.06542,1.06559,1431.39
1489455900000,1.06559,1.06587,1.06554,1.06564,1042.94
1489456800000,1.06563,1.06574,1.06535,1.06544,1251.36
1489457700000,1.06542,1.06555,1.06537,1.06552,1053.01
1489458600000,1.06552,1.06552,1.06526,1.06527,819.11
1489459500000,1.06529,1.06556,1.06523,1.06529,988.38
1489460400000,1.06531,1.0654,1.06506,1.06506,1044.81
1489461300000,1.06506,1.06529,1.06503,1.06521,796.87
1489462200000,1.0652,1.06529,1.06519,1.0652,650.15
1489463100000,1.06521,1.0654,1.06513,1.06538,762.75
1489464000000,1.06538,1.06538,1.06521,1.06523,753.5
1489464900000,1.06521,1.06541,1.0652,1.06534,785.95
1489465800000,1.06535,1.06544,1.06523,1.06525,859.69
1489466700000,1.06524,1.0654,1.06512,1.06536,901.07
1489467600000,1.06537,1.06563,1.06536,1.0656,647.23
1489468500000,1.06559,1.06584,1.06556,1.06576,871.13
1489469400000,1.06576,1.06582,1.06559,1.0656,686.76
1489470300000,1.06561,1.06599,1.06546,1.06594,995.09
1489471200000,1.06593,1.06624,1.06473,1.06477,2917.64
1489472100000,1.06476,1.06505,1.06449,1.06469,2028.3
1489473000000,1.06469,1.06474,1.064,1.06435,2173.41
1489473900000,1.06435,1.06458,1.06429,1.06454,1720.75
1489474800000,1.06454,1.06454,1.06373,1.06424,3105.88
1489475700000,1.06424,1.06437,1.06377,1.06421,2840.15
1489476600000,1.0642,1.0652,1.06398,1.06441,3269.56
1489477500000,1.06441,1.06453,1.06374,1.06376,2570.29
1489478400000,1.06376,1.06423,1.06329,1.06392,4210.98
1489479300000,1.06391,1.06429,1.06363,1.06412,3237.39
1489480200000,1.06412,1.06469,1.06404,1.06412,3029.9
1489481100000,1.06413,1.06481,1.06403,1.06473,2230.5
1489482000000,1.06475,1.06495,1.06426,1.06427,2245.83
1489482900000,1.06428,1.06448,1.06411,1.06428,1872.88
1489483800000,1.06428,1.06449,1.06377,1.06416,2473.36
1489484700000,1.06416,1.06436,1.06374,1.06393,2762.43
1489485600000,1.06394,1.06417,1.06352,1.06399,2549.11
1489486500000,1.06399,1.06433,1.0638,1.06409,2019.08
1489487400000,1.06409,1.06447,1.06394,1.06396,2534.63
1489488300000,1.06396,1.06405,1.06364,1.06386,2179.76
1489489200000,1.06387,1.06393,1.06299,1.0637,2701.22
1489490100000,1.06369,1.06385,1.06343,1.06346,2431.76
1489491000000,1.06346,1.06361,1.0632,1.06323,2400.39
1489491900000,1.06323,1.06333,1.06288,1.06321,2516.74
1489492800000,1.06322,1.06375,1.06314,1.06356,2617.65
1489493700000,1.06355,1.06355,1.06263,1.06304,3204.77
1489494600000,1.06303,1.06338,1.0626,1.06336,3574.08
1489495500000,1.06336,1.06336,1.06261,1.06289,2904.99
1489496400000,1.0629,1.06338,1.06285,1.06302,2411.36
1489497300000,1.06305,1.06327,1.06271,1.06278,2355.99
1489498200000,1.06278,1.06348,1.0627,1.06327,3222.06
1489499100000,1.0633,1.06359,1.06286,1.06288,3142.6
1489500000000,1.06288,1.06355,1.06274,1.06279,4248.85
1489500900000,1.06282,1.06414,1.06256,1.06376,4307.62
1489501800000,1.06378,1.06428,1.06362,1.06399,2835.49
1489502700000,1.06399,1.06405,1.06359,1.06372,2814.24
1489503600000,1.06371,1.06413,1.06363,1.0637,2767.35
1489504500000,1.06371,1.06397,1.06332,1.06376,3180.79
1489505400000,1.06379,1.06403,1.06354,1.06374,2184.35
1489506300000,1.06375,1.06466,1.06358,1.0645,3075.55
1489507200000,1.06448,1.06466,1.06409,1.06431,2911.77
1489508100000,1.06431,1.06456,1.06396,1.06401,2249.81
1489509000000,1.06401,1.0642,1.06369,1.06372,1955.97
1489509900000,1.06372,1.06396,1.06364,1.06367,1079.01
1489510800000,1.06366,1.06367,1.06282,1.06347,2577.21
1489511700000,1.06347,1.06352,1.06302,1.06312,2279.74
1489512600000,1.06311,1.06353,1.06286,1.06342,2038.53
1489513500000,1.06343,1.06347,1.0621,1.06212,2023.29
1489514400000,1.06212,1.06212,1.06151,1.06188,2757.7
1489515300000,1.0619,1.06207,1.06163,1.06191,1676.1
1489516200000,1.06191,1.06208,1.06124,1.06155,1664.37
1489517100000,1.06155,1.06155,1.06048,1.06107,2474.21
1489518000000,1.06109,1.06109,1.06042,1.06079,1509.05
1489518900000,1.0608,1.06112,1.0607,1.06104,1386.64
1489519800000,1.06103,1.06124,1.06093,1.06098,1667.38
1489520700000,1.061,1.06132,1.06029,1.06061,2461.38
1489521600000,1.06058,1.06063,1.06003,1.06023,1423.72
1489522500000,1.06023,1.06025,1.06005,1.06011,739.49
1489523400000,1.06011,1.06033,1.06006,1.0603,692.93
1489524300000,1.06029,1.06071,1.06029,1.06035,1101.57
1489525200000,1.06038,1.06047,1.06032,1.06039,289.45
1489526100000,1.06038,1.06073,1.06037,1.06066,201.3
1489527000000,1.06067,1.06082,1.06053,1.06066,623.62
1489527900000,1.06067,1.06093,1.06063,1.06082,496.52
1489528800000,1.06082,1.06082,1.06047,1.06067,634.09
1489529700000,1.06067,1.06078,1.06063,1.06066,570.7
1489530600000,1.06068,1.06087,1.0606,1.06076,616.32
1489531500000,1.06077,1.06093,1.06076,1.06085,634.16
1489532400000,1.06086,1.06101,1.06086,1.06092,534.85
1489533300000,1.06091,1.06128,1.06091,1.06122,830.12
1489534200000,1.06123,1.06126,1.061,1.06123,714.9
1489535100000,1.06121,1.06125,1.0611,1.06119,1085.87
1489536000000,1.0612,1.06137,1.0611,1.06131,1324.27
1489536900000,1.06131,1.06147,1.06121,1.06147,1382.13
1489537800000,1.06146,1.06149,1.06109,1.06121,2085.16
1489538700000,1.06121,1.06149,1.06112,1.06124,2167.96
1489539600000,1.06124,1.06177,1.06124,1.06167,1454.13
1489540500000,1.06167,1.06188,1.06157,1.06171,1282.91
1489541400000,1.06173,1.06174,1.06121,1.06122,1446
1489542300000,1.06122,1.06145,1.06121,1.06133,934.69
1489543200000,1.06134,1.06142,1.06125,1.06134,1031.97
1489544100000,1.06134,1.06172,1.06134,1.06141,1128.23
1489545000000,1.06141,1.06171,1.06139,1.06168,791.28
1489545900000,1.06168,1.06173,1.06142,1.06165,853.92
1489546800000,1.06164,1.06167,1.06136,1.06141,1189.39
1489547700000,1.06141,1.06141,1.06125,1.06131,657.26
1489548600000,1.0613,1.06136,1.0612,1.06136,770.37
1489549500000,1.06136,1.06159,1.06136,1.06152,575.32
1489550400000,1.06152,1.06165,1.06147,1.06147,927.73
1489551300000,1.06146,1.06156,1.06142,1.06149,694.66
1489552200000,1.06149,1.06171,1.06134,1.06167,1149.52
1489553100000,1.06167,1.06182,1.06145,1.06147,1153.89
1489554000000,1.06147,1.06147,1.06135,1.06138,673.19
1489554900000,1.06138,1.06156,1.06135,1.06152,612.15
1489555800000,1.06153,1.06168,1.06152,1.06167,1149.9
1489556700000,1.06166,1.06208,1.06157,1.06198,1073.95
1489557600000,1.06198,1.06242,1.06166,1.06231,2911.17
1489558500000,1.06232,1.06256,1.06208,1.06244,2044.73
1489559400000,1.06244,1.06296,1.06244,1.06286,1807.89
1489560300000,1.06285,1.06289,1.06234,1.06282,1306.43
1489561200000,1.0628,1.06298,1.0626,1.06279,1824.37
1489562100000,1.06279,1.06302,1.06262,1.06282,2008.95
1489563000000,1.06283,1.06376,1.06282,1.06363,2209.98
1489563900000,1.06362,1.06392,1.06344,1.06382,2086.55
1489564800000,1.06382,1.06383,1.06324,1.0634,3029.45
1489565700000,1.0634,1.06349,1.06289,1.06296,2629.49
1489566600000,1.06297,1.06329,1.06267,1.06328,2261.16
1489567500000,1.06328,1.0636,1.06319,1.0632,2142.86
1489568400000,1.06321,1.06369,1.06305,1.06315,2128.35
1489569300000,1.06315,1.06352,1.06307,1.06336,2029.67
1489570200000,1.06336,1.06349,1.06275,1.06276,2518.96
1489571100000,1.06277,1.06318,1.06225,1.06262,2711.74
1489572000000,1.06265,1.06294,1.06204,1.0621,2178.91
1489572900000,1.06209,1.06233,1.06191,1.06222,2360.75
1489573800000,1.06222,1.06223,1.06178,1.06191,1893.3
1489574700000,1.06191,1.06249,1.06182,1.06242,2157.58
1489575600000,1.0624,1.06273,1.06235,1.06258,1814.92
1489576500000,1.06256,1.06263,1.06216,1.06238,1883.18
1489577400000,1.06236,1.06245,1.06206,1.06213,2199.38
1489578300000,1.06213,1.06241,1.06204,1.0623,2131.99
1489579200000,1.06232,1.06297,1.06226,1.06297,2032.81
1489580100000,1.06296,1.06339,1.06276,1.06293,2497.72
1489581000000,1.06293,1.06293,1.06214,1.06252,3551.6
1489581900000,1.06251,1.06281,1.06191,1.062,2888.13
1489582800000,1.06203,1.06252,1.0619,1.06218,2902.95
1489583700000,1.06219,1.06231,1.06073,1.06145,3113.93
1489584600000,1.06146,1.06185,1.0613,1.06169,3203.68
1489585500000,1.06168,1.06172,1.06118,1.06154,2703.31
1489586400000,1.06156,1.06191,1.06124,1.06171,3597.98
1489587300000,1.06172,1.06263,1.06155,1.06247,2769.91
1489588200000,1.06244,1.06265,1.06204,1.06217,2474.95
1489589100000,1.0622,1.06272,1.06203,1.06255,2513.71
1489590000000,1.06258,1.06293,1.06247,1.06276,2501.87
1489590900000,1.06275,1.06348,1.06264,1.06326,2683.52
1489591800000,1.06326,1.06348,1.06308,1.06337,2112.24
1489592700000,1.06336,1.06371,1.06308,1.06308,2844.52
1489593600000,1.0631,1.06318,1.06281,1.06316,2091.12
1489594500000,1.06315,1.06317,1.06269,1.0627,1839.96
1489595400000,1.0627,1.06388,1.0627,1.0638,2575.56
1489596300000,1.06381,1.06445,1.06349,1.06423,2533.37
1489597200000,1.06423,1.06434,1.06335,1.06351,2869.1
1489598100000,1.06351,1.06369,1.06335,1.06359,1390.15
1489599000000,1.06358,1.06407,1.06346,1.06354,2334.24
1489599900000,1.06356,1.06387,1.06256,1.06264,3282.92
1489600800000,1.06268,1.06959,1.06221,1.06654,9276.81
1489601700000,1.06655,1.06855,1.06655,1.06822,6533.05
1489602600000,1.06823,1.06962,1.06679,1.06918,5682.3
1489603500000,1.06917,1.0711,1.06917,1.07048,6479.76
1489604400000,1.07048,1.07186,1.06955,1.07018,6242
1489605300000,1.07018,1.07018,1.06851,1.06897,4531.26
1489606200000,1.06898,1.07068,1.06866,1.07059,3966.56
1489607100000,1.0706,1.07105,1.07014,1.0708,3636.88
1489608000000,1.0708,1.07364,1.07057,1.07347,5319.05
1489608900000,1.07348,1.07399,1.07265,1.07278,2012.27
1489609800000,1.07277,1.07278,1.07233,1.07267,1768.97
1489610700000,1.07267,1.07341,1.07247,1.07339,1694.52
1489611600000,1.0733,1.07331,1.07221,1.07244,448.05
1489612500000,1.07242,1.07291,1.07241,1.07255,561.91
1489613400000,1.07255,1.07332,1.07249,1.07309,609.27
1489614300000,1.0731,1.07368,1.07308,1.07361,1053.99
1489615200000,1.0736,1.07367,1.07315,1.07331,1566.83
1489616100000,1.0733,1.07342,1.07298,1.07326,1443.71
1489617000000,1.07327,1.07343,1.07287,1.0732,1989.02
1489617900000,1.07319,1.0732,1.07299,1.07299,1086.03
1489618800000,1.07303,1.07393,1.07303,1.07388,1743.86
1489619700000,1.07385,1.07388,1.0735,1.0735,1526.87
1489620600000,1.07349,1.07376,1.07344,1.07358,1451.59
1489621500000,1.07357,1.07379,1.07354,1.07375,1120.98
1489622400000,1.07376,1.0742,1.07361,1.07384,2652.45
1489623300000,1.07383,1.0742,1.0737,1.07412,1916.78
1489624200000,1.0741,1.07463,1.07382,1.07412,2457.66
1489625100000,1.07411,1.07451,1.07333,1.07354,2526.52
1489626000000,1.07354,1.07358,1.07314,1.07324,1993.33
1489626900000,1.07322,1.07342,1.07308,1.07329,1820.96
1489627800000,1.0733,1.07338,1.0729,1.07293,1372.21
1489628700000,1.07291,1.07298,1.07231,1.07249,2346.29
1489629600000,1.07251,1.07311,1.0725,1.07305,1512.42
1489630500000,1.07305,1.07306,1.07234,1.07247,1482.34
1489631400000,1.07247,1.0727,1.07225,1.07243,2017.59
1489632300000,1.07245,1.07286,1.0722,1.07269,1611.63
1489633200000,1.07269,1.07282,1.07195,1.07254,2355.21
1489634100000,1.07254,1.07282,1.07249,1.07272,1860.64
1489635000000,1.07272,1.07281,1.07221,1.07225,1806.19
1489635900000,1.07224,1.07232,1.07198,1.0721,1886.63
1489636800000,1.07212,1.07246,1.07208,1.07232,1195.88
1489637700000,1.07233,1.07242,1.07222,1.07239,1424.1
1489638600000,1.07239,1.07249,1.07222,1.07232,1479.47
1489639500000,1.07232,1.07237,1.07216,1.07233,887.42
1489640400000,1.07234,1.07296,1.07234,1.07296,1136.24
1489641300000,1.07296,1.07301,1.07279,1.07299,973.13
1489642200000,1.07299,1.07306,1.07274,1.07284,1515.68
1489643100000,1.07284,1.07286,1.07254,1.07263,1805.58
1489644000000,1.07263,1.07325,1.07259,1.0732,1438.35
1489644900000,1.07321,1.07348,1.07299,1.07346,1431.26
1489645800000,1.07345,1.07406,1.07344,1.07391,2070.74
1489646700000,1.07393,1.07395,1.07249,1.07278,2929.16
1489647600000,1.07281,1.07366,1.0728,1.07324,4021.1
1489648500000,1.07324,1.07351,1.0726,1.07331,3537.38
1489649400000,1.0733,1.07372,1.07252,1.07276,5274.51
1489650300000,1.07276,1.07343,1.07209,1.07255,4932.99
1489651200000,1.07255,1.07258,1.07154,1.07237,4893.7
1489652100000,1.07237,1.07244,1.07175,1.07194,3490.53
1489653000000,1.07194,1.07197,1.07079,1.07096,3723.4
1489653900000,1.07097,1.07108,1.07057,1.07093,3289.68
1489654800000,1.07092,1.07175,1.07063,1.07166,3154.93
1489655700000,1.07167,1.07175,1.07114,1.07141,2810.12
1489656600000,1.07142,1.07151,1.07084,1.07121,2552.02
1489657500000,1.0712,1.07122,1.0706,1.07106,2481.86
1489658400000,1.07111,1.07214,1.07102,1.07203,3145.96
1489659300000,1.07202,1.07242,1.07197,1.07211,2579.3
1489660200000,1.07209,1.07242,1.07195,1.07202,2651.1
1489661100000,1.07201,1.07242,1.07187,1.07242,2167.14
1489662000000,1.0724,1.07305,1.07239,1.07274,3005.95
1489662900000,1.07275,1.07301,1.07237,1.07296,2123.67
1489663800000,1.07296,1.07311,1.07229,1.07231,2693.88
1489664700000,1.07232,1.07279,1.07227,1.07243,2530.38
1489665600000,1.07244,1.073,1.07195,1.07265,3964.16
1489666500000,1.07265,1.0727,1.07125,1.072,4455.12
1489667400000,1.07202,1.07286,1.07169,1.07281,3953.94
1489668300000,1.07281,1.07354,1.07275,1.07329,3605
1489669200000,1.07327,1.07334,1.07253,1.07264,3533.38
1489670100000,1.07264,1.07347,1.07237,1.0733,2663.94
1489671000000,1.07331,1.07352,1.07234,1.07255,3743.6
1489671900000,1.07255,1.07277,1.07206,1.07258,3772.69
1489672800000,1.07259,1.07313,1.07243,1.07299,4135.57
1489673700000,1.07299,1.07398,1.07281,1.07391,3745.4
1489674600000,1.07391,1.07427,1.07364,1.07418,3564.23
1489675500000,1.07417,1.0743,1.07337,1.07373,3281.09
1489676400000,1.07374,1.07411,1.07327,1.0737,3333.58
1489677300000,1.07371,1.07372,1.07259,1.07266,3364.06
1489678200000,1.07266,1.0733,1.07263,1.07311,2578.93
1489679100000,1.07313,1.07379,1.07303,1.07365,2829.16
1489680000000,1.07367,1.07375,1.07334,1.07356,2694.6
1489680900000,1.07355,1.07386,1.0734,1.07365,2543.32
1489681800000,1.07365,1.07401,1.07342,1.07342,2754.21
1489682700000,1.07341,1.07383,1.07335,1.07377,2927.23
1489683600000,1.07377,1.07392,1.07312,1.07333,1984.53
1489684500000,1.07332,1.07373,1.07307,1.07311,2243.92
1489685400000,1.07312,1.07315,1.07207,1.07215,2775.17
1489686300000,1.07214,1.07216,1.07121,1.07147,3667.12
1489687200000,1.07147,1.07198,1.07145,1.0715,2642.82
1489688100000,1.07151,1.07161,1.07096,1.07098,1915.06
1489689000000,1.07096,1.07284,1.07073,1.07258,3437.39
1489689900000,1.07257,1.07501,1.07221,1.07489,4958.85
1489690800000,1.07492,1.07553,1.07418,1.07443,3537.8
1489691700000,1.07444,1.07671,1.07412,1.07651,4353.42
1489692600000,1.07651,1.07651,1.07582,1.07639,2277.81
1489693500000,1.07639,1.07698,1.07633,1.0769,2510.36
1489694400000,1.07691,1.07699,1.07658,1.07689,1533.39
1489695300000,1.07689,1.07689,1.07654,1.07659,1083.48
1489696200000,1.07658,1.07696,1.07647,1.07692,998.02
1489697100000,1.07692,1.07702,1.07634,1.07652,1777.14
1489698000000,1.07652,1.077,1.07612,1.07681,553.52
1489698900000,1.0768,1.07683,1.07662,1.07672,383
1489699800000,1.07672,1.07704,1.07672,1.07697,470.11
1489700700000,1.07697,1.07742,1.07696,1.07718,962.12
1489701600000,1.07715,1.07733,1.07686,1.07695,1023.23
1489702500000,1.07695,1.07704,1.07663,1.07701,1190.61
1489703400000,1.077,1.07726,1.07698,1.07723,1173.99
1489704300000,1.07721,1.07742,1.07707,1.07712,852.38
1489705200000,1.07713,1.07736,1.07707,1.07727,901.01
1489706100000,1.07726,1.07737,1.07685,1.07714,840.24
1489707000000,1.07713,1.07724,1.07698,1.0771,888.12
1489707900000,1.0771,1.07734,1.0771,1.07718,681.15
1489708800000,1.07717,1.07735,1.07686,1.07688,1428.29
1489709700000,1.07688,1.07731,1.07685,1.07727,943.83
1489710600000,1.07726,1.07727,1.07693,1.07693,906.69
1489711500000,1.07692,1.07713,1.07652,1.07669,1939.61
1489712400000,1.07669,1.07684,1.07646,1.0765,1949.46
1489713300000,1.0765,1.07688,1.0765,1.0768,1295.77
1489714200000,1.0768,1.07698,1.07677,1.07691,1319.07
1489715100000,1.07691,1.07704,1.07691,1.07697,1051.78
1489716000000,1.07697,1.0772,1.07695,1.07712,1220.46
1489716900000,1.07712,1.07731,1.07712,1.07718,853.71
1489717800000,1.07716,1.07729,1.07701,1.07719,750.01
1489718700000,1.07719,1.07743,1.07718,1.07742,701.67
1489719600000,1.07742,1.07744,1.07726,1.07728,629.09
1489720500000,1.07728,1.07737,1.07705,1.07712,1001.19
1489721400000,1.07712,1.07722,1.07701,1.07718,1333.43
1489722300000,1.07718,1.07732,1.07715,1.07726,1116.09
1489723200000,1.07726,1.07733,1.07716,1.07725,1076.96
1489724100000,1.07726,1.07732,1.07717,1.07717,903.05
1489725000000,1.07717,1.07723,1.07696,1.07712,600.48
1489725900000,1.07712,1.07715,1.07705,1.07712,718.61
1489726800000,1.07712,1.07712,1.0769,1.0769,544.57
1489727700000,1.07691,1.07701,1.07685,1.07686,730.17
1489728600000,1.07686,1.0769,1.07667,1.07676,978.4
1489729500000,1.0768,1.0772,1.07676,1.07711,1393.83
1489730400000,1.07713,1.07738,1.0771,1.07727,1588.57
1489731300000,1.07727,1.07792,1.07725,1.07778,1363.31
1489732200000,1.07778,1.07814,1.07761,1.07783,1813.5
1489733100000,1.07783,1.07812,1.07771,1.0781,1716.6
1489734000000,1.07809,1.07823,1.07754,1.07779,2881.72
1489734900000,1.07779,1.07813,1.07614,1.0762,3911.09
1489735800000,1.0762,1.07624,1.07565,1.07595,3238.34
1489736700000,1.07595,1.07609,1.07536,1.07537,3239.49
1489737600000,1.07536,1.07638,1.07535,1.07634,2975.65
1489738500000,1.07633,1.07693,1.0761,1.07693,2328.43
1489739400000,1.07692,1.07697,1.07645,1.07662,2195.56
1489740300000,1.07663,1.07698,1.07597,1.07697,3189.66
1489741200000,1.07696,1.07762,1.07678,1.07738,2976.89
1489742100000,1.07744,1.07796,1.07736,1.07789,3236.53
1489743000000,1.0779,1.0779,1.07707,1.07726,2479.32
1489743900000,1.07726,1.07765,1.07705,1.07749,3148.51
1489744800000,1.0775,1.0775,1.07656,1.07673,3707.97
1489745700000,1.07673,1.07759,1.0766,1.07734,2296.43
1489746600000,1.07734,1.07759,1.07682,1.07695,1612.95
1489747500000,1.07695,1.07704,1.07652,1.07671,2169.11
1489748400000,1.07671,1.07673,1.07319,1.07354,4839.18
1489749300000,1.07355,1.07451,1.07325,1.07401,3570.05
1489750200000,1.07401,1.07424,1.07332,1.07398,3895.21
1489751100000,1.07398,1.07416,1.07335,1.0735,3616.34
1489752000000,1.0735,1.07386,1.07274,1.07382,4474.97
1489752900000,1.07382,1.07383,1.07307,1.07348,3114.31
1489753800000,1.07349,1.07426,1.07344,1.07417,3049.7
1489754700000,1.07417,1.07448,1.07352,1.07358,3046.34
1489755600000,1.07355,1.07438,1.07345,1.07371,3736.21
1489756500000,1.07372,1.07441,1.07361,1.07375,4624.42
1489757400000,1.07376,1.07423,1.07326,1.07419,4314.62
1489758300000,1.07419,1.07474,1.07409,1.07428,2839.31
1489759200000,1.0743,1.07551,1.0743,1.07529,4119.6
1489760100000,1.07529,1.07558,1.0749,1.07555,2929.39
1489761000000,1.07555,1.07562,1.0747,1.07518,2913.32
1489761900000,1.07518,1.07524,1.07425,1.07444,3233.04
1489762800000,1.07445,1.07478,1.07361,1.07371,4149.1
1489763700000,1.0737,1.07429,1.07353,1.07394,3757.15
1489764600000,1.07393,1.07403,1.0731,1.07349,3628.72
1489765500000,1.0735,1.07416,1.07332,1.07416,3310.62
1489766400000,1.07415,1.07489,1.07406,1.07465,3369.34
1489767300000,1.07465,1.07483,1.07448,1.07454,2500.85
1489768200000,1.07453,1.0746,1.07414,1.07431,2626.55
1489769100000,1.07433,1.07466,1.07396,1.07401,2075.19
1489770000000,1.074,1.07493,1.07396,1.0747,2369.1
1489770900000,1.0747,1.07552,1.07452,1.07513,3148.95
1489771800000,1.07513,1.07538,1.07471,1.0751,2193
1489772700000,1.07511,1.07541,1.07422,1.07453,2957.74
1489773600000,1.07453,1.07499,1.0745,1.07497,1484.77
1489774500000,1.07495,1.07513,1.07475,1.07499,1181.98
1489775400000,1.07499,1.07522,1.07467,1.07469,1312.15
1489776300000,1.07469,1.07493,1.07393,1.07415,1717.53
1489777200000,1.07417,1.07424,1.07371,1.07408,1475.75
1489778100000,1.07407,1.07432,1.07391,1.07429,1148.67
1489779000000,1.07432,1.07472,1.07424,1.07454,1121.33
1489779900000,1.07454,1.07456,1.07397,1.07421,1941.91
1489780800000,1.07421,1.07421,1.07335,1.07342,1021.26
1489781700000,1.07341,1.07366,1.07331,1.07365,769.32
1489782600000,1.07365,1.07374,1.0736,1.0737,616.6
1489783500000,1.0737,1.07392,1.0734,1.07382,885.18
1489957200000,1.07318,1.07403,1.07317,1.07373,195.6
1489958100000,1.07373,1.07399,1.07362,1.07363,204.88
1489959000000,1.07363,1.07394,1.07342,1.07369,387.41
1489959900000,1.0737,1.07404,1.0737,1.07389,174.54
1489960800000,1.0739,1.07411,1.07367,1.07404,640.03
1489961700000,1.07404,1.07427,1.07388,1.07416,365.97
1489962600000,1.07415,1.07449,1.07406,1.07425,422.13
1489963500000,1.07425,1.07427,1.0741,1.07415,485.41
1489964400000,1.07417,1.07451,1.07409,1.07426,609.47
1489965300000,1.07425,1.07438,1.07425,1.07429,782.26
1489966200000,1.07429,1.07435,1.07411,1.07415,563.71
1489967100000,1.07414,1.07422,1.07409,1.0742,498.84
1489968000000,1.07421,1.07495,1.0742,1.07493,1406.09
1489968900000,1.07493,1.07513,1.0748,1.07503,1067.53
1489969800000,1.07503,1.07511,1.07475,1.07494,868.27
1489970700000,1.07495,1.07532,1.07495,1.07505,1313.38
1489971600000,1.07505,1.07571,1.07495,1.07567,1512.88
1489972500000,1.07566,1.07567,1.07503,1.07506,1338.65
1489973400000,1.07509,1.07553,1.07509,1.07553,942.35
1489974300000,1.07553,1.07595,1.07542,1.07576,1823.49
1489975200000,1.07574,1.076,1.07572,1.07586,1586.11
1489976100000,1.07588,1.07603,1.07575,1.07597,986.79
1489977000000,1.07597,1.07628,1.07588,1.07622,1247.96
1489977900000,1.07622,1.07623,1.07602,1.07606,1256.62
1489978800000,1.07606,1.07616,1.07602,1.07608,864.99
1489979700000,1.07608,1.07628,1.07604,1.07615,1058.13
1489980600000,1.07615,1.07619,1.07602,1.07608,936.82
1489981500000,1.07607,1.07607,1.07592,1.07598,617.91
1489982400000,1.07597,1.07623,1.07591,1.07621,734.2
1489983300000,1.07621,1.07637,1.07616,1.07636,814.01
1489984200000,1.07635,1.07647,1.07632,1.07635,407.11
1489985100000,1.07633,1.07647,1.07626,1.07634,471.97
1489986000000,1.07634,1.07649,1.07629,1.07642,711.19
1489986900000,1.07642,1.07649,1.0762,1.07622,848.26
1489987800000,1.07621,1.07632,1.0761,1.07632,1131.1
1489988700000,1.07631,1.07643,1.07622,1.07643,1289.78
1489989600000,1.07642,1.07644,1.07569,1.07611,1884.04
1489990500000,1.07609,1.07628,1.07596,1.07611,1245.87
1489991400000,1.0761,1.07676,1.07599,1.07674,1453.36
1489992300000,1.07676,1.07725,1.07668,1.07698,1814.09
1489993200000,1.07699,1.07713,1.07666,1.07708,2570.84
1489994100000,1.07707,1.07772,1.0767,1.07713,3502.74
1489995000000,1.07714,1.07754,1.07701,1.07716,2955.9
1489995900000,1.07715,1.07767,1.07687,1.07695,3561.49
1489996800000,1.07694,1.07709,1.07657,1.07666,3524.31
1489997700000,1.07667,1.07712,1.07634,1.0768,2753.8
1489998600000,1.07679,1.07693,1.07595,1.07598,2601.14
1489999500000,1.07598,1.0767,1.07585,1.07638,3006.64
1490000400000,1.07639,1.07648,1.07569,1.0758,2916.96
1490001300000,1.0758,1.07664,1.07572,1.07612,2545.11
1490002200000,1.07613,1.07636,1.07589,1.0762,2715.44
1490003100000,1.07622,1.07623,1.07519,1.0755,2321.22
1490004000000,1.07549,1.07568,1.07504,1.07542,2044.92
1490004900000,1.07542,1.07562,1.07508,1.07545,2009.89
1490005800000,1.07546,1.07572,1.07534,1.07546,1773.04
1490006700000,1.07547,1.07621,1.07546,1.07598,1888.76
1490007600000,1.07599,1.07616,1.07569,1.0758,2556.6
1490008500000,1.07583,1.07584,1.07525,1.0755,2579.99
1490009400000,1.0755,1.07561,1.07526,1.07547,2218.24
1490010300000,1.07548,1.07557,1.07495,1.07496,2432.19
1490011200000,1.07496,1.07518,1.07436,1.07461,2855.67
1490012100000,1.0746,1.0753,1.07454,1.07521,2559.05
1490013000000,1.0752,1.07551,1.07499,1.07541,2121.06
1490013900000,1.07542,1.07556,1.07498,1.0751,2871.5
1490014800000,1.07509,1.07519,1.07454,1.07517,2636.5
1490015700000,1.07518,1.07555,1.07512,1.07525,2227.86
1490016600000,1.07527,1.07597,1.07522,1.07572,3576.75
1490017500000,1.07573,1.07576,1.07522,1.07522,3119.45
1490018400000,1.07522,1.07577,1.07506,1.0757,2734.31
1490019300000,1.0757,1.07579,1.07533,1.07564,2719.91
1490020200000,1.07564,1.07578,1.07516,1.07519,2903.41
1490021100000,1.07519,1.07575,1.07517,1.07535,3273.42
1490022000000,1.07536,1.07554,1.07512,1.07536,2989.87
1490022900000,1.07536,1.0754,1.07496,1.07512,2583.99
1490023800000,1.07511,1.07526,1.07471,1.07525,2409.53
1490024700000,1.07524,1.07576,1.07509,1.07529,3043.9
1490025600000,1.0753,1.07554,1.07498,1.07506,2903.52
1490026500000,1.07506,1.07506,1.07399,1.07439,3319.63
1490027400000,1.07436,1.07459,1.07371,1.07385,2073.03
1490028300000,1.07384,1.07396,1.07347,1.0737,2177.41
1490029200000,1.0737,1.07447,1.07349,1.07408,2469.3
1490030100000,1.07407,1.07472,1.074,1.07451,1939.65
1490031000000,1.0745,1.07452,1.07322,1.07333,2156.39
1490031900000,1.07334,1.07347,1.07251,1.07282,2266.46
1490032800000,1.0728,1.07336,1.0728,1.0733,1353.47
1490033700000,1.0733,1.07369,1.0733,1.07342,1015.37
1490034600000,1.07341,1.07383,1.07332,1.07383,1072.11
1490035500000,1.07383,1.07383,1.07313,1.0733,1169.19
1490036400000,1.07328,1.0737,1.07313,1.07363,1451.35
1490037300000,1.07363,1.07411,1.07338,1.07393,1292.46
1490038200000,1.07392,1.07429,1.07376,1.07423,1208.3
1490039100000,1.07424,1.07453,1.07407,1.07432,2449.97
1490040000000,1.07431,1.07448,1.07425,1.07434,913.9
1490040900000,1.07434,1.07435,1.0741,1.07425,873.42
1490041800000,1.07426,1.07431,1.07417,1.07427,758.67
1490042700000,1.07427,1.07434,1.07383,1.07393,829.53
1490043600000,1.0739,1.07414,1.07374,1.0741,240.73
1490044500000,1.07409,1.07416,1.07387,1.07399,367.68
1490045400000,1.07397,1.07397,1.07362,1.07395,602.87
1490046300000,1.07395,1.074,1.07365,1.07367,411.92
1490047200000,1.07371,1.0739,1.07364,1.07384,915.81
1490048100000,1.07382,1.07391,1.07364,1.07364,615.28
1490049000000,1.07364,1.07386,1.07354,1.07367,653.25
1490049900000,1.07364,1.07364,1.07334,1.07337,1035.47
1490050800000,1.07338,1.07358,1.07306,1.07355,897.86
1490051700000,1.07354,1.07357,1.07268,1.07268,1076.97
1490052600000,1.07268,1.07276,1.0719,1.07276,1586.95
1490053500000,1.07277,1.07374,1.07264,1.07368,1607.3
1490054400000,1.07368,1.07453,1.07353,1.07442,1994.7
1490055300000,1.07445,1.07509,1.07443,1.07492,2633.46
1490056200000,1.07491,1.07584,1.0747,1.07558,2896.1
1490057100000,1.07559,1.07668,1.07539,1.07597,2698.97
1490058000000,1.07597,1.07674,1.07588,1.07654,2136.3
1490058900000,1.07654,1.07696,1.07608,1.07694,2382.57
1490059800000,1.07695,1.07697,1.07635,1.07642,2414.14
1490060700000,1.07642,1.07678,1.07636,1.07647,1755.45
1490061600000,1.07648,1.0765,1.07629,1.07642,1549.02
1490062500000,1.07641,1.07645,1.0763,1.0764,1175.94
1490063400000,1.0764,1.07645,1.07593,1.07594,2461.89
1490064300000,1.07598,1.07599,1.07568,1.07579,1857.21
1490065200000,1.07579,1.07614,1.07569,1.07582,1374.44
1490066100000,1.07581,1.07584,1.07553,1.07553,1750.67
1490067000000,1.07553,1.07561,1.07523,1.07546,1609.1
1490067900000,1.07546,1.07559,1.07537,1.07553,1200.3
1490068800000,1.07553,1.07582,1.07551,1.07571,914.33
1490069700000,1.0757,1.0758,1.07564,1.07574,1003.6
1490070600000,1.07573,1.07574,1.07554,1.07556,946.79
1490071500000,1.07556,1.07558,1.07549,1.07558,555.06
1490072400000,1.07557,1.07575,1.07556,1.07566,852.85
1490073300000,1.07567,1.07567,1.07544,1.07565,926.7
1490074200000,1.07564,1.07651,1.07559,1.07649,1795.89
1490075100000,1.07649,1.07666,1.07599,1.07605,1661.67
1490076000000,1.07604,1.07646,1.07594,1.07639,1434.92
1490076900000,1.07639,1.07695,1.0762,1.07691,1376.71
1490077800000,1.07691,1.07699,1.07632,1.07642,1770.69
1490078700000,1.07644,1.07745,1.07623,1.0773,1679.61
1490079600000,1.07733,1.07876,1.07689,1.07855,4554.91
1490080500000,1.07854,1.07872,1.07784,1.07795,3468.9
1490081400000,1.07797,1.07852,1.07783,1.07827,2813.2
1490082300000,1.07827,1.07857,1.07792,1.07805,3276.85
1490083200000,1.07806,1.07986,1.07806,1.07945,4164.11
1490084100000,1.07946,1.07951,1.07898,1.0794,3827.59
1490085000000,1.07941,1.07976,1.07926,1.07967,2352.68
1490085900000,1.07967,1.08019,1.07938,1.07948,3343.76
1490086800000,1.07957,1.08039,1.07928,1.07998,3404.08
1490087700000,1.07999,1.08,1.07886,1.079,3055.08
1490088600000,1.07901,1.07967,1.07891,1.07945,3648.71
1490089500000,1.07945,1.07972,1.07909,1.07924,3220.28
1490090400000,1.0792,1.07959,1.07906,1.07915,2942.34
1490091300000,1.07918,1.07959,1.07911,1.07947,2468.73
1490092200000,1.07944,1.08015,1.07927,1.08009,2224.33
1490093100000,1.08009,1.08026,1.07987,1.08002,2197.84
1490094000000,1.08003,1.08103,1.07992,1.08081,2954.87
1490094900000,1.08082,1.0812,1.08064,1.08092,3246.62
1490095800000,1.08092,1.08109,1.08061,1.08102,2929.94
1490096700000,1.08101,1.08112,1.08071,1.08087,2053.62
1490097600000,1.08088,1.08115,1.08012,1.08043,2705.78
1490098500000,1.08043,1.08052,1.07981,1.0802,2880.42
1490099400000,1.0802,1.08041,1.08,1.08002,2522.53
1490100300000,1.08002,1.08025,1.07932,1.07958,2676.86
1490101200000,1.07959,1.08032,1.07949,1.08032,2415.99
1490102100000,1.08033,1.08095,1.08005,1.08051,2602.84
1490103000000,1.08051,1.08138,1.08051,1.08112,3757.16
1490103900000,1.08111,1.0816,1.08108,1.08155,3533.48
1490104800000,1.08154,1.08191,1.08106,1.08151,4240.17
1490105700000,1.08153,1.08179,1.08115,1.08116,3515.07
1490106600000,1.08116,1.08135,1.08057,1.08129,3257.49
1490107500000,1.08128,1.08175,1.08119,1.08127,3891.76
1490108400000,1.08128,1.08141,1.07979,1.0805,4606.27
1490109300000,1.08049,1.08078,1.07956,1.08,4680.69
1490110200000,1.08003,1.08071,1.07934,1.08067,4373.31
1490111100000,1.08066,1.08114,1.08022,1.08087,4245.22
1490112000000,1.08087,1.08127,1.08061,1.08082,3645.49
1490112900000,1.08081,1.08161,1.0808,1.0813,3526.38
1490113800000,1.08131,1.08169,1.08099,1.08156,2792.52
1490114700000,1.08155,1.08184,1.08132,1.08154,3035.39
1490115600000,1.08156,1.08161,1.08128,1.0815,3250.87
1490116500000,1.08149,1.0817,1.08098,1.08122,2829.04
1490117400000,1.08122,1.08151,1.08096,1.08119,2704.18
1490118300000,1.0812,1.08183,1.08064,1.08087,3822.02
1490119200000,1.08088,1.08113,1.07995,1.08003,2786.8
1490120100000,1.08004,1.08083,1.07997,1.08023,2753.21
1490121000000,1.08025,1.0803,1.07953,1.08009,2386.63
1490121900000,1.08009,1.08027,1.07961,1.07999,2127.09
1490122800000,1.07999,1.08083,1.07991,1.08074,2331.64
1490123700000,1.08073,1.08111,1.0806,1.08108,1828.3
1490124600000,1.08108,1.08118,1.08082,1.08103,2283.38
1490125500000,1.08102,1.08136,1.08086,1.08104,2275.25
1490126400000,1.08105,1.08138,1.08103,1.08121,1440.38
1490127300000,1.08121,1.08135,1.08116,1.08121,695.01
1490128200000,1.08121,1.08134,1.08115,1.08123,1124.59
1490129100000,1.08124,1.08126,1.08097,1.08097,1231.52
1490130000000,1.08092,1.08104,1.0807,1.08075,316.73
1490130900000,1.08075,1.08095,1.08075,1.08092,241.08
1490131800000,1.08091,1.08093,1.08031,1.08054,523.13
1490132700000,1.08054,1.08075,1.0805,1.08064,332.66
1490133600000,1.08066,1.08107,1.08066,1.08073,651.52
1490134500000,1.08075,1.08077,1.08031,1.08039,787.98
1490135400000,1.08039,1.08116,1.08031,1.08109,845.99
1490136300000,1.0811,1.08175,1.08106,1.08121,1632.39
1490137200000,1.08121,1.08147,1.08118,1.0814,1252.26
1490138100000,1.08139,1.08144,1.08094,1.081,935.84
1490139000000,1.081,1.08123,1.08088,1.08089,1323.26
1490139900000,1.08089,1.08127,1.08083,1.08125,654.82
1490140800000,1.08124,1.08126,1.0807,1.08084,1914.89
1490141700000,1.08084,1.08085,1.08031,1.08038,1802.04
1490142600000,1.08037,1.0805,1.08023,1.08032,1725.74
1490143500000,1.08031,1.08038,1.07992,1.07993,1925.82
1490144400000,1.07996,1.08011,1.07994,1.08008,1447.35
1490145300000,1.08009,1.08019,1.07989,1.07992,1750.68
1490146200000,1.07993,1.08,1.07931,1.07948,2224.42
1490147100000,1.07951,1.07973,1.07946,1.07972,1860.6
1490148000000,1.07972,1.0799,1.07905,1.07905,2251.67
1490148900000,1.07906,1.07943,1.07886,1.07938,1799.41
1490149800000,1.07938,1.07946,1.07913,1.07926,1570.15
1490150700000,1.07927,1.07942,1.07925,1.07939,1319.05
1490151600000,1.07939,1.07945,1.07922,1.07924,1266.4
1490152500000,1.07924,1.07943,1.07915,1.07926,1268.26
1490153400000,1.07926,1.07936,1.07917,1.07931,1579.38
1490154300000,1.07931,1.07943,1.07926,1.07937,867.28
1490155200000,1.07937,1.07947,1.07932,1.07943,887.98
1490156100000,1.07943,1.07947,1.07921,1.07933,1059.77
1490157000000,1.07932,1.08011,1.07932,1.08002,1913.72
1490157900000,1.08001,1.08023,1.07981,1.08012,1295.37
1490158800000,1.0801,1.08051,1.08003,1.0804,1264.35
1490159700000,1.0804,1.08051,1.08008,1.08023,1085.09
1490160600000,1.08023,1.08038,1.08001,1.08023,1650.68
1490161500000,1.08023,1.08035,1.07987,1.08,1731.86
1490162400000,1.08001,1.08033,1.07983,1.08014,1590.41
1490163300000,1.08012,1.08022,1.07955,1.07966,1647.87
1490164200000,1.07965,1.08113,1.07961,1.08102,2758.79
1490165100000,1.08103,1.08184,1.08101,1.08138,3109.18
1490166000000,1.08137,1.08142,1.08042,1.08053,2692.75
1490166900000,1.08054,1.08066,1.07963,1.07996,3109.61
1490167800000,1.07996,1.08026,1.07918,1.08005,2653.48
1490168700000,1.08004,1.0805,1.07975,1.0802,2916.87
1490169600000,1.08019,1.08094,1.08009,1.08045,3500.07
1490170500000,1.08046,1.08055,1.07965,1.07968,3092.05
1490171400000,1.0797,1.07978,1.079,1.0794,3660.67
1490172300000,1.07941,1.07966,1.07841,1.07868,4266.47
1490173200000,1.0787,1.07877,1.0782,1.07835,3488.71
1490174100000,1.07835,1.07847,1.07758,1.0776,3691.22
1490175000000,1.07759,1.07826,1.07759,1.07813,3097.25
1490175900000,1.07812,1.07873,1.07799,1.07853,2939.39
1490176800000,1.07853,1.07903,1.07829,1.07858,2311.99
1490177700000,1.07858,1.07955,1.07849,1.079,2566.88
1490178600000,1.07899,1.0792,1.07845,1.07879,2391.05
1490179500000,1.07882,1.08004,1.07877,1.07955,2555.9
1490180400000,1.07953,1.07959,1.07898,1.07929,2331.51
1490181300000,1.07928,1.07929,1.07881,1.07895,2380.44
1490182200000,1.07895,1.07908,1.07865,1.07886,2509.65
1490183100000,1.07889,1.07899,1.0785,1.07865,2068.52
1490184000000,1.07866,1.07904,1.07849,1.07857,3291.25
1490184900000,1.07858,1.07908,1.07853,1.07906,2556.62
1490185800000,1.07907,1.07927,1.07879,1.07923,2372.05
1490186700000,1.0792,1.0803,1.07914,1.0803,3577.02
1490187600000,1.08027,1.08078,1.07983,1.08071,3121.59
1490188500000,1.08068,1.08068,1.07994,1.08033,3499.39
1490189400000,1.08036,1.08085,1.07939,1.0796,4358.29
1490190300000,1.0796,1.08024,1.07932,1.07998,3654.08
1490191200000,1.08,1.08121,1.08,1.08118,4908.62
1490192100000,1.08118,1.08163,1.08079,1.08137,3821.92
1490193000000,1.08136,1.08154,1.08049,1.08125,4961.47
1490193900000,1.08126,1.08245,1.08124,1.08167,4658.34
1490194800000,1.0817,1.08208,1.08098,1.08182,4411.78
1490195700000,1.08182,1.08212,1.08149,1.08149,4387.59
1490196600000,1.08148,1.08189,1.08091,1.08112,3550.61
1490197500000,1.08113,1.08119,1.07994,1.08005,4144.95
1490198400000,1.08002,1.08073,1.07981,1.08055,3411.84
1490199300000,1.08054,1.08074,1.08031,1.08039,2965.87
1490200200000,1.08039,1.08067,1.08008,1.08067,2335.88
1490201100000,1.08067,1.08074,1.08031,1.08057,2554.85
1490202000000,1.08058,1.08143,1.08056,1.08113,4125.34
1490202900000,1.08112,1.08126,1.08072,1.08114,3075.7
1490203800000,1.08116,1.08119,1.08075,1.0811,2453.47
1490204700000,1.0811,1.08164,1.08074,1.08105,3244.98
1490205600000,1.08106,1.08116,1.08022,1.08038,2647.13
1490206500000,1.08039,1.08049,1.07979,1.08044,2087.04
1490207400000,1.08044,1.08045,1.07988,1.08,1757.8
1490208300000,1.07999,1.0801,1.07944,1.07965,2306.62
1490209200000,1.07964,1.07971,1.07937,1.07941,2199.69
1490210100000,1.07941,1.07977,1.079,1.07938,2626.19
1490211000000,1.07936,1.07954,1.07915,1.07945,2542.57
1490211900000,1.07947,1.07975,1.07942,1.07949,2121.4
1490212800000,1.0795,1.08025,1.07944,1.08023,1846.09
1490213700000,1.08023,1.08027,1.07998,1.07999,794.19
1490214600000,1.07999,1.0801,1.07976,1.07978,906.38
1490215500000,1.07978,1.07983,1.07963,1.07963,841.78
1490216400000,1.07962,1.07976,1.0791,1.0797,547.32
1490217300000,1.07969,1.07972,1.07962,1.07962,354.35
1490218200000,1.07961,1.07971,1.07934,1.07942,409.2
1490219100000,1.07942,1.07942,1.07911,1.07923,279.9
1490220000000,1.07924,1.07955,1.0791,1.07919,788.21
1490220900000,1.07919,1.07947,1.079,1.0794,610.07
1490221800000,1.0794,1.0794,1.07923,1.07928,800.47
1490222700000,1.07927,1.0796,1.07927,1.07935,354.42
1490223600000,1.07939,1.07942,1.07925,1.07927,725.38
1490224500000,1.07927,1.07941,1.07915,1.0793,662.03
1490225400000,1.0793,1.07938,1.07906,1.07915,865.47
1490226300000,1.07917,1.0792,1.07891,1.07891,990.23
1490227200000,1.07891,1.07902,1.07871,1.07871,1276.66
1490228100000,1.07872,1.07949,1.07872,1.07936,1701.84
1490229000000,1.07935,1.07948,1.07908,1.07917,1474.68
1490229900000,1.07917,1.07948,1.07851,1.07858,2081.99
1490230800000,1.07858,1.07864,1.07825,1.07859,1456.67
1490231700000,1.07859,1.07879,1.07853,1.07869,1836.49
1490232600000,1.07869,1.07879,1.07815,1.07817,1997.08
1490233500000,1.07817,1.07856,1.07815,1.07852,1900.04
1490234400000,1.07851,1.0786,1.07832,1.07838,1290.44
1490235300000,1.07839,1.07853,1.07829,1.07852,1038.99
1490236200000,1.07852,1.07854,1.07826,1.07828,1184.31
1490237100000,1.07828,1.07855,1.0782,1.07848,1204.04
1490238000000,1.07847,1.07852,1.07831,1.07836,899.21
1490238900000,1.07835,1.07851,1.07832,1.07845,471.29
1490239800000,1.07843,1.07882,1.07843,1.0788,825.9
1490240700000,1.07882,1.07919,1.07882,1.07892,1500.43
1490241600000,1.07892,1.0791,1.0788,1.07892,1203.62
1490242500000,1.07892,1.07912,1.07892,1.07908,994.83
1490243400000,1.07909,1.07939,1.07899,1.07935,1257.89
1490244300000,1.07935,1.07941,1.0792,1.07923,856.33
1490245200000,1.07923,1.07949,1.07896,1.07896,1261.7
1490246100000,1.07896,1.07913,1.07887,1.07908,919.69
1490247000000,1.07908,1.07936,1.079,1.07929,1094.57
1490247900000,1.07929,1.07932,1.079,1.07901,740.17
1490248800000,1.079,1.07932,1.07898,1.07901,1288.31
1490249700000,1.07903,1.07969,1.07894,1.07954,1326.36
1490250600000,1.07953,1.08048,1.07953,1.08002,2057.53
1490251500000,1.08001,1.08026,1.07987,1.07996,1417.52
1490252400000,1.07996,1.08034,1.07967,1.07983,2276.28
1490253300000,1.07982,1.07999,1.07964,1.07985,2060.7
1490254200000,1.07983,1.07994,1.07945,1.07948,1878.37
1490255100000,1.07947,1.07951,1.07914,1.07941,2256.36
1490256000000,1.0794,1.07941,1.07844,1.07863,3317
1490256900000,1.07863,1.0792,1.07841,1.07856,3176.29
1490257800000,1.07857,1.07869,1.07809,1.0783,2912.82
1490258700000,1.07831,1.07855,1.07701,1.07743,2928.97
1490259600000,1.07743,1.07791,1.0772,1.07757,2504.15
1490260500000,1.07757,1.07831,1.07742,1.07816,2534.27
1490261400000,1.07819,1.07852,1.07737,1.07737,3695.23
1490262300000,1.07738,1.07766,1.07695,1.07712,3113.96
1490263200000,1.07712,1.0777,1.0771,1.07767,2827.68
1490264100000,1.07767,1.07786,1.07716,1.07748,2528.67
1490265000000,1.07747,1.07904,1.0768,1.07894,3736.14
1490265900000,1.07894,1.07927,1.0787,1.07887,2551.74
1490266800000,1.07883,1.07947,1.0788,1.07884,2803.87
1490267700000,1.07884,1.07893,1.07854,1.07866,2098.76
1490268600000,1.07867,1.07912,1.07851,1.07909,1673.2
1490269500000,1.07907,1.07913,1.07827,1.07843,2466.49
1490270400000,1.07845,1.07865,1.07751,1.07755,2740.55
1490271300000,1.07755,1.07799,1.07746,1.07772,2169.41
1490272200000,1.0777,1.07833,1.07748,1.07782,2850.22
1490273100000,1.07781,1.07874,1.07775,1.07863,3891.53
1490274000000,1.07867,1.07908,1.07835,1.07852,3506.52
1490274900000,1.07853,1.07867,1.07811,1.07822,3230.84
1490275800000,1.07821,1.07893,1.07755,1.0786,4944.67
1490276700000,1.0786,1.07864,1.07793,1.0785,4402
1490277600000,1.07848,1.07857,1.07769,1.07815,4267.26
1490278500000,1.07815,1.07869,1.07765,1.07865,3595.91
1490279400000,1.07864,1.07907,1.07831,1.07869,3483.99
1490280300000,1.07869,1.07921,1.07853,1.07886,3597.96
1490281200000,1.07888,1.07936,1.07829,1.07836,3720.13
1490282100000,1.07834,1.07874,1.07794,1.07798,4205.94
1490283000000,1.07798,1.07806,1.07748,1.07767,3691.15
1490283900000,1.07767,1.07876,1.07738,1.07872,3949.79
1490284800000,1.07869,1.07887,1.07819,1.07833,4219.25
1490285700000,1.07833,1.07849,1.07804,1.07835,3867.6
1490286600000,1.07835,1.07849,1.078,1.07834,3041.83
1490287500000,1.07833,1.07882,1.07829,1.07877,2978.71
1490288400000,1.07876,1.07906,1.07834,1.07839,4883.03
1490289300000,1.07838,1.07878,1.07809,1.07841,4003.39
1490290200000,1.07842,1.07856,1.07762,1.07804,3331.78
1490291100000,1.07804,1.07836,1.07779,1.07811,2867.26
1490292000000,1.0781,1.07827,1.07793,1.07825,2338.69
1490292900000,1.07825,1.07825,1.07785,1.078,2203.05
1490293800000,1.07799,1.07838,1.07784,1.07829,1716.87
1490294700000,1.07828,1.07856,1.0782,1.0784,1468.9
1490295600000,1.07838,1.07855,1.07805,1.07841,1483.66
1490296500000,1.07841,1.07895,1.07821,1.07855,2894.7
1490297400000,1.07855,1.0789,1.0782,1.07866,2919.18
1490298300000,1.07867,1.07878,1.07813,1.0784,2904.84
1490299200000,1.07841,1.07888,1.07832,1.07881,946.3
1490300100000,1.07881,1.07889,1.07866,1.07882,643.65
1490301000000,1.07882,1.0789,1.07859,1.07859,992.23
1490301900000,1.0786,1.07868,1.07829,1.0783,1216.68
1490302800000,1.0783,1.07857,1.07813,1.07843,277.76
1490303700000,1.07843,1.07843,1.07805,1.0781,478.28
1490304600000,1.07812,1.07837,1.07787,1.0783,482.11
1490305500000,1.0783,1.07837,1.07788,1.07826,883.49
1490306400000,1.07825,1.07825,1.07792,1.07808,664.32
1490307300000,1.07811,1.07829,1.07807,1.07827,688.24
1490308200000,1.07827,1.07828,1.07804,1.07824,831.27
1490309100000,1.07824,1.07832,1.07809,1.0782,628.03
1490310000000,1.0782,1.07846,1.07804,1.07832,677.82
1490310900000,1.07834,1.07856,1.07831,1.07836,786.59
1490311800000,1.07836,1.07846,1.0783,1.07837,546.5
1490312700000,1.07837,1.07846,1.07825,1.0783,652.33
1490313600000,1.07831,1.07857,1.07762,1.07767,2660.11
1490314500000,1.07767,1.07775,1.07715,1.07719,1981.27
1490315400000,1.07718,1.07736,1.07715,1.07721,1434.15
1490316300000,1.07721,1.07721,1.0763,1.07666,2457.93
1490317200000,1.07666,1.07682,1.07644,1.07662,2050.58
1490318100000,1.07662,1.07696,1.07652,1.07653,2410.06
1490319000000,1.07654,1.07717,1.07654,1.07708,1691.62
1490319900000,1.07707,1.07711,1.07674,1.07675,1199.75
1490320800000,1.07674,1.07685,1.07609,1.07658,1898.07
1490321700000,1.07658,1.0768,1.07607,1.0762,1759.6
1490322600000,1.0762,1.07636,1.07607,1.0763,1447.45
1490323500000,1.0763,1.07631,1.07602,1.07617,1523.92
1490324400000,1.07616,1.07679,1.07616,1.07679,1491.56
1490325300000,1.07679,1.07684,1.0766,1.07661,1741.08
1490326200000,1.0766,1.07671,1.07635,1.07666,1560.1
1490327100000,1.07665,1.07684,1.07659,1.07681,1201.61
1490328000000,1.07681,1.07696,1.07675,1.07687,950.56
1490328900000,1.07686,1.07692,1.07675,1.07685,997.09
1490329800000,1.07684,1.07685,1.07645,1.07653,1309.33
1490330700000,1.07653,1.07656,1.07624,1.0764,1707.64
1490331600000,1.0764,1.07648,1.07636,1.07645,1226.33
1490332500000,1.07644,1.07646,1.07611,1.07632,1098.27
1490333400000,1.07631,1.07656,1.07627,1.07647,1083.61
1490334300000,1.07647,1.07678,1.0764,1.07678,1185.73
1490335200000,1.07677,1.07688,1.0766,1.07677,1562.24
1490336100000,1.07677,1.07678,1.07653,1.0767,1120.56
1490337000000,1.0767,1.0767,1.07627,1.07645,1115.2
1490337900000,1.07645,1.07677,1.07608,1.07634,1606.08
1490338800000,1.07633,1.07675,1.0762,1.07654,2372.5
1490339700000,1.07653,1.07729,1.07638,1.07701,2744.98
1490340600000,1.07705,1.07736,1.07679,1.07724,2275.18
1490341500000,1.07724,1.07742,1.07689,1.07727,2002.87
1490342400000,1.07729,1.07847,1.07725,1.07839,3116.81
1490343300000,1.07842,1.07863,1.07822,1.07837,2343.36
1490344200000,1.07841,1.0807,1.07841,1.08045,4966.11
1490345100000,1.08044,1.08064,1.07961,1.07988,3434.36
1490346000000,1.07988,1.07994,1.07939,1.07988,3021.39
1490346900000,1.07989,1.07997,1.07929,1.07973,2117.95
1490347800000,1.07972,1.08039,1.07961,1.08023,1726.64
1490348700000,1.08024,1.08052,1.07982,1.0804,2406.27
1490349600000,1.08042,1.08109,1.08041,1.0806,2810.39
1490350500000,1.08061,1.08125,1.08032,1.08107,2080.27
1490351400000,1.08108,1.08108,1.08055,1.08063,2397.97
1490352300000,1.08063,1.08102,1.08025,1.08039,2902.44
1490353200000,1.0804,1.08048,1.08,1.08008,2564.08
1490354100000,1.08009,1.08022,1.07978,1.07996,2088.94
1490355000000,1.07997,1.08028,1.07982,1.08025,1698.75
1490355900000,1.08027,1.0809,1.08027,1.08063,2181.82
1490356800000,1.08061,1.0808,1.07985,1.0803,2381.14
1490357700000,1.0803,1.08044,1.07998,1.08021,2266.43
1490358600000,1.0802,1.0804,1.07971,1.08018,3240.58
1490359500000,1.08021,1.08066,1.07989,1.08059,2730.23
1490360400000,1.08061,1.08081,1.08028,1.08047,2490.02
1490361300000,1.0805,1.08064,1.07997,1.08004,2238.55
1490362200000,1.08003,1.08018,1.0795,1.07965,3428.75
1490363100000,1.07965,1.08021,1.07956,1.07979,3542.17
1490364000000,1.07979,1.07986,1.07905,1.0795,3160.79
1490364900000,1.0795,1.08036,1.07947,1.07976,2250
1490365800000,1.07975,1.08004,1.07968,1.07982,2345.32
1490366700000,1.07984,1.08027,1.07973,1.07983,2565.27
1490367600000,1.07984,1.08005,1.07957,1.07974,2549.29
1490368500000,1.07973,1.08052,1.07966,1.08052,2412.73
1490369400000,1.08053,1.08123,1.08045,1.08092,2766.21
1490370300000,1.08092,1.08098,1.08018,1.08047,3206.13
1490371200000,1.08043,1.08141,1.08042,1.08093,3820.59
1490372100000,1.08095,1.08152,1.08073,1.08087,4220.6
1490373000000,1.08088,1.08092,1.08005,1.08006,3579.88
1490373900000,1.08006,1.08092,1.07998,1.08073,2889.59
1490374800000,1.08072,1.08119,1.08065,1.08101,2229.7
1490375700000,1.08102,1.08105,1.08066,1.08082,1827.63
1490376600000,1.08082,1.08088,1.08046,1.0805,2082.64
1490377500000,1.08049,1.08064,1.07997,1.08037,2529.07
1490378400000,1.08037,1.08064,1.08017,1.08063,1833.21
1490379300000,1.08063,1.08071,1.08034,1.08036,1565.99
1490380200000,1.08036,1.08048,1.08016,1.08034,1389.43
1490381100000,1.08034,1.0807,1.08001,1.08056,1546.08
1490382000000,1.08059,1.0812,1.08046,1.08113,2644.63
1490382900000,1.08112,1.08179,1.08088,1.08162,3270.3
1490383800000,1.08162,1.08167,1.07981,1.07986,5252.8
1490384700000,1.07987,1.08009,1.07906,1.0793,4803.42
1490385600000,1.0793,1.07989,1.07925,1.07988,1565.86
1490386500000,1.07988,1.08048,1.07984,1.08042,1000.28
1490387400000,1.08043,1.08049,1.07979,1.0798,1817.01
1490388300000,1.07979,1.08047,1.07957,1.07969,1458.31
1490562000000,1.0835,1.08382,1.08264,1.08327,659
1490562900000,1.08327,1.08334,1.08278,1.08281,1034.53
1490563800000,1.08284,1.08314,1.08271,1.08286,377.13
1490564700000,1.08286,1.08351,1.0828,1.08328,397.86
1490565600000,1.08328,1.08382,1.08298,1.08355,1593.94
1490566500000,1.08355,1.08359,1.08321,1.08353,1194.23
1490567400000,1.08356,1.08437,1.08355,1.08428,1672.97
1490568300000,1.08427,1.08492,1.0842,1.08478,1869.27
1490569200000,1.08479,1.08482,1.08444,1.08471,1467.9
1490570100000,1.08469,1.08492,1.08441,1.0845,1411.93
1490571000000,1.08451,1.08492,1.08446,1.08465,1390.79
1490571900000,1.08465,1.08476,1.08438,1.08451,1577.93
1490572800000,1.08453,1.08459,1.08377,1.08379,2569.74
1490573700000,1.08381,1.08409,1.08381,1.08398,1341.08
1490574600000,1.08398,1.08424,1.08388,1.08406,1856.07
1490575500000,1.08407,1.0848,1.08388,1.08457,2504.06
1490576400000,1.08456,1.08491,1.08447,1.08454,2316.87
1490577300000,1.08454,1.08465,1.08414,1.08415,1806.83
1490578200000,1.08415,1.08432,1.08411,1.08427,1340.06
1490579100000,1.08428,1.08431,1.08396,1.08396,1599.29
1490580000000,1.08394,1.08475,1.08394,1.08469,1738.77
1490580900000,1.08469,1.08478,1.0845,1.08456,1318.05
1490581800000,1.08457,1.08468,1.08449,1.08453,924.58
1490582700000,1.08452,1.08458,1.08437,1.08447,1377.47
1490583600000,1.08446,1.08464,1.08445,1.08459,1124.58
1490584500000,1.08459,1.08483,1.08448,1.08476,1342.57
1490585400000,1.08476,1.08496,1.08474,1.08482,1120.74
1490586300000,1.08482,1.08483,1.08456,1.0846,1188.17
1490587200000,1.0846,1.08466,1.08453,1.08464,648.89
1490588100000,1.08464,1.08476,1.08462,1.08466,868.34
1490589000000,1.08465,1.08465,1.08423,1.08437,1460.23
1490589900000,1.08437,1.0845,1.08435,1.08437,670.66
1490590800000,1.08438,1.08459,1.08433,1.08458,1226.53
1490591700000,1.08458,1.08459,1.08436,1.08458,856.58
1490592600000,1.08458,1.08474,1.08439,1.08465,1214.51
1490593500000,1.08466,1.08498,1.08449,1.08494,1419.11
1490594400000,1.08494,1.08524,1.08452,1.08514,2817.25
1490595300000,1.08514,1.08578,1.08477,1.08564,3323.96
1490596200000,1.08564,1.08646,1.08558,1.08588,3023.63
1490597100000,1.08588,1.08693,1.08587,1.08631,3151.8
1490598000000,1.0863,1.0868,1.08579,1.0868,3429.31
1490598900000,1.0868,1.08733,1.08645,1.08724,3699.77
1490599800000,1.08723,1.08725,1.0865,1.08666,2658.52
1490600700000,1.08665,1.08699,1.0864,1.08652,2334.47
1490601600000,1.08652,1.08721,1.08628,1.08715,2959.07
1490602500000,1.08715,1.08715,1.08659,1.08671,2186.6
1490603400000,1.08672,1.08679,1.08629,1.08649,2265.56
1490604300000,1.08648,1.08665,1.08574,1.08593,2688.4
1490605200000,1.08595,1.08608,1.08535,1.08567,2460.25
1490606100000,1.08566,1.08586,1.08551,1.08553,2092.48
1490607000000,1.08553,1.08653,1.08534,1.08652,2827.29
1490607900000,1.08652,1.08694,1.08641,1.08674,2447.22
1490608800000,1.08674,1.08711,1.08667,1.08683,2258.37
1490609700000,1.08684,1.08692,1.0865,1.08659,1845.21
1490610600000,1.08658,1.0867,1.0861,1.0867,1860.39
1490611500000,1.08671,1.08677,1.08648,1.08652,1302.9
1490612400000,1.08653,1.08662,1.08636,1.08643,1718.77
1490613300000,1.08644,1.08683,1.08643,1.08675,1947
1490614200000,1.08675,1.08783,1.0867,1.08783,2541.07
1490615100000,1.08783,1.08818,1.08762,1.08766,3218.4
1490616000000,1.08768,1.08895,1.08754,1.08886,3320.99
1490616900000,1.08888,1.08948,1.08853,1.08941,3608.64
1490617800000,1.0894,1.08962,1.08911,1.08935,2959.66
1490618700000,1.08935,1.08956,1.08895,1.08941,2782.07
1490619600000,1.0894,1.09058,1.08929,1.08994,4202.1
1490620500000,1.08994,1.09023,1.08946,1.0896,3535.12
1490621400000,1.0896,1.08967,1.08906,1.08921,4212.29
1490622300000,1.08921,1.08924,1.08782,1.08793,4035.37
1490623200000,1.08792,1.08873,1.08787,1.08829,3375.04
1490624100000,1.0883,1.08886,1.08822,1.08822,2712.84
1490625000000,1.08823,1.08844,1.08776,1.08796,2865.96
1490625900000,1.08795,1.08852,1.08763,1.08848,3176.23
1490626800000,1.08851,1.08911,1.08831,1.08872,3115.36
1490627700000,1.08871,1.0889,1.08807,1.08826,2719.56
1490628600000,1.08828,1.08843,1.0879,1.08836,2719.98
1490629500000,1.08836,1.08872,1.08812,1.08815,2312.46
1490630400000,1.08815,1.0883,1.08708,1.08733,2178.88
1490631300000,1.08733,1.08759,1.08723,1.08744,1487.12
1490632200000,1.08743,1.08768,1.08715,1.08726,1644.58
1490633100000,1.08726,1.08726,1.0862,1.08637,2998.54
1490634000000,1.08638,1.08679,1.08633,1.08669,2097.72
1490634900000,1.08668,1.08722,1.08656,1.08711,1662.79
1490635800000,1.08712,1.08712,1.08666,1.08692,1469.68
1490636700000,1.0869,1.08718,1.08677,1.08693,1346.18
1490637600000,1.08692,1.08704,1.0866,1.08683,1585.71
1490638500000,1.08684,1.08728,1.08675,1.08717,1835.72
1490639400000,1.08716,1.08721,1.08681,1.08697,1567.22
1490640300000,1.08696,1.08701,1.0866,1.08672,1593.81
1490641200000,1.08674,1.08679,1.08626,1.08632,1587.53
1490642100000,1.08632,1.08662,1.08627,1.08635,1261.43
1490643000000,1.08635,1.08651,1.08621,1.08625,1260.18
1490643900000,1.08626,1.08664,1.08622,1.08648,1681.71
1490644800000,1.08648,1.08652,1.08617,1.08617,952.41
1490645700000,1.08617,1.08654,1.0861,1.0865,969.08
1490646600000,1.08649,1.0866,1.08636,1.08645,667.53
1490647500000,1.08644,1.08664,1.08625,1.08638,1188.15
1490648400000,1.0864,1.08649,1.08632,1.08644,219.84
1490649300000,1.08643,1.0865,1.08633,1.08642,268.44
1490650200000,1.08642,1.08647,1.08628,1.08637,282.97
1490651100000,1.08637,1.08642,1.08628,1.08634,214.45
1490652000000,1.08633,1.08645,1.0861,1.0862,580.53
1490652900000,1.08619,1.08646,1.08611,1.08645,422.95
1490653800000,1.08644,1.08663,1.08643,1.08645,502.96
1490654700000,1.08646,1.08652,1.0863,1.08645,819.8
1490655600000,1.08645,1.08645,1.08601,1.0862,989.29
1490656500000,1.0862,1.08627,1.08605,1.08607,446.22
1490657400000,1.08607,1.08621,1.08584,1.08612,839.21
1490658300000,1.08612,1.08616,1.08594,1.08608,367.73
1490659200000,1.08609,1.08684,1.08607,1.08651,1765.3
1490660100000,1.08652,1.08671,1.08637,1.08644,1366.16
1490661000000,1.08644,1.08647,1.08601,1.08626,1332.7
1490661900000,1.08626,1.08663,1.08552,1.08562,2284.84
1490662800000,1.08565,1.08612,1.08555,1.0861,1450.28
1490663700000,1.0861,1.0865,1.08608,1.08642,1252.41
1490664600000,1.08642,1.08642,1.08606,1.08628,1213.53
1490665500000,1.0863,1.08663,1.08617,1.08642,1319.33
1490666400000,1.08642,1.08642,1.08589,1.08619,1042.71
1490667300000,1.08618,1.08641,1.08615,1.08625,1552.81
1490668200000,1.08625,1.08638,1.08617,1.08629,1238.94
1490669100000,1.08628,1.08632,1.08596,1.08596,1481.67
1490670000000,1.08597,1.08635,1.08588,1.08625,974.91
1490670900000,1.08625,1.0865,1.08622,1.08648,1004.37
1490671800000,1.08648,1.0865,1.08637,1.08648,433.05
1490672700000,1.08648,1.08649,1.0862,1.08623,820.16
1490673600000,1.08623,1.08669,1.08623,1.08654,1253.5
1490674500000,1.08654,1.0868,1.08651,1.08668,1081.93
1490675400000,1.08669,1.08675,1.08649,1.08652,906.37
1490676300000,1.08651,1.08661,1.0865,1.08657,786.05
1490677200000,1.08658,1.08662,1.08639,1.08649,977.03
1490678100000,1.08649,1.08715,1.08646,1.08698,1261.51
1490679000000,1.08699,1.08725,1.08645,1.08646,1538.87
1490679900000,1.08647,1.08655,1.08619,1.08634,1425.02
1490680800000,1.08637,1.0864,1.08511,1.08557,3556.07
1490681700000,1.08557,1.08586,1.08542,1.08561,2566.82
1490682600000,1.08563,1.08582,1.08532,1.08533,2073.14
1490683500000,1.08531,1.08552,1.08486,1.08534,2470.15
1490684400000,1.08535,1.08689,1.0851,1.08626,3731.67
1490685300000,1.08625,1.08642,1.08586,1.08591,2470.13
1490686200000,1.0859,1.08593,1.08543,1.08549,2369.63
1490687100000,1.08551,1.08587,1.0851,1.08587,2178.07
1490688000000,1.08586,1.08603,1.08484,1.08492,2491.72
1490688900000,1.08493,1.08517,1.08454,1.08489,2503.85
1490689800000,1.08489,1.08546,1.08473,1.08521,2154.34
1490690700000,1.08519,1.08593,1.08515,1.08588,2063
1490691600000,1.08587,1.08617,1.08574,1.08591,2222.53
1490692500000,1.08589,1.08618,1.08567,1.08591,1634.63
1490693400000,1.08591,1.08645,1.08572,1.08584,2037.41
1490694300000,1.08583,1.08616,1.0857,1.08577,1258.65
1490695200000,1.08579,1.08614,1.08573,1.08603,1244.56
1490696100000,1.08603,1.08609,1.0857,1.0858,1369.3
1490697000000,1.08581,1.08604,1.08572,1.08598,1013.96
1490697900000,1.08599,1.08606,1.08528,1.08538,1807.49
1490698800000,1.08538,1.08538,1.08489,1.08516,1680.76
1490699700000,1.08515,1.08543,1.08501,1.08517,1351.36
1490700600000,1.08519,1.08561,1.08502,1.08549,1789.65
1490701500000,1.08551,1.08594,1.08515,1.08521,2352.59
1490702400000,1.08522,1.08585,1.0849,1.08583,2837
1490703300000,1.0859,1.08672,1.08571,1.08649,3233.18
1490704200000,1.08649,1.08649,1.08575,1.08584,2588.38
1490705100000,1.08584,1.08602,1.0856,1.08591,1788.45
1490706000000,1.08589,1.08636,1.08563,1.08622,2579.77
1490706900000,1.08622,1.08675,1.08598,1.08655,2438.87
1490707800000,1.08654,1.08676,1.08592,1.08612,2409.45
1490708700000,1.08613,1.08705,1.08605,1.08681,3048.49
1490709600000,1.08681,1.08689,1.08575,1.08623,3306.09
1490710500000,1.08623,1.08695,1.08604,1.08654,2480.53
1490711400000,1.08654,1.08717,1.08627,1.08679,2924.37
1490712300000,1.0868,1.0872,1.08652,1.08681,2426.2
1490713200000,1.08681,1.08691,1.08513,1.08567,3657.31
1490714100000,1.08566,1.0862,1.08553,1.08599,2617.23
1490715000000,1.08599,1.08607,1.08533,1.08536,1585
1490715900000,1.08536,1.08543,1.08499,1.08509,2263.99
1490716800000,1.0851,1.08527,1.08439,1.08491,2075.5
1490717700000,1.08491,1.08499,1.08423,1.08437,1779.1
1490718600000,1.08437,1.08451,1.08402,1.08407,1876.17
1490719500000,1.08406,1.08411,1.08296,1.08332,2440.06
1490720400000,1.08333,1.08383,1.08305,1.08383,2482.45
1490721300000,1.08384,1.0839,1.08291,1.08308,1687.99
1490722200000,1.08308,1.08322,1.08218,1.08265,2693.94
1490723100000,1.08265,1.08277,1.08205,1.08235,2722.32
1490724000000,1.08236,1.08236,1.07988,1.08021,3922.55
1490724900000,1.08022,1.0807,1.07991,1.07995,2719.17
1490725800000,1.07995,1.08078,1.07995,1.08044,2239.25
1490726700000,1.08045,1.08087,1.08007,1.0808,1956.03
1490727600000,1.08083,1.08113,1.08052,1.0811,1735.96
1490728500000,1.0811,1.08111,1.08034,1.08092,1503.03
1490729400000,1.08091,1.08113,1.08083,1.081,1641.81
1490730300000,1.081,1.0813,1.08097,1.0813,1314.01
1490731200000,1.08131,1.08145,1.0809,1.08114,891.68
1490732100000,1.08114,1.08161,1.08114,1.08145,703.23
1490733000000,1.08145,1.0815,1.0811,1.08121,689.81
1490733900000,1.08122,1.08151,1.08087,1.08125,1118.2
1490734800000,1.08114,1.08129,1.08075,1.08125,314.51
1490735700000,1.08125,1.0813,1.08107,1.08124,284.64
1490736600000,1.08123,1.08142,1.08103,1.08125,668.36
1490737500000,1.08125,1.08131,1.08119,1.08126,202.72
1490738400000,1.08128,1.08145,1.08128,1.08145,256.57
1490739300000,1.08146,1.08165,1.08143,1.08164,617.6
1490740200000,1.08163,1.08163,1.0815,1.08156,373.14
1490741100000,1.08155,1.08155,1.08133,1.08143,786.5
1490742000000,1.08143,1.08144,1.08095,1.08113,1240.99
1490742900000,1.08114,1.08116,1.08092,1.08112,1293.82
1490743800000,1.08112,1.08145,1.08081,1.08142,1836.24
1490744700000,1.08142,1.08238,1.08138,1.08162,2107.2
1490745600000,1.08162,1.08176,1.08088,1.08154,2429.03
1490746500000,1.08154,1.0819,1.08139,1.08171,1206.52
1490747400000,1.08168,1.08199,1.08159,1.08187,1780.73
1490748300000,1.08186,1.08209,1.0817,1.08172,1965
1490749200000,1.08172,1.0818,1.08127,1.0818,1574.76
1490750100000,1.08181,1.08198,1.08166,1.08184,1384.59
1490751000000,1.08184,1.08197,1.08173,1.0819,997.72
1490751900000,1.08189,1.08194,1.08117,1.08158,1604.42
1490752800000,1.08158,1.08193,1.08144,1.08189,1862.57
1490753700000,1.08189,1.08264,1.08177,1.08255,1721.14
1490754600000,1.08254,1.08256,1.08193,1.08203,1261.21
1490755500000,1.08203,1.08204,1.0818,1.08199,1249.57
1490756400000,1.08197,1.08197,1.08159,1.08161,934.39
1490757300000,1.0816,1.08166,1.08137,1.08158,1319.19
1490758200000,1.08158,1.08186,1.08158,1.08175,1126.89
1490759100000,1.08172,1.08173,1.0815,1.08159,789.81
1490760000000,1.0816,1.0816,1.08132,1.08136,892.44
1490760900000,1.08137,1.08154,1.08124,1.08151,871.35
1490761800000,1.0815,1.08163,1.08138,1.0814,853.96
1490762700000,1.0814,1.08152,1.08134,1.08147,662.91
1490763600000,1.08147,1.08147,1.08102,1.08103,897.27
1490764500000,1.08103,1.08107,1.08045,1.0806,1636.64
1490765400000,1.0806,1.08096,1.08059,1.08091,1311.01
1490766300000,1.08092,1.08129,1.08085,1.08126,1290.96
1490767200000,1.08127,1.08129,1.0797,1.08024,2931.33
1490768100000,1.08024,1.08063,1.07982,1.08032,2050.57
1490769000000,1.08031,1.08033,1.07864,1.07881,3030.85
1490769900000,1.07884,1.07984,1.07884,1.0794,2299.91
1490770800000,1.07942,1.08004,1.07921,1.07944,3129.77
1490771700000,1.07944,1.07946,1.07772,1.07828,2749.02
1490772600000,1.07828,1.07869,1.07812,1.07838,2834.78
1490773500000,1.07839,1.07886,1.07838,1.07851,1987.51
1490774400000,1.07851,1.07883,1.07824,1.07847,2650.78
1490775300000,1.07847,1.07923,1.07846,1.07894,2652.14
1490776200000,1.07895,1.07932,1.07869,1.07932,1942.08
1490777100000,1.07931,1.07943,1.07855,1.0788,3211.17
1490778000000,1.0788,1.07885,1.07842,1.07877,2039.13
1490778900000,1.07878,1.07915,1.07843,1.07899,2098.08
1490779800000,1.07898,1.07908,1.07869,1.0789,1522.2
1490780700000,1.07893,1.07927,1.07891,1.07907,1143.64
1490781600000,1.07906,1.07921,1.07889,1.07915,1547.55
1490782500000,1.07915,1.07943,1.07898,1.07921,1420.68
1490783400000,1.0792,1.07921,1.07871,1.07891,1545.14
1490784300000,1.07891,1.07898,1.07866,1.07869,992.29
1490785200000,1.07869,1.0793,1.07848,1.07913,2373.98
1490786100000,1.07912,1.07925,1.07872,1.07878,1942.93
1490787000000,1.07879,1.07906,1.07791,1.07806,3301.19
1490787900000,1.07807,1.07843,1.07473,1.07522,6044.28
1490788800000,1.07522,1.07573,1.07398,1.07485,4589.81
1490789700000,1.07484,1.07568,1.07463,1.07555,3129.97
1490790600000,1.07554,1.07646,1.07525,1.07646,3653.69
1490791500000,1.07645,1.07657,1.07595,1.07636,2523.81
1490792400000,1.07635,1.07636,1.07522,1.0753,3266.42
1490793300000,1.07529,1.07548,1.0744,1.07516,3156.66
1490794200000,1.07515,1.07597,1.07503,1.07579,3287.6
1490795100000,1.07578,1.07611,1.07539,1.07546,2758.72
1490796000000,1.07548,1.07566,1.07482,1.07487,2886.59
1490796900000,1.07487,1.0755,1.07457,1.07542,2443.79
1490797800000,1.07542,1.07624,1.0753,1.07596,3069.55
1490798700000,1.07596,1.07603,1.0749,1.07493,3415.3
1490799600000,1.07492,1.07572,1.07484,1.07566,3106.03
1490800500000,1.07567,1.07597,1.07543,1.07592,2246.24
1490801400000,1.07591,1.07607,1.07485,1.07494,2842.97
1490802300000,1.07493,1.07563,1.07465,1.07555,2048.89
1490803200000,1.07556,1.07582,1.0753,1.07551,1775.38
1490804100000,1.07553,1.07566,1.07513,1.0753,1516.74
1490805000000,1.0753,1.07562,1.07513,1.07527,1498.19
1490805900000,1.07527,1.07565,1.0751,1.07512,2369.58
1490806800000,1.07514,1.07575,1.07508,1.0757,1744.25
1490807700000,1.0757,1.07642,1.07552,1.07632,2315.76
1490808600000,1.07631,1.07631,1.07594,1.07604,1632.06
1490809500000,1.07603,1.07656,1.0754,1.07551,2165.25
1490810400000,1.07551,1.0758,1.07541,1.0755,1086.93
1490811300000,1.07551,1.07554,1.07491,1.07502,1477.65
1490812200000,1.07502,1.07575,1.07499,1.07575,1340.08
1490813100000,1.07572,1.07583,1.07532,1.07578,1021.77
1490814000000,1.07578,1.07648,1.07569,1.07637,1277.54
1490814900000,1.07636,1.07729,1.0761,1.07652,2139.52
1490815800000,1.07652,1.07683,1.07644,1.07672,1475.11
1490816700000,1.07673,1.07733,1.0766,1.07715,1684.19
1490817600000,1.07715,1.07719,1.07631,1.07636,1652.43
1490818500000,1.07637,1.07692,1.07608,1.07675,1143.56
1490819400000,1.07676,1.07676,1.07656,1.07665,414.88
1490820300000,1.07665,1.07687,1.07639,1.07655,922.45
1490821200000,1.07654,1.07675,1.07634,1.07644,503.58
1490822100000,1.07644,1.07696,1.07634,1.07649,1076.31
1490823000000,1.07654,1.07678,1.07647,1.07661,358.83
1490823900000,1.07661,1.07682,1.07651,1.0767,889.99
1490824800000,1.07672,1.07684,1.07666,1.07675,741.08
1490825700000,1.07675,1.07679,1.07658,1.07671,437.83
1490826600000,1.07669,1.07671,1.07659,1.07659,404.31
1490827500000,1.0766,1.07665,1.07634,1.0765,488.78
1490828400000,1.07648,1.07648,1.07605,1.07621,395.53
1490829300000,1.07622,1.0764,1.0761,1.07624,699.45
1490830200000,1.07624,1.07624,1.07594,1.07601,431.41
1490831100000,1.07601,1.07603,1.07574,1.07583,635.97
1490832000000,1.07582,1.07596,1.07542,1.07547,1544.05
1490832900000,1.07549,1.0756,1.07522,1.07545,1735.96
1490833800000,1.07545,1.07553,1.0753,1.07548,1168.42
1490834700000,1.07547,1.07549,1.075,1.07513,1621.05
1490835600000,1.07514,1.07547,1.075,1.07521,1550.9
1490836500000,1.07524,1.07567,1.07523,1.07565,1131.09
1490837400000,1.07566,1.07573,1.07532,1.07538,1386.24
1490838300000,1.07538,1.07557,1.07515,1.07524,1203.23
1490839200000,1.07524,1.07539,1.07516,1.0752,944.05
1490840100000,1.0752,1.0752,1.07467,1.0747,1088.03
1490841000000,1.0747,1.07511,1.07447,1.0745,1347.29
1490841900000,1.0745,1.07462,1.07414,1.07456,956.6
1490842800000,1.07456,1.07485,1.07449,1.07485,1134.75
1490843700000,1.07485,1.07509,1.07483,1.07506,1050.07
1490844600000,1.07506,1.07513,1.07498,1.07512,955.97
1490845500000,1.07513,1.07519,1.07505,1.07514,525.24
1490846400000,1.07515,1.07529,1.07508,1.07508,688.67
1490847300000,1.0751,1.07536,1.0751,1.07533,1057.88
1490848200000,1.07536,1.07544,1.07507,1.07514,937.63
1490849100000,1.07513,1.0754,1.07512,1.07532,957.39
1490850000000,1.07531,1.07542,1.07503,1.07533,1044.67
1490850900000,1.07535,1.07535,1.07508,1.07526,1026.47
1490851800000,1.07526,1.07553,1.07526,1.07533,1177.47
1490852700000,1.07533,1.07563,1.07531,1.0755,1445.38
1490853600000,1.0755,1.07598,1.0753,1.07563,2368.76
1490854500000,1.07564,1.07597,1.07549,1.07574,1926.71
1490855400000,1.07573,1.07624,1.07564,1.07605,1726.53
1490856300000,1.07604,1.07679,1.07589,1.07616,1974.57
1490857200000,1.07616,1.0763,1.07515,1.07575,3144.77
1490858100000,1.07574,1.07586,1.0751,1.07558,1981.25
1490859000000,1.07558,1.07566,1.07421,1.07447,2710.58
1490859900000,1.07447,1.07447,1.0735,1.07368,3036.75
1490860800000,1.07368,1.0738,1.07308,1.07353,2559.14
1490861700000,1.07353,1.07391,1.07347,1.07385,1717.37
1490862600000,1.07385,1.07406,1.07355,1.07376,1871.53
1490863500000,1.07375,1.07397,1.07325,1.07329,1994.08
1490864400000,1.07329,1.07417,1.07322,1.07417,1971.37
1490865300000,1.0742,1.07423,1.07323,1.07342,2334.43
1490866200000,1.0734,1.07373,1.07305,1.07366,2123.14
1490867100000,1.07366,1.0739,1.07348,1.07375,1626.85
1490868000000,1.07376,1.07397,1.07333,1.07371,1935.67
1490868900000,1.07371,1.07416,1.07361,1.07395,1717.85
1490869800000,1.07396,1.07441,1.07357,1.07357,1346.98
1490870700000,1.07358,1.07401,1.07347,1.07395,1601.92
1490871600000,1.07395,1.07443,1.07391,1.07409,1757.68
1490872500000,1.07409,1.07469,1.07409,1.07452,1501.48
1490873400000,1.07452,1.07464,1.07404,1.07413,1698.82
1490874300000,1.07412,1.07424,1.07368,1.07369,2035.29
1490875200000,1.07369,1.07386,1.07334,1.07367,2329.2
1490876100000,1.07368,1.07443,1.07368,1.0739,2242.09
1490877000000,1.07389,1.07397,1.07257,1.0726,3826.63
1490877900000,1.07259,1.07298,1.07207,1.07215,2721.49
1490878800000,1.07218,1.07299,1.07218,1.07253,2424.66
1490879700000,1.07254,1.07438,1.07217,1.07438,3712.01
1490880600000,1.07441,1.07531,1.07404,1.07417,4990.02
1490881500000,1.07415,1.0744,1.07317,1.07339,3455.32
1490882400000,1.0734,1.07387,1.07328,1.0737,2273.13
1490883300000,1.07372,1.0738,1.07293,1.07303,2546.79
1490884200000,1.07302,1.07348,1.07265,1.07321,2427.39
1490885100000,1.07321,1.07388,1.07313,1.07339,2720.66
1490886000000,1.0734,1.07381,1.07297,1.07361,2457.38
1490886900000,1.07363,1.07369,1.07274,1.07277,2468.42
1490887800000,1.07277,1.07284,1.07241,1.07267,2004.17
1490888700000,1.07266,1.07292,1.07233,1.07257,1755.13
1490889600000,1.07258,1.07275,1.07221,1.07242,1792
1490890500000,1.07242,1.07265,1.0723,1.07238,1768.19
1490891400000,1.07237,1.07257,1.07227,1.0724,976.33
1490892300000,1.07239,1.07245,1.07022,1.07037,2283.86
1490893200000,1.07035,1.07037,1.06907,1.06927,3017.95
1490894100000,1.06927,1.06956,1.06911,1.06914,1949.84
1490895000000,1.06913,1.06948,1.06848,1.0689,2424.17
1490895900000,1.06888,1.06944,1.0687,1.0693,1731.39
1490896800000,1.06931,1.06937,1.06915,1.06917,1110.32
1490897700000,1.06917,1.06919,1.06842,1.06919,2228.95
1490898600000,1.06918,1.06923,1.069,1.06905,1209.15
1490899500000,1.06903,1.06915,1.06865,1.06901,1191.36
1490900400000,1.069,1.06911,1.06828,1.06833,2074.42
1490901300000,1.06834,1.06858,1.06814,1.06823,2228.22
1490902200000,1.06824,1.06837,1.06803,1.06812,1905.01
1490903100000,1.06813,1.06841,1.068,1.068,1579.28
1490904000000,1.068,1.06839,1.068,1.06835,907.61
1490904900000,1.06836,1.06841,1.06809,1.06824,1123.07
1490905800000,1.06824,1.06826,1.06749,1.06749,1516.79
1490906700000,1.06749,1.06762,1.06718,1.06744,1805.45
1490907600000,1.06743,1.06782,1.06729,1.06773,395.56
1490908500000,1.06772,1.06831,1.06766,1.06777,637.85
1490909400000,1.06777,1.06807,1.06761,1.06767,523.88
1490910300000,1.06768,1.0682,1.06768,1.06814,464.39
1490911200000,1.06814,1.06822,1.06796,1.06814,462.77
1490912100000,1.06814,1.06816,1.06793,1.06812,231.73
1490913000000,1.06811,1.06825,1.06802,1.0682,508.22
1490913900000,1.06819,1.06859,1.06819,1.06841,604.44
1490914800000,1.06841,1.06859,1.0684,1.06852,561.47
1490915700000,1.06852,1.06864,1.06843,1.06863,571.54
1490916600000,1.06865,1.06878,1.06836,1.06836,630.82
1490917500000,1.06836,1.06878,1.06836,1.06877,893
1490918400000,1.06875,1.06875,1.068,1.06843,2496.49
1490919300000,1.06844,1.06847,1.06819,1.0682,1668.51
1490920200000,1.0682,1.06885,1.0681,1.06864,1954.58
1490921100000,1.06862,1.06862,1.06774,1.06819,2755.35
1490922000000,1.0682,1.06847,1.0681,1.06821,1492.02
1490922900000,1.06821,1.06844,1.06814,1.0683,1421.37
1490923800000,1.0683,1.06842,1.06789,1.06789,1658.92
1490924700000,1.06789,1.06826,1.06789,1.06806,1559.93
1490925600000,1.06806,1.06818,1.06784,1.06788,1321.69
1490926500000,1.06787,1.06813,1.06774,1.06776,1237.57
1490927400000,1.06777,1.06829,1.06773,1.06822,1732.62
1490928300000,1.06822,1.06822,1.06793,1.06793,1201.83
1490929200000,1.06793,1.06816,1.06792,1.06801,1475.11
1490930100000,1.06802,1.06821,1.06792,1.06807,1368.61
1490931000000,1.06809,1.0681,1.06742,1.06759,1861.66
1490931900000,1.06759,1.06768,1.06746,1.06754,1156.61
1490932800000,1.06755,1.06771,1.06742,1.06744,1497.98
1490933700000,1.06744,1.06752,1.06729,1.06741,1374.67
1490934600000,1.06739,1.06754,1.06734,1.06748,1314.52
1490935500000,1.06748,1.06765,1.06729,1.0675,1664.17
1490936400000,1.0675,1.06759,1.06729,1.0674,1289.81
1490937300000,1.0674,1.06772,1.06734,1.06761,1177.4
1490938200000,1.06762,1.06786,1.06731,1.06772,1383.23
1490939100000,1.06773,1.06788,1.06745,1.06778,2019.48
1490940000000,1.06778,1.06827,1.06758,1.06811,2325.84
1490940900000,1.06811,1.0685,1.068,1.06849,2199.18
1490941800000,1.0685,1.06857,1.06799,1.06799,2801.34
1490942700000,1.06799,1.06856,1.06765,1.06831,2811.53
1490943600000,1.06832,1.06876,1.06744,1.06855,2989
1490944500000,1.06856,1.06869,1.06813,1.06869,2259.36
1490945400000,1.06869,1.06911,1.06855,1.0688,2535.44
1490946300000,1.06879,1.06925,1.06878,1.06912,2723.6
1490947200000,1.06912,1.06946,1.06893,1.06928,2806.18
1490948100000,1.06928,1.06956,1.06919,1.06949,2508.59
1490949000000,1.0695,1.0695,1.06899,1.0694,2133.07
1490949900000,1.0694,1.06974,1.06919,1.06946,2622.55
1490950800000,1.06944,1.06951,1.06881,1.06889,2838.98
1490951700000,1.06889,1.06896,1.0685,1.06859,2374.84
1490952600000,1.06858,1.06879,1.06831,1.06838,2591.33
1490953500000,1.06839,1.06845,1.067,1.06712,2390.1
1490954400000,1.06706,1.0678,1.06705,1.06737,2251.44
1490955300000,1.06738,1.06788,1.06737,1.06776,1736.09
1490956200000,1.06775,1.06808,1.06759,1.06767,1666.51
1490957100000,1.0677,1.06819,1.06765,1.0681,1602.91
1490958000000,1.0681,1.06835,1.06783,1.06824,1562.43
1490958900000,1.06824,1.06856,1.06807,1.06853,1460.6
1490959800000,1.06851,1.06909,1.06833,1.06883,1947.11
1490960700000,1.06883,1.06887,1.06819,1.06856,2210.49
1490961600000,1.06858,1.06929,1.06814,1.06911,2359.93
1490962500000,1.06911,1.06915,1.06842,1.06848,2821.18
1490963400000,1.06853,1.0686,1.06792,1.06822,3569.6
1490964300000,1.06822,1.06826,1.06735,1.06778,3192.53
1490965200000,1.06779,1.06883,1.06735,1.06863,3657.24
1490966100000,1.06863,1.06942,1.06858,1.06926,3406.18
1490967000000,1.06925,1.06942,1.06871,1.06896,2564.75
1490967900000,1.06894,1.06904,1.0683,1.06838,3167.95
1490968800000,1.06838,1.06869,1.0677,1.06816,3529.31
1490969700000,1.06815,1.06822,1.06716,1.06755,3466.12
1490970600000,1.06755,1.06774,1.0672,1.06743,2784.14
1490971500000,1.06743,1.06966,1.0674,1.06941,4734.03
1490972400000,1.0694,1.07018,1.06889,1.06936,4744.24
1490973300000,1.06936,1.07015,1.06896,1.06925,3774.89
1490974200000,1.06939,1.06976,1.06892,1.06946,2917.87
1490975100000,1.06946,1.06989,1.06909,1.06971,2215.96
1490976000000,1.0697,1.06973,1.06906,1.06948,1951.37
1490976900000,1.06948,1.06976,1.06916,1.06921,1797.05
1490977800000,1.06922,1.07002,1.06911,1.06988,1714.16
1490978700000,1.06987,1.07004,1.0694,1.06972,2107.15
1490979600000,1.06975,1.06978,1.06882,1.06884,1854.25
1490980500000,1.06885,1.06893,1.0683,1.06852,1451.93
1490981400000,1.0685,1.06871,1.06836,1.06871,968.47
1490982300000,1.06872,1.06883,1.06831,1.06837,1805.32
1490983200000,1.06835,1.06849,1.06784,1.06843,1862.91
1490984100000,1.06843,1.06902,1.06843,1.06847,1421.15
1490985000000,1.06847,1.06867,1.06804,1.06805,1170.06
1490985900000,1.06806,1.06865,1.06761,1.06829,1873.03
1490986800000,1.06829,1.06852,1.06782,1.06782,2004.81
1490987700000,1.06783,1.06786,1.06708,1.06717,2090.59
1490988600000,1.06719,1.06741,1.06654,1.06665,2302.08
1490989500000,1.06666,1.06701,1.06644,1.06694,2252.96
1490990400000,1.06694,1.06716,1.06626,1.06642,2583.48
1490991300000,1.06643,1.06643,1.06556,1.06578,2813.5
1490992200000,1.06579,1.06587,1.06515,1.06526,1636.64
1490993100000,1.06525,1.06592,1.06508,1.06528,2913.72
