timestamp,open,high,low,close,volume
1509494400000,1.16518,1.16542,1.1643,1.16442,2060.02
1509495300000,1.16443,1.16472,1.16424,1.16442,1345.54
1509496200000,1.16442,1.16455,1.16426,1.16447,1196.14
1509497100000,1.16446,1.16451,1.16392,1.16397,1568.26
1509498000000,1.16396,1.16409,1.16345,1.1637,2340.12
1509498900000,1.1637,1.16394,1.16352,1.16357,1266.78
1509499800000,1.16359,1.1636,1.16316,1.16335,1445.14
1509500700000,1.16334,1.16384,1.16327,1.16366,1452.5
1509501600000,1.16366,1.16372,1.16316,1.16329,1184.51
1509502500000,1.16327,1.16348,1.16312,1.16344,893.93
1509503400000,1.16343,1.16375,1.1634,1.16374,762.31
1509504300000,1.16374,1.16374,1.16315,1.16322,1307.43
1509505200000,1.16325,1.16326,1.16291,1.16295,1023.73
1509506100000,1.16297,1.16324,1.16292,1.16314,644.78
1509507000000,1.16314,1.16339,1.16314,1.16337,963.52
1509507900000,1.16337,1.16337,1.16303,1.16314,1025.21
1509508800000,1.16314,1.16324,1.16303,1.16323,671.21
1509509700000,1.16323,1.16323,1.16292,1.16293,602.05
1509510600000,1.16293,1.16329,1.1629,1.1631,785.9
1509511500000,1.16309,1.1632,1.16303,1.16307,643.72
1509512400000,1.16307,1.16317,1.16286,1.1631,860.73
1509513300000,1.1631,1.16315,1.16302,1.16309,681.88
1509514200000,1.16309,1.16315,1.16255,1.16283,1608.51
1509515100000,1.16283,1.16307,1.16277,1.16291,1365.93
1509516000000,1.16292,1.16351,1.16287,1.16325,1626.02
1509516900000,1.16325,1.1637,1.16317,1.16361,1588.38
1509517800000,1.1636,1.16458,1.1636,1.16428,1580.12
1509518700000,1.1643,1.1643,1.16373,1.16401,1162.17
1509519600000,1.16401,1.16401,1.16337,1.16394,1945.15
1509520500000,1.16394,1.16466,1.16382,1.16463,2253.55
1509521400000,1.16462,1.16497,1.16434,1.16453,2316.69
1509522300000,1.16452,1.16524,1.1644,1.1652,2618.16
1509523200000,1.16519,1.1657,1.16467,1.16467,3140.41
1509524100000,1.16468,1.16489,1.16419,1.16423,2247.22
1509525000000,1.16424,1.16431,1.16391,1.16417,2151.93
1509525900000,1.16417,1.16435,1.16386,1.164,2172.72
1509526800000,1.164,1.16455,1.1637,1.16383,1609.86
1509527700000,1.16383,1.16396,1.16337,1.1635,2395.94
1509528600000,1.16354,1.16401,1.16331,1.16369,2707.16
1509529500000,1.1637,1.1637,1.16322,1.16322,2377.33
1509530400000,1.16322,1.16373,1.16322,1.16359,1876.83
1509531300000,1.1636,1.16377,1.1634,1.16353,1492.65
1509532200000,1.16352,1.16396,1.16332,1.16385,1836.62
1509533100000,1.16384,1.16419,1.16362,1.16417,1518.83
1509534000000,1.16413,1.16434,1.16373,1.16382,2074.23
1509534900000,1.16382,1.16399,1.16332,1.16334,1734.62
1509535800000,1.16334,1.16357,1.16326,1.16354,1690.95
1509536700000,1.16354,1.16394,1.16334,1.16381,1630.2
1509537600000,1.16381,1.16419,1.16368,1.1637,2456.3
1509538500000,1.16371,1.16385,1.16142,1.16191,4800.54
1509539400000,1.1619,1.16228,1.16158,1.1622,4100.08
1509540300000,1.16219,1.1622,1.16149,1.16177,3222.18
1509541200000,1.16184,1.16196,1.1611,1.16112,2842.76
1509542100000,1.16112,1.16145,1.16075,1.16131,2977.96
1509543000000,1.16132,1.16162,1.1607,1.16103,2675.34
1509543900000,1.16103,1.16148,1.16064,1.16119,2789.76
1509544800000,1.1612,1.16358,1.16104,1.16328,5420.44
1509545700000,1.16329,1.16428,1.16313,1.16352,4425.3
1509546600000,1.16351,1.16433,1.16321,1.16334,4321.35
1509547500000,1.16334,1.16348,1.16287,1.16321,3339.62
1509548400000,1.16322,1.16368,1.16298,1.16304,3344.21
1509549300000,1.16303,1.16322,1.16273,1.1629,2732.84
1509550200000,1.16288,1.16299,1.16256,1.16272,2574.89
1509551100000,1.16274,1.16292,1.16141,1.16175,3482.4
1509552000000,1.16176,1.16202,1.16142,1.16151,2849.75
1509552900000,1.1615,1.16187,1.16131,1.16173,2700.19
1509553800000,1.16172,1.16215,1.16164,1.16205,2262.29
1509554700000,1.16204,1.16266,1.16197,1.16255,2703.83
1509555600000,1.16255,1.16263,1.16223,1.16247,2326.94
1509556500000,1.16246,1.16328,1.16231,1.16321,2099.22
1509557400000,1.1632,1.16329,1.1626,1.1628,2203.36
1509558300000,1.1628,1.16295,1.16209,1.1627,2215.79
1509559200000,1.16271,1.16412,1.16144,1.16202,6440.79
1509560100000,1.16203,1.16267,1.16103,1.16146,4935.96
1509561000000,1.16145,1.16202,1.16128,1.16201,3333.25
1509561900000,1.16202,1.16269,1.16176,1.16192,3295.13
1509562800000,1.16189,1.16285,1.16168,1.16258,2661.59
1509563700000,1.16256,1.16337,1.16241,1.16247,3153.02
1509564600000,1.16247,1.16263,1.16205,1.16223,2258.18
1509565500000,1.16223,1.16233,1.162,1.16201,1631.05
1509566400000,1.16202,1.16214,1.16156,1.16185,1418.41
1509567300000,1.16183,1.16227,1.16166,1.16217,981.12
1509568200000,1.16217,1.16298,1.16181,1.16202,2286.44
1509569100000,1.16203,1.1621,1.16147,1.16183,1320.06
1509570000000,1.16178,1.16241,1.16177,1.16235,476.46
1509570900000,1.16235,1.16243,1.1622,1.1622,1339.28
1509571800000,1.1622,1.16237,1.162,1.16215,1461.34
1509572700000,1.16215,1.16244,1.16215,1.16222,1663.21
1509573600000,1.16222,1.16222,1.16183,1.16185,1037.94
1509574500000,1.16182,1.16182,1.1613,1.16151,946.31
1509575400000,1.1615,1.16187,1.16148,1.16176,1340.94
1509576300000,1.16176,1.16189,1.1615,1.16184,1027.49
1509577200000,1.16184,1.16227,1.16175,1.16218,690.6
1509578100000,1.16218,1.16255,1.16207,1.16253,637.64
1509579000000,1.16253,1.16266,1.16215,1.16245,771.24
1509579900000,1.16245,1.16285,1.16245,1.16282,835.8
1509580800000,1.16282,1.16335,1.16279,1.16318,2074.96
1509581700000,1.16318,1.16363,1.16293,1.16311,1756.2
1509582600000,1.16311,1.16385,1.16308,1.16381,2257.64
1509583500000,1.16381,1.16385,1.16325,1.16345,1692.29
1509584400000,1.16343,1.16415,1.16329,1.16395,1805.37
1509585300000,1.16398,1.16521,1.16383,1.1652,2530.31
1509586200000,1.16521,1.16698,1.16473,1.16687,3312.04
1509587100000,1.16687,1.16716,1.16577,1.16607,2832.04
1509588000000,1.16606,1.16651,1.16565,1.16584,1639.48
1509588900000,1.16584,1.16602,1.16572,1.16592,1282.36
1509589800000,1.16591,1.16595,1.16549,1.16554,1340.17
1509590700000,1.16557,1.16563,1.16533,1.16536,1001.58
1509591600000,1.16538,1.1657,1.16514,1.16518,1301.06
1509592500000,1.16518,1.16526,1.16499,1.16516,1023.66
1509593400000,1.16518,1.16554,1.16517,1.16542,769.79
1509594300000,1.16543,1.16561,1.16536,1.16556,896.29
1509595200000,1.16556,1.16574,1.1652,1.16521,1724.03
1509596100000,1.16521,1.16548,1.16519,1.16531,1354.8
1509597000000,1.16531,1.16578,1.1653,1.16578,594.16
1509597900000,1.16577,1.16623,1.16571,1.16576,2239.34
1509598800000,1.16575,1.16589,1.16547,1.16547,839.11
1509599700000,1.16547,1.16581,1.16517,1.16524,1128.26
1509600600000,1.16524,1.16552,1.16505,1.16541,914.08
1509601500000,1.16542,1.16588,1.16536,1.16563,1293.06
1509602400000,1.16563,1.16576,1.16505,1.1654,1946.11
1509603300000,1.16541,1.16562,1.16525,1.16537,1553.79
1509604200000,1.16536,1.16586,1.16521,1.16536,1305.51
1509605100000,1.16536,1.16592,1.16525,1.16572,1461.54
1509606000000,1.16575,1.16626,1.16555,1.16567,1921.2
1509606900000,1.16567,1.16619,1.16561,1.1659,2446.61
1509607800000,1.1659,1.16594,1.16415,1.16421,7881.57
1509608700000,1.1642,1.16459,1.16404,1.16416,2152.15
1509609600000,1.16416,1.16438,1.1634,1.16384,3406.01
1509610500000,1.16387,1.16395,1.16357,1.1639,2309.54
1509611400000,1.1639,1.16399,1.1634,1.16369,2130.22
1509612300000,1.1637,1.16375,1.16261,1.16326,2592.94
1509613200000,1.16328,1.16374,1.16319,1.16352,2585.87
1509614100000,1.16353,1.16398,1.1634,1.16397,2541.7
1509615000000,1.164,1.16411,1.16336,1.16368,2146.74
1509615900000,1.16368,1.16438,1.16363,1.16417,2345.77
1509616800000,1.16415,1.16477,1.16408,1.16467,2767.52
1509617700000,1.16467,1.16474,1.16435,1.16466,1517.47
1509618600000,1.16466,1.16506,1.16456,1.16461,2037.85
1509619500000,1.1646,1.16487,1.16454,1.16482,1330.84
1509620400000,1.16482,1.16528,1.16471,1.16521,2246.56
1509621300000,1.16521,1.16562,1.16512,1.16519,3015.31
1509622200000,1.16519,1.16584,1.165,1.16545,2499.77
1509623100000,1.16545,1.16567,1.16503,1.16526,2383.29
1509624000000,1.16526,1.16674,1.16477,1.16641,4775.18
1509624900000,1.16641,1.16646,1.1653,1.16585,3604.97
1509625800000,1.16585,1.16585,1.1647,1.16536,5230.94
1509626700000,1.16537,1.16628,1.16495,1.16521,4002.06
1509627600000,1.1652,1.16535,1.16425,1.16438,3936.75
1509628500000,1.16438,1.16462,1.16352,1.16392,3428.04
1509629400000,1.16393,1.16515,1.1639,1.16471,3442.33
1509630300000,1.16472,1.16511,1.16451,1.16502,3262.13
1509631200000,1.16499,1.16873,1.16499,1.16835,6858.67
1509632100000,1.16836,1.16867,1.16689,1.16732,4682.71
1509633000000,1.16735,1.16751,1.16618,1.1662,3706.63
1509633900000,1.16617,1.16672,1.16549,1.16622,4357.9
1509634800000,1.16623,1.16655,1.16546,1.16625,4356.91
1509635700000,1.16626,1.16747,1.16619,1.16725,4113.19
1509636600000,1.16723,1.16725,1.16649,1.167,3973.9
1509637500000,1.167,1.16782,1.16693,1.16721,4100.01
1509638400000,1.16721,1.16736,1.16571,1.16583,4356.25
1509639300000,1.16582,1.16643,1.16542,1.16564,3893.12
1509640200000,1.16564,1.16598,1.16549,1.16595,3268.28
1509641100000,1.16594,1.16628,1.16573,1.16628,2467.25
1509642000000,1.16628,1.16629,1.16587,1.16617,2608.76
1509642900000,1.1662,1.16631,1.16565,1.16589,2099.79
1509643800000,1.16588,1.16597,1.16561,1.16566,1944.41
1509644700000,1.16566,1.16578,1.16541,1.16562,2650.6
1509645600000,1.16563,1.16579,1.16542,1.16549,2123.96
1509646500000,1.1655,1.16587,1.1654,1.16587,1773.76
1509647400000,1.16586,1.16607,1.16571,1.16597,2140.28
1509648300000,1.16597,1.16628,1.16586,1.16589,2831.81
1509649200000,1.16589,1.16626,1.16479,1.16494,4625.22
1509650100000,1.16493,1.16592,1.1648,1.16557,3011.93
1509651000000,1.16557,1.16631,1.16546,1.16629,2351.29
1509651900000,1.1663,1.16643,1.166,1.16611,2011.39
1509652800000,1.16615,1.16624,1.16589,1.16592,1369.4
1509653700000,1.16592,1.16605,1.1658,1.16602,437.32
1509654600000,1.16602,1.16609,1.16586,1.166,1073.69
1509655500000,1.16602,1.16613,1.16567,1.16579,1679.65
1509656400000,1.16578,1.166,1.16575,1.16592,429.62
1509657300000,1.16592,1.16594,1.16561,1.16569,1009.26
1509658200000,1.16569,1.16574,1.1655,1.16554,1257.81
1509659100000,1.16554,1.16577,1.1654,1.16562,1352.26
1509660000000,1.16567,1.1658,1.16556,1.16565,781.99
1509660900000,1.16565,1.16588,1.16565,1.1658,643.38
1509661800000,1.16581,1.16595,1.1657,1.1657,1370.52
1509662700000,1.1657,1.16577,1.16564,1.16571,621.83
1509663600000,1.16571,1.16575,1.16548,1.16564,554.35
1509664500000,1.16567,1.16567,1.16542,1.16553,479.43
1509665400000,1.16552,1.16598,1.1655,1.16586,546.27
1509666300000,1.16586,1.16602,1.16573,1.16586,492.49
1509667200000,1.16588,1.16643,1.16581,1.16642,1087.08
1509668100000,1.16642,1.16648,1.16634,1.16642,553.33
1509669000000,1.16642,1.16642,1.16561,1.16572,1523.38
1509669900000,1.16572,1.16596,1.16567,1.16572,1076.38
1509670800000,1.16573,1.16604,1.16571,1.16589,1016.5
1509671700000,1.1659,1.16659,1.1659,1.16659,1058.58
1509672600000,1.1666,1.16662,1.16625,1.16631,1243.88
1509673500000,1.16632,1.16658,1.16597,1.16613,1427.76
1509674400000,1.16613,1.16628,1.1659,1.16592,1065.76
1509675300000,1.16592,1.166,1.16566,1.16585,1030.54
1509676200000,1.16585,1.16592,1.16571,1.16578,863.63
1509677100000,1.16577,1.16597,1.16564,1.16588,1080.78
1509678000000,1.16588,1.16615,1.16582,1.16582,607.88
1509678900000,1.16581,1.16606,1.16577,1.16587,623.67
1509679800000,1.16588,1.16591,1.16578,1.16579,362.71
1509680700000,1.16579,1.1659,1.16564,1.16573,684.41
1509681600000,1.16573,1.16588,1.1657,1.16583,484.05
1509682500000,1.16583,1.16593,1.16573,1.1658,385.41
1509683400000,1.1658,1.1661,1.1658,1.16604,567.83
1509684300000,1.16604,1.16625,1.16601,1.16619,631.29
1509685200000,1.16619,1.16625,1.16612,1.1662,652.22
1509686100000,1.1662,1.1663,1.16604,1.16609,473.48
1509687000000,1.16607,1.16625,1.16591,1.16611,1303.12
1509687900000,1.16611,1.16649,1.16604,1.16649,754.59
1509688800000,1.16649,1.16678,1.1664,1.16653,1544.66
1509689700000,1.16653,1.16664,1.1664,1.16658,1024.84
1509690600000,1.16657,1.16657,1.16614,1.1664,1167.18
1509691500000,1.1664,1.1664,1.16597,1.16603,1052.92
1509692400000,1.16603,1.16603,1.16532,1.16547,2340.89
1509693300000,1.16547,1.16574,1.16516,1.16544,2163.98
1509694200000,1.16543,1.16558,1.16471,1.16481,2501.32
1509695100000,1.1648,1.1648,1.16444,1.16465,2207.76
1509696000000,1.16464,1.16492,1.16453,1.1648,2209.28
1509696900000,1.1648,1.16482,1.16419,1.16429,1862.6
1509697800000,1.1643,1.16468,1.1643,1.16465,1813.68
1509698700000,1.16466,1.16477,1.16449,1.16474,1614.01
1509699600000,1.16474,1.16475,1.16399,1.16413,2026.56
1509700500000,1.16413,1.16431,1.164,1.16418,2001.04
1509701400000,1.16419,1.16475,1.16419,1.1646,1979.74
1509702300000,1.1646,1.16493,1.16456,1.1647,2096.36
1509703200000,1.16468,1.16505,1.16465,1.16502,1783.05
1509704100000,1.16501,1.16518,1.16476,1.16515,1634.05
1509705000000,1.16514,1.16541,1.16473,1.16481,2474.1
1509705900000,1.1648,1.16486,1.16422,1.16439,2089.28
1509706800000,1.1644,1.16472,1.16437,1.16438,1648.32
1509707700000,1.16438,1.16488,1.16415,1.16422,2354.51
1509708600000,1.16422,1.16456,1.16391,1.16455,2739.92
1509709500000,1.16455,1.16478,1.16437,1.16478,1787.92
1509710400000,1.16478,1.16508,1.16452,1.16504,2614.16
1509711300000,1.16503,1.16594,1.16484,1.16586,3450.45
1509712200000,1.16587,1.16904,1.16566,1.1671,8109.23
1509713100000,1.1671,1.16715,1.16487,1.16543,5792.74
1509714000000,1.16542,1.16581,1.16481,1.16569,4266.31
1509714900000,1.16568,1.16587,1.1651,1.16524,2931.4
1509715800000,1.16522,1.16576,1.16438,1.16476,4564
1509716700000,1.16473,1.16501,1.16407,1.1645,3571.07
1509717600000,1.16452,1.16452,1.16268,1.16351,4871.33
1509718500000,1.16352,1.16368,1.16201,1.16239,4374.69
1509719400000,1.16239,1.1626,1.16149,1.16211,3964.58
1509720300000,1.16211,1.16211,1.16062,1.1609,4489.44
1509721200000,1.16092,1.16122,1.16028,1.16087,4108.75
1509722100000,1.16087,1.16164,1.16086,1.16156,3032.24
1509723000000,1.16155,1.16198,1.16105,1.16182,2692.02
1509723900000,1.16182,1.16195,1.1615,1.16159,2319.73
1509724800000,1.1616,1.16195,1.16077,1.16106,3010.15
1509725700000,1.16108,1.16129,1.1608,1.16087,2292.3
1509726600000,1.16088,1.16092,1.16001,1.1601,2717.13
1509727500000,1.1601,1.16057,1.16002,1.16044,2159.77
1509728400000,1.16045,1.16104,1.16032,1.16104,2072.59
1509729300000,1.16104,1.16105,1.16058,1.16085,1726.26
1509730200000,1.16085,1.16091,1.16009,1.16022,1842.71
1509731100000,1.16022,1.16037,1.16004,1.16027,2241.03
1509732000000,1.16026,1.16041,1.15991,1.16004,2473.87
1509732900000,1.16004,1.16051,1.15994,1.16031,1662.8
1509733800000,1.16031,1.16051,1.16016,1.16045,1671.53
1509734700000,1.16046,1.16082,1.16044,1.16073,2236.3
1509735600000,1.16072,1.16102,1.16072,1.16096,1866.86
1509736500000,1.16094,1.16141,1.16094,1.16139,1322.68
1509737400000,1.1614,1.1614,1.1609,1.1609,1743.92
1509738300000,1.16089,1.161,1.16077,1.16077,1527.65
1509739200000,1.16077,1.16106,1.16058,1.16106,1214.21
1509740100000,1.16107,1.16137,1.16105,1.16114,913.85
1509741000000,1.16115,1.16128,1.16092,1.16098,1318.3
1509741900000,1.16097,1.16102,1.1606,1.1606,1499.94
1509919200000,1.16155,1.16155,1.16038,1.16123,351.17
1509920100000,1.16121,1.16138,1.16108,1.16119,490.06
1509921000000,1.16119,1.16175,1.16119,1.1614,758.99
1509921900000,1.1614,1.16153,1.1613,1.16149,985.42
1509922800000,1.16149,1.16149,1.16119,1.16139,1186.61
1509923700000,1.16139,1.16179,1.16136,1.16174,629.01
1509924600000,1.16173,1.16173,1.16086,1.16108,877.11
1509925500000,1.16108,1.16149,1.16107,1.16147,539.98
1509926400000,1.16147,1.16164,1.16062,1.16106,1336.07
1509927300000,1.16105,1.16152,1.1609,1.16118,894.68
1509928200000,1.16118,1.16137,1.16105,1.16111,854
1509929100000,1.1611,1.16112,1.16002,1.16049,2271.11
1509930000000,1.16048,1.16072,1.15964,1.16035,3781.72
1509930900000,1.16037,1.1609,1.16032,1.16084,2029.82
1509931800000,1.16084,1.16139,1.16054,1.1608,1978.19
1509932700000,1.1608,1.16105,1.16041,1.16102,1809.54
1509933600000,1.16102,1.1612,1.16068,1.16085,1703.47
1509934500000,1.16085,1.16201,1.1608,1.16165,1997.57
1509935400000,1.16165,1.1624,1.16159,1.16159,2545.71
1509936300000,1.16159,1.16177,1.16132,1.16171,1732.69
1509937200000,1.16171,1.16172,1.16124,1.16133,1460.73
1509938100000,1.16132,1.16157,1.16111,1.16153,1223.18
1509939000000,1.16154,1.16183,1.1613,1.16161,1208.1
1509939900000,1.16161,1.16168,1.16137,1.16141,1051.1
1509940800000,1.1614,1.16145,1.16097,1.161,1334.94
1509941700000,1.161,1.16161,1.16078,1.16105,1653.38
1509942600000,1.16106,1.16141,1.16102,1.16131,842.98
1509943500000,1.16131,1.16144,1.16083,1.16095,1196.76
1509944400000,1.16094,1.16106,1.16061,1.16078,1578.13
1509945300000,1.16078,1.16117,1.16075,1.16114,1252.78
1509946200000,1.16115,1.1613,1.1611,1.1611,1000.54
1509947100000,1.1611,1.16133,1.16101,1.16122,970.13
1509948000000,1.16123,1.16155,1.161,1.16115,1766.11
1509948900000,1.16115,1.16136,1.16099,1.16134,1073.35
1509949800000,1.16134,1.16166,1.16093,1.16115,1303.82
1509950700000,1.16114,1.16119,1.16053,1.16086,2083.16
1509951600000,1.16086,1.16102,1.15997,1.16001,1940.89
1509952500000,1.15998,1.16042,1.15954,1.16016,2624.48
1509953400000,1.16016,1.16088,1.16006,1.16086,3273.42
1509954300000,1.16085,1.16164,1.1608,1.16105,2988.83
1509955200000,1.16107,1.1615,1.16075,1.1611,2566.1
1509956100000,1.1611,1.16116,1.16055,1.16068,2366.33
1509957000000,1.16069,1.16092,1.1606,1.16081,2273.78
1509957900000,1.16081,1.16115,1.16067,1.16102,2732.26
1509958800000,1.16105,1.16137,1.16055,1.16056,3196.8
1509959700000,1.16055,1.16055,1.15881,1.15938,4047.15
1509960600000,1.15938,1.16032,1.15934,1.16031,2671.3
1509961500000,1.16032,1.16076,1.16019,1.16026,2171.75
1509962400000,1.16025,1.16044,1.16015,1.16036,2124.69
1509963300000,1.16038,1.16074,1.1601,1.16063,2153.2
1509964200000,1.16064,1.16067,1.16034,1.16053,2156.13
1509965100000,1.16053,1.16141,1.16041,1.16098,2638.18
1509966000000,1.16098,1.161,1.16005,1.16009,2656.98
1509966900000,1.16008,1.16036,1.15954,1.15965,2554.86
1509967800000,1.15965,1.15989,1.15938,1.1595,1887.15
1509968700000,1.15949,1.15961,1.15905,1.15924,2189.95
1509969600000,1.15924,1.15971,1.15912,1.15944,2272.71
1509970500000,1.15943,1.15951,1.15858,1.15867,2269.15
1509971400000,1.15866,1.15887,1.15836,1.15848,2488.15
1509972300000,1.15847,1.15901,1.15844,1.15901,2212.07
1509973200000,1.15904,1.15932,1.1588,1.15901,2018.89
1509974100000,1.15902,1.15984,1.15896,1.15951,2307.55
1509975000000,1.1595,1.15973,1.15932,1.15932,1841.58
1509975900000,1.15933,1.15933,1.15853,1.15853,2412.6
1509976800000,1.15853,1.15879,1.15838,1.15838,2046.93
1509977700000,1.15837,1.15874,1.15823,1.15859,2183.21
1509978600000,1.15849,1.15887,1.15843,1.15849,2402.81
1509979500000,1.15848,1.15922,1.15848,1.15851,2716.57
1509980400000,1.15853,1.15881,1.15802,1.15871,2585.19
1509981300000,1.15872,1.15885,1.15817,1.15839,1921.51
1509982200000,1.15838,1.15907,1.15824,1.15868,2272.68
1509983100000,1.15868,1.15918,1.15848,1.1585,2703.25
1509984000000,1.15851,1.1588,1.1584,1.15874,2768.47
1509984900000,1.15873,1.15896,1.15851,1.15887,1814.85
1509985800000,1.15885,1.16031,1.15881,1.15987,3123.14
1509986700000,1.15985,1.1602,1.15961,1.15988,3249.47
1509987600000,1.15984,1.16076,1.15984,1.16053,3399.3
1509988500000,1.16053,1.16104,1.16042,1.16054,3140.2
1509989400000,1.16054,1.16137,1.16045,1.16124,2391.85
1509990300000,1.16124,1.16126,1.16098,1.16116,2127.32
1509991200000,1.16117,1.16159,1.16117,1.16132,2037.46
1509992100000,1.16132,1.16137,1.16096,1.16103,2002.27
1509993000000,1.16104,1.16111,1.1608,1.16102,1341.33
1509993900000,1.16105,1.16117,1.16095,1.161,2049.19
1509994800000,1.16102,1.16149,1.16101,1.16119,1307.53
1509995700000,1.1612,1.16124,1.16091,1.16105,1314.98
1509996600000,1.16105,1.16109,1.16064,1.16073,2027.82
1509997500000,1.16074,1.16078,1.16049,1.16055,2059.69
1509998400000,1.16056,1.16069,1.16033,1.16047,1272.76
1509999300000,1.16048,1.16078,1.16031,1.16073,1228.87
1510000200000,1.16076,1.16087,1.16064,1.16067,943.25
1510001100000,1.16069,1.16098,1.16059,1.16093,1401.88
1510002000000,1.16092,1.16109,1.16089,1.16105,1358.08
1510002900000,1.16108,1.16124,1.16107,1.16121,1097.82
1510003800000,1.16121,1.16124,1.16106,1.16106,819.62
1510004700000,1.16107,1.16107,1.1609,1.16093,1035.79
1510005600000,1.16091,1.16146,1.16086,1.16117,594.15
1510006500000,1.16115,1.1613,1.16105,1.16113,639.72
1510007400000,1.16117,1.16129,1.1611,1.1611,1396.05
1510008300000,1.1611,1.16122,1.16095,1.16099,1003.3
1510009200000,1.16099,1.16105,1.16085,1.16093,1248.76
1510010100000,1.16095,1.16106,1.16094,1.16096,373.1
1510011000000,1.16096,1.16135,1.16096,1.16132,977.25
1510011900000,1.16132,1.16133,1.16108,1.16113,779.23
1510012800000,1.16113,1.16123,1.16099,1.16104,838.88
1510013700000,1.16103,1.16123,1.16091,1.16119,1236.19
1510014600000,1.16121,1.1614,1.16085,1.1609,823.84
1510015500000,1.16089,1.1614,1.16083,1.16134,1033.09
1510016400000,1.16134,1.16154,1.16101,1.16126,1295.55
1510017300000,1.16122,1.16125,1.16071,1.16078,1696.14
1510018200000,1.16078,1.16088,1.16029,1.16047,1856.45
1510019100000,1.16051,1.16059,1.16023,1.16045,1495.54
1510020000000,1.16048,1.16056,1.16017,1.16034,1437.49
1510020900000,1.16035,1.16067,1.16034,1.16039,618.45
1510021800000,1.16038,1.16081,1.16029,1.16079,1015.1
1510022700000,1.1608,1.16136,1.16067,1.16134,1277.86
1510023600000,1.16134,1.16142,1.1608,1.16101,1289.96
1510024500000,1.16099,1.16123,1.16087,1.16123,865.09
1510025400000,1.16122,1.16151,1.16115,1.16135,1860.12
1510026300000,1.16135,1.16145,1.16113,1.16116,1428.25
1510027200000,1.16115,1.16121,1.16095,1.16096,1304.32
1510028100000,1.16095,1.16108,1.16068,1.16074,1022.81
1510029000000,1.16075,1.16101,1.16059,1.16085,1082.09
1510029900000,1.16085,1.16085,1.16045,1.16075,1360.66
1510030800000,1.16075,1.161,1.16067,1.16091,886.39
1510031700000,1.1609,1.16103,1.16074,1.16074,915.82
1510032600000,1.16074,1.16101,1.16063,1.16073,1222.18
1510033500000,1.16073,1.16079,1.16044,1.16055,1067.8
1510034400000,1.16055,1.16081,1.1605,1.16074,1026
1510035300000,1.16074,1.16091,1.16072,1.16075,676.32
1510036200000,1.16075,1.16087,1.16052,1.16079,1352.99
1510037100000,1.16079,1.16079,1.15962,1.16021,1853.59
1510038000000,1.1602,1.16021,1.15934,1.15957,2536.67
1510038900000,1.15957,1.15995,1.15918,1.15924,2402.33
1510039800000,1.15924,1.15931,1.1586,1.15871,2847.07
1510040700000,1.15871,1.15905,1.15855,1.15883,2227.06
1510041600000,1.15885,1.1594,1.15871,1.15873,3122.8
1510042500000,1.15874,1.15891,1.15803,1.15835,3041.74
1510043400000,1.15838,1.15843,1.15669,1.15673,4132.38
1510044300000,1.15674,1.15701,1.15658,1.15661,4162.4
1510045200000,1.1566,1.15734,1.15659,1.15701,2904.54
1510046100000,1.15702,1.15734,1.15673,1.1572,2315.88
1510047000000,1.1572,1.15768,1.15683,1.15712,2053.13
1510047900000,1.15713,1.15737,1.1567,1.1567,2118.47
1510048800000,1.15671,1.15676,1.15539,1.15571,2792.28
1510049700000,1.15572,1.15717,1.1557,1.15685,2895.43
1510050600000,1.15684,1.15686,1.15634,1.15662,1968.33
1510051500000,1.15666,1.15681,1.15641,1.15665,2350.44
1510052400000,1.15665,1.15672,1.15604,1.1562,2042.01
1510053300000,1.1562,1.15632,1.15581,1.15617,2052.88
1510054200000,1.15617,1.1563,1.15561,1.15592,2596.37
1510055100000,1.15591,1.15784,1.15589,1.15698,4252.13
1510056000000,1.15697,1.15699,1.15596,1.15608,2758.37
1510056900000,1.15613,1.15637,1.15589,1.15631,1913.13
1510057800000,1.15631,1.15669,1.15611,1.15648,2085.64
1510058700000,1.15648,1.15667,1.15621,1.15651,1720.07
1510059600000,1.15653,1.15681,1.15615,1.15621,2205.66
1510060500000,1.1562,1.15625,1.1558,1.15614,2366.57
1510061400000,1.15613,1.15667,1.15605,1.15646,2346.81
1510062300000,1.15646,1.15659,1.15627,1.15627,2346.71
1510063200000,1.15625,1.15683,1.156,1.15683,2437.08
1510064100000,1.15684,1.15771,1.15681,1.15771,3574.51
1510065000000,1.15775,1.15798,1.1575,1.15774,3837.14
1510065900000,1.15776,1.15816,1.15755,1.15776,3020.35
1510066800000,1.15777,1.1579,1.15712,1.15752,3591.57
1510067700000,1.15751,1.15781,1.15674,1.15776,3188.44
1510068600000,1.15774,1.15904,1.15765,1.15812,4136.81
1510069500000,1.1581,1.15878,1.15744,1.1575,4243.46
1510070400000,1.15751,1.15776,1.15699,1.15725,3096.76
1510071300000,1.15725,1.15732,1.15639,1.15654,3034.68
1510072200000,1.15651,1.15713,1.15641,1.15706,3112.19
1510073100000,1.15707,1.15788,1.15695,1.15767,2619.21
1510074000000,1.15765,1.15881,1.15759,1.15877,3780.92
1510074900000,1.15878,1.15879,1.15824,1.15834,2686.79
1510075800000,1.15833,1.15845,1.15812,1.15832,1922.87
1510076700000,1.15832,1.15839,1.15813,1.15826,2017.67
1510077600000,1.15824,1.15845,1.15769,1.15776,2393.6
1510078500000,1.15777,1.15802,1.15751,1.15767,3097.57
1510079400000,1.15767,1.15793,1.15758,1.15774,1931.88
1510080300000,1.15774,1.15808,1.15759,1.15759,1791.76
1510081200000,1.15762,1.15812,1.15742,1.15809,1745.62
1510082100000,1.15808,1.15851,1.15804,1.15851,1561.69
1510083000000,1.1585,1.15862,1.15828,1.15853,1764.56
1510083900000,1.15852,1.15884,1.15841,1.1587,1988.05
1510084800000,1.1587,1.15907,1.15842,1.15903,2130.96
1510085700000,1.15901,1.15926,1.15895,1.15915,1951.35
1510086600000,1.15913,1.15917,1.1586,1.15865,1934.25
1510087500000,1.15866,1.15908,1.1586,1.15902,2236.62
1510088400000,1.15895,1.1591,1.15893,1.15896,1196.3
1510089300000,1.15895,1.15907,1.15883,1.15885,1602.25
1510090200000,1.15883,1.15886,1.15872,1.1588,2031.89
1510091100000,1.1588,1.15887,1.15855,1.15857,1703.87
1510092000000,1.15859,1.15884,1.15859,1.1587,267.16
1510092900000,1.1587,1.15899,1.15865,1.1587,642.19
1510093800000,1.1587,1.15885,1.1587,1.15882,796.67
1510094700000,1.15881,1.15931,1.15872,1.15931,1350.42
1510095600000,1.15931,1.15962,1.15919,1.15943,1841.73
1510096500000,1.15944,1.1606,1.15943,1.16048,2242.34
1510097400000,1.16047,1.16057,1.16006,1.16046,1429.48
1510098300000,1.16046,1.16059,1.16005,1.16008,1053.85
1510099200000,1.16008,1.16037,1.15979,1.15983,1855.97
1510100100000,1.15984,1.16003,1.15958,1.15959,2168.58
1510101000000,1.15958,1.15992,1.15949,1.1596,1231.67
1510101900000,1.15959,1.15979,1.15924,1.15936,1574.06
1510102800000,1.15939,1.15956,1.15916,1.15935,1250.22
1510103700000,1.15935,1.15981,1.15925,1.1598,1279.11
1510104600000,1.15979,1.1598,1.15914,1.15924,1256.83
1510105500000,1.15923,1.15975,1.15922,1.15958,1385.56
1510106400000,1.15959,1.15981,1.15945,1.15961,1313.9
1510107300000,1.15961,1.15986,1.1596,1.15985,1340.88
1510108200000,1.15985,1.15987,1.15966,1.15972,741.88
1510109100000,1.15971,1.15971,1.15939,1.15955,579.4
1510110000000,1.15956,1.15985,1.15934,1.1598,791.51
1510110900000,1.1598,1.1598,1.15961,1.15971,838.04
1510111800000,1.1597,1.15982,1.15964,1.15971,922.22
1510112700000,1.1597,1.1598,1.15949,1.15965,780.45
1510113600000,1.15964,1.15979,1.15961,1.15975,582.63
1510114500000,1.15975,1.15985,1.15969,1.15982,544.72
1510115400000,1.15982,1.16001,1.15977,1.16001,698.47
1510116300000,1.16001,1.16001,1.15982,1.15985,657.03
1510117200000,1.15985,1.15997,1.15983,1.15986,721.5
1510118100000,1.15987,1.16004,1.15975,1.15979,908.61
1510119000000,1.15978,1.15984,1.15964,1.15969,1195.34
1510119900000,1.15972,1.15972,1.15953,1.15958,1006.9
1510120800000,1.1596,1.15969,1.15865,1.15868,1925.64
1510121700000,1.15868,1.15895,1.1585,1.15858,1131.95
1510122600000,1.15858,1.15897,1.15857,1.1587,1289.46
1510123500000,1.1587,1.15952,1.15869,1.1592,1119.11
1510124400000,1.1592,1.15942,1.15899,1.15903,1774.07
1510125300000,1.15905,1.15999,1.15905,1.15998,1995.34
1510126200000,1.15998,1.16045,1.15963,1.15969,2770.85
1510127100000,1.15969,1.15997,1.15938,1.15956,2546.53
1510128000000,1.15955,1.16049,1.15913,1.16043,2977.99
1510128900000,1.16043,1.16111,1.16024,1.16059,3696.03
1510129800000,1.1606,1.16088,1.16023,1.16084,2330.12
1510130700000,1.16084,1.16085,1.1597,1.15994,2571.27
1510131600000,1.15995,1.16011,1.15941,1.15957,2448.37
1510132500000,1.15958,1.16034,1.15955,1.16032,2080.3
1510133400000,1.16032,1.16034,1.15956,1.15962,2119.55
1510134300000,1.15961,1.15979,1.15915,1.15921,2312.68
1510135200000,1.15921,1.15989,1.15919,1.15971,2067.6
1510136100000,1.15971,1.15992,1.15958,1.1599,1470.91
1510137000000,1.1599,1.15998,1.1596,1.15977,2312.23
1510137900000,1.15978,1.16045,1.15967,1.16036,2135.11
1510138800000,1.16035,1.16066,1.16013,1.16018,2521.05
1510139700000,1.16018,1.16019,1.15977,1.15983,1805.26
1510140600000,1.15983,1.16013,1.15971,1.16013,2067.69
1510141500000,1.16013,1.16025,1.15966,1.15975,1968.65
1510142400000,1.15975,1.15979,1.15835,1.15881,2944.12
1510143300000,1.1588,1.15906,1.15857,1.15879,3333.52
1510144200000,1.15879,1.15927,1.15875,1.15911,2296.04
1510145100000,1.15911,1.15924,1.15853,1.15856,2909.66
1510146000000,1.1586,1.15926,1.1586,1.15901,2954.07
1510146900000,1.15902,1.15912,1.15854,1.15903,2512.2
1510147800000,1.15902,1.15942,1.15895,1.15915,2107.39
1510148700000,1.15915,1.15943,1.15907,1.1591,2203.03
1510149600000,1.15911,1.15939,1.15884,1.15904,1819.88
1510150500000,1.15904,1.16,1.159,1.15972,2475.9
1510151400000,1.15972,1.16004,1.15956,1.15958,2738.54
1510152300000,1.15958,1.16038,1.15958,1.15987,2854.27
1510153200000,1.15987,1.16011,1.15965,1.16002,2366.52
1510154100000,1.16001,1.1604,1.15908,1.15929,2812.92
1510155000000,1.15927,1.15989,1.15922,1.1598,2663.13
1510155900000,1.15981,1.15998,1.15842,1.15851,3078.67
1510156800000,1.15852,1.15863,1.15792,1.15831,2934.95
1510157700000,1.15832,1.15886,1.15825,1.15863,2341.26
1510158600000,1.15863,1.15941,1.15863,1.1591,3026.83
1510159500000,1.1591,1.15937,1.15896,1.15904,1886.05
1510160400000,1.15906,1.15956,1.15902,1.15914,1898.47
1510161300000,1.15913,1.15921,1.15875,1.15898,2019.17
1510162200000,1.15899,1.15913,1.15888,1.15895,1300.81
1510163100000,1.15895,1.15947,1.15883,1.15936,1613.81
1510164000000,1.15936,1.15962,1.15901,1.15956,2478.04
1510164900000,1.15956,1.15959,1.15894,1.15908,1498.98
1510165800000,1.15909,1.15932,1.15904,1.15928,1285.63
1510166700000,1.15927,1.15957,1.15925,1.15942,937.18
1510167600000,1.15941,1.15948,1.15892,1.15909,1612.56
1510168500000,1.15909,1.15926,1.15901,1.15911,1647.47
1510169400000,1.15911,1.15959,1.15908,1.15955,1283.49
1510170300000,1.15956,1.15963,1.1594,1.15954,2010.66
1510171200000,1.15953,1.15983,1.15946,1.15979,2464.59
1510172100000,1.15979,1.15985,1.15947,1.15972,1597.43
1510173000000,1.15968,1.15971,1.15947,1.15958,1335.77
1510173900000,1.15958,1.15982,1.15944,1.15982,1815.05
1510174800000,1.15982,1.15988,1.1597,1.15973,2031.25
1510175700000,1.15972,1.15977,1.15947,1.15952,1317.3
1510176600000,1.15952,1.15968,1.15952,1.15953,1499.07
1510177500000,1.15953,1.15956,1.15928,1.15943,1020.34
1510178400000,1.15942,1.15969,1.15925,1.15959,383.58
1510179300000,1.15959,1.15964,1.15925,1.15953,607.8
1510180200000,1.15952,1.15955,1.15925,1.1594,607.94
1510181100000,1.1594,1.15943,1.15927,1.15932,1329.36
1510182000000,1.15931,1.15948,1.15928,1.15943,970.91
1510182900000,1.15943,1.15947,1.15941,1.15944,413.64
1510183800000,1.15944,1.15964,1.15939,1.15943,1293.34
1510184700000,1.15943,1.1595,1.15921,1.1595,811.81
1510185600000,1.1595,1.15958,1.15913,1.15933,1623.01
1510186500000,1.15933,1.15933,1.15891,1.15897,1149.23
1510187400000,1.15897,1.15919,1.15873,1.15918,1500.26
1510188300000,1.15918,1.15919,1.15874,1.15883,1296.97
1510189200000,1.15884,1.15896,1.15863,1.15894,1510.09
1510190100000,1.15894,1.15895,1.1586,1.15863,588.15
1510191000000,1.15862,1.159,1.15856,1.15888,1560.8
1510191900000,1.15888,1.15951,1.15881,1.15939,2257.7
1510192800000,1.15939,1.15966,1.15923,1.15959,1511.75
1510193700000,1.15961,1.1599,1.15955,1.1596,1346.99
1510194600000,1.15961,1.15969,1.15935,1.15957,1332.41
1510195500000,1.15958,1.16,1.15947,1.1596,1420.34
1510196400000,1.15959,1.1599,1.15935,1.15983,1912.01
1510197300000,1.15984,1.15993,1.15939,1.15945,1951.37
1510198200000,1.15945,1.1596,1.15943,1.15948,862.91
1510199100000,1.15948,1.15948,1.15908,1.15919,1166.17
1510200000000,1.15919,1.15937,1.15915,1.15928,711.5
1510200900000,1.15928,1.1593,1.15914,1.15925,454.67
1510201800000,1.15924,1.15961,1.1591,1.1595,1595.78
1510202700000,1.1595,1.15974,1.15942,1.15959,2556.19
1510203600000,1.1596,1.15988,1.15954,1.15974,2091.52
1510204500000,1.15974,1.1604,1.15967,1.16025,2303.02
1510205400000,1.16024,1.16047,1.15998,1.1602,2419.14
1510206300000,1.1602,1.16047,1.16007,1.16031,1404.42
1510207200000,1.16026,1.16047,1.16014,1.16042,1642.72
1510208100000,1.16043,1.16071,1.1604,1.16046,1122.36
1510209000000,1.16048,1.16074,1.16018,1.16043,2397.97
1510209900000,1.16046,1.16121,1.16042,1.16088,2806.55
1510210800000,1.16085,1.16155,1.16073,1.16119,2685.75
1510211700000,1.16117,1.16149,1.16074,1.16088,2695.34
1510212600000,1.16089,1.16151,1.16083,1.16131,2233.12
1510213500000,1.16131,1.16146,1.16039,1.16055,2804.55
1510214400000,1.16054,1.16065,1.16015,1.16016,3633.81
1510215300000,1.16016,1.16028,1.15941,1.15955,3233.5
1510216200000,1.15956,1.15956,1.15897,1.15943,2951.89
1510217100000,1.15944,1.15948,1.15914,1.15943,2186.8
1510218000000,1.15943,1.15981,1.15933,1.15968,1842.6
1510218900000,1.15967,1.15997,1.15966,1.15997,1533.99
1510219800000,1.15998,1.16051,1.1599,1.1599,2300.17
1510220700000,1.15991,1.16025,1.15966,1.1602,1836.3
1510221600000,1.1602,1.16047,1.1599,1.16043,2179.68
1510222500000,1.16042,1.16074,1.16023,1.16058,1699.02
1510223400000,1.16059,1.16087,1.16047,1.16056,1999.97
1510224300000,1.16055,1.16119,1.16055,1.16118,1554.39
1510225200000,1.16116,1.16126,1.16087,1.16105,2520.07
1510226100000,1.16106,1.16344,1.16106,1.16324,3832.85
1510227000000,1.16326,1.16388,1.16307,1.16375,4024.93
1510227900000,1.16374,1.16443,1.16338,1.16398,3538.71
1510228800000,1.16398,1.16402,1.16298,1.16312,3258.41
1510229700000,1.16312,1.16383,1.163,1.16334,2704.86
1510230600000,1.16334,1.16363,1.16252,1.16253,2222.71
1510231500000,1.16254,1.1632,1.16249,1.16317,2827.18
1510232400000,1.16314,1.16323,1.16252,1.16303,2178.9
1510233300000,1.16301,1.16315,1.16249,1.16265,2180.68
1510234200000,1.16267,1.16286,1.16163,1.16197,3775.85
1510235100000,1.16196,1.16197,1.16021,1.16043,4156.59
1510236000000,1.16041,1.16066,1.16003,1.16025,3201.7
1510236900000,1.16025,1.16081,1.16022,1.16076,2277.81
1510237800000,1.16076,1.16204,1.16069,1.16201,4008.42
1510238700000,1.16202,1.16321,1.16189,1.16312,4164.13
1510239600000,1.16314,1.1636,1.16266,1.16341,5004.15
1510240500000,1.16342,1.1636,1.16282,1.16298,3129.72
1510241400000,1.16299,1.16324,1.16221,1.16233,3641.2
1510242300000,1.16229,1.16263,1.16218,1.16239,3027.19
1510243200000,1.1624,1.16331,1.16239,1.16301,3100.67
1510244100000,1.163,1.16422,1.16289,1.16383,3408.06
1510245000000,1.16385,1.16449,1.1636,1.16421,3823.75
1510245900000,1.1642,1.1654,1.16408,1.16476,4882.33
1510246800000,1.16475,1.16482,1.16407,1.16475,3588.79
1510247700000,1.16475,1.16482,1.16395,1.16433,3135.07
1510248600000,1.16433,1.16522,1.16424,1.16511,3016.61
1510249500000,1.16511,1.16548,1.16401,1.16401,3081.81
1510250400000,1.16404,1.16488,1.16375,1.16445,2966.15
1510251300000,1.16444,1.16451,1.16401,1.1645,2502.95
1510252200000,1.16451,1.16476,1.16413,1.16472,2222.23
1510253100000,1.16472,1.16498,1.16461,1.16488,1675.84
1510254000000,1.16487,1.16493,1.16409,1.16414,2442.76
1510254900000,1.16415,1.16477,1.16415,1.16469,1536.69
1510255800000,1.16471,1.16482,1.16445,1.16472,2538.38
1510256700000,1.16471,1.16483,1.16453,1.16483,2801.45
1510257600000,1.16484,1.16499,1.1644,1.16473,3104.66
1510258500000,1.16471,1.16477,1.16446,1.16463,2491.68
1510259400000,1.16463,1.1647,1.16414,1.16429,1709.31
1510260300000,1.16429,1.16435,1.16419,1.16424,1541.87
1510261200000,1.16425,1.16439,1.16404,1.16407,1300.9
1510262100000,1.16409,1.16416,1.16399,1.16402,859.93
1510263000000,1.16402,1.16408,1.16391,1.16402,1342.21
1510263900000,1.16402,1.16424,1.16399,1.16412,1298.44
1510264800000,1.1641,1.16412,1.16383,1.16404,474.95
1510265700000,1.16407,1.16439,1.164,1.16415,975.57
1510266600000,1.16415,1.16442,1.1641,1.1641,945.25
1510267500000,1.1641,1.16449,1.1641,1.16427,1235.97
1510268400000,1.16427,1.16448,1.16412,1.16447,1007.85
1510269300000,1.16448,1.16452,1.16435,1.16443,557.69
1510270200000,1.16443,1.16443,1.16424,1.1644,600.49
1510271100000,1.1644,1.16482,1.16439,1.16462,589.38
1510272000000,1.16464,1.16532,1.16442,1.16519,1838.02
1510272900000,1.1652,1.1652,1.16475,1.16494,1302.98
1510273800000,1.16492,1.16515,1.16468,1.16504,1362.51
1510274700000,1.16504,1.1653,1.16487,1.16523,1068.64
1510275600000,1.16524,1.16544,1.16489,1.16493,1356.18
1510276500000,1.16493,1.16494,1.16469,1.16485,1548.43
1510277400000,1.16484,1.16494,1.16452,1.16468,938.74
1510278300000,1.16468,1.16486,1.16448,1.16459,1085.89
1510279200000,1.16459,1.16486,1.16442,1.16479,1201.37
1510280100000,1.16478,1.16479,1.16424,1.16433,990.65
1510281000000,1.16434,1.16468,1.16433,1.16464,1314.82
1510281900000,1.16463,1.16465,1.1645,1.16456,736.61
1510282800000,1.16455,1.16485,1.16454,1.16482,915.86
1510283700000,1.16481,1.16488,1.16458,1.16459,1157.74
1510284600000,1.1646,1.16473,1.16445,1.1646,943.79
1510285500000,1.16459,1.16475,1.16453,1.16475,958.68
1510286400000,1.16475,1.16496,1.16467,1.16468,526.06
1510287300000,1.16468,1.16484,1.16445,1.16463,914.66
1510288200000,1.16462,1.16462,1.16424,1.16433,930.01
1510289100000,1.16434,1.1645,1.16421,1.16439,839.04
1510290000000,1.16442,1.16442,1.16425,1.16435,823.11
1510290900000,1.16434,1.16436,1.16412,1.16417,798.9
1510291800000,1.16418,1.16464,1.16418,1.16458,1259.01
1510292700000,1.16458,1.16461,1.16427,1.16458,1299.67
1510293600000,1.16458,1.16493,1.16446,1.16489,1951.61
1510294500000,1.16489,1.16495,1.16445,1.16447,1797.3
1510295400000,1.16447,1.16464,1.16437,1.16455,1868.69
1510296300000,1.16455,1.16506,1.16449,1.16488,1624.27
1510297200000,1.16488,1.16488,1.16373,1.16378,2737.17
1510298100000,1.16377,1.16394,1.16353,1.16373,2643.09
1510299000000,1.16374,1.16403,1.16329,1.16386,2781.9
1510299900000,1.16385,1.16402,1.16326,1.1633,2442.25
1510300800000,1.16328,1.16332,1.16227,1.16285,3274.41
1510301700000,1.16285,1.16404,1.16274,1.16385,2617.87
1510302600000,1.16385,1.1642,1.16362,1.16386,2330.22
1510303500000,1.16388,1.16401,1.16331,1.16341,2155.63
1510304400000,1.16343,1.16355,1.16288,1.16343,2156.56
1510305300000,1.16347,1.16442,1.16347,1.16432,2596.01
1510306200000,1.16433,1.16505,1.16433,1.16474,2879.28
1510307100000,1.16473,1.1662,1.16466,1.16601,3480.47
1510308000000,1.166,1.166,1.16539,1.16549,2261.53
1510308900000,1.16548,1.16559,1.16513,1.16545,1964.56
1510309800000,1.16544,1.16572,1.16494,1.16522,2253.93
1510310700000,1.16522,1.16558,1.16501,1.16504,1993.78
1510311600000,1.16502,1.16508,1.1645,1.16497,1644.83
1510312500000,1.16497,1.16506,1.16429,1.16437,1660.33
1510313400000,1.16435,1.16444,1.16384,1.16435,2527.75
1510314300000,1.16437,1.16446,1.16389,1.16393,1638.29
1510315200000,1.16394,1.16477,1.16387,1.16447,2747.49
1510316100000,1.16447,1.16454,1.16414,1.16424,5599.8
1510317000000,1.16425,1.16451,1.16417,1.16449,1858.37
1510317900000,1.16451,1.16508,1.16451,1.16508,2598.7
1510318800000,1.16508,1.16548,1.16497,1.16536,2522.21
1510319700000,1.16536,1.16544,1.16454,1.16459,2697.29
1510320600000,1.16456,1.16506,1.16396,1.16406,2642.64
1510321500000,1.16405,1.16486,1.16402,1.16482,2663.76
1510322400000,1.16482,1.16537,1.1648,1.16515,2723.4
1510323300000,1.16515,1.16592,1.16501,1.16573,2366.54
1510324200000,1.16572,1.16637,1.16565,1.16586,2848.41
1510325100000,1.16585,1.16662,1.1655,1.16636,2946.39
1510326000000,1.1664,1.16718,1.16629,1.16687,3682.03
1510326900000,1.16688,1.16749,1.16667,1.16747,2671.88
1510327800000,1.16748,1.16778,1.16705,1.16737,3204.94
1510328700000,1.16736,1.16736,1.16602,1.16612,3013.52
1510329600000,1.16613,1.16624,1.16506,1.16525,3471.42
1510330500000,1.16526,1.16606,1.16508,1.16605,3082.19
1510331400000,1.16604,1.16616,1.16533,1.16544,2358.7
1510332300000,1.16542,1.16577,1.16529,1.16559,2518.94
1510333200000,1.1656,1.16597,1.16553,1.16559,2419.25
1510334100000,1.16561,1.16578,1.16558,1.16567,1572.66
1510335000000,1.16567,1.16568,1.1652,1.16567,1619.78
1510335900000,1.16567,1.16596,1.16532,1.16592,2018.31
1510336800000,1.16591,1.16616,1.1658,1.16609,1557.69
1510337700000,1.16609,1.16652,1.16606,1.16627,1674.31
1510338600000,1.16627,1.1663,1.16609,1.16624,1342.07
1510339500000,1.16624,1.16638,1.16608,1.16608,1527.78
1510340400000,1.16606,1.16615,1.16587,1.16609,1094.17
1510341300000,1.16609,1.16644,1.16587,1.16641,1113.8
1510342200000,1.16643,1.16668,1.16629,1.16666,1558.51
1510343100000,1.16665,1.16688,1.16649,1.16665,1476.96
1510344000000,1.16665,1.16686,1.16664,1.16679,1425.79
1510344900000,1.16679,1.16688,1.16664,1.16667,1587.82
1510345800000,1.16667,1.16668,1.16649,1.16653,1631.47
1510346700000,1.16653,1.16658,1.16632,1.16648,1410.26
1510347600000,1.1665,1.16676,1.16649,1.16668,1244.21
1510348500000,1.16668,1.16668,1.16645,1.16648,464.88
1510349400000,1.16648,1.16651,1.16641,1.16646,385.85
1510350300000,1.16647,1.16687,1.16633,1.16638,1036.42
1510524000000,1.16572,1.16629,1.16565,1.16604,498.12
1510524900000,1.16604,1.16605,1.1659,1.16596,363.44
1510525800000,1.16596,1.16599,1.16558,1.16572,268.39
1510526700000,1.16572,1.16628,1.16559,1.16575,996.6
1510527600000,1.16576,1.16598,1.16568,1.16588,1007.12
1510528500000,1.16589,1.16646,1.16588,1.16623,1093.91
1510529400000,1.16623,1.16646,1.16609,1.16629,808.81
1510530300000,1.16629,1.16629,1.16599,1.16609,672.09
1510531200000,1.16609,1.16619,1.16463,1.16468,1976.01
1510532100000,1.16468,1.16492,1.16449,1.16484,1427.19
1510533000000,1.16484,1.16514,1.16465,1.1648,858.64
1510533900000,1.1648,1.16498,1.1645,1.16487,1183.69
1510534800000,1.16487,1.16498,1.16447,1.16489,1203.64
1510535700000,1.16491,1.16514,1.16487,1.1651,1146.69
1510536600000,1.1651,1.16515,1.16466,1.16483,1526.68
1510537500000,1.16481,1.16505,1.16471,1.165,940.31
1510538400000,1.165,1.16513,1.16495,1.16511,846.19
1510539300000,1.16511,1.1653,1.16503,1.1653,1260.54
1510540200000,1.1653,1.16545,1.1652,1.16525,1021.07
1510541100000,1.16525,1.16531,1.16489,1.16496,1185.6
1510542000000,1.16495,1.1654,1.16488,1.16536,1032.6
1510542900000,1.16536,1.16549,1.16526,1.16531,558.46
1510543800000,1.16531,1.16551,1.16526,1.16551,857.2
1510544700000,1.16554,1.16565,1.16545,1.16553,939.99
1510545600000,1.16552,1.16553,1.16528,1.16541,793.9
1510546500000,1.16541,1.16543,1.16531,1.16532,713.14
1510547400000,1.16533,1.16533,1.16517,1.16518,1121.1
1510548300000,1.16517,1.16525,1.16513,1.16513,743.6
1510549200000,1.16513,1.1653,1.16507,1.16529,698.2
1510550100000,1.16529,1.16545,1.16524,1.16542,654.99
1510551000000,1.16542,1.16582,1.16539,1.1658,911.49
1510551900000,1.1658,1.166,1.16567,1.1658,1515.88
1510552800000,1.16579,1.16583,1.16542,1.16557,2195.04
1510553700000,1.16557,1.16559,1.16526,1.16526,1455.45
1510554600000,1.16526,1.1654,1.16491,1.16491,2435.91
1510555500000,1.1649,1.16532,1.16451,1.16484,1928.69
1510556400000,1.16484,1.16521,1.16477,1.16503,2164.11
1510557300000,1.165,1.16531,1.16464,1.16479,2225.9
1510558200000,1.16478,1.16523,1.16439,1.16444,2888.09
1510559100000,1.16443,1.16461,1.16393,1.16402,3862.41
1510560000000,1.16402,1.1645,1.16373,1.16393,3487.55
1510560900000,1.16389,1.16427,1.16384,1.16401,3184.17
1510561800000,1.16401,1.16481,1.16399,1.16444,2281.4
1510562700000,1.16444,1.16487,1.16421,1.16471,1940.28
1510563600000,1.16471,1.16476,1.16435,1.16473,2130.02
1510564500000,1.16473,1.16531,1.16472,1.16507,2102.77
1510565400000,1.16509,1.16514,1.16431,1.16431,2607.12
1510566300000,1.16432,1.16449,1.16411,1.16413,2492.27
1510567200000,1.16414,1.16444,1.1639,1.16392,1947.11
1510568100000,1.16391,1.16432,1.16381,1.16427,1841.11
1510569000000,1.16428,1.16458,1.16418,1.16452,1785.5
1510569900000,1.16452,1.16481,1.16438,1.16464,2014.42
1510570800000,1.16463,1.16491,1.16449,1.16464,1653.87
1510571700000,1.16464,1.16516,1.16464,1.16505,1828.31
1510572600000,1.16505,1.16527,1.16497,1.16514,1485.96
1510573500000,1.16514,1.16517,1.1648,1.16506,1655.71
1510574400000,1.16506,1.1658,1.16499,1.16566,2301.73
1510575300000,1.16565,1.16578,1.16549,1.16574,2470
1510576200000,1.16574,1.16593,1.16545,1.16572,2241.38
1510577100000,1.16572,1.166,1.16541,1.16541,2627.25
1510578000000,1.16539,1.1657,1.16533,1.16558,2251.66
1510578900000,1.16558,1.16738,1.16558,1.16723,3830.07
1510579800000,1.16723,1.16751,1.16647,1.16657,3079.06
1510580700000,1.16657,1.16732,1.16653,1.167,2285.68
1510581600000,1.16702,1.16743,1.16615,1.16633,2944.11
1510582500000,1.16633,1.16654,1.16605,1.16654,1961.73
1510583400000,1.16653,1.16653,1.1659,1.16625,2486.04
1510584300000,1.16625,1.16667,1.16605,1.16606,2742.61
1510585200000,1.16607,1.16688,1.16606,1.16678,3249.8
1510586100000,1.16676,1.16727,1.1665,1.16663,3081.37
1510587000000,1.16663,1.16697,1.16654,1.16673,2735.68
1510587900000,1.16672,1.16686,1.1661,1.16645,2598.86
1510588800000,1.16645,1.16657,1.16585,1.16587,2797.26
1510589700000,1.16584,1.16613,1.16549,1.16587,2442.94
1510590600000,1.16588,1.16617,1.16558,1.16576,2511.65
1510591500000,1.16576,1.1659,1.16555,1.16557,2004.34
1510592400000,1.16556,1.1658,1.1655,1.1656,1617.09
1510593300000,1.1656,1.1662,1.1656,1.16611,1447.4
1510594200000,1.1661,1.16619,1.16594,1.16604,1657.13
1510595100000,1.16604,1.16626,1.16597,1.16625,1783.54
1510596000000,1.16625,1.16681,1.16619,1.16677,2100.32
1510596900000,1.16677,1.16677,1.16623,1.16634,1326.62
1510597800000,1.16635,1.16665,1.16632,1.16656,839.42
1510598700000,1.16657,1.16669,1.16643,1.16648,1077.86
1510599600000,1.16648,1.16689,1.16645,1.16682,1909.75
1510600500000,1.16682,1.16686,1.16647,1.16655,1663.03
1510601400000,1.16655,1.16692,1.16644,1.1668,1399.15
1510602300000,1.16681,1.16689,1.16659,1.16672,1703.36
1510603200000,1.16669,1.16694,1.16647,1.16691,2108.13
1510604100000,1.16693,1.16698,1.16675,1.16691,1243.63
1510605000000,1.16691,1.16699,1.16673,1.16693,1585.62
1510605900000,1.16694,1.16709,1.16682,1.16684,1395.27
1510606800000,1.16684,1.16684,1.16663,1.16673,684.63
1510607700000,1.16674,1.1668,1.16667,1.16671,351.6
1510608600000,1.1667,1.1667,1.16647,1.16654,862.38
1510609500000,1.16654,1.16673,1.16651,1.1667,682.62
1510610400000,1.16666,1.16687,1.16665,1.16674,214.67
1510611300000,1.16674,1.16683,1.16645,1.16654,616.42
1510612200000,1.16656,1.16667,1.16645,1.16647,294.62
1510613100000,1.16647,1.16666,1.16641,1.16643,470.77
1510614000000,1.16641,1.16654,1.16635,1.1664,527.42
1510614900000,1.1664,1.16647,1.16638,1.16642,262.63
1510615800000,1.1664,1.16642,1.16617,1.16617,571.2
1510616700000,1.16617,1.1665,1.16614,1.16646,752.28
1510617600000,1.16646,1.16696,1.16625,1.16693,1264.53
1510618500000,1.16692,1.16701,1.16675,1.16693,553.53
1510619400000,1.16693,1.16748,1.16693,1.16739,1355.96
1510620300000,1.1674,1.16759,1.16703,1.16709,1237.21
1510621200000,1.1671,1.1673,1.16697,1.1672,1233.27
1510622100000,1.1672,1.16735,1.16688,1.16709,1207.03
1510623000000,1.16709,1.1672,1.16698,1.16718,961.45
1510623900000,1.16719,1.16724,1.16693,1.16703,942.5
1510624800000,1.167,1.16715,1.16667,1.16696,890.42
1510625700000,1.16698,1.16719,1.16696,1.16718,963.37
1510626600000,1.16719,1.16725,1.16703,1.16714,862.31
1510627500000,1.16713,1.16725,1.1671,1.16715,535.1
1510628400000,1.16716,1.16732,1.1671,1.16724,997.21
1510629300000,1.16727,1.16733,1.16714,1.16714,642.35
1510630200000,1.16714,1.16724,1.16698,1.1672,991.11
1510631100000,1.1672,1.16729,1.16709,1.16713,915.62
1510632000000,1.16713,1.1673,1.16701,1.16725,731.74
1510632900000,1.16725,1.16736,1.16714,1.16734,578.7
1510633800000,1.16734,1.16741,1.16728,1.16733,698.91
1510634700000,1.16733,1.16737,1.16722,1.16724,341.3
1510635600000,1.16724,1.16726,1.16707,1.16725,818.51
1510636500000,1.16725,1.16763,1.16725,1.16755,811.52
1510637400000,1.16754,1.16755,1.16736,1.16745,698.25
1510638300000,1.16744,1.16748,1.16736,1.16738,903.76
1510639200000,1.16738,1.16745,1.16721,1.16722,884.23
1510640100000,1.16722,1.16728,1.16697,1.16726,973.08
1510641000000,1.16727,1.16734,1.16684,1.16692,1383.3
1510641900000,1.16692,1.16692,1.16646,1.16649,1191.88
1510642800000,1.16649,1.16746,1.16649,1.16745,2077.63
1510643700000,1.16743,1.16899,1.16718,1.1686,3538.56
1510644600000,1.1686,1.16955,1.16852,1.16925,3362.43
1510645500000,1.16924,1.1696,1.16886,1.16893,3020.96
1510646400000,1.16894,1.16911,1.16849,1.16881,2812.24
1510647300000,1.16882,1.16999,1.16873,1.16949,2871.54
1510648200000,1.16951,1.17027,1.16927,1.16968,2520.68
1510649100000,1.16968,1.17101,1.16967,1.17097,2733.23
1510650000000,1.17097,1.17107,1.17047,1.17071,2172.34
1510650900000,1.1707,1.17078,1.1703,1.17075,1778.68
1510651800000,1.17078,1.17199,1.17052,1.17155,2982.04
1510652700000,1.17155,1.17194,1.17145,1.17182,2557.04
1510653600000,1.1718,1.17189,1.17129,1.17163,2776.13
1510654500000,1.17163,1.1725,1.17146,1.17201,2584.42
1510655400000,1.172,1.17245,1.17199,1.17201,2581.7
1510656300000,1.172,1.17205,1.17137,1.1717,2014.43
1510657200000,1.17171,1.17192,1.17162,1.17183,1663.41
1510658100000,1.17187,1.17242,1.17183,1.17228,2037.12
1510659000000,1.1723,1.17279,1.1723,1.17263,2381.14
1510659900000,1.17263,1.17263,1.17233,1.17236,1666.61
1510660800000,1.17237,1.17284,1.17224,1.1727,1678.35
1510661700000,1.17271,1.17298,1.17265,1.17294,2290.83
1510662600000,1.17295,1.17459,1.17294,1.17441,3956.6
1510663500000,1.17441,1.17465,1.17425,1.17465,2846.68
1510664400000,1.17465,1.17469,1.17422,1.17448,3014.6
1510665300000,1.17447,1.17499,1.17441,1.17479,2796.58
1510666200000,1.17478,1.17639,1.17388,1.17611,5160.17
1510667100000,1.17609,1.17609,1.17497,1.17518,3786.05
1510668000000,1.17518,1.17551,1.17494,1.17533,2797.06
1510668900000,1.17534,1.17594,1.17534,1.17563,2457.34
1510669800000,1.17563,1.17567,1.17462,1.17465,3569.14
1510670700000,1.17465,1.17532,1.1745,1.17515,3039
1510671600000,1.17515,1.17549,1.17462,1.17479,3338.77
1510672500000,1.17481,1.17559,1.17446,1.1755,3221.6
1510673400000,1.17549,1.17587,1.17494,1.17538,2933.73
1510674300000,1.17541,1.17577,1.1752,1.17554,3395.7
1510675200000,1.17554,1.17602,1.17513,1.17571,3349.91
1510676100000,1.17571,1.17719,1.17554,1.17695,2518.2
1510677000000,1.17696,1.17746,1.17688,1.17724,3080.41
1510677900000,1.17723,1.17724,1.1762,1.17631,2788.16
1510678800000,1.17632,1.17725,1.17624,1.17669,2335.13
1510679700000,1.17668,1.17669,1.1763,1.17658,1398.6
1510680600000,1.17657,1.17741,1.17641,1.1773,2043.78
1510681500000,1.17728,1.17853,1.17716,1.17814,3298.36
1510682400000,1.17813,1.1805,1.17812,1.18011,4774.04
1510683300000,1.18012,1.18047,1.17976,1.17978,3180.35
1510684200000,1.17977,1.18021,1.17964,1.17968,2975.54
1510685100000,1.17968,1.1802,1.17965,1.18003,1905.67
1510686000000,1.18001,1.18001,1.17932,1.17942,1875.36
1510686900000,1.17943,1.1796,1.17927,1.17951,1537.51
1510687800000,1.17953,1.17966,1.1793,1.17956,1588.88
1510688700000,1.17955,1.1797,1.17921,1.1794,1972.7
1510689600000,1.17942,1.17942,1.17888,1.17908,1575.52
1510690500000,1.1791,1.17925,1.17897,1.17919,1234.38
1510691400000,1.17917,1.17942,1.17903,1.17942,1138.01
1510692300000,1.17943,1.17949,1.17924,1.1793,1112.37
1510693200000,1.17928,1.17955,1.17924,1.17932,644.47
1510694100000,1.17931,1.17939,1.17918,1.1792,1027.14
1510695000000,1.17921,1.17973,1.17912,1.17957,1244.92
1510695900000,1.17958,1.17985,1.17951,1.17975,972.63
1510696800000,1.17975,1.17991,1.1795,1.17987,536.12
1510697700000,1.17987,1.18021,1.17976,1.18009,1245.17
1510698600000,1.18008,1.1802,1.17982,1.17985,807.24
1510699500000,1.17985,1.18003,1.17905,1.17978,821.82
1510700400000,1.17978,1.17986,1.17956,1.1797,971.79
1510701300000,1.17971,1.17976,1.17944,1.17944,759.4
1510702200000,1.17945,1.17946,1.17925,1.17927,1046.77
1510703100000,1.17927,1.17943,1.17906,1.17906,894.53
1510704000000,1.17907,1.17934,1.17892,1.17899,1675.32
1510704900000,1.179,1.17904,1.17866,1.17876,1199.8
1510705800000,1.17876,1.179,1.1786,1.17881,2275.48
1510706700000,1.1788,1.1794,1.17873,1.17924,1980.7
1510707600000,1.17924,1.17928,1.17882,1.17898,1307.47
1510708500000,1.17897,1.17952,1.17897,1.17932,2104.26
1510709400000,1.17932,1.17971,1.17921,1.17926,1565.05
1510710300000,1.17923,1.17932,1.17887,1.17894,1402.45
1510711200000,1.17895,1.1794,1.17886,1.17928,1531.32
1510712100000,1.17928,1.1793,1.17897,1.17917,1351.16
1510713000000,1.17918,1.17971,1.17917,1.17965,934.85
1510713900000,1.17963,1.17969,1.1793,1.17932,1054.05
1510714800000,1.17932,1.17953,1.17926,1.17929,922.92
1510715700000,1.17929,1.17935,1.17912,1.17922,1123.44
1510716600000,1.17923,1.17961,1.1792,1.1796,875.98
1510717500000,1.1796,1.17991,1.17939,1.17969,1793.21
1510718400000,1.17968,1.17969,1.17941,1.17947,984.14
1510719300000,1.17946,1.17953,1.17922,1.17949,1042.12
1510720200000,1.17949,1.17959,1.17938,1.17948,888.6
1510721100000,1.17947,1.17958,1.17921,1.17925,980.84
1510722000000,1.17925,1.17936,1.1791,1.17926,1292.17
1510722900000,1.17926,1.17928,1.17901,1.1792,735.11
1510723800000,1.17921,1.17925,1.17883,1.17884,1139.11
1510724700000,1.17884,1.17898,1.17861,1.17865,1017.12
1510725600000,1.17866,1.17884,1.17846,1.17879,868.31
1510726500000,1.17879,1.17935,1.17878,1.17932,1631.84
1510727400000,1.17933,1.1795,1.1792,1.17943,1419.27
1510728300000,1.17942,1.17949,1.17906,1.17925,1619.89
1510729200000,1.17924,1.18153,1.1792,1.18138,3283.06
1510730100000,1.18136,1.18168,1.18061,1.18087,3051.42
1510731000000,1.18087,1.18111,1.18063,1.181,2693.84
1510731900000,1.181,1.18116,1.18035,1.18113,3205.23
1510732800000,1.1811,1.18302,1.18078,1.18253,4820.27
1510733700000,1.18251,1.18258,1.18121,1.18229,3548.64
1510734600000,1.18228,1.18338,1.18222,1.18302,3137.36
1510735500000,1.18303,1.18435,1.18277,1.18383,3570.56
1510736400000,1.18385,1.18471,1.18337,1.18348,3232.75
1510737300000,1.18348,1.18469,1.18338,1.18462,2839.42
1510738200000,1.18461,1.18529,1.1842,1.18505,2445.42
1510739100000,1.18507,1.18515,1.18383,1.18395,3341.87
1510740000000,1.18394,1.18428,1.18356,1.18364,3039.41
1510740900000,1.18362,1.18362,1.18285,1.18354,3609.37
1510741800000,1.18352,1.18446,1.18345,1.18445,2513.81
1510742700000,1.18443,1.18466,1.18372,1.18461,2567.3
1510743600000,1.18461,1.18498,1.184,1.18454,2818.09
1510744500000,1.18453,1.18464,1.184,1.18408,2121.96
1510745400000,1.18408,1.18438,1.1834,1.18356,2710.23
1510746300000,1.18356,1.18472,1.18349,1.18466,2716.39
1510747200000,1.18467,1.18471,1.18399,1.18435,2348.16
1510748100000,1.18435,1.1847,1.1843,1.18433,3227.74
1510749000000,1.18433,1.18458,1.18389,1.18393,2137.32
1510749900000,1.18394,1.18404,1.18347,1.18367,2447.48
1510750800000,1.18369,1.18424,1.18331,1.184,3190.36
1510751700000,1.18396,1.18418,1.18353,1.18372,2753.9
1510752600000,1.18383,1.18604,1.18276,1.18585,6500.91
1510753500000,1.18584,1.18584,1.18332,1.18444,4953.67
1510754400000,1.18446,1.18448,1.18212,1.18249,4588.1
1510755300000,1.18249,1.18278,1.18157,1.18164,2928.72
1510756200000,1.18162,1.18287,1.18161,1.18239,4888.61
1510757100000,1.1824,1.18248,1.18141,1.182,4471.23
1510758000000,1.18203,1.18206,1.18066,1.18087,4276.98
1510758900000,1.18086,1.18143,1.18082,1.18133,3420.91
1510759800000,1.18131,1.18148,1.18061,1.18094,3344.01
1510760700000,1.18094,1.1815,1.17996,1.18008,3824.68
1510761600000,1.18008,1.18031,1.17935,1.17959,3952.9
1510762500000,1.17961,1.18003,1.1793,1.17981,2800.07
1510763400000,1.1798,1.17983,1.17905,1.17912,2415.08
1510764300000,1.17915,1.17949,1.17898,1.17929,2086.71
1510765200000,1.17933,1.17992,1.17933,1.17975,2309.32
1510766100000,1.17975,1.17982,1.1791,1.17918,1761.99
1510767000000,1.17919,1.17949,1.17916,1.17943,1330.41
1510767900000,1.17941,1.18003,1.17938,1.17975,1954.64
1510768800000,1.17975,1.18027,1.1796,1.1802,1798.55
1510769700000,1.1802,1.18033,1.17997,1.18008,1739.7
1510770600000,1.18007,1.18034,1.17981,1.1801,1871.77
1510771500000,1.18009,1.18028,1.18007,1.18019,1956.6
1510772400000,1.18021,1.18025,1.17965,1.18016,2424.88
1510773300000,1.18015,1.18034,1.17966,1.1798,1961
1510774200000,1.1798,1.17989,1.1794,1.17941,1746.29
1510775100000,1.17941,1.17964,1.17898,1.17934,2151.95
1510776000000,1.17931,1.17941,1.17903,1.17916,1638.62
1510776900000,1.17916,1.17954,1.179,1.17927,2179.24
1510777800000,1.17926,1.17959,1.17901,1.17941,1870.38
1510778700000,1.1794,1.17952,1.17905,1.17921,2467.43
1510779600000,1.17925,1.17936,1.17896,1.17915,930.7
1510780500000,1.17915,1.17916,1.17888,1.17904,976.15
1510781400000,1.17903,1.17914,1.17891,1.17897,866.38
1510782300000,1.17898,1.17921,1.17886,1.17907,903.79
1510783200000,1.17905,1.1792,1.17862,1.17868,601.5
1510784100000,1.17866,1.17898,1.178,1.17804,1965.66
1510785000000,1.17804,1.1783,1.17713,1.17716,1732.24
1510785900000,1.17721,1.17738,1.17683,1.17696,1904
1510786800000,1.17694,1.17812,1.17694,1.17799,1599.18
1510787700000,1.17799,1.17807,1.17767,1.17787,778.85
1510788600000,1.17787,1.17811,1.17763,1.17808,646.58
1510789500000,1.17812,1.1783,1.17801,1.17826,667.73
1510790400000,1.17826,1.17864,1.17806,1.17852,1487.89
1510791300000,1.17852,1.17857,1.17808,1.17809,1313.6
1510792200000,1.17809,1.17837,1.17773,1.17784,1699.09
1510793100000,1.17784,1.17809,1.17771,1.17807,972.74
1510794000000,1.1781,1.17844,1.1781,1.17837,1315.27
1510794900000,1.17838,1.17873,1.17835,1.17863,1353.75
1510795800000,1.17864,1.17892,1.1785,1.17866,1093.27
1510796700000,1.17866,1.17881,1.17853,1.17877,812.71
1510797600000,1.17875,1.17875,1.17817,1.17822,1262.39
1510798500000,1.17822,1.17838,1.1779,1.17797,1028.89
1510799400000,1.17796,1.17845,1.17795,1.17832,772.73
1510800300000,1.17831,1.17833,1.17794,1.17808,988.06
1510801200000,1.17808,1.17822,1.17803,1.17812,785.27
1510802100000,1.17811,1.17823,1.17795,1.17802,1176.42
1510803000000,1.17802,1.17807,1.1779,1.17797,689.61
1510803900000,1.17797,1.17797,1.17768,1.17774,672.77
1510804800000,1.17775,1.17782,1.17765,1.17772,884.19
1510805700000,1.17772,1.17802,1.17771,1.17787,989.72
1510806600000,1.1779,1.178,1.1778,1.17786,746.24
1510807500000,1.17786,1.17787,1.17765,1.17767,863.33
1510808400000,1.17771,1.17783,1.17757,1.17775,787.22
1510809300000,1.17775,1.17801,1.17766,1.17797,1116.39
1510810200000,1.17796,1.17806,1.17785,1.17796,532.29
1510811100000,1.17796,1.17807,1.17783,1.17792,668.56
1510812000000,1.17791,1.17848,1.17788,1.17842,1889.51
1510812900000,1.17842,1.17966,1.1784,1.17956,1911.23
1510813800000,1.17956,1.17956,1.1789,1.17891,1672.82
1510814700000,1.1789,1.18008,1.17889,1.17997,1695.8
1510815600000,1.17998,1.17998,1.17873,1.17877,2228.57
1510816500000,1.17877,1.17881,1.17781,1.1783,3438.01
1510817400000,1.17824,1.17837,1.17745,1.17798,2539.41
1510818300000,1.17798,1.17857,1.17713,1.17713,2930.56
1510819200000,1.17715,1.17838,1.17715,1.1778,3322.9
1510820100000,1.1778,1.17938,1.17778,1.17853,3379.14
1510821000000,1.17853,1.17966,1.17849,1.17948,2796.98
1510821900000,1.17948,1.17952,1.17841,1.17893,2596.17
1510822800000,1.17893,1.17903,1.17783,1.17805,2635.82
1510823700000,1.17805,1.17808,1.17732,1.17756,2496.64
1510824600000,1.17757,1.17824,1.17745,1.17783,2632.95
1510825500000,1.17782,1.17799,1.17739,1.17758,2264.14
1510826400000,1.1776,1.17776,1.177,1.17722,2764.38
1510827300000,1.17722,1.17731,1.1768,1.17697,2510.86
1510828200000,1.17695,1.17778,1.17695,1.17744,2006.92
1510829100000,1.17741,1.17758,1.17682,1.17702,1866.81
1510830000000,1.17703,1.17705,1.17636,1.17662,2946.26
1510830900000,1.17659,1.17687,1.17621,1.1768,2039.01
1510831800000,1.17679,1.17694,1.17569,1.17619,2405.26
1510832700000,1.17617,1.17669,1.17612,1.17647,1949.86
1510833600000,1.17646,1.17686,1.17589,1.17679,2402.08
1510834500000,1.17678,1.17684,1.17654,1.1767,1715.91
1510835400000,1.17669,1.17687,1.17596,1.17623,2382.3
1510836300000,1.17623,1.17659,1.17594,1.17607,2485.51
1510837200000,1.1761,1.17708,1.1761,1.17707,2974.68
1510838100000,1.17708,1.17737,1.17662,1.17689,2452.21
1510839000000,1.17688,1.17794,1.17687,1.17728,3368.34
1510839900000,1.17728,1.17781,1.17726,1.17753,1988.43
1510840800000,1.17752,1.17797,1.17668,1.17789,2529.78
1510841700000,1.17788,1.17804,1.17712,1.17763,3475.72
1510842600000,1.17761,1.17828,1.17734,1.17782,3636.56
1510843500000,1.17784,1.17845,1.1776,1.17787,2503.07
1510844400000,1.17789,1.17851,1.17747,1.17766,3275.22
1510845300000,1.17765,1.17765,1.17621,1.17634,3202.78
1510846200000,1.17634,1.17676,1.17605,1.17669,2986.33
1510847100000,1.17668,1.1777,1.17665,1.17731,2977.03
1510848000000,1.17737,1.17748,1.1768,1.17723,2453.11
1510848900000,1.17722,1.17729,1.17668,1.17677,1820.07
1510849800000,1.17678,1.17771,1.17677,1.17771,2499.75
1510850700000,1.17771,1.17774,1.17707,1.1772,2371.68
1510851600000,1.17721,1.17746,1.17705,1.17725,2335.61
1510852500000,1.17726,1.17753,1.1771,1.17753,2100.11
1510853400000,1.17753,1.17787,1.17742,1.17767,2650.67
1510854300000,1.17768,1.17791,1.17724,1.17733,1731.08
1510855200000,1.1773,1.17774,1.17705,1.17755,1405.03
1510856100000,1.17755,1.17772,1.1771,1.17714,2139.44
1510857000000,1.17715,1.17731,1.17689,1.17698,1690.15
1510857900000,1.17697,1.17727,1.17677,1.17686,1684.18
1510858800000,1.17688,1.17688,1.17603,1.17618,1628.83
1510859700000,1.17618,1.17661,1.17611,1.17616,1398.14
1510860600000,1.17616,1.17661,1.17592,1.1766,1604
1510861500000,1.1766,1.17687,1.1764,1.17653,1870.18
1510862400000,1.17655,1.17658,1.17632,1.17647,1294.95
1510863300000,1.17647,1.17657,1.17632,1.17638,1170.33
1510864200000,1.17638,1.17664,1.17611,1.17664,1233.36
1510865100000,1.17664,1.17705,1.1765,1.17703,1562.64
1510866000000,1.17703,1.17717,1.17675,1.17682,1144.91
1510866900000,1.17684,1.17725,1.17684,1.17716,1078.74
1510867800000,1.17716,1.17724,1.17696,1.17708,1019.91
1510868700000,1.17707,1.17707,1.17672,1.17697,1231.84
1510869600000,1.17694,1.17709,1.17682,1.17695,424.18
1510870500000,1.17697,1.17717,1.17685,1.17701,1045.03
1510871400000,1.17697,1.17708,1.17685,1.17705,397.32
1510872300000,1.17705,1.17711,1.1769,1.17706,1098.11
1510873200000,1.17706,1.17722,1.17693,1.177,693.21
1510874100000,1.17699,1.17699,1.17653,1.17665,721.23
1510875000000,1.17668,1.17683,1.17661,1.17673,489.74
1510875900000,1.17673,1.17784,1.17662,1.17781,1194.9
1510876800000,1.17783,1.17817,1.17753,1.17816,2218.57
1510877700000,1.17816,1.17882,1.17812,1.17856,1896.17
1510878600000,1.17855,1.1794,1.17832,1.17897,1760.32
1510879500000,1.17897,1.17897,1.17853,1.17896,1369.34
1510880400000,1.17894,1.17919,1.1787,1.17909,1192.36
1510881300000,1.17909,1.18008,1.17904,1.17986,1779.28
1510882200000,1.17987,1.18096,1.17968,1.18073,3630.93
1510883100000,1.18072,1.18162,1.18046,1.18129,2751.53
1510884000000,1.18128,1.18163,1.18097,1.18113,2189.74
1510884900000,1.18114,1.18217,1.18113,1.18183,3030.46
1510885800000,1.18182,1.18206,1.18145,1.18153,1759.47
1510886700000,1.18151,1.18212,1.18132,1.18201,1559.21
1510887600000,1.18201,1.18202,1.18145,1.18152,1445.46
1510888500000,1.18151,1.18157,1.18058,1.18066,2290.23
1510889400000,1.18065,1.18078,1.18039,1.1806,1850.53
1510890300000,1.18059,1.18122,1.18058,1.18085,1105.94
1510891200000,1.18084,1.18122,1.18081,1.18086,1176.5
1510892100000,1.18086,1.18097,1.18065,1.18067,1123.72
1510893000000,1.18067,1.18093,1.18041,1.18082,1094.11
1510893900000,1.18084,1.18084,1.18039,1.1804,1142.74
1510894800000,1.18041,1.18062,1.18035,1.18056,1166.32
1510895700000,1.18056,1.18092,1.18047,1.18092,1267.27
1510896600000,1.18092,1.1811,1.1807,1.18086,1013.76
1510897500000,1.18086,1.18091,1.18026,1.18035,1228.32
1510898400000,1.18036,1.18124,1.18035,1.18098,1309.36
1510899300000,1.18095,1.18108,1.1807,1.18085,2007.17
1510900200000,1.18088,1.18102,1.18044,1.18071,1989.91
1510901100000,1.18071,1.18158,1.1807,1.18121,1963.63
1510902000000,1.18122,1.18123,1.18011,1.18031,1584.8
1510902900000,1.18034,1.18081,1.17975,1.17976,2363.5
1510903800000,1.17975,1.18032,1.17907,1.17927,3771.16
1510904700000,1.17926,1.1795,1.17867,1.17871,2838.05
1510905600000,1.17871,1.17923,1.17848,1.17918,3278.88
1510906500000,1.17916,1.1792,1.17843,1.17872,2422.13
1510907400000,1.17871,1.18,1.17851,1.17952,3069.38
1510908300000,1.17952,1.17956,1.17839,1.17865,2697.58
1510909200000,1.17866,1.18007,1.17857,1.17964,2805.61
1510910100000,1.17964,1.17968,1.17922,1.17955,1473.67
1510911000000,1.17955,1.18026,1.1791,1.18002,2248.12
1510911900000,1.18004,1.18006,1.17925,1.17936,1994.56
1510912800000,1.17936,1.17964,1.17921,1.17934,1739.59
1510913700000,1.17933,1.17999,1.1792,1.17992,1694.27
1510914600000,1.17992,1.18029,1.17971,1.18005,1940.77
1510915500000,1.18005,1.18018,1.17976,1.18017,2539.55
1510916400000,1.18015,1.18125,1.18,1.18013,2844.21
1510917300000,1.18013,1.18089,1.18008,1.18066,1911.32
1510918200000,1.18066,1.18068,1.17967,1.17967,1821.07
1510919100000,1.17967,1.17988,1.17931,1.1794,1833.69
1510920000000,1.17938,1.17976,1.17909,1.17966,1921.31
1510920900000,1.17965,1.17976,1.17924,1.1795,2142.1
1510921800000,1.1795,1.18007,1.1794,1.17977,2033.69
1510922700000,1.17977,1.17977,1.17901,1.17917,2387.66
1510923600000,1.17917,1.17964,1.17907,1.17947,2095.09
1510924500000,1.17946,1.17954,1.17887,1.17899,2121.89
1510925400000,1.17897,1.17905,1.17762,1.17851,3334.03
1510926300000,1.17851,1.179,1.17738,1.17872,3337.84
1510927200000,1.17874,1.17984,1.17869,1.17954,3230.72
1510928100000,1.17953,1.18009,1.1794,1.17993,3038.06
1510929000000,1.17996,1.18026,1.17952,1.17975,3289.94
1510929900000,1.17976,1.1802,1.17914,1.17947,2999.15
1510930800000,1.17947,1.17979,1.17922,1.1793,3048.04
1510931700000,1.1793,1.17943,1.1786,1.17862,2964.6
1510932600000,1.17862,1.17897,1.17806,1.17863,3093.37
1510933500000,1.17863,1.17891,1.17802,1.17808,3070.58
1510934400000,1.17809,1.17849,1.17763,1.17844,3778.79
1510935300000,1.17843,1.17944,1.17839,1.17937,3250.23
1510936200000,1.17935,1.17957,1.17905,1.17925,3289.12
1510937100000,1.17926,1.1798,1.17891,1.17975,2942.33
1510938000000,1.17975,1.17993,1.17926,1.17932,2811.84
1510938900000,1.17931,1.17936,1.17877,1.17881,1991.85
1510939800000,1.1788,1.17943,1.17878,1.17939,2185.93
1510940700000,1.17939,1.18015,1.17933,1.18013,3021.47
1510941600000,1.18014,1.18059,1.18013,1.18019,2391.13
1510942500000,1.18018,1.18053,1.18007,1.18027,1967.52
1510943400000,1.18024,1.18053,1.18011,1.18032,1720.45
1510944300000,1.18031,1.18034,1.17981,1.17998,1768.02
1510945200000,1.18001,1.18001,1.17942,1.17957,1675.18
1510946100000,1.17957,1.17972,1.17942,1.17948,1761.56
1510947000000,1.17949,1.17961,1.17922,1.17928,1458.1
1510947900000,1.1793,1.17976,1.17927,1.17967,1717.25
1510948800000,1.17966,1.18002,1.17955,1.18001,1953.29
1510949700000,1.18002,1.18042,1.1799,1.18037,1987.21
1510950600000,1.18037,1.18058,1.18004,1.18022,1925.33
1510951500000,1.18022,1.18026,1.17947,1.17947,2078.52
1510952400000,1.17946,1.17947,1.17887,1.17927,1101.44
1510953300000,1.17927,1.17942,1.17924,1.17926,625.72
1510954200000,1.17926,1.17927,1.17881,1.17907,1273.52
1510955100000,1.17908,1.17908,1.17861,1.17879,1249.8
1511128800000,1.17857,1.17885,1.17821,1.17865,344.08
1511129700000,1.17865,1.1797,1.17865,1.17955,813.07
1511130600000,1.17954,1.1797,1.17914,1.17954,1198.34
1511131500000,1.17953,1.17969,1.17652,1.17652,2855.32
1511132400000,1.17662,1.17686,1.1744,1.17461,3682.48
1511133300000,1.17462,1.17506,1.17397,1.17397,2329.65
1511134200000,1.17397,1.17404,1.17223,1.17351,3433.2
1511135100000,1.17352,1.17389,1.17297,1.17344,1455.03
1511136000000,1.17344,1.17478,1.17316,1.17447,2763.02
1511136900000,1.17446,1.17505,1.17439,1.17482,1819.15
1511137800000,1.17482,1.17495,1.17424,1.17455,1638.8
1511138700000,1.17455,1.17473,1.17414,1.17439,1665.82
1511139600000,1.17438,1.175,1.17414,1.17474,1700.1
1511140500000,1.17474,1.17478,1.17431,1.1746,1134.47
1511141400000,1.1746,1.17469,1.17377,1.17377,1255.54
1511142300000,1.17376,1.17475,1.17376,1.17448,1549.48
1511143200000,1.17447,1.17458,1.17396,1.17405,1560.33
1511144100000,1.17406,1.17406,1.17249,1.17265,2007.5
1511145000000,1.17265,1.17338,1.17254,1.17317,1369.59
1511145900000,1.17317,1.17367,1.17314,1.17366,818.52
1511146800000,1.17366,1.17375,1.17329,1.17365,1023.7
1511147700000,1.17365,1.17367,1.17346,1.17356,603.95
1511148600000,1.17355,1.1738,1.17355,1.17367,821.78
1511149500000,1.17366,1.1737,1.17351,1.17366,698.38
1511150400000,1.17365,1.17373,1.17337,1.17342,743.8
1511151300000,1.17341,1.17348,1.17337,1.1734,612.51
1511152200000,1.17341,1.17349,1.17273,1.17291,991.87
1511153100000,1.17291,1.17328,1.17278,1.17288,643.59
1511154000000,1.17287,1.17329,1.17282,1.17324,682.41
1511154900000,1.17324,1.17327,1.17304,1.17314,620.43
1511155800000,1.17315,1.1736,1.17282,1.17339,1318.14
1511156700000,1.17339,1.17366,1.17332,1.17336,1710.48
1511157600000,1.17334,1.17373,1.1732,1.17361,1986.51
1511158500000,1.1736,1.17381,1.17326,1.17349,1395.4
1511159400000,1.17349,1.17411,1.17347,1.17389,1107.02
1511160300000,1.17389,1.17393,1.17324,1.1736,1944.39
1511161200000,1.17363,1.17451,1.17349,1.17444,3169.13
1511162100000,1.17444,1.17514,1.1744,1.17509,2967.69
1511163000000,1.17509,1.17551,1.17471,1.17498,2898.59
1511163900000,1.17498,1.17552,1.17498,1.17543,2438.53
1511164800000,1.17547,1.17692,1.17518,1.17642,3772.69
1511165700000,1.17642,1.17833,1.17639,1.17778,4400.86
1511166600000,1.17778,1.17957,1.17722,1.17944,4601.14
1511167500000,1.17944,1.18085,1.17942,1.17988,5018.21
1511168400000,1.17986,1.18028,1.17956,1.1797,2821.37
1511169300000,1.17971,1.17994,1.17923,1.17943,2659.76
1511170200000,1.17946,1.18023,1.17946,1.17989,2364.32
1511171100000,1.17989,1.18047,1.17942,1.17943,2313.7
1511172000000,1.17943,1.17964,1.17869,1.17872,2767.35
1511172900000,1.17873,1.17909,1.17851,1.17853,2640.44
1511173800000,1.17854,1.17931,1.17853,1.17904,2265.07
1511174700000,1.17906,1.1793,1.17864,1.17881,2392.49
1511175600000,1.1788,1.17894,1.17851,1.17852,2621.63
1511176500000,1.17851,1.17889,1.17793,1.17887,2869.86
1511177400000,1.17886,1.17903,1.17832,1.17837,2076.23
1511178300000,1.17837,1.17848,1.17723,1.1776,2808.88
1511179200000,1.17758,1.17779,1.17748,1.1777,2133.65
1511180100000,1.17769,1.17843,1.17749,1.17818,2125.21
1511181000000,1.1782,1.17859,1.17815,1.17837,1887.38
1511181900000,1.17837,1.17856,1.17749,1.17828,3156.02
1511182800000,1.17829,1.17845,1.17771,1.17802,3185.35
1511183700000,1.17803,1.1781,1.17731,1.17752,2747.29
1511184600000,1.17751,1.17768,1.17665,1.17717,3145.96
1511185500000,1.17716,1.17748,1.17673,1.17709,2990.86
1511186400000,1.17709,1.17752,1.17692,1.17715,2613.26
1511187300000,1.17716,1.17735,1.17675,1.17681,2823.71
1511188200000,1.17682,1.17754,1.1761,1.17628,3528.45
1511189100000,1.1762,1.1762,1.17557,1.17568,3331.45
1511190000000,1.17569,1.1759,1.17435,1.17463,3454.89
1511190900000,1.17463,1.17493,1.1742,1.17443,2582.56
1511191800000,1.17444,1.17477,1.17431,1.17444,2177.47
1511192700000,1.17446,1.17512,1.17422,1.1748,2762.31
1511193600000,1.17481,1.17548,1.17461,1.17497,2759.3
1511194500000,1.17498,1.1755,1.17472,1.1752,2477.34
1511195400000,1.1752,1.17522,1.17318,1.1737,3754.18
1511196300000,1.1737,1.17414,1.17361,1.17399,2145.69
1511197200000,1.17401,1.17406,1.17346,1.17358,1764.24
1511198100000,1.17359,1.17425,1.17359,1.17405,1808.82
1511199000000,1.17404,1.17456,1.17373,1.17451,1729.69
1511199900000,1.17454,1.17495,1.17444,1.17468,1582.54
1511200800000,1.17471,1.17489,1.17442,1.1748,1265.92
1511201700000,1.17479,1.17507,1.17453,1.17486,1482.67
1511202600000,1.17486,1.17486,1.17395,1.17402,1340.14
1511203500000,1.17403,1.17418,1.1736,1.17363,1424.91
1511204400000,1.17363,1.17375,1.1732,1.17356,1969.56
1511205300000,1.17357,1.17372,1.17313,1.17322,1515.51
1511206200000,1.17324,1.17333,1.17298,1.17333,1759.99
1511207100000,1.17332,1.17365,1.17304,1.1732,1971.93
1511208000000,1.17318,1.17328,1.1728,1.17316,1453.46
1511208900000,1.17316,1.17333,1.17295,1.17326,1116.8
1511209800000,1.17325,1.17364,1.17321,1.17331,1067.95
1511210700000,1.17331,1.17333,1.1728,1.17289,1749.32
1511211600000,1.17287,1.17315,1.17286,1.17297,1384.21
1511212500000,1.17297,1.1734,1.17297,1.17335,941.55
1511213400000,1.17336,1.17347,1.17326,1.1734,511.54
1511214300000,1.17341,1.17341,1.17314,1.17328,1021.36
1511215200000,1.17323,1.17338,1.1732,1.17324,359.2
1511216100000,1.17324,1.17345,1.17322,1.17333,854.59
1511217000000,1.17333,1.17354,1.1733,1.1734,1444.82
1511217900000,1.1734,1.17352,1.17324,1.17338,788.43
1511218800000,1.17338,1.17363,1.1733,1.1734,1123.85
1511219700000,1.1734,1.17367,1.17333,1.17354,403.52
1511220600000,1.17354,1.17367,1.1735,1.17354,683.62
1511221500000,1.17354,1.1738,1.1735,1.17371,571.24
1511222400000,1.17372,1.17408,1.17365,1.17403,1031.45
1511223300000,1.17403,1.17413,1.17377,1.17404,879.56
1511224200000,1.17404,1.17437,1.17396,1.17412,729.98
1511225100000,1.17412,1.17445,1.17408,1.17431,1152.02
1511226000000,1.1743,1.17445,1.17405,1.17423,1046.57
1511226900000,1.1742,1.17427,1.17326,1.17342,1395.18
1511227800000,1.17342,1.17363,1.17306,1.17311,1239.59
1511228700000,1.17312,1.17338,1.17312,1.17332,1279.21
1511229600000,1.17337,1.17337,1.17301,1.17324,970.23
1511230500000,1.17323,1.17338,1.17311,1.17334,878.67
1511231400000,1.17334,1.17361,1.17313,1.17314,1105.94
1511232300000,1.17313,1.17354,1.17311,1.17347,653.1
1511233200000,1.17348,1.17377,1.17337,1.17377,826.15
1511234100000,1.17377,1.17381,1.17369,1.17375,475.11
1511235000000,1.17375,1.17388,1.17373,1.17382,818.04
1511235900000,1.17383,1.17383,1.17362,1.17382,414.37
1511236800000,1.17382,1.17388,1.1737,1.17375,509.03
1511237700000,1.17375,1.1738,1.17367,1.17374,753.68
1511238600000,1.17374,1.17386,1.17366,1.17382,454.77
1511239500000,1.17382,1.17391,1.17372,1.17386,695.27
1511240400000,1.17386,1.17392,1.17376,1.17388,429.74
1511241300000,1.17389,1.17394,1.17377,1.17379,382.19
1511242200000,1.17378,1.17389,1.17373,1.17387,749.56
1511243100000,1.17387,1.17433,1.17379,1.17418,677.45
1511244000000,1.17416,1.17493,1.17413,1.17477,1560.42
1511244900000,1.17479,1.17487,1.17426,1.17431,989.6
1511245800000,1.1743,1.17463,1.17404,1.17404,1159.16
1511246700000,1.17404,1.17468,1.17382,1.17427,1365.71
1511247600000,1.17427,1.1747,1.17403,1.17437,2048.73
1511248500000,1.17437,1.17495,1.17411,1.17447,1957.29
1511249400000,1.17446,1.17469,1.17398,1.17399,1986.11
1511250300000,1.17398,1.174,1.17302,1.17361,2737.53
1511251200000,1.1736,1.17486,1.17327,1.17444,3190.87
1511252100000,1.17445,1.17577,1.17444,1.175,10924.75
1511253000000,1.175,1.17513,1.17379,1.17426,2390.61
1511253900000,1.17425,1.17426,1.1737,1.17387,2168.36
1511254800000,1.17385,1.17419,1.17319,1.17324,2408.68
1511255700000,1.17322,1.17387,1.17308,1.17364,2318.89
1511256600000,1.17366,1.17366,1.17139,1.17209,3584.88
1511257500000,1.17208,1.17325,1.17178,1.17287,3309.08
1511258400000,1.17286,1.17347,1.17259,1.17346,2507.64
1511259300000,1.17346,1.17398,1.17313,1.17361,2817.91
1511260200000,1.17361,1.17395,1.17324,1.17362,2267.18
1511261100000,1.17363,1.17466,1.17361,1.17369,3119.42
1511262000000,1.1737,1.17372,1.17246,1.17264,2939.21
1511262900000,1.17265,1.17287,1.17236,1.17265,2178.87
1511263800000,1.17266,1.17288,1.17211,1.17281,2316.2
1511264700000,1.17281,1.17302,1.17221,1.17221,2323.23
1511265600000,1.1722,1.17259,1.17192,1.17208,2566.85
1511266500000,1.17209,1.17279,1.17193,1.1725,2376.32
1511267400000,1.17251,1.17264,1.17208,1.1724,2108.33
1511268300000,1.1724,1.17269,1.17148,1.17155,2531.22
1511269200000,1.17158,1.172,1.17128,1.17181,3115.88
1511270100000,1.17182,1.17219,1.17157,1.17206,2229.95
1511271000000,1.17206,1.17255,1.17187,1.1724,2092.45
1511271900000,1.1724,1.17284,1.17203,1.1722,2491.29
1511272800000,1.17219,1.17272,1.1718,1.17247,3531.3
1511273700000,1.17246,1.17262,1.17207,1.17262,2990.98
1511274600000,1.17262,1.17339,1.17247,1.1728,3190.1
1511275500000,1.1728,1.17399,1.17272,1.17372,2634.39
1511276400000,1.17371,1.1744,1.17284,1.17422,3446.13
1511277300000,1.17422,1.17446,1.1735,1.17384,2661.76
1511278200000,1.17384,1.17404,1.1731,1.1732,3392.43
1511279100000,1.17318,1.17338,1.17241,1.17252,2588.08
1511280000000,1.17249,1.17322,1.1724,1.17315,3149.15
1511280900000,1.17315,1.17416,1.17312,1.17406,3108.38
1511281800000,1.17401,1.17481,1.17391,1.1745,3017.36
1511282700000,1.1745,1.17458,1.17395,1.17409,2743.39
1511283600000,1.17409,1.17422,1.17343,1.17398,2685.79
1511284500000,1.174,1.17422,1.17362,1.17362,1996.52
1511285400000,1.17362,1.17441,1.1735,1.1739,2347.58
1511286300000,1.1739,1.17428,1.17373,1.17426,1797.7
1511287200000,1.17426,1.17519,1.17413,1.17505,2621.75
1511288100000,1.17507,1.17507,1.17437,1.17439,2324.35
1511289000000,1.17438,1.17445,1.17364,1.17388,2479.24
1511289900000,1.17389,1.17466,1.17355,1.17461,2016.66
1511290800000,1.17461,1.17476,1.17438,1.17459,2113.45
1511291700000,1.17458,1.17497,1.17431,1.17462,2196.08
1511292600000,1.17464,1.17468,1.17396,1.17397,1835.43
1511293500000,1.17397,1.17433,1.17389,1.17427,1769.33
1511294400000,1.17427,1.17452,1.1739,1.17395,1795.18
1511295300000,1.17395,1.17436,1.17358,1.17409,1986.92
1511296200000,1.17409,1.17416,1.1736,1.1737,1034.12
1511297100000,1.17373,1.17395,1.17349,1.17386,1585.01
1511298000000,1.17389,1.17398,1.17351,1.17396,1027.48
1511298900000,1.17396,1.17417,1.1739,1.17417,839.74
1511299800000,1.17417,1.17432,1.17384,1.17389,1328.35
1511300700000,1.17389,1.17395,1.1737,1.17378,1029.8
1511301600000,1.17378,1.17414,1.17343,1.17355,470.43
1511302500000,1.17356,1.17364,1.17324,1.17347,988.77
1511303400000,1.17346,1.17364,1.17335,1.17352,882.99
1511304300000,1.17351,1.17365,1.17321,1.17335,1348.06
1511305200000,1.1734,1.17381,1.17332,1.17359,877.67
1511306100000,1.17355,1.17471,1.17355,1.1738,909.37
1511307000000,1.17379,1.17384,1.17365,1.17369,783.89
1511307900000,1.1737,1.17424,1.17365,1.17416,1267.53
1511308800000,1.17416,1.17431,1.1738,1.17395,1679.69
1511309700000,1.17394,1.17462,1.17382,1.17457,1571
1511310600000,1.17457,1.17477,1.17413,1.17426,876.35
1511311500000,1.17427,1.17431,1.17375,1.17406,932.17
1511312400000,1.17405,1.17415,1.17374,1.17383,1087.28
1511313300000,1.17383,1.1739,1.17361,1.17369,948.95
1511314200000,1.17369,1.17393,1.17354,1.17377,1053.2
1511315100000,1.17377,1.17392,1.17359,1.17387,979.13
1511316000000,1.17388,1.17402,1.17371,1.17395,923.91
1511316900000,1.17395,1.17395,1.1736,1.17364,850.75
1511317800000,1.17364,1.17371,1.17352,1.17356,744.74
1511318700000,1.17357,1.17377,1.17355,1.17367,772.82
1511319600000,1.17366,1.17373,1.17346,1.17366,901.54
1511320500000,1.17367,1.17398,1.17351,1.17396,586.88
1511321400000,1.17396,1.17401,1.17375,1.17375,973.18
1511322300000,1.17378,1.1739,1.17374,1.17385,692.1
1511323200000,1.17386,1.17414,1.17379,1.17394,810.63
1511324100000,1.17394,1.17424,1.1739,1.17415,832.73
1511325000000,1.17416,1.17443,1.17409,1.17437,650.38
1511325900000,1.17437,1.17437,1.1741,1.17416,518.8
1511326800000,1.17415,1.17415,1.1739,1.17411,538.72
1511327700000,1.17411,1.17429,1.17406,1.17408,524.42
1511328600000,1.17407,1.17438,1.17396,1.17432,718.99
1511329500000,1.17432,1.1745,1.17417,1.17441,709.05
1511330400000,1.1744,1.17477,1.17418,1.17464,1940.58
1511331300000,1.17464,1.17509,1.17464,1.17493,1194.35
1511332200000,1.17493,1.17563,1.17481,1.17557,1853.18
1511333100000,1.17557,1.17557,1.17501,1.17512,1209.71
1511334000000,1.17512,1.17588,1.17475,1.17569,2033.94
1511334900000,1.17569,1.17612,1.17532,1.17555,2226.74
1511335800000,1.17554,1.17571,1.17504,1.17549,2400.91
1511336700000,1.17551,1.17617,1.17548,1.17574,2828.17
1511337600000,1.17574,1.1771,1.17554,1.17657,4096.74
1511338500000,1.17657,1.17674,1.17601,1.17625,2565.37
1511339400000,1.17624,1.1766,1.1756,1.17596,2675.05
1511340300000,1.17596,1.17695,1.17566,1.17693,3297.07
1511341200000,1.17691,1.17731,1.17669,1.17683,2218.62
1511342100000,1.17682,1.17693,1.1764,1.1764,2281.39
1511343000000,1.1764,1.17648,1.17611,1.17638,2295.74
1511343900000,1.17638,1.17647,1.17563,1.17565,2430.81
1511344800000,1.17565,1.17565,1.17512,1.17547,2219.13
1511345700000,1.17546,1.17548,1.17485,1.175,2542.61
1511346600000,1.175,1.17537,1.1749,1.17514,2177.36
1511347500000,1.17514,1.17548,1.1749,1.17499,2170.44
1511348400000,1.17499,1.17517,1.17479,1.1749,3365.77
1511349300000,1.1749,1.175,1.17457,1.17498,2739.11
1511350200000,1.17499,1.17536,1.17499,1.17525,2148.5
1511351100000,1.17527,1.17546,1.17517,1.17528,1640.66
1511352000000,1.1753,1.1753,1.17441,1.17455,2623.99
1511352900000,1.17455,1.17477,1.1736,1.17385,2923.46
1511353800000,1.17384,1.17447,1.1738,1.17437,2766.13
1511354700000,1.17437,1.17441,1.17375,1.17422,2589.11
1511355600000,1.17419,1.17494,1.17403,1.17484,3371.5
1511356500000,1.17483,1.17503,1.17417,1.17465,2487.29
1511357400000,1.17465,1.17542,1.17458,1.17498,3608.87
1511358300000,1.17503,1.17542,1.17467,1.17507,2540.52
1511359200000,1.17507,1.17598,1.175,1.1758,3030
1511360100000,1.17579,1.17677,1.1757,1.17666,2638.18
1511361000000,1.1767,1.17742,1.17661,1.17733,3916
1511361900000,1.17733,1.17779,1.17716,1.17758,2986.83
1511362800000,1.17758,1.17872,1.17714,1.17869,3600.59
1511363700000,1.17872,1.17969,1.17864,1.17917,4379.8
1511364600000,1.17917,1.17964,1.17896,1.179,3723.41
1511365500000,1.179,1.17933,1.17847,1.17859,3241.45
1511366400000,1.17861,1.17922,1.17857,1.17868,3005
1511367300000,1.17868,1.17979,1.17868,1.17937,2695.98
1511368200000,1.17938,1.17939,1.1789,1.17913,2044.28
1511369100000,1.17914,1.17947,1.17834,1.17886,2164.81
1511370000000,1.17886,1.17898,1.1786,1.17875,1677.99
1511370900000,1.17874,1.17979,1.17873,1.17977,2329.51
1511371800000,1.17977,1.17984,1.17919,1.17921,1869.97
1511372700000,1.17922,1.17952,1.17899,1.17951,1528.02
1511373600000,1.17952,1.17977,1.17925,1.17963,1609
1511374500000,1.17963,1.17988,1.17945,1.17976,1933.6
1511375400000,1.17977,1.17977,1.1793,1.17962,1299.62
1511376300000,1.17962,1.17989,1.17955,1.17984,1289.64
1511377200000,1.17982,1.18175,1.17951,1.18098,5583.09
1511378100000,1.18098,1.18198,1.18098,1.18198,3612.66
1511379000000,1.18197,1.18269,1.18193,1.18236,3195.2
1511379900000,1.18236,1.18262,1.18182,1.18247,2988.66
1511380800000,1.18252,1.18252,1.18187,1.18187,2670.71
1511381700000,1.1819,1.18194,1.18142,1.18159,1801.36
1511382600000,1.18162,1.18192,1.18137,1.18184,1816.75
1511383500000,1.18183,1.18202,1.18166,1.18201,1486.31
1511384400000,1.18199,1.18236,1.18182,1.18203,1292.09
1511385300000,1.18201,1.1823,1.18193,1.1823,1001.06
1511386200000,1.18229,1.18246,1.18216,1.18234,1108.91
1511387100000,1.18233,1.18249,1.18197,1.18215,1606.24
1511388000000,1.18214,1.18223,1.18181,1.182,399.45
1511388900000,1.182,1.182,1.18185,1.18185,297.19
1511389800000,1.18184,1.18202,1.18172,1.18182,1137.24
1511390700000,1.18182,1.18189,1.18165,1.18183,981.31
1511391600000,1.18183,1.18216,1.18178,1.18182,1157.42
1511392500000,1.18183,1.18184,1.18143,1.18165,571
1511393400000,1.18164,1.18186,1.18164,1.18181,814.32
1511394300000,1.1818,1.18182,1.18136,1.18146,831.74
1511395200000,1.18147,1.18203,1.18146,1.18182,892.6
1511396100000,1.18181,1.18198,1.18142,1.18156,661.56
1511397000000,1.18157,1.18185,1.18153,1.18178,589.96
1511397900000,1.18178,1.182,1.18132,1.18141,1556.37
1511398800000,1.18141,1.18199,1.18137,1.18199,1572.81
1511399700000,1.18198,1.18231,1.18187,1.18192,1247.94
1511400600000,1.18192,1.18244,1.1818,1.18234,1340.05
1511401500000,1.18234,1.18243,1.18215,1.18228,1097.49
1511402400000,1.18229,1.18232,1.18204,1.18218,903.22
1511403300000,1.18218,1.18247,1.18214,1.18241,682.23
1511404200000,1.18241,1.18246,1.18185,1.1819,1192.69
1511405100000,1.18189,1.18225,1.18172,1.18206,1276.19
1511406000000,1.18209,1.18222,1.18187,1.18202,1344.28
1511406900000,1.18202,1.18286,1.18193,1.18283,1196.34
1511407800000,1.18283,1.1838,1.18283,1.1833,2273.21
1511408700000,1.18331,1.18335,1.18311,1.18324,979.07
1511409600000,1.18323,1.18378,1.18316,1.18368,1155.33
1511410500000,1.18367,1.18373,1.18347,1.18373,812.26
1511411400000,1.18371,1.18375,1.18344,1.18347,815.68
1511412300000,1.18347,1.18361,1.1834,1.18345,805.57
1511413200000,1.18346,1.18374,1.1834,1.18348,939.73
1511414100000,1.18347,1.1835,1.183,1.18321,1433.09
1511415000000,1.18321,1.18321,1.18259,1.18279,1815.73
1511415900000,1.18278,1.18294,1.18256,1.18294,1202.89
1511416800000,1.18293,1.18303,1.18267,1.18272,784.77
1511417700000,1.18272,1.18358,1.18266,1.18347,1993.08
1511418600000,1.18347,1.18347,1.18293,1.18319,1491.42
1511419500000,1.18319,1.18324,1.18269,1.18278,1678.74
1511420400000,1.1828,1.18389,1.18236,1.18351,2716.28
1511421300000,1.1835,1.18351,1.18297,1.18324,1846.65
1511422200000,1.18323,1.18373,1.18276,1.18297,2000.08
1511423100000,1.18297,1.1837,1.1825,1.18272,2238.97
1511424000000,1.18265,1.18462,1.18265,1.18368,2986.39
1511424900000,1.18364,1.18385,1.18272,1.1833,2369.12
1511425800000,1.18338,1.18445,1.18336,1.18361,2805.11
1511426700000,1.18362,1.18451,1.1834,1.18446,2240.91
1511427600000,1.18446,1.18464,1.18371,1.18388,2424.5
1511428500000,1.18388,1.18429,1.18363,1.18394,2193.99
1511429400000,1.18394,1.18465,1.18393,1.18463,2392.12
1511430300000,1.18463,1.18466,1.1839,1.18426,2552.08
1511431200000,1.18426,1.18437,1.18381,1.18425,2134.09
1511432100000,1.18425,1.18455,1.18398,1.18441,2081.21
1511433000000,1.18441,1.18443,1.18385,1.18401,2483.52
1511433900000,1.18401,1.18465,1.18389,1.18465,1618.84
1511434800000,1.18465,1.18502,1.18453,1.18483,2329.45
1511435700000,1.18483,1.18483,1.18419,1.18456,1576.68
1511436600000,1.18456,1.18512,1.18451,1.18506,1859.87
1511437500000,1.18505,1.1851,1.18453,1.18456,2013.22
1511438400000,1.18455,1.18483,1.18409,1.18455,2195.89
1511439300000,1.18455,1.18495,1.18439,1.18476,1460.79
1511440200000,1.18477,1.18559,1.1846,1.18475,2502.56
1511441100000,1.18476,1.1848,1.18421,1.18434,1682.8
1511442000000,1.18434,1.18484,1.18418,1.18483,1950.76
1511442900000,1.18485,1.18488,1.18443,1.18443,1634.44
1511443800000,1.18443,1.18469,1.18428,1.18435,2068.95
1511444700000,1.18435,1.18496,1.1842,1.18492,1955.77
1511445600000,1.18491,1.18511,1.18459,1.18463,1742.22
1511446500000,1.18466,1.18527,1.18462,1.18481,1458.58
1511447400000,1.18482,1.18507,1.18471,1.18483,1486.41
1511448300000,1.18484,1.18495,1.18459,1.18459,1638
1511449200000,1.18458,1.18494,1.18431,1.18466,1926.16
1511450100000,1.18466,1.18493,1.18454,1.1846,1815.51
1511451000000,1.18461,1.18539,1.18451,1.18523,1350.62
1511451900000,1.18523,1.18536,1.18429,1.18429,2050.02
1511452800000,1.18431,1.18443,1.184,1.18443,2436.15
1511453700000,1.18442,1.18473,1.18426,1.18464,1464.2
1511454600000,1.18463,1.18491,1.18451,1.18485,921.03
1511455500000,1.18485,1.18505,1.1846,1.18505,1105.08
1511456400000,1.18505,1.18527,1.18499,1.18499,991.33
1511457300000,1.18499,1.18518,1.18466,1.18516,1022.75
1511458200000,1.18518,1.18545,1.1851,1.18512,828.64
1511459100000,1.1851,1.18539,1.1849,1.18491,1272.74
1511460000000,1.18491,1.18509,1.1849,1.18508,1083.65
1511460900000,1.18508,1.18532,1.18505,1.18521,1003.11
1511461800000,1.18521,1.18531,1.18503,1.18512,1035.56
1511462700000,1.18513,1.18516,1.18461,1.18507,1851.77
1511463600000,1.18506,1.18507,1.18475,1.18494,1897.73
1511464500000,1.18494,1.18495,1.18448,1.18466,2221.87
1511465400000,1.18467,1.1852,1.18466,1.18499,2567.33
1511466300000,1.185,1.18526,1.18491,1.18513,1364.36
1511467200000,1.18511,1.18535,1.185,1.18523,1992.2
1511468100000,1.18522,1.18538,1.18518,1.18522,1971.4
1511469000000,1.18523,1.18525,1.18489,1.18501,1889.18
1511469900000,1.185,1.1852,1.18489,1.18508,1860.21
1511470800000,1.18511,1.18521,1.18489,1.18505,1266.93
1511471700000,1.18506,1.18514,1.18488,1.18499,984.72
1511472600000,1.18494,1.18506,1.18465,1.18481,1210.87
1511473500000,1.18482,1.18511,1.18468,1.18491,1335
1511474400000,1.18491,1.18516,1.18465,1.1848,132.14
1511475300000,1.1848,1.18511,1.18477,1.185,581.85
1511476200000,1.18499,1.18525,1.18485,1.18492,765.08
1511477100000,1.18492,1.18515,1.18485,1.185,1101.91
1511478000000,1.18501,1.18515,1.18478,1.18514,1148.43
1511478900000,1.18515,1.18515,1.18478,1.18484,542.88
1511479800000,1.18482,1.18532,1.18475,1.18511,773.31
1511480700000,1.18512,1.18521,1.18501,1.18503,493.59
1511481600000,1.18504,1.18547,1.18494,1.18495,1623.91
1511482500000,1.18494,1.18494,1.18441,1.18469,1549.3
1511483400000,1.18469,1.18469,1.18405,1.18411,1213.74
1511484300000,1.18411,1.18429,1.18395,1.18429,1322.87
1511485200000,1.18429,1.18429,1.18367,1.18398,993.7
1511486100000,1.18398,1.18476,1.18394,1.18472,1219.94
1511487000000,1.1847,1.18499,1.18466,1.18495,1704.68
1511487900000,1.18494,1.18497,1.18471,1.18483,733.23
1511488800000,1.18483,1.18503,1.1848,1.18496,973.64
1511489700000,1.18495,1.18539,1.18493,1.18537,1254.27
1511490600000,1.18536,1.18545,1.18521,1.18542,970.29
1511491500000,1.18541,1.18558,1.18526,1.18553,945.58
1511492400000,1.18553,1.18556,1.18515,1.18524,969.02
1511493300000,1.18524,1.18542,1.18519,1.18529,928.68
1511494200000,1.18531,1.18534,1.18503,1.18513,805.85
1511495100000,1.18513,1.18514,1.18436,1.18484,1453.46
1511496000000,1.18484,1.18532,1.18463,1.18528,1074.98
1511496900000,1.18527,1.18586,1.18509,1.18563,1454.37
1511497800000,1.18563,1.18588,1.18554,1.18556,916.67
1511498700000,1.18556,1.18557,1.18521,1.18523,723.8
1511499600000,1.18523,1.18541,1.18514,1.18517,865.33
1511500500000,1.18517,1.18536,1.18511,1.18535,956.34
1511501400000,1.18534,1.18542,1.18503,1.18505,750.86
1511502300000,1.18506,1.1856,1.18496,1.18519,1115.72
1511503200000,1.18518,1.18537,1.18483,1.18513,1493.49
1511504100000,1.18511,1.18533,1.18497,1.18497,1211.8
1511505000000,1.18496,1.18497,1.18432,1.18481,1863.18
1511505900000,1.18481,1.18485,1.18446,1.18473,1185.65
1511506800000,1.18474,1.18504,1.18424,1.18436,1480.51
1511507700000,1.18437,1.18444,1.18369,1.18377,2222.24
1511508600000,1.18378,1.18409,1.1837,1.18388,1990.71
1511509500000,1.18388,1.18485,1.18388,1.18478,2303.69
1511510400000,1.18475,1.18487,1.18432,1.18454,2768.63
1511511300000,1.18457,1.18544,1.18432,1.1854,2824.5
1511512200000,1.1854,1.18582,1.18522,1.1856,2658.5
1511513100000,1.1856,1.18645,1.18555,1.18585,2910.6
1511514000000,1.18583,1.18746,1.18579,1.18681,3855.8
1511514900000,1.18681,1.18704,1.18631,1.18633,2949.77
1511515800000,1.18633,1.18733,1.18625,1.18729,2850.3
1511516700000,1.18729,1.18733,1.18682,1.18682,2807.95
1511517600000,1.18682,1.18686,1.18652,1.1867,1934.62
1511518500000,1.18669,1.18697,1.18661,1.18691,2080.58
1511519400000,1.18693,1.18695,1.18615,1.18636,2529.04
1511520300000,1.18636,1.18671,1.18636,1.18662,2202.34
1511521200000,1.18663,1.18683,1.18561,1.1857,2082.64
1511522100000,1.18571,1.18646,1.1856,1.18645,3607.04
1511523000000,1.18644,1.18644,1.18561,1.18583,2130.26
1511523900000,1.18586,1.18604,1.18555,1.18565,2160.27
1511524800000,1.18564,1.18616,1.18553,1.18599,2033.2
1511525700000,1.18599,1.187,1.18596,1.18665,2779.01
1511526600000,1.18664,1.18728,1.1866,1.18726,2382.3
1511527500000,1.18726,1.18741,1.18699,1.18739,2228.45
1511528400000,1.18739,1.18798,1.18723,1.18773,2750.18
1511529300000,1.18773,1.18839,1.18773,1.18783,2985.91
1511530200000,1.18783,1.18832,1.18773,1.18804,2503.92
1511531100000,1.18802,1.18987,1.188,1.18963,4143.92
1511532000000,1.18964,1.19132,1.18953,1.19103,4028.69
1511532900000,1.19103,1.1917,1.1907,1.191,4178.03
1511533800000,1.19102,1.19168,1.19074,1.19144,3390.95
1511534700000,1.19145,1.19198,1.19106,1.19192,3120.52
1511535600000,1.19192,1.19293,1.1919,1.19254,3401.42
1511536500000,1.19254,1.19263,1.19216,1.19233,3363.63
1511537400000,1.19233,1.19254,1.1922,1.1923,2586.66
1511538300000,1.19231,1.19381,1.19226,1.19342,3400.51
1511539200000,1.19342,1.19401,1.19314,1.19383,3305.32
1511540100000,1.19384,1.19443,1.19376,1.19398,3076.24
1511541000000,1.19398,1.19411,1.19356,1.19369,2775.25
1511541900000,1.19369,1.19371,1.19342,1.19366,2319.85
1511542800000,1.19364,1.19376,1.19319,1.19343,2028.7
1511543700000,1.19344,1.19378,1.19306,1.19306,1804.73
1511544600000,1.19308,1.19319,1.19294,1.19298,1437.98
1511545500000,1.193,1.1931,1.19237,1.19276,1920.02
1511546400000,1.19277,1.19328,1.19256,1.19263,1588.15
1511547300000,1.19263,1.19281,1.19258,1.1928,673.05
1511548200000,1.1928,1.19281,1.19247,1.19248,938.74
1511549100000,1.19247,1.19265,1.19228,1.19255,1232.06
1511550000000,1.19255,1.19256,1.19236,1.19242,627.14
1511550900000,1.19242,1.19255,1.19242,1.19254,328.96
1511551800000,1.19254,1.19272,1.19252,1.19265,515.77
1511552700000,1.19266,1.19294,1.19251,1.19267,993.47
1511553600000,1.19268,1.19297,1.19254,1.19258,1159.76
1511554500000,1.19257,1.19272,1.19253,1.1926,1010.22
1511555400000,1.19259,1.19278,1.19253,1.19258,1368.07
1511556300000,1.19258,1.19315,1.19258,1.19308,2080.05
1511557200000,1.19308,1.19357,1.19296,1.19354,2281.02
1511558100000,1.19353,1.19387,1.19346,1.19351,2408.17
1511559000000,1.19351,1.19356,1.19279,1.19289,2530.26
1511559900000,1.19289,1.19346,1.19279,1.19286,1471.88
1511733600000,1.19255,1.19302,1.19255,1.19274,301.34
1511734500000,1.19268,1.19314,1.19239,1.19275,837.56
1511735400000,1.19278,1.19338,1.19273,1.19338,1142.03
1511736300000,1.19336,1.19354,1.19331,1.1935,706.77
1511737200000,1.1935,1.1936,1.19281,1.19281,881.05
1511738100000,1.1928,1.19299,1.19242,1.19255,717.17
1511739000000,1.19255,1.19294,1.19242,1.19266,725.71
1511739900000,1.19265,1.19275,1.19255,1.19274,459.58
1511740800000,1.19273,1.19303,1.19215,1.19231,1432.32
1511741700000,1.19231,1.19236,1.19212,1.19212,1099.2
1511742600000,1.19213,1.19243,1.19213,1.19229,1217.58
1511743500000,1.1923,1.1923,1.19128,1.19157,1881.8
1511744400000,1.19156,1.19186,1.19118,1.19186,1623.17
1511745300000,1.19186,1.19207,1.19145,1.19202,1726.79
1511746200000,1.19202,1.19202,1.19155,1.19187,1240.06
1511747100000,1.19187,1.19216,1.19174,1.19206,1191.48
1511748000000,1.19206,1.19237,1.19201,1.19212,929.46
1511748900000,1.19212,1.19238,1.19198,1.19199,1039.19
1511749800000,1.19199,1.19204,1.1914,1.19158,1153.89
1511750700000,1.19158,1.19193,1.19153,1.19177,683.04
1511751600000,1.19177,1.19286,1.19175,1.19286,1317.01
1511752500000,1.19285,1.19289,1.19259,1.1927,876.62
1511753400000,1.1927,1.19272,1.19235,1.19237,704.24
1511754300000,1.19237,1.19249,1.19226,1.19247,636.8
1511755200000,1.19247,1.19273,1.19242,1.19263,1137.35
1511756100000,1.19263,1.19277,1.19241,1.19242,938.35
1511757000000,1.19245,1.19247,1.19225,1.19232,1038.46
1511757900000,1.19232,1.19241,1.19219,1.19237,1039.45
1511758800000,1.19237,1.19244,1.19227,1.19235,895.15
1511759700000,1.19235,1.19243,1.19221,1.19238,993.27
1511760600000,1.19238,1.19248,1.19223,1.19248,945.26
1511761500000,1.19248,1.19283,1.19248,1.19283,705.95
1511762400000,1.19283,1.19334,1.19276,1.19319,1350.32
1511763300000,1.19319,1.19328,1.19254,1.19256,1367.44
1511764200000,1.19257,1.19316,1.19227,1.19259,2069.85
1511765100000,1.19259,1.19267,1.19192,1.19228,1607.76
1511766000000,1.19227,1.19227,1.19173,1.19177,2049.77
1511766900000,1.19176,1.19235,1.19175,1.19214,1756.95
1511767800000,1.19211,1.19232,1.19182,1.19232,2158.77
1511768700000,1.19232,1.19322,1.19225,1.19273,2095.29
1511769600000,1.19276,1.19365,1.19232,1.19331,3393.89
1511770500000,1.19336,1.19566,1.19331,1.19516,5140.54
1511771400000,1.19517,1.19526,1.19409,1.19438,3497.95
1511772300000,1.19438,1.19453,1.19369,1.19385,3265.11
1511773200000,1.19384,1.19404,1.19279,1.19314,3163.29
1511774100000,1.19314,1.19336,1.19206,1.19247,2337.59
1511775000000,1.19248,1.19297,1.19236,1.19287,2612.52
1511775900000,1.19287,1.19326,1.19278,1.19303,1962.86
1511776800000,1.19304,1.19314,1.19264,1.19279,2180.03
1511777700000,1.19281,1.19328,1.19263,1.19325,2246.95
1511778600000,1.19325,1.19375,1.19324,1.1933,2395.28
1511779500000,1.1933,1.19395,1.19327,1.19387,2029.74
1511780400000,1.19387,1.19388,1.19318,1.19372,2326
1511781300000,1.19371,1.19398,1.19359,1.19379,1900.15
1511782200000,1.19378,1.19403,1.19342,1.19343,1801.42
1511783100000,1.19343,1.19373,1.19342,1.19369,1244.46
1511784000000,1.1937,1.19381,1.19354,1.19365,1802.19
1511784900000,1.19364,1.1937,1.19299,1.19308,2374.92
1511785800000,1.19307,1.19378,1.19279,1.19377,3289.98
1511786700000,1.19379,1.19482,1.19371,1.1943,4071.67
1511787600000,1.19431,1.19517,1.19422,1.19514,3675.47
1511788500000,1.19512,1.19522,1.19453,1.19468,2572.65
1511789400000,1.1947,1.19541,1.19443,1.19486,2936.86
1511790300000,1.19486,1.19611,1.19474,1.19589,3457.22
1511791200000,1.19588,1.19588,1.19507,1.19527,3215.3
1511792100000,1.19525,1.19546,1.19466,1.19496,2988.94
1511793000000,1.19496,1.19567,1.19342,1.19358,4446.4
1511793900000,1.19357,1.19407,1.19321,1.19388,3459.77
1511794800000,1.19382,1.19382,1.19271,1.19298,4588.93
1511795700000,1.19299,1.19313,1.19246,1.19301,3732.86
1511796600000,1.19301,1.19323,1.19235,1.19237,3851.16
1511797500000,1.19236,1.19241,1.1915,1.19189,3934.02
1511798400000,1.19187,1.19246,1.19175,1.19229,3702.91
1511799300000,1.19227,1.1926,1.19205,1.19231,3237.76
1511800200000,1.19231,1.19263,1.19187,1.19228,2950.87
1511801100000,1.19227,1.19235,1.1905,1.19106,3405.32
1511802000000,1.19106,1.19194,1.19098,1.19151,2671.36
1511802900000,1.19152,1.19203,1.1911,1.19117,2858.9
1511803800000,1.19118,1.1912,1.19017,1.19019,3107.14
1511804700000,1.19019,1.19038,1.18978,1.19023,2356.6
1511805600000,1.19022,1.19056,1.18993,1.19043,2569.36
1511806500000,1.19042,1.19061,1.19022,1.19031,2255.97
1511807400000,1.1903,1.19045,1.18991,1.19038,2040.45
1511808300000,1.1904,1.19043,1.19007,1.19016,1570.87
1511809200000,1.19016,1.19026,1.18983,1.18989,2168.39
1511810100000,1.18988,1.19017,1.1898,1.19012,1802.94
1511811000000,1.19012,1.19024,1.19005,1.19017,1618.52
1511811900000,1.19016,1.19017,1.18956,1.18997,2745.11
1511812800000,1.18996,1.19012,1.1897,1.19003,1397.99
1511813700000,1.19003,1.19015,1.18976,1.18987,1344.74
1511814600000,1.18986,1.18988,1.18963,1.18969,1485.53
1511815500000,1.18969,1.18998,1.18967,1.18994,1769.17
1511816400000,1.18998,1.19011,1.18972,1.18995,1236.26
1511817300000,1.18995,1.19006,1.1897,1.18975,987.96
1511818200000,1.18974,1.18984,1.18958,1.18967,1208.74
1511819100000,1.18967,1.18982,1.18962,1.18982,1076.17
1511820000000,1.18977,1.18993,1.18903,1.18972,781.18
1511820900000,1.18972,1.19013,1.18971,1.18988,779.07
1511821800000,1.18989,1.19016,1.1898,1.18999,960.17
1511822700000,1.18999,1.19,1.18995,1.18995,263.15
1511823600000,1.18995,1.19042,1.18995,1.19042,558.78
1511824500000,1.19042,1.1905,1.1901,1.19013,827.4
1511825400000,1.19016,1.19032,1.19003,1.19009,655.96
1511826300000,1.19012,1.19048,1.19007,1.19041,840.66
1511827200000,1.1904,1.1905,1.19,1.19035,1197.19
1511828100000,1.19034,1.1908,1.19034,1.19077,1457
1511829000000,1.19077,1.19085,1.19063,1.19078,1542.81
1511829900000,1.19078,1.19083,1.19065,1.19067,1164.05
1511830800000,1.19068,1.19071,1.19026,1.19048,1677.48
1511831700000,1.19045,1.19051,1.19017,1.19032,1598.8
1511832600000,1.1903,1.1905,1.19023,1.19042,1956.67
1511833500000,1.19043,1.19043,1.18972,1.18994,1957.25
1511834400000,1.18994,1.1902,1.18978,1.18981,1164.99
1511835300000,1.1898,1.19035,1.18979,1.19017,1275.38
1511836200000,1.19019,1.19033,1.18998,1.19018,835.49
1511837100000,1.19019,1.19031,1.18993,1.19008,1037.2
1511838000000,1.19008,1.19027,1.18982,1.19013,829
1511838900000,1.19012,1.1903,1.19005,1.19024,410.19
1511839800000,1.19023,1.19045,1.19023,1.19034,802.22
1511840700000,1.19035,1.19045,1.19026,1.1904,626.67
1511841600000,1.19038,1.19046,1.19032,1.19044,735.81
1511842500000,1.19044,1.19066,1.19044,1.19054,1059.31
1511843400000,1.19054,1.19065,1.19042,1.19059,1341.33
1511844300000,1.19061,1.19063,1.19025,1.19043,1667.49
1511845200000,1.19043,1.19064,1.19031,1.1906,677.58
1511846100000,1.19059,1.19075,1.1905,1.19075,559.76
1511847000000,1.19074,1.19087,1.19066,1.19071,1155.99
1511847900000,1.19072,1.19081,1.19005,1.19019,1179.15
1511848800000,1.19019,1.19087,1.19014,1.19082,1720.61
1511849700000,1.19082,1.19108,1.19065,1.19091,1594.82
1511850600000,1.1909,1.19103,1.19056,1.19063,1157.54
1511851500000,1.19063,1.19099,1.19059,1.19078,1068.6
1511852400000,1.19081,1.19081,1.1894,1.18955,2468.81
1511853300000,1.18955,1.18979,1.18853,1.18919,3454.69
1511854200000,1.1892,1.18992,1.1892,1.18926,2660.55
1511855100000,1.18927,1.18969,1.18863,1.18882,3182.44
1511856000000,1.18886,1.19061,1.18883,1.19037,3507.54
1511856900000,1.19039,1.19198,1.1901,1.19173,3586.17
1511857800000,1.19172,1.19187,1.19081,1.19112,3005.22
1511858700000,1.19112,1.19137,1.1903,1.19051,2831.71
1511859600000,1.19051,1.19067,1.19001,1.19006,2663.24
1511860500000,1.19007,1.19013,1.18894,1.18945,3419.61
1511861400000,1.18945,1.19006,1.1891,1.18997,2574.08
1511862300000,1.18997,1.18998,1.18918,1.18918,2610.54
1511863200000,1.18916,1.18935,1.18833,1.18855,3354.13
1511864100000,1.18855,1.18902,1.18826,1.18885,3318.03
1511865000000,1.18887,1.18887,1.18749,1.188,3589.26
1511865900000,1.18801,1.18861,1.1877,1.18853,2696.94
1511866800000,1.18853,1.18886,1.18823,1.18879,2869.12
1511867700000,1.18879,1.18894,1.18831,1.18844,2201.74
1511868600000,1.18844,1.18892,1.18837,1.1887,2250.49
1511869500000,1.18872,1.18911,1.18847,1.18863,2114.85
1511870400000,1.18862,1.18864,1.18805,1.18831,2549.47
1511871300000,1.18831,1.18849,1.18807,1.18845,1501.62
1511872200000,1.18847,1.18878,1.18821,1.18853,2108.38
1511873100000,1.18852,1.1886,1.18771,1.18797,2790.23
1511874000000,1.18798,1.18879,1.18796,1.18878,2485.33
1511874900000,1.18878,1.18995,1.18872,1.18941,3477.23
1511875800000,1.18941,1.19002,1.18912,1.18913,2667.8
1511876700000,1.18912,1.18945,1.1888,1.18939,2829.84
1511877600000,1.18939,1.1899,1.18901,1.18914,3134.75
1511878500000,1.18914,1.18918,1.18832,1.18842,2876.04
1511879400000,1.18843,1.18877,1.18795,1.18821,3828.98
1511880300000,1.18819,1.18874,1.18774,1.18775,3108.02
1511881200000,1.18779,1.18853,1.18748,1.18775,4524.81
1511882100000,1.18777,1.18809,1.18663,1.18806,4118.98
1511883000000,1.18805,1.1888,1.18712,1.18769,4294.35
1511883900000,1.1877,1.18849,1.18641,1.18696,4758.33
1511884800000,1.18694,1.18747,1.18655,1.18714,4420.72
1511885700000,1.18715,1.18763,1.18692,1.18761,2619.95
1511886600000,1.1876,1.18851,1.1876,1.18807,4412.84
1511887500000,1.18806,1.18849,1.18747,1.18777,3454.11
1511888400000,1.18778,1.18809,1.18688,1.1877,3400.58
1511889300000,1.1877,1.18818,1.18759,1.18818,2785.94
1511890200000,1.18817,1.18836,1.18747,1.18756,2760.46
1511891100000,1.18756,1.1878,1.1864,1.18696,4059.72
1511892000000,1.18698,1.18703,1.1861,1.18651,4390.87
1511892900000,1.18651,1.18687,1.18548,1.18647,5193.59
1511893800000,1.18648,1.18666,1.1858,1.18603,4062.7
1511894700000,1.18603,1.18619,1.18525,1.18594,3377.47
1511895600000,1.18595,1.18629,1.18444,1.18453,3955.22
1511896500000,1.18455,1.18491,1.1842,1.18477,3024.59
1511897400000,1.18477,1.18506,1.18424,1.18466,2885.91
1511898300000,1.18465,1.18469,1.18271,1.18379,4710.05
1511899200000,1.18375,1.1845,1.18325,1.18422,4266.6
1511900100000,1.18422,1.18463,1.18415,1.18461,2942.84
1511901000000,1.1846,1.18477,1.18408,1.18433,2221.89
1511901900000,1.18433,1.18446,1.18401,1.18412,1812.21
1511902800000,1.18414,1.18461,1.18402,1.18438,1075.24
1511903700000,1.18439,1.18453,1.18428,1.18446,1084.65
1511904600000,1.18446,1.18459,1.18426,1.18428,1225.71
1511905500000,1.18429,1.18437,1.18379,1.18387,1618.95
1511906400000,1.18382,1.18458,1.18366,1.18435,435.06
1511907300000,1.18425,1.18484,1.1839,1.18455,1246.2
1511908200000,1.18456,1.18485,1.18451,1.18479,1504.6
1511909100000,1.18479,1.18484,1.18458,1.18468,1106.37
1511910000000,1.18468,1.18497,1.18457,1.18477,1090.41
1511910900000,1.18477,1.18512,1.18452,1.18498,1062.74
1511911800000,1.18498,1.18517,1.18475,1.18504,667.68
1511912700000,1.18505,1.18519,1.1847,1.18491,829.51
1511913600000,1.18491,1.18529,1.18462,1.1849,1880.85
1511914500000,1.18494,1.18524,1.18488,1.18512,1816.01
1511915400000,1.18513,1.18524,1.18473,1.18496,1369.43
1511916300000,1.18496,1.18507,1.18483,1.18484,1444.78
1511917200000,1.18485,1.18492,1.18447,1.18452,1454.92
1511918100000,1.18456,1.18468,1.18432,1.18436,1297.16
1511919000000,1.18436,1.18443,1.18401,1.18418,1180.87
1511919900000,1.18418,1.18429,1.18406,1.18417,1228.54
1511920800000,1.18416,1.18449,1.18416,1.18423,1097.05
1511921700000,1.18422,1.18461,1.18416,1.18448,996.88
1511922600000,1.18448,1.18488,1.18446,1.18485,1059.21
1511923500000,1.18484,1.18498,1.18465,1.18496,1489.96
1511924400000,1.18497,1.18534,1.18496,1.18531,1204.68
1511925300000,1.18531,1.18553,1.18508,1.18517,956.42
1511926200000,1.18515,1.18515,1.18477,1.18486,1789.07
1511927100000,1.18487,1.18538,1.18475,1.18535,1332.87
1511928000000,1.18534,1.18562,1.18491,1.18522,1739.16
1511928900000,1.18522,1.18529,1.18496,1.18507,896.22
1511929800000,1.18509,1.18558,1.18509,1.18533,1080.78
1511930700000,1.18533,1.18535,1.18501,1.18501,972.77
1511931600000,1.18501,1.18524,1.18494,1.18507,925.75
1511932500000,1.18506,1.18523,1.18478,1.18522,932.46
1511933400000,1.18522,1.18531,1.18496,1.18502,1207.73
1511934300000,1.18501,1.18514,1.18498,1.18512,1307.17
1511935200000,1.18511,1.18543,1.18506,1.18516,1499.69
1511936100000,1.18517,1.18597,1.18516,1.18596,1707.83
1511937000000,1.18596,1.18601,1.18546,1.18599,1949.75
1511937900000,1.18599,1.18609,1.18585,1.18592,1671.33
1511938800000,1.18592,1.18651,1.18561,1.18618,2272.94
1511939700000,1.18618,1.18647,1.18577,1.18629,2401.37
1511940600000,1.18628,1.18668,1.18604,1.18606,2105.77
1511941500000,1.18607,1.18714,1.1858,1.18689,2960.9
1511942400000,1.18695,1.1875,1.18656,1.18674,4060.15
1511943300000,1.18675,1.18709,1.18622,1.18636,3327.69
1511944200000,1.18636,1.18678,1.18607,1.18641,2457.2
1511945100000,1.18642,1.18723,1.18597,1.18721,2731.94
1511946000000,1.18721,1.18827,1.1872,1.18747,3540.72
1511946900000,1.18748,1.18752,1.18689,1.18698,2541.24
1511947800000,1.18697,1.18732,1.18663,1.18667,2483.69
1511948700000,1.18668,1.18697,1.18647,1.18664,2318.51
1511949600000,1.18664,1.18672,1.18621,1.18624,2122.06
1511950500000,1.18625,1.18641,1.18517,1.18526,2448.49
1511951400000,1.18526,1.18578,1.1852,1.18534,2217.73
1511952300000,1.18534,1.18537,1.18439,1.18472,2123.48
1511953200000,1.18472,1.1849,1.18307,1.18317,3189.83
1511954100000,1.18316,1.18369,1.18308,1.18356,2616.86
1511955000000,1.18355,1.18386,1.18348,1.18375,2072.8
1511955900000,1.18377,1.18451,1.18374,1.18426,2601.3
1511956800000,1.18424,1.18479,1.18421,1.1845,2392.64
1511957700000,1.1845,1.18476,1.18409,1.18446,2107.32
1511958600000,1.18447,1.18449,1.18321,1.1835,2726.45
1511959500000,1.18351,1.18399,1.18318,1.1836,2740.73
1511960400000,1.18358,1.18383,1.18236,1.18264,3525.65
1511961300000,1.18262,1.18296,1.18175,1.18245,3736.53
1511962200000,1.18244,1.1832,1.18167,1.18294,3632.75
1511963100000,1.18296,1.18379,1.1829,1.18374,3126.15
1511964000000,1.18374,1.18407,1.18325,1.18399,3203.7
1511964900000,1.18399,1.18402,1.1835,1.1837,2533.94
1511965800000,1.18368,1.18424,1.18338,1.18363,2759.18
1511966700000,1.18364,1.18386,1.18304,1.18353,3191.17
1511967600000,1.18356,1.1847,1.18284,1.18449,4100.26
1511968500000,1.18448,1.18546,1.18431,1.18431,5102.99
1511969400000,1.18433,1.18538,1.18408,1.1846,5283.97
1511970300000,1.1846,1.18539,1.1845,1.18495,4072.09
1511971200000,1.18496,1.18528,1.18474,1.1851,3820.45
1511972100000,1.1851,1.18627,1.18491,1.1862,3897.24
1511973000000,1.1862,1.18625,1.18542,1.18599,3525.28
1511973900000,1.18599,1.1864,1.18578,1.18582,2884.35
1511974800000,1.18582,1.18597,1.18508,1.18515,3560.85
1511975700000,1.18513,1.18658,1.18512,1.18653,2218.69
1511976600000,1.18652,1.18657,1.18571,1.18575,2391.45
1511977500000,1.18574,1.18612,1.18512,1.18513,2922.97
1511978400000,1.18511,1.18564,1.18496,1.18539,2531.06
1511979300000,1.18539,1.18567,1.18497,1.1855,2133.33
1511980200000,1.18549,1.18601,1.18534,1.18583,2442.7
1511981100000,1.18583,1.18597,1.18561,1.18566,2260.78
1511982000000,1.18568,1.18649,1.18568,1.18605,2829.16
1511982900000,1.18606,1.1862,1.18552,1.18592,2271.72
1511983800000,1.18592,1.1863,1.18576,1.18611,2075.06
1511984700000,1.18609,1.18634,1.18577,1.18623,2721.62
1511985600000,1.18624,1.18637,1.18574,1.18596,2219.2
1511986500000,1.18594,1.18607,1.18564,1.18566,1659.88
1511987400000,1.18567,1.1857,1.18523,1.18535,1357.63
1511988300000,1.18536,1.18558,1.185,1.18512,1771.64
1511989200000,1.18501,1.18561,1.18501,1.18531,1260.93
1511990100000,1.18531,1.18532,1.18461,1.18467,1031.75
1511991000000,1.18467,1.18503,1.18464,1.18485,1464.57
1511991900000,1.18484,1.18498,1.1846,1.18468,1155.91
1511992800000,1.18468,1.18482,1.1846,1.18481,389.04
1511993700000,1.18481,1.1851,1.18479,1.18507,972.6
1511994600000,1.18508,1.18529,1.18484,1.18522,1318.75
1511995500000,1.18522,1.18527,1.18478,1.18492,1284.62
1511996400000,1.18491,1.18529,1.18488,1.18499,864.16
1511997300000,1.18499,1.18503,1.18485,1.18497,686.01
1511998200000,1.18498,1.18541,1.18498,1.18511,1139.56
1511999100000,1.18512,1.18522,1.18488,1.1852,377.09
1512000000000,1.18519,1.1855,1.18475,1.18541,2166.62
1512000900000,1.18541,1.18553,1.18522,1.18532,1775.52
1512001800000,1.18531,1.18558,1.18518,1.18521,1471.57
1512002700000,1.1852,1.18558,1.18517,1.18544,1937.01
1512003600000,1.18543,1.18583,1.18538,1.18568,1694.24
1512004500000,1.18567,1.1863,1.18535,1.18624,2051.68
1512005400000,1.18623,1.18681,1.18619,1.18673,2274.92
1512006300000,1.18673,1.18682,1.18607,1.18609,2390.48
1512007200000,1.18609,1.18643,1.18587,1.18638,1730.13
1512008100000,1.18638,1.18696,1.18624,1.1868,1735.19
1512009000000,1.1868,1.18706,1.18674,1.18698,1408.92
1512009900000,1.18699,1.18709,1.18662,1.18662,1141.88
1512010800000,1.18661,1.18672,1.18645,1.18658,1069.42
1512011700000,1.18659,1.18686,1.18636,1.18651,843.01
1512012600000,1.18652,1.18654,1.18625,1.18625,942.36
1512013500000,1.18625,1.18661,1.18625,1.18657,632.66
1512014400000,1.18657,1.18661,1.1863,1.18641,1052.51
1512015300000,1.18641,1.18658,1.1863,1.18634,845.27
1512016200000,1.18634,1.18652,1.1863,1.18644,657.75
1512017100000,1.18643,1.18643,1.18619,1.18619,544.63
1512018000000,1.18619,1.18628,1.18612,1.18614,756.53
1512018900000,1.18613,1.18661,1.18613,1.18647,1158.81
1512019800000,1.18647,1.18647,1.18619,1.18642,1402.08
1512020700000,1.18643,1.18669,1.18618,1.18644,1453.2
1512021600000,1.18644,1.18679,1.18621,1.18623,1345.65
1512022500000,1.18622,1.18623,1.18583,1.18605,1183.38
1512023400000,1.18605,1.18661,1.18603,1.18643,1306.72
1512024300000,1.18643,1.18724,1.18638,1.18666,2260.43
1512025200000,1.18667,1.18717,1.18652,1.18714,2729.13
1512026100000,1.18715,1.18758,1.187,1.18756,2464.88
1512027000000,1.18755,1.18756,1.18644,1.18688,3320.62
1512027900000,1.18688,1.18714,1.18624,1.18643,3311
1512028800000,1.18643,1.1867,1.18593,1.18598,3077.71
1512029700000,1.18596,1.18599,1.18495,1.1854,3424.93
1512030600000,1.18542,1.18578,1.18451,1.18451,2918.18
1512031500000,1.18449,1.18468,1.18411,1.18459,2840.48
1512032400000,1.1846,1.18465,1.18292,1.18302,2763.12
1512033300000,1.18304,1.18334,1.18252,1.18327,3202.57
1512034200000,1.18326,1.18366,1.18294,1.18314,3080.43
1512035100000,1.18314,1.18357,1.18295,1.18319,2659.59
1512036000000,1.1832,1.18329,1.1809,1.18189,4511.84
1512036900000,1.18189,1.18279,1.1818,1.18271,2517.93
1512037800000,1.1827,1.18319,1.18262,1.18271,2450.83
1512038700000,1.18272,1.18332,1.18249,1.18311,2390.94
1512039600000,1.1831,1.18334,1.18286,1.18318,2619.65
1512040500000,1.18318,1.18402,1.18308,1.18392,2471.93
1512041400000,1.18392,1.18427,1.18359,1.18395,2172
1512042300000,1.18393,1.18397,1.18344,1.18362,2538.22
1512043200000,1.18362,1.18466,1.18353,1.18429,2899.13
1512044100000,1.18428,1.18459,1.18397,1.1843,2819.11
1512045000000,1.1843,1.18497,1.1842,1.18457,2429.69
1512045900000,1.18456,1.18497,1.18431,1.18449,2649.72
1512046800000,1.18448,1.18488,1.18433,1.18487,2518.38
1512047700000,1.18487,1.1852,1.18461,1.18501,2355.52
1512048600000,1.18502,1.1855,1.18407,1.18541,3387
1512049500000,1.18543,1.18637,1.18526,1.18588,3017.45
1512050400000,1.1859,1.18717,1.18588,1.18667,3613.76
1512051300000,1.18667,1.18801,1.18666,1.18784,3460.34
1512052200000,1.18783,1.18989,1.18768,1.18954,5137.56
1512053100000,1.18954,1.19067,1.1889,1.19041,4976.99
1512054000000,1.19039,1.19178,1.19036,1.19166,4563.88
1512054900000,1.19164,1.19198,1.19116,1.19154,4091.17
1512055800000,1.19151,1.19258,1.19147,1.19255,4394.94
1512056700000,1.19256,1.19311,1.19072,1.19225,6423.81
1512057600000,1.19226,1.19315,1.19096,1.19103,5799.09
1512058500000,1.19104,1.19163,1.19054,1.19095,4279.67
1512059400000,1.19093,1.19147,1.19019,1.19021,3118.7
1512060300000,1.19021,1.19073,1.19001,1.19004,3007.56
1512061200000,1.19004,1.1901,1.18868,1.18887,3648.52
1512062100000,1.18886,1.18924,1.18858,1.18884,2990.45
1512063000000,1.18884,1.18935,1.18853,1.18931,2500.49
1512063900000,1.18931,1.18953,1.18896,1.18915,3025
1512064800000,1.18913,1.19013,1.18892,1.18981,3555.66
1512065700000,1.1898,1.19085,1.1898,1.19069,3059.63
1512066600000,1.19069,1.19144,1.19062,1.19104,2881.92
1512067500000,1.19103,1.19138,1.19079,1.19124,2152.98
1512068400000,1.19123,1.19127,1.19029,1.19069,2543.28
1512069300000,1.19069,1.19088,1.19009,1.19013,1773.07
1512070200000,1.19014,1.19023,1.18936,1.18958,2588.43
1512071100000,1.1896,1.18985,1.18911,1.18977,2711.8
1512072000000,1.18984,1.19055,1.18958,1.19018,3194.58
1512072900000,1.1902,1.19022,1.18982,1.19015,2299.78
1512073800000,1.19015,1.19016,1.18964,1.18968,1668.13
1512074700000,1.18969,1.19027,1.18957,1.1902,2521.99
1512075600000,1.19021,1.19068,1.19011,1.19059,1573.91
1512076500000,1.1906,1.19146,1.19053,1.19138,1931.01
1512077400000,1.19137,1.19138,1.19048,1.19048,1625.1
1512078300000,1.19048,1.19068,1.19028,1.19036,1350.84
1512079200000,1.19036,1.19058,1.19015,1.19026,394.86
1512080100000,1.19027,1.19038,1.18937,1.18964,1641.84
1512081000000,1.18964,1.18967,1.18879,1.18885,1063.93
1512081900000,1.18886,1.18903,1.18868,1.18895,955.09
1512082800000,1.18896,1.18982,1.18896,1.18956,1035.57
1512083700000,1.18956,1.19002,1.18953,1.19001,749.21
1512084600000,1.19,1.1903,1.18983,1.18997,967.03
1512085500000,1.18997,1.18997,1.18964,1.18979,978.86
