timestamp,open,high,low,close,volume
1754006400000,1.14217,1.14234,1.14153,1.14233,760580000
1754007300000,1.1423,1.14256,1.14193,1.14248,759810000
1754008200000,1.14248,1.14284,1.14214,1.14278,587880000
1754009100000,1.14279,1.14288,1.14224,1.14243,598350000
1754010000000,1.14242,1.14285,1.14204,1.14262,984130000
1754010900000,1.14262,1.14281,1.14202,1.14241,489840000
1754011800000,1.14241,1.14249,1.14098,1.14119,941260000
1754012700000,1.1412,1.1412,1.14047,1.14071,996230000
1754013600000,1.1407,1.14143,1.14068,1.14135,1011540000
1754014500000,1.14134,1.14147,1.14096,1.1414,461520000
1754015400000,1.14142,1.14148,1.14076,1.14079,836040000
1754016300000,1.14078,1.14111,1.14059,1.1411,445920000
1754017200000,1.14109,1.14222,1.14102,1.14216,450360000
1754018100000,1.14215,1.14219,1.14152,1.14161,257490000
1754019000000,1.14164,1.14188,1.14135,1.14181,245970000
1754019900000,1.14182,1.1421,1.14165,1.14181,547140000
1754020800000,1.14182,1.14214,1.14166,1.14191,396050000
1754021700000,1.14195,1.14197,1.14166,1.14173,208620000
1754022600000,1.14177,1.14214,1.1417,1.14182,514740000
1754023500000,1.14183,1.14204,1.14154,1.14189,364380000
1754024400000,1.14187,1.14213,1.14159,1.14191,434370000
1754025300000,1.1419,1.14225,1.14179,1.14205,350200000
1754026200000,1.14205,1.14278,1.14203,1.14277,393500000
1754027100000,1.14278,1.14344,1.14266,1.14307,443530000
1754028000000,1.14305,1.14339,1.14279,1.14317,805500000
1754028900000,1.14317,1.14372,1.14312,1.14338,723240000
1754029800000,1.14338,1.1438,1.143,1.1433,712020000
1754030700000,1.14332,1.14333,1.1426,1.14292,699790000
1754031600000,1.14293,1.1434,1.14244,1.14248,1015670000
1754032500000,1.14247,1.14287,1.14218,1.14285,1116680000
1754033400000,1.14285,1.14303,1.14193,1.14212,908240000
1754034300000,1.14212,1.14216,1.14124,1.14185,1111310000
1754035200000,1.14184,1.14197,1.14128,1.14149,810250000
1754036100000,1.14149,1.14204,1.14124,1.14198,734610000
1754037000000,1.14196,1.14201,1.14102,1.14113,813400000
1754037900000,1.14114,1.14123,1.14052,1.14062,1024860000
1754038800000,1.14063,1.14125,1.14062,1.141,605970000
1754039700000,1.14098,1.14098,1.14013,1.1403,726340000
1754040600000,1.14027,1.14063,1.13975,1.14005,753300000
1754041500000,1.14003,1.1401,1.13929,1.14005,1190890000
1754042400000,1.14008,1.14114,1.14008,1.14112,970880000
1754043300000,1.1411,1.14113,1.14042,1.14066,519220000
1754044200000,1.14067,1.14174,1.14067,1.14117,900350000
1754045100000,1.14116,1.14145,1.14084,1.14119,1041810000
1754046000000,1.14119,1.14223,1.14101,1.142,1132680000
1754046900000,1.142,1.14205,1.14109,1.14117,1579750000
1754047800000,1.14115,1.14141,1.14079,1.14123,900320000
1754048700000,1.14121,1.14136,1.14043,1.14045,812160000
1754049600000,1.14045,1.14065,1.14015,1.14056,1557810000
1754050500000,1.14058,1.14067,1.13915,1.13945,2392920000
1754051400000,1.1394,1.15329,1.1394,1.15291,12686600000
1754052300000,1.15293,1.15584,1.15254,1.15451,9778840000
1754053200000,1.15453,1.1567,1.15367,1.15647,7561120000
1754054100000,1.15646,1.157,1.15435,1.15699,6594400000
1754055000000,1.15696,1.15831,1.15642,1.15681,5451080000
1754055900000,1.1568,1.15733,1.15503,1.15606,5684000000
1754056800000,1.15615,1.15879,1.15537,1.15569,10932760000
1754057700000,1.15569,1.15828,1.15568,1.15679,5422390000
1754058600000,1.15678,1.15727,1.15572,1.15659,4017560000
1754059500000,1.15655,1.15694,1.15509,1.15559,3424000000
1754060400000,1.15557,1.15584,1.15475,1.15506,2054870000
1754061300000,1.15502,1.15551,1.15358,1.1537,2077060000
1754062200000,1.1537,1.15549,1.15365,1.15532,2085280000
1754063100000,1.15531,1.15649,1.15525,1.15544,1608340000
1754064000000,1.15541,1.15594,1.15481,1.15572,990490000
1754064900000,1.15575,1.15648,1.15429,1.15447,1315750000
1754065800000,1.15444,1.15478,1.15414,1.15423,1291800000
1754066700000,1.15422,1.15469,1.15379,1.1539,1505020000
1754067600000,1.15391,1.15391,1.15237,1.15242,1906720000
1754068500000,1.15243,1.15337,1.15186,1.15261,1654300000
1754069400000,1.15263,1.15288,1.15163,1.15216,834880000
1754070300000,1.15213,1.15278,1.15197,1.15265,875260000
1754071200000,1.15264,1.1531,1.15215,1.15292,1170180000
1754072100000,1.15291,1.15398,1.15285,1.15392,1506520000
1754073000000,1.15393,1.15479,1.15371,1.1545,811170000
1754073900000,1.15451,1.15474,1.15251,1.15256,1011660000
1754074800000,1.15258,1.15435,1.15236,1.15433,852030000
1754075700000,1.15431,1.15456,1.15406,1.15439,679560000
1754076600000,1.15438,1.15807,1.15438,1.15794,4128350000
1754077500000,1.15795,1.1582,1.15677,1.15687,2818890000
1754078400000,1.15687,1.15813,1.15686,1.15794,873980000
1754079300000,1.15797,1.15897,1.15793,1.1589,453640000
1754080200000,1.1589,1.15969,1.15833,1.15856,1296970000
1754081100000,1.15855,1.15966,1.15829,1.1583,3224040000
1754254800000,1.1591,1.15942,1.15906,1.15941,309600000
1754255700000,1.15942,1.15957,1.15906,1.15906,281360000
1754256600000,1.15905,1.15927,1.15893,1.1591,401660000
1754257500000,1.15909,1.15918,1.15891,1.159,467100000
1754258400000,1.15901,1.15963,1.15852,1.15852,1636900000
1754259300000,1.15852,1.15893,1.15802,1.15838,473160000
1754260200000,1.15838,1.15853,1.15783,1.15806,527390000
1754261100000,1.1581,1.15844,1.15781,1.15834,477300000
1754262000000,1.15836,1.15871,1.15802,1.15838,518460000
1754262900000,1.15837,1.15851,1.15779,1.15799,451490000
1754263800000,1.158,1.15839,1.15785,1.15836,332560000
1754264700000,1.15834,1.15899,1.15833,1.15876,565150000
1754265600000,1.15876,1.15887,1.15722,1.15729,1197300000
1754266500000,1.15732,1.15743,1.15622,1.15645,1056310000
1754267400000,1.15644,1.15679,1.15574,1.15615,1179570000
1754268300000,1.15614,1.15625,1.15559,1.15579,904300000
1754269200000,1.15579,1.15614,1.15512,1.15523,805460000
1754270100000,1.15523,1.15572,1.15501,1.15533,1029450000
1754271000000,1.15533,1.15635,1.15518,1.15624,1562840000
1754271900000,1.15625,1.1572,1.15623,1.15711,1029760000
1754272800000,1.1571,1.15748,1.15676,1.15728,792100000
1754273700000,1.15731,1.15779,1.15731,1.15751,565170000
1754274600000,1.15747,1.15781,1.15719,1.15762,544680000
1754275500000,1.15761,1.1577,1.15722,1.15755,422790000
1754276400000,1.15759,1.15858,1.15759,1.15833,633790000
1754277300000,1.15833,1.15844,1.1578,1.15803,604760000
1754278200000,1.15803,1.15814,1.15763,1.15769,431330000
1754279100000,1.15766,1.15821,1.15764,1.15792,518590000
1754280000000,1.1579,1.1584,1.15778,1.15815,873150000
1754280900000,1.15814,1.15844,1.15813,1.15834,757080000
1754281800000,1.15834,1.15853,1.15775,1.15785,334620000
1754282700000,1.15784,1.15806,1.15744,1.15744,413380000
1754283600000,1.15747,1.15821,1.1571,1.15784,486370000
1754284500000,1.15784,1.15788,1.15733,1.15763,522690000
1754285400000,1.15761,1.15766,1.15702,1.15712,619950000
1754286300000,1.1571,1.15711,1.1567,1.15702,714030000
1754287200000,1.15703,1.15788,1.15664,1.15784,1745860000
1754288100000,1.15785,1.15831,1.15632,1.15664,1271400000
1754289000000,1.15664,1.15765,1.15659,1.15743,1917800000
1754289900000,1.15741,1.15775,1.15704,1.15716,1353280000
1754290800000,1.15716,1.15785,1.15623,1.15661,2051780000
1754291700000,1.1566,1.15677,1.1556,1.15586,1653840000
1754292600000,1.15581,1.15599,1.15505,1.15571,1390990000
1754293500000,1.15569,1.15663,1.15538,1.15636,1880120000
1754294400000,1.15638,1.1565,1.15559,1.15618,2276780000
1754295300000,1.15617,1.1563,1.15561,1.15612,2397450000
1754296200000,1.15612,1.15612,1.15497,1.1551,1317770000
1754297100000,1.15509,1.15595,1.15503,1.15579,1672920000
1754298000000,1.15579,1.15694,1.15555,1.15684,1397700000
1754298900000,1.1568,1.15736,1.15666,1.15708,1736500000
1754299800000,1.15707,1.15772,1.15699,1.15723,1030000000
1754300700000,1.15723,1.15723,1.15628,1.15641,1342780000
1754301600000,1.15642,1.15657,1.15601,1.15619,1116830000
1754302500000,1.15618,1.15634,1.15548,1.15597,988490000
1754303400000,1.15596,1.15637,1.15562,1.15611,751350000
1754304300000,1.1561,1.15771,1.15595,1.15739,1321770000
1754305200000,1.15737,1.15829,1.15732,1.15827,1317590000
1754306100000,1.15827,1.15863,1.15773,1.15795,1347140000
1754307000000,1.15795,1.15798,1.15675,1.15677,1406030000
1754307900000,1.15676,1.15717,1.15647,1.15666,1629200000
1754308800000,1.15668,1.15689,1.15603,1.15647,1999890000
1754309700000,1.15648,1.15841,1.15638,1.15838,1719510000
1754310600000,1.15838,1.15875,1.15785,1.15848,1562340000
1754311500000,1.1585,1.15882,1.15719,1.15751,1335490000
1754312400000,1.15752,1.15881,1.1573,1.15869,1521890000
1754313300000,1.15869,1.15885,1.15808,1.15859,1317060000
1754314200000,1.15858,1.15876,1.15753,1.15778,2032500000
1754315100000,1.1578,1.15826,1.15728,1.15757,1515960000
1754316000000,1.15756,1.15821,1.15663,1.15769,2437310000
1754316900000,1.15772,1.15871,1.15704,1.15825,1892580000
1754317800000,1.15825,1.15856,1.15741,1.15743,1839400000
1754318700000,1.15745,1.15771,1.15568,1.15639,4604960000
1754319600000,1.15638,1.1575,1.1561,1.15723,3231620000
1754320500000,1.15722,1.15752,1.15637,1.15656,1600890000
1754321400000,1.15656,1.15756,1.1562,1.15719,1441000000
1754322300000,1.15717,1.15765,1.15657,1.15667,1192440000
1754323200000,1.15669,1.15699,1.1561,1.1564,1019370000
1754324100000,1.1564,1.15657,1.15567,1.15648,876890000
1754325000000,1.1565,1.1569,1.15609,1.15675,746160000
1754325900000,1.15674,1.15751,1.15662,1.1572,685600000
1754326800000,1.15722,1.15729,1.15651,1.15684,622290000
1754327700000,1.15686,1.15737,1.15681,1.15688,542110000
1754328600000,1.1569,1.15717,1.15643,1.15648,464740000
1754329500000,1.15649,1.15739,1.15642,1.1573,765830000
1754330400000,1.1573,1.15753,1.15718,1.15747,547930000
1754331300000,1.15745,1.15776,1.15715,1.15721,613320000
1754332200000,1.15724,1.15726,1.15659,1.15694,764340000
1754333100000,1.15693,1.15703,1.15639,1.15652,1088200000
1754334000000,1.1565,1.15708,1.1564,1.1568,478020000
1754334900000,1.15678,1.15721,1.15673,1.15711,438080000
1754335800000,1.15713,1.15725,1.15658,1.15675,487480000
1754336700000,1.15674,1.15685,1.15627,1.15678,616390000
1754337600000,1.15679,1.1572,1.15653,1.1572,312890000
1754338500000,1.15719,1.1576,1.15715,1.15753,399030000
1754339400000,1.15753,1.15754,1.15717,1.1572,163230000
1754340300000,1.15723,1.15752,1.15691,1.15691,560330000
1754341200000,1.1569,1.15713,1.1567,1.15699,108600000
1754342100000,1.15693,1.15709,1.15689,1.15699,177280000
1754343000000,1.15698,1.15706,1.15688,1.15698,133920000
1754343900000,1.15699,1.15699,1.15675,1.15675,484860000
1754344800000,1.15675,1.15777,1.1567,1.15756,689510000
1754345700000,1.15756,1.15793,1.15751,1.15793,237040000
1754346600000,1.15795,1.15813,1.15764,1.15786,423660000
1754347500000,1.15788,1.15804,1.15774,1.15792,241950000
1754348400000,1.15793,1.15854,1.15777,1.15847,252120000
1754349300000,1.15845,1.15849,1.15818,1.15846,226530000
1754350200000,1.15848,1.15852,1.15821,1.15829,172560000
1754351100000,1.15826,1.15844,1.15817,1.15838,286510000
1754352000000,1.1584,1.15876,1.15839,1.1586,1023850000
1754352900000,1.15859,1.15866,1.15784,1.15788,1061250000
1754353800000,1.1579,1.15793,1.15742,1.15754,1321270000
1754354700000,1.15754,1.15765,1.15705,1.15717,1774830000
1754355600000,1.15717,1.15739,1.15593,1.15602,1865250000
1754356500000,1.15603,1.15677,1.15594,1.15671,1351140000
1754357400000,1.15672,1.15697,1.15643,1.15692,975120000
1754358300000,1.15695,1.15734,1.15632,1.15636,1034930000
1754359200000,1.15637,1.15641,1.15567,1.15604,985440000
1754360100000,1.15603,1.15627,1.15577,1.15595,1182300000
1754361000000,1.15593,1.15597,1.15556,1.15577,881700000
1754361900000,1.1558,1.15612,1.15577,1.15602,295500000
1754362800000,1.15602,1.15613,1.15578,1.156,310500000
1754363700000,1.15599,1.15606,1.15539,1.15574,603480000
1754364600000,1.15576,1.15606,1.15551,1.15604,567480000
1754365500000,1.15604,1.15611,1.15544,1.15552,622440000
1754366400000,1.1555,1.15573,1.15539,1.15559,727350000
1754367300000,1.15558,1.15572,1.15544,1.15557,404100000
1754368200000,1.1556,1.156,1.15555,1.15585,578160000
1754369100000,1.15587,1.15601,1.15578,1.15583,444660000
1754370000000,1.15583,1.15583,1.15547,1.15562,348900000
1754370900000,1.15561,1.15563,1.15517,1.15537,1259120000
1754371800000,1.15537,1.15543,1.15445,1.15485,1258950000
1754372700000,1.15482,1.15508,1.15465,1.15481,1126770000
1754373600000,1.15479,1.15493,1.15428,1.15493,1432050000
1754374500000,1.15491,1.15611,1.15476,1.15557,904490000
1754375400000,1.15555,1.15557,1.15487,1.15497,541860000
1754376300000,1.15499,1.15521,1.15454,1.15509,828570000
1754377200000,1.15509,1.15564,1.15481,1.15552,1599170000
1754378100000,1.15556,1.15621,1.15556,1.15594,1842390000
1754379000000,1.15595,1.15605,1.15522,1.1556,951340000
1754379900000,1.15558,1.15558,1.15333,1.15459,1667740000
1754380800000,1.15457,1.15489,1.15415,1.15424,1716180000
1754381700000,1.15424,1.15456,1.15369,1.15426,1867280000
1754382600000,1.15426,1.15443,1.15348,1.15349,839060000
1754383500000,1.1535,1.1537,1.15312,1.15365,1349380000
1754384400000,1.15367,1.15385,1.15298,1.1538,1289000000
1754385300000,1.15379,1.15447,1.15372,1.15432,1107480000
1754386200000,1.1543,1.15435,1.15383,1.15386,572300000
1754387100000,1.15387,1.15463,1.15385,1.1542,1008850000
1754388000000,1.15419,1.15445,1.15364,1.15417,2125410000
1754388900000,1.15417,1.15418,1.15342,1.15351,1735580000
1754389800000,1.15351,1.15449,1.15341,1.15442,905730000
1754390700000,1.15443,1.15455,1.15418,1.15442,471820000
1754391600000,1.1544,1.15443,1.15373,1.1539,561400000
1754392500000,1.1539,1.15478,1.15372,1.15437,585220000
1754393400000,1.15438,1.15438,1.15277,1.15327,1275660000
1754394300000,1.15325,1.15396,1.15321,1.15391,974510000
1754395200000,1.15392,1.15483,1.15362,1.15402,1439220000
1754396100000,1.15405,1.15434,1.153,1.15364,2026700000
1754397000000,1.15365,1.15405,1.15301,1.15396,1431830000
1754397900000,1.15391,1.15417,1.15326,1.15372,1161020000
1754398800000,1.15373,1.1543,1.15364,1.15429,1732550000
1754399700000,1.15429,1.1552,1.1541,1.15509,1173770000
1754400600000,1.15508,1.15543,1.15479,1.15494,1997780000
1754401500000,1.15496,1.15509,1.1532,1.15366,2531970000
1754402400000,1.15417,1.1558,1.15357,1.15407,5828080000
1754403300000,1.1541,1.15458,1.15337,1.15435,2899150000
1754404200000,1.15437,1.15589,1.15389,1.15582,1882890000
1754405100000,1.15581,1.15662,1.15521,1.1565,2154580000
1754406000000,1.15651,1.15785,1.15629,1.15779,1908720000
1754406900000,1.1578,1.15846,1.15758,1.15792,1268580000
1754407800000,1.15793,1.15819,1.15747,1.15816,1722380000
1754408700000,1.15815,1.15826,1.15744,1.15793,1059680000
1754409600000,1.15792,1.15847,1.15783,1.15842,1105750000
1754410500000,1.15841,1.15847,1.15771,1.15821,728660000
1754411400000,1.15821,1.1586,1.15796,1.15799,939030000
1754412300000,1.158,1.15838,1.15795,1.15827,589880000
1754413200000,1.15827,1.1583,1.15779,1.15801,539940000
1754414100000,1.15803,1.1583,1.15793,1.15801,426930000
1754415000000,1.15803,1.15829,1.15789,1.15816,540880000
1754415900000,1.15813,1.15815,1.15754,1.15782,452820000
1754416800000,1.1578,1.15796,1.15742,1.15754,655970000
1754417700000,1.15753,1.15765,1.15735,1.15753,632340000
1754418600000,1.15749,1.15777,1.15736,1.15754,668490000
1754419500000,1.15755,1.15756,1.15702,1.15735,976810000
1754420400000,1.15735,1.15735,1.15661,1.15701,520020000
1754421300000,1.157,1.15703,1.15678,1.15688,401160000
1754422200000,1.15689,1.15711,1.15686,1.1571,294240000
1754423100000,1.1571,1.15749,1.15706,1.15725,551530000
1754424000000,1.15724,1.15751,1.15724,1.15724,240840000
1754424900000,1.15728,1.15748,1.1572,1.15733,182670000
1754425800000,1.15734,1.15755,1.15713,1.15755,144210000
1754426700000,1.15758,1.15774,1.15733,1.15748,808720000
1754427600000,1.15741,1.15741,1.1571,1.15713,64220000
1754428500000,1.15713,1.15752,1.15708,1.15745,138550000
1754429400000,1.15746,1.15746,1.15729,1.15733,275940000
1754430300000,1.15729,1.15742,1.15726,1.15733,566100000
1754431200000,1.15729,1.15766,1.15729,1.15734,373040000
1754432100000,1.15738,1.15751,1.15729,1.1573,90000000
1754433000000,1.15727,1.15731,1.15708,1.15727,127320000
1754433900000,1.15726,1.15775,1.15726,1.1576,204680000
1754434800000,1.15758,1.15767,1.15743,1.15745,137970000
1754435700000,1.15745,1.15766,1.1573,1.15766,103800000
1754436600000,1.15767,1.15782,1.15745,1.15777,335040000
1754437500000,1.1578,1.15813,1.15777,1.15784,209380000
1754438400000,1.15781,1.15852,1.15774,1.15779,557790000
1754439300000,1.15781,1.15796,1.15752,1.15756,412900000
1754440200000,1.15756,1.15773,1.15736,1.15752,300690000
1754441100000,1.1575,1.15753,1.15729,1.15738,337360000
1754442000000,1.15736,1.15736,1.15689,1.15702,778630000
1754442900000,1.15704,1.15704,1.15645,1.15655,548850000
1754443800000,1.15655,1.15696,1.15655,1.15691,631560000
1754444700000,1.15691,1.1571,1.15656,1.1567,396030000
1754445600000,1.15669,1.15681,1.15642,1.15665,337980000
1754446500000,1.15665,1.15718,1.15661,1.15692,577740000
1754447400000,1.15692,1.15707,1.15674,1.15675,1073520000
1754448300000,1.15674,1.15692,1.15661,1.15691,835510000
1754449200000,1.15692,1.15738,1.15692,1.15737,716430000
1754450100000,1.15739,1.15789,1.15738,1.15788,817420000
1754451000000,1.15787,1.15788,1.15754,1.1577,784300000
1754451900000,1.15772,1.15817,1.15755,1.15799,585960000
1754452800000,1.15799,1.15827,1.15777,1.15779,532830000
1754453700000,1.15777,1.15833,1.15777,1.15816,225090000
1754454600000,1.15817,1.15849,1.15816,1.15836,274380000
1754455500000,1.15839,1.1586,1.15827,1.15829,425520000
1754456400000,1.15826,1.15835,1.15762,1.15787,1259850000
1754457300000,1.15789,1.15791,1.15771,1.15776,190020000
1754458200000,1.15774,1.15777,1.15749,1.15771,765390000
1754459100000,1.15772,1.15806,1.15743,1.15784,514970000
1754460000000,1.15783,1.15832,1.15765,1.15806,822140000
1754460900000,1.15804,1.15858,1.15792,1.15846,967880000
1754461800000,1.15846,1.15882,1.1581,1.15823,1846070000
1754462700000,1.15824,1.15834,1.15776,1.15785,1564550000
1754463600000,1.15784,1.15797,1.15752,1.15758,1178550000
1754464500000,1.15757,1.15768,1.15711,1.15741,713790000
1754465400000,1.15738,1.15782,1.15724,1.15767,522930000
1754466300000,1.15765,1.1582,1.15747,1.15809,1001350000
1754467200000,1.15808,1.15833,1.1577,1.15818,973260000
1754468100000,1.15818,1.15826,1.15716,1.15735,798750000
1754469000000,1.15731,1.15806,1.15705,1.15803,938550000
1754469900000,1.15803,1.15803,1.15722,1.15747,709850000
1754470800000,1.15747,1.15807,1.1574,1.15801,793950000
1754471700000,1.15801,1.15834,1.1579,1.15819,572870000
1754472600000,1.15818,1.15844,1.15808,1.15828,581320000
1754473500000,1.15827,1.15879,1.15822,1.15848,794910000
1754474400000,1.15848,1.16048,1.15841,1.16045,1613070000
1754475300000,1.16043,1.16107,1.15964,1.15964,1476150000
1754476200000,1.15964,1.16017,1.15924,1.16017,1021800000
1754477100000,1.16019,1.16097,1.16003,1.16069,880330000
1754478000000,1.1607,1.1607,1.15977,1.16063,1243720000
1754478900000,1.16063,1.16127,1.16058,1.1612,641670000
1754479800000,1.16119,1.16148,1.16064,1.16103,664680000
1754480700000,1.16106,1.1611,1.16019,1.1604,920190000
1754481600000,1.16039,1.16056,1.16001,1.16032,883220000
1754482500000,1.16036,1.16077,1.16002,1.16047,1249380000
1754483400000,1.16045,1.16098,1.16036,1.16093,1073950000
1754484300000,1.16095,1.16284,1.16095,1.16234,1717620000
1754485200000,1.16235,1.16333,1.16231,1.16327,1307100000
1754486100000,1.16327,1.16344,1.16243,1.16245,1152950000
1754487000000,1.16245,1.16289,1.16173,1.16226,3027790000
1754487900000,1.16223,1.16359,1.16206,1.16357,2186150000
1754488800000,1.1636,1.1636,1.16221,1.16274,2283530000
1754489700000,1.16274,1.1635,1.16238,1.16341,1085790000
1754490600000,1.1634,1.16375,1.16255,1.16292,1527210000
1754491500000,1.16295,1.16333,1.16235,1.16272,2074020000
1754492400000,1.16271,1.16391,1.16247,1.16376,1345310000
1754493300000,1.16379,1.16449,1.16369,1.16386,1226420000
1754494200000,1.16387,1.16399,1.16224,1.16353,3476680000
1754495100000,1.16353,1.16469,1.1634,1.16462,3275550000
1754496000000,1.16461,1.16483,1.16411,1.16445,1338940000
1754496900000,1.16447,1.16466,1.16366,1.16409,814070000
1754497800000,1.16412,1.16416,1.16352,1.16382,790440000
1754498700000,1.16381,1.16381,1.16306,1.16344,1149720000
1754499600000,1.16344,1.16453,1.16327,1.16437,982330000
1754500500000,1.16437,1.16486,1.16417,1.16478,819390000
1754501400000,1.16478,1.1655,1.16475,1.16547,733830000
1754502300000,1.16548,1.16549,1.16477,1.1649,925490000
1754503200000,1.1649,1.16595,1.1648,1.1659,791560000
1754504100000,1.16591,1.16608,1.16521,1.16608,840940000
1754505000000,1.16605,1.16683,1.16583,1.16672,968090000
1754505900000,1.1667,1.16678,1.16608,1.16622,858400000
1754506800000,1.16623,1.16635,1.16615,1.16619,525740000
1754507700000,1.16619,1.16639,1.16601,1.16607,371210000
1754508600000,1.16608,1.16615,1.16596,1.16606,311370000
1754509500000,1.16606,1.16606,1.16524,1.16564,461620000
1754510400000,1.16564,1.1659,1.16527,1.16533,222900000
1754511300000,1.16533,1.16558,1.16524,1.16552,324180000
1754512200000,1.1655,1.16585,1.165,1.16554,1434850000
1754513100000,1.16553,1.16601,1.1655,1.16594,1243670000
1754514000000,1.16583,1.16588,1.16545,1.16561,469590000
1754514900000,1.16556,1.16599,1.1653,1.16531,326430000
1754515800000,1.16531,1.1654,1.1653,1.16533,230600000
1754516700000,1.16532,1.16583,1.16532,1.16555,1074150000
1754517600000,1.16564,1.16649,1.16563,1.16642,919880000
1754518500000,1.16645,1.16658,1.16616,1.16618,454350000
1754519400000,1.16622,1.16629,1.16606,1.16617,501120000
1754520300000,1.1662,1.16637,1.16609,1.16635,298880000
1754521200000,1.16633,1.16633,1.16592,1.16593,135900000
1754522100000,1.16596,1.1663,1.16596,1.1661,82800000
1754523000000,1.16607,1.16638,1.16599,1.16623,150820000
1754523900000,1.16621,1.16635,1.1661,1.1663,258450000
1754524800000,1.16628,1.16638,1.16538,1.16574,1709280000
1754525700000,1.16574,1.16578,1.16532,1.16553,1787740000
1754526600000,1.16553,1.16554,1.16517,1.16521,1430970000
1754527500000,1.16522,1.16547,1.16509,1.16525,353760000
1754528400000,1.16525,1.16551,1.16495,1.16531,591160000
1754529300000,1.16532,1.16578,1.16496,1.16499,895510000
1754530200000,1.165,1.16574,1.16499,1.16572,1006950000
1754531100000,1.16574,1.16626,1.16569,1.16577,664340000
1754532000000,1.16577,1.16651,1.16558,1.16637,665670000
1754532900000,1.16636,1.16638,1.16563,1.16569,425950000
1754533800000,1.16568,1.16596,1.16565,1.16569,420950000
1754534700000,1.16571,1.16585,1.16563,1.16572,314500000
1754535600000,1.16573,1.16586,1.1656,1.16572,756630000
1754536500000,1.16574,1.16575,1.16531,1.16569,1249270000
1754537400000,1.1657,1.16601,1.16564,1.16595,1450920000
1754538300000,1.16595,1.16651,1.16589,1.16643,1313960000
1754539200000,1.16643,1.16725,1.16628,1.16696,924580000
1754540100000,1.16695,1.16744,1.16687,1.16721,810810000
1754541000000,1.16721,1.16763,1.16712,1.16725,484030000
1754541900000,1.16723,1.16731,1.16701,1.16712,459300000
1754542800000,1.16712,1.16747,1.16698,1.167,418480000
1754543700000,1.16696,1.16709,1.16681,1.16708,454950000
1754544600000,1.1671,1.16732,1.16685,1.16695,331650000
1754545500000,1.16695,1.16763,1.16691,1.16747,425250000
1754546400000,1.16751,1.1676,1.16678,1.16681,1284650000
1754547300000,1.16681,1.16763,1.16681,1.16761,1290090000
1754548200000,1.16757,1.16772,1.16732,1.16732,755780000
1754549100000,1.16731,1.16796,1.16731,1.16758,909550000
1754550000000,1.16761,1.1678,1.16732,1.16746,838820000
1754550900000,1.16748,1.16802,1.16738,1.16782,879840000
1754551800000,1.16783,1.1686,1.16753,1.16839,1028070000
1754552700000,1.16838,1.16911,1.16826,1.16897,1161330000
1754553600000,1.16893,1.16986,1.16807,1.16837,2416340000
1754554500000,1.16838,1.16841,1.16755,1.16775,1325690000
1754555400000,1.16777,1.1688,1.16756,1.1684,1705740000
1754556300000,1.16841,1.16875,1.16799,1.16824,1329860000
1754557200000,1.16828,1.16846,1.16797,1.16803,786880000
1754558100000,1.16802,1.16818,1.1677,1.16785,702960000
1754559000000,1.16784,1.16795,1.16732,1.1678,750330000
1754559900000,1.16781,1.16781,1.16703,1.16705,824180000
1754560800000,1.16707,1.16717,1.16646,1.16658,904770000
1754561700000,1.16657,1.16663,1.16615,1.16624,1002100000
1754562600000,1.16622,1.16677,1.16622,1.16665,743870000
1754563500000,1.16664,1.16708,1.16653,1.167,1361530000
1754564400000,1.16702,1.16766,1.16511,1.16565,4365490000
1754565300000,1.16565,1.16603,1.16531,1.16544,1880650000
1754566200000,1.16544,1.16547,1.16341,1.16403,3128830000
1754567100000,1.16403,1.16467,1.16387,1.16445,1369930000
1754568000000,1.16442,1.16454,1.16374,1.16397,1370330000
1754568900000,1.16397,1.16566,1.16395,1.16471,1565850000
1754569800000,1.16474,1.16625,1.16474,1.16488,4034160000
1754570700000,1.16489,1.16576,1.16476,1.16511,2768960000
1754571600000,1.1651,1.1656,1.1644,1.16491,1874680000
1754572500000,1.16492,1.16538,1.16376,1.16538,3350850000
1754573400000,1.16541,1.16585,1.1644,1.165,3207340000
1754574300000,1.16498,1.16502,1.16409,1.16427,2148980000
1754575200000,1.16425,1.16495,1.16214,1.16371,4099410000
1754576100000,1.16371,1.16371,1.16178,1.16235,2771900000
1754577000000,1.16233,1.16298,1.16149,1.16185,2960290000
1754577900000,1.16182,1.16244,1.1614,1.16241,8700610000
1754578800000,1.16242,1.16274,1.16108,1.16266,8777920000
1754579700000,1.16266,1.16343,1.16265,1.1633,4243330000
1754580600000,1.16331,1.16394,1.16322,1.16365,2038370000
1754581500000,1.16364,1.16418,1.16354,1.16396,1019890000
1754582400000,1.16396,1.16411,1.1637,1.1638,879360000
1754583300000,1.1638,1.16446,1.16369,1.16431,861270000
1754584200000,1.16434,1.16439,1.1635,1.16357,726700000
1754585100000,1.16357,1.16392,1.16357,1.16382,615380000
1754586000000,1.16382,1.16394,1.1635,1.16363,755260000
1754586900000,1.16362,1.16396,1.16318,1.16366,970700000
1754587800000,1.16366,1.16393,1.16344,1.16372,712890000
1754588700000,1.16372,1.16378,1.16324,1.16331,948620000
1754589600000,1.16332,1.16371,1.16322,1.16358,598180000
1754590500000,1.16358,1.1636,1.16294,1.16316,625380000
1754591400000,1.16315,1.1632,1.16225,1.16225,1040100000
1754592300000,1.16224,1.16253,1.16213,1.16219,597430000
1754593200000,1.16222,1.16246,1.16189,1.16223,447990000
1754594100000,1.16221,1.16261,1.16206,1.1626,490980000
1754595000000,1.16261,1.16546,1.16261,1.16542,3466420000
1754595900000,1.16541,1.16564,1.16451,1.16543,2222160000
1754596800000,1.16546,1.16644,1.16544,1.16596,482610000
1754597700000,1.16596,1.16713,1.16596,1.16703,379460000
1754598600000,1.167,1.167,1.16611,1.1665,414380000
1754599500000,1.16648,1.16697,1.16617,1.16646,1180640000
1754600400000,1.16639,1.16697,1.16629,1.16633,346080000
1754601300000,1.16632,1.16688,1.16613,1.16628,344110000
1754602200000,1.16628,1.16634,1.16597,1.16634,535860000
1754603100000,1.16636,1.1666,1.16634,1.16652,539410000
1754604000000,1.16652,1.16711,1.16641,1.16674,992590000
1754604900000,1.16673,1.16673,1.16655,1.16658,285790000
1754605800000,1.16658,1.16743,1.16658,1.16739,746570000
1754606700000,1.16737,1.16745,1.16706,1.16724,442070000
1754607600000,1.16729,1.16757,1.16703,1.16735,519410000
1754608500000,1.16735,1.16781,1.16735,1.16769,200820000
1754609400000,1.16766,1.16772,1.16744,1.16769,466840000
1754610300000,1.16767,1.16777,1.16749,1.16768,441990000
1754611200000,1.16768,1.16792,1.16726,1.1674,1978060000
1754612100000,1.16741,1.16743,1.16683,1.16699,3958160000
1754613000000,1.16699,1.16734,1.16673,1.16708,1404200000
1754613900000,1.16707,1.16727,1.16674,1.16726,798810000
1754614800000,1.1673,1.16737,1.16624,1.16633,1333450000
1754615700000,1.16633,1.16645,1.16559,1.16608,2599930000
1754616600000,1.16609,1.16626,1.16556,1.16578,1200940000
1754617500000,1.16582,1.16598,1.16549,1.16573,1369250000
1754618400000,1.16572,1.1662,1.16571,1.16592,825630000
1754619300000,1.16593,1.16625,1.16592,1.16613,523530000
1754620200000,1.16613,1.16639,1.16597,1.16624,586290000
1754621100000,1.16625,1.1665,1.16601,1.16607,576880000
1754622000000,1.16605,1.1661,1.16548,1.16594,473940000
1754622900000,1.16591,1.16608,1.16566,1.16588,509010000
1754623800000,1.16589,1.16599,1.16565,1.16584,386600000
1754624700000,1.16583,1.16597,1.16568,1.16597,228510000
1754625600000,1.16596,1.16618,1.16586,1.16607,220620000
1754626500000,1.16606,1.16634,1.16585,1.16588,375930000
1754627400000,1.16588,1.16605,1.16576,1.16598,239280000
1754628300000,1.16599,1.16605,1.16578,1.16582,238770000
1754629200000,1.16581,1.16599,1.1653,1.16532,332600000
1754630100000,1.16535,1.16539,1.16434,1.16442,953580000
1754631000000,1.16438,1.16454,1.16402,1.16416,629790000
1754631900000,1.16417,1.16444,1.16388,1.1641,807400000
1754632800000,1.16412,1.16483,1.16407,1.16464,1058040000
1754633700000,1.16464,1.16498,1.16445,1.16475,1104140000
1754634600000,1.16472,1.16493,1.16449,1.16472,611470000
1754635500000,1.16475,1.16526,1.1646,1.165,604720000
1754636400000,1.16501,1.1658,1.16485,1.16532,1477140000
1754637300000,1.16532,1.16562,1.16511,1.16548,818680000
1754638200000,1.16549,1.16644,1.16544,1.16597,953980000
1754639100000,1.16599,1.16599,1.16545,1.1659,1119030000
1754640000000,1.16592,1.16627,1.16576,1.16617,726410000
1754640900000,1.16613,1.16617,1.16506,1.16523,801410000
1754641800000,1.16522,1.16522,1.16442,1.1645,1354590000
1754642700000,1.16451,1.16459,1.16344,1.16369,1451320000
1754643600000,1.16367,1.16436,1.16367,1.16379,1524280000
1754644500000,1.16376,1.16382,1.16313,1.16316,1221430000
1754645400000,1.16318,1.1638,1.16295,1.16373,932500000
1754646300000,1.16376,1.16429,1.16376,1.16415,1149070000
1754647200000,1.16416,1.16473,1.16404,1.16428,1099430000
1754648100000,1.16428,1.16432,1.16326,1.1634,624620000
1754649000000,1.1634,1.16353,1.16287,1.16314,468220000
1754649900000,1.16312,1.16372,1.16312,1.16356,773260000
1754650800000,1.16356,1.16424,1.1635,1.16421,733240000
1754651700000,1.16421,1.1647,1.16397,1.16417,652720000
1754652600000,1.16415,1.16491,1.16407,1.16472,481110000
1754653500000,1.16472,1.16477,1.16414,1.16437,1926440000
1754654400000,1.16434,1.16489,1.16434,1.16445,1073770000
1754655300000,1.16447,1.16499,1.16424,1.16497,1073170000
1754656200000,1.16496,1.16539,1.16455,1.16462,1164970000
1754657100000,1.16464,1.16491,1.16375,1.16417,1292770000
1754658000000,1.16417,1.16518,1.16413,1.16516,1020720000
1754658900000,1.16516,1.16551,1.16487,1.16505,975600000
1754659800000,1.16506,1.16533,1.1647,1.16487,1189320000
1754660700000,1.16487,1.16525,1.16476,1.16488,1278940000
1754661600000,1.16484,1.16599,1.16461,1.16557,1906930000
1754662500000,1.16558,1.16627,1.16532,1.16545,1771850000
1754663400000,1.16545,1.16588,1.1649,1.16557,1387460000
1754664300000,1.16555,1.16599,1.16521,1.16559,1119360000
1754665200000,1.16558,1.16609,1.16543,1.16607,829870000
1754666100000,1.16605,1.16677,1.16599,1.16642,835850000
1754667000000,1.16643,1.16671,1.16605,1.16606,1081380000
1754667900000,1.1661,1.16636,1.16585,1.16598,665290000
1754668800000,1.16598,1.1663,1.16523,1.16541,753150000
1754669700000,1.16539,1.16551,1.16496,1.1653,699100000
1754670600000,1.16527,1.16567,1.16521,1.16562,497370000
1754671500000,1.16564,1.16579,1.16531,1.16562,617380000
1754672400000,1.16561,1.16592,1.16534,1.16592,519530000
1754673300000,1.1659,1.16651,1.1659,1.16645,567380000
1754674200000,1.16648,1.16667,1.16638,1.1666,729570000
1754675100000,1.16658,1.16664,1.16583,1.16589,861840000
1754676000000,1.1659,1.16613,1.16547,1.16605,2158690000
1754676900000,1.16606,1.16628,1.16586,1.16601,847440000
1754677800000,1.16602,1.16606,1.16517,1.16556,499210000
1754678700000,1.16553,1.16568,1.16479,1.16559,648410000
1754679600000,1.16557,1.1656,1.16499,1.16531,443010000
1754680500000,1.16532,1.16532,1.16373,1.16416,643970000
1754681400000,1.16414,1.16431,1.16363,1.16414,625230000
1754682300000,1.16413,1.16443,1.164,1.16425,507250000
1754683200000,1.16425,1.16433,1.16404,1.16405,342170000
1754684100000,1.16406,1.16433,1.16384,1.16415,243390000
1754685000000,1.16414,1.16424,1.16386,1.16408,343450000
1754685900000,1.16409,1.1643,1.16368,1.16368,1562100000
1754859600000,1.16444,1.16494,1.16427,1.16469,197730000
1754860500000,1.1647,1.16478,1.16437,1.16445,132760000
1754861400000,1.16455,1.16459,1.16428,1.16435,201170000
1754862300000,1.16437,1.16455,1.1643,1.16453,117380000
1754863200000,1.16452,1.16508,1.16426,1.1649,611070000
1754864100000,1.16491,1.16492,1.16464,1.16467,321690000
1754865000000,1.16466,1.16469,1.16434,1.1644,282950000
1754865900000,1.1644,1.16467,1.1644,1.16466,87460000
1754866800000,1.16466,1.16479,1.16444,1.16478,466500000
1754867700000,1.16482,1.16507,1.16481,1.16484,161970000
1754868600000,1.16486,1.16505,1.16484,1.16491,96600000
1754869500000,1.16491,1.16505,1.16453,1.16475,293760000
1754870400000,1.16474,1.16476,1.16429,1.16454,685400000
1754871300000,1.16451,1.16483,1.16438,1.16452,362300000
1754872200000,1.16452,1.16457,1.16417,1.16424,241520000
1754873100000,1.16425,1.16473,1.16419,1.16473,546500000
1754874000000,1.16472,1.16485,1.16453,1.16479,468390000
1754874900000,1.16477,1.16513,1.16473,1.16509,313700000
1754875800000,1.16508,1.16539,1.16502,1.16533,331040000
1754876700000,1.16534,1.16586,1.16528,1.16586,837100000
1754877600000,1.16588,1.16677,1.16588,1.16654,724880000
1754878500000,1.16656,1.16676,1.1663,1.16665,747370000
1754879400000,1.16664,1.16668,1.16637,1.16658,1015100000
1754880300000,1.16658,1.16682,1.16651,1.16656,1334280000
1754881200000,1.16656,1.16696,1.16647,1.16693,1017010000
1754882100000,1.16695,1.16754,1.16691,1.16717,729880000
1754883000000,1.16717,1.16732,1.16686,1.16722,464220000
1754883900000,1.16719,1.16741,1.1671,1.16713,197120000
1754884800000,1.16712,1.16749,1.1671,1.16743,494820000
1754885700000,1.16745,1.16753,1.16725,1.16728,254530000
1754886600000,1.16729,1.16732,1.16715,1.16723,135450000
1754887500000,1.16722,1.16748,1.16709,1.16718,321810000
1754888400000,1.16717,1.16725,1.16677,1.16708,347460000
1754889300000,1.16706,1.16724,1.16693,1.16697,980690000
1754890200000,1.16698,1.16701,1.16671,1.16685,763420000
1754891100000,1.16684,1.16711,1.16681,1.16691,1007260000
1754892000000,1.16691,1.16737,1.16676,1.16695,940900000
1754892900000,1.16692,1.16696,1.16661,1.16662,731020000
1754893800000,1.16663,1.1668,1.16653,1.1666,677920000
1754894700000,1.16659,1.16663,1.16629,1.16642,1072260000
1754895600000,1.16639,1.16657,1.16562,1.16586,1239920000
1754896500000,1.16587,1.16615,1.1654,1.16545,639400000
1754897400000,1.16542,1.16542,1.16491,1.16508,1705300000
1754898300000,1.16507,1.16515,1.1646,1.1647,2021080000
1754899200000,1.16469,1.16521,1.16439,1.16513,1497070000
1754900100000,1.16512,1.1655,1.16505,1.16548,1058560000
1754901000000,1.16549,1.16604,1.16536,1.1657,753410000
1754901900000,1.16568,1.16578,1.16537,1.16551,624490000
1754902800000,1.16548,1.1658,1.16479,1.16483,1183730000
1754903700000,1.16483,1.16487,1.16415,1.16429,910820000
1754904600000,1.16428,1.16443,1.16387,1.16431,663170000
1754905500000,1.16432,1.16446,1.16383,1.1641,775310000
1754906400000,1.16411,1.16444,1.1641,1.16441,1014660000
1754907300000,1.16443,1.16475,1.16439,1.16444,893380000
1754908200000,1.16442,1.16454,1.16406,1.16441,569120000
1754909100000,1.16443,1.16476,1.16441,1.16468,510750000
1754910000000,1.16467,1.16469,1.16409,1.16423,679140000
1754910900000,1.16423,1.1644,1.16322,1.16364,1141220000
1754911800000,1.16362,1.16377,1.16274,1.16281,1779430000
1754912700000,1.16282,1.16295,1.1623,1.16285,1124460000
1754913600000,1.16286,1.1631,1.16166,1.16184,1408110000
1754914500000,1.16182,1.16233,1.1614,1.16228,2658960000
1754915400000,1.1623,1.16241,1.16154,1.16188,7269450000
1754916300000,1.16186,1.1622,1.16181,1.16202,8010810000
1754917200000,1.16202,1.16226,1.16161,1.16221,4086840000
1754918100000,1.1622,1.16235,1.16159,1.1621,1959260000
1754919000000,1.16212,1.1626,1.16173,1.16247,7228530000
1754919900000,1.16248,1.16275,1.16175,1.16194,4885310000
1754920800000,1.16195,1.16201,1.16035,1.16065,2336630000
1754921700000,1.16063,1.16094,1.15992,1.16018,1723250000
1754922600000,1.16019,1.16021,1.15931,1.1594,1353010000
1754923500000,1.1594,1.15972,1.15901,1.15957,1438720000
1754924400000,1.15959,1.16005,1.159,1.15924,1971180000
1754925300000,1.15924,1.1604,1.15906,1.16036,3480120000
1754926200000,1.16035,1.1606,1.15983,1.16036,6655690000
1754927100000,1.16035,1.16069,1.16018,1.16064,2684280000
1754928000000,1.16064,1.16097,1.16057,1.16088,1807710000
1754928900000,1.1608,1.16117,1.16075,1.16107,931230000
1754929800000,1.16109,1.16109,1.16018,1.1603,751950000
1754930700000,1.16032,1.16082,1.16024,1.16073,919930000
1754931600000,1.16075,1.16079,1.16021,1.16026,829070000
1754932500000,1.16027,1.16052,1.15986,1.16049,879480000
1754933400000,1.1605,1.16094,1.16048,1.16086,1285570000
1754934300000,1.16087,1.16123,1.16083,1.16108,1008400000
1754935200000,1.1611,1.16124,1.16087,1.16093,771580000
1754936100000,1.16091,1.16139,1.1607,1.16139,1018910000
1754937000000,1.1614,1.16141,1.16098,1.16115,1101870000
1754937900000,1.16113,1.16137,1.16093,1.16122,1478490000
1754938800000,1.16124,1.16126,1.16098,1.16107,585890000
1754939700000,1.16105,1.16112,1.16036,1.16052,523050000
1754940600000,1.16052,1.16062,1.16029,1.16052,609320000
1754941500000,1.16049,1.16059,1.1602,1.16048,1152240000
1754942400000,1.16047,1.16095,1.16041,1.16095,814420000
1754943300000,1.16093,1.16173,1.16091,1.16165,805740000
1754944200000,1.16164,1.1619,1.16148,1.16188,262030000
1754945100000,1.16188,1.16194,1.16146,1.16149,905670000
1754946000000,1.16145,1.16145,1.16078,1.16127,130740000
1754946900000,1.1613,1.16138,1.16112,1.16138,480060000
1754947800000,1.16138,1.16146,1.16124,1.16137,613770000
1754948700000,1.16138,1.16164,1.1613,1.16151,228600000
1754949600000,1.16151,1.16183,1.16126,1.16142,507050000
1754950500000,1.16141,1.16147,1.16128,1.16132,165720000
1754951400000,1.16134,1.16134,1.16104,1.16106,182920000
1754952300000,1.16105,1.16127,1.16102,1.16127,46860000
1754953200000,1.1613,1.16151,1.16123,1.16143,246570000
1754954100000,1.16142,1.1616,1.16137,1.16159,61290000
1754955000000,1.16159,1.16161,1.16142,1.16149,130050000
1754955900000,1.1615,1.16175,1.16142,1.1616,224710000
1754956800000,1.16162,1.16196,1.16131,1.16155,1070280000
1754957700000,1.16156,1.16164,1.16116,1.1615,1759530000
1754958600000,1.16149,1.16189,1.16138,1.16176,1837460000
1754959500000,1.16176,1.16185,1.1615,1.16151,1110730000
1754960400000,1.16152,1.16204,1.16146,1.16194,557370000
1754961300000,1.16194,1.16194,1.16142,1.16156,548740000
1754962200000,1.16157,1.16253,1.16157,1.16238,477790000
1754963100000,1.16237,1.16243,1.16182,1.1619,542910000
1754964000000,1.1619,1.1622,1.16189,1.16191,404550000
1754964900000,1.16195,1.16254,1.16175,1.16215,669310000
1754965800000,1.16217,1.16239,1.1621,1.16217,228840000
1754966700000,1.16217,1.16239,1.16209,1.16228,385740000
1754967600000,1.1623,1.16242,1.16197,1.16222,380790000
1754968500000,1.1622,1.16228,1.162,1.16204,253230000
1754969400000,1.16202,1.16221,1.16196,1.16219,233820000
1754970300000,1.16217,1.16224,1.16183,1.16207,253100000
1754971200000,1.16205,1.16213,1.16179,1.16193,259470000
1754972100000,1.16194,1.16196,1.16176,1.16195,349510000
1754973000000,1.16194,1.16232,1.16156,1.16225,702240000
1754973900000,1.16223,1.16278,1.16223,1.16275,421290000
1754974800000,1.16274,1.1629,1.1624,1.16262,2514010000
1754975700000,1.1626,1.1626,1.16175,1.16184,3709410000
1754976600000,1.16187,1.16206,1.16149,1.16152,1852110000
1754977500000,1.16151,1.16168,1.16128,1.16137,1241880000
1754978400000,1.16136,1.16182,1.16129,1.16134,2136120000
1754979300000,1.16133,1.16159,1.16095,1.16112,2284990000
1754980200000,1.16112,1.16183,1.16095,1.16163,1762050000
1754981100000,1.16162,1.1618,1.16079,1.16092,1059180000
1754982000000,1.16092,1.16156,1.16078,1.16121,1195480000
1754982900000,1.16121,1.16177,1.16099,1.16177,1050680000
1754983800000,1.16174,1.16239,1.16162,1.16208,1295180000
1754984700000,1.16205,1.16235,1.16189,1.16203,872660000
1754985600000,1.16203,1.16203,1.16154,1.16176,994040000
1754986500000,1.16175,1.16222,1.16172,1.16204,555780000
1754987400000,1.16206,1.16206,1.16116,1.16158,865670000
1754988300000,1.16158,1.16164,1.16119,1.16144,800490000
1754989200000,1.16144,1.16182,1.16111,1.16136,780550000
1754990100000,1.16138,1.16149,1.16061,1.16062,832710000
1754991000000,1.16061,1.16076,1.16022,1.16026,641470000
1754991900000,1.16025,1.16077,1.16003,1.16064,888860000
1754992800000,1.16062,1.16112,1.16056,1.1611,630620000
1754993700000,1.16112,1.16129,1.16083,1.1609,549310000
1754994600000,1.16091,1.16118,1.16073,1.16087,719040000
1754995500000,1.16086,1.16109,1.16069,1.161,1217460000
1754996400000,1.16101,1.16109,1.16073,1.16085,701280000
1754997300000,1.16084,1.16097,1.16024,1.16056,654890000
1754998200000,1.16054,1.16059,1.16017,1.16024,1195690000
1754999100000,1.16022,1.16065,1.15986,1.16051,1044620000
1755000000000,1.16053,1.16107,1.16044,1.16064,1101690000
1755000900000,1.16065,1.16074,1.16011,1.16023,1672030000
1755001800000,1.16023,1.16556,1.16018,1.16478,8337390000
1755002700000,1.16477,1.16529,1.16331,1.16422,5490000000
1755003600000,1.1642,1.1642,1.16221,1.1632,5677130000
1755004500000,1.1632,1.16413,1.16209,1.16228,2860960000
1755005400000,1.1623,1.16605,1.16176,1.16586,3294250000
1755006300000,1.16578,1.16675,1.16394,1.16521,6497040000
1755007200000,1.16522,1.16606,1.1646,1.16474,2718420000
1755008100000,1.16477,1.16547,1.16417,1.16532,1775120000
1755009000000,1.16533,1.16611,1.16502,1.16595,2311130000
1755009900000,1.16596,1.16625,1.16548,1.16579,2226580000
1755010800000,1.16577,1.1668,1.16559,1.16648,1601070000
1755011700000,1.1665,1.16885,1.1664,1.16852,2168140000
1755012600000,1.16851,1.16971,1.16747,1.16947,3453390000
1755013500000,1.16946,1.16946,1.1671,1.16721,3026420000
1755014400000,1.16721,1.16744,1.16655,1.16686,1241520000
1755015300000,1.16684,1.16806,1.1667,1.16793,963020000
1755016200000,1.16794,1.16845,1.16774,1.16775,1304910000
1755017100000,1.16776,1.16858,1.16754,1.16795,1267980000
1755018000000,1.16794,1.16799,1.16718,1.16759,1424930000
1755018900000,1.16759,1.16784,1.16708,1.16776,1102040000
1755019800000,1.16775,1.168,1.16734,1.1678,944520000
1755020700000,1.16782,1.16803,1.16725,1.16731,630260000
1755021600000,1.16733,1.16785,1.16705,1.16732,765240000
1755022500000,1.16732,1.16749,1.1666,1.16671,499380000
1755023400000,1.1667,1.1669,1.16646,1.16662,510520000
1755024300000,1.16661,1.16693,1.16654,1.16686,634290000
1755025200000,1.16686,1.16697,1.16644,1.16669,1513170000
1755026100000,1.16668,1.16727,1.16664,1.16727,862390000
1755027000000,1.16727,1.16756,1.16719,1.16733,989640000
1755027900000,1.16733,1.16748,1.16708,1.16745,669430000
1755028800000,1.16744,1.16761,1.16726,1.16757,571230000
1755029700000,1.16753,1.16763,1.16742,1.16746,213960000
1755030600000,1.16747,1.16757,1.16732,1.16755,379760000
1755031500000,1.16756,1.1677,1.16716,1.16739,697510000
1755032400000,1.16739,1.16743,1.16698,1.16736,271010000
1755033300000,1.16736,1.16741,1.16712,1.16712,350650000
1755034200000,1.16712,1.16717,1.16689,1.1669,224400000
1755035100000,1.16689,1.16736,1.16689,1.16729,220180000
1755036000000,1.1673,1.16758,1.16729,1.16741,261240000
1755036900000,1.16743,1.16766,1.16742,1.16766,151200000
1755037800000,1.16769,1.16776,1.16749,1.16751,177300000
1755038700000,1.16751,1.16765,1.16741,1.16763,685680000
1755039600000,1.16763,1.16777,1.16759,1.16771,82290000
1755040500000,1.16769,1.16778,1.16763,1.16768,123060000
1755041400000,1.1677,1.16791,1.16749,1.1679,293260000
1755042300000,1.16786,1.16787,1.16763,1.16775,149830000
1755043200000,1.16774,1.16795,1.16722,1.16724,586440000
1755044100000,1.16729,1.16735,1.16706,1.16718,1437330000
1755045000000,1.16719,1.16751,1.16712,1.1675,1119570000
1755045900000,1.1675,1.16807,1.16749,1.16798,809530000
1755046800000,1.16798,1.16862,1.16797,1.16847,552510000
1755047700000,1.16845,1.16853,1.16766,1.16767,1242870000
1755048600000,1.16767,1.16821,1.16762,1.16816,878650000
1755049500000,1.16817,1.16819,1.16764,1.16772,1087350000
1755050400000,1.16771,1.16781,1.16703,1.16726,1760700000
1755051300000,1.16727,1.16812,1.16722,1.1678,1172020000
1755052200000,1.16781,1.16852,1.1678,1.16817,486120000
1755053100000,1.16817,1.16858,1.16809,1.16816,695770000
1755054000000,1.16816,1.1685,1.16795,1.16846,646830000
1755054900000,1.16847,1.1685,1.16813,1.16828,246360000
1755055800000,1.16829,1.16867,1.16825,1.16864,371380000
1755056700000,1.16864,1.16875,1.16836,1.16838,279660000
1755057600000,1.16836,1.16853,1.16818,1.16846,255720000
1755058500000,1.16843,1.16855,1.16823,1.16827,290940000
1755059400000,1.16828,1.16846,1.16812,1.16831,541800000
1755060300000,1.1683,1.16859,1.16822,1.16838,589380000
1755061200000,1.16838,1.1685,1.16828,1.16831,877150000
1755062100000,1.1683,1.16841,1.16811,1.16813,747640000
1755063000000,1.16812,1.16814,1.16766,1.16786,1193770000
1755063900000,1.16785,1.16796,1.16769,1.16788,1759900000
1755064800000,1.16793,1.16868,1.16786,1.16821,945150000
1755065700000,1.16823,1.16894,1.16813,1.16841,902470000
1755066600000,1.1684,1.16934,1.1683,1.16896,1369410000
1755067500000,1.16896,1.16969,1.16887,1.1692,1322520000
1755068400000,1.1692,1.17108,1.16918,1.17099,3031620000
1755069300000,1.17097,1.17106,1.17056,1.17068,2012980000
1755070200000,1.17069,1.17126,1.17057,1.17057,1830850000
1755071100000,1.17057,1.17109,1.17055,1.17079,1397570000
1755072000000,1.17079,1.17137,1.1707,1.17125,2180690000
1755072900000,1.17126,1.17206,1.17119,1.17167,1593600000
1755073800000,1.17168,1.17196,1.17118,1.17149,1177980000
1755074700000,1.17151,1.17183,1.17133,1.1714,1289940000
1755075600000,1.17139,1.17206,1.17139,1.17193,604510000
1755076500000,1.17193,1.17292,1.17192,1.17273,1229980000
1755077400000,1.17271,1.17297,1.17249,1.17271,925960000
1755078300000,1.17271,1.17301,1.1725,1.17292,791500000
1755079200000,1.17292,1.17293,1.17232,1.17279,860380000
1755080100000,1.17278,1.17299,1.17205,1.17218,753210000
1755081000000,1.17217,1.17238,1.17167,1.17182,813460000
1755081900000,1.17181,1.17207,1.17162,1.17164,1010970000
1755082800000,1.17164,1.17164,1.17094,1.17103,641210000
1755083700000,1.17105,1.17125,1.17078,1.17122,928100000
1755084600000,1.17126,1.17162,1.17096,1.17138,877230000
1755085500000,1.17137,1.1719,1.17129,1.17187,882300000
1755086400000,1.17188,1.17192,1.17105,1.17156,1256040000
1755087300000,1.17156,1.17215,1.17134,1.17145,1168950000
1755088200000,1.17147,1.17156,1.17037,1.17053,1347070000
1755089100000,1.1705,1.17064,1.16972,1.16987,1256180000
1755090000000,1.16986,1.17012,1.16928,1.16958,1354690000
1755090900000,1.16958,1.17036,1.16938,1.17017,975780000
1755091800000,1.1702,1.17051,1.1698,1.17038,1140630000
1755092700000,1.17037,1.17069,1.16997,1.17045,1375250000
1755093600000,1.17043,1.17114,1.17025,1.17082,1500110000
1755094500000,1.17083,1.17216,1.17083,1.17207,1683420000
1755095400000,1.17207,1.17234,1.17173,1.17191,1402720000
1755096300000,1.17193,1.17203,1.17104,1.17198,2746970000
1755097200000,1.17198,1.17199,1.17113,1.17118,1237180000
1755098100000,1.17121,1.17181,1.1709,1.17162,912930000
1755099000000,1.17163,1.17225,1.17153,1.17158,897940000
1755099900000,1.17158,1.17162,1.17084,1.17134,1035750000
1755100800000,1.17136,1.17147,1.17107,1.17143,684850000
1755101700000,1.17143,1.17148,1.17083,1.17134,984220000
1755102600000,1.17133,1.17149,1.17107,1.17109,745270000
1755103500000,1.17109,1.17122,1.17063,1.17066,761310000
1755104400000,1.17067,1.17104,1.17054,1.17055,531430000
1755105300000,1.1705,1.17107,1.17041,1.17082,484320000
1755106200000,1.1708,1.17098,1.17055,1.17087,424590000
1755107100000,1.17087,1.17098,1.17028,1.17039,624570000
1755108000000,1.1704,1.17044,1.17004,1.17016,520870000
1755108900000,1.17018,1.1702,1.16959,1.16982,695850000
1755109800000,1.16982,1.17001,1.16957,1.16963,348110000
1755110700000,1.16965,1.1702,1.1696,1.17004,399600000
1755111600000,1.17002,1.17017,1.16973,1.16994,296460000
1755112500000,1.16997,1.17038,1.16992,1.1701,282420000
1755113400000,1.17011,1.17011,1.16974,1.16982,436900000
1755114300000,1.16984,1.17002,1.16976,1.16993,494700000
1755115200000,1.16992,1.17018,1.1699,1.17011,176610000
1755116100000,1.17013,1.17053,1.17013,1.17045,134220000
1755117000000,1.17044,1.17068,1.17031,1.17054,261750000
1755117900000,1.17054,1.17059,1.17029,1.17051,1035370000
1755118800000,1.17051,1.17051,1.16996,1.16996,291300000
1755119700000,1.16996,1.17037,1.16993,1.17037,318580000
1755120600000,1.17032,1.17036,1.17006,1.17028,598500000
1755121500000,1.17028,1.17069,1.17022,1.17046,875720000
1755122400000,1.17045,1.17063,1.17038,1.17054,504990000
1755123300000,1.17057,1.17061,1.17046,1.1705,67050000
1755124200000,1.17052,1.17077,1.17052,1.17074,408900000
1755125100000,1.17075,1.17081,1.17067,1.17081,65250000
1755126000000,1.1708,1.1709,1.17073,1.17086,65010000
1755126900000,1.17087,1.17106,1.17081,1.17104,302160000
1755127800000,1.17104,1.17122,1.17096,1.17098,311580000
1755128700000,1.17098,1.17123,1.17095,1.1712,321630000
1755129600000,1.1712,1.17148,1.17104,1.17119,1042650000
1755130500000,1.17122,1.17129,1.17091,1.1712,668460000
1755131400000,1.17125,1.17142,1.17095,1.17119,701000000
1755132300000,1.17117,1.17135,1.17103,1.17112,865290000
1755133200000,1.17111,1.17141,1.171,1.17134,1129920000
1755134100000,1.17134,1.1715,1.17133,1.17134,1625070000
1755135000000,1.17135,1.17145,1.17091,1.17111,723250000
1755135900000,1.17113,1.17145,1.17113,1.17128,1381180000
1755136800000,1.17128,1.17128,1.17105,1.17114,2996050000
1755137700000,1.17114,1.17115,1.17044,1.17045,1899700000
1755138600000,1.17045,1.17045,1.16988,1.17042,1192890000
1755139500000,1.1704,1.17049,1.1701,1.17047,993460000
1755140400000,1.17047,1.17051,1.17011,1.17017,607180000
1755141300000,1.17015,1.17028,1.16996,1.17023,899260000
1755142200000,1.17024,1.17049,1.17012,1.17032,795840000
1755143100000,1.17033,1.17038,1.17015,1.17033,1270850000
1755144000000,1.17033,1.17042,1.17014,1.17036,458820000
1755144900000,1.17037,1.17064,1.17031,1.17037,1122810000
1755145800000,1.17036,1.17054,1.1703,1.17043,193920000
1755146700000,1.17043,1.17052,1.17027,1.17036,480060000
1755147600000,1.17036,1.17037,1.17015,1.17028,360840000
1755148500000,1.17027,1.17034,1.16988,1.16995,675420000
1755149400000,1.16993,1.17016,1.16969,1.17016,798030000
1755150300000,1.17019,1.17035,1.16993,1.17013,397030000
1755151200000,1.17013,1.17062,1.16963,1.17057,1291390000
1755152100000,1.17058,1.17063,1.16978,1.17032,1664070000
1755153000000,1.17032,1.17038,1.16934,1.16956,2049570000
1755153900000,1.16955,1.16969,1.16847,1.16848,2387950000
1755154800000,1.1685,1.16926,1.16844,1.1689,2323720000
1755155700000,1.16889,1.16895,1.16781,1.16817,1798650000
1755156600000,1.16817,1.16853,1.16786,1.16804,963240000
1755157500000,1.16805,1.16832,1.16777,1.16798,1321820000
1755158400000,1.16796,1.16827,1.16727,1.16801,1413040000
1755159300000,1.168,1.16851,1.16785,1.16842,1109030000
1755160200000,1.16844,1.16844,1.16771,1.16771,672960000
1755161100000,1.16772,1.16785,1.16678,1.16682,1530350000
1755162000000,1.16683,1.16843,1.16683,1.16841,1958500000
1755162900000,1.16838,1.16863,1.16825,1.16857,845300000
1755163800000,1.16857,1.16867,1.16826,1.16837,1358290000
1755164700000,1.16838,1.16856,1.16805,1.16817,1574210000
1755165600000,1.16815,1.16861,1.16813,1.16841,1521060000
1755166500000,1.16841,1.16957,1.16839,1.16952,963140000
1755167400000,1.1695,1.16972,1.16895,1.16906,1737750000
1755168300000,1.16906,1.16953,1.16892,1.16952,1143210000
1755169200000,1.16951,1.16963,1.16908,1.16937,1510550000
1755170100000,1.16936,1.16938,1.16826,1.16857,1282230000
1755171000000,1.16859,1.16894,1.16835,1.16857,1630070000
1755171900000,1.16861,1.16927,1.16837,1.16879,1577880000
1755172800000,1.1688,1.16922,1.16864,1.16876,1734820000
1755173700000,1.16876,1.16891,1.16805,1.16806,1257860000
1755174600000,1.16803,1.16814,1.16492,1.1678,15201150000
1755175500000,1.1678,1.16834,1.16587,1.16637,13997230000
1755176400000,1.16638,1.16674,1.16552,1.16639,5032310000
1755177300000,1.16636,1.16713,1.16526,1.16528,1624020000
1755178200000,1.16525,1.16596,1.16518,1.16535,1519040000
1755179100000,1.16534,1.16565,1.16491,1.165,1606120000
1755180000000,1.16502,1.16532,1.16376,1.16524,2316500000
1755180900000,1.16526,1.16639,1.16526,1.16631,1721420000
1755181800000,1.16632,1.16661,1.16592,1.16601,1391290000
1755182700000,1.166,1.16661,1.16561,1.16607,1595530000
1755183600000,1.16609,1.1662,1.16473,1.16542,1600070000
1755184500000,1.16543,1.16563,1.1649,1.16503,1224540000
1755185400000,1.16505,1.16528,1.16391,1.16399,1866800000
1755186300000,1.16399,1.16473,1.16373,1.1643,1729180000
1755187200000,1.1643,1.1645,1.16321,1.16325,1327080000
1755188100000,1.16326,1.16415,1.16313,1.16384,1652520000
1755189000000,1.16382,1.16407,1.1635,1.16379,754560000
1755189900000,1.16377,1.16383,1.16309,1.16342,663300000
1755190800000,1.16343,1.1643,1.16343,1.1643,1309320000
1755191700000,1.1643,1.16436,1.16386,1.16399,820580000
1755192600000,1.16398,1.16398,1.16312,1.16328,708470000
1755193500000,1.16326,1.16373,1.1632,1.16367,714170000
1755194400000,1.1637,1.16382,1.16329,1.16354,684240000
1755195300000,1.16355,1.16412,1.16341,1.16412,411030000
1755196200000,1.16412,1.16418,1.16376,1.16381,449760000
1755197100000,1.16381,1.16424,1.16371,1.16413,443280000
1755198000000,1.16416,1.16464,1.16415,1.16459,809010000
1755198900000,1.16459,1.16471,1.16445,1.16464,778590000
1755199800000,1.16464,1.16503,1.16459,1.16494,262560000
1755200700000,1.16495,1.165,1.16458,1.1648,321340000
1755201600000,1.16481,1.16502,1.16478,1.16495,270270000
1755202500000,1.16497,1.16497,1.16466,1.16474,115920000
1755203400000,1.16475,1.16484,1.16446,1.16468,249090000
1755204300000,1.16472,1.16492,1.16461,1.16473,799440000
1755205200000,1.1647,1.16487,1.16465,1.16482,157550000
1755206100000,1.16485,1.16493,1.16473,1.16488,213750000
1755207000000,1.16488,1.16491,1.16472,1.16482,115650000
1755207900000,1.16479,1.16508,1.16478,1.16508,305880000
1755208800000,1.16507,1.16528,1.16487,1.16516,612270000
1755209700000,1.16515,1.16515,1.16497,1.165,68940000
1755210600000,1.16501,1.16509,1.16496,1.16499,52080000
1755211500000,1.165,1.16503,1.16482,1.16499,53490000
1755212400000,1.16499,1.16499,1.16458,1.16465,476990000
1755213300000,1.16465,1.1649,1.16462,1.16479,93630000
1755214200000,1.16481,1.16518,1.16476,1.16515,156780000
1755215100000,1.16515,1.16527,1.16493,1.16504,270500000
1755216000000,1.16506,1.16513,1.16467,1.16505,398460000
1755216900000,1.16503,1.16524,1.16485,1.16486,544130000
1755217800000,1.16485,1.16511,1.16483,1.16497,160920000
1755218700000,1.16495,1.1653,1.16472,1.1652,506310000
1755219600000,1.16523,1.16546,1.16491,1.165,684510000
1755220500000,1.16502,1.16538,1.1648,1.16533,1158150000
1755221400000,1.16534,1.16578,1.16504,1.16567,1124040000
1755222300000,1.16566,1.16579,1.16524,1.16527,803040000
1755223200000,1.16528,1.16571,1.16513,1.16553,1310310000
1755224100000,1.16554,1.16555,1.16492,1.16511,1066740000
1755225000000,1.16511,1.16561,1.16503,1.16542,855080000
1755225900000,1.16542,1.16576,1.16539,1.16566,457200000
1755226800000,1.16568,1.16591,1.16564,1.16586,448660000
1755227700000,1.16587,1.16608,1.16582,1.16599,420030000
1755228600000,1.16598,1.16627,1.16597,1.16625,253830000
1755229500000,1.16624,1.16644,1.1659,1.16599,258720000
1755230400000,1.166,1.16621,1.16598,1.16614,215520000
1755231300000,1.16613,1.16616,1.16591,1.16602,171630000
1755232200000,1.16604,1.16604,1.16589,1.16599,140730000
1755233100000,1.16598,1.16635,1.16598,1.16629,403200000
1755234000000,1.16628,1.16633,1.16611,1.16624,415440000
1755234900000,1.16625,1.16641,1.16624,1.16633,393510000
1755235800000,1.16632,1.16659,1.16621,1.16629,201840000
1755236700000,1.16627,1.16712,1.16627,1.16709,482460000
1755237600000,1.1671,1.16742,1.16678,1.1672,1022040000
1755238500000,1.16721,1.16721,1.16651,1.16667,874440000
1755239400000,1.16669,1.16746,1.16669,1.16719,1011720000
1755240300000,1.16719,1.16736,1.16701,1.16717,700450000
1755241200000,1.16715,1.16807,1.16715,1.1676,1255440000
1755242100000,1.1676,1.16786,1.16734,1.16772,778520000
1755243000000,1.16768,1.16791,1.16749,1.1679,644640000
1755243900000,1.16791,1.1684,1.16758,1.16826,834140000
1755244800000,1.16825,1.16849,1.16815,1.1683,931890000
1755245700000,1.16829,1.16847,1.16765,1.16786,1004790000
1755246600000,1.16786,1.16796,1.16763,1.16779,882550000
1755247500000,1.16779,1.16838,1.16773,1.16822,820620000
1755248400000,1.1682,1.16872,1.16801,1.16862,930970000
1755249300000,1.16861,1.16887,1.16847,1.16872,619110000
1755250200000,1.16872,1.16877,1.16834,1.16865,773670000
1755251100000,1.16868,1.16898,1.1685,1.16874,1249890000
1755252000000,1.16876,1.16912,1.16861,1.16883,1124550000
1755252900000,1.16881,1.16895,1.16836,1.16837,401380000
1755253800000,1.16836,1.16863,1.16815,1.16815,520790000
1755254700000,1.16814,1.16874,1.16804,1.16856,790680000
1755255600000,1.16856,1.16918,1.1685,1.16904,567180000
1755256500000,1.16906,1.16909,1.16877,1.16878,724410000
1755257400000,1.1688,1.16905,1.16848,1.16854,419340000
1755258300000,1.16853,1.16876,1.16814,1.16874,771090000
1755259200000,1.16874,1.16924,1.1685,1.16908,1154980000
1755260100000,1.16908,1.16908,1.16839,1.16846,1764010000
1755261000000,1.16846,1.16998,1.16732,1.16946,3218540000
1755261900000,1.16945,1.16981,1.16868,1.16939,2317780000
1755262800000,1.1694,1.17016,1.16905,1.16909,1922000000
1755263700000,1.16909,1.16922,1.16815,1.16912,2417460000
1755264600000,1.16913,1.16981,1.16877,1.16936,2382940000
1755265500000,1.16934,1.1708,1.16934,1.17027,2540150000
1755266400000,1.17025,1.17147,1.17004,1.1712,4023020000
1755267300000,1.17118,1.1715,1.17077,1.17103,2746070000
1755268200000,1.17101,1.17151,1.17053,1.1714,1468070000
1755269100000,1.17142,1.17151,1.17077,1.17117,2155490000
1755270000000,1.17114,1.1715,1.17031,1.17044,1628060000
1755270900000,1.17045,1.1713,1.17037,1.17116,1308520000
1755271800000,1.17116,1.17148,1.17065,1.17085,984560000
1755272700000,1.17087,1.17102,1.17054,1.17066,628920000
1755273600000,1.17066,1.17081,1.17022,1.17047,662310000
1755274500000,1.17049,1.17053,1.17021,1.17032,426030000
1755275400000,1.17034,1.17044,1.17023,1.17024,336260000
1755276300000,1.17027,1.1704,1.16997,1.17037,452940000
1755277200000,1.17039,1.17047,1.16992,1.17038,661060000
1755278100000,1.17035,1.17044,1.16993,1.17007,510190000
1755279000000,1.17007,1.17048,1.16994,1.17045,391050000
1755279900000,1.17044,1.17059,1.1702,1.17042,366000000
1755280800000,1.1704,1.1705,1.16984,1.17039,509330000
1755281700000,1.17041,1.17065,1.17028,1.17028,409800000
1755282600000,1.17027,1.17044,1.17013,1.17025,307650000
1755283500000,1.17019,1.1705,1.1701,1.17024,332880000
1755284400000,1.17023,1.17033,1.17008,1.17021,551670000
1755285300000,1.17019,1.1702,1.16998,1.17008,340800000
1755286200000,1.1701,1.17035,1.17009,1.17015,510350000
1755287100000,1.17016,1.17025,1.16998,1.17009,542820000
1755288000000,1.1701,1.17079,1.17008,1.17077,277740000
1755288900000,1.17078,1.17079,1.17036,1.17037,627030000
1755289800000,1.17037,1.17042,1.17002,1.17013,509160000
1755290700000,1.17013,1.17043,1.17,1.17026,1687950000
1755464400000,1.17101,1.17122,1.17092,1.17102,140660000
1755465300000,1.17104,1.17112,1.17096,1.17101,114300000
1755466200000,1.17101,1.17133,1.17096,1.1713,92380000
1755467100000,1.17131,1.17144,1.17122,1.17134,117900000
1755468000000,1.17134,1.17157,1.17097,1.17104,453310000
1755468900000,1.17104,1.17121,1.171,1.17116,380240000
1755469800000,1.17115,1.17138,1.17105,1.1712,206160000
1755470700000,1.17119,1.17139,1.17106,1.17131,303540000
1755471600000,1.17135,1.17143,1.17078,1.17086,526390000
1755472500000,1.17086,1.1709,1.17043,1.17067,143670000
1755473400000,1.17066,1.17078,1.17057,1.17064,141990000
1755474300000,1.17063,1.17073,1.17038,1.17059,205830000
1755475200000,1.17061,1.17071,1.17027,1.17046,757920000
1755476100000,1.17048,1.17106,1.17034,1.17088,385170000
1755477000000,1.17092,1.17097,1.17021,1.17022,859860000
1755477900000,1.17022,1.17032,1.17001,1.17012,2004750000
1755478800000,1.17012,1.1702,1.16971,1.16972,1696960000
1755479700000,1.16971,1.16986,1.16946,1.16958,511450000
1755480600000,1.16958,1.16985,1.16935,1.16955,567600000
1755481500000,1.16956,1.17045,1.16956,1.1703,446550000
1755482400000,1.17031,1.17052,1.17011,1.17016,585450000
1755483300000,1.17014,1.17015,1.16981,1.16993,383100000
1755484200000,1.16993,1.17017,1.16974,1.16987,229320000
1755485100000,1.16986,1.17013,1.16984,1.17012,239310000
1755486000000,1.17012,1.17043,1.16997,1.17002,347490000
1755486900000,1.17002,1.17038,1.17001,1.17037,205770000
1755487800000,1.17036,1.17044,1.17016,1.17021,309810000
1755488700000,1.17025,1.17037,1.17004,1.17033,571740000
1755489600000,1.17034,1.17073,1.17026,1.17038,601050000
1755490500000,1.17037,1.17054,1.17025,1.17041,447510000
1755491400000,1.17043,1.17087,1.17043,1.17067,736410000
1755492300000,1.17068,1.17102,1.17068,1.17082,627630000
1755493200000,1.17082,1.17089,1.17046,1.17046,435300000
1755494100000,1.17043,1.17062,1.17033,1.17036,504810000
1755495000000,1.17034,1.17052,1.17012,1.17033,576750000
1755495900000,1.17032,1.17071,1.17032,1.17059,704710000
1755496800000,1.17056,1.17076,1.1702,1.1702,1152500000
1755497700000,1.17019,1.17028,1.16959,1.16964,1003410000
1755498600000,1.16961,1.16991,1.16951,1.16961,696190000
1755499500000,1.16964,1.17,1.16933,1.16964,1224930000
1755500400000,1.16967,1.17026,1.16925,1.17011,814520000
1755501300000,1.1701,1.17028,1.16962,1.17,844120000
1755502200000,1.17,1.17033,1.16963,1.16999,653650000
1755503100000,1.16995,1.17008,1.16802,1.16813,1416440000
1755504000000,1.16809,1.16821,1.1671,1.16726,1419120000
1755504900000,1.16725,1.16855,1.16724,1.16849,1991810000
1755505800000,1.16847,1.16871,1.16828,1.16828,770040000
1755506700000,1.1683,1.16872,1.16805,1.16818,929670000
1755507600000,1.16821,1.16858,1.1677,1.16854,722950000
1755508500000,1.16853,1.16856,1.16798,1.16815,533570000
1755509400000,1.16815,1.16819,1.16733,1.16738,588250000
1755510300000,1.1674,1.16813,1.16729,1.16801,999780000
1755511200000,1.16798,1.16813,1.16777,1.168,605080000
1755512100000,1.16798,1.16819,1.16773,1.16788,396210000
1755513000000,1.1679,1.16822,1.16779,1.16816,530610000
1755513900000,1.16815,1.16829,1.1679,1.16808,389100000
1755514800000,1.16807,1.16882,1.16802,1.16859,369640000
1755515700000,1.1686,1.16879,1.16832,1.16862,737360000
1755516600000,1.16863,1.16863,1.16811,1.16833,1950160000
1755517500000,1.16835,1.16856,1.16714,1.16747,1195810000
1755518400000,1.1675,1.16788,1.16715,1.16739,858070000
1755519300000,1.16742,1.16757,1.16711,1.16735,652060000
1755520200000,1.16736,1.16756,1.16662,1.16702,958610000
1755521100000,1.16703,1.16763,1.1669,1.16763,749570000
1755522000000,1.16763,1.16775,1.16695,1.16723,847130000
1755522900000,1.1672,1.16764,1.16718,1.16755,602700000
1755523800000,1.16755,1.16773,1.16709,1.16756,1383790000
1755524700000,1.16757,1.16777,1.16713,1.16777,1230280000
1755525600000,1.16775,1.16843,1.16745,1.16777,1372150000
1755526500000,1.16775,1.16811,1.16745,1.16778,1285490000
1755527400000,1.16776,1.16776,1.16693,1.16713,1068510000
1755528300000,1.16713,1.16713,1.16604,1.16641,1499300000
1755529200000,1.16639,1.16671,1.16608,1.16644,895180000
1755530100000,1.16646,1.16708,1.16635,1.16692,766180000
1755531000000,1.16693,1.16744,1.16673,1.16703,731190000
1755531900000,1.16704,1.16729,1.16669,1.16673,990010000
1755532800000,1.16673,1.16673,1.16617,1.1666,1129080000
1755533700000,1.1666,1.16669,1.16628,1.16655,604890000
1755534600000,1.16656,1.16672,1.16618,1.1662,506470000
1755535500000,1.16617,1.16619,1.16561,1.16577,774660000
1755536400000,1.16578,1.16622,1.16577,1.16602,665580000
1755537300000,1.166,1.16625,1.16566,1.1662,673180000
1755538200000,1.16621,1.16664,1.16618,1.16629,885980000
1755539100000,1.16627,1.16642,1.16615,1.16626,428170000
1755540000000,1.16625,1.1667,1.16615,1.16663,380190000
1755540900000,1.16662,1.16678,1.16643,1.16666,432990000
1755541800000,1.16665,1.16667,1.16596,1.16599,497880000
1755542700000,1.16598,1.1662,1.16585,1.16599,310400000
1755543600000,1.16598,1.16653,1.16598,1.16653,416310000
1755544500000,1.16652,1.16693,1.16652,1.16691,434920000
1755545400000,1.1669,1.16703,1.16682,1.16686,600130000
1755546300000,1.16686,1.16687,1.16662,1.16672,422890000
1755547200000,1.16669,1.16693,1.16663,1.16671,416910000
1755548100000,1.16671,1.16671,1.16647,1.16664,262260000
1755549000000,1.16663,1.16678,1.16646,1.16647,229140000
1755549900000,1.16646,1.16646,1.16596,1.16602,1060260000
1755550800000,1.16598,1.16611,1.16575,1.16592,116740000
1755551700000,1.16592,1.16617,1.16592,1.16615,91700000
1755552600000,1.16614,1.16616,1.16597,1.166,368010000
1755553500000,1.166,1.16613,1.16594,1.16613,321930000
1755554400000,1.16613,1.16746,1.16599,1.16727,817080000
1755555300000,1.16725,1.16726,1.16661,1.16684,293010000
1755556200000,1.16683,1.16686,1.16661,1.16677,122670000
1755557100000,1.16676,1.16696,1.16673,1.16694,187500000
1755558000000,1.16695,1.16695,1.16639,1.16644,324370000
1755558900000,1.16643,1.16651,1.16624,1.16643,281460000
1755559800000,1.16643,1.16651,1.16618,1.16647,274250000
1755560700000,1.16645,1.16685,1.16645,1.16679,229410000
1755561600000,1.16678,1.16697,1.16636,1.16685,808440000
1755562500000,1.16686,1.16699,1.16645,1.16658,1188580000
1755563400000,1.16658,1.16662,1.16605,1.16613,973170000
1755564300000,1.16613,1.16625,1.16556,1.16583,753870000
1755565200000,1.16585,1.16622,1.16573,1.16575,452130000
1755566100000,1.16574,1.16583,1.16428,1.1643,1120140000
1755567000000,1.16432,1.16491,1.1639,1.16489,1947230000
1755567900000,1.16489,1.16528,1.16489,1.1649,1373130000
1755568800000,1.16491,1.16549,1.16467,1.16549,1252800000
1755569700000,1.16549,1.16559,1.16519,1.16523,897120000
1755570600000,1.16524,1.16541,1.16511,1.1653,322530000
1755571500000,1.16527,1.16537,1.16509,1.16528,258640000
1755572400000,1.1653,1.16546,1.16504,1.16546,326470000
1755573300000,1.16544,1.16571,1.16532,1.16564,315180000
1755574200000,1.16565,1.16586,1.16565,1.1658,444760000
1755575100000,1.16579,1.16585,1.16541,1.16549,493140000
1755576000000,1.16549,1.16576,1.16534,1.16558,478360000
1755576900000,1.16557,1.16596,1.16543,1.16572,271080000
1755577800000,1.16571,1.16595,1.16566,1.16591,303270000
1755578700000,1.16591,1.16616,1.16578,1.16604,862220000
1755579600000,1.16605,1.1665,1.16605,1.16632,314980000
1755580500000,1.16634,1.16655,1.16616,1.16653,239940000
1755581400000,1.16651,1.16656,1.1662,1.16635,211860000
1755582300000,1.16636,1.16645,1.16537,1.16551,850630000
1755583200000,1.1655,1.16575,1.16511,1.16564,1210010000
1755584100000,1.16566,1.16608,1.16541,1.16591,917700000
1755585000000,1.16592,1.16645,1.16588,1.16635,595740000
1755585900000,1.16633,1.16745,1.1663,1.16742,1360560000
1755586800000,1.16743,1.16812,1.16735,1.16748,1243290000
1755587700000,1.16746,1.16782,1.16737,1.16767,1179360000
1755588600000,1.16765,1.16815,1.16755,1.168,813790000
1755589500000,1.16799,1.1684,1.16769,1.16834,1557850000
1755590400000,1.16835,1.16842,1.16749,1.16755,1045200000
1755591300000,1.16753,1.16792,1.16747,1.16785,585900000
1755592200000,1.16786,1.16786,1.1672,1.16741,677070000
1755593100000,1.16739,1.16775,1.16715,1.16749,622170000
1755594000000,1.1675,1.16774,1.1673,1.16757,595450000
1755594900000,1.16755,1.16758,1.16724,1.16755,527710000
1755595800000,1.16759,1.16773,1.16743,1.16763,512010000
1755596700000,1.16762,1.16821,1.16745,1.16802,615610000
1755597600000,1.168,1.1683,1.16792,1.16828,474510000
1755598500000,1.16824,1.16919,1.16821,1.16905,619020000
1755599400000,1.16907,1.16912,1.16839,1.16857,544080000
1755600300000,1.16857,1.16888,1.16844,1.16887,583320000
1755601200000,1.16886,1.16928,1.16856,1.16881,556110000
1755602100000,1.16881,1.16892,1.16824,1.16825,552660000
1755603000000,1.16823,1.16834,1.16798,1.16824,1191830000
1755603900000,1.16826,1.16863,1.16812,1.16855,602520000
1755604800000,1.16856,1.1686,1.16789,1.16855,910560000
1755605700000,1.16859,1.16879,1.16804,1.16809,833970000
1755606600000,1.16807,1.16818,1.16729,1.16794,1495910000
1755607500000,1.16795,1.16803,1.16739,1.16754,904150000
1755608400000,1.16752,1.16781,1.16692,1.16717,1066120000
1755609300000,1.16721,1.16769,1.1668,1.1674,866530000
1755610200000,1.16739,1.16776,1.16706,1.16724,968210000
1755611100000,1.16725,1.16777,1.16717,1.16762,1439480000
1755612000000,1.1676,1.16775,1.16692,1.16692,1111380000
1755612900000,1.16692,1.16723,1.16654,1.16689,1258210000
1755613800000,1.16689,1.16699,1.16648,1.16653,1166050000
1755614700000,1.16654,1.16734,1.16637,1.16719,1655550000
1755615600000,1.16719,1.16753,1.16658,1.16741,1905070000
1755616500000,1.16739,1.16751,1.16669,1.16701,969520000
1755617400000,1.16701,1.16701,1.166,1.16624,755310000
1755618300000,1.16623,1.16644,1.16575,1.16586,779940000
1755619200000,1.16586,1.16627,1.16571,1.16594,739970000
1755620100000,1.16594,1.1663,1.16547,1.1655,564550000
1755621000000,1.1655,1.16605,1.16544,1.16592,711480000
1755621900000,1.16592,1.16611,1.16548,1.16563,781760000
1755622800000,1.16565,1.16607,1.16545,1.16579,557550000
1755623700000,1.16582,1.16582,1.16559,1.16564,563460000
1755624600000,1.16564,1.16587,1.16556,1.16568,402120000
1755625500000,1.16567,1.16569,1.16529,1.16544,415440000
1755626400000,1.16545,1.16546,1.16499,1.16501,439020000
1755627300000,1.16501,1.16511,1.16483,1.16503,423810000
1755628200000,1.16502,1.16502,1.16423,1.16424,572130000
1755629100000,1.16424,1.16483,1.16421,1.16472,648870000
1755630000000,1.16473,1.16481,1.16424,1.16436,399480000
1755630900000,1.16435,1.16477,1.16433,1.16475,233540000
1755631800000,1.16473,1.16474,1.16455,1.16468,215310000
1755632700000,1.16467,1.16476,1.16459,1.16463,356140000
1755633600000,1.16463,1.16475,1.16446,1.16461,332340000
1755634500000,1.1646,1.16467,1.16451,1.16456,129700000
1755635400000,1.16457,1.1648,1.16453,1.16465,333330000
1755636300000,1.16466,1.16476,1.16447,1.16464,874710000
1755637200000,1.16459,1.16485,1.16446,1.16478,243110000
1755638100000,1.16479,1.16493,1.16465,1.16478,531270000
1755639000000,1.16472,1.1649,1.16438,1.16438,676580000
1755639900000,1.16438,1.16459,1.16426,1.16449,873940000
1755640800000,1.16445,1.16487,1.16443,1.16484,390520000
1755641700000,1.16483,1.16489,1.16477,1.16479,88200000
1755642600000,1.16479,1.16486,1.16455,1.16464,134300000
1755643500000,1.16465,1.16485,1.16464,1.16484,79470000
1755644400000,1.16485,1.16485,1.16441,1.16442,269850000
1755645300000,1.16444,1.16445,1.16414,1.16425,288180000
1755646200000,1.16424,1.16435,1.16408,1.16427,137220000
1755647100000,1.16434,1.16436,1.16412,1.16415,151590000
1755648000000,1.16413,1.16423,1.16312,1.16322,663720000
1755648900000,1.16324,1.16364,1.16319,1.16324,628520000
1755649800000,1.16324,1.1637,1.16315,1.16347,694380000
1755650700000,1.16346,1.16404,1.16346,1.16387,770580000
1755651600000,1.16385,1.16421,1.16359,1.16381,693380000
1755652500000,1.16384,1.16389,1.16276,1.16289,563230000
1755653400000,1.16289,1.16341,1.16288,1.16315,904920000
1755654300000,1.16315,1.16324,1.16271,1.16274,678000000
1755655200000,1.16272,1.16272,1.16234,1.16262,2046960000
1755656100000,1.16264,1.16276,1.1625,1.16266,738120000
1755657000000,1.16264,1.16294,1.16242,1.16244,659310000
1755657900000,1.16246,1.16272,1.16221,1.16262,785490000
1755658800000,1.16262,1.16342,1.16262,1.16297,669840000
1755659700000,1.16296,1.16347,1.16288,1.16344,407790000
1755660600000,1.16343,1.1636,1.16323,1.16353,372530000
1755661500000,1.16354,1.16362,1.16325,1.16329,314910000
1755662400000,1.16329,1.16381,1.16322,1.1636,321160000
1755663300000,1.16359,1.16375,1.16344,1.16349,287490000
1755664200000,1.16351,1.16362,1.16343,1.16343,227740000
1755665100000,1.16342,1.16362,1.16339,1.16343,405420000
1755666000000,1.16344,1.16351,1.16322,1.16343,562110000
1755666900000,1.16344,1.16382,1.16339,1.16375,340270000
1755667800000,1.16376,1.16395,1.16374,1.16374,369590000
1755668700000,1.16376,1.16401,1.16365,1.16391,482770000
1755669600000,1.16391,1.16424,1.16231,1.16259,1926070000
1755670500000,1.16259,1.16322,1.16232,1.16265,2100510000
1755671400000,1.16265,1.16365,1.16265,1.16365,1385340000
1755672300000,1.16366,1.16375,1.1632,1.16335,900030000
1755673200000,1.16336,1.16416,1.16334,1.16393,1433600000
1755674100000,1.16392,1.16467,1.16375,1.16455,930660000
1755675000000,1.16453,1.16466,1.16389,1.16401,1014920000
1755675900000,1.16399,1.16448,1.16367,1.16445,1199220000
1755676800000,1.16447,1.16465,1.16422,1.16424,1175770000
1755677700000,1.16424,1.16439,1.16359,1.16365,786550000
1755678600000,1.16363,1.16411,1.16314,1.1636,1416940000
1755679500000,1.16359,1.1641,1.16348,1.16375,1391070000
1755680400000,1.16374,1.16397,1.16349,1.16386,1083270000
1755681300000,1.16384,1.16417,1.1636,1.16412,516570000
1755682200000,1.1641,1.16449,1.1639,1.1643,419550000
1755683100000,1.16429,1.16461,1.1642,1.1645,525360000
1755684000000,1.16448,1.16525,1.16435,1.16525,657550000
1755684900000,1.16525,1.1655,1.16504,1.1654,1211560000
1755685800000,1.16543,1.16575,1.16452,1.16474,1556930000
1755686700000,1.16474,1.1649,1.16438,1.16467,587310000
1755687600000,1.16469,1.165,1.16428,1.16462,680530000
1755688500000,1.16461,1.16477,1.16438,1.16444,300280000
1755689400000,1.16444,1.16472,1.1642,1.16423,417480000
1755690300000,1.16424,1.1646,1.164,1.16417,712800000
1755691200000,1.16419,1.16512,1.16419,1.1651,1003260000
1755692100000,1.16509,1.1654,1.16504,1.16525,815220000
1755693000000,1.16528,1.1669,1.16522,1.16648,1925860000
1755693900000,1.16647,1.16736,1.16624,1.1671,1157490000
1755694800000,1.16708,1.16718,1.16628,1.16648,966360000
1755695700000,1.1665,1.16674,1.16609,1.16629,663820000
1755696600000,1.16628,1.16705,1.1662,1.16704,1059690000
1755697500000,1.16702,1.16702,1.16559,1.16587,1764710000
1755698400000,1.16587,1.16652,1.16548,1.16559,1326570000
1755699300000,1.16561,1.16575,1.16484,1.16539,1353700000
1755700200000,1.1654,1.1658,1.16514,1.1657,1029540000
1755701100000,1.16571,1.16689,1.16561,1.1663,2148920000
1755702000000,1.16631,1.16631,1.16565,1.16571,1275550000
1755702900000,1.16574,1.1662,1.16574,1.16618,951570000
1755703800000,1.16619,1.16625,1.16542,1.16546,928480000
1755704700000,1.16547,1.16555,1.16462,1.16479,942090000
1755705600000,1.16479,1.16549,1.16477,1.16538,710340000
1755706500000,1.1654,1.16605,1.1654,1.16592,710010000
1755707400000,1.16595,1.16617,1.16582,1.16587,493080000
1755708300000,1.16587,1.16604,1.16558,1.16598,480310000
1755709200000,1.16597,1.16655,1.16591,1.16628,633120000
1755710100000,1.16629,1.16671,1.16622,1.16665,442830000
1755711000000,1.16668,1.16671,1.16602,1.16611,521040000
1755711900000,1.16607,1.16723,1.16607,1.16713,709460000
1755712800000,1.16714,1.16714,1.16589,1.16625,1321630000
1755713700000,1.16626,1.16631,1.1655,1.16578,535540000
1755714600000,1.16578,1.1661,1.16571,1.16593,555300000
1755715500000,1.16593,1.16609,1.16546,1.16547,603870000
1755716400000,1.16547,1.16583,1.16524,1.16579,931870000
1755717300000,1.16579,1.16582,1.16545,1.16564,333720000
1755718200000,1.16565,1.16578,1.16558,1.16562,516330000
1755719100000,1.16564,1.16572,1.16523,1.16527,234150000
1755720000000,1.16528,1.16528,1.16472,1.1649,410850000
1755720900000,1.16488,1.165,1.16469,1.16472,262000000
1755721800000,1.16474,1.16506,1.16474,1.16502,151680000
1755722700000,1.16503,1.16518,1.16487,1.16506,479430000
1755723600000,1.16505,1.16522,1.1648,1.16518,429480000
1755724500000,1.16518,1.16524,1.16487,1.16523,117920000
1755725400000,1.16517,1.16529,1.16505,1.16517,511720000
1755726300000,1.16517,1.16527,1.16482,1.16497,488830000
1755727200000,1.16498,1.16551,1.16494,1.16528,382950000
1755728100000,1.16527,1.16544,1.16523,1.16538,69750000
1755729000000,1.16537,1.16541,1.16528,1.1653,45840000
1755729900000,1.1653,1.1653,1.16522,1.16525,40170000
1755730800000,1.16522,1.16522,1.16496,1.16503,146370000
1755731700000,1.16505,1.16534,1.16496,1.16528,151650000
1755732600000,1.16525,1.16525,1.16492,1.16492,226830000
1755733500000,1.16488,1.16513,1.16481,1.16507,401640000
1755734400000,1.16507,1.16516,1.1646,1.16489,829410000
1755735300000,1.16491,1.16503,1.16458,1.16469,566640000
1755736200000,1.16469,1.16471,1.16423,1.16442,694190000
1755737100000,1.16439,1.16468,1.16409,1.16467,953480000
1755738000000,1.16468,1.16499,1.16442,1.16461,894750000
1755738900000,1.16461,1.16479,1.1643,1.16446,729900000
1755739800000,1.16443,1.16505,1.1641,1.16481,594360000
1755740700000,1.1648,1.16498,1.16449,1.1646,707640000
1755741600000,1.16458,1.16493,1.16447,1.16483,638750000
1755742500000,1.16481,1.16487,1.16439,1.16461,1001620000
1755743400000,1.1646,1.16467,1.16431,1.16458,978400000
1755744300000,1.16455,1.16473,1.1645,1.16465,436860000
1755745200000,1.16465,1.16485,1.16459,1.1647,188730000
1755746100000,1.16471,1.16471,1.16429,1.16431,257670000
1755747000000,1.16431,1.16452,1.16415,1.16445,346590000
1755747900000,1.16444,1.16472,1.16439,1.1646,143460000
1755748800000,1.16461,1.16461,1.16428,1.16448,249840000
1755749700000,1.16448,1.16468,1.16444,1.16452,186470000
1755750600000,1.16453,1.1648,1.16451,1.16465,232950000
1755751500000,1.16464,1.16478,1.16448,1.16453,407970000
1755752400000,1.16455,1.16464,1.16415,1.16424,632550000
1755753300000,1.16423,1.16476,1.16421,1.16474,629580000
1755754200000,1.16476,1.1648,1.16452,1.16475,336740000
1755755100000,1.16475,1.16496,1.16466,1.16492,678460000
1755756000000,1.16495,1.16497,1.16418,1.1643,779000000
1755756900000,1.1643,1.1645,1.16333,1.16343,1159850000
1755757800000,1.16342,1.16364,1.16315,1.16315,695340000
1755758700000,1.16315,1.16328,1.16258,1.16297,1131240000
1755759600000,1.16298,1.16352,1.16249,1.16348,1257910000
1755760500000,1.16349,1.16436,1.16349,1.16429,1610570000
1755761400000,1.16431,1.1659,1.16431,1.16551,1381670000
1755762300000,1.1655,1.16613,1.16546,1.16579,907860000
1755763200000,1.1658,1.16593,1.16523,1.16526,1457210000
1755764100000,1.16527,1.16554,1.16499,1.16537,891060000
1755765000000,1.16538,1.16585,1.16524,1.16535,889140000
1755765900000,1.16534,1.16578,1.16522,1.16547,894180000
1755766800000,1.16548,1.16606,1.16537,1.16604,653130000
1755767700000,1.16606,1.16626,1.16574,1.16578,775500000
1755768600000,1.16577,1.16611,1.1655,1.16598,538890000
1755769500000,1.16597,1.16604,1.16543,1.16548,821520000
1755770400000,1.16546,1.16565,1.16511,1.16519,720510000
1755771300000,1.16519,1.16519,1.16485,1.165,552180000
1755772200000,1.16497,1.16525,1.16481,1.16486,630870000
1755773100000,1.16486,1.16518,1.16483,1.16491,1008550000
1755774000000,1.16492,1.16572,1.1648,1.16554,808470000
1755774900000,1.16556,1.16562,1.16494,1.16496,700500000
1755775800000,1.16496,1.16504,1.16443,1.16453,1362500000
1755776700000,1.16453,1.16466,1.16394,1.16403,2043680000
1755777600000,1.16404,1.16423,1.16368,1.16421,877000000
1755778500000,1.16421,1.1644,1.1639,1.16403,1085210000
1755779400000,1.16402,1.16562,1.16402,1.16435,2278360000
1755780300000,1.16435,1.16527,1.16426,1.16466,2372640000
1755781200000,1.16465,1.16498,1.16431,1.16472,1430200000
1755782100000,1.16468,1.16489,1.16439,1.16461,1571850000
1755783000000,1.1646,1.16471,1.16346,1.16347,3084130000
1755783900000,1.16345,1.16346,1.16154,1.16205,4053420000
1755784800000,1.16206,1.16293,1.16165,1.16278,2993170000
1755785700000,1.16278,1.16282,1.16199,1.16205,2285580000
1755786600000,1.16203,1.16238,1.1609,1.16107,2260720000
1755787500000,1.16105,1.16173,1.16061,1.16156,3174150000
1755788400000,1.16154,1.16172,1.16018,1.16074,2428450000
1755789300000,1.16075,1.16256,1.1601,1.16195,2569450000
1755790200000,1.16199,1.16233,1.1612,1.16137,2653550000
1755791100000,1.16138,1.16147,1.16038,1.16042,1511050000
1755792000000,1.16041,1.16051,1.16013,1.16021,911410000
1755792900000,1.1602,1.16085,1.16019,1.16072,609770000
1755793800000,1.16071,1.16096,1.16033,1.16083,1017500000
1755794700000,1.16083,1.16117,1.1608,1.16108,887850000
1755795600000,1.16109,1.1617,1.16109,1.16166,1008940000
1755796500000,1.16167,1.16172,1.16126,1.16134,588610000
1755797400000,1.16132,1.16167,1.16127,1.16157,276520000
1755798300000,1.16157,1.16185,1.16146,1.16148,561730000
1755799200000,1.16147,1.1615,1.16102,1.16104,403050000
1755800100000,1.16104,1.16168,1.16095,1.16113,731480000
1755801000000,1.16115,1.16138,1.16084,1.16088,617800000
1755801900000,1.16087,1.16111,1.1607,1.16096,674980000
1755802800000,1.16097,1.16099,1.16076,1.16087,392010000
1755803700000,1.16091,1.16101,1.16057,1.16067,340680000
1755804600000,1.16066,1.16075,1.1604,1.16049,442060000
1755805500000,1.16048,1.16056,1.16036,1.16048,337940000
1755806400000,1.16047,1.16051,1.16032,1.16041,385980000
1755807300000,1.1604,1.16067,1.16039,1.16063,334960000
1755808200000,1.16062,1.16084,1.16055,1.16079,216500000
1755809100000,1.16081,1.16083,1.16051,1.16052,618710000
1755810000000,1.16047,1.16082,1.16032,1.16069,258730000
1755810900000,1.16062,1.16106,1.1606,1.16088,238740000
1755811800000,1.16089,1.16099,1.16076,1.16088,172290000
1755812700000,1.16088,1.16089,1.16035,1.16065,1990320000
1755813600000,1.16065,1.16107,1.16056,1.16107,335250000
1755814500000,1.16105,1.16109,1.16093,1.16106,88200000
1755815400000,1.16105,1.16134,1.16104,1.16124,102150000
1755816300000,1.16122,1.16132,1.16117,1.16129,113850000
1755817200000,1.16132,1.16134,1.16095,1.161,507670000
1755818100000,1.16099,1.16119,1.1609,1.16107,224200000
1755819000000,1.16108,1.16141,1.16108,1.16133,381150000
1755819900000,1.16134,1.16145,1.16119,1.16122,293400000
1755820800000,1.16122,1.16148,1.16104,1.16135,507300000
1755821700000,1.16134,1.16164,1.16113,1.16139,300600000
1755822600000,1.16139,1.16145,1.16126,1.16139,449550000
1755823500000,1.16137,1.16149,1.16127,1.16147,895730000
1755824400000,1.16148,1.16157,1.16102,1.16135,460950000
1755825300000,1.16135,1.16136,1.16107,1.1612,305110000
1755826200000,1.1612,1.16126,1.1607,1.16104,351500000
1755827100000,1.16105,1.1611,1.16038,1.1608,863080000
1755828000000,1.16079,1.16142,1.16049,1.16098,667170000
1755828900000,1.161,1.16125,1.16079,1.16099,304230000
1755829800000,1.16098,1.16112,1.16082,1.16109,245020000
1755830700000,1.1611,1.16122,1.16066,1.16087,235790000
1755831600000,1.16086,1.16087,1.16042,1.16056,575130000
1755832500000,1.16056,1.1607,1.1601,1.1601,488250000
1755833400000,1.16008,1.16022,1.1591,1.15946,1217420000
1755834300000,1.15942,1.15948,1.15888,1.15895,927260000
1755835200000,1.15897,1.15938,1.15895,1.15936,468670000
1755836100000,1.15935,1.15935,1.15832,1.15835,607300000
1755837000000,1.15835,1.15878,1.15828,1.15875,428620000
1755837900000,1.15873,1.15876,1.15838,1.15845,445530000
1755838800000,1.15842,1.15871,1.15832,1.1587,321320000
1755839700000,1.1587,1.15881,1.15848,1.15857,576160000
1755840600000,1.15857,1.15886,1.1584,1.15883,361750000
1755841500000,1.15883,1.15888,1.15852,1.15867,582880000
1755842400000,1.15864,1.1592,1.15833,1.1592,718340000
1755843300000,1.1592,1.15938,1.15886,1.1591,651940000
1755844200000,1.15912,1.15938,1.15872,1.15933,651120000
1755845100000,1.15933,1.1595,1.15869,1.15884,1136540000
1755846000000,1.15886,1.15984,1.15882,1.1598,1811290000
1755846900000,1.15979,1.15988,1.15939,1.15956,1414680000
1755847800000,1.15957,1.15972,1.15911,1.15941,1193700000
1755848700000,1.15941,1.15981,1.15919,1.15946,944220000
1755849600000,1.15944,1.15961,1.15914,1.15961,789650000
1755850500000,1.15958,1.15958,1.15915,1.1593,459430000
1755851400000,1.1593,1.15958,1.15914,1.15956,674050000
1755852300000,1.15956,1.15995,1.15936,1.15994,760000000
1755853200000,1.15992,1.16023,1.15972,1.15988,622610000
1755854100000,1.15986,1.15999,1.15965,1.15982,541190000
1755855000000,1.15981,1.16023,1.15964,1.15976,871020000
1755855900000,1.15974,1.16015,1.15951,1.15964,819210000
1755856800000,1.15963,1.15991,1.15963,1.1598,650870000
1755857700000,1.1598,1.15991,1.15932,1.15975,344730000
1755858600000,1.15973,1.15999,1.15944,1.15948,386330000
1755859500000,1.15947,1.15981,1.15935,1.15959,688400000
1755860400000,1.15961,1.16024,1.15961,1.16004,529010000
1755861300000,1.16005,1.16016,1.15948,1.15969,617890000
1755862200000,1.1597,1.16049,1.1597,1.16031,1275310000
1755863100000,1.16034,1.16062,1.16024,1.16043,1023040000
1755864000000,1.16045,1.16107,1.16045,1.16105,799740000
1755864900000,1.16106,1.16136,1.16098,1.16108,523720000
1755865800000,1.16112,1.16116,1.16069,1.1608,800160000
1755866700000,1.16082,1.16104,1.16065,1.16085,919130000
1755867600000,1.16083,1.16189,1.16073,1.16158,991480000
1755868500000,1.16161,1.16169,1.16081,1.16097,887010000
1755869400000,1.16096,1.16111,1.16029,1.1605,1405310000
1755870300000,1.1605,1.16054,1.15973,1.15996,1599740000
1755871200000,1.15996,1.16857,1.15996,1.16823,10464338000
1755872100000,1.16823,1.1706,1.16809,1.16888,8361480000
1755873000000,1.16888,1.17074,1.16888,1.17037,5486810000
1755873900000,1.17037,1.17199,1.16989,1.1718,4114830000
1755874800000,1.1718,1.17295,1.17156,1.17227,3911090000
1755875700000,1.17229,1.17321,1.17155,1.17246,2416190000
1755876600000,1.17246,1.17299,1.17157,1.17168,2672570000
1755877500000,1.17166,1.17189,1.17122,1.17122,2007760000
1755878400000,1.1712,1.17227,1.17118,1.1721,2574850000
1755879300000,1.1721,1.17245,1.17168,1.1719,1553240000
1755880200000,1.17192,1.17264,1.17166,1.17205,1474610000
1755881100000,1.17205,1.1724,1.17154,1.17218,1004010000
1755882000000,1.17221,1.17325,1.17221,1.17321,1821000000
1755882900000,1.17321,1.17382,1.17321,1.17367,2241140000
1755883800000,1.17366,1.17424,1.17365,1.17401,1456520000
1755884700000,1.17405,1.17425,1.17354,1.17367,1275740000
1755885600000,1.17367,1.17391,1.17345,1.17354,1505650000
1755886500000,1.17352,1.17362,1.17286,1.17302,789540000
1755887400000,1.17305,1.17324,1.17248,1.17259,498600000
1755888300000,1.17258,1.17258,1.1721,1.17212,638700000
1755889200000,1.17214,1.17225,1.17149,1.17181,646310000
1755890100000,1.1718,1.1721,1.17174,1.17203,425250000
1755891000000,1.17205,1.17206,1.17168,1.17199,349200000
1755891900000,1.17198,1.172,1.1718,1.17199,481050000
1755892800000,1.17199,1.17226,1.17179,1.17205,622340000
1755893700000,1.17203,1.17223,1.17201,1.1722,225900000
1755894600000,1.17221,1.17264,1.17212,1.17261,110880000
1755895500000,1.17265,1.17268,1.17147,1.17148,1562528000
1756069200000,1.17203,1.17219,1.17203,1.17217,83676000
1756070100000,1.17216,1.17259,1.17216,1.17253,119880000
1756071000000,1.17252,1.17259,1.1722,1.17228,149150000
1756071900000,1.17225,1.17228,1.17213,1.17218,101440000
1756072800000,1.17218,1.17229,1.17164,1.17166,636168000
1756073700000,1.17168,1.17169,1.17142,1.17158,404250000
1756074600000,1.17156,1.17156,1.17107,1.17111,306860000
1756075500000,1.17113,1.17144,1.17107,1.17127,175070000
1756076400000,1.17125,1.17142,1.17114,1.17122,280470000
1756077300000,1.17121,1.17127,1.17078,1.17081,168850000
1756078200000,1.17084,1.17099,1.17074,1.17088,153000000
1756079100000,1.17088,1.17099,1.17076,1.17083,213680000
1756080000000,1.17077,1.17082,1.16976,1.1702,853770000
1756080900000,1.17018,1.17018,1.16973,1.1699,579550000
1756081800000,1.16992,1.16992,1.1696,1.16985,288060000
1756082700000,1.16984,1.16996,1.16954,1.16978,788950000
1756083600000,1.16978,1.16997,1.16959,1.16974,494090000
1756084500000,1.16976,1.17033,1.16957,1.16963,760150000
1756085400000,1.16961,1.16996,1.16948,1.16964,843670000
1756086300000,1.16965,1.16966,1.16935,1.16962,465620000
1756087200000,1.16964,1.16964,1.16938,1.16953,638080000
1756088100000,1.16953,1.16983,1.16949,1.16965,322440000
1756089000000,1.16963,1.16997,1.16963,1.16989,373990000
1756089900000,1.16989,1.17,1.16969,1.16971,454640000
1756090800000,1.1697,1.17047,1.1697,1.17045,660140000
1756091700000,1.17039,1.17055,1.17022,1.17038,354170000
1756092600000,1.17038,1.17073,1.17032,1.17067,276150000
1756093500000,1.17065,1.17076,1.17057,1.17066,396700000
1756094400000,1.17068,1.17078,1.17048,1.17054,332570000
1756095300000,1.17056,1.17064,1.17035,1.17046,271810000
1756096200000,1.17045,1.17076,1.17045,1.17055,467650000
1756097100000,1.17056,1.17073,1.17056,1.17057,231530000
1756098000000,1.17057,1.17057,1.17015,1.17015,282830000
1756098900000,1.17016,1.17036,1.17005,1.17019,316590000
1756099800000,1.1702,1.17025,1.17006,1.17025,427990000
1756100700000,1.1702,1.17025,1.1698,1.17005,426790000
1756101600000,1.17007,1.17125,1.17007,1.17124,1178060000
1756102500000,1.17126,1.17195,1.17115,1.17188,1247200000
1756103400000,1.17188,1.17198,1.17138,1.17198,865480000
1756104300000,1.17197,1.17204,1.17142,1.17147,879540000
1756105200000,1.17148,1.17179,1.17117,1.17141,678410000
1756106100000,1.17138,1.17174,1.17114,1.1713,936070000
1756107000000,1.17129,1.17135,1.17063,1.17092,587060000
1756107900000,1.17089,1.17107,1.16945,1.16975,1019510000
1756108800000,1.16973,1.17039,1.16971,1.17027,1036160000
1756109700000,1.17029,1.17058,1.17004,1.17033,849800000
1756110600000,1.17035,1.17077,1.17031,1.17051,757730000
1756111500000,1.1705,1.17108,1.17035,1.1704,677690000
1756112400000,1.17039,1.17044,1.16988,1.1699,395740000
1756113300000,1.1699,1.17009,1.16972,1.1698,657300000
1756114200000,1.16977,1.16983,1.16953,1.16957,633600000
1756115100000,1.16958,1.16981,1.16897,1.1693,741260000
1756116000000,1.16933,1.1697,1.1693,1.16937,419270000
1756116900000,1.16936,1.16962,1.16862,1.1687,1094210000
1756117800000,1.16867,1.16887,1.16855,1.16869,520490000
1756118700000,1.16868,1.16885,1.16851,1.16876,544770000
1756119600000,1.16878,1.16933,1.16873,1.16929,517050000
1756120500000,1.16932,1.16955,1.16925,1.16943,513660000
1756121400000,1.16943,1.16971,1.16922,1.16927,693920000
1756122300000,1.1693,1.17028,1.16914,1.17024,1118430000
1756123200000,1.17025,1.17033,1.16939,1.16946,802350000
1756124100000,1.16946,1.16976,1.16937,1.16948,576260000
1756125000000,1.16946,1.1699,1.16941,1.16974,776170000
1756125900000,1.16975,1.17011,1.16965,1.16998,550590000
1756126800000,1.16996,1.17003,1.16946,1.16984,846170000
1756127700000,1.16985,1.17037,1.16947,1.16964,564300000
1756128600000,1.16966,1.17065,1.16963,1.17044,1114260000
1756129500000,1.17047,1.17089,1.16992,1.17028,1000730000
1756130400000,1.17026,1.17047,1.16964,1.17032,1332210000
1756131300000,1.17033,1.17047,1.16974,1.17025,1045860000
1756132200000,1.17027,1.17055,1.16985,1.16986,1243910000
1756133100000,1.1699,1.17012,1.16892,1.169,1609590000
1756134000000,1.16901,1.16915,1.16828,1.1685,1899340000
1756134900000,1.16852,1.16863,1.16798,1.16843,1927560000
1756135800000,1.16847,1.16847,1.16743,1.16759,1451790000
1756136700000,1.16758,1.16788,1.16652,1.16692,1412450000
1756137600000,1.16692,1.16693,1.1665,1.16681,825620000
1756138500000,1.16679,1.16684,1.1661,1.16652,1062560000
1756139400000,1.1665,1.16658,1.16557,1.16566,922620000
1756140300000,1.16568,1.16592,1.1651,1.16546,1226520000
1756141200000,1.16548,1.16558,1.16505,1.16506,645720000
1756142100000,1.16508,1.16521,1.16463,1.16502,823750000
1756143000000,1.16502,1.16502,1.16409,1.16456,1000410000
1756143900000,1.16456,1.16473,1.1641,1.16465,647920000
1756144800000,1.16467,1.16483,1.16369,1.16402,857270000
1756145700000,1.16404,1.16425,1.1635,1.16357,549210000
1756146600000,1.16358,1.16367,1.16225,1.16235,1151280000
1756147500000,1.16232,1.16254,1.16189,1.16204,1079360000
1756148400000,1.16204,1.16213,1.16028,1.16082,1926810000
1756149300000,1.16083,1.16096,1.16049,1.16073,881310000
1756150200000,1.16073,1.16083,1.16038,1.16078,572270000
1756151100000,1.1608,1.16104,1.16071,1.16096,590580000
1756152000000,1.16094,1.16175,1.16091,1.1617,1159180000
1756152900000,1.16169,1.1622,1.16168,1.16192,974010000
1756153800000,1.1619,1.16251,1.1619,1.1625,587490000
1756154700000,1.16248,1.16255,1.16161,1.16161,1491030000
1756155600000,1.1616,1.16196,1.16145,1.16193,115950000
1756156500000,1.16191,1.16191,1.16157,1.16169,130360000
1756157400000,1.16169,1.16179,1.16148,1.16167,1261340000
1756158300000,1.16166,1.16194,1.16159,1.16187,696720000
1756159200000,1.1619,1.16226,1.1618,1.16209,578270000
1756160100000,1.16206,1.16206,1.16184,1.16184,155460000
1756161000000,1.16187,1.16203,1.16185,1.16198,129150000
1756161900000,1.16197,1.16214,1.16186,1.16204,145680000
1756162800000,1.16204,1.16212,1.16154,1.16161,169360000
1756163700000,1.16157,1.1616,1.16137,1.16143,315640000
1756164600000,1.16142,1.16165,1.16131,1.16143,471160000
1756165500000,1.16142,1.1615,1.16123,1.16144,208350000
1756166400000,1.16145,1.16503,1.161,1.16493,3669110000
1756167300000,1.1649,1.16538,1.16412,1.16504,2916200000
1756168200000,1.16503,1.166,1.16431,1.16529,3123240000
1756169100000,1.16526,1.16595,1.16467,1.16479,1704690000
1756170000000,1.16478,1.16501,1.16385,1.16394,1803530000
1756170900000,1.16394,1.16419,1.16354,1.16403,1300070000
1756171800000,1.16404,1.1641,1.16347,1.16402,920350000
1756172700000,1.16398,1.16439,1.16394,1.16417,880320000
1756173600000,1.16415,1.16472,1.16389,1.16418,1082350000
1756174500000,1.16416,1.16466,1.16411,1.16445,611400000
1756175400000,1.16442,1.16442,1.16328,1.16341,752430000
1756176300000,1.16339,1.16389,1.16323,1.16364,755250000
1756177200000,1.16364,1.16364,1.16244,1.16288,1029960000
1756178100000,1.16287,1.16298,1.16258,1.16283,630160000
1756179000000,1.16282,1.16321,1.16273,1.16292,332010000
1756179900000,1.16286,1.16296,1.16238,1.16256,425200000
1756180800000,1.16254,1.16293,1.16236,1.1624,667960000
1756181700000,1.1624,1.16309,1.1624,1.16305,1251060000
1756182600000,1.16305,1.16309,1.16276,1.16287,374010000
1756183500000,1.16286,1.1632,1.1627,1.16315,625210000
1756184400000,1.16316,1.1634,1.16296,1.16313,639150000
1756185300000,1.16313,1.16321,1.16294,1.16319,704430000
1756186200000,1.1632,1.16443,1.1632,1.16435,1216810000
1756187100000,1.16434,1.16434,1.16373,1.1641,849100000
1756188000000,1.16409,1.1641,1.16287,1.16301,1190330000
1756188900000,1.163,1.16305,1.16132,1.16284,2355740000
1756189800000,1.16286,1.16317,1.16264,1.16264,1593840000
1756190700000,1.16259,1.16286,1.16205,1.16223,1753000000
1756191600000,1.16221,1.16257,1.16043,1.16115,3063000000
1756192500000,1.16114,1.16185,1.16021,1.16181,2596060000
1756193400000,1.16182,1.16286,1.16181,1.1622,2118150000
1756194300000,1.16219,1.16256,1.1618,1.16215,1923850000
1756195200000,1.16215,1.16249,1.16184,1.16204,1761750000
1756196100000,1.16207,1.16242,1.16057,1.16173,2292050000
1756197000000,1.16174,1.16216,1.16154,1.16169,1989740000
1756197900000,1.1617,1.16214,1.16138,1.16178,1776770000
1756198800000,1.16178,1.16296,1.16176,1.16293,1676460000
1756199700000,1.16293,1.16395,1.16291,1.1635,2071640000
1756200600000,1.16354,1.1636,1.16298,1.16348,988080000
1756201500000,1.16349,1.16435,1.16343,1.16422,1511550000
1756202400000,1.16423,1.16465,1.1641,1.16437,991100000
1756203300000,1.1644,1.16474,1.16417,1.16432,1000980000
1756204200000,1.16431,1.16433,1.16368,1.16389,1359910000
1756205100000,1.16389,1.16458,1.1637,1.16449,739860000
1756206000000,1.16449,1.16488,1.1644,1.16475,764720000
1756206900000,1.16473,1.16483,1.16412,1.16419,916520000
1756207800000,1.16421,1.1657,1.16417,1.16551,1705630000
1756208700000,1.16553,1.16605,1.16537,1.16537,1956830000
1756209600000,1.16539,1.16599,1.16538,1.16569,1788060000
1756210500000,1.16569,1.16587,1.16493,1.16527,1978890000
1756211400000,1.16528,1.16566,1.16466,1.16471,2920730000
1756212300000,1.16473,1.16505,1.16447,1.16461,3040790000
1756213200000,1.16458,1.16486,1.1637,1.16483,2302670000
1756214100000,1.16481,1.16484,1.16402,1.16447,1683840000
1756215000000,1.16446,1.16545,1.16421,1.16539,2102490000
1756215900000,1.16539,1.16565,1.16482,1.16505,1603800000
1756216800000,1.16505,1.16546,1.16435,1.1649,2292130000
1756217700000,1.1649,1.16652,1.16472,1.16593,1737580000
1756218600000,1.16591,1.16617,1.16564,1.16586,1274550000
1756219500000,1.16585,1.16619,1.16525,1.16545,2090850000
1756220400000,1.16545,1.16636,1.16533,1.16613,2075200000
1756221300000,1.16613,1.16618,1.16535,1.16547,1343110000
1756222200000,1.16545,1.16563,1.16495,1.16543,1892740000
1756223100000,1.16543,1.16556,1.16486,1.16553,926950000
1756224000000,1.16556,1.16576,1.16519,1.16554,605910000
1756224900000,1.16554,1.16615,1.16554,1.16586,790690000
1756225800000,1.16586,1.16589,1.16507,1.16528,795540000
1756226700000,1.1653,1.16537,1.16484,1.16488,548700000
1756227600000,1.1649,1.16527,1.16466,1.16494,789650000
1756228500000,1.16495,1.16515,1.16488,1.16495,423070000
1756229400000,1.16496,1.16497,1.16447,1.1645,575320000
1756230300000,1.16452,1.16467,1.16374,1.16377,878080000
1756231200000,1.16377,1.16388,1.16357,1.1636,619230000
1756232100000,1.16358,1.16378,1.16333,1.16377,384090000
1756233000000,1.16377,1.164,1.16356,1.16396,551720000
1756233900000,1.16394,1.16473,1.16394,1.16435,1104590000
1756234800000,1.16436,1.16459,1.16417,1.16446,706640000
1756235700000,1.16445,1.16485,1.1643,1.16472,558750000
1756236600000,1.16472,1.16482,1.16438,1.16438,423000000
1756237500000,1.16437,1.1646,1.16397,1.16405,662810000
1756238400000,1.16403,1.16405,1.16333,1.1638,564260000
1756239300000,1.16379,1.16381,1.16344,1.16348,281750000
1756240200000,1.16351,1.16419,1.16351,1.16414,396950000
1756241100000,1.16414,1.1643,1.16398,1.16419,865740000
1756242000000,1.16417,1.16468,1.16405,1.16447,548020000
1756242900000,1.16447,1.16451,1.1642,1.16431,239400000
1756243800000,1.16421,1.16464,1.16419,1.16454,469800000
1756244700000,1.16452,1.1647,1.16421,1.16446,1236830000
1756245600000,1.1645,1.16474,1.16424,1.16469,505350000
1756246500000,1.1647,1.16475,1.16451,1.16454,167850000
1756247400000,1.16455,1.16465,1.16441,1.16445,210600000
1756248300000,1.16446,1.16447,1.16408,1.16428,191700000
1756249200000,1.16428,1.16428,1.16406,1.16413,220050000
1756250100000,1.16414,1.16436,1.1641,1.16413,283940000
1756251000000,1.16414,1.16421,1.16405,1.16407,132210000
1756251900000,1.16408,1.16408,1.16366,1.16368,861180000
1756252800000,1.1637,1.16415,1.1636,1.16406,525630000
1756253700000,1.16407,1.16415,1.16382,1.16401,513390000
1756254600000,1.16402,1.16404,1.16368,1.16369,277420000
1756255500000,1.16369,1.16377,1.16336,1.16367,642390000
1756256400000,1.16366,1.16404,1.16363,1.16372,735540000
1756257300000,1.16374,1.16406,1.16344,1.16354,1038150000
1756258200000,1.16358,1.16376,1.16307,1.16354,801680000
1756259100000,1.16356,1.16371,1.16322,1.16337,888010000
1756260000000,1.16336,1.1634,1.16253,1.16261,715910000
1756260900000,1.16262,1.16288,1.16247,1.16266,496590000
1756261800000,1.16263,1.16292,1.16257,1.16281,495900000
1756262700000,1.1628,1.16317,1.1628,1.16311,574200000
1756263600000,1.16312,1.16328,1.16304,1.16312,536610000
1756264500000,1.16312,1.16316,1.16257,1.16263,721350000
1756265400000,1.16261,1.16285,1.16251,1.16272,583230000
1756266300000,1.1627,1.16279,1.16215,1.16251,348090000
1756267200000,1.16251,1.16253,1.16199,1.16216,431550000
1756268100000,1.16217,1.16217,1.16153,1.16173,637420000
1756269000000,1.16174,1.16185,1.16123,1.16125,604320000
1756269900000,1.16125,1.1614,1.16119,1.1614,402750000
1756270800000,1.16139,1.16173,1.16133,1.16173,730850000
1756271700000,1.16171,1.1618,1.16155,1.16177,527970000
1756272600000,1.16172,1.16189,1.16162,1.16183,372610000
1756273500000,1.1618,1.16203,1.16173,1.16202,407100000
1756274400000,1.16199,1.16227,1.16165,1.16187,954650000
1756275300000,1.16185,1.16224,1.16175,1.16198,1203980000
1756276200000,1.16198,1.16239,1.16189,1.16238,1098320000
1756277100000,1.16239,1.16239,1.16143,1.16207,1260290000
1756278000000,1.16208,1.16219,1.16104,1.16107,1398870000
1756278900000,1.16107,1.16138,1.16045,1.16051,971040000
1756279800000,1.16051,1.16069,1.15961,1.16012,1500640000
1756280700000,1.16011,1.16041,1.15964,1.16035,1560750000
1756281600000,1.16032,1.16034,1.15889,1.15907,1271530000
1756282500000,1.15907,1.15938,1.15861,1.15892,1788060000
1756283400000,1.1589,1.1589,1.15771,1.15849,1990320000
1756284300000,1.15849,1.1589,1.1584,1.15886,1083820000
1756285200000,1.15888,1.15925,1.15862,1.15907,1196480000
1756286100000,1.15907,1.15948,1.15901,1.15946,498550000
1756287000000,1.15948,1.15951,1.15894,1.15913,478440000
1756287900000,1.15913,1.15925,1.15896,1.159,985840000
1756288800000,1.159,1.15923,1.15867,1.15877,1241970000
1756289700000,1.15878,1.1588,1.15828,1.15853,631080000
1756290600000,1.15854,1.1586,1.15809,1.15826,670510000
1756291500000,1.15825,1.1584,1.15787,1.15794,681610000
1756292400000,1.15792,1.15879,1.1574,1.15861,1035190000
1756293300000,1.15864,1.15869,1.15821,1.15832,890160000
1756294200000,1.15833,1.15897,1.15799,1.15804,945760000
1756295100000,1.15803,1.15896,1.158,1.15859,973290000
1756296000000,1.15859,1.1594,1.15859,1.1593,848620000
1756296900000,1.15931,1.15982,1.15914,1.15928,1078460000
1756297800000,1.15928,1.15955,1.1585,1.15858,1467320000
1756298700000,1.15854,1.15942,1.15842,1.15861,2240260000
1756299600000,1.15862,1.15987,1.15841,1.15971,2544710000
1756300500000,1.1597,1.15971,1.15915,1.15935,1197550000
1756301400000,1.15935,1.1594,1.15851,1.15857,2461290000
1756302300000,1.15858,1.16037,1.15848,1.15978,3544640000
1756303200000,1.15976,1.16027,1.15911,1.15926,2448630000
1756304100000,1.15927,1.1594,1.15856,1.15886,1369460000
1756305000000,1.15886,1.15902,1.15822,1.15865,1632680000
1756305900000,1.15863,1.15982,1.1585,1.15922,3219390000
1756306800000,1.15922,1.16092,1.1592,1.16077,3005610000
1756307700000,1.16077,1.16085,1.16045,1.16077,1200600000
1756308600000,1.16076,1.16122,1.16048,1.16106,913370000
1756309500000,1.16107,1.16113,1.16062,1.16105,790060000
1756310400000,1.16105,1.1617,1.16105,1.16152,1041390000
1756311300000,1.16155,1.16197,1.1612,1.16195,1077070000
1756312200000,1.16194,1.16277,1.16185,1.16262,1576180000
1756313100000,1.1626,1.16406,1.16259,1.16381,2111320000
1756314000000,1.16381,1.16428,1.16351,1.16376,1295780000
1756314900000,1.16377,1.16406,1.1634,1.16342,728730000
1756315800000,1.16341,1.1637,1.16324,1.16361,639430000
1756316700000,1.16361,1.16394,1.1635,1.16377,513520000
1756317600000,1.16377,1.16381,1.16278,1.16318,790620000
1756318500000,1.1632,1.16354,1.1631,1.16342,720000000
1756319400000,1.16342,1.16357,1.16296,1.16349,1271240000
1756320300000,1.16348,1.16349,1.16295,1.16305,877500000
1756321200000,1.16304,1.16322,1.1629,1.16305,969750000
1756322100000,1.16304,1.16326,1.16297,1.16326,1340850000
1756323000000,1.16326,1.16339,1.16297,1.16324,2033620000
1756323900000,1.16323,1.1635,1.16306,1.16336,1467000000
1756324800000,1.16337,1.16355,1.16315,1.16328,1043100000
1756325700000,1.16328,1.16347,1.16314,1.16347,779200000
1756326600000,1.16346,1.16364,1.16344,1.16351,252540000
1756327500000,1.1635,1.1639,1.16344,1.16381,642900000
1756328400000,1.1638,1.1638,1.16321,1.16362,319770000
1756329300000,1.16358,1.16364,1.16348,1.16362,228270000
1756330200000,1.1636,1.16381,1.16354,1.16378,161520000
1756331100000,1.16378,1.16384,1.16361,1.16368,195930000
1756332000000,1.16368,1.16402,1.16368,1.16386,743110000
1756332900000,1.16387,1.16405,1.16386,1.16403,79950000
1756333800000,1.16401,1.16438,1.164,1.16424,165060000
1756334700000,1.16424,1.16433,1.16405,1.16431,102660000
1756335600000,1.16432,1.16444,1.16425,1.16433,106500000
1756336500000,1.16433,1.16447,1.16424,1.16437,194250000
1756337400000,1.16439,1.16476,1.16435,1.16473,266640000
1756338300000,1.16471,1.16477,1.16456,1.16473,207900000
1756339200000,1.16474,1.16493,1.16426,1.16426,537060000
1756340100000,1.16428,1.16454,1.16426,1.16446,335250000
1756341000000,1.16445,1.16448,1.16427,1.1644,508350000
1756341900000,1.16438,1.16458,1.16434,1.16455,523350000
1756342800000,1.16456,1.16496,1.16448,1.16494,491850000
1756343700000,1.16494,1.16503,1.16438,1.16456,464470000
1756344600000,1.16458,1.16486,1.16414,1.16429,624540000
1756345500000,1.16429,1.16451,1.16427,1.1645,368760000
1756346400000,1.16451,1.16546,1.16446,1.16511,950710000
1756347300000,1.16514,1.16539,1.16507,1.16516,1325760000
1756348200000,1.16515,1.16521,1.16481,1.16503,633690000
1756349100000,1.16501,1.16533,1.165,1.16525,642930000
1756350000000,1.16527,1.16542,1.16508,1.16525,394350000
1756350900000,1.16524,1.16528,1.16475,1.16478,436200000
1756351800000,1.16479,1.16488,1.16435,1.16443,266740000
1756352700000,1.16441,1.16456,1.1642,1.16428,461670000
1756353600000,1.16429,1.16429,1.16393,1.16408,632490000
1756354500000,1.1641,1.16433,1.16409,1.16416,169800000
1756355400000,1.16413,1.1644,1.16405,1.16418,243300000
1756356300000,1.16416,1.16418,1.16387,1.16397,195900000
1756357200000,1.16397,1.16401,1.16387,1.16396,208800000
1756358100000,1.16397,1.16407,1.16382,1.16399,225150000
1756359000000,1.164,1.16402,1.16358,1.16367,509320000
1756359900000,1.16365,1.16396,1.16358,1.16373,778200000
1756360800000,1.1637,1.16443,1.1636,1.16418,1230460000
1756361700000,1.16419,1.16449,1.16361,1.16384,1090740000
1756362600000,1.16383,1.16412,1.16337,1.16397,930530000
1756363500000,1.16397,1.16446,1.16385,1.16428,897670000
1756364400000,1.16429,1.16494,1.16402,1.16426,1483980000
1756365300000,1.16427,1.16445,1.16366,1.16385,1517090000
1756366200000,1.16382,1.16403,1.16337,1.16394,1030330000
1756367100000,1.16394,1.1645,1.16373,1.16437,826280000
1756368000000,1.16434,1.16454,1.16307,1.16342,1157210000
1756368900000,1.16342,1.1638,1.16313,1.16326,1072770000
1756369800000,1.16326,1.16431,1.16289,1.16409,1261900000
1756370700000,1.16409,1.16435,1.16394,1.16422,676010000
1756371600000,1.16425,1.16488,1.16424,1.16463,693270000
1756372500000,1.16467,1.16489,1.16457,1.16464,773230000
1756373400000,1.16467,1.16544,1.16448,1.16498,992330000
1756374300000,1.16498,1.16503,1.1646,1.16485,816510000
1756375200000,1.16485,1.16549,1.1648,1.16534,779610000
1756376100000,1.16538,1.16666,1.16531,1.16642,1646780000
1756377000000,1.16643,1.16732,1.16637,1.1672,1026550000
1756377900000,1.16721,1.16746,1.16698,1.16714,657970000
1756378800000,1.16712,1.16735,1.16628,1.16653,1236690000
1756379700000,1.16649,1.16702,1.16614,1.1668,669750000
1756380600000,1.16683,1.16698,1.16621,1.16623,750120000
1756381500000,1.16623,1.16678,1.16592,1.16663,1021330000
1756382400000,1.16665,1.16764,1.16661,1.16745,1460270000
1756383300000,1.16743,1.1675,1.1669,1.16705,1323230000
1756384200000,1.16702,1.16869,1.16621,1.16825,4197440000
1756385100000,1.16825,1.16863,1.16656,1.16694,4099870000
1756386000000,1.16695,1.16714,1.16601,1.16647,3242350000
1756386900000,1.16648,1.16677,1.16605,1.16615,1944970000
1756387800000,1.16617,1.16662,1.16584,1.16627,1665440000
1756388700000,1.16628,1.16771,1.16609,1.1672,1966420000
1756389600000,1.16719,1.16859,1.1666,1.16832,3758140000
1756390500000,1.16832,1.1686,1.16808,1.16832,2974370000
1756391400000,1.16832,1.16836,1.16711,1.16746,1696220000
1756392300000,1.16745,1.16756,1.16679,1.16703,1713640000
1756393200000,1.16704,1.16706,1.16632,1.16672,2148090000
1756394100000,1.16671,1.16694,1.16613,1.16653,1659450000
1756395000000,1.16655,1.16747,1.16637,1.16715,1168510000
1756395900000,1.16718,1.16752,1.16698,1.1672,875650000
1756396800000,1.1672,1.16794,1.16716,1.16794,642150000
1756397700000,1.16792,1.16822,1.16765,1.16819,732820000
1756398600000,1.16821,1.16847,1.1679,1.16793,770930000
1756399500000,1.16792,1.16899,1.1679,1.16893,904190000
1756400400000,1.16893,1.16968,1.16873,1.16955,958170000
1756401300000,1.16952,1.16972,1.169,1.16938,746100000
1756402200000,1.16938,1.16942,1.16868,1.16887,614700000
1756403100000,1.16889,1.16938,1.16876,1.16878,752440000
1756404000000,1.16879,1.16883,1.16847,1.16861,577800000
1756404900000,1.16862,1.16901,1.16855,1.16875,355710000
1756405800000,1.16872,1.16888,1.16854,1.16863,340920000
1756406700000,1.16863,1.16899,1.16853,1.16889,530790000
1756407600000,1.16891,1.16901,1.16845,1.16853,470250000
1756408500000,1.16851,1.16874,1.16846,1.16853,285300000
1756409400000,1.16852,1.16853,1.16827,1.16845,279450000
1756410300000,1.16845,1.16845,1.16821,1.16825,365850000
1756411200000,1.16824,1.16832,1.16806,1.16809,224990000
1756412100000,1.16809,1.16815,1.16797,1.16804,109800000
1756413000000,1.16804,1.16804,1.16791,1.16792,355680000
1756413900000,1.16791,1.16834,1.16777,1.16827,725650000
1756414800000,1.16817,1.16817,1.1678,1.1678,153960000
1756415700000,1.1678,1.16787,1.16778,1.16785,70200000
1756416600000,1.16785,1.168,1.1678,1.16784,212770000
1756417500000,1.16784,1.16793,1.16772,1.16782,1068490000
1756418400000,1.16777,1.16805,1.16771,1.16785,1209010000
1756419300000,1.16793,1.16806,1.16779,1.16782,124650000
1756420200000,1.16786,1.16787,1.16732,1.16741,277420000
1756421100000,1.16742,1.16752,1.16737,1.16738,185400000
1756422000000,1.16737,1.1678,1.16737,1.16768,216450000
1756422900000,1.16768,1.16816,1.16767,1.16788,277190000
1756423800000,1.16788,1.16813,1.16785,1.16813,184500000
1756424700000,1.16811,1.16818,1.16784,1.16785,184080000
1756425600000,1.16786,1.16821,1.16781,1.16794,391830000
1756426500000,1.16794,1.16794,1.16742,1.16765,281940000
1756427400000,1.16767,1.16777,1.16734,1.16753,321300000
1756428300000,1.16756,1.16776,1.16725,1.16747,662940000
1756429200000,1.16748,1.16762,1.1668,1.16741,598990000
1756430100000,1.16744,1.16744,1.16607,1.1664,1770130000
1756431000000,1.16642,1.16651,1.16598,1.16649,761410000
1756431900000,1.16652,1.16657,1.1656,1.16587,993180000
1756432800000,1.16588,1.16624,1.16587,1.16614,897540000
1756433700000,1.16613,1.16623,1.16588,1.16602,839690000
1756434600000,1.16605,1.16622,1.16595,1.1661,627550000
1756435500000,1.1661,1.16649,1.16598,1.16617,1089450000
1756436400000,1.16619,1.16628,1.16597,1.16604,523570000
1756437300000,1.16605,1.1662,1.16598,1.16617,194850000
1756438200000,1.16618,1.16621,1.16602,1.16613,254760000
1756439100000,1.16613,1.16648,1.16611,1.16624,756600000
1756440000000,1.16623,1.16634,1.16583,1.16585,700270000
1756440900000,1.16585,1.16617,1.16585,1.16609,463500000
1756441800000,1.16608,1.16631,1.16603,1.16627,148500000
1756442700000,1.16627,1.16647,1.16616,1.16646,285970000
1756443600000,1.16645,1.16648,1.16618,1.16627,513000000
1756444500000,1.16627,1.16649,1.16614,1.16632,378450000
1756445400000,1.16634,1.16645,1.16616,1.16644,327870000
1756446300000,1.16646,1.16701,1.16632,1.16698,596460000
1756447200000,1.16696,1.16704,1.16633,1.16634,866490000
1756448100000,1.16634,1.16692,1.16622,1.16687,684090000
1756449000000,1.16686,1.16699,1.16643,1.16649,517770000
1756449900000,1.16651,1.16683,1.16611,1.16672,1044460000
1756450800000,1.16673,1.16721,1.16642,1.16699,1062000000
1756451700000,1.16698,1.16715,1.16627,1.16638,751490000
1756452600000,1.16637,1.16689,1.16633,1.16654,981030000
1756453500000,1.16655,1.16768,1.16655,1.16757,1109680000
1756454400000,1.16757,1.16782,1.16713,1.16726,1158390000
1756455300000,1.16726,1.1678,1.16695,1.16778,882510000
1756456200000,1.16779,1.16901,1.16778,1.16861,1635120000
1756457100000,1.16863,1.16875,1.1673,1.16756,1616360000
1756458000000,1.16755,1.1679,1.16727,1.16787,1340500000
1756458900000,1.16789,1.16826,1.16765,1.16769,1502780000
1756459800000,1.1677,1.16771,1.16688,1.16721,1123150000
1756460700000,1.16721,1.16768,1.16714,1.16729,1367530000
1756461600000,1.16728,1.16744,1.16667,1.1668,1138290000
1756462500000,1.16681,1.16723,1.16649,1.16713,1749840000
1756463400000,1.16713,1.16725,1.16693,1.16695,939360000
1756464300000,1.16694,1.16695,1.16657,1.16677,992240000
1756465200000,1.16676,1.16679,1.16632,1.16641,999640000
1756466100000,1.1664,1.16673,1.16624,1.16631,789720000
1756467000000,1.1663,1.16649,1.16617,1.16626,452880000
1756467900000,1.16628,1.16655,1.1661,1.16627,1009440000
1756468800000,1.16628,1.16639,1.16527,1.16584,1275640000
1756469700000,1.16585,1.16599,1.16543,1.16567,1292870000
1756470600000,1.16569,1.16639,1.16507,1.16559,3066720000
1756471500000,1.1655,1.16638,1.16539,1.16585,1455770000
1756472400000,1.16584,1.1664,1.16535,1.16598,1715470000
1756473300000,1.16598,1.16671,1.16594,1.1662,1721710000
1756474200000,1.16622,1.16668,1.16561,1.16664,1935790000
1756475100000,1.16665,1.1673,1.16619,1.16686,2283120000
1756476000000,1.16686,1.16823,1.16686,1.16776,3746010000
1756476900000,1.16776,1.16856,1.16774,1.16854,1579820000
1756477800000,1.16854,1.17009,1.16847,1.16953,2523210000
1756478700000,1.16956,1.1705,1.16848,1.17044,3571330000
1756479600000,1.17044,1.17089,1.16974,1.16986,3247330000
1756480500000,1.16983,1.17001,1.16951,1.16989,1330770000
1756481400000,1.1699,1.1702,1.16959,1.17006,1138840000
1756482300000,1.16989,1.17023,1.16943,1.16943,1039310000
1756483200000,1.16944,1.1703,1.16936,1.17027,1569060000
1756484100000,1.17026,1.17069,1.16993,1.17004,1226430000
1756485000000,1.17002,1.17018,1.16957,1.17006,888080000
1756485900000,1.17007,1.17039,1.16967,1.17015,565410000
1756486800000,1.17013,1.17029,1.16964,1.1698,478570000
1756487700000,1.16977,1.17017,1.16971,1.16985,529650000
1756488600000,1.16985,1.17005,1.16973,1.17003,448200000
1756489500000,1.17004,1.1701,1.16961,1.16963,799650000
1756490400000,1.16964,1.1698,1.16945,1.16948,668250000
1756491300000,1.16947,1.1696,1.16932,1.16935,603000000
1756492200000,1.16935,1.16972,1.16934,1.16954,506490000
1756493100000,1.16951,1.16993,1.16948,1.16984,751950000
1756494000000,1.16983,1.16994,1.16942,1.16948,595800000
1756494900000,1.16948,1.16957,1.16928,1.16956,688720000
1756495800000,1.16955,1.16982,1.16952,1.16981,972050000
1756496700000,1.16981,1.16991,1.16966,1.16982,652720000
1756497600000,1.16983,1.17005,1.16966,1.16969,345030000
1756498500000,1.16968,1.16968,1.16948,1.16957,205930000
1756499400000,1.16956,1.1696,1.1691,1.16911,857530000
1756500300000,1.16914,1.16917,1.16805,1.16826,2579670000
1756674000000,1.16935,1.16952,1.16923,1.16951,86220000
1756674900000,1.16952,1.16959,1.1695,1.16951,18900000
1756675800000,1.16951,1.16952,1.169,1.16909,166280000
1756676700000,1.16908,1.16911,1.16865,1.16878,280010000
1756677600000,1.16881,1.16902,1.16845,1.1689,382950000
1756678500000,1.16886,1.16897,1.16878,1.16881,203850000
1756679400000,1.16882,1.16905,1.16879,1.16897,244800000
1756680300000,1.16899,1.16901,1.16869,1.16885,172350000
1756681200000,1.16886,1.16901,1.16867,1.16883,117450000
1756682100000,1.16879,1.16898,1.1687,1.16876,185040000
1756683000000,1.16875,1.16897,1.16871,1.16883,261580000
1756683900000,1.16889,1.16903,1.16875,1.169,110220000
