timestamp,open,high,low,close,volume
1764547200000,1.16011,1.16033,1.15975,1.16002,1066870000
1764548100000,1.16005,1.1602,1.1598,1.16014,898190000
1764549000000,1.16015,1.1604,1.16013,1.16038,583470000
1764549900000,1.16039,1.1607,1.16025,1.16031,821360000
1764550800000,1.1603,1.16149,1.16003,1.1612,1885070000
1764551700000,1.16119,1.16158,1.16107,1.16144,1065740000
1764552600000,1.16148,1.16148,1.16063,1.1607,955500000
1764553500000,1.16069,1.16093,1.16048,1.1605,864420000
1764554400000,1.16049,1.16057,1.15988,1.16017,878510000
1764555300000,1.16019,1.1602,1.15949,1.15966,871140000
1764556200000,1.15968,1.15983,1.15951,1.1596,753490000
1764557100000,1.1596,1.15966,1.15928,1.15949,711240000
1764558000000,1.15948,1.15949,1.15893,1.15914,658440000
1764558900000,1.15915,1.15961,1.15913,1.15961,233860000
1764559800000,1.15964,1.15968,1.15949,1.15952,270390000
1764560700000,1.15954,1.15974,1.15938,1.15968,608680000
1764561600000,1.15969,1.15979,1.15944,1.15971,423620000
1764562500000,1.15971,1.1599,1.15951,1.15988,357050000
1764563400000,1.1599,1.16023,1.15984,1.15995,451780000
1764564300000,1.15994,1.16002,1.15975,1.15986,401320000
1764565200000,1.15985,1.16002,1.15971,1.16,560530000
1764566100000,1.15999,1.16014,1.15975,1.15984,515660000
1764567000000,1.15984,1.15996,1.15947,1.15968,331410000
1764567900000,1.15965,1.15993,1.15954,1.15978,590550000
1764568800000,1.15976,1.15989,1.15918,1.15932,713320000
1764569700000,1.15935,1.15953,1.15919,1.15945,490290000
1764570600000,1.15947,1.1596,1.15903,1.15929,857360000
1764571500000,1.15931,1.15964,1.15917,1.15962,489800000
1764572400000,1.15963,1.16011,1.15954,1.15997,922100000
1764573300000,1.15998,1.161,1.15993,1.16082,740440000
1764574200000,1.16085,1.16103,1.16069,1.16099,1281920000
1764575100000,1.16098,1.16128,1.16068,1.16068,1065080000
1764576000000,1.16067,1.16161,1.1604,1.16153,1920040000
1764576900000,1.16155,1.16218,1.16149,1.16179,1400780000
1764577800000,1.16179,1.16191,1.1606,1.16101,1540650000
1764578700000,1.16103,1.16159,1.16094,1.16132,1638480000
1764579600000,1.16134,1.162,1.16134,1.16199,2350150000
1764580500000,1.16199,1.162,1.16141,1.16196,1646150000
1764581400000,1.16195,1.1622,1.16162,1.16212,1054450000
1764582300000,1.16213,1.16235,1.16197,1.16221,1180390000
1764583200000,1.1622,1.16259,1.16192,1.1624,1137580000
1764584100000,1.1624,1.16254,1.16194,1.1625,925160000
1764585000000,1.1625,1.16277,1.16209,1.16212,928590000
1764585900000,1.16213,1.16285,1.16188,1.16274,1210860000
1764586800000,1.16274,1.16284,1.16241,1.16256,925740000
1764587700000,1.16255,1.16321,1.16247,1.16311,1109800000
1764588600000,1.1631,1.16317,1.16276,1.1629,1403710000
1764589500000,1.16289,1.16289,1.16248,1.16277,2128060000
1764590400000,1.16276,1.163,1.16266,1.16297,977170000
1764591300000,1.16295,1.1635,1.16288,1.16345,1100670000
1764592200000,1.16346,1.16393,1.16317,1.1638,995810000
1764593100000,1.16382,1.16488,1.1638,1.16487,2483980000
1764594000000,1.16488,1.16522,1.16438,1.16441,2068060000
1764594900000,1.16444,1.16446,1.16394,1.16424,1326280000
1764595800000,1.16424,1.16472,1.16399,1.16464,1756080000
1764596700000,1.16462,1.16473,1.16413,1.16448,1602100000
1764597600000,1.16448,1.1645,1.16348,1.16355,1982540000
1764598500000,1.16357,1.16401,1.16336,1.16369,1826890000
1764599400000,1.16371,1.16377,1.163,1.16353,1908510000
1764600300000,1.16351,1.16351,1.16304,1.16319,2260070000
1764601200000,1.16326,1.16406,1.16317,1.16331,2537280000
1764602100000,1.16329,1.16373,1.1631,1.16333,1791220000
1764603000000,1.16332,1.16333,1.16226,1.16267,2275260000
1764603900000,1.16265,1.16307,1.16232,1.16287,2304190000
1764604800000,1.16289,1.16342,1.16268,1.16274,1775000000
1764605700000,1.16275,1.16282,1.16218,1.1624,1041900000
1764606600000,1.16239,1.16268,1.16223,1.16246,1122450000
1764607500000,1.16244,1.16247,1.16208,1.16227,1214840000
1764608400000,1.16226,1.16246,1.16206,1.16211,719210000
1764609300000,1.1621,1.16266,1.16208,1.16266,853610000
1764610200000,1.16266,1.16287,1.16257,1.16267,622370000
1764611100000,1.16265,1.16265,1.16178,1.16206,1030840000
1764612000000,1.16206,1.16234,1.16186,1.16212,967780000
1764612900000,1.16211,1.16213,1.16123,1.16135,952210000
1764613800000,1.16133,1.16148,1.16121,1.16141,701660000
1764614700000,1.16141,1.16149,1.16116,1.16119,764390000
1764615600000,1.16117,1.16122,1.16077,1.1609,822000000
1764616500000,1.16091,1.16092,1.1607,1.16078,659000000
1764617400000,1.16078,1.16098,1.1607,1.1608,478880000
1764618300000,1.16079,1.16096,1.16074,1.16083,550700000
1764619200000,1.16085,1.161,1.16075,1.16096,594480000
1764620100000,1.16095,1.16095,1.16074,1.16074,658200000
1764621000000,1.16074,1.16087,1.16063,1.16085,368760000
1764621900000,1.16083,1.16096,1.16082,1.16092,350370000
1764622800000,1.16095,1.16106,1.16092,1.16105,299510000
1764623700000,1.16105,1.16108,1.16096,1.16102,168310000
1764624600000,1.16103,1.16106,1.16077,1.16078,122940000
1764625500000,1.16079,1.16098,1.16079,1.16092,336600000
1764626400000,1.16089,1.16089,1.16067,1.16067,65900000
1764627300000,1.16066,1.16075,1.16066,1.16075,77220000
1764628200000,1.16076,1.16086,1.16071,1.16086,87090000
1764629100000,1.16085,1.16088,1.16077,1.16079,125620000
1764630000000,1.16078,1.16098,1.16078,1.16098,284300000
1764630900000,1.16099,1.16101,1.16079,1.16085,52980000
1764631800000,1.16085,1.16089,1.16078,1.16079,68340000
1764632700000,1.16078,1.16081,1.16065,1.16066,79200000
1764633600000,1.16069,1.16093,1.16066,1.16077,368160000
1764634500000,1.16074,1.16074,1.16048,1.16049,450880000
1764635400000,1.16048,1.16069,1.16037,1.16062,370950000
1764636300000,1.16061,1.1607,1.16049,1.16056,427660000
1764637200000,1.16055,1.16088,1.16046,1.16055,733010000
1764638100000,1.16056,1.16066,1.16037,1.16064,429030000
1764639000000,1.16065,1.16102,1.16064,1.16087,590250000
1764639900000,1.16088,1.1611,1.16087,1.16091,491680000
1764640800000,1.16089,1.16107,1.16085,1.16097,310630000
1764641700000,1.16097,1.1611,1.1609,1.161,228100000
1764642600000,1.161,1.16115,1.16093,1.16097,338710000
1764643500000,1.16097,1.1612,1.16097,1.16117,499940000
1764644400000,1.16118,1.16125,1.16087,1.16099,527020000
1764645300000,1.16099,1.1611,1.16092,1.16097,320100000
1764646200000,1.16096,1.16116,1.16089,1.16104,591210000
1764647100000,1.16101,1.16127,1.16098,1.1612,742400000
1764648000000,1.1612,1.1614,1.16114,1.16127,444500000
1764648900000,1.16126,1.16133,1.16113,1.16115,283350000
1764649800000,1.16115,1.16127,1.16112,1.16126,249730000
1764650700000,1.16125,1.16125,1.16088,1.16089,323470000
1764651600000,1.16088,1.16107,1.16074,1.16079,507570000
1764652500000,1.16078,1.16085,1.16069,1.16079,198330000
1764653400000,1.16078,1.16098,1.16074,1.16098,173340000
1764654300000,1.16097,1.1611,1.16085,1.16098,370590000
1764655200000,1.16099,1.16109,1.1607,1.1607,344320000
1764656100000,1.16071,1.16079,1.16047,1.1606,385750000
1764657000000,1.16061,1.1608,1.16051,1.1608,274380000
1764657900000,1.16078,1.16099,1.16064,1.16094,667470000
1764658800000,1.16094,1.16142,1.16085,1.1614,904840000
1764659700000,1.1614,1.16162,1.16125,1.16131,711760000
1764660600000,1.1613,1.16157,1.16111,1.16121,824190000
1764661500000,1.16121,1.16146,1.16095,1.16125,1189030000
1764662400000,1.16125,1.16155,1.16093,1.16118,785690000
1764663300000,1.16115,1.1616,1.16106,1.16149,744660000
1764664200000,1.16149,1.16161,1.16105,1.16122,972150000
1764665100000,1.16122,1.16142,1.16089,1.16104,1289500000
1764666000000,1.16105,1.16137,1.16101,1.16121,1453800000
1764666900000,1.1612,1.1614,1.1605,1.16085,769710000
1764667800000,1.16087,1.16089,1.16049,1.16069,905520000
1764668700000,1.1607,1.16133,1.16024,1.16098,1622270000
1764669600000,1.16099,1.16121,1.16033,1.16063,968130000
1764670500000,1.16061,1.16069,1.15983,1.16021,1214140000
1764671400000,1.16023,1.16047,1.16019,1.16047,652260000
1764672300000,1.1605,1.16068,1.16034,1.16065,948750000
1764673200000,1.16065,1.16069,1.16034,1.16056,759500000
1764674100000,1.16056,1.16076,1.16045,1.16075,770210000
1764675000000,1.16077,1.16097,1.16066,1.16088,606190000
1764675900000,1.1609,1.16128,1.16071,1.16116,769160000
1764676800000,1.16117,1.16124,1.16082,1.16084,777110000
1764677700000,1.16083,1.16144,1.16072,1.16132,728110000
1764678600000,1.16134,1.16165,1.16122,1.16163,597300000
1764679500000,1.16164,1.16193,1.16162,1.16176,1182900000
1764680400000,1.16177,1.16194,1.16126,1.1617,1040210000
1764681300000,1.16173,1.16177,1.16131,1.16138,768160000
1764682200000,1.16135,1.1617,1.1612,1.16151,591180000
1764683100000,1.16151,1.16174,1.1611,1.16174,864740000
1764684000000,1.16175,1.1623,1.16162,1.16185,1774170000
1764684900000,1.16186,1.16194,1.16138,1.16183,1044760000
1764685800000,1.16184,1.16191,1.16143,1.16164,1688860000
1764686700000,1.16164,1.16185,1.16131,1.16177,1597000000
1764687600000,1.16178,1.16185,1.16027,1.16049,2229390000
1764688500000,1.16051,1.16064,1.15932,1.15995,2251000000
1764689400000,1.15998,1.16159,1.15998,1.16104,2547170000
1764690300000,1.16103,1.16127,1.16014,1.16061,1691820000
1764691200000,1.16061,1.16076,1.16028,1.16057,1538540000
1764692100000,1.16056,1.16081,1.1601,1.16068,1467960000
1764693000000,1.16068,1.16096,1.16019,1.16019,1876890000
1764693900000,1.16019,1.16029,1.1591,1.15953,2066870000
1764694800000,1.15952,1.1599,1.15928,1.1596,1619930000
1764695700000,1.15959,1.16035,1.15945,1.16016,937390000
1764696600000,1.16016,1.16074,1.16003,1.16066,898900000
1764697500000,1.16068,1.16078,1.16049,1.16071,577060000
1764698400000,1.16071,1.1613,1.16069,1.16107,763390000
1764699300000,1.16108,1.16131,1.16097,1.16102,433220000
1764700200000,1.16101,1.16113,1.16056,1.16061,570180000
1764701100000,1.1606,1.16091,1.16057,1.16087,634740000
1764702000000,1.16088,1.16138,1.16086,1.16136,763230000
1764702900000,1.16135,1.16165,1.16133,1.1615,567780000
1764703800000,1.16149,1.16167,1.1614,1.16164,433500000
1764704700000,1.16165,1.16248,1.16143,1.16206,1313560000
1764705600000,1.16204,1.16257,1.16204,1.16233,1093780000
1764706500000,1.16233,1.1624,1.16198,1.16199,609530000
1764707400000,1.16199,1.1623,1.16196,1.16226,445230000
1764708300000,1.16227,1.16258,1.16226,1.16243,747320000
1764709200000,1.16243,1.16243,1.1621,1.16224,500080000
1764710100000,1.16224,1.16244,1.16219,1.16237,256360000
1764711000000,1.16236,1.16236,1.16219,1.16224,161230000
1764711900000,1.16225,1.16257,1.1622,1.16233,600530000
1764712800000,1.16233,1.16233,1.16204,1.16205,162680000
1764713700000,1.16209,1.1622,1.16205,1.16212,185000000
1764714600000,1.16214,1.16247,1.16208,1.16234,305880000
1764715500000,1.16238,1.16238,1.16225,1.16234,156680000
1764716400000,1.16237,1.16272,1.16234,1.16252,236110000
1764717300000,1.16252,1.16261,1.16244,1.16256,69160000
1764718200000,1.1626,1.16282,1.1626,1.16281,61740000
1764719100000,1.16282,1.1629,1.1627,1.1628,152100000
1764720000000,1.1628,1.16298,1.16277,1.16297,544180000
1764720900000,1.16294,1.16314,1.1629,1.163,366920000
1764721800000,1.16301,1.16329,1.1629,1.16301,1471420000
1764722700000,1.163,1.16317,1.16294,1.16306,1058300000
1764723600000,1.16306,1.16347,1.16304,1.16345,663900000
1764724500000,1.16343,1.16372,1.16333,1.16362,303830000
1764725400000,1.16362,1.16371,1.16346,1.16361,392920000
1764726300000,1.16363,1.16375,1.16357,1.16368,326070000
1764727200000,1.16369,1.16374,1.16353,1.16373,212500000
1764728100000,1.16375,1.16376,1.16354,1.1637,280930000
1764729000000,1.16368,1.16376,1.16364,1.16372,217270000
1764729900000,1.1637,1.16385,1.1637,1.1638,256950000
1764730800000,1.16378,1.16388,1.1637,1.16372,169450000
1764731700000,1.16372,1.16387,1.1637,1.16384,217350000
1764732600000,1.16384,1.16389,1.16371,1.16382,220430000
1764733500000,1.16382,1.16383,1.16368,1.16376,163350000
1764734400000,1.16378,1.16382,1.16361,1.16367,194760000
1764735300000,1.16366,1.16381,1.16366,1.16378,191660000
1764736200000,1.16376,1.16403,1.16376,1.164,220410000
1764737100000,1.164,1.16419,1.16388,1.1641,215110000
1764738000000,1.16411,1.16436,1.16409,1.16432,316590000
1764738900000,1.16433,1.16435,1.16415,1.16425,211370000
1764739800000,1.16422,1.16426,1.16407,1.16415,241810000
1764740700000,1.16417,1.16427,1.16408,1.16426,355980000
1764741600000,1.16426,1.16457,1.16424,1.16453,302770000
1764742500000,1.16453,1.16477,1.16439,1.16461,634110000
1764743400000,1.16461,1.1647,1.16426,1.16429,494480000
1764744300000,1.16429,1.16455,1.16415,1.16429,466670000
1764745200000,1.16429,1.16515,1.16429,1.16505,941080000
1764746100000,1.16504,1.16526,1.16463,1.16466,1111070000
1764747000000,1.16463,1.1647,1.16408,1.16415,1498500000
1764747900000,1.16413,1.16426,1.16391,1.16412,1497760000
1764748800000,1.16412,1.16438,1.16382,1.16429,2116400000
1764749700000,1.16428,1.16433,1.16373,1.16383,787840000
1764750600000,1.16381,1.16412,1.16364,1.16402,806320000
1764751500000,1.16405,1.16455,1.16356,1.16438,1360140000
1764752400000,1.16439,1.16457,1.164,1.16427,1468810000
1764753300000,1.16426,1.16444,1.16398,1.1642,1389670000
1764754200000,1.16421,1.16477,1.16421,1.16458,1869060000
1764755100000,1.1646,1.16478,1.16449,1.16455,967620000
1764756000000,1.16456,1.1655,1.16447,1.16548,1529400000
1764756900000,1.16547,1.16616,1.16547,1.1657,1129390000
1764757800000,1.16569,1.16627,1.16564,1.16621,783090000
1764758700000,1.16621,1.16636,1.16593,1.16605,829960000
1764759600000,1.16606,1.16607,1.16549,1.1658,842090000
1764760500000,1.16579,1.16621,1.16578,1.16621,561560000
1764761400000,1.16622,1.16638,1.16615,1.16622,597400000
1764762300000,1.1662,1.16657,1.16603,1.16655,572810000
1764763200000,1.16654,1.1668,1.16648,1.16648,848040000
1764764100000,1.16648,1.16688,1.16629,1.16679,697190000
1764765000000,1.16679,1.16694,1.16662,1.16665,745000000
1764765900000,1.16666,1.16682,1.16622,1.16628,915320000
1764766800000,1.16628,1.16715,1.16617,1.16678,1377520000
1764767700000,1.16678,1.16752,1.16678,1.16699,2416790000
1764768600000,1.16699,1.1672,1.16654,1.16717,1711550000
1764769500000,1.16717,1.16719,1.16644,1.16662,1342770000
1764770400000,1.16664,1.16669,1.1662,1.16642,1703370000
1764771300000,1.16642,1.16648,1.16555,1.16555,2467600000
1764772200000,1.16555,1.16648,1.16555,1.16607,2828870000
1764773100000,1.16607,1.16647,1.16557,1.16623,3547270000
1764774000000,1.16621,1.16667,1.16548,1.16591,6789020000
1764774900000,1.16592,1.1668,1.16555,1.16646,3060440000
1764775800000,1.16648,1.16679,1.16564,1.16564,2759650000
1764776700000,1.16564,1.16626,1.16543,1.16595,2546200000
1764777600000,1.16595,1.16645,1.16586,1.16628,2274930000
1764778500000,1.16626,1.16662,1.16606,1.16628,2299050000
1764779400000,1.1663,1.16654,1.16595,1.16624,2975310000
1764780300000,1.16623,1.16631,1.16584,1.16594,2034200000
1764781200000,1.16595,1.16616,1.16574,1.16615,1993560000
1764782100000,1.16613,1.16641,1.16605,1.16631,1559620000
1764783000000,1.16629,1.16675,1.16617,1.16667,1346180000
1764783900000,1.16667,1.16707,1.16666,1.16684,1778110000
1764784800000,1.16686,1.16732,1.16684,1.1673,967430000
1764785700000,1.16731,1.16731,1.16682,1.16702,1609350000
1764786600000,1.16703,1.16744,1.16702,1.16738,777990000
1764787500000,1.16738,1.16755,1.16709,1.16717,714010000
1764788400000,1.16718,1.16757,1.1671,1.16753,546510000
1764789300000,1.16753,1.16775,1.16741,1.16748,488680000
1764790200000,1.16746,1.1675,1.16727,1.16735,461000000
1764791100000,1.16734,1.16741,1.16727,1.16727,404380000
1764792000000,1.16725,1.16728,1.16702,1.16728,411030000
1764792900000,1.16726,1.16726,1.16687,1.16694,246600000
1764793800000,1.16695,1.16699,1.16675,1.16678,364070000
1764794700000,1.16679,1.16685,1.16652,1.16654,421790000
1764795600000,1.16654,1.16666,1.16642,1.16647,439370000
1764796500000,1.16647,1.16667,1.16643,1.16661,240240000
1764797400000,1.16662,1.16692,1.16662,1.16688,117790000
1764798300000,1.16688,1.16717,1.16674,1.16706,527410000
1764799200000,1.16705,1.16718,1.16638,1.16711,158220000
1764800100000,1.16711,1.16743,1.1671,1.16721,164740000
1764801000000,1.16721,1.16724,1.16702,1.16706,131820000
1764801900000,1.16706,1.16715,1.16701,1.16702,182820000
1764802800000,1.16702,1.16719,1.16695,1.16696,181890000
1764803700000,1.16696,1.16701,1.16688,1.16689,161220000
1764804600000,1.1669,1.16701,1.16685,1.16699,211890000
1764805500000,1.16701,1.16701,1.16633,1.16661,353930000
1764806400000,1.16662,1.16673,1.16619,1.16619,657120000
1764807300000,1.16621,1.16625,1.16594,1.16606,339520000
1764808200000,1.166,1.16638,1.16594,1.16636,322290000
1764809100000,1.16633,1.16644,1.16611,1.16627,506260000
1764810000000,1.16626,1.16647,1.16608,1.16647,592030000
1764810900000,1.16646,1.16646,1.16588,1.16605,555950000
1764811800000,1.16605,1.16625,1.16587,1.16621,764290000
1764812700000,1.16622,1.16644,1.16619,1.1663,835170000
1764813600000,1.1663,1.16639,1.16609,1.1661,574990000
1764814500000,1.1661,1.16611,1.1659,1.16597,305640000
1764815400000,1.16596,1.16612,1.16592,1.16597,256680000
1764816300000,1.16595,1.1661,1.16592,1.16602,339290000
1764817200000,1.16601,1.16601,1.16561,1.16564,403750000
1764818100000,1.16563,1.16573,1.16549,1.16561,417540000
1764819000000,1.16563,1.16563,1.16533,1.16551,534040000
1764819900000,1.1655,1.16565,1.16548,1.16558,532720000
1764820800000,1.16556,1.16572,1.16551,1.16569,536530000
1764821700000,1.16569,1.16578,1.1656,1.16578,272470000
1764822600000,1.1658,1.16583,1.16559,1.16565,377270000
1764823500000,1.16567,1.16583,1.16563,1.1657,234690000
1764824400000,1.16572,1.16592,1.16568,1.16575,557020000
1764825300000,1.16574,1.16584,1.16561,1.16576,436960000
1764826200000,1.16578,1.16614,1.16575,1.16596,979290000
1764827100000,1.16597,1.16619,1.16579,1.16594,1044150000
1764828000000,1.16595,1.16597,1.16548,1.16548,910300000
1764828900000,1.16546,1.16554,1.16529,1.16539,586180000
1764829800000,1.16539,1.1656,1.16529,1.16557,509600000
1764830700000,1.16555,1.16587,1.16546,1.1658,889350000
1764831600000,1.16578,1.16601,1.1656,1.16569,1068110000
1764832500000,1.16571,1.16594,1.16558,1.1657,432200000
1764833400000,1.1657,1.16588,1.16553,1.16582,444670000
1764834300000,1.16584,1.16652,1.16584,1.16652,841060000
1764835200000,1.16652,1.16682,1.16632,1.16656,2135450000
1764836100000,1.16656,1.16775,1.16648,1.16761,1891930000
1764837000000,1.1676,1.16801,1.16714,1.16775,1680760000
1764837900000,1.16776,1.16819,1.16767,1.16767,1349050000
1764838800000,1.16766,1.16788,1.16733,1.16757,1262220000
1764839700000,1.16758,1.16789,1.16737,1.16783,855770000
1764840600000,1.16781,1.16785,1.16739,1.16755,1444660000
1764841500000,1.16755,1.16802,1.16747,1.16773,1227700000
1764842400000,1.16772,1.16797,1.16709,1.1672,977160000
1764843300000,1.16722,1.16736,1.16676,1.16698,834260000
1764844200000,1.16697,1.1671,1.16659,1.16671,709100000
1764845100000,1.16669,1.16687,1.16635,1.16664,820350000
1764846000000,1.16664,1.16747,1.16651,1.16735,1590600000
1764846900000,1.16735,1.16765,1.16724,1.16757,1319860000
1764847800000,1.16759,1.16792,1.1675,1.16775,1037220000
1764848700000,1.16776,1.16804,1.16761,1.16802,530720000
1764849600000,1.16801,1.16808,1.1675,1.16777,862200000
1764850500000,1.16776,1.16786,1.16739,1.16771,958390000
1764851400000,1.1677,1.16771,1.16694,1.16697,1218360000
1764852300000,1.16698,1.16708,1.16653,1.16699,1087790000
1764853200000,1.167,1.16711,1.16643,1.16644,1024470000
1764854100000,1.16645,1.16685,1.16623,1.16675,1279820000
1764855000000,1.16674,1.16674,1.16517,1.16634,2715110000
1764855900000,1.16636,1.16669,1.16603,1.16647,2311610000
1764856800000,1.16647,1.16699,1.16647,1.16689,2319450000
1764857700000,1.16689,1.16768,1.16674,1.16744,1555390000
1764858600000,1.16744,1.16764,1.16644,1.16657,1671660000
1764859500000,1.16656,1.16711,1.16642,1.167,1396290000
1764860400000,1.16698,1.16702,1.16579,1.16661,1779550000
1764861300000,1.1666,1.16716,1.16655,1.16711,1244600000
1764862200000,1.16713,1.16744,1.1669,1.16739,1194630000
1764863100000,1.16739,1.16746,1.16686,1.16731,1655210000
1764864000000,1.16731,1.16734,1.16648,1.16649,1257870000
1764864900000,1.16648,1.16655,1.16576,1.1658,1282870000
1764865800000,1.16579,1.16582,1.16534,1.16549,1233110000
1764866700000,1.16551,1.16594,1.16546,1.16587,1127340000
1764867600000,1.16587,1.16597,1.16549,1.16554,908600000
1764868500000,1.16553,1.1658,1.16546,1.16556,647280000
1764869400000,1.16554,1.16567,1.16529,1.1655,685670000
1764870300000,1.16549,1.16571,1.16545,1.1656,469710000
1764871200000,1.16559,1.16572,1.16536,1.16568,744890000
1764872100000,1.16567,1.16597,1.16563,1.16584,500570000
1764873000000,1.16581,1.16596,1.16563,1.16591,533370000
1764873900000,1.16591,1.16591,1.16537,1.16543,577960000
1764874800000,1.16542,1.16555,1.165,1.16511,900530000
1764875700000,1.16511,1.1653,1.16504,1.16522,524240000
1764876600000,1.16522,1.16549,1.16519,1.16539,540720000
1764877500000,1.1654,1.1654,1.16514,1.16525,486930000
1764878400000,1.16524,1.16524,1.16497,1.16511,516400000
1764879300000,1.1651,1.16513,1.16467,1.16475,660960000
1764880200000,1.16477,1.16493,1.16423,1.16445,719130000
1764881100000,1.16445,1.16448,1.16411,1.1644,603890000
1764882000000,1.1644,1.16452,1.16427,1.16435,612090000
1764882900000,1.16435,1.16438,1.16409,1.16433,174770000
1764883800000,1.16432,1.16444,1.16427,1.16442,54930000
1764884700000,1.16443,1.16459,1.16432,1.1644,660430000
1764885600000,1.16439,1.16439,1.16414,1.1643,104400000
1764886500000,1.16432,1.16437,1.16427,1.16435,91800000
1764887400000,1.16437,1.16438,1.16427,1.16435,111600000
1764888300000,1.16441,1.16442,1.1643,1.16439,93870000
1764889200000,1.16439,1.16447,1.16413,1.16421,198090000
1764890100000,1.16425,1.1643,1.16417,1.16425,148840000
1764891000000,1.16425,1.16425,1.16409,1.16419,167460000
1764891900000,1.16418,1.16432,1.16412,1.16431,171720000
1764892800000,1.16433,1.1647,1.16433,1.1647,336550000
1764893700000,1.16469,1.16483,1.1646,1.16477,277760000
1764894600000,1.16476,1.16493,1.16468,1.16479,268370000
1764895500000,1.16481,1.16502,1.16475,1.16497,912280000
1764896400000,1.16498,1.16528,1.16498,1.16521,678190000
1764897300000,1.16521,1.16523,1.16495,1.165,647560000
1764898200000,1.16499,1.16532,1.16499,1.16525,349480000
1764899100000,1.16524,1.16537,1.16511,1.16534,340510000
1764900000000,1.16534,1.16543,1.16512,1.16522,498580000
1764900900000,1.16522,1.1653,1.1651,1.16518,519700000
1764901800000,1.16518,1.16534,1.16515,1.16516,404490000
1764902700000,1.16518,1.16537,1.16517,1.16517,247140000
1764903600000,1.16516,1.16516,1.16497,1.16505,184500000
1764904500000,1.16504,1.16507,1.16478,1.16478,178410000
1764905400000,1.16479,1.16479,1.16462,1.16471,405080000
1764906300000,1.16471,1.16496,1.16471,1.16489,257900000
1764907200000,1.16489,1.16521,1.16486,1.16518,376300000
1764908100000,1.16518,1.1654,1.16499,1.16527,610160000
1764909000000,1.16527,1.16533,1.16514,1.16515,576670000
1764909900000,1.16516,1.1654,1.16516,1.16535,414500000
1764910800000,1.16534,1.16557,1.16531,1.16533,287700000
1764911700000,1.16533,1.16558,1.1653,1.16549,254190000
1764912600000,1.16549,1.16579,1.16549,1.16566,561760000
1764913500000,1.16568,1.1659,1.16562,1.1659,513250000
1764914400000,1.1659,1.16591,1.16564,1.16572,443220000
1764915300000,1.16571,1.16572,1.16551,1.16569,523930000
1764916200000,1.16571,1.16614,1.16563,1.16596,614840000
1764917100000,1.16595,1.16599,1.16567,1.1659,525380000
1764918000000,1.1659,1.16665,1.16584,1.16653,1208680000
1764918900000,1.16654,1.16682,1.16627,1.16679,1289710000
1764919800000,1.1668,1.16717,1.16655,1.16657,1299680000
1764920700000,1.16657,1.16673,1.16618,1.16627,1212500000
1764921600000,1.1663,1.1664,1.1658,1.16597,1493220000
1764922500000,1.16596,1.16608,1.16561,1.16579,1443050000
1764923400000,1.16581,1.16599,1.16569,1.16593,1169510000
1764924300000,1.16595,1.16597,1.16521,1.16537,944090000
1764925200000,1.16535,1.16543,1.16496,1.16525,775140000
1764926100000,1.16524,1.16551,1.16488,1.1649,1154140000
1764927000000,1.16489,1.16523,1.16488,1.16489,799210000
1764927900000,1.1649,1.16546,1.16481,1.16543,1051300000
1764928800000,1.16545,1.16569,1.16518,1.16529,807100000
1764929700000,1.16528,1.1654,1.16496,1.16497,634030000
1764930600000,1.16497,1.16508,1.16476,1.16483,574920000
1764931500000,1.16482,1.16513,1.1648,1.16509,809010000
1764932400000,1.16509,1.16523,1.1648,1.16484,959850000
1764933300000,1.16483,1.16492,1.16443,1.16464,594620000
1764934200000,1.16461,1.16463,1.16415,1.16458,790800000
1764935100000,1.16458,1.16469,1.1643,1.16464,928740000
1764936000000,1.16464,1.1653,1.16458,1.16519,1037250000
1764936900000,1.1652,1.16533,1.16435,1.16461,1214510000
1764937800000,1.1646,1.16483,1.16451,1.16464,929330000
1764938700000,1.16464,1.16518,1.16462,1.16515,973070000
1764939600000,1.16521,1.16529,1.16442,1.16465,1018150000
1764940500000,1.16466,1.16496,1.16433,1.16488,839980000
1764941400000,1.16487,1.16538,1.16479,1.16507,1448650000
1764942300000,1.16506,1.16535,1.16499,1.16517,957710000
1764943200000,1.16518,1.166,1.16507,1.16525,1473970000
1764944100000,1.16527,1.16556,1.16514,1.16518,966930000
1764945000000,1.16517,1.16574,1.16455,1.16549,1940350000
1764945900000,1.16548,1.16575,1.16487,1.16498,2223230000
1764946800000,1.16496,1.16534,1.16437,1.16524,2443200000
1764947700000,1.16523,1.16574,1.16502,1.16562,1558740000
1764948600000,1.16563,1.16588,1.16502,1.16513,1223090000
1764949500000,1.16514,1.16525,1.16445,1.16481,1892340000
1764950400000,1.16481,1.1649,1.1632,1.1632,2182740000
1764951300000,1.16319,1.16354,1.16279,1.16341,2075690000
1764952200000,1.16339,1.16363,1.16291,1.16359,1781190000
1764953100000,1.16359,1.16381,1.16338,1.16341,1919250000
1764954000000,1.1634,1.16385,1.16324,1.16384,1231350000
1764954900000,1.16384,1.16398,1.16355,1.16364,978380000
1764955800000,1.16365,1.1642,1.16359,1.16416,1041670000
1764956700000,1.16415,1.16441,1.16399,1.16441,689940000
1764957600000,1.16441,1.16485,1.16433,1.16463,648990000
1764958500000,1.16462,1.16469,1.1642,1.1644,735280000
1764959400000,1.16438,1.16456,1.16425,1.16432,467650000
1764960300000,1.16432,1.16448,1.1642,1.16425,605280000
1764961200000,1.16426,1.1644,1.16402,1.16437,623750000
1764962100000,1.16438,1.16438,1.16419,1.16433,506730000
1764963000000,1.16433,1.16436,1.16407,1.16418,436130000
1764963900000,1.16418,1.16435,1.16399,1.1643,667980000
1764964800000,1.16429,1.16431,1.16403,1.16429,695800000
1764965700000,1.1643,1.16432,1.16403,1.16414,481270000
1764966600000,1.16415,1.16433,1.16406,1.16423,447830000
1764967500000,1.16421,1.16445,1.16397,1.1644,897030000
1764968400000,1.16439,1.16471,1.16436,1.16436,425550000
1764969300000,1.16438,1.16454,1.16429,1.1643,210960000
1764970200000,1.16428,1.16444,1.164,1.16411,263430000
1764971100000,1.16411,1.16438,1.16388,1.16388,896710000
1765144800000,1.16373,1.16422,1.16341,1.16383,286790000
1765145700000,1.16399,1.16409,1.16362,1.16388,169530000
1765146600000,1.1637,1.16413,1.1637,1.16405,92700000
1765147500000,1.16405,1.16451,1.16402,1.16446,172420000
1765148400000,1.16446,1.16461,1.16396,1.1642,648660000
1765149300000,1.16419,1.16435,1.16407,1.16423,1122980000
1765150200000,1.16423,1.16456,1.16421,1.1643,675090000
1765151100000,1.16427,1.16428,1.16391,1.16404,184220000
1765152000000,1.16406,1.1646,1.16394,1.16416,597690000
1765152900000,1.16417,1.16467,1.16413,1.16464,363900000
1765153800000,1.16467,1.165,1.16465,1.16499,333600000
1765154700000,1.16499,1.16513,1.16465,1.16511,553900000
1765155600000,1.1651,1.16516,1.16474,1.16479,576760000
1765156500000,1.16479,1.16486,1.16455,1.16471,717870000
1765157400000,1.1647,1.16513,1.16469,1.16511,612360000
1765158300000,1.16512,1.16531,1.16492,1.16516,638160000
1765159200000,1.16518,1.16542,1.16513,1.16525,373420000
1765160100000,1.16523,1.16529,1.16505,1.16508,414440000
1765161000000,1.16505,1.16515,1.16487,1.16514,356690000
1765161900000,1.16514,1.16539,1.16508,1.16537,313440000
1765162800000,1.16538,1.16554,1.16519,1.16525,256840000
1765163700000,1.16528,1.16544,1.16517,1.16527,280610000
1765164600000,1.16526,1.16535,1.16512,1.16514,333710000
1765165500000,1.16512,1.16528,1.16498,1.165,609130000
1765166400000,1.16501,1.16531,1.16496,1.16531,358700000
1765167300000,1.1653,1.1654,1.1653,1.16532,237450000
1765168200000,1.16531,1.1655,1.1653,1.16539,272790000
1765169100000,1.16537,1.16553,1.16535,1.16543,250090000
1765170000000,1.16543,1.16551,1.16529,1.16533,321090000
1765170900000,1.16534,1.16541,1.16523,1.16534,524620000
1765171800000,1.16534,1.16556,1.16527,1.16554,455270000
1765172700000,1.16556,1.16562,1.16545,1.16559,496220000
1765173600000,1.16561,1.16718,1.16559,1.16644,1323620000
1765174500000,1.16643,1.16656,1.16611,1.16628,733130000
1765175400000,1.16626,1.16642,1.16611,1.16624,508620000
1765176300000,1.16623,1.16623,1.16582,1.16605,517760000
1765177200000,1.16605,1.16678,1.16605,1.16664,863070000
1765178100000,1.16664,1.16677,1.16618,1.16619,632470000
1765179000000,1.16621,1.16647,1.16592,1.16605,847900000
1765179900000,1.16606,1.16607,1.16548,1.16579,899860000
1765180800000,1.16581,1.16623,1.16554,1.16554,1120130000
1765181700000,1.16552,1.16558,1.165,1.16501,1425230000
1765182600000,1.165,1.1652,1.1648,1.16511,886630000
1765183500000,1.16509,1.16565,1.16502,1.16558,752840000
1765184400000,1.16558,1.16575,1.16504,1.1652,828660000
1765185300000,1.16524,1.16527,1.16479,1.16515,901960000
1765186200000,1.16517,1.16547,1.165,1.16533,984710000
1765187100000,1.16535,1.16545,1.16486,1.16486,816120000
1765188000000,1.16483,1.16554,1.16477,1.16543,860110000
1765188900000,1.16543,1.16554,1.1651,1.1651,682940000
1765189800000,1.1651,1.16528,1.16486,1.16492,687960000
1765190700000,1.16491,1.16528,1.1648,1.16506,929750000
1765191600000,1.16507,1.16532,1.16467,1.16526,807320000
1765192500000,1.16525,1.16534,1.1647,1.16489,655780000
1765193400000,1.1649,1.16529,1.1649,1.16522,745640000
1765194300000,1.16521,1.1653,1.1648,1.16502,702090000
1765195200000,1.16502,1.16533,1.16477,1.16494,1008260000
1765196100000,1.16494,1.16499,1.16478,1.16484,722710000
1765197000000,1.16483,1.16514,1.16475,1.16508,643190000
1765197900000,1.16507,1.16538,1.16502,1.16531,824940000
1765198800000,1.16533,1.16573,1.16503,1.1655,925740000
1765199700000,1.16553,1.16558,1.16503,1.16503,1175630000
1765200600000,1.16505,1.16518,1.16455,1.16485,1229840000
1765201500000,1.16485,1.16502,1.16461,1.16482,1036250000
1765202400000,1.16483,1.1654,1.16476,1.1653,1177040000
1765203300000,1.16529,1.16547,1.16503,1.16515,1090770000
1765204200000,1.16516,1.16523,1.16457,1.16493,1697380000
1765205100000,1.16492,1.16494,1.16377,1.16399,2529840000
1765206000000,1.16399,1.16399,1.16303,1.16306,2078590000
1765206900000,1.16305,1.16305,1.16245,1.16266,2222860000
1765207800000,1.16264,1.16275,1.16169,1.16221,1582820000
1765208700000,1.16221,1.16273,1.16209,1.16249,1781420000
1765209600000,1.16248,1.16271,1.16202,1.16267,1419170000
1765210500000,1.16268,1.16268,1.16163,1.1619,1456040000
1765211400000,1.1619,1.16285,1.16189,1.16264,1410440000
1765212300000,1.16265,1.16267,1.16204,1.16248,1147170000
1765213200000,1.16248,1.1625,1.162,1.16211,1061380000
1765214100000,1.16211,1.16251,1.1621,1.16243,1134450000
1765215000000,1.16243,1.163,1.16234,1.16299,1416210000
1765215900000,1.16297,1.1639,1.16297,1.16389,1058560000
1765216800000,1.16391,1.16403,1.16375,1.16389,1081470000
1765217700000,1.16387,1.16397,1.16354,1.16354,607770000
1765218600000,1.16353,1.16408,1.16341,1.16406,709240000
1765219500000,1.16406,1.16419,1.1636,1.16371,958020000
1765220400000,1.16372,1.16402,1.16361,1.1638,895800000
1765221300000,1.16379,1.16406,1.16373,1.16384,723490000
1765222200000,1.16385,1.16417,1.16369,1.16408,511090000
1765223100000,1.16408,1.16409,1.16376,1.16393,960050000
1765224000000,1.16394,1.16418,1.16378,1.16384,1141320000
1765224900000,1.16387,1.16395,1.16373,1.16391,416510000
1765225800000,1.16391,1.16407,1.16385,1.16405,405310000
1765226700000,1.16405,1.16406,1.16378,1.16379,573180000
1765227600000,1.1638,1.16386,1.16364,1.1638,595630000
1765228500000,1.1638,1.16383,1.16351,1.16355,410670000
1765229400000,1.16353,1.1638,1.1635,1.16374,164380000
1765230300000,1.16372,1.16382,1.16364,1.16369,658150000
1765231200000,1.1637,1.1637,1.16315,1.16369,906150000
1765232100000,1.16368,1.16369,1.16333,1.16368,65140000
1765233000000,1.1637,1.16374,1.16348,1.16355,523800000
1765233900000,1.16356,1.16365,1.16348,1.16354,612000000
1765234800000,1.16355,1.1639,1.16355,1.16369,307260000
1765235700000,1.1637,1.1639,1.16368,1.16386,266850000
1765236600000,1.16386,1.16397,1.16372,1.16395,220380000
1765237500000,1.16392,1.16407,1.16389,1.16407,120060000
1765238400000,1.16405,1.16429,1.16401,1.16426,602100000
1765239300000,1.16425,1.16427,1.16405,1.16411,293960000
1765240200000,1.1641,1.16422,1.1639,1.16397,319260000
1765241100000,1.16395,1.16417,1.16367,1.16386,549660000
1765242000000,1.16384,1.16403,1.16358,1.16396,854610000
1765242900000,1.16394,1.16413,1.16389,1.16402,735930000
1765243800000,1.164,1.16423,1.16399,1.16423,720030000
1765244700000,1.16422,1.16474,1.16417,1.16471,618870000
1765245600000,1.1647,1.16482,1.16458,1.1646,466240000
1765246500000,1.16457,1.16464,1.16442,1.16461,379850000
1765247400000,1.16463,1.16468,1.16438,1.1645,370840000
1765248300000,1.16448,1.16458,1.16444,1.16457,224400000
1765249200000,1.16458,1.1647,1.16446,1.16461,236740000
1765250100000,1.16461,1.16475,1.16452,1.16462,355990000
1765251000000,1.16462,1.16486,1.16437,1.16445,1549320000
1765251900000,1.16444,1.16466,1.16435,1.16454,786150000
1765252800000,1.16453,1.16465,1.16448,1.1645,463860000
1765253700000,1.16452,1.16467,1.16446,1.16455,259980000
1765254600000,1.16454,1.16468,1.16442,1.1645,445250000
1765255500000,1.16449,1.16469,1.16436,1.16466,169120000
1765256400000,1.16466,1.16471,1.16439,1.16456,722810000
1765257300000,1.16454,1.16493,1.16453,1.16489,411240000
1765258200000,1.1649,1.16494,1.16479,1.16482,394020000
1765259100000,1.1648,1.16502,1.1648,1.16486,738790000
1765260000000,1.16487,1.16491,1.16418,1.16431,624480000
1765260900000,1.16429,1.16457,1.16428,1.16437,459750000
1765261800000,1.16436,1.16473,1.16429,1.16447,444110000
1765262700000,1.16446,1.16454,1.16429,1.16437,518150000
1765263600000,1.16437,1.16461,1.16399,1.16405,584460000
1765264500000,1.16408,1.16421,1.16379,1.16384,777290000
1765265400000,1.16383,1.16432,1.16379,1.16425,886300000
1765266300000,1.16423,1.16429,1.1639,1.16398,743010000
1765267200000,1.16399,1.1642,1.16334,1.16371,1417970000
1765268100000,1.16372,1.16463,1.16359,1.16452,1202750000
1765269000000,1.16453,1.16495,1.16425,1.16462,1084670000
1765269900000,1.16463,1.16474,1.16422,1.16448,1137920000
1765270800000,1.16448,1.16467,1.16436,1.16457,787100000
1765271700000,1.16456,1.16497,1.16444,1.16493,1367210000
1765272600000,1.16493,1.16542,1.16458,1.16541,1255990000
1765273500000,1.16541,1.16571,1.16521,1.16522,1163290000
1765274400000,1.16522,1.16541,1.16482,1.16484,733940000
1765275300000,1.16483,1.16498,1.16441,1.16447,597690000
1765276200000,1.16447,1.16466,1.16402,1.16422,921270000
1765277100000,1.1642,1.16451,1.1641,1.16444,793840000
1765278000000,1.16446,1.16449,1.16378,1.16388,884850000
1765278900000,1.1639,1.16439,1.16381,1.16403,882940000
1765279800000,1.16403,1.16448,1.16391,1.16427,851870000
1765280700000,1.16426,1.16476,1.16425,1.16434,686370000
1765281600000,1.16434,1.16442,1.16345,1.16356,1172930000
1765282500000,1.16356,1.1639,1.16343,1.16354,949690000
1765283400000,1.16355,1.16379,1.16342,1.16356,677330000
1765284300000,1.16355,1.16404,1.16344,1.16375,1218200000
1765285200000,1.16375,1.16398,1.16357,1.1636,992800000
1765286100000,1.16362,1.1638,1.16292,1.16298,1229500000
1765287000000,1.16296,1.16369,1.1629,1.16363,1471840000
1765287900000,1.16363,1.16386,1.1634,1.16344,1689460000
1765288800000,1.16343,1.16368,1.16304,1.16323,1214640000
1765289700000,1.16321,1.16344,1.16292,1.16311,1018090000
1765290600000,1.16314,1.16365,1.16279,1.16328,3449670000
1765291500000,1.1633,1.16385,1.16306,1.16376,1782360000
1765292400000,1.16374,1.16375,1.16149,1.16193,3774600000
1765293300000,1.16193,1.16345,1.16181,1.1634,2024210000
1765294200000,1.16339,1.16364,1.16245,1.16249,1897700000
1765295100000,1.16251,1.16287,1.16238,1.16287,1857480000
1765296000000,1.16288,1.16375,1.16287,1.16359,994660000
1765296900000,1.1636,1.16401,1.16347,1.16384,1265370000
1765297800000,1.16386,1.1641,1.16357,1.16366,983470000
1765298700000,1.16367,1.16392,1.16364,1.16381,811490000
1765299600000,1.16383,1.16396,1.16334,1.16339,1085620000
1765300500000,1.1634,1.16346,1.16269,1.16279,1361230000
1765301400000,1.16279,1.16295,1.16249,1.16254,927880000
1765302300000,1.16253,1.16262,1.16219,1.16238,840590000
1765303200000,1.16239,1.16248,1.16196,1.16201,733730000
1765304100000,1.16201,1.16223,1.16168,1.16222,757450000
1765305000000,1.16223,1.16242,1.16195,1.1622,881360000
1765305900000,1.16221,1.16248,1.16218,1.16241,416420000
1765306800000,1.16243,1.16251,1.16219,1.16242,585340000
1765307700000,1.16241,1.16283,1.16234,1.16282,488960000
1765308600000,1.16285,1.16298,1.16265,1.16265,374800000
1765309500000,1.16265,1.16299,1.16258,1.16287,546630000
1765310400000,1.16286,1.16317,1.16281,1.16308,357960000
1765311300000,1.16308,1.1632,1.16294,1.16301,315470000
1765312200000,1.16299,1.163,1.16279,1.16279,741430000
1765313100000,1.16281,1.16286,1.16263,1.16267,719710000
1765314000000,1.16267,1.16287,1.16257,1.16263,725490000
1765314900000,1.16263,1.16265,1.16249,1.16256,488350000
1765315800000,1.16256,1.16288,1.16256,1.16282,90360000
1765316700000,1.16284,1.16292,1.16234,1.16273,719280000
1765317600000,1.16266,1.16274,1.1624,1.16274,117420000
1765318500000,1.16275,1.16286,1.16245,1.1627,165910000
1765319400000,1.1627,1.16272,1.16262,1.16268,245470000
1765320300000,1.16269,1.16272,1.16242,1.16254,695040000
1765321200000,1.16257,1.16282,1.16246,1.16263,180270000
1765322100000,1.16263,1.16268,1.16256,1.1626,124830000
1765323000000,1.16262,1.16278,1.16258,1.16271,132810000
1765323900000,1.16271,1.16284,1.16268,1.16278,86790000
1765324800000,1.1628,1.16287,1.16265,1.16281,199530000
1765325700000,1.16282,1.16288,1.16251,1.16253,253800000
1765326600000,1.16254,1.1627,1.16242,1.16265,525480000
1765327500000,1.16268,1.16274,1.16247,1.1626,874140000
1765328400000,1.16259,1.16282,1.16245,1.16272,740030000
1765329300000,1.16271,1.16284,1.16243,1.16245,456540000
1765330200000,1.16243,1.1626,1.16223,1.16235,536920000
1765331100000,1.16236,1.16255,1.16231,1.16237,379910000
1765332000000,1.16234,1.16279,1.16231,1.16279,451170000
1765332900000,1.16279,1.16282,1.16261,1.16267,221410000
1765333800000,1.16267,1.16278,1.16241,1.16245,214620000
1765334700000,1.16246,1.16253,1.16231,1.16236,234970000
1765335600000,1.16235,1.16254,1.16214,1.1625,242840000
1765336500000,1.16249,1.1626,1.16231,1.16237,303790000
1765337400000,1.1624,1.16272,1.16236,1.16264,254840000
1765338300000,1.16262,1.16267,1.16239,1.16263,297560000
1765339200000,1.16264,1.16273,1.16249,1.16264,258410000
1765340100000,1.16265,1.16273,1.16254,1.16263,149390000
1765341000000,1.16263,1.16285,1.16258,1.1628,130400000
1765341900000,1.1628,1.16289,1.16273,1.16273,118130000
1765342800000,1.16272,1.16284,1.16265,1.16273,193700000
1765343700000,1.16273,1.16283,1.16264,1.16267,149280000
1765344600000,1.16267,1.16293,1.16266,1.16293,242930000
1765345500000,1.16289,1.16309,1.16288,1.16296,256560000
1765346400000,1.16297,1.16321,1.16286,1.16317,209150000
1765347300000,1.16315,1.16333,1.16311,1.16318,286940000
1765348200000,1.16318,1.16329,1.16296,1.16315,192940000
1765349100000,1.16316,1.16354,1.16316,1.1635,338980000
1765350000000,1.16352,1.16386,1.16343,1.16372,427660000
1765350900000,1.16374,1.16397,1.16369,1.16382,396310000
1765351800000,1.16384,1.16402,1.16361,1.16385,592740000
1765352700000,1.16384,1.16493,1.16366,1.1648,2673540000
1765353600000,1.16482,1.16492,1.16434,1.16453,1470760000
1765354500000,1.16452,1.16501,1.16442,1.16501,1035100000
1765355400000,1.16501,1.16574,1.16476,1.16557,1183120000
1765356300000,1.16557,1.16576,1.16517,1.16525,1224270000
1765357200000,1.16525,1.16528,1.1643,1.16433,997960000
1765358100000,1.16435,1.16438,1.16366,1.16408,1383210000
1765359000000,1.16409,1.16434,1.16389,1.16395,1306080000
1765359900000,1.16396,1.16422,1.16356,1.16365,855890000
1765360800000,1.16363,1.16373,1.16324,1.16373,778810000
1765361700000,1.16373,1.16394,1.16356,1.16366,984050000
1765362600000,1.16365,1.16367,1.16301,1.16307,1005670000
1765363500000,1.16307,1.16356,1.16274,1.16343,1610910000
1765364400000,1.16342,1.16359,1.16311,1.16324,1061090000
1765365300000,1.16324,1.16383,1.16318,1.16353,710750000
1765366200000,1.16351,1.16352,1.16314,1.1635,773450000
1765367100000,1.1635,1.16357,1.16298,1.1635,1006520000
1765368000000,1.1635,1.16371,1.16337,1.16362,840290000
1765368900000,1.16364,1.16382,1.16328,1.16378,480300000
1765369800000,1.1638,1.16408,1.16375,1.16405,913380000
1765370700000,1.16404,1.16421,1.16379,1.16392,928260000
1765371600000,1.16392,1.16417,1.16314,1.16333,1148400000
1765372500000,1.16334,1.16353,1.16276,1.16346,1028170000
1765373400000,1.16346,1.16371,1.16322,1.16347,1865250000
1765374300000,1.16348,1.16417,1.16348,1.16399,1922500000
1765375200000,1.164,1.16443,1.16365,1.16393,2552950000
1765376100000,1.16393,1.16433,1.16337,1.16352,2192370000
1765377000000,1.16352,1.164,1.1634,1.16372,1777480000
1765377900000,1.16373,1.16449,1.16362,1.1643,2502530000
1765378800000,1.16431,1.16512,1.16431,1.16461,1911940000
1765379700000,1.16461,1.16463,1.16393,1.164,1683230000
1765380600000,1.16399,1.16426,1.16366,1.16389,1506670000
1765381500000,1.16387,1.16422,1.16345,1.16418,1876590000
1765382400000,1.16419,1.16457,1.16372,1.16449,1281760000
1765383300000,1.16449,1.16497,1.16437,1.16469,1207590000
1765384200000,1.16471,1.16484,1.16454,1.16457,995220000
1765385100000,1.16458,1.16499,1.16437,1.16498,970890000
1765386000000,1.16499,1.16513,1.16456,1.1651,818550000
1765386900000,1.1651,1.16549,1.16508,1.16542,671020000
1765387800000,1.16541,1.16557,1.16534,1.16555,743960000
1765388700000,1.16554,1.16601,1.16538,1.16587,1052380000
1765389600000,1.16586,1.16597,1.16567,1.16572,673890000
1765390500000,1.16571,1.16598,1.16547,1.16596,722600000
1765391400000,1.16595,1.16609,1.16539,1.16566,915790000
1765392300000,1.16566,1.16597,1.16535,1.16552,925180000
1765393200000,1.16549,1.16759,1.16477,1.1669,6567450000
1765394100000,1.16689,1.16747,1.16617,1.16641,4485890000
1765395000000,1.1664,1.1681,1.16467,1.16515,7734060000
1765395900000,1.16514,1.16807,1.16492,1.16782,5245480000
1765396800000,1.16781,1.16994,1.16737,1.16987,4520870000
1765397700000,1.16988,1.16997,1.16876,1.1694,3658140000
1765398600000,1.16941,1.16969,1.16882,1.16922,3038630000
1765399500000,1.16921,1.16967,1.16913,1.16938,2314580000
1765400400000,1.16937,1.16944,1.16892,1.16917,1163900000
1765401300000,1.16916,1.16947,1.16898,1.16931,608420000
1765402200000,1.16929,1.16933,1.16897,1.16908,208890000
1765403100000,1.16906,1.16955,1.16897,1.16948,815370000
1765404000000,1.16948,1.16948,1.1688,1.16893,252370000
1765404900000,1.16897,1.16936,1.1689,1.16901,1088470000
1765405800000,1.16908,1.16921,1.169,1.16909,334800000
1765406700000,1.16908,1.16955,1.16905,1.16951,717660000
1765407600000,1.16952,1.16985,1.16945,1.16976,546470000
1765408500000,1.16975,1.16999,1.16973,1.16988,735170000
1765409400000,1.16989,1.17022,1.16986,1.17014,588670000
1765410300000,1.17014,1.17027,1.17001,1.17013,586050000
1765411200000,1.17013,1.17047,1.16994,1.17029,1252140000
1765412100000,1.1703,1.17036,1.16981,1.16982,942650000
1765413000000,1.16982,1.16996,1.1697,1.16987,1245840000
1765413900000,1.16986,1.17021,1.1698,1.17021,1438990000
1765414800000,1.17021,1.17072,1.1701,1.1705,950230000
1765415700000,1.17049,1.17061,1.17025,1.1704,892730000
1765416600000,1.17041,1.17045,1.17009,1.17036,1302350000
1765417500000,1.17036,1.17043,1.17003,1.17017,1276550000
1765418400000,1.17018,1.17061,1.17,1.17004,1198210000
1765419300000,1.17003,1.17028,1.16988,1.17021,1466770000
1765420200000,1.17021,1.17024,1.1698,1.16997,1570620000
1765421100000,1.16995,1.17001,1.16933,1.16938,506560000
1765422000000,1.16937,1.16974,1.16934,1.16937,593910000
1765422900000,1.16937,1.16951,1.16906,1.16914,505320000
1765423800000,1.16914,1.16939,1.16899,1.16933,399030000
1765424700000,1.16934,1.16944,1.16906,1.16906,524810000
1765425600000,1.16907,1.16915,1.1689,1.16892,1033140000
1765426500000,1.16891,1.16901,1.16854,1.16862,936580000
1765427400000,1.16862,1.16887,1.1686,1.16864,339550000
1765428300000,1.16865,1.16907,1.16864,1.16902,321540000
1765429200000,1.169,1.1692,1.16884,1.16888,333550000
1765430100000,1.16889,1.16901,1.16867,1.16888,389330000
1765431000000,1.16885,1.16896,1.16873,1.16883,177050000
1765431900000,1.16884,1.16889,1.16847,1.16853,387820000
1765432800000,1.16855,1.16863,1.16835,1.16844,529760000
1765433700000,1.16843,1.16854,1.16821,1.16837,441730000
1765434600000,1.16837,1.16874,1.16835,1.16869,478780000
1765435500000,1.1687,1.16897,1.1686,1.16889,432990000
1765436400000,1.16888,1.16939,1.16873,1.16919,848680000
1765437300000,1.16919,1.16955,1.16904,1.16953,900050000
1765438200000,1.16954,1.17005,1.16928,1.17004,995540000
1765439100000,1.17003,1.1701,1.16929,1.16934,932810000
1765440000000,1.16935,1.17026,1.16935,1.17001,1151630000
1765440900000,1.17,1.17022,1.16966,1.17019,1087290000
1765441800000,1.17018,1.17058,1.17015,1.1703,1355870000
1765442700000,1.17028,1.17065,1.16969,1.16972,1679080000
1765443600000,1.16971,1.16981,1.16886,1.169,1717480000
1765444500000,1.16899,1.16942,1.1687,1.16923,1753530000
1765445400000,1.16925,1.16988,1.16924,1.16969,1517120000
1765446300000,1.16969,1.17032,1.16969,1.17021,938840000
1765447200000,1.17021,1.17041,1.16988,1.17038,1182380000
1765448100000,1.1704,1.17064,1.17028,1.1703,1181690000
1765449000000,1.17029,1.17052,1.17009,1.17013,867970000
1765449900000,1.17014,1.17075,1.17006,1.17071,841740000
1765450800000,1.17069,1.17152,1.17061,1.17135,1048640000
1765451700000,1.17137,1.17174,1.17111,1.17165,888720000
1765452600000,1.17165,1.17178,1.1711,1.17146,888890000
1765453500000,1.17148,1.17157,1.17128,1.1713,806210000
1765454400000,1.17128,1.17164,1.17098,1.1716,1028870000
1765455300000,1.1716,1.17191,1.17147,1.17171,1003410000
1765456200000,1.17171,1.17172,1.17136,1.17164,1050950000
1765457100000,1.17164,1.17181,1.17103,1.17168,1070260000
1765458000000,1.17169,1.1719,1.17132,1.17151,1444630000
1765458900000,1.17152,1.17216,1.1714,1.172,1445890000
1765459800000,1.17199,1.17295,1.17154,1.17284,3656070000
1765460700000,1.17284,1.17364,1.17284,1.1731,2425320000
1765461600000,1.17309,1.17407,1.17302,1.17396,2118030000
1765462500000,1.17394,1.17472,1.17394,1.17454,1774590000
1765463400000,1.17453,1.17484,1.17413,1.17433,2413250000
1765464300000,1.17433,1.1744,1.17346,1.17376,2128790000
1765465200000,1.17376,1.17476,1.17315,1.17466,2438350000
1765466100000,1.17468,1.17491,1.17427,1.17486,1882020000
1765467000000,1.17485,1.17516,1.1746,1.1751,1679890000
1765467900000,1.1751,1.1757,1.17501,1.17563,2134460000
1765468800000,1.17564,1.17592,1.17517,1.17584,1637970000
1765469700000,1.17586,1.17594,1.17468,1.17468,2075880000
1765470600000,1.17468,1.17521,1.17461,1.17489,1743350000
1765471500000,1.1749,1.1757,1.1749,1.17552,1433080000
1765472400000,1.17551,1.17627,1.17549,1.17593,1588430000
1765473300000,1.17591,1.17623,1.17567,1.17574,1155790000
1765474200000,1.17571,1.17571,1.17496,1.17563,1769050000
1765475100000,1.17561,1.17573,1.17539,1.17551,935210000
1765476000000,1.1755,1.17584,1.17533,1.17552,673890000
1765476900000,1.17552,1.17592,1.17519,1.1754,1206970000
1765477800000,1.17541,1.17549,1.1751,1.17548,1192760000
1765478700000,1.17547,1.17554,1.17526,1.17534,1564010000
1765479600000,1.17536,1.17536,1.17468,1.17493,1639300000
1765480500000,1.17493,1.17536,1.17477,1.17531,777060000
1765481400000,1.17531,1.17532,1.17466,1.1747,685610000
1765482300000,1.17468,1.17479,1.17405,1.17409,884380000
1765483200000,1.17409,1.17409,1.17365,1.17382,974470000
1765484100000,1.17385,1.17436,1.1738,1.17436,482140000
1765485000000,1.17437,1.17457,1.17417,1.17434,541900000
1765485900000,1.17435,1.17448,1.17406,1.17408,374150000
1765486800000,1.17407,1.17431,1.17396,1.17429,522710000
1765487700000,1.1743,1.17431,1.17398,1.17416,380860000
1765488600000,1.17415,1.17416,1.17396,1.17405,191850000
1765489500000,1.17401,1.17401,1.17366,1.17376,685380000
1765490400000,1.17377,1.1739,1.1736,1.17377,496650000
1765491300000,1.17377,1.17395,1.17376,1.17388,190800000
1765492200000,1.17387,1.17397,1.17383,1.17391,622350000
1765493100000,1.17389,1.17395,1.17381,1.17386,491850000
1765494000000,1.17386,1.17416,1.17382,1.17399,399790000
1765494900000,1.17398,1.17401,1.17392,1.17397,206280000
1765495800000,1.17395,1.17395,1.17371,1.17383,179780000
1765496700000,1.17382,1.17409,1.17382,1.17407,145580000
1765497600000,1.17407,1.1744,1.17406,1.17434,446520000
1765498500000,1.17436,1.17444,1.17423,1.1743,711110000
1765499400000,1.17429,1.17441,1.17411,1.17428,918590000
1765500300000,1.17428,1.17443,1.17389,1.17403,1344590000
1765501200000,1.17405,1.17413,1.17376,1.17405,1195160000
1765502100000,1.17406,1.17461,1.17406,1.17455,1187650000
1765503000000,1.17455,1.17456,1.17366,1.17366,859280000
1765503900000,1.17366,1.17377,1.17324,1.17348,931280000
1765504800000,1.17348,1.17365,1.17311,1.17362,1001680000
1765505700000,1.17362,1.17364,1.17331,1.17334,460980000
1765506600000,1.17333,1.17376,1.1733,1.17366,450560000
1765507500000,1.17365,1.17365,1.17347,1.1736,298690000
1765508400000,1.1736,1.1736,1.1733,1.17344,272250000
1765509300000,1.17348,1.17374,1.17341,1.1736,490190000
1765510200000,1.1736,1.17368,1.17349,1.1735,407260000
1765511100000,1.1735,1.17369,1.1734,1.17342,661030000
1765512000000,1.17342,1.17344,1.17317,1.17317,495270000
1765512900000,1.17317,1.17348,1.1731,1.17346,668930000
1765513800000,1.17345,1.17355,1.17333,1.17342,772120000
1765514700000,1.17343,1.17353,1.17315,1.17317,522800000
1765515600000,1.17317,1.17342,1.17315,1.17342,427580000
1765516500000,1.17342,1.17356,1.17335,1.1734,173700000
1765517400000,1.17341,1.17372,1.1734,1.17366,309660000
1765518300000,1.17365,1.17393,1.17358,1.17386,229310000
1765519200000,1.17386,1.17419,1.17373,1.17408,319970000
1765520100000,1.17405,1.17405,1.17371,1.17382,557630000
1765521000000,1.17382,1.17388,1.17337,1.1736,531660000
1765521900000,1.1736,1.17392,1.1735,1.17387,720410000
1765522800000,1.17388,1.17404,1.17356,1.17387,1513120000
1765523700000,1.17388,1.17396,1.17356,1.17391,1211790000
1765524600000,1.17391,1.17432,1.17382,1.17395,908470000
1765525500000,1.17394,1.17412,1.17365,1.17377,1666200000
1765526400000,1.17377,1.1742,1.17354,1.17368,1870420000
1765527300000,1.17366,1.17421,1.17358,1.17391,1292500000
1765528200000,1.17391,1.17401,1.17355,1.17368,1103150000
1765529100000,1.17368,1.17372,1.1728,1.1728,1773160000
1765530000000,1.17279,1.17321,1.17267,1.17321,1077540000
1765530900000,1.17321,1.17321,1.17292,1.17301,750610000
1765531800000,1.17299,1.17322,1.17279,1.17306,845780000
1765532700000,1.17305,1.17346,1.17299,1.17328,1124440000
1765533600000,1.17326,1.17326,1.173,1.17308,1137000000
1765534500000,1.17308,1.1733,1.17255,1.17257,1098430000
1765535400000,1.17256,1.17277,1.17251,1.17252,498230000
1765536300000,1.17252,1.17275,1.17245,1.17272,888100000
1765537200000,1.17271,1.17288,1.17262,1.17262,655870000
1765538100000,1.17262,1.1729,1.17225,1.17232,627350000
1765539000000,1.17231,1.17244,1.17221,1.17241,509970000
1765539900000,1.17243,1.17286,1.17242,1.17268,603640000
1765540800000,1.17266,1.17278,1.17221,1.1723,964060000
1765541700000,1.17229,1.17257,1.17219,1.1723,818340000
1765542600000,1.17235,1.17241,1.172,1.17204,528660000
1765543500000,1.17202,1.17253,1.17195,1.1725,889670000
1765544400000,1.1725,1.17328,1.17238,1.17297,1290490000
1765545300000,1.17298,1.17324,1.17264,1.17311,950950000
1765546200000,1.17309,1.1735,1.17306,1.17328,1157750000
1765547100000,1.17329,1.17334,1.17261,1.17273,1085710000
1765548000000,1.17271,1.17293,1.17231,1.17261,1345840000
1765548900000,1.1726,1.17322,1.1726,1.17322,1556390000
1765549800000,1.17321,1.17393,1.17316,1.17375,2512620000
1765550700000,1.17377,1.17434,1.17365,1.17421,1831120000
1765551600000,1.1742,1.17449,1.17374,1.17377,1379340000
1765552500000,1.17376,1.17379,1.17296,1.17356,1734250000
1765553400000,1.17357,1.17399,1.17341,1.17358,1736520000
1765554300000,1.17359,1.17392,1.17332,1.17381,1977430000
1765555200000,1.1738,1.17432,1.17369,1.17376,2384420000
1765556100000,1.17376,1.17413,1.17354,1.17364,1336650000
1765557000000,1.17366,1.17367,1.17261,1.1728,2062500000
1765557900000,1.17279,1.17331,1.17275,1.17309,2048480000
1765558800000,1.17308,1.17333,1.17302,1.17328,1687610000
1765559700000,1.17328,1.17429,1.1732,1.17429,1478330000
1765560600000,1.17427,1.17479,1.17411,1.17479,1320080000
1765561500000,1.17477,1.17479,1.17446,1.17477,1392910000
1765562400000,1.17475,1.17486,1.17444,1.17463,1428250000
1765563300000,1.17466,1.17491,1.17457,1.1748,1008610000
1765564200000,1.17481,1.17497,1.17464,1.17465,1185570000
1765565100000,1.17465,1.1747,1.17404,1.17413,1273540000
1765566000000,1.17413,1.17413,1.17376,1.17392,1529180000
1765566900000,1.17389,1.17409,1.17375,1.17382,1127120000
1765567800000,1.17381,1.1741,1.17376,1.17381,1539480000
1765568700000,1.17381,1.1741,1.17353,1.17404,1376990000
1765569600000,1.17402,1.17465,1.174,1.1745,774290000
1765570500000,1.17451,1.17451,1.17411,1.17422,513890000
1765571400000,1.1742,1.17441,1.17413,1.17427,441350000
1765572300000,1.17427,1.17434,1.17368,1.1739,2143890000
1765573200000,1.17391,1.1745,1.17381,1.1743,792890000
1765574100000,1.17431,1.17436,1.17394,1.17394,410280000
1765575000000,1.17395,1.1743,1.17388,1.17413,541770000
1765575900000,1.17413,1.17422,1.17382,1.17396,858930000
1765749600000,1.17358,1.17372,1.17277,1.17363,133680000
1765750500000,1.17364,1.17365,1.17334,1.17354,101530000
1765751400000,1.17354,1.17377,1.17345,1.17356,1023880000
1765752300000,1.17356,1.17378,1.17354,1.17361,705600000
1765753200000,1.17367,1.17398,1.17353,1.1739,793070000
1765754100000,1.17394,1.17406,1.17382,1.17388,642200000
1765755000000,1.17389,1.17401,1.17375,1.17394,333270000
1765755900000,1.17394,1.17402,1.17365,1.17369,335530000
1765756800000,1.1737,1.17371,1.17319,1.17321,876960000
1765757700000,1.17321,1.17322,1.17285,1.17289,829760000
1765758600000,1.17286,1.17315,1.17283,1.17304,450910000
1765759500000,1.17304,1.17343,1.173,1.17332,1004640000
1765760400000,1.1733,1.17341,1.17296,1.17311,639720000
1765761300000,1.17311,1.17332,1.17294,1.17331,839090000
1765762200000,1.17335,1.17396,1.17321,1.17391,946150000
1765763100000,1.1739,1.17423,1.17377,1.17412,632760000
1765764000000,1.17412,1.17429,1.17369,1.17392,1015700000
1765764900000,1.17392,1.17412,1.17375,1.17408,581500000
1765765800000,1.17407,1.17424,1.17389,1.17417,791630000
1765766700000,1.17419,1.17447,1.17401,1.17413,818930000
1765767600000,1.17415,1.17446,1.17392,1.17397,744920000
1765768500000,1.17396,1.17411,1.17377,1.17377,486570000
1765769400000,1.17379,1.17392,1.17355,1.17367,789380000
1765770300000,1.17366,1.17366,1.17317,1.17341,716860000
1765771200000,1.1734,1.17349,1.17326,1.17332,536710000
1765772100000,1.17332,1.17351,1.17318,1.17349,634450000
1765773000000,1.17351,1.17356,1.17335,1.17349,635950000
1765773900000,1.17351,1.17352,1.1732,1.17321,430470000
1765774800000,1.17321,1.17341,1.1732,1.1734,277790000
1765775700000,1.1734,1.17345,1.17326,1.1733,232730000
1765776600000,1.17331,1.17351,1.17324,1.17335,1059860000
1765777500000,1.17333,1.17356,1.17329,1.17343,661160000
1765778400000,1.17342,1.17345,1.173,1.1733,620130000
1765779300000,1.17329,1.17354,1.17287,1.17349,1129540000
1765780200000,1.17351,1.17354,1.17307,1.17332,776000000
1765781100000,1.17331,1.17363,1.1732,1.17351,525830000
1765782000000,1.17351,1.1738,1.17309,1.17321,1055540000
1765782900000,1.17321,1.17368,1.17312,1.17341,714190000
1765783800000,1.17341,1.17363,1.17315,1.17321,925320000
1765784700000,1.1732,1.17337,1.17277,1.17282,1371620000
1765785600000,1.17283,1.17311,1.17264,1.17299,1628630000
1765786500000,1.17299,1.17345,1.1729,1.17329,1115940000
1765787400000,1.17328,1.17387,1.17324,1.17359,1059500000
1765788300000,1.17358,1.17365,1.1731,1.1731,1196960000
1765789200000,1.1731,1.17428,1.17304,1.17418,1097790000
1765790100000,1.17418,1.17428,1.17387,1.17421,1288320000
1765791000000,1.17423,1.1743,1.17391,1.17415,1167980000
1765791900000,1.17415,1.17434,1.17399,1.17431,1018800000
1765792800000,1.1743,1.1744,1.17416,1.17416,712360000
1765793700000,1.17414,1.17466,1.17411,1.17432,860260000
1765794600000,1.17431,1.17433,1.1739,1.17423,659570000
1765795500000,1.17423,1.17434,1.17404,1.17426,504770000
1765796400000,1.17426,1.17456,1.17411,1.17454,369040000
1765797300000,1.17455,1.17486,1.17453,1.17471,607240000
1765798200000,1.17472,1.17488,1.17464,1.17484,466610000
1765799100000,1.17484,1.175,1.17453,1.17486,645840000
1765800000000,1.17486,1.17525,1.17483,1.17507,834130000
1765800900000,1.17509,1.17547,1.17509,1.17544,653900000
1765801800000,1.17544,1.17553,1.17526,1.17539,445200000
1765802700000,1.17538,1.17591,1.17523,1.17527,1279310000
1765803600000,1.17529,1.17565,1.17517,1.17559,1422460000
1765804500000,1.17559,1.17559,1.17522,1.17546,1276700000
1765805400000,1.17548,1.17597,1.17544,1.1756,1873060000
1765806300000,1.17561,1.17582,1.1747,1.17475,2202610000
1765807200000,1.17473,1.17478,1.17439,1.17465,2087290000
1765808100000,1.17464,1.17508,1.17449,1.17505,2063160000
1765809000000,1.17505,1.17587,1.17504,1.17576,3316140000
1765809900000,1.17575,1.1764,1.17565,1.17635,2935130000
1765810800000,1.17636,1.17688,1.17618,1.17637,2601240000
1765811700000,1.17638,1.17687,1.17561,1.17585,3903570000
1765812600000,1.17582,1.17634,1.17546,1.17612,3349200000
1765813500000,1.17613,1.17653,1.17585,1.17628,2383370000
1765814400000,1.17629,1.17629,1.17587,1.17607,1226600000
1765815300000,1.17606,1.17647,1.17592,1.17594,1371110000
1765816200000,1.17594,1.17596,1.17521,1.17537,1711030000
1765817100000,1.17539,1.17585,1.17532,1.17554,1919900000
1765818000000,1.17552,1.17557,1.1752,1.17531,1225290000
1765818900000,1.17532,1.17533,1.17486,1.17496,785400000
1765819800000,1.17496,1.17515,1.17455,1.17461,1208130000
1765820700000,1.17463,1.17477,1.17448,1.17456,1184900000
1765821600000,1.17456,1.17481,1.1744,1.17449,1151440000
1765822500000,1.1745,1.17451,1.17401,1.17407,648170000
1765823400000,1.17407,1.17426,1.17398,1.17422,629640000
1765824300000,1.1742,1.17444,1.17392,1.17432,674460000
1765825200000,1.17431,1.17437,1.17392,1.17395,655850000
1765826100000,1.17394,1.174,1.17382,1.17388,515950000
1765827000000,1.17389,1.17452,1.17388,1.17451,345800000
1765827900000,1.17452,1.17499,1.17443,1.17487,1157290000
1765828800000,1.17488,1.17499,1.17474,1.17489,546360000
1765829700000,1.17488,1.17503,1.17485,1.1749,530850000
1765830600000,1.17492,1.17517,1.17479,1.17514,526210000
1765831500000,1.17517,1.17518,1.17491,1.17509,311760000
1765832400000,1.17507,1.17517,1.17487,1.17512,514560000
1765833300000,1.17513,1.17522,1.17494,1.17505,391790000
1765834200000,1.17505,1.17524,1.175,1.17505,315030000
1765835100000,1.17504,1.17537,1.17494,1.17521,604220000
1765836000000,1.17518,1.17518,1.17488,1.17504,929970000
1765836900000,1.17503,1.17514,1.17493,1.17503,247370000
1765837800000,1.17502,1.17519,1.17499,1.17514,613350000
1765838700000,1.17514,1.17529,1.17506,1.17507,225520000
1765839600000,1.17508,1.17557,1.17506,1.17542,242500000
1765840500000,1.1754,1.17542,1.17527,1.17537,179470000
1765841400000,1.1754,1.17546,1.17523,1.17537,115070000
1765842300000,1.17537,1.17545,1.17533,1.17533,82860000
1765843200000,1.17535,1.17579,1.17535,1.17571,392020000
1765844100000,1.17572,1.17574,1.17544,1.17544,310440000
1765845000000,1.17546,1.17547,1.17522,1.17531,220750000
1765845900000,1.17531,1.17531,1.17481,1.17498,537640000
1765846800000,1.17497,1.17523,1.17485,1.17486,929240000
1765847700000,1.17487,1.17498,1.17475,1.17477,564360000
1765848600000,1.17475,1.17552,1.17475,1.17527,503770000
1765849500000,1.17527,1.17532,1.17467,1.17518,838620000
1765850400000,1.17519,1.1754,1.175,1.17538,669460000
1765851300000,1.1754,1.17552,1.1752,1.17548,547950000
1765852200000,1.17548,1.17561,1.17538,1.1756,218430000
1765853100000,1.17562,1.17564,1.17543,1.17557,242310000
1765854000000,1.17554,1.1759,1.17536,1.17541,434450000
1765854900000,1.17541,1.17552,1.17521,1.17522,556640000
1765855800000,1.17523,1.17523,1.17499,1.17502,590220000
1765856700000,1.175,1.17524,1.17498,1.17517,265540000
1765857600000,1.17519,1.17529,1.17498,1.17501,493970000
1765858500000,1.175,1.17537,1.17499,1.17531,312120000
1765859400000,1.17529,1.17535,1.17518,1.17526,338830000
1765860300000,1.17527,1.17531,1.17507,1.1751,310800000
1765861200000,1.17509,1.17533,1.17502,1.17511,238210000
1765862100000,1.17511,1.17527,1.17508,1.17524,222400000
1765863000000,1.17523,1.17533,1.17491,1.17523,317540000
1765863900000,1.17522,1.17541,1.17497,1.17504,437440000
1765864800000,1.17504,1.17515,1.17485,1.17496,336230000
1765865700000,1.17495,1.17495,1.17463,1.17476,443620000
1765866600000,1.17474,1.17511,1.17473,1.17508,465990000
1765867500000,1.17509,1.17536,1.17503,1.17525,545560000
1765868400000,1.17524,1.1754,1.17442,1.17472,1222800000
1765869300000,1.17472,1.17496,1.17461,1.17489,698080000
1765870200000,1.1749,1.17532,1.17474,1.17519,731820000
1765871100000,1.17517,1.17523,1.17487,1.17521,1062100000
1765872000000,1.17523,1.1759,1.17523,1.17574,2169700000
1765872900000,1.1758,1.17639,1.17546,1.17574,1711790000
1765873800000,1.1757,1.17571,1.17464,1.1749,2112180000
1765874700000,1.17492,1.17562,1.17486,1.17539,1419250000
1765875600000,1.17539,1.1756,1.17501,1.1756,1218930000
1765876500000,1.1756,1.17562,1.175,1.17513,1601140000
1765877400000,1.17513,1.17615,1.175,1.1758,1793270000
1765878300000,1.1758,1.1762,1.17548,1.17557,1203960000
1765879200000,1.17564,1.17617,1.17562,1.17592,831400000
1765880100000,1.17591,1.17594,1.17557,1.17579,1056450000
1765881000000,1.17581,1.17592,1.17537,1.1759,2056430000
1765881900000,1.17591,1.17603,1.17542,1.17572,1474960000
1765882800000,1.17572,1.17572,1.1754,1.17549,1003700000
1765883700000,1.17548,1.17554,1.17515,1.17548,1053470000
1765884600000,1.17549,1.17597,1.17549,1.17588,1009970000
1765885500000,1.17586,1.1763,1.17578,1.1763,1413160000
1765886400000,1.1763,1.17648,1.17605,1.1763,816650000
1765887300000,1.17629,1.17697,1.17628,1.17668,683440000
1765888200000,1.17669,1.17681,1.17642,1.17675,799670000
1765889100000,1.17673,1.17783,1.17662,1.17778,1403980000
1765890000000,1.17777,1.17784,1.17734,1.17738,2794040000
1765890900000,1.17737,1.17779,1.17691,1.17694,2442220000
1765891800000,1.17693,1.17946,1.17617,1.17635,6981490000
1765892700000,1.17636,1.17765,1.17568,1.17755,4299220000
1765893600000,1.17756,1.1779,1.17719,1.17746,3727620000
1765894500000,1.17746,1.1784,1.17689,1.1783,3379330000
1765895400000,1.1783,1.17869,1.17817,1.17836,2083470000
1765896300000,1.17842,1.17999,1.17835,1.17997,3099960000
1765897200000,1.17996,1.1804,1.17857,1.17874,3342980000
1765898100000,1.17874,1.17881,1.17768,1.17819,3706590000
1765899000000,1.17817,1.17838,1.17756,1.17761,2934820000
1765899900000,1.17764,1.17792,1.17672,1.177,3024970000
1765900800000,1.17702,1.17721,1.17611,1.17691,2854920000
1765901700000,1.17689,1.17757,1.17666,1.17728,1647810000
1765902600000,1.17726,1.17731,1.17642,1.17672,1321960000
1765903500000,1.17671,1.17693,1.17649,1.1769,1184650000
1765904400000,1.1769,1.17768,1.17683,1.17755,1283690000
1765905300000,1.17756,1.17761,1.17722,1.17734,967710000
1765906200000,1.17734,1.17778,1.17717,1.17747,921610000
1765907100000,1.17747,1.17764,1.17622,1.17638,1248100000
1765908000000,1.17638,1.17638,1.1753,1.17554,1393630000
1765908900000,1.17553,1.17554,1.17458,1.17459,1069240000
1765909800000,1.1746,1.17532,1.17451,1.17525,951380000
1765910700000,1.17524,1.17553,1.17521,1.17529,743250000
1765911600000,1.17528,1.17528,1.17462,1.17479,817580000
1765912500000,1.17479,1.17511,1.1735,1.17453,1776420000
1765913400000,1.17453,1.17591,1.17453,1.17586,1995300000
1765914300000,1.17585,1.17622,1.17564,1.17576,1385650000
1765915200000,1.17574,1.17629,1.17573,1.17592,1057820000
1765916100000,1.1759,1.17594,1.17539,1.17564,701850000
1765917000000,1.17565,1.17596,1.17553,1.17572,746030000
1765917900000,1.17572,1.17591,1.17463,1.17476,1124020000
1765918800000,1.17475,1.17512,1.17455,1.17483,651580000
1765919700000,1.17482,1.17485,1.17463,1.17469,250350000
1765920600000,1.1747,1.17495,1.17469,1.17484,166670000
1765921500000,1.17483,1.17505,1.17458,1.17463,467380000
1765922400000,1.1746,1.17469,1.1745,1.17465,154720000
1765923300000,1.17463,1.17491,1.17461,1.17471,399240000
1765924200000,1.17472,1.17481,1.17468,1.17474,575550000
1765925100000,1.17473,1.17481,1.17467,1.17478,382050000
1765926000000,1.17479,1.17503,1.17479,1.17493,287330000
1765926900000,1.17493,1.175,1.17487,1.17489,356480000
1765927800000,1.1749,1.17513,1.17488,1.17509,310290000
1765928700000,1.17507,1.17507,1.17488,1.17492,252170000
1765929600000,1.1749,1.17493,1.17456,1.17459,486550000
1765930500000,1.17459,1.17471,1.17452,1.17468,381980000
1765931400000,1.17471,1.17484,1.17459,1.17484,603590000
1765932300000,1.17484,1.17515,1.17479,1.175,933350000
1765933200000,1.17502,1.1752,1.17481,1.17497,1001870000
1765934100000,1.17499,1.17523,1.17496,1.17501,586760000
1765935000000,1.17502,1.17502,1.17454,1.17468,662450000
1765935900000,1.1747,1.17475,1.1745,1.17472,885620000
1765936800000,1.1747,1.17479,1.17395,1.17402,1520460000
1765937700000,1.17404,1.17412,1.17371,1.174,1253510000
1765938600000,1.17399,1.17407,1.17378,1.17398,818050000
1765939500000,1.17398,1.17399,1.17374,1.17397,1145280000
1765940400000,1.17398,1.17405,1.17369,1.17378,743870000
1765941300000,1.17377,1.17387,1.17371,1.17378,332930000
1765942200000,1.17375,1.17393,1.17373,1.17391,249770000
1765943100000,1.17389,1.174,1.17378,1.17389,582530000
1765944000000,1.1739,1.17397,1.1734,1.17346,831630000
1765944900000,1.17345,1.1735,1.17298,1.173,968520000
1765945800000,1.17301,1.17317,1.17275,1.17292,1373980000
1765946700000,1.17291,1.17318,1.17284,1.17296,1066930000
1765947600000,1.17295,1.17303,1.17279,1.17297,437580000
1765948500000,1.17298,1.17306,1.17274,1.17283,472510000
1765949400000,1.17283,1.17284,1.17248,1.17275,849740000
1765950300000,1.17277,1.17292,1.17247,1.17291,1138400000
1765951200000,1.17292,1.17304,1.17236,1.17237,864220000
1765952100000,1.17236,1.17244,1.17213,1.17219,701350000
1765953000000,1.17219,1.17246,1.17204,1.17209,734050000
1765953900000,1.17208,1.17228,1.17062,1.17098,2532370000
1765954800000,1.17098,1.17112,1.17049,1.17107,2264840000
1765955700000,1.17108,1.17116,1.1703,1.17102,1706800000
1765956600000,1.171,1.17124,1.17041,1.17055,1432790000
1765957500000,1.17055,1.17133,1.17048,1.17128,1593680000
1765958400000,1.17128,1.17152,1.17059,1.17085,1536340000
1765959300000,1.17086,1.17177,1.17076,1.17164,1470060000
1765960200000,1.17164,1.17209,1.17149,1.17154,1612620000
1765961100000,1.17157,1.172,1.17135,1.17183,1258830000
1765962000000,1.17181,1.17206,1.17123,1.17132,1731980000
1765962900000,1.17134,1.17174,1.17114,1.17157,1456800000
1765963800000,1.17157,1.17177,1.17145,1.17155,1428540000
1765964700000,1.17155,1.17202,1.1713,1.17158,1482330000
1765965600000,1.17156,1.17204,1.17133,1.17166,1285610000
1765966500000,1.17165,1.17171,1.17126,1.1715,1434300000
1765967400000,1.17149,1.17184,1.1714,1.17172,1188600000
1765968300000,1.17172,1.17251,1.17171,1.17251,1490940000
1765969200000,1.17252,1.17273,1.17196,1.17208,1205810000
1765970100000,1.17206,1.1722,1.17144,1.17153,863220000
1765971000000,1.17153,1.17163,1.17077,1.17093,928160000
1765971900000,1.17094,1.17118,1.17078,1.1709,977390000
1765972800000,1.1709,1.1716,1.17083,1.17158,1590900000
1765973700000,1.17157,1.17182,1.17148,1.1715,1500290000
1765974600000,1.1715,1.17177,1.17129,1.17158,743780000
1765975500000,1.17156,1.17275,1.17148,1.17267,1236210000
1765976400000,1.17266,1.17282,1.17197,1.17209,2399110000
1765977300000,1.17211,1.17327,1.17207,1.17241,2966500000
1765978200000,1.17241,1.17274,1.17211,1.17242,2270660000
1765979100000,1.17241,1.17333,1.1724,1.17316,2375630000
1765980000000,1.17317,1.17377,1.17312,1.17334,2554140000
1765980900000,1.17336,1.17346,1.17284,1.17286,2215240000
1765981800000,1.17286,1.17396,1.17279,1.17386,2592080000
1765982700000,1.17385,1.17442,1.17383,1.1741,1921470000
1765983600000,1.1741,1.17507,1.17401,1.17494,1763980000
1765984500000,1.17492,1.17514,1.17443,1.17474,1483990000
1765985400000,1.17473,1.1758,1.17473,1.17539,1989960000
1765986300000,1.17537,1.17552,1.17484,1.17527,3974510000
1765987200000,1.17526,1.17561,1.17499,1.17503,2168630000
1765988100000,1.17504,1.1756,1.17484,1.17505,1499950000
1765989000000,1.17503,1.1754,1.17479,1.17479,2073750000
1765989900000,1.17479,1.17497,1.17453,1.1747,1564470000
1765990800000,1.17472,1.17546,1.17464,1.17503,1094070000
1765991700000,1.17501,1.17523,1.17481,1.17481,1005600000
1765992600000,1.17481,1.175,1.17464,1.17483,1213560000
1765993500000,1.17483,1.17517,1.17454,1.17492,1200810000
1765994400000,1.17495,1.17555,1.17495,1.175,1344030000
1765995300000,1.17498,1.17502,1.17464,1.17465,1204990000
1765996200000,1.17465,1.1747,1.17433,1.17434,924920000
1765997100000,1.17435,1.17456,1.17424,1.17439,1016950000
1765998000000,1.1744,1.17471,1.17433,1.17442,901920000
1765998900000,1.17442,1.17471,1.17442,1.17455,465980000
1765999800000,1.17455,1.1746,1.17417,1.17418,519850000
1766000700000,1.17418,1.17453,1.17413,1.17449,538590000
1766001600000,1.17449,1.17457,1.17423,1.1743,585110000
1766002500000,1.17429,1.17437,1.17407,1.17414,340310000
1766003400000,1.17413,1.17434,1.17412,1.17431,272610000
1766004300000,1.17432,1.17461,1.17383,1.17394,498650000
1766005200000,1.17395,1.17412,1.17384,1.17389,518110000
1766006100000,1.1739,1.17409,1.1739,1.17393,197830000
1766007000000,1.17394,1.17412,1.1739,1.17392,175790000
1766007900000,1.17393,1.17414,1.17393,1.17401,620400000
1766008800000,1.174,1.17412,1.17385,1.17404,109150000
1766009700000,1.17402,1.17437,1.17401,1.17425,187320000
1766010600000,1.17423,1.17429,1.17407,1.17418,165250000
1766011500000,1.17418,1.1742,1.17385,1.17387,512680000
1766012400000,1.17388,1.17427,1.17388,1.17414,222280000
1766013300000,1.17413,1.17415,1.17406,1.1741,120380000
1766014200000,1.17412,1.17433,1.17411,1.17428,118100000
1766015100000,1.17429,1.17432,1.17414,1.17414,112480000
1766016000000,1.17415,1.17422,1.17408,1.17416,286830000
1766016900000,1.1742,1.17432,1.17407,1.17432,187820000
1766017800000,1.17432,1.17456,1.17411,1.17411,231050000
1766018700000,1.17412,1.17444,1.17402,1.17439,432270000
1766019600000,1.17438,1.17454,1.17417,1.17427,408940000
1766020500000,1.17427,1.17437,1.17384,1.17413,440770000
1766021400000,1.17412,1.17431,1.17364,1.17371,539330000
1766022300000,1.17371,1.1739,1.1735,1.17382,633990000
1766023200000,1.17383,1.17411,1.1738,1.17383,742950000
1766024100000,1.17386,1.1742,1.17367,1.17415,659680000
1766025000000,1.17417,1.17424,1.17372,1.17373,651720000
1766025900000,1.17374,1.17413,1.1737,1.17407,471400000
1766026800000,1.17408,1.17419,1.17392,1.17404,218690000
1766027700000,1.17406,1.17406,1.17385,1.17396,314720000
1766028600000,1.17394,1.17403,1.17374,1.17385,465540000
1766029500000,1.17384,1.17397,1.17374,1.17392,525080000
1766030400000,1.17391,1.17403,1.17382,1.174,377410000
1766031300000,1.17402,1.17402,1.17389,1.17401,394200000
1766032200000,1.17401,1.17411,1.17385,1.174,535370000
1766033100000,1.174,1.17427,1.17395,1.17427,431260000
1766034000000,1.17426,1.17443,1.17418,1.17439,648970000
1766034900000,1.1744,1.17442,1.17409,1.17429,557990000
1766035800000,1.1743,1.1744,1.17423,1.17425,440610000
1766036700000,1.17425,1.17467,1.17424,1.17457,695700000
1766037600000,1.17457,1.17472,1.17425,1.17436,967530000
1766038500000,1.17436,1.1744,1.17386,1.17429,659090000
1766039400000,1.17427,1.17451,1.17415,1.17442,433040000
1766040300000,1.17444,1.17465,1.17442,1.17442,544870000
1766041200000,1.1744,1.17496,1.17428,1.17441,1029880000
1766042100000,1.17443,1.17474,1.17414,1.17441,882240000
1766043000000,1.17443,1.17443,1.17395,1.17433,767710000
1766043900000,1.17435,1.1745,1.17333,1.17337,1513910000
1766044800000,1.17336,1.17369,1.17299,1.17351,1127920000
1766045700000,1.1735,1.17369,1.17327,1.17328,1220530000
1766046600000,1.17328,1.17337,1.1728,1.17321,1220550000
1766047500000,1.17322,1.17322,1.17279,1.17321,1495400000
1766048400000,1.1732,1.17326,1.17255,1.17266,1672200000
1766049300000,1.17265,1.17274,1.17171,1.17192,1768670000
1766050200000,1.17194,1.17217,1.17185,1.17217,1009030000
1766051100000,1.17216,1.17261,1.17205,1.17219,1147700000
1766052000000,1.17218,1.17241,1.17177,1.1719,1129350000
1766052900000,1.1719,1.1723,1.17176,1.17217,752170000
1766053800000,1.17215,1.17253,1.17199,1.17253,593880000
1766054700000,1.17252,1.17267,1.17223,1.17246,701340000
1766055600000,1.17248,1.17262,1.17214,1.17215,810490000
1766056500000,1.17213,1.17258,1.1721,1.17254,752010000
1766057400000,1.17254,1.17273,1.1721,1.17222,1055190000
1766058300000,1.1722,1.17242,1.17202,1.17206,856660000
1766059200000,1.17204,1.17232,1.17179,1.17179,2134630000
1766060100000,1.17182,1.17189,1.17123,1.17176,1101720000
1766061000000,1.17175,1.17191,1.17135,1.17137,1352410000
1766061900000,1.17137,1.17152,1.17128,1.17138,1574270000
1766062800000,1.17138,1.17239,1.1713,1.17233,1455320000
1766063700000,1.17233,1.17396,1.17228,1.17284,2974710000
1766064600000,1.17282,1.17562,1.17279,1.17391,5701180000
1766065500000,1.17393,1.17627,1.17388,1.17468,4152550000
1766066400000,1.17467,1.17556,1.1741,1.17416,4299410000
1766067300000,1.17418,1.17461,1.17353,1.17388,2583720000
1766068200000,1.17388,1.17438,1.17334,1.17334,2586420000
1766069100000,1.17334,1.17399,1.17325,1.17346,1990300000
1766070000000,1.17347,1.17402,1.17307,1.17343,2266150000
1766070900000,1.17344,1.17346,1.17197,1.17231,2298920000
1766071800000,1.17232,1.1732,1.17159,1.17286,3030160000
1766072700000,1.17287,1.17318,1.17205,1.1727,2504490000
1766073600000,1.17269,1.1744,1.1726,1.17415,2572500000
1766074500000,1.17414,1.17459,1.17362,1.17379,2201790000
1766075400000,1.17378,1.17383,1.17293,1.17322,1744460000
1766076300000,1.17322,1.1733,1.17254,1.17279,1626930000
1766077200000,1.17282,1.17287,1.17197,1.17199,1871340000
1766078100000,1.17197,1.17216,1.1715,1.17196,1650610000
1766079000000,1.17194,1.17248,1.17175,1.17238,1062390000
1766079900000,1.17238,1.17245,1.17164,1.17188,1005030000
1766080800000,1.1719,1.17249,1.17153,1.17244,944260000
1766081700000,1.17244,1.17248,1.17175,1.17205,769710000
1766082600000,1.17205,1.17224,1.17201,1.17203,460870000
1766083500000,1.17204,1.1721,1.17184,1.17196,776360000
1766084400000,1.17196,1.17237,1.17177,1.17214,978820000
1766085300000,1.17212,1.17239,1.17207,1.17233,833300000
1766086200000,1.17234,1.17264,1.17228,1.17264,659630000
1766087100000,1.17263,1.17276,1.17232,1.1725,783780000
1766088000000,1.1725,1.17277,1.17241,1.17251,1086950000
1766088900000,1.1725,1.17262,1.17237,1.17255,665240000
1766089800000,1.17254,1.1727,1.17242,1.17258,564960000
1766090700000,1.17258,1.17258,1.17202,1.17219,710080000
1766091600000,1.17218,1.1725,1.17214,1.17244,619950000
1766092500000,1.17244,1.17246,1.17232,1.17237,377110000
1766093400000,1.17236,1.17236,1.17221,1.17226,297130000
1766094300000,1.17225,1.17251,1.1721,1.17217,829550000
1766095200000,1.17212,1.17227,1.17159,1.17217,1352700000
1766096100000,1.17219,1.1725,1.17213,1.17241,1747350000
1766097000000,1.17244,1.17251,1.17231,1.1724,673380000
1766097900000,1.17241,1.1725,1.17231,1.17231,531950000
1766098800000,1.17238,1.17276,1.17236,1.17245,197660000
1766099700000,1.17246,1.17257,1.17238,1.17251,113310000
1766100600000,1.17252,1.17263,1.17236,1.17241,141180000
1766101500000,1.17242,1.17258,1.17242,1.17246,123250000
1766102400000,1.17247,1.17258,1.17223,1.17226,232820000
1766103300000,1.17224,1.17232,1.17216,1.17226,146100000
1766104200000,1.17226,1.1724,1.17217,1.17229,517560000
1766105100000,1.17226,1.17266,1.17225,1.17263,412550000
1766106000000,1.17266,1.17283,1.17245,1.17273,321910000
1766106900000,1.17271,1.17285,1.17231,1.17238,434910000
1766107800000,1.17235,1.17237,1.17203,1.1722,501200000
1766108700000,1.17218,1.17252,1.17212,1.17243,485410000
1766109600000,1.17243,1.17285,1.17243,1.17276,337460000
1766110500000,1.17278,1.17284,1.17245,1.17257,311410000
1766111400000,1.17258,1.17261,1.17214,1.1723,331870000
1766112300000,1.17228,1.17239,1.1721,1.17226,549050000
1766113200000,1.17227,1.17247,1.17211,1.17239,385280000
1766114100000,1.17238,1.17257,1.17188,1.17226,1229620000
1766115000000,1.17225,1.17226,1.17183,1.17185,487380000
1766115900000,1.17184,1.17221,1.17182,1.1721,474620000
1766116800000,1.17209,1.17225,1.17186,1.17195,548460000
1766117700000,1.17194,1.17194,1.17157,1.17159,241080000
1766118600000,1.17156,1.17182,1.17156,1.1717,314260000
1766119500000,1.17169,1.17177,1.17154,1.17177,400510000
1766120400000,1.17178,1.17197,1.17178,1.17185,390880000
1766121300000,1.17185,1.17201,1.17185,1.17197,273040000
1766122200000,1.17199,1.17201,1.17178,1.17183,198350000
1766123100000,1.17185,1.17206,1.17179,1.17198,605400000
1766124000000,1.17196,1.17214,1.17184,1.17203,486480000
1766124900000,1.17202,1.17216,1.17191,1.17194,388650000
1766125800000,1.17196,1.17211,1.17123,1.17125,1137280000
1766126700000,1.17123,1.17201,1.17117,1.17196,1321280000
1766127600000,1.17196,1.17203,1.17127,1.17138,1418340000
1766128500000,1.17139,1.17161,1.17088,1.17125,1551540000
1766129400000,1.17124,1.17142,1.17082,1.17083,1307420000
1766130300000,1.17086,1.17098,1.17031,1.17075,2212570000
1766131200000,1.17077,1.17132,1.17062,1.17131,1489110000
1766132100000,1.17132,1.17162,1.17108,1.17115,1318980000
1766133000000,1.17114,1.17138,1.17085,1.17108,1103670000
1766133900000,1.1711,1.17148,1.17084,1.17124,1002290000
1766134800000,1.17123,1.17165,1.17114,1.17126,1066610000
1766135700000,1.17125,1.17177,1.17116,1.17158,1066230000
1766136600000,1.17156,1.17156,1.1709,1.17135,1285480000
1766137500000,1.17138,1.1716,1.17087,1.17121,1567330000
1766138400000,1.17121,1.17158,1.17108,1.17157,1471310000
1766139300000,1.17157,1.17177,1.17137,1.17146,894580000
1766140200000,1.17145,1.17148,1.17087,1.17116,1312770000
1766141100000,1.17116,1.17167,1.17108,1.17162,1220250000
1766142000000,1.17164,1.17176,1.17104,1.17104,1288490000
1766142900000,1.17102,1.17128,1.17074,1.17117,1348470000
1766143800000,1.17116,1.17131,1.17082,1.17113,1203100000
1766144700000,1.17113,1.17139,1.17105,1.17113,985930000
1766145600000,1.17111,1.17126,1.17091,1.17126,923510000
1766146500000,1.17125,1.17133,1.17076,1.17101,707890000
1766147400000,1.17101,1.1714,1.17095,1.17122,600990000
1766148300000,1.17124,1.17152,1.17093,1.17101,893910000
1766149200000,1.17101,1.17127,1.17069,1.17086,1527440000
1766150100000,1.17086,1.17131,1.17021,1.17125,2245210000
1766151000000,1.17126,1.17191,1.17118,1.17138,2663910000
1766151900000,1.17139,1.17193,1.17132,1.17191,1279200000
1766152800000,1.17192,1.17339,1.17188,1.17337,1719040000
1766153700000,1.17336,1.17377,1.17315,1.17326,1496430000
1766154600000,1.17325,1.17353,1.17297,1.17342,1648030000
1766155500000,1.17341,1.17344,1.17256,1.17264,2118200000
1766156400000,1.17263,1.17284,1.17223,1.17232,2233440000
1766157300000,1.17232,1.17239,1.17167,1.17173,2404270000
1766158200000,1.17171,1.17213,1.17141,1.17172,1316890000
1766159100000,1.17173,1.17223,1.17093,1.17094,2327350000
1766160000000,1.17096,1.17151,1.17082,1.17147,1928680000
1766160900000,1.17148,1.17187,1.17121,1.17159,1521130000
1766161800000,1.17158,1.17199,1.17145,1.17173,1196100000
1766162700000,1.17172,1.1721,1.17132,1.17208,1019300000
1766163600000,1.17208,1.17208,1.17133,1.17143,665490000
1766164500000,1.17146,1.17188,1.17144,1.17171,688520000
1766165400000,1.17172,1.17196,1.17165,1.1718,649590000
1766166300000,1.17182,1.17208,1.17175,1.17191,834900000
1766167200000,1.17191,1.17251,1.17179,1.17251,1171240000
1766168100000,1.17253,1.17271,1.17233,1.17249,790700000
1766169000000,1.17249,1.17254,1.17212,1.17214,1112270000
1766169900000,1.17215,1.17238,1.17194,1.172,671490000
1766170800000,1.17198,1.17208,1.17161,1.17207,590410000
1766171700000,1.17204,1.17217,1.17181,1.17207,604590000
1766172600000,1.17206,1.1721,1.17182,1.17198,502260000
1766173500000,1.17198,1.17251,1.17197,1.17235,481420000
1766174400000,1.17235,1.17255,1.17215,1.17221,388590000
1766175300000,1.17219,1.17221,1.17192,1.17195,296320000
1766176200000,1.17194,1.17194,1.17179,1.17182,313040000
1766177100000,1.1718,1.1719,1.17063,1.17097,1180820000
1766178000000,1.17095,1.17137,1.17087,1.17114,501880000
1766178900000,1.17114,1.17128,1.17109,1.1712,256230000
1766179800000,1.17122,1.17123,1.17077,1.17105,307260000
1766180700000,1.17104,1.17115,1.17059,1.17103,907860000
1766354400000,1.17149,1.17159,1.17139,1.17151,151220000
1766355300000,1.17152,1.17169,1.17114,1.17116,382520000
1766356200000,1.17116,1.17162,1.1711,1.17135,1222980000
1766357100000,1.17131,1.17166,1.171,1.17119,899910000
1766358000000,1.17121,1.17158,1.17119,1.1713,458040000
1766358900000,1.17132,1.17147,1.17126,1.17141,877340000
1766359800000,1.17141,1.17141,1.17111,1.17113,1000980000
1766360700000,1.17115,1.17115,1.17058,1.17103,535750000
1766361600000,1.17098,1.17159,1.17093,1.17138,1301740000
1766362500000,1.17137,1.17151,1.17105,1.17111,1010240000
1766363400000,1.17108,1.17139,1.17101,1.17124,793820000
1766364300000,1.17127,1.17159,1.17116,1.17156,684680000
1766365200000,1.17158,1.17193,1.17133,1.17167,841210000
1766366100000,1.17167,1.17177,1.17154,1.17166,307380000
1766367000000,1.17169,1.17191,1.17141,1.17185,564020000
1766367900000,1.17185,1.17188,1.1715,1.17172,552300000
1766368800000,1.17173,1.17192,1.17173,1.17185,264240000
1766369700000,1.17186,1.1719,1.1717,1.17175,498820000
1766370600000,1.17177,1.1719,1.17157,1.17168,493240000
1766371500000,1.17167,1.17168,1.17149,1.17162,616280000
1766372400000,1.17161,1.17172,1.17148,1.17157,326650000
1766373300000,1.17159,1.17172,1.17134,1.17139,494070000
1766374200000,1.1714,1.17166,1.17139,1.17163,652800000
1766375100000,1.17164,1.17181,1.17163,1.17174,682170000
1766376000000,1.17173,1.17187,1.1716,1.17179,575860000
1766376900000,1.17178,1.17185,1.17171,1.17185,313150000
1766377800000,1.17186,1.17198,1.17183,1.17197,231690000
1766378700000,1.17197,1.17216,1.17196,1.17199,373140000
1766379600000,1.17199,1.17218,1.17189,1.17216,549200000
1766380500000,1.17217,1.17221,1.17202,1.17204,230800000
1766381400000,1.17204,1.17209,1.17154,1.17168,539030000
1766382300000,1.17168,1.17179,1.17158,1.17171,554110000
1766383200000,1.17171,1.1718,1.17156,1.1717,769430000
1766384100000,1.17171,1.17191,1.17156,1.17168,464870000
1766385000000,1.17169,1.17173,1.17139,1.17155,322000000
1766385900000,1.17157,1.17159,1.17127,1.17158,509670000
1766386800000,1.17157,1.17186,1.17148,1.17163,1159680000
1766387700000,1.17161,1.17212,1.17147,1.17202,1010680000
1766388600000,1.17201,1.17244,1.17188,1.17234,996370000
1766389500000,1.17233,1.1731,1.17229,1.17289,972920000
1766390400000,1.17288,1.17316,1.17231,1.1724,1016190000
1766391300000,1.17241,1.17293,1.17234,1.17292,662390000
1766392200000,1.17295,1.17337,1.17265,1.17337,690010000
1766393100000,1.17337,1.17381,1.17336,1.17358,790790000
1766394000000,1.17358,1.17364,1.17318,1.1733,712220000
1766394900000,1.17329,1.17329,1.17275,1.17309,668100000
1766395800000,1.17311,1.17349,1.17294,1.17295,779190000
1766396700000,1.17297,1.17329,1.17273,1.17299,1406270000
1766397600000,1.17299,1.17359,1.1729,1.17339,1369000000
1766398500000,1.17338,1.17379,1.17337,1.17368,1165460000
1766399400000,1.17371,1.17375,1.17324,1.17325,931710000
1766400300000,1.17326,1.17359,1.17298,1.17329,1003770000
1766401200000,1.1733,1.17364,1.17321,1.1734,775770000
1766402100000,1.17342,1.17359,1.17328,1.17343,500830000
1766403000000,1.17342,1.17351,1.17287,1.17332,476710000
1766403900000,1.17334,1.17342,1.17298,1.17333,624620000
1766404800000,1.17332,1.17431,1.17332,1.17376,1171520000
1766405700000,1.17377,1.17387,1.17348,1.17357,800260000
1766406600000,1.17355,1.1741,1.17353,1.1739,883000000
1766407500000,1.17388,1.17431,1.17375,1.17418,758100000
1766408400000,1.17418,1.175,1.17418,1.17497,1614070000
1766409300000,1.17496,1.17499,1.17452,1.1747,1073380000
1766410200000,1.1747,1.17542,1.1746,1.17537,1816880000
1766411100000,1.17537,1.17542,1.17489,1.17504,1646580000
1766412000000,1.17505,1.17511,1.17449,1.17509,924270000
1766412900000,1.1751,1.17577,1.17482,1.17571,849240000
1766413800000,1.17572,1.17664,1.1757,1.17639,1824570000
1766414700000,1.17638,1.1764,1.17592,1.17599,2542400000
1766415600000,1.17599,1.17649,1.17594,1.17602,1759560000
1766416500000,1.17601,1.17639,1.17575,1.17614,934540000
1766417400000,1.17615,1.17668,1.17615,1.17649,1088050000
1766418300000,1.17649,1.17693,1.17599,1.17637,2152980000
1766419200000,1.17638,1.17639,1.17604,1.17621,1242660000
1766420100000,1.1762,1.17628,1.17554,1.17589,1488760000
1766421000000,1.17588,1.17593,1.17516,1.17522,1943880000
1766421900000,1.17525,1.17533,1.17481,1.17495,859260000
1766422800000,1.17494,1.17542,1.17489,1.17539,805790000
1766423700000,1.17538,1.17582,1.17513,1.17582,1072750000
1766424600000,1.17582,1.17643,1.17581,1.17626,1563390000
1766425500000,1.17627,1.17629,1.17581,1.17581,599160000
1766426400000,1.17581,1.17581,1.17515,1.17532,905200000
1766427300000,1.17535,1.17544,1.17505,1.17505,416620000
1766428200000,1.17504,1.17518,1.17492,1.1751,460980000
1766429100000,1.17513,1.17545,1.175,1.1753,483740000
1766430000000,1.1753,1.17539,1.17513,1.17523,330950000
1766430900000,1.17526,1.17526,1.17488,1.17517,402630000
1766431800000,1.1752,1.17547,1.1752,1.17526,422260000
1766432700000,1.17529,1.1756,1.17517,1.17553,413840000
1766433600000,1.17553,1.17554,1.1752,1.17549,544000000
1766434500000,1.17549,1.17569,1.17543,1.17569,343530000
1766435400000,1.1757,1.17587,1.17563,1.17583,391710000
1766436300000,1.17586,1.17586,1.17546,1.1755,446270000
1766437200000,1.17551,1.17586,1.17544,1.17578,516000000
1766438100000,1.17579,1.17606,1.17569,1.17591,225870000
1766439000000,1.17594,1.17611,1.17594,1.1761,119290000
1766439900000,1.17612,1.17621,1.17606,1.17612,364960000
1766440800000,1.1761,1.1761,1.17536,1.17593,677988000
1766441700000,1.17596,1.1761,1.17563,1.17591,1010380000
1766442600000,1.17591,1.17607,1.17587,1.17596,556200000
1766443500000,1.17596,1.17604,1.17589,1.17589,711900000
1766444400000,1.17589,1.17645,1.17588,1.1763,1096720000
1766445300000,1.17631,1.17648,1.17631,1.17637,341550000
1766446200000,1.1764,1.17641,1.17628,1.17636,160500000
1766447100000,1.17636,1.17654,1.17634,1.17634,85770000
1766448000000,1.17635,1.17674,1.17628,1.17672,350020000
1766448900000,1.17672,1.17678,1.17657,1.17678,163930000
1766449800000,1.17676,1.17687,1.1767,1.17685,213680000
1766450700000,1.17685,1.17703,1.17678,1.17689,370520000
1766451600000,1.17685,1.17703,1.17659,1.17703,449400000
1766452500000,1.17707,1.1771,1.17657,1.17665,370510000
1766453400000,1.17667,1.17748,1.1766,1.17726,495160000
1766454300000,1.17725,1.17759,1.1772,1.17727,506070000
1766455200000,1.1773,1.17772,1.17729,1.17765,961380000
1766456100000,1.17766,1.17769,1.17723,1.17743,646530000
1766457000000,1.17743,1.1777,1.17742,1.17762,318160000
1766457900000,1.17761,1.17803,1.17761,1.17775,617180000
1766458800000,1.17777,1.1779,1.17757,1.17763,520740000
1766459700000,1.17764,1.17764,1.17729,1.17748,855070000
1766460600000,1.17747,1.17772,1.17746,1.17762,309120000
1766461500000,1.17761,1.1777,1.1775,1.17763,293090000
1766462400000,1.17766,1.17787,1.17758,1.17787,416870000
1766463300000,1.17789,1.1779,1.17758,1.17758,300130000
1766464200000,1.17763,1.17786,1.17748,1.17757,323290000
1766465100000,1.17758,1.17776,1.17735,1.17751,636620000
1766466000000,1.1775,1.17787,1.17742,1.17769,470660000
1766466900000,1.1777,1.17797,1.17767,1.17784,485340000
1766467800000,1.17784,1.17784,1.17756,1.17763,592930000
1766468700000,1.17764,1.17764,1.17741,1.17748,974270000
1766469600000,1.1775,1.17763,1.17741,1.17743,436920000
1766470500000,1.17744,1.17747,1.17723,1.17731,220840000
1766471400000,1.1773,1.17734,1.17684,1.17721,540060000
1766472300000,1.17723,1.17738,1.17704,1.17711,358850000
1766473200000,1.17711,1.17742,1.17691,1.17724,746770000
1766474100000,1.17723,1.17764,1.17713,1.1772,654160000
1766475000000,1.17718,1.17787,1.17718,1.17737,741700000
1766475900000,1.17736,1.17813,1.17718,1.17786,1005830000
1766476800000,1.17783,1.17837,1.17751,1.17828,1285350000
1766477700000,1.17826,1.17827,1.17764,1.17811,1230700000
1766478600000,1.17811,1.17837,1.17803,1.17822,727000000
1766479500000,1.17823,1.17843,1.17797,1.17842,1086800000
1766480400000,1.17844,1.17902,1.17835,1.17889,1711480000
1766481300000,1.1789,1.17897,1.17817,1.17826,1544910000
1766482200000,1.17825,1.17894,1.17825,1.17872,1793970000
1766483100000,1.17873,1.17928,1.17851,1.17924,1842660000
1766484000000,1.17925,1.17962,1.17918,1.17947,1368340000
1766484900000,1.17945,1.17978,1.17916,1.17968,1359590000
1766485800000,1.17968,1.17981,1.17945,1.17971,953300000
1766486700000,1.17972,1.18003,1.17957,1.17988,1068430000
1766487600000,1.17987,1.17998,1.17949,1.17975,1607530000
1766488500000,1.17976,1.17987,1.17939,1.17984,903290000
1766489400000,1.17986,1.17993,1.17947,1.17975,1124110000
1766490300000,1.17975,1.17978,1.17922,1.17955,1009950000
1766491200000,1.17958,1.17997,1.17949,1.17988,946010000
1766492100000,1.17989,1.18008,1.17966,1.18003,725950000
1766493000000,1.18004,1.18021,1.17947,1.17947,896790000
1766493900000,1.17952,1.17964,1.17886,1.17895,1962410000
1766494800000,1.17895,1.1791,1.17853,1.17877,2315720000
1766495700000,1.1788,1.17939,1.17876,1.17897,1632250000
1766496600000,1.17897,1.17897,1.17797,1.17858,2788800000
1766497500000,1.17858,1.17858,1.17741,1.17747,3128410000
1766498400000,1.17748,1.17793,1.17728,1.17751,1919990000
1766499300000,1.17753,1.17754,1.17692,1.17732,2060030000
1766500200000,1.17732,1.17792,1.17699,1.17752,2558130000
1766501100000,1.17753,1.17777,1.17684,1.17694,1766260000
1766502000000,1.17693,1.17789,1.17672,1.1778,2272020000
1766502900000,1.1778,1.17789,1.17721,1.1773,2024370000
1766503800000,1.17728,1.17755,1.17648,1.17661,1814700000
1766504700000,1.17662,1.17749,1.17637,1.17742,3077520000
1766505600000,1.17742,1.17771,1.17737,1.1775,1838020000
1766506500000,1.1775,1.17784,1.17737,1.1776,1156520000
1766507400000,1.17762,1.17781,1.17732,1.1776,906650000
1766508300000,1.17759,1.17803,1.17754,1.17756,940960000
1766509200000,1.17753,1.17787,1.17731,1.17732,1547740000
1766510100000,1.17733,1.17754,1.17704,1.17719,1399160000
1766511000000,1.17721,1.17744,1.17689,1.17728,978280000
1766511900000,1.17729,1.17736,1.17693,1.17706,1415550000
1766512800000,1.17708,1.17731,1.17694,1.17725,1381930000
1766513700000,1.17725,1.17772,1.17717,1.17755,917050000
1766514600000,1.17755,1.17777,1.17748,1.17772,876880000
1766515500000,1.17771,1.1783,1.17771,1.17826,914380000
1766516400000,1.17828,1.17881,1.17819,1.17879,1085910000
1766517300000,1.17879,1.1789,1.17854,1.17855,924810000
1766518200000,1.17855,1.17883,1.17855,1.17869,1136010000
1766519100000,1.17869,1.17912,1.17861,1.17899,1283260000
1766520000000,1.179,1.17901,1.17868,1.17901,578920000
1766520900000,1.17901,1.17928,1.17901,1.17908,382720000
1766521800000,1.17907,1.17934,1.17903,1.17919,340990000
1766522700000,1.17919,1.17922,1.17884,1.17892,582730000
1766523600000,1.17893,1.17911,1.17883,1.17897,412330000
1766524500000,1.17897,1.17909,1.17882,1.17903,374830000
1766525400000,1.17904,1.17962,1.17903,1.17961,273780000
1766526300000,1.17961,1.17969,1.17926,1.1794,991270000
1766527200000,1.17936,1.17943,1.17879,1.17921,792360000
1766528100000,1.17918,1.17945,1.17916,1.17937,532080000
1766529000000,1.17938,1.17946,1.17933,1.17938,319050000
1766529900000,1.17938,1.17944,1.1793,1.17938,129780000
1766530800000,1.17937,1.17964,1.17933,1.1795,590210000
1766531700000,1.17949,1.17953,1.17932,1.17943,166740000
1766532600000,1.17944,1.17965,1.17933,1.17951,245980000
1766533500000,1.17951,1.1797,1.17939,1.17946,204720000
1766534400000,1.17946,1.17987,1.17946,1.1796,502300000
1766535300000,1.1796,1.1797,1.17914,1.17933,362680000
1766536200000,1.17933,1.17942,1.17901,1.1794,342180000
1766537100000,1.17938,1.1799,1.17926,1.17989,619640000
1766538000000,1.17988,1.17992,1.17968,1.17975,487620000
1766538900000,1.17975,1.18037,1.17975,1.18022,667390000
1766539800000,1.18022,1.1806,1.18015,1.1805,815320000
1766540700000,1.18052,1.18062,1.18043,1.1805,535140000
1766541600000,1.18054,1.18079,1.18051,1.18072,578320000
1766542500000,1.18071,1.18073,1.18023,1.18025,321120000
1766543400000,1.18025,1.18026,1.17999,1.18012,829170000
1766544300000,1.18012,1.18022,1.17981,1.17982,425040000
1766545200000,1.17983,1.17983,1.17905,1.1792,746420000
1766546100000,1.17921,1.1793,1.17898,1.17903,588230000
1766547000000,1.17904,1.17924,1.17877,1.17885,377430000
1766547900000,1.17885,1.17887,1.17868,1.17875,247770000
1766548800000,1.17874,1.17886,1.17857,1.17867,523040000
1766549700000,1.17868,1.17894,1.17866,1.17894,807370000
1766550600000,1.17893,1.17919,1.17887,1.17915,879110000
1766551500000,1.17915,1.17933,1.17909,1.17911,862130000
1766552400000,1.1791,1.1793,1.17906,1.17924,741900000
1766553300000,1.17925,1.17944,1.1792,1.17944,578760000
1766554200000,1.17944,1.17987,1.17938,1.17985,508440000
1766555100000,1.17985,1.18019,1.17977,1.1799,777640000
1766556000000,1.17988,1.18025,1.17986,1.18014,661080000
1766556900000,1.18013,1.1802,1.17976,1.17993,489990000
1766557800000,1.17994,1.18038,1.17983,1.18024,405560000
1766558700000,1.18022,1.18028,1.1799,1.17997,520890000
1766559600000,1.17999,1.18017,1.1795,1.17956,971170000
1766560500000,1.17957,1.17959,1.1792,1.17929,1747620000
1766561400000,1.17928,1.17933,1.1788,1.17884,1425120000
1766562300000,1.17886,1.17925,1.17864,1.17889,1464700000
1766563200000,1.17889,1.17915,1.17821,1.1783,2721430000
1766564100000,1.1783,1.17869,1.17797,1.17841,1246490000
1766565000000,1.17845,1.17919,1.17845,1.17901,2642690000
1766565900000,1.17901,1.17995,1.17897,1.17993,2573900000
1766566800000,1.17993,1.18004,1.1797,1.17987,2045460000
1766567700000,1.17986,1.18007,1.17955,1.17959,1309880000
1766568600000,1.17959,1.17981,1.17943,1.17952,992710000
1766569500000,1.17952,1.18008,1.17945,1.17995,916200000
1766570400000,1.17995,1.17999,1.17956,1.17969,1458000000
1766571300000,1.1797,1.17995,1.1795,1.17986,755760000
1766572200000,1.17986,1.17992,1.17955,1.17965,771510000
1766573100000,1.17963,1.17982,1.17907,1.17963,1030410000
1766574000000,1.17963,1.17984,1.17945,1.17959,943390000
1766574900000,1.17958,1.17973,1.17936,1.17943,871280000
1766575800000,1.17944,1.17945,1.17909,1.17921,1112800000
1766576700000,1.1792,1.17935,1.17909,1.17927,694660000
1766577600000,1.17928,1.17929,1.17895,1.17921,634970000
1766578500000,1.1792,1.17922,1.17889,1.1789,583000000
1766579400000,1.17891,1.1793,1.17846,1.17878,960520000
1766580300000,1.17878,1.17897,1.17838,1.17841,1049590000
1766581200000,1.17842,1.17898,1.17839,1.17893,1477810000
1766582100000,1.17894,1.17901,1.17848,1.17871,948280000
1766583000000,1.17874,1.17909,1.17836,1.17878,1200110000
1766583900000,1.17879,1.17893,1.17852,1.17852,748940000
1766584800000,1.17851,1.17859,1.17829,1.17852,813990000
1766585700000,1.17852,1.17868,1.17821,1.17835,703410000
1766586600000,1.17835,1.1784,1.17802,1.17826,2435840000
1766587500000,1.17825,1.17844,1.1777,1.17803,2853870000
1766588400000,1.17801,1.17813,1.17771,1.17788,1917980000
1766589300000,1.17787,1.17822,1.17766,1.17787,960960000
1766590200000,1.17786,1.17807,1.17765,1.17798,1228340000
1766591100000,1.17796,1.17815,1.17753,1.1778,1251610000
1766592000000,1.17781,1.17808,1.17762,1.17768,1604740000
1766592900000,1.17768,1.17777,1.1773,1.17743,1710550000
1766593800000,1.17744,1.17801,1.17741,1.17792,1215100000
1766594700000,1.17791,1.17799,1.17767,1.17791,1210260000
1766595600000,1.17792,1.1783,1.17781,1.17786,1139240000
1766596500000,1.17784,1.17812,1.17773,1.1781,1102070000
1766597400000,1.17811,1.17825,1.17805,1.17812,1261110000
1766598300000,1.1781,1.17813,1.17726,1.17766,1262110000
1766599200000,1.17765,1.1777,1.17741,1.17754,1343860000
1766600100000,1.17752,1.17765,1.17747,1.17758,965910000
1766601000000,1.17758,1.17797,1.17757,1.17784,898380000
1766601900000,1.17786,1.1779,1.17783,1.17788,81810000
1766602800000,1.17788,1.17797,1.17785,1.17797,269370000
1766603700000,1.17795,1.17817,1.17794,1.17808,323820000
1766604600000,1.17807,1.17812,1.17803,1.17806,367690000
1766605500000,1.17805,1.17823,1.17803,1.17816,205380000
1766606400000,1.17815,1.17822,1.17793,1.17796,309210000
1766607300000,1.17798,1.178,1.17794,1.178,171000000
1766608200000,1.178,1.17804,1.17798,1.17802,1052460000
1766609100000,1.17799,1.17805,1.17793,1.17793,977400000
1766610000000,1.17796,1.17797,1.17772,1.17776,954000000
1766610900000,1.17775,1.17788,1.17771,1.17777,1005750000
1766611800000,1.17778,1.17785,1.17776,1.17776,711000000
1766612700000,1.17776,1.17788,1.17764,1.1778,1006650000
1766613600000,1.17777,1.17777,1.17695,1.17715,8100000
1766614500000,1.17717,1.17717,1.17716,1.17716,4500000
1766615400000,1.17716,1.17716,1.17707,1.17714,16200000
1766617200000,1.17713,1.17737,1.17707,1.17737,20370000
1766618100000,1.17737,1.17737,1.17737,1.17737,900000
1766619900000,1.17713,1.17714,1.17713,1.17714,1800000
1766620800000,1.17708,1.17742,1.17707,1.17742,9900000
1766621700000,1.17742,1.17742,1.17742,1.17742,900000
1766622600000,1.17743,1.17743,1.17742,1.17743,4500000
1766623500000,1.17744,1.17798,1.17712,1.17749,83370000
1766624400000,1.17748,1.17797,1.1774,1.17795,20700000
1766625300000,1.17794,1.17835,1.17766,1.17766,20700000
1766626200000,1.17767,1.17767,1.17766,1.17767,21600000
1766627100000,1.17767,1.17767,1.1771,1.17726,193500000
1766628000000,1.17737,1.1778,1.17726,1.17757,142650000
1766628900000,1.17744,1.17747,1.17728,1.17734,17100000
1766629800000,1.17738,1.17754,1.17738,1.17754,7200000
1766630700000,1.17776,1.17776,1.17767,1.17767,9900000
1766632500000,1.17759,1.17767,1.17759,1.17761,4500000
1766633400000,1.17765,1.17765,1.17755,1.17755,1800000
1766634300000,1.17738,1.17753,1.1773,1.1775,14400000
1766635200000,1.17743,1.17743,1.1774,1.1774,1800000
1766636100000,1.17751,1.17751,1.17751,1.17751,900000
1766637000000,1.17755,1.17755,1.17748,1.17751,3600000
1766637900000,1.17748,1.17751,1.17732,1.17751,3150000
1766639700000,1.1775,1.1777,1.1775,1.17763,3600000
1766640600000,1.17765,1.17767,1.17747,1.17765,5970000
1766641500000,1.17761,1.17761,1.17751,1.17751,4500000
1766642400000,1.17752,1.17755,1.17737,1.17743,24300000
1766643300000,1.1774,1.1774,1.17734,1.17736,5400000
1766644200000,1.17739,1.17769,1.17729,1.17758,31950000
1766645100000,1.17768,1.17768,1.17758,1.17758,17100000
1766646000000,1.17759,1.17771,1.17749,1.17761,18900000
1766646900000,1.1776,1.17804,1.17749,1.17797,18900000
1766647800000,1.17768,1.1778,1.177,1.17701,40500000
1766648700000,1.17701,1.17819,1.17663,1.17752,89100000
1766700000000,1.17755,1.17824,1.17755,1.17818,2792330000
1766700900000,1.1782,1.17823,1.17791,1.17814,234430000
1766701800000,1.17813,1.17818,1.17813,1.17816,170100000
1766702700000,1.17816,1.17818,1.17767,1.17784,332320000
1766703600000,1.17785,1.1784,1.17775,1.17814,257450000
1766704500000,1.17812,1.17822,1.178,1.17808,2021720000
1766705400000,1.17806,1.1783,1.17773,1.17824,1819210000
1766706300000,1.17823,1.17843,1.17807,1.17833,1296280000
1766707200000,1.17839,1.17841,1.17767,1.17797,2277980000
1766708100000,1.17795,1.17907,1.17792,1.17902,982090000
1766709000000,1.17906,1.17913,1.17884,1.17904,1153760000
1766709900000,1.17903,1.1792,1.17851,1.17861,996760000
1766710800000,1.1786,1.17897,1.17829,1.1783,678370000
1766711700000,1.17832,1.17891,1.17827,1.17875,552500000
1766712600000,1.17877,1.17915,1.17862,1.17863,733860000
1766713500000,1.17865,1.17877,1.17857,1.17872,560690000
1766714400000,1.17872,1.17888,1.17862,1.1787,444330000
1766715300000,1.17871,1.17874,1.17836,1.17855,319600000
1766716200000,1.17854,1.17927,1.17854,1.17922,495830000
1766717100000,1.17923,1.17934,1.17916,1.1792,305300000
1766718000000,1.17921,1.17926,1.17896,1.1792,692030000
1766718900000,1.17919,1.17923,1.17844,1.17864,675660000
1766719800000,1.17868,1.17878,1.17844,1.17873,353960000
1766720700000,1.17874,1.17884,1.17834,1.17843,399980000
1766721600000,1.17839,1.17851,1.17819,1.17821,373150000
1766722500000,1.17823,1.17838,1.17797,1.17829,343800000
1766723400000,1.1783,1.17869,1.17821,1.1784,521000000
1766724300000,1.17841,1.1785,1.17825,1.17831,230790000
1766725200000,1.17831,1.17836,1.17812,1.17815,481490000
1766726100000,1.17818,1.17821,1.17799,1.17817,365790000
1766727000000,1.17814,1.17855,1.1781,1.17835,422900000
1766727900000,1.17834,1.17869,1.1783,1.1786,510050000
1766728800000,1.17861,1.17877,1.17832,1.17855,478050000
1766729700000,1.17855,1.17861,1.17807,1.17823,663630000
1766730600000,1.17824,1.17852,1.17714,1.17741,852740000
1766731500000,1.17739,1.17779,1.17725,1.17765,577150000
1766732400000,1.17767,1.17778,1.17729,1.17756,615850000
1766733300000,1.17756,1.17758,1.17716,1.17738,443470000
1766734200000,1.17737,1.17765,1.17709,1.17715,755790000
1766735100000,1.17716,1.17742,1.177,1.17728,1707470000
1766736000000,1.17728,1.17734,1.17662,1.17675,935750000
1766736900000,1.17675,1.17759,1.17665,1.17742,732400000
1766737800000,1.17743,1.1776,1.17698,1.17701,580090000
1766738700000,1.17704,1.17776,1.17704,1.17767,540160000
1766739600000,1.17767,1.17778,1.17725,1.17725,580330000
1766740500000,1.17727,1.17727,1.17688,1.17707,609770000
1766741400000,1.17707,1.17717,1.17682,1.17692,655580000
1766742300000,1.1769,1.17732,1.17685,1.17701,534370000
1766743200000,1.17699,1.17755,1.17689,1.17753,478940000
1766744100000,1.17752,1.17796,1.17749,1.17756,630270000
1766745000000,1.17756,1.17782,1.17752,1.17766,725550000
1766745900000,1.17768,1.17773,1.17728,1.17728,941540000
1766746800000,1.17729,1.1777,1.17729,1.17763,667140000
1766747700000,1.17765,1.17822,1.17757,1.17776,621260000
1766748600000,1.17777,1.17806,1.17769,1.17791,612040000
1766749500000,1.17791,1.17801,1.17754,1.17773,473580000
1766750400000,1.17774,1.17775,1.17752,1.17763,591740000
1766751300000,1.17765,1.17775,1.17736,1.1774,724460000
1766752200000,1.17739,1.17777,1.17726,1.17765,625980000
1766753100000,1.17766,1.17822,1.17753,1.17815,1371070000
1766754000000,1.17818,1.17936,1.17817,1.17921,2646550000
1766754900000,1.17921,1.17942,1.17868,1.17912,1364480000
1766755800000,1.17913,1.17958,1.17912,1.17944,1490440000
1766756700000,1.17945,1.17966,1.179,1.17911,2341980000
1766757600000,1.17912,1.17944,1.17906,1.17913,1987070000
1766758500000,1.17914,1.17922,1.17887,1.17889,1430440000
1766759400000,1.17889,1.17902,1.1785,1.17853,1563270000
1766760300000,1.17854,1.17866,1.17809,1.17837,1763550000
1766761200000,1.17837,1.17911,1.17826,1.17896,1707900000
1766762100000,1.17895,1.17925,1.17874,1.17912,917160000
1766763000000,1.17913,1.17922,1.1784,1.17854,1168840000
1766763900000,1.17855,1.17855,1.17713,1.1777,3756250000
1766764800000,1.17771,1.17796,1.17707,1.1772,2948390000
1766765700000,1.17722,1.17727,1.17632,1.17638,2887920000
1766766600000,1.17639,1.1765,1.17623,1.17632,2010470000
1766767500000,1.17633,1.17664,1.1762,1.1765,1846830000
1766768400000,1.17651,1.17692,1.17635,1.17654,1125560000
1766769300000,1.17655,1.17681,1.17633,1.1764,846830000
1766770200000,1.17639,1.17685,1.17615,1.17684,736370000
1766771100000,1.17685,1.17702,1.17664,1.177,669900000
1766772000000,1.17702,1.17716,1.17689,1.17693,503280000
1766772900000,1.17696,1.17735,1.17692,1.17723,515050000
1766773800000,1.17723,1.17736,1.17713,1.17726,421700000
1766774700000,1.17731,1.17733,1.17714,1.17718,727190000
1766775600000,1.17718,1.17737,1.17691,1.17696,1352400000
1766776500000,1.17698,1.17745,1.17692,1.17731,574720000
1766777400000,1.1773,1.17753,1.17723,1.17749,625950000
1766778300000,1.17749,1.17764,1.17734,1.17763,832920000
1766779200000,1.17765,1.1779,1.17759,1.17764,849520000
1766780100000,1.17764,1.17774,1.17749,1.17772,514340000
1766781000000,1.17774,1.17814,1.17772,1.17791,574500000
1766781900000,1.17789,1.17803,1.17722,1.17747,1350920000
1766782800000,1.17748,1.17764,1.1772,1.17734,629600000
1766783700000,1.17734,1.17741,1.17712,1.17727,878260000
1766784600000,1.17726,1.17728,1.17655,1.17688,1070190000
1766785500000,1.17686,1.17718,1.17675,1.1768,2063920000
1766959200000,1.17631,1.17713,1.17631,1.17698,143830000
1766960100000,1.17698,1.17698,1.17666,1.17673,84620000
1766961000000,1.17673,1.17677,1.17658,1.17677,96450000
1766961900000,1.1768,1.17726,1.17668,1.17688,194020000
1766962800000,1.17688,1.17762,1.17678,1.1775,628010000
1766963700000,1.17751,1.17777,1.17749,1.17754,1059850000
1766964600000,1.17755,1.17758,1.17731,1.17734,518540000
1766965500000,1.17735,1.17764,1.1771,1.17722,322240000
1766966400000,1.17723,1.17773,1.17723,1.17754,914250000
1766967300000,1.17755,1.17789,1.17714,1.17784,710190000
1766968200000,1.17783,1.17838,1.17778,1.17808,737230000
1766969100000,1.17807,1.17818,1.1778,1.17795,502540000
1766970000000,1.17796,1.17826,1.17785,1.17811,605970000
1766970900000,1.17808,1.17843,1.17806,1.1782,409850000
1766971800000,1.17819,1.1784,1.17814,1.17839,481360000
1766972700000,1.17842,1.17862,1.17823,1.1784,457460000
1766973600000,1.17839,1.17851,1.17817,1.1782,560820000
1766974500000,1.17821,1.17829,1.17767,1.17777,353370000
1766975400000,1.17779,1.17787,1.17754,1.17765,287320000
1766976300000,1.17767,1.1778,1.17757,1.17757,358280000
1766977200000,1.17755,1.17759,1.17738,1.17749,282920000
1766978100000,1.1775,1.17758,1.17717,1.17717,221620000
1766979000000,1.17716,1.17759,1.17709,1.1774,485410000
1766979900000,1.17739,1.17758,1.17732,1.17732,283790000
1766980800000,1.17734,1.17734,1.1769,1.17712,335270000
1766981700000,1.1771,1.17716,1.17693,1.17713,177870000
1766982600000,1.17717,1.17724,1.17673,1.17677,278930000
1766983500000,1.17676,1.17676,1.17637,1.1764,330310000
1766984400000,1.1764,1.1764,1.1757,1.17571,587200000
1766985300000,1.17572,1.17573,1.17537,1.17556,591020000
1766986200000,1.17556,1.17595,1.17552,1.17593,556480000
1766987100000,1.17595,1.17597,1.17556,1.17559,402410000
1766988000000,1.17561,1.17609,1.17547,1.17557,455660000
1766988900000,1.17556,1.17625,1.17541,1.17625,626060000
1766989800000,1.17628,1.17637,1.17613,1.17631,532500000
1766990700000,1.17632,1.17695,1.17617,1.17693,644870000
1766991600000,1.17695,1.17723,1.17652,1.1768,1320480000
1766992500000,1.17682,1.17723,1.17665,1.17709,1381980000
1766993400000,1.17709,1.17755,1.17707,1.17755,1001560000
1766994300000,1.17754,1.17789,1.17734,1.17769,1236230000
1766995200000,1.17769,1.17785,1.1771,1.17738,1186950000
1766996100000,1.17739,1.17783,1.17726,1.17751,780950000
1766997000000,1.17751,1.17789,1.17736,1.17782,957970000
1766997900000,1.17783,1.17885,1.17782,1.17839,1556590000
1766998800000,1.1784,1.17868,1.17715,1.17753,2442810000
1766999700000,1.17753,1.17789,1.17728,1.17781,1421570000
1767000600000,1.1778,1.1789,1.17765,1.17787,1680500000
1767001500000,1.17784,1.17788,1.17743,1.17761,1185690000
1767002400000,1.17761,1.17792,1.17731,1.17767,1382200000
1767003300000,1.17766,1.178,1.17751,1.1776,1393250000
1767004200000,1.17761,1.17793,1.17742,1.17746,939120000
1767005100000,1.17747,1.17778,1.1765,1.17657,1356430000
1767006000000,1.17657,1.17672,1.17584,1.17587,1944150000
1767006900000,1.17586,1.17638,1.17576,1.1763,1911270000
1767007800000,1.17629,1.17699,1.17625,1.17696,1673370000
1767008700000,1.17696,1.17712,1.17651,1.17656,2196160000
1767009600000,1.17658,1.17689,1.17614,1.17614,2215150000
1767010500000,1.17613,1.17624,1.17569,1.17624,1552980000
1767011400000,1.17626,1.17628,1.17569,1.17569,1418530000
1767012300000,1.17569,1.17622,1.17555,1.17617,1615610000
1767013200000,1.17616,1.17668,1.17603,1.17667,1547910000
1767014100000,1.17669,1.17678,1.17603,1.17621,1025990000
1767015000000,1.17623,1.17695,1.17614,1.1769,2569940000
1767015900000,1.1769,1.17737,1.17669,1.17695,2912530000
1767016800000,1.17696,1.17727,1.1767,1.17723,1903910000
1767017700000,1.17721,1.17778,1.17709,1.17776,1058010000
1767018600000,1.17778,1.17852,1.17774,1.17844,2000960000
1767019500000,1.17842,1.17886,1.17807,1.17829,1647420000
1767020400000,1.17827,1.17863,1.1781,1.17813,1961620000
1767021300000,1.17812,1.17852,1.17773,1.17848,1961160000
1767022200000,1.17847,1.17856,1.17726,1.17807,2068690000
1767023100000,1.17807,1.17862,1.17662,1.17677,3809090000
1767024000000,1.17677,1.17678,1.17619,1.17643,3007520000
1767024900000,1.17647,1.17653,1.17571,1.17576,1959000000
1767025800000,1.17579,1.17601,1.17523,1.17601,1922210000
1767026700000,1.17602,1.17608,1.17552,1.1756,1152170000
1767027600000,1.17559,1.17569,1.17508,1.17543,1096020000
1767028500000,1.17543,1.17549,1.17493,1.17527,989750000
1767029400000,1.17529,1.17545,1.17509,1.17526,647750000
1767030300000,1.17526,1.17534,1.17496,1.17519,715240000
1767031200000,1.17518,1.17562,1.17506,1.17556,1150280000
1767032100000,1.17557,1.17581,1.17555,1.17576,754880000
1767033000000,1.17575,1.17587,1.17557,1.17564,908750000
1767033900000,1.17564,1.17588,1.17562,1.17573,552200000
1767034800000,1.17574,1.17594,1.17567,1.17588,454030000
1767035700000,1.17586,1.17619,1.17578,1.17613,315290000
1767036600000,1.17613,1.17648,1.17613,1.17641,359610000
1767037500000,1.1764,1.17681,1.17627,1.17672,627130000
1767038400000,1.1767,1.17693,1.1767,1.17688,529890000
1767039300000,1.17687,1.17692,1.17657,1.17673,366520000
1767040200000,1.17676,1.17689,1.17662,1.17664,383440000
1767041100000,1.17662,1.17704,1.17644,1.17702,691060000
1767042000000,1.17703,1.17737,1.17701,1.17727,317240000
1767042900000,1.17726,1.17739,1.17721,1.17728,141830000
1767043800000,1.17727,1.17735,1.17711,1.17735,136080000
1767044700000,1.17735,1.17745,1.17718,1.17718,430960000
1767045600000,1.17713,1.17716,1.17669,1.17678,181020000
1767046500000,1.17678,1.17685,1.17666,1.17684,144470000
1767047400000,1.17685,1.17714,1.17684,1.17712,401960000
1767048300000,1.17714,1.17716,1.17646,1.17666,1141890000
1767049200000,1.17662,1.17744,1.17662,1.17737,802030000
1767050100000,1.17739,1.17742,1.17712,1.17714,380470000
1767051000000,1.17714,1.17722,1.1771,1.17715,352260000
1767051900000,1.17718,1.17724,1.17711,1.17722,144480000
1767052800000,1.17721,1.17746,1.17713,1.17733,358190000
1767053700000,1.17733,1.17746,1.17729,1.17743,148470000
1767054600000,1.17745,1.17749,1.17715,1.17724,198810000
1767055500000,1.17724,1.17749,1.17717,1.17728,551690000
1767056400000,1.17729,1.17734,1.17695,1.17714,489360000
1767057300000,1.17716,1.17737,1.17699,1.17703,313630000
1767058200000,1.17705,1.1773,1.17699,1.1773,232150000
1767059100000,1.17731,1.1775,1.17729,1.1775,252120000
1767060000000,1.17749,1.17763,1.17718,1.17731,396960000
1767060900000,1.17729,1.17752,1.17716,1.17723,328390000
1767061800000,1.17722,1.17747,1.17722,1.17735,235660000
1767062700000,1.17738,1.17748,1.1773,1.17731,200060000
1767063600000,1.17733,1.1774,1.17703,1.17715,457400000
1767064500000,1.17713,1.17744,1.17712,1.17744,94950000
1767065400000,1.17745,1.17757,1.17735,1.17736,288000000
1767066300000,1.17734,1.17749,1.17722,1.17723,142330000
1767067200000,1.17724,1.17736,1.17714,1.17728,365030000
1767068100000,1.17727,1.17736,1.17717,1.17733,230700000
1767069000000,1.17734,1.17768,1.17729,1.17763,346810000
1767069900000,1.17763,1.17777,1.17753,1.17768,362040000
1767070800000,1.17771,1.17788,1.17765,1.1778,210540000
1767071700000,1.17778,1.17781,1.17763,1.17771,219060000
1767072600000,1.17771,1.17772,1.1774,1.17741,447620000
1767073500000,1.17741,1.17758,1.17726,1.17749,636290000
1767074400000,1.17749,1.17772,1.17737,1.1777,584430000
1767075300000,1.17771,1.17797,1.1776,1.1776,710040000
1767076200000,1.17761,1.17794,1.17745,1.17793,753090000
1767077100000,1.17793,1.17795,1.17773,1.17784,617370000
1767078000000,1.17785,1.17785,1.1772,1.17737,802770000
1767078900000,1.1774,1.17746,1.17666,1.17707,730690000
1767079800000,1.17709,1.17713,1.17662,1.17662,612590000
1767080700000,1.17664,1.1771,1.17664,1.17702,537070000
1767081600000,1.17703,1.17724,1.17659,1.17668,826690000
1767082500000,1.17671,1.17733,1.17671,1.17698,952970000
1767083400000,1.17696,1.17751,1.17682,1.17711,1189250000
1767084300000,1.17712,1.17721,1.17669,1.1767,914570000
1767085200000,1.17671,1.17723,1.17641,1.17682,834370000
1767086100000,1.17684,1.17752,1.17683,1.17751,926680000
1767087000000,1.17751,1.17773,1.17735,1.17757,978400000
1767087900000,1.17759,1.17777,1.17687,1.17688,1147310000
1767088800000,1.17687,1.17773,1.17687,1.17748,779990000
1767089700000,1.17749,1.17753,1.1772,1.17725,619280000
1767090600000,1.17726,1.17766,1.17723,1.17757,619260000
1767091500000,1.17757,1.1776,1.17723,1.17738,455460000
1767092400000,1.17736,1.17766,1.17707,1.17744,529900000
1767093300000,1.17743,1.17745,1.17709,1.17717,602250000
1767094200000,1.17716,1.17733,1.17678,1.17687,781020000
1767095100000,1.17688,1.17701,1.17659,1.17665,848110000
1767096000000,1.17666,1.17666,1.17622,1.17655,854640000
1767096900000,1.17654,1.17657,1.1762,1.17641,552020000
1767097800000,1.17643,1.17678,1.17619,1.17619,479980000
1767098700000,1.17619,1.17638,1.17607,1.17615,658300000
1767099600000,1.17614,1.17618,1.17551,1.1758,1029660000
1767100500000,1.17583,1.17662,1.17567,1.17602,1866400000
1767101400000,1.17601,1.17642,1.1757,1.17613,2747860000
1767102300000,1.17614,1.17677,1.17573,1.17632,2693230000
1767103200000,1.17633,1.1764,1.17571,1.17574,1863520000
1767104100000,1.17578,1.17607,1.17562,1.176,1193620000
1767105000000,1.17598,1.17632,1.17565,1.17601,1278930000
1767105900000,1.17603,1.17641,1.1759,1.17632,1591900000
1767106800000,1.17631,1.17662,1.1757,1.17575,1617190000
1767107700000,1.17578,1.1758,1.17497,1.17507,1506760000
1767108600000,1.17509,1.17529,1.17453,1.17473,1504630000
1767109500000,1.17473,1.17597,1.17463,1.17597,1547590000
1767110400000,1.17597,1.17597,1.17542,1.17559,1598310000
1767111300000,1.17557,1.17636,1.17556,1.17607,1455210000
1767112200000,1.17608,1.17644,1.17587,1.17628,987320000
1767113100000,1.17628,1.17664,1.17627,1.17649,1015510000
1767114000000,1.17647,1.17665,1.17604,1.17605,768680000
1767114900000,1.17605,1.17618,1.17576,1.17577,668160000
1767115800000,1.17578,1.17581,1.17554,1.17562,711320000
1767116700000,1.17562,1.17568,1.17549,1.17557,381240000
1767117600000,1.17559,1.17592,1.17556,1.17582,487790000
1767118500000,1.1758,1.17584,1.17559,1.17566,396200000
1767119400000,1.17563,1.17568,1.1753,1.17537,777300000
1767120300000,1.17535,1.17536,1.17481,1.17497,1197910000
1767121200000,1.17496,1.17512,1.17472,1.17508,950600000
1767122100000,1.17507,1.17527,1.175,1.1752,688350000
1767123000000,1.1752,1.17526,1.17488,1.17502,730740000
1767123900000,1.17503,1.17524,1.1745,1.17466,1072650000
1767124800000,1.17469,1.17482,1.17447,1.17471,622840000
1767125700000,1.17469,1.17501,1.17469,1.1749,321410000
1767126600000,1.17488,1.17497,1.17464,1.17468,495840000
1767127500000,1.1747,1.17475,1.17431,1.17437,676490000
1767128400000,1.17437,1.1748,1.17437,1.17471,500830000
1767129300000,1.17472,1.17474,1.17448,1.17451,185790000
1767130200000,1.17452,1.17468,1.17447,1.17462,170050000
1767131100000,1.17462,1.17486,1.17462,1.17475,366830000
1767132000000,1.17476,1.17476,1.17436,1.1747,117420000
1767132900000,1.17473,1.17483,1.17468,1.17475,122970000
1767133800000,1.17476,1.17481,1.17468,1.17473,225660000
1767134700000,1.17474,1.1748,1.1744,1.17451,218850000
1767135600000,1.17452,1.17489,1.17447,1.17488,131800000
1767136500000,1.17484,1.17484,1.17469,1.17474,54000000
1767137400000,1.17475,1.17477,1.17456,1.1746,152660000
1767138300000,1.17459,1.17469,1.17452,1.17456,88380000
1767139200000,1.17455,1.17475,1.17447,1.17469,113480000
1767140100000,1.17468,1.17475,1.17457,1.17472,165220000
1767141000000,1.1747,1.1747,1.17448,1.17451,158190000
1767141900000,1.17455,1.17477,1.1744,1.1747,558060000
1767142800000,1.17472,1.1748,1.17453,1.17473,316420000
1767143700000,1.17475,1.17489,1.17461,1.17469,216220000
1767144600000,1.17467,1.17479,1.17446,1.1745,245380000
1767145500000,1.1745,1.17473,1.17416,1.17424,559540000
1767146400000,1.17423,1.17423,1.1739,1.17404,520850000
1767147300000,1.17404,1.17424,1.17388,1.17407,359680000
1767148200000,1.17406,1.17423,1.17399,1.17401,369150000
1767149100000,1.174,1.17411,1.17397,1.174,475070000
1767150000000,1.17399,1.17428,1.17397,1.17416,365620000
1767150900000,1.17415,1.17416,1.17394,1.17416,313610000
1767151800000,1.17417,1.17431,1.17413,1.1742,147980000
1767152700000,1.17421,1.17436,1.17417,1.17426,125230000
1767153600000,1.17424,1.17427,1.17394,1.17394,262330000
1767154500000,1.17398,1.17401,1.17388,1.17391,209220000
1767155400000,1.17388,1.174,1.17361,1.17368,315150000
1767156300000,1.17368,1.17368,1.1733,1.17343,602000000
1767157200000,1.17344,1.17364,1.17342,1.1736,443720000
1767158100000,1.17364,1.17373,1.17343,1.17371,280370000
1767159000000,1.17369,1.1737,1.1735,1.17368,388650000
1767159900000,1.17365,1.17392,1.17355,1.17382,518190000
1767160800000,1.17384,1.17384,1.17331,1.1734,702450000
1767161700000,1.17342,1.17366,1.17332,1.17362,346230000
1767162600000,1.17362,1.17392,1.17357,1.17391,428890000
1767163500000,1.17393,1.17395,1.17369,1.17374,404970000
1767164400000,1.17372,1.17386,1.17332,1.17338,968310000
1767165300000,1.1734,1.17349,1.17299,1.17314,878920000
1767166200000,1.17314,1.17382,1.17297,1.17363,766240000
1767167100000,1.17365,1.17374,1.17341,1.17369,536850000
1767168000000,1.1737,1.17397,1.1735,1.1736,809140000
1767168900000,1.17359,1.17369,1.17275,1.17291,966430000
1767169800000,1.17293,1.17302,1.17248,1.17289,1452000000
1767170700000,1.1729,1.17292,1.172,1.17229,1913380000
1767171600000,1.17228,1.17266,1.17199,1.1726,1104670000
1767172500000,1.17262,1.17343,1.17257,1.17315,1168200000
1767173400000,1.17312,1.1738,1.17306,1.17372,1186700000
1767174300000,1.17373,1.17388,1.17345,1.17348,1770400000
1767175200000,1.1735,1.17351,1.17285,1.17292,1707620000
1767176100000,1.17293,1.17355,1.17292,1.17352,1250280000
1767177000000,1.17353,1.17384,1.17351,1.17369,1046980000
1767177900000,1.1737,1.17436,1.17366,1.17389,1516110000
1767178800000,1.1739,1.17415,1.17362,1.17408,1275800000
1767179700000,1.1741,1.17419,1.17385,1.17408,1001460000
1767180600000,1.17408,1.17463,1.17395,1.17459,1060870000
1767181500000,1.17461,1.17478,1.17423,1.17471,1465830000
1767182400000,1.17472,1.17511,1.17472,1.17502,987510000
1767183300000,1.17503,1.17554,1.17501,1.17538,899920000
1767184200000,1.17534,1.17558,1.17512,1.17542,924060000
1767185100000,1.17542,1.17592,1.1752,1.17549,1498990000
1767186000000,1.17551,1.17591,1.17493,1.17506,1127610000
1767186900000,1.17507,1.17578,1.17503,1.17547,972260000
1767187800000,1.17546,1.17546,1.17429,1.17452,1862390000
1767188700000,1.17451,1.17475,1.17412,1.17417,1844490000
1767189600000,1.17416,1.17424,1.17361,1.1739,2366380000
1767190500000,1.17391,1.174,1.17351,1.17359,1557620000
1767191400000,1.17357,1.17404,1.17321,1.17342,2796550000
1767192300000,1.17341,1.17344,1.17271,1.173,3761800000
1767193200000,1.173,1.173,1.17204,1.17212,2358700000
1767194100000,1.17211,1.17259,1.17202,1.1725,2049690000
1767195000000,1.17251,1.17379,1.17251,1.17357,2467170000
1767195900000,1.17358,1.17461,1.17247,1.17439,4312040000
1767196800000,1.17441,1.17488,1.17422,1.17455,3204910000
1767197700000,1.17456,1.17473,1.17388,1.17414,1469120000
1767198600000,1.17418,1.17418,1.17309,1.17309,906220000
1767199500000,1.1731,1.17348,1.17285,1.17347,1217710000
1767200400000,1.17346,1.17379,1.17312,1.17344,1499400000
1767201300000,1.17346,1.17375,1.17335,1.17349,827910000
1767202200000,1.17348,1.17364,1.17329,1.1733,454730000
1767203100000,1.17331,1.1739,1.17317,1.17358,880720000
1767204000000,1.17357,1.17385,1.17313,1.17343,988670000
1767204900000,1.17344,1.17361,1.17302,1.1735,757280000
1767205800000,1.17351,1.17386,1.17329,1.1736,895920000
1767206700000,1.17359,1.1737,1.17331,1.17357,1302740000
1767207600000,1.17356,1.17413,1.17356,1.17408,881930000
1767208500000,1.17408,1.17413,1.17388,1.17413,690960000
1767209400000,1.17412,1.1742,1.17376,1.17417,1033020000
1767210300000,1.17418,1.17432,1.17393,1.17407,715770000
1767211200000,1.17405,1.17442,1.174,1.17436,430140000
1767212100000,1.17435,1.17478,1.17433,1.17472,301740000
1767213000000,1.17474,1.17496,1.1746,1.17483,319050000
1767213900000,1.1748,1.17528,1.17453,1.17519,727930000
1767214800000,1.17519,1.17527,1.17471,1.17475,933930000
1767215700000,1.17476,1.17485,1.17464,1.17466,178650000
1767216600000,1.17468,1.17476,1.17464,1.17472,88200000
1767217500000,1.17473,1.17477,1.1745,1.17455,326270000
