timestamp,open,high,low,close,volume
1759276800000,1.17342,1.17342,1.17296,1.17319,661750000
1759277700000,1.17323,1.17382,1.17322,1.17348,532610000
1759278600000,1.17344,1.17354,1.17308,1.17322,552960000
1759279500000,1.17322,1.17368,1.17319,1.17357,473150000
1759280400000,1.1736,1.17366,1.17302,1.17341,790890000
1759281300000,1.17343,1.17384,1.17341,1.17377,264630000
1759282200000,1.17379,1.17406,1.17365,1.17405,489240000
1759283100000,1.17406,1.17406,1.17357,1.17389,367420000
1759284000000,1.17393,1.17394,1.17326,1.17328,364250000
1759284900000,1.17327,1.17358,1.17326,1.17335,279680000
1759285800000,1.17334,1.17356,1.17322,1.17351,406090000
1759286700000,1.17352,1.17395,1.17349,1.17378,347140000
1759287600000,1.17378,1.1739,1.17367,1.17377,485530000
1759288500000,1.17378,1.17378,1.17356,1.17373,288510000
1759289400000,1.17372,1.17373,1.17338,1.17356,211020000
1759290300000,1.17356,1.17387,1.17354,1.17378,338580000
1759291200000,1.17381,1.17425,1.17379,1.17414,426600000
1759292100000,1.17416,1.1745,1.17416,1.17448,467820000
1759293000000,1.17447,1.17488,1.17447,1.17486,348040000
1759293900000,1.17485,1.17585,1.17484,1.17579,737530000
1759294800000,1.17578,1.17669,1.17557,1.17587,1503980000
1759295700000,1.17589,1.17634,1.17572,1.17601,923280000
1759296600000,1.176,1.17607,1.17566,1.1757,436670000
1759297500000,1.17572,1.17574,1.1752,1.17521,940810000
1759298400000,1.17523,1.17599,1.17505,1.17572,974540000
1759299300000,1.1757,1.17593,1.17531,1.17587,1081120000
1759300200000,1.17588,1.17748,1.17575,1.17719,1534990000
1759301100000,1.17718,1.17733,1.17659,1.17678,1955220000
1759302000000,1.17676,1.17785,1.17675,1.17765,2052210000
1759302900000,1.17764,1.17775,1.17535,1.17535,2416650000
1759303800000,1.17534,1.17578,1.17418,1.17426,2669440000
1759304700000,1.17426,1.17566,1.17422,1.17498,2656370000
1759305600000,1.17497,1.17629,1.17497,1.17524,2311830000
1759306500000,1.17525,1.17594,1.17521,1.17557,1991080000
1759307400000,1.17556,1.17659,1.17534,1.17582,1562150000
1759308300000,1.17583,1.17598,1.17492,1.17492,1080170000
1759309200000,1.17493,1.1754,1.17462,1.17513,1137300000
1759310100000,1.17513,1.17518,1.1743,1.17434,1155090000
1759311000000,1.17434,1.17449,1.17401,1.17424,1095010000
1759311900000,1.17422,1.17422,1.17306,1.17326,1382480000
1759312800000,1.17326,1.17333,1.17255,1.17302,1493600000
1759313700000,1.17298,1.17302,1.1717,1.17176,2060110000
1759314600000,1.17178,1.17262,1.17157,1.17253,1327790000
1759315500000,1.17253,1.17302,1.17203,1.17251,1315240000
1759316400000,1.17252,1.17308,1.17251,1.17306,977650000
1759317300000,1.17307,1.17361,1.17307,1.17353,818520000
1759318200000,1.17352,1.17388,1.17321,1.17378,1015490000
1759319100000,1.1738,1.17402,1.17331,1.17343,1298610000
1759320000000,1.17343,1.17353,1.1723,1.17237,2178170000
1759320900000,1.17237,1.17688,1.17222,1.17516,8090750000
1759321800000,1.17517,1.1764,1.17434,1.17539,5535900000
1759322700000,1.1754,1.17604,1.17434,1.17489,3203920000
1759323600000,1.1749,1.17604,1.17459,1.17537,2914710000
1759324500000,1.17535,1.17584,1.17479,1.17536,2458830000
1759325400000,1.17534,1.17609,1.17525,1.17591,2707950000
1759326300000,1.17593,1.17614,1.17498,1.17539,3387850000
1759327200000,1.17539,1.17634,1.17405,1.17414,4204150000
1759328100000,1.17414,1.17492,1.17345,1.17475,2724730000
1759329000000,1.17478,1.17548,1.17466,1.17522,2292300000
1759329900000,1.17521,1.17564,1.17309,1.17465,7070500000
1759330800000,1.17463,1.17492,1.17339,1.17364,2881680000
1759331700000,1.17366,1.17372,1.17212,1.17259,2107980000
1759332600000,1.17258,1.17353,1.17236,1.17293,3030730000
1759333500000,1.17293,1.17314,1.17222,1.17229,2757110000
1759334400000,1.17228,1.17267,1.17163,1.17214,3186370000
1759335300000,1.17212,1.17255,1.17204,1.17226,2122620000
1759336200000,1.17226,1.17231,1.17154,1.17157,2200020000
1759337100000,1.17156,1.17243,1.17154,1.17227,1769290000
1759338000000,1.17228,1.17288,1.17227,1.17285,1250250000
1759338900000,1.17284,1.17325,1.17274,1.17306,1353670000
1759339800000,1.17306,1.17307,1.17243,1.17254,1454270000
1759340700000,1.17255,1.17282,1.17231,1.17237,835150000
1759341600000,1.17238,1.17338,1.17215,1.17335,872030000
1759342500000,1.17332,1.17381,1.17328,1.17379,874310000
1759343400000,1.17377,1.17419,1.17369,1.17383,1608010000
1759344300000,1.17383,1.17403,1.17347,1.17347,845020000
1759345200000,1.17347,1.17369,1.17325,1.17345,537610000
1759346100000,1.17346,1.17346,1.17309,1.17332,1042130000
1759347000000,1.17334,1.17356,1.17324,1.17335,729970000
1759347900000,1.17335,1.17352,1.17296,1.17304,969340000
1759348800000,1.17303,1.1731,1.17277,1.1728,808110000
1759349700000,1.1728,1.17295,1.17261,1.17264,377020000
1759350600000,1.17264,1.17294,1.17262,1.17285,520870000
1759351500000,1.17285,1.17307,1.17267,1.17294,1334090000
1759352400000,1.17268,1.17292,1.17268,1.17281,135660000
1759353300000,1.1728,1.17289,1.17274,1.17279,174840000
1759354200000,1.17276,1.17326,1.17276,1.17313,1297220000
1759355100000,1.17315,1.17341,1.17276,1.17303,4846518000
1759356000000,1.1731,1.17372,1.17309,1.17328,776480000
1759356900000,1.17329,1.17349,1.17329,1.17334,152320000
1759357800000,1.17333,1.17347,1.17333,1.17342,120510000
1759358700000,1.17343,1.17347,1.17335,1.17335,114520000
1759359600000,1.17336,1.1736,1.17334,1.17352,110850000
1759360500000,1.17352,1.17355,1.17337,1.17355,107540000
1759361400000,1.17355,1.17369,1.17343,1.17357,118500000
1759362300000,1.17357,1.17357,1.17327,1.17327,165030000
1759363200000,1.17325,1.17348,1.17258,1.1726,674790000
1759364100000,1.17263,1.17294,1.17254,1.17264,577280000
1759365000000,1.17261,1.17273,1.17243,1.17266,465970000
1759365900000,1.17267,1.1731,1.17257,1.17298,707730000
1759366800000,1.17295,1.17296,1.17237,1.17289,550320000
1759367700000,1.17289,1.17364,1.17287,1.17343,393320000
1759368600000,1.17345,1.17389,1.17332,1.17365,697970000
1759369500000,1.17362,1.17388,1.17362,1.17386,254780000
1759370400000,1.17389,1.17418,1.17371,1.17416,308110000
1759371300000,1.17415,1.17417,1.17368,1.17387,409820000
1759372200000,1.17384,1.17399,1.17375,1.17383,221560000
1759373100000,1.17382,1.17397,1.17369,1.17371,241940000
1759374000000,1.17373,1.17382,1.17354,1.17379,493060000
1759374900000,1.17379,1.17386,1.17363,1.17366,304370000
1759375800000,1.17366,1.17368,1.17323,1.17323,256480000
1759376700000,1.17326,1.17355,1.17324,1.17346,319050000
1759377600000,1.17345,1.17357,1.17326,1.17336,196780000
1759378500000,1.17337,1.17352,1.17336,1.17337,176790000
1759379400000,1.17336,1.17341,1.17299,1.17311,593850000
1759380300000,1.1731,1.17344,1.17305,1.17341,204650000
1759381200000,1.17342,1.1737,1.173,1.17301,521080000
1759382100000,1.17302,1.17314,1.17293,1.17312,198950000
1759383000000,1.17313,1.17353,1.17303,1.17347,291950000
1759383900000,1.1735,1.1736,1.17334,1.17354,291020000
1759384800000,1.17354,1.17448,1.17354,1.17418,948920000
1759385700000,1.17417,1.17419,1.17375,1.1739,616230000
1759386600000,1.17391,1.17445,1.17348,1.1737,1533720000
1759387500000,1.17369,1.17434,1.17339,1.17426,1985330000
1759388400000,1.17427,1.17536,1.17407,1.1751,1870830000
1759389300000,1.17516,1.17538,1.17464,1.17465,1072590000
1759390200000,1.17466,1.17531,1.17464,1.17531,1117150000
1759391100000,1.17527,1.17566,1.17497,1.17498,980990000
1759392000000,1.17498,1.17549,1.17492,1.17513,1283290000
1759392900000,1.17512,1.17561,1.17507,1.1755,878190000
1759393800000,1.17551,1.17561,1.1745,1.17497,1138280000
1759394700000,1.17497,1.17567,1.17477,1.17535,1134090000
1759395600000,1.17534,1.17566,1.17509,1.17564,749180000
1759396500000,1.17565,1.17582,1.17554,1.17554,783750000
1759397400000,1.17556,1.17576,1.1752,1.17542,705990000
1759398300000,1.17542,1.17561,1.17505,1.17547,794550000
1759399200000,1.17548,1.17548,1.17461,1.17486,1027870000
1759400100000,1.17486,1.17521,1.17471,1.17508,550110000
1759401000000,1.1751,1.17532,1.17461,1.17478,660820000
1759401900000,1.17479,1.17535,1.17478,1.17519,624870000
1759402800000,1.17519,1.17525,1.17471,1.17515,792360000
1759403700000,1.17515,1.17529,1.17489,1.17502,536810000
1759404600000,1.17503,1.17566,1.1749,1.1753,855620000
1759405500000,1.17528,1.17541,1.17491,1.17502,967580000
1759406400000,1.17502,1.17583,1.17502,1.17564,1154660000
1759407300000,1.17564,1.17568,1.17468,1.17472,826970000
1759408200000,1.1747,1.17486,1.1738,1.17405,1234900000
1759409100000,1.17407,1.17434,1.17343,1.17375,1592960000
1759410000000,1.1738,1.17431,1.17362,1.17381,1616400000
1759410900000,1.17382,1.17416,1.17339,1.17407,1536500000
1759411800000,1.17408,1.17437,1.17238,1.17258,2778270000
1759412700000,1.17257,1.17291,1.17132,1.17222,2739030000
1759413600000,1.17219,1.17219,1.17057,1.17127,2764180000
1759414500000,1.17132,1.17168,1.17074,1.17152,3146710000
1759415400000,1.17151,1.17165,1.17097,1.17102,1987800000
1759416300000,1.17104,1.17145,1.1705,1.17134,2143130000
1759417200000,1.17131,1.17133,1.16997,1.16998,2403090000
1759418100000,1.16999,1.17009,1.16917,1.16958,1773920000
1759419000000,1.16958,1.16971,1.16884,1.16929,1739950000
1759419900000,1.16929,1.16983,1.16829,1.16965,1466520000
1759420800000,1.16964,1.17054,1.16949,1.17028,5468200000
1759421700000,1.17027,1.17078,1.17027,1.17073,1482890000
1759422600000,1.17071,1.17105,1.17067,1.17089,1908320000
1759423500000,1.17089,1.17149,1.17076,1.17148,1429270000
1759424400000,1.17147,1.17182,1.17121,1.17148,1130620000
1759425300000,1.17149,1.17203,1.17141,1.1718,490740000
1759426200000,1.17179,1.17195,1.17145,1.17167,856310000
1759427100000,1.17168,1.17196,1.17134,1.17134,1514190000
1759428000000,1.17134,1.17177,1.17125,1.1717,678820000
1759428900000,1.17169,1.17191,1.17162,1.17182,861510000
1759429800000,1.17182,1.172,1.17174,1.17183,782930000
1759430700000,1.17184,1.17222,1.17182,1.17209,711160000
1759431600000,1.17209,1.17265,1.17209,1.17247,837460000
1759432500000,1.17248,1.17252,1.17227,1.1723,420950000
1759433400000,1.17229,1.1723,1.17191,1.17194,431840000
1759434300000,1.17193,1.17212,1.17172,1.17187,630090000
1759435200000,1.17188,1.17241,1.17165,1.17198,682210000
1759436100000,1.17197,1.17197,1.17174,1.17181,367210000
1759437000000,1.17179,1.17205,1.1716,1.17161,366680000
1759437900000,1.17161,1.17167,1.17143,1.17154,1196130000
1759438800000,1.17154,1.17158,1.1713,1.17158,96380000
1759439700000,1.17156,1.17161,1.17143,1.17151,262480000
1759440600000,1.1715,1.17185,1.1715,1.17178,617160000
1759441500000,1.17185,1.17186,1.17146,1.17169,495900000
1759442400000,1.17174,1.17208,1.17162,1.1719,347270000
1759443300000,1.1719,1.17191,1.17177,1.17181,58050000
1759444200000,1.1718,1.17202,1.17176,1.17202,91350000
1759445100000,1.17202,1.17203,1.17184,1.17188,170840000
1759446000000,1.1719,1.17208,1.17184,1.172,177770000
1759446900000,1.17201,1.17231,1.17198,1.17221,151110000
1759447800000,1.17223,1.17257,1.17221,1.17248,100290000
1759448700000,1.17249,1.17254,1.17243,1.17244,145710000
1759449600000,1.17245,1.17245,1.17205,1.17239,394260000
1759450500000,1.17238,1.17243,1.17219,1.17236,252860000
1759451400000,1.17234,1.17234,1.17189,1.17203,221650000
1759452300000,1.17204,1.17242,1.17202,1.17241,388610000
1759453200000,1.17244,1.17289,1.17203,1.17224,1112020000
1759454100000,1.17223,1.17228,1.17161,1.17182,614280000
1759455000000,1.17184,1.17233,1.17173,1.17225,565490000
1759455900000,1.17228,1.17292,1.17227,1.17268,690980000
1759456800000,1.17267,1.17277,1.17236,1.17243,426930000
1759457700000,1.17243,1.17258,1.1721,1.17226,368480000
1759458600000,1.17224,1.17265,1.17204,1.17265,468030000
1759459500000,1.17263,1.1727,1.17237,1.17246,421470000
1759460400000,1.17243,1.17253,1.17217,1.1722,307300000
1759461300000,1.17219,1.17224,1.17198,1.172,302640000
1759462200000,1.17202,1.17241,1.17199,1.17235,243330000
1759463100000,1.17235,1.17268,1.1723,1.17262,270880000
1759464000000,1.17262,1.1728,1.1724,1.17249,266060000
1759464900000,1.17248,1.17249,1.17236,1.17239,152560000
1759465800000,1.17238,1.17241,1.17203,1.17226,616190000
1759466700000,1.17228,1.17231,1.17179,1.17179,448320000
1759467600000,1.17179,1.17211,1.17159,1.17202,748600000
1759468500000,1.17203,1.17213,1.17146,1.17159,995090000
1759469400000,1.17158,1.17194,1.17154,1.17169,512310000
1759470300000,1.17167,1.17207,1.17153,1.17169,677820000
1759471200000,1.17169,1.17249,1.1716,1.1723,714740000
1759472100000,1.1723,1.17265,1.17205,1.17214,593330000
1759473000000,1.17212,1.17289,1.17212,1.17253,648650000
1759473900000,1.17255,1.17262,1.17175,1.17203,760640000
1759474800000,1.17204,1.17251,1.17204,1.17227,1104750000
1759475700000,1.17227,1.17273,1.17217,1.17263,967500000
1759476600000,1.17263,1.17342,1.1726,1.17304,1297800000
1759477500000,1.17303,1.1732,1.17279,1.1732,1058360000
1759478400000,1.1732,1.17371,1.17309,1.1736,1011220000
1759479300000,1.17361,1.17373,1.17339,1.17368,859690000
1759480200000,1.17365,1.17397,1.17354,1.17391,895440000
1759481100000,1.17391,1.17444,1.17343,1.17399,1682360000
1759482000000,1.17399,1.17406,1.17328,1.17339,1673620000
1759482900000,1.17342,1.17347,1.17311,1.17345,1100440000
1759483800000,1.17348,1.17389,1.17335,1.17368,1049310000
1759484700000,1.17368,1.17394,1.1735,1.17371,1039180000
1759485600000,1.17371,1.17381,1.17336,1.17357,1127870000
1759486500000,1.17358,1.17363,1.17346,1.17356,694970000
1759487400000,1.17357,1.17397,1.17345,1.17363,720080000
1759488300000,1.17364,1.17385,1.17336,1.17362,876480000
1759489200000,1.17362,1.17372,1.17314,1.17352,1180010000
1759490100000,1.17353,1.17371,1.17309,1.17359,1244090000
1759491000000,1.17358,1.17423,1.17355,1.1741,788450000
1759491900000,1.17412,1.17428,1.17329,1.17336,1134030000
1759492800000,1.17338,1.17371,1.17315,1.17338,923610000
1759493700000,1.17338,1.17386,1.17318,1.17341,848370000
1759494600000,1.17339,1.17374,1.17268,1.17331,1349190000
1759495500000,1.17334,1.17407,1.17308,1.17393,1645320000
1759496400000,1.17395,1.17405,1.17326,1.17334,1380460000
1759497300000,1.17335,1.1743,1.17334,1.17405,1550540000
1759498200000,1.17405,1.17437,1.17366,1.17428,1206390000
1759499100000,1.17428,1.17444,1.17349,1.17377,1533310000
1759500000000,1.17379,1.17591,1.17362,1.17442,5699070000
1759500900000,1.17443,1.175,1.17395,1.1742,7947700000
1759501800000,1.17421,1.17467,1.17346,1.17379,2277760000
1759502700000,1.17381,1.17424,1.1734,1.17407,1722290000
1759503600000,1.17408,1.17417,1.17365,1.17408,1166820000
1759504500000,1.17408,1.17471,1.17389,1.17431,992080000
1759505400000,1.1743,1.17468,1.17405,1.17441,916600000
1759506300000,1.17442,1.17487,1.1741,1.17459,1040610000
1759507200000,1.17462,1.17483,1.17413,1.17438,891400000
1759508100000,1.17438,1.17441,1.17379,1.17399,528240000
1759509000000,1.17398,1.17406,1.17376,1.17381,429100000
1759509900000,1.1738,1.17412,1.17379,1.17396,486000000
1759510800000,1.17396,1.17414,1.17378,1.17406,691460000
1759511700000,1.17406,1.17411,1.17381,1.17386,468710000
1759512600000,1.17384,1.17415,1.17384,1.17403,395110000
1759513500000,1.17402,1.17404,1.17319,1.17337,764450000
1759514400000,1.17337,1.1734,1.17265,1.17322,1013800000
1759515300000,1.17325,1.1734,1.17306,1.17336,580830000
1759516200000,1.17336,1.17378,1.17332,1.17377,405000000
1759517100000,1.17379,1.17401,1.17368,1.17396,588690000
1759518000000,1.17395,1.17413,1.1737,1.17396,583020000
1759518900000,1.17397,1.17422,1.17397,1.17402,362230000
1759519800000,1.17403,1.17417,1.17391,1.17413,225750000
1759520700000,1.17411,1.17414,1.17383,1.17409,428630000
1759521600000,1.17408,1.17443,1.17408,1.1741,364010000
1759522500000,1.17412,1.17433,1.17397,1.17425,320160000
1759523400000,1.17425,1.17426,1.17389,1.17395,490880000
1759524300000,1.17395,1.1742,1.17382,1.17382,985400000
1759698000000,1.17209,1.17249,1.17187,1.1723,144200000
1759698900000,1.17229,1.17275,1.17204,1.17204,145040000
1759699800000,1.17221,1.17255,1.17204,1.17239,124490000
1759700700000,1.1724,1.1726,1.17228,1.17256,123740000
1759701600000,1.17256,1.17272,1.17156,1.17175,1695230000
1759702500000,1.17176,1.17215,1.1716,1.17204,1159490000
1759703400000,1.17205,1.17215,1.17157,1.1717,1011180000
1759704300000,1.17169,1.1718,1.17157,1.1716,430870000
1759705200000,1.1716,1.17164,1.1708,1.17115,834360000
1759706100000,1.17112,1.17137,1.17077,1.17101,1495630000
1759707000000,1.17102,1.17118,1.1706,1.17115,1565630000
1759707900000,1.17114,1.1713,1.17084,1.17116,1519780000
1759708800000,1.17121,1.17189,1.17102,1.17128,1814620000
1759709700000,1.17131,1.17171,1.17107,1.1712,863930000
1759710600000,1.17122,1.17139,1.171,1.17109,676600000
1759711500000,1.17109,1.17169,1.17109,1.1716,761350000
1759712400000,1.17163,1.17176,1.17128,1.17164,681140000
1759713300000,1.17165,1.1719,1.17101,1.17117,489930000
1759714200000,1.17118,1.17206,1.17115,1.17189,761140000
1759715100000,1.1719,1.17249,1.17181,1.17239,878940000
1759716000000,1.17239,1.1728,1.17236,1.1728,449170000
1759716900000,1.1728,1.17297,1.17267,1.17289,306760000
1759717800000,1.1729,1.17307,1.17264,1.17267,397600000
1759718700000,1.17266,1.17294,1.17258,1.17269,653800000
1759719600000,1.17269,1.17293,1.17262,1.17271,477920000
1759720500000,1.1727,1.17283,1.1726,1.17282,316740000
1759721400000,1.17283,1.173,1.17274,1.17288,323630000
1759722300000,1.17289,1.17295,1.17233,1.17242,516520000
1759723200000,1.17243,1.1727,1.17203,1.17214,660550000
1759724100000,1.17216,1.17273,1.17194,1.17244,886320000
1759725000000,1.17244,1.17255,1.17222,1.17232,543930000
1759725900000,1.17233,1.17249,1.172,1.17201,439090000
1759726800000,1.172,1.17253,1.17173,1.17173,566950000
1759727700000,1.17173,1.17193,1.17153,1.17172,630060000
1759728600000,1.17174,1.17176,1.1714,1.17151,519190000
1759729500000,1.17153,1.17174,1.17142,1.1717,339250000
1759730400000,1.17172,1.17196,1.17043,1.17071,1427810000
1759731300000,1.17069,1.17116,1.17055,1.17116,1289480000
1759732200000,1.17116,1.17131,1.16997,1.17011,1260250000
1759733100000,1.17011,1.17016,1.16901,1.16936,1802790000
1759734000000,1.16936,1.17047,1.16913,1.17035,2259750000
1759734900000,1.17034,1.171,1.17009,1.17094,1516500000
1759735800000,1.17095,1.17119,1.16667,1.16667,3924280000
1759736700000,1.16667,1.16789,1.16621,1.16625,4542680000
1759737600000,1.16626,1.1665,1.16525,1.16556,3048620000
1759738500000,1.16557,1.16678,1.16516,1.16672,4338500000
1759739400000,1.16673,1.16769,1.16652,1.16761,2804640000
1759740300000,1.16766,1.16796,1.16666,1.16677,2689100000
1759741200000,1.16675,1.16696,1.16589,1.16658,3722060000
1759742100000,1.16657,1.16666,1.16614,1.16636,4841440000
1759743000000,1.16636,1.16678,1.16576,1.1658,4135220000
1759743900000,1.16579,1.16677,1.1657,1.16661,2212320000
1759744800000,1.16662,1.16668,1.16525,1.16566,2794050000
1759745700000,1.16566,1.16628,1.16546,1.16626,2982660000
1759746600000,1.16626,1.16638,1.16608,1.16618,1209290000
1759747500000,1.16613,1.16659,1.16581,1.16632,2755080000
1759748400000,1.16632,1.16684,1.16574,1.16677,2092560000
1759749300000,1.16675,1.1675,1.16668,1.16746,1231650000
1759750200000,1.16748,1.16788,1.16733,1.16752,1256590000
1759751100000,1.16752,1.16775,1.16721,1.16753,2343890000
1759752000000,1.16751,1.16845,1.16728,1.16791,7526740000
1759752900000,1.16793,1.16822,1.16752,1.16786,3614160000
1759753800000,1.16784,1.1685,1.16776,1.16827,1845490000
1759754700000,1.16828,1.16895,1.16822,1.16889,1137010000
1759755600000,1.16891,1.16952,1.1688,1.16922,1507730000
1759756500000,1.16922,1.16943,1.16872,1.16884,1216690000
1759757400000,1.16883,1.16971,1.16836,1.16963,1823730000
1759758300000,1.16965,1.17027,1.16959,1.16994,2148880000
1759759200000,1.16993,1.17061,1.16964,1.17024,1609270000
1759760100000,1.17026,1.17034,1.1695,1.1698,1214340000
1759761000000,1.16983,1.17082,1.16959,1.17082,1522340000
1759761900000,1.17082,1.17177,1.17063,1.17164,2658350000
1759762800000,1.17164,1.17211,1.17137,1.17155,1622770000
1759763700000,1.17151,1.17153,1.17091,1.17096,1194900000
1759764600000,1.17094,1.17094,1.17029,1.17074,1156840000
1759765500000,1.17074,1.17075,1.17038,1.17063,733900000
1759766400000,1.17066,1.17095,1.17038,1.17038,1016150000
1759767300000,1.17039,1.17068,1.17029,1.17057,636370000
1759768200000,1.17059,1.17073,1.17036,1.17065,456590000
1759769100000,1.17064,1.17121,1.17061,1.17118,480120000
1759770000000,1.17118,1.17135,1.17102,1.17108,506420000
1759770900000,1.1711,1.17129,1.17098,1.1712,387020000
1759771800000,1.1712,1.17158,1.17099,1.17125,361930000
1759772700000,1.17124,1.17129,1.17096,1.17103,626550000
1759773600000,1.17101,1.17136,1.17095,1.17116,417290000
1759774500000,1.17117,1.17157,1.17116,1.1714,450850000
1759775400000,1.17139,1.17145,1.17098,1.17122,318600000
1759776300000,1.17121,1.17131,1.17093,1.17125,491810000
1759777200000,1.17126,1.17139,1.17112,1.17133,475770000
1759778100000,1.17135,1.1714,1.17119,1.17136,227770000
1759779000000,1.17135,1.17168,1.17133,1.1716,290700000
1759779900000,1.1716,1.17168,1.171,1.17106,572920000
1759780800000,1.17105,1.17125,1.17082,1.1712,582440000
1759781700000,1.17122,1.17138,1.17107,1.17114,244480000
1759782600000,1.17114,1.17122,1.1711,1.17115,120860000
1759783500000,1.17114,1.17131,1.17092,1.17104,1001960000
1759784400000,1.17104,1.17106,1.1706,1.17084,124690000
1759785300000,1.17082,1.17144,1.17079,1.17079,338020000
1759786200000,1.17079,1.1711,1.17079,1.17098,380210000
1759787100000,1.171,1.17113,1.17078,1.17085,339950000
1759788000000,1.17084,1.17125,1.17083,1.17107,710120000
1759788900000,1.17107,1.17144,1.17104,1.17127,1093020000
1759789800000,1.17129,1.1713,1.17086,1.17093,392790000
1759790700000,1.17093,1.17108,1.17085,1.17095,248250000
1759791600000,1.17097,1.17108,1.17082,1.17083,224480000
1759792500000,1.17084,1.17096,1.17082,1.17091,189700000
1759793400000,1.17087,1.17142,1.17083,1.17131,340450000
1759794300000,1.17132,1.17135,1.17089,1.17092,386120000
1759795200000,1.17093,1.17097,1.17044,1.17059,794170000
1759796100000,1.17062,1.1711,1.1706,1.17093,692030000
1759797000000,1.17092,1.17095,1.17045,1.17046,296660000
1759797900000,1.17047,1.17087,1.1704,1.17085,692410000
1759798800000,1.17087,1.17087,1.17024,1.17059,457080000
1759799700000,1.17061,1.17081,1.17049,1.1705,680080000
1759800600000,1.17049,1.17049,1.16969,1.16975,527200000
1759801500000,1.16974,1.16997,1.16963,1.16967,231520000
1759802400000,1.16966,1.17035,1.16966,1.17029,543360000
1759803300000,1.17026,1.17043,1.17015,1.17042,297760000
1759804200000,1.17043,1.17057,1.17025,1.17034,244630000
1759805100000,1.1703,1.17053,1.17011,1.17014,226840000
1759806000000,1.17016,1.17038,1.16994,1.17036,357460000
1759806900000,1.17035,1.17061,1.17035,1.1704,436600000
1759807800000,1.1704,1.17066,1.17027,1.17063,415620000
1759808700000,1.17065,1.17069,1.17028,1.1703,266220000
1759809600000,1.1703,1.1706,1.17012,1.17058,295180000
1759810500000,1.17057,1.17072,1.17038,1.17045,340860000
1759811400000,1.17046,1.17057,1.16986,1.1699,718120000
1759812300000,1.16987,1.16991,1.16943,1.16983,729050000
1759813200000,1.16983,1.16996,1.16904,1.1691,500440000
1759814100000,1.16911,1.16921,1.16889,1.16894,401380000
1759815000000,1.16896,1.16906,1.16873,1.169,353200000
1759815900000,1.169,1.16936,1.16897,1.16915,510560000
1759816800000,1.16915,1.16916,1.16829,1.16869,1582870000
1759817700000,1.16868,1.16888,1.16836,1.16864,1759940000
1759818600000,1.16863,1.16894,1.1685,1.16888,1271450000
1759819500000,1.16887,1.16889,1.16845,1.16866,929420000
1759820400000,1.16864,1.16878,1.16772,1.16811,1421270000
1759821300000,1.16811,1.16847,1.16793,1.16795,991850000
1759822200000,1.16797,1.16811,1.16721,1.16722,971090000
1759823100000,1.16722,1.1677,1.16701,1.16761,1028340000
1759824000000,1.16761,1.16828,1.16758,1.16811,954020000
1759824900000,1.16812,1.16821,1.16731,1.16736,729810000
1759825800000,1.16737,1.16762,1.16707,1.16707,888560000
1759826700000,1.1671,1.1671,1.16648,1.16657,993540000
1759827600000,1.16657,1.16708,1.16648,1.16659,1256900000
1759828500000,1.16658,1.16666,1.16625,1.16637,794340000
1759829400000,1.16635,1.16665,1.16604,1.16638,964230000
1759830300000,1.1664,1.16666,1.16619,1.16663,800810000
1759831200000,1.16662,1.1671,1.16629,1.16701,1485980000
1759832100000,1.16702,1.16727,1.16695,1.16709,659990000
1759833000000,1.16711,1.16758,1.16711,1.16741,975690000
1759833900000,1.1674,1.16757,1.16713,1.16741,1048140000
1759834800000,1.16739,1.16742,1.16649,1.16655,1326570000
1759835700000,1.16658,1.16677,1.16573,1.16585,754400000
1759836600000,1.16588,1.16617,1.16566,1.16617,1054630000
1759837500000,1.16616,1.16629,1.16538,1.16625,938480000
1759838400000,1.16623,1.16663,1.16606,1.1661,961840000
1759839300000,1.16612,1.16617,1.16539,1.16596,1620490000
1759840200000,1.16595,1.16664,1.1657,1.16655,2177480000
1759841100000,1.16654,1.16668,1.16598,1.16666,1745610000
1759842000000,1.16668,1.167,1.16618,1.16623,1356260000
1759842900000,1.16623,1.16697,1.16623,1.16672,1395890000
1759843800000,1.1667,1.16677,1.16604,1.1666,1566060000
1759844700000,1.1666,1.1669,1.16593,1.16602,1427570000
1759845600000,1.16601,1.16611,1.16553,1.1659,2139200000
1759846500000,1.16591,1.16637,1.16558,1.16559,1591950000
1759847400000,1.16559,1.16585,1.16547,1.1656,1701830000
1759848300000,1.1656,1.16661,1.16558,1.16629,2354220000
1759849200000,1.16631,1.16735,1.16614,1.16722,1400230000
1759850100000,1.16722,1.16749,1.16711,1.16735,1132730000
1759851000000,1.16735,1.16778,1.16692,1.16771,1783130000
1759851900000,1.16771,1.16798,1.16728,1.16728,2244140000
1759852800000,1.1673,1.1681,1.16724,1.16779,1387340000
1759853700000,1.16779,1.1679,1.16749,1.16758,890850000
1759854600000,1.16756,1.16764,1.16714,1.1672,1088040000
1759855500000,1.16719,1.16743,1.16697,1.16699,704600000
1759856400000,1.16698,1.16792,1.16698,1.16767,1321190000
1759857300000,1.16766,1.16768,1.16725,1.16731,1206280000
1759858200000,1.1673,1.16761,1.16705,1.16758,859220000
1759859100000,1.1676,1.1676,1.16664,1.16672,707630000
1759860000000,1.16673,1.16679,1.16631,1.16655,884960000
1759860900000,1.16656,1.16663,1.16638,1.16645,524390000
1759861800000,1.16644,1.16648,1.1657,1.16596,628830000
1759862700000,1.16596,1.16618,1.16567,1.16576,523010000
1759863600000,1.16577,1.16582,1.16536,1.16538,821980000
1759864500000,1.16537,1.16539,1.16508,1.16516,693000000
1759865400000,1.16514,1.16535,1.16474,1.16497,835190000
1759866300000,1.16494,1.16507,1.16481,1.165,594090000
1759867200000,1.16502,1.16533,1.16488,1.16517,498310000
1759868100000,1.16518,1.16546,1.16514,1.16537,317030000
1759869000000,1.16537,1.16567,1.16528,1.16565,183870000
1759869900000,1.16565,1.16583,1.1656,1.16563,548690000
1759870800000,1.16559,1.16559,1.16529,1.16542,159200000
1759871700000,1.16541,1.16581,1.16541,1.16556,362850000
1759872600000,1.16553,1.16573,1.16551,1.16567,240750000
1759873500000,1.16568,1.16583,1.16547,1.16563,1381050000
1759874400000,1.16561,1.1661,1.16561,1.16596,400920000
1759875300000,1.16595,1.16605,1.16583,1.16594,131620000
1759876200000,1.16593,1.16601,1.16587,1.16597,151590000
1759877100000,1.16599,1.166,1.16588,1.1659,74700000
1759878000000,1.16591,1.16591,1.16567,1.16568,153320000
1759878900000,1.16568,1.1657,1.16534,1.16562,289400000
1759879800000,1.16562,1.16564,1.16538,1.16557,214390000
1759880700000,1.16556,1.16585,1.16526,1.16526,845760000
1759881600000,1.16527,1.1653,1.16458,1.16472,893790000
1759882500000,1.16473,1.16491,1.16454,1.1648,422260000
1759883400000,1.16475,1.16496,1.16459,1.16486,516950000
1759884300000,1.16485,1.16514,1.16462,1.16473,589220000
1759885200000,1.16472,1.16472,1.16357,1.16422,2435960000
1759886100000,1.16423,1.16438,1.16272,1.16297,1240850000
1759887000000,1.16297,1.16297,1.1626,1.16284,1326530000
1759887900000,1.16281,1.16288,1.16259,1.16265,1291610000
1759888800000,1.16266,1.16268,1.16211,1.16225,1052710000
1759889700000,1.16226,1.16249,1.16168,1.16235,986250000
1759890600000,1.16236,1.16261,1.16229,1.16255,674250000
1759891500000,1.16258,1.16271,1.16219,1.16238,691580000
1759892400000,1.16236,1.16238,1.16186,1.16196,337790000
1759893300000,1.16197,1.16219,1.16174,1.16196,376030000
1759894200000,1.16198,1.16227,1.16193,1.16221,391250000
1759895100000,1.16221,1.16245,1.16219,1.16237,744760000
1759896000000,1.16236,1.16251,1.16198,1.16209,625240000
1759896900000,1.16208,1.16213,1.16186,1.16193,385750000
1759897800000,1.16195,1.16209,1.16161,1.16163,579140000
1759898700000,1.1616,1.16197,1.16159,1.16191,265650000
1759899600000,1.16189,1.16189,1.16119,1.16141,701810000
1759900500000,1.16142,1.16179,1.16142,1.16156,433440000
1759901400000,1.16154,1.16191,1.16128,1.16138,732170000
1759902300000,1.1614,1.16171,1.16131,1.16168,664520000
1759903200000,1.1617,1.16202,1.16116,1.1612,1449930000
1759904100000,1.16119,1.16125,1.1607,1.16099,1358370000
1759905000000,1.16099,1.16136,1.16068,1.16126,1194420000
1759905900000,1.16124,1.16171,1.16106,1.16163,758420000
1759906800000,1.16166,1.16193,1.16128,1.16144,1808040000
1759907700000,1.16144,1.16192,1.16116,1.16165,1551290000
1759908600000,1.16164,1.16287,1.16144,1.1627,2261680000
1759909500000,1.1627,1.16341,1.16263,1.1631,1752700000
1759910400000,1.16311,1.16353,1.16293,1.16312,1044050000
1759911300000,1.16311,1.16312,1.1623,1.16245,1479310000
1759912200000,1.16246,1.16279,1.16223,1.16234,935790000
1759913100000,1.16236,1.16242,1.16105,1.16144,1270400000
1759914000000,1.16147,1.162,1.16107,1.16199,1498350000
1759914900000,1.16202,1.16202,1.16157,1.16168,688570000
1759915800000,1.16167,1.16182,1.16091,1.16098,1253410000
1759916700000,1.16099,1.16138,1.16059,1.16112,1207280000
1759917600000,1.16112,1.16181,1.16091,1.16174,975310000
1759918500000,1.16172,1.16273,1.16167,1.1627,1282370000
1759919400000,1.16271,1.16296,1.16255,1.16294,753110000
1759920300000,1.16294,1.16361,1.16276,1.16336,1120270000
1759921200000,1.16335,1.16345,1.16286,1.16315,1435490000
1759922100000,1.16316,1.16316,1.1626,1.16288,1201940000
1759923000000,1.16289,1.16312,1.16271,1.16272,593060000
1759923900000,1.16275,1.16308,1.16251,1.16259,815110000
1759924800000,1.1626,1.16352,1.16245,1.16346,1353030000
1759925700000,1.1635,1.16364,1.16314,1.16351,883650000
1759926600000,1.16353,1.16378,1.16296,1.1635,756780000
1759927500000,1.16348,1.16356,1.16319,1.16324,968170000
1759928400000,1.16322,1.16396,1.16313,1.16367,1058170000
1759929300000,1.16368,1.16447,1.16307,1.16307,1288940000
1759930200000,1.1631,1.16386,1.16305,1.16354,1281050000
1759931100000,1.16352,1.16352,1.16273,1.16317,1651520000
1759932000000,1.16317,1.16361,1.16285,1.16335,2149620000
1759932900000,1.16335,1.16339,1.16291,1.16332,1080630000
1759933800000,1.16332,1.16349,1.16313,1.16325,1242910000
1759934700000,1.16325,1.16354,1.16203,1.16215,1494080000
1759935600000,1.16216,1.16219,1.16134,1.16156,1947860000
1759936500000,1.16156,1.16176,1.16124,1.16171,2351540000
1759937400000,1.16173,1.16183,1.16108,1.16137,1713170000
1759938300000,1.16138,1.16141,1.1603,1.16056,1531730000
1759939200000,1.16057,1.16069,1.16007,1.16012,1542700000
1759940100000,1.1601,1.16039,1.16,1.1601,757450000
1759941000000,1.16013,1.16052,1.15983,1.16035,1162770000
1759941900000,1.16038,1.16054,1.16022,1.16051,524020000
1759942800000,1.16052,1.16064,1.16023,1.1605,887270000
1759943700000,1.16051,1.16072,1.16045,1.16058,507950000
1759944600000,1.16057,1.16084,1.16032,1.16081,442220000
1759945500000,1.16083,1.16091,1.16058,1.16069,495660000
1759946400000,1.1607,1.16074,1.15996,1.1602,1228820000
1759947300000,1.16019,1.1617,1.16003,1.16152,2348090000
1759948200000,1.16153,1.16216,1.1614,1.16185,1248880000
1759949100000,1.16183,1.1622,1.1617,1.16198,894160000
1759950000000,1.16201,1.16256,1.16201,1.16231,801720000
1759950900000,1.16229,1.16255,1.16221,1.16244,428220000
1759951800000,1.16242,1.16256,1.16228,1.16231,432280000
1759952700000,1.16232,1.16283,1.16232,1.16278,415110000
1759953600000,1.1628,1.16312,1.16276,1.16282,387130000
1759954500000,1.16282,1.16322,1.16266,1.16276,457520000
1759955400000,1.16275,1.16293,1.16263,1.16282,294830000
1759956300000,1.16281,1.16323,1.16273,1.16274,1027530000
1759957200000,1.16275,1.16276,1.16245,1.16251,670540000
1759958100000,1.16251,1.16268,1.16247,1.16249,1016060000
1759959000000,1.16251,1.16269,1.1623,1.16245,1163320000
1759959900000,1.16249,1.16287,1.16233,1.1628,1291320000
1759960800000,1.16282,1.16337,1.16275,1.16332,683810000
1759961700000,1.16332,1.16339,1.16319,1.16325,303450000
1759962600000,1.16327,1.16337,1.16316,1.16327,379240000
1759963500000,1.16328,1.16348,1.16325,1.16333,230770000
1759964400000,1.16333,1.16334,1.16303,1.16323,421220000
1759965300000,1.16323,1.16326,1.1628,1.16289,289980000
1759966200000,1.16289,1.1632,1.16288,1.1629,357510000
1759967100000,1.1629,1.1631,1.1628,1.1629,419000000
1759968000000,1.16289,1.16332,1.1628,1.16309,472130000
1759968900000,1.1631,1.16375,1.163,1.16368,505900000
1759969800000,1.16371,1.16407,1.16363,1.16392,526760000
1759970700000,1.16391,1.16409,1.16359,1.16368,649550000
1759971600000,1.16366,1.16442,1.16363,1.16412,1274520000
1759972500000,1.16408,1.16448,1.16404,1.16447,820240000
1759973400000,1.16448,1.16455,1.16394,1.16399,532490000
1759974300000,1.164,1.16406,1.16381,1.164,462080000
1759975200000,1.16399,1.16415,1.16387,1.16415,549760000
1759976100000,1.16414,1.1642,1.16388,1.16415,324260000
1759977000000,1.16413,1.16459,1.16411,1.16457,466190000
1759977900000,1.16457,1.16476,1.16435,1.16439,677520000
1759978800000,1.16437,1.16464,1.16408,1.1641,313950000
1759979700000,1.16412,1.16448,1.16403,1.16439,365720000
1759980600000,1.16441,1.16453,1.1643,1.16447,251690000
1759981500000,1.16447,1.16463,1.16436,1.16447,281160000
1759982400000,1.16445,1.16453,1.16435,1.16446,293720000
1759983300000,1.16444,1.16457,1.16439,1.16441,221010000
1759984200000,1.1644,1.16442,1.16418,1.1643,214240000
1759985100000,1.16433,1.1647,1.16433,1.16454,194920000
1759986000000,1.16455,1.1648,1.16452,1.16475,514260000
1759986900000,1.16475,1.16476,1.16436,1.1644,381560000
1759987800000,1.16442,1.16449,1.16414,1.16428,600910000
1759988700000,1.16428,1.16433,1.16382,1.16384,495070000
1759989600000,1.16383,1.16385,1.16272,1.16301,1635600000
1759990500000,1.16299,1.16338,1.16223,1.1623,1921750000
1759991400000,1.1623,1.16247,1.16176,1.16186,1480520000
1759992300000,1.16184,1.16199,1.16113,1.16153,1824210000
1759993200000,1.16156,1.16231,1.16154,1.16192,2947500000
1759994100000,1.16194,1.16201,1.16128,1.16141,1963880000
1759995000000,1.16141,1.16168,1.16064,1.16113,2013870000
1759995900000,1.16115,1.16154,1.16089,1.16111,2273720000
1759996800000,1.16108,1.16131,1.16067,1.16116,1748240000
1759997700000,1.16117,1.16142,1.16099,1.1611,1321930000
1759998600000,1.1611,1.16143,1.1603,1.16114,1624270000
1759999500000,1.16116,1.16125,1.16038,1.16123,1426340000
1760000400000,1.16124,1.16242,1.16115,1.16136,2763890000
1760001300000,1.16135,1.16219,1.16107,1.16214,1553310000
1760002200000,1.16214,1.16253,1.16194,1.16232,1182140000
1760003100000,1.16233,1.16271,1.16203,1.16256,1054900000
1760004000000,1.16258,1.16271,1.1624,1.16249,637220000
1760004900000,1.16247,1.1626,1.16204,1.16237,661310000
1760005800000,1.16235,1.16239,1.1615,1.16169,673490000
1760006700000,1.16171,1.16202,1.16129,1.16184,1072840000
1760007600000,1.16184,1.16208,1.16093,1.16097,1292310000
1760008500000,1.16095,1.1616,1.16094,1.16154,532640000
1760009400000,1.16152,1.1621,1.16143,1.162,1530640000
1760010300000,1.16202,1.1622,1.16119,1.16121,1775310000
1760011200000,1.16119,1.16147,1.16081,1.16088,1338570000
1760012100000,1.1609,1.16122,1.16048,1.16081,1216380000
1760013000000,1.1608,1.16151,1.16066,1.16134,2697240000
1760013900000,1.16134,1.16162,1.16104,1.1615,2589100000
1760014800000,1.16151,1.16231,1.16085,1.16144,4712550000
1760015700000,1.16143,1.16169,1.16061,1.16141,3313410000
1760016600000,1.16141,1.16153,1.15914,1.15952,2622810000
1760017500000,1.1595,1.16052,1.15926,1.16025,2758320000
1760018400000,1.16025,1.16027,1.15914,1.15972,2330690000
1760019300000,1.1597,1.16003,1.15775,1.15799,2648120000
1760020200000,1.15798,1.15829,1.15763,1.15781,3658640000
1760021100000,1.15782,1.15883,1.15765,1.15808,2663720000
1760022000000,1.15808,1.15817,1.15622,1.15693,2815100000
1760022900000,1.1569,1.15764,1.15566,1.1557,2386070000
1760023800000,1.15572,1.15598,1.1547,1.15487,2540320000
1760024700000,1.15487,1.15587,1.15475,1.15587,1865680000
1760025600000,1.15587,1.15632,1.1554,1.15549,1416670000
1760026500000,1.15548,1.15586,1.15524,1.15583,874930000
1760027400000,1.15582,1.15594,1.15524,1.15564,1211780000
1760028300000,1.15565,1.15604,1.1553,1.15578,1492210000
1760029200000,1.15577,1.1563,1.15556,1.15613,1224430000
1760030100000,1.15616,1.15662,1.15577,1.15644,1004110000
1760031000000,1.15645,1.15645,1.15563,1.15584,932670000
1760031900000,1.15582,1.15601,1.1554,1.15598,706760000
1760032800000,1.15596,1.156,1.1557,1.15581,612390000
1760033700000,1.1558,1.15602,1.15565,1.15571,581220000
1760034600000,1.15569,1.15574,1.15534,1.1555,462900000
1760035500000,1.15551,1.15551,1.1542,1.15463,1280290000
1760036400000,1.15463,1.15528,1.15463,1.15522,707450000
1760037300000,1.15524,1.15554,1.15499,1.15547,456010000
1760038200000,1.15545,1.15612,1.15533,1.15585,551250000
1760039100000,1.15584,1.15615,1.15571,1.15594,646310000
1760040000000,1.15593,1.15648,1.15585,1.15641,559940000
1760040900000,1.15641,1.15655,1.15613,1.15651,473840000
1760041800000,1.15648,1.15667,1.15625,1.15627,392380000
1760042700000,1.15627,1.15654,1.15625,1.15635,915000000
1760043600000,1.15634,1.15635,1.15551,1.15593,93290000
1760044500000,1.15593,1.15624,1.15591,1.15608,386110000
1760045400000,1.15609,1.15627,1.15603,1.15622,180720000
1760046300000,1.1562,1.15648,1.15619,1.15628,316490000
1760047200000,1.15633,1.15666,1.15628,1.15633,489820000
1760048100000,1.15635,1.15645,1.15617,1.15628,166190000
1760049000000,1.15625,1.15639,1.15624,1.15634,81000000
1760049900000,1.15635,1.15652,1.15635,1.15646,86040000
1760050800000,1.15645,1.15645,1.15567,1.15583,451560000
1760051700000,1.15583,1.15634,1.15582,1.15629,421740000
1760052600000,1.15629,1.15651,1.15618,1.15649,176680000
1760053500000,1.1565,1.15663,1.15641,1.15652,170780000
1760054400000,1.1565,1.15661,1.15606,1.15625,596210000
1760055300000,1.15628,1.15653,1.15619,1.1563,308090000
1760056200000,1.1563,1.1566,1.15611,1.15646,318580000
1760057100000,1.15646,1.15706,1.15644,1.15673,591390000
1760058000000,1.15674,1.15714,1.15653,1.15671,748670000
1760058900000,1.15669,1.15705,1.15664,1.15682,422220000
1760059800000,1.15682,1.15689,1.15647,1.15668,401430000
1760060700000,1.15667,1.1569,1.15623,1.15626,374290000
1760061600000,1.15628,1.15711,1.15625,1.15697,652920000
1760062500000,1.15697,1.15729,1.15693,1.15719,516400000
1760063400000,1.15721,1.15722,1.15691,1.15699,532940000
1760064300000,1.15699,1.15703,1.15673,1.15695,309900000
1760065200000,1.15693,1.15709,1.15678,1.15678,257330000
1760066100000,1.15676,1.15716,1.15673,1.15712,258210000
1760067000000,1.15713,1.1574,1.15708,1.15729,521820000
1760067900000,1.15727,1.15739,1.15717,1.15729,333040000
1760068800000,1.15727,1.15735,1.15676,1.15682,371930000
1760069700000,1.15683,1.15712,1.15674,1.15703,262240000
1760070600000,1.15702,1.15715,1.15684,1.15715,170740000
1760071500000,1.15714,1.15735,1.15707,1.15734,274890000
1760072400000,1.15732,1.15755,1.15715,1.15736,596500000
1760073300000,1.15735,1.15773,1.15735,1.15749,269360000
1760074200000,1.1575,1.15765,1.15715,1.15764,315960000
1760075100000,1.15763,1.15778,1.15693,1.15697,483720000
1760076000000,1.15697,1.15711,1.15668,1.15701,793890000
1760076900000,1.15702,1.15724,1.1568,1.15688,553720000
1760077800000,1.15685,1.15746,1.15635,1.15671,2236980000
1760078700000,1.15672,1.15744,1.15609,1.15701,2190040000
1760079600000,1.15701,1.15759,1.15667,1.15751,3094270000
1760080500000,1.15753,1.15767,1.15638,1.15693,1554960000
1760081400000,1.15694,1.1575,1.15675,1.15748,1156840000
1760082300000,1.15746,1.15798,1.15735,1.1578,1027480000
1760083200000,1.15778,1.15865,1.15751,1.15859,1370510000
1760084100000,1.15857,1.15895,1.15826,1.15864,1053070000
1760085000000,1.15864,1.15873,1.15831,1.15857,1074080000
1760085900000,1.15854,1.15859,1.15778,1.15787,818120000
1760086800000,1.15786,1.15799,1.15745,1.15752,520190000
1760087700000,1.15751,1.15756,1.15699,1.15699,889310000
1760088600000,1.15701,1.15741,1.15686,1.15741,584760000
1760089500000,1.15739,1.15791,1.15733,1.15743,931040000
1760090400000,1.15744,1.15776,1.15707,1.15769,778130000
1760091300000,1.15768,1.15833,1.15768,1.15804,720260000
1760092200000,1.15805,1.15806,1.15737,1.15744,623470000
1760093100000,1.15743,1.15747,1.15704,1.15714,955620000
1760094000000,1.15715,1.15747,1.15695,1.15735,836350000
1760094900000,1.15737,1.15742,1.15673,1.15677,590640000
1760095800000,1.15679,1.15697,1.15621,1.15671,1228030000
1760096700000,1.1567,1.15682,1.15601,1.1561,1266880000
1760097600000,1.15609,1.15724,1.1559,1.15716,1926350000
1760098500000,1.15718,1.15759,1.15717,1.15738,968570000
1760099400000,1.15738,1.1576,1.15691,1.15733,1583240000
1760100300000,1.15732,1.1574,1.15693,1.15719,1168820000
1760101200000,1.15718,1.1572,1.15618,1.15661,882960000
1760102100000,1.15661,1.15734,1.15637,1.15664,906500000
1760103000000,1.15665,1.15703,1.15622,1.15672,1832040000
1760103900000,1.15671,1.15707,1.15641,1.15683,1486090000
1760104800000,1.15684,1.15776,1.15646,1.15723,2372900000
1760105700000,1.15724,1.15733,1.15647,1.15676,2765490000
1760106600000,1.15674,1.15751,1.15651,1.15729,2619600000
1760107500000,1.15729,1.15822,1.15717,1.15782,2634940000
1760108400000,1.15784,1.16213,1.15777,1.16076,8284960000
1760109300000,1.16074,1.16275,1.16062,1.16272,7206800000
1760110200000,1.16273,1.16305,1.16145,1.16145,6823890000
1760111100000,1.16146,1.1618,1.16084,1.16124,4140720000
1760112000000,1.16124,1.16254,1.1612,1.1621,2273170000
1760112900000,1.16207,1.16213,1.16072,1.16119,1709760000
1760113800000,1.16116,1.16155,1.16055,1.1609,1611590000
1760114700000,1.16089,1.16103,1.1604,1.16059,1092040000
1760115600000,1.16056,1.1609,1.15969,1.1599,2005280000
1760116500000,1.15989,1.16061,1.15984,1.1604,968380000
1760117400000,1.16041,1.16056,1.16017,1.16041,612660000
1760118300000,1.16043,1.16059,1.15994,1.16009,598610000
1760119200000,1.16012,1.16039,1.15997,1.16019,717040000
1760120100000,1.16022,1.16097,1.16009,1.1609,730230000
1760121000000,1.16091,1.16124,1.16074,1.16074,584640000
1760121900000,1.16074,1.16129,1.16068,1.16085,630660000
1760122800000,1.16084,1.16086,1.16036,1.16081,528370000
1760123700000,1.16085,1.16119,1.16065,1.16114,493410000
1760124600000,1.16116,1.1615,1.16114,1.16142,639720000
1760125500000,1.16144,1.16149,1.16099,1.16126,1111660000
1760126400000,1.16129,1.16144,1.1609,1.16101,559500000
1760127300000,1.16101,1.16147,1.1609,1.16122,482030000
1760128200000,1.16123,1.1614,1.16037,1.16069,489750000
1760129100000,1.16071,1.16285,1.16046,1.16149,3254220000
1760302800000,1.16138,1.1615,1.16089,1.16095,94820000
1760303700000,1.16096,1.16105,1.16079,1.16086,70690000
1760304600000,1.16078,1.16145,1.16078,1.16137,190470000
1760305500000,1.16138,1.16146,1.16113,1.16117,599470000
1760306400000,1.16116,1.16135,1.15945,1.15949,1623230000
1760307300000,1.15948,1.15968,1.15918,1.15954,1090220000
1760308200000,1.15957,1.16044,1.15946,1.16027,822990000
1760309100000,1.16025,1.16036,1.16002,1.1603,479050000
1760310000000,1.16032,1.16096,1.16016,1.16036,739880000
1760310900000,1.16036,1.16088,1.16011,1.16079,572000000
1760311800000,1.16077,1.16101,1.16001,1.16017,499230000
1760312700000,1.1602,1.16045,1.16005,1.16015,806690000
1760313600000,1.16012,1.16061,1.16,1.16044,983820000
1760314500000,1.16045,1.16082,1.16031,1.16039,673270000
1760315400000,1.16039,1.16115,1.16019,1.16108,741350000
1760316300000,1.16106,1.16158,1.16104,1.16157,1062220000
1760317200000,1.16159,1.16195,1.16117,1.16131,917780000
1760318100000,1.16133,1.16148,1.16098,1.16107,990560000
1760319000000,1.16109,1.16208,1.16104,1.16191,635710000
1760319900000,1.16194,1.16209,1.16158,1.16197,644800000
1760320800000,1.16198,1.16275,1.16192,1.1627,739130000
1760321700000,1.16271,1.16273,1.16186,1.16188,470030000
1760322600000,1.16187,1.16227,1.16183,1.16191,402750000
1760323500000,1.16188,1.162,1.16167,1.16194,305600000
1760324400000,1.16195,1.16216,1.16186,1.16187,390600000
1760325300000,1.16188,1.16202,1.16164,1.16164,261560000
1760326200000,1.16162,1.16197,1.16161,1.1619,310720000
1760327100000,1.16192,1.16215,1.16171,1.16205,371690000
1760328000000,1.16204,1.16213,1.16191,1.16211,392580000
1760328900000,1.16212,1.1625,1.16212,1.16236,440510000
1760329800000,1.16236,1.16242,1.16191,1.162,301480000
1760330700000,1.16198,1.16203,1.16178,1.16201,214930000
1760331600000,1.16202,1.16222,1.16168,1.162,416790000
1760332500000,1.16201,1.16238,1.16168,1.16172,496580000
1760333400000,1.16171,1.16193,1.1616,1.1619,366640000
1760334300000,1.16187,1.16187,1.16128,1.16145,529030000
1760335200000,1.16146,1.16239,1.16136,1.16235,980710000
1760336100000,1.16238,1.16297,1.16225,1.16258,1196410000
1760337000000,1.16257,1.16275,1.16202,1.16273,1013810000
1760337900000,1.16272,1.16285,1.16106,1.16139,1518970000
1760338800000,1.1614,1.16158,1.16018,1.16021,1795290000
1760339700000,1.16019,1.16127,1.16019,1.16122,1589980000
1760340600000,1.16122,1.16136,1.16028,1.16036,1898670000
1760341500000,1.16036,1.16058,1.15973,1.15997,1491430000
1760342400000,1.15997,1.16047,1.15971,1.15985,1330880000
1760343300000,1.15983,1.15989,1.15898,1.15902,1371980000
1760344200000,1.15903,1.15915,1.15815,1.1584,2080010000
1760345100000,1.15843,1.1588,1.15834,1.15853,1544080000
1760346000000,1.15853,1.15958,1.15842,1.15949,962360000
1760346900000,1.15946,1.15954,1.15913,1.15919,656620000
1760347800000,1.15919,1.1598,1.15912,1.15924,769030000
1760348700000,1.15925,1.15963,1.15925,1.15942,595950000
1760349600000,1.15941,1.15956,1.1588,1.15884,627790000
1760350500000,1.15886,1.15917,1.15816,1.15857,686260000
1760351400000,1.15859,1.15888,1.15827,1.15849,653160000
1760352300000,1.15849,1.1587,1.15814,1.15833,777350000
1760353200000,1.15834,1.15941,1.15833,1.15901,2099630000
1760354100000,1.15902,1.15928,1.15821,1.15833,907890000
1760355000000,1.15833,1.15847,1.15725,1.15741,1070280000
1760355900000,1.1574,1.15785,1.15653,1.15681,1884320000
1760356800000,1.15686,1.15765,1.15666,1.15714,1400420000
1760357700000,1.15718,1.15738,1.15656,1.15657,1434840000
1760358600000,1.15658,1.1571,1.15625,1.15699,1178550000
1760359500000,1.15698,1.15707,1.15616,1.15685,1474670000
1760360400000,1.15685,1.15729,1.15644,1.1572,1735100000
1760361300000,1.15721,1.15731,1.15676,1.15708,1094920000
1760362200000,1.1571,1.15743,1.15663,1.1569,1573400000
1760363100000,1.15691,1.15775,1.15685,1.15749,1450550000
1760364000000,1.15748,1.15748,1.1564,1.15643,1350330000
1760364900000,1.15643,1.15681,1.15614,1.15616,1511610000
1760365800000,1.15616,1.15651,1.15607,1.15643,1324020000
1760366700000,1.15644,1.15655,1.15574,1.15612,1228180000
1760367600000,1.15612,1.15675,1.156,1.15667,1370010000
1760368500000,1.15667,1.15712,1.15663,1.15677,811480000
1760369400000,1.15676,1.15723,1.15665,1.15708,625250000
1760370300000,1.15705,1.15752,1.15704,1.15737,1091300000
1760371200000,1.15738,1.15768,1.15738,1.15749,1197610000
1760372100000,1.1575,1.15792,1.15714,1.15749,2013840000
1760373000000,1.15749,1.15752,1.15695,1.15716,786100000
1760373900000,1.15714,1.15769,1.15713,1.15754,447490000
1760374800000,1.15753,1.1577,1.15732,1.15753,363660000
1760375700000,1.15751,1.15767,1.1574,1.15755,385200000
1760376600000,1.15757,1.15763,1.15708,1.15708,285900000
1760377500000,1.15708,1.15756,1.15696,1.15731,642060000
1760378400000,1.15733,1.15772,1.1573,1.15767,544540000
1760379300000,1.15769,1.15776,1.15744,1.15752,385760000
1760380200000,1.15751,1.15763,1.15712,1.15723,674620000
1760381100000,1.15722,1.15729,1.15659,1.15683,485980000
1760382000000,1.15684,1.15722,1.15681,1.15713,453680000
1760382900000,1.15711,1.15737,1.15711,1.15718,444500000
1760383800000,1.15719,1.15723,1.15682,1.15701,227800000
1760384700000,1.15701,1.15704,1.15658,1.1566,347790000
1760385600000,1.15661,1.1569,1.1565,1.15689,248930000
1760386500000,1.15689,1.15699,1.15667,1.15669,228540000
1760387400000,1.1567,1.15683,1.15667,1.15683,190540000
1760388300000,1.15684,1.15707,1.15664,1.15691,780210000
1760389200000,1.1569,1.15706,1.15674,1.15704,160180000
1760390100000,1.15704,1.15712,1.15688,1.15711,249840000
1760391000000,1.15709,1.15726,1.15694,1.1572,562270000
1760391900000,1.15718,1.15727,1.15706,1.15713,369960000
1760392800000,1.15715,1.15723,1.15693,1.15721,476970000
1760393700000,1.15722,1.15738,1.15718,1.15719,365700000
1760394600000,1.15719,1.15719,1.15691,1.15692,440760000
1760395500000,1.15692,1.15701,1.15675,1.15677,352230000
1760396400000,1.15679,1.15683,1.15635,1.15648,529510000
1760397300000,1.15646,1.15677,1.15644,1.15654,158200000
1760398200000,1.15658,1.15697,1.15655,1.15677,154170000
1760399100000,1.15679,1.15693,1.15656,1.15658,373870000
1760400000000,1.15657,1.15672,1.15551,1.15585,1754950000
1760400900000,1.15589,1.15607,1.15549,1.15556,1305650000
1760401800000,1.15557,1.15588,1.15549,1.15583,1072760000
1760402700000,1.15583,1.15623,1.15576,1.15611,805530000
1760403600000,1.15612,1.15678,1.15605,1.15677,1067510000
1760404500000,1.15677,1.15721,1.15656,1.15711,753000000
1760405400000,1.15712,1.15732,1.15699,1.15714,709930000
1760406300000,1.15715,1.15732,1.15699,1.15707,420480000
1760407200000,1.15707,1.15728,1.15704,1.15709,780820000
1760408100000,1.15711,1.15729,1.15704,1.15716,367660000
1760409000000,1.15717,1.15732,1.15705,1.15718,335740000
1760409900000,1.15718,1.15761,1.15709,1.15737,434550000
1760410800000,1.15737,1.1574,1.15711,1.15726,696130000
1760411700000,1.15725,1.15764,1.15725,1.15758,583900000
1760412600000,1.15758,1.15797,1.15747,1.15797,479710000
1760413500000,1.15798,1.15818,1.15785,1.15787,518650000
1760414400000,1.15787,1.15833,1.15783,1.15823,922360000
1760415300000,1.15822,1.15873,1.15817,1.15856,1470050000
1760416200000,1.15856,1.15862,1.15831,1.1585,845920000
1760417100000,1.15848,1.15925,1.15848,1.15917,811860000
1760418000000,1.15917,1.1592,1.15844,1.15854,1043640000
1760418900000,1.15853,1.15858,1.15823,1.15839,811960000
1760419800000,1.15839,1.15935,1.15838,1.15884,1321880000
1760420700000,1.15883,1.15886,1.15826,1.15844,1474320000
1760421600000,1.15843,1.15894,1.15783,1.15814,1877000000
1760422500000,1.15815,1.15839,1.15701,1.15707,2160030000
1760423400000,1.15709,1.15745,1.15629,1.15678,1492270000
1760424300000,1.15678,1.15711,1.15657,1.157,1322510000
1760425200000,1.15699,1.15744,1.15651,1.15674,1913800000
1760426100000,1.15673,1.15707,1.15593,1.15601,1498670000
1760427000000,1.15601,1.15627,1.15423,1.15438,3100940000
1760427900000,1.15439,1.15545,1.15426,1.15495,2786430000
1760428800000,1.15494,1.15572,1.15455,1.15559,2540800000
1760429700000,1.15558,1.15573,1.15525,1.15554,2217730000
1760430600000,1.15553,1.15606,1.15544,1.1557,1922830000
1760431500000,1.15567,1.15595,1.1552,1.15587,1864690000
1760432400000,1.15587,1.15599,1.15515,1.15588,1474380000
1760433300000,1.15587,1.15628,1.15568,1.15606,1063980000
1760434200000,1.15607,1.15631,1.15583,1.15605,735480000
1760435100000,1.15605,1.15606,1.1553,1.15549,919030000
1760436000000,1.15546,1.15594,1.15541,1.15584,874380000
1760436900000,1.15584,1.15584,1.15511,1.15542,1106070000
1760437800000,1.15545,1.15581,1.15533,1.15559,867980000
1760438700000,1.1556,1.15566,1.15511,1.15533,927620000
1760439600000,1.15533,1.15538,1.15463,1.15488,1006990000
1760440500000,1.15489,1.15582,1.15487,1.1556,1082420000
1760441400000,1.1556,1.15572,1.15523,1.15543,669570000
1760442300000,1.15544,1.15563,1.15501,1.15518,1337350000
1760443200000,1.1552,1.15591,1.15507,1.15589,1306020000
1760444100000,1.1559,1.1565,1.15583,1.15586,1463310000
1760445000000,1.15584,1.15607,1.1549,1.15532,1617740000
1760445900000,1.15532,1.15569,1.15479,1.15555,1614260000
1760446800000,1.15554,1.15665,1.15542,1.15651,1610860000
1760447700000,1.15647,1.15797,1.15603,1.15759,2108990000
1760448600000,1.15756,1.15829,1.15723,1.1577,2841240000
1760449500000,1.15771,1.15804,1.15737,1.15739,2511290000
1760450400000,1.1574,1.15783,1.15689,1.15774,2225270000
1760451300000,1.15772,1.15859,1.15724,1.15803,1652840000
1760452200000,1.15803,1.15915,1.15798,1.15889,1435010000
1760453100000,1.1589,1.15972,1.15855,1.15941,2271350000
1760454000000,1.15942,1.15959,1.15865,1.15915,1684360000
1760454900000,1.15914,1.15934,1.15871,1.15895,1375830000
1760455800000,1.15896,1.15956,1.1589,1.15934,1839900000
1760456700000,1.15937,1.16081,1.15933,1.16071,1968950000
1760457600000,1.16073,1.16106,1.16011,1.16031,1391430000
1760458500000,1.16031,1.16146,1.16023,1.16082,2590000000
1760459400000,1.16082,1.16148,1.16033,1.16137,1413910000
1760460300000,1.16134,1.16148,1.16082,1.16094,1053460000
1760461200000,1.16091,1.1612,1.16035,1.16037,1140530000
1760462100000,1.16039,1.16072,1.16017,1.16058,855660000
1760463000000,1.16058,1.16083,1.16038,1.16058,560310000
1760463900000,1.16056,1.16117,1.16047,1.16093,772390000
1760464800000,1.16093,1.16117,1.16057,1.16063,1164950000
1760465700000,1.16062,1.16073,1.16034,1.16049,639440000
1760466600000,1.16048,1.16084,1.16045,1.16078,573910000
1760467500000,1.16079,1.16093,1.16043,1.16049,484760000
1760468400000,1.16049,1.16092,1.16046,1.16064,517340000
1760469300000,1.16063,1.16084,1.16042,1.16062,580320000
1760470200000,1.16062,1.16113,1.16049,1.16096,1489790000
1760471100000,1.16095,1.161,1.1605,1.16053,945990000
1760472000000,1.16055,1.16073,1.16017,1.16029,329490000
1760472900000,1.16029,1.16042,1.16005,1.16005,186620000
1760473800000,1.16008,1.16028,1.15997,1.16028,316540000
1760474700000,1.16026,1.16078,1.16018,1.16059,808600000
1760475600000,1.1606,1.16077,1.16049,1.16071,108040000
1760476500000,1.16071,1.16075,1.16071,1.16075,46620000
1760477400000,1.16076,1.16083,1.1607,1.16072,171140000
1760478300000,1.16071,1.16081,1.16069,1.16073,400290000
1760479200000,1.16072,1.16097,1.16069,1.16077,441040000
1760480100000,1.16079,1.16081,1.16052,1.16059,98650000
1760481000000,1.16061,1.16077,1.16054,1.16061,181220000
1760481900000,1.16059,1.16063,1.16034,1.16034,163820000
1760482800000,1.16035,1.16041,1.16018,1.16032,260730000
1760483700000,1.16032,1.16055,1.16026,1.16042,264980000
1760484600000,1.16043,1.16052,1.16036,1.16051,235120000
1760485500000,1.16051,1.16052,1.16018,1.16032,322650000
1760486400000,1.1603,1.16072,1.16017,1.16067,877620000
1760487300000,1.16065,1.16099,1.16051,1.16079,803330000
1760488200000,1.16079,1.16092,1.16049,1.16091,1352790000
1760489100000,1.16092,1.16138,1.16086,1.16104,1156220000
1760490000000,1.16106,1.16129,1.16068,1.1612,1408010000
1760490900000,1.1612,1.16227,1.16115,1.16226,1791560000
1760491800000,1.16227,1.16228,1.16161,1.1617,1076930000
1760492700000,1.16169,1.16197,1.16169,1.1619,923910000
1760493600000,1.16192,1.16239,1.16179,1.16229,889650000
1760494500000,1.16227,1.16238,1.16206,1.1622,433430000
1760495400000,1.16217,1.16245,1.16207,1.16228,554630000
1760496300000,1.16231,1.16258,1.16211,1.16229,689700000
1760497200000,1.16229,1.16237,1.16214,1.16221,624680000
1760498100000,1.16219,1.16222,1.16184,1.16204,403410000
1760499000000,1.16206,1.16233,1.16193,1.16217,379460000
1760499900000,1.16215,1.1624,1.16209,1.16221,305210000
1760500800000,1.16223,1.16242,1.16216,1.16217,306190000
1760501700000,1.16217,1.16225,1.16176,1.16182,287160000
1760502600000,1.16184,1.16191,1.16168,1.16189,347100000
1760503500000,1.16191,1.162,1.16182,1.16183,245370000
1760504400000,1.16185,1.16227,1.16183,1.16221,379680000
1760505300000,1.16219,1.16251,1.16218,1.16251,488520000
1760506200000,1.16252,1.16267,1.16233,1.16246,581160000
1760507100000,1.16247,1.16249,1.16195,1.16195,640840000
1760508000000,1.16195,1.16283,1.16175,1.16281,1458390000
1760508900000,1.1628,1.16319,1.16216,1.16235,1920200000
1760509800000,1.16237,1.163,1.16213,1.16299,1464050000
1760510700000,1.16299,1.16384,1.1629,1.16339,1503030000
1760511600000,1.16341,1.16403,1.1632,1.16379,2010440000
1760512500000,1.16378,1.1638,1.16295,1.16309,1514080000
1760513400000,1.16305,1.16397,1.16292,1.16392,1247840000
1760514300000,1.1639,1.16445,1.16347,1.16356,1373070000
1760515200000,1.16355,1.16391,1.16353,1.16367,1070650000
1760516100000,1.16368,1.16389,1.16347,1.16353,1129190000
1760517000000,1.16353,1.1639,1.16328,1.1639,701220000
1760517900000,1.1639,1.16453,1.16314,1.16326,1458720000
1760518800000,1.16325,1.16337,1.16279,1.16299,864170000
1760519700000,1.163,1.16321,1.1628,1.16319,1032150000
1760520600000,1.1632,1.1639,1.1632,1.16335,943970000
1760521500000,1.16333,1.16363,1.16309,1.16346,1162030000
1760522400000,1.16346,1.1635,1.16273,1.16294,1488420000
1760523300000,1.16294,1.16298,1.16218,1.16242,1408320000
1760524200000,1.16243,1.16248,1.16219,1.16236,553160000
1760525100000,1.16234,1.16259,1.16204,1.16242,561980000
1760526000000,1.16243,1.16296,1.16241,1.16283,842100000
1760526900000,1.16285,1.16321,1.16254,1.16285,933010000
1760527800000,1.16284,1.16284,1.16228,1.16273,857940000
1760528700000,1.16274,1.16278,1.16195,1.16199,1235820000
1760529600000,1.16201,1.1625,1.1618,1.16224,1169930000
1760530500000,1.16223,1.16266,1.1619,1.16258,1153850000
1760531400000,1.16256,1.16274,1.16194,1.16201,1667500000
1760532300000,1.16201,1.16232,1.16137,1.16175,1561090000
1760533200000,1.16176,1.16191,1.16103,1.16156,1918780000
1760534100000,1.16155,1.16216,1.16119,1.16203,1569830000
1760535000000,1.16204,1.16289,1.16196,1.1627,2760560000
1760535900000,1.16273,1.1632,1.16256,1.16272,2677550000
1760536800000,1.16273,1.16298,1.16211,1.16268,1740050000
1760537700000,1.16267,1.16273,1.16224,1.16236,1049020000
1760538600000,1.16235,1.16251,1.16195,1.16195,991750000
1760539500000,1.16197,1.16258,1.16195,1.16245,1819130000
1760540400000,1.16246,1.16258,1.16183,1.16257,1310210000
1760541300000,1.16258,1.1636,1.16243,1.16338,1148960000
1760542200000,1.1634,1.16456,1.16333,1.1644,1629150000
1760543100000,1.1644,1.16472,1.16313,1.16369,1772940000
1760544000000,1.16371,1.16376,1.16284,1.16308,1596110000
1760544900000,1.16307,1.16367,1.16304,1.16358,1083000000
1760545800000,1.16361,1.16388,1.16334,1.16358,861060000
1760546700000,1.16357,1.16407,1.16349,1.16398,916230000
1760547600000,1.16397,1.16402,1.16334,1.16341,1606510000
1760548500000,1.1634,1.16348,1.16299,1.16329,1462420000
1760549400000,1.16326,1.16338,1.16269,1.16296,1164190000
1760550300000,1.16295,1.16304,1.16271,1.16291,913590000
1760551200000,1.16292,1.16321,1.16277,1.163,782470000
1760552100000,1.16301,1.16372,1.16289,1.1635,914140000
1760553000000,1.16351,1.16368,1.16328,1.16342,648520000
1760553900000,1.1634,1.16342,1.16304,1.16332,466350000
1760554800000,1.16331,1.16378,1.16329,1.16366,504870000
1760555700000,1.16369,1.16384,1.1635,1.16377,421100000
1760556600000,1.16377,1.16402,1.16372,1.16384,559990000
1760557500000,1.16383,1.16448,1.16378,1.16441,846650000
1760558400000,1.16442,1.16476,1.16438,1.16443,468930000
1760559300000,1.16444,1.16473,1.16429,1.16438,347200000
1760560200000,1.16437,1.16467,1.16437,1.16446,207690000
1760561100000,1.16449,1.16472,1.16426,1.16466,751890000
1760562000000,1.16461,1.16461,1.16421,1.16421,135710000
1760562900000,1.16421,1.16452,1.16418,1.16436,166430000
1760563800000,1.16436,1.16442,1.16426,1.16435,153150000
1760564700000,1.16435,1.16441,1.16428,1.16434,386190000
1760565600000,1.16436,1.16479,1.16435,1.16467,641790000
1760566500000,1.16469,1.1648,1.16465,1.16476,148590000
1760567400000,1.16474,1.16497,1.16469,1.16495,128340000
1760568300000,1.16498,1.16519,1.16457,1.1646,785670000
1760569200000,1.16463,1.16468,1.16451,1.16463,466440000
1760570100000,1.16463,1.16467,1.16448,1.16452,167970000
1760571000000,1.16452,1.1646,1.16447,1.16458,113060000
1760571900000,1.16458,1.16465,1.16445,1.16456,477350000
1760572800000,1.16455,1.16492,1.16425,1.16486,1660860000
1760573700000,1.16488,1.16571,1.16478,1.16566,1211560000
1760574600000,1.16566,1.16648,1.16546,1.16646,2434310000
1760575500000,1.16647,1.16667,1.16598,1.16632,1340940000
1760576400000,1.16632,1.16653,1.1661,1.16632,1155510000
1760577300000,1.16631,1.16695,1.16631,1.16662,1299990000
1760578200000,1.16663,1.16696,1.16658,1.16687,965580000
1760579100000,1.1669,1.16754,1.16668,1.16696,1023470000
1760580000000,1.16698,1.16747,1.16696,1.167,1127810000
1760580900000,1.167,1.16701,1.16659,1.16664,904380000
1760581800000,1.16663,1.1667,1.16641,1.16645,668840000
1760582700000,1.16648,1.16674,1.16644,1.16659,656580000
1760583600000,1.16658,1.16661,1.16622,1.16644,843540000
1760584500000,1.16642,1.16671,1.16615,1.16632,1114560000
1760585400000,1.16633,1.16635,1.16617,1.16625,751110000
1760586300000,1.16626,1.16634,1.16618,1.16621,653680000
1760587200000,1.16619,1.16621,1.166,1.1661,201130000
1760588100000,1.16607,1.16608,1.16573,1.16575,471710000
1760589000000,1.16576,1.16586,1.16563,1.16567,443340000
1760589900000,1.16568,1.16577,1.16557,1.16561,314310000
1760590800000,1.16559,1.16575,1.16541,1.16552,702620000
1760591700000,1.16555,1.16564,1.16538,1.16564,480410000
1760592600000,1.16564,1.16597,1.16537,1.16577,1232540000
1760593500000,1.16576,1.16614,1.16565,1.166,627090000
1760594400000,1.16609,1.16662,1.16553,1.16662,1448790000
1760595300000,1.16663,1.16678,1.16595,1.16616,1634130000
1760596200000,1.16617,1.16617,1.16563,1.16567,1607700000
1760597100000,1.16568,1.16591,1.16521,1.16538,2000440000
1760598000000,1.16538,1.16555,1.16499,1.1651,1766230000
1760598900000,1.16508,1.16524,1.1645,1.16469,2466470000
1760599800000,1.1647,1.16546,1.16438,1.16546,1365390000
1760600700000,1.16546,1.16567,1.16429,1.16518,2445180000
1760601600000,1.16517,1.16589,1.16485,1.16544,2159030000
1760602500000,1.16544,1.16587,1.16528,1.16562,1011000000
1760603400000,1.16562,1.16599,1.16542,1.16585,905550000
1760604300000,1.16583,1.16597,1.16562,1.16587,856630000
1760605200000,1.16586,1.16601,1.16558,1.16577,844730000
1760606100000,1.16578,1.16606,1.16523,1.1653,913350000
1760607000000,1.16531,1.16608,1.16528,1.16597,951340000
1760607900000,1.16597,1.16637,1.16563,1.16581,837930000
1760608800000,1.16583,1.16604,1.16547,1.16559,1168700000
1760609700000,1.16557,1.16628,1.16534,1.16617,1099720000
1760610600000,1.16617,1.16618,1.16541,1.1656,1173380000
1760611500000,1.1656,1.16569,1.16529,1.16552,935950000
1760612400000,1.16556,1.16563,1.16502,1.1651,944950000
1760613300000,1.1651,1.1651,1.16465,1.1647,1157580000
1760614200000,1.16468,1.16541,1.16462,1.16517,1151560000
1760615100000,1.16518,1.16558,1.16514,1.16539,1270550000
1760616000000,1.1654,1.16554,1.16489,1.16514,1538180000
1760616900000,1.16517,1.16548,1.16499,1.16516,1057310000
1760617800000,1.16514,1.16581,1.16511,1.16521,1998720000
1760618700000,1.16519,1.16616,1.16501,1.16603,1431000000
1760619600000,1.16602,1.16623,1.16547,1.1657,2088270000
1760620500000,1.16571,1.16587,1.16519,1.16558,1501130000
1760621400000,1.16557,1.16589,1.165,1.16587,1987210000
1760622300000,1.16586,1.16641,1.16573,1.16574,1569590000
1760623200000,1.16575,1.1665,1.16534,1.16636,2191720000
1760624100000,1.16636,1.16722,1.16634,1.16709,1671960000
1760625000000,1.16708,1.16744,1.16675,1.16697,1602050000
1760625900000,1.16697,1.16779,1.16691,1.16769,1450180000
1760626800000,1.16769,1.1678,1.16731,1.16765,1462290000
1760627700000,1.16765,1.16772,1.16696,1.16718,1065730000
1760628600000,1.16719,1.16719,1.16662,1.16677,1544780000
1760629500000,1.16679,1.16687,1.16611,1.16643,1435350000
1760630400000,1.16642,1.16745,1.1664,1.16742,1163880000
1760631300000,1.16742,1.16774,1.16719,1.16724,1450630000
1760632200000,1.16725,1.16778,1.16692,1.16704,3192590000
1760633100000,1.16703,1.16789,1.16696,1.16767,2035890000
1760634000000,1.1677,1.16902,1.16767,1.16898,2230810000
1760634900000,1.16899,1.16935,1.16817,1.16906,1745630000
1760635800000,1.16905,1.16913,1.16838,1.16892,1218000000
1760636700000,1.16891,1.16918,1.16865,1.16881,1223470000
1760637600000,1.16879,1.16932,1.16859,1.16905,1423800000
1760638500000,1.16905,1.16905,1.16803,1.16816,1836670000
1760639400000,1.16818,1.16898,1.16813,1.16868,1649370000
1760640300000,1.16868,1.16927,1.16837,1.16892,1398320000
1760641200000,1.16892,1.16916,1.1687,1.16893,822490000
1760642100000,1.16894,1.16941,1.16893,1.16916,635230000
1760643000000,1.16914,1.16928,1.16873,1.16914,1064660000
1760643900000,1.16915,1.16932,1.16879,1.16888,1046780000
1760644800000,1.16888,1.16903,1.16874,1.16896,601650000
1760645700000,1.16895,1.16914,1.16888,1.16888,153180000
1760646600000,1.16888,1.16888,1.16847,1.16878,388580000
1760647500000,1.16878,1.16888,1.16863,1.16867,650130000
1760648400000,1.16864,1.16864,1.16816,1.16843,225560000
1760649300000,1.16844,1.1688,1.16843,1.16861,186370000
1760650200000,1.16861,1.16897,1.16856,1.16858,464450000
1760651100000,1.1686,1.16883,1.1686,1.16876,212550000
1760652000000,1.16884,1.16909,1.1686,1.16904,979180000
1760652900000,1.16905,1.1695,1.16904,1.16925,694360000
1760653800000,1.16924,1.16945,1.16919,1.16945,346740000
1760654700000,1.16945,1.16957,1.16935,1.16942,453000000
1760655600000,1.16943,1.16976,1.16928,1.1695,663280000
1760656500000,1.16953,1.16978,1.16952,1.1697,379450000
1760657400000,1.16969,1.16984,1.16968,1.16978,232080000
1760658300000,1.16976,1.16994,1.16971,1.16988,500560000
1760659200000,1.16989,1.16995,1.16951,1.16984,720200000
1760660100000,1.16983,1.17022,1.16982,1.17008,597570000
1760661000000,1.1701,1.17024,1.17,1.1702,476520000
1760661900000,1.1702,1.17112,1.17019,1.17065,1132290000
1760662800000,1.17065,1.17097,1.1705,1.17059,746660000
1760663700000,1.17059,1.1707,1.17007,1.17031,1318500000
1760664600000,1.17032,1.17076,1.17001,1.17022,1634280000
1760665500000,1.17022,1.17064,1.16997,1.17009,2934870000
1760666400000,1.17009,1.17027,1.16951,1.17012,1658020000
1760667300000,1.17014,1.17067,1.17009,1.17067,1059720000
1760668200000,1.17067,1.17112,1.17063,1.17101,520810000
1760669100000,1.17099,1.17114,1.17034,1.1705,971260000
1760670000000,1.17052,1.17084,1.17045,1.17075,1239220000
1760670900000,1.17075,1.17105,1.17074,1.17088,528790000
1760671800000,1.17089,1.17103,1.17069,1.17098,574020000
1760672700000,1.17097,1.17122,1.17084,1.17091,456120000
1760673600000,1.17091,1.17102,1.17076,1.17081,857820000
1760674500000,1.1708,1.17094,1.17061,1.17086,565980000
1760675400000,1.17087,1.17098,1.17062,1.17068,926220000
1760676300000,1.17068,1.17121,1.17066,1.17097,665250000
1760677200000,1.17097,1.17149,1.17096,1.1714,703200000
1760678100000,1.17139,1.17164,1.17139,1.17159,511270000
1760679000000,1.17159,1.17195,1.17155,1.17181,549870000
1760679900000,1.17182,1.17283,1.17173,1.17229,905620000
1760680800000,1.1723,1.17259,1.17173,1.17199,2224730000
1760681700000,1.17198,1.17265,1.17186,1.17212,2494380000
1760682600000,1.17213,1.17213,1.17103,1.17147,3782680000
1760683500000,1.17144,1.1716,1.17082,1.17105,3921570000
1760684400000,1.17103,1.17107,1.17002,1.17077,5595590000
1760685300000,1.17078,1.17146,1.16936,1.1703,6154820000
1760686200000,1.17028,1.17072,1.17007,1.17052,4576710000
1760687100000,1.17049,1.17128,1.17012,1.17114,3280020000
1760688000000,1.17114,1.1716,1.17034,1.17047,3102380000
1760688900000,1.17046,1.1707,1.16975,1.17034,1982640000
1760689800000,1.17034,1.17051,1.1697,1.17021,1355140000
1760690700000,1.17021,1.17032,1.16915,1.16968,2497460000
1760691600000,1.16968,1.17037,1.16963,1.17008,1750630000
1760692500000,1.1701,1.17076,1.17002,1.1702,1572210000
1760693400000,1.17021,1.17043,1.16964,1.17012,1814340000
1760694300000,1.17011,1.17018,1.16979,1.17011,2066680000
1760695200000,1.1701,1.17011,1.1693,1.1696,1317310000
1760696100000,1.16959,1.16982,1.16915,1.16943,1678720000
1760697000000,1.16945,1.16971,1.16924,1.16965,1895280000
1760697900000,1.16963,1.17026,1.16873,1.16894,2225260000
1760698800000,1.16894,1.16968,1.16802,1.16877,3771510000
1760699700000,1.16877,1.16888,1.16843,1.16852,3485390000
1760700600000,1.16855,1.16883,1.16846,1.16862,1989860000
1760701500000,1.16861,1.16905,1.16802,1.16848,1632610000
1760702400000,1.16849,1.16862,1.16761,1.16789,2428420000
1760703300000,1.16791,1.16797,1.16709,1.16719,2018020000
1760704200000,1.16719,1.16749,1.16668,1.16712,1668600000
1760705100000,1.16714,1.16767,1.16702,1.16762,1554560000
1760706000000,1.16762,1.16777,1.1672,1.16771,1524610000
1760706900000,1.16769,1.16811,1.16745,1.16785,1146400000
1760707800000,1.16783,1.16803,1.16723,1.16755,4319770000
1760708700000,1.16755,1.16791,1.1669,1.16704,3647300000
1760709600000,1.16702,1.1673,1.16563,1.16575,3399940000
1760710500000,1.16576,1.16687,1.16571,1.16664,2047050000
1760711400000,1.16664,1.16715,1.1664,1.16685,1534770000
1760712300000,1.16685,1.16704,1.16636,1.16668,2114860000
1760713200000,1.16668,1.16673,1.16611,1.16656,2239850000
1760714100000,1.16656,1.16673,1.16607,1.16611,1769020000
1760715000000,1.16612,1.16709,1.16607,1.16682,1201160000
1760715900000,1.16682,1.16733,1.16682,1.16733,910550000
1760716800000,1.1673,1.16765,1.16697,1.16756,909950000
1760717700000,1.16754,1.1679,1.16748,1.16779,1002490000
1760718600000,1.1678,1.16793,1.16733,1.16733,794840000
1760719500000,1.16736,1.16763,1.16703,1.16708,807530000
1760720400000,1.16707,1.16719,1.16688,1.16709,964450000
1760721300000,1.16708,1.1675,1.16708,1.1673,725990000
1760722200000,1.16731,1.16751,1.16717,1.16738,969410000
1760723100000,1.16741,1.16756,1.16669,1.16677,872440000
1760724000000,1.16677,1.16709,1.16639,1.16681,763530000
1760724900000,1.1668,1.16743,1.16666,1.16724,821330000
1760725800000,1.16725,1.16727,1.16693,1.16704,673070000
1760726700000,1.16705,1.16714,1.16656,1.16678,593420000
1760727600000,1.16678,1.1671,1.16678,1.16694,610740000
1760728500000,1.16695,1.16699,1.16671,1.16674,287220000
1760729400000,1.16676,1.16684,1.16664,1.16672,398210000
1760730300000,1.16674,1.16705,1.16658,1.16705,599330000
1760731200000,1.16692,1.16699,1.16607,1.16666,613240000
1760732100000,1.16666,1.1667,1.16623,1.16626,376330000
1760733000000,1.16627,1.16633,1.1654,1.16585,644500000
1760733900000,1.16586,1.16595,1.16496,1.16509,1140020000
1760907600000,1.16646,1.16655,1.16626,1.16651,149490000
1760908500000,1.16648,1.16653,1.16604,1.16606,69730000
1760909400000,1.16604,1.16618,1.16593,1.16617,184860000
1760910300000,1.16605,1.16612,1.1654,1.1654,221790000
1760911200000,1.16538,1.1657,1.16534,1.1654,801740000
1760912100000,1.16542,1.16553,1.16515,1.16539,794040000
1760913000000,1.16541,1.16574,1.16527,1.16569,802600000
1760913900000,1.16569,1.16574,1.16545,1.1656,592620000
1760914800000,1.1656,1.16561,1.16543,1.16553,784200000
1760915700000,1.16553,1.16595,1.16543,1.1659,531610000
1760916600000,1.1659,1.16615,1.16579,1.16608,487480000
1760917500000,1.16608,1.16608,1.16564,1.16578,918440000
1760918400000,1.16579,1.16627,1.16577,1.16593,1255810000
1760919300000,1.16593,1.16621,1.16579,1.16597,1414220000
1760920200000,1.16595,1.16635,1.16581,1.1662,1292180000
1760921100000,1.1662,1.16664,1.16613,1.16662,1760740000
1760922000000,1.16665,1.16674,1.16644,1.16668,973850000
1760922900000,1.16669,1.16673,1.16618,1.16619,548210000
1760923800000,1.16617,1.16621,1.16564,1.16587,488530000
1760924700000,1.16587,1.16636,1.16582,1.16598,515130000
1760925600000,1.16597,1.16678,1.16597,1.16678,805640000
1760926500000,1.16677,1.16697,1.16666,1.16687,534510000
1760927400000,1.16686,1.16706,1.16671,1.16673,708660000
1760928300000,1.16672,1.16672,1.16639,1.16658,509040000
1760929200000,1.16656,1.16677,1.16649,1.16665,435020000
1760930100000,1.16664,1.16683,1.16663,1.16664,281130000
1760931000000,1.16662,1.16678,1.16659,1.16662,258230000
1760931900000,1.16663,1.16686,1.16653,1.16681,465830000
1760932800000,1.16679,1.16688,1.16654,1.16655,241870000
1760933700000,1.16656,1.16688,1.16656,1.16682,346370000
1760934600000,1.16684,1.16717,1.16671,1.16709,764490000
1760935500000,1.16707,1.16736,1.16707,1.16714,785010000
1760936400000,1.16713,1.16728,1.16698,1.1672,419740000
1760937300000,1.1672,1.16739,1.16714,1.16736,378050000
1760938200000,1.16737,1.16753,1.16724,1.16738,622150000
1760939100000,1.1674,1.16742,1.16715,1.16736,468290000
1760940000000,1.16735,1.16735,1.16633,1.16633,1162680000
1760940900000,1.16633,1.1665,1.16587,1.16608,1484370000
1760941800000,1.16608,1.16675,1.16604,1.16663,1398290000
1760942700000,1.16661,1.16669,1.16566,1.16583,1179040000
1760943600000,1.16584,1.16617,1.16535,1.16617,1541400000
1760944500000,1.16616,1.16652,1.16598,1.16648,841020000
1760945400000,1.16651,1.1668,1.16625,1.16657,925610000
1760946300000,1.16656,1.16662,1.16596,1.16622,1125620000
1760947200000,1.16624,1.16655,1.16578,1.16646,1081160000
1760948100000,1.16645,1.16651,1.16613,1.16649,881750000
1760949000000,1.16648,1.16664,1.16617,1.16629,846660000
1760949900000,1.1663,1.16648,1.166,1.16633,1022060000
1760950800000,1.16634,1.16671,1.16593,1.16594,1336020000
1760951700000,1.16594,1.16637,1.16591,1.16617,864780000
1760952600000,1.16614,1.16675,1.16591,1.16666,848190000
1760953500000,1.16666,1.16674,1.16597,1.16617,1810410000
1760954400000,1.16617,1.16628,1.1654,1.16574,851490000
1760955300000,1.16573,1.16574,1.16512,1.16538,825790000
1760956200000,1.1654,1.16559,1.16529,1.16536,472900000
1760957100000,1.16536,1.16561,1.16531,1.16532,655060000
1760958000000,1.16533,1.16548,1.16503,1.16532,667570000
1760958900000,1.16531,1.1654,1.16506,1.1652,723590000
1760959800000,1.16519,1.16524,1.16443,1.16464,1299700000
1760960700000,1.16463,1.16563,1.16458,1.16563,1105940000
1760961600000,1.16565,1.16582,1.16543,1.16582,1240850000
1760962500000,1.16583,1.16603,1.16542,1.16546,1186860000
1760963400000,1.16545,1.16575,1.1652,1.16549,1310620000
1760964300000,1.16549,1.16576,1.16503,1.16534,1320070000
1760965200000,1.16534,1.16544,1.16484,1.16505,1351400000
1760966100000,1.16505,1.16525,1.16465,1.16524,1013580000
1760967000000,1.16523,1.16533,1.16463,1.16501,1519540000
1760967900000,1.165,1.16513,1.16463,1.16489,1245140000
1760968800000,1.16489,1.1655,1.16473,1.16542,1007660000
1760969700000,1.16541,1.16596,1.1654,1.16589,938200000
1760970600000,1.16585,1.16643,1.16577,1.16607,1749370000
1760971500000,1.16606,1.16621,1.16531,1.16535,2696160000
1760972400000,1.16535,1.1657,1.16524,1.16564,1289670000
1760973300000,1.16566,1.16644,1.16564,1.16628,1238160000
1760974200000,1.16627,1.16628,1.16579,1.16579,832450000
1760975100000,1.16581,1.16605,1.16543,1.16549,1269240000
1760976000000,1.16549,1.16581,1.16537,1.1655,1550040000
1760976900000,1.16549,1.16575,1.16514,1.16517,1523860000
1760977800000,1.16517,1.16545,1.16505,1.1651,463960000
1760978700000,1.1651,1.16531,1.16492,1.16498,562190000
1760979600000,1.16495,1.16528,1.16485,1.16508,571270000
1760980500000,1.16506,1.16508,1.16476,1.1649,449720000
1760981400000,1.16492,1.16492,1.16413,1.16431,574460000
1760982300000,1.16432,1.16446,1.16421,1.16433,541200000
1760983200000,1.16432,1.16436,1.16402,1.16415,542680000
1760984100000,1.16415,1.16424,1.16382,1.16424,445410000
1760985000000,1.16422,1.16464,1.16416,1.16437,512520000
1760985900000,1.16434,1.16483,1.16432,1.16462,491990000
1760986800000,1.16466,1.16491,1.16455,1.16472,395550000
1760987700000,1.16471,1.16471,1.16451,1.16461,432000000
1760988600000,1.16463,1.16464,1.16425,1.16437,263090000
1760989500000,1.16436,1.1644,1.16398,1.16407,637470000
1760990400000,1.16409,1.16441,1.16403,1.16403,456480000
1760991300000,1.16404,1.16438,1.16401,1.16432,291820000
1760992200000,1.16431,1.16442,1.16421,1.16431,131220000
1760993100000,1.16434,1.16437,1.16406,1.16412,779800000
1760994000000,1.16413,1.16429,1.1639,1.16418,113480000
1760994900000,1.16418,1.16439,1.16412,1.16438,700860000
1760995800000,1.16438,1.16443,1.16429,1.16443,140400000
1760996700000,1.16442,1.16447,1.16436,1.16441,433800000
1760997600000,1.16436,1.16451,1.16434,1.16441,257740000
1760998500000,1.1644,1.16451,1.16431,1.16434,75820000
1760999400000,1.16436,1.16441,1.16425,1.16429,78240000
1761000300000,1.16428,1.16444,1.16427,1.16428,82470000
1761001200000,1.1643,1.16446,1.16424,1.1643,102980000
1761002100000,1.16431,1.1645,1.16425,1.16437,145000000
1761003000000,1.16436,1.1644,1.16427,1.16431,81370000
1761003900000,1.16432,1.16447,1.16427,1.16439,160530000
1761004800000,1.16438,1.1652,1.1643,1.16513,1302670000
1761005700000,1.16513,1.16525,1.16487,1.16501,1090130000
1761006600000,1.16502,1.16542,1.16502,1.1654,1013490000
1761007500000,1.16539,1.1655,1.16515,1.16528,1114410000
1761008400000,1.16529,1.16529,1.16496,1.16502,818530000
1761009300000,1.16502,1.16516,1.16465,1.16467,985610000
1761010200000,1.16465,1.16482,1.1642,1.16437,822970000
1761011100000,1.16438,1.16472,1.16426,1.16447,538960000
1761012000000,1.1645,1.16452,1.16389,1.16439,1123850000
1761012900000,1.16439,1.16445,1.16408,1.16428,1303190000
1761013800000,1.16428,1.16432,1.16353,1.16358,1786170000
1761014700000,1.16358,1.16363,1.16326,1.1634,952930000
1761015600000,1.1634,1.16352,1.16327,1.16352,652650000
1761016500000,1.16356,1.16358,1.16334,1.16352,245170000
1761017400000,1.16353,1.16356,1.16337,1.16347,204330000
1761018300000,1.16346,1.16351,1.16329,1.16346,301940000
1761019200000,1.16344,1.16346,1.16319,1.16342,217420000
1761020100000,1.16342,1.16348,1.16332,1.16336,226220000
1761021000000,1.16332,1.1635,1.16318,1.16341,330680000
1761021900000,1.1634,1.16366,1.16323,1.16359,912810000
1761022800000,1.1636,1.16374,1.16323,1.16354,1153360000
1761023700000,1.16354,1.16355,1.16292,1.163,871220000
1761024600000,1.16301,1.16316,1.16268,1.16274,1058220000
1761025500000,1.16274,1.16291,1.16242,1.16252,1285420000
1761026400000,1.16251,1.16261,1.16185,1.16224,1596270000
1761027300000,1.16225,1.16261,1.16211,1.16253,1394030000
1761028200000,1.16252,1.16296,1.16238,1.16282,1355040000
1761029100000,1.16281,1.16339,1.16279,1.16317,1783130000
1761030000000,1.16319,1.16353,1.16238,1.16242,2861700000
1761030900000,1.16242,1.16322,1.16215,1.16304,2050610000
1761031800000,1.16302,1.16313,1.1624,1.16294,3015330000
1761032700000,1.16294,1.16315,1.16251,1.16252,2492070000
1761033600000,1.16251,1.16265,1.16203,1.16225,2911040000
1761034500000,1.16226,1.1627,1.16197,1.1625,1693010000
1761035400000,1.16252,1.16274,1.16198,1.16224,1188230000
1761036300000,1.16222,1.16225,1.16127,1.1621,1794600000
1761037200000,1.16213,1.16217,1.16159,1.16197,1341860000
1761038100000,1.16196,1.16231,1.16182,1.16221,974680000
1761039000000,1.16223,1.1627,1.16206,1.16238,1602560000
1761039900000,1.16239,1.16245,1.16192,1.16204,838330000
1761040800000,1.16206,1.16233,1.16122,1.16134,1021290000
1761041700000,1.16137,1.16149,1.16063,1.16149,2901220000
1761042600000,1.16147,1.16153,1.16078,1.1609,1500070000
1761043500000,1.16091,1.16183,1.16076,1.16178,1323430000
1761044400000,1.16179,1.16251,1.16168,1.16236,809180000
1761045300000,1.16239,1.16257,1.16181,1.16198,1202930000
1761046200000,1.16199,1.16237,1.1617,1.16178,956120000
1761047100000,1.16175,1.16183,1.1609,1.16128,1347790000
1761048000000,1.16128,1.16167,1.16042,1.16073,2542050000
1761048900000,1.16073,1.16104,1.16032,1.1605,2015540000
1761049800000,1.16052,1.16096,1.16018,1.16059,2044000000
1761050700000,1.16058,1.16117,1.16026,1.1611,1704770000
1761051600000,1.16108,1.16134,1.16078,1.16112,2977890000
1761052500000,1.16111,1.1616,1.16083,1.1611,2165380000
1761053400000,1.16113,1.16168,1.16081,1.16094,2511400000
1761054300000,1.16094,1.16147,1.16025,1.16124,2847310000
1761055200000,1.16125,1.16147,1.16055,1.16121,2947910000
1761056100000,1.1612,1.16181,1.16105,1.16134,1537980000
1761057000000,1.16133,1.16142,1.15996,1.16002,2104120000
1761057900000,1.16003,1.16063,1.15975,1.16044,2058430000
1761058800000,1.16045,1.16109,1.1604,1.16087,2361690000
1761059700000,1.16088,1.1616,1.16085,1.1616,1715980000
1761060600000,1.16159,1.1616,1.16085,1.1612,2227420000
1761061500000,1.16119,1.16165,1.16106,1.16149,2493820000
1761062400000,1.16152,1.16244,1.16138,1.16174,2608600000
1761063300000,1.16173,1.16173,1.1612,1.1616,861200000
1761064200000,1.16159,1.16176,1.16108,1.16126,810250000
1761065100000,1.16125,1.16133,1.16078,1.16088,1565680000
1761066000000,1.16087,1.16098,1.16051,1.16078,2387830000
1761066900000,1.16078,1.16083,1.16031,1.16032,875430000
1761067800000,1.16033,1.16053,1.16024,1.16036,685010000
1761068700000,1.16038,1.16045,1.16014,1.16037,811090000
1761069600000,1.16038,1.16072,1.16038,1.1606,554420000
1761070500000,1.1606,1.16072,1.16034,1.16046,335280000
1761071400000,1.16048,1.16084,1.16048,1.16058,468210000
1761072300000,1.16058,1.16076,1.16046,1.16049,406880000
1761073200000,1.16048,1.16075,1.16048,1.1606,496890000
1761074100000,1.16057,1.16062,1.16025,1.16027,478160000
1761075000000,1.16028,1.16053,1.1602,1.16049,443660000
1761075900000,1.16048,1.16059,1.15998,1.16006,577170000
1761076800000,1.16007,1.16009,1.1599,1.15997,430810000
1761077700000,1.15998,1.16,1.1599,1.15994,146370000
1761078600000,1.15991,1.16028,1.15989,1.16006,320360000
1761079500000,1.16006,1.16024,1.15989,1.15994,794470000
1761080400000,1.15988,1.16017,1.1598,1.16009,173410000
1761081300000,1.16007,1.16029,1.15998,1.16027,219330000
1761082200000,1.16023,1.16037,1.16014,1.16028,291600000
1761083100000,1.16027,1.16042,1.1602,1.16031,226110000
1761084000000,1.16032,1.16032,1.16,1.16004,422960000
1761084900000,1.16004,1.16018,1.15998,1.16011,301500000
1761085800000,1.1601,1.16019,1.16009,1.16012,114750000
1761086700000,1.16011,1.16018,1.15992,1.16,155920000
1761087600000,1.16,1.16013,1.15992,1.16004,112240000
1761088500000,1.16005,1.16005,1.15993,1.15997,181160000
1761089400000,1.16001,1.16015,1.15996,1.16011,81850000
1761090300000,1.16009,1.16013,1.15987,1.15993,350630000
1761091200000,1.15996,1.16057,1.15996,1.16055,924440000
1761092100000,1.16056,1.16075,1.16037,1.16067,1238510000
1761093000000,1.1607,1.16077,1.16047,1.16058,948480000
1761093900000,1.16059,1.16066,1.16044,1.16047,561790000
1761094800000,1.16045,1.16089,1.1604,1.16068,657820000
1761095700000,1.16069,1.16072,1.16026,1.16029,338970000
1761096600000,1.16028,1.16054,1.16014,1.16039,357800000
1761097500000,1.16038,1.16058,1.16037,1.16046,373130000
1761098400000,1.16046,1.16093,1.16046,1.16082,379150000
1761099300000,1.16083,1.16093,1.16072,1.16075,781660000
1761100200000,1.16076,1.16103,1.16064,1.16099,327970000
1761101100000,1.161,1.16107,1.16078,1.16083,326070000
1761102000000,1.16081,1.16088,1.16066,1.16068,226190000
1761102900000,1.16067,1.1607,1.16045,1.1605,279360000
1761103800000,1.16051,1.16079,1.16046,1.16079,427230000
1761104700000,1.16079,1.16087,1.16067,1.16069,323920000
1761105600000,1.16068,1.16088,1.1606,1.16076,385580000
1761106500000,1.16078,1.16085,1.1605,1.16063,207930000
1761107400000,1.16061,1.16084,1.16061,1.1608,160760000
1761108300000,1.16082,1.16094,1.16077,1.16091,302070000
1761109200000,1.16088,1.1614,1.16088,1.16133,633850000
1761110100000,1.16134,1.16146,1.16124,1.16139,308070000
1761111000000,1.16139,1.16156,1.16123,1.16129,404290000
1761111900000,1.16129,1.16145,1.16118,1.16133,746480000
1761112800000,1.16134,1.1614,1.16045,1.16062,1540820000
1761113700000,1.16061,1.16117,1.16041,1.16093,1050120000
1761114600000,1.16093,1.16147,1.16082,1.16117,1074480000
1761115500000,1.16117,1.16143,1.16068,1.16093,954760000
1761116400000,1.16095,1.16127,1.16006,1.16035,1837300000
1761117300000,1.16036,1.16071,1.15995,1.16014,1941320000
1761118200000,1.16016,1.16055,1.1601,1.16041,1124110000
1761119100000,1.16039,1.1606,1.16005,1.16006,930580000
1761120000000,1.16006,1.16006,1.15911,1.15912,1450980000
1761120900000,1.15913,1.15988,1.15897,1.15965,2212420000
1761121800000,1.15965,1.15965,1.15911,1.15923,1223190000
1761122700000,1.1592,1.16001,1.15919,1.15974,1215800000
1761123600000,1.15973,1.16019,1.15964,1.15987,999790000
1761124500000,1.15987,1.15987,1.15924,1.15962,728020000
1761125400000,1.15963,1.15983,1.15946,1.1596,635730000
1761126300000,1.15959,1.15969,1.15936,1.15947,614190000
1761127200000,1.15945,1.15968,1.15897,1.15914,650290000
1761128100000,1.15914,1.15923,1.15852,1.15856,1128540000
1761129000000,1.15856,1.15865,1.15827,1.15854,1081000000
1761129900000,1.15852,1.15887,1.15846,1.15857,1054900000
1761130800000,1.15857,1.15892,1.15848,1.15871,988810000
1761131700000,1.1587,1.15884,1.15842,1.15845,832580000
1761132600000,1.15844,1.15883,1.15823,1.15842,817180000
1761133500000,1.15841,1.15873,1.15823,1.15826,999020000
1761134400000,1.15824,1.15904,1.15822,1.15903,1890750000
1761135300000,1.15903,1.15914,1.15815,1.15859,1132390000
1761136200000,1.15861,1.15872,1.15798,1.15801,995160000
1761137100000,1.15803,1.1588,1.15767,1.15829,1862760000
1761138000000,1.1583,1.15877,1.15817,1.15845,1263880000
1761138900000,1.15847,1.15908,1.15824,1.15902,991750000
1761139800000,1.15899,1.15974,1.15896,1.15939,1796870000
1761140700000,1.15938,1.15961,1.15923,1.15947,1904210000
1761141600000,1.15948,1.15996,1.15922,1.15945,1616060000
1761142500000,1.15947,1.16035,1.15926,1.16028,1742160000
1761143400000,1.16028,1.16033,1.15978,1.16021,2088410000
1761144300000,1.16022,1.16114,1.15997,1.1611,2358870000
1761145200000,1.1611,1.16163,1.16084,1.16106,1845710000
1761146100000,1.16105,1.16162,1.16089,1.1613,1287650000
1761147000000,1.16129,1.16168,1.1609,1.16145,1438080000
1761147900000,1.16145,1.16152,1.16094,1.16112,1382290000
1761148800000,1.16113,1.16145,1.16101,1.16135,892870000
1761149700000,1.16133,1.16159,1.16131,1.16155,791050000
1761150600000,1.16155,1.16224,1.16153,1.16187,3927330000
1761151500000,1.16185,1.1622,1.16175,1.16196,1313450000
1761152400000,1.16194,1.16205,1.16124,1.16158,1558900000
1761153300000,1.16156,1.1618,1.16139,1.16159,867490000
1761154200000,1.16162,1.16185,1.16137,1.1616,847200000
1761155100000,1.16162,1.16168,1.1614,1.16147,592100000
1761156000000,1.16144,1.16155,1.16132,1.16145,841940000
1761156900000,1.16145,1.16153,1.16129,1.16137,635600000
1761157800000,1.16136,1.1614,1.1608,1.16081,720130000
1761158700000,1.1608,1.16101,1.16073,1.1609,479340000
1761159600000,1.16089,1.16099,1.1606,1.16097,655720000
1761160500000,1.16098,1.16111,1.16076,1.16076,327140000
1761161400000,1.16076,1.1608,1.16061,1.16072,353920000
1761162300000,1.1607,1.16072,1.16047,1.16056,561770000
1761163200000,1.16056,1.16102,1.16056,1.16102,539890000
1761164100000,1.16101,1.16107,1.16086,1.161,232270000
1761165000000,1.161,1.16107,1.16079,1.16101,175210000
1761165900000,1.161,1.16103,1.16086,1.161,514490000
1761166800000,1.161,1.161,1.16071,1.16088,157780000
1761167700000,1.16088,1.16112,1.16078,1.16104,125070000
1761168600000,1.16102,1.16117,1.161,1.16112,174490000
1761169500000,1.16115,1.1612,1.16107,1.16114,373890000
1761170400000,1.16115,1.16136,1.16106,1.16134,194820000
1761171300000,1.16137,1.16143,1.16127,1.16127,141060000
1761172200000,1.16126,1.16128,1.1612,1.16123,47690000
1761173100000,1.16121,1.16129,1.16117,1.16121,72210000
1761174000000,1.16126,1.16126,1.16084,1.16087,85950000
1761174900000,1.16084,1.16099,1.16079,1.16081,207100000
1761175800000,1.16081,1.16089,1.16073,1.1608,174850000
1761176700000,1.1608,1.16086,1.16065,1.16071,322680000
1761177600000,1.16071,1.16072,1.1601,1.16017,833020000
1761178500000,1.16019,1.16019,1.15975,1.15995,757790000
1761179400000,1.15997,1.16023,1.15996,1.16017,559980000
1761180300000,1.16017,1.16062,1.16016,1.1604,916180000
1761181200000,1.16041,1.16055,1.16013,1.16013,915170000
1761182100000,1.16011,1.16029,1.15993,1.15997,522590000
1761183000000,1.15995,1.16013,1.15987,1.16003,412140000
1761183900000,1.16001,1.16028,1.15976,1.15977,373420000
1761184800000,1.15976,1.15982,1.15956,1.15976,442090000
1761185700000,1.15976,1.15994,1.15966,1.15974,368100000
1761186600000,1.15972,1.15974,1.1595,1.15957,168670000
1761187500000,1.15955,1.15973,1.15955,1.15965,233630000
1761188400000,1.15964,1.15974,1.15958,1.1597,217040000
1761189300000,1.15969,1.15985,1.15964,1.15965,178510000
1761190200000,1.15967,1.15975,1.15954,1.15959,401890000
1761191100000,1.1596,1.15961,1.1592,1.15929,263480000
1761192000000,1.15927,1.15933,1.15906,1.15933,276970000
1761192900000,1.15933,1.15954,1.15933,1.15951,416690000
1761193800000,1.15951,1.15971,1.15948,1.15963,301910000
1761194700000,1.15965,1.15991,1.1596,1.15988,460690000
1761195600000,1.15986,1.15993,1.15977,1.15981,221950000
1761196500000,1.1598,1.16,1.15968,1.15995,215190000
1761197400000,1.15994,1.15994,1.1597,1.15985,761550000
1761198300000,1.15984,1.16041,1.15984,1.16013,623370000
1761199200000,1.16012,1.16038,1.15986,1.16001,1126670000
1761200100000,1.16001,1.16031,1.1598,1.15987,550380000
1761201000000,1.15988,1.16004,1.15905,1.15943,909560000
1761201900000,1.15941,1.15987,1.15929,1.15944,1268530000
1761202800000,1.15943,1.15969,1.15922,1.15949,1135310000
1761203700000,1.15952,1.16005,1.15938,1.15952,1253450000
1761204600000,1.15954,1.15968,1.15908,1.15948,900070000
1761205500000,1.15948,1.16013,1.15934,1.16,1036700000
1761206400000,1.15998,1.16047,1.15983,1.16015,956880000
1761207300000,1.16014,1.16061,1.15992,1.16038,985980000
1761208200000,1.16037,1.16042,1.15971,1.15984,824190000
1761209100000,1.15982,1.15983,1.15928,1.15961,1434140000
1761210000000,1.1596,1.15984,1.15938,1.15955,1080360000
1761210900000,1.15954,1.16002,1.15948,1.15992,714590000
1761211800000,1.1599,1.15993,1.15947,1.15966,544600000
1761212700000,1.15966,1.15973,1.15928,1.15936,649490000
1761213600000,1.15935,1.15939,1.15917,1.15932,486890000
1761214500000,1.1593,1.15948,1.15911,1.15919,539730000
1761215400000,1.15918,1.15937,1.15899,1.159,432660000
1761216300000,1.15899,1.15913,1.15856,1.15878,936440000
1761217200000,1.15877,1.15895,1.15855,1.15872,850450000
1761218100000,1.15872,1.15882,1.15853,1.15874,658360000
1761219000000,1.15871,1.15928,1.15856,1.1591,876040000
1761219900000,1.15911,1.15911,1.15863,1.1587,628970000
1761220800000,1.15871,1.15936,1.15871,1.15913,1009660000
1761221700000,1.15916,1.15925,1.15865,1.15911,1157510000
1761222600000,1.15909,1.16006,1.15907,1.15998,1394220000
1761223500000,1.16,1.16059,1.15994,1.16006,1498470000
1761224400000,1.16009,1.16032,1.15981,1.16006,1799700000
1761225300000,1.16007,1.16045,1.15999,1.16036,1783610000
1761226200000,1.16037,1.16104,1.16034,1.16066,2352670000
1761227100000,1.16064,1.16083,1.16035,1.16065,1249700000
1761228000000,1.16066,1.16147,1.16055,1.16111,2174910000
1761228900000,1.1611,1.16136,1.1609,1.16127,1149190000
1761229800000,1.16129,1.16197,1.16128,1.16156,1629770000
1761230700000,1.16154,1.16155,1.16101,1.16129,2008790000
1761231600000,1.1613,1.16159,1.16072,1.16076,1227850000
1761232500000,1.16073,1.16098,1.16068,1.16079,1172200000
1761233400000,1.16079,1.16121,1.16063,1.16074,1040060000
1761234300000,1.16076,1.16138,1.16067,1.16115,1678050000
1761235200000,1.16117,1.16158,1.16108,1.16155,840430000
1761236100000,1.16155,1.16155,1.16115,1.16148,885570000
1761237000000,1.16147,1.1616,1.16102,1.16107,558340000
1761237900000,1.16108,1.16112,1.16063,1.16067,624060000
1761238800000,1.16066,1.16073,1.16043,1.16065,752310000
1761239700000,1.16066,1.16093,1.16058,1.16061,435600000
1761240600000,1.16061,1.16088,1.1606,1.16083,504170000
1761241500000,1.16082,1.16121,1.1608,1.16116,480560000
1761242400000,1.16116,1.16124,1.16097,1.16121,371270000
1761243300000,1.16124,1.16148,1.16112,1.1612,513460000
1761244200000,1.16119,1.16177,1.16119,1.16173,654780000
1761245100000,1.16171,1.16179,1.16156,1.16174,572700000
1761246000000,1.16174,1.162,1.16171,1.16178,460570000
1761246900000,1.16177,1.16178,1.16155,1.16159,240610000
1761247800000,1.1616,1.16177,1.16153,1.16175,217080000
1761248700000,1.16177,1.16178,1.16152,1.16163,397530000
1761249600000,1.16163,1.16163,1.16138,1.16152,440280000
1761250500000,1.16153,1.16155,1.16135,1.16147,197380000
1761251400000,1.16144,1.16159,1.1614,1.16143,123550000
1761252300000,1.16143,1.16193,1.16142,1.16179,457490000
1761253200000,1.16177,1.16177,1.1614,1.1616,130140000
1761254100000,1.16147,1.16172,1.16146,1.16159,143590000
1761255000000,1.16159,1.16176,1.1615,1.16167,736780000
1761255900000,1.16159,1.16181,1.1614,1.16165,1048610000
1761256800000,1.16164,1.16213,1.16164,1.16212,395830000
1761257700000,1.16209,1.16209,1.16194,1.162,77310000
1761258600000,1.16199,1.16205,1.16183,1.16183,132090000
1761259500000,1.16183,1.16193,1.16176,1.16179,111990000
1761260400000,1.16179,1.16182,1.16159,1.16167,282760000
1761261300000,1.16166,1.16173,1.16161,1.16161,159900000
1761262200000,1.16163,1.16176,1.16149,1.16175,100650000
1761263100000,1.16177,1.16188,1.16168,1.16171,115100000
1761264000000,1.1617,1.16211,1.16167,1.16191,378900000
1761264900000,1.16189,1.16208,1.16182,1.16204,430450000
1761265800000,1.16205,1.16215,1.16194,1.16206,564540000
1761266700000,1.16205,1.16209,1.16176,1.16179,632310000
1761267600000,1.16179,1.16187,1.16138,1.16148,358330000
1761268500000,1.1615,1.16152,1.16103,1.16117,362960000
1761269400000,1.16116,1.16116,1.16091,1.16113,358080000
1761270300000,1.16111,1.16123,1.16088,1.16094,458790000
1761271200000,1.16094,1.16124,1.16091,1.16116,212930000
1761272100000,1.16118,1.16119,1.16085,1.16089,191060000
1761273000000,1.16089,1.16095,1.16078,1.16083,609690000
1761273900000,1.16084,1.16087,1.16076,1.16079,412400000
1761274800000,1.16078,1.16087,1.16075,1.16077,440280000
1761275700000,1.16079,1.16105,1.1607,1.16096,197330000
1761276600000,1.16096,1.16103,1.16088,1.16093,434240000
1761277500000,1.16094,1.16116,1.16091,1.16091,313630000
1761278400000,1.16089,1.1609,1.16056,1.16074,320560000
1761279300000,1.16073,1.16075,1.16055,1.16062,334320000
1761280200000,1.16062,1.16073,1.1606,1.16064,386230000
1761281100000,1.16063,1.1608,1.16055,1.16075,374040000
1761282000000,1.16074,1.1608,1.16059,1.16068,391100000
1761282900000,1.16069,1.16072,1.16021,1.16022,274810000
1761283800000,1.16021,1.16051,1.16016,1.16046,552730000
1761284700000,1.16045,1.16066,1.16044,1.16054,263330000
1761285600000,1.16053,1.16065,1.16008,1.16012,852340000
1761286500000,1.16013,1.16083,1.16013,1.16074,711830000
1761287400000,1.16073,1.16108,1.16056,1.16103,1739610000
1761288300000,1.16104,1.16139,1.16084,1.16134,976760000
1761289200000,1.16133,1.16167,1.16086,1.16103,1301060000
1761290100000,1.16104,1.16104,1.16017,1.16069,2172150000
1761291000000,1.16073,1.16278,1.16067,1.16214,2459790000
1761291900000,1.16213,1.16237,1.1616,1.16181,1121550000
1761292800000,1.16179,1.16237,1.1613,1.16131,1174410000
1761293700000,1.1613,1.16142,1.16063,1.16084,1210530000
1761294600000,1.16086,1.16121,1.16063,1.16106,1041000000
1761295500000,1.16106,1.16121,1.16079,1.16102,780200000
1761296400000,1.16099,1.16108,1.16055,1.16082,1202710000
1761297300000,1.16082,1.16108,1.16066,1.16075,1294290000
1761298200000,1.16075,1.1609,1.16051,1.16065,601100000
1761299100000,1.16068,1.16127,1.16063,1.16116,1282020000
1761300000000,1.16117,1.16163,1.1611,1.16145,1281030000
1761300900000,1.16147,1.16154,1.16117,1.16146,876280000
1761301800000,1.16146,1.16166,1.16129,1.16158,949020000
1761302700000,1.16158,1.1616,1.16122,1.16127,673120000
1761303600000,1.16125,1.16147,1.16069,1.16126,730920000
1761304500000,1.16124,1.16156,1.16084,1.16093,995160000
1761305400000,1.16092,1.16146,1.16081,1.16093,689070000
1761306300000,1.16093,1.16155,1.16081,1.16149,753450000
1761307200000,1.16151,1.16185,1.16108,1.16123,1234700000
1761308100000,1.16124,1.16155,1.16086,1.16122,2059750000
1761309000000,1.16122,1.1649,1.16118,1.16421,6253290000
1761309900000,1.1642,1.16428,1.16287,1.1634,4487040000
1761310800000,1.16343,1.16433,1.16299,1.16338,2916190000
1761311700000,1.16335,1.16343,1.16262,1.1633,2651460000
1761312600000,1.16331,1.16369,1.16283,1.16343,2570170000
1761313500000,1.16339,1.16339,1.16206,1.16264,2760980000
1761314400000,1.16266,1.16336,1.16207,1.16328,2469360000
1761315300000,1.16328,1.16357,1.16259,1.16261,1552160000
1761316200000,1.16259,1.16291,1.16208,1.16272,1479280000
1761317100000,1.16271,1.16278,1.16181,1.16259,2298350000
1761318000000,1.16257,1.16326,1.16253,1.16307,1753840000
1761318900000,1.16307,1.16338,1.16285,1.16338,1581520000
1761319800000,1.16337,1.16354,1.16246,1.16295,766290000
1761320700000,1.16298,1.16298,1.16212,1.16252,1278120000
1761321600000,1.16251,1.16275,1.16234,1.16266,696670000
1761322500000,1.16264,1.16268,1.16222,1.16253,609750000
1761323400000,1.16255,1.16258,1.1621,1.16231,535340000
1761324300000,1.1623,1.16268,1.1623,1.16256,598870000
1761325200000,1.16254,1.16318,1.16254,1.16292,421320000
1761326100000,1.16293,1.16293,1.16271,1.16283,344460000
1761327000000,1.16282,1.16309,1.16272,1.16283,529340000
1761327900000,1.16283,1.16288,1.16243,1.16273,640010000
1761328800000,1.16274,1.16279,1.16247,1.16265,446080000
1761329700000,1.16266,1.16272,1.16249,1.16256,331720000
1761330600000,1.16255,1.16269,1.16247,1.1626,322270000
1761331500000,1.16259,1.16274,1.16252,1.16259,452070000
1761332400000,1.1626,1.1629,1.1626,1.16275,367830000
1761333300000,1.16276,1.16293,1.16271,1.16274,255960000
1761334200000,1.16272,1.16297,1.16259,1.16294,310110000
1761335100000,1.16293,1.16332,1.16284,1.16314,401170000
1761336000000,1.16315,1.16355,1.16311,1.16349,378340000
1761336900000,1.1635,1.16357,1.16327,1.16327,293830000
1761337800000,1.16328,1.16329,1.16212,1.16212,437410000
1761338700000,1.16211,1.16301,1.16207,1.16266,1823800000
1761512400000,1.16346,1.16348,1.16303,1.16344,74950000
1761513300000,1.16347,1.16362,1.16344,1.16348,68910000
1761514200000,1.16338,1.16352,1.16303,1.16311,263280000
1761515100000,1.16312,1.16339,1.16259,1.16287,399830000
1761516000000,1.16295,1.16312,1.16253,1.16281,822400000
1761516900000,1.16283,1.16353,1.16269,1.16297,528240000
1761517800000,1.16298,1.1633,1.16277,1.16304,520910000
1761518700000,1.16305,1.16311,1.16283,1.16283,346110000
1761519600000,1.16282,1.16288,1.16256,1.16275,222610000
1761520500000,1.16278,1.16307,1.16274,1.16299,228780000
1761521400000,1.16299,1.16328,1.16295,1.16311,511560000
1761522300000,1.16313,1.16319,1.16284,1.1631,620860000
1761523200000,1.16308,1.16332,1.16278,1.1628,573000000
1761524100000,1.16283,1.1632,1.16283,1.16316,389740000
1761525000000,1.16314,1.16345,1.16314,1.16337,377960000
1761525900000,1.16336,1.16375,1.16329,1.16349,637410000
1761526800000,1.16348,1.16457,1.16334,1.16438,929130000
1761527700000,1.16439,1.16475,1.16435,1.16463,945510000
1761528600000,1.16463,1.16463,1.16391,1.16401,500210000
1761529500000,1.16402,1.16408,1.16369,1.16388,489600000
1761530400000,1.16389,1.16396,1.16322,1.16325,357890000
1761531300000,1.16327,1.16331,1.16312,1.16318,185290000
1761532200000,1.16319,1.16321,1.16302,1.1631,168490000
1761533100000,1.16309,1.16318,1.16302,1.16307,338570000
1761534000000,1.16308,1.16321,1.16302,1.1631,393690000
1761534900000,1.1631,1.16322,1.16299,1.16308,312840000
1761535800000,1.16309,1.16311,1.16299,1.16301,174080000
1761536700000,1.16304,1.16306,1.1627,1.16278,229010000
1761537600000,1.16276,1.16278,1.16218,1.16226,264680000
1761538500000,1.16225,1.16246,1.16207,1.16233,283750000
1761539400000,1.1623,1.16236,1.16207,1.16216,397620000
1761540300000,1.16216,1.16243,1.16209,1.16242,260790000
1761541200000,1.16244,1.16265,1.16218,1.16222,355580000
1761542100000,1.16224,1.16229,1.16207,1.16227,343350000
1761543000000,1.16225,1.1627,1.16223,1.16243,492030000
1761543900000,1.16243,1.1626,1.16234,1.1626,390840000
1761544800000,1.16261,1.16319,1.16261,1.16282,811910000
1761545700000,1.16282,1.16306,1.16261,1.16284,720620000
1761546600000,1.16284,1.16321,1.16268,1.16291,655450000
1761547500000,1.16292,1.16298,1.16247,1.16262,401050000
1761548400000,1.16263,1.16276,1.16209,1.16222,892830000
1761549300000,1.16224,1.16235,1.16208,1.16208,967060000
1761550200000,1.16208,1.16269,1.16207,1.16241,791190000
1761551100000,1.16242,1.16257,1.16197,1.16197,599100000
1761552000000,1.16198,1.1624,1.16176,1.16239,803930000
1761552900000,1.16238,1.16296,1.1623,1.16268,717040000
1761553800000,1.1627,1.16323,1.16267,1.16312,1054640000
1761554700000,1.16314,1.1633,1.16269,1.16283,1009050000
1761555600000,1.16281,1.16321,1.16259,1.16295,1339920000
1761556500000,1.16293,1.16368,1.16281,1.16328,936500000
1761557400000,1.16329,1.1638,1.16323,1.1638,838010000
1761558300000,1.16381,1.16398,1.16359,1.16378,844500000
1761559200000,1.16375,1.16421,1.16353,1.16412,673690000
1761560100000,1.16413,1.16445,1.16382,1.1639,896810000
1761561000000,1.16389,1.16439,1.16373,1.16424,624340000
1761561900000,1.16425,1.16427,1.16399,1.16414,509120000
1761562800000,1.16415,1.16451,1.16409,1.16428,701830000
1761563700000,1.16429,1.16448,1.16386,1.16387,752210000
1761564600000,1.16389,1.16401,1.16359,1.16389,797090000
1761565500000,1.16389,1.16472,1.16371,1.16459,850750000
1761566400000,1.16461,1.16514,1.16454,1.16473,1593270000
1761567300000,1.16472,1.1649,1.16411,1.16412,965200000
1761568200000,1.16412,1.16426,1.16377,1.16395,1023890000
1761569100000,1.16394,1.1642,1.16385,1.16411,1068870000
1761570000000,1.1641,1.16428,1.16378,1.16398,858770000
1761570900000,1.16399,1.1641,1.16379,1.16391,1500090000
1761571800000,1.16393,1.16393,1.16313,1.16345,1604150000
1761572700000,1.16344,1.16379,1.16327,1.16357,1314460000
1761573600000,1.16358,1.16399,1.16323,1.16394,1140000000
1761574500000,1.16397,1.16407,1.16351,1.16397,1175260000
1761575400000,1.16396,1.164,1.16357,1.16366,762120000
1761576300000,1.16365,1.16423,1.16361,1.16407,771340000
1761577200000,1.16405,1.16411,1.16326,1.16364,986310000
1761578100000,1.16361,1.16388,1.16346,1.16382,817570000
1761579000000,1.16383,1.16417,1.16383,1.16405,745110000
1761579900000,1.16404,1.16404,1.16344,1.16352,963330000
1761580800000,1.16351,1.16372,1.16324,1.16351,897480000
1761581700000,1.16352,1.16377,1.16337,1.16373,876910000
1761582600000,1.16374,1.16405,1.16373,1.16385,717950000
1761583500000,1.16384,1.16409,1.16371,1.16386,630160000
1761584400000,1.16385,1.16415,1.1638,1.16389,800010000
1761585300000,1.16389,1.16392,1.16354,1.1637,613780000
1761586200000,1.16372,1.16381,1.1636,1.16367,579300000
1761587100000,1.16369,1.16385,1.16364,1.1638,490880000
1761588000000,1.1638,1.16383,1.1635,1.16371,334070000
1761588900000,1.16372,1.16376,1.1635,1.16356,332450000
1761589800000,1.16355,1.16441,1.1635,1.16434,648900000
1761590700000,1.16433,1.1652,1.16423,1.16502,1076530000
1761591600000,1.16503,1.16504,1.16442,1.16486,581160000
1761592500000,1.16486,1.16486,1.1644,1.16441,474050000
1761593400000,1.16444,1.16478,1.1644,1.16459,354930000
1761594300000,1.16456,1.16479,1.16448,1.16475,285580000
1761595200000,1.16473,1.16484,1.16433,1.16458,348040000
1761596100000,1.16458,1.16488,1.16454,1.16487,196240000
1761597000000,1.16486,1.16486,1.16433,1.16438,288010000
1761597900000,1.16437,1.16454,1.16435,1.16441,536100000
1761598800000,1.1644,1.16451,1.16436,1.16436,275290000
1761599700000,1.16442,1.16453,1.16436,1.16445,96840000
1761600600000,1.16442,1.16454,1.16436,1.16451,595060000
1761601500000,1.16451,1.16458,1.16438,1.16447,584500000
1761602400000,1.16448,1.16472,1.16446,1.16458,740300000
1761603300000,1.16455,1.16474,1.16455,1.16468,298800000
1761604200000,1.16468,1.16487,1.16467,1.16478,165400000
1761605100000,1.16479,1.16504,1.16473,1.16495,96970000
1761606000000,1.16499,1.16511,1.16494,1.16503,172970000
1761606900000,1.16508,1.16524,1.16508,1.16523,164150000
1761607800000,1.16522,1.16533,1.16519,1.16531,310400000
1761608700000,1.16532,1.16547,1.16503,1.16508,264750000
1761609600000,1.16508,1.16532,1.16462,1.16532,707060000
1761610500000,1.16531,1.16576,1.16523,1.16565,924470000
1761611400000,1.16565,1.16587,1.16548,1.16573,1015330000
1761612300000,1.16576,1.1658,1.16548,1.16554,823990000
1761613200000,1.16556,1.16615,1.16549,1.16614,728240000
1761614100000,1.16613,1.16639,1.16553,1.16558,765080000
1761615000000,1.16557,1.1659,1.16554,1.16582,767850000
1761615900000,1.16583,1.16591,1.16563,1.16574,365420000
1761616800000,1.16574,1.1663,1.16574,1.16614,613290000
1761617700000,1.16612,1.16618,1.16582,1.16597,442370000
1761618600000,1.16595,1.16595,1.16549,1.16559,302200000
1761619500000,1.16557,1.16557,1.16537,1.16545,342720000
1761620400000,1.16543,1.16573,1.16541,1.16554,399710000
1761621300000,1.16556,1.16578,1.16549,1.16574,345680000
1761622200000,1.16574,1.16579,1.16555,1.16575,332480000
1761623100000,1.16575,1.16629,1.16574,1.16598,609470000
1761624000000,1.166,1.16639,1.16588,1.16637,333390000
1761624900000,1.16639,1.16656,1.16613,1.16628,632890000
1761625800000,1.16626,1.16663,1.16611,1.16642,641910000
1761626700000,1.16643,1.16673,1.16643,1.16659,706130000
1761627600000,1.16659,1.16679,1.16648,1.16659,718570000
1761628500000,1.16659,1.16667,1.16631,1.16657,410270000
1761629400000,1.16657,1.16665,1.1663,1.16643,671050000
1761630300000,1.16643,1.1665,1.16627,1.16637,357850000
1761631200000,1.16635,1.16653,1.16613,1.1662,501690000
1761632100000,1.16619,1.16669,1.16618,1.16626,495860000
1761633000000,1.16625,1.16629,1.16576,1.16597,646770000
1761633900000,1.16598,1.16604,1.16548,1.16555,547070000
1761634800000,1.16555,1.16569,1.16521,1.16555,1335830000
1761635700000,1.16557,1.16564,1.16532,1.16557,455330000
1761636600000,1.16558,1.16607,1.16542,1.166,440700000
1761637500000,1.16602,1.16614,1.16509,1.1655,1340960000
1761638400000,1.16549,1.16559,1.16499,1.16536,2487120000
1761639300000,1.16536,1.16591,1.16533,1.1658,1894940000
1761640200000,1.16582,1.16627,1.16567,1.16585,1588640000
1761641100000,1.16588,1.16623,1.16486,1.1652,1167480000
1761642000000,1.16519,1.16532,1.16451,1.16498,1246310000
1761642900000,1.16498,1.16526,1.16477,1.16501,1252120000
1761643800000,1.16502,1.16584,1.16502,1.16581,849370000
1761644700000,1.16583,1.16587,1.16555,1.16568,724310000
1761645600000,1.1657,1.1659,1.16546,1.16581,974310000
1761646500000,1.16584,1.16599,1.16573,1.1659,541590000
1761647400000,1.1659,1.16635,1.16583,1.16607,652310000
1761648300000,1.16605,1.16648,1.166,1.1664,750620000
1761649200000,1.1664,1.16641,1.16572,1.16575,566290000
1761650100000,1.16576,1.16605,1.16549,1.16554,1155510000
1761651000000,1.16556,1.16585,1.1655,1.16565,875720000
1761651900000,1.16564,1.16592,1.16549,1.16592,706530000
1761652800000,1.16592,1.16598,1.1651,1.16514,1145440000
1761653700000,1.16513,1.16562,1.16495,1.16518,1559530000
1761654600000,1.16517,1.16523,1.16435,1.16438,1623700000
1761655500000,1.16437,1.16453,1.16347,1.16402,1741090000
1761656400000,1.16403,1.16403,1.16256,1.16265,1881550000
1761657300000,1.16265,1.16312,1.16255,1.16298,1548700000
1761658200000,1.16296,1.16349,1.16284,1.16349,2057030000
1761659100000,1.16348,1.16404,1.16341,1.16392,1837300000
1761660000000,1.16393,1.16487,1.1637,1.16473,1998220000
1761660900000,1.16473,1.16576,1.16469,1.16554,2457280000
1761661800000,1.1655,1.16635,1.16528,1.16601,1783490000
1761662700000,1.16604,1.16615,1.1657,1.16604,1480470000
1761663600000,1.16605,1.16672,1.16577,1.16581,1821980000
1761664500000,1.16579,1.16587,1.16551,1.16582,827790000
1761665400000,1.16582,1.16615,1.16571,1.16598,800000000
1761666300000,1.16597,1.1661,1.16548,1.16587,1520030000
1761667200000,1.16588,1.16605,1.16566,1.16592,1244660000
1761668100000,1.16589,1.1662,1.16579,1.16617,710230000
1761669000000,1.16615,1.16632,1.16543,1.16547,1908680000
1761669900000,1.16544,1.16678,1.16529,1.16678,1557790000
1761670800000,1.16677,1.16686,1.16592,1.16617,1181570000
1761671700000,1.16616,1.16668,1.16612,1.16638,745970000
1761672600000,1.1664,1.16668,1.1662,1.16635,573620000
1761673500000,1.16636,1.16645,1.16608,1.16629,621620000
1761674400000,1.16631,1.16637,1.16582,1.16605,881950000
1761675300000,1.16604,1.16617,1.16573,1.16578,312550000
1761676200000,1.16575,1.16615,1.16561,1.166,405740000
1761677100000,1.16598,1.16628,1.16597,1.16621,673060000
1761678000000,1.1662,1.1665,1.16617,1.16639,1064270000
1761678900000,1.16638,1.16648,1.16629,1.16635,468910000
1761679800000,1.16632,1.16634,1.16606,1.16607,477980000
1761680700000,1.16606,1.16609,1.16517,1.16522,977810000
1761681600000,1.16523,1.16574,1.16522,1.16561,294980000
1761682500000,1.16561,1.16571,1.16536,1.1654,159960000
1761683400000,1.16541,1.16549,1.1651,1.1654,204050000
1761684300000,1.16537,1.16548,1.16504,1.16505,580770000
1761685200000,1.16504,1.16525,1.16502,1.16512,293030000
1761686100000,1.16513,1.16524,1.16512,1.16522,278340000
1761687000000,1.16521,1.16523,1.16512,1.16521,451300000
1761687900000,1.1652,1.16525,1.16511,1.16515,316320000
1761688800000,1.16521,1.16535,1.16506,1.1653,705520000
1761689700000,1.16531,1.16538,1.16522,1.16533,227580000
1761690600000,1.16532,1.16536,1.16509,1.1651,76640000
1761691500000,1.16508,1.16509,1.16496,1.16504,184750000
1761692400000,1.16504,1.16511,1.16497,1.16508,243110000
1761693300000,1.16506,1.16525,1.16499,1.165,64930000
1761694200000,1.165,1.16507,1.16497,1.16507,187260000
1761695100000,1.16509,1.16569,1.16483,1.16568,843580000
1761696000000,1.16568,1.16606,1.16557,1.16566,1496940000
1761696900000,1.16566,1.16588,1.16539,1.16571,885080000
1761697800000,1.1657,1.16597,1.16528,1.16556,1871800000
1761698700000,1.16557,1.16598,1.16534,1.16543,1680550000
1761699600000,1.16544,1.16559,1.1652,1.16532,589400000
1761700500000,1.16534,1.16549,1.1649,1.165,460980000
1761701400000,1.16502,1.16508,1.16463,1.16471,659630000
1761702300000,1.16475,1.16493,1.1647,1.16471,461440000
1761703200000,1.1647,1.16479,1.1645,1.16463,495290000
1761704100000,1.16459,1.16461,1.16429,1.16429,380370000
1761705000000,1.16427,1.16441,1.16415,1.16432,389360000
1761705900000,1.16434,1.16464,1.16434,1.16464,297620000
1761706800000,1.16465,1.16465,1.16436,1.16438,331320000
1761707700000,1.16437,1.16444,1.16424,1.16426,219400000
1761708600000,1.16425,1.16425,1.16378,1.16386,481070000
1761709500000,1.16384,1.16389,1.16369,1.16369,513080000
1761710400000,1.16369,1.16372,1.16353,1.16357,544080000
1761711300000,1.16359,1.1637,1.16352,1.16355,333390000
1761712200000,1.16351,1.16353,1.16321,1.16327,264320000
1761713100000,1.16327,1.16341,1.16314,1.16341,380290000
1761714000000,1.1634,1.16352,1.16298,1.16303,435200000
1761714900000,1.16304,1.16311,1.16277,1.16287,726460000
1761715800000,1.16288,1.16309,1.16271,1.163,474090000
1761716700000,1.16302,1.16319,1.16279,1.16312,435720000
1761717600000,1.16313,1.16313,1.16248,1.16302,600580000
1761718500000,1.16302,1.16319,1.16284,1.16299,387710000
1761719400000,1.16299,1.16324,1.1629,1.16294,716220000
1761720300000,1.16293,1.16299,1.16277,1.16296,775040000
1761721200000,1.16295,1.16358,1.16282,1.16348,1409030000
1761722100000,1.1635,1.16377,1.16335,1.16357,1237150000
1761723000000,1.16358,1.16362,1.16294,1.16354,956790000
1761723900000,1.16354,1.16358,1.16315,1.16323,1164050000
1761724800000,1.16323,1.16331,1.16253,1.16259,1377710000
1761725700000,1.16258,1.16337,1.1625,1.16327,904560000
1761726600000,1.16329,1.16341,1.16265,1.16299,964930000
1761727500000,1.16302,1.16302,1.16231,1.16231,806150000
1761728400000,1.16231,1.16241,1.16185,1.16232,1575490000
1761729300000,1.1623,1.16303,1.16208,1.16283,1047080000
1761730200000,1.16282,1.16398,1.16277,1.16375,2153370000
1761731100000,1.16374,1.16472,1.1637,1.16412,1592490000
1761732000000,1.16411,1.16431,1.16369,1.16415,904760000
1761732900000,1.16416,1.16457,1.16409,1.16454,706640000
1761733800000,1.16454,1.16487,1.16446,1.16455,1001300000
1761734700000,1.16453,1.16482,1.1644,1.16473,490330000
1761735600000,1.16474,1.16485,1.1642,1.16424,1060220000
1761736500000,1.16423,1.16426,1.16335,1.16339,1167170000
1761737400000,1.16337,1.16406,1.16329,1.16399,1093290000
1761738300000,1.16398,1.16424,1.16382,1.16395,1794840000
1761739200000,1.16397,1.16449,1.16385,1.16399,1536930000
1761740100000,1.164,1.16408,1.16334,1.1637,1250020000
1761741000000,1.16372,1.16382,1.16302,1.16319,1976230000
1761741900000,1.16321,1.1634,1.16273,1.16337,1675130000
1761742800000,1.1634,1.16379,1.16334,1.16377,1451600000
1761743700000,1.16376,1.16457,1.16375,1.16427,3001510000
1761744600000,1.16427,1.16443,1.16362,1.16383,1631750000
1761745500000,1.16387,1.16414,1.16345,1.16365,4093320000
1761746400000,1.16364,1.164,1.16316,1.16379,3188250000
1761747300000,1.1638,1.16449,1.16369,1.16437,1192810000
1761748200000,1.16434,1.16449,1.16415,1.16435,1234850000
1761749100000,1.16435,1.16513,1.16421,1.16503,1288720000
1761750000000,1.16504,1.1653,1.16448,1.16452,1578990000
1761750900000,1.16454,1.16504,1.1645,1.16484,1126740000
1761751800000,1.16483,1.1657,1.1648,1.16566,1097170000
1761752700000,1.16565,1.16645,1.16563,1.16637,2089780000
1761753600000,1.16636,1.1666,1.16578,1.16622,1488430000
1761754500000,1.16619,1.16635,1.16596,1.1662,830550000
1761755400000,1.16619,1.16622,1.16593,1.166,709390000
1761756300000,1.16598,1.166,1.16554,1.1657,821100000
1761757200000,1.1657,1.16588,1.16561,1.16573,561400000
1761758100000,1.16575,1.16589,1.165,1.16503,676210000
1761759000000,1.16501,1.16501,1.16456,1.16471,859370000
1761759900000,1.1647,1.16503,1.16458,1.16472,799940000
1761760800000,1.16472,1.16511,1.16341,1.16353,5449510000
1761761700000,1.16351,1.16438,1.16346,1.16388,2980810000
1761762600000,1.16387,1.1646,1.15839,1.15988,7288610000
1761763500000,1.15986,1.1603,1.15854,1.15941,5641490000
1761764400000,1.15944,1.15995,1.158,1.15862,9224850000
1761765300000,1.15862,1.15906,1.15777,1.15785,5619830000
1761766200000,1.15785,1.15906,1.15773,1.15901,2559970000
1761767100000,1.15902,1.15998,1.1589,1.15992,1740880000
1761768000000,1.15993,1.15996,1.15907,1.1596,1042220000
1761768900000,1.15962,1.15999,1.15941,1.15985,662430000
1761769800000,1.15986,1.16072,1.15967,1.16012,1105490000
1761770700000,1.16009,1.16024,1.15983,1.16005,1389150000
1761771600000,1.16007,1.16024,1.15986,1.1601,138480000
1761772500000,1.16011,1.16041,1.1601,1.16021,263010000
1761773400000,1.16021,1.16037,1.16013,1.16028,739650000
1761774300000,1.16027,1.16036,1.16016,1.16024,780840000
1761775200000,1.16022,1.16051,1.1601,1.1604,650120000
1761776100000,1.16039,1.1604,1.16011,1.16017,182660000
1761777000000,1.16016,1.16048,1.16012,1.16048,119880000
1761777900000,1.16045,1.16055,1.16027,1.16038,138660000
1761778800000,1.16039,1.16049,1.16018,1.16032,174340000
1761779700000,1.16036,1.16052,1.16031,1.16042,111400000
1761780600000,1.16041,1.16053,1.16032,1.16038,192310000
1761781500000,1.16038,1.16038,1.16013,1.16028,284280000
1761782400000,1.16027,1.16058,1.15967,1.16044,2119470000
1761783300000,1.16046,1.16138,1.1604,1.16132,1867680000
1761784200000,1.16132,1.16136,1.16105,1.16127,2088870000
1761785100000,1.16126,1.16153,1.16118,1.1612,615360000
1761786000000,1.16119,1.16146,1.16097,1.16131,1045420000
1761786900000,1.16133,1.16136,1.16084,1.16089,752090000
1761787800000,1.16089,1.16142,1.16085,1.16137,1559160000
1761788700000,1.16138,1.16152,1.16128,1.16136,1373910000
1761789600000,1.16136,1.16197,1.16122,1.16191,1450280000
1761790500000,1.16191,1.16196,1.16144,1.16154,887410000
1761791400000,1.16156,1.16169,1.16145,1.1616,553730000
1761792300000,1.16162,1.16174,1.16148,1.16173,325250000
1761793200000,1.16174,1.16198,1.16162,1.16196,456010000
1761794100000,1.16193,1.16193,1.16088,1.16121,1785910000
1761795000000,1.16119,1.16121,1.16067,1.16105,948070000
1761795900000,1.16103,1.16158,1.16103,1.16153,496540000
1761796800000,1.16154,1.16205,1.16135,1.16198,889650000
1761797700000,1.16195,1.16374,1.1619,1.16327,2916450000
1761798600000,1.16329,1.16331,1.16266,1.16295,3917450000
1761799500000,1.16295,1.16333,1.16282,1.16319,2179090000
1761800400000,1.16318,1.16338,1.16282,1.16305,691110000
1761801300000,1.16304,1.16304,1.16246,1.16252,413200000
1761802200000,1.16252,1.16301,1.16245,1.16299,448160000
1761803100000,1.16302,1.16311,1.16234,1.16239,514010000
1761804000000,1.16237,1.16296,1.1623,1.16292,701050000
1761804900000,1.16294,1.16296,1.16247,1.1625,709310000
1761805800000,1.16256,1.1629,1.16179,1.16208,1503720000
1761806700000,1.16206,1.16248,1.16183,1.16192,2294840000
1761807600000,1.16191,1.16227,1.16148,1.16159,1991440000
1761808500000,1.16159,1.16195,1.16136,1.16161,2017530000
1761809400000,1.16163,1.16204,1.16116,1.16119,1250020000
1761810300000,1.16119,1.16184,1.16095,1.16182,789620000
1761811200000,1.16187,1.16202,1.16066,1.16099,1703090000
1761812100000,1.16101,1.16149,1.16072,1.16137,1718700000
1761813000000,1.16135,1.16147,1.16098,1.16147,1304470000
1761813900000,1.16145,1.16196,1.16133,1.16168,912080000
1761814800000,1.16166,1.16202,1.16142,1.1619,1180990000
1761815700000,1.1619,1.16255,1.16185,1.16255,830690000
1761816600000,1.16254,1.16283,1.1619,1.16193,1162940000
1761817500000,1.16194,1.16206,1.1615,1.16161,1219270000
1761818400000,1.16165,1.16199,1.1615,1.16179,977560000
1761819300000,1.16179,1.16188,1.16125,1.16128,803840000
1761820200000,1.16129,1.16168,1.16103,1.16111,729510000
1761821100000,1.16111,1.16124,1.16058,1.16066,779840000
1761822000000,1.16065,1.16111,1.16038,1.16091,910860000
1761822900000,1.16091,1.16103,1.16056,1.16073,932880000
1761823800000,1.16071,1.16109,1.16016,1.16022,968360000
1761824700000,1.16022,1.1603,1.15962,1.15979,973970000
1761825600000,1.1598,1.1599,1.1594,1.15953,1087860000
1761826500000,1.15949,1.15955,1.15761,1.1579,1183650000
1761827400000,1.1579,1.15828,1.15669,1.15692,2137180000
1761828300000,1.15692,1.15692,1.15531,1.15548,2796960000
1761829200000,1.15548,1.15571,1.1547,1.15564,3258450000
1761830100000,1.15563,1.15714,1.15533,1.15694,2732360000
1761831000000,1.15693,1.15766,1.15671,1.15754,2048190000
1761831900000,1.15752,1.15794,1.15668,1.15794,3420870000
1761832800000,1.15794,1.15861,1.15734,1.15813,4099370000
1761833700000,1.15814,1.15858,1.15774,1.15827,1842110000
1761834600000,1.15825,1.15851,1.15705,1.15731,3242900000
1761835500000,1.1573,1.15741,1.15677,1.15729,1839690000
1761836400000,1.15731,1.15758,1.15671,1.15747,1421760000
1761837300000,1.15747,1.15771,1.15724,1.1574,825920000
1761838200000,1.15739,1.15739,1.15627,1.15678,819240000
1761839100000,1.15678,1.15691,1.15605,1.15635,1562850000
1761840000000,1.15637,1.15659,1.15609,1.15639,859480000
1761840900000,1.1564,1.15649,1.15592,1.15643,631980000
1761841800000,1.15641,1.15711,1.15628,1.15705,922650000
1761842700000,1.15705,1.15712,1.15659,1.15691,688360000
1761843600000,1.15691,1.15698,1.15614,1.1562,757500000
1761844500000,1.15617,1.15658,1.15602,1.15652,565080000
1761845400000,1.15652,1.15665,1.1563,1.15645,623800000
1761846300000,1.15646,1.1568,1.1564,1.15663,674420000
1761847200000,1.15662,1.15675,1.15646,1.15654,620230000
1761848100000,1.15653,1.15675,1.15642,1.15674,632860000
1761849000000,1.15676,1.15703,1.1567,1.15697,344180000
1761849900000,1.15696,1.157,1.15667,1.15678,463080000
1761850800000,1.15676,1.15715,1.15649,1.15667,696630000
1761851700000,1.15666,1.15669,1.15617,1.15628,544140000
1761852600000,1.15626,1.15655,1.15626,1.15651,336720000
1761853500000,1.15652,1.15671,1.15636,1.15641,524680000
1761854400000,1.15644,1.1567,1.15635,1.15669,391800000
1761855300000,1.15673,1.15694,1.15663,1.15671,244190000
1761856200000,1.15672,1.15705,1.15672,1.15694,121780000
1761857100000,1.15694,1.15721,1.15638,1.15642,1081040000
1761858000000,1.15632,1.1566,1.15631,1.1565,101640000
1761858900000,1.1565,1.15669,1.15648,1.15668,102580000
1761859800000,1.15668,1.15688,1.15647,1.15678,733690000
1761860700000,1.15681,1.15694,1.15671,1.15678,591570000
1761861600000,1.15678,1.15685,1.15656,1.15669,309880000
1761862500000,1.1567,1.15683,1.15661,1.15683,79760000
1761863400000,1.15682,1.15694,1.15661,1.15666,490420000
1761864300000,1.1567,1.15688,1.1567,1.15676,341540000
1761865200000,1.15677,1.1569,1.15672,1.15682,307480000
1761866100000,1.15682,1.15684,1.15657,1.15659,219620000
1761867000000,1.15664,1.15699,1.15662,1.15693,157070000
1761867900000,1.15692,1.15731,1.15678,1.15714,449170000
1761868800000,1.15714,1.15739,1.15703,1.15729,1149180000
1761869700000,1.1573,1.15741,1.15698,1.15722,632990000
1761870600000,1.15722,1.15755,1.15718,1.1574,833900000
1761871500000,1.15743,1.15769,1.15724,1.15736,800430000
1761872400000,1.15737,1.15767,1.15729,1.15743,702260000
1761873300000,1.15745,1.15775,1.15745,1.15766,331190000
1761874200000,1.15769,1.15769,1.15728,1.15735,593350000
1761875100000,1.15734,1.15741,1.15664,1.15676,1021830000
1761876000000,1.15677,1.15721,1.15649,1.15714,482040000
1761876900000,1.15717,1.15744,1.1571,1.15736,264970000
1761877800000,1.15734,1.15741,1.15693,1.15697,414940000
1761878700000,1.15696,1.15706,1.15676,1.15681,302280000
1761879600000,1.1568,1.15709,1.1568,1.15682,307230000
1761880500000,1.15682,1.15699,1.15674,1.15684,283430000
1761881400000,1.15684,1.15696,1.15674,1.1569,180390000
1761882300000,1.15688,1.1569,1.1566,1.15671,187800000
1761883200000,1.15674,1.15709,1.15664,1.15708,356330000
1761884100000,1.15706,1.15721,1.157,1.15711,204420000
1761885000000,1.15708,1.15732,1.15693,1.1573,152390000
1761885900000,1.15732,1.15733,1.15705,1.15719,148420000
1761886800000,1.15718,1.1572,1.15697,1.15698,334680000
1761887700000,1.157,1.15701,1.15661,1.15677,303570000
1761888600000,1.15676,1.15709,1.15673,1.15692,319860000
1761889500000,1.15694,1.15697,1.15672,1.15679,366740000
1761890400000,1.15679,1.1571,1.15665,1.15697,544950000
1761891300000,1.15698,1.15733,1.15697,1.15712,382450000
1761892200000,1.1571,1.15731,1.15689,1.15691,354400000
1761893100000,1.1569,1.15695,1.15605,1.1561,932040000
1761894000000,1.15611,1.1563,1.15548,1.15572,1332330000
1761894900000,1.1557,1.15618,1.1556,1.15616,706800000
1761895800000,1.15618,1.15634,1.15578,1.15591,743600000
1761896700000,1.15592,1.15658,1.15577,1.15648,929850000
1761897600000,1.15648,1.15653,1.15597,1.15619,1639790000
1761898500000,1.1562,1.15675,1.15596,1.15661,1256740000
1761899400000,1.15661,1.15687,1.15641,1.15683,744890000
1761900300000,1.15679,1.15712,1.15657,1.15706,697230000
1761901200000,1.15704,1.15748,1.15679,1.1574,737330000
1761902100000,1.1574,1.15742,1.15682,1.15696,806070000
1761903000000,1.15697,1.15702,1.15657,1.15679,618920000
1761903900000,1.1568,1.15767,1.15654,1.15757,1202020000
1761904800000,1.15757,1.15759,1.15693,1.15729,886840000
1761905700000,1.15727,1.15736,1.15685,1.15693,501860000
1761906600000,1.15694,1.157,1.15672,1.15696,636030000
1761907500000,1.15696,1.15721,1.15689,1.15709,457870000
1761908400000,1.15711,1.15742,1.15694,1.15707,1081480000
1761909300000,1.1571,1.15731,1.15687,1.15709,958790000
1761910200000,1.15708,1.15711,1.15578,1.15625,1121320000
1761911100000,1.15623,1.15681,1.15613,1.15667,837050000
1761912000000,1.15666,1.15666,1.15561,1.1557,1226980000
1761912900000,1.15568,1.15605,1.15531,1.15604,965710000
1761913800000,1.15603,1.15609,1.15549,1.1557,1840220000
1761914700000,1.15572,1.15583,1.1554,1.15559,1283470000
1761915600000,1.15554,1.15562,1.15495,1.15546,1818570000
1761916500000,1.15548,1.15548,1.1547,1.1549,1189440000
1761917400000,1.15491,1.15495,1.15316,1.15328,1718750000
1761918300000,1.15325,1.15422,1.15299,1.15389,2015390000
1761919200000,1.15389,1.15425,1.15331,1.15338,1914840000
1761920100000,1.15338,1.15348,1.1522,1.15241,1933010000
1761921000000,1.15239,1.15361,1.15226,1.15321,1642800000
1761921900000,1.15317,1.15369,1.15285,1.15339,1240510000
1761922800000,1.15339,1.15354,1.1525,1.15282,1922710000
1761923700000,1.15281,1.15338,1.15264,1.1529,1315550000
1761924600000,1.1529,1.15297,1.15236,1.15257,1572170000
1761925500000,1.15256,1.15429,1.15243,1.15409,3346680000
1761926400000,1.15406,1.15433,1.15321,1.15335,2134060000
1761927300000,1.15335,1.15351,1.15281,1.15339,1421670000
1761928200000,1.15338,1.15382,1.1533,1.15335,918500000
1761929100000,1.15335,1.15343,1.15294,1.15301,839080000
1761930000000,1.15302,1.15311,1.15244,1.15271,721490000
1761930900000,1.1527,1.15282,1.15219,1.15249,1040140000
1761931800000,1.1525,1.15285,1.15242,1.15248,507990000
1761932700000,1.15251,1.15273,1.15234,1.1524,765500000
1761933600000,1.15239,1.1526,1.15222,1.15229,576960000
1761934500000,1.1523,1.1526,1.15219,1.1525,491440000
1761935400000,1.15248,1.15249,1.15214,1.15228,407470000
1761936300000,1.1523,1.15269,1.15225,1.15249,595800000
1761937200000,1.1525,1.15275,1.15228,1.15273,488390000
1761938100000,1.15272,1.15306,1.15269,1.15305,483340000
1761939000000,1.15307,1.15315,1.1529,1.15301,429510000
1761939900000,1.15302,1.15303,1.15249,1.15254,708320000
1761940800000,1.15253,1.15298,1.15252,1.15291,438590000
1761941700000,1.15289,1.15329,1.15267,1.15321,791260000
1761942600000,1.15318,1.15342,1.15299,1.15312,403330000
1761943500000,1.1531,1.15395,1.15309,1.1537,1507610000
