timestamp,open,high,low,close,volume
1654041600000,1.0734,1.07345,1.07276,1.07319,1351890000
1654042500000,1.07321,1.07332,1.07292,1.07308,1185610000
1654043400000,1.07309,1.07321,1.07291,1.07314,927770000
1654044300000,1.07314,1.07339,1.07265,1.07278,1044190000
1654045200000,1.07278,1.07284,1.07244,1.07272,1532960000
1654046100000,1.07272,1.07275,1.07216,1.07223,1609420000
1654047000000,1.07228,1.07228,1.07095,1.07099,2192260000
1654047900000,1.07095,1.07178,1.07084,1.07171,2867600000
1654048800000,1.0717,1.07171,1.07077,1.07118,2710740000
1654049700000,1.07117,1.07159,1.07107,1.07136,1153710000
1654050600000,1.07134,1.07198,1.07132,1.0718,1448700000
1654051500000,1.0718,1.07211,1.07133,1.07165,1376330000
1654052400000,1.07166,1.07218,1.07136,1.07208,1077070000
1654053300000,1.07206,1.07211,1.07179,1.07191,757000000
1654054200000,1.0719,1.07205,1.0717,1.07196,854220000
1654055100000,1.07197,1.07198,1.07171,1.07181,670070000
1654056000000,1.07182,1.07187,1.07113,1.07133,1455390000
1654056900000,1.07132,1.07144,1.07104,1.07123,1238750000
1654057800000,1.07122,1.0713,1.07072,1.07094,927130000
1654058700000,1.07096,1.07142,1.07084,1.07142,1104870000
1654059600000,1.0714,1.07154,1.07117,1.07117,1141130000
1654060500000,1.07117,1.07121,1.07075,1.07096,816650000
1654061400000,1.07095,1.07101,1.07061,1.07084,1338680000
1654062300000,1.07088,1.07105,1.07051,1.07098,1221680000
1654063200000,1.07097,1.07153,1.07058,1.07135,2280210000
1654064100000,1.07135,1.07176,1.07117,1.07133,1589390000
1654065000000,1.07134,1.07172,1.07095,1.0717,1409400000
1654065900000,1.07171,1.07257,1.07149,1.07237,2151800000
1654066800000,1.07238,1.07372,1.07217,1.07352,3561920000
1654067700000,1.07354,1.0736,1.07232,1.07247,3215820000
1654068600000,1.07248,1.07269,1.07131,1.07151,3405060000
1654069500000,1.0715,1.07217,1.07112,1.0715,3504620000
1654070400000,1.07145,1.07393,1.07137,1.07273,5511050000
1654071300000,1.07271,1.07278,1.07201,1.07253,3246350000
1654072200000,1.07254,1.07306,1.07212,1.07215,3818880000
1654073100000,1.07214,1.07223,1.07172,1.07177,2691020000
1654074000000,1.07178,1.07227,1.07137,1.07223,3580820000
1654074900000,1.07222,1.07263,1.07168,1.07232,2567580000
1654075800000,1.07232,1.07243,1.07191,1.07229,2147330000
1654076700000,1.07229,1.07268,1.07206,1.07266,1702850000
1654077600000,1.07266,1.07284,1.07222,1.07223,2065300000
1654078500000,1.07222,1.0726,1.07176,1.07197,1632660000
1654079400000,1.07198,1.07202,1.07135,1.0716,2300160000
1654080300000,1.07161,1.07189,1.0715,1.07173,2256190000
1654081200000,1.07172,1.07202,1.07151,1.07166,2056100000
1654082100000,1.07163,1.07163,1.07097,1.07116,2674230000
1654083000000,1.07118,1.07171,1.07096,1.0717,2743910000
1654083900000,1.07169,1.07178,1.07019,1.07083,3745430000
1654084800000,1.07082,1.07139,1.07052,1.07114,3339830000
1654085700000,1.07114,1.07172,1.07094,1.0716,2432430000
1654086600000,1.0716,1.07265,1.07139,1.07249,3353000000
1654087500000,1.0725,1.07275,1.07192,1.0726,3014250000
1654088400000,1.07261,1.07305,1.07249,1.07294,3043420000
1654089300000,1.07294,1.07297,1.07239,1.07241,2008220000
1654090200000,1.0724,1.07251,1.07071,1.07128,2784030000
1654091100000,1.07129,1.07169,1.07024,1.07081,3974280000
1654092000000,1.07085,1.07085,1.06649,1.06665,6695360000
1654092900000,1.06665,1.06682,1.06514,1.06533,4148810000
1654093800000,1.06532,1.06737,1.0653,1.06735,2825480000
1654094700000,1.06733,1.0677,1.06661,1.06672,2998280000
1654095600000,1.06674,1.06677,1.0654,1.06569,2262270000
1654096500000,1.06567,1.0659,1.06511,1.06522,1984980000
1654097400000,1.06518,1.06528,1.06277,1.0628,2198290000
1654098300000,1.06282,1.06455,1.06271,1.06446,2376310000
1654099200000,1.06447,1.06469,1.06393,1.06458,2358740000
1654100100000,1.06456,1.0647,1.06405,1.06405,1314010000
1654101000000,1.06406,1.06478,1.064,1.0642,1082680000
1654101900000,1.0642,1.06453,1.06381,1.06391,1198760000
1654102800000,1.0639,1.06471,1.06369,1.0644,1160530000
1654103700000,1.06443,1.06472,1.06425,1.06427,1069060000
1654104600000,1.06426,1.06465,1.06405,1.06463,993340000
1654105500000,1.06463,1.06538,1.06447,1.06515,1158870000
1654106400000,1.06517,1.06575,1.06503,1.06516,1363130000
1654107300000,1.06512,1.06565,1.06448,1.06559,1243720000
1654108200000,1.06559,1.06588,1.06504,1.06588,784690000
1654109100000,1.06589,1.0659,1.06521,1.06551,829850000
1654110000000,1.06549,1.06581,1.06505,1.06569,700760000
1654110900000,1.06569,1.06604,1.06557,1.06584,971220000
1654111800000,1.06583,1.06592,1.06554,1.06554,693410000
1654112700000,1.06555,1.06556,1.06496,1.06502,824890000
1654113600000,1.065,1.06546,1.06468,1.06473,867690000
1654114500000,1.06477,1.06536,1.06477,1.06531,403380000
1654115400000,1.06532,1.06538,1.065,1.065,613840000
1654116300000,1.06501,1.06538,1.06459,1.06466,630910000
1654117200000,1.06467,1.06505,1.06444,1.06495,41110000
1654118100000,1.06495,1.06527,1.06495,1.06526,96650000
1654119000000,1.06527,1.06533,1.06516,1.06523,556420000
1654119900000,1.06521,1.06536,1.06514,1.06519,246140000
1654120800000,1.06518,1.06535,1.0651,1.06523,683210000
1654121700000,1.06524,1.06533,1.06515,1.0653,518840000
1654122600000,1.0653,1.0654,1.0648,1.06494,1271240000
1654123500000,1.06492,1.0653,1.06492,1.0652,378990000
1654124400000,1.06518,1.06529,1.06517,1.06527,418080000
1654125300000,1.06527,1.06541,1.06508,1.0654,936310000
1654126200000,1.0654,1.06541,1.06516,1.06522,562890000
1654127100000,1.06523,1.06536,1.065,1.06509,803320000
1654128000000,1.06509,1.06509,1.06456,1.06489,2385740000
1654128900000,1.06487,1.06587,1.06485,1.06579,2825070000
1654129800000,1.06581,1.06593,1.06558,1.0659,1038150000
1654130700000,1.06594,1.06595,1.06537,1.06564,854610000
1654131600000,1.06564,1.06576,1.06517,1.06526,1333830000
1654132500000,1.06527,1.06539,1.06463,1.0651,1529770000
1654133400000,1.06511,1.06555,1.065,1.06523,1817680000
1654134300000,1.06523,1.06555,1.06518,1.06545,1081300000
1654135200000,1.06544,1.06563,1.06517,1.0656,1361190000
1654136100000,1.0656,1.06582,1.06543,1.06568,1501030000
1654137000000,1.06567,1.06573,1.06512,1.06526,1299360000
1654137900000,1.06525,1.0653,1.06447,1.06495,2185450000
1654138800000,1.06496,1.06548,1.06484,1.06517,1211990000
1654139700000,1.06518,1.0655,1.0651,1.06545,1499500000
1654140600000,1.06545,1.06549,1.0651,1.06525,1547930000
1654141500000,1.06525,1.06544,1.06514,1.06541,1002820000
1654142400000,1.06542,1.06554,1.06529,1.06546,1020000000
1654143300000,1.06548,1.06564,1.06538,1.06539,1038540000
1654144200000,1.06538,1.06561,1.06538,1.06558,610510000
1654145100000,1.06558,1.06576,1.0655,1.06573,376850000
1654146000000,1.06573,1.06596,1.0655,1.06551,620180000
1654146900000,1.0655,1.06558,1.06518,1.06529,795740000
1654147800000,1.06528,1.06592,1.06495,1.0658,1497260000
1654148700000,1.06579,1.06654,1.06572,1.06579,1784040000
1654149600000,1.06578,1.06652,1.06576,1.06608,2386660000
1654150500000,1.06606,1.06688,1.06599,1.06676,1922520000
1654151400000,1.06676,1.06741,1.06663,1.06687,1826060000
1654152300000,1.06685,1.06788,1.06682,1.06764,1488110000
1654153200000,1.06762,1.06825,1.06748,1.06768,2542730000
1654154100000,1.06767,1.06852,1.06745,1.06816,2598740000
1654155000000,1.06813,1.06917,1.06773,1.06904,2190690000
1654155900000,1.06902,1.0692,1.06844,1.06856,1460620000
1654156800000,1.06857,1.0692,1.06842,1.06876,1721080000
1654157700000,1.06876,1.06921,1.06848,1.06866,1405770000
1654158600000,1.06865,1.06948,1.06859,1.0691,949220000
1654159500000,1.0691,1.06937,1.06842,1.06842,947320000
1654160400000,1.06838,1.0686,1.06806,1.06855,1030110000
1654161300000,1.06856,1.06908,1.06856,1.06889,752050000
1654162200000,1.06888,1.06907,1.06838,1.06848,1183960000
1654163100000,1.06848,1.06889,1.06848,1.06882,1141580000
1654164000000,1.06883,1.06904,1.06855,1.06893,1822390000
1654164900000,1.06891,1.06913,1.06846,1.06853,1220040000
1654165800000,1.06856,1.06939,1.06825,1.06937,1180520000
1654166700000,1.06941,1.06972,1.06915,1.06954,1139330000
1654167600000,1.06955,1.06966,1.06909,1.06915,938340000
1654168500000,1.06915,1.06942,1.06867,1.06933,1306760000
1654169400000,1.06934,1.0695,1.06892,1.06915,1230750000
1654170300000,1.06915,1.06957,1.06842,1.06941,1573170000
1654171200000,1.06939,1.06955,1.06892,1.06907,1657940000
1654172100000,1.06911,1.06987,1.06895,1.06922,3488640000
1654173000000,1.0692,1.07021,1.06846,1.06987,2927360000
1654173900000,1.06987,1.0716,1.0693,1.0703,3274380000
1654174800000,1.07028,1.07077,1.06968,1.07028,2697330000
1654175700000,1.07027,1.07114,1.06997,1.07081,2355430000
1654176600000,1.07082,1.07094,1.07011,1.07041,3885080000
1654177500000,1.07041,1.07041,1.06923,1.06994,2767840000
1654178400000,1.0699,1.07182,1.06953,1.07165,2925850000
1654179300000,1.07162,1.07167,1.06979,1.07022,2510170000
1654180200000,1.07021,1.07172,1.07007,1.07162,2188420000
1654181100000,1.07163,1.07184,1.0711,1.07157,2090000000
1654182000000,1.07156,1.07308,1.07126,1.07298,1937330000
1654182900000,1.07297,1.07338,1.07225,1.07252,1911450000
1654183800000,1.07254,1.07281,1.072,1.0723,1481650000
1654184700000,1.07231,1.07383,1.07231,1.07322,1242230000
1654185600000,1.07321,1.07379,1.07305,1.07357,1056650000
1654186500000,1.07361,1.07436,1.07353,1.07413,863160000
1654187400000,1.07415,1.0744,1.07361,1.0738,749170000
1654188300000,1.07381,1.07447,1.0737,1.07443,653780000
1654189200000,1.07441,1.07475,1.07391,1.07401,623730000
1654190100000,1.074,1.07431,1.0738,1.07424,1518590000
1654191000000,1.07423,1.07481,1.07422,1.0747,707710000
1654191900000,1.07467,1.0748,1.07442,1.07454,893980000
1654192800000,1.07453,1.0748,1.07442,1.0747,887160000
1654193700000,1.07471,1.07477,1.07441,1.07447,593550000
1654194600000,1.07446,1.07487,1.07422,1.07449,639160000
1654195500000,1.0745,1.07459,1.07382,1.07391,656780000
1654196400000,1.07392,1.07434,1.07377,1.07433,691420000
1654197300000,1.07436,1.07457,1.07413,1.07413,689190000
1654198200000,1.07412,1.07461,1.07412,1.07451,790480000
1654199100000,1.0745,1.07487,1.07438,1.07485,993550000
1654200000000,1.07487,1.075,1.07468,1.07475,367340000
1654200900000,1.07474,1.07475,1.07459,1.07474,356290000
1654201800000,1.07473,1.07498,1.07473,1.07498,105400000
1654202700000,1.07497,1.07499,1.07451,1.07451,225130000
1654203600000,1.07447,1.07466,1.07438,1.0746,135630000
1654204500000,1.0746,1.07475,1.07458,1.07466,83470000
1654205400000,1.07466,1.07484,1.07466,1.07469,126450000
1654206300000,1.07471,1.07476,1.07465,1.07471,139040000
1654207200000,1.07468,1.07501,1.07468,1.07481,492290000
1654208100000,1.0748,1.07488,1.07468,1.07472,979510000
1654209000000,1.07471,1.07502,1.0747,1.07497,258750000
1654209900000,1.07497,1.0751,1.07477,1.07481,216950000
1654210800000,1.07481,1.07498,1.07473,1.07491,484510000
1654211700000,1.0749,1.07496,1.07478,1.07481,148940000
1654212600000,1.07482,1.07491,1.07471,1.07485,218390000
1654213500000,1.07484,1.07505,1.0748,1.075,244860000
1654214400000,1.075,1.07501,1.07466,1.07478,441830000
1654215300000,1.07477,1.07541,1.0747,1.07541,306070000
1654216200000,1.0754,1.07628,1.0754,1.07601,1038810000
1654217100000,1.07604,1.07616,1.07568,1.0759,626170000
1654218000000,1.07592,1.07596,1.07533,1.07549,925060000
1654218900000,1.07547,1.07559,1.07536,1.07538,409820000
1654219800000,1.07539,1.07596,1.07536,1.07594,1077630000
1654220700000,1.07596,1.07619,1.07575,1.07599,499820000
1654221600000,1.07599,1.07619,1.07572,1.07609,510060000
1654222500000,1.0761,1.07643,1.07608,1.07639,384130000
1654223400000,1.07638,1.07639,1.07569,1.07585,509900000
1654224300000,1.0759,1.07595,1.07559,1.07574,444770000
1654225200000,1.07575,1.07596,1.0756,1.07566,695360000
1654226100000,1.07565,1.07574,1.07545,1.07563,432850000
1654227000000,1.07562,1.07562,1.07529,1.07542,694630000
1654227900000,1.07544,1.07551,1.07519,1.0753,466850000
1654228800000,1.07531,1.0754,1.07508,1.07534,395810000
1654229700000,1.07534,1.07537,1.07493,1.07502,243160000
1654230600000,1.07503,1.07523,1.07495,1.07499,331330000
1654231500000,1.075,1.07517,1.0746,1.0746,408370000
1654232400000,1.07461,1.07508,1.0745,1.07486,329780000
1654233300000,1.0749,1.07544,1.07484,1.07537,361780000
1654234200000,1.07537,1.07539,1.07511,1.07524,367750000
1654235100000,1.07525,1.07555,1.0752,1.07541,331350000
1654236000000,1.07541,1.07583,1.07524,1.07567,605630000
1654236900000,1.07563,1.07566,1.07525,1.07528,427530000
1654237800000,1.07528,1.07568,1.0752,1.0755,617980000
1654238700000,1.0755,1.07561,1.07504,1.07531,911180000
1654239600000,1.0753,1.07531,1.07479,1.07494,997880000
1654240500000,1.07499,1.07508,1.07448,1.07485,821250000
1654241400000,1.07485,1.07584,1.07449,1.07571,813430000
1654242300000,1.07571,1.07606,1.07552,1.07561,1448840000
1654243200000,1.07562,1.07621,1.07494,1.07604,1895980000
1654244100000,1.07603,1.07619,1.07539,1.07598,1519220000
1654245000000,1.07599,1.07624,1.07576,1.07576,1520250000
1654245900000,1.07577,1.07588,1.07496,1.07532,1340500000
1654246800000,1.07534,1.07556,1.07476,1.07525,1283860000
1654247700000,1.07526,1.07529,1.07466,1.07476,1379110000
1654248600000,1.07479,1.07486,1.07455,1.0746,1051760000
1654249500000,1.07458,1.07484,1.07432,1.0747,1525430000
1654250400000,1.07471,1.07474,1.07419,1.07419,1481570000
1654251300000,1.07418,1.07421,1.07394,1.07415,1696990000
1654252200000,1.07415,1.07437,1.07334,1.0734,1316240000
1654253100000,1.0734,1.07411,1.0734,1.07405,1555870000
1654254000000,1.07405,1.07406,1.07351,1.07354,1488090000
1654254900000,1.07353,1.07462,1.07348,1.07448,1150210000
1654255800000,1.07447,1.07461,1.0739,1.07406,1384140000
1654256700000,1.07404,1.07405,1.07258,1.07287,2338260000
1654257600000,1.07286,1.07315,1.07265,1.07301,1290180000
1654258500000,1.07298,1.0733,1.07266,1.07311,2405570000
1654259400000,1.0731,1.07395,1.0704,1.07076,12105590000
1654260300000,1.07075,1.07177,1.07069,1.07161,4353250000
1654261200000,1.07162,1.07331,1.07144,1.0731,2664210000
1654262100000,1.0731,1.07386,1.07235,1.07292,2360720000
1654263000000,1.07294,1.07377,1.07257,1.07272,5023590000
1654263900000,1.07272,1.07519,1.07247,1.07441,4091160000
1654264800000,1.07448,1.07485,1.07374,1.07386,4725300000
1654265700000,1.07387,1.07403,1.07297,1.07302,3113360000
1654266600000,1.07301,1.07362,1.0722,1.07241,2739470000
1654267500000,1.07241,1.07263,1.07153,1.0723,2554940000
1654268400000,1.07231,1.07232,1.07167,1.07213,1348420000
1654269300000,1.07214,1.07225,1.0717,1.07174,952540000
1654270200000,1.07174,1.07219,1.07159,1.07166,708200000
1654271100000,1.07167,1.07203,1.07104,1.0711,1151470000
1654272000000,1.07111,1.07177,1.07108,1.07167,652830000
1654272900000,1.0717,1.07249,1.07131,1.07249,623210000
1654273800000,1.07256,1.07287,1.07211,1.07216,1037580000
1654274700000,1.07217,1.07289,1.07212,1.07288,629000000
1654275600000,1.07279,1.07293,1.07235,1.07239,554030000
1654276500000,1.07237,1.07243,1.07188,1.07207,769100000
1654277400000,1.07205,1.07206,1.07154,1.07167,650630000
1654278300000,1.07171,1.07221,1.07167,1.07187,323380000
1654279200000,1.07188,1.07199,1.0716,1.07168,438640000
1654280100000,1.07167,1.07213,1.0716,1.07206,328750000
1654281000000,1.07204,1.07208,1.07178,1.07192,390430000
1654281900000,1.07193,1.07219,1.07189,1.07209,410470000
1654282800000,1.07209,1.0722,1.07176,1.07184,407880000
1654283700000,1.07181,1.07194,1.07173,1.07194,276570000
1654284600000,1.07193,1.07215,1.07189,1.07212,342730000
1654285500000,1.07211,1.07214,1.07186,1.07203,415780000
1654286400000,1.07202,1.07216,1.07196,1.07197,278750000
1654287300000,1.072,1.07202,1.07188,1.07201,221950000
1654288200000,1.07202,1.07203,1.07146,1.072,852480000
1654289100000,1.07201,1.07214,1.07163,1.07169,1043880000
1654462800000,1.07167,1.07185,1.07117,1.07185,70510000
1654463700000,1.07185,1.07185,1.07185,1.07185,35280000
1654464600000,1.07185,1.07203,1.07185,1.07199,140200000
1654465500000,1.072,1.07214,1.07155,1.07196,189280000
1654466400000,1.07184,1.07192,1.07147,1.07157,835240100
1654467300000,1.07157,1.07202,1.07142,1.0719,670320000
1654468200000,1.07191,1.07258,1.07186,1.07233,966220000
1654469100000,1.07232,1.07258,1.07226,1.07245,1228040000
1654470000000,1.07245,1.07252,1.07216,1.07222,1297670000
1654470900000,1.07223,1.07272,1.07212,1.07255,796030000
1654471800000,1.07257,1.07272,1.07244,1.07271,1093990000
1654472700000,1.07267,1.07298,1.07246,1.07252,1045890000
1654473600000,1.07254,1.07306,1.07241,1.07292,2764270000
1654474500000,1.07296,1.07316,1.07266,1.07276,1379240000
1654475400000,1.07276,1.07277,1.0722,1.07233,1205650000
1654476300000,1.07237,1.07239,1.07156,1.07161,2220710000
1654477200000,1.07162,1.07183,1.07147,1.07169,2495980000
1654478100000,1.07169,1.0722,1.07167,1.07181,2693730000
1654479000000,1.07181,1.07181,1.07099,1.0711,2268710000
1654479900000,1.07109,1.07195,1.07102,1.07149,2550790000
1654480800000,1.07149,1.07208,1.07142,1.07193,1790670000
1654481700000,1.07194,1.07217,1.0718,1.07217,1475110000
1654482600000,1.07216,1.07256,1.07202,1.07237,939590000
1654483500000,1.07238,1.07242,1.07221,1.07223,769520000
1654484400000,1.07224,1.07246,1.07216,1.07231,521050000
1654485300000,1.07234,1.07242,1.07214,1.07217,1061840000
1654486200000,1.07219,1.07243,1.07212,1.0724,536730000
1654487100000,1.0724,1.07257,1.0723,1.07251,1072440000
1654488000000,1.07251,1.07251,1.0721,1.07225,921990000
1654488900000,1.07226,1.07255,1.07224,1.07252,759360000
1654489800000,1.07252,1.0726,1.07222,1.07257,867160000
1654490700000,1.07256,1.07278,1.07247,1.07273,756950000
1654491600000,1.07275,1.07361,1.07275,1.07339,989640000
1654492500000,1.07339,1.0735,1.07296,1.07312,1077600000
1654493400000,1.07312,1.07348,1.07296,1.07345,615240000
1654494300000,1.07344,1.07348,1.07267,1.07268,633020000
1654495200000,1.07269,1.07277,1.07193,1.07201,1450370000
1654496100000,1.07202,1.07231,1.0718,1.07213,1632030000
1654497000000,1.07214,1.07335,1.072,1.07287,1546620000
1654497900000,1.07285,1.07289,1.07226,1.07236,942300000
1654498800000,1.07238,1.07382,1.07234,1.07307,2319260000
1654499700000,1.07308,1.07377,1.07304,1.07317,2056170000
1654500600000,1.07317,1.07317,1.07267,1.0727,1899000000
1654501500000,1.0727,1.07424,1.07267,1.07419,2681500000
1654502400000,1.07419,1.07511,1.07385,1.07501,2147410000
1654503300000,1.07499,1.07518,1.07415,1.07437,2107480000
1654504200000,1.07438,1.07456,1.07412,1.07454,1755010000
1654505100000,1.07459,1.07512,1.07435,1.07508,1339240000
1654506000000,1.07507,1.07511,1.07456,1.07466,1027790000
1654506900000,1.07466,1.07493,1.07434,1.07459,1181190000
1654507800000,1.07462,1.07465,1.07391,1.074,1169830000
1654508700000,1.07401,1.07451,1.07388,1.07448,1032690000
1654509600000,1.07449,1.07456,1.07382,1.07386,974760000
1654510500000,1.07387,1.07461,1.07385,1.07406,1007780000
1654511400000,1.07406,1.07406,1.0725,1.07255,1166120000
1654512300000,1.07255,1.07279,1.0724,1.07278,1031350000
1654513200000,1.07276,1.0729,1.07248,1.07271,1149110000
1654514100000,1.0727,1.07305,1.07241,1.07276,800030000
1654515000000,1.07275,1.07301,1.07255,1.07262,658040000
1654515900000,1.07263,1.07319,1.07239,1.07306,885640000
1654516800000,1.07308,1.07309,1.07237,1.07259,1064880000
1654517700000,1.07257,1.0726,1.07154,1.07171,1529750000
1654518600000,1.07171,1.07195,1.07155,1.07173,857580000
1654519500000,1.07174,1.07231,1.07174,1.07225,910320000
1654520400000,1.07226,1.07232,1.07177,1.07177,963440000
1654521300000,1.07181,1.07181,1.07088,1.07105,973740000
1654522200000,1.07104,1.07131,1.07084,1.07093,1703200000
1654523100000,1.07095,1.07149,1.07053,1.07141,1156370000
1654524000000,1.0714,1.07207,1.07126,1.07152,1158280000
1654524900000,1.07151,1.07151,1.07006,1.0703,1734210000
1654525800000,1.07029,1.07046,1.06919,1.07018,1803700000
1654526700000,1.07017,1.07239,1.07013,1.07176,2975970000
1654527600000,1.07177,1.07212,1.0699,1.07004,2723070000
1654528500000,1.07007,1.07033,1.06838,1.06853,1919170000
1654529400000,1.06852,1.06946,1.06847,1.06946,1432260000
1654530300000,1.06944,1.0701,1.06944,1.06973,1135870000
1654531200000,1.06973,1.07021,1.06946,1.06968,1310550000
1654532100000,1.06968,1.06985,1.06912,1.06913,1175260000
1654533000000,1.06912,1.06952,1.06896,1.06944,874890000
1654533900000,1.06945,1.07012,1.06939,1.07006,872950000
1654534800000,1.07006,1.07006,1.06944,1.06967,768100000
1654535700000,1.06966,1.06997,1.06958,1.0698,748080000
1654536600000,1.06978,1.0703,1.06966,1.07003,902130000
1654537500000,1.07005,1.07012,1.0696,1.06985,1052490000
1654538400000,1.06985,1.06998,1.06937,1.06955,1103100000
1654539300000,1.06955,1.06972,1.06901,1.06921,1473880000
1654540200000,1.06919,1.06924,1.06902,1.06915,1354460000
1654541100000,1.06915,1.06928,1.0688,1.06905,1367750000
1654542000000,1.06905,1.06913,1.0685,1.06908,940560000
1654542900000,1.06907,1.06938,1.06891,1.06928,1336390000
1654543800000,1.06927,1.06947,1.06927,1.06945,757040000
1654544700000,1.06946,1.0697,1.06926,1.06953,1250930000
1654545600000,1.06956,1.06962,1.06936,1.06956,627380000
1654546500000,1.06957,1.0697,1.06955,1.06961,342530000
1654547400000,1.0696,1.06972,1.06931,1.06945,529570000
1654548300000,1.06944,1.06963,1.06916,1.06955,400130000
1654549200000,1.06954,1.06975,1.06927,1.06934,399380000
1654550100000,1.06939,1.0695,1.06931,1.06935,1694340000
1654551000000,1.06936,1.06942,1.06933,1.06937,122400000
1654551900000,1.06939,1.0695,1.06936,1.06947,116320000
1654552800000,1.06945,1.06949,1.06932,1.06932,159300000
1654553700000,1.06932,1.06933,1.0691,1.06915,781400000
1654554600000,1.06916,1.06937,1.06916,1.06935,860430000
1654555500000,1.06936,1.06944,1.06925,1.06942,1057930000
1654556400000,1.06944,1.06951,1.06911,1.06923,1057220000
1654557300000,1.06923,1.06924,1.06848,1.06869,1476220000
1654558200000,1.0687,1.06893,1.06852,1.06887,2293800000
1654559100000,1.06887,1.06918,1.06883,1.06896,1821340000
1654560000000,1.06896,1.06918,1.06875,1.06884,3032120000
1654560900000,1.06883,1.069,1.06849,1.06859,1640830000
1654561800000,1.06859,1.06867,1.068,1.06841,3356820000
1654562700000,1.06842,1.06882,1.0683,1.06841,2989020000
1654563600000,1.06842,1.06848,1.068,1.06806,3554400000
1654564500000,1.06807,1.06807,1.0674,1.06746,4747310000
1654565400000,1.06746,1.06806,1.06727,1.06804,3128440000
1654566300000,1.06805,1.06808,1.06781,1.068,2512100000
1654567200000,1.06802,1.06809,1.06749,1.06754,1732910000
1654568100000,1.06754,1.06775,1.06741,1.06766,1669710000
1654569000000,1.06765,1.06774,1.06731,1.06734,1588440000
1654569900000,1.06733,1.06765,1.06705,1.0676,1618050000
1654570800000,1.06761,1.06814,1.06732,1.06811,1305630000
1654571700000,1.0681,1.0684,1.06794,1.06811,1663560000
1654572600000,1.0681,1.06846,1.068,1.068,1627360000
1654573500000,1.06802,1.06822,1.068,1.06815,935930000
1654574400000,1.06815,1.06821,1.06794,1.06817,1121200000
1654575300000,1.06815,1.06895,1.0681,1.06894,2005700000
1654576200000,1.06896,1.06998,1.06824,1.06828,7293220000
1654577100000,1.06827,1.06866,1.0678,1.06826,4175180000
1654578000000,1.06828,1.06831,1.0672,1.06813,5481290000
1654578900000,1.0681,1.06831,1.06723,1.0674,4233300000
1654579800000,1.0674,1.06773,1.06709,1.06736,3989470000
1654580700000,1.06737,1.06779,1.0672,1.06742,4321070000
1654581600000,1.06745,1.06785,1.06652,1.06659,4876630000
1654582500000,1.0666,1.06756,1.06651,1.06753,3166910000
1654583400000,1.06752,1.06869,1.06731,1.06867,1738400000
1654584300000,1.06867,1.06926,1.06841,1.06855,2854000000
1654585200000,1.06855,1.06943,1.06849,1.06916,2800810000
1654586100000,1.06915,1.06941,1.06883,1.06885,2332960000
1654587000000,1.06886,1.06945,1.06869,1.06871,1866680000
1654587900000,1.06871,1.06898,1.06819,1.06873,1250860000
1654588800000,1.06875,1.07049,1.06846,1.07014,2111550000
1654589700000,1.07013,1.07019,1.06921,1.06925,1715400000
1654590600000,1.06927,1.0697,1.06863,1.06879,1680640000
1654591500000,1.06877,1.06889,1.06785,1.06793,1524470000
1654592400000,1.06794,1.06824,1.0676,1.06815,1998410000
1654593300000,1.06814,1.06877,1.06811,1.06855,1607320000
1654594200000,1.06854,1.06915,1.06843,1.0686,1478790000
1654595100000,1.06858,1.06861,1.06739,1.06775,1316800000
1654596000000,1.06775,1.0681,1.06719,1.0681,1433960000
1654596900000,1.06811,1.06821,1.0676,1.06795,1467390000
1654597800000,1.06796,1.06827,1.06756,1.06792,1496390000
1654598700000,1.06795,1.06821,1.06711,1.06736,1634560000
1654599600000,1.06736,1.06754,1.06651,1.06679,2213930000
1654600500000,1.06678,1.06741,1.06654,1.06717,1422970000
1654601400000,1.06715,1.06727,1.06689,1.0672,1308940000
1654602300000,1.0672,1.06722,1.0658,1.06619,2143790000
1654603200000,1.06617,1.06644,1.06596,1.06617,1903520000
1654604100000,1.0662,1.06698,1.06574,1.06648,2008100000
1654605000000,1.06647,1.06728,1.06641,1.06673,2367890000
1654605900000,1.06673,1.06679,1.06539,1.06555,2065310000
1654606800000,1.06554,1.06617,1.06519,1.06549,1811040000
1654607700000,1.06551,1.06658,1.06528,1.06651,1637910000
1654608600000,1.06654,1.06842,1.06654,1.06806,2559960000
1654609500000,1.06808,1.06976,1.06802,1.06879,3144980000
1654610400000,1.0688,1.06899,1.0676,1.0679,2391120000
1654611300000,1.0679,1.06909,1.06745,1.06909,1756290000
1654612200000,1.06907,1.07067,1.0689,1.07036,3009190000
1654613100000,1.07039,1.07098,1.06984,1.07048,2943460000
1654614000000,1.0705,1.07077,1.06981,1.07026,1589420000
1654614900000,1.07022,1.07055,1.06927,1.06946,1344590000
1654615800000,1.06945,1.06974,1.06902,1.06952,1475680000
1654616700000,1.06953,1.07014,1.06945,1.06965,1097560000
1654617600000,1.06967,1.07014,1.06957,1.06998,664160000
1654618500000,1.06996,1.07036,1.06956,1.07028,739150000
1654619400000,1.07018,1.07082,1.06976,1.06983,1103740000
1654620300000,1.06982,1.07027,1.0698,1.0701,802140000
1654621200000,1.07012,1.07013,1.06965,1.06965,778050000
1654622100000,1.06966,1.06983,1.06934,1.0695,572050000
1654623000000,1.0695,1.06986,1.06949,1.06976,397670000
1654623900000,1.06977,1.06982,1.06943,1.06946,677960000
1654624800000,1.06946,1.07046,1.0693,1.07045,685230000
1654625700000,1.07045,1.07078,1.07041,1.07077,534020000
1654626600000,1.07076,1.07142,1.07072,1.07115,924940000
1654627500000,1.07113,1.0712,1.07056,1.07073,651360000
1654628400000,1.07072,1.07095,1.0706,1.07073,399280000
1654629300000,1.07073,1.07082,1.07053,1.07065,413420000
1654630200000,1.07064,1.07122,1.07057,1.07097,731280000
1654631100000,1.07097,1.07099,1.0707,1.07079,1095430000
1654632000000,1.07079,1.07084,1.07047,1.07061,450460000
1654632900000,1.07061,1.07083,1.07047,1.07047,171280000
1654633800000,1.07049,1.07066,1.07049,1.07063,187150000
1654634700000,1.07064,1.07064,1.07039,1.07043,225420000
1654635600000,1.07043,1.07058,1.07043,1.07047,116570000
1654636500000,1.07051,1.07064,1.07047,1.07049,47170000
1654637400000,1.0705,1.07069,1.0705,1.07063,64220000
1654638300000,1.07067,1.07071,1.07045,1.07054,162450000
1654639200000,1.07054,1.07076,1.07046,1.07069,454420000
1654640100000,1.0707,1.07075,1.07056,1.07061,822940000
1654641000000,1.07062,1.07064,1.07032,1.07033,1327460000
1654641900000,1.07032,1.07067,1.07024,1.07047,706830000
1654642800000,1.07051,1.07067,1.07041,1.07045,501990000
1654643700000,1.07046,1.07054,1.07004,1.07007,872890000
1654644600000,1.07006,1.07023,1.0699,1.07002,2264230000
1654645500000,1.07003,1.07008,1.06963,1.06972,1357480000
1654646400000,1.06975,1.07011,1.06956,1.0699,1630160000
1654647300000,1.06988,1.06991,1.06951,1.06966,823530000
1654648200000,1.06967,1.06984,1.06956,1.06979,828070000
1654649100000,1.06979,1.06984,1.06912,1.06933,1570950000
1654650000000,1.0693,1.06933,1.06845,1.06884,2709710000
1654650900000,1.06885,1.06934,1.06846,1.069,2154160000
1654651800000,1.069,1.06929,1.06863,1.06877,2770410000
1654652700000,1.06877,1.06884,1.06843,1.06866,2100440000
1654653600000,1.06866,1.0692,1.06858,1.06908,1814750000
1654654500000,1.06908,1.06918,1.06889,1.06904,2077520000
1654655400000,1.06904,1.06956,1.06894,1.06949,1811080000
1654656300000,1.06952,1.06955,1.06896,1.06905,1478980000
1654657200000,1.06905,1.06917,1.06831,1.06831,1152800000
1654658100000,1.06832,1.06846,1.06814,1.06825,1475300000
1654659000000,1.06826,1.06855,1.0681,1.0681,1529560000
1654659900000,1.0681,1.06837,1.0681,1.06836,1516280000
1654660800000,1.06835,1.06844,1.06784,1.06791,1193890000
1654661700000,1.06792,1.06842,1.06792,1.06832,705740000
1654662600000,1.06832,1.06834,1.068,1.0682,649280000
1654663500000,1.06819,1.06833,1.06785,1.06786,443720000
1654664400000,1.06786,1.06874,1.06776,1.06864,1157280000
1654665300000,1.06864,1.06866,1.06834,1.06854,809660000
1654666200000,1.06853,1.06909,1.06852,1.0689,1016350000
1654667100000,1.0689,1.069,1.06849,1.06881,1114870000
1654668000000,1.06877,1.06926,1.06854,1.06904,2510570000
1654668900000,1.06905,1.0694,1.06881,1.06891,1995920000
1654669800000,1.06891,1.06947,1.06888,1.06916,1227320000
1654670700000,1.06915,1.06927,1.06865,1.06878,2061260000
1654671600000,1.06877,1.06948,1.06825,1.06935,2078400000
1654672500000,1.06935,1.06935,1.06817,1.06849,1930770000
1654673400000,1.0685,1.06885,1.0682,1.0685,2122180000
1654674300000,1.0685,1.06944,1.06818,1.06887,2078620000
1654675200000,1.06889,1.06938,1.06837,1.0692,3039780000
1654676100000,1.06919,1.06947,1.06874,1.06921,2382970000
1654677000000,1.0692,1.06921,1.06757,1.06763,3156540000
1654677900000,1.06765,1.06832,1.06756,1.0679,2676500000
1654678800000,1.06791,1.06828,1.06713,1.06773,3111480000
1654679700000,1.06771,1.06945,1.06771,1.06944,2828600000
1654680600000,1.06944,1.07088,1.06944,1.07065,2402390000
1654681500000,1.07067,1.07072,1.0703,1.0704,2241600000
1654682400000,1.0704,1.07231,1.07035,1.07196,3697500000
1654683300000,1.07199,1.0722,1.07082,1.07101,2901130000
1654684200000,1.07101,1.07234,1.07054,1.07187,2972880000
1654685100000,1.07192,1.07287,1.07184,1.07193,2524630000
1654686000000,1.07195,1.07328,1.07153,1.07325,2481810000
1654686900000,1.07325,1.07397,1.07294,1.07321,2554060000
1654687800000,1.07323,1.07393,1.07322,1.07357,1775840000
1654688700000,1.07359,1.07395,1.07326,1.07356,1625230000
1654689600000,1.07355,1.07407,1.07331,1.07387,1692520000
1654690500000,1.07386,1.07391,1.07212,1.07215,2695290000
1654691400000,1.07217,1.07289,1.07188,1.07277,2235040000
1654692300000,1.07277,1.07336,1.07259,1.07316,2474490000
1654693200000,1.07316,1.07389,1.07247,1.07387,2501090000
1654694100000,1.07388,1.07398,1.07354,1.07373,1658170000
1654695000000,1.07372,1.07473,1.07296,1.07461,2240600000
1654695900000,1.07462,1.07484,1.07407,1.07408,2182160000
1654696800000,1.07409,1.07453,1.0736,1.07401,2048370000
1654697700000,1.07402,1.07436,1.07369,1.07376,1861530000
1654698600000,1.07375,1.07422,1.07337,1.07373,1484640000
1654699500000,1.07374,1.07411,1.07284,1.07313,2301400000
1654700400000,1.07315,1.07401,1.0728,1.07386,1866740000
1654701300000,1.07387,1.0742,1.07366,1.07377,1109080000
1654702200000,1.07377,1.07395,1.07341,1.07341,897160000
1654703100000,1.07341,1.07417,1.0734,1.07416,1107820000
1654704000000,1.07415,1.07433,1.07343,1.07404,1747130000
1654704900000,1.07405,1.07408,1.07361,1.07389,1427050000
1654705800000,1.0739,1.07397,1.07324,1.07326,1278920000
1654706700000,1.07326,1.07328,1.07251,1.07285,1022940000
1654707600000,1.07284,1.07284,1.07202,1.07235,951500000
1654708500000,1.07233,1.07275,1.07232,1.07257,920460000
1654709400000,1.07255,1.07255,1.07168,1.07181,720130000
1654710300000,1.0718,1.07196,1.07169,1.07191,468900000
1654711200000,1.07191,1.07201,1.0716,1.07182,552840000
1654712100000,1.07183,1.07195,1.07139,1.07163,859770000
1654713000000,1.07161,1.07168,1.07126,1.0715,501420000
1654713900000,1.0715,1.07181,1.07148,1.07157,489220000
1654714800000,1.07158,1.07176,1.07147,1.07166,441900000
1654715700000,1.07169,1.0719,1.07147,1.07189,389570000
1654716600000,1.07188,1.07195,1.07158,1.07176,471300000
1654717500000,1.07175,1.07176,1.07128,1.07136,786680000
1654718400000,1.07141,1.0716,1.07132,1.07132,352600000
1654719300000,1.07131,1.07154,1.07126,1.07133,291260000
1654720200000,1.07132,1.07162,1.07127,1.0714,501310000
1654721100000,1.0714,1.07169,1.07135,1.07157,706670000
1654722000000,1.07158,1.07177,1.07155,1.07165,136350000
1654722900000,1.0716,1.0717,1.07146,1.07148,932370000
1654723800000,1.07148,1.07165,1.07146,1.07158,99870000
1654724700000,1.07158,1.07165,1.07155,1.07164,47470000
1654725600000,1.07167,1.07181,1.07154,1.07176,2452730000
1654726500000,1.07178,1.07207,1.07173,1.07182,3595260000
1654727400000,1.07181,1.07197,1.07175,1.07187,1115280000
1654728300000,1.07186,1.07191,1.07178,1.07189,462600000
1654729200000,1.07189,1.07196,1.07175,1.07177,684930000
1654730100000,1.07177,1.07195,1.07172,1.07184,931700000
1654731000000,1.07184,1.07205,1.0717,1.07173,788780000
1654731900000,1.07171,1.07178,1.07156,1.07168,555200000
1654732800000,1.07168,1.0718,1.07121,1.07152,1689140000
1654733700000,1.07151,1.07164,1.07126,1.07147,1358240000
1654734600000,1.07145,1.07153,1.07096,1.071,1296240000
1654735500000,1.07103,1.07136,1.07094,1.07121,1325100000
1654736400000,1.07122,1.07134,1.07095,1.07104,1319000000
1654737300000,1.07104,1.07144,1.07098,1.07122,1241480000
1654738200000,1.07126,1.07148,1.07103,1.07129,1616370000
1654739100000,1.07128,1.07145,1.07103,1.07114,1730720000
1654740000000,1.07112,1.07145,1.07106,1.07141,1580250000
1654740900000,1.07143,1.07157,1.07127,1.07155,1566060000
1654741800000,1.07156,1.072,1.07153,1.07182,1086700000
1654742700000,1.07183,1.07235,1.07181,1.07228,920310000
1654743600000,1.07225,1.07249,1.072,1.07212,722970000
1654744500000,1.07213,1.07227,1.07201,1.07221,436970000
1654745400000,1.07222,1.07289,1.07206,1.07282,614600000
1654746300000,1.07282,1.07337,1.0728,1.07294,1039630000
1654747200000,1.07294,1.07316,1.07276,1.07312,681080000
1654748100000,1.07313,1.07316,1.07276,1.07281,479200000
1654749000000,1.07283,1.07325,1.07274,1.07274,547030000
1654749900000,1.07278,1.07283,1.07261,1.07266,469380000
1654750800000,1.07264,1.07279,1.07241,1.07254,481190000
1654751700000,1.07252,1.07262,1.07237,1.07241,572170000
1654752600000,1.07242,1.07293,1.0723,1.07238,1789960000
1654753500000,1.07238,1.07254,1.07186,1.07187,2167600000
1654754400000,1.0719,1.07199,1.07126,1.07137,1049010000
1654755300000,1.07136,1.07172,1.07089,1.07099,1286450000
1654756200000,1.071,1.07149,1.07095,1.07126,1424870000
1654757100000,1.07126,1.07172,1.07093,1.07146,1478940000
1654758000000,1.07146,1.07166,1.07099,1.0714,1863480000
1654758900000,1.07139,1.07163,1.07096,1.07134,1464680000
1654759800000,1.07133,1.07142,1.07098,1.07128,1296610000
1654760700000,1.07129,1.0715,1.07018,1.07018,1650040000
1654761600000,1.07019,1.07033,1.06938,1.06989,2632960000
1654762500000,1.06987,1.07013,1.06958,1.06999,1419270000
1654763400000,1.06999,1.07106,1.0699,1.07078,2070690000
1654764300000,1.07078,1.07175,1.07078,1.07152,3291140000
1654765200000,1.07153,1.07169,1.07113,1.0713,2220890000
1654766100000,1.07128,1.07164,1.07119,1.07157,1992240000
1654767000000,1.07156,1.07183,1.07155,1.07175,1529090000
1654767900000,1.07175,1.07193,1.07129,1.07161,1414880000
1654768800000,1.0716,1.07197,1.07131,1.07177,1804220000
1654769700000,1.07178,1.07243,1.0717,1.07223,2103510000
1654770600000,1.07223,1.07239,1.07152,1.07232,2891310000
1654771500000,1.07232,1.07243,1.07159,1.07188,2360260000
1654772400000,1.07187,1.07203,1.07114,1.07183,3210990000
1654773300000,1.07181,1.07241,1.07162,1.07219,2999180000
1654774200000,1.07222,1.0749,1.07192,1.0745,4963610000
1654775100000,1.07447,1.07456,1.06883,1.07282,23626500000
1654776000000,1.07285,1.07499,1.07237,1.07424,12327100000
1654776900000,1.07426,1.07676,1.07344,1.07606,12308470000
1654777800000,1.07606,1.07738,1.07542,1.07559,13752170000
1654778700000,1.07556,1.07654,1.07246,1.07343,14591530000
1654779600000,1.07343,1.0743,1.06949,1.07029,14281470000
1654780500000,1.0703,1.07169,1.06809,1.0695,10000710000
1654781400000,1.06951,1.07059,1.06841,1.06857,6489040000
1654782300000,1.06858,1.06985,1.06811,1.06871,4676980000
1654783200000,1.06869,1.06871,1.06486,1.06568,5480040000
1654784100000,1.06568,1.06648,1.0645,1.06638,4015040000
1654785000000,1.06638,1.06672,1.06576,1.06626,3077650000
1654785900000,1.06627,1.06677,1.0648,1.06491,3876620000
1654786800000,1.0649,1.0664,1.06455,1.06615,4186860000
1654787700000,1.06618,1.06637,1.06533,1.06566,2661240000
1654788600000,1.06564,1.06662,1.0656,1.06611,2135750000
1654789500000,1.0661,1.06617,1.06485,1.06575,2167410000
1654790400000,1.06573,1.06573,1.06475,1.06481,1468990000
1654791300000,1.06482,1.0652,1.06455,1.06499,1314770000
1654792200000,1.06497,1.06586,1.06492,1.06585,1272220000
1654793100000,1.06586,1.06599,1.06495,1.06524,850400000
1654794000000,1.06526,1.06549,1.06458,1.06458,886080000
1654794900000,1.06459,1.06463,1.06181,1.06291,1749990000
1654795800000,1.0629,1.06347,1.06271,1.0633,1021130000
1654796700000,1.06328,1.06396,1.06325,1.06388,568410000
1654797600000,1.06387,1.06436,1.06387,1.06427,574380000
1654798500000,1.06428,1.06435,1.0635,1.06352,777180000
1654799400000,1.0635,1.0635,1.06266,1.06292,922780000
1654800300000,1.06291,1.06355,1.0626,1.06263,1205450000
1654801200000,1.06266,1.06269,1.0618,1.06189,1111960000
1654802100000,1.06192,1.06202,1.06152,1.06164,737970000
1654803000000,1.06161,1.06173,1.06123,1.06155,879770000
1654803900000,1.06156,1.06176,1.06125,1.06131,862610000
1654804800000,1.06128,1.06158,1.0611,1.06153,876380000
1654805700000,1.06154,1.06186,1.06151,1.06178,460800000
1654806600000,1.06179,1.06194,1.06167,1.06181,213750000
1654807500000,1.0618,1.06198,1.06146,1.06146,522240000
1654808400000,1.06146,1.06187,1.06129,1.06182,184230000
1654809300000,1.06169,1.06178,1.06166,1.06167,1553400000
1654810200000,1.06167,1.06183,1.06163,1.06183,1528730000
1654811100000,1.06181,1.06184,1.06176,1.06178,87060000
1654812000000,1.06178,1.06199,1.06163,1.06174,883430000
1654812900000,1.06172,1.06198,1.06125,1.06137,1694870000
1654813800000,1.06137,1.06151,1.0611,1.06114,1697330000
1654814700000,1.06115,1.0616,1.06115,1.06155,802490000
1654815600000,1.06154,1.06161,1.0613,1.06159,1443950000
1654816500000,1.06159,1.06184,1.06151,1.06183,915840000
1654817400000,1.06186,1.06205,1.06179,1.06202,395210000
1654818300000,1.06203,1.06218,1.06185,1.0619,589150000
1654819200000,1.0619,1.06201,1.0613,1.06161,1468890000
1654820100000,1.06158,1.06177,1.06113,1.06125,984180000
1654821000000,1.06122,1.06214,1.06121,1.06201,1273040000
1654821900000,1.06202,1.06242,1.06194,1.06237,1304230000
1654822800000,1.06237,1.06242,1.06188,1.06223,1262500000
1654823700000,1.06221,1.06241,1.06173,1.06222,1245310000
1654824600000,1.0622,1.06237,1.06186,1.06204,1688770000
1654825500000,1.06206,1.06254,1.06197,1.06248,1195500000
1654826400000,1.06247,1.06274,1.0624,1.0626,1141950000
1654827300000,1.06257,1.06297,1.06249,1.06297,1113790000
1654828200000,1.06296,1.06297,1.06234,1.06261,948880000
1654829100000,1.06261,1.06299,1.06244,1.06296,1284700000
1654830000000,1.06297,1.0632,1.06284,1.06314,683650000
1654830900000,1.06313,1.06336,1.06306,1.06332,861160000
1654831800000,1.06328,1.06342,1.06306,1.06331,1228020000
1654832700000,1.06332,1.06353,1.06329,1.06341,411400000
1654833600000,1.0634,1.06353,1.06321,1.06336,503470000
1654834500000,1.06337,1.06337,1.06306,1.06312,238420000
1654835400000,1.06312,1.0634,1.06308,1.06308,363720000
1654836300000,1.06307,1.06331,1.06297,1.06307,306360000
1654837200000,1.06308,1.06375,1.06306,1.06365,852780000
1654838100000,1.06364,1.06382,1.06355,1.06365,503300000
1654839000000,1.06365,1.06398,1.06364,1.06395,1405180000
1654839900000,1.06395,1.06422,1.06332,1.06335,690770000
1654840800000,1.06336,1.06347,1.0626,1.06273,711320000
1654841700000,1.06273,1.06274,1.06189,1.06236,1007070000
1654842600000,1.06237,1.06347,1.06219,1.06336,728510000
1654843500000,1.06338,1.06349,1.06255,1.06297,1694720000
1654844400000,1.06297,1.06356,1.06266,1.06336,3624390000
1654845300000,1.06337,1.0639,1.06332,1.06381,3309040000
1654846200000,1.06378,1.06416,1.0632,1.06409,2254270000
1654847100000,1.06408,1.0641,1.06199,1.06254,2657970000
1654848000000,1.06255,1.06332,1.06209,1.06209,2114970000
1654848900000,1.0621,1.06211,1.06074,1.06125,2271240000
1654849800000,1.06124,1.06199,1.06079,1.06161,2310410000
1654850700000,1.06161,1.06167,1.06105,1.06145,1703710000
1654851600000,1.06144,1.06176,1.06087,1.06099,1885360000
1654852500000,1.06098,1.06101,1.059,1.05928,2691170000
1654853400000,1.05928,1.06062,1.05928,1.06024,1921230000
1654854300000,1.06022,1.06022,1.05915,1.05969,1938730000
1654855200000,1.05972,1.06044,1.05939,1.06019,2015380000
1654856100000,1.06017,1.06063,1.05969,1.06024,1597750000
1654857000000,1.06026,1.06055,1.05964,1.05964,1630330000
1654857900000,1.05963,1.05966,1.05859,1.05931,1827010000
1654858800000,1.0593,1.05949,1.05877,1.05931,1873180000
1654859700000,1.05929,1.05952,1.05819,1.05864,2298100000
1654860600000,1.05864,1.05864,1.05755,1.05802,2073410000
1654861500000,1.05805,1.05811,1.05711,1.0574,2724930000
1654862400000,1.05739,1.05797,1.05704,1.05778,2487200000
1654863300000,1.05779,1.0586,1.05759,1.05849,2572430000
1654864200000,1.0585,1.0585,1.05397,1.05584,14255310000
1654865100000,1.05585,1.05625,1.05211,1.05225,7879180000
1654866000000,1.05224,1.05443,1.05224,1.0536,4814670000
1654866900000,1.0536,1.05406,1.05268,1.05403,3486650000
1654867800000,1.05401,1.0542,1.0527,1.05365,4100280000
1654868700000,1.05366,1.05368,1.0522,1.05266,3263510000
1654869600000,1.05266,1.05268,1.05088,1.05166,5013640000
1654870500000,1.05166,1.05202,1.05057,1.05066,3670030000
1654871400000,1.05064,1.05193,1.05061,1.05144,3571000000
1654872300000,1.05145,1.05353,1.05137,1.05305,3597110000
1654873200000,1.05304,1.05342,1.05216,1.05282,4810430000
1654874100000,1.05284,1.0532,1.05195,1.05202,3307730000
1654875000000,1.05202,1.05228,1.05112,1.05182,2613370000
1654875900000,1.0518,1.05224,1.05152,1.05199,2013180000
1654876800000,1.052,1.05254,1.05155,1.05167,1439320000
1654877700000,1.05164,1.05195,1.05127,1.05166,2282770000
1654878600000,1.05165,1.05203,1.05116,1.05178,2658160000
1654879500000,1.05178,1.05246,1.05158,1.05163,2098190000
1654880400000,1.05164,1.05194,1.0515,1.05175,1723620000
1654881300000,1.05175,1.05254,1.05164,1.05254,3569120000
1654882200000,1.05253,1.05291,1.05217,1.05288,3147990000
1654883100000,1.05288,1.05333,1.05188,1.0519,3511300000
1654884000000,1.0519,1.052,1.05133,1.05158,3607470000
1654884900000,1.05157,1.0522,1.05149,1.0518,2436950000
1654885800000,1.0518,1.05202,1.0515,1.05167,1546730000
1654886700000,1.05167,1.0523,1.05162,1.0522,1998680000
1654887600000,1.05221,1.05242,1.05181,1.05232,1384200000
1654888500000,1.05233,1.05266,1.05196,1.05244,1495840000
1654889400000,1.05243,1.05265,1.052,1.05212,1212640000
1654890300000,1.05211,1.05235,1.05184,1.05186,1537130000
1654891200000,1.05186,1.05217,1.05174,1.05179,927870000
1654892100000,1.05179,1.05208,1.05162,1.05181,801660000
1654893000000,1.05182,1.05186,1.05149,1.05175,594820000
1654893900000,1.05176,1.05222,1.0513,1.05137,853740000
1655067600000,1.0513,1.05162,1.0513,1.05158,29630000
1655068500000,1.05152,1.05161,1.05152,1.05161,31230000
1655069400000,1.05161,1.05162,1.0515,1.0515,87150000
1655070300000,1.0515,1.0515,1.05128,1.05144,19974600
1655071200000,1.05144,1.05146,1.0503,1.05032,2246411200
1655072100000,1.05035,1.05201,1.05021,1.05192,2249180000
1655073000000,1.05192,1.05199,1.05067,1.0507,4128210000
1655073900000,1.05069,1.0511,1.05056,1.05081,5298960000
1655074800000,1.05081,1.05135,1.05042,1.05062,4097710000
1655075700000,1.05062,1.05069,1.05013,1.05047,3500790000
1655076600000,1.0505,1.0506,1.05,1.05041,2965760000
1655077500000,1.05041,1.05057,1.04861,1.04907,4544980000
1655078400000,1.04907,1.04942,1.04861,1.04888,5689660000
1655079300000,1.04887,1.04954,1.04856,1.04954,2201610000
1655080200000,1.04955,1.04955,1.0485,1.04857,2859250000
1655081100000,1.04858,1.04859,1.04805,1.04848,3083980000
1655082000000,1.04847,1.04861,1.048,1.04824,2624110000
1655082900000,1.04823,1.04833,1.04756,1.04784,2715670000
1655083800000,1.04787,1.04865,1.04786,1.04824,4227400000
1655084700000,1.04825,1.04852,1.0477,1.04811,2813160000
1655085600000,1.04812,1.04889,1.04812,1.04835,3154910000
1655086500000,1.04834,1.04892,1.04818,1.04857,2122310000
1655087400000,1.04856,1.04874,1.04843,1.04866,1240900000
1655088300000,1.04866,1.04928,1.04865,1.04886,2111530000
1655089200000,1.04885,1.0494,1.04885,1.04934,2026090000
1655090100000,1.04933,1.0494,1.04916,1.04924,1105530000
1655091000000,1.04922,1.04927,1.04894,1.04916,543720000
1655091900000,1.04918,1.04919,1.04881,1.04916,664570000
1655092800000,1.04916,1.04916,1.0485,1.04852,1467090000
1655093700000,1.04851,1.04903,1.04849,1.04875,1096960000
1655094600000,1.04874,1.04876,1.04811,1.04826,999420000
1655095500000,1.04826,1.04909,1.0482,1.04908,1411700000
1655096400000,1.04906,1.04933,1.04881,1.04914,1794110000
1655097300000,1.04914,1.04954,1.04902,1.04935,2341300000
1655098200000,1.04935,1.04951,1.04859,1.04863,1824800000
1655099100000,1.04863,1.04909,1.0486,1.04864,1420890000
1655100000000,1.04861,1.04869,1.04763,1.04799,2499210000
1655100900000,1.04799,1.04889,1.04796,1.0485,3160100000
1655101800000,1.04851,1.04877,1.04777,1.04841,2043920000
1655102700000,1.04842,1.04851,1.047,1.047,2710150000
1655103600000,1.04699,1.04895,1.0469,1.0481,3763820000
1655104500000,1.04811,1.04892,1.04784,1.04822,2828480000
1655105400000,1.04821,1.04883,1.04736,1.04736,2736150000
1655106300000,1.04735,1.0476,1.04608,1.04657,2168650000
1655107200000,1.04656,1.04705,1.04561,1.04665,3390230000
1655108100000,1.04665,1.04837,1.04641,1.04815,2971130000
1655109000000,1.04813,1.04856,1.04728,1.04744,3404550000
1655109900000,1.04743,1.04822,1.04726,1.04751,3108250000
1655110800000,1.0475,1.04815,1.04719,1.04775,3175700000
1655111700000,1.04774,1.04784,1.04703,1.04755,3011580000
1655112600000,1.04757,1.04768,1.04638,1.04665,2995660000
1655113500000,1.04661,1.04689,1.0461,1.04619,2287530000
1655114400000,1.04618,1.04671,1.04581,1.04659,2733740000
1655115300000,1.04659,1.04697,1.04629,1.04656,1782940000
1655116200000,1.04654,1.04716,1.04612,1.04668,2599730000
1655117100000,1.04668,1.047,1.04603,1.04685,2598260000
1655118000000,1.04686,1.04687,1.04599,1.04619,2467960000
1655118900000,1.0462,1.04643,1.04517,1.04541,3157530000
1655119800000,1.0454,1.04648,1.0454,1.04569,3300340000
1655120700000,1.04568,1.04581,1.0445,1.04457,4208660000
1655121600000,1.04458,1.04572,1.04457,1.04542,4602220000
1655122500000,1.04543,1.04742,1.04527,1.04713,5958050000
1655123400000,1.04712,1.04737,1.04567,1.04587,6232660000
1655124300000,1.04587,1.04657,1.04529,1.04652,4888890000
1655125200000,1.04655,1.04685,1.04551,1.04683,4973720000
1655126100000,1.04681,1.04682,1.04551,1.04559,3159650000
1655127000000,1.04561,1.04654,1.04397,1.04457,4831020000
1655127900000,1.04457,1.04535,1.04352,1.04374,5849820000
1655128800000,1.04374,1.04444,1.04329,1.04329,4022160000
1655129700000,1.04326,1.04343,1.04254,1.04339,3423970000
1655130600000,1.0434,1.04417,1.04219,1.04223,3321820000
1655131500000,1.04224,1.04271,1.04181,1.04211,2997100000
1655132400000,1.04213,1.04277,1.04211,1.04264,2036990000
1655133300000,1.04262,1.0434,1.0425,1.04307,2208400000
1655134200000,1.04307,1.04327,1.04243,1.04272,2428130000
1655135100000,1.04273,1.04351,1.04257,1.04344,2393600000
1655136000000,1.04345,1.04515,1.04336,1.04512,2490850000
1655136900000,1.04513,1.04559,1.0445,1.04484,1875380000
1655137800000,1.04483,1.04524,1.04422,1.04425,2491800000
1655138700000,1.04427,1.04457,1.0437,1.04371,1910040000
1655139600000,1.04371,1.04399,1.04339,1.04398,1773180000
1655140500000,1.04399,1.04432,1.04362,1.04391,1513080000
1655141400000,1.0439,1.04491,1.04373,1.04488,1903410000
1655142300000,1.04489,1.04581,1.04481,1.04485,2365120000
1655143200000,1.04486,1.04512,1.04411,1.04419,2330330000
1655144100000,1.04419,1.04461,1.04308,1.04315,2450290000
1655145000000,1.04316,1.04367,1.04268,1.0433,3218940000
1655145900000,1.04331,1.04356,1.0422,1.04248,2586090000
1655146800000,1.04248,1.04273,1.04209,1.04268,5057080000
1655147700000,1.04267,1.04497,1.04077,1.04078,20946820000
1655148600000,1.0408,1.04134,1.04034,1.04104,7069800000
1655149500000,1.04104,1.04182,1.04035,1.04104,7623580000
1655150400000,1.04106,1.04115,1.04045,1.04086,1846930000
1655151300000,1.04085,1.04122,1.03997,1.04033,1970960000
1655152200000,1.04033,1.04083,1.04025,1.04069,637870000
1655153100000,1.0407,1.04106,1.04041,1.04058,1454310000
1655154000000,1.04068,1.04077,1.04057,1.04073,73570000
1655154900000,1.04073,1.04092,1.04072,1.04084,64350000
1655155800000,1.04084,1.04091,1.04078,1.04083,44100000
1655156700000,1.04084,1.04086,1.04076,1.04084,105300000
1655157600000,1.04086,1.04103,1.04072,1.04089,933760000
1655158500000,1.04089,1.04139,1.04023,1.04115,1779060000
1655159400000,1.04116,1.04146,1.04107,1.04145,2835390000
1655160300000,1.04147,1.04147,1.04069,1.0407,1245220000
1655161200000,1.0407,1.04142,1.04064,1.04109,1017950000
1655162100000,1.0411,1.04138,1.0411,1.0413,733920000
1655163000000,1.04131,1.04131,1.0409,1.04096,646130000
1655163900000,1.04095,1.04162,1.04084,1.04148,692640000
1655164800000,1.04148,1.0416,1.04037,1.04132,2121290000
1655165700000,1.04132,1.04219,1.0407,1.04203,2457730000
1655166600000,1.04201,1.04234,1.04176,1.04231,1952060000
1655167500000,1.04232,1.04242,1.04181,1.04226,2425220000
1655168400000,1.04225,1.04246,1.04127,1.04132,2666720000
1655169300000,1.0413,1.04132,1.04081,1.04096,2116780000
1655170200000,1.04096,1.04102,1.04056,1.04082,2092720000
1655171100000,1.04081,1.04081,1.0397,1.04015,2866270000
1655172000000,1.0401,1.04084,1.04,1.04052,1513940000
1655172900000,1.04051,1.04092,1.04018,1.04056,1820730000
1655173800000,1.04057,1.04192,1.04051,1.04162,2125180000
1655174700000,1.04162,1.04198,1.04144,1.04174,1301680000
1655175600000,1.04173,1.04244,1.0415,1.04214,1683630000
1655176500000,1.04214,1.04229,1.0416,1.0422,1939140000
1655177400000,1.04221,1.04242,1.04162,1.0422,2458400000
1655178300000,1.04222,1.04323,1.04206,1.04271,2745020000
1655179200000,1.0427,1.0436,1.04269,1.04309,3373860000
1655180100000,1.04307,1.0435,1.04297,1.04314,2369050000
1655181000000,1.04313,1.04313,1.04232,1.04243,1634670000
1655181900000,1.04244,1.04273,1.04231,1.04244,1226270000
1655182800000,1.04243,1.04271,1.04211,1.04256,2227310000
1655183700000,1.04257,1.04265,1.04178,1.04182,1307930000
1655184600000,1.04182,1.04299,1.04181,1.04298,1779260000
1655185500000,1.04298,1.04391,1.04289,1.04384,1956930000
1655186400000,1.04384,1.04416,1.04285,1.04331,3676230000
1655187300000,1.0433,1.04406,1.04265,1.04372,3226370000
1655188200000,1.04371,1.04431,1.04361,1.04423,2553480000
1655189100000,1.04422,1.04502,1.04383,1.04388,2107240000
1655190000000,1.04389,1.04468,1.04374,1.04396,3027460000
1655190900000,1.04395,1.04667,1.04394,1.04604,4187240000
1655191800000,1.04605,1.0467,1.04566,1.04659,3158780000
1655192700000,1.04662,1.04748,1.0465,1.04676,3349350000
1655193600000,1.04675,1.0471,1.04647,1.0465,3522090000
1655194500000,1.0465,1.04757,1.04629,1.04725,3297120000
1655195400000,1.04725,1.04812,1.04662,1.04765,4378790000
1655196300000,1.04763,1.04846,1.04652,1.04655,6171380000
1655197200000,1.04654,1.04664,1.04513,1.04565,4910630000
1655198100000,1.04565,1.04589,1.04438,1.04476,3980580000
1655199000000,1.04476,1.04537,1.04422,1.04443,4140780000
1655199900000,1.04446,1.04471,1.04329,1.04357,4039750000
1655200800000,1.04357,1.04415,1.04325,1.04353,3314250000
1655201700000,1.04356,1.04394,1.04253,1.04275,2729800000
1655202600000,1.04274,1.04357,1.04264,1.04346,3914630000
1655203500000,1.04347,1.0438,1.04295,1.0435,4344360000
1655204400000,1.04351,1.04418,1.04339,1.04364,3776380000
1655205300000,1.04364,1.0444,1.04324,1.04436,4793670000
1655206200000,1.04435,1.045,1.0443,1.04488,3471820000
1655207100000,1.04488,1.04556,1.0442,1.0442,3119680000
1655208000000,1.04419,1.04525,1.04419,1.04523,3807950000
1655208900000,1.04522,1.04567,1.04451,1.04526,3775850000
1655209800000,1.04528,1.04682,1.04528,1.04619,7060640000
1655210700000,1.04619,1.04625,1.04478,1.04488,4511570000
1655211600000,1.04487,1.04564,1.04445,1.04497,4525410000
1655212500000,1.04498,1.04597,1.04473,1.0448,5121380000
1655213400000,1.04479,1.04524,1.04421,1.04427,5438610000
1655214300000,1.04426,1.04475,1.04334,1.04386,4604530000
1655215200000,1.04386,1.04453,1.04233,1.04242,3121930000
1655216100000,1.04239,1.04286,1.04158,1.04235,3128260000
1655217000000,1.04235,1.04266,1.04127,1.04134,4472860000
1655217900000,1.04135,1.04213,1.04081,1.041,3720080000
1655218800000,1.04099,1.04216,1.04067,1.04155,3481050000
1655219700000,1.04157,1.04232,1.04108,1.04189,2807800000
1655220600000,1.04191,1.04256,1.04109,1.04113,3431240000
1655221500000,1.04113,1.04187,1.04087,1.04167,2721560000
1655222400000,1.04169,1.04181,1.04122,1.04126,2492610000
1655223300000,1.04125,1.04234,1.0412,1.04226,2168000000
1655224200000,1.04226,1.04233,1.04155,1.04201,2750260000
1655225100000,1.042,1.04243,1.04189,1.04202,1288030000
1655226000000,1.04201,1.04358,1.042,1.04355,1537210000
1655226900000,1.04356,1.04433,1.04265,1.04265,2216450000
1655227800000,1.04264,1.04273,1.04204,1.04216,1633140000
1655228700000,1.04217,1.0424,1.04181,1.04186,1217040000
1655229600000,1.04187,1.0431,1.04186,1.04239,2831770000
1655230500000,1.04239,1.04281,1.04214,1.04232,1201080000
1655231400000,1.0423,1.04259,1.04166,1.04175,1484860000
1655232300000,1.04177,1.04207,1.04108,1.04113,2461320000
1655233200000,1.04112,1.04116,1.04056,1.0406,1734990000
1655234100000,1.04063,1.04131,1.03997,1.04109,2324100000
1655235000000,1.04108,1.04153,1.04045,1.0408,3204510000
1655235900000,1.0408,1.04141,1.0403,1.04108,4262510000
1655236800000,1.04107,1.04165,1.04102,1.04148,521190000
1655237700000,1.04147,1.04158,1.04118,1.04119,279380000
1655238600000,1.04119,1.04166,1.04119,1.04164,329130000
1655239500000,1.04163,1.04178,1.04144,1.04144,232020000
1655240400000,1.04144,1.04145,1.04132,1.04135,126400000
1655241300000,1.04135,1.04196,1.04131,1.04137,263990000
1655242200000,1.04137,1.04197,1.04135,1.04154,793610000
1655243100000,1.04154,1.04165,1.04137,1.04155,182240000
1655244000000,1.04155,1.04188,1.04153,1.04158,516450000
1655244900000,1.04158,1.04211,1.04136,1.04169,1306190000
1655245800000,1.0417,1.0422,1.04165,1.04201,822640000
1655246700000,1.04201,1.04273,1.04201,1.0427,809800000
1655247600000,1.04275,1.04323,1.04256,1.04309,2578420000
1655248500000,1.04307,1.0431,1.04245,1.04307,2027280000
1655249400000,1.04305,1.04349,1.04296,1.04349,2019550000
1655250300000,1.0435,1.04382,1.04337,1.04367,2200650000
1655251200000,1.04368,1.04404,1.04278,1.04284,3085690000
1655252100000,1.04283,1.04329,1.04263,1.04302,3357890000
1655253000000,1.04302,1.04328,1.04274,1.04285,3006130000
1655253900000,1.04285,1.04349,1.04272,1.04349,3072840000
1655254800000,1.04349,1.04431,1.04319,1.04417,2333350000
1655255700000,1.04415,1.04494,1.04394,1.04487,1807280000
1655256600000,1.04489,1.04517,1.04444,1.04459,2137210000
1655257500000,1.04456,1.04457,1.04391,1.04409,1986660000
1655258400000,1.04409,1.04442,1.04392,1.04422,2115490000
1655259300000,1.04422,1.04466,1.04417,1.04438,1702400000
1655260200000,1.04438,1.04465,1.0442,1.04448,1852560000
1655261100000,1.04448,1.04453,1.04403,1.0445,1019480000
1655262000000,1.04451,1.04472,1.04427,1.04453,1199160000
1655262900000,1.04452,1.04454,1.04406,1.04443,1189970000
1655263800000,1.04442,1.04445,1.0438,1.04444,1295130000
1655264700000,1.04443,1.04456,1.04422,1.04426,1368910000
1655265600000,1.04425,1.04431,1.04331,1.04354,1475780000
1655266500000,1.04355,1.04384,1.04293,1.04293,1137890000
1655267400000,1.04292,1.04303,1.0426,1.04277,1117080000
1655268300000,1.04277,1.04298,1.0424,1.04266,853630000
1655269200000,1.04266,1.04319,1.0425,1.04284,1909120000
1655270100000,1.04284,1.04353,1.04242,1.04348,1483750000
1655271000000,1.04346,1.04679,1.04345,1.04659,7468580000
1655271900000,1.0466,1.04751,1.04615,1.04638,8001280000
1655272800000,1.04638,1.04685,1.04523,1.04546,10806260000
1655273700000,1.04546,1.04936,1.04527,1.04861,11226260000
1655274600000,1.04861,1.04942,1.04818,1.04837,6606050000
1655275500000,1.04837,1.04837,1.04715,1.04732,4975820000
1655276400000,1.04733,1.04818,1.04638,1.04804,6089510000
1655277300000,1.04804,1.0488,1.04764,1.04868,5645040000
1655278200000,1.04869,1.0493,1.04828,1.04844,4813390000
1655279100000,1.04845,1.04862,1.04461,1.04663,11800790000
1655280000000,1.04661,1.04884,1.04654,1.04869,7717140000
1655280900000,1.04868,1.04902,1.04801,1.04844,7298490000
1655281800000,1.04843,1.05068,1.0476,1.05066,6477520000
1655282700000,1.05065,1.05077,1.04888,1.04937,7560120000
1655283600000,1.04937,1.04976,1.04845,1.04954,5093970000
1655284500000,1.04954,1.04958,1.04782,1.04808,4714340000
1655285400000,1.04812,1.04884,1.04772,1.04827,5049910000
1655286300000,1.0483,1.04951,1.04804,1.04945,4028800000
1655287200000,1.04942,1.04943,1.04791,1.04793,5968450000
1655288100000,1.04792,1.04826,1.04717,1.04779,3812590000
1655289000000,1.0478,1.04878,1.04755,1.04849,3902510000
1655289900000,1.04849,1.04869,1.04791,1.0482,3627080000
1655290800000,1.0482,1.04892,1.04787,1.04852,5140450000
1655291700000,1.04852,1.04868,1.04783,1.04816,4780430000
1655292600000,1.04814,1.04857,1.0469,1.04728,3583920000
1655293500000,1.04728,1.04766,1.04553,1.04582,3862210000
1655294400000,1.04582,1.04608,1.04263,1.04306,9846850000
1655295300000,1.04304,1.04414,1.04211,1.0425,10345380000
1655296200000,1.04253,1.04389,1.04247,1.04354,10363900000
1655297100000,1.04357,1.04392,1.0404,1.04145,7972230000
1655298000000,1.04145,1.0417,1.04029,1.04043,3635750000
1655298900000,1.04044,1.04185,1.04039,1.04152,2690450000
1655299800000,1.04153,1.04176,1.04077,1.04126,3500890000
1655300700000,1.04125,1.04287,1.0412,1.0426,2159550000
1655301600000,1.04262,1.0432,1.04216,1.04255,2306510000
1655302500000,1.04253,1.04287,1.0418,1.04215,1848530000
1655303400000,1.04216,1.0426,1.04154,1.04193,2618280000
1655304300000,1.04193,1.04193,1.04089,1.04112,2476370000
1655305200000,1.04112,1.04117,1.03938,1.03939,2400880000
1655306100000,1.03939,1.04069,1.03928,1.0406,1927150000
1655307000000,1.04059,1.04072,1.03927,1.03927,2489910000
1655307900000,1.03927,1.03948,1.03849,1.03856,2735720000
1655308800000,1.03855,1.03927,1.03847,1.03907,1797410000
1655309700000,1.03909,1.03926,1.03849,1.03857,1185300000
1655310600000,1.03858,1.03902,1.03858,1.03872,1104330000
1655311500000,1.03871,1.03891,1.03799,1.03816,1498770000
1655312400000,1.03816,1.03935,1.03812,1.03892,1073670000
1655313300000,1.0389,1.03965,1.03882,1.03957,1185370000
1655314200000,1.03957,1.03991,1.03927,1.03965,959520000
1655315100000,1.03964,1.04085,1.03959,1.04018,3537110000
1655316000000,1.04019,1.04279,1.0359,1.03765,9048408900
1655316900000,1.03768,1.04075,1.03689,1.0383,8766820000
1655317800000,1.0383,1.04546,1.03654,1.04495,10990970000
1655318700000,1.045,1.04542,1.04101,1.04222,8987520000
1655319600000,1.04224,1.04444,1.04144,1.04413,10462910000
1655320500000,1.04412,1.04647,1.04382,1.04605,10559360000
1655321400000,1.04603,1.04603,1.0432,1.0434,13731250000
1655322300000,1.04343,1.0456,1.0432,1.04541,13487760000
1655323200000,1.04539,1.04696,1.04524,1.04591,3831720000
1655324100000,1.04591,1.04632,1.04501,1.04514,2828690000
1655325000000,1.04514,1.04536,1.04472,1.04515,1570130000
1655325900000,1.04515,1.04516,1.04415,1.04416,1127990000
1655326800000,1.04416,1.04452,1.04373,1.04444,102440000
1655327700000,1.04443,1.04444,1.04423,1.0444,49620000
1655328600000,1.0444,1.0444,1.0444,1.0444,20390000
1655329500000,1.0444,1.04465,1.04427,1.0446,226660000
1655330400000,1.04457,1.04489,1.0443,1.04474,3129680000
1655331300000,1.04474,1.04534,1.04456,1.04496,1800330000
1655332200000,1.04494,1.04505,1.04459,1.04461,1026480000
1655333100000,1.04459,1.04463,1.04423,1.04441,669130000
1655334000000,1.04441,1.04474,1.04423,1.04468,629380000
1655334900000,1.04468,1.04498,1.04449,1.04489,1442890000
1655335800000,1.04488,1.04587,1.0448,1.04578,1355250000
1655336700000,1.04579,1.04582,1.04528,1.04573,1790800000
1655337600000,1.04573,1.04692,1.04573,1.04648,3606390000
1655338500000,1.04648,1.04665,1.046,1.04612,3289170000
1655339400000,1.04612,1.04643,1.04586,1.0462,2399210000
1655340300000,1.04619,1.04664,1.04518,1.04526,3060630000
1655341200000,1.04526,1.04588,1.0448,1.04576,3805800000
1655342100000,1.04578,1.04582,1.04514,1.04546,3214600000
1655343000000,1.04551,1.04554,1.04384,1.04389,2900790000
1655343900000,1.0439,1.04396,1.04308,1.04343,3198370000
1655344800000,1.04342,1.04395,1.04335,1.0439,1414220000
1655345700000,1.04389,1.04436,1.04353,1.04358,1976590000
1655346600000,1.04358,1.04446,1.04352,1.04441,1272610000
1655347500000,1.04442,1.04459,1.04425,1.04452,1212130000
1655348400000,1.04453,1.04503,1.04438,1.04503,1475130000
1655349300000,1.04505,1.04515,1.04466,1.04485,934140000
1655350200000,1.04483,1.04487,1.04419,1.04445,1960470000
1655351100000,1.04445,1.04448,1.04405,1.04429,1911230000
1655352000000,1.04429,1.04434,1.04399,1.04415,1286120000
1655352900000,1.04414,1.04424,1.04363,1.04392,1412000000
1655353800000,1.04392,1.0444,1.0436,1.04361,949360000
1655354700000,1.0436,1.04407,1.04357,1.04384,757000000
1655355600000,1.04384,1.04414,1.04376,1.04385,1284150000
1655356500000,1.04383,1.04439,1.04383,1.04417,1628440000
1655357400000,1.04416,1.04429,1.04264,1.04268,2141300000
1655358300000,1.04268,1.04305,1.04246,1.04292,1720030000
1655359200000,1.04293,1.04337,1.04275,1.04275,3748860000
1655360100000,1.04274,1.04355,1.0427,1.04328,3357970000
1655361000000,1.04328,1.04331,1.04082,1.04099,3399900000
1655361900000,1.04102,1.04208,1.04088,1.04088,3242570000
1655362800000,1.04085,1.04167,1.04004,1.04007,3821930000
1655363700000,1.04007,1.04012,1.03862,1.03939,3507470000
1655364600000,1.03942,1.04087,1.0381,1.03814,7412290000
1655365500000,1.03812,1.04025,1.03808,1.03966,4606450000
1655366400000,1.03965,1.04047,1.03892,1.03894,4320110000
1655367300000,1.03898,1.03994,1.0385,1.03891,5220080000
1655368200000,1.03889,1.04011,1.03838,1.0397,4473190000
1655369100000,1.03971,1.04127,1.03965,1.04093,4935430000
1655370000000,1.04092,1.04128,1.03947,1.04082,5649990000
1655370900000,1.0408,1.04242,1.04079,1.04163,5480190000
1655371800000,1.04163,1.04216,1.04093,1.0414,6600480000
1655372700000,1.0414,1.04217,1.04082,1.04084,4008560000
1655373600000,1.04083,1.04097,1.03947,1.04015,3993360000
1655374500000,1.04015,1.04117,1.04013,1.04079,3974440000
1655375400000,1.04079,1.0412,1.03914,1.03971,4311700000
1655376300000,1.03973,1.04084,1.03932,1.04053,5490870000
1655377200000,1.04052,1.04074,1.03931,1.03981,8731350000
1655378100000,1.03981,1.0426,1.03938,1.04184,7654840000
1655379000000,1.04185,1.04234,1.03981,1.03996,8291880000
1655379900000,1.03994,1.04011,1.03834,1.0385,7955870000
1655380800000,1.03848,1.0402,1.0384,1.04002,6765810000
1655381700000,1.04001,1.04173,1.03944,1.04127,3879910000
1655382600000,1.04126,1.04252,1.04113,1.0425,8300700000
1655383500000,1.04249,1.04366,1.04194,1.04282,5840610000
1655384400000,1.04282,1.04632,1.04279,1.04567,4424840000
1655385300000,1.04566,1.04628,1.04472,1.04627,3821270000
1655386200000,1.04631,1.04734,1.04552,1.04555,6029410000
1655387100000,1.04555,1.04642,1.04491,1.04496,5742700000
1655388000000,1.04496,1.04544,1.04352,1.04367,5097570000
1655388900000,1.04366,1.04794,1.04353,1.04747,5435820000
1655389800000,1.04748,1.04959,1.04709,1.04797,5268900000
1655390700000,1.04797,1.04996,1.04751,1.04945,4647480000
1655391600000,1.04944,1.05135,1.04911,1.05117,3012980000
1655392500000,1.0512,1.05175,1.05048,1.05078,4512420000
1655393400000,1.05079,1.05132,1.05008,1.05131,3340220000
1655394300000,1.0513,1.05292,1.05097,1.05291,3162810000
1655395200000,1.05291,1.05341,1.05222,1.05294,5105640000
1655396100000,1.05293,1.05623,1.0526,1.05569,7300320000
1655397000000,1.05569,1.0565,1.05429,1.05647,6506080000
1655397900000,1.05647,1.05729,1.05566,1.056,8635870000
1655398800000,1.05601,1.05657,1.05562,1.0557,4712950000
1655399700000,1.0557,1.05802,1.0554,1.05734,5075970000
1655400600000,1.05734,1.05946,1.05676,1.05881,9271730000
1655401500000,1.05885,1.06014,1.05823,1.05848,3092530000
1655402400000,1.05848,1.05848,1.05689,1.05745,2864080000
1655403300000,1.05743,1.05743,1.05669,1.05708,1405520000
1655404200000,1.05709,1.05783,1.05654,1.05767,1164400000
1655405100000,1.05768,1.05824,1.05689,1.0575,1599900000
1655406000000,1.05749,1.05785,1.05677,1.05752,1814160000
1655406900000,1.0575,1.05827,1.05722,1.05729,1289160000
1655407800000,1.05729,1.05743,1.05609,1.05609,1592140000
1655408700000,1.05608,1.05633,1.05548,1.05606,1652610000
1655409600000,1.05607,1.0561,1.0551,1.05516,1581150000
1655410500000,1.05515,1.05545,1.05457,1.0547,1194990000
1655411400000,1.05472,1.05501,1.05466,1.05498,532080000
1655412300000,1.05498,1.05536,1.0545,1.05463,837960000
1655413200000,1.05455,1.05518,1.05455,1.05509,50580000
1655414100000,1.05509,1.05517,1.05503,1.05516,31950000
1655415000000,1.05518,1.05529,1.05509,1.05529,76500000
1655415900000,1.05528,1.05538,1.05516,1.05533,204460000
1655416800000,1.05533,1.05605,1.05476,1.05584,2141300000
1655417700000,1.05586,1.05597,1.05476,1.05477,2206030000
1655418600000,1.05478,1.05492,1.05452,1.05463,955210000
1655419500000,1.05466,1.05481,1.05449,1.05479,1558740000
1655420400000,1.0548,1.05507,1.05455,1.05483,1238360000
1655421300000,1.05483,1.05488,1.05437,1.05471,1308340000
1655422200000,1.05473,1.05491,1.05467,1.05485,1420280000
1655423100000,1.05486,1.05512,1.05461,1.05464,1199230000
1655424000000,1.05465,1.0552,1.05412,1.05432,4287680000
1655424900000,1.0543,1.05489,1.05409,1.05413,3271860000
1655425800000,1.0541,1.05425,1.05358,1.05379,3960780000
1655426700000,1.0538,1.05412,1.05353,1.05408,2719880000
1655427600000,1.05409,1.05427,1.05281,1.05302,2772320000
1655428500000,1.05305,1.05406,1.05305,1.05391,3637650000
1655429400000,1.0539,1.05418,1.05342,1.054,2823560000
1655430300000,1.054,1.05404,1.05329,1.05339,2742570000
1655431200000,1.05338,1.05352,1.05274,1.05334,2898370000
1655432100000,1.05334,1.05334,1.05289,1.05318,1043840000
1655433000000,1.05317,1.05343,1.05221,1.05295,3389100000
1655433900000,1.05295,1.05394,1.05222,1.05268,8593040000
1655434800000,1.05265,1.05339,1.05259,1.05338,5214670000
1655435700000,1.05338,1.05371,1.05267,1.05267,2992860000
1655436600000,1.05268,1.05304,1.05214,1.05226,3436260000
1655437500000,1.0523,1.05231,1.05174,1.05203,2766380000
1655438400000,1.05206,1.05297,1.05202,1.05256,2196620000
1655439300000,1.05258,1.053,1.05206,1.05244,2741760000
1655440200000,1.05243,1.05265,1.05211,1.05249,2008790000
1655441100000,1.0525,1.05281,1.0522,1.05276,1724270000
1655442000000,1.05275,1.05285,1.05234,1.05263,2813480000
1655442900000,1.05263,1.05276,1.0521,1.05224,3511050000
1655443800000,1.05224,1.05286,1.05199,1.0524,2334220000
1655444700000,1.05241,1.05267,1.05181,1.05181,3450520000
1655445600000,1.05182,1.05203,1.05114,1.05141,4373010000
1655446500000,1.0514,1.05183,1.05097,1.05178,2650380000
1655447400000,1.05178,1.05183,1.05041,1.05065,4188960000
1655448300000,1.05063,1.05089,1.04995,1.05002,3608850000
1655449200000,1.05001,1.05118,1.04939,1.05107,4538710000
1655450100000,1.05106,1.05266,1.05096,1.05262,4107290000
1655451000000,1.05261,1.05306,1.05196,1.05245,4468570000
1655451900000,1.05244,1.05296,1.0514,1.05176,3373750000
1655452800000,1.05173,1.05184,1.05061,1.05168,5194340000
1655453700000,1.05167,1.05173,1.05,1.05016,4770240000
1655454600000,1.05021,1.05151,1.04999,1.05145,5733280000
1655455500000,1.05145,1.05282,1.05136,1.05198,6382970000
1655456400000,1.05199,1.0535,1.05193,1.05348,7158240000
1655457300000,1.05347,1.05357,1.05166,1.05178,5048590000
1655458200000,1.05177,1.05292,1.0513,1.05138,4635940000
1655459100000,1.05139,1.05221,1.05105,1.05177,6796290000
1655460000000,1.05177,1.05265,1.05176,1.0519,2608630000
1655460900000,1.05189,1.05253,1.05125,1.05149,2851080000
1655461800000,1.05148,1.05234,1.0512,1.05227,3215470000
1655462700000,1.05227,1.05265,1.05165,1.052,3146210000
1655463600000,1.05203,1.05233,1.0513,1.05184,3733300000
1655464500000,1.05184,1.05205,1.0507,1.05132,3806670000
1655465400000,1.05132,1.05143,1.05049,1.05082,3618170000
1655466300000,1.05081,1.05084,1.04834,1.04857,3038550000
1655467200000,1.04855,1.04894,1.04801,1.04869,3691900000
1655468100000,1.04868,1.04926,1.04755,1.0492,3065460000
1655469000000,1.04918,1.0508,1.04918,1.04966,2646260000
1655469900000,1.04966,1.04986,1.04874,1.04947,2304980000
1655470800000,1.04946,1.04999,1.0485,1.04869,2107120000
1655471700000,1.04868,1.049,1.04815,1.04866,2123450000
1655472600000,1.04866,1.049,1.04739,1.04845,3217550000
1655473500000,1.04843,1.04858,1.04788,1.04844,3037150000
1655474400000,1.04845,1.04871,1.04656,1.04681,3952650000
1655475300000,1.04683,1.04705,1.04523,1.04656,6187330000
1655476200000,1.04655,1.04661,1.04444,1.04571,5043550000
1655477100000,1.04572,1.04589,1.04451,1.04581,4456300000
1655478000000,1.04582,1.04775,1.04548,1.04695,4953660000
1655478900000,1.04695,1.04724,1.046,1.04631,3922670000
1655479800000,1.04631,1.0475,1.04625,1.04712,2755330000
1655480700000,1.04713,1.04741,1.04643,1.04733,2496700000
1655481600000,1.04733,1.04763,1.04672,1.04718,4182280000
1655482500000,1.04719,1.0476,1.0467,1.04695,2387840000
1655483400000,1.04695,1.04723,1.04647,1.04723,2602040000
1655484300000,1.04723,1.04731,1.04658,1.04675,2220180000
1655485200000,1.04676,1.04826,1.04665,1.04778,2761030000
1655486100000,1.04777,1.0483,1.04744,1.04785,2235220000
1655487000000,1.04786,1.04985,1.04776,1.04985,1831360000
1655487900000,1.04983,1.04997,1.04877,1.04904,2155740000
1655488800000,1.04906,1.05024,1.04906,1.05021,1873510000
1655489700000,1.05022,1.05027,1.0497,1.04972,1228830000
1655490600000,1.04976,1.04997,1.04925,1.04985,1455220000
1655491500000,1.04986,1.04986,1.04901,1.0491,1580510000
1655492400000,1.04913,1.04958,1.04878,1.04893,1613390000
1655493300000,1.04893,1.04976,1.04886,1.04941,1271340000
1655494200000,1.0494,1.04954,1.0492,1.0494,1585540000
1655495100000,1.0494,1.04967,1.04911,1.04946,1279310000
1655496000000,1.04944,1.0497,1.04892,1.04903,773710000
1655496900000,1.04904,1.04976,1.04903,1.04974,991440000
1655497800000,1.04975,1.05,1.04943,1.04959,742040000
1655498700000,1.04959,1.05,1.0492,1.04934,1300450000
1655672400000,1.04731,1.0486,1.04729,1.04846,112090000
1655673300000,1.04851,1.04898,1.04846,1.04896,128250000
1655674200000,1.04896,1.04925,1.04827,1.04852,187072000
1655675100000,1.04854,1.04881,1.04854,1.04877,66120000
1655676000000,1.0488,1.04914,1.04746,1.04845,1356760000
1655676900000,1.04844,1.04862,1.04817,1.04842,761200000
1655677800000,1.04844,1.04898,1.04837,1.04892,786380000
1655678700000,1.04894,1.04911,1.04883,1.04904,266750000
1655679600000,1.04905,1.04916,1.04858,1.04884,658460000
1655680500000,1.04882,1.04903,1.04845,1.04874,698920000
1655681400000,1.04874,1.04923,1.04861,1.04919,670930000
1655682300000,1.04919,1.04926,1.04889,1.04898,724300000
1655683200000,1.04897,1.04937,1.04848,1.04898,1632040000
1655684100000,1.04899,1.0495,1.04893,1.04915,1601870000
1655685000000,1.04914,1.04956,1.04899,1.04943,1074030000
1655685900000,1.04946,1.04967,1.04887,1.04932,999620000
1655686800000,1.04933,1.04988,1.04933,1.04979,1057240000
1655687700000,1.04979,1.05,1.0493,1.04965,1295950000
1655688600000,1.04966,1.04992,1.04921,1.04952,2245680000
1655689500000,1.04951,1.04962,1.04909,1.04931,1575390000
1655690400000,1.04931,1.05012,1.04924,1.04993,1542520000
1655691300000,1.04992,1.05052,1.04989,1.05022,1349060000
1655692200000,1.05021,1.05174,1.05021,1.05168,1979920000
1655693100000,1.05169,1.05236,1.05138,1.05182,2159530000
1655694000000,1.05182,1.0526,1.05182,1.05257,2322220000
1655694900000,1.05261,1.05262,1.05183,1.05191,2233890000
1655695800000,1.05191,1.05286,1.05183,1.05254,2440440000
1655696700000,1.05255,1.05287,1.05239,1.05283,1801300000
1655697600000,1.05281,1.05281,1.05229,1.05231,1663550000
1655698500000,1.05232,1.05303,1.05224,1.05288,1929810000
1655699400000,1.05285,1.05296,1.05252,1.05263,1219800000
1655700300000,1.05265,1.0528,1.05224,1.05228,1034320000
1655701200000,1.05228,1.05288,1.05219,1.0528,1663670000
1655702100000,1.05279,1.0529,1.05224,1.0524,1372840000
1655703000000,1.0524,1.05262,1.05219,1.05262,2066020000
1655703900000,1.05263,1.05315,1.05263,1.0529,2056550000
1655704800000,1.0529,1.05342,1.05245,1.0532,3604150000
1655705700000,1.05321,1.05427,1.05284,1.05285,3590120000
1655706600000,1.05287,1.05306,1.05251,1.05292,2435610000
1655707500000,1.05293,1.05317,1.05236,1.05245,2375060000
1655708400000,1.05245,1.05298,1.05189,1.05201,3238580000
1655709300000,1.05201,1.05251,1.05134,1.05223,2832090000
1655710200000,1.05226,1.05252,1.05192,1.05232,2564750000
1655711100000,1.05234,1.05243,1.05101,1.05167,2695110000
1655712000000,1.05171,1.05191,1.05119,1.05173,2394870000
1655712900000,1.05174,1.05213,1.05136,1.05156,2936780000
1655713800000,1.05157,1.05185,1.05121,1.05179,2370600000
1655714700000,1.05179,1.05273,1.05172,1.05244,3248140000
1655715600000,1.05244,1.05458,1.05241,1.0538,3662920000
1655716500000,1.05379,1.05437,1.05347,1.0542,2680870000
1655717400000,1.05421,1.05421,1.05318,1.05356,3555580000
1655718300000,1.05355,1.05371,1.0531,1.05326,2534760000
1655719200000,1.05327,1.05337,1.05248,1.0527,2148640000
1655720100000,1.05271,1.05313,1.05242,1.05279,2640980000
1655721000000,1.05279,1.05377,1.0525,1.05351,2065390000
1655721900000,1.05351,1.05358,1.05268,1.05317,2311430000
1655722800000,1.05319,1.0534,1.052,1.05206,2354850000
1655723700000,1.05206,1.05267,1.05206,1.05253,2278510000
1655724600000,1.05252,1.05354,1.05225,1.05335,2643490000
1655725500000,1.05332,1.05332,1.0523,1.05259,2414330000
1655726400000,1.05258,1.05276,1.05156,1.0517,2142870000
1655727300000,1.05167,1.05211,1.05148,1.05198,1813320000
1655728200000,1.05199,1.05229,1.0516,1.05166,1506210000
1655729100000,1.05165,1.05217,1.05165,1.05171,1446870000
1655730000000,1.05172,1.05191,1.05072,1.05126,2889500000
1655730900000,1.05126,1.05222,1.05126,1.05193,2271630000
1655731800000,1.05193,1.05235,1.05145,1.05215,2111310000
1655732700000,1.05214,1.05247,1.05172,1.05184,1978620000
1655733600000,1.05183,1.05295,1.05182,1.05282,1312700000
1655734500000,1.05285,1.05361,1.05273,1.05317,1567790000
1655735400000,1.05316,1.05345,1.0529,1.05316,1699830000
1655736300000,1.05314,1.05416,1.05267,1.05349,2452510000
1655737200000,1.05348,1.05354,1.05235,1.05306,1777910000
1655738100000,1.05305,1.05352,1.05268,1.05293,1577560000
1655739000000,1.05293,1.05347,1.05262,1.05324,1717120000
1655739900000,1.05327,1.0538,1.05327,1.05377,1899090000
1655740800000,1.05379,1.05381,1.05295,1.05296,1760120000
1655741700000,1.05297,1.0531,1.05223,1.05244,1787200000
1655742600000,1.05245,1.05257,1.05202,1.05228,1172960000
1655743500000,1.05229,1.05236,1.05192,1.05233,667080000
1655744400000,1.05232,1.05233,1.05115,1.05132,540430000
1655745300000,1.05133,1.05137,1.05109,1.05114,338360000
1655746200000,1.0512,1.05149,1.05117,1.05144,198100000
1655747100000,1.05139,1.05146,1.05058,1.05059,1064110000
1655748000000,1.0506,1.05076,1.04986,1.04995,1198250000
1655748900000,1.04993,1.05043,1.04993,1.05042,1411350000
1655749800000,1.05042,1.05062,1.05025,1.0504,1242020000
1655750700000,1.05041,1.05041,1.04985,1.0499,1023150000
1655751600000,1.04992,1.05009,1.04979,1.05007,3196190000
1655752500000,1.05006,1.05034,1.05006,1.05031,816290000
1655753400000,1.0503,1.05079,1.05029,1.05076,490780000
1655754300000,1.05076,1.05119,1.05069,1.05111,862350000
1655755200000,1.05114,1.05125,1.05103,1.05121,512440000
1655756100000,1.05122,1.05144,1.05088,1.05091,363980000
1655757000000,1.05096,1.0512,1.05096,1.051,174840000
1655757900000,1.051,1.05109,1.05084,1.05084,260740000
1655758800000,1.05085,1.05104,1.05065,1.05098,67240000
1655759700000,1.05098,1.05102,1.05085,1.05091,111500000
1655760600000,1.05095,1.05101,1.05089,1.05094,95850000
1655761500000,1.05095,1.05114,1.05094,1.05114,77620000
1655762400000,1.05114,1.05125,1.05089,1.05092,228180000
1655763300000,1.05095,1.0513,1.05087,1.05103,177280000
1655764200000,1.05104,1.05156,1.05104,1.05141,496290000
1655765100000,1.05141,1.05187,1.0514,1.05182,498050000
1655766000000,1.05182,1.05182,1.05148,1.05171,470640000
1655766900000,1.0517,1.05181,1.0516,1.05172,384150000
1655767800000,1.05172,1.05175,1.05135,1.05153,426280000
1655768700000,1.05152,1.0521,1.05152,1.05172,608220000
1655769600000,1.05173,1.05241,1.05164,1.052,1678360000
1655770500000,1.05199,1.0527,1.05165,1.0527,1434740000
1655771400000,1.05269,1.05307,1.05192,1.0521,1492250000
1655772300000,1.05212,1.0533,1.05211,1.05325,1529250000
1655773200000,1.05324,1.05384,1.05314,1.05341,1047690000
1655774100000,1.0534,1.05424,1.05322,1.05342,995220000
1655775000000,1.05341,1.05371,1.05301,1.05347,1788690000
1655775900000,1.05346,1.0537,1.05305,1.0534,1264400000
1655776800000,1.0534,1.05407,1.0534,1.05366,775360000
1655777700000,1.05366,1.05366,1.05313,1.05335,492570000
1655778600000,1.05336,1.05356,1.05326,1.05342,450400000
1655779500000,1.0534,1.05351,1.05313,1.05333,628460000
1655780400000,1.05337,1.05338,1.05227,1.05241,1232490000
1655781300000,1.05241,1.053,1.05239,1.05285,1028780000
1655782200000,1.05285,1.053,1.05251,1.0528,655840000
1655783100000,1.05282,1.05321,1.05265,1.0532,703610000
1655784000000,1.0532,1.05328,1.05291,1.05296,485590000
1655784900000,1.05297,1.05314,1.05262,1.05267,454790000
1655785800000,1.05265,1.05271,1.05237,1.05248,554480000
1655786700000,1.05245,1.0525,1.05206,1.05222,472180000
1655787600000,1.05222,1.05255,1.05209,1.05213,559320000
1655788500000,1.05211,1.05228,1.05188,1.05188,352080000
1655789400000,1.05189,1.05189,1.05131,1.0517,681540000
1655790300000,1.05171,1.0519,1.05151,1.05184,888100000
1655791200000,1.05183,1.05203,1.05163,1.05166,947030000
1655792100000,1.05164,1.05216,1.05145,1.05203,1153710000
1655793000000,1.052,1.05306,1.0519,1.05278,1765580000
1655793900000,1.05278,1.05326,1.05226,1.05323,1939190000
1655794800000,1.05323,1.05406,1.05315,1.05392,2000590000
1655795700000,1.05393,1.05534,1.05393,1.05468,2642660000
1655796600000,1.05467,1.05539,1.05444,1.05509,2050550000
1655797500000,1.05503,1.05647,1.05468,1.05566,3516410000
1655798400000,1.05564,1.05647,1.05536,1.05631,3869610000
1655799300000,1.05631,1.05686,1.0561,1.05631,2729030000
1655800200000,1.05631,1.05737,1.05626,1.05715,4786000000
1655801100000,1.05717,1.05792,1.05655,1.05781,4545920000
1655802000000,1.05783,1.05824,1.05726,1.05759,3705420000
1655802900000,1.05762,1.05796,1.05734,1.05776,2994010000
1655803800000,1.05776,1.05791,1.05727,1.05753,2584710000
1655804700000,1.05755,1.05763,1.05659,1.05677,3082090000
1655805600000,1.05678,1.05681,1.05576,1.0559,2880570000
1655806500000,1.0559,1.05607,1.05505,1.05597,2715000000
1655807400000,1.05597,1.0567,1.05565,1.05576,3923610000
1655808300000,1.05576,1.05634,1.05513,1.05521,3118350000
1655809200000,1.05521,1.05567,1.05458,1.05478,3447750000
1655810100000,1.0548,1.05532,1.05442,1.05506,2993920000
1655811000000,1.05505,1.05566,1.05481,1.05564,3582180000
1655811900000,1.05564,1.056,1.05457,1.055,6178640000
1655812800000,1.055,1.05581,1.05457,1.05502,4740270000
1655813700000,1.05499,1.0562,1.05499,1.05557,4236380000
1655814600000,1.05559,1.05615,1.05513,1.0557,5389150000
1655815500000,1.05571,1.05628,1.05483,1.05517,4718120000
1655816400000,1.05517,1.05577,1.05454,1.05468,4209850000
1655817300000,1.05469,1.05516,1.05454,1.05477,4089410000
1655818200000,1.05478,1.05598,1.05476,1.05587,3025190000
1655819100000,1.05586,1.05615,1.05517,1.05589,2315830000
1655820000000,1.05588,1.05617,1.05496,1.0551,2314330000
1655820900000,1.05512,1.05567,1.05443,1.05508,1935030000
1655821800000,1.05511,1.05602,1.05471,1.05586,2641590000
1655822700000,1.05586,1.05662,1.05581,1.05651,2729100000
1655823600000,1.05654,1.05666,1.05485,1.05553,1565460000
1655824500000,1.05553,1.0559,1.0551,1.05581,1428560000
1655825400000,1.0558,1.05661,1.05509,1.05538,2329700000
1655826300000,1.05539,1.05542,1.05467,1.05484,1755340000
1655827200000,1.05486,1.05487,1.05287,1.05322,2619580000
1655828100000,1.05321,1.05359,1.05294,1.0534,1307560000
1655829000000,1.0534,1.05361,1.05279,1.05356,1401010000
1655829900000,1.05356,1.05375,1.05327,1.0534,1432930000
1655830800000,1.05338,1.05366,1.05285,1.05356,1591770000
1655831700000,1.05355,1.05377,1.05282,1.05285,1859890000
1655832600000,1.05284,1.05333,1.05271,1.05325,936640000
1655833500000,1.05322,1.05403,1.0532,1.05387,1774730000
1655834400000,1.05386,1.05396,1.05314,1.05314,1598840000
1655835300000,1.05315,1.05365,1.05297,1.0533,1128190000
1655836200000,1.0533,1.05359,1.05295,1.05312,1556860000
1655837100000,1.05313,1.05321,1.05187,1.05312,1607680000
1655838000000,1.05315,1.05375,1.05312,1.05365,1297310000
1655838900000,1.05365,1.05398,1.05345,1.05396,970640000
1655839800000,1.05397,1.05403,1.05319,1.05325,1048180000
1655840700000,1.05326,1.05345,1.05288,1.05312,1369250000
1655841600000,1.05314,1.05317,1.05285,1.05295,1223540000
1655842500000,1.05298,1.0531,1.05286,1.05292,347610000
1655843400000,1.05292,1.05327,1.05292,1.05319,125440000
1655844300000,1.05319,1.05352,1.053,1.053,309080000
1655845200000,1.053,1.05345,1.053,1.05344,39240000
1655846100000,1.05346,1.05349,1.0534,1.0534,46370000
1655847000000,1.0534,1.05347,1.0534,1.05343,63870000
1655847900000,1.05342,1.05359,1.05341,1.05346,41170000
1655848800000,1.05348,1.05353,1.05322,1.05344,558350000
1655849700000,1.05344,1.05345,1.05327,1.05344,810380000
1655850600000,1.05342,1.05371,1.0533,1.05371,890940000
1655851500000,1.05371,1.05387,1.05353,1.05377,734490000
1655852400000,1.0538,1.05384,1.05314,1.05332,1418890000
1655853300000,1.05335,1.05337,1.05312,1.05322,867470000
1655854200000,1.05322,1.05334,1.05312,1.0532,1004150000
1655855100000,1.0532,1.05359,1.0531,1.05312,830940000
1655856000000,1.05311,1.05314,1.05206,1.0522,2236240000
1655856900000,1.0522,1.05274,1.05182,1.05253,2617850000
1655857800000,1.05254,1.05255,1.05154,1.05164,2114240000
1655858700000,1.05164,1.05198,1.05103,1.05124,1977140000
1655859600000,1.05126,1.05153,1.05093,1.05094,2643350000
1655860500000,1.05098,1.05148,1.05083,1.05143,2408980000
1655861400000,1.05143,1.05146,1.05021,1.05047,3703310000
1655862300000,1.05046,1.05079,1.05033,1.05074,2488470000
1655863200000,1.05074,1.05127,1.05071,1.05076,1476880000
1655864100000,1.05075,1.05151,1.05067,1.05147,1100490000
1655865000000,1.05148,1.05151,1.05081,1.05089,2010900000
1655865900000,1.05089,1.05125,1.05069,1.05097,1773750000
1655866800000,1.05096,1.05098,1.05067,1.05089,1550880000
1655867700000,1.05088,1.05117,1.0508,1.05117,1045380000
1655868600000,1.05116,1.05139,1.05112,1.05134,1002890000
1655869500000,1.05136,1.05136,1.05102,1.05107,1257450000
1655870400000,1.05107,1.05138,1.05099,1.05121,691940000
1655871300000,1.0512,1.05123,1.05078,1.05111,1498550000
1655872200000,1.05112,1.05125,1.05014,1.05027,1287790000
1655873100000,1.05026,1.05037,1.04935,1.04963,1801380000
1655874000000,1.04962,1.04971,1.04923,1.04935,1664290000
1655874900000,1.04935,1.04984,1.04935,1.04974,1505630000
1655875800000,1.04972,1.04978,1.04915,1.04918,3233130000
1655876700000,1.04919,1.04926,1.04858,1.04881,1991080000
1655877600000,1.04882,1.04998,1.04881,1.04948,3962420000
1655878500000,1.0495,1.05082,1.04944,1.05066,3172300000
1655879400000,1.05066,1.05072,1.04873,1.04895,3584820000
1655880300000,1.04894,1.04925,1.0483,1.04914,4834360000
1655881200000,1.04914,1.04952,1.04687,1.04731,8369550000
1655882100000,1.04733,1.04936,1.04728,1.04903,7084760000
1655883000000,1.04902,1.04997,1.04894,1.04996,7617890000
1655883900000,1.04994,1.05078,1.04888,1.05045,6962910000
1655884800000,1.05045,1.05049,1.04935,1.04992,4386170000
1655885700000,1.04993,1.05139,1.0496,1.05099,4120230000
1655886600000,1.05101,1.05139,1.05024,1.05026,4102800000
1655887500000,1.05024,1.05109,1.04991,1.05076,3873030000
1655888400000,1.05075,1.05163,1.05044,1.05148,3735870000
1655889300000,1.05148,1.05171,1.05075,1.05083,3527530000
1655890200000,1.05083,1.05145,1.05048,1.05139,2334280000
1655891100000,1.05139,1.05245,1.05103,1.0519,3052580000
1655892000000,1.05191,1.05278,1.05152,1.05175,2350530000
1655892900000,1.05177,1.05235,1.05155,1.05218,2392130000
1655893800000,1.05219,1.05268,1.05194,1.05211,2427110000
1655894700000,1.05212,1.05242,1.0519,1.05202,1845970000
1655895600000,1.05201,1.05235,1.05174,1.05205,3307480000
1655896500000,1.05206,1.05274,1.05179,1.05254,2864700000
1655897400000,1.05254,1.05289,1.05177,1.05178,2913560000
1655898300000,1.05178,1.05191,1.051,1.05114,2277580000
1655899200000,1.05113,1.0522,1.0511,1.05216,2537260000
1655900100000,1.05215,1.05268,1.05192,1.05253,2094590000
1655901000000,1.05252,1.05256,1.05148,1.05205,3506310000
1655901900000,1.05204,1.05355,1.05184,1.05307,3333350000
1655902800000,1.05308,1.05499,1.05304,1.05456,4938210000
1655903700000,1.05456,1.05483,1.05379,1.05425,4206100000
1655904600000,1.05426,1.05692,1.05363,1.0563,7937880000
1655905500000,1.05631,1.05701,1.05562,1.05596,6030390000
1655906400000,1.05596,1.05641,1.05522,1.05558,3850380000
1655907300000,1.05556,1.05693,1.05539,1.05664,4176240000
1655908200000,1.05663,1.05948,1.05652,1.05934,4592710000
1655909100000,1.05934,1.06057,1.05906,1.05971,4696980000
1655910000000,1.05971,1.05971,1.05835,1.05853,2774140000
1655910900000,1.05852,1.05972,1.05847,1.05929,1754940000
1655911800000,1.0593,1.05973,1.05902,1.05922,2103650000
1655912700000,1.05921,1.0594,1.05797,1.05797,2571950000
1655913600000,1.05799,1.05855,1.05772,1.0584,2225870000
1655914500000,1.0584,1.05894,1.05808,1.05865,2286380000
1655915400000,1.05864,1.05864,1.05737,1.05737,2694110000
1655916300000,1.05734,1.05786,1.05701,1.05748,1964160000
1655917200000,1.05749,1.05777,1.05688,1.05769,1860510000
1655918100000,1.05769,1.05831,1.0576,1.05823,980780000
1655919000000,1.05821,1.05832,1.05769,1.05779,935960000
1655919900000,1.0578,1.05793,1.05753,1.05783,585500000
1655920800000,1.05784,1.05843,1.05759,1.0583,1619740000
1655921700000,1.0583,1.05839,1.0575,1.05764,2300370000
1655922600000,1.05764,1.0578,1.05724,1.05753,1166590000
1655923500000,1.05753,1.05753,1.05654,1.05669,2229360000
1655924400000,1.05669,1.05735,1.0565,1.05714,1730210000
1655925300000,1.05716,1.05745,1.05686,1.05693,2036920000
1655926200000,1.05693,1.05693,1.05658,1.0568,1203300000
1655927100000,1.0568,1.05695,1.05659,1.0567,1247600000
1655928000000,1.05669,1.05683,1.05631,1.05635,1487270000
1655928900000,1.05637,1.0567,1.05635,1.05645,498000000
1655929800000,1.05645,1.05666,1.05645,1.05658,314100000
1655930700000,1.05659,1.05691,1.05644,1.05645,847020000
1655931600000,1.05645,1.05674,1.05635,1.05655,130790000
1655932500000,1.05655,1.05669,1.05655,1.05655,122240000
1655933400000,1.05655,1.05655,1.05646,1.05647,46100000
1655934300000,1.05647,1.05652,1.0564,1.05641,585730000
1655935200000,1.0564,1.05692,1.0564,1.0567,1285832000
1655936100000,1.05669,1.0568,1.05658,1.05664,1064250000
1655937000000,1.05664,1.0567,1.05653,1.05654,482210000
1655937900000,1.05654,1.0568,1.05653,1.05671,415910000
1655938800000,1.05672,1.05675,1.05642,1.05652,1586600000
1655939700000,1.05651,1.05652,1.05609,1.05633,1413900000
1655940600000,1.05635,1.05654,1.05624,1.05651,1140430000
1655941500000,1.05651,1.05658,1.05628,1.05646,1273660000
1655942400000,1.05646,1.05725,1.05629,1.05707,2121690000
1655943300000,1.05707,1.0574,1.05648,1.05649,3009590000
1655944200000,1.05649,1.057,1.05609,1.05643,2353650000
1655945100000,1.05641,1.05751,1.05627,1.05741,3655180000
1655946000000,1.05741,1.05793,1.05692,1.05735,2894440000
1655946900000,1.05735,1.0581,1.05719,1.05773,3883900000
1655947800000,1.05772,1.05774,1.05629,1.05636,3147440000
1655948700000,1.05635,1.05655,1.05567,1.05578,3328100000
1655949600000,1.05578,1.05618,1.05574,1.05603,2353130000
1655950500000,1.05602,1.05625,1.05557,1.05562,2227870000
1655951400000,1.05565,1.05642,1.05558,1.0564,2168220000
1655952300000,1.0564,1.05771,1.05638,1.05706,4211970000
1655953200000,1.05704,1.05741,1.05675,1.057,1655280000
1655954100000,1.057,1.05719,1.05664,1.05699,2537640000
1655955000000,1.057,1.05749,1.05659,1.05661,1925260000
1655955900000,1.05664,1.05703,1.05645,1.05692,1093110000
1655956800000,1.05692,1.05722,1.05661,1.05673,1385390000
1655957700000,1.05675,1.05747,1.05673,1.05742,1778910000
1655958600000,1.05743,1.05745,1.05703,1.05731,862960000
1655959500000,1.05732,1.05732,1.05672,1.05672,1393840000
1655960400000,1.05672,1.05695,1.05643,1.05693,1531040000
1655961300000,1.05693,1.05698,1.0565,1.05678,1532190000
1655962200000,1.05678,1.05731,1.05668,1.05683,2362750000
1655963100000,1.05684,1.05725,1.05658,1.05698,1948380000
1655964000000,1.05699,1.05712,1.05593,1.05603,3967930000
1655964900000,1.05604,1.0565,1.05575,1.0563,2718410000
1655965800000,1.05626,1.05678,1.05612,1.05624,3150030000
1655966700000,1.05624,1.05792,1.056,1.0578,3530340000
1655967600000,1.05779,1.05791,1.05645,1.05655,6355620000
1655968500000,1.05654,1.05654,1.05277,1.05298,11333590000
1655969400000,1.05298,1.05298,1.04982,1.0511,6337240000
1655970300000,1.05107,1.05154,1.05031,1.05075,4681200000
1655971200000,1.05075,1.0518,1.05024,1.05164,4065910000
1655972100000,1.05165,1.05193,1.05068,1.05085,2731270000
1655973000000,1.05088,1.05112,1.04933,1.0494,3849450000
1655973900000,1.04942,1.04954,1.04826,1.04935,2680790000
1655974800000,1.04936,1.05083,1.04914,1.05083,2435760000
1655975700000,1.05085,1.05149,1.05062,1.05139,1700410000
1655976600000,1.05139,1.05146,1.05045,1.05069,1962750000
1655977500000,1.05069,1.05187,1.05027,1.05178,3565340000
1655978400000,1.05176,1.05176,1.05049,1.05082,3285000000
1655979300000,1.05083,1.05218,1.05072,1.05168,4105640000
1655980200000,1.05167,1.05167,1.0504,1.05066,3426070000
1655981100000,1.05066,1.05071,1.05017,1.05044,2836980000
1655982000000,1.05046,1.05102,1.04954,1.05012,4377610000
1655982900000,1.05013,1.0505,1.04981,1.05046,3260260000
1655983800000,1.05046,1.05052,1.0495,1.05031,3013590000
1655984700000,1.05032,1.05152,1.05015,1.05054,5039460000
1655985600000,1.05053,1.05069,1.04931,1.04936,4683930000
1655986500000,1.04937,1.05138,1.04902,1.0512,3427790000
1655987400000,1.05119,1.05183,1.05054,1.05063,4843110000
1655988300000,1.05062,1.05113,1.04993,1.05041,5103720000
1655989200000,1.0504,1.05246,1.05037,1.05172,4447660000
1655990100000,1.05172,1.05248,1.05118,1.05226,3725100000
1655991000000,1.05227,1.05252,1.0512,1.05122,3007770000
1655991900000,1.0512,1.0544,1.0512,1.05437,7403670000
1655992800000,1.05437,1.0554,1.0527,1.05324,6007350000
1655993700000,1.05327,1.05334,1.05132,1.05206,4588430000
1655994600000,1.05209,1.05265,1.05123,1.05185,5419740000
1655995500000,1.05184,1.05326,1.05168,1.05285,3917540000
1655996400000,1.05286,1.05418,1.05224,1.05379,3248260000
1655997300000,1.05377,1.05379,1.05133,1.05148,5409240000
1655998200000,1.05151,1.0523,1.05151,1.0517,5921650000
1655999100000,1.05171,1.0522,1.05016,1.05019,4475040000
1656000000000,1.05019,1.05148,1.04942,1.05098,5919060000
1656000900000,1.05098,1.0514,1.05022,1.0504,5535800000
1656001800000,1.05039,1.05115,1.05011,1.05071,5699740000
1656002700000,1.05074,1.05106,1.05044,1.05083,7231470000
1656003600000,1.05084,1.05196,1.05043,1.05156,6221580000
1656004500000,1.05157,1.05193,1.05061,1.05119,4663240000
1656005400000,1.05121,1.05164,1.05104,1.05113,2376330000
1656006300000,1.05113,1.05158,1.05063,1.05067,3440180000
1656007200000,1.05068,1.05136,1.05061,1.05134,3001640000
1656008100000,1.05134,1.0515,1.05087,1.05102,3363770000
1656009000000,1.05103,1.05197,1.05096,1.05195,1906530000
1656009900000,1.05193,1.05215,1.05158,1.05202,2285090000
1656010800000,1.05202,1.05279,1.05196,1.0526,2684730000
1656011700000,1.05257,1.05334,1.05251,1.05305,2777900000
1656012600000,1.05306,1.05312,1.05256,1.05292,1247320000
1656013500000,1.05292,1.05316,1.05248,1.0527,1433040000
1656014400000,1.05271,1.05308,1.05224,1.05233,922110000
1656015300000,1.05232,1.05232,1.05208,1.05212,256450000
1656016200000,1.05212,1.05237,1.05207,1.05208,184270000
1656017100000,1.05208,1.05221,1.05191,1.05208,626870000
1656018000000,1.05208,1.05242,1.0518,1.05219,159700000
1656018900000,1.05219,1.05223,1.05208,1.05221,143330000
1656019800000,1.05221,1.0523,1.05203,1.05209,237420000
1656020700000,1.05209,1.05213,1.05204,1.05212,161550000
1656021600000,1.05207,1.05266,1.05206,1.05266,606730000
1656022500000,1.05265,1.0528,1.0525,1.05252,469430000
1656023400000,1.05251,1.05253,1.05206,1.05242,647330000
1656024300000,1.05243,1.05269,1.05236,1.05263,566220000
1656025200000,1.05262,1.0528,1.05236,1.05258,455990000
1656026100000,1.05263,1.05281,1.0526,1.05277,444520000
1656027000000,1.05276,1.05276,1.0522,1.05222,722490000
1656027900000,1.05221,1.05223,1.05189,1.05192,705040000
1656028800000,1.05192,1.05255,1.0519,1.05195,1632680000
1656029700000,1.05195,1.05257,1.05167,1.05188,2056460000
1656030600000,1.05188,1.05192,1.0512,1.05186,2385680000
1656031500000,1.05185,1.05249,1.05153,1.05165,1260460000
1656032400000,1.05167,1.05261,1.05135,1.05256,1443390000
1656033300000,1.05256,1.05302,1.0524,1.05252,2158280000
1656034200000,1.05252,1.05327,1.0523,1.05312,1899090000
1656035100000,1.05313,1.05336,1.05289,1.0529,2006240000
1656036000000,1.0529,1.05309,1.0527,1.05294,1485650000
1656036900000,1.05295,1.05302,1.05268,1.0529,1254000000
1656037800000,1.05291,1.05357,1.0529,1.05355,1185840000
1656038700000,1.05354,1.05371,1.05311,1.05342,1218710000
1656039600000,1.05344,1.05344,1.05286,1.05298,1196530000
1656040500000,1.05296,1.05329,1.05292,1.0532,1088050000
1656041400000,1.0532,1.05353,1.05307,1.05321,925680000
1656042300000,1.05321,1.0535,1.05312,1.05328,754840000
1656043200000,1.05327,1.05354,1.05308,1.0535,991670000
1656044100000,1.05351,1.05385,1.05346,1.0538,1072370000
1656045000000,1.05379,1.05398,1.0535,1.05392,865850000
1656045900000,1.05393,1.05431,1.05358,1.05399,861570000
1656046800000,1.05398,1.0542,1.05384,1.05397,1915490000
1656047700000,1.05398,1.05429,1.05385,1.05426,910520000
1656048600000,1.05425,1.05464,1.05425,1.05449,1271360000
1656049500000,1.05449,1.0546,1.05408,1.05426,1762150000
1656050400000,1.05425,1.05457,1.05377,1.05383,2535640000
1656051300000,1.05383,1.05404,1.05343,1.05367,2254930000
1656052200000,1.05366,1.0539,1.0534,1.05388,2124410000
1656053100000,1.05387,1.05419,1.05306,1.05344,1445450000
1656054000000,1.05344,1.05375,1.05277,1.05288,2368000000
1656054900000,1.05289,1.05309,1.0523,1.05257,2445760000
1656055800000,1.05259,1.05317,1.05242,1.05291,1756410000
1656056700000,1.05287,1.05291,1.05221,1.05234,1689580000
1656057600000,1.05235,1.05295,1.05197,1.05201,2737870000
1656058500000,1.052,1.05291,1.05192,1.05251,2075230000
1656059400000,1.0525,1.05323,1.05221,1.05322,1851800000
1656060300000,1.05324,1.05458,1.05307,1.05442,2608210000
1656061200000,1.05441,1.05445,1.05405,1.05438,2470540000
1656062100000,1.05437,1.05541,1.05397,1.05535,1772090000
1656063000000,1.05534,1.05538,1.05418,1.05434,2110560000
1656063900000,1.05435,1.05531,1.0543,1.05529,1561480000
1656064800000,1.05528,1.05547,1.05456,1.05461,2302110000
1656065700000,1.05463,1.05523,1.0542,1.05468,2104190000
1656066600000,1.05468,1.05472,1.05359,1.05413,2399330000
1656067500000,1.05412,1.05441,1.05375,1.05376,1526210000
1656068400000,1.05376,1.05403,1.05296,1.05311,1663740000
1656069300000,1.05311,1.05344,1.05255,1.05342,1297670000
1656070200000,1.05342,1.05373,1.05253,1.05273,2202490000
1656071100000,1.05273,1.0528,1.05141,1.05157,2775240000
1656072000000,1.05158,1.05255,1.05158,1.05235,2423610000
1656072900000,1.05233,1.0533,1.05223,1.05328,2337980000
1656073800000,1.05328,1.05335,1.05241,1.05334,2170080000
1656074700000,1.05335,1.05339,1.05221,1.0523,2834690000
1656075600000,1.05231,1.05284,1.05156,1.0528,2709620000
1656076500000,1.05279,1.05348,1.05185,1.05344,2115180000
1656077400000,1.05343,1.05444,1.05311,1.05381,2979490000
1656078300000,1.05381,1.05457,1.05327,1.0534,3109840000
1656079200000,1.05345,1.05696,1.05345,1.05607,8320710000
1656080100000,1.05606,1.0571,1.05523,1.0571,3797020000
1656081000000,1.05708,1.05712,1.05428,1.05462,4948420000
1656081900000,1.05463,1.05534,1.05403,1.05432,4526310000
1656082800000,1.05431,1.05597,1.05423,1.05485,2477800000
1656083700000,1.05486,1.05525,1.0546,1.0551,1974770000
1656084600000,1.05511,1.0559,1.0548,1.05545,1452430000
1656085500000,1.05546,1.05576,1.05364,1.05381,2000460000
1656086400000,1.0538,1.05446,1.0537,1.05438,1668310000
1656087300000,1.05439,1.05451,1.05406,1.0541,1176820000
1656088200000,1.05412,1.05464,1.0539,1.05464,771060000
1656089100000,1.05461,1.05484,1.05436,1.05466,950430000
1656090000000,1.05466,1.05491,1.05429,1.0545,812290000
1656090900000,1.05449,1.05453,1.05424,1.05442,609120000
1656091800000,1.05442,1.05451,1.0541,1.05446,724760000
1656092700000,1.05442,1.05443,1.05345,1.05387,695060000
1656093600000,1.05387,1.05507,1.05387,1.05494,819390000
1656094500000,1.05494,1.05495,1.0544,1.05489,1060100000
1656095400000,1.05489,1.05523,1.05483,1.05489,754100000
1656096300000,1.0549,1.05506,1.05464,1.05486,893580000
1656097200000,1.05485,1.05495,1.05451,1.05471,758620000
1656098100000,1.05474,1.05528,1.05474,1.05527,618530000
1656099000000,1.05526,1.05528,1.05464,1.055,512780000
1656099900000,1.05499,1.05593,1.05471,1.05588,1051120000
1656100800000,1.05589,1.05589,1.05532,1.05535,918420000
1656101700000,1.05547,1.0557,1.05495,1.05495,543830000
1656102600000,1.05495,1.05536,1.05492,1.05534,303130000
1656103500000,1.05532,1.0557,1.05499,1.05519,1159240000
1656277200000,1.05479,1.05523,1.05457,1.055,66900000
1656278100000,1.055,1.05507,1.055,1.05505,66100000
1656279000000,1.05506,1.05576,1.05505,1.05521,205960000
1656279900000,1.05522,1.05526,1.05517,1.05522,74700000
1656280800000,1.05518,1.05574,1.05511,1.0557,887960000
1656281700000,1.05569,1.05577,1.0554,1.05542,233120000
1656282600000,1.05548,1.05607,1.05541,1.05607,2072140000
1656283500000,1.05607,1.05646,1.05601,1.05645,1643960000
1656284400000,1.05646,1.05746,1.05639,1.05696,2737790000
1656285300000,1.05698,1.05707,1.05645,1.05706,1756560000
1656286200000,1.05708,1.05736,1.05677,1.05708,1957390000
1656287100000,1.0571,1.05733,1.0565,1.05665,2168730000
1656288000000,1.05665,1.05713,1.05631,1.05653,2792410000
1656288900000,1.05654,1.05688,1.05638,1.05656,1698850000
1656289800000,1.05655,1.05701,1.05634,1.05641,2734750000
1656290700000,1.05641,1.05647,1.05526,1.05557,2832130000
1656291600000,1.05558,1.05645,1.05558,1.05604,3985490000
1656292500000,1.05603,1.05647,1.056,1.05622,3132790000
1656293400000,1.05622,1.05651,1.05602,1.05618,3798520000
1656294300000,1.05617,1.05642,1.05574,1.05607,2517830000
1656295200000,1.05606,1.05636,1.05586,1.05596,3159570000
1656296100000,1.05597,1.0563,1.0559,1.05603,2131020000
1656297000000,1.05604,1.05667,1.05604,1.05624,2240230000
1656297900000,1.05624,1.05634,1.0555,1.05559,1520990000
1656298800000,1.05563,1.05569,1.05527,1.05535,1853690000
1656299700000,1.05541,1.05552,1.05521,1.05549,1249720000
1656300600000,1.0555,1.05555,1.05515,1.05539,1736090000
1656301500000,1.05539,1.05564,1.05502,1.05563,1082730000
1656302400000,1.05562,1.05574,1.05546,1.05573,1001360000
1656303300000,1.05573,1.05651,1.0557,1.05647,1370600000
1656304200000,1.05645,1.0565,1.05613,1.05632,1307890000
1656305100000,1.05634,1.05652,1.0563,1.05646,1035580000
1656306000000,1.05647,1.05689,1.05638,1.05688,1725370000
1656306900000,1.05687,1.05706,1.05655,1.05675,1966860000
1656307800000,1.05677,1.05679,1.0563,1.0564,3373950000
1656308700000,1.0564,1.0565,1.05584,1.05589,1975090000
1656309600000,1.05589,1.05624,1.05568,1.05569,3231150000
1656310500000,1.05571,1.05595,1.05541,1.05592,2631870000
1656311400000,1.05592,1.05645,1.05565,1.0558,2117230000
1656312300000,1.0558,1.05695,1.0558,1.05683,2697900000
1656313200000,1.05684,1.05771,1.05631,1.05667,3399280000
1656314100000,1.05668,1.05841,1.05668,1.05814,4370070000
1656315000000,1.05813,1.0584,1.05787,1.05807,3238960000
1656315900000,1.05806,1.05902,1.05796,1.05877,3045640000
1656316800000,1.05877,1.05911,1.05815,1.05828,3065900000
1656317700000,1.05827,1.05866,1.05779,1.0581,4318980000
1656318600000,1.05811,1.05856,1.0575,1.05847,2198760000
1656319500000,1.05845,1.05877,1.05816,1.05838,2214160000
1656320400000,1.05839,1.05882,1.05815,1.05815,2699580000
1656321300000,1.05816,1.05855,1.05755,1.05782,3394920000
1656322200000,1.05783,1.05811,1.05761,1.05793,2604890000
1656323100000,1.05794,1.05862,1.0568,1.05686,2313400000
1656324000000,1.05688,1.05768,1.05682,1.05768,2850860000
1656324900000,1.05766,1.05808,1.05703,1.05795,2398100000
1656325800000,1.05796,1.05857,1.0579,1.05847,3133990000
1656326700000,1.05848,1.05888,1.05826,1.05845,2082120000
1656327600000,1.05848,1.05859,1.05766,1.05766,2611850000
1656328500000,1.05768,1.05791,1.05716,1.05719,2026150000
1656329400000,1.05719,1.0579,1.05712,1.05759,1349560000
1656330300000,1.05759,1.05763,1.05644,1.05668,2232350000
1656331200000,1.05668,1.05738,1.05665,1.05718,2300050000
1656332100000,1.05707,1.05712,1.05634,1.05676,1637380000
1656333000000,1.05676,1.05708,1.05535,1.0559,3178790000
1656333900000,1.05592,1.05702,1.05589,1.05683,1722930000
1656334800000,1.05683,1.0584,1.05683,1.05838,2701990000
1656335700000,1.05839,1.05855,1.05787,1.0583,2424670000
1656336600000,1.05829,1.05859,1.05739,1.05858,3481360000
1656337500000,1.05858,1.05861,1.05774,1.05817,3300430000
1656338400000,1.05817,1.05862,1.05719,1.05736,4053840000
1656339300000,1.05735,1.05827,1.05701,1.0574,2515750000
1656340200000,1.05738,1.05831,1.05721,1.0583,2819960000
1656341100000,1.05831,1.05987,1.05819,1.05969,4501630000
1656342000000,1.05968,1.0607,1.05944,1.06044,2468900000
1656342900000,1.06043,1.0615,1.06032,1.06093,4229720000
1656343800000,1.06093,1.06135,1.06037,1.0604,4396520000
1656344700000,1.06043,1.06071,1.05994,1.06002,1900190000
1656345600000,1.06003,1.06045,1.0598,1.06007,1432620000
1656346500000,1.06007,1.0602,1.05969,1.05986,1114460000
1656347400000,1.05986,1.06001,1.05934,1.0596,902420000
1656348300000,1.0596,1.05993,1.05943,1.05974,1025960000
1656349200000,1.05973,1.05991,1.05829,1.05865,3009410000
1656350100000,1.05865,1.05891,1.05822,1.05882,1401440000
1656351000000,1.05883,1.05889,1.05852,1.05873,1232400000
1656351900000,1.05872,1.05918,1.05842,1.05904,1080460000
1656352800000,1.05905,1.05942,1.05867,1.05882,2184680000
1656353700000,1.05884,1.05924,1.05882,1.05912,2480650000
1656354600000,1.05915,1.05925,1.05849,1.05851,1002230000
1656355500000,1.05851,1.05862,1.05795,1.05842,1274790000
1656356400000,1.05844,1.05888,1.05782,1.05884,1413260000
1656357300000,1.05885,1.05887,1.05856,1.0587,807560000
1656358200000,1.0587,1.05874,1.05824,1.05856,722570000
1656359100000,1.05855,1.05869,1.05784,1.05801,1538750000
1656360000000,1.05803,1.05834,1.05778,1.05816,1182680000
1656360900000,1.05815,1.05833,1.05793,1.05806,426050000
1656361800000,1.05809,1.05813,1.05783,1.05784,477970000
1656362700000,1.05784,1.05832,1.05783,1.0582,781370000
1656363600000,1.05821,1.05841,1.05807,1.05835,206710000
1656364500000,1.05835,1.05845,1.05823,1.05835,107460000
1656365400000,1.05836,1.0584,1.05828,1.05837,285290000
1656366300000,1.05837,1.05856,1.05833,1.05842,332100000
1656367200000,1.05842,1.05852,1.05836,1.05841,666550000
1656368100000,1.0584,1.05846,1.05818,1.05827,750920000
1656369000000,1.05826,1.05826,1.05762,1.05773,1313430000
1656369900000,1.05771,1.05802,1.0577,1.05799,383420000
1656370800000,1.05797,1.0582,1.05773,1.05791,512760000
1656371700000,1.0579,1.05795,1.05766,1.05775,342480000
1656372600000,1.05772,1.05805,1.05765,1.05789,237640000
1656373500000,1.05788,1.0581,1.05785,1.05797,1081120000
1656374400000,1.05797,1.0585,1.05788,1.05811,3413160000
1656375300000,1.05811,1.05853,1.05808,1.05827,2175470000
1656376200000,1.05827,1.05851,1.05773,1.05778,2233210000
1656377100000,1.05778,1.05786,1.05703,1.05759,3781220000
1656378000000,1.0576,1.05826,1.0576,1.05825,2670580000
1656378900000,1.05824,1.05864,1.05788,1.0581,2413690000
1656379800000,1.05809,1.05832,1.05789,1.05791,3180730000
1656380700000,1.0579,1.05807,1.05731,1.05748,4905090000
1656381600000,1.05751,1.05794,1.05748,1.05764,2630330000
1656382500000,1.05763,1.05768,1.05713,1.05735,2215910000
1656383400000,1.05738,1.05784,1.05727,1.0578,2343260000
1656384300000,1.05782,1.05814,1.05751,1.05767,3545310000
1656385200000,1.05766,1.05807,1.05755,1.05781,3991590000
1656386100000,1.05781,1.05798,1.05761,1.05782,2649240000
1656387000000,1.05783,1.05818,1.05776,1.05804,2605670000
1656387900000,1.05805,1.05846,1.05795,1.05811,2504180000
1656388800000,1.0581,1.05817,1.05787,1.05813,1452100000
1656389700000,1.05812,1.05815,1.0578,1.05797,1962270000
1656390600000,1.05798,1.05801,1.0577,1.05771,1637510000
1656391500000,1.05771,1.05773,1.05739,1.05754,1876200000
1656392400000,1.05754,1.0577,1.05741,1.05766,2324720000
1656393300000,1.05767,1.05774,1.05751,1.05754,1062990000
1656394200000,1.05753,1.05769,1.05721,1.05755,2312260000
1656395100000,1.05757,1.05775,1.05704,1.05709,1963740000
1656396000000,1.05711,1.05851,1.05703,1.05807,8279520000
1656396900000,1.05806,1.05956,1.05781,1.05947,7595210000
1656397800000,1.05947,1.06061,1.05912,1.06009,4933810000
1656398700000,1.06007,1.06018,1.05825,1.05825,4504330000
1656399600000,1.05826,1.05952,1.0582,1.05897,4626500000
1656400500000,1.05895,1.05943,1.05821,1.05885,7773480000
1656401400000,1.05886,1.05939,1.05859,1.05881,4165630000
1656402300000,1.0588,1.05928,1.05822,1.05842,6182270000
1656403200000,1.05842,1.05855,1.05742,1.05782,7470020000
1656404100000,1.05782,1.05895,1.05765,1.05875,5392780000
1656405000000,1.05875,1.05974,1.05865,1.05908,3432800000
1656405900000,1.05909,1.05946,1.05853,1.05919,3951940000
1656406800000,1.05918,1.05971,1.05897,1.05914,3804200000
1656407700000,1.05913,1.05914,1.05825,1.05844,2148660000
1656408600000,1.05844,1.05875,1.05825,1.05834,2234030000
1656409500000,1.05834,1.05884,1.05811,1.05857,2454960000
1656410400000,1.05856,1.05889,1.05839,1.05886,2063370000
1656411300000,1.05885,1.05904,1.05871,1.05894,2550780000
1656412200000,1.05894,1.05902,1.05822,1.05833,3144530000
1656413100000,1.05833,1.0585,1.05775,1.05781,3209250000
1656414000000,1.0578,1.05813,1.05759,1.05812,2933050000
1656414900000,1.05812,1.05882,1.05809,1.05834,2172320000
1656415800000,1.05835,1.05837,1.05729,1.05771,2454230000
1656416700000,1.0577,1.05785,1.05634,1.05694,3574460000
1656417600000,1.05692,1.05708,1.05569,1.05603,4071270000
1656418500000,1.05605,1.05605,1.0548,1.05566,3259550000
1656419400000,1.05564,1.05574,1.05425,1.05429,4460140000
1656420300000,1.05428,1.0544,1.05328,1.05376,3751480000
1656421200000,1.05377,1.0542,1.0523,1.05282,3867890000
1656422100000,1.05281,1.05363,1.05271,1.05296,2885020000
1656423000000,1.05297,1.0534,1.05258,1.05333,3343680000
1656423900000,1.05334,1.05386,1.05258,1.05326,3023470000
1656424800000,1.05326,1.0534,1.05187,1.05252,4633930000
1656425700000,1.05251,1.05272,1.05128,1.05167,3095660000
1656426600000,1.05167,1.05181,1.0506,1.0514,2656290000
1656427500000,1.05139,1.05204,1.05032,1.05172,3905260000
1656428400000,1.05171,1.05251,1.05134,1.05248,3105880000
1656429300000,1.05249,1.05314,1.05216,1.05249,2854520000
1656430200000,1.05248,1.05346,1.05243,1.05271,3342100000
1656431100000,1.05272,1.0539,1.05267,1.05342,3119350000
1656432000000,1.05344,1.05413,1.05299,1.05338,3252870000
1656432900000,1.05337,1.05402,1.05278,1.05389,3335650000
1656433800000,1.05388,1.05403,1.05299,1.05304,1922210000
1656434700000,1.05303,1.05323,1.05212,1.0523,3265070000
1656435600000,1.05231,1.05249,1.0518,1.05202,4954470000
1656436500000,1.05201,1.05226,1.05166,1.05207,3286280000
1656437400000,1.05207,1.05262,1.05181,1.05247,1953320000
1656438300000,1.05248,1.05327,1.05232,1.05321,2377210000
1656439200000,1.05318,1.05343,1.05277,1.05279,1849520000
1656440100000,1.05278,1.05331,1.05264,1.05318,1577300000
1656441000000,1.05317,1.05319,1.05242,1.05263,2353990000
1656441900000,1.05262,1.05262,1.05201,1.0522,2573280000
1656442800000,1.0522,1.05247,1.05196,1.05225,3331280000
1656443700000,1.05224,1.0528,1.05204,1.05256,2973100000
1656444600000,1.05256,1.05273,1.05206,1.05251,2522560000
1656445500000,1.0525,1.0527,1.05196,1.05257,1746750000
1656446400000,1.05258,1.05279,1.05227,1.05239,696830000
1656447300000,1.05239,1.05251,1.05188,1.05213,595440000
1656448200000,1.05214,1.05232,1.05212,1.05213,300320000
1656449100000,1.05215,1.05226,1.05173,1.05174,839920000
1656450000000,1.05174,1.05205,1.05152,1.05197,60140000
1656450900000,1.05197,1.0521,1.05197,1.0521,26410000
1656451800000,1.05211,1.05216,1.05205,1.05208,16180000
1656452700000,1.05208,1.05217,1.05203,1.05212,218990000
1656453600000,1.05212,1.05234,1.0521,1.05221,620310000
1656454500000,1.05221,1.05222,1.05174,1.05188,2044620000
1656455400000,1.05187,1.0522,1.05185,1.05218,1906780000
1656456300000,1.05218,1.05265,1.05217,1.05262,1623490000
1656457200000,1.05265,1.05268,1.0524,1.05259,2210820000
1656458100000,1.05261,1.05262,1.05215,1.05217,2141670000
1656459000000,1.05217,1.05239,1.05204,1.05239,668000000
1656459900000,1.05237,1.05238,1.05216,1.0522,646180000
1656460800000,1.05219,1.05283,1.05205,1.05276,2762930000
1656461700000,1.05276,1.0531,1.05264,1.05296,3520930000
1656462600000,1.05296,1.053,1.05207,1.05213,3158450000
1656463500000,1.05214,1.05242,1.05187,1.05209,3555820000
1656464400000,1.0521,1.05268,1.0517,1.05254,4990600000
1656465300000,1.05253,1.05278,1.05244,1.05271,4221310000
1656466200000,1.05271,1.05326,1.0524,1.05293,4176880000
1656467100000,1.05293,1.05319,1.0528,1.05293,4046860000
1656468000000,1.05292,1.0535,1.05289,1.05313,3935970000
1656468900000,1.05312,1.05326,1.05287,1.05326,2216680000
1656469800000,1.0533,1.05354,1.05299,1.05301,3239440000
1656470700000,1.05301,1.05309,1.05274,1.05284,2588350000
1656471600000,1.05283,1.05298,1.05242,1.05242,2664240000
1656472500000,1.05244,1.05282,1.05242,1.05272,2166670000
1656473400000,1.0527,1.05303,1.0526,1.05295,2065180000
1656474300000,1.05295,1.05309,1.05284,1.05296,1720090000
1656475200000,1.05298,1.05322,1.05282,1.05292,1584700000
1656476100000,1.05292,1.05317,1.05273,1.05281,1656620000
1656477000000,1.05281,1.05282,1.05047,1.05121,6097520000
1656477900000,1.05121,1.0514,1.05009,1.05042,4408900000
1656478800000,1.05043,1.05117,1.0504,1.05102,4133890000
1656479700000,1.05102,1.05148,1.0509,1.05121,3732850000
1656480600000,1.05119,1.05141,1.05047,1.05091,3524830000
1656481500000,1.05089,1.05099,1.05019,1.05024,2448450000
1656482400000,1.05025,1.05046,1.04921,1.04921,6619810000
1656483300000,1.04921,1.04975,1.04894,1.04942,5696430000
1656484200000,1.04943,1.04946,1.04877,1.04926,4023590000
1656485100000,1.04922,1.04934,1.04858,1.04892,2632950000
1656486000000,1.04894,1.05184,1.04894,1.05056,10237190000
1656486900000,1.05057,1.05098,1.04978,1.04981,8148590000
1656487800000,1.04982,1.05083,1.04928,1.05066,6535330000
1656488700000,1.05068,1.05204,1.05061,1.05169,5577690000
1656489600000,1.05167,1.05188,1.05069,1.05135,5484770000
1656490500000,1.05137,1.05183,1.05111,1.05147,3271280000
1656491400000,1.0515,1.05151,1.05073,1.05092,4019020000
1656492300000,1.05092,1.05109,1.05029,1.05102,3529030000
1656493200000,1.05104,1.05285,1.05103,1.05247,4824160000
1656494100000,1.05244,1.0525,1.05122,1.05134,5400370000
1656495000000,1.05136,1.0523,1.0512,1.05196,5573540000
1656495900000,1.052,1.05217,1.05084,1.05094,5049770000
1656496800000,1.05095,1.0519,1.05046,1.05173,3992500000
1656497700000,1.05174,1.05262,1.05168,1.05239,5912040000
1656498600000,1.05241,1.05282,1.05189,1.05203,4033350000
1656499500000,1.05204,1.05248,1.05154,1.05207,3054820000
1656500400000,1.05206,1.05319,1.05205,1.05293,2856010000
1656501300000,1.05295,1.0535,1.0526,1.05318,2823450000
1656502200000,1.05318,1.05333,1.052,1.052,3329880000
1656503100000,1.05199,1.05243,1.05117,1.05224,4578760000
1656504000000,1.05223,1.05271,1.05166,1.05172,5402610000
1656504900000,1.05172,1.05192,1.05052,1.05114,4274580000
1656505800000,1.05114,1.05211,1.05059,1.05196,6794940000
1656506700000,1.05196,1.05289,1.05178,1.05209,3368350000
1656507600000,1.0521,1.05263,1.05171,1.05176,4379470000
1656508500000,1.05177,1.05184,1.04905,1.04932,6089440000
1656509400000,1.04932,1.04971,1.04812,1.04817,5549080000
1656510300000,1.04816,1.04859,1.04743,1.0481,4983750000
1656511200000,1.04809,1.0492,1.04765,1.04911,4850980000
1656512100000,1.0491,1.04915,1.04748,1.04765,3762900000
1656513000000,1.04764,1.04809,1.0467,1.04766,3200880000
1656513900000,1.04768,1.04831,1.0474,1.04775,3937330000
1656514800000,1.04776,1.04791,1.04713,1.04778,2279890000
1656515700000,1.04777,1.04787,1.04662,1.04698,2316080000
1656516600000,1.04697,1.04735,1.0467,1.04685,1592190000
1656517500000,1.04687,1.04771,1.0467,1.04767,1705450000
1656518400000,1.04768,1.0477,1.04701,1.04703,1865270000
1656519300000,1.04702,1.04728,1.0462,1.0462,1755960000
1656520200000,1.04619,1.04622,1.04507,1.04518,1494920000
1656521100000,1.04521,1.04535,1.04443,1.04456,1361680000
1656522000000,1.04453,1.04537,1.04443,1.04517,1515590000
1656522900000,1.04515,1.0452,1.04475,1.04515,1591090000
1656523800000,1.04515,1.04515,1.04442,1.04468,1163680000
1656524700000,1.04467,1.04505,1.04463,1.04489,1068460000
1656525600000,1.04487,1.04536,1.04457,1.04469,1318130000
1656526500000,1.04469,1.04479,1.04449,1.04457,949700000
1656527400000,1.04459,1.04463,1.04414,1.04438,928370000
1656528300000,1.04437,1.04466,1.04409,1.04414,1010310000
1656529200000,1.04411,1.04414,1.04352,1.04398,877930000
1656530100000,1.04398,1.04435,1.04385,1.04435,1202810000
1656531000000,1.04435,1.04447,1.04415,1.04428,891470000
1656531900000,1.04429,1.04433,1.04395,1.04409,783630000
1656532800000,1.04408,1.04437,1.04396,1.04402,626840000
1656533700000,1.04403,1.04424,1.04403,1.04423,513700000
1656534600000,1.04423,1.04427,1.0441,1.0442,221630000
1656535500000,1.0442,1.04425,1.04392,1.04398,828730000
1656536400000,1.04398,1.0442,1.04384,1.04412,58410000
1656537300000,1.04412,1.04443,1.044,1.044,1018420000
1656538200000,1.04403,1.04415,1.044,1.044,293830000
1656539100000,1.044,1.04414,1.044,1.04406,219210000
1656540000000,1.04406,1.04433,1.04377,1.04379,4057700400
1656540900000,1.04379,1.04437,1.04368,1.04431,1854920000
1656541800000,1.04433,1.04452,1.04431,1.04447,2027770000
1656542700000,1.04447,1.04454,1.04437,1.04439,2128590000
1656543600000,1.04439,1.04443,1.04406,1.04432,3341520000
1656544500000,1.04431,1.04443,1.04417,1.04418,4234940000
1656545400000,1.04417,1.04466,1.04413,1.04459,1979420000
1656546300000,1.04459,1.04465,1.04445,1.04456,896200000
1656547200000,1.04456,1.04462,1.04379,1.0441,2448280000
1656548100000,1.0441,1.0442,1.04378,1.04408,1659470000
1656549000000,1.0441,1.04454,1.0441,1.04447,1653930000
1656549900000,1.04447,1.04472,1.04412,1.04419,1575610000
1656550800000,1.04419,1.04423,1.0433,1.04338,3000990000
1656551700000,1.04341,1.04431,1.04329,1.04428,3430480000
1656552600000,1.04428,1.04447,1.04401,1.04429,4728240000
1656553500000,1.04431,1.0444,1.04371,1.04371,3830690000
1656554400000,1.04371,1.04472,1.04371,1.04464,2653250000
1656555300000,1.04462,1.04556,1.04461,1.04556,2548170000
1656556200000,1.04555,1.04567,1.04516,1.0453,3503650000
1656557100000,1.04534,1.0454,1.045,1.04522,2516030000
1656558000000,1.0452,1.04542,1.04486,1.04525,2193150000
1656558900000,1.04526,1.04559,1.04526,1.04552,1689380000
1656559800000,1.04553,1.04557,1.04527,1.04529,2587100000
1656560700000,1.04529,1.04532,1.04507,1.04516,3288190000
1656561600000,1.04517,1.04523,1.04498,1.04501,1834440000
1656562500000,1.04503,1.04538,1.04497,1.04535,1160250000
1656563400000,1.04535,1.04551,1.04525,1.04533,1375470000
1656564300000,1.04537,1.04572,1.04531,1.04532,1379750000
1656565200000,1.04533,1.04576,1.04524,1.04576,1081050000
1656566100000,1.04576,1.04577,1.04503,1.04539,2114300000
1656567000000,1.04538,1.04547,1.04474,1.04486,1668350000
1656567900000,1.04486,1.04565,1.04482,1.04558,2909760000
1656568800000,1.04556,1.04619,1.04538,1.0461,3409620000
1656569700000,1.0461,1.04659,1.04591,1.04638,3794950000
1656570600000,1.04638,1.04686,1.04609,1.04632,2441260000
1656571500000,1.04631,1.04659,1.04384,1.04406,4587480000
1656572400000,1.04406,1.04453,1.04338,1.04357,5558400000
1656573300000,1.04356,1.04456,1.04298,1.04451,4598930000
1656574200000,1.04451,1.04566,1.04449,1.04521,6439180000
1656575100000,1.04524,1.04542,1.04364,1.04453,5384150000
1656576000000,1.04453,1.04487,1.04397,1.0445,5295560000
1656576900000,1.04449,1.0447,1.04337,1.0435,3467650000
1656577800000,1.04349,1.0468,1.04337,1.04439,7092460000
1656578700000,1.04439,1.04444,1.04369,1.04412,4922590000
1656579600000,1.04411,1.04426,1.0432,1.0432,3150640000
1656580500000,1.04321,1.04339,1.04254,1.0427,2816850000
1656581400000,1.04269,1.04333,1.04254,1.04326,2457460000
1656582300000,1.04325,1.04331,1.04269,1.04293,2596170000
1656583200000,1.04295,1.04307,1.04154,1.04184,3851800000
1656584100000,1.04183,1.0421,1.04119,1.04125,2496370000
1656585000000,1.04126,1.04152,1.04105,1.04146,2273610000
1656585900000,1.04146,1.04172,1.04002,1.04004,2825020000
1656586800000,1.04005,1.04044,1.03968,1.04038,2950030000
1656587700000,1.04039,1.04081,1.0392,1.03927,3705570000
1656588600000,1.03926,1.0393,1.03824,1.03894,3451110000
1656589500000,1.03893,1.03951,1.03858,1.03935,4210560000
1656590400000,1.03933,1.0396,1.0385,1.03867,2163090000
1656591300000,1.03865,1.04065,1.03844,1.04039,4105080000
1656592200000,1.04039,1.04145,1.03872,1.03942,8037570000
1656593100000,1.03945,1.04027,1.03866,1.03979,4609410000
1656594000000,1.03977,1.04106,1.03976,1.04102,4586810000
1656594900000,1.04102,1.04176,1.04057,1.04159,3744780000
1656595800000,1.04159,1.0424,1.04111,1.04123,4019400000
1656596700000,1.04123,1.04173,1.04091,1.04167,3559640000
1656597600000,1.04166,1.04318,1.04123,1.04282,3098180000
1656598500000,1.0428,1.04323,1.04213,1.04228,2160520000
1656599400000,1.04228,1.04327,1.04189,1.0422,2726070000
1656600300000,1.04222,1.04604,1.04205,1.04512,7999640000
1656601200000,1.04515,1.04597,1.04426,1.04478,7517660000
1656602100000,1.04478,1.04649,1.04463,1.04611,4610740000
1656603000000,1.04612,1.04659,1.04535,1.04623,3293060000
1656603900000,1.04621,1.04791,1.04614,1.04686,4871750000
1656604800000,1.04685,1.04709,1.04616,1.04628,2805110000
1656605700000,1.0463,1.04763,1.0463,1.04735,3448650000
1656606600000,1.04735,1.04791,1.04693,1.04698,3320380000
1656607500000,1.047,1.04852,1.047,1.04825,3652040000
1656608400000,1.04827,1.04863,1.04768,1.04801,2169090000
1656609300000,1.04802,1.04887,1.04796,1.04852,1010490000
1656610200000,1.04851,1.0487,1.048,1.04812,1394250000
1656611100000,1.04813,1.04852,1.04799,1.04801,857000000
1656612000000,1.04804,1.04837,1.0478,1.04814,1681310000
1656612900000,1.04812,1.04837,1.04784,1.04799,2075990000
1656613800000,1.04802,1.0482,1.04777,1.0479,1667520000
1656614700000,1.04791,1.04819,1.04787,1.04804,1145640000
1656615600000,1.04803,1.04821,1.04736,1.0475,1153240000
1656616500000,1.04747,1.04747,1.04675,1.04745,1214660000
1656617400000,1.04745,1.04767,1.04735,1.04761,1377890000
1656618300000,1.04759,1.0479,1.04747,1.04789,1938310000
1656619200000,1.04791,1.04833,1.04785,1.04828,1251930000
1656620100000,1.04827,1.04848,1.04821,1.04842,472330000
1656621000000,1.04842,1.04849,1.04813,1.0482,114980000
1656621900000,1.04819,1.04836,1.04817,1.04831,142910000
1656622800000,1.04829,1.04829,1.0478,1.04822,443600000
1656623700000,1.04822,1.04853,1.04809,1.04849,509440000
1656624600000,1.04849,1.04851,1.04809,1.04815,1178970000
1656625500000,1.04815,1.04819,1.04792,1.04792,557835000
1656626400000,1.04792,1.04818,1.04738,1.0474,825840000
1656627300000,1.0474,1.04776,1.04736,1.04768,453800000
1656628200000,1.04767,1.04782,1.0475,1.0478,414680000
1656629100000,1.04781,1.04792,1.04761,1.04767,313150000
1656630000000,1.04767,1.04786,1.04758,1.04771,669930000
1656630900000,1.04769,1.04784,1.04757,1.04771,455850000
1656631800000,1.04769,1.04779,1.04746,1.0476,476300000
1656632700000,1.04762,1.04793,1.0476,1.04783,597680000
