timestamp,open,high,low,close,volume
1643673600000,1.12293,1.12303,1.12277,1.12282,590870000
1643674500000,1.12284,1.12285,1.12253,1.12258,366300000
1643675400000,1.12259,1.12279,1.12232,1.12238,395290000
1643676300000,1.12238,1.1224,1.12209,1.12238,645780000
1643677200000,1.12238,1.12249,1.12214,1.12248,637640000
1643678100000,1.12249,1.12268,1.12234,1.12263,311940000
1643679000000,1.12264,1.12283,1.12249,1.12254,358010000
1643679900000,1.12252,1.12264,1.12236,1.1226,337450000
1643680800000,1.12259,1.12277,1.12254,1.12274,382100000
1643681700000,1.12273,1.12276,1.1226,1.1227,266500000
1643682600000,1.12272,1.12322,1.1227,1.1232,399460000
1643683500000,1.12322,1.12328,1.12287,1.12326,245430000
1643684400000,1.12324,1.12334,1.12311,1.12311,260940000
1643685300000,1.12312,1.12338,1.12312,1.12314,265160000
1643686200000,1.12314,1.12321,1.12259,1.12294,1170590000
1643687100000,1.12295,1.12338,1.12283,1.12332,596520000
1643688000000,1.12331,1.12376,1.12331,1.12371,403980000
1643688900000,1.1237,1.12385,1.12364,1.12382,406490000
1643689800000,1.12383,1.12426,1.12375,1.12422,366780000
1643690700000,1.12423,1.12447,1.12415,1.1243,368560000
1643691600000,1.1243,1.12443,1.12412,1.12429,258630000
1643692500000,1.12429,1.12441,1.12418,1.12435,303490000
1643693400000,1.12434,1.12451,1.12413,1.12425,260950000
1643694300000,1.12424,1.12449,1.12395,1.12402,483050000
1643695200000,1.12401,1.12423,1.12388,1.12389,402130000
1643696100000,1.1239,1.12394,1.12352,1.12378,364200000
1643697000000,1.12379,1.12389,1.12358,1.12361,289810000
1643697900000,1.12361,1.12382,1.12342,1.12345,430260000
1643698800000,1.12346,1.12437,1.12346,1.12415,1182430000
1643699700000,1.12413,1.12424,1.12364,1.12416,1030380000
1643700600000,1.12416,1.12526,1.1241,1.12452,1332380000
1643701500000,1.12449,1.1268,1.12446,1.12664,1961810000
1643702400000,1.12663,1.12694,1.12572,1.12587,2047180000
1643703300000,1.12587,1.12588,1.1252,1.12554,1525670000
1643704200000,1.12554,1.12614,1.12554,1.1258,1172130000
1643705100000,1.12582,1.12584,1.12517,1.12572,941950000
1643706000000,1.12572,1.12608,1.12536,1.12562,2116790000
1643706900000,1.12557,1.12672,1.12547,1.12663,1424040000
1643707800000,1.12664,1.12668,1.12558,1.12558,2086760000
1643708700000,1.12559,1.12639,1.12559,1.12611,1363730000
1643709600000,1.12612,1.12615,1.12564,1.12583,1221280000
1643710500000,1.12585,1.12667,1.12585,1.12659,1018740000
1643711400000,1.12658,1.12673,1.12568,1.12574,990920000
1643712300000,1.12574,1.12631,1.12553,1.1262,1207250000
1643713200000,1.12621,1.12625,1.12591,1.12607,1295960000
1643714100000,1.12607,1.12759,1.12607,1.12745,1439830000
1643715000000,1.12744,1.12773,1.12697,1.12772,1550690000
1643715900000,1.12773,1.12786,1.1271,1.1273,1430810000
1643716800000,1.1273,1.12735,1.12688,1.12712,1109930000
1643717700000,1.12712,1.12733,1.12669,1.12687,971580000
1643718600000,1.12687,1.12693,1.12632,1.12634,1127700000
1643719500000,1.12635,1.12652,1.12575,1.12612,1667220000
1643720400000,1.12615,1.12627,1.12575,1.12599,1388230000
1643721300000,1.12598,1.12605,1.1256,1.12587,1079280000
1643722200000,1.12587,1.12655,1.12534,1.12632,2008990000
1643723100000,1.12633,1.12683,1.12611,1.12658,1514670000
1643724000000,1.12657,1.12706,1.12638,1.12678,1349300000
1643724900000,1.12677,1.12743,1.12665,1.12697,1484500000
1643725800000,1.12695,1.12737,1.12633,1.12647,1662730000
1643726700000,1.12648,1.12664,1.12598,1.12635,2110160000
1643727600000,1.12638,1.12657,1.12509,1.12623,3956800000
1643728500000,1.12621,1.12638,1.12545,1.12586,2131710000
1643729400000,1.12586,1.12616,1.12465,1.12471,1702140000
1643730300000,1.12468,1.12622,1.12452,1.12472,2574850000
1643731200000,1.12473,1.12541,1.12457,1.12461,2183690000
1643732100000,1.12462,1.12518,1.12429,1.12515,1491930000
1643733000000,1.12514,1.12531,1.12363,1.12396,1306160000
1643733900000,1.12393,1.12417,1.12342,1.1239,1245240000
1643734800000,1.12391,1.12439,1.12382,1.12415,804730000
1643735700000,1.12417,1.12492,1.12417,1.12473,632720000
1643736600000,1.12469,1.12472,1.12359,1.12372,1064390000
1643737500000,1.12373,1.12456,1.12373,1.12448,776300000
1643738400000,1.1245,1.12498,1.12448,1.12488,465470000
1643739300000,1.12489,1.12498,1.1244,1.12451,509150000
1643740200000,1.1245,1.12499,1.12428,1.12495,512100000
1643741100000,1.12495,1.12499,1.12463,1.12484,331010000
1643742000000,1.12486,1.12497,1.1243,1.12447,451150000
1643742900000,1.12444,1.12522,1.1243,1.12522,339570000
1643743800000,1.12521,1.12561,1.12519,1.12554,440830000
1643744700000,1.12551,1.12575,1.12524,1.12528,752420000
1643745600000,1.12526,1.12601,1.12517,1.12598,622160000
1643746500000,1.12599,1.12682,1.12599,1.1267,526490000
1643747400000,1.12669,1.12691,1.12648,1.12688,499700000
1643748300000,1.12687,1.12705,1.12669,1.12686,603380000
1643749200000,1.12685,1.12701,1.12658,1.12663,417030000
1643750100000,1.12665,1.12732,1.12665,1.12719,241090000
1643751000000,1.12719,1.12726,1.12706,1.12722,284660000
1643751900000,1.12721,1.12739,1.12719,1.12719,316150000
1643752800000,1.12719,1.12719,1.12701,1.12703,116020000
1643753700000,1.12703,1.12729,1.12703,1.12712,114600000
1643754600000,1.12712,1.12725,1.12703,1.12703,97620000
1643755500000,1.12703,1.12727,1.12702,1.12702,129860000
1643756400000,1.12703,1.12714,1.12693,1.12705,635290000
1643757300000,1.12704,1.12729,1.12691,1.12708,261270000
1643758200000,1.12709,1.1273,1.12706,1.12722,88030000
1643759100000,1.12721,1.12736,1.12712,1.1273,139900000
1643760000000,1.12728,1.12748,1.12714,1.12721,296610000
1643760900000,1.1272,1.12721,1.12687,1.1269,343880000
1643761800000,1.12691,1.12696,1.12681,1.1269,405300000
1643762700000,1.12689,1.12717,1.12689,1.12711,514780000
1643763600000,1.12711,1.12735,1.12707,1.1273,516490000
1643764500000,1.12729,1.12747,1.12729,1.12746,400350000
1643765400000,1.12743,1.12762,1.12736,1.1276,571680000
1643766300000,1.12758,1.12767,1.1275,1.12761,489270000
1643767200000,1.1276,1.12772,1.12757,1.12767,550710000
1643768100000,1.12768,1.12773,1.12747,1.12759,290500000
1643769000000,1.12758,1.12778,1.12758,1.12773,271850000
1643769900000,1.12773,1.12778,1.12767,1.12776,233250000
1643770800000,1.12773,1.12773,1.12745,1.12745,368570000
1643771700000,1.12747,1.12748,1.12723,1.12728,229530000
1643772600000,1.12728,1.12733,1.12716,1.12726,206300000
1643773500000,1.12726,1.12728,1.12705,1.12706,250400000
1643774400000,1.12706,1.12733,1.12706,1.12732,168210000
1643775300000,1.12733,1.12751,1.12732,1.12745,127620000
1643776200000,1.12747,1.12757,1.12743,1.12746,144080000
1643777100000,1.12745,1.12757,1.12741,1.12745,99510000
1643778000000,1.12743,1.12747,1.12735,1.12743,180130000
1643778900000,1.1274,1.12755,1.12735,1.12755,281140000
1643779800000,1.12755,1.12756,1.12724,1.12724,91540000
1643780700000,1.12726,1.12736,1.12709,1.12731,267350000
1643781600000,1.12731,1.1274,1.12716,1.12716,291000000
1643782500000,1.12717,1.12745,1.12706,1.12706,403230000
1643783400000,1.12706,1.12706,1.12665,1.12683,407330000
1643784300000,1.12684,1.12702,1.12671,1.12691,441130000
1643785200000,1.12691,1.12757,1.1268,1.12751,869700000
1643786100000,1.12751,1.1278,1.12744,1.12769,599400000
1643787000000,1.1277,1.12779,1.12736,1.12755,450970000
1643787900000,1.12755,1.12841,1.12725,1.12814,758100000
1643788800000,1.12811,1.1289,1.12796,1.12871,1353630000
1643789700000,1.12873,1.12925,1.12845,1.12921,1119220000
1643790600000,1.12922,1.12942,1.12848,1.12857,959080000
1643791500000,1.12858,1.1291,1.12825,1.12895,1399190000
1643792400000,1.12897,1.12901,1.12841,1.12868,972750000
1643793300000,1.12866,1.12898,1.12798,1.12829,856780000
1643794200000,1.1283,1.12834,1.12784,1.1281,1338070000
1643795100000,1.12809,1.12942,1.12784,1.12931,1236830000
1643796000000,1.12935,1.13049,1.12898,1.12948,2487580000
1643796900000,1.1295,1.13038,1.12943,1.13036,1184580000
1643797800000,1.13036,1.13142,1.13012,1.13114,1477070000
1643798700000,1.13115,1.13115,1.13071,1.13089,1146410000
1643799600000,1.13088,1.13137,1.13056,1.13089,1766880000
1643800500000,1.13085,1.13152,1.13082,1.13121,1010740000
1643801400000,1.13123,1.13154,1.13109,1.13118,870690000
1643802300000,1.13121,1.13199,1.13104,1.13162,1180550000
1643803200000,1.13163,1.13233,1.13142,1.13224,1067780000
1643804100000,1.13223,1.13285,1.13221,1.13237,973190000
1643805000000,1.13236,1.13239,1.13194,1.13197,1045680000
1643805900000,1.13196,1.13248,1.13183,1.13248,1026320000
1643806800000,1.1325,1.13263,1.13204,1.13234,994670000
1643807700000,1.13235,1.133,1.13193,1.13234,2612240000
1643808600000,1.13235,1.13244,1.13173,1.13197,1820550000
1643809500000,1.13198,1.13213,1.13109,1.13114,2254070000
1643810400000,1.13113,1.13141,1.13064,1.13102,1876200000
1643811300000,1.13102,1.13209,1.13092,1.13183,1589040000
1643812200000,1.13188,1.13205,1.13093,1.13108,2065470000
1643813100000,1.13109,1.13153,1.13031,1.13049,1692640000
1643814000000,1.13047,1.13091,1.12962,1.12988,1498010000
1643814900000,1.12989,1.12999,1.12924,1.12986,1364690000
1643815800000,1.12987,1.13058,1.12957,1.13043,1272590000
1643816700000,1.13041,1.13099,1.1294,1.12966,2190110000
1643817600000,1.12967,1.13017,1.12931,1.12942,1176970000
1643818500000,1.12943,1.12991,1.12927,1.12984,907400000
1643819400000,1.12984,1.12994,1.1295,1.1299,819780000
1643820300000,1.12992,1.13016,1.12954,1.12993,580150000
1643821200000,1.12993,1.13075,1.12983,1.13046,544710000
1643822100000,1.13048,1.13088,1.13046,1.13087,414240000
1643823000000,1.13083,1.13087,1.13062,1.13084,348270000
1643823900000,1.13085,1.13121,1.13074,1.13112,441680000
1643824800000,1.13111,1.13142,1.13091,1.13137,365420000
1643825700000,1.13136,1.13138,1.13114,1.13127,280630000
1643826600000,1.13127,1.13137,1.13101,1.13106,216250000
1643827500000,1.13105,1.13105,1.13059,1.13092,499090000
1643828400000,1.1309,1.13101,1.13059,1.13087,404560000
1643829300000,1.13088,1.13094,1.13063,1.13081,235040000
1643830200000,1.13082,1.13107,1.13082,1.13096,224290000
1643831100000,1.13095,1.13122,1.13093,1.13102,278530000
1643832000000,1.13105,1.13128,1.13082,1.13121,338780000
1643832900000,1.1312,1.13139,1.13096,1.13105,196830000
1643833800000,1.13105,1.13116,1.13075,1.13075,217250000
1643834700000,1.13076,1.13094,1.13037,1.13052,517920000
1643835600000,1.13051,1.13051,1.1302,1.13036,372590000
1643836500000,1.13036,1.13061,1.13028,1.13059,95070000
1643837400000,1.13058,1.13081,1.13042,1.13043,84830000
1643838300000,1.13042,1.13057,1.13022,1.13022,156150000
1643839200000,1.13022,1.1305,1.13008,1.1304,98970000
1643840100000,1.13045,1.13047,1.13021,1.13034,590040000
1643841000000,1.13034,1.13049,1.13034,1.13034,195100000
1643841900000,1.13034,1.13054,1.13024,1.13028,254652000
1643842800000,1.13029,1.13052,1.13015,1.13016,616760000
1643843700000,1.13015,1.13025,1.12982,1.13023,235920000
1643844600000,1.13023,1.13025,1.13004,1.13012,175110000
1643845500000,1.13011,1.13011,1.12981,1.12992,166470000
1643846400000,1.12992,1.12999,1.12975,1.12989,494770000
1643847300000,1.12988,1.12988,1.12956,1.12956,225600000
1643848200000,1.12956,1.12978,1.12948,1.12978,310510000
1643849100000,1.12978,1.12978,1.12953,1.12962,242730000
1643850000000,1.12961,1.12987,1.12949,1.12958,446820000
1643850900000,1.12957,1.12965,1.12929,1.12947,612140000
1643851800000,1.12949,1.12986,1.12947,1.12984,509440000
1643852700000,1.12983,1.13003,1.12977,1.13001,246550000
1643853600000,1.13,1.13033,1.12995,1.13028,252290000
1643854500000,1.13027,1.13033,1.12974,1.12977,402350000
1643855400000,1.12977,1.13,1.12977,1.12993,205460000
1643856300000,1.12993,1.13003,1.12978,1.12988,210860000
1643857200000,1.1299,1.13021,1.12975,1.13018,301160000
1643858100000,1.13017,1.13069,1.1301,1.13062,509250000
1643859000000,1.13061,1.13082,1.13042,1.13061,537120000
1643859900000,1.13061,1.13064,1.13035,1.13045,523350000
1643860800000,1.13046,1.13053,1.13011,1.13011,203260000
1643861700000,1.13011,1.13011,1.12971,1.12983,232240000
1643862600000,1.12983,1.13015,1.12983,1.13007,224120000
1643863500000,1.13009,1.1301,1.12945,1.12967,522310000
1643864400000,1.12967,1.13005,1.12962,1.12997,382590000
1643865300000,1.12997,1.13018,1.12984,1.12999,570100000
1643866200000,1.12997,1.13007,1.1299,1.12994,628070000
1643867100000,1.12993,1.13007,1.12988,1.13005,350390000
1643868000000,1.13006,1.13011,1.12971,1.12976,539470000
1643868900000,1.12975,1.12984,1.12927,1.12943,531640000
1643869800000,1.12943,1.1297,1.12927,1.12929,396980000
1643870700000,1.12929,1.1298,1.12902,1.12911,442150000
1643871600000,1.12911,1.12963,1.12911,1.12927,991980000
1643872500000,1.12928,1.12941,1.12881,1.12887,1028880000
1643873400000,1.12886,1.12926,1.1288,1.12919,908330000
1643874300000,1.12921,1.12974,1.12917,1.12971,767710000
1643875200000,1.12969,1.12982,1.12921,1.12941,1631600000
1643876100000,1.1294,1.12997,1.12931,1.12962,1067770000
1643877000000,1.1296,1.13024,1.12929,1.12938,891600000
1643877900000,1.12937,1.12957,1.12882,1.1295,1287530000
1643878800000,1.12949,1.12956,1.12892,1.12897,943660000
1643879700000,1.12899,1.12969,1.12897,1.12897,1172540000
1643880600000,1.12895,1.12912,1.12852,1.12875,924130000
1643881500000,1.12876,1.12914,1.12837,1.12841,1046960000
1643882400000,1.12839,1.12858,1.12812,1.12822,789560000
1643883300000,1.12821,1.12822,1.12782,1.12805,695500000
1643884200000,1.12807,1.12819,1.12774,1.12796,776460000
1643885100000,1.12796,1.12808,1.12761,1.12791,921210000
1643886000000,1.12791,1.12828,1.12755,1.12755,862180000
1643886900000,1.12755,1.12799,1.12755,1.12771,766170000
1643887800000,1.12768,1.12813,1.12752,1.12804,570290000
1643888700000,1.12805,1.12812,1.1279,1.12801,704060000
1643889600000,1.12807,1.12934,1.12774,1.12924,2862120000
1643890500000,1.12925,1.12965,1.12868,1.12942,1428000000
1643891400000,1.12941,1.12985,1.12852,1.12941,1821340000
1643892300000,1.12941,1.12959,1.12672,1.12915,4901010000
1643893200000,1.12914,1.12927,1.12838,1.12858,2958740000
1643894100000,1.12858,1.12883,1.12792,1.12838,2587690000
1643895000000,1.12839,1.13415,1.12826,1.13368,6530740000
1643895900000,1.13368,1.13668,1.13337,1.13668,8037790000
1643896800000,1.13668,1.13976,1.13617,1.13767,7712770000
1643897700000,1.1377,1.13932,1.13712,1.13825,5122510000
1643898600000,1.13826,1.14117,1.13752,1.14007,5781070000
1643899500000,1.14005,1.14019,1.13851,1.13912,4955120000
1643900400000,1.13912,1.14025,1.13859,1.1395,4460000000
1643901300000,1.1395,1.14101,1.1394,1.14049,3625390000
1643902200000,1.14049,1.14217,1.13945,1.14216,3325910000
1643903100000,1.14216,1.14236,1.14143,1.14175,3792890000
1643904000000,1.14175,1.14228,1.14145,1.14216,2840370000
1643904900000,1.14216,1.14457,1.14208,1.14425,2407640000
1643905800000,1.14428,1.14514,1.14249,1.14266,3392290000
1643906700000,1.14268,1.14315,1.14233,1.14257,2576280000
1643907600000,1.14258,1.14389,1.14196,1.14357,2266290000
1643908500000,1.14358,1.14437,1.14324,1.14379,1584410000
1643909400000,1.1438,1.14402,1.14283,1.14374,1313870000
1643910300000,1.14373,1.14454,1.14352,1.1444,1155230000
1643911200000,1.14439,1.14442,1.14313,1.1433,1057780000
1643912100000,1.1433,1.14335,1.14259,1.14291,973240000
1643913000000,1.14291,1.14373,1.14291,1.1436,656140000
1643913900000,1.1436,1.14436,1.14347,1.14427,770930000
1643914800000,1.14428,1.14498,1.14416,1.14494,715450000
1643915700000,1.14493,1.14493,1.14382,1.14388,899590000
1643916600000,1.14387,1.14406,1.14322,1.14325,745620000
1643917500000,1.14327,1.14338,1.143,1.14331,1011760000
1643918400000,1.14332,1.14345,1.1431,1.14336,718800000
1643919300000,1.14336,1.14362,1.14315,1.14331,547980000
1643920200000,1.14331,1.14357,1.143,1.14345,504010000
1643921100000,1.14345,1.14345,1.14281,1.14305,746960000
1643922000000,1.14302,1.1437,1.14289,1.1437,488830000
1643922900000,1.14371,1.14391,1.14362,1.14381,319290000
1643923800000,1.14381,1.14391,1.14367,1.14389,98150000
1643924700000,1.1439,1.14397,1.1437,1.1437,139240000
1643925600000,1.14369,1.14401,1.14355,1.14365,806400000
1643926500000,1.14365,1.14386,1.14365,1.14376,730060000
1643927400000,1.14376,1.14378,1.14367,1.14373,328840000
1643928300000,1.14373,1.14408,1.14368,1.14396,174280000
1643929200000,1.14395,1.1442,1.14358,1.14377,432280000
1643930100000,1.14376,1.14413,1.14371,1.14372,352760000
1643931000000,1.14375,1.14381,1.14358,1.1436,216790000
1643931900000,1.1436,1.14366,1.14351,1.14355,236980000
1643932800000,1.14352,1.14358,1.14318,1.14336,534740000
1643933700000,1.14338,1.14369,1.14332,1.14361,421120000
1643934600000,1.14361,1.14447,1.14352,1.14432,539710000
1643935500000,1.1443,1.14459,1.14391,1.14456,799710000
1643936400000,1.14458,1.14529,1.14446,1.14484,816530000
1643937300000,1.14484,1.14502,1.14455,1.14494,704750000
1643938200000,1.14493,1.1454,1.14475,1.14488,1046630000
1643939100000,1.14487,1.1453,1.14464,1.14519,690130000
1643940000000,1.1452,1.14546,1.14501,1.14544,679560000
1643940900000,1.14545,1.14547,1.14488,1.14499,733440000
1643941800000,1.14499,1.14575,1.14495,1.14574,582670000
1643942700000,1.14575,1.14635,1.14575,1.14631,873800000
1643943600000,1.14631,1.14643,1.14619,1.14634,543100000
1643944500000,1.14634,1.14687,1.1463,1.14687,288070000
1643945400000,1.14688,1.14688,1.14629,1.14646,605520000
1643946300000,1.14645,1.14646,1.14592,1.14623,520500000
1643947200000,1.14622,1.14635,1.14591,1.14634,478280000
1643948100000,1.14633,1.14676,1.14604,1.14671,403540000
1643949000000,1.1467,1.14719,1.14668,1.14711,409030000
1643949900000,1.14708,1.14717,1.14657,1.1466,461370000
1643950800000,1.14659,1.14674,1.14648,1.14652,378390000
1643951700000,1.14651,1.14686,1.14643,1.14652,359320000
1643952600000,1.14652,1.14653,1.14613,1.14617,264360000
1643953500000,1.14618,1.14646,1.14593,1.146,333720000
1643954400000,1.14601,1.14613,1.14551,1.14564,609330000
1643955300000,1.14567,1.14606,1.14553,1.14601,470590000
1643956200000,1.14601,1.14601,1.14539,1.14578,522790000
1643957100000,1.1458,1.14598,1.14542,1.14566,683740000
1643958000000,1.14565,1.14607,1.14549,1.14579,1023240000
1643958900000,1.1458,1.14584,1.14513,1.14552,1087850000
1643959800000,1.14553,1.14614,1.14542,1.14571,1574710000
1643960700000,1.14572,1.14686,1.14568,1.14673,1838140000
1643961600000,1.14673,1.14673,1.1442,1.14426,2443170000
1643962500000,1.14429,1.14501,1.14397,1.14489,1536800000
1643963400000,1.1449,1.14557,1.14474,1.1455,1697530000
1643964300000,1.1455,1.14608,1.14549,1.14601,1823550000
1643965200000,1.146,1.14608,1.14526,1.14547,1489410000
1643966100000,1.14547,1.14586,1.14511,1.14526,1272340000
1643967000000,1.14525,1.14573,1.14505,1.14521,1210820000
1643967900000,1.14518,1.14654,1.14494,1.14632,2078130000
1643968800000,1.14632,1.14752,1.14621,1.14737,2278350000
1643969700000,1.14737,1.14741,1.14649,1.14693,1465620000
1643970600000,1.14694,1.14752,1.14679,1.14707,1322530000
1643971500000,1.1471,1.14723,1.14589,1.14629,1623780000
1643972400000,1.1463,1.14666,1.1457,1.14576,1489590000
1643973300000,1.14576,1.14674,1.14568,1.1465,1269580000
1643974200000,1.14651,1.14769,1.14646,1.14741,1374620000
1643975100000,1.14742,1.14837,1.14711,1.14784,1784920000
1643976000000,1.14785,1.14808,1.1473,1.14805,1295720000
1643976900000,1.14806,1.1482,1.14716,1.14726,1080840000
1643977800000,1.14726,1.1478,1.14701,1.14773,1093460000
1643978700000,1.14773,1.14774,1.14649,1.1465,1702450000
1643979600000,1.14652,1.14659,1.14586,1.14643,1531540000
1643980500000,1.14642,1.1468,1.14589,1.1459,1856710000
1643981400000,1.1459,1.1459,1.1423,1.14249,7263970000
1643982300000,1.14247,1.14366,1.14217,1.14362,3879210000
1643983200000,1.14362,1.14579,1.14297,1.14568,3795030000
1643984100000,1.14565,1.14568,1.14372,1.14376,2853340000
1643985000000,1.14375,1.14451,1.14305,1.14417,2722720000
1643985900000,1.14418,1.14427,1.14151,1.14155,2915590000
1643986800000,1.14158,1.14282,1.14147,1.14152,2916270000
1643987700000,1.14153,1.14393,1.14115,1.14392,1898260000
1643988600000,1.14393,1.14406,1.14273,1.14297,2224520000
1643989500000,1.14297,1.1443,1.14288,1.1442,2580940000
1643990400000,1.1442,1.14475,1.14359,1.14475,1700510000
1643991300000,1.14477,1.14523,1.14424,1.14476,1351340000
1643992200000,1.14475,1.14527,1.14463,1.14501,1089610000
1643993100000,1.145,1.14555,1.14473,1.14519,735620000
1643994000000,1.14521,1.14587,1.14521,1.14552,768120000
1643994900000,1.14553,1.14608,1.14542,1.14576,597380000
1643995800000,1.14578,1.14625,1.14572,1.14587,515070000
1643996700000,1.14586,1.14594,1.14539,1.14542,470400000
1643997600000,1.14546,1.14641,1.14534,1.14604,571370000
1643998500000,1.14605,1.1461,1.14537,1.14556,402770000
1643999400000,1.14557,1.14569,1.14524,1.14538,418630000
1644000300000,1.14539,1.14545,1.14515,1.14545,314810000
1644001200000,1.14546,1.14578,1.14546,1.14558,427290000
1644002100000,1.1456,1.14561,1.14501,1.14512,591940000
1644003000000,1.14511,1.14559,1.14491,1.14558,416580000
1644003900000,1.14557,1.1456,1.14474,1.14481,676290000
1644004800000,1.14481,1.14526,1.14477,1.14526,531830000
1644005700000,1.14527,1.14576,1.14513,1.14571,483260000
1644006600000,1.14569,1.14598,1.14549,1.14562,479160000
1644007500000,1.14563,1.14586,1.14532,1.14548,562530000
1644008400000,1.14546,1.14555,1.14519,1.14524,243280000
1644009300000,1.14523,1.14524,1.14489,1.14503,229490000
1644010200000,1.14503,1.14518,1.14501,1.14508,108570000
1644011100000,1.14508,1.14522,1.14477,1.14477,1472090000
1644184800000,1.14638,1.14646,1.14549,1.1456,399260000
1644185700000,1.14561,1.14572,1.14553,1.14568,165990000
1644186600000,1.14568,1.1462,1.14564,1.14579,408410000
1644187500000,1.14577,1.14585,1.14563,1.14563,324700000
1644188400000,1.14563,1.14584,1.14549,1.14557,647670000
1644189300000,1.14558,1.14566,1.14526,1.14532,550900000
1644190200000,1.14536,1.14563,1.14536,1.14554,239400000
1644191100000,1.14553,1.14559,1.14513,1.14544,263060000
1644192000000,1.14545,1.14559,1.14515,1.14539,361320000
1644192900000,1.14541,1.14548,1.14505,1.14515,475580000
1644193800000,1.14515,1.14548,1.14504,1.14544,269120000
1644194700000,1.14543,1.14553,1.1451,1.14528,627700000
1644195600000,1.14529,1.14537,1.14426,1.1445,885400000
1644196500000,1.14452,1.14474,1.14427,1.14462,938120000
1644197400000,1.14463,1.14475,1.1442,1.14426,655250000
1644198300000,1.14426,1.14426,1.14392,1.14412,578140000
1644199200000,1.14415,1.14425,1.14352,1.14357,556420000
1644200100000,1.14355,1.14372,1.14302,1.14308,586700000
1644201000000,1.14308,1.14342,1.14273,1.14287,619700000
1644201900000,1.14287,1.14304,1.14271,1.14277,666980000
1644202800000,1.14279,1.14284,1.14247,1.14277,440350000
1644203700000,1.14279,1.14323,1.14278,1.1431,379530000
1644204600000,1.14312,1.14318,1.14291,1.14302,484250000
1644205500000,1.14302,1.14335,1.143,1.14328,280280000
1644206400000,1.14325,1.14367,1.14322,1.14363,263940000
1644207300000,1.14364,1.14398,1.14359,1.14396,341910000
1644208200000,1.14396,1.14405,1.14391,1.14393,282220000
1644209100000,1.14393,1.14393,1.1436,1.14385,317250000
1644210000000,1.14385,1.14402,1.1438,1.1439,385470000
1644210900000,1.14389,1.14389,1.14336,1.14337,236950000
1644211800000,1.14338,1.14356,1.14309,1.14312,304520000
1644212700000,1.14312,1.14361,1.14299,1.14305,966740000
1644213600000,1.14305,1.14361,1.14302,1.14324,640490000
1644214500000,1.14325,1.14332,1.14288,1.14315,824560000
1644215400000,1.14313,1.14343,1.14299,1.14306,629820000
1644216300000,1.14307,1.1433,1.143,1.14313,524080000
1644217200000,1.14312,1.14352,1.14277,1.14313,1147190000
1644218100000,1.14314,1.14348,1.14296,1.14302,861810000
1644219000000,1.14302,1.14308,1.14255,1.14294,893210000
1644219900000,1.14296,1.14343,1.14277,1.14322,999020000
1644220800000,1.14321,1.14404,1.14291,1.14363,2194780000
1644221700000,1.14363,1.14459,1.14266,1.14451,2205840000
1644222600000,1.14453,1.14492,1.14349,1.14439,1930700000
1644223500000,1.14442,1.14445,1.14301,1.14338,1940490000
1644224400000,1.1434,1.14343,1.14224,1.14226,2147520000
1644225300000,1.14227,1.14246,1.14189,1.14203,1252350000
1644226200000,1.14202,1.1421,1.14151,1.14181,1189040000
1644227100000,1.1418,1.14259,1.14176,1.14233,1394850000
1644228000000,1.14233,1.14262,1.14203,1.14238,1192110000
1644228900000,1.1424,1.14306,1.14215,1.14291,871570000
1644229800000,1.1429,1.14296,1.14186,1.14229,986730000
1644230700000,1.14229,1.14231,1.14161,1.14209,1279300000
1644231600000,1.14208,1.14257,1.14206,1.1423,1343680000
1644232500000,1.14228,1.14312,1.14218,1.14302,1011120000
1644233400000,1.143,1.14391,1.14287,1.1439,1291320000
1644234300000,1.1439,1.14463,1.14363,1.14432,1095640000
1644235200000,1.14429,1.14491,1.14426,1.14447,1529090000
1644236100000,1.14446,1.1446,1.14421,1.14449,1308460000
1644237000000,1.14451,1.14489,1.14437,1.14466,1236810000
1644237900000,1.14468,1.14587,1.14465,1.14552,1548640000
1644238800000,1.14551,1.14566,1.14453,1.14468,1783880000
1644239700000,1.1447,1.1447,1.14366,1.1437,1810920000
1644240600000,1.14371,1.14373,1.14293,1.14317,1363400000
1644241500000,1.14317,1.14413,1.14299,1.14397,1796460000
1644242400000,1.14396,1.14462,1.14255,1.14265,1877370000
1644243300000,1.14266,1.14291,1.14203,1.14252,1439140000
1644244200000,1.14253,1.1434,1.14253,1.14337,1934350000
1644245100000,1.14335,1.14402,1.14262,1.14381,1973550000
1644246000000,1.14379,1.14424,1.1433,1.14424,1806180000
1644246900000,1.14425,1.14481,1.1439,1.14433,1387270000
1644247800000,1.14436,1.14436,1.14328,1.14375,1425070000
1644248700000,1.14376,1.14511,1.14298,1.14433,3644510000
1644249600000,1.14432,1.14508,1.14354,1.1436,2112640000
1644250500000,1.14359,1.14404,1.14201,1.14401,2556110000
1644251400000,1.144,1.14464,1.14342,1.14342,1811590000
1644252300000,1.14342,1.14367,1.14292,1.1434,1615860000
1644253200000,1.14337,1.1434,1.14297,1.14312,807790000
1644254100000,1.14311,1.14323,1.14223,1.14225,675040000
1644255000000,1.14226,1.14247,1.14191,1.14239,576670000
1644255900000,1.1424,1.1424,1.14174,1.14185,661300000
1644256800000,1.14186,1.14197,1.14172,1.14173,507080000
1644257700000,1.14172,1.14201,1.14171,1.14201,334540000
1644258600000,1.14199,1.14236,1.14198,1.14218,382170000
1644259500000,1.14221,1.14267,1.14221,1.14264,251310000
1644260400000,1.14264,1.14289,1.14252,1.1428,368480000
1644261300000,1.1428,1.14315,1.14265,1.14313,396580000
1644262200000,1.14313,1.14361,1.14313,1.14359,405500000
1644263100000,1.14361,1.14437,1.14353,1.14432,707040000
1644264000000,1.1443,1.1443,1.14373,1.14396,474340000
1644264900000,1.14397,1.14419,1.14359,1.14383,520010000
1644265800000,1.14383,1.1442,1.14369,1.14375,372020000
1644266700000,1.14374,1.14407,1.14369,1.14382,500520000
1644267600000,1.14383,1.1441,1.14379,1.14396,238580000
1644268500000,1.14398,1.14399,1.14365,1.14369,153180000
1644269400000,1.14368,1.14394,1.14362,1.14381,294490000
1644270300000,1.14385,1.14421,1.14379,1.14421,380740000
1644271200000,1.14415,1.14415,1.1439,1.1439,122220000
1644272100000,1.14394,1.14437,1.14394,1.144,282090000
1644273000000,1.144,1.1443,1.14398,1.14415,368045000
1644273900000,1.14415,1.14424,1.14407,1.14412,853595000
1644274800000,1.14411,1.14414,1.14345,1.14352,1129447000
1644275700000,1.14351,1.14381,1.14332,1.14363,269550000
1644276600000,1.14364,1.14389,1.14364,1.14382,140880000
1644277500000,1.14381,1.14411,1.14381,1.1441,78300000
1644278400000,1.14411,1.14415,1.14361,1.14368,574420000
1644279300000,1.14371,1.14415,1.14367,1.14392,411270000
1644280200000,1.14391,1.14424,1.14382,1.14416,280010000
1644281100000,1.14416,1.14428,1.14407,1.14426,415670000
1644282000000,1.14425,1.1446,1.14405,1.14424,581490000
1644282900000,1.14422,1.14487,1.14415,1.14475,494610000
1644283800000,1.14473,1.14473,1.14409,1.14442,484130000
1644284700000,1.14442,1.14443,1.14355,1.14356,709450000
1644285600000,1.14354,1.14357,1.14285,1.14317,970440000
1644286500000,1.14318,1.14318,1.14267,1.14298,546400000
1644287400000,1.14297,1.14308,1.14271,1.14303,471430000
1644288300000,1.14303,1.14317,1.14293,1.14302,609110000
1644289200000,1.14302,1.14316,1.14291,1.14306,318440000
1644290100000,1.14307,1.14321,1.1429,1.14291,444640000
1644291000000,1.1429,1.14315,1.1429,1.14311,506100000
1644291900000,1.14309,1.14311,1.14295,1.14299,291170000
1644292800000,1.143,1.14301,1.14284,1.14299,204140000
1644293700000,1.143,1.14306,1.14289,1.14301,170540000
1644294600000,1.143,1.14303,1.14247,1.14251,400660000
1644295500000,1.1425,1.1425,1.14215,1.14236,543310000
1644296400000,1.14236,1.14249,1.14216,1.14217,783810000
1644297300000,1.14218,1.14237,1.14194,1.14194,617420000
1644298200000,1.14193,1.14202,1.14175,1.14187,743730000
1644299100000,1.14189,1.14191,1.14151,1.14168,478340000
1644300000000,1.14167,1.14168,1.14137,1.14161,462880000
1644300900000,1.14159,1.14192,1.14141,1.14191,468040000
1644301800000,1.1419,1.14233,1.14186,1.1423,466730000
1644302700000,1.14231,1.14231,1.14176,1.14196,479660000
1644303600000,1.14197,1.14206,1.14053,1.14053,1192440000
1644304500000,1.14054,1.14096,1.13979,1.13986,1605800000
1644305400000,1.13985,1.14051,1.13961,1.14036,1674390000
1644306300000,1.14036,1.14051,1.13976,1.13987,1113120000
1644307200000,1.13988,1.14077,1.13985,1.14016,1883040000
1644308100000,1.14018,1.1407,1.13979,1.14016,1678500000
1644309000000,1.14017,1.14049,1.13987,1.1402,1318240000
1644309900000,1.1402,1.14091,1.14018,1.14049,1597050000
1644310800000,1.1405,1.1408,1.13992,1.13999,1104890000
1644311700000,1.13997,1.14084,1.1398,1.14078,1153780000
1644312600000,1.14077,1.14079,1.13996,1.14013,1069750000
1644313500000,1.14015,1.14085,1.14003,1.14056,1566610000
1644314400000,1.14055,1.14096,1.14022,1.14091,1350710000
1644315300000,1.14092,1.14133,1.14089,1.14129,1031980000
1644316200000,1.1413,1.14165,1.14088,1.14165,982460000
1644317100000,1.14164,1.14283,1.14157,1.14279,1561180000
1644318000000,1.14279,1.14308,1.14244,1.14296,1773140000
1644318900000,1.14293,1.14293,1.14245,1.14252,1360400000
1644319800000,1.14252,1.14292,1.14222,1.14292,886270000
1644320700000,1.1429,1.14335,1.1425,1.14261,1326480000
1644321600000,1.14261,1.14271,1.1422,1.14246,1364950000
1644322500000,1.14247,1.14249,1.14169,1.14197,1081070000
1644323400000,1.142,1.14236,1.14182,1.14221,974030000
1644324300000,1.1422,1.14229,1.14151,1.1418,1395620000
1644325200000,1.14177,1.14177,1.14055,1.14072,1458990000
1644326100000,1.14074,1.14098,1.14001,1.14051,1300380000
1644327000000,1.14051,1.14104,1.14046,1.14066,1003720000
1644327900000,1.1407,1.14118,1.1406,1.14088,1006950000
1644328800000,1.14088,1.14153,1.14054,1.14153,1197560000
1644329700000,1.14153,1.14236,1.14135,1.14136,1203640000
1644330600000,1.14134,1.142,1.14122,1.14175,1516030000
1644331500000,1.14176,1.142,1.14068,1.14085,1696760000
1644332400000,1.14084,1.14162,1.1403,1.14141,1490300000
1644333300000,1.14141,1.14165,1.14031,1.14051,1385670000
1644334200000,1.1405,1.14142,1.14047,1.1412,1224210000
1644335100000,1.14122,1.14217,1.14119,1.14181,1584390000
1644336000000,1.14182,1.14207,1.14122,1.14147,1191860000
1644336900000,1.14149,1.14188,1.14119,1.14137,820730000
1644337800000,1.14139,1.14182,1.14095,1.14178,762620000
1644338700000,1.14177,1.14197,1.14124,1.14148,665920000
1644339600000,1.14148,1.14201,1.14146,1.14197,429720000
1644340500000,1.14196,1.14228,1.14183,1.14212,419560000
1644341400000,1.14214,1.14233,1.14181,1.1419,415040000
1644342300000,1.1419,1.14221,1.14175,1.14207,572010000
1644343200000,1.14206,1.14206,1.14156,1.1416,460680000
1644344100000,1.14162,1.14169,1.14014,1.14061,1335300000
1644345000000,1.1406,1.14155,1.14056,1.14152,411490000
1644345900000,1.14155,1.14227,1.14148,1.14225,394380000
1644346800000,1.14226,1.14237,1.14196,1.14232,258610000
1644347700000,1.14233,1.14237,1.14188,1.14201,412150000
1644348600000,1.142,1.14207,1.14154,1.14154,686890000
1644349500000,1.14156,1.14163,1.14114,1.14144,706300000
1644350400000,1.14143,1.14201,1.1413,1.142,442590000
1644351300000,1.14198,1.14204,1.14171,1.14185,703940000
1644352200000,1.14188,1.1419,1.1416,1.14187,300290000
1644353100000,1.14187,1.14205,1.14175,1.14187,424160000
1644354000000,1.14187,1.14196,1.14177,1.14192,189880000
1644354900000,1.14189,1.142,1.14175,1.14197,127650000
1644355800000,1.14195,1.14206,1.14171,1.14172,256190000
1644356700000,1.14172,1.14176,1.14153,1.14153,96880000
1644357600000,1.14153,1.14197,1.14129,1.14182,266610000
1644358500000,1.14179,1.14206,1.14165,1.14165,224990000
1644359400000,1.1417,1.14174,1.14165,1.14173,237540000
1644360300000,1.14173,1.14188,1.14154,1.14169,308772000
1644361200000,1.14166,1.14172,1.14147,1.1417,471700000
1644362100000,1.14171,1.1418,1.1415,1.14168,327620000
1644363000000,1.14168,1.14189,1.14164,1.14182,176070000
1644363900000,1.14183,1.1421,1.14183,1.14205,196780000
1644364800000,1.14208,1.14234,1.14194,1.14205,312550000
1644365700000,1.14204,1.14233,1.14194,1.14198,312710000
1644366600000,1.14195,1.14196,1.14121,1.14144,381470000
1644367500000,1.14146,1.14172,1.14132,1.14133,384080000
1644368400000,1.14132,1.14187,1.1412,1.14186,471480000
1644369300000,1.14187,1.1419,1.14153,1.14157,343210000
1644370200000,1.14157,1.14209,1.14149,1.14201,421740000
1644371100000,1.14202,1.14229,1.14193,1.14228,497990000
1644372000000,1.14227,1.14256,1.14227,1.14245,436780000
1644372900000,1.14244,1.14288,1.14244,1.14253,336880000
1644373800000,1.14253,1.14287,1.14253,1.14284,458240000
1644374700000,1.14284,1.14319,1.14275,1.14317,543690000
1644375600000,1.14316,1.14323,1.14286,1.14286,750340000
1644376500000,1.14287,1.14296,1.14276,1.14288,451020000
1644377400000,1.14288,1.14323,1.14282,1.14308,289330000
1644378300000,1.14309,1.1432,1.14296,1.14301,266050000
1644379200000,1.14301,1.14312,1.14296,1.14297,282330000
1644380100000,1.14299,1.143,1.14276,1.14282,307600000
1644381000000,1.14281,1.14281,1.14252,1.14268,317410000
1644381900000,1.14267,1.14277,1.14253,1.14268,258470000
1644382800000,1.14267,1.14273,1.14256,1.14262,163430000
1644383700000,1.14263,1.14277,1.14257,1.14277,274900000
1644384600000,1.14275,1.14276,1.14254,1.14262,182100000
1644385500000,1.14261,1.14267,1.14217,1.14221,328390000
1644386400000,1.1422,1.14259,1.1422,1.1425,373190000
1644387300000,1.1425,1.14255,1.14183,1.1421,353820000
1644388200000,1.1421,1.14228,1.14195,1.14208,240520000
1644389100000,1.1421,1.14215,1.14173,1.14178,239750000
1644390000000,1.14178,1.14211,1.14178,1.14186,585880000
1644390900000,1.14186,1.14192,1.14107,1.14132,907190000
1644391800000,1.14134,1.14149,1.14046,1.14087,1055770000
1644392700000,1.14087,1.14093,1.14024,1.1409,1138000000
1644393600000,1.1409,1.14159,1.14083,1.14158,1432690000
1644394500000,1.1416,1.14249,1.14139,1.14234,1074810000
1644395400000,1.14233,1.14267,1.14214,1.14267,1161340000
1644396300000,1.14268,1.14277,1.14202,1.14221,1247560000
1644397200000,1.14222,1.14228,1.14177,1.14189,1134990000
1644398100000,1.14192,1.14236,1.1418,1.14222,1005870000
1644399000000,1.14221,1.14261,1.14195,1.14248,1054290000
1644399900000,1.14249,1.14278,1.14248,1.14264,763050000
1644400800000,1.14263,1.14339,1.14231,1.14289,1152210000
1644401700000,1.1429,1.14356,1.14256,1.14353,980100000
1644402600000,1.14353,1.14368,1.14322,1.14368,926140000
1644403500000,1.14368,1.14447,1.14366,1.14416,1068220000
1644404400000,1.14415,1.14415,1.14358,1.1436,912250000
1644405300000,1.14358,1.14371,1.14314,1.1437,825990000
1644406200000,1.14366,1.14366,1.14328,1.14349,732730000
1644407100000,1.1435,1.1435,1.1428,1.14293,994590000
1644408000000,1.14297,1.14381,1.14295,1.14374,977750000
1644408900000,1.14375,1.14412,1.14341,1.1436,893270000
1644409800000,1.14362,1.14395,1.14318,1.1432,712110000
1644410700000,1.14319,1.14378,1.14313,1.14374,971610000
1644411600000,1.14375,1.14375,1.14311,1.1434,1120230000
1644412500000,1.1434,1.14364,1.14296,1.1434,1335390000
1644413400000,1.1434,1.14452,1.14313,1.14447,1235780000
1644414300000,1.14449,1.14459,1.14347,1.14356,1498640000
1644415200000,1.14355,1.1437,1.143,1.14342,1058700000
1644416100000,1.14344,1.14373,1.14259,1.14302,1405890000
1644417000000,1.143,1.14347,1.14253,1.14345,1700180000
1644417900000,1.14343,1.14374,1.1428,1.14315,1619450000
1644418800000,1.14312,1.14384,1.1431,1.1432,1525640000
1644419700000,1.14321,1.14405,1.14317,1.14399,1396960000
1644420600000,1.14396,1.14413,1.14378,1.14394,1112930000
1644421500000,1.14394,1.144,1.14271,1.14282,1823180000
1644422400000,1.14282,1.14338,1.1426,1.14322,1048760000
1644423300000,1.14324,1.14374,1.14322,1.14352,660970000
1644424200000,1.14353,1.1441,1.14347,1.14402,838050000
1644425100000,1.14401,1.14408,1.14296,1.14342,774290000
1644426000000,1.14345,1.14346,1.14278,1.14281,812790000
1644426900000,1.1428,1.14316,1.14275,1.14314,414250000
1644427800000,1.14313,1.14477,1.14257,1.14417,2126180000
1644428700000,1.14416,1.14417,1.14365,1.14373,850840000
1644429600000,1.14373,1.14411,1.14323,1.1433,1115430000
1644430500000,1.14329,1.14354,1.14313,1.14324,535980000
1644431400000,1.14325,1.14325,1.14281,1.14294,501630000
1644432300000,1.14293,1.14332,1.14282,1.14323,292100000
1644433200000,1.14324,1.14325,1.14269,1.14288,298770000
1644434100000,1.14287,1.14306,1.14274,1.143,224870000
1644435000000,1.14301,1.14319,1.14296,1.14301,269480000
1644435900000,1.14301,1.14332,1.143,1.14322,336960000
1644436800000,1.14321,1.14333,1.14257,1.14264,422710000
1644437700000,1.14265,1.14271,1.142,1.14211,616710000
1644438600000,1.14213,1.14244,1.14205,1.14229,377110000
1644439500000,1.14228,1.14254,1.14219,1.14254,474490000
1644440400000,1.14252,1.14261,1.14226,1.14228,371080000
1644441300000,1.14227,1.14263,1.14226,1.14243,123330000
1644442200000,1.14245,1.14246,1.14222,1.14229,233710000
1644443100000,1.14228,1.14244,1.14211,1.14211,433450000
1644444000000,1.14214,1.14233,1.14204,1.14215,87030000
1644444900000,1.14215,1.14242,1.14213,1.14225,827380000
1644445800000,1.14225,1.14273,1.14207,1.14231,471170000
1644446700000,1.14231,1.14234,1.14205,1.14208,339920000
1644447600000,1.14208,1.14225,1.14208,1.14219,334480000
1644448500000,1.14219,1.14226,1.142,1.14223,326200000
1644449400000,1.14224,1.14233,1.14206,1.14207,136230000
1644450300000,1.14207,1.1422,1.14207,1.14211,101290000
1644451200000,1.14211,1.14227,1.14184,1.14216,258520000
1644452100000,1.14216,1.14216,1.14187,1.14211,188260000
1644453000000,1.14209,1.14223,1.1414,1.1414,371840000
1644453900000,1.1414,1.14181,1.1413,1.14171,414710000
1644454800000,1.1417,1.14205,1.14169,1.1417,517130000
1644455700000,1.14171,1.14201,1.1417,1.14186,476770000
1644456600000,1.14187,1.14195,1.14175,1.1418,237300000
1644457500000,1.14182,1.14207,1.1418,1.14194,370170000
1644458400000,1.14193,1.14206,1.14178,1.14178,399500000
1644459300000,1.14179,1.14215,1.14176,1.14213,272680000
1644460200000,1.14213,1.14254,1.14213,1.14229,451610000
1644461100000,1.14232,1.14294,1.1423,1.14289,495610000
1644462000000,1.1429,1.1429,1.14249,1.14256,558200000
1644462900000,1.14258,1.14294,1.14258,1.14271,492350000
1644463800000,1.14272,1.1429,1.14262,1.14288,425320000
1644464700000,1.14289,1.14299,1.1428,1.14286,375590000
1644465600000,1.14285,1.14314,1.14284,1.14303,495430000
1644466500000,1.14303,1.14309,1.14285,1.14288,501980000
1644467400000,1.14288,1.14291,1.14263,1.14264,471770000
1644468300000,1.14265,1.14267,1.14227,1.1425,394510000
1644469200000,1.14249,1.14267,1.14239,1.14254,177860000
1644470100000,1.14255,1.14255,1.14234,1.1425,214720000
1644471000000,1.14251,1.14258,1.14248,1.14255,138180000
1644471900000,1.14255,1.14263,1.14234,1.14258,191150000
1644472800000,1.14259,1.1428,1.14243,1.14266,344230000
1644473700000,1.14267,1.14271,1.14203,1.14209,560550000
1644474600000,1.14208,1.14249,1.14208,1.14234,293040000
1644475500000,1.14235,1.14242,1.14219,1.14225,196580000
1644476400000,1.14226,1.14267,1.14212,1.14256,778500000
1644477300000,1.14257,1.14286,1.14194,1.14194,911330000
1644478200000,1.14195,1.14285,1.14194,1.14281,740250000
1644479100000,1.14281,1.14287,1.1423,1.14286,1128590000
1644480000000,1.14287,1.14333,1.14249,1.1429,1693080000
1644480900000,1.1429,1.14335,1.1426,1.14296,1297950000
1644481800000,1.14297,1.14307,1.14225,1.14256,1242210000
1644482700000,1.14256,1.14334,1.14237,1.1433,824920000
1644483600000,1.14332,1.14371,1.14325,1.14345,1669430000
1644484500000,1.14346,1.14463,1.14345,1.14444,1264470000
1644485400000,1.14443,1.14448,1.1439,1.14408,1412100000
1644486300000,1.14409,1.14458,1.14398,1.14434,1117440000
1644487200000,1.14433,1.14455,1.14406,1.14411,952730000
1644488100000,1.1441,1.14423,1.14354,1.14354,947750000
1644489000000,1.14354,1.14429,1.14342,1.14421,1323980000
1644489900000,1.14425,1.14428,1.1435,1.14358,1047260000
1644490800000,1.14357,1.14396,1.14334,1.14376,924860000
1644491700000,1.14377,1.14406,1.14345,1.14359,817920000
1644492600000,1.1436,1.14377,1.14332,1.14355,994080000
1644493500000,1.14355,1.14361,1.14311,1.14319,945620000
1644494400000,1.14318,1.14354,1.14299,1.14305,1119210000
1644495300000,1.14306,1.14366,1.14301,1.14345,744550000
1644496200000,1.14342,1.14394,1.14306,1.1437,849390000
1644497100000,1.14367,1.14387,1.14338,1.14363,1083260000
1644498000000,1.14365,1.14415,1.1435,1.14389,857390000
1644498900000,1.1439,1.14391,1.14324,1.14367,1155160000
1644499800000,1.14367,1.14367,1.13851,1.1399,8749980000
1644500700000,1.13988,1.14114,1.13821,1.14078,4002390000
1644501600000,1.14078,1.14078,1.13833,1.13844,3983300000
1644502500000,1.13845,1.13886,1.13748,1.13839,2985810000
1644503400000,1.13838,1.14098,1.13808,1.14008,3041320000
1644504300000,1.14008,1.14098,1.13964,1.14073,2623040000
1644505200000,1.14075,1.1447,1.14075,1.14416,4798470000
1644506100000,1.14415,1.14497,1.14336,1.14451,4320440000
1644507000000,1.1445,1.14708,1.14441,1.14687,4556350000
1644507900000,1.14686,1.14736,1.14623,1.14667,3710890000
1644508800000,1.14668,1.14896,1.14653,1.14835,2650630000
1644509700000,1.14834,1.14948,1.14806,1.14892,2665700000
1644510600000,1.14894,1.14898,1.14801,1.14844,2091430000
1644511500000,1.14844,1.14914,1.14825,1.14888,1712190000
1644512400000,1.14887,1.14887,1.14816,1.14831,1147790000
1644513300000,1.1483,1.1483,1.14729,1.14735,1324300000
1644514200000,1.14736,1.14771,1.14692,1.14766,657270000
1644515100000,1.14766,1.1477,1.14473,1.14645,7108180000
1644516000000,1.14646,1.14751,1.14607,1.14687,2772930000
1644516900000,1.14688,1.14718,1.14659,1.1467,1330010000
1644517800000,1.14668,1.14735,1.14618,1.14654,1563150000
1644518700000,1.14655,1.14682,1.14602,1.14649,748030000
1644519600000,1.14649,1.14658,1.14553,1.14561,874230000
1644520500000,1.1456,1.1462,1.14495,1.14583,872270000
1644521400000,1.14584,1.14598,1.14481,1.14483,758890000
1644522300000,1.14483,1.14516,1.14465,1.14496,976540000
1644523200000,1.14494,1.14548,1.14466,1.14515,829130000
1644524100000,1.14516,1.14523,1.14474,1.14477,783050000
1644525000000,1.14477,1.14485,1.14402,1.14421,676600000
1644525900000,1.14422,1.14431,1.14311,1.14311,849920000
1644526800000,1.14311,1.14332,1.14289,1.14293,392990000
1644527700000,1.14292,1.14293,1.1407,1.14123,651130000
1644528600000,1.14122,1.1428,1.14122,1.14272,436220000
1644529500000,1.14272,1.14296,1.14261,1.14272,409000000
1644530400000,1.14267,1.14296,1.14259,1.14291,99810000
1644531300000,1.1429,1.14298,1.14278,1.14288,272920000
1644532200000,1.14291,1.14291,1.14275,1.14283,117050000
1644533100000,1.14284,1.14284,1.1427,1.14279,181920000
1644534000000,1.1428,1.1428,1.14044,1.1418,1766720000
1644534900000,1.1418,1.14203,1.14067,1.14068,788500000
1644535800000,1.14063,1.1415,1.14017,1.14145,639350000
1644536700000,1.14143,1.14177,1.14111,1.14112,327860000
1644537600000,1.1411,1.1412,1.14055,1.14087,776990000
1644538500000,1.14086,1.14087,1.13867,1.13868,1433270000
1644539400000,1.13865,1.13948,1.13858,1.13904,826220000
1644540300000,1.13901,1.14006,1.13882,1.13996,762480000
1644541200000,1.13997,1.14015,1.13943,1.13957,959570000
1644542100000,1.13955,1.14013,1.13946,1.13994,710430000
1644543000000,1.13994,1.1406,1.13964,1.14043,617830000
1644543900000,1.14041,1.14059,1.13998,1.14024,569020000
1644544800000,1.14022,1.14027,1.13956,1.13996,515630000
1644545700000,1.13996,1.14052,1.13994,1.14039,508340000
1644546600000,1.14039,1.14068,1.14022,1.14022,487440000
1644547500000,1.14022,1.14055,1.14015,1.1403,411030000
1644548400000,1.14031,1.14031,1.1398,1.14018,402720000
1644549300000,1.14016,1.14026,1.13996,1.14016,261470000
1644550200000,1.14013,1.14014,1.13953,1.13956,324060000
1644551100000,1.13956,1.13962,1.13924,1.13927,409180000
1644552000000,1.13925,1.13927,1.13874,1.13874,424530000
1644552900000,1.13873,1.13873,1.138,1.138,769490000
1644553800000,1.138,1.1384,1.13775,1.13798,621800000
1644554700000,1.13799,1.1382,1.13749,1.13808,565860000
1644555600000,1.13809,1.13851,1.13804,1.13832,443310000
1644556500000,1.13834,1.13864,1.13802,1.13855,338100000
1644557400000,1.13856,1.13883,1.13856,1.13883,241330000
1644558300000,1.13882,1.13884,1.13824,1.13865,309670000
1644559200000,1.13865,1.13873,1.13824,1.1383,339540000
1644560100000,1.13833,1.13841,1.13786,1.13808,473060000
1644561000000,1.13808,1.13816,1.13755,1.13779,660330000
1644561900000,1.1378,1.13793,1.13699,1.13756,663200000
1644562800000,1.13756,1.13801,1.13743,1.13792,1425440000
1644563700000,1.13791,1.13826,1.13725,1.13812,1904410000
1644564600000,1.13812,1.13865,1.138,1.13857,1493880000
1644565500000,1.13856,1.1392,1.13842,1.13849,1429430000
1644566400000,1.1385,1.13906,1.1378,1.13905,2448790000
1644567300000,1.13909,1.13944,1.13871,1.13925,2131800000
1644568200000,1.13924,1.13935,1.13864,1.13884,1723030000
1644569100000,1.13882,1.13979,1.1386,1.13931,1552500000
1644570000000,1.1393,1.13956,1.13845,1.13851,1585590000
1644570900000,1.13849,1.13926,1.13822,1.13912,1527370000
1644571800000,1.13912,1.13936,1.13858,1.13891,1638120000
1644572700000,1.13892,1.13943,1.13848,1.13861,1484650000
1644573600000,1.13861,1.13871,1.13837,1.13856,962490000
1644574500000,1.13856,1.13891,1.13853,1.13876,764390000
1644575400000,1.13878,1.13955,1.13869,1.13948,1184160000
1644576300000,1.13946,1.13995,1.13927,1.13979,1123810000
1644577200000,1.13977,1.13977,1.13926,1.13941,950500000
1644578100000,1.1394,1.13967,1.13923,1.1394,889460000
1644579000000,1.1394,1.13971,1.13901,1.13938,880670000
1644579900000,1.13937,1.13991,1.13927,1.13947,1008260000
1644580800000,1.1395,1.14078,1.13917,1.14075,1133880000
1644581700000,1.14075,1.14147,1.14044,1.14108,1471380000
1644582600000,1.14107,1.14119,1.14004,1.14037,1257520000
1644583500000,1.14037,1.14082,1.14024,1.1406,1138620000
1644584400000,1.14059,1.14169,1.14017,1.14163,1286350000
1644585300000,1.14167,1.1418,1.14062,1.14062,1357750000
1644586200000,1.14061,1.14079,1.13951,1.13957,1464890000
1644587100000,1.13957,1.13969,1.13896,1.13907,1393740000
1644588000000,1.13905,1.13967,1.139,1.1394,1466240000
1644588900000,1.1394,1.14002,1.1388,1.1389,1246430000
1644589800000,1.13888,1.13907,1.13801,1.1388,2141800000
1644590700000,1.13877,1.13963,1.13858,1.13882,2183700000
1644591600000,1.13887,1.13967,1.13834,1.13888,2855990000
1644592500000,1.13887,1.14028,1.13884,1.14004,2292590000
1644593400000,1.14005,1.14032,1.13945,1.13949,1711830000
1644594300000,1.13949,1.14053,1.13927,1.14019,2183200000
1644595200000,1.14021,1.14033,1.13923,1.1399,1468170000
1644596100000,1.13989,1.14081,1.13985,1.14024,1736110000
1644597000000,1.14025,1.14028,1.13951,1.13969,1094140000
1644597900000,1.13967,1.14052,1.13951,1.14048,972350000
1644598800000,1.14048,1.14076,1.13997,1.14062,745630000
1644599700000,1.14062,1.14062,1.13959,1.14005,678840000
1644600600000,1.14003,1.14017,1.13949,1.13976,608290000
1644601500000,1.13974,1.13978,1.13934,1.13966,756220000
1644602400000,1.13965,1.13973,1.13917,1.13919,488270000
1644603300000,1.13921,1.13994,1.13921,1.1393,532690000
1644604200000,1.13932,1.13943,1.13429,1.13548,5787740000
1644605100000,1.13548,1.13684,1.13415,1.13506,8744250000
1644606000000,1.13507,1.13594,1.13325,1.13511,10257540000
1644606900000,1.13511,1.13645,1.13489,1.13584,6929290000
1644607800000,1.13587,1.1361,1.13491,1.13494,3525200000
1644608700000,1.13493,1.13535,1.13296,1.13339,3339440000
1644609600000,1.13339,1.13521,1.1331,1.13468,3705880000
1644610500000,1.13466,1.13517,1.13357,1.13387,2109670000
1644611400000,1.13385,1.13495,1.13362,1.13473,1893610000
1644612300000,1.13474,1.13505,1.13378,1.13414,2429300000
1644613200000,1.13413,1.13473,1.13401,1.13423,621580000
1644614100000,1.13422,1.13515,1.13398,1.1349,921620000
1644615000000,1.1349,1.13495,1.1345,1.13469,635430000
1644615900000,1.13467,1.13494,1.13444,1.13463,1406130000
1644789600000,1.13369,1.13404,1.13365,1.13403,643600000
1644790500000,1.13399,1.13447,1.13388,1.1342,4045320000
1644791400000,1.13419,1.13468,1.13411,1.13458,1313683700
1644792300000,1.13457,1.13489,1.13415,1.1342,2022590000
1644793200000,1.1342,1.13515,1.13417,1.13507,1229240000
1644794100000,1.13507,1.13599,1.13484,1.13597,539780000
1644795000000,1.13596,1.13617,1.13576,1.13613,387430000
1644795900000,1.13614,1.13672,1.13599,1.13643,857530000
1644796800000,1.13642,1.13686,1.1359,1.13675,1028180000
1644797700000,1.13676,1.1369,1.13616,1.13633,558880000
1644798600000,1.13631,1.13631,1.13592,1.13618,434640000
1644799500000,1.13617,1.13636,1.13599,1.13623,410370000
1644800400000,1.13622,1.1365,1.13592,1.13593,781390000
1644801300000,1.13593,1.13612,1.13577,1.13577,893000000
1644802200000,1.13575,1.13596,1.1352,1.13529,1082860000
1644803100000,1.13528,1.13553,1.1352,1.13535,913990000
1644804000000,1.13535,1.13536,1.13471,1.13479,614950000
1644804900000,1.1348,1.1348,1.13405,1.13425,465550000
1644805800000,1.13426,1.13472,1.13426,1.13455,616970000
1644806700000,1.13454,1.13456,1.13416,1.13431,430260000
1644807600000,1.13432,1.1348,1.13431,1.13436,452560000
1644808500000,1.13436,1.13453,1.13425,1.13433,410920000
1644809400000,1.13434,1.13444,1.13411,1.13427,628430000
1644810300000,1.13426,1.13452,1.13416,1.13431,443840000
1644811200000,1.13431,1.13441,1.13413,1.13431,482170000
1644812100000,1.13432,1.13469,1.13428,1.13468,342000000
1644813000000,1.13467,1.13485,1.13456,1.13465,346020000
1644813900000,1.13465,1.13473,1.13446,1.1345,356010000
1644814800000,1.1345,1.13461,1.1342,1.13461,459820000
1644815700000,1.13462,1.1348,1.13445,1.13475,318690000
1644816600000,1.13475,1.13497,1.13471,1.13496,237610000
1644817500000,1.13496,1.13522,1.13486,1.13514,348270000
1644818400000,1.13513,1.1352,1.13465,1.13476,406400000
1644819300000,1.13473,1.13483,1.13441,1.13483,506380000
1644820200000,1.13482,1.13483,1.13422,1.13431,383080000
1644821100000,1.13432,1.13454,1.13388,1.13444,456500000
1644822000000,1.13441,1.13451,1.13373,1.13413,993260000
1644822900000,1.13413,1.13491,1.1341,1.13474,1245010000
1644823800000,1.13471,1.13497,1.13447,1.13469,854990000
1644824700000,1.13465,1.13488,1.13359,1.13381,1121260000
1644825600000,1.13381,1.13431,1.13289,1.13395,2772160000
1644826500000,1.13392,1.13428,1.1322,1.13223,3064000000
1644827400000,1.13221,1.13239,1.13082,1.13111,3236110000
1644828300000,1.13113,1.13151,1.13037,1.13092,2741550000
1644829200000,1.13092,1.13158,1.13078,1.13111,2152070000
1644830100000,1.1311,1.13184,1.13099,1.13146,1765020000
1644831000000,1.13145,1.13215,1.13134,1.132,1626470000
1644831900000,1.132,1.13215,1.13097,1.1312,1475110000
1644832800000,1.13119,1.13138,1.1307,1.13082,1837900000
1644833700000,1.13081,1.13121,1.13011,1.13094,1575690000
1644834600000,1.13097,1.13168,1.13078,1.13157,1422760000
1644835500000,1.13157,1.1318,1.1311,1.13135,1349820000
1644836400000,1.13136,1.13141,1.1301,1.13024,1181440000
1644837300000,1.13024,1.13051,1.13008,1.13029,1115900000
1644838200000,1.13028,1.1303,1.13009,1.13021,822800000
1644839100000,1.1302,1.13116,1.1301,1.13109,1275690000
1644840000000,1.1311,1.1311,1.13029,1.13077,1064100000
1644840900000,1.13075,1.13095,1.1302,1.13083,1417290000
1644841800000,1.13085,1.13423,1.1302,1.13363,4409000000
1644842700000,1.13365,1.13421,1.13248,1.1327,4225330000
1644843600000,1.13271,1.13311,1.13153,1.13166,2529940000
1644844500000,1.13168,1.1327,1.13126,1.1327,2295190000
1644845400000,1.13271,1.13294,1.13134,1.13175,3254370000
1644846300000,1.1318,1.13215,1.13111,1.13151,2676830000
1644847200000,1.13149,1.13197,1.13098,1.13171,2320000000
1644848100000,1.13173,1.13196,1.13109,1.13123,2484780000
1644849000000,1.13122,1.13135,1.13049,1.13097,2706920000
1644849900000,1.13098,1.13211,1.13082,1.13199,2513280000
1644850800000,1.13199,1.13199,1.13016,1.13038,2103650000
1644851700000,1.13041,1.13076,1.13007,1.13039,2154490000
1644852600000,1.13042,1.13054,1.12961,1.12966,1580450000
1644853500000,1.12962,1.13097,1.12915,1.13058,2814330000
1644854400000,1.13057,1.13104,1.12961,1.12993,2215060000
1644855300000,1.12999,1.13061,1.12963,1.1306,1367350000
1644856200000,1.13058,1.13143,1.12982,1.13091,2217730000
1644857100000,1.1309,1.13113,1.13028,1.13062,1147900000
1644858000000,1.13061,1.13061,1.12988,1.13006,709750000
1644858900000,1.13007,1.13071,1.13007,1.13062,726120000
1644859800000,1.1306,1.13085,1.13056,1.13074,386640000
1644860700000,1.13075,1.13136,1.13043,1.13103,562670000
1644861600000,1.13102,1.13142,1.1308,1.13127,549560000
1644862500000,1.13128,1.13133,1.13094,1.13117,490840000
1644863400000,1.13116,1.13128,1.13079,1.1311,432420000
1644864300000,1.13107,1.13124,1.12969,1.12972,2616600000
1644865200000,1.12975,1.13015,1.12934,1.12935,2476500000
1644866100000,1.12935,1.12989,1.12799,1.1287,2089580000
1644867000000,1.12876,1.12993,1.12834,1.12943,3038250000
1644867900000,1.12944,1.12986,1.12923,1.12946,1606200000
1644868800000,1.12947,1.13002,1.12928,1.1299,1508470000
1644869700000,1.12989,1.13026,1.12952,1.13021,1011880000
1644870600000,1.13019,1.13045,1.12993,1.13024,835400000
1644871500000,1.13023,1.13026,1.12934,1.1294,1042590000
1644872400000,1.12939,1.12978,1.12939,1.12977,241810000
1644873300000,1.12978,1.13027,1.12978,1.13026,298750000
1644874200000,1.13026,1.13058,1.13025,1.13056,335030000
1644875100000,1.13055,1.13077,1.13041,1.13052,271410000
1644876000000,1.13043,1.13063,1.12981,1.13025,343400000
1644876900000,1.13025,1.13048,1.13025,1.13033,120750000
1644877800000,1.13034,1.13047,1.13022,1.13025,882550000
1644878700000,1.13034,1.13043,1.13025,1.1304,248650000
1644879600000,1.13041,1.13062,1.1304,1.13043,277610000
1644880500000,1.13042,1.13061,1.13038,1.13044,222720000
1644881400000,1.13044,1.13051,1.13039,1.13045,121580000
1644882300000,1.13043,1.13075,1.13043,1.13056,173660000
1644883200000,1.13057,1.13105,1.13031,1.13099,470100000
1644884100000,1.13099,1.13127,1.1309,1.13114,424650000
1644885000000,1.13117,1.13131,1.13104,1.13109,324480000
1644885900000,1.13111,1.13122,1.13078,1.13117,422220000
1644886800000,1.13115,1.13145,1.13103,1.13133,602170000
1644887700000,1.13134,1.13136,1.13112,1.13134,401850000
1644888600000,1.13133,1.13141,1.13112,1.1312,375400000
1644889500000,1.13117,1.1312,1.13084,1.13105,371410000
1644890400000,1.13103,1.1312,1.1309,1.13106,346800000
1644891300000,1.13106,1.13128,1.13095,1.13118,233940000
1644892200000,1.13118,1.13215,1.13118,1.13198,627890000
1644893100000,1.13198,1.13223,1.13175,1.13188,564720000
1644894000000,1.13188,1.13196,1.13152,1.13191,411440000
1644894900000,1.13193,1.13197,1.13175,1.1318,308310000
1644895800000,1.1318,1.13195,1.13166,1.13183,535990000
1644896700000,1.13186,1.13224,1.13172,1.13174,1147910000
1644897600000,1.13173,1.13197,1.13163,1.13196,346040000
1644898500000,1.13197,1.13205,1.13184,1.1319,316280000
1644899400000,1.13189,1.13206,1.13181,1.13185,361250000
1644900300000,1.13186,1.13195,1.13181,1.1319,237000000
1644901200000,1.13189,1.13196,1.1315,1.13187,761970000
1644902100000,1.13189,1.13209,1.13148,1.13149,546780000
1644903000000,1.13152,1.13207,1.13148,1.13192,819500000
1644903900000,1.13193,1.13197,1.13164,1.13173,810820000
1644904800000,1.13172,1.13178,1.13136,1.13153,693940000
1644905700000,1.13153,1.13185,1.13149,1.1316,552710000
1644906600000,1.1316,1.13207,1.13136,1.13205,609080000
1644907500000,1.13204,1.13237,1.1318,1.13218,880800000
1644908400000,1.13218,1.13235,1.13198,1.13206,1121510000
1644909300000,1.13207,1.13281,1.13207,1.13229,1216550000
1644910200000,1.1323,1.13241,1.13166,1.13177,802750000
1644911100000,1.13172,1.13186,1.13114,1.13126,901090000
1644912000000,1.13125,1.13392,1.13093,1.13326,3427100000
1644912900000,1.13331,1.13455,1.13272,1.13387,3860510000
1644913800000,1.13387,1.13471,1.13334,1.1346,2486980000
1644914700000,1.13458,1.13488,1.13391,1.13459,2491450000
1644915600000,1.13459,1.13501,1.13431,1.13455,1668510000
1644916500000,1.13457,1.13482,1.13403,1.13461,1509810000
1644917400000,1.13459,1.13459,1.13359,1.1339,1546070000
1644918300000,1.13389,1.13462,1.13371,1.13461,1424200000
1644919200000,1.13461,1.13531,1.13453,1.13498,1585240000
1644920100000,1.13497,1.13537,1.13383,1.13473,1750560000
1644921000000,1.13474,1.13499,1.13417,1.13482,1314620000
1644921900000,1.13482,1.1352,1.13443,1.1348,1082390000
1644922800000,1.13479,1.13504,1.1344,1.1349,1105950000
1644923700000,1.13489,1.13527,1.13465,1.13477,1236240000
1644924600000,1.13476,1.13481,1.13424,1.13444,1013090000
1644925500000,1.13445,1.13476,1.13407,1.13455,1078910000
1644926400000,1.13459,1.13506,1.13415,1.13425,1283490000
1644927300000,1.13426,1.13448,1.13364,1.13385,1257840000
1644928200000,1.13384,1.13467,1.13374,1.13465,1293270000
1644929100000,1.13466,1.13493,1.13377,1.13405,1888030000
1644930000000,1.13404,1.13483,1.13404,1.1344,1304570000
1644930900000,1.13439,1.1351,1.13434,1.13488,1116860000
1644931800000,1.13489,1.13599,1.13417,1.13547,2615780000
1644932700000,1.13546,1.13586,1.13522,1.13557,1492750000
1644933600000,1.13556,1.13579,1.1352,1.13539,2367240000
1644934500000,1.1354,1.1359,1.13481,1.13481,2446060000
1644935400000,1.13483,1.13562,1.1343,1.13433,1977330000
1644936300000,1.13432,1.1347,1.13202,1.13218,2785320000
1644937200000,1.13218,1.13363,1.13217,1.13348,2237050000
1644938100000,1.13345,1.13516,1.13337,1.13462,2251100000
1644939000000,1.13464,1.13518,1.13436,1.13506,1737240000
1644939900000,1.13504,1.13576,1.13483,1.13547,2453300000
1644940800000,1.13547,1.13681,1.13546,1.13641,1665220000
1644941700000,1.13641,1.13656,1.13579,1.13584,1582790000
1644942600000,1.13587,1.13676,1.13587,1.13641,1290620000
1644943500000,1.13642,1.13671,1.13621,1.13624,835140000
1644944400000,1.13623,1.13629,1.13569,1.13575,687040000
1644945300000,1.13576,1.13577,1.1346,1.13476,735820000
1644946200000,1.13474,1.13544,1.13468,1.13541,546610000
1644947100000,1.13542,1.13598,1.13509,1.13587,707180000
1644948000000,1.13585,1.13622,1.13581,1.13609,416650000
1644948900000,1.1361,1.13642,1.13597,1.13621,322270000
1644949800000,1.13624,1.13624,1.13574,1.13595,211210000
1644950700000,1.13594,1.13599,1.13553,1.13555,184760000
1644951600000,1.13553,1.13617,1.13544,1.13607,355000000
1644952500000,1.13608,1.13616,1.13552,1.13577,298000000
1644953400000,1.13575,1.13637,1.13573,1.13633,233030000
1644954300000,1.13634,1.13635,1.13572,1.13594,407180000
1644955200000,1.13596,1.13634,1.13595,1.13631,402550000
1644956100000,1.1363,1.13636,1.13595,1.13596,201460000
1644957000000,1.13597,1.13608,1.13545,1.13595,619050000
1644957900000,1.13594,1.13619,1.13568,1.13582,865840000
1644958800000,1.13582,1.13587,1.13558,1.13572,351500000
1644959700000,1.13572,1.13592,1.13562,1.1357,237020000
1644960600000,1.13571,1.13591,1.13567,1.13589,160770000
1644961500000,1.13588,1.13597,1.13558,1.13574,360320000
1644962400000,1.13572,1.13583,1.13565,1.13565,395750000
1644963300000,1.13571,1.13589,1.13565,1.13588,165250000
1644964200000,1.1359,1.13604,1.13584,1.1359,127100000
1644965100000,1.13588,1.13589,1.13565,1.13565,223030000
1644966000000,1.13564,1.13593,1.13564,1.13579,304050000
1644966900000,1.1358,1.13597,1.13573,1.13581,255610000
1644967800000,1.13582,1.13584,1.1355,1.13558,163540000
1644968700000,1.13556,1.13576,1.13551,1.13551,275260000
1644969600000,1.1355,1.13595,1.13543,1.13573,384460000
1644970500000,1.13572,1.13572,1.1355,1.13558,217090000
1644971400000,1.13559,1.13567,1.13545,1.13554,169580000
1644972300000,1.13557,1.1357,1.13546,1.1357,368950000
1644973200000,1.13569,1.13569,1.13506,1.13545,667170000
1644974100000,1.13545,1.13562,1.13531,1.13531,373260000
1644975000000,1.13532,1.13532,1.13486,1.1351,461010000
1644975900000,1.1351,1.13529,1.13506,1.13517,518700000
1644976800000,1.13518,1.13532,1.135,1.13503,492810000
1644977700000,1.13502,1.13534,1.13485,1.13486,385070000
1644978600000,1.13485,1.13485,1.13449,1.13462,528650000
1644979500000,1.13465,1.13499,1.13461,1.13472,649740000
1644980400000,1.13473,1.13482,1.13458,1.13464,280200000
1644981300000,1.13463,1.13468,1.13452,1.13459,263850000
1644982200000,1.13461,1.13466,1.13449,1.13461,459280000
1644983100000,1.13465,1.1347,1.13457,1.13457,249190000
1644984000000,1.13457,1.13477,1.13452,1.13472,234960000
1644984900000,1.13472,1.13479,1.13467,1.13467,263640000
1644985800000,1.13469,1.13489,1.13466,1.13483,187810000
1644986700000,1.13485,1.13489,1.13477,1.13477,151140000
1644987600000,1.13478,1.13495,1.13478,1.13495,301240000
1644988500000,1.13495,1.13516,1.13488,1.13516,252300000
1644989400000,1.13518,1.13543,1.13515,1.13539,255910000
1644990300000,1.1354,1.13554,1.13524,1.13536,245710000
1644991200000,1.13535,1.13566,1.1353,1.13553,347640000
1644992100000,1.13553,1.13596,1.13553,1.13593,354000000
1644993000000,1.13593,1.13614,1.13582,1.13583,541240000
1644993900000,1.13584,1.13636,1.13582,1.13634,382930000
1644994800000,1.13634,1.13706,1.13632,1.13671,973680000
1644995700000,1.13671,1.13685,1.13631,1.13658,964320000
1644996600000,1.13655,1.13786,1.13645,1.13737,1152170000
1644997500000,1.13738,1.13771,1.1372,1.13752,1037730000
1644998400000,1.13753,1.13794,1.1373,1.13781,1250360000
1644999300000,1.13781,1.13877,1.13752,1.13827,1448730000
1645000200000,1.13825,1.13911,1.13803,1.13896,1137090000
1645001100000,1.13896,1.13953,1.13859,1.13896,1425520000
1645002000000,1.13898,1.13898,1.13754,1.13772,2065840000
1645002900000,1.1377,1.13818,1.13753,1.13802,1690420000
1645003800000,1.13801,1.13852,1.13769,1.1382,1601070000
1645004700000,1.13819,1.13841,1.1371,1.13774,1505730000
1645005600000,1.13773,1.1384,1.1375,1.13791,1255890000
1645006500000,1.13792,1.13825,1.13731,1.13754,1286660000
1645007400000,1.13753,1.13817,1.13743,1.13799,1091630000
1645008300000,1.13801,1.13864,1.13786,1.13808,1078980000
1645009200000,1.13806,1.13834,1.13743,1.13745,1105880000
1645010100000,1.13745,1.1381,1.13742,1.1381,798900000
1645011000000,1.13809,1.13883,1.13805,1.13847,1179010000
1645011900000,1.13846,1.13881,1.13821,1.1385,1227800000
1645012800000,1.1385,1.13866,1.13779,1.13781,1186490000
1645013700000,1.13781,1.13857,1.1375,1.13778,1577070000
1645014600000,1.1378,1.13787,1.13722,1.13728,1462080000
1645015500000,1.13727,1.13737,1.13644,1.13655,1693790000
1645016400000,1.13655,1.13718,1.13639,1.13717,1220740000
1645017300000,1.13716,1.13742,1.13637,1.13649,1086480000
1645018200000,1.13646,1.13696,1.13566,1.13655,2622480000
1645019100000,1.13657,1.13721,1.13546,1.13632,2235880000
1645020000000,1.13631,1.13634,1.13563,1.1359,1484040000
1645020900000,1.1359,1.13604,1.13531,1.13555,1492250000
1645021800000,1.13555,1.13728,1.13554,1.13698,2413820000
1645022700000,1.13699,1.13718,1.13629,1.13651,1628280000
1645023600000,1.1365,1.1367,1.13599,1.13636,1704590000
1645024500000,1.13637,1.13704,1.13628,1.13685,1721870000
1645025400000,1.13684,1.13732,1.13643,1.13652,1427310000
1645026300000,1.13651,1.13665,1.13601,1.13654,1560440000
1645027200000,1.13652,1.13668,1.13605,1.13646,1307010000
1645028100000,1.13646,1.13729,1.13638,1.13723,1097980000
1645029000000,1.13723,1.13786,1.13714,1.13752,978360000
1645029900000,1.13752,1.1381,1.13742,1.13806,787360000
1645030800000,1.13807,1.13827,1.13767,1.13795,596910000
1645031700000,1.13796,1.13826,1.13793,1.13801,672880000
1645032600000,1.13802,1.13804,1.13747,1.13788,730260000
1645033500000,1.13786,1.13801,1.13735,1.13743,579520000
1645034400000,1.13742,1.13765,1.13712,1.13737,784410000
1645035300000,1.1374,1.13782,1.13737,1.13761,505330000
1645036200000,1.13766,1.13798,1.13766,1.1378,441760000
1645037100000,1.13779,1.13823,1.13739,1.13766,833560000
1645038000000,1.13765,1.13928,1.13701,1.13916,3505140000
1645038900000,1.13917,1.13957,1.13873,1.13912,1665780000
1645039800000,1.13911,1.13934,1.13834,1.13862,1347110000
1645040700000,1.13863,1.13904,1.13845,1.13902,713240000
1645041600000,1.13903,1.13934,1.13878,1.13882,678320000
1645042500000,1.13882,1.13891,1.13809,1.1384,1413870000
1645043400000,1.13839,1.13889,1.13829,1.13855,818070000
1645044300000,1.13856,1.13872,1.13804,1.13818,745380000
1645045200000,1.13819,1.13824,1.13766,1.13783,411780000
1645046100000,1.13781,1.1379,1.13725,1.13727,197700000
1645047000000,1.13729,1.13749,1.13725,1.13734,218540000
1645047900000,1.13735,1.13745,1.13718,1.13718,213030000
1645048800000,1.13717,1.13748,1.13713,1.13732,509660000
1645049700000,1.13733,1.13751,1.13731,1.13743,165150000
1645050600000,1.13743,1.13768,1.1374,1.13751,160580000
1645051500000,1.13751,1.13759,1.13751,1.13755,131390000
1645052400000,1.13753,1.1384,1.13748,1.13837,889960000
1645053300000,1.13839,1.13845,1.13794,1.13842,409760000
1645054200000,1.13843,1.13844,1.13722,1.13747,407230000
1645055100000,1.13747,1.13748,1.13669,1.13728,550570000
1645056000000,1.13726,1.13811,1.13726,1.13792,610690000
1645056900000,1.13795,1.13809,1.13777,1.13786,434750000
1645057800000,1.13786,1.13828,1.13782,1.13808,477560000
1645058700000,1.13809,1.13812,1.1378,1.13796,647730000
1645059600000,1.13795,1.13808,1.13756,1.13767,548680000
1645060500000,1.13768,1.13788,1.13753,1.13773,437730000
1645061400000,1.13774,1.13818,1.13738,1.13801,477870000
1645062300000,1.13801,1.13819,1.13793,1.13815,407860000
1645063200000,1.13816,1.13834,1.13787,1.13808,443310000
1645064100000,1.13806,1.1383,1.13789,1.13804,578250000
1645065000000,1.13804,1.13844,1.13796,1.13827,353080000
1645065900000,1.1383,1.13848,1.13824,1.13826,319360000
1645066800000,1.13826,1.1383,1.13786,1.13806,752270000
1645067700000,1.13804,1.13839,1.13802,1.13837,472990000
1645068600000,1.13836,1.13845,1.13816,1.13822,264260000
1645069500000,1.13824,1.13828,1.13293,1.13366,3679150000
1645070400000,1.13367,1.13642,1.1323,1.13543,5987950000
1645071300000,1.13542,1.13554,1.13397,1.13452,3953620000
1645072200000,1.13451,1.13525,1.13451,1.13504,1855300000
1645073100000,1.13506,1.13516,1.13421,1.13422,997510000
1645074000000,1.13421,1.13547,1.13421,1.13517,1602850000
1645074900000,1.13518,1.13583,1.13516,1.13568,669200000
1645075800000,1.13568,1.13593,1.13567,1.13585,519130000
1645076700000,1.13585,1.13594,1.13536,1.13563,552160000
1645077600000,1.13564,1.13584,1.13514,1.13548,658710000
1645078500000,1.13546,1.13719,1.13515,1.13716,1034550000
1645079400000,1.13717,1.13738,1.13523,1.13542,1996320000
1645080300000,1.13543,1.13646,1.13542,1.13602,1142660000
1645081200000,1.13602,1.13663,1.136,1.13635,1629120000
1645082100000,1.13633,1.13633,1.13571,1.13615,1314640000
1645083000000,1.13615,1.13704,1.13608,1.13697,1210700000
1645083900000,1.13699,1.13753,1.13688,1.1375,1139560000
1645084800000,1.1375,1.1384,1.1375,1.13794,2866040000
1645085700000,1.13799,1.1386,1.13529,1.13658,3794870000
1645086600000,1.13659,1.13728,1.13537,1.13695,4219750000
1645087500000,1.13696,1.13703,1.13495,1.13582,3492390000
1645088400000,1.13583,1.13637,1.13429,1.13434,2696380000
1645089300000,1.1343,1.13588,1.13429,1.13568,2041050000
1645090200000,1.13568,1.13607,1.13542,1.13584,1696590000
1645091100000,1.13584,1.13644,1.13546,1.13613,1936820000
1645092000000,1.13613,1.13618,1.1355,1.13613,1463500000
1645092900000,1.13613,1.13693,1.13588,1.13663,984720000
1645093800000,1.13662,1.13717,1.13641,1.13685,1062490000
1645094700000,1.13683,1.13765,1.13671,1.13753,975480000
1645095600000,1.13754,1.13794,1.13707,1.13784,1206080000
1645096500000,1.13787,1.13787,1.137,1.13705,982880000
1645097400000,1.13706,1.13715,1.13626,1.13666,840060000
1645098300000,1.13664,1.13698,1.13623,1.13657,1113660000
1645099200000,1.13657,1.13726,1.13654,1.13686,1141100000
1645100100000,1.13684,1.1376,1.13681,1.13746,874490000
1645101000000,1.13745,1.13767,1.13708,1.13747,1363250000
1645101900000,1.13745,1.13791,1.13712,1.13778,1252000000
1645102800000,1.13776,1.13788,1.13665,1.13695,2231680000
1645103700000,1.13695,1.13697,1.13579,1.13615,1809190000
1645104600000,1.13625,1.137,1.13599,1.13641,1840640000
1645105500000,1.1364,1.13665,1.13516,1.13592,2952310000
1645106400000,1.13591,1.13757,1.13589,1.13676,3437830000
1645107300000,1.13672,1.13706,1.13602,1.13665,3006450000
1645108200000,1.13666,1.13717,1.13581,1.13594,3157800000
1645109100000,1.13597,1.13623,1.13505,1.13592,3170940000
1645110000000,1.13592,1.13794,1.13583,1.13721,3334020000
1645110900000,1.13721,1.13725,1.13547,1.13618,1923360000
1645111800000,1.13615,1.13638,1.13566,1.13628,1434920000
1645112700000,1.13629,1.13715,1.13564,1.13692,2764620000
1645113600000,1.13693,1.13755,1.13679,1.1369,1638130000
1645114500000,1.13691,1.13698,1.13628,1.13674,1177080000
1645115400000,1.1367,1.13708,1.13651,1.137,606640000
1645116300000,1.13699,1.13699,1.13621,1.13627,898840000
1645117200000,1.13629,1.13645,1.13599,1.13609,980160000
1645118100000,1.13608,1.13695,1.13603,1.13625,690690000
1645119000000,1.13625,1.13668,1.13617,1.1364,527480000
1645119900000,1.13642,1.13662,1.13582,1.13591,567150000
1645120800000,1.13589,1.136,1.1357,1.13577,510900000
1645121700000,1.13576,1.1364,1.13573,1.13638,434670000
1645122600000,1.13636,1.13646,1.1361,1.13624,309070000
1645123500000,1.13625,1.13645,1.13614,1.13625,473140000
1645124400000,1.13624,1.1363,1.13603,1.13626,491170000
1645125300000,1.13627,1.13643,1.13617,1.13632,224410000
1645126200000,1.13634,1.1367,1.13634,1.13664,374400000
1645127100000,1.13663,1.13666,1.13626,1.13638,344710000
1645128000000,1.13639,1.13648,1.13568,1.13594,456930000
1645128900000,1.13596,1.13626,1.13583,1.13606,432700000
1645129800000,1.13605,1.13632,1.13601,1.13619,354710000
1645130700000,1.13622,1.13629,1.13592,1.13598,329080000
1645131600000,1.13597,1.13609,1.1359,1.13597,208590000
1645132500000,1.13598,1.13615,1.13592,1.13615,209310000
1645133400000,1.13614,1.13616,1.13593,1.13594,123560000
1645134300000,1.13597,1.13621,1.13588,1.13592,200300000
1645135200000,1.13584,1.13654,1.13572,1.1365,670240000
1645136100000,1.1365,1.13658,1.1358,1.13629,499889100
1645137000000,1.1363,1.13634,1.13615,1.13623,304202000
1645137900000,1.13623,1.13636,1.13599,1.13605,331565000
1645138800000,1.13608,1.13694,1.13597,1.1369,837740000
1645139700000,1.13687,1.13696,1.13667,1.13689,438360000
1645140600000,1.13691,1.13693,1.13665,1.13679,408830000
1645141500000,1.13678,1.13683,1.13637,1.13637,215630000
1645142400000,1.13636,1.13659,1.13595,1.13597,469990000
1645143300000,1.13596,1.13621,1.13589,1.13605,832560000
1645144200000,1.13605,1.13607,1.13586,1.13593,246690000
1645145100000,1.13592,1.13606,1.13579,1.13595,389420000
1645146000000,1.13593,1.13613,1.13577,1.13596,560710000
1645146900000,1.13596,1.13613,1.13589,1.13599,355710000
1645147800000,1.136,1.13702,1.13597,1.13649,2113800000
1645148700000,1.13649,1.13711,1.13607,1.13678,1457360000
1645149600000,1.13677,1.13712,1.13669,1.137,915040000
1645150500000,1.13701,1.13707,1.13671,1.13671,635740000
1645151400000,1.13673,1.13681,1.13624,1.13643,604550000
1645152300000,1.13644,1.13681,1.13642,1.13669,693670000
1645153200000,1.13669,1.13677,1.13639,1.13666,483740000
1645154100000,1.13665,1.1369,1.13658,1.13682,473470000
1645155000000,1.13681,1.137,1.13675,1.13682,534150000
1645155900000,1.13681,1.13681,1.13665,1.13672,1018860000
1645156800000,1.1367,1.13685,1.13664,1.13675,541510000
1645157700000,1.13677,1.13682,1.13669,1.13677,316210000
1645158600000,1.13676,1.1368,1.1366,1.13671,578530000
1645159500000,1.13672,1.13676,1.13628,1.13636,691900000
1645160400000,1.13639,1.13658,1.13639,1.13639,284180000
1645161300000,1.13639,1.13643,1.13612,1.13612,750240000
1645162200000,1.13611,1.13658,1.13611,1.13657,609450000
1645163100000,1.13657,1.13671,1.13657,1.13658,826320000
1645164000000,1.13658,1.13684,1.13655,1.13675,548620000
1645164900000,1.13672,1.13692,1.13663,1.13676,480050000
1645165800000,1.13675,1.13703,1.13667,1.13698,682420000
1645166700000,1.13699,1.13718,1.13685,1.13709,516050000
1645167600000,1.13707,1.13717,1.13672,1.13701,851290000
1645168500000,1.13702,1.13735,1.13693,1.13708,813020000
1645169400000,1.13706,1.13734,1.13676,1.13719,922870000
1645170300000,1.1372,1.13736,1.13678,1.13697,790050000
1645171200000,1.13696,1.13732,1.1366,1.13694,1652840000
1645172100000,1.13695,1.13734,1.13686,1.13722,1280420000
1645173000000,1.13721,1.13744,1.13702,1.13741,1573380000
1645173900000,1.1374,1.13769,1.13699,1.13755,1662170000
1645174800000,1.13755,1.13768,1.13683,1.13705,1406100000
1645175700000,1.13703,1.13717,1.13638,1.13667,1455040000
1645176600000,1.13668,1.13718,1.13648,1.13709,1370940000
1645177500000,1.1371,1.13724,1.13696,1.13709,1077020000
1645178400000,1.13709,1.13723,1.13625,1.13642,1313720000
1645179300000,1.13642,1.13683,1.13626,1.13661,963290000
1645180200000,1.13664,1.13685,1.13647,1.13666,1050740000
1645181100000,1.13665,1.13665,1.13605,1.1361,1035440000
1645182000000,1.13609,1.13621,1.13557,1.13582,885060000
1645182900000,1.1358,1.13589,1.13469,1.13476,1273660000
1645183800000,1.13478,1.13573,1.13472,1.13572,806410000
1645184700000,1.13571,1.13637,1.13557,1.13624,762870000
1645185600000,1.13623,1.13639,1.1359,1.13615,741040000
1645186500000,1.13615,1.13636,1.1359,1.13624,850400000
1645187400000,1.13623,1.13671,1.13621,1.13662,728650000
1645188300000,1.13665,1.13682,1.13573,1.13602,1181070000
1645189200000,1.13604,1.13615,1.13523,1.13533,1793470000
1645190100000,1.13534,1.1358,1.13497,1.13511,1852100000
1645191000000,1.13513,1.13614,1.13499,1.13584,1653320000
1645191900000,1.13585,1.13587,1.13478,1.1349,1598980000
1645192800000,1.1349,1.13515,1.13387,1.13402,1900260000
1645193700000,1.13401,1.13484,1.13393,1.13462,1466680000
1645194600000,1.13458,1.13486,1.13405,1.13424,1887000000
1645195500000,1.13423,1.13508,1.13421,1.13478,1323810000
1645196400000,1.1348,1.1354,1.13428,1.1348,1718840000
1645197300000,1.13482,1.13508,1.13408,1.1345,1440290000
1645198200000,1.13452,1.13452,1.13313,1.13321,1288830000
1645199100000,1.13325,1.13456,1.13274,1.13411,3484030000
1645200000000,1.13412,1.13422,1.13146,1.13222,3107930000
1645200900000,1.13223,1.13378,1.13219,1.13352,1618090000
1645201800000,1.13351,1.13378,1.13282,1.13312,1373210000
1645202700000,1.13312,1.13349,1.13255,1.13259,1180740000
1645203600000,1.13258,1.13293,1.13213,1.13232,1123030000
1645204500000,1.13233,1.13236,1.13165,1.13194,693870000
1645205400000,1.13197,1.13243,1.1314,1.1321,1242610000
1645206300000,1.13209,1.13254,1.13194,1.13222,620590000
1645207200000,1.13222,1.13269,1.13218,1.13258,572640000
1645208100000,1.13258,1.13319,1.13242,1.13293,372780000
1645209000000,1.13292,1.13309,1.13272,1.13288,249360000
1645209900000,1.13291,1.13323,1.13285,1.13299,367460000
1645210800000,1.13301,1.1332,1.13286,1.13286,496650000
1645211700000,1.13288,1.13328,1.13277,1.13313,455620000
1645212600000,1.13315,1.13356,1.13314,1.13324,461900000
1645213500000,1.13323,1.13342,1.1331,1.1331,401070000
1645214400000,1.13311,1.13317,1.13267,1.13272,466320000
1645215300000,1.13272,1.13314,1.13253,1.13284,537730000
1645216200000,1.13284,1.13284,1.13238,1.13271,470330000
1645217100000,1.13272,1.13296,1.13236,1.13243,725530000
1645218000000,1.13245,1.13267,1.13245,1.13264,109570000
1645218900000,1.13265,1.13293,1.13254,1.13272,272730000
1645219800000,1.13273,1.13294,1.13249,1.13255,397980000
1645220700000,1.13254,1.13263,1.13196,1.13203,1113870000
1645394400000,1.13186,1.13253,1.13175,1.13205,112910000
1645395300000,1.13205,1.13227,1.13205,1.13208,189640000
1645396200000,1.13207,1.13233,1.13205,1.13212,322985000
1645397100000,1.13207,1.13226,1.13192,1.13198,141047500
1645398000000,1.13199,1.13218,1.13157,1.13218,1203162000
1645398900000,1.13219,1.13235,1.13145,1.13145,994350000
1645399800000,1.13144,1.13169,1.13131,1.13163,269290000
1645400700000,1.13163,1.13196,1.1316,1.13164,810460000
1645401600000,1.1317,1.1319,1.1313,1.13183,430990000
1645402500000,1.1319,1.13202,1.13144,1.13151,340260000
1645403400000,1.13153,1.13198,1.13149,1.13193,175140000
1645404300000,1.13192,1.13356,1.13184,1.13325,1146560000
1645405200000,1.13326,1.13365,1.13279,1.1334,1015970000
1645406100000,1.13342,1.13357,1.13304,1.13349,932710000
1645407000000,1.13347,1.13499,1.13344,1.13483,1272820000
1645407900000,1.13486,1.13579,1.13485,1.13532,1185110000
1645408800000,1.13533,1.13565,1.13528,1.13556,775020000
1645409700000,1.13553,1.13561,1.13532,1.13551,626440000
1645410600000,1.13552,1.13579,1.13534,1.13553,598870000
1645411500000,1.13551,1.13581,1.13545,1.13571,604860000
1645412400000,1.1357,1.13592,1.1357,1.13586,217730000
1645413300000,1.13587,1.13679,1.13586,1.13653,784120000
1645414200000,1.13654,1.13654,1.13619,1.1362,527430000
1645415100000,1.1362,1.13623,1.13602,1.13607,259000000
1645416000000,1.13606,1.13627,1.13603,1.13606,363040000
1645416900000,1.13605,1.13614,1.13585,1.13588,220410000
1645417800000,1.13588,1.13615,1.13582,1.13615,240230000
1645418700000,1.13614,1.13623,1.13588,1.13621,223070000
1645419600000,1.13621,1.13643,1.13607,1.1362,372940000
1645420500000,1.1362,1.13644,1.13618,1.13626,198980000
1645421400000,1.13625,1.13627,1.13613,1.13615,152180000
1645422300000,1.13615,1.13643,1.13611,1.13625,127520000
1645423200000,1.13625,1.13655,1.13623,1.13638,189570000
1645424100000,1.13639,1.13696,1.13637,1.1369,417500000
1645425000000,1.13689,1.13693,1.13652,1.13676,394400000
1645425900000,1.13675,1.13691,1.13662,1.13688,450280000
1645426800000,1.13689,1.13749,1.13679,1.13733,896360000
1645427700000,1.13734,1.13752,1.13706,1.13752,673930000
1645428600000,1.13752,1.13787,1.13732,1.13757,724120000
1645429500000,1.13758,1.13788,1.13735,1.13735,699990000
1645430400000,1.13734,1.13821,1.13733,1.13773,1176720000
1645431300000,1.13778,1.13905,1.13757,1.1377,1417920000
1645432200000,1.13766,1.13778,1.13611,1.13656,2470680000
1645433100000,1.13655,1.13704,1.13559,1.13565,1185270000
1645434000000,1.13564,1.13682,1.13539,1.1364,2067360000
1645434900000,1.1364,1.13648,1.13573,1.13648,1325470000
1645435800000,1.13647,1.1368,1.13607,1.13613,766350000
1645436700000,1.13615,1.13636,1.13576,1.13634,875790000
1645437600000,1.13633,1.13665,1.13599,1.13626,948520000
1645438500000,1.13625,1.13658,1.13605,1.13607,968740000
1645439400000,1.13607,1.13632,1.13598,1.13617,653170000
1645440300000,1.13617,1.13617,1.1355,1.13562,633740000
1645441200000,1.13563,1.13613,1.13551,1.13601,648720000
1645442100000,1.136,1.13613,1.13494,1.135,1232350000
1645443000000,1.135,1.13519,1.13456,1.13478,1464780000
1645443900000,1.13479,1.13513,1.1347,1.13477,1185120000
1645444800000,1.13477,1.13494,1.13421,1.13428,1052040000
1645445700000,1.13428,1.1349,1.13396,1.13464,932060000
1645446600000,1.13465,1.13502,1.13389,1.13398,1133710000
1645447500000,1.13398,1.13402,1.13329,1.13343,1641110000
1645448400000,1.13341,1.13389,1.13318,1.13374,955620000
1645449300000,1.13374,1.13378,1.13269,1.1329,1160920000
1645450200000,1.13289,1.1336,1.13278,1.13283,1128840000
1645451100000,1.13281,1.13407,1.13205,1.13301,2493640000
1645452000000,1.13298,1.13378,1.1325,1.13364,1950540000
1645452900000,1.13363,1.13458,1.13363,1.13376,2108680000
1645453800000,1.13378,1.134,1.1329,1.13311,1518760000
1645454700000,1.13308,1.13355,1.13292,1.13336,1127860000
1645455600000,1.13334,1.13446,1.13314,1.1334,1243820000
1645456500000,1.13341,1.13378,1.13258,1.13315,1265230000
1645457400000,1.13314,1.134,1.13298,1.13384,1007700000
1645458300000,1.13387,1.13415,1.13333,1.13361,1802720000
1645459200000,1.1336,1.13403,1.13348,1.13384,1131740000
1645460100000,1.13384,1.134,1.13362,1.13387,732980000
1645461000000,1.13388,1.13424,1.13377,1.13418,583870000
1645461900000,1.13415,1.13468,1.13401,1.13463,694300000
1645462800000,1.13464,1.1349,1.13426,1.13426,550900000
1645463700000,1.13426,1.13466,1.13393,1.13434,519070000
1645464600000,1.13432,1.1344,1.13376,1.13376,407930000
1645465500000,1.13379,1.13397,1.13355,1.13361,526060000
1645466400000,1.13362,1.13428,1.13249,1.1326,723300000
1645467300000,1.13257,1.13257,1.13172,1.13233,540850000
1645468200000,1.13236,1.13287,1.13224,1.13224,475610000
1645469100000,1.13225,1.1325,1.13169,1.1317,861240000
1645470000000,1.1317,1.13171,1.13088,1.13088,1454000000
1645470900000,1.13088,1.13109,1.13064,1.13085,1112490000
1645471800000,1.13087,1.13138,1.1307,1.13136,1295960000
1645472700000,1.13138,1.13203,1.13138,1.13182,1040070000
1645473600000,1.13184,1.13186,1.13088,1.13096,434930000
1645474500000,1.13097,1.13109,1.1308,1.1309,323020000
1645475400000,1.13089,1.13114,1.13072,1.1311,370310000
1645476300000,1.13113,1.13149,1.13113,1.13147,260250000
1645477200000,1.13145,1.13186,1.13141,1.13156,538020000
1645478100000,1.13157,1.13185,1.13128,1.13131,477660000
1645479000000,1.13131,1.13161,1.13079,1.13105,541940000
1645479900000,1.13105,1.13135,1.13075,1.13078,622590000
1645480800000,1.13074,1.13124,1.13074,1.1309,352470000
1645481700000,1.1309,1.13099,1.13081,1.13089,342390000
1645482600000,1.13089,1.13089,1.13072,1.13075,184290000
1645483500000,1.13075,1.13076,1.13066,1.13072,151280000
1645484400000,1.13072,1.13084,1.13016,1.13025,1106590000
1645485300000,1.13024,1.1303,1.12972,1.1301,609930000
1645486200000,1.13011,1.13067,1.12963,1.12988,649850000
1645487100000,1.12988,1.13092,1.12977,1.13092,504780000
1645488000000,1.13092,1.13143,1.1307,1.13121,668980000
1645488900000,1.13123,1.13173,1.13103,1.13165,773090000
1645489800000,1.13168,1.13189,1.13112,1.13177,656540000
1645490700000,1.1318,1.13197,1.13125,1.13136,766510000
1645491600000,1.13136,1.1316,1.13041,1.13042,1419940000
1645492500000,1.13046,1.1308,1.13013,1.13051,1193340000
1645493400000,1.1305,1.13087,1.13041,1.13055,775120000
1645494300000,1.13056,1.13058,1.12995,1.13036,1118980000
1645495200000,1.13036,1.13091,1.12977,1.13088,1045180000
1645496100000,1.13086,1.13094,1.13054,1.13054,479850000
1645497000000,1.13051,1.13073,1.1304,1.1306,509360000
1645497900000,1.13061,1.13077,1.13007,1.13045,749850000
1645498800000,1.13046,1.13046,1.12986,1.12987,738870000
1645499700000,1.12989,1.12999,1.12963,1.12994,515400000
1645500600000,1.12995,1.12996,1.1288,1.12939,1035380000
1645501500000,1.12939,1.12947,1.1291,1.12922,465620000
1645502400000,1.12922,1.12973,1.12922,1.12963,454060000
1645503300000,1.12963,1.13002,1.12963,1.1299,498420000
1645504200000,1.12989,1.12996,1.12978,1.12983,414700000
1645505100000,1.12983,1.13001,1.12927,1.12984,572360000
1645506000000,1.12984,1.1303,1.12975,1.13016,539790000
1645506900000,1.13016,1.13078,1.13015,1.13072,496610000
1645507800000,1.13072,1.13073,1.13049,1.13059,617890000
1645508700000,1.13061,1.13091,1.13057,1.13066,580520000
1645509600000,1.13067,1.13071,1.12995,1.13001,769260000
1645510500000,1.13,1.1308,1.13,1.13073,652160000
1645511400000,1.13074,1.13099,1.13046,1.13078,802350000
1645512300000,1.13078,1.13125,1.12997,1.1304,1249830000
1645513200000,1.13041,1.13054,1.13004,1.13038,1492430000
1645514100000,1.13035,1.13043,1.12925,1.12964,2233820000
1645515000000,1.12964,1.12992,1.12939,1.12977,1802330000
1645515900000,1.12976,1.13056,1.12966,1.12966,2027620000
1645516800000,1.12965,1.13122,1.12929,1.13112,3029340000
1645517700000,1.13113,1.13262,1.13085,1.13215,2956660000
1645518600000,1.13216,1.13233,1.13128,1.13216,2393430000
1645519500000,1.13217,1.13278,1.13188,1.13257,1960640000
1645520400000,1.13258,1.13343,1.13233,1.13296,1911790000
1645521300000,1.13297,1.13367,1.13296,1.13349,1637470000
1645522200000,1.13351,1.13352,1.13265,1.13274,1481010000
1645523100000,1.13274,1.13278,1.13147,1.13193,1783280000
1645524000000,1.13194,1.13321,1.13183,1.13316,1378860000
1645524900000,1.13317,1.13437,1.13309,1.13401,1899100000
1645525800000,1.13399,1.13447,1.13348,1.13423,2070570000
1645526700000,1.13424,1.13667,1.13412,1.13522,3974520000
1645527600000,1.13524,1.13551,1.13496,1.13522,2210610000
1645528500000,1.13525,1.13586,1.13517,1.13529,1961130000
1645529400000,1.13527,1.1354,1.1337,1.1343,1594950000
1645530300000,1.13431,1.13496,1.13416,1.1346,1811130000
1645531200000,1.13461,1.13541,1.1343,1.13534,1605840000
1645532100000,1.13538,1.13592,1.13523,1.13539,1555130000
1645533000000,1.13537,1.1355,1.13476,1.13535,1181110000
1645533900000,1.13533,1.13554,1.13466,1.13509,2123430000
1645534800000,1.13508,1.13535,1.13414,1.13418,1875770000
1645535700000,1.13419,1.13494,1.13409,1.13472,1332020000
1645536600000,1.13473,1.13488,1.13406,1.13408,1298140000
1645537500000,1.13407,1.13441,1.1337,1.13411,1065660000
1645538400000,1.1341,1.13467,1.1338,1.13394,1410800000
1645539300000,1.13393,1.1342,1.1337,1.13396,1236970000
1645540200000,1.13399,1.13437,1.13355,1.13428,1784300000
1645541100000,1.13429,1.13481,1.13392,1.13465,1799120000
1645542000000,1.13466,1.13503,1.1339,1.1345,2124840000
1645542900000,1.1345,1.13467,1.13319,1.1332,1774580000
1645543800000,1.13319,1.13415,1.13306,1.1341,1862530000
1645544700000,1.13411,1.13498,1.13323,1.13352,3273450000
1645545600000,1.13355,1.1343,1.13311,1.13362,2397250000
1645546500000,1.13363,1.13455,1.13345,1.1341,1501400000
1645547400000,1.13409,1.1348,1.13405,1.13447,1298090000
1645548300000,1.13448,1.13539,1.13423,1.13434,1431940000
1645549200000,1.13431,1.13431,1.13338,1.13347,773630000
1645550100000,1.13347,1.13347,1.13249,1.13292,742990000
1645551000000,1.1329,1.13349,1.13286,1.13307,648820000
1645551900000,1.13306,1.13341,1.13303,1.13336,447710000
1645552800000,1.13336,1.1338,1.13327,1.13353,623040000
1645553700000,1.13352,1.13356,1.13276,1.13287,695690000
1645554600000,1.13287,1.1332,1.13285,1.13304,333330000
1645555500000,1.13302,1.13304,1.13252,1.13288,463550000
1645556400000,1.13287,1.13287,1.13245,1.13271,430240000
1645557300000,1.1327,1.13331,1.1322,1.13285,1666880000
1645558200000,1.13284,1.13355,1.13265,1.13303,1312190000
1645559100000,1.13302,1.13412,1.13266,1.13346,1083210000
1645560000000,1.13346,1.13401,1.13346,1.13393,702730000
1645560900000,1.13395,1.1341,1.13367,1.13395,667280000
1645561800000,1.13392,1.13394,1.13361,1.13369,451380000
1645562700000,1.1337,1.1337,1.13234,1.1324,1180920000
1645563600000,1.13239,1.13293,1.13239,1.13275,387240000
1645564500000,1.13276,1.13287,1.13258,1.13262,131320000
1645565400000,1.13261,1.13281,1.13248,1.13261,218560000
1645566300000,1.13262,1.13282,1.13229,1.1324,245350000
1645567200000,1.13229,1.13274,1.13229,1.13268,147490000
1645568100000,1.13267,1.13275,1.13267,1.13271,220950000
1645569000000,1.13272,1.13288,1.1327,1.13274,63430000
1645569900000,1.13271,1.13271,1.13247,1.13257,299470000
1645570800000,1.13256,1.1331,1.13255,1.13299,306020000
1645571700000,1.13296,1.13301,1.13272,1.13301,257110000
1645572600000,1.13302,1.13304,1.13268,1.13297,231910000
1645573500000,1.13298,1.13304,1.13286,1.13287,135970000
1645574400000,1.13286,1.13338,1.13283,1.1332,317480000
1645575300000,1.13321,1.13354,1.13321,1.13333,300850000
1645576200000,1.13332,1.13351,1.13323,1.13328,271640000
1645577100000,1.13328,1.13343,1.13328,1.13331,242750000
1645578000000,1.1333,1.13346,1.13309,1.13321,634810000
1645578900000,1.13322,1.13342,1.13318,1.13339,354100000
1645579800000,1.13338,1.13339,1.13301,1.13307,554360000
1645580700000,1.13307,1.13358,1.13293,1.13347,510410000
1645581600000,1.13349,1.13387,1.13333,1.13333,397400000
1645582500000,1.13333,1.13333,1.13277,1.13279,423590000
1645583400000,1.13279,1.13279,1.13229,1.13231,506420000
1645584300000,1.13231,1.13242,1.13203,1.13224,647690000
1645585200000,1.13223,1.1323,1.13199,1.13223,244140000
1645586100000,1.13221,1.13251,1.13221,1.13248,221560000
1645587000000,1.13247,1.13265,1.1323,1.13235,196340000
1645587900000,1.13236,1.13257,1.13233,1.13257,162580000
1645588800000,1.13258,1.1326,1.13238,1.13247,209000000
1645589700000,1.13249,1.13262,1.13246,1.13246,144800000
1645590600000,1.13245,1.13253,1.13231,1.13231,147620000
1645591500000,1.13232,1.13255,1.13232,1.13254,274730000
1645592400000,1.13254,1.13301,1.13254,1.1327,423350000
1645593300000,1.13268,1.13273,1.13225,1.1323,454960000
1645594200000,1.13231,1.13247,1.13226,1.13229,220670000
1645595100000,1.13228,1.13257,1.13218,1.13255,370440000
1645596000000,1.13254,1.13296,1.13254,1.13295,248920000
1645596900000,1.13295,1.13304,1.13252,1.13274,395260000
1645597800000,1.13272,1.13282,1.13261,1.13263,260220000
1645598700000,1.13263,1.13275,1.13219,1.1322,399840000
1645599600000,1.13221,1.13224,1.13159,1.13214,853320000
1645600500000,1.13213,1.13253,1.13206,1.13231,881610000
1645601400000,1.1323,1.13399,1.13214,1.13377,1250380000
1645602300000,1.13379,1.13427,1.13346,1.13398,1117540000
1645603200000,1.13398,1.13422,1.13356,1.13372,1491690000
1645604100000,1.13373,1.13412,1.13339,1.1339,1034970000
1645605000000,1.13391,1.13443,1.13378,1.13442,937700000
1645605900000,1.13439,1.13474,1.13425,1.13474,1081190000
1645606800000,1.13472,1.13491,1.13449,1.13485,1143320000
1645607700000,1.13484,1.13485,1.13441,1.13447,1081020000
1645608600000,1.1345,1.13463,1.13377,1.13446,1197570000
1645609500000,1.13448,1.13588,1.13422,1.13557,1389720000
1645610400000,1.13554,1.13577,1.13498,1.1351,1440070000
1645611300000,1.13509,1.13581,1.13504,1.13547,1134840000
1645612200000,1.13547,1.13577,1.13536,1.13544,836910000
1645613100000,1.13545,1.13581,1.13503,1.13511,1516200000
1645614000000,1.13511,1.13528,1.13458,1.1346,1162700000
1645614900000,1.13459,1.13484,1.13412,1.13422,1361000000
1645615800000,1.1342,1.13447,1.13405,1.13411,936470000
1645616700000,1.13411,1.13451,1.134,1.13403,830690000
1645617600000,1.13402,1.13449,1.13399,1.13431,1059710000
1645618500000,1.13432,1.13461,1.13418,1.1343,991670000
1645619400000,1.13429,1.13488,1.13421,1.13424,846610000
1645620300000,1.13422,1.13442,1.13369,1.13374,1214010000
1645621200000,1.13376,1.13464,1.13364,1.1344,1139740000
1645622100000,1.1344,1.1347,1.13416,1.1347,972760000
1645623000000,1.13471,1.13496,1.13446,1.13488,1079190000
1645623900000,1.13487,1.13523,1.13469,1.13514,1103920000
1645624800000,1.13514,1.13518,1.13435,1.13456,1268730000
1645625700000,1.13458,1.13481,1.13375,1.13407,1122620000
1645626600000,1.13406,1.13425,1.1338,1.1341,1539340000
1645627500000,1.13413,1.13443,1.133,1.13334,2180710000
1645628400000,1.13335,1.13377,1.13263,1.13283,1941920000
1645629300000,1.13283,1.13289,1.13214,1.13246,1443920000
1645630200000,1.13246,1.13313,1.13231,1.13295,1322270000
1645631100000,1.13292,1.13292,1.13206,1.13243,2026950000
1645632000000,1.13242,1.13261,1.13106,1.13115,1712490000
1645632900000,1.13117,1.13202,1.13058,1.13195,1336480000
1645633800000,1.13193,1.13197,1.1313,1.13133,846550000
1645634700000,1.13134,1.13176,1.13102,1.1314,1162030000
1645635600000,1.13139,1.13184,1.13137,1.13157,657890000
1645636500000,1.13156,1.13157,1.13125,1.13148,490900000
1645637400000,1.13149,1.13171,1.13099,1.13128,399450000
1645638300000,1.13128,1.13151,1.13076,1.13124,661300000
1645639200000,1.13123,1.13124,1.1307,1.13087,571520000
1645640100000,1.13087,1.13093,1.13044,1.13054,495590000
1645641000000,1.13056,1.131,1.13038,1.13081,509120000
1645641900000,1.13082,1.13109,1.13045,1.13091,456480000
1645642800000,1.13091,1.13121,1.13083,1.13105,499680000
1645643700000,1.13106,1.13113,1.13065,1.13092,362740000
1645644600000,1.13091,1.13101,1.13045,1.13045,323350000
1645645500000,1.13044,1.13097,1.13037,1.13076,521470000
1645646400000,1.13075,1.13104,1.1307,1.13089,344800000
1645647300000,1.13086,1.13101,1.13044,1.1306,395350000
1645648200000,1.13058,1.13066,1.13011,1.13026,449360000
1645649100000,1.13027,1.13052,1.13012,1.13051,365840000
1645650000000,1.13051,1.13076,1.13041,1.13051,253380000
1645650900000,1.1305,1.13073,1.13028,1.13046,240880000
1645651800000,1.13046,1.13054,1.1303,1.13035,234680000
1645652700000,1.13034,1.13048,1.13021,1.13027,250690000
1645653600000,1.13036,1.13087,1.13036,1.1305,573416000
1645654500000,1.13051,1.13066,1.13045,1.13045,413060400
1645655400000,1.13045,1.13053,1.13038,1.1304,394050000
1645656300000,1.13039,1.13056,1.13027,1.13027,211840000
1645657200000,1.13028,1.13045,1.13005,1.13012,637080000
1645658100000,1.13011,1.13033,1.13001,1.13029,363950000
1645659000000,1.13029,1.13086,1.13029,1.13073,273230000
1645659900000,1.13072,1.13073,1.1304,1.13053,261710000
1645660800000,1.13055,1.1306,1.12983,1.13002,736330000
1645661700000,1.13003,1.13004,1.12916,1.1292,678510000
1645662600000,1.12918,1.12943,1.12867,1.12888,1138660000
1645663500000,1.12887,1.12893,1.12749,1.1276,1188190000
1645664400000,1.12763,1.12856,1.12763,1.12821,1719840000
1645665300000,1.12819,1.12873,1.12801,1.12837,1291510000
1645666200000,1.12834,1.12877,1.12815,1.12848,1202400000
1645667100000,1.12845,1.12942,1.12821,1.1293,1799550000
1645668000000,1.12932,1.12939,1.12874,1.12889,2175740000
1645668900000,1.1289,1.12907,1.12812,1.12819,1814520000
1645669800000,1.1282,1.12853,1.12807,1.12837,922840000
1645670700000,1.12835,1.12851,1.12648,1.1273,2905560000
1645671600000,1.12728,1.12788,1.12648,1.12689,2755280000
1645672500000,1.12689,1.12698,1.1256,1.12581,2566390000
1645673400000,1.12582,1.126,1.12411,1.12415,3445960000
1645674300000,1.12415,1.12471,1.12348,1.1238,3537270000
1645675200000,1.12379,1.12429,1.1216,1.12198,3540680000
1645676100000,1.12197,1.1224,1.12083,1.1222,3412050000
1645677000000,1.1222,1.12315,1.12179,1.1226,2854820000
1645677900000,1.12259,1.1249,1.12225,1.12453,2735700000
1645678800000,1.12452,1.12461,1.1227,1.12343,2918890000
1645679700000,1.12345,1.12398,1.12334,1.12356,1611910000
1645680600000,1.12356,1.12361,1.12206,1.12276,2519610000
1645681500000,1.12276,1.12389,1.12255,1.12377,1853230000
1645682400000,1.12376,1.12482,1.12375,1.12454,1459810000
1645683300000,1.12457,1.12533,1.12442,1.12496,1769420000
1645684200000,1.12496,1.12497,1.12386,1.12405,1513260000
1645685100000,1.12405,1.12469,1.1232,1.12452,1672690000
1645686000000,1.12449,1.12556,1.12408,1.1252,3702770000
1645686900000,1.12522,1.12523,1.12358,1.12368,3124780000
1645687800000,1.12367,1.12528,1.12353,1.12509,3738620000
1645688700000,1.12507,1.12541,1.1242,1.1245,3404210000
1645689600000,1.12451,1.12624,1.1243,1.12554,4749200000
1645690500000,1.12553,1.12593,1.12489,1.12531,3929330000
1645691400000,1.12528,1.12528,1.12334,1.12365,3525510000
1645692300000,1.12367,1.1249,1.12331,1.12397,3050790000
1645693200000,1.12399,1.12503,1.12388,1.1247,3008920000
1645694100000,1.12469,1.12504,1.12387,1.1243,2740120000
1645695000000,1.12431,1.12453,1.12217,1.12283,3353080000
1645695900000,1.12284,1.12311,1.12088,1.12112,3467340000
1645696800000,1.12111,1.12122,1.11938,1.12041,3461390000
1645697700000,1.12044,1.12049,1.11803,1.11851,3693020000
1645698600000,1.11851,1.11855,1.11632,1.11793,3426960000
1645699500000,1.11796,1.11822,1.11676,1.11781,2504350000
1645700400000,1.1178,1.11806,1.11684,1.11779,3161130000
1645701300000,1.11777,1.11779,1.11551,1.11599,3545210000
1645702200000,1.11603,1.11767,1.11555,1.11756,2975870000
1645703100000,1.11757,1.11798,1.11698,1.11741,3184270000
1645704000000,1.11742,1.11752,1.11614,1.11719,3279260000
1645704900000,1.11721,1.11818,1.11692,1.11812,2514320000
1645705800000,1.11811,1.11848,1.11651,1.117,2991500000
1645706700000,1.11699,1.11757,1.11664,1.11703,2730780000
1645707600000,1.11702,1.11776,1.11621,1.11632,3232380000
1645708500000,1.11637,1.11693,1.11613,1.1166,2464520000
1645709400000,1.11661,1.11801,1.11625,1.11638,2552620000
1645710300000,1.11641,1.11667,1.11528,1.11619,3580810000
1645711200000,1.11616,1.11712,1.11571,1.11581,3579740000
1645712100000,1.11579,1.11588,1.11463,1.11527,3085180000
1645713000000,1.11525,1.11625,1.11461,1.1147,3339180000
1645713900000,1.1147,1.11547,1.11442,1.11467,3202270000
1645714800000,1.11468,1.11504,1.11387,1.11412,3205130000
1645715700000,1.11411,1.11416,1.11307,1.1132,3331170000
1645716600000,1.11319,1.11358,1.11263,1.11286,2381950000
1645717500000,1.11287,1.11305,1.1108,1.11096,3175010000
1645718400000,1.11094,1.11478,1.11062,1.11466,5488150000
1645719300000,1.11464,1.1157,1.11336,1.11441,3592470000
1645720200000,1.1144,1.11498,1.11359,1.11429,2111140000
1645721100000,1.1143,1.11545,1.1137,1.11499,1762360000
1645722000000,1.11501,1.11548,1.11414,1.11484,1668220000
1645722900000,1.11482,1.11734,1.11408,1.117,1716310000
1645723800000,1.11699,1.11785,1.11672,1.11697,2177760000
1645724700000,1.11696,1.11736,1.11623,1.11664,1462690000
1645725600000,1.11666,1.11718,1.11599,1.11684,1227290000
1645726500000,1.11686,1.11717,1.11628,1.11683,1082250000
1645727400000,1.11682,1.11773,1.11659,1.11752,1216820000
1645728300000,1.11751,1.12067,1.11729,1.11906,3303050000
1645729200000,1.11907,1.11996,1.11841,1.11977,3710500000
1645730100000,1.11976,1.12003,1.1186,1.11867,2241330000
1645731000000,1.11865,1.12123,1.1185,1.12116,2252940000
1645731900000,1.12115,1.12119,1.11852,1.11874,2658240000
1645732800000,1.11875,1.12035,1.11845,1.12035,2037860000
1645733700000,1.12036,1.12212,1.12028,1.12096,1412850000
1645734600000,1.12095,1.12161,1.12007,1.12017,2713590000
1645735500000,1.12017,1.12099,1.11989,1.11996,1160810000
1645736400000,1.11999,1.1205,1.11991,1.11992,595280000
1645737300000,1.11991,1.11993,1.11939,1.11952,360600000
1645738200000,1.11955,1.11971,1.1191,1.11925,332620000
1645739100000,1.11924,1.11947,1.11912,1.11914,608100000
1645740000000,1.11912,1.11921,1.11912,1.11921,40400000
1645740900000,1.11921,1.11983,1.11918,1.11969,174135000
1645741800000,1.11973,1.12031,1.11961,1.11979,1316190000
1645742700000,1.11979,1.12003,1.11961,1.11968,499910000
1645743600000,1.11967,1.11999,1.11937,1.11998,622550000
1645744500000,1.11999,1.12002,1.11948,1.11952,249880000
1645745400000,1.11953,1.11953,1.11897,1.11925,244050000
1645746300000,1.11926,1.11931,1.11899,1.11905,187830000
1645747200000,1.11906,1.11915,1.11864,1.11896,682610000
1645748100000,1.11897,1.12051,1.1188,1.1205,667660000
1645749000000,1.12051,1.12089,1.12037,1.12044,681760000
1645749900000,1.12044,1.12094,1.1195,1.12014,1558430000
1645750800000,1.12018,1.12019,1.11895,1.12015,2752630000
1645751700000,1.12015,1.12057,1.11913,1.11964,2270100000
1645752600000,1.11965,1.12004,1.11926,1.11973,2333380000
1645753500000,1.11972,1.12036,1.11965,1.12033,1906600000
1645754400000,1.12032,1.12056,1.11989,1.11992,1112840000
1645755300000,1.1199,1.12096,1.11985,1.12086,738000000
1645756200000,1.12089,1.12099,1.12018,1.12048,811240000
1645757100000,1.1205,1.12141,1.12047,1.12136,947870000
1645758000000,1.12135,1.12135,1.12065,1.12068,734100000
1645758900000,1.12069,1.12102,1.12052,1.12085,650950000
1645759800000,1.12084,1.12165,1.12061,1.1214,953240000
1645760700000,1.12141,1.12178,1.12136,1.12172,819110000
1645761600000,1.12172,1.12214,1.1216,1.122,1018800000
1645762500000,1.12201,1.12265,1.1217,1.12265,977590000
1645763400000,1.12265,1.12285,1.12211,1.12237,864050000
1645764300000,1.12238,1.1224,1.12167,1.12214,1239410000
1645765200000,1.12213,1.12232,1.12165,1.1217,944640000
1645766100000,1.1217,1.12188,1.12142,1.12157,878780000
1645767000000,1.12155,1.12196,1.12152,1.12187,379860000
1645767900000,1.12186,1.12256,1.12184,1.12254,560720000
1645768800000,1.12254,1.12254,1.12151,1.12152,938310000
1645769700000,1.12152,1.12194,1.1215,1.12189,737020000
1645770600000,1.1219,1.1219,1.12109,1.12109,1037910000
1645771500000,1.12108,1.12111,1.12008,1.12018,1283700000
1645772400000,1.12017,1.12069,1.11968,1.12053,2151370000
1645773300000,1.12054,1.12135,1.12054,1.121,1779170000
1645774200000,1.12098,1.12119,1.12059,1.12065,1824010000
1645775100000,1.12064,1.1222,1.12064,1.121,2868050000
1645776000000,1.12102,1.12151,1.11872,1.11882,3702990000
1645776900000,1.11882,1.11898,1.11763,1.11788,2971350000
1645777800000,1.11787,1.11857,1.11744,1.11759,2995950000
1645778700000,1.11759,1.11807,1.11701,1.11775,2444410000
1645779600000,1.11774,1.11859,1.11714,1.11853,2439670000
1645780500000,1.11853,1.11881,1.11726,1.11753,2543540000
1645781400000,1.11753,1.11781,1.11698,1.11742,2358670000
1645782300000,1.11743,1.11844,1.11695,1.11813,1815530000
1645783200000,1.11812,1.11832,1.11735,1.11771,1830840000
1645784100000,1.1177,1.11831,1.11711,1.11742,1975760000
1645785000000,1.11746,1.11788,1.11659,1.1177,1861190000
1645785900000,1.11771,1.11802,1.11736,1.11802,1655320000
1645786800000,1.11801,1.11837,1.11702,1.11713,1499880000
1645787700000,1.11714,1.1177,1.11682,1.11762,1285450000
1645788600000,1.11764,1.118,1.1174,1.11788,1424030000
1645789500000,1.11783,1.1187,1.1177,1.11851,1580660000
1645790400000,1.11853,1.12081,1.11837,1.12067,1761190000
1645791300000,1.12065,1.12185,1.12031,1.12077,2068070000
1645792200000,1.12077,1.1209,1.12026,1.12064,1833390000
1645793100000,1.12065,1.12369,1.12051,1.12211,6949930000
1645794000000,1.12213,1.1226,1.12139,1.12142,3688220000
1645794900000,1.12142,1.12294,1.12118,1.12282,3069630000
1645795800000,1.12283,1.12314,1.1216,1.12198,2946260000
1645796700000,1.12198,1.12415,1.12194,1.12366,2752850000
1645797600000,1.12366,1.12385,1.12213,1.12213,2688410000
1645798500000,1.12215,1.12264,1.12185,1.12222,2016560000
1645799400000,1.12223,1.12392,1.12222,1.12364,2655380000
1645800300000,1.12365,1.12497,1.123,1.12324,3113500000
1645801200000,1.12325,1.12494,1.12318,1.12415,3668480000
1645802100000,1.12411,1.12468,1.12354,1.12423,3213020000
1645803000000,1.12426,1.12453,1.12335,1.12434,2200090000
1645803900000,1.12433,1.12509,1.1241,1.1244,2403460000
1645804800000,1.12442,1.12486,1.12386,1.1248,2012190000
1645805700000,1.12482,1.12669,1.12482,1.12579,1746330000
1645806600000,1.12582,1.12586,1.1243,1.12466,1503620000
1645807500000,1.12467,1.12645,1.12466,1.12591,1643180000
1645808400000,1.12591,1.1262,1.12488,1.12501,1097480000
1645809300000,1.12502,1.12544,1.12465,1.12485,1166840000
1645810200000,1.12487,1.12487,1.12398,1.12413,810250000
1645811100000,1.12414,1.12417,1.1235,1.12407,969840000
1645812000000,1.12408,1.12468,1.12408,1.12447,605110000
1645812900000,1.12444,1.12525,1.12444,1.1252,678370000
1645813800000,1.12521,1.12589,1.12518,1.12584,664940000
1645814700000,1.12584,1.12604,1.12542,1.12568,894840000
1645815600000,1.1257,1.12581,1.12526,1.12537,599620000
1645816500000,1.12536,1.12608,1.12521,1.12596,566300000
1645817400000,1.12597,1.12615,1.12547,1.12569,546500000
1645818300000,1.12569,1.12658,1.12497,1.12634,844950000
1645819200000,1.12633,1.12687,1.12581,1.12602,811930000
1645820100000,1.12601,1.12644,1.1259,1.12612,564340000
1645821000000,1.12613,1.12698,1.12608,1.12673,1097030000
1645821900000,1.12674,1.12711,1.12649,1.12656,957970000
1645822800000,1.12657,1.12702,1.12643,1.12667,505340000
1645823700000,1.12667,1.12728,1.1265,1.12728,269530000
1645824600000,1.12728,1.12739,1.12712,1.12726,329400000
1645825500000,1.12728,1.12738,1.12691,1.12719,1197760000
1645999200000,1.11237,1.11544,1.11225,1.11491,3838950000
1646000100000,1.11491,1.11581,1.1147,1.11497,2035260000
1646001000000,1.11497,1.115,1.11452,1.11481,1045220000
1646001900000,1.1148,1.11566,1.11463,1.11502,3022640000
1646002800000,1.11504,1.11612,1.11488,1.11598,5230730000
1646003700000,1.11597,1.11738,1.11568,1.11662,5669010000
1646004600000,1.11666,1.11882,1.11645,1.118,4825110000
1646005500000,1.11796,1.11837,1.11775,1.118,1784610000
1646006400000,1.11801,1.11935,1.11774,1.11871,2750780000
1646007300000,1.11872,1.11885,1.11796,1.1183,2040320000
1646008200000,1.11831,1.11905,1.11831,1.11896,1860480000
1646009100000,1.11896,1.11944,1.11797,1.11817,1890250000
1646010000000,1.11818,1.11859,1.11741,1.11805,3673770000
1646010900000,1.11803,1.11844,1.11675,1.11681,3800300000
1646011800000,1.11682,1.11698,1.1159,1.11676,2756770000
1646012700000,1.11674,1.11765,1.11637,1.11708,2953590000
1646013600000,1.11708,1.11737,1.11618,1.11618,2011990000
1646014500000,1.11619,1.11697,1.11619,1.11659,1287800000
1646015400000,1.11658,1.11684,1.11558,1.1156,2130420000
1646016300000,1.11561,1.11578,1.1146,1.1157,3002700000
1646017200000,1.11569,1.11594,1.11489,1.11492,1824180000
1646018100000,1.11491,1.11548,1.11489,1.11504,1030730000
1646019000000,1.11505,1.11605,1.11505,1.11588,1164110000
1646019900000,1.11589,1.11595,1.11503,1.11507,1095310000
1646020800000,1.11508,1.11528,1.11458,1.11459,883470000
1646021700000,1.1146,1.11481,1.11445,1.11477,634480000
1646022600000,1.11478,1.1149,1.11461,1.11477,706890000
1646023500000,1.11476,1.1148,1.11421,1.11458,786850000
1646024400000,1.11462,1.11493,1.11461,1.11479,613290000
1646025300000,1.1148,1.11515,1.1146,1.11482,653510000
1646026200000,1.11482,1.11494,1.11445,1.11494,657680000
1646027100000,1.11493,1.11584,1.11492,1.11562,684870000
1646028000000,1.11562,1.11643,1.11543,1.11642,1079560000
1646028900000,1.11647,1.11681,1.11577,1.11652,1251220000
1646029800000,1.11649,1.11673,1.11586,1.1163,1214460000
1646030700000,1.11629,1.11665,1.11564,1.11586,1520130000
1646031600000,1.11587,1.11639,1.11555,1.11592,3049090000
1646032500000,1.11593,1.11871,1.11589,1.11806,3398070000
1646033400000,1.11807,1.12,1.11798,1.11914,3816220000
1646034300000,1.11915,1.11918,1.11833,1.11894,3352810000
1646035200000,1.11897,1.11963,1.11691,1.11725,4307180000
1646036100000,1.11725,1.1178,1.11648,1.1175,2914080000
1646037000000,1.1175,1.11842,1.11664,1.11669,2838810000
1646037900000,1.11667,1.11809,1.11639,1.11787,2554210000
1646038800000,1.11788,1.1184,1.11734,1.11768,2584980000
1646039700000,1.11769,1.11824,1.11649,1.11651,2391880000
1646040600000,1.11651,1.11842,1.11651,1.11817,2389970000
1646041500000,1.11816,1.11851,1.11751,1.11779,2089430000
1646042400000,1.11778,1.11895,1.11777,1.11859,1733030000
1646043300000,1.1186,1.11913,1.11839,1.11911,1766720000
1646044200000,1.1191,1.11929,1.11799,1.11881,2050150000
1646045100000,1.11882,1.12321,1.11849,1.1229,3901700000
1646046000000,1.12287,1.12288,1.12064,1.12163,3455940000
1646046900000,1.1216,1.12186,1.12099,1.12104,2252880000
1646047800000,1.12103,1.12111,1.12024,1.12027,1977740000
1646048700000,1.1203,1.12071,1.1189,1.1199,2020270000
1646049600000,1.11992,1.12018,1.11913,1.11936,1876430000
1646050500000,1.11935,1.12059,1.11913,1.12047,1577470000
1646051400000,1.12048,1.1208,1.11962,1.12028,1923040000
1646052300000,1.12026,1.12044,1.11928,1.11928,2445900000
1646053200000,1.11929,1.11999,1.11907,1.11987,2328150000
1646054100000,1.11987,1.11989,1.11791,1.11821,2342540000
1646055000000,1.11823,1.12124,1.11823,1.12119,3240660000
1646055900000,1.12119,1.12167,1.12054,1.12125,2362030000
1646056800000,1.12127,1.12156,1.12047,1.12067,1862610000
1646057700000,1.12066,1.12156,1.12052,1.12128,1574680000
1646058600000,1.12127,1.12292,1.12099,1.12248,2580740000
1646059500000,1.12248,1.12296,1.12219,1.12219,2327790000
1646060400000,1.12219,1.12363,1.12203,1.12228,2581690000
1646061300000,1.12227,1.12324,1.12134,1.12149,2403090000
1646062200000,1.12148,1.12242,1.12101,1.12168,2390010000
1646063100000,1.12166,1.12358,1.12006,1.12316,4093860000
1646064000000,1.12315,1.1238,1.12172,1.12208,3333360000
1646064900000,1.12209,1.12464,1.12205,1.12442,2981710000
1646065800000,1.12443,1.12446,1.12243,1.12273,3253760000
1646066700000,1.12274,1.12286,1.12166,1.12242,2682150000
1646067600000,1.12242,1.12283,1.12137,1.12211,2373570000
1646068500000,1.12212,1.12239,1.1207,1.12087,1967730000
1646069400000,1.12088,1.12092,1.11974,1.11991,1076070000
1646070300000,1.1199,1.12066,1.1199,1.12048,1329380000
1646071200000,1.12049,1.12109,1.12046,1.12102,819040000
1646072100000,1.12098,1.12098,1.12034,1.12076,1290830000
1646073000000,1.12077,1.12138,1.12074,1.12114,711180000
1646073900000,1.12112,1.1216,1.1209,1.1215,736030000
1646074800000,1.1215,1.1215,1.12037,1.12072,1153660000
1646075700000,1.12073,1.1211,1.12049,1.12066,1258580000
1646076600000,1.12065,1.12122,1.12047,1.12122,863660000
1646077500000,1.12124,1.12236,1.121,1.12222,844910000
1646078400000,1.12224,1.12228,1.12115,1.12118,1200440000
1646079300000,1.1212,1.12159,1.1209,1.12132,788500000
1646080200000,1.12131,1.12157,1.12112,1.12153,695070000
1646081100000,1.12153,1.12158,1.12097,1.12103,1306540000
1646082000000,1.12102,1.12148,1.12098,1.12148,690790000
1646082900000,1.12148,1.12161,1.12137,1.12159,187020000
1646083800000,1.1216,1.12189,1.12158,1.12186,119320000
1646084700000,1.12186,1.12196,1.12181,1.12181,230940000
1646085600000,1.12181,1.12181,1.12181,1.12181,47540000
1646086500000,1.12181,1.12187,1.12181,1.12186,97400000
1646087400000,1.1219,1.12201,1.12181,1.12191,116680000
1646088300000,1.12189,1.12203,1.12188,1.12199,158850000
1646089200000,1.12199,1.12199,1.12148,1.12153,511210000
1646090100000,1.12153,1.12178,1.12149,1.12178,356910000
1646091000000,1.12179,1.12191,1.12178,1.12182,192680000
1646091900000,1.12181,1.12181,1.12141,1.12141,240930000
