timestamp,open,high,low,close,volume
1648771200000,1.10727,1.10745,1.10653,1.10684,4228860000
1648772100000,1.10684,1.10695,1.10621,1.10627,2203900000
1648773000000,1.10626,1.10635,1.10595,1.10612,2054010000
1648773900000,1.10614,1.10682,1.1061,1.10672,2139840000
1648774800000,1.10673,1.10688,1.10632,1.10688,1253200000
1648775700000,1.10686,1.10716,1.1067,1.10683,1488390000
1648776600000,1.10686,1.10712,1.10684,1.10702,1652080000
1648777500000,1.10701,1.1073,1.1068,1.10718,2537340000
1648778400000,1.10717,1.10723,1.10687,1.10701,1208740000
1648779300000,1.107,1.10725,1.10686,1.10701,877080000
1648780200000,1.10702,1.10726,1.10695,1.10702,748630000
1648781100000,1.10702,1.10714,1.10627,1.10644,1820400000
1648782000000,1.10646,1.10652,1.10613,1.10648,1356210000
1648782900000,1.10648,1.10677,1.10648,1.10671,804510000
1648783800000,1.1067,1.10675,1.10641,1.10654,888330000
1648784700000,1.10654,1.10686,1.10629,1.10652,1811880000
1648785600000,1.10652,1.10682,1.10636,1.10669,1405040000
1648786500000,1.10669,1.10672,1.10632,1.10638,1253460000
1648787400000,1.10638,1.10665,1.10627,1.10652,1009700000
1648788300000,1.10652,1.10677,1.10636,1.10637,1472750000
1648789200000,1.10638,1.10679,1.10635,1.10667,1231980000
1648790100000,1.10668,1.10669,1.10636,1.10643,731020000
1648791000000,1.10643,1.10734,1.10643,1.10725,1525090000
1648791900000,1.10724,1.10742,1.10675,1.10679,1117140000
1648792800000,1.10678,1.10702,1.10524,1.1057,2962810000
1648793700000,1.10569,1.10625,1.10547,1.10601,2369780000
1648794600000,1.10602,1.10606,1.10522,1.10548,1928900000
1648795500000,1.10545,1.10757,1.10541,1.10739,3022910000
1648796400000,1.10736,1.10754,1.10576,1.10577,5651610000
1648797300000,1.10578,1.10655,1.10428,1.10459,6470430000
1648798200000,1.1046,1.10557,1.10456,1.1053,6037440000
1648799100000,1.1053,1.10662,1.10517,1.10524,6259820000
1648800000000,1.10524,1.10677,1.10483,1.10675,4508180000
1648800900000,1.10674,1.10741,1.10558,1.10704,4849630000
1648801800000,1.10703,1.10704,1.10594,1.10621,3276270000
1648802700000,1.10621,1.10714,1.10554,1.10605,3622300000
1648803600000,1.10605,1.10605,1.10518,1.10522,4005740000
1648804500000,1.10524,1.106,1.10445,1.10542,5567560000
1648805400000,1.1054,1.10583,1.10414,1.10479,4476060000
1648806300000,1.10481,1.10558,1.10446,1.10558,3127020000
1648807200000,1.10556,1.10576,1.10476,1.10494,2265880000
1648808100000,1.10494,1.10571,1.10489,1.10568,1872090000
1648809000000,1.10569,1.10598,1.10557,1.1059,2181250000
1648809900000,1.1059,1.10672,1.10559,1.1067,3013050000
1648810800000,1.10673,1.10677,1.1057,1.10596,2900920000
1648811700000,1.10599,1.10608,1.10544,1.10548,2036630000
1648812600000,1.10548,1.1057,1.10525,1.10528,2289230000
1648813500000,1.10529,1.10546,1.10481,1.10483,3042340000
1648814400000,1.10484,1.10523,1.10464,1.10517,2121610000
1648815300000,1.10515,1.10535,1.10432,1.10517,3348840000
1648816200000,1.10513,1.10559,1.10365,1.1054,7609650000
1648817100000,1.10542,1.10591,1.10423,1.10438,3744380000
1648818000000,1.10438,1.10536,1.10424,1.10479,3571470000
1648818900000,1.10479,1.10483,1.10401,1.10436,1978780000
1648819800000,1.10432,1.10471,1.10385,1.10422,1946620000
1648820700000,1.10421,1.10468,1.10403,1.10445,1625260000
1648821600000,1.10444,1.10498,1.10415,1.10486,2093100000
1648822500000,1.10486,1.10486,1.10306,1.10318,2027300000
1648823400000,1.10316,1.10369,1.10279,1.10295,2132790000
1648824300000,1.10296,1.10397,1.10285,1.10372,2403630000
1648825200000,1.10372,1.10387,1.10296,1.10353,1830770000
1648826100000,1.10356,1.10397,1.10325,1.1037,1239610000
1648827000000,1.10368,1.1043,1.10359,1.1041,1782050000
1648827900000,1.10409,1.10446,1.1036,1.1044,1539330000
1648828800000,1.10441,1.10454,1.10406,1.10447,1548330000
1648829700000,1.10449,1.1049,1.10422,1.10447,1478890000
1648830600000,1.10446,1.10459,1.10419,1.10441,905450000
1648831500000,1.10443,1.10465,1.10389,1.10402,778760000
1648832400000,1.10402,1.10405,1.10335,1.10337,1185790000
1648833300000,1.10336,1.10368,1.10325,1.10354,911340000
1648834200000,1.10354,1.10401,1.10349,1.10399,1077750000
1648835100000,1.10397,1.10425,1.10393,1.10394,678080000
1648836000000,1.10394,1.10427,1.10385,1.10426,1450790000
1648836900000,1.10427,1.10475,1.10396,1.10469,887310000
1648837800000,1.10469,1.10478,1.10419,1.10436,899050000
1648838700000,1.10434,1.10434,1.10389,1.1039,907890000
1648839600000,1.1039,1.10437,1.1039,1.10424,567400000
1648840500000,1.10423,1.10423,1.10395,1.10405,557040000
1648841400000,1.10404,1.10434,1.104,1.10415,740830000
1648842300000,1.10416,1.10477,1.10412,1.10477,641330000
1648843200000,1.10475,1.10503,1.10467,1.10489,577720000
1648844100000,1.10488,1.10524,1.10488,1.10518,668140000
1648845000000,1.10518,1.10523,1.10455,1.10465,1201930000
1648845900000,1.10467,1.10496,1.10427,1.10427,2273080000
1649019600000,1.10301,1.10397,1.10301,1.10385,105000000
1649020500000,1.10392,1.10404,1.10378,1.10404,56600000
1649021400000,1.10407,1.10425,1.10401,1.10416,104580000
1649022300000,1.10416,1.10424,1.10378,1.10388,118235000
1649023200000,1.1039,1.10409,1.10379,1.10395,633054000
1649024100000,1.10397,1.10409,1.10388,1.10397,391470000
1649025000000,1.10397,1.10429,1.10383,1.10423,303260000
1649025900000,1.10426,1.1044,1.10423,1.10431,211740000
1649026800000,1.10431,1.1045,1.10425,1.10427,263660000
1649027700000,1.10429,1.10444,1.10428,1.10436,264490000
1649028600000,1.10437,1.10445,1.10409,1.10414,497820000
1649029500000,1.10414,1.10456,1.10408,1.10454,427210000
1649030400000,1.10458,1.10506,1.10445,1.10498,869170000
1649031300000,1.10497,1.10515,1.10467,1.10504,1028280000
1649032200000,1.10505,1.10519,1.10479,1.10518,615370000
1649033100000,1.10518,1.10536,1.10471,1.1049,1113360000
1649034000000,1.1049,1.10494,1.10454,1.10459,502970000
1649034900000,1.1046,1.10499,1.10433,1.10487,494250000
1649035800000,1.10488,1.10544,1.10488,1.10523,1164370000
1649036700000,1.10522,1.10523,1.10482,1.1049,436420000
1649037600000,1.10488,1.10493,1.10466,1.10491,440250000
1649038500000,1.1049,1.10514,1.1048,1.10504,474370000
1649039400000,1.10505,1.10514,1.10475,1.10476,446120000
1649040300000,1.10476,1.10504,1.10474,1.10488,304030000
1649041200000,1.10487,1.105,1.10476,1.1049,214320000
1649042100000,1.10494,1.10531,1.10493,1.10525,179940000
1649043000000,1.10524,1.10526,1.10486,1.10489,582840000
1649043900000,1.10488,1.10493,1.10471,1.10478,626680000
1649044800000,1.10477,1.10483,1.10459,1.10463,491770000
1649045700000,1.10461,1.10493,1.10461,1.10479,369520000
1649046600000,1.10479,1.10481,1.10463,1.1047,208700000
1649047500000,1.10472,1.1049,1.10465,1.10478,291900000
1649048400000,1.10478,1.105,1.10473,1.10497,361580000
1649049300000,1.10496,1.10498,1.10476,1.10493,337140000
1649050200000,1.10494,1.10494,1.10468,1.10493,395730000
1649051100000,1.10494,1.10519,1.10465,1.10513,579470000
1649052000000,1.10509,1.10539,1.10383,1.10391,1232130000
1649052900000,1.10393,1.10438,1.10378,1.10424,1203400000
1649053800000,1.10424,1.10458,1.10414,1.10456,1126740000
1649054700000,1.10458,1.10465,1.10361,1.10392,1229960000
1649055600000,1.10394,1.10426,1.10338,1.10358,2006710000
1649056500000,1.10356,1.10391,1.10315,1.10326,1901600000
1649057400000,1.10325,1.10395,1.1031,1.10339,1843410000
1649058300000,1.10337,1.10347,1.10273,1.10313,1462890000
1649059200000,1.10313,1.10318,1.10192,1.10265,3187310000
1649060100000,1.10266,1.10376,1.10263,1.10371,2322850000
1649061000000,1.10369,1.10383,1.103,1.10301,1625130000
1649061900000,1.10301,1.10302,1.10211,1.10222,1396400000
1649062800000,1.10223,1.10284,1.10202,1.10283,1735260000
1649063700000,1.10282,1.1032,1.10198,1.10213,1510960000
1649064600000,1.10214,1.10229,1.10132,1.10136,1815910000
1649065500000,1.10135,1.10177,1.10091,1.10097,1289860000
1649066400000,1.10098,1.10139,1.10073,1.10083,1034990000
1649067300000,1.10084,1.10112,1.10063,1.101,1139510000
1649068200000,1.10101,1.10102,1.10008,1.10016,1175450000
1649069100000,1.10017,1.10071,1.10007,1.10011,1176860000
1649070000000,1.1001,1.10076,1.10006,1.10051,1058750000
1649070900000,1.1005,1.10084,1.10032,1.10042,1319800000
1649071800000,1.10041,1.10045,1.1,1.10011,1658120000
1649072700000,1.1001,1.10069,1.0996,1.09966,1819890000
1649073600000,1.09967,1.10083,1.09958,1.10046,2097630000
1649074500000,1.10047,1.1009,1.10033,1.10068,1520170000
1649075400000,1.10069,1.10081,1.10044,1.10075,1362110000
1649076300000,1.10075,1.10075,1.09963,1.09991,1563960000
1649077200000,1.09992,1.10028,1.09911,1.09915,1143930000
1649078100000,1.09917,1.09957,1.09813,1.09871,1237550000
1649079000000,1.09872,1.09923,1.09841,1.099,1868640000
1649079900000,1.09901,1.09936,1.09855,1.09925,1486130000
1649080800000,1.09923,1.09923,1.09828,1.09845,2982710000
1649081700000,1.09842,1.09923,1.09815,1.09823,1697790000
1649082600000,1.09824,1.09846,1.09791,1.09833,1522010000
1649083500000,1.09835,1.09983,1.09813,1.09946,2218470000
1649084400000,1.09943,1.09989,1.09917,1.0996,1494970000
1649085300000,1.09959,1.09973,1.09905,1.09954,932910000
1649086200000,1.09953,1.10012,1.09939,1.09947,912510000
1649087100000,1.09947,1.09953,1.09911,1.09929,1130560000
1649088000000,1.09926,1.09927,1.09842,1.09865,1110100000
1649088900000,1.09866,1.09866,1.09806,1.0981,1007960000
1649089800000,1.09809,1.09809,1.09752,1.09772,807840000
1649090700000,1.09772,1.09784,1.09741,1.09748,961420000
1649091600000,1.09748,1.0977,1.09718,1.09732,809300000
1649092500000,1.09733,1.09741,1.09669,1.09729,544450000
1649093400000,1.09728,1.09729,1.09653,1.09715,1033940000
1649094300000,1.09715,1.09715,1.09628,1.09637,1088870000
1649095200000,1.09637,1.09684,1.09603,1.09679,1008930000
1649096100000,1.09678,1.09678,1.09606,1.09657,619020000
1649097000000,1.0966,1.09687,1.09648,1.09683,342920000
1649097900000,1.09681,1.09725,1.09665,1.09711,627060000
1649098800000,1.09711,1.09742,1.09703,1.09737,357180000
1649099700000,1.09737,1.09752,1.09691,1.09699,518280000
1649100600000,1.09698,1.09738,1.09692,1.09723,312270000
1649101500000,1.09722,1.09736,1.09695,1.09696,821170000
1649102400000,1.09697,1.09711,1.09692,1.09711,251270000
1649103300000,1.09713,1.09722,1.09704,1.0972,324100000
1649104200000,1.0972,1.09742,1.0971,1.09732,384270000
1649105100000,1.09731,1.09736,1.09686,1.09696,689530000
1649106000000,1.09689,1.09748,1.09686,1.09733,85260000
1649106900000,1.09732,1.09736,1.09732,1.09735,28090000
1649107800000,1.09735,1.09738,1.09727,1.09727,43260000
1649108700000,1.09729,1.09735,1.09724,1.09727,260770000
1649109600000,1.09728,1.09736,1.0971,1.09729,972365600
1649110500000,1.09729,1.09744,1.09727,1.09742,111780000
1649111400000,1.0974,1.09748,1.09729,1.09739,145720000
1649112300000,1.09742,1.09742,1.09717,1.09724,154880000
1649113200000,1.09727,1.09735,1.09716,1.09722,148930000
1649114100000,1.09722,1.0973,1.0971,1.09723,199630000
1649115000000,1.09723,1.09761,1.09722,1.09745,184760000
1649115900000,1.09746,1.09757,1.09726,1.09749,254230000
1649116800000,1.09748,1.09784,1.09731,1.0976,611700000
1649117700000,1.09759,1.09761,1.09702,1.09733,452500000
1649118600000,1.09733,1.09779,1.09733,1.09772,492390000
1649119500000,1.09772,1.09797,1.09727,1.09758,1536540000
1649120400000,1.0976,1.09767,1.09716,1.09717,488550000
1649121300000,1.0972,1.09729,1.09708,1.09715,380220000
1649122200000,1.09714,1.09719,1.09676,1.09677,531560000
1649123100000,1.09679,1.09692,1.09673,1.09681,619720000
1649124000000,1.09682,1.09724,1.09682,1.09716,329200000
1649124900000,1.09715,1.09729,1.0971,1.0971,353480000
1649125800000,1.09708,1.09714,1.09688,1.09693,273940000
1649126700000,1.09692,1.09696,1.09653,1.09691,281360000
1649127600000,1.0969,1.09705,1.0968,1.09694,207660000
1649128500000,1.09694,1.09711,1.09688,1.09689,309170000
1649129400000,1.09688,1.09701,1.09682,1.09692,247120000
1649130300000,1.09689,1.09723,1.09681,1.09723,199500000
1649131200000,1.09722,1.09723,1.09692,1.09698,266410000
1649132100000,1.09696,1.09698,1.09631,1.09632,740520000
1649133000000,1.09632,1.09715,1.09632,1.09651,1422400000
1649133900000,1.09651,1.09678,1.0962,1.09641,952340000
1649134800000,1.09644,1.0966,1.09622,1.09651,821090000
1649135700000,1.09651,1.09677,1.09642,1.09673,355400000
1649136600000,1.09674,1.09719,1.09665,1.097,710800000
1649137500000,1.09701,1.09721,1.09687,1.09687,766260000
1649138400000,1.09687,1.09717,1.09649,1.09649,1303610000
1649139300000,1.09648,1.09711,1.09639,1.09656,1188000000
1649140200000,1.09656,1.09775,1.09646,1.09763,1120800000
1649141100000,1.09763,1.09806,1.09731,1.09755,1420370000
1649142000000,1.09758,1.09837,1.09719,1.09741,2233770000
1649142900000,1.09742,1.09886,1.09713,1.0984,2531800000
1649143800000,1.09839,1.09879,1.0982,1.09835,1623990000
1649144700000,1.09833,1.0987,1.09793,1.09815,1407270000
1649145600000,1.09818,1.09849,1.09777,1.0984,1248260000
1649146500000,1.0984,1.09844,1.09753,1.0977,1231080000
1649147400000,1.09769,1.09769,1.09644,1.09672,1512350000
1649148300000,1.09671,1.09688,1.09619,1.09678,1284670000
1649149200000,1.09677,1.09777,1.09668,1.09772,1140730000
1649150100000,1.09772,1.09847,1.0977,1.09815,1092430000
1649151000000,1.09815,1.09853,1.09783,1.09806,1020240000
1649151900000,1.09805,1.09829,1.0975,1.09782,1055410000
1649152800000,1.09781,1.09781,1.09674,1.09691,1468570000
1649153700000,1.09691,1.09698,1.09648,1.09663,1007580000
1649154600000,1.09664,1.09668,1.09564,1.09583,1352860000
1649155500000,1.09583,1.09717,1.09582,1.09696,1070380000
1649156400000,1.09695,1.09756,1.09684,1.09752,1279090000
1649157300000,1.0975,1.09773,1.09728,1.09732,940850000
1649158200000,1.09732,1.09762,1.09692,1.09698,1039850000
1649159100000,1.09698,1.09702,1.09627,1.09672,1151980000
1649160000000,1.09676,1.09716,1.09652,1.09694,996210000
1649160900000,1.09694,1.09694,1.09588,1.09612,1062000000
1649161800000,1.09611,1.09647,1.09561,1.09647,1101420000
1649162700000,1.09647,1.09655,1.09591,1.09639,1216910000
1649163600000,1.09642,1.09672,1.09611,1.09617,1100160000
1649164500000,1.09617,1.09637,1.09587,1.09599,949450000
1649165400000,1.09599,1.09743,1.09598,1.09706,1606610000
1649166300000,1.09705,1.09756,1.09677,1.09692,1268700000
1649167200000,1.09694,1.09723,1.0951,1.09515,2887540000
1649168100000,1.09516,1.09547,1.09356,1.09404,4160300000
1649169000000,1.09403,1.09453,1.09311,1.09373,3461240000
1649169900000,1.09372,1.09432,1.09339,1.0938,2515790000
1649170800000,1.09381,1.09415,1.09268,1.09274,1756190000
1649171700000,1.09273,1.09318,1.09256,1.09266,1399860000
1649172600000,1.09267,1.09289,1.09211,1.09243,1271410000
1649173500000,1.09244,1.09246,1.09191,1.09205,1089340000
1649174400000,1.09206,1.09231,1.09135,1.09166,1209410000
1649175300000,1.09166,1.09206,1.09153,1.09194,883610000
1649176200000,1.09193,1.09208,1.09146,1.09154,492570000
1649177100000,1.09151,1.0916,1.09122,1.09141,749350000
1649178000000,1.09141,1.09184,1.09123,1.09167,696990000
1649178900000,1.09166,1.0921,1.09161,1.09182,374090000
1649179800000,1.09183,1.09184,1.09116,1.09129,566150000
1649180700000,1.09129,1.0914,1.0911,1.09131,340940000
1649181600000,1.0913,1.09151,1.09118,1.09127,362870000
1649182500000,1.09126,1.09135,1.09083,1.09095,374390000
1649183400000,1.09096,1.09101,1.09034,1.09037,544430000
1649184300000,1.09038,1.09089,1.09029,1.09044,586950000
1649185200000,1.09042,1.09053,1.09003,1.09004,563610000
1649186100000,1.09005,1.0903,1.09,1.09027,388020000
1649187000000,1.09026,1.09026,1.09004,1.09016,234230000
1649187900000,1.09015,1.09039,1.09006,1.09037,395820000
1649188800000,1.09037,1.09059,1.09026,1.09038,351580000
1649189700000,1.0904,1.09057,1.09037,1.09048,139140000
1649190600000,1.09048,1.09062,1.09044,1.09048,157040000
1649191500000,1.09052,1.09059,1.09033,1.09033,202560000
1649192400000,1.09033,1.09056,1.09033,1.09055,51370000
1649193300000,1.09059,1.09059,1.0904,1.0905,140370000
1649194200000,1.09049,1.09061,1.0904,1.09059,299380000
1649195100000,1.09059,1.09059,1.09042,1.09056,78880000
1649196000000,1.09057,1.0906,1.09047,1.09054,200150000
1649196900000,1.09052,1.09062,1.09047,1.09061,304800000
1649197800000,1.09062,1.0908,1.09061,1.09078,426770000
1649198700000,1.09077,1.09077,1.09063,1.09072,189790000
1649199600000,1.0907,1.09075,1.09063,1.09068,116920000
1649200500000,1.09065,1.09081,1.09047,1.09053,144270000
1649201400000,1.09056,1.09071,1.09053,1.0907,147820000
1649202300000,1.0907,1.09072,1.09057,1.09058,244420000
1649203200000,1.09058,1.09061,1.09004,1.09007,710620000
1649204100000,1.09008,1.09025,1.09004,1.09005,465750000
1649205000000,1.09006,1.0902,1.08988,1.08997,633080000
1649205900000,1.08997,1.08997,1.0894,1.08942,1042530000
1649206800000,1.08942,1.08952,1.08906,1.08926,1198550000
1649207700000,1.08925,1.08947,1.08912,1.0894,996420000
1649208600000,1.08939,1.0896,1.08929,1.08952,707310000
1649209500000,1.08952,1.08954,1.08909,1.08915,815380000
1649210400000,1.08916,1.08948,1.08909,1.08938,948470000
1649211300000,1.08939,1.08956,1.08921,1.0895,420680000
1649212200000,1.0895,1.09032,1.08933,1.09003,734250000
1649213100000,1.09002,1.09002,1.08944,1.08964,751030000
1649214000000,1.08963,1.09,1.08956,1.08968,650480000
1649214900000,1.08968,1.08987,1.08962,1.08968,326640000
1649215800000,1.08969,1.08985,1.08959,1.08969,550460000
1649216700000,1.08969,1.09027,1.08959,1.09003,587690000
1649217600000,1.09002,1.09014,1.08979,1.08986,411270000
1649218500000,1.08986,1.08995,1.08954,1.08962,430090000
1649219400000,1.08962,1.08963,1.08931,1.08942,441280000
1649220300000,1.08943,1.08967,1.08935,1.08967,368400000
1649221200000,1.08966,1.09004,1.08956,1.08963,502040000
1649222100000,1.08965,1.08975,1.08943,1.08949,465370000
1649223000000,1.08948,1.08975,1.08946,1.08947,533460000
1649223900000,1.08946,1.0895,1.08833,1.08837,674180000
1649224800000,1.08835,1.08846,1.08745,1.08767,2026300000
1649225700000,1.08768,1.08826,1.08765,1.08826,1353330000
1649226600000,1.08827,1.08865,1.08781,1.08851,1216160000
1649227500000,1.08852,1.08882,1.08829,1.0888,923090000
1649228400000,1.08881,1.08927,1.08836,1.08876,2059180000
1649229300000,1.08877,1.09019,1.08877,1.08888,2006820000
1649230200000,1.08888,1.08932,1.08848,1.08905,1891140000
1649231100000,1.08906,1.08973,1.08878,1.08952,1860110000
1649232000000,1.08951,1.08977,1.08912,1.08946,1674970000
1649232900000,1.08947,1.09165,1.08938,1.09155,2070770000
1649233800000,1.09152,1.09214,1.09095,1.092,2057380000
1649234700000,1.092,1.09271,1.09167,1.09232,2255670000
1649235600000,1.0923,1.09255,1.09166,1.09178,2140210000
1649236500000,1.09179,1.0918,1.09069,1.09073,1481400000
1649237400000,1.09072,1.09186,1.09071,1.0915,1247120000
1649238300000,1.0915,1.09171,1.09099,1.09127,1210520000
1649239200000,1.09126,1.09137,1.09049,1.09065,1231450000
1649240100000,1.09068,1.09082,1.08994,1.08994,1293260000
1649241000000,1.08995,1.09122,1.08995,1.09081,1171620000
1649241900000,1.09081,1.0912,1.09044,1.0912,1269460000
1649242800000,1.09117,1.09186,1.0908,1.09104,1277280000
1649243700000,1.09105,1.09115,1.09045,1.09096,1181280000
1649244600000,1.09099,1.0917,1.09092,1.09156,1053750000
1649245500000,1.09154,1.09176,1.09102,1.09166,1296190000
1649246400000,1.09172,1.09293,1.09172,1.09224,1968780000
1649247300000,1.09227,1.09316,1.0922,1.09271,1513160000
1649248200000,1.09272,1.09376,1.09259,1.09321,1433540000
1649249100000,1.09319,1.09379,1.09284,1.09331,1675190000
1649250000000,1.09332,1.09372,1.09274,1.09281,1231760000
1649250900000,1.09281,1.09342,1.0926,1.0928,1088970000
1649251800000,1.09277,1.09301,1.0919,1.09206,1524600000
1649252700000,1.09206,1.09239,1.09126,1.09135,1407330000
1649253600000,1.09135,1.09146,1.09068,1.09069,1563170000
1649254500000,1.09071,1.09166,1.09055,1.09166,1172470000
1649255400000,1.09167,1.09216,1.09128,1.0919,1405880000
1649256300000,1.09188,1.09237,1.09154,1.09196,1960350000
1649257200000,1.09193,1.09225,1.09094,1.09126,1570340000
1649258100000,1.09125,1.09126,1.09059,1.09096,1052590000
1649259000000,1.09095,1.09099,1.09027,1.09086,1562040000
1649259900000,1.09087,1.09141,1.09074,1.09103,1745050000
1649260800000,1.09101,1.09154,1.09054,1.09055,2201010000
1649261700000,1.09053,1.09083,1.09037,1.0906,1320640000
1649262600000,1.09059,1.09078,1.09042,1.0905,847390000
1649263500000,1.09048,1.0913,1.09047,1.0908,1349390000
1649264400000,1.09079,1.09105,1.09057,1.09061,1353210000
1649265300000,1.09061,1.0907,1.09038,1.09049,1040030000
1649266200000,1.09049,1.09077,1.0904,1.09067,2140670000
1649267100000,1.09068,1.0908,1.08995,1.09001,1969180000
1649268000000,1.09,1.09288,1.0887,1.08897,13051870000
1649268900000,1.08891,1.0891,1.08787,1.08838,4580970000
1649269800000,1.08837,1.09009,1.08818,1.08875,6033300000
1649270700000,1.08875,1.09025,1.08873,1.08992,4072490000
1649271600000,1.08992,1.09063,1.08967,1.08987,1848610000
1649272500000,1.08989,1.08998,1.08946,1.08951,1054840000
1649273400000,1.0895,1.08986,1.08916,1.0898,1448050000
1649274300000,1.08977,1.09022,1.08961,1.09003,1123030000
1649275200000,1.09003,1.09013,1.08955,1.08959,709630000
1649276100000,1.08962,1.09018,1.0896,1.09002,1004050000
1649277000000,1.09002,1.09006,1.08983,1.08983,344740000
1649277900000,1.08982,1.08995,1.08926,1.08945,686700000
1649278800000,1.08945,1.08945,1.08945,1.08945,210000000
1649279700000,1.08946,1.08986,1.08945,1.08978,958110000
1649280600000,1.0898,1.0898,1.08971,1.08976,104760000
1649281500000,1.08977,1.08982,1.08973,1.08976,82180000
1649282400000,1.08974,1.08994,1.08966,1.08983,724830000
1649283300000,1.08983,1.08993,1.08945,1.08945,718680000
1649284200000,1.08945,1.08986,1.08945,1.08972,526810000
1649285100000,1.08972,1.08992,1.08957,1.08957,837160000
1649286000000,1.08957,1.08992,1.08951,1.08984,911730000
1649286900000,1.08981,1.08995,1.08976,1.08981,456420000
1649287800000,1.08982,1.08983,1.08952,1.0897,727980000
1649288700000,1.0897,1.08987,1.08968,1.08975,1042720000
1649289600000,1.08975,1.09071,1.08966,1.09057,2387600000
1649290500000,1.0906,1.09062,1.08992,1.0901,3495280000
1649291400000,1.09011,1.0906,1.09,1.09054,1996520000
1649292300000,1.09054,1.09121,1.09016,1.09119,2831900000
1649293200000,1.09119,1.09126,1.09082,1.09086,2145040000
1649294100000,1.09087,1.0909,1.0905,1.09056,2058230000
1649295000000,1.09055,1.09117,1.09042,1.09112,3425400000
1649295900000,1.09112,1.09126,1.09087,1.09104,1877470000
1649296800000,1.09102,1.09113,1.09061,1.09075,1460600000
1649297700000,1.09073,1.09076,1.09047,1.09053,1060370000
1649298600000,1.09053,1.09082,1.09046,1.09079,842400000
1649299500000,1.09079,1.09115,1.0906,1.09115,1194960000
1649300400000,1.09115,1.09122,1.09071,1.09077,1115520000
1649301300000,1.09077,1.09107,1.09061,1.09061,1485910000
1649302200000,1.09057,1.09079,1.09052,1.09071,1088550000
1649303100000,1.09071,1.09105,1.0907,1.0907,1012580000
1649304000000,1.09071,1.09081,1.0906,1.09074,1463170000
1649304900000,1.09073,1.09086,1.09065,1.09077,1132770000
1649305800000,1.09076,1.09129,1.09074,1.09123,399960000
1649306700000,1.09122,1.09159,1.09114,1.09142,805090000
1649307600000,1.09141,1.09151,1.09111,1.09133,1481040000
1649308500000,1.09133,1.09142,1.09096,1.09126,1720560000
1649309400000,1.09125,1.09171,1.09119,1.09156,1281910000
1649310300000,1.09157,1.09202,1.09139,1.09187,2065230000
1649311200000,1.09186,1.09193,1.09125,1.09192,1943700000
1649312100000,1.09189,1.09341,1.09167,1.09272,2489240000
1649313000000,1.09272,1.09277,1.09195,1.09221,2557720000
1649313900000,1.0922,1.09238,1.09166,1.0917,2288120000
1649314800000,1.09172,1.09188,1.0912,1.09121,4014340000
1649315700000,1.09121,1.09121,1.08951,1.0896,2818480000
1649316600000,1.08959,1.09019,1.08946,1.08992,1857430000
1649317500000,1.08994,1.09005,1.08949,1.08978,2262230000
1649318400000,1.08979,1.09006,1.08826,1.08852,3051060000
1649319300000,1.08853,1.08866,1.08791,1.08837,2376800000
1649320200000,1.08838,1.08848,1.08791,1.08805,1525420000
1649321100000,1.08805,1.08827,1.08754,1.08778,2033880000
1649322000000,1.08777,1.0881,1.08749,1.08795,1721380000
1649322900000,1.08794,1.08797,1.08644,1.0872,2959480000
1649323800000,1.08721,1.08919,1.08718,1.08914,2577260000
1649324700000,1.08915,1.08973,1.08903,1.08919,3094160000
1649325600000,1.08921,1.08985,1.08919,1.08963,1843190000
1649326500000,1.08963,1.08983,1.08917,1.08934,1338580000
1649327400000,1.08935,1.08935,1.0887,1.08882,1495080000
1649328300000,1.08883,1.08964,1.08867,1.08939,1354490000
1649329200000,1.0894,1.0919,1.08914,1.0897,8766610000
1649330100000,1.08969,1.08974,1.08907,1.08927,4403550000
1649331000000,1.08925,1.09216,1.08916,1.09174,8186970000
1649331900000,1.09175,1.09197,1.09096,1.0911,4471860000
1649332800000,1.0911,1.0917,1.09095,1.09169,2204450000
1649333700000,1.09169,1.0917,1.09113,1.09139,1982110000
1649334600000,1.09136,1.09147,1.09104,1.09135,2709810000
1649335500000,1.09137,1.09267,1.09132,1.09134,3216040000
1649336400000,1.09137,1.09255,1.0907,1.09223,2842550000
1649337300000,1.09223,1.09317,1.09185,1.09307,1940000000
1649338200000,1.09307,1.09383,1.09281,1.09319,2784390000
1649339100000,1.0932,1.09333,1.09117,1.09142,2747650000
1649340000000,1.09143,1.09146,1.0898,1.09048,3947030000
1649340900000,1.09047,1.09141,1.08995,1.09096,2572580000
1649341800000,1.09094,1.09236,1.09075,1.09109,3998360000
1649342700000,1.0911,1.0913,1.0903,1.09111,4357530000
1649343600000,1.09111,1.09152,1.09061,1.0914,2680740000
1649344500000,1.09138,1.09151,1.09008,1.09012,2718370000
1649345400000,1.09014,1.09045,1.08953,1.09045,2355110000
1649346300000,1.09045,1.09061,1.08962,1.08984,2008170000
1649347200000,1.08984,1.09,1.08865,1.08866,1835240000
1649348100000,1.08867,1.08888,1.08821,1.08868,1857320000
1649349000000,1.08868,1.08874,1.08797,1.08807,1493170000
1649349900000,1.08811,1.08833,1.08764,1.08771,918300000
1649350800000,1.0877,1.08855,1.08767,1.08841,1148010000
1649351700000,1.08839,1.08921,1.08839,1.08892,1154380000
1649352600000,1.08894,1.08894,1.08834,1.08846,1378480000
1649353500000,1.08845,1.08866,1.08792,1.08832,948110000
1649354400000,1.08831,1.08865,1.08816,1.08843,1580060000
1649355300000,1.08842,1.08884,1.0883,1.0883,1377720000
1649356200000,1.08831,1.08843,1.08767,1.08776,814640000
1649357100000,1.08773,1.08823,1.08738,1.08799,1143210000
1649358000000,1.08799,1.08821,1.08746,1.08763,1078800000
1649358900000,1.08765,1.08767,1.0868,1.08703,1314520000
1649359800000,1.08702,1.08732,1.0868,1.08715,795850000
1649360700000,1.08716,1.08731,1.08676,1.08722,862860000
1649361600000,1.0872,1.08746,1.08701,1.08708,459570000
1649362500000,1.08708,1.08741,1.08698,1.08733,279600000
1649363400000,1.08733,1.08789,1.08733,1.08778,620240000
1649364300000,1.08777,1.08817,1.08769,1.08769,951390000
1649365200000,1.08768,1.08815,1.08768,1.08777,235433000
1649366100000,1.08777,1.0881,1.08773,1.08778,25875000
1649367000000,1.08781,1.08797,1.08779,1.08789,61880000
1649367900000,1.08789,1.088,1.08788,1.08789,84760000
1649368800000,1.08789,1.08821,1.08788,1.08814,1088030000
1649369700000,1.08816,1.08816,1.08773,1.08798,1094910000
1649370600000,1.08797,1.088,1.08762,1.08768,230900000
1649371500000,1.08768,1.08768,1.08722,1.08749,403680000
1649372400000,1.08752,1.08753,1.08715,1.08729,338660000
1649373300000,1.08729,1.08731,1.08714,1.08722,302150000
1649374200000,1.08724,1.08728,1.08715,1.08718,186160000
1649375100000,1.08718,1.08733,1.08602,1.0864,1197540000
1649376000000,1.08638,1.0868,1.08576,1.08649,2032720000
1649376900000,1.08649,1.08653,1.08612,1.08653,831610000
1649377800000,1.08652,1.08717,1.08625,1.08625,945100000
1649378700000,1.08627,1.0868,1.08595,1.08619,1215250000
1649379600000,1.08619,1.08645,1.08587,1.0861,1140540000
1649380500000,1.08613,1.08675,1.08602,1.08626,1115210000
1649381400000,1.08626,1.08676,1.08603,1.08676,838270000
1649382300000,1.0868,1.08695,1.08652,1.08656,740520000
1649383200000,1.08658,1.08681,1.08643,1.08661,870970000
1649384100000,1.08663,1.08672,1.0861,1.08627,562570000
1649385000000,1.08628,1.08628,1.0857,1.08606,551240000
1649385900000,1.08605,1.08622,1.08568,1.08588,625400000
1649386800000,1.08587,1.08588,1.08565,1.08586,265390000
1649387700000,1.08583,1.08586,1.08567,1.08571,278080000
1649388600000,1.08572,1.08622,1.08572,1.08622,175600000
1649389500000,1.08621,1.08646,1.08616,1.08638,384220000
1649390400000,1.08637,1.08637,1.08592,1.08599,343150000
1649391300000,1.086,1.08601,1.0857,1.08574,370250000
1649392200000,1.08575,1.08596,1.08574,1.08592,282740000
1649393100000,1.08591,1.08592,1.08547,1.08547,294310000
1649394000000,1.08552,1.08576,1.08551,1.08575,403190000
1649394900000,1.08574,1.08631,1.08566,1.08619,729390000
1649395800000,1.08617,1.08617,1.08575,1.08606,442040000
1649396700000,1.08609,1.08678,1.08598,1.08677,955390000
1649397600000,1.08676,1.08676,1.08629,1.08673,1064240000
1649398500000,1.08674,1.0869,1.08642,1.08648,1149490000
1649399400000,1.08647,1.08677,1.08622,1.08635,827810000
1649400300000,1.08635,1.08641,1.08584,1.08617,1194600000
1649401200000,1.08615,1.08649,1.0854,1.08564,2191310000
1649402100000,1.08565,1.08588,1.0848,1.08523,2186010000
1649403000000,1.08524,1.08569,1.08498,1.08563,1389010000
1649403900000,1.08565,1.08676,1.08544,1.08672,1174060000
1649404800000,1.08671,1.0879,1.08651,1.08747,3826560000
1649405700000,1.08748,1.08763,1.08664,1.08664,2996140000
1649406600000,1.08667,1.08696,1.08622,1.08683,2507150000
1649407500000,1.08685,1.08688,1.08605,1.08666,2088720000
1649408400000,1.08665,1.08752,1.08642,1.08703,2399800000
1649409300000,1.08706,1.08793,1.08699,1.08764,1682340000
1649410200000,1.08763,1.08772,1.08671,1.08696,1374440000
1649411100000,1.08698,1.08727,1.08677,1.0869,1273270000
1649412000000,1.08687,1.08697,1.08631,1.08656,1775630000
1649412900000,1.08657,1.0883,1.08654,1.08759,3371350000
1649413800000,1.08759,1.08883,1.08759,1.08865,1316010000
1649414700000,1.08865,1.08917,1.08845,1.08861,2315770000
1649415600000,1.08861,1.0888,1.08762,1.08775,1844730000
1649416500000,1.08775,1.08778,1.08637,1.08637,1853190000
1649417400000,1.08638,1.0865,1.086,1.08637,1222480000
1649418300000,1.08638,1.08647,1.08589,1.08634,1885210000
1649419200000,1.08633,1.08638,1.08543,1.0861,1771660000
1649420100000,1.08611,1.08627,1.08584,1.08609,896490000
1649421000000,1.08609,1.08662,1.08591,1.08644,1591910000
1649421900000,1.08641,1.0865,1.085,1.08529,2709500000
1649422800000,1.08529,1.08577,1.08512,1.08559,2009700000
1649423700000,1.08556,1.08558,1.08387,1.08415,3984280000
1649424600000,1.08416,1.08475,1.08364,1.08379,3065410000
1649425500000,1.08378,1.0845,1.08364,1.08399,2524980000
1649426400000,1.08397,1.08485,1.08389,1.08463,1653650000
1649427300000,1.08464,1.08555,1.08427,1.08542,1513190000
1649428200000,1.08543,1.08592,1.08521,1.08573,1480110000
1649429100000,1.08573,1.08806,1.08556,1.08726,4194920000
1649430000000,1.08725,1.08815,1.08719,1.08779,3049710000
1649430900000,1.0878,1.08801,1.08716,1.08726,1336180000
1649431800000,1.08722,1.08766,1.08705,1.0872,1603470000
1649432700000,1.08721,1.08753,1.08699,1.0874,1010570000
1649433600000,1.08738,1.08764,1.0868,1.08737,950290000
1649434500000,1.08742,1.08766,1.0874,1.08741,667000000
1649435400000,1.0874,1.0875,1.08677,1.08723,793810000
1649436300000,1.08722,1.08747,1.08697,1.08721,679520000
1649437200000,1.08727,1.08736,1.08681,1.08705,1272070000
1649438100000,1.08706,1.08727,1.08654,1.08691,1134860000
1649439000000,1.08692,1.08702,1.0865,1.08681,805130000
1649439900000,1.08684,1.08754,1.08678,1.08718,954060000
1649440800000,1.08718,1.08742,1.08697,1.08729,1153340000
1649441700000,1.0873,1.08757,1.08705,1.08743,1068530000
1649442600000,1.08743,1.08781,1.08733,1.08767,1299320000
1649443500000,1.08766,1.08851,1.08756,1.08834,1937740000
1649444400000,1.08838,1.08848,1.08761,1.08784,1457730000
1649445300000,1.08783,1.08807,1.08763,1.08777,1224200000
1649446200000,1.08778,1.08784,1.08752,1.08767,784530000
1649447100000,1.08767,1.08783,1.0875,1.0878,629810000
1649448000000,1.08781,1.08781,1.0874,1.08741,699710000
1649448900000,1.08742,1.08754,1.0872,1.0874,490620000
1649449800000,1.08738,1.08788,1.08738,1.08755,386040000
1649450700000,1.08755,1.08773,1.08742,1.08744,854140000
1649624400000,1.09202,1.09202,1.09013,1.09077,134660000
1649625300000,1.09077,1.0912,1.09035,1.09039,146569800
1649626200000,1.09038,1.09063,1.0903,1.09059,87890000
1649627100000,1.09056,1.09113,1.0904,1.09084,192970000
1649628000000,1.09087,1.09138,1.09001,1.09002,3743374000
1649628900000,1.09004,1.09034,1.08999,1.09015,1818630000
1649629800000,1.09014,1.09017,1.08916,1.08922,1048990000
1649630700000,1.08927,1.08937,1.08858,1.08915,789440000
1649631600000,1.08916,1.08937,1.08861,1.08871,755290000
1649632500000,1.08869,1.08898,1.08851,1.08861,640520000
1649633400000,1.08861,1.08901,1.08851,1.08864,596960000
1649634300000,1.08865,1.08896,1.08841,1.08841,528700000
1649635200000,1.08842,1.08882,1.0883,1.08879,535520000
1649636100000,1.0888,1.0891,1.08833,1.08842,1200100000
1649637000000,1.08842,1.08873,1.08801,1.08871,627430000
1649637900000,1.08874,1.08924,1.08868,1.08878,808570000
1649638800000,1.08879,1.08934,1.08878,1.08914,859830000
1649639700000,1.08913,1.08946,1.08899,1.08933,562950000
1649640600000,1.08932,1.08937,1.0885,1.08865,1185120000
1649641500000,1.08863,1.08908,1.08854,1.08903,855350000
1649642400000,1.08903,1.08908,1.08815,1.08847,1030330000
1649643300000,1.08849,1.08849,1.08787,1.08795,949230000
1649644200000,1.08794,1.0884,1.08788,1.08797,493960000
1649645100000,1.08797,1.08801,1.0875,1.08764,608800000
1649646000000,1.08764,1.08807,1.08761,1.088,537900000
1649646900000,1.088,1.0886,1.08797,1.08817,711330000
1649647800000,1.08819,1.08865,1.08795,1.0884,543470000
1649648700000,1.08843,1.08845,1.08807,1.08831,398570000
1649649600000,1.08833,1.08841,1.08798,1.08822,421510000
1649650500000,1.08821,1.0883,1.08799,1.08816,338750000
1649651400000,1.08816,1.08853,1.08803,1.0884,450950000
1649652300000,1.0884,1.08875,1.08836,1.08849,390700000
1649653200000,1.0885,1.08861,1.0882,1.08844,603840000
1649654100000,1.08844,1.08862,1.0881,1.08818,393890000
1649655000000,1.08818,1.08877,1.08815,1.08849,718210000
1649655900000,1.08848,1.08929,1.08845,1.08925,868870000
1649656800000,1.08925,1.08929,1.08861,1.08894,1695900000
1649657700000,1.08893,1.08911,1.08766,1.08789,2071720000
1649658600000,1.08791,1.08812,1.08739,1.08771,1589480000
1649659500000,1.08772,1.08827,1.08759,1.08821,972560000
1649660400000,1.08824,1.08877,1.08799,1.08813,2059330000
1649661300000,1.08814,1.09027,1.08777,1.09027,1857360000
1649662200000,1.09023,1.09109,1.08982,1.09062,2736620000
1649663100000,1.09064,1.09135,1.09035,1.09098,3325270000
1649664000000,1.09096,1.09163,1.09056,1.0915,2799560000
1649664900000,1.09149,1.09193,1.09081,1.0914,2782350000
1649665800000,1.09141,1.09147,1.09063,1.09069,3296320000
1649666700000,1.0907,1.09079,1.09035,1.0907,1785600000
1649667600000,1.0907,1.09099,1.09037,1.09058,1161200000
1649668500000,1.09058,1.09185,1.09056,1.09185,2034670000
1649669400000,1.09184,1.09239,1.09173,1.09203,1820590000
1649670300000,1.09206,1.09281,1.09206,1.09251,1984530000
1649671200000,1.09252,1.09328,1.09237,1.09326,1239020000
1649672100000,1.09327,1.09332,1.09212,1.09235,3056840000
1649673000000,1.09235,1.09235,1.09066,1.09094,2790560000
1649673900000,1.09093,1.09134,1.09048,1.09124,2006070000
1649674800000,1.09123,1.09135,1.09039,1.09056,1992200000
1649675700000,1.09056,1.0907,1.09,1.09004,1531090000
1649676600000,1.09006,1.09036,1.08978,1.0903,1991990000
1649677500000,1.0903,1.09063,1.09001,1.09009,1901340000
1649678400000,1.0901,1.09037,1.08974,1.08993,2162560000
1649679300000,1.08992,1.09036,1.08954,1.08983,1639680000
1649680200000,1.08984,1.08993,1.08922,1.08989,2219770000
1649681100000,1.08992,1.09059,1.08992,1.09051,1618630000
1649682000000,1.09051,1.09058,1.08938,1.08978,2214070000
1649682900000,1.08978,1.09008,1.08853,1.08861,2371950000
1649683800000,1.0886,1.08911,1.08791,1.08868,2291250000
1649684700000,1.08868,1.08908,1.0881,1.08811,2100370000
1649685600000,1.0881,1.08937,1.08777,1.08905,2160620000
1649686500000,1.08907,1.08924,1.08826,1.08846,1777140000
1649687400000,1.08845,1.08906,1.08841,1.08864,1835110000
1649688300000,1.08865,1.08983,1.08865,1.08957,2489910000
1649689200000,1.08956,1.08995,1.08862,1.08869,2546750000
1649690100000,1.08869,1.08916,1.08826,1.0885,1538180000
1649691000000,1.08853,1.08881,1.08834,1.08848,1582870000
1649691900000,1.0885,1.08864,1.08735,1.08756,1723280000
1649692800000,1.08755,1.08762,1.08727,1.08752,1479800000
1649693700000,1.08752,1.08814,1.08749,1.08812,786670000
1649694600000,1.08813,1.08848,1.08809,1.08817,588250000
1649695500000,1.08818,1.08843,1.08756,1.08777,1009530000
1649696400000,1.08777,1.08865,1.08776,1.08812,1141310000
1649697300000,1.08812,1.08817,1.08774,1.08781,2118000000
1649698200000,1.0878,1.0885,1.08779,1.08847,1363640000
1649699100000,1.08846,1.08886,1.08817,1.08824,1040770000
1649700000000,1.08824,1.08877,1.08805,1.08857,1372850000
1649700900000,1.08856,1.0891,1.08856,1.0888,1183320000
1649701800000,1.08878,1.08945,1.08877,1.0893,1716880000
1649702700000,1.08929,1.08942,1.08871,1.08898,1906480000
1649703600000,1.089,1.08907,1.08876,1.08885,2396560000
1649704500000,1.08886,1.08886,1.08855,1.08858,517500000
1649705400000,1.08857,1.08881,1.0885,1.08876,955980000
1649706300000,1.08872,1.08875,1.08816,1.08842,1786680000
1649707200000,1.0884,1.08851,1.08823,1.08827,776910000
1649708100000,1.08826,1.08832,1.08802,1.08805,379570000
1649709000000,1.08806,1.08823,1.088,1.0882,266320000
1649709900000,1.08821,1.08839,1.08815,1.08829,500600000
1649710800000,1.08829,1.08839,1.08822,1.08822,321170000
1649711700000,1.08822,1.08842,1.08819,1.08824,686485000
1649712600000,1.08824,1.08849,1.08816,1.08819,306786000
1649713500000,1.08819,1.08837,1.08814,1.08832,421220000
1649714400000,1.08833,1.08848,1.08825,1.08841,1087550000
1649715300000,1.08841,1.08859,1.08825,1.08854,1335190000
1649716200000,1.08852,1.08859,1.08826,1.08827,807870000
1649717100000,1.08826,1.08828,1.08798,1.08803,859100000
1649718000000,1.08805,1.0882,1.08781,1.08784,1064890000
1649718900000,1.08784,1.08855,1.0878,1.08802,1767970000
1649719800000,1.08802,1.0881,1.08785,1.08785,1019710000
1649720700000,1.08786,1.08793,1.08766,1.08769,1390550000
1649721600000,1.08769,1.08873,1.08754,1.08842,3661270000
1649722500000,1.08846,1.08846,1.08779,1.08802,1968520000
1649723400000,1.08803,1.08812,1.08727,1.08735,2067890000
1649724300000,1.08736,1.08763,1.08709,1.08744,2557400000
1649725200000,1.08744,1.08745,1.087,1.087,1877210000
1649726100000,1.087,1.087,1.08665,1.08679,1746120000
1649727000000,1.08679,1.08722,1.08673,1.08689,1537840000
1649727900000,1.08688,1.08716,1.08673,1.08708,2187100000
1649728800000,1.08708,1.08708,1.08666,1.08689,1987990000
1649729700000,1.0869,1.08716,1.08671,1.08715,1767990000
1649730600000,1.08715,1.08748,1.08712,1.08737,2671500000
1649731500000,1.08738,1.08739,1.08704,1.08712,1684520000
1649732400000,1.08713,1.08766,1.0871,1.08753,1231720000
1649733300000,1.08752,1.08754,1.08725,1.0873,832060000
1649734200000,1.08731,1.08753,1.08723,1.08723,1655570000
1649735100000,1.08722,1.08748,1.08719,1.08745,1561450000
1649736000000,1.08746,1.08765,1.08746,1.08753,967180000
1649736900000,1.08754,1.08823,1.08748,1.08813,1259260000
1649737800000,1.08812,1.0883,1.08809,1.0881,1602180000
1649738700000,1.08809,1.08827,1.0879,1.08792,1513410000
1649739600000,1.08792,1.08797,1.08758,1.08774,1932300000
1649740500000,1.08775,1.08805,1.08739,1.08748,3120270000
1649741400000,1.08751,1.08818,1.08749,1.08808,2532300000
1649742300000,1.08807,1.08818,1.08699,1.08704,2095150000
1649743200000,1.08703,1.08722,1.08644,1.08695,4117210000
1649744100000,1.08696,1.08697,1.08604,1.08636,3382080000
1649745000000,1.08635,1.08676,1.08616,1.08661,1770530000
1649745900000,1.08662,1.08696,1.08599,1.08603,2662710000
1649746800000,1.08602,1.08633,1.08533,1.08563,3791020000
1649747700000,1.08562,1.08636,1.08535,1.086,4033810000
1649748600000,1.08599,1.08684,1.08585,1.08634,3131350000
1649749500000,1.08635,1.08727,1.08625,1.08706,3181120000
1649750400000,1.08708,1.08713,1.08626,1.08693,3016360000
1649751300000,1.08691,1.08692,1.08611,1.08642,2610690000
1649752200000,1.08642,1.08662,1.08602,1.0861,1927540000
1649753100000,1.0861,1.08632,1.08552,1.08619,2272510000
1649754000000,1.08619,1.08706,1.08597,1.087,2308320000
1649754900000,1.08703,1.08724,1.08665,1.08672,1554950000
1649755800000,1.08669,1.08701,1.08657,1.08688,1686820000
1649756700000,1.08691,1.08737,1.0864,1.08735,2404100000
1649757600000,1.08735,1.08738,1.08684,1.08712,1734800000
1649758500000,1.08711,1.08732,1.0868,1.08728,1600240000
1649759400000,1.08729,1.08731,1.08662,1.08713,1997830000
1649760300000,1.08714,1.08715,1.08654,1.08668,1478500000
1649761200000,1.0867,1.08684,1.08634,1.0867,1400710000
1649762100000,1.08669,1.0867,1.0858,1.08612,1751990000
1649763000000,1.08611,1.08652,1.08545,1.08551,4271050000
1649763900000,1.08553,1.0863,1.08547,1.08623,3039840000
1649764800000,1.08624,1.08648,1.08578,1.08602,1860700000
1649765700000,1.08604,1.08604,1.08507,1.08531,2402100000
1649766600000,1.0853,1.08919,1.0853,1.08886,11966110000
1649767500000,1.08888,1.09036,1.08881,1.08958,6714440000
1649768400000,1.08956,1.09032,1.08807,1.08826,7403670000
1649769300000,1.08826,1.08836,1.08722,1.08771,5602210000
1649770200000,1.0877,1.08815,1.08687,1.08736,5331140000
1649771100000,1.0874,1.08789,1.08689,1.087,4325700000
1649772000000,1.087,1.08857,1.08699,1.08839,3734730000
1649772900000,1.08838,1.08839,1.08756,1.08797,5925130000
1649773800000,1.08799,1.08881,1.08774,1.08877,4469310000
1649774700000,1.08876,1.08883,1.08722,1.08726,4588400000
1649775600000,1.08726,1.08751,1.08623,1.08665,4351880000
1649776500000,1.08666,1.08688,1.08602,1.08617,4636990000
1649777400000,1.08617,1.08628,1.08534,1.08562,3267070000
1649778300000,1.08561,1.08565,1.08513,1.08525,2327880000
1649779200000,1.08526,1.08575,1.08511,1.08552,2415560000
1649780100000,1.08551,1.08649,1.0854,1.0854,4295500000
1649781000000,1.08542,1.08543,1.08321,1.08346,5114590000
1649781900000,1.08346,1.08428,1.08339,1.08416,3576090000
1649782800000,1.08412,1.08446,1.08367,1.08379,5223380000
1649783700000,1.08379,1.0839,1.0833,1.0837,3164640000
1649784600000,1.08369,1.08369,1.08278,1.08336,1989300000
1649785500000,1.08335,1.08356,1.08276,1.08285,1262810000
1649786400000,1.08286,1.08308,1.08211,1.08244,1606880000
1649787300000,1.08245,1.08271,1.08226,1.08261,935820000
1649788200000,1.08261,1.08281,1.08256,1.08265,908660000
1649789100000,1.08262,1.08319,1.08256,1.08276,1281940000
1649790000000,1.08276,1.08323,1.08276,1.08313,1353890000
1649790900000,1.08312,1.08333,1.08291,1.08306,884650000
1649791800000,1.08307,1.08327,1.08299,1.08321,789420000
1649792700000,1.0832,1.08336,1.08288,1.08306,788280000
1649793600000,1.08305,1.08311,1.08265,1.08309,307700000
1649794500000,1.08309,1.08309,1.08271,1.08281,433320000
1649795400000,1.08282,1.08295,1.08271,1.08276,311090000
1649796300000,1.08277,1.08277,1.08253,1.08262,555650000
1649797200000,1.0826,1.08261,1.08256,1.08261,167300000
1649798100000,1.0826,1.08292,1.0826,1.08265,168990000
1649799000000,1.08264,1.08271,1.0826,1.08266,301560000
1649799900000,1.08266,1.08281,1.08266,1.08275,252200000
1649800800000,1.08275,1.08313,1.08263,1.08278,1805450000
1649801700000,1.08279,1.08285,1.0826,1.08275,1751710000
1649802600000,1.08276,1.08287,1.08266,1.08271,1168760000
1649803500000,1.08272,1.08285,1.0827,1.08282,789700000
1649804400000,1.08281,1.08286,1.08254,1.08256,1170050000
1649805300000,1.08257,1.08258,1.08238,1.08246,456890000
1649806200000,1.08246,1.08253,1.08232,1.08246,376560000
1649807100000,1.08245,1.08276,1.08245,1.0826,1001470000
1649808000000,1.08259,1.08292,1.0823,1.08231,1616880000
1649808900000,1.08231,1.08258,1.08165,1.08211,1563720000
1649809800000,1.08212,1.08213,1.08125,1.08132,2569670000
1649810700000,1.08131,1.08175,1.08113,1.08156,3049350000
1649811600000,1.08158,1.08207,1.08143,1.08202,3035540000
1649812500000,1.08203,1.08245,1.08201,1.08208,2464970000
1649813400000,1.08209,1.08267,1.08182,1.0826,2067350000
1649814300000,1.08261,1.08307,1.08251,1.08298,2257360000
1649815200000,1.08297,1.08357,1.08291,1.08301,4627760000
1649816100000,1.08301,1.08329,1.0828,1.0832,3018220000
1649817000000,1.0832,1.08372,1.08315,1.08347,2442720000
1649817900000,1.08352,1.08385,1.08345,1.08349,2005490000
1649818800000,1.08349,1.08387,1.08328,1.08382,2294610000
1649819700000,1.08382,1.08408,1.0837,1.08397,2198900000
1649820600000,1.08396,1.08397,1.08337,1.08351,2262950000
1649821500000,1.08352,1.08386,1.08351,1.08371,1319920000
1649822400000,1.08371,1.08387,1.0834,1.0837,1944550000
1649823300000,1.08371,1.08372,1.08315,1.08329,1825860000
1649824200000,1.0833,1.08341,1.08306,1.08335,1726550000
1649825100000,1.08336,1.08342,1.08292,1.08332,1899310000
1649826000000,1.08333,1.08339,1.08293,1.08311,1643460000
1649826900000,1.08311,1.08339,1.08301,1.08338,1671270000
1649827800000,1.08339,1.08388,1.08308,1.08374,2863700000
1649828700000,1.08376,1.08439,1.08373,1.08434,2324000000
1649829600000,1.08434,1.08447,1.08368,1.08415,4562480000
1649830500000,1.08415,1.08415,1.08258,1.08273,4708630000
1649831400000,1.0827,1.08318,1.08245,1.08303,2939420000
1649832300000,1.08302,1.08317,1.08212,1.08217,3221320000
1649833200000,1.08218,1.08273,1.0815,1.08197,3980180000
1649834100000,1.08198,1.08289,1.08188,1.08272,2497690000
1649835000000,1.08271,1.08364,1.08252,1.0835,3070500000
1649835900000,1.08349,1.08399,1.08342,1.0838,2744070000
1649836800000,1.0838,1.08389,1.0833,1.08334,2202430000
1649837700000,1.08336,1.08371,1.0827,1.08334,2562750000
1649838600000,1.08333,1.08368,1.08295,1.08323,3130390000
1649839500000,1.08322,1.0838,1.0831,1.08368,2117810000
1649840400000,1.08368,1.08368,1.0832,1.0833,2390670000
1649841300000,1.0833,1.0833,1.08251,1.08276,1840440000
1649842200000,1.08277,1.08306,1.08263,1.08278,2056620000
1649843100000,1.08281,1.08352,1.08264,1.08348,1954140000
1649844000000,1.08348,1.08353,1.08266,1.08314,1801380000
1649844900000,1.08314,1.08314,1.0826,1.08285,1730240000
1649845800000,1.08285,1.08292,1.08251,1.08261,1621210000
1649846700000,1.08262,1.08275,1.08232,1.08268,1603820000
1649847600000,1.08267,1.08381,1.08258,1.08368,1976090000
1649848500000,1.08367,1.08427,1.08359,1.08418,2283670000
1649849400000,1.08418,1.08477,1.08383,1.08388,3081630000
1649850300000,1.08388,1.08406,1.08277,1.08306,3637290000
1649851200000,1.0831,1.08347,1.08239,1.08261,3006710000
1649852100000,1.08261,1.08276,1.082,1.0822,3055180000
1649853000000,1.08221,1.08316,1.0815,1.08289,6946340000
1649853900000,1.0829,1.08293,1.08178,1.0818,3892030000
1649854800000,1.08179,1.08249,1.08152,1.0817,2902450000
1649855700000,1.08173,1.08191,1.08097,1.08145,2360500000
1649856600000,1.08145,1.08272,1.08088,1.08244,4576480000
1649857500000,1.08242,1.08256,1.08156,1.08168,2863350000
1649858400000,1.08169,1.08328,1.08145,1.08311,2998250000
1649859300000,1.08312,1.08373,1.08293,1.08313,3336720000
1649860200000,1.08312,1.08358,1.08288,1.08343,2404140000
1649861100000,1.08347,1.08486,1.08345,1.08474,2828890000
1649862000000,1.08473,1.08558,1.08451,1.08517,2827000000
1649862900000,1.08518,1.08672,1.08518,1.08635,3323830000
1649863800000,1.08637,1.08687,1.08609,1.08667,2249440000
1649864700000,1.08667,1.08732,1.08628,1.08717,1660790000
1649865600000,1.08716,1.0886,1.08716,1.0886,2954810000
1649866500000,1.0886,1.08942,1.08818,1.08844,4528870000
1649867400000,1.08846,1.0889,1.08824,1.08848,2972700000
1649868300000,1.08845,1.08852,1.08808,1.08818,3261550000
1649869200000,1.08819,1.08833,1.08745,1.08782,2892640000
1649870100000,1.08782,1.08859,1.0877,1.08833,2488410000
1649871000000,1.08832,1.08855,1.08774,1.08777,2342590000
1649871900000,1.08774,1.08783,1.08734,1.08748,1559920000
1649872800000,1.08747,1.0879,1.08716,1.0879,2248550000
1649873700000,1.08791,1.0885,1.08784,1.0883,2117190000
1649874600000,1.08828,1.08844,1.08779,1.08825,1211050000
1649875500000,1.08824,1.08871,1.0882,1.08856,1493430000
1649876400000,1.08855,1.08892,1.08839,1.08886,1411160000
1649877300000,1.08885,1.08906,1.08872,1.08892,1367850000
1649878200000,1.08891,1.08891,1.08829,1.08845,1420050000
1649879100000,1.08845,1.08852,1.08825,1.08829,2005140000
1649880000000,1.08828,1.08856,1.08828,1.08849,704640000
1649880900000,1.08849,1.08896,1.08849,1.0889,403580000
1649881800000,1.0889,1.08915,1.08885,1.08908,518230000
1649882700000,1.08906,1.08928,1.0887,1.08901,723820000
1649883600000,1.08901,1.08901,1.08763,1.08873,222977400
1649884500000,1.08873,1.08917,1.08868,1.08895,238573400
1649885400000,1.08899,1.08924,1.08898,1.08912,313160000
1649886300000,1.08912,1.08924,1.08886,1.08888,785590000
1649887200000,1.08886,1.08927,1.08882,1.08883,1153560000
1649888100000,1.08885,1.08905,1.08878,1.089,1586270000
1649889000000,1.089,1.08901,1.08867,1.08882,1749380000
1649889900000,1.08884,1.08899,1.08876,1.08894,777620000
1649890800000,1.08896,1.08924,1.08893,1.08923,1256220000
1649891700000,1.08922,1.08955,1.08916,1.08952,1026480000
1649892600000,1.08952,1.08952,1.08933,1.0895,1069990000
1649893500000,1.08949,1.08973,1.08941,1.0895,1302230000
1649894400000,1.08951,1.08998,1.08921,1.08956,3294460000
1649895300000,1.08955,1.08965,1.089,1.08902,2033300000
1649896200000,1.08901,1.08903,1.08832,1.08834,3019990000
1649897100000,1.08835,1.08863,1.08826,1.08847,2773650000
1649898000000,1.08847,1.08884,1.08827,1.08867,1913410000
1649898900000,1.08868,1.0893,1.08867,1.08918,2161340000
1649899800000,1.08919,1.08957,1.08915,1.0895,3071120000
1649900700000,1.08951,1.09088,1.08942,1.09061,2457190000
1649901600000,1.0906,1.09068,1.0902,1.09022,2966750000
1649902500000,1.09022,1.09046,1.09019,1.09045,1622810000
1649903400000,1.09045,1.09081,1.09035,1.09056,1159000000
1649904300000,1.09055,1.09069,1.09017,1.09019,1488740000
1649905200000,1.09019,1.09053,1.09019,1.09032,2494380000
1649906100000,1.09032,1.09093,1.09032,1.09075,1699490000
1649907000000,1.09074,1.09079,1.09054,1.09064,1465190000
1649907900000,1.09064,1.09083,1.09046,1.0907,788180000
1649908800000,1.0907,1.09079,1.09034,1.09048,1491610000
1649909700000,1.09049,1.09085,1.09044,1.09085,967200000
1649910600000,1.09084,1.09093,1.09075,1.09086,709150000
1649911500000,1.09085,1.09128,1.09085,1.09121,756330000
1649912400000,1.09122,1.0917,1.09118,1.09164,1507600000
1649913300000,1.09163,1.0918,1.09134,1.09156,1374320000
1649914200000,1.09156,1.09166,1.09122,1.09148,1481870000
1649915100000,1.09149,1.09177,1.09093,1.091,2031710000
1649916000000,1.09102,1.09184,1.09099,1.09168,2943670000
1649916900000,1.09168,1.09179,1.09126,1.0915,1867960000
1649917800000,1.0915,1.09233,1.09131,1.09175,1925970000
1649918700000,1.09175,1.09212,1.09146,1.09181,2776670000
1649919600000,1.09183,1.09195,1.09103,1.09155,4481770000
1649920500000,1.0916,1.09171,1.09093,1.09101,4525030000
1649921400000,1.091,1.0913,1.09034,1.09115,3390530000
1649922300000,1.09116,1.09122,1.09061,1.09082,1980320000
1649923200000,1.09081,1.09123,1.09045,1.09083,2354380000
1649924100000,1.09085,1.09116,1.09031,1.09041,2375920000
1649925000000,1.0904,1.09123,1.0903,1.0911,1900880000
1649925900000,1.0911,1.09121,1.09075,1.0908,1757690000
1649926800000,1.09078,1.09127,1.09016,1.09125,1401650000
1649927700000,1.09125,1.0914,1.09095,1.09137,1347210000
1649928600000,1.09137,1.09176,1.09113,1.0915,1585550000
1649929500000,1.09154,1.09162,1.09105,1.09136,2136540000
1649930400000,1.09138,1.09164,1.09121,1.09131,1404140000
1649931300000,1.09133,1.09171,1.09094,1.09094,1278280000
1649932200000,1.09095,1.09096,1.09013,1.09067,1354800000
1649933100000,1.09066,1.09086,1.09051,1.09057,1060760000
1649934000000,1.09053,1.09069,1.09019,1.09059,1282120000
1649934900000,1.0906,1.09069,1.09021,1.09047,1395380000
1649935800000,1.09046,1.09169,1.09039,1.09155,1848360000
1649936700000,1.09155,1.09162,1.08632,1.08652,16739570000
1649937600000,1.08654,1.0883,1.08651,1.08778,5983220000
1649938500000,1.08777,1.08855,1.08756,1.08843,6634410000
1649939400000,1.08842,1.08904,1.08628,1.08802,12073400000
1649940300000,1.08801,1.08851,1.08436,1.08474,14375730000
1649941200000,1.08474,1.08487,1.08324,1.08341,8565150000
1649942100000,1.0834,1.08359,1.08166,1.08241,7994570000
1649943000000,1.0824,1.08276,1.07844,1.07851,7706350000
1649943900000,1.07851,1.07919,1.07575,1.07707,7158090000
1649944800000,1.07707,1.07877,1.07698,1.07814,3310770000
1649945700000,1.07814,1.07982,1.07813,1.07956,3437270000
1649946600000,1.07956,1.07967,1.0775,1.07859,3060040000
1649947500000,1.07859,1.07913,1.07687,1.07776,4824590000
1649948400000,1.07776,1.08175,1.07735,1.08062,4870370000
1649949300000,1.08061,1.08167,1.0793,1.07959,3907700000
1649950200000,1.07961,1.0802,1.0783,1.07898,5338330000
1649951100000,1.07894,1.07973,1.07848,1.0797,4757760000
1649952000000,1.07971,1.08272,1.07946,1.0822,9197430000
1649952900000,1.0822,1.08315,1.08168,1.08239,6255600000
1649953800000,1.0824,1.08254,1.08156,1.08175,2041860000
1649954700000,1.08175,1.08189,1.08132,1.0816,2175920000
1649955600000,1.0816,1.0819,1.0811,1.08114,3071960000
1649956500000,1.08113,1.08181,1.08088,1.08154,1826020000
1649957400000,1.08155,1.08268,1.0815,1.0818,1935360000
1649958300000,1.08181,1.08244,1.08181,1.0824,2297240000
1649959200000,1.08241,1.08295,1.08225,1.08276,1842960000
1649960100000,1.08279,1.08285,1.08207,1.08254,2385930000
1649961000000,1.08255,1.08312,1.08255,1.08304,707540000
1649961900000,1.08302,1.08306,1.08239,1.08301,2048300000
1649962800000,1.083,1.08346,1.08295,1.08342,2894390000
1649963700000,1.08342,1.08347,1.08269,1.08276,1571810000
1649964600000,1.08276,1.08279,1.08236,1.0827,1378090000
1649965500000,1.08269,1.08288,1.08241,1.08243,1767350000
1649966400000,1.08244,1.08309,1.08242,1.08296,875150000
1649967300000,1.08297,1.08302,1.08278,1.08297,383700000
1649968200000,1.08298,1.08327,1.08295,1.08316,569720000
1649969100000,1.08317,1.08342,1.08262,1.08281,1050380000
1649970000000,1.08282,1.08299,1.08248,1.08278,69100000
1649970900000,1.08278,1.08282,1.08268,1.08278,68553200
1649971800000,1.0828,1.08287,1.08266,1.08286,167450000
1649972700000,1.08285,1.0829,1.08252,1.08281,327225800
1649973600000,1.08285,1.08289,1.08233,1.08239,440563600
1649974500000,1.08238,1.08255,1.08233,1.08233,624110000
1649975400000,1.08233,1.08271,1.08223,1.0823,1482660000
1649976300000,1.08226,1.08251,1.08219,1.08231,5202550000
1649977200000,1.08232,1.08258,1.08223,1.08231,5677300000
1649978100000,1.08232,1.08238,1.08159,1.08161,4636350000
1649979000000,1.0816,1.08176,1.08137,1.08174,765650000
1649979900000,1.08173,1.08219,1.08159,1.08209,11008960000
1649980800000,1.08211,1.08216,1.0814,1.08145,1991140000
1649981700000,1.08145,1.08148,1.08133,1.08135,1013400000
1649982600000,1.08135,1.08153,1.08128,1.0815,1224840000
1649983500000,1.08151,1.08162,1.07975,1.08087,6536310000
1649984400000,1.08087,1.08131,1.08056,1.08107,4617720000
1649985300000,1.08107,1.08134,1.08089,1.0812,3825220000
1649986200000,1.08121,1.08132,1.08121,1.08122,813750000
1649987100000,1.08123,1.08151,1.08115,1.08123,4936550000
1649988000000,1.08123,1.08132,1.08111,1.08127,5672180000
1649988900000,1.08126,1.08133,1.08115,1.08127,4075760000
1649989800000,1.08122,1.08139,1.08102,1.08102,1919800000
1649990700000,1.08102,1.08131,1.07964,1.07972,7608450000
1649991600000,1.07973,1.08071,1.07968,1.08005,10045510000
1649992500000,1.08005,1.08038,1.07989,1.08,8795810000
1649993400000,1.08,1.08013,1.07991,1.08009,5514990000
1649994300000,1.08008,1.08052,1.07999,1.08043,5455980000
1649995200000,1.0804,1.08053,1.08028,1.08039,2032610000
1649996100000,1.08037,1.0804,1.08018,1.08026,1890320000
1649997000000,1.08027,1.08037,1.08023,1.08034,1618980000
1649997900000,1.08034,1.08063,1.08034,1.08052,879890000
1649998800000,1.08053,1.08071,1.08042,1.08058,1778060000
1649999700000,1.08058,1.08064,1.08055,1.08059,1138240000
1650000600000,1.0806,1.0807,1.08042,1.08068,1899000000
1650001500000,1.08068,1.08074,1.08054,1.08055,1644490000
1650002400000,1.08054,1.08064,1.0805,1.08054,1147460000
1650003300000,1.08053,1.08062,1.08049,1.08052,1283610000
1650004200000,1.08052,1.08065,1.08048,1.0806,1066770000
1650005100000,1.08059,1.08076,1.08019,1.08025,734278000
1650006000000,1.08024,1.08075,1.08021,1.08073,566812800
1650006900000,1.08072,1.08083,1.08068,1.08078,413520000
1650007800000,1.08077,1.08082,1.08069,1.08074,1232410000
1650008700000,1.08074,1.08121,1.08072,1.08114,777210000
1650009600000,1.08114,1.08136,1.08092,1.08126,586440000
1650010500000,1.08126,1.08168,1.08125,1.08151,388840000
1650011400000,1.08151,1.08185,1.08132,1.08178,727700000
1650012300000,1.08177,1.08236,1.08162,1.08184,834060000
1650013200000,1.08184,1.0819,1.08144,1.08187,1110670000
1650014100000,1.08188,1.08194,1.08152,1.08187,720800000
1650015000000,1.08186,1.0819,1.08147,1.08149,392550000
1650015900000,1.08152,1.08183,1.08122,1.08134,2472540000
1650016800000,1.08135,1.08171,1.08103,1.08132,3797700000
1650017700000,1.08132,1.08145,1.08104,1.08131,6727850000
1650018600000,1.0813,1.08137,1.08109,1.08116,2012840000
1650019500000,1.08115,1.08116,1.08068,1.08084,610170000
1650020400000,1.08084,1.08085,1.08071,1.08079,214530000
1650021300000,1.08078,1.08079,1.08044,1.08069,627470000
1650022200000,1.08069,1.08092,1.08052,1.08092,351340000
1650023100000,1.08092,1.08152,1.08092,1.0815,2580880000
1650024000000,1.0815,1.08191,1.08105,1.08184,2604130000
1650024900000,1.08183,1.08197,1.08149,1.08176,979220000
1650025800000,1.08175,1.08177,1.08126,1.08129,1246110000
1650026700000,1.0813,1.08144,1.08123,1.08125,859130000
1650027600000,1.08127,1.08133,1.08097,1.08105,2386060000
1650028500000,1.08103,1.08109,1.08061,1.0807,908250000
1650029400000,1.08069,1.08097,1.08066,1.08091,780450000
1650030300000,1.08091,1.0813,1.08074,1.08126,1070320000
1650031200000,1.08126,1.0813,1.08085,1.08099,779630000
1650032100000,1.08099,1.08099,1.08064,1.08084,299090000
1650033000000,1.08083,1.08103,1.08081,1.08082,314920000
1650033900000,1.08083,1.08104,1.08061,1.08078,1212600000
1650034800000,1.08074,1.08084,1.08064,1.08082,1037760000
1650035700000,1.08081,1.08081,1.08051,1.08053,371420000
1650036600000,1.08055,1.08105,1.08053,1.08062,511600000
1650037500000,1.08062,1.08081,1.08053,1.08081,1779920000
1650038400000,1.08079,1.0808,1.08054,1.08063,120220000
1650039300000,1.08063,1.08097,1.08059,1.08082,395190000
1650040200000,1.0808,1.08082,1.08062,1.08066,377350000
1650041100000,1.08066,1.08073,1.08053,1.08057,546490000
1650042000000,1.08059,1.08074,1.08047,1.08059,317550000
1650042900000,1.08058,1.08069,1.08057,1.08068,342680000
1650043800000,1.08068,1.08085,1.0806,1.08067,469730000
1650044700000,1.08062,1.08112,1.08062,1.08091,470660000
1650045600000,1.08091,1.08094,1.08072,1.08075,408810000
1650046500000,1.08076,1.08092,1.08074,1.08087,402810000
1650047400000,1.08086,1.08108,1.08086,1.08104,317520000
1650048300000,1.08104,1.08107,1.08089,1.08093,462330000
1650049200000,1.08095,1.08095,1.08065,1.0808,330461800
1650050100000,1.08074,1.08084,1.08059,1.08062,171760000
1650051000000,1.0806,1.08085,1.0806,1.08075,441920000
1650051900000,1.08076,1.08086,1.0807,1.0808,406770000
1650052800000,1.08081,1.08099,1.08072,1.08089,766980000
1650053700000,1.08091,1.08114,1.08091,1.081,752760000
1650054600000,1.081,1.0812,1.0809,1.08093,1156500000
1650055500000,1.08093,1.08138,1.08055,1.08057,2515720000
1650229200000,1.08029,1.08065,1.08009,1.08065,135080000
1650230100000,1.08065,1.08069,1.08064,1.08065,77460000
1650231000000,1.08065,1.08072,1.08065,1.08072,106540000
1650231900000,1.08073,1.08083,1.08072,1.0808,61690000
1650232800000,1.0808,1.08117,1.08035,1.08102,1218420000
1650233700000,1.08103,1.08112,1.08031,1.08073,2389120000
1650234600000,1.08072,1.0814,1.08067,1.08134,1710940000
1650235500000,1.08132,1.08214,1.08123,1.08203,3203050000
1650236400000,1.08204,1.08204,1.08149,1.08181,3603170000
1650237300000,1.08182,1.08206,1.08162,1.08206,1808650000
1650238200000,1.08204,1.08216,1.08156,1.08156,2049830000
1650239100000,1.08153,1.08159,1.08125,1.08139,2005980000
1650240000000,1.08138,1.08156,1.08115,1.08135,1783390000
1650240900000,1.08135,1.08136,1.08043,1.08049,2220070000
1650241800000,1.0805,1.08056,1.07959,1.07967,2190000000
1650242700000,1.07968,1.08026,1.07936,1.08008,2283680000
1650243600000,1.08007,1.08047,1.07957,1.0803,1900080000
1650244500000,1.08031,1.08098,1.07972,1.08088,6163660000
1650245400000,1.08087,1.08101,1.08052,1.08072,4281870000
1650246300000,1.08073,1.08119,1.08059,1.08067,3292700000
1650247200000,1.08067,1.08092,1.08025,1.08029,2223370000
1650248100000,1.08027,1.0803,1.07983,1.0799,1599610000
1650249000000,1.07989,1.07993,1.07958,1.07968,1255390000
1650249900000,1.0797,1.0803,1.07964,1.08017,1083130000
1650250800000,1.0802,1.08027,1.07944,1.07963,1527200000
1650251700000,1.07962,1.07985,1.07948,1.07967,1828450000
1650252600000,1.07966,1.07986,1.07937,1.07939,1010030000
1650253500000,1.07938,1.07942,1.07907,1.07928,1166190000
1650254400000,1.0793,1.07962,1.07912,1.07959,1535250000
1650255300000,1.07959,1.07965,1.07915,1.07925,1318710000
1650256200000,1.07925,1.07926,1.07893,1.07918,907480000
1650257100000,1.07919,1.07937,1.07892,1.07923,1002590000
1650258000000,1.07924,1.07942,1.07905,1.0792,936200000
1650258900000,1.07921,1.07923,1.07895,1.0791,1702570000
1650259800000,1.07911,1.07936,1.07906,1.07916,985630000
1650260700000,1.07916,1.07948,1.07886,1.07943,1511080000
1650261600000,1.07942,1.0797,1.07919,1.07949,1468920000
1650262500000,1.07949,1.0798,1.07904,1.07949,1071720000
1650263400000,1.07949,1.08001,1.07934,1.07959,984600000
1650264300000,1.0796,1.07994,1.07934,1.07936,1216850000
1650265200000,1.07936,1.08004,1.07936,1.07997,1182790000
1650266100000,1.07996,1.08036,1.07986,1.07989,1230940000
1650267000000,1.07989,1.07989,1.07876,1.07879,1333450000
1650267900000,1.07877,1.07936,1.0787,1.07912,1578860000
1650268800000,1.07911,1.07946,1.07857,1.07863,1356570000
1650269700000,1.07865,1.07886,1.07831,1.07854,923140000
1650270600000,1.07855,1.0793,1.07852,1.079,1148080000
1650271500000,1.079,1.07927,1.07898,1.07918,736220000
1650272400000,1.07917,1.07982,1.07917,1.07944,1113630000
1650273300000,1.07943,1.07972,1.07924,1.07935,759850000
1650274200000,1.07935,1.07949,1.07931,1.07947,539300000
1650275100000,1.07945,1.07945,1.07894,1.07927,968510000
1650276000000,1.07926,1.07969,1.079,1.07945,1343660000
1650276900000,1.07943,1.07963,1.07918,1.0795,962680000
1650277800000,1.07949,1.07989,1.07949,1.07972,945930000
1650278700000,1.07972,1.08012,1.07968,1.08005,1111200000
1650279600000,1.08005,1.08038,1.08005,1.08036,873860000
1650280500000,1.08038,1.08101,1.08023,1.08094,1697940000
1650281400000,1.08093,1.08104,1.0804,1.08064,1658500000
1650282300000,1.08064,1.08135,1.08053,1.08091,2592160000
1650283200000,1.08092,1.08093,1.0801,1.08017,2131360000
1650284100000,1.08016,1.08084,1.0799,1.0807,2611930000
1650285000000,1.08071,1.08145,1.08057,1.08074,1817450000
1650285900000,1.08073,1.08079,1.08017,1.08049,1326070000
1650286800000,1.08048,1.08089,1.07965,1.07983,2702500000
1650287700000,1.07984,1.08039,1.0798,1.0802,2630740000
1650288600000,1.08022,1.08103,1.07989,1.0804,5369550000
1650289500000,1.08039,1.08107,1.07992,1.08005,2952270000
1650290400000,1.08006,1.08046,1.07985,1.08028,2659780000
1650291300000,1.08029,1.08031,1.07985,1.07995,1517100000
1650292200000,1.07996,1.08003,1.07976,1.07976,1370170000
1650293100000,1.07976,1.07987,1.07909,1.07924,2035340000
1650294000000,1.07925,1.07978,1.07896,1.07912,1862910000
1650294900000,1.07911,1.0792,1.07864,1.07869,1310720000
1650295800000,1.07872,1.07905,1.07868,1.07881,1654650000
1650296700000,1.0788,1.07902,1.0783,1.07837,1435690000
1650297600000,1.07834,1.07866,1.07712,1.07739,2105370000
1650298500000,1.07738,1.07752,1.07703,1.07726,1930580000
1650299400000,1.07726,1.07753,1.07716,1.07746,960360000
1650300300000,1.07744,1.07762,1.07698,1.07728,857130000
1650301200000,1.07726,1.07776,1.07713,1.07771,832990000
1650302100000,1.07773,1.0779,1.0775,1.07786,1451100000
1650303000000,1.07786,1.07807,1.07778,1.07788,1449940000
1650303900000,1.07789,1.07838,1.07781,1.07828,1377500000
1650304800000,1.07828,1.07849,1.07825,1.07831,1350840000
1650305700000,1.07832,1.07857,1.07824,1.07841,1068630000
1650306600000,1.07841,1.07862,1.07832,1.07836,1350680000
1650307500000,1.07836,1.07852,1.07825,1.07842,2020290000
1650308400000,1.07839,1.07842,1.07805,1.07818,2428410000
1650309300000,1.07818,1.0782,1.07779,1.0779,2064300000
1650310200000,1.07789,1.07821,1.07782,1.07801,1845350000
1650311100000,1.078,1.07841,1.07789,1.07829,1464800000
1650312000000,1.0783,1.07835,1.07804,1.07807,1044040000
1650312900000,1.07809,1.07833,1.07806,1.07824,527310000
1650313800000,1.07825,1.07837,1.07813,1.07833,218650000
1650314700000,1.07832,1.07832,1.07804,1.07804,201370000
1650315600000,1.07809,1.07809,1.07751,1.07798,333390000
1650316500000,1.07805,1.07813,1.07757,1.078,235687200
1650317400000,1.07801,1.07815,1.07789,1.07808,462460000
1650318300000,1.07804,1.0781,1.07766,1.07781,396909000
1650319200000,1.07781,1.07879,1.07765,1.07859,1816340000
1650320100000,1.07859,1.07864,1.07809,1.07834,1254280000
1650321000000,1.07834,1.07834,1.07801,1.0782,755820000
1650321900000,1.07822,1.07824,1.07808,1.07809,544020000
1650322800000,1.07809,1.07846,1.07774,1.07803,2260040000
1650323700000,1.07803,1.07823,1.07798,1.07808,551350000
1650324600000,1.07808,1.07808,1.07754,1.07777,989900000
1650325500000,1.07777,1.07816,1.07776,1.07799,856010000
1650326400000,1.07799,1.07874,1.07761,1.07841,3983840000
1650327300000,1.07844,1.07859,1.07814,1.07824,1912130000
1650328200000,1.07823,1.0783,1.07736,1.07745,2242460000
1650329100000,1.07744,1.0779,1.07729,1.07789,2549770000
1650330000000,1.0779,1.07829,1.07781,1.07797,2675410000
1650330900000,1.07796,1.07835,1.07753,1.07814,3270900000
1650331800000,1.07812,1.07842,1.07764,1.0779,3692570000
1650332700000,1.0779,1.07802,1.07761,1.07769,2805590000
1650333600000,1.07769,1.07778,1.07711,1.07713,1559810000
1650334500000,1.07713,1.07724,1.07652,1.07655,1698490000
1650335400000,1.07654,1.07715,1.0761,1.07676,2012230000
1650336300000,1.07678,1.07706,1.07664,1.07686,1846070000
1650337200000,1.07685,1.07716,1.07668,1.07678,1864930000
1650338100000,1.07677,1.07711,1.07672,1.07689,2117040000
1650339000000,1.0769,1.07717,1.07678,1.07704,1958650000
1650339900000,1.07703,1.07752,1.07695,1.07724,1242600000
1650340800000,1.07724,1.07795,1.07724,1.07779,1721210000
1650341700000,1.07779,1.07815,1.07755,1.07766,1582590000
1650342600000,1.07767,1.07774,1.0773,1.07749,1401720000
1650343500000,1.0775,1.07754,1.07672,1.07719,2981840000
1650344400000,1.07718,1.07733,1.0767,1.07675,2110860000
1650345300000,1.07674,1.07732,1.07665,1.07716,1164450000
1650346200000,1.07715,1.07771,1.07711,1.07732,3040120000
1650347100000,1.0773,1.07766,1.07717,1.07743,1929740000
1650348000000,1.07742,1.07742,1.07672,1.07719,3172070000
1650348900000,1.07718,1.07801,1.07683,1.07785,2403280000
1650349800000,1.07786,1.07849,1.07781,1.07836,1645930000
1650350700000,1.07834,1.07877,1.07822,1.07825,2407470000
1650351600000,1.07827,1.07876,1.07813,1.07866,4800770000
1650352500000,1.07866,1.07919,1.07818,1.07906,2808460000
1650353400000,1.07907,1.0793,1.07875,1.07911,2166570000
1650354300000,1.07911,1.08027,1.0788,1.08018,2231200000
1650355200000,1.08021,1.08047,1.07976,1.08038,1513460000
1650356100000,1.08038,1.08106,1.08019,1.08069,1969530000
1650357000000,1.0807,1.08145,1.0801,1.08014,2917320000
1650357900000,1.08015,1.08107,1.07932,1.08107,3073180000
1650358800000,1.08108,1.08112,1.0802,1.08024,1996790000
1650359700000,1.08024,1.08061,1.07936,1.0797,2230000000
1650360600000,1.0797,1.08063,1.07943,1.08057,1637700000
1650361500000,1.08055,1.08059,1.0795,1.07982,1672710000
1650362400000,1.0798,1.0798,1.07884,1.07913,1638530000
1650363300000,1.07911,1.07946,1.07885,1.07937,1248090000
1650364200000,1.07934,1.07941,1.07886,1.07893,1022910000
1650365100000,1.07894,1.07938,1.07846,1.07938,1058910000
1650366000000,1.07937,1.07942,1.0785,1.07862,1517980000
1650366900000,1.07863,1.07932,1.07851,1.07921,835520000
1650367800000,1.07922,1.07937,1.07863,1.07899,1317860000
1650368700000,1.07901,1.07972,1.079,1.07957,1865600000
1650369600000,1.07958,1.08042,1.07923,1.08025,2329350000
1650370500000,1.08022,1.08025,1.07889,1.07982,2058480000
1650371400000,1.07983,1.08007,1.07942,1.07952,2724940000
1650372300000,1.07951,1.07989,1.07887,1.07937,2746140000
1650373200000,1.07938,1.07955,1.07865,1.07875,3402460000
1650374100000,1.07876,1.07933,1.07858,1.07912,1727630000
1650375000000,1.07913,1.08082,1.07912,1.08051,3739760000
1650375900000,1.08051,1.0808,1.07981,1.08058,3753300000
1650376800000,1.08061,1.08062,1.07971,1.07996,3232530000
1650377700000,1.07993,1.08039,1.07919,1.08011,3247320000
1650378600000,1.0801,1.08012,1.07849,1.07856,5587600000
1650379500000,1.07855,1.07945,1.07848,1.07854,3810060000
1650380400000,1.07854,1.07876,1.07818,1.07846,2953860000
1650381300000,1.07845,1.0796,1.07838,1.07935,4378400000
1650382200000,1.07935,1.07949,1.0785,1.07856,3482960000
1650383100000,1.07856,1.07924,1.07841,1.07893,2356430000
1650384000000,1.07893,1.07917,1.07836,1.07901,2704450000
1650384900000,1.07903,1.07951,1.07877,1.07949,1226630000
1650385800000,1.07948,1.07971,1.07936,1.07958,885090000
1650386700000,1.07957,1.0798,1.07947,1.07964,611070000
1650387600000,1.07965,1.08032,1.07965,1.0801,1518030000
1650388500000,1.08009,1.08032,1.07977,1.07987,844320000
1650389400000,1.07986,1.07999,1.07946,1.07946,702470000
1650390300000,1.07945,1.07961,1.07887,1.0789,1537900000
1650391200000,1.0789,1.07947,1.07871,1.07906,1612160000
1650392100000,1.07908,1.07915,1.07822,1.07871,2037080000
1650393000000,1.0787,1.0788,1.07855,1.07877,1688720000
1650393900000,1.07878,1.07927,1.07858,1.07901,1445350000
1650394800000,1.07899,1.07918,1.07898,1.07906,862930000
1650395700000,1.07905,1.07906,1.07848,1.07849,1070180000
1650396600000,1.0785,1.0787,1.07828,1.07867,1792350000
1650397500000,1.07868,1.07896,1.07849,1.07887,2213810000
1650398400000,1.07886,1.07903,1.07848,1.07889,1361270000
1650399300000,1.07885,1.07909,1.07881,1.07903,388450000
1650400200000,1.07902,1.07903,1.07885,1.07891,260240000
1650401100000,1.0789,1.07919,1.07865,1.0788,491230000
1650402000000,1.0788,1.0788,1.07854,1.0786,839160000
1650402900000,1.0786,1.07873,1.07849,1.07872,527120000
1650403800000,1.0787,1.07903,1.07863,1.07894,2204740000
1650404700000,1.07896,1.07903,1.07882,1.07894,2555510000
1650405600000,1.0789,1.07902,1.07878,1.07882,751820000
1650406500000,1.07883,1.07916,1.07872,1.07914,1149710000
1650407400000,1.07916,1.07924,1.07888,1.07899,800790000
1650408300000,1.07898,1.07909,1.07881,1.07899,527200000
1650409200000,1.079,1.07905,1.07875,1.07878,945590000
1650410100000,1.07877,1.07922,1.07877,1.07882,720180000
1650411000000,1.07881,1.07909,1.07872,1.07905,561400000
1650411900000,1.07904,1.07952,1.07897,1.07941,734270000
1650412800000,1.07942,1.0797,1.07913,1.07928,1493040000
1650413700000,1.07927,1.07936,1.07875,1.07892,962630000
1650414600000,1.07892,1.07898,1.0787,1.07894,737750000
1650415500000,1.07894,1.07989,1.0788,1.07963,1687960000
1650416400000,1.07964,1.08009,1.0795,1.0798,2425860000
1650417300000,1.07979,1.07989,1.07839,1.07848,2208180000
1650418200000,1.07847,1.0788,1.07838,1.07865,2229660000
1650419100000,1.07865,1.0798,1.07861,1.07968,1780730000
1650420000000,1.07967,1.07984,1.07929,1.07936,1448210000
1650420900000,1.07937,1.08094,1.07925,1.08074,2078530000
1650421800000,1.08076,1.08085,1.08032,1.08058,2250880000
1650422700000,1.08058,1.08072,1.08043,1.08071,1629240000
1650423600000,1.08075,1.08135,1.08059,1.08135,2305050000
1650424500000,1.08134,1.08191,1.0809,1.08182,2291970000
1650425400000,1.08183,1.0822,1.08144,1.08212,1660110000
1650426300000,1.08211,1.08226,1.08138,1.08186,1570190000
1650427200000,1.08187,1.08209,1.0815,1.08188,1498820000
1650428100000,1.0819,1.08207,1.08148,1.08204,1607920000
1650429000000,1.08204,1.08221,1.08178,1.08196,1112500000
1650429900000,1.08195,1.08211,1.08168,1.08202,725580000
1650430800000,1.082,1.082,1.0814,1.08155,1085340000
1650431700000,1.08157,1.0818,1.08128,1.08144,1233780000
1650432600000,1.08145,1.08187,1.08128,1.08178,1020500000
1650433500000,1.08179,1.08192,1.08143,1.08164,1148220000
1650434400000,1.08163,1.0818,1.0811,1.08144,1438610000
1650435300000,1.08143,1.08159,1.08078,1.08093,1423480000
1650436200000,1.08094,1.08132,1.08092,1.08119,1027010000
1650437100000,1.08119,1.08142,1.08104,1.0813,1226980000
1650438000000,1.08131,1.08146,1.0807,1.08116,2182000000
1650438900000,1.08117,1.08184,1.0811,1.08131,1669140000
1650439800000,1.0813,1.08186,1.08104,1.08173,1491160000
1650440700000,1.08172,1.08177,1.08083,1.08091,1294060000
1650441600000,1.08091,1.08136,1.08057,1.08136,1071290000
1650442500000,1.08137,1.08201,1.08137,1.08189,948390000
1650443400000,1.0819,1.08362,1.08188,1.08353,1743710000
1650444300000,1.08354,1.08412,1.08288,1.08396,2019210000
1650445200000,1.08397,1.08432,1.0835,1.0835,1824820000
1650446100000,1.08351,1.08403,1.08295,1.08383,1299560000
1650447000000,1.08384,1.0867,1.0835,1.08584,3620210000
1650447900000,1.08585,1.08651,1.08538,1.08541,2038710000
1650448800000,1.08541,1.08626,1.0851,1.08622,1661580000
1650449700000,1.08622,1.08655,1.08564,1.08612,2342170000
1650450600000,1.08611,1.08651,1.08543,1.08551,1594830000
1650451500000,1.08552,1.08635,1.08547,1.08586,1641630000
1650452400000,1.08583,1.0859,1.08438,1.08446,1543630000
1650453300000,1.08446,1.08478,1.08397,1.08425,1431040000
1650454200000,1.08428,1.08468,1.08416,1.08426,997040000
1650455100000,1.08425,1.08438,1.0825,1.08265,3023870000
1650456000000,1.08265,1.08318,1.08265,1.08297,2051590000
1650456900000,1.08298,1.08322,1.0826,1.08319,1893620000
1650457800000,1.08318,1.08328,1.08205,1.08261,2372690000
1650458700000,1.08262,1.08307,1.08222,1.08289,2375830000
1650459600000,1.0829,1.08379,1.08219,1.08306,3417470000
1650460500000,1.08305,1.08385,1.08261,1.0838,2340890000
1650461400000,1.08379,1.08435,1.08299,1.08312,2886420000
1650462300000,1.08311,1.08417,1.08297,1.08415,2202420000
1650463200000,1.08414,1.08596,1.08413,1.08592,3347260000
1650464100000,1.08593,1.08641,1.08522,1.08531,2940790000
1650465000000,1.08533,1.08533,1.08429,1.08483,2749230000
1650465900000,1.08482,1.08657,1.08478,1.08645,2915890000
1650466800000,1.08643,1.08661,1.08528,1.08549,2155040000
1650467700000,1.08549,1.08588,1.0853,1.08567,1558820000
1650468600000,1.08566,1.08569,1.08466,1.08522,1534690000
1650469500000,1.08523,1.08608,1.08522,1.08546,1483040000
1650470400000,1.08545,1.08572,1.08528,1.08569,883820000
1650471300000,1.0857,1.08598,1.08528,1.08561,1699220000
1650472200000,1.08559,1.08591,1.08539,1.0854,1226810000
1650473100000,1.08538,1.08554,1.08408,1.08428,947370000
1650474000000,1.08428,1.0848,1.0841,1.08439,1710380000
1650474900000,1.08437,1.0849,1.08397,1.08469,1379890000
1650475800000,1.08471,1.08505,1.08439,1.0848,1596070000
1650476700000,1.0848,1.08523,1.08469,1.08515,1258720000
1650477600000,1.08515,1.08573,1.0851,1.08544,1573270000
1650478500000,1.08543,1.08549,1.08496,1.08511,1138610000
1650479400000,1.08512,1.0852,1.08404,1.0843,1736180000
1650480300000,1.08429,1.08457,1.08401,1.08412,1857140000
1650481200000,1.08411,1.08456,1.08406,1.08456,1886690000
1650482100000,1.08457,1.0851,1.08443,1.08498,1125350000
1650483000000,1.08498,1.08508,1.08457,1.08505,934830000
1650483900000,1.08506,1.08543,1.08484,1.08535,1340790000
1650484800000,1.08535,1.08544,1.08514,1.08517,673620000
1650485700000,1.08517,1.08522,1.0849,1.08492,238010000
1650486600000,1.08492,1.08494,1.08476,1.08494,342560000
1650487500000,1.08493,1.08548,1.08487,1.08514,470270000
1650488400000,1.08505,1.0852,1.08395,1.08478,719680000
1650489300000,1.0848,1.08494,1.08476,1.08488,3562110000
1650490200000,1.08489,1.08509,1.08489,1.0849,130810000
1650491100000,1.08491,1.08512,1.08486,1.08506,327710000
1650492000000,1.08508,1.08543,1.08482,1.08482,979049800
1650492900000,1.08482,1.08486,1.08458,1.08473,1366900000
1650493800000,1.08473,1.08539,1.08471,1.08534,982060000
1650494700000,1.08535,1.08539,1.08507,1.08527,2479730000
1650495600000,1.08527,1.08544,1.08514,1.0852,1360470000
1650496500000,1.08518,1.08531,1.08502,1.08516,1172890000
1650497400000,1.08515,1.08519,1.08485,1.08492,1512990000
1650498300000,1.08491,1.08497,1.08467,1.08493,2166030000
1650499200000,1.08491,1.08505,1.08444,1.08444,2735080000
1650500100000,1.08445,1.08447,1.08396,1.08412,2453740000
1650501000000,1.08412,1.08421,1.08383,1.08391,3029790000
1650501900000,1.08394,1.08415,1.08311,1.08355,4902980000
1650502800000,1.08356,1.08406,1.08349,1.08398,4645150000
1650503700000,1.08398,1.08435,1.0839,1.084,4277030000
1650504600000,1.084,1.08406,1.08345,1.08374,3203000000
1650505500000,1.08374,1.0841,1.0835,1.08376,3214320000
1650506400000,1.08376,1.08376,1.08298,1.08304,2400550000
1650507300000,1.08308,1.08359,1.08308,1.08321,1219680000
1650508200000,1.0832,1.08332,1.08306,1.08325,1025080000
1650509100000,1.08323,1.08323,1.08242,1.0826,2645650000
1650510000000,1.08258,1.08301,1.08234,1.08292,1569350000
1650510900000,1.0829,1.08304,1.08261,1.08286,1890280000
1650511800000,1.08287,1.08316,1.08272,1.08311,1589510000
1650512700000,1.08311,1.08312,1.08252,1.08304,2227770000
1650513600000,1.08305,1.08323,1.08296,1.08321,1929380000
1650514500000,1.08322,1.08352,1.08319,1.08326,1607750000
1650515400000,1.08325,1.08343,1.08313,1.08328,1432110000
1650516300000,1.08329,1.08331,1.08289,1.08321,1378900000
1650517200000,1.0832,1.08445,1.08315,1.08441,4435590000
1650518100000,1.08443,1.08481,1.08428,1.0846,4283830000
1650519000000,1.08461,1.08477,1.08438,1.08457,3115920000
1650519900000,1.08457,1.08517,1.08452,1.08468,3359360000
1650520800000,1.08468,1.08551,1.08459,1.08515,3823360000
1650521700000,1.08519,1.086,1.08495,1.08577,3092670000
1650522600000,1.0858,1.08978,1.08568,1.08955,9258510000
1650523500000,1.08954,1.09035,1.08909,1.09021,4304470000
1650524400000,1.0902,1.09031,1.08878,1.09004,4834750000
1650525300000,1.09003,1.09157,1.09003,1.09137,4156380000
1650526200000,1.09138,1.09288,1.09074,1.09226,4768860000
1650527100000,1.09225,1.09362,1.09199,1.0927,5025480000
1650528000000,1.0927,1.09282,1.09165,1.09222,3507750000
1650528900000,1.09222,1.09229,1.09131,1.09133,3108500000
1650529800000,1.09134,1.0925,1.09112,1.09247,3243530000
1650530700000,1.09245,1.09298,1.09211,1.09211,2831660000
1650531600000,1.09212,1.09251,1.09179,1.09207,2223280000
1650532500000,1.09208,1.09245,1.09146,1.09165,2068060000
1650533400000,1.09164,1.09203,1.09109,1.09122,2465380000
1650534300000,1.09123,1.09145,1.0908,1.09141,2227060000
1650535200000,1.0914,1.09183,1.09114,1.09154,2104210000
1650536100000,1.09154,1.09216,1.0914,1.09145,2737030000
1650537000000,1.09144,1.09163,1.09039,1.09041,2603200000
1650537900000,1.0904,1.09078,1.08998,1.09003,2660810000
1650538800000,1.09003,1.09011,1.0887,1.08896,2453420000
1650539700000,1.08895,1.08918,1.08768,1.08831,2635630000
1650540600000,1.08831,1.08858,1.08774,1.08776,2443040000
1650541500000,1.08775,1.08843,1.08744,1.08797,2953020000
1650542400000,1.08801,1.08871,1.08791,1.08871,2343710000
1650543300000,1.0887,1.08877,1.08804,1.08835,2037040000
1650544200000,1.08837,1.08898,1.08756,1.08882,3201290000
1650545100000,1.08879,1.08933,1.08859,1.0891,2400770000
1650546000000,1.0891,1.0894,1.08851,1.08919,4075650000
1650546900000,1.08919,1.08958,1.08833,1.08938,4167760000
1650547800000,1.0893,1.0896,1.08818,1.0885,2922610000
1650548700000,1.08847,1.08861,1.08705,1.08719,2654060000
1650549600000,1.08718,1.08748,1.08624,1.08715,3203480000
1650550500000,1.08714,1.08758,1.08691,1.08702,2050940000
1650551400000,1.08701,1.08733,1.08641,1.08663,1949050000
1650552300000,1.08662,1.08664,1.08411,1.08427,3366960000
1650553200000,1.08427,1.08526,1.08422,1.08511,2301120000
1650554100000,1.08512,1.08589,1.08507,1.08572,1985240000
1650555000000,1.08572,1.08595,1.08473,1.08484,2976420000
1650555900000,1.08485,1.08504,1.08367,1.08419,2251410000
1650556800000,1.08419,1.08456,1.08363,1.08385,1659990000
1650557700000,1.08386,1.08425,1.0833,1.08353,1742680000
1650558600000,1.08351,1.08498,1.08339,1.08479,1859610000
1650559500000,1.0848,1.08484,1.08404,1.08435,1592850000
1650560400000,1.08436,1.08482,1.08374,1.08477,1413430000
1650561300000,1.08476,1.08563,1.08384,1.08537,3685470000
1650562200000,1.08536,1.08582,1.08481,1.08547,3698060000
1650563100000,1.08547,1.08572,1.08492,1.08496,4333490000
1650564000000,1.08496,1.08511,1.08428,1.08431,3836890000
1650564900000,1.08432,1.08451,1.08403,1.08404,2075090000
1650565800000,1.08403,1.08485,1.08379,1.08443,2650600000
1650566700000,1.08442,1.08456,1.08377,1.08384,2058940000
1650567600000,1.08382,1.08419,1.08353,1.08363,1667100000
1650568500000,1.08364,1.08375,1.08328,1.08363,1880330000
1650569400000,1.08363,1.08363,1.08311,1.08319,1106790000
1650570300000,1.0832,1.08401,1.08305,1.08383,1264020000
1650571200000,1.08385,1.08417,1.08358,1.08367,1038350000
1650572100000,1.08368,1.08421,1.08368,1.08401,648420000
1650573000000,1.08401,1.08406,1.08361,1.08363,370720000
1650573900000,1.08366,1.08372,1.08305,1.0832,1136630000
1650574800000,1.0832,1.08375,1.0832,1.08347,658660000
1650575700000,1.08348,1.08349,1.08337,1.08342,162420000
1650576600000,1.08344,1.08381,1.08341,1.08372,1944690000
1650577500000,1.08373,1.08381,1.08352,1.08359,3059881000
1650578400000,1.08359,1.0836,1.08329,1.08337,786630000
1650579300000,1.08337,1.08362,1.08327,1.08347,582170000
1650580200000,1.08347,1.08369,1.08328,1.08362,339400000
1650581100000,1.08362,1.08397,1.08358,1.08394,1451180000
1650582000000,1.08394,1.084,1.08346,1.08362,1930940000
1650582900000,1.08364,1.08379,1.08345,1.08355,1152810000
1650583800000,1.08355,1.08369,1.08342,1.08353,1218800000
1650584700000,1.08353,1.08369,1.08336,1.08349,2187030000
1650585600000,1.08349,1.08416,1.08325,1.08375,3186230000
1650586500000,1.08375,1.08401,1.08369,1.08381,1953890000
1650587400000,1.0838,1.08429,1.0835,1.08353,1879910000
1650588300000,1.08353,1.08392,1.08318,1.08373,4145060000
1650589200000,1.08373,1.08426,1.08358,1.08423,3174830000
1650590100000,1.08424,1.08465,1.08421,1.08431,4524730000
1650591000000,1.0843,1.08453,1.08389,1.08406,2779790000
1650591900000,1.08405,1.08407,1.0836,1.08406,2745050000
1650592800000,1.08407,1.0842,1.08389,1.08397,2111400000
1650593700000,1.08397,1.08409,1.08389,1.08401,1727530000
1650594600000,1.08401,1.08402,1.08382,1.08395,1002600000
1650595500000,1.08394,1.08445,1.08348,1.08406,3081150000
1650596400000,1.08407,1.08411,1.08308,1.08356,3077890000
1650597300000,1.08355,1.0841,1.08354,1.08389,3338860000
1650598200000,1.08388,1.08419,1.08382,1.08407,2146290000
1650599100000,1.08406,1.08417,1.08389,1.08413,1522260000
1650600000000,1.08413,1.08439,1.08407,1.08408,1452240000
1650600900000,1.08407,1.08504,1.08407,1.08447,2982450000
1650601800000,1.08448,1.08467,1.08426,1.08447,2145810000
1650602700000,1.08448,1.08457,1.08412,1.08456,1463240000
1650603600000,1.08454,1.08515,1.08449,1.08473,2701250000
1650604500000,1.08474,1.08487,1.08418,1.08423,2148450000
1650605400000,1.08422,1.0847,1.08386,1.0844,2201870000
1650606300000,1.08441,1.08478,1.08419,1.08458,2889000000
1650607200000,1.08456,1.08514,1.08414,1.08485,4586790000
1650608100000,1.08483,1.08487,1.08415,1.08424,2670240000
1650609000000,1.08424,1.08471,1.08394,1.08408,2331530000
1650609900000,1.08409,1.08417,1.08249,1.0826,3209970000
1650610800000,1.08259,1.08287,1.08044,1.08044,5313300000
1650611700000,1.08044,1.08172,1.08044,1.0811,4308610000
1650612600000,1.08112,1.08165,1.08075,1.08095,3263010000
1650613500000,1.08097,1.08128,1.08028,1.08063,3250770000
1650614400000,1.0807,1.08112,1.07951,1.08024,4389340000
1650615300000,1.08024,1.0804,1.07905,1.07931,3786950000
1650616200000,1.07929,1.07992,1.07902,1.07931,3239670000
1650617100000,1.07932,1.08016,1.07919,1.07982,1801000000
1650618000000,1.07984,1.08027,1.07921,1.08021,2317990000
1650618900000,1.0802,1.08086,1.0802,1.08047,2474100000
1650619800000,1.08046,1.08057,1.07983,1.08025,2924730000
1650620700000,1.08025,1.08058,1.07973,1.08056,2870050000
1650621600000,1.08055,1.0806,1.0802,1.08035,2124870000
1650622500000,1.08033,1.08062,1.07992,1.08043,1689970000
1650623400000,1.08042,1.08067,1.08021,1.08051,1605250000
1650624300000,1.0805,1.08157,1.08049,1.08157,1749350000
1650625200000,1.08155,1.0823,1.08142,1.08208,1910960000
1650626100000,1.08208,1.0825,1.08186,1.08212,2235490000
1650627000000,1.08213,1.08247,1.0818,1.08246,1734240000
1650627900000,1.08248,1.08248,1.08186,1.08212,2023260000
1650628800000,1.08214,1.08214,1.08153,1.08167,1980810000
1650629700000,1.08171,1.08231,1.08151,1.08178,2824310000
1650630600000,1.08179,1.08229,1.08159,1.08198,2486580000
1650631500000,1.08199,1.08224,1.08149,1.08192,2437970000
1650632400000,1.08194,1.08448,1.08185,1.08259,4781310000
1650633300000,1.08258,1.08321,1.08221,1.08262,2945360000
1650634200000,1.08261,1.08261,1.08074,1.08116,4543610000
1650635100000,1.08114,1.08175,1.08024,1.0806,4996070000
1650636000000,1.0806,1.08168,1.08006,1.08055,3508040000
1650636900000,1.08057,1.08065,1.07986,1.07996,3512970000
1650637800000,1.07998,1.08002,1.07834,1.07871,4811300000
1650638700000,1.07874,1.07906,1.07754,1.0776,4576360000
1650639600000,1.07761,1.07811,1.07732,1.07752,4213630000
1650640500000,1.0775,1.07859,1.07707,1.07852,3417040000
1650641400000,1.0785,1.07897,1.07813,1.07852,1953060000
1650642300000,1.07851,1.07919,1.07833,1.07888,1943580000
1650643200000,1.0789,1.07917,1.07818,1.07831,1228760000
1650644100000,1.07832,1.07838,1.07762,1.07778,978620000
1650645000000,1.07778,1.07853,1.07778,1.07825,1355010000
1650645900000,1.07825,1.07854,1.07791,1.07793,2226810000
1650646800000,1.07793,1.07863,1.07783,1.07828,1330890000
1650647700000,1.07829,1.07868,1.07817,1.07861,944620000
1650648600000,1.07861,1.0795,1.0786,1.07925,1675720000
1650649500000,1.07924,1.07941,1.07868,1.07877,1280080000
1650650400000,1.07875,1.07936,1.07863,1.0788,2890110000
1650651300000,1.0788,1.07949,1.07875,1.07923,2235580000
1650652200000,1.07922,1.07948,1.07873,1.07945,1573400000
1650653100000,1.07946,1.07949,1.07846,1.07861,1823440000
1650654000000,1.07863,1.0792,1.07863,1.07905,1548530000
1650654900000,1.07904,1.0795,1.07891,1.07941,1367620000
1650655800000,1.0794,1.08002,1.07934,1.07964,1416510000
1650656700000,1.07963,1.07963,1.07904,1.07932,1726800000
1650657600000,1.07929,1.07984,1.07908,1.07962,1221530000
1650658500000,1.07966,1.08002,1.07966,1.07996,714490000
1650659400000,1.07996,1.07996,1.07967,1.07986,426090000
1650660300000,1.07986,1.08021,1.07947,1.07947,976650000
1650834000000,1.08041,1.08053,1.07968,1.07982,232157000
1650834900000,1.07987,1.08099,1.07987,1.08068,359770000
1650835800000,1.08072,1.08072,1.08017,1.0805,82592000
1650836700000,1.0805,1.08076,1.08031,1.08066,310256400
1650837600000,1.08067,1.08153,1.08004,1.08006,2812120000
1650838500000,1.08009,1.08028,1.07997,1.08004,2034530000
1650839400000,1.08004,1.08017,1.0796,1.0801,1468650000
1650840300000,1.08011,1.08069,1.0801,1.08063,1138450000
1650841200000,1.08061,1.08098,1.0804,1.08095,1175280000
1650842100000,1.08096,1.0811,1.08046,1.08099,2063270000
1650843000000,1.08098,1.08121,1.08086,1.08091,946930000
1650843900000,1.08092,1.08116,1.08072,1.08093,1331350000
1650844800000,1.08093,1.08119,1.07998,1.08045,4593490000
1650845700000,1.08046,1.08072,1.08017,1.08052,2246060000
1650846600000,1.08054,1.08101,1.08019,1.08056,2464250000
1650847500000,1.08057,1.08066,1.08003,1.0802,4499620000
1650848400000,1.0802,1.08044,1.07962,1.07975,3181650000
1650849300000,1.07976,1.08041,1.07972,1.07986,3423590000
1650850200000,1.07986,1.07995,1.07893,1.079,5068650000
1650851100000,1.07901,1.07918,1.07836,1.0787,3850110000
1650852000000,1.07871,1.07888,1.07828,1.07838,2552570000
1650852900000,1.07838,1.07862,1.07803,1.07816,2457310000
1650853800000,1.07817,1.07835,1.07772,1.0778,2245540000
1650854700000,1.07781,1.07841,1.0778,1.07812,2748830000
1650855600000,1.07813,1.07855,1.07799,1.07845,1893860000
1650856500000,1.07845,1.07881,1.0783,1.07881,2717530000
1650857400000,1.07881,1.07882,1.07837,1.07841,1649770000
1650858300000,1.07841,1.07852,1.07814,1.07814,633890000
1650859200000,1.07812,1.0785,1.07812,1.07847,872220000
1650860100000,1.07846,1.07853,1.07821,1.07837,999330000
1650861000000,1.07835,1.07839,1.07779,1.07803,2253550000
1650861900000,1.07802,1.07804,1.07724,1.07741,1884200000
1650862800000,1.07743,1.07763,1.0772,1.07733,2186880000
1650863700000,1.07732,1.0776,1.0772,1.07746,1924410000
1650864600000,1.07746,1.07786,1.07711,1.0777,3090470000
1650865500000,1.07769,1.07777,1.07683,1.07754,2849050000
1650866400000,1.07754,1.07778,1.07323,1.07366,6034700000
1650867300000,1.07365,1.07434,1.07217,1.07239,8574160000
1650868200000,1.07237,1.07276,1.07067,1.07222,5526880000
1650869100000,1.07222,1.07297,1.07118,1.07142,7186200000
1650870000000,1.07143,1.07268,1.07135,1.07203,7172610000
1650870900000,1.07202,1.07361,1.07177,1.07328,5631830000
1650871800000,1.07326,1.07382,1.07286,1.07317,3724550000
1650872700000,1.07318,1.07408,1.07307,1.07383,3178460000
1650873600000,1.07382,1.07521,1.07366,1.07373,4783350000
1650874500000,1.07375,1.07492,1.07337,1.07491,3092850000
1650875400000,1.07491,1.07542,1.0745,1.07453,3740270000
1650876300000,1.07452,1.07488,1.07376,1.07448,3152310000
1650877200000,1.0745,1.07488,1.07405,1.07437,2562940000
1650878100000,1.07439,1.0746,1.07357,1.07417,2837300000
1650879000000,1.07417,1.0746,1.07345,1.07456,1724760000
1650879900000,1.07456,1.07463,1.07301,1.07306,2488430000
1650880800000,1.0731,1.07336,1.07239,1.07336,2216690000
1650881700000,1.07337,1.07366,1.07251,1.07292,2236370000
1650882600000,1.07292,1.07351,1.0725,1.07251,3265520000
1650883500000,1.07254,1.073,1.07197,1.07242,2823550000
1650884400000,1.07242,1.07291,1.07198,1.07267,2674460000
1650885300000,1.07266,1.07477,1.07221,1.07362,9335540000
1650886200000,1.07362,1.07476,1.07316,1.07396,8170650000
1650887100000,1.07396,1.07522,1.07381,1.07495,4983140000
1650888000000,1.07494,1.07581,1.07418,1.07456,7597080000
1650888900000,1.07461,1.07541,1.07439,1.07439,6520040000
1650889800000,1.07441,1.07463,1.07388,1.07394,4653700000
1650890700000,1.07393,1.0746,1.0732,1.07426,5322840000
1650891600000,1.07428,1.07434,1.0727,1.07283,4160590000
1650892500000,1.07281,1.07355,1.0725,1.07256,3302590000
1650893400000,1.07257,1.07293,1.07168,1.07233,3777020000
1650894300000,1.07232,1.07291,1.07155,1.07228,5507230000
1650895200000,1.07227,1.07287,1.0715,1.07232,4471400000
1650896100000,1.07234,1.07251,1.07093,1.07145,4621000000
1650897000000,1.07146,1.07199,1.07099,1.07126,4069480000
1650897900000,1.07127,1.07156,1.06967,1.07072,5544510000
1650898800000,1.07071,1.07137,1.07036,1.07106,4471090000
1650899700000,1.07109,1.07164,1.07063,1.07084,4430710000
1650900600000,1.07082,1.07082,1.06987,1.07045,5153550000
1650901500000,1.07047,1.0709,1.07027,1.07029,3383000000
1650902400000,1.07028,1.07173,1.06966,1.07158,3730850000
1650903300000,1.07159,1.07185,1.07102,1.0711,1604230000
1650904200000,1.07107,1.07163,1.07091,1.07128,2016840000
1650905100000,1.07129,1.07188,1.07125,1.07151,1515430000
1650906000000,1.0715,1.07169,1.07086,1.07166,2898010000
1650906900000,1.07167,1.07183,1.07136,1.07157,2771120000
1650907800000,1.07159,1.07181,1.07138,1.0716,1214660000
1650908700000,1.07161,1.07171,1.07119,1.07131,875640000
1650909600000,1.07131,1.07165,1.07097,1.0715,1366180000
1650910500000,1.07147,1.07151,1.07102,1.07148,981400000
1650911400000,1.07146,1.07189,1.07141,1.07159,1407040000
1650912300000,1.07159,1.07185,1.07093,1.07094,1538790000
1650913200000,1.07093,1.07094,1.07047,1.07063,1732330000
1650914100000,1.07065,1.07176,1.07058,1.07171,1186230000
1650915000000,1.0717,1.07182,1.07159,1.07173,1181140000
1650915900000,1.07171,1.07174,1.07129,1.07136,890110000
1650916800000,1.07135,1.07149,1.07097,1.07097,455120000
1650917700000,1.07098,1.07139,1.07091,1.07128,350760000
1650918600000,1.07129,1.07131,1.07098,1.07107,86800000
1650919500000,1.07107,1.07121,1.071,1.07114,365460000
1650920400000,1.0711,1.07125,1.07108,1.07112,149590000
1650921300000,1.07111,1.07132,1.07108,1.07126,90000000
1650922200000,1.07126,1.07127,1.07117,1.07121,229080000
1650923100000,1.07121,1.0713,1.0712,1.07121,128380000
1650924000000,1.07124,1.07138,1.07103,1.07131,1383404000
1650924900000,1.07132,1.07135,1.07106,1.07122,1365210000
1650925800000,1.07119,1.07147,1.07098,1.07099,1351390000
1650926700000,1.07101,1.07136,1.07095,1.07129,1024530000
1650927600000,1.07128,1.07133,1.07075,1.07081,1630200000
1650928500000,1.0708,1.07096,1.07069,1.07074,1454510000
1650929400000,1.07074,1.07121,1.07069,1.0712,1581180000
1650930300000,1.0712,1.07144,1.07111,1.07124,2580500000
1650931200000,1.07124,1.07166,1.07114,1.07149,4543580000
1650932100000,1.0715,1.07247,1.0713,1.07247,3794320000
1650933000000,1.07246,1.07261,1.07225,1.07253,4530920000
1650933900000,1.07253,1.07313,1.07226,1.07302,3837100000
1650934800000,1.07301,1.07336,1.07279,1.07333,2230880000
1650935700000,1.07334,1.07334,1.07205,1.07237,3394760000
1650936600000,1.07236,1.07315,1.07231,1.07305,3176960000
1650937500000,1.07305,1.07308,1.0723,1.07248,3672610000
1650938400000,1.07249,1.07286,1.07238,1.0725,1712590000
1650939300000,1.07251,1.07307,1.07239,1.07304,1434160000
1650940200000,1.07305,1.07315,1.0725,1.07271,2988610000
1650941100000,1.07272,1.07311,1.07265,1.07298,2201450000
1650942000000,1.07299,1.07356,1.07295,1.07322,2454990000
1650942900000,1.07322,1.07368,1.07318,1.07367,1908770000
1650943800000,1.07366,1.07386,1.07332,1.07341,2777440000
1650944700000,1.07342,1.07355,1.0731,1.07321,2032460000
1650945600000,1.07322,1.07333,1.07286,1.0731,2297680000
1650946500000,1.0731,1.0733,1.0729,1.0729,1057490000
1650947400000,1.07294,1.07305,1.07266,1.07283,1050840000
1650948300000,1.07281,1.07283,1.07264,1.07279,1178970000
1650949200000,1.07278,1.07283,1.07225,1.07265,1263840000
1650950100000,1.07265,1.07267,1.07227,1.0725,688640000
1650951000000,1.0725,1.07334,1.07244,1.07329,2348440000
1650951900000,1.07327,1.07329,1.07284,1.07314,1432010000
1650952800000,1.07314,1.07343,1.07175,1.07207,4291170000
1650953700000,1.07207,1.07207,1.0707,1.07145,4215170000
1650954600000,1.07145,1.07156,1.07073,1.07087,3325960000
1650955500000,1.07088,1.07119,1.07003,1.07035,4760500000
1650956400000,1.07035,1.0711,1.06981,1.07056,6986190000
1650957300000,1.07054,1.07072,1.06822,1.06911,7075120000
1650958200000,1.06912,1.06984,1.06801,1.0681,7101160000
1650959100000,1.06811,1.06865,1.06754,1.0676,5349960000
1650960000000,1.06759,1.06847,1.06725,1.06787,6290220000
1650960900000,1.06787,1.0692,1.06779,1.06895,4358620000
1650961800000,1.06896,1.06919,1.06821,1.06854,3896950000
1650962700000,1.06853,1.06902,1.06784,1.06809,4019690000
1650963600000,1.06811,1.06915,1.06808,1.06905,2621780000
1650964500000,1.06906,1.06952,1.06865,1.06945,2032540000
1650965400000,1.06946,1.06963,1.06906,1.06917,2375320000
1650966300000,1.06916,1.0697,1.06843,1.06865,2738640000
1650967200000,1.06865,1.06871,1.06811,1.06828,1835520000
1650968100000,1.06828,1.06907,1.06787,1.0689,2634660000
1650969000000,1.06891,1.06937,1.06861,1.06902,1710820000
1650969900000,1.06902,1.06971,1.06882,1.06893,2444120000
1650970800000,1.06894,1.06897,1.06815,1.06856,2442650000
1650971700000,1.06854,1.06939,1.06847,1.06862,1847320000
1650972600000,1.06862,1.0687,1.0681,1.06837,1366800000
1650973500000,1.06838,1.06866,1.06692,1.06706,3198160000
1650974400000,1.06705,1.06768,1.06705,1.06741,2324410000
1650975300000,1.06741,1.06751,1.06704,1.06743,2008800000
1650976200000,1.06741,1.06771,1.06701,1.06744,3039190000
1650977100000,1.06745,1.06836,1.06729,1.0679,4161330000
1650978000000,1.06789,1.06822,1.06717,1.06727,3596680000
1650978900000,1.06726,1.06829,1.06637,1.06814,2962470000
1650979800000,1.06816,1.06853,1.0676,1.06805,2958900000
1650980700000,1.06804,1.06813,1.06724,1.06744,2101210000
1650981600000,1.06745,1.06749,1.06626,1.06723,3150000000
1650982500000,1.06721,1.06774,1.06685,1.06763,2157210000
1650983400000,1.06764,1.06764,1.06417,1.06444,3730090000
1650984300000,1.06445,1.06565,1.06435,1.06501,4003250000
1650985200000,1.06501,1.06634,1.0647,1.06551,2812760000
1650986100000,1.06553,1.0662,1.06527,1.06612,2271830000
1650987000000,1.06611,1.06634,1.06556,1.06621,1815010000
1650987900000,1.0662,1.06627,1.06551,1.06591,1357880000
1650988800000,1.0659,1.0664,1.06576,1.06607,1642560000
1650989700000,1.06609,1.06649,1.06603,1.06645,1331210000
1650990600000,1.06644,1.06646,1.06535,1.06558,1301260000
1650991500000,1.06559,1.06621,1.06546,1.06591,1243190000
1650992400000,1.06592,1.06614,1.06518,1.06535,1493690000
1650993300000,1.06536,1.06566,1.06522,1.0655,1142320000
1650994200000,1.06548,1.06567,1.06511,1.06546,544280000
1650995100000,1.06548,1.0656,1.06457,1.06467,782300000
1650996000000,1.06465,1.06485,1.06437,1.06453,1176350000
1650996900000,1.06454,1.06511,1.06445,1.06507,984800000
1650997800000,1.06506,1.06506,1.06419,1.06424,1396650000
1650998700000,1.06424,1.06455,1.06406,1.06446,773350000
1650999600000,1.06447,1.06474,1.06414,1.06429,818980000
1651000500000,1.0643,1.06441,1.06394,1.06399,1155390000
1651001400000,1.064,1.06409,1.06387,1.06407,384960000
1651002300000,1.06405,1.06447,1.06383,1.06438,1043100000
1651003200000,1.06437,1.06437,1.06383,1.06391,1913390000
1651004100000,1.0639,1.06396,1.06373,1.06393,1304380000
1651005000000,1.06392,1.06396,1.06378,1.06383,610660000
1651005900000,1.06384,1.06395,1.06356,1.0637,881110000
1651006800000,1.06367,1.0637,1.0636,1.06365,291610000
1651007700000,1.06365,1.06387,1.06365,1.06367,373780000
1651008600000,1.06369,1.06379,1.06367,1.06373,239950000
1651009500000,1.06371,1.06389,1.0637,1.06378,524938000
1651010400000,1.06377,1.06426,1.06372,1.06392,1735090000
1651011300000,1.06391,1.06397,1.06348,1.06383,2762330000
1651012200000,1.06383,1.06428,1.06379,1.06421,1612550000
1651013100000,1.06422,1.06454,1.0642,1.06446,1263990000
1651014000000,1.06451,1.06455,1.06435,1.06449,2340750000
1651014900000,1.06448,1.0647,1.06442,1.06468,1303090000
1651015800000,1.0647,1.06478,1.06445,1.06449,1698910000
1651016700000,1.06449,1.06465,1.06422,1.06424,1311510000
1651017600000,1.06425,1.06468,1.06399,1.06448,1333040000
1651018500000,1.06447,1.06448,1.06381,1.06394,1635830000
1651019400000,1.06393,1.064,1.06349,1.06368,1221260000
1651020300000,1.0637,1.06435,1.06365,1.06435,2546060000
1651021200000,1.06434,1.06451,1.06384,1.06399,1708620000
1651022100000,1.06396,1.06448,1.06395,1.064,1604820000
1651023000000,1.064,1.06448,1.06366,1.06372,3407520000
1651023900000,1.0637,1.06466,1.0636,1.06465,3689910000
1651024800000,1.06465,1.06534,1.06454,1.06513,2535460000
1651025700000,1.06514,1.06515,1.0646,1.0647,2010120000
1651026600000,1.0647,1.06475,1.06443,1.06473,1759900000
1651027500000,1.06472,1.06484,1.0634,1.06344,2885810000
1651028400000,1.06344,1.06425,1.06336,1.06398,3020200000
1651029300000,1.06398,1.06421,1.0639,1.06406,1982930000
1651030200000,1.06406,1.06438,1.06396,1.06411,1540370000
1651031100000,1.0641,1.06425,1.0639,1.06406,1359060000
1651032000000,1.06405,1.06417,1.06377,1.06399,1290170000
1651032900000,1.06399,1.06419,1.06376,1.06415,1102010000
1651033800000,1.06417,1.06453,1.06416,1.06437,1151760000
1651034700000,1.06439,1.06502,1.06435,1.06496,1537580000
1651035600000,1.06492,1.06512,1.06473,1.06506,1443480000
1651036500000,1.06503,1.0654,1.06496,1.06535,2074870000
1651037400000,1.06535,1.06546,1.06492,1.06535,2175950000
1651038300000,1.06536,1.06545,1.06475,1.06505,1722340000
1651039200000,1.06502,1.06517,1.06207,1.06277,6626960000
1651040100000,1.06278,1.06346,1.06227,1.06238,6118840000
1651041000000,1.06238,1.06319,1.06161,1.06237,5922790000
1651041900000,1.06235,1.06294,1.06172,1.06205,6043360000
1651042800000,1.06204,1.06286,1.06181,1.06194,6630880000
1651043700000,1.06193,1.06201,1.05882,1.05885,6427980000
1651044600000,1.05885,1.06099,1.0588,1.06091,5264150000
1651045500000,1.06092,1.06243,1.06075,1.06237,3105380000
1651046400000,1.06238,1.06248,1.06111,1.06164,3328770000
1651047300000,1.06163,1.06241,1.06122,1.06124,2523240000
1651048200000,1.06123,1.06144,1.05997,1.06008,2519870000
1651049100000,1.0601,1.06102,1.05854,1.05886,5127240000
1651050000000,1.05886,1.06047,1.0586,1.06021,6899790000
1651050900000,1.0602,1.06158,1.05956,1.06133,4543010000
1651051800000,1.06133,1.06197,1.06059,1.06196,3494300000
1651052700000,1.06193,1.06207,1.06123,1.06132,2839020000
1651053600000,1.06138,1.06207,1.06069,1.06083,2879180000
1651054500000,1.06085,1.06226,1.06054,1.06226,3400590000
1651055400000,1.06224,1.06226,1.06113,1.06138,3170170000
1651056300000,1.06138,1.06152,1.06034,1.06104,5640290000
1651057200000,1.06103,1.06106,1.06016,1.06055,3305280000
1651058100000,1.06055,1.06055,1.05926,1.05932,3137340000
1651059000000,1.05934,1.05947,1.05854,1.05888,3172100000
1651059900000,1.05886,1.05917,1.05806,1.05844,4002850000
1651060800000,1.05845,1.05857,1.05739,1.05831,4979570000
1651061700000,1.05833,1.05855,1.05714,1.05736,4124300000
1651062600000,1.05734,1.05739,1.05549,1.0555,4488460000
1651063500000,1.05549,1.05586,1.05451,1.05553,5070430000
1651064400000,1.05553,1.0561,1.05421,1.05421,4203730000
1651065300000,1.05425,1.05466,1.05333,1.05388,3489090000
1651066200000,1.05386,1.05546,1.05386,1.05465,5027280000
1651067100000,1.05467,1.05566,1.05433,1.05482,4099950000
1651068000000,1.05481,1.05537,1.05362,1.05362,5127260000
1651068900000,1.05361,1.05469,1.05343,1.05343,4441640000
1651069800000,1.05341,1.05393,1.05249,1.0531,4198550000
1651070700000,1.05309,1.05349,1.05148,1.05148,3392190000
1651071600000,1.05147,1.05298,1.05145,1.05284,4051410000
1651072500000,1.05283,1.05452,1.05283,1.05427,4065250000
1651073400000,1.05428,1.05539,1.05428,1.05482,2429770000
1651074300000,1.05482,1.0554,1.05438,1.05453,2474910000
1651075200000,1.05454,1.05585,1.05453,1.05517,1189690000
1651076100000,1.05519,1.05658,1.05505,1.05632,1763990000
1651077000000,1.05635,1.05661,1.05602,1.05635,1204630000
1651077900000,1.05636,1.05711,1.05627,1.05627,1439250000
1651078800000,1.05629,1.05682,1.05582,1.05675,2137070000
1651079700000,1.05676,1.05696,1.05623,1.05687,1794050000
1651080600000,1.05688,1.05721,1.05672,1.05681,976590000
1651081500000,1.05682,1.0571,1.05646,1.05703,1107570000
1651082400000,1.05703,1.05722,1.05683,1.05711,1453380000
1651083300000,1.05712,1.05712,1.05597,1.05611,1334440000
1651084200000,1.0561,1.05628,1.05557,1.05616,1321560000
1651085100000,1.05617,1.05659,1.056,1.05606,1732860000
1651086000000,1.05608,1.05621,1.05562,1.05597,1730470000
1651086900000,1.05596,1.05604,1.05547,1.05552,2250430000
1651087800000,1.05551,1.05581,1.05535,1.05578,1530090000
1651088700000,1.05576,1.05585,1.05536,1.05582,2046930000
1651089600000,1.05583,1.05598,1.05573,1.05585,636780000
1651090500000,1.05587,1.056,1.05575,1.05599,382760000
1651091400000,1.05598,1.05602,1.05558,1.05566,439870000
1651092300000,1.05566,1.05606,1.05563,1.05575,600080000
1651093200000,1.05575,1.05627,1.05575,1.05587,214300000
1651094100000,1.05585,1.05585,1.05545,1.05553,271470000
1651095000000,1.05557,1.05569,1.05524,1.05546,448060000
1651095900000,1.05546,1.05557,1.05532,1.05547,182830000
1651096800000,1.05551,1.05572,1.05518,1.05525,1826010000
1651097700000,1.05525,1.05534,1.05517,1.0553,832640000
1651098600000,1.05529,1.05534,1.055,1.05503,625480000
1651099500000,1.05503,1.05519,1.05501,1.05508,502700000
1651100400000,1.05506,1.05536,1.05494,1.05505,1146500000
1651101300000,1.05506,1.05513,1.05494,1.05495,359570000
1651102200000,1.05495,1.05529,1.05494,1.05526,256790000
1651103100000,1.05526,1.05562,1.05526,1.05541,578760000
1651104000000,1.05541,1.05541,1.05493,1.05509,1228010000
1651104900000,1.05507,1.05507,1.05463,1.05468,638460000
1651105800000,1.05468,1.05485,1.05451,1.05464,708980000
1651106700000,1.05464,1.05493,1.05306,1.05383,1602180000
1651107600000,1.05383,1.05533,1.05383,1.05402,2102780000
1651108500000,1.05402,1.05458,1.05395,1.05435,1910910000
1651109400000,1.05437,1.05439,1.05348,1.05376,2403750000
1651110300000,1.05378,1.05475,1.0537,1.05467,1837250000
1651111200000,1.05469,1.05472,1.05385,1.05394,1902620000
1651112100000,1.05394,1.05408,1.05334,1.05342,1392180000
1651113000000,1.05341,1.05428,1.05325,1.054,1344400000
1651113900000,1.054,1.0541,1.0536,1.05366,1256980000
1651114800000,1.05367,1.05406,1.05333,1.05347,3061660000
1651115700000,1.05345,1.05364,1.05153,1.05295,4555980000
1651116600000,1.05295,1.05311,1.05214,1.05229,2710720000
1651117500000,1.05229,1.05238,1.05089,1.05089,2902650000
1651118400000,1.0509,1.05156,1.05089,1.05153,1542140000
1651119300000,1.05153,1.05155,1.05087,1.05108,1573820000
1651120200000,1.05107,1.05246,1.05098,1.05245,1688820000
1651121100000,1.05242,1.05266,1.05172,1.05173,1703670000
1651122000000,1.05172,1.05192,1.05026,1.05054,2030720000
1651122900000,1.05053,1.05053,1.05007,1.05011,1451680000
1651123800000,1.05012,1.05036,1.04808,1.0492,2944280000
1651124700000,1.04922,1.05257,1.04916,1.0512,4260620000
1651125600000,1.05121,1.05196,1.05065,1.05149,2985380000
1651126500000,1.05149,1.05221,1.0512,1.05153,3001390000
1651127400000,1.05151,1.05246,1.05104,1.05238,2784550000
1651128300000,1.05239,1.05308,1.05189,1.05242,3827590000
1651129200000,1.05242,1.05337,1.05169,1.05175,5278310000
1651130100000,1.0518,1.0543,1.05151,1.05323,3817930000
1651131000000,1.05323,1.05521,1.05313,1.05501,3858420000
1651131900000,1.05501,1.05647,1.05478,1.05546,3405190000
1651132800000,1.05545,1.05558,1.05391,1.05411,3180300000
1651133700000,1.0541,1.05449,1.05278,1.05432,2289560000
1651134600000,1.05434,1.05435,1.05284,1.05285,2033850000
1651135500000,1.05286,1.05291,1.05148,1.05158,2662610000
1651136400000,1.05157,1.05305,1.05137,1.053,2401280000
1651137300000,1.05299,1.05343,1.0523,1.05322,2263360000
1651138200000,1.05324,1.05385,1.05231,1.05231,2987640000
1651139100000,1.05231,1.05274,1.05168,1.05202,3961620000
1651140000000,1.05201,1.05297,1.05153,1.05178,3302910000
1651140900000,1.05178,1.05181,1.051,1.05156,3986590000
1651141800000,1.05156,1.05184,1.05023,1.05083,4278550000
1651142700000,1.05081,1.05109,1.04965,1.04972,3608320000
1651143600000,1.04974,1.0508,1.04948,1.04992,3557970000
1651144500000,1.04989,1.05096,1.04926,1.05044,3589910000
1651145400000,1.05044,1.05068,1.04952,1.04996,4388760000
1651146300000,1.04995,1.0501,1.04863,1.04902,4117610000
1651147200000,1.04905,1.04997,1.04848,1.0485,4728150000
1651148100000,1.04854,1.04945,1.0471,1.04856,7161680000
1651149000000,1.04858,1.05238,1.04853,1.05104,14372890000
1651149900000,1.05106,1.05106,1.04816,1.04853,10904290000
1651150800000,1.04856,1.05099,1.04814,1.05036,9556610000
1651151700000,1.05036,1.05127,1.04963,1.05037,3371550000
1651152600000,1.05036,1.05102,1.04963,1.04985,3204840000
1651153500000,1.04984,1.0514,1.04975,1.05083,3392570000
1651154400000,1.05082,1.05187,1.04983,1.05022,4933550000
1651155300000,1.05021,1.05135,1.04996,1.05077,6449540000
1651156200000,1.05076,1.05084,1.04877,1.04889,5226500000
1651157100000,1.04888,1.05198,1.04817,1.05148,9261920000
1651158000000,1.05151,1.05312,1.05116,1.05266,6966220000
1651158900000,1.05268,1.05277,1.05185,1.05209,3772280000
1651159800000,1.0521,1.05236,1.05107,1.0511,3017270000
1651160700000,1.05111,1.05133,1.04968,1.05,2954830000
1651161600000,1.04998,1.05066,1.04971,1.04989,2868630000
1651162500000,1.0499,1.05035,1.04934,1.04984,3520640000
1651163400000,1.04986,1.05105,1.04964,1.05097,1940010000
1651164300000,1.05096,1.0515,1.0508,1.05126,3056810000
1651165200000,1.05125,1.05157,1.0508,1.05137,4413450000
1651166100000,1.05138,1.05143,1.05065,1.05078,2328010000
1651167000000,1.05081,1.05087,1.05012,1.05027,1882770000
1651167900000,1.05029,1.05038,1.0497,1.04993,2077410000
1651168800000,1.04995,1.05032,1.04978,1.05029,1015840000
1651169700000,1.05028,1.051,1.05021,1.05079,1579100000
1651170600000,1.0508,1.05097,1.05013,1.05037,1003520000
1651171500000,1.05037,1.05101,1.0503,1.05045,994260000
1651172400000,1.05044,1.05106,1.05036,1.05061,1301710000
1651173300000,1.05058,1.05087,1.05052,1.05062,1049380000
1651174200000,1.05062,1.05086,1.05049,1.0507,2611210000
1651175100000,1.05071,1.05098,1.05031,1.05098,3022360000
1651176000000,1.05097,1.05097,1.05032,1.05056,1210540000
1651176900000,1.05055,1.05065,1.05032,1.05042,518080000
1651177800000,1.05046,1.05065,1.05026,1.05036,448060000
1651178700000,1.05037,1.05038,1.0498,1.04981,875460000
1651179600000,1.0498,1.05009,1.04975,1.04995,269120000
1651180500000,1.04996,1.04998,1.0499,1.0499,102730000
1651181400000,1.0499,1.04993,1.0499,1.0499,103880000
1651182300000,1.0499,1.05003,1.04985,1.04991,196090000
1651183200000,1.04991,1.05015,1.04972,1.04983,1184350000
1651184100000,1.04983,1.05013,1.04981,1.04992,1395560000
1651185000000,1.04992,1.05008,1.04983,1.05008,270270000
1651185900000,1.05006,1.05009,1.04911,1.04968,587310000
1651186800000,1.04964,1.04995,1.04947,1.04983,515040000
1651187700000,1.04983,1.04992,1.04963,1.04987,713050000
1651188600000,1.04987,1.05026,1.04984,1.05004,567480000
1651189500000,1.05005,1.05034,1.04998,1.05029,632640000
1651190400000,1.05032,1.05149,1.05019,1.05134,1566800000
1651191300000,1.05137,1.05159,1.05109,1.05125,1017840000
1651192200000,1.05129,1.05138,1.05082,1.05084,578880000
1651193100000,1.05085,1.05172,1.05063,1.05156,966610000
1651194000000,1.05156,1.05245,1.05147,1.0523,1447250000
1651194900000,1.05228,1.05295,1.05216,1.05294,1161640000
1651195800000,1.05294,1.05297,1.05219,1.05234,1213960000
1651196700000,1.05233,1.05277,1.0518,1.05186,1430680000
1651197600000,1.05186,1.0523,1.05165,1.05173,1120610000
1651198500000,1.05174,1.05177,1.05136,1.05147,1029160000
1651199400000,1.05145,1.05166,1.0508,1.05106,1271080000
1651200300000,1.05106,1.05126,1.0505,1.05104,952330000
1651201200000,1.05105,1.0515,1.05066,1.05101,798030000
1651202100000,1.051,1.05145,1.05081,1.05118,1216280000
1651203000000,1.0512,1.05177,1.0512,1.05163,1411540000
1651203900000,1.05164,1.05192,1.05091,1.05131,1306260000
1651204800000,1.05131,1.05147,1.05087,1.05139,889020000
1651205700000,1.05139,1.05152,1.05111,1.0514,1127380000
1651206600000,1.05138,1.05156,1.05117,1.05153,584310000
1651207500000,1.05154,1.05207,1.05149,1.05164,829170000
1651208400000,1.05164,1.05266,1.05164,1.05265,1554300000
1651209300000,1.05262,1.05337,1.05255,1.05301,1566960000
1651210200000,1.05301,1.05395,1.05291,1.05354,1557230000
1651211100000,1.05355,1.05419,1.05328,1.05371,1597690000
1651212000000,1.0537,1.05388,1.05309,1.05376,2580880000
1651212900000,1.05375,1.05487,1.0537,1.05461,2642390000
1651213800000,1.05458,1.05479,1.05394,1.05409,2033380000
1651214700000,1.05409,1.05468,1.05409,1.05436,2072520000
1651215600000,1.05438,1.05524,1.05358,1.05494,2814880000
1651216500000,1.05492,1.0559,1.05445,1.0557,2174110000
1651217400000,1.05571,1.05785,1.05568,1.05733,2929210000
1651218300000,1.05733,1.05735,1.05615,1.05617,2509300000
1651219200000,1.05617,1.0569,1.05579,1.05602,2984810000
1651220100000,1.05603,1.05749,1.05601,1.05748,3145530000
1651221000000,1.05749,1.05928,1.0572,1.05884,4932140000
1651221900000,1.05884,1.05893,1.05656,1.05689,4834760000
1651222800000,1.05689,1.0576,1.05658,1.05701,4450590000
1651223700000,1.05699,1.05761,1.05656,1.05711,3263200000
1651224600000,1.05712,1.05764,1.05686,1.05699,3559490000
1651225500000,1.05698,1.058,1.05683,1.05778,3770330000
1651226400000,1.05778,1.0578,1.05634,1.05637,4335370000
1651227300000,1.05636,1.0573,1.05614,1.05728,3030720000
1651228200000,1.05729,1.05744,1.05661,1.0571,3694220000
1651229100000,1.05708,1.05716,1.05629,1.05645,2691570000
1651230000000,1.05645,1.05686,1.05544,1.05586,3054400000
1651230900000,1.05589,1.05789,1.05556,1.05739,4473450000
1651231800000,1.05739,1.05761,1.0549,1.0551,4535600000
1651232700000,1.05512,1.05531,1.05397,1.05445,5355230000
1651233600000,1.05444,1.05471,1.05397,1.05403,3222180000
1651234500000,1.05403,1.0541,1.05283,1.05299,4436640000
1651235400000,1.05294,1.05329,1.05096,1.05237,7201370000
1651236300000,1.05237,1.05385,1.05205,1.05313,5722240000
1651237200000,1.05312,1.05413,1.05226,1.05267,5370690000
1651238100000,1.05266,1.0539,1.05242,1.05257,4444250000
1651239000000,1.05258,1.05368,1.05239,1.05255,3464010000
1651239900000,1.05255,1.0534,1.05221,1.05337,2800480000
1651240800000,1.05336,1.05385,1.05288,1.05323,3055960000
1651241700000,1.05323,1.05351,1.05222,1.05245,3281700000
1651242600000,1.05244,1.05375,1.05184,1.05362,3264340000
1651243500000,1.05361,1.05593,1.05304,1.05467,9103910000
1651244400000,1.05468,1.05543,1.05393,1.05463,6527640000
1651245300000,1.05463,1.05482,1.0533,1.05349,2892690000
1651246200000,1.05349,1.05401,1.05328,1.05371,2371000000
1651247100000,1.05373,1.05461,1.05358,1.05402,1947720000
1651248000000,1.05401,1.05401,1.05324,1.05353,1450830000
1651248900000,1.05352,1.05484,1.05348,1.05415,1664030000
1651249800000,1.05415,1.05463,1.05391,1.05426,1513870000
1651250700000,1.05426,1.05498,1.05422,1.05493,2076240000
1651251600000,1.05491,1.05668,1.05486,1.05668,1556300000
1651252500000,1.05665,1.05764,1.05632,1.05732,1506460000
1651253400000,1.05733,1.05761,1.05697,1.0574,1450280000
1651254300000,1.05741,1.05786,1.05723,1.05725,1504020000
1651255200000,1.05726,1.05746,1.05649,1.05652,1831180000
1651256100000,1.05652,1.05732,1.05651,1.057,2029440000
1651257000000,1.05699,1.05724,1.05634,1.05675,2142760000
1651257900000,1.05677,1.05731,1.05661,1.05697,4336490000
1651258800000,1.05698,1.05698,1.05641,1.05666,2629890000
1651259700000,1.05666,1.05696,1.05542,1.05556,3285660000
1651260600000,1.05559,1.0557,1.0552,1.05546,3586540000
1651261500000,1.05546,1.05549,1.05452,1.05485,2930630000
1651262400000,1.05485,1.05488,1.0542,1.05468,1506580000
1651263300000,1.05467,1.0552,1.05456,1.05505,604370000
1651264200000,1.05505,1.05505,1.05419,1.05446,611790000
1651265100000,1.05445,1.05468,1.05408,1.05409,1197427600
