timestamp,open,high,low,close,volume
1406851200000,1.33889,1.33897,1.33866,1.33892,634.37
1406852100000,1.33891,1.33899,1.3388,1.33881,576.85
1406853000000,1.3388,1.3392,1.33879,1.33915,703.12
1406853900000,1.33915,1.33919,1.33881,1.33893,590.58
1406854800000,1.33893,1.33898,1.33869,1.33871,586.95
1406855700000,1.33872,1.339,1.3387,1.33881,561.08
1406856600000,1.33881,1.33881,1.33852,1.33872,705.91
1406857500000,1.33872,1.3388,1.33858,1.33877,626.78
1406858400000,1.33877,1.33891,1.33875,1.33888,573.64
1406859300000,1.33888,1.33895,1.3386,1.33871,626.11
1406860200000,1.33872,1.33878,1.33868,1.33873,548.47
1406861100000,1.33873,1.33874,1.33858,1.33874,369.82
1406862000000,1.33874,1.33883,1.33874,1.33883,168.86
1406862900000,1.33883,1.33903,1.33881,1.33895,261.37
1406863800000,1.33895,1.33895,1.33875,1.33875,226.5
1406864700000,1.33875,1.33883,1.33873,1.33881,300.34
1406865600000,1.3388,1.33881,1.33865,1.33866,369.48
1406866500000,1.33866,1.33866,1.33852,1.33855,575.56
1406867400000,1.33854,1.33859,1.33827,1.33857,664.34
1406868300000,1.33857,1.33858,1.33855,1.33857,372.13
1406869200000,1.33857,1.33879,1.33855,1.33871,441.51
1406870100000,1.33871,1.33872,1.33856,1.33858,553.05
1406871000000,1.33858,1.33865,1.33845,1.33846,634.18
1406871900000,1.33845,1.33866,1.33839,1.33846,778.66
1406872800000,1.33845,1.33879,1.33845,1.33874,884.32
1406873700000,1.33874,1.33891,1.33861,1.33861,941.02
1406874600000,1.33862,1.33903,1.33852,1.33899,760.15
1406875500000,1.339,1.33903,1.33821,1.3383,1453.86
1406876400000,1.33829,1.33867,1.33814,1.33838,1548.22
1406877300000,1.33838,1.33874,1.33806,1.33832,1739.97
1406878200000,1.33832,1.33851,1.33808,1.33823,1225.94
1406879100000,1.33823,1.33836,1.33785,1.33806,1801.44
1406880000000,1.33806,1.33842,1.33791,1.33842,1825.9
1406880900000,1.33842,1.33865,1.33823,1.33849,1607.88
1406881800000,1.33848,1.33878,1.33809,1.3387,2356.81
1406882700000,1.33871,1.33936,1.3386,1.3391,2868.31
1406883600000,1.33909,1.33909,1.33874,1.3388,1967.43
1406884500000,1.3388,1.33936,1.33876,1.3393,2196.83
1406885400000,1.3393,1.33959,1.33915,1.33934,1836.88
1406886300000,1.33932,1.3396,1.339,1.33948,1855.96
1406887200000,1.33948,1.33993,1.33931,1.33985,1724.29
1406888100000,1.33985,1.34022,1.33968,1.3397,1402.67
1406889000000,1.33971,1.33999,1.33968,1.33987,1369.13
1406889900000,1.33986,1.34014,1.33952,1.33956,1601.49
1406890800000,1.33957,1.33975,1.33935,1.3394,2035.98
1406891700000,1.3394,1.33958,1.33922,1.33928,1251.09
1406892600000,1.33928,1.33938,1.33906,1.33937,1585.63
1406893500000,1.33937,1.33997,1.33937,1.33992,1579.76
1406894400000,1.3399,1.34033,1.33942,1.33945,2751.82
1406895300000,1.33945,1.3398,1.33907,1.33965,2468.08
1406896200000,1.33966,1.34337,1.33852,1.33935,10105.08
1406897100000,1.33935,1.3421,1.33858,1.34158,6714.7
1406898000000,1.34159,1.34298,1.34119,1.34137,5717.81
1406898900000,1.34138,1.34266,1.34137,1.34195,3453.55
1406899800000,1.34195,1.34216,1.34115,1.34119,4031.73
1406900700000,1.3412,1.34207,1.34103,1.3418,3466.09
1406901600000,1.34178,1.34293,1.34076,1.34246,5069.27
1406902500000,1.34248,1.34302,1.34214,1.34222,3459.5
1406903400000,1.34223,1.34369,1.34199,1.34346,3439.56
1406904300000,1.34345,1.34447,1.3428,1.34282,6015.16
1406905200000,1.34282,1.34341,1.34252,1.34257,3373.9
1406906100000,1.34257,1.34322,1.34252,1.34289,2361.54
1406907000000,1.3429,1.34347,1.34279,1.34331,1666.37
1406907900000,1.34331,1.34409,1.34321,1.34353,2797.29
1406908800000,1.34354,1.34355,1.3429,1.343,2048.76
1406909700000,1.343,1.34313,1.3426,1.34286,2292.28
1406910600000,1.34287,1.34338,1.34276,1.34331,1515.32
1406911500000,1.3433,1.34337,1.34286,1.3431,1401.77
1406912400000,1.34311,1.34325,1.34302,1.34317,666.48
1406913300000,1.34318,1.34333,1.3428,1.34302,1245.58
1406914200000,1.34302,1.34303,1.34264,1.34281,1558.47
1406915100000,1.34281,1.34291,1.34263,1.34265,1085.17
1406916000000,1.34266,1.34313,1.34256,1.34302,1181.48
1406916900000,1.34302,1.34331,1.343,1.34307,967.64
1406917800000,1.34307,1.34308,1.34284,1.34287,792.69
1406918700000,1.34286,1.3429,1.34259,1.34284,1141.13
1406919600000,1.34283,1.34288,1.34252,1.34255,940.01
1406920500000,1.34256,1.34263,1.34227,1.34244,724.33
1406921400000,1.34243,1.34252,1.34237,1.34238,531.69
1406922300000,1.34238,1.34248,1.3422,1.34222,860.86
1406923200000,1.34222,1.34244,1.34217,1.34237,613.39
1406924100000,1.34237,1.34249,1.34228,1.34242,322.05
1406925000000,1.34244,1.34284,1.34241,1.34281,276.41
1406925900000,1.34282,1.34318,1.34255,1.34262,745.63
1407099600000,1.343,1.34329,1.34256,1.34269,275.23
1407100500000,1.34269,1.34275,1.34261,1.34268,141.86
1407101400000,1.34269,1.34279,1.34269,1.34278,77.04
1407102300000,1.34279,1.3428,1.34274,1.34277,59.91
1407103200000,1.34277,1.34277,1.34251,1.34257,479.33
1407104100000,1.34256,1.34257,1.34234,1.34235,487.68
1407105000000,1.34235,1.34248,1.34234,1.34237,220.3
1407105900000,1.34237,1.34251,1.34231,1.34245,359.83
1407106800000,1.34246,1.3426,1.34246,1.34256,222.48
1407107700000,1.34256,1.34261,1.34251,1.34252,351.66
1407108600000,1.34252,1.34277,1.34249,1.34276,382.31
1407109500000,1.34276,1.3428,1.34274,1.3428,143.4
1407110400000,1.34281,1.34292,1.34278,1.34291,627.19
1407111300000,1.34291,1.34298,1.34277,1.34297,434.8
1407112200000,1.34297,1.34302,1.34274,1.34274,729.93
1407113100000,1.34274,1.34291,1.34261,1.34261,515.91
1407114000000,1.3426,1.3426,1.34232,1.34257,738.52
1407114900000,1.34257,1.34257,1.34234,1.34241,533.21
1407115800000,1.34242,1.34245,1.34194,1.34195,1150.2
1407116700000,1.34195,1.34196,1.34175,1.34177,1100.94
1407117600000,1.34178,1.34202,1.34178,1.34201,518.79
1407118500000,1.34201,1.34212,1.342,1.34201,414.56
1407119400000,1.34201,1.34215,1.34201,1.34211,554.63
1407120300000,1.34211,1.34221,1.34203,1.3421,493.46
1407121200000,1.3421,1.34219,1.34194,1.342,658.31
1407122100000,1.342,1.34227,1.34194,1.34227,743.5
1407123000000,1.34228,1.3424,1.34216,1.3424,754.48
1407123900000,1.3424,1.34262,1.34236,1.34257,404.6
1407124800000,1.34256,1.34256,1.3424,1.34245,268.68
1407125700000,1.34245,1.34245,1.34215,1.34237,422.21
1407126600000,1.34236,1.34236,1.34222,1.34226,387.67
1407127500000,1.34228,1.3424,1.34223,1.34223,195.45
1407128400000,1.34222,1.34222,1.34203,1.34204,369.4
1407129300000,1.34204,1.34213,1.34195,1.34205,419.09
1407130200000,1.34205,1.34217,1.34199,1.34205,750.55
1407131100000,1.34204,1.34228,1.34204,1.34218,667.84
1407132000000,1.34217,1.3424,1.342,1.34235,1309.05
1407132900000,1.34234,1.34251,1.34216,1.34227,865.84
1407133800000,1.34227,1.34297,1.34227,1.3425,2080.55
1407134700000,1.3425,1.34266,1.34163,1.34185,1702.86
1407135600000,1.34185,1.34233,1.34166,1.34211,1837.32
1407136500000,1.34212,1.34242,1.34201,1.34229,1446.41
1407137400000,1.3423,1.34238,1.34219,1.34236,966.56
1407138300000,1.34236,1.34311,1.34236,1.34292,1844.63
1407139200000,1.34292,1.34292,1.34251,1.34281,1116.94
1407140100000,1.34281,1.34305,1.34255,1.34272,1475.89
1407141000000,1.34271,1.34273,1.34237,1.34255,1975.42
1407141900000,1.34255,1.34281,1.34245,1.34271,1523.46
1407142800000,1.3427,1.3429,1.34261,1.34286,1677.12
1407143700000,1.34285,1.34295,1.34231,1.34234,1566.56
1407144600000,1.34235,1.34237,1.34209,1.34219,1324.05
1407145500000,1.3422,1.34235,1.34206,1.34206,1313.38
1407146400000,1.34206,1.3425,1.34187,1.34236,2396.59
1407147300000,1.34236,1.34246,1.3422,1.34237,2027.39
1407148200000,1.34236,1.34243,1.34206,1.34214,1208.58
1407149100000,1.34215,1.34228,1.34197,1.342,1380.87
1407150000000,1.342,1.34219,1.34197,1.34209,1573.94
1407150900000,1.3421,1.34213,1.34187,1.34187,1212.85
1407151800000,1.34187,1.34187,1.3416,1.34175,1427.74
1407152700000,1.34176,1.3421,1.34164,1.3419,1285.34
1407153600000,1.3419,1.34225,1.34178,1.34225,1859.44
1407154500000,1.34226,1.34247,1.34221,1.34227,1318.03
1407155400000,1.34228,1.34235,1.3421,1.34225,1519.62
1407156300000,1.34225,1.34242,1.3422,1.34231,1275.02
1407157200000,1.34231,1.34231,1.34215,1.34227,1259.65
1407158100000,1.34226,1.34228,1.34203,1.34221,1012.74
1407159000000,1.34221,1.34243,1.34221,1.34238,2037.38
1407159900000,1.34239,1.34245,1.34202,1.3421,2035.98
1407160800000,1.34209,1.34213,1.34192,1.34194,1446.06
1407161700000,1.34194,1.34216,1.34185,1.34207,1805.45
1407162600000,1.34208,1.34212,1.3419,1.3421,1586.87
1407163500000,1.34211,1.34217,1.34186,1.34192,2288.28
1407164400000,1.34191,1.34202,1.34157,1.34158,2129.52
1407165300000,1.34159,1.34192,1.34156,1.34173,1742.18
1407166200000,1.34172,1.34185,1.34141,1.34147,1580.33
1407167100000,1.34148,1.34158,1.34111,1.34142,1752.51
1407168000000,1.34141,1.34144,1.34121,1.34121,1342.78
1407168900000,1.34122,1.34131,1.34108,1.34109,955.47
1407169800000,1.34109,1.34144,1.34094,1.34142,1844.03
1407170700000,1.34143,1.34181,1.34142,1.34172,1006.86
1407171600000,1.34171,1.34188,1.34161,1.34166,807.62
1407172500000,1.34165,1.34183,1.34164,1.34183,781.99
1407173400000,1.34183,1.34206,1.3418,1.34201,476.5
1407174300000,1.34201,1.34215,1.34195,1.34195,677.75
1407175200000,1.34195,1.34212,1.34183,1.34209,802.29
1407176100000,1.34211,1.34212,1.34188,1.34189,794.92
1407177000000,1.3419,1.34198,1.34175,1.34191,699.41
1407177900000,1.34192,1.34207,1.34185,1.3419,1243.47
1407178800000,1.3419,1.34203,1.34181,1.34188,623.74
1407179700000,1.34189,1.34207,1.34189,1.34201,542.73
1407180600000,1.342,1.34215,1.342,1.34211,584.41
1407181500000,1.3421,1.34217,1.34204,1.34214,879.47
1407182400000,1.34214,1.34217,1.34208,1.34215,432.17
1407183300000,1.34217,1.34231,1.34215,1.3423,295.64
1407184200000,1.34229,1.34233,1.34195,1.34209,501.01
1407185100000,1.3421,1.3422,1.34202,1.34217,403.16
1407186000000,1.34214,1.34233,1.34212,1.3422,197.46
1407186900000,1.34221,1.34228,1.3422,1.34222,319.58
1407187800000,1.34221,1.3423,1.34221,1.34229,265.93
1407188700000,1.34228,1.34232,1.34222,1.34223,139.6
1407189600000,1.34222,1.34227,1.34216,1.34219,245.64
1407190500000,1.34219,1.34221,1.34216,1.34216,320
1407191400000,1.34217,1.3422,1.34215,1.34217,280.8
1407192300000,1.34216,1.34219,1.34208,1.34216,170.61
1407193200000,1.34216,1.34217,1.34207,1.34213,130.93
1407194100000,1.34213,1.34227,1.34205,1.34214,294.27
1407195000000,1.34214,1.3422,1.34212,1.3422,166.46
1407195900000,1.34219,1.34221,1.34214,1.34216,197.83
1407196800000,1.34216,1.34222,1.34199,1.34199,331.56
1407197700000,1.34199,1.3421,1.34198,1.34202,244.39
1407198600000,1.34202,1.3421,1.34195,1.34195,400.49
1407199500000,1.34197,1.34205,1.34184,1.34204,738.34
1407200400000,1.34204,1.34212,1.34192,1.34211,508.46
1407201300000,1.34209,1.34215,1.34185,1.34186,453.62
1407202200000,1.34187,1.34196,1.34162,1.34175,601.02
1407203100000,1.34176,1.34177,1.34149,1.34168,633.83
1407204000000,1.34167,1.34181,1.3416,1.34165,430.26
1407204900000,1.34164,1.34191,1.34164,1.34189,269.76
1407205800000,1.34189,1.34196,1.34179,1.34194,273.93
1407206700000,1.34193,1.34208,1.34191,1.34191,291.09
1407207600000,1.34192,1.34198,1.34181,1.34189,659.02
1407208500000,1.34188,1.34206,1.34175,1.34199,646.63
1407209400000,1.34198,1.34209,1.34193,1.34194,430.99
1407210300000,1.34195,1.34205,1.34195,1.34199,433.47
1407211200000,1.34198,1.34206,1.34195,1.34203,380.27
1407212100000,1.34202,1.34203,1.34194,1.34202,306.79
1407213000000,1.34203,1.34203,1.3419,1.34202,650.32
1407213900000,1.34202,1.34227,1.34201,1.34217,788.48
1407214800000,1.34218,1.34227,1.34206,1.34224,399.05
1407215700000,1.34226,1.34227,1.34212,1.34217,340.67
1407216600000,1.34217,1.34247,1.34217,1.34241,633.54
1407217500000,1.34241,1.34248,1.34231,1.34247,503.77
1407218400000,1.34246,1.34247,1.34205,1.34217,1102.58
1407219300000,1.34218,1.3422,1.34203,1.34203,737.87
1407220200000,1.34203,1.3421,1.34174,1.34185,1236.23
1407221100000,1.34185,1.34242,1.34172,1.34232,1144.84
1407222000000,1.3423,1.34238,1.34201,1.34219,1542.16
1407222900000,1.34219,1.34236,1.34192,1.34192,1166.93
1407223800000,1.34192,1.34196,1.3409,1.34093,1286.23
1407224700000,1.34091,1.34113,1.34015,1.34083,3226.39
1407225600000,1.34082,1.34108,1.34065,1.3407,1895.63
1407226500000,1.34069,1.341,1.34055,1.34096,1591.46
1407227400000,1.34096,1.34096,1.33938,1.33946,3398.38
1407228300000,1.33945,1.33957,1.33887,1.33924,2822.97
1407229200000,1.33921,1.33958,1.33909,1.33953,2043.65
1407230100000,1.33954,1.33977,1.33936,1.33952,1320.24
1407231000000,1.33952,1.33961,1.33944,1.33948,1277.96
1407231900000,1.33949,1.3396,1.339,1.33921,2069.87
1407232800000,1.33922,1.33926,1.33849,1.33871,2297
1407233700000,1.3387,1.33908,1.3387,1.33889,1551.99
1407234600000,1.33888,1.33897,1.33864,1.33894,1410.89
1407235500000,1.33893,1.3393,1.33873,1.33913,1566.13
1407236400000,1.33912,1.33922,1.33822,1.33847,2390.48
1407237300000,1.33847,1.33896,1.33843,1.33877,1497.22
1407238200000,1.33877,1.339,1.33867,1.33899,1204.53
1407239100000,1.33898,1.33908,1.33887,1.33889,1318.14
1407240000000,1.33889,1.33895,1.33818,1.33825,2031.76
1407240900000,1.33828,1.3385,1.33803,1.33848,2235.78
1407241800000,1.33848,1.33868,1.33843,1.33853,1380.22
1407242700000,1.33852,1.33852,1.33826,1.3385,1507.61
1407243600000,1.33849,1.3386,1.33837,1.33847,1347.71
1407244500000,1.33848,1.33857,1.33831,1.3385,1421.03
1407245400000,1.33852,1.33853,1.33811,1.33822,2200.19
1407246300000,1.3382,1.33838,1.33768,1.3378,3148.91
1407247200000,1.33778,1.33778,1.33642,1.33676,4260.85
1407248100000,1.33677,1.33696,1.33631,1.3366,3825.44
1407249000000,1.33658,1.33662,1.33582,1.33634,3774.24
1407249900000,1.33633,1.33696,1.33599,1.33689,3917.62
1407250800000,1.33689,1.33711,1.3368,1.33684,2733.4
1407251700000,1.33685,1.33711,1.33661,1.33696,2006.95
1407252600000,1.33695,1.33714,1.33671,1.33676,2304.23
1407253500000,1.33675,1.33683,1.33602,1.33654,2180.91
1407254400000,1.33654,1.33665,1.33609,1.33636,2449.61
1407255300000,1.33635,1.33658,1.33632,1.3365,1731.84
1407256200000,1.3365,1.33697,1.33647,1.33694,1721.55
1407257100000,1.33695,1.33698,1.33659,1.33692,1088.99
1407258000000,1.33692,1.33698,1.3368,1.3369,927.14
1407258900000,1.33689,1.33691,1.33647,1.33647,1276.22
1407259800000,1.33647,1.33664,1.33628,1.33657,1935.14
1407260700000,1.33657,1.33676,1.33635,1.33661,1836.67
1407261600000,1.33661,1.3376,1.33659,1.33738,2404.62
1407262500000,1.33737,1.33758,1.33726,1.33753,1416.9
1407263400000,1.33752,1.33752,1.33733,1.33745,831.74
1407264300000,1.33745,1.33755,1.33717,1.33717,1050.85
1407265200000,1.33717,1.33761,1.33715,1.33749,1127.82
1407266100000,1.33748,1.33779,1.33746,1.33761,760.48
1407267000000,1.3376,1.33761,1.33747,1.33749,680.26
1407267900000,1.33749,1.33749,1.3373,1.33734,769.22
1407268800000,1.33735,1.33757,1.33735,1.33753,497.9
1407269700000,1.33754,1.33757,1.33742,1.33743,352.19
1407270600000,1.33743,1.33758,1.3374,1.33756,265.09
1407271500000,1.33756,1.33769,1.33747,1.33758,360.24
1407272400000,1.33758,1.33762,1.3374,1.33742,183.88
1407273300000,1.33741,1.33747,1.33726,1.33734,288.26
1407274200000,1.33735,1.33735,1.33715,1.33734,412.68
1407275100000,1.33734,1.3374,1.33714,1.33715,364.28
1407276000000,1.33716,1.33728,1.33703,1.33703,285
1407276900000,1.33702,1.33718,1.33702,1.33717,245.92
1407277800000,1.33716,1.33717,1.33691,1.33697,302.78
1407278700000,1.33697,1.33711,1.33688,1.33697,267.69
1407279600000,1.33698,1.33707,1.33691,1.33704,259.13
1407280500000,1.33704,1.33706,1.33703,1.33705,138.35
1407281400000,1.33705,1.33714,1.33697,1.33713,386.15
1407282300000,1.33712,1.33719,1.33712,1.33714,271.66
1407283200000,1.33714,1.33726,1.33712,1.33718,736.3
1407284100000,1.33717,1.33728,1.33703,1.33713,523.73
1407285000000,1.33711,1.33713,1.33678,1.33684,748.62
1407285900000,1.33684,1.33694,1.33648,1.33655,1085.02
1407286800000,1.33654,1.33671,1.33654,1.33662,567.25
1407287700000,1.33662,1.33665,1.33602,1.33618,1014.71
1407288600000,1.3362,1.33674,1.3362,1.33665,814.65
1407289500000,1.33665,1.33675,1.33651,1.33651,512.94
1407290400000,1.33651,1.33667,1.33641,1.33665,365.29
1407291300000,1.33665,1.33678,1.33645,1.33651,512.94
1407292200000,1.3365,1.33677,1.33647,1.33675,624.65
1407293100000,1.33675,1.33684,1.33666,1.33675,233.37
1407294000000,1.33674,1.33715,1.3367,1.33699,536.24
1407294900000,1.337,1.33715,1.33689,1.3369,285.09
1407295800000,1.33692,1.33692,1.33673,1.33679,442.86
1407296700000,1.3368,1.33702,1.33665,1.33679,610.85
1407297600000,1.33679,1.33685,1.33673,1.33684,324.15
1407298500000,1.33685,1.33695,1.33677,1.33692,299.43
1407299400000,1.33691,1.33694,1.33668,1.3367,676.76
1407300300000,1.3367,1.33678,1.33657,1.33664,488.29
1407301200000,1.33666,1.33668,1.33645,1.33653,929.21
1407302100000,1.33653,1.33662,1.33648,1.33657,468.42
1407303000000,1.33656,1.33677,1.33646,1.33677,553.85
1407303900000,1.33678,1.33697,1.33641,1.33646,780.04
1407304800000,1.33646,1.33646,1.33491,1.33578,3869.01
1407305700000,1.33578,1.33639,1.33576,1.33633,1861.54
1407306600000,1.33632,1.33646,1.33568,1.3357,1972.58
1407307500000,1.3357,1.33604,1.33555,1.33591,1938.84
1407308400000,1.33592,1.33637,1.33588,1.336,2141.02
1407309300000,1.33599,1.33696,1.33595,1.33695,2546.49
1407310200000,1.33693,1.33723,1.33684,1.33711,2212.49
1407311100000,1.33711,1.3374,1.33675,1.33724,1848.33
1407312000000,1.33723,1.33744,1.33691,1.33701,2111.34
1407312900000,1.33702,1.33745,1.33681,1.33726,1940.49
1407313800000,1.33726,1.33728,1.33658,1.33663,2642.76
1407314700000,1.33658,1.33682,1.33647,1.33665,2037.04
1407315600000,1.33662,1.33662,1.33588,1.33645,2735.19
1407316500000,1.33644,1.33665,1.33604,1.3363,2597.11
1407317400000,1.3363,1.33647,1.33607,1.33621,2148.28
1407318300000,1.33621,1.33625,1.33556,1.33587,1974.96
1407319200000,1.33587,1.33596,1.33415,1.33416,2904.14
1407320100000,1.33417,1.33472,1.33398,1.33407,3976.4
1407321000000,1.33408,1.33422,1.3333,1.33383,3786.87
1407321900000,1.33382,1.33427,1.33379,1.33418,2502.69
1407322800000,1.33418,1.33446,1.33374,1.33406,3044.1
1407323700000,1.33409,1.33425,1.33378,1.33383,2006.62
1407324600000,1.33387,1.33448,1.33377,1.3343,2028.83
1407325500000,1.33431,1.33442,1.33402,1.33425,2003.99
1407326400000,1.33426,1.33462,1.33391,1.33447,2616.97
1407327300000,1.33447,1.33515,1.33424,1.33462,3403.66
1407328200000,1.33458,1.33569,1.33434,1.33473,4322.35
1407329100000,1.33473,1.33526,1.33462,1.33489,2651.69
1407330000000,1.33491,1.33526,1.33482,1.33516,2691.1
1407330900000,1.33516,1.33556,1.33508,1.33511,2889.72
1407331800000,1.33512,1.33538,1.33466,1.33468,3353.46
1407332700000,1.33469,1.33491,1.33454,1.33479,2990.18
1407333600000,1.33479,1.33564,1.33468,1.3355,2979.03
1407334500000,1.3355,1.33571,1.33534,1.33562,3081.5
1407335400000,1.33562,1.33588,1.33538,1.33551,3067.76
1407336300000,1.33551,1.33582,1.33551,1.33565,1808.99
1407337200000,1.33565,1.33566,1.33521,1.33525,3149.2
1407338100000,1.33525,1.33532,1.33493,1.33507,2586.5
1407339000000,1.33507,1.33536,1.33494,1.33515,3343.88
1407339900000,1.33515,1.33548,1.33514,1.33544,1863.55
1407340800000,1.33545,1.33609,1.33528,1.33607,1944.1
1407341700000,1.33606,1.33798,1.33602,1.33767,6716.67
1407342600000,1.33765,1.33868,1.33718,1.33744,4280.64
1407343500000,1.33743,1.33763,1.33677,1.33688,2481.64
1407344400000,1.33688,1.33704,1.33669,1.33683,1407.04
1407345300000,1.33683,1.33712,1.33675,1.33702,893.87
1407346200000,1.33702,1.33707,1.33689,1.33707,789.34
1407347100000,1.33706,1.33841,1.33705,1.3378,2319.12
1407348000000,1.33781,1.3379,1.33742,1.33756,1579.13
1407348900000,1.33756,1.33816,1.33749,1.33812,913.63
1407349800000,1.33812,1.33832,1.33792,1.3382,1246.74
1407350700000,1.3382,1.33821,1.33769,1.33771,1079.11
1407351600000,1.3377,1.33834,1.33756,1.3382,772.62
1407352500000,1.33821,1.33828,1.33801,1.33805,1023.67
1407353400000,1.33806,1.33811,1.33784,1.33791,799.53
1407354300000,1.3379,1.33816,1.3379,1.33794,790.95
1407355200000,1.33792,1.33799,1.33779,1.33798,732.46
1407356100000,1.33799,1.33818,1.33797,1.33816,400.86
1407357000000,1.33816,1.33836,1.33812,1.33824,462.7
1407357900000,1.33824,1.3384,1.33817,1.33824,703.56
1407358800000,1.33823,1.33878,1.3382,1.33856,394.77
1407359700000,1.33855,1.33855,1.33828,1.33847,271.9
1407360600000,1.33846,1.3385,1.33835,1.33839,168.78
1407361500000,1.3384,1.33862,1.33814,1.3384,507.14
1407362400000,1.33838,1.33838,1.33815,1.33817,203.86
1407363300000,1.33815,1.33819,1.33803,1.33805,234.96
1407364200000,1.33805,1.3381,1.33797,1.33806,160.32
1407365100000,1.33807,1.33831,1.33807,1.33829,168.55
1407366000000,1.3383,1.33835,1.33825,1.33835,165.9
1407366900000,1.33835,1.33836,1.33816,1.33816,228.37
1407367800000,1.33814,1.3382,1.33812,1.3382,354.87
1407368700000,1.33819,1.33824,1.33796,1.33796,302.02
1407369600000,1.33797,1.33881,1.33791,1.33862,1310.77
1407370500000,1.33861,1.33866,1.33853,1.33858,624.42
1407371400000,1.33858,1.33864,1.3383,1.33837,898.95
1407372300000,1.33837,1.33846,1.33823,1.33826,653.97
1407373200000,1.33826,1.33833,1.3382,1.33832,607.83
1407374100000,1.33832,1.33849,1.33823,1.3383,768.74
1407375000000,1.3383,1.33901,1.33801,1.33885,2140.78
1407375900000,1.33885,1.33914,1.3387,1.33903,1234.63
1407376800000,1.33902,1.33903,1.33848,1.33852,734.7
1407377700000,1.33853,1.33903,1.33845,1.33892,884.47
1407378600000,1.33893,1.33897,1.33872,1.33873,556.25
1407379500000,1.33874,1.33875,1.33846,1.33855,467.44
1407380400000,1.33856,1.33868,1.33846,1.33865,374.53
1407381300000,1.33865,1.33877,1.33856,1.3387,259.64
1407382200000,1.3387,1.33883,1.33859,1.3388,455.57
1407383100000,1.3388,1.33896,1.33878,1.33882,579.14
1407384000000,1.33882,1.33884,1.33859,1.33882,469.17
1407384900000,1.33882,1.33902,1.33882,1.33887,462.96
1407385800000,1.33887,1.33888,1.33873,1.33874,375.54
1407386700000,1.33874,1.33885,1.33854,1.33854,352.07
1407387600000,1.33856,1.33869,1.33832,1.33839,810.8
1407388500000,1.33838,1.33859,1.33803,1.33845,1324.55
1407389400000,1.33846,1.33882,1.33825,1.33879,904.04
1407390300000,1.33879,1.33885,1.33831,1.33833,680.89
1407391200000,1.33832,1.33834,1.33753,1.33754,1713.51
1407392100000,1.33752,1.33785,1.3371,1.33783,1160.98
1407393000000,1.33784,1.33812,1.33732,1.33752,1792.9
1407393900000,1.33752,1.33805,1.33751,1.33775,1541.93
1407394800000,1.33777,1.33822,1.33774,1.33822,1352.7
1407395700000,1.33821,1.33827,1.33733,1.33739,1490.11
1407396600000,1.3374,1.33757,1.33711,1.33714,2325.16
1407397500000,1.33713,1.33735,1.33704,1.33727,1487.53
1407398400000,1.33725,1.33725,1.33648,1.33678,2033.18
1407399300000,1.33678,1.3374,1.33669,1.33709,2110.33
1407400200000,1.33709,1.3376,1.33701,1.33717,1872.96
1407401100000,1.33718,1.33753,1.33717,1.33743,1307.61
1407402000000,1.33744,1.33753,1.33698,1.33722,1626.89
1407402900000,1.33722,1.33747,1.33718,1.33747,1003.82
1407403800000,1.33747,1.33751,1.33731,1.33738,1177.34
1407404700000,1.33739,1.33797,1.33729,1.33784,1496.12
1407405600000,1.33785,1.33812,1.33779,1.33783,1502.58
1407406500000,1.33783,1.33797,1.33756,1.33777,1738.51
1407407400000,1.33776,1.33792,1.33767,1.33771,1561.48
1407408300000,1.33772,1.33785,1.33752,1.33758,862.01
1407409200000,1.33759,1.33799,1.3375,1.33793,1574.85
1407410100000,1.33793,1.33809,1.33786,1.33799,1370.96
1407411000000,1.338,1.33816,1.33755,1.33767,1527.97
1407411900000,1.33767,1.33787,1.33723,1.33746,1890.52
1407412800000,1.33746,1.33748,1.33667,1.3368,2535.85
1407413700000,1.33683,1.33746,1.33676,1.3371,2761.02
1407414600000,1.33711,1.33847,1.33522,1.33778,8754.18
1407415500000,1.33779,1.33936,1.33745,1.33829,7219.23
1407416400000,1.33831,1.33887,1.33674,1.33739,5181.42
1407417300000,1.33739,1.33746,1.33575,1.33601,4824.66
1407418200000,1.33601,1.3367,1.33559,1.33562,4471.99
1407419100000,1.33561,1.33561,1.33422,1.33498,6439.61
1407420000000,1.33497,1.335,1.33371,1.33439,4496.02
1407420900000,1.33439,1.33462,1.33398,1.33438,2547.86
1407421800000,1.33439,1.335,1.33431,1.33497,2493.97
1407422700000,1.33497,1.33549,1.33493,1.33514,3048.87
1407423600000,1.33516,1.33541,1.3351,1.33522,2248.86
1407424500000,1.33521,1.33571,1.33513,1.33542,2242.48
1407425400000,1.33542,1.33551,1.33526,1.33546,1736.77
1407426300000,1.33545,1.33646,1.33544,1.33614,3001.83
1407427200000,1.33614,1.33624,1.33519,1.33531,2869
1407428100000,1.33531,1.33538,1.3351,1.33517,2123.57
1407429000000,1.33517,1.3352,1.33465,1.33468,1815.64
1407429900000,1.33468,1.33512,1.33459,1.33506,1575.21
1407430800000,1.33506,1.33528,1.33485,1.335,995.61
1407431700000,1.335,1.33521,1.33489,1.33515,886.27
1407432600000,1.33515,1.33536,1.3351,1.33519,768.08
1407433500000,1.33519,1.33575,1.33519,1.33565,1097.8
1407434400000,1.33565,1.33614,1.33553,1.33611,1076.68
1407435300000,1.33611,1.33635,1.33587,1.3363,933.34
1407436200000,1.33631,1.33651,1.33628,1.33643,1035.39
1407437100000,1.33643,1.3365,1.3358,1.33586,1409.44
1407438000000,1.33586,1.33641,1.33583,1.33614,1460.95
1407438900000,1.33614,1.3365,1.33614,1.3365,768.99
1407439800000,1.33651,1.33664,1.33641,1.33656,1044.17
1407440700000,1.33657,1.33664,1.33641,1.33645,1013.51
1407441600000,1.33646,1.33646,1.33626,1.33634,902.88
1407442500000,1.33635,1.33636,1.33621,1.33621,425.22
1407443400000,1.33621,1.33624,1.33608,1.33619,369.3
1407444300000,1.3362,1.33642,1.33617,1.33632,369.38
1407445200000,1.33628,1.3364,1.33616,1.33618,254.16
1407446100000,1.33618,1.33622,1.33612,1.33618,199.46
1407447000000,1.33617,1.33619,1.3361,1.33611,205.07
1407447900000,1.3361,1.33621,1.33601,1.33617,201.28
1407448800000,1.33617,1.33617,1.33601,1.33602,190
1407449700000,1.33603,1.33606,1.33598,1.33598,189.33
1407450600000,1.33598,1.33599,1.33592,1.33599,226.09
1407451500000,1.33598,1.33605,1.33596,1.33601,401.54
1407452400000,1.33602,1.33605,1.336,1.33602,253.5
1407453300000,1.33601,1.33606,1.33594,1.33601,298.09
1407454200000,1.33601,1.33605,1.33597,1.33597,342.85
1407455100000,1.33598,1.33598,1.3357,1.33572,325.67
1407456000000,1.33572,1.33621,1.33572,1.33614,1246.89
1407456900000,1.33614,1.33615,1.3358,1.33585,1054.16
1407457800000,1.33584,1.33584,1.33551,1.33565,686.85
1407458700000,1.33562,1.33567,1.33513,1.33514,1228.11
1407459600000,1.33515,1.33545,1.33513,1.33532,1021.04
1407460500000,1.33532,1.33532,1.33463,1.33499,1712.25
1407461400000,1.33501,1.33504,1.33435,1.33455,1824.16
1407462300000,1.33454,1.33495,1.33449,1.33486,1606.36
1407463200000,1.33485,1.33593,1.33457,1.33585,1531.52
1407464100000,1.33587,1.33645,1.33553,1.33639,2696.82
1407465000000,1.33638,1.33641,1.33572,1.33597,1453.32
1407465900000,1.33598,1.33633,1.33598,1.33617,816.89
1407466800000,1.33617,1.33632,1.33594,1.33609,1026.95
1407467700000,1.33609,1.33613,1.33575,1.33583,574.38
1407468600000,1.33583,1.33595,1.33561,1.33563,978.18
1407469500000,1.33562,1.33574,1.33547,1.33562,708.98
1407470400000,1.33562,1.3358,1.33553,1.33576,581.18
1407471300000,1.33574,1.33589,1.33566,1.33571,726.89
1407472200000,1.33571,1.33596,1.33563,1.33594,537.37
1407473100000,1.33593,1.33633,1.33593,1.33629,794.95
1407474000000,1.33628,1.33638,1.33616,1.3362,626.88
1407474900000,1.33619,1.33622,1.3359,1.33596,747.28
1407475800000,1.33596,1.33616,1.3359,1.33594,773.21
1407476700000,1.33593,1.33599,1.33575,1.33587,651.73
1407477600000,1.33587,1.33637,1.33586,1.33626,1312.93
1407478500000,1.33626,1.33737,1.33626,1.33723,1902.26
1407479400000,1.33721,1.33906,1.33705,1.33879,4431.24
1407480300000,1.33878,1.34079,1.33875,1.33942,5226.57
1407481200000,1.33943,1.33963,1.33906,1.33937,3680.38
1407482100000,1.33936,1.33948,1.33823,1.3385,3768.41
1407483000000,1.3385,1.33902,1.33828,1.33842,2937.39
1407483900000,1.33843,1.33847,1.33762,1.33798,2878.24
1407484800000,1.33799,1.33842,1.3379,1.3383,2270.22
1407485700000,1.3383,1.33937,1.3383,1.3392,2642.35
1407486600000,1.3392,1.3398,1.33887,1.33935,2652.91
1407487500000,1.33935,1.33944,1.33882,1.33883,2807.9
1407488400000,1.33883,1.33889,1.33846,1.33866,2335.74
1407489300000,1.33866,1.33916,1.3385,1.33878,2003.36
1407490200000,1.3388,1.33955,1.33878,1.33937,1862.12
1407491100000,1.33938,1.33974,1.33898,1.33909,2030.16
1407492000000,1.33909,1.3392,1.33896,1.33914,1760.17
1407492900000,1.33914,1.33976,1.3391,1.33967,2543.17
1407493800000,1.33967,1.34024,1.33939,1.34022,2994.02
1407494700000,1.34022,1.34023,1.3393,1.33934,2296.46
1407495600000,1.33935,1.33976,1.33892,1.33902,1820.49
1407496500000,1.33903,1.33943,1.33863,1.33871,2794.65
1407497400000,1.33871,1.3396,1.33856,1.33932,2335.05
1407498300000,1.33932,1.33944,1.3389,1.33894,2261.47
1407499200000,1.33893,1.33927,1.33862,1.33881,2621.7
1407500100000,1.33882,1.33909,1.33874,1.33901,2476.34
1407501000000,1.33901,1.33958,1.33826,1.33895,3558.14
1407501900000,1.33897,1.33956,1.33883,1.33925,2817.44
1407502800000,1.33924,1.33946,1.33866,1.33892,3404.24
1407503700000,1.33893,1.33918,1.33863,1.3391,2459.06
1407504600000,1.3391,1.3395,1.33896,1.33947,2930.01
1407505500000,1.33947,1.3397,1.33917,1.3396,2737.63
1407506400000,1.33961,1.34169,1.33953,1.34152,5765.88
1407507300000,1.34152,1.34197,1.34094,1.34186,3810.62
1407508200000,1.34185,1.34324,1.34183,1.34208,5304.96
1407509100000,1.34208,1.34247,1.34119,1.34119,3607.58
1407510000000,1.34114,1.34168,1.34114,1.34149,2598.39
1407510900000,1.3415,1.34199,1.34112,1.34182,2108.03
1407511800000,1.34183,1.34183,1.34117,1.34147,2546.13
1407512700000,1.34147,1.34172,1.34107,1.34115,2242.94
1407513600000,1.34115,1.34119,1.34062,1.34082,1933.22
1407514500000,1.34081,1.34135,1.34076,1.34126,2052.09
1407515400000,1.34126,1.34142,1.34124,1.34133,1341.43
1407516300000,1.34133,1.34167,1.34133,1.34158,1233.88
1407517200000,1.34157,1.34167,1.34138,1.3414,1275.92
1407518100000,1.34141,1.34173,1.34135,1.34145,1737.94
1407519000000,1.34146,1.34146,1.34104,1.34105,1435.04
1407519900000,1.34105,1.34128,1.34098,1.34122,1083.73
1407520800000,1.34122,1.34126,1.34103,1.3412,1477.01
1407521700000,1.3412,1.34121,1.34073,1.34082,2017.82
1407522600000,1.34082,1.34105,1.34082,1.34095,1010.66
1407523500000,1.34094,1.3412,1.3409,1.34112,1046.15
1407524400000,1.34112,1.34118,1.34099,1.34102,807.61
1407525300000,1.34101,1.34101,1.34065,1.34093,1216.77
1407526200000,1.34094,1.34105,1.3409,1.34102,873.8
1407527100000,1.34104,1.34125,1.34095,1.34121,887.08
1407528000000,1.34122,1.34128,1.341,1.34101,614.49
1407528900000,1.34103,1.34125,1.34078,1.34113,420.88
1407529800000,1.34113,1.34161,1.34112,1.34154,604.23
1407530700000,1.34154,1.34171,1.34085,1.34085,1266.57
1407704400000,1.34077,1.34109,1.3405,1.34074,349.43
1407705300000,1.34071,1.34113,1.34041,1.34069,280.39
1407706200000,1.34069,1.3407,1.34061,1.34065,290.5
1407707100000,1.34064,1.34068,1.34058,1.34063,204.5
1407708000000,1.3406,1.34072,1.34051,1.34051,535.97
1407708900000,1.34053,1.34075,1.34034,1.34037,503.15
1407709800000,1.34037,1.34063,1.34032,1.34057,411.52
1407710700000,1.34057,1.34062,1.34046,1.34052,164
1407711600000,1.34052,1.34064,1.34047,1.34047,226.1
1407712500000,1.34047,1.34048,1.34044,1.34047,135.25
1407713400000,1.34048,1.34075,1.34044,1.34045,393.31
1407714300000,1.34044,1.34047,1.3404,1.34043,521.21
1407715200000,1.34042,1.3408,1.3403,1.34073,1111.61
1407716100000,1.34073,1.34084,1.34042,1.34066,634.86
1407717000000,1.34066,1.34072,1.34038,1.34055,684.75
1407717900000,1.34056,1.34057,1.34016,1.34025,821.28
1407718800000,1.34026,1.34032,1.33993,1.34021,1127.52
1407719700000,1.34022,1.34033,1.33993,1.33993,811.92
1407720600000,1.33993,1.3401,1.3398,1.33987,791.54
1407721500000,1.33987,1.34002,1.33979,1.34002,890.16
1407722400000,1.34002,1.3402,1.34002,1.34002,794.93
1407723300000,1.34002,1.34003,1.33975,1.34,661.28
1407724200000,1.34001,1.34015,1.33995,1.34008,358.76
1407725100000,1.34009,1.34022,1.34001,1.34001,400.36
1407726000000,1.34001,1.34009,1.33992,1.34008,366.26
1407726900000,1.34008,1.34008,1.33985,1.3399,346.39
1407727800000,1.3399,1.33999,1.3399,1.33999,375.36
1407728700000,1.33998,1.34004,1.33993,1.34001,250.84
1407729600000,1.34001,1.34021,1.33999,1.34018,537.93
1407730500000,1.34019,1.3402,1.34014,1.34015,362.16
1407731400000,1.34014,1.34023,1.34012,1.34013,295.14
1407732300000,1.34013,1.34014,1.34,1.34013,319.78
1407733200000,1.34012,1.34025,1.34005,1.34011,616.27
1407734100000,1.3401,1.3401,1.33984,1.3399,436.61
1407735000000,1.3399,1.34009,1.3399,1.34005,376.66
1407735900000,1.34005,1.34014,1.33985,1.33988,411.33
1407736800000,1.33987,1.33996,1.3395,1.3398,1248.6
1407737700000,1.3398,1.3398,1.33942,1.33942,760.41
1407738600000,1.33943,1.33966,1.33898,1.33943,1630.65
1407739500000,1.33941,1.3397,1.33913,1.33918,1758.81
1407740400000,1.33917,1.33946,1.3388,1.33914,2647.51
1407741300000,1.33915,1.33962,1.33896,1.33944,2025.96
1407742200000,1.33943,1.33952,1.3391,1.33931,1195.29
1407743100000,1.33931,1.33973,1.33931,1.33954,1112.43
1407744000000,1.33955,1.3397,1.33839,1.33886,2662.32
1407744900000,1.33885,1.33889,1.33838,1.33876,1981.16
1407745800000,1.33876,1.33886,1.33844,1.33869,2046.2
1407746700000,1.33869,1.33901,1.33833,1.33871,2040.14
1407747600000,1.33872,1.33882,1.33843,1.33866,1529.15
1407748500000,1.33866,1.33876,1.33833,1.33857,1385.54
1407749400000,1.33856,1.33888,1.33837,1.33886,1232.82
1407750300000,1.33886,1.33896,1.33865,1.33888,1152.01
1407751200000,1.33888,1.33906,1.3388,1.33894,945.45
1407752100000,1.33896,1.33913,1.33894,1.3391,639.24
1407753000000,1.33909,1.33919,1.33889,1.33912,945.62
1407753900000,1.33911,1.33928,1.3387,1.33927,1545.82
1407754800000,1.33927,1.33938,1.33901,1.33927,1200.55
1407755700000,1.33928,1.33937,1.33896,1.33926,1107.96
1407756600000,1.33927,1.33938,1.33902,1.33916,1012.65
1407757500000,1.33916,1.33928,1.33895,1.3392,1113.64
1407758400000,1.33921,1.33937,1.33848,1.33848,1649.39
1407759300000,1.33849,1.33965,1.33847,1.3396,2199.04
1407760200000,1.3396,1.3396,1.33905,1.33915,1729.11
1407761100000,1.33915,1.33935,1.33905,1.33927,1438.26
1407762000000,1.33927,1.33929,1.33871,1.33882,1555.7
1407762900000,1.33881,1.33889,1.33841,1.33865,1762.55
1407763800000,1.33866,1.33881,1.33843,1.33859,1511.32
1407764700000,1.3386,1.33874,1.33823,1.33856,1728.94
1407765600000,1.33857,1.33868,1.33832,1.33845,1446.74
1407766500000,1.33845,1.33853,1.33823,1.33837,1259.95
1407767400000,1.33838,1.33852,1.33831,1.33845,1132.1
1407768300000,1.33845,1.33887,1.33836,1.33878,1524.22
1407769200000,1.33881,1.3389,1.33855,1.33868,1975.76
1407770100000,1.33869,1.33874,1.33832,1.33832,1653.75
1407771000000,1.33832,1.33867,1.33803,1.33859,2132.2
1407771900000,1.33859,1.33867,1.33845,1.33847,1123.11
1407772800000,1.33848,1.33856,1.33819,1.33837,997.99
1407773700000,1.33837,1.33872,1.33837,1.33872,846.85
1407774600000,1.33872,1.33881,1.33842,1.33857,786.02
1407775500000,1.33856,1.3386,1.33841,1.33855,682.09
1407776400000,1.33854,1.33858,1.33831,1.33849,954.71
1407777300000,1.3385,1.33875,1.33848,1.33856,857.99
1407778200000,1.33856,1.33869,1.33852,1.33865,656.54
1407779100000,1.33864,1.33867,1.33863,1.33866,326.02
1407780000000,1.33866,1.33876,1.33861,1.33861,737.57
1407780900000,1.33861,1.33863,1.33853,1.33862,740.86
1407781800000,1.33863,1.33864,1.3383,1.33831,1052.58
1407782700000,1.3383,1.33834,1.33813,1.33813,995.34
1407783600000,1.33814,1.33838,1.33814,1.33832,781.4
1407784500000,1.33833,1.33851,1.3383,1.33848,650.02
1407785400000,1.33848,1.33848,1.33832,1.33844,763.53
1407786300000,1.33844,1.33853,1.33836,1.33845,1372.02
1407787200000,1.33845,1.33853,1.33842,1.33851,953.52
1407788100000,1.33851,1.33861,1.33845,1.33855,557.91
1407789000000,1.33854,1.33855,1.33824,1.33836,233.2
1407789900000,1.33835,1.3385,1.33827,1.3385,349.52
1407790800000,1.3385,1.3385,1.33831,1.33844,308.09
1407791700000,1.33845,1.33856,1.3383,1.33845,589.84
1407792600000,1.33844,1.33846,1.33839,1.33841,292.94
1407793500000,1.33844,1.33851,1.33839,1.33848,90.1
1407794400000,1.33848,1.33853,1.33838,1.33853,243.86
1407795300000,1.33853,1.33855,1.33845,1.33845,175.28
1407796200000,1.33846,1.3386,1.33846,1.33858,758.37
1407797100000,1.33859,1.3386,1.33842,1.33846,688.21
1407798000000,1.33847,1.33848,1.33835,1.33841,143.11
1407798900000,1.33841,1.33843,1.33809,1.33816,497.76
1407799800000,1.33815,1.33847,1.33811,1.33839,351.44
1407800700000,1.3384,1.3385,1.33821,1.33822,600.91
1407801600000,1.33821,1.3383,1.33816,1.33817,332.09
1407802500000,1.33818,1.3383,1.33798,1.33798,867.88
1407803400000,1.33799,1.33799,1.3375,1.3376,1285.24
1407804300000,1.3376,1.33791,1.3376,1.33784,1363.02
1407805200000,1.33785,1.33791,1.33682,1.33688,1685.56
1407806100000,1.33688,1.33709,1.33677,1.33697,813.74
1407807000000,1.33696,1.33731,1.33696,1.33721,711.09
1407807900000,1.3372,1.33732,1.33718,1.33724,503.96
1407808800000,1.33725,1.33733,1.33719,1.33728,241.25
1407809700000,1.33727,1.33753,1.33727,1.33734,538.23
1407810600000,1.33735,1.33736,1.33703,1.33704,553.34
1407811500000,1.33704,1.33716,1.33691,1.33693,413.85
1407812400000,1.33695,1.33733,1.33695,1.33729,406.72
1407813300000,1.33728,1.33735,1.33722,1.33729,217.08
1407814200000,1.33728,1.3373,1.33704,1.33718,465.03
1407815100000,1.33719,1.3374,1.33716,1.33723,400.76
1407816000000,1.33723,1.33735,1.33712,1.3373,569.28
1407816900000,1.3373,1.33745,1.33728,1.33738,444.74
1407817800000,1.33738,1.33765,1.33738,1.33757,325.41
1407818700000,1.33756,1.33756,1.33725,1.33727,508.52
1407819600000,1.33728,1.33736,1.33725,1.33731,505.54
1407820500000,1.3373,1.33755,1.3373,1.33737,538.93
1407821400000,1.33738,1.3374,1.33698,1.33716,781.42
1407822300000,1.33716,1.33728,1.33684,1.337,879.27
1407823200000,1.33698,1.33722,1.33643,1.33653,1645.11
1407824100000,1.33653,1.33671,1.33637,1.33656,1133.23
1407825000000,1.33658,1.3366,1.33607,1.33609,1496.96
1407825900000,1.33607,1.33663,1.33607,1.33625,1719.73
1407826800000,1.33622,1.33689,1.33621,1.33658,1409.2
1407827700000,1.33659,1.33687,1.33655,1.33677,1073.87
1407828600000,1.33677,1.33697,1.3366,1.33692,1512.7
1407829500000,1.33692,1.33707,1.33665,1.33672,1548.72
1407830400000,1.33672,1.33672,1.33595,1.33608,2665.48
1407831300000,1.33609,1.33618,1.33561,1.33618,1734.76
1407832200000,1.33618,1.3362,1.33587,1.33606,1312.6
1407833100000,1.33606,1.33619,1.33548,1.3355,2638.63
1407834000000,1.33546,1.33552,1.33428,1.33462,3865.31
1407834900000,1.33462,1.33462,1.33422,1.33422,1802
1407835800000,1.33422,1.33452,1.33394,1.33442,2567.66
1407836700000,1.33442,1.33446,1.33423,1.33426,1319.91
1407837600000,1.33425,1.33433,1.33391,1.33394,1101.94
1407838500000,1.33392,1.33421,1.33375,1.33419,1613.48
1407839400000,1.33419,1.33431,1.3336,1.33389,1591.9
1407840300000,1.33389,1.33404,1.33376,1.33396,1466.41
1407841200000,1.33396,1.33459,1.33396,1.33459,1536.75
1407842100000,1.3346,1.33486,1.3343,1.3345,1532.23
1407843000000,1.33451,1.33464,1.33421,1.33446,1877.84
1407843900000,1.33446,1.33467,1.33416,1.33418,2236.1
1407844800000,1.33419,1.33455,1.33411,1.33455,2549.71
1407845700000,1.33454,1.33546,1.33451,1.33536,2332.26
1407846600000,1.33536,1.33545,1.33506,1.3352,2251.32
1407847500000,1.33519,1.33537,1.33508,1.33518,1627.64
1407848400000,1.33516,1.33612,1.33487,1.33578,2684.92
1407849300000,1.33574,1.3359,1.33555,1.33556,1658.17
1407850200000,1.33556,1.33557,1.33515,1.33527,2207.78
1407851100000,1.33527,1.3359,1.33517,1.33587,1722.02
1407852000000,1.33588,1.33592,1.33494,1.33529,2987.92
1407852900000,1.33529,1.3353,1.33461,1.33484,2476.5
1407853800000,1.33479,1.33501,1.33473,1.33488,1686.09
1407854700000,1.33488,1.33579,1.33446,1.33575,2137.91
1407855600000,1.33575,1.33583,1.33539,1.33574,2309.96
1407856500000,1.33575,1.33604,1.3355,1.33574,1992.69
1407857400000,1.33575,1.3361,1.33566,1.33585,1798.6
1407858300000,1.33585,1.336,1.33563,1.33564,1306.9
1407859200000,1.33565,1.33599,1.33557,1.33563,1596.78
1407860100000,1.33563,1.33589,1.33552,1.33581,1365.64
1407861000000,1.3358,1.33601,1.33572,1.336,1886.98
1407861900000,1.336,1.33619,1.33576,1.33595,1468.32
1407862800000,1.33596,1.33611,1.33586,1.33608,585.68
1407863700000,1.33609,1.33669,1.33606,1.33666,1113.65
1407864600000,1.33667,1.33668,1.33637,1.33646,1046.24
1407865500000,1.33645,1.33677,1.33642,1.33677,707.37
1407866400000,1.33678,1.33698,1.33641,1.33663,1506.12
1407867300000,1.33664,1.33678,1.33659,1.33664,752.79
1407868200000,1.33662,1.33689,1.33662,1.33689,783.49
1407869100000,1.33689,1.33696,1.33671,1.33676,753.21
1407870000000,1.3368,1.3368,1.33668,1.33675,609.02
1407870900000,1.33675,1.33682,1.33666,1.33676,947.68
1407871800000,1.33676,1.3368,1.33663,1.33666,597.7
1407872700000,1.33665,1.3367,1.33661,1.33668,465.79
1407873600000,1.33667,1.33674,1.33663,1.33667,551.08
1407874500000,1.33667,1.33673,1.33665,1.33669,347.73
1407875400000,1.33669,1.33677,1.33665,1.33676,200.16
1407876300000,1.33676,1.33694,1.33675,1.3369,355.87
1407877200000,1.33691,1.33692,1.33661,1.33675,294.42
1407878100000,1.33675,1.33685,1.33668,1.3368,239.33
1407879000000,1.3368,1.33686,1.33679,1.3368,216.02
1407879900000,1.3368,1.33683,1.33671,1.33675,277.41
1407880800000,1.33677,1.33695,1.33674,1.33694,210.97
1407881700000,1.33692,1.33695,1.33689,1.33689,530.13
1407882600000,1.3369,1.33691,1.3368,1.33683,425.67
1407883500000,1.33683,1.33684,1.33678,1.33682,240.16
1407884400000,1.33682,1.33687,1.33682,1.33686,932.47
1407885300000,1.33686,1.33689,1.33676,1.33676,727.82
1407886200000,1.33677,1.33678,1.33667,1.33667,455.63
1407887100000,1.33667,1.33672,1.33644,1.33648,593.14
1407888000000,1.33648,1.33675,1.33648,1.3367,1225.13
1407888900000,1.3367,1.33671,1.33655,1.33661,1006.32
1407889800000,1.33662,1.33673,1.3364,1.3364,643.21
1407890700000,1.33638,1.33666,1.33638,1.33662,566.84
1407891600000,1.33661,1.33677,1.33659,1.33664,571.47
1407892500000,1.33665,1.33675,1.33642,1.33643,1031.37
1407893400000,1.33642,1.33671,1.33636,1.33654,593.29
1407894300000,1.33655,1.33666,1.33641,1.33641,657.49
1407895200000,1.33641,1.33643,1.3361,1.33628,1031.44
1407896100000,1.33629,1.33636,1.33615,1.33626,491.44
1407897000000,1.33628,1.33637,1.33602,1.33629,944.71
1407897900000,1.33629,1.3365,1.33621,1.33648,388.31
1407898800000,1.3365,1.33651,1.33639,1.33643,952.07
1407899700000,1.33643,1.33649,1.33639,1.33641,616.66
1407900600000,1.33641,1.33645,1.33636,1.33637,881.32
1407901500000,1.33637,1.33665,1.33637,1.33652,701.18
1407902400000,1.33652,1.33656,1.33649,1.33651,431.52
1407903300000,1.3365,1.33665,1.33646,1.33657,412.89
1407904200000,1.33656,1.33656,1.33645,1.33652,511.2
1407905100000,1.33652,1.33656,1.33635,1.3364,264.14
1407906000000,1.3364,1.33648,1.33635,1.33635,396.94
1407906900000,1.33635,1.33657,1.33635,1.33643,323.72
1407907800000,1.33643,1.33643,1.33621,1.33635,489.26
1407908700000,1.33634,1.33645,1.33619,1.33621,868.26
1407909600000,1.3362,1.33688,1.3362,1.33684,1108.96
1407910500000,1.33685,1.33732,1.3368,1.33716,1403.48
1407911400000,1.33716,1.3373,1.33687,1.33694,1619.03
1407912300000,1.33692,1.33697,1.3366,1.33685,1208.31
1407913200000,1.33685,1.33685,1.33524,1.33535,2416.92
1407914100000,1.33535,1.33554,1.33489,1.33528,2342.61
1407915000000,1.33528,1.33532,1.33491,1.33496,1371.93
1407915900000,1.33495,1.3355,1.33492,1.33518,1715.07
1407916800000,1.33517,1.33547,1.33499,1.33504,1614.95
1407917700000,1.33504,1.33514,1.33482,1.33494,1357.11
1407918600000,1.33493,1.33567,1.33492,1.3355,1976.92
1407919500000,1.33549,1.33563,1.33493,1.33499,1449.29
1407920400000,1.33499,1.33505,1.33457,1.33469,2246.52
1407921300000,1.33469,1.3347,1.33433,1.33455,1547.27
1407922200000,1.33454,1.33609,1.33423,1.33579,4196.47
1407923100000,1.33577,1.33639,1.3354,1.3357,3125.16
1407924000000,1.33571,1.33574,1.3351,1.3352,2512.65
1407924900000,1.33521,1.33558,1.3351,1.33557,1514.59
1407925800000,1.33557,1.33582,1.33535,1.33535,1639.96
1407926700000,1.33534,1.3358,1.33515,1.33569,1375.66
1407927600000,1.33567,1.33605,1.3356,1.33599,1265.76
1407928500000,1.336,1.33662,1.33585,1.33647,2017.29
1407929400000,1.33648,1.3365,1.33616,1.33639,1550.39
1407930300000,1.33638,1.33657,1.33625,1.3364,1297.76
1407931200000,1.3364,1.3365,1.33585,1.33599,1916.64
1407932100000,1.33601,1.33659,1.33595,1.33645,2003.96
1407933000000,1.33642,1.34062,1.33641,1.33975,7474.48
1407933900000,1.33974,1.34151,1.33974,1.34113,5590.91
1407934800000,1.34113,1.34143,1.33957,1.33969,4201.21
1407935700000,1.33967,1.33997,1.33917,1.3392,2505.63
1407936600000,1.33919,1.3392,1.33848,1.33881,3180.47
1407937500000,1.3388,1.33914,1.33872,1.33896,1968.35
1407938400000,1.33896,1.33916,1.33734,1.33796,2983.95
1407939300000,1.33795,1.33795,1.33737,1.3379,2419.05
1407940200000,1.3379,1.33831,1.33759,1.33781,2102.8
1407941100000,1.33782,1.33814,1.33757,1.33802,2332.12
1407942000000,1.33802,1.33813,1.33781,1.33811,1990.82
1407942900000,1.33809,1.33811,1.33742,1.33742,1644.83
1407943800000,1.33743,1.33744,1.33552,1.33612,4446.07
1407944700000,1.3361,1.33667,1.33581,1.33666,2195.04
1407945600000,1.33668,1.33677,1.33624,1.3363,1236.08
1407946500000,1.33631,1.33642,1.33616,1.3364,1313.08
1407947400000,1.33641,1.33665,1.33641,1.33652,633.91
1407948300000,1.33651,1.33718,1.33651,1.3371,936.66
1407949200000,1.33709,1.33729,1.33684,1.33684,859.48
1407950100000,1.33684,1.3371,1.33666,1.33689,612.24
1407951000000,1.33688,1.33699,1.33677,1.33677,708.03
1407951900000,1.33678,1.33702,1.33671,1.33672,523.48
1407952800000,1.33672,1.33696,1.33672,1.3369,732.26
1407953700000,1.33691,1.33698,1.3367,1.33697,833.23
1407954600000,1.33697,1.33701,1.33681,1.337,674.1
1407955500000,1.33699,1.33709,1.33679,1.33686,833.89
1407956400000,1.33687,1.3369,1.3366,1.33671,531.29
1407957300000,1.33671,1.33682,1.33653,1.33654,777.2
1407958200000,1.33654,1.33655,1.33632,1.33643,593.25
1407959100000,1.33643,1.33653,1.33626,1.33632,882.47
1407960000000,1.33631,1.3365,1.3363,1.3365,805.36
1407960900000,1.33649,1.33675,1.33649,1.33659,629.34
1407961800000,1.3366,1.3367,1.33647,1.33651,485.61
1407962700000,1.33652,1.33652,1.33635,1.3364,276.39
1407963600000,1.3364,1.33656,1.33635,1.33645,164.61
1407964500000,1.33645,1.33647,1.3363,1.33635,376.88
1407965400000,1.33635,1.33643,1.33627,1.33628,196.78
1407966300000,1.33626,1.33636,1.33618,1.33632,476.51
1407967200000,1.33633,1.33634,1.33621,1.33628,192.96
1407968100000,1.33627,1.33628,1.33622,1.33625,241.3
1407969000000,1.33624,1.33651,1.33624,1.33643,205.57
1407969900000,1.33644,1.33661,1.3364,1.3365,399.02
1407970800000,1.33649,1.33656,1.33624,1.33628,297.34
1407971700000,1.33627,1.33654,1.33627,1.33647,1238.5
1407972600000,1.33647,1.33661,1.33636,1.33658,594.58
1407973500000,1.33658,1.33668,1.33652,1.33657,689.4
1407974400000,1.33657,1.3367,1.33627,1.33655,979.99
1407975300000,1.33657,1.33657,1.33631,1.3364,452.79
1407976200000,1.33641,1.33648,1.33624,1.33626,383.76
1407977100000,1.33626,1.33647,1.3361,1.33611,711.99
1407978000000,1.33611,1.33616,1.33572,1.33576,1169.38
1407978900000,1.33577,1.33588,1.33566,1.3357,902.74
1407979800000,1.3357,1.336,1.3356,1.33591,717.24
1407980700000,1.33592,1.33603,1.33581,1.33582,490.13
1407981600000,1.33581,1.33606,1.3357,1.33605,696.77
1407982500000,1.33605,1.33616,1.33601,1.33601,455.75
1407983400000,1.33601,1.33604,1.33576,1.33594,284.87
1407984300000,1.33594,1.33595,1.3357,1.33593,516.04
1407985200000,1.33592,1.33595,1.33582,1.33594,272.21
1407986100000,1.33594,1.33605,1.33584,1.33604,503.42
1407987000000,1.33604,1.33625,1.33597,1.33602,691.81
1407987900000,1.33602,1.33627,1.33602,1.33615,1119.25
1407988800000,1.33614,1.33614,1.33599,1.33612,894.76
1407989700000,1.33613,1.33625,1.33606,1.3362,603.24
1407990600000,1.3362,1.33633,1.33619,1.3363,958.03
1407991500000,1.3363,1.3365,1.33627,1.3365,706.86
1407992400000,1.3365,1.3365,1.33612,1.33622,1230.61
1407993300000,1.33623,1.33681,1.33614,1.33677,1352.86
1407994200000,1.33676,1.33676,1.33573,1.3361,1351.28
1407995100000,1.33609,1.33609,1.33561,1.33578,1173.73
1407996000000,1.33578,1.33578,1.33484,1.33532,3368.03
1407996900000,1.33531,1.33558,1.33519,1.33557,1434.92
1407997800000,1.33557,1.33621,1.33536,1.33621,1677.48
1407998700000,1.33622,1.33663,1.33587,1.33601,1946.01
1407999600000,1.33602,1.33619,1.3359,1.33608,1588.85
1408000500000,1.33607,1.33694,1.33607,1.33648,2023.13
1408001400000,1.33649,1.33651,1.33602,1.33641,1880.23
1408002300000,1.33642,1.33643,1.33601,1.33602,1321.54
1408003200000,1.33601,1.33605,1.3355,1.33586,2238.32
1408004100000,1.33587,1.33627,1.33569,1.33577,2141.04
1408005000000,1.33577,1.33658,1.33577,1.33642,1906.08
1408005900000,1.33642,1.33669,1.33591,1.33612,1693.85
1408006800000,1.33613,1.33718,1.33569,1.33688,3100.03
1408007700000,1.33688,1.3394,1.33658,1.33895,3282.46
1408008600000,1.33895,1.33963,1.33838,1.33867,3819.41
1408009500000,1.33867,1.33881,1.33803,1.33805,2516.43
1408010400000,1.33803,1.33807,1.33714,1.3373,2079.73
1408011300000,1.3373,1.33772,1.33716,1.3377,1736.78
1408012200000,1.3377,1.33794,1.33746,1.33774,1556.3
1408013100000,1.33774,1.33781,1.33725,1.33737,1624.57
1408014000000,1.33736,1.33816,1.33728,1.33807,1582.13
1408014900000,1.33807,1.33852,1.33745,1.33751,2218.38
1408015800000,1.3375,1.33792,1.33744,1.33787,1426.2
1408016700000,1.33788,1.33789,1.33727,1.33746,1318.92
1408017600000,1.33745,1.33749,1.33721,1.33731,1846.48
1408018500000,1.33732,1.33784,1.33731,1.33753,1710.33
1408019400000,1.33752,1.33932,1.3375,1.33898,5502.8
1408020300000,1.33896,1.34039,1.33896,1.33966,4166.2
1408021200000,1.33966,1.33983,1.33876,1.33982,2944.44
1408022100000,1.3398,1.34004,1.33934,1.33942,3398.44
1408023000000,1.33943,1.34006,1.33926,1.33991,2956.93
1408023900000,1.33991,1.34077,1.33991,1.3403,2927.79
1408024800000,1.3403,1.34033,1.33941,1.33954,2357.11
1408025700000,1.33954,1.33973,1.33923,1.33947,2260.59
1408026600000,1.33947,1.33947,1.33834,1.3386,2738.98
1408027500000,1.33859,1.33875,1.33786,1.33807,2600.95
1408028400000,1.33806,1.33821,1.33755,1.33777,2341.15
1408029300000,1.33778,1.33802,1.33745,1.33765,1809.73
1408030200000,1.33764,1.3381,1.33762,1.33799,1332.55
1408031100000,1.338,1.33801,1.33734,1.33756,1471.54
1408032000000,1.33755,1.33764,1.33728,1.33729,1515.32
1408032900000,1.33729,1.3373,1.33685,1.33693,1561.33
1408033800000,1.33693,1.33717,1.33687,1.33703,1451.52
1408034700000,1.33703,1.33709,1.3368,1.33686,1509.42
1408035600000,1.33686,1.33705,1.33636,1.33646,3176.81
1408036500000,1.33647,1.33684,1.33646,1.3368,986.22
1408037400000,1.33681,1.33684,1.33665,1.33669,637.91
1408038300000,1.33669,1.33677,1.33648,1.33649,796.2
1408039200000,1.33649,1.33651,1.33606,1.33629,996.96
1408040100000,1.3363,1.33647,1.3362,1.33647,698.39
1408041000000,1.33648,1.33662,1.33646,1.33652,737.31
1408041900000,1.33653,1.33669,1.33651,1.33661,698.27
1408042800000,1.33662,1.33679,1.33661,1.33679,619.39
1408043700000,1.33678,1.33687,1.33674,1.33685,489.5
1408044600000,1.33685,1.33694,1.33681,1.33682,391.17
1408045500000,1.33683,1.3369,1.33677,1.3369,652.8
1408046400000,1.33689,1.33694,1.3367,1.33672,702.29
1408047300000,1.33673,1.33677,1.3366,1.33663,476.39
1408048200000,1.33664,1.33668,1.33649,1.33649,289.83
1408049100000,1.33649,1.33656,1.33644,1.33646,328.67
1408050000000,1.33645,1.33674,1.33645,1.33669,269.38
1408050900000,1.3367,1.3367,1.33652,1.33655,357.84
1408051800000,1.33654,1.3366,1.33636,1.33642,897.99
1408052700000,1.3364,1.33646,1.33634,1.33637,237.38
1408053600000,1.33638,1.33641,1.33621,1.33624,539.97
1408054500000,1.33626,1.33627,1.33601,1.33603,841.18
1408055400000,1.336,1.33618,1.336,1.33616,329.35
1408056300000,1.33617,1.33636,1.3361,1.33636,474.31
1408057200000,1.33636,1.33642,1.33616,1.33625,1109.81
1408058100000,1.33625,1.33627,1.33615,1.33626,926.67
1408059000000,1.33626,1.33628,1.33613,1.33624,820.71
1408059900000,1.33623,1.33624,1.33603,1.33613,891.66
1408060800000,1.33613,1.33615,1.33604,1.33609,868.66
1408061700000,1.33609,1.33653,1.33602,1.33645,798.35
1408062600000,1.33645,1.33647,1.33618,1.33631,693.77
1408063500000,1.33632,1.33638,1.336,1.3361,1004.93
1408064400000,1.3361,1.33626,1.33596,1.33626,523.98
1408065300000,1.33626,1.33633,1.33612,1.33615,806.78
1408066200000,1.33615,1.33626,1.33613,1.33617,1588.67
1408067100000,1.33618,1.3362,1.33609,1.33614,1862.95
1408068000000,1.33615,1.33615,1.33587,1.33598,911.9
1408068900000,1.33598,1.33602,1.3359,1.33599,499.05
1408069800000,1.33598,1.33614,1.33595,1.33614,634.52
1408070700000,1.33613,1.33618,1.33601,1.33611,565.71
1408071600000,1.33611,1.33629,1.33605,1.33629,689.28
1408072500000,1.33628,1.33632,1.33611,1.33617,652.53
1408073400000,1.33618,1.33643,1.33616,1.33637,421.39
1408074300000,1.33636,1.33641,1.33625,1.3363,490.35
1408075200000,1.33631,1.33663,1.33631,1.33661,832.85
1408076100000,1.33661,1.33684,1.33652,1.33682,386.4
1408077000000,1.33682,1.33682,1.33636,1.3364,552.69
1408077900000,1.33641,1.33659,1.33636,1.33658,895.08
1408078800000,1.33658,1.3366,1.33636,1.3365,472.93
1408079700000,1.33652,1.33652,1.33634,1.33636,1220.76
1408080600000,1.33635,1.33649,1.33635,1.33649,609.42
1408081500000,1.33649,1.3368,1.33647,1.33679,726.13
1408082400000,1.33679,1.33692,1.33637,1.33673,1660.85
1408083300000,1.33673,1.33673,1.33627,1.33644,1159.61
1408084200000,1.33644,1.33653,1.33606,1.33651,1148.14
1408085100000,1.33651,1.33684,1.33646,1.33678,1436.24
1408086000000,1.33677,1.3368,1.33652,1.33675,1386.57
1408086900000,1.33675,1.3376,1.33675,1.33747,1923.43
1408087800000,1.33747,1.33761,1.33695,1.33707,1574.78
1408088700000,1.33707,1.33777,1.337,1.33769,1887.76
1408089600000,1.33769,1.33843,1.33734,1.33819,2259.1
1408090500000,1.33819,1.33893,1.33811,1.33884,1875.24
1408091400000,1.33885,1.33917,1.33858,1.33904,2079.87
1408092300000,1.33903,1.33904,1.33831,1.33835,1687.6
1408093200000,1.33834,1.33853,1.33787,1.33809,1722.23
1408094100000,1.33808,1.33837,1.33791,1.33813,1519.51
1408095000000,1.33813,1.33816,1.33778,1.33791,1389.77
1408095900000,1.33791,1.33797,1.3361,1.33619,2438.51
1408096800000,1.3362,1.3378,1.33615,1.33769,2856.46
1408097700000,1.3377,1.33771,1.33727,1.33745,1262.13
1408098600000,1.33744,1.33762,1.33736,1.3376,872.28
1408099500000,1.33761,1.33761,1.3373,1.33758,1010.85
1408100400000,1.33758,1.33871,1.33741,1.33837,1467.6
1408101300000,1.33837,1.33855,1.33791,1.33826,1273.71
1408102200000,1.33826,1.33912,1.33822,1.33887,1670.04
1408103100000,1.33887,1.33906,1.33853,1.33901,1483
1408104000000,1.339,1.33906,1.33865,1.33882,1440.04
1408104900000,1.33884,1.33967,1.33884,1.33959,2742.19
1408105800000,1.33956,1.33978,1.33765,1.33908,3904.69
1408106700000,1.33908,1.34048,1.33896,1.33979,4711.55
1408107600000,1.3398,1.34018,1.33923,1.33955,3022.76
1408108500000,1.33954,1.33959,1.33856,1.33875,2695.41
1408109400000,1.33875,1.33967,1.33844,1.33941,2466.56
1408110300000,1.3394,1.33983,1.3392,1.33927,2345.73
1408111200000,1.33928,1.33982,1.33847,1.33941,2809.44
1408112100000,1.33941,1.33949,1.33911,1.33925,1543.08
1408113000000,1.33923,1.34037,1.33915,1.33988,2925.76
1408113900000,1.33985,1.34117,1.33774,1.33825,6026.96
1408114800000,1.33823,1.33929,1.33803,1.33859,4438.33
1408115700000,1.33861,1.33989,1.33846,1.33956,2995.93
1408116600000,1.33956,1.33999,1.33863,1.33887,3187.23
1408117500000,1.33887,1.33941,1.33852,1.33909,3021.23
1408118400000,1.33912,1.33947,1.33835,1.33858,2807.22
1408119300000,1.33857,1.33883,1.33844,1.33859,2282.69
1408120200000,1.3386,1.33861,1.33805,1.33806,1249.54
1408121100000,1.33807,1.33862,1.33806,1.3386,1556.3
1408122000000,1.3386,1.3387,1.33828,1.33867,1302.89
1408122900000,1.33868,1.33896,1.33864,1.33878,876.82
1408123800000,1.33879,1.33955,1.33876,1.33916,1245.54
1408124700000,1.33916,1.33936,1.33903,1.33919,1021.07
1408125600000,1.33919,1.33921,1.33897,1.33916,747.61
1408126500000,1.33917,1.33969,1.33907,1.33931,739.29
1408127400000,1.33931,1.3396,1.3393,1.33959,652.34
1408128300000,1.33959,1.33989,1.33953,1.33978,770.23
1408129200000,1.33978,1.33984,1.33959,1.33961,746.45
1408130100000,1.33961,1.33961,1.33926,1.33936,719.3
1408131000000,1.33936,1.33953,1.33916,1.33945,675.14
1408131900000,1.33945,1.33978,1.33943,1.33978,956.76
1408132800000,1.33979,1.33996,1.33961,1.33962,693.47
1408133700000,1.33962,1.33972,1.33951,1.33962,613.29
1408134600000,1.3396,1.33975,1.3396,1.33971,2053.31
1408135500000,1.33971,1.33999,1.33956,1.33976,1308.85
1408309200000,1.33908,1.33984,1.33899,1.33965,485.26
1408310100000,1.33966,1.33966,1.33916,1.3393,440.45
1408311000000,1.33929,1.33933,1.33916,1.33929,249.94
1408311900000,1.33929,1.3393,1.33906,1.33913,237.14
1408312800000,1.33915,1.33947,1.33914,1.33922,571.45
1408313700000,1.33922,1.33932,1.33922,1.33925,220.45
1408314600000,1.33923,1.33924,1.33893,1.33893,212.11
1408315500000,1.33895,1.33897,1.33883,1.33896,190.85
1408316400000,1.33896,1.33904,1.3388,1.33901,749.66
1408317300000,1.33901,1.33922,1.33899,1.33919,615.44
1408318200000,1.33919,1.33919,1.33881,1.33896,292.02
1408319100000,1.33895,1.33927,1.33891,1.33895,472.44
1408320000000,1.33895,1.33921,1.33894,1.33908,793.22
1408320900000,1.33908,1.33931,1.33907,1.33925,337.42
1408321800000,1.33925,1.33925,1.33881,1.33883,1113.12
1408322700000,1.33883,1.33905,1.33875,1.339,1017.65
1408323600000,1.339,1.33933,1.3389,1.33917,1014.78
1408324500000,1.33916,1.33931,1.33906,1.33908,794.81
1408325400000,1.33908,1.33958,1.33906,1.33932,812.47
1408326300000,1.33931,1.33953,1.33921,1.33947,552.25
1408327200000,1.33945,1.3395,1.33938,1.33949,295.95
1408328100000,1.33948,1.3396,1.33927,1.33955,529.78
1408329000000,1.33955,1.3396,1.33944,1.3395,292.93
1408329900000,1.3395,1.33975,1.3395,1.33971,473.36
1408330800000,1.3397,1.33975,1.33965,1.33974,480.01
1408331700000,1.33974,1.33977,1.33967,1.33975,348.64
1408332600000,1.33976,1.33991,1.33961,1.33974,361.04
1408333500000,1.33974,1.33975,1.33954,1.33955,409.95
1408334400000,1.33956,1.33969,1.33951,1.33963,470.36
1408335300000,1.33962,1.33968,1.33945,1.3396,342.14
1408336200000,1.3396,1.33968,1.33945,1.33963,365.34
1408337100000,1.33963,1.33983,1.33957,1.3398,298.31
1408338000000,1.33981,1.33982,1.33926,1.33937,536.66
1408338900000,1.33937,1.33952,1.33934,1.33937,427.46
1408339800000,1.33937,1.33955,1.3393,1.33934,639.19
1408340700000,1.33935,1.33936,1.33906,1.33912,671.4
1408341600000,1.33911,1.33933,1.33905,1.3393,846.34
1408342500000,1.3393,1.33931,1.33878,1.33917,1060.6
1408343400000,1.33916,1.33917,1.33835,1.33876,1580.32
1408344300000,1.33877,1.33882,1.33839,1.33851,1347.48
1408345200000,1.33852,1.33861,1.33825,1.33841,1914.43
1408346100000,1.33841,1.33877,1.33836,1.33877,1539.58
1408347000000,1.33876,1.33886,1.33815,1.33821,1610.97
1408347900000,1.33821,1.33878,1.33819,1.33862,1395.58
1408348800000,1.33862,1.33894,1.3385,1.33862,1051.16
1408349700000,1.33862,1.33872,1.3383,1.33842,1280.45
1408350600000,1.33842,1.33868,1.33837,1.33867,1328.94
1408351500000,1.33867,1.33877,1.33842,1.3385,1049.28
1408352400000,1.33851,1.33906,1.33847,1.33901,1153.79
1408353300000,1.33901,1.33907,1.33864,1.33897,911.93
1408354200000,1.33895,1.33917,1.33895,1.33913,961.55
1408355100000,1.33913,1.33942,1.33882,1.33931,1223.66
1408356000000,1.33928,1.33939,1.339,1.3392,1066.08
1408356900000,1.33922,1.33949,1.33915,1.33934,901.67
1408357800000,1.33933,1.33936,1.3386,1.33863,1065.17
1408358700000,1.33863,1.339,1.33851,1.33887,1377.41
1408359600000,1.33887,1.33908,1.33884,1.33894,796.85
1408360500000,1.33894,1.33924,1.33886,1.33918,1038.52
1408361400000,1.33919,1.33924,1.33906,1.3391,925.01
1408362300000,1.3391,1.33918,1.3388,1.3388,881.01
1408363200000,1.33881,1.33887,1.33826,1.33826,2082.49
1408364100000,1.33827,1.33848,1.33794,1.33835,2018.64
1408365000000,1.33834,1.3385,1.33822,1.33828,1228.89
1408365900000,1.3383,1.33858,1.33824,1.33844,1325.23
1408366800000,1.33843,1.33866,1.33819,1.33834,1622.47
1408367700000,1.33835,1.33837,1.33809,1.33816,1568.2
1408368600000,1.33817,1.33835,1.33807,1.33808,1467.84
1408369500000,1.33808,1.33818,1.33647,1.33663,3399.87
1408370400000,1.33662,1.33701,1.33627,1.33651,3005.66
1408371300000,1.33651,1.33653,1.33591,1.33623,2743.94
1408372200000,1.33622,1.3364,1.33612,1.33632,1872.28
1408373100000,1.33633,1.33655,1.33619,1.3363,1844.92
1408374000000,1.33631,1.33655,1.33611,1.33616,1864.4
1408374900000,1.33616,1.3362,1.3355,1.33561,1500.97
1408375800000,1.33561,1.33597,1.33529,1.33578,2518.56
1408376700000,1.33577,1.3359,1.33557,1.33577,1460.82
1408377600000,1.33578,1.33605,1.33555,1.33596,1614.31
1408378500000,1.33597,1.33623,1.33592,1.33621,1359.81
1408379400000,1.33622,1.33624,1.33597,1.33601,737.31
1408380300000,1.33602,1.33623,1.33598,1.33617,1033.17
1408381200000,1.33618,1.33625,1.33607,1.33607,900.33
1408382100000,1.33609,1.33622,1.33601,1.3361,1119.04
1408383000000,1.3361,1.33634,1.3361,1.33625,647.79
1408383900000,1.33626,1.33662,1.33624,1.3366,506.83
1408384800000,1.3366,1.33661,1.33627,1.33636,563.89
1408385700000,1.33636,1.33644,1.33617,1.33621,681.83
1408386600000,1.33621,1.33622,1.33606,1.33619,448.26
1408387500000,1.33617,1.33628,1.33597,1.33604,848.31
1408388400000,1.33603,1.33609,1.33598,1.33607,529.8
1408389300000,1.33607,1.33615,1.33606,1.33615,539.35
1408390200000,1.33614,1.3362,1.3361,1.33617,490.19
1408391100000,1.33617,1.33649,1.33617,1.33632,770.32
1408392000000,1.33632,1.33632,1.33616,1.33623,484.54
1408392900000,1.33621,1.33626,1.33611,1.33622,250.6
1408393800000,1.33619,1.33641,1.33616,1.33636,267.24
1408394700000,1.33635,1.33638,1.3363,1.33634,377.61
1408395600000,1.33633,1.3364,1.33627,1.33629,116.23
1408396500000,1.3363,1.3363,1.33623,1.33623,120.57
1408397400000,1.33625,1.33626,1.33613,1.33619,154.83
1408398300000,1.3362,1.33621,1.33613,1.33615,241.31
1408399200000,1.33616,1.33626,1.33614,1.33625,452.21
1408400100000,1.33626,1.33626,1.33619,1.33626,287.48
1408401000000,1.33626,1.33631,1.33624,1.33625,989.82
1408401900000,1.33625,1.33625,1.33602,1.33602,224.15
1408402800000,1.33602,1.33618,1.33599,1.33617,156.89
1408403700000,1.33618,1.3362,1.33605,1.33608,171.97
1408404600000,1.33608,1.33624,1.33603,1.33622,349.56
1408405500000,1.33623,1.33623,1.336,1.336,467.48
1408406400000,1.336,1.33605,1.33551,1.33553,599.55
1408407300000,1.33551,1.33573,1.33535,1.33536,801.44
1408408200000,1.33537,1.33551,1.33537,1.33551,437.71
1408409100000,1.33547,1.33557,1.3354,1.33557,877.3
1408410000000,1.33557,1.33567,1.33551,1.33562,564.25
1408410900000,1.33563,1.33572,1.33558,1.33569,367.51
1408411800000,1.33568,1.33593,1.33562,1.33586,735.91
1408412700000,1.33585,1.33592,1.33581,1.33587,480.12
1408413600000,1.33587,1.33588,1.33554,1.33557,335.62
1408414500000,1.33557,1.33578,1.33557,1.33578,414.03
1408415400000,1.33579,1.33579,1.33569,1.33571,260.32
1408416300000,1.33571,1.3358,1.33561,1.33566,560.5
1408417200000,1.33567,1.33567,1.33555,1.33561,453.24
1408418100000,1.33561,1.33566,1.33557,1.33562,289.36
1408419000000,1.33562,1.33579,1.33562,1.33566,361.95
1408419900000,1.33567,1.3358,1.33564,1.33579,262.71
1408420800000,1.33578,1.33585,1.33575,1.3358,270.64
1408421700000,1.33581,1.33582,1.33567,1.3357,500.85
1408422600000,1.3357,1.33577,1.33557,1.33576,277.29
1408423500000,1.33575,1.33577,1.3357,1.33571,121.06
1408424400000,1.33572,1.3358,1.33568,1.33575,332.62
1408425300000,1.33574,1.33575,1.33565,1.33568,299.48
1408426200000,1.33567,1.33575,1.33563,1.33571,543.38
1408427100000,1.33571,1.33582,1.33555,1.33557,509.94
1408428000000,1.33556,1.33562,1.33539,1.33545,649.89
1408428900000,1.33543,1.33543,1.33433,1.33499,2513.72
1408429800000,1.33499,1.33516,1.33455,1.33503,2254.08
1408430700000,1.33502,1.33515,1.3346,1.33476,1057.15
1408431600000,1.33476,1.33575,1.33466,1.33551,1772.82
1408432500000,1.33552,1.33563,1.33514,1.33516,1560.22
1408433400000,1.33515,1.33517,1.33469,1.33507,1639.53
1408434300000,1.33506,1.33544,1.33502,1.33506,1517.14
1408435200000,1.33509,1.33537,1.33475,1.33499,2000.58
1408436100000,1.33498,1.33503,1.33449,1.33477,1640.63
1408437000000,1.33477,1.33531,1.33438,1.3352,3001.79
1408437900000,1.33519,1.33558,1.33488,1.33539,2335.73
1408438800000,1.33539,1.33551,1.3352,1.33525,1643.85
1408439700000,1.33526,1.33532,1.33491,1.33529,1485.43
1408440600000,1.3353,1.33542,1.33485,1.33486,2113.24
1408441500000,1.33485,1.33488,1.33445,1.33461,2109.75
1408442400000,1.3346,1.33476,1.33453,1.33473,1686.84
1408443300000,1.33473,1.33525,1.33471,1.3352,1839.85
1408444200000,1.3352,1.33527,1.33477,1.33479,1901.47
1408445100000,1.3348,1.33484,1.33456,1.33476,1602.49
1408446000000,1.33477,1.33484,1.33411,1.33434,2004.48
1408446900000,1.33433,1.33488,1.33432,1.33488,2473.82
1408447800000,1.33488,1.33513,1.33487,1.33497,2327.75
1408448700000,1.33497,1.335,1.33469,1.33488,1343.79
1408449600000,1.33488,1.33549,1.33473,1.33534,1774.28
1408450500000,1.33533,1.33569,1.3352,1.33553,2749.51
1408451400000,1.33551,1.33567,1.33185,1.3325,7758.79
1408452300000,1.3325,1.33342,1.33214,1.33244,4108.31
1408453200000,1.33244,1.33278,1.33167,1.33218,3633.91
1408454100000,1.33217,1.33277,1.33188,1.33267,3256.19
1408455000000,1.33269,1.33278,1.3319,1.33216,3220.77
1408455900000,1.33216,1.33224,1.33142,1.3315,2862.65
1408456800000,1.3315,1.33247,1.3315,1.33208,2987.76
1408457700000,1.33207,1.33218,1.33135,1.33172,2879.08
1408458600000,1.33174,1.33225,1.33137,1.33159,3196.54
1408459500000,1.33158,1.33188,1.33142,1.33186,2884.98
1408460400000,1.33187,1.33208,1.3317,1.33207,1545.57
1408461300000,1.33208,1.3322,1.33172,1.33172,2033.46
1408462200000,1.33173,1.3319,1.33133,1.3317,2350.03
1408463100000,1.33171,1.33209,1.33143,1.33197,1752.42
1408464000000,1.33197,1.33211,1.3317,1.33184,1556.99
1408464900000,1.33184,1.33186,1.33166,1.33181,1656.53
1408465800000,1.3318,1.3319,1.33168,1.33175,1286.3
1408466700000,1.33175,1.3318,1.33165,1.33177,989.32
1408467600000,1.33176,1.33193,1.33166,1.3319,1386.02
1408468500000,1.33192,1.33194,1.33182,1.33192,1108.95
1408469400000,1.33192,1.33221,1.33186,1.33195,1351.01
1408470300000,1.33196,1.33207,1.33157,1.33172,1234.1
1408471200000,1.33172,1.33178,1.33164,1.33167,954.86
1408472100000,1.33167,1.33191,1.3316,1.33182,1193.1
1408473000000,1.33183,1.33187,1.33167,1.33179,2332.61
1408473900000,1.33178,1.33221,1.33178,1.33185,1468.46
1408474800000,1.33185,1.3319,1.33178,1.33188,1047.56
1408475700000,1.33188,1.3321,1.33182,1.33204,1135.77
1408476600000,1.33204,1.33211,1.33196,1.33206,1359.73
1408477500000,1.33208,1.33212,1.33191,1.33212,1194.41
1408478400000,1.33213,1.33232,1.33206,1.33217,798.59
1408479300000,1.33218,1.3322,1.33197,1.33201,442.03
1408480200000,1.33202,1.33202,1.33195,1.33199,275.63
1408481100000,1.332,1.3321,1.33196,1.33198,397.38
1408482000000,1.33198,1.33226,1.33175,1.33196,557.12
1408482900000,1.33196,1.33197,1.3318,1.33181,513.58
1408483800000,1.33181,1.33202,1.33181,1.33202,495.76
1408484700000,1.332,1.33201,1.33176,1.33178,240.42
1408485600000,1.33178,1.33207,1.33175,1.33202,452.45
1408486500000,1.33202,1.33206,1.33195,1.33199,173.68
1408487400000,1.33199,1.33205,1.33194,1.33202,228.57
1408488300000,1.33202,1.33208,1.33196,1.33201,192.06
1408489200000,1.33201,1.33209,1.332,1.33209,237.51
1408490100000,1.33209,1.33215,1.33204,1.33204,375
1408491000000,1.33203,1.33243,1.33186,1.33186,741.82
1408491900000,1.33186,1.33223,1.33186,1.33203,750.98
1408492800000,1.33203,1.33209,1.33176,1.33189,698.74
1408493700000,1.33188,1.33217,1.33182,1.33204,729.4
1408494600000,1.33205,1.33211,1.33192,1.33196,502.15
1408495500000,1.33197,1.33198,1.33176,1.33179,669.87
1408496400000,1.3318,1.33183,1.33154,1.33161,588.51
1408497300000,1.33159,1.33183,1.33154,1.33169,775.79
1408498200000,1.3317,1.33203,1.3317,1.33196,621.31
1408499100000,1.33195,1.33212,1.33156,1.3316,810.33
1408500000000,1.33158,1.33164,1.3315,1.3316,575.41
1408500900000,1.3316,1.3316,1.33145,1.33151,792.98
1408501800000,1.33152,1.33155,1.33137,1.3314,538.26
1408502700000,1.3314,1.33142,1.33096,1.33098,931.27
1408503600000,1.33098,1.33126,1.33074,1.33085,1195.52
1408504500000,1.33087,1.33087,1.33046,1.3305,1821.85
1408505400000,1.3305,1.33085,1.33031,1.33034,1435.1
1408506300000,1.33035,1.33077,1.33031,1.33056,1342.88
1408507200000,1.33056,1.33096,1.33047,1.33091,981.69
1408508100000,1.33091,1.33091,1.33073,1.33074,417.48
1408509000000,1.33074,1.3308,1.33055,1.33057,399.73
1408509900000,1.33056,1.33062,1.3305,1.33054,513.76
1408510800000,1.33054,1.33071,1.33049,1.33069,540.03
1408511700000,1.3307,1.3307,1.3303,1.33039,856.33
1408512600000,1.33039,1.33053,1.33036,1.33041,600.95
1408513500000,1.3304,1.33043,1.33009,1.3301,1014.26
1408514400000,1.33009,1.33064,1.33009,1.3305,1443.01
1408515300000,1.33049,1.33052,1.33012,1.33046,1226.32
1408516200000,1.33046,1.33067,1.33024,1.33058,1514.85
1408517100000,1.33057,1.3308,1.33031,1.33076,1448.41
1408518000000,1.33076,1.33077,1.33042,1.33059,1864.5
1408518900000,1.3306,1.33076,1.33013,1.33026,2015.42
1408519800000,1.33027,1.33038,1.32853,1.32905,4175.5
1408520700000,1.32905,1.3296,1.32901,1.32935,3587.55
1408521600000,1.32934,1.33014,1.32901,1.32997,2904.93
1408522500000,1.32997,1.33042,1.32992,1.33028,2249.78
1408523400000,1.33027,1.3303,1.32872,1.32928,4838
1408524300000,1.32929,1.32958,1.32902,1.32938,2478.65
1408525200000,1.32938,1.32949,1.32905,1.32921,2163.69
1408526100000,1.32922,1.3295,1.32922,1.32937,1738.64
1408527000000,1.32937,1.3295,1.32911,1.32916,1768.68
1408527900000,1.32916,1.32921,1.32832,1.32837,2543.53
1408528800000,1.32838,1.3286,1.32798,1.32804,2875.98
1408529700000,1.32805,1.3282,1.3275,1.32775,1966.02
1408530600000,1.32774,1.32817,1.32766,1.3281,2120.88
1408531500000,1.3281,1.3281,1.32753,1.32777,1718.82
1408532400000,1.32777,1.32822,1.32773,1.32821,2459.3
1408533300000,1.3282,1.32838,1.32808,1.32825,1646.6
1408534200000,1.32824,1.32831,1.32802,1.32827,1684.72
1408535100000,1.32827,1.32859,1.32821,1.32859,1565.69
1408536000000,1.32859,1.32868,1.32835,1.32846,2018.19
1408536900000,1.32846,1.32879,1.32846,1.32869,2107.18
1408537800000,1.32869,1.32927,1.32866,1.32892,2477.71
1408538700000,1.32891,1.32897,1.32832,1.32844,2501.83
1408539600000,1.32843,1.32893,1.32817,1.32884,1925.27
1408540500000,1.32884,1.32936,1.32879,1.32932,2484.8
1408541400000,1.32931,1.32934,1.32862,1.32869,2448.3
1408542300000,1.32869,1.329,1.32841,1.32878,2123.8
1408543200000,1.32878,1.32906,1.3286,1.32874,1800.8
1408544100000,1.32875,1.32893,1.32848,1.32866,1842.76
1408545000000,1.32866,1.32893,1.3286,1.32887,1428.07
1408545900000,1.32887,1.32912,1.3285,1.3287,2296.66
1408546800000,1.32871,1.32921,1.3286,1.32919,2123
1408547700000,1.32918,1.32974,1.32905,1.32964,1962.42
1408548600000,1.32962,1.32962,1.32867,1.32877,2261.03
1408549500000,1.32878,1.32889,1.32826,1.32835,1776.28
1408550400000,1.32835,1.3284,1.3281,1.3283,1674.59
1408551300000,1.32829,1.3285,1.32817,1.32834,1126.47
1408552200000,1.32834,1.32919,1.32834,1.329,1383.33
1408553100000,1.329,1.3291,1.32891,1.32901,730.68
1408554000000,1.32902,1.32903,1.3287,1.32891,953.39
1408554900000,1.3289,1.32893,1.3286,1.3288,840.01
1408555800000,1.32879,1.32896,1.32865,1.32896,1033.46
1408556700000,1.32896,1.32927,1.32886,1.32894,1486.25
1408557600000,1.32892,1.32892,1.32602,1.32608,6590.98
1408558500000,1.32608,1.32689,1.3256,1.32636,3596.32
1408559400000,1.32636,1.32675,1.32606,1.32612,2142.29
1408560300000,1.32612,1.32699,1.32611,1.32613,2055.88
1408561200000,1.32612,1.32689,1.32574,1.32672,1946.02
1408562100000,1.3267,1.32674,1.32621,1.32628,1123.4
1408563000000,1.32628,1.32632,1.3258,1.3258,813.27
1408563900000,1.32579,1.32612,1.32553,1.32608,1410.46
1408564800000,1.32611,1.32625,1.32598,1.32619,548.25
1408565700000,1.32621,1.3264,1.32619,1.32626,477.73
1408566600000,1.32625,1.32653,1.32624,1.32635,342.82
1408567500000,1.32636,1.32637,1.32587,1.32587,822.54
1408568400000,1.3259,1.32597,1.32581,1.32595,415.79
1408569300000,1.32597,1.32599,1.3259,1.32592,220.4
1408570200000,1.32594,1.32594,1.32574,1.3259,190.95
1408571100000,1.3259,1.32591,1.32575,1.32581,153.39
1408572000000,1.3258,1.32581,1.32569,1.32573,267.29
1408572900000,1.32572,1.32596,1.32571,1.32594,297.49
1408573800000,1.32594,1.32596,1.3258,1.32585,210.82
1408574700000,1.32586,1.32593,1.32583,1.32588,183.55
1408575600000,1.32589,1.32597,1.32581,1.32594,314.73
1408576500000,1.32595,1.32597,1.32586,1.3259,769.58
1408577400000,1.3259,1.32604,1.32588,1.32602,357.88
1408578300000,1.32601,1.32603,1.32589,1.3259,224.04
1408579200000,1.32591,1.32602,1.32579,1.32579,881.2
1408580100000,1.3258,1.32582,1.32571,1.32573,556.64
1408581000000,1.32573,1.32576,1.3256,1.32567,640.87
1408581900000,1.32567,1.32568,1.32551,1.32552,591.31
1408582800000,1.32553,1.32571,1.3255,1.32569,722.42
1408583700000,1.32571,1.3258,1.32544,1.32547,950.66
1408584600000,1.32548,1.3255,1.32417,1.32455,2034.88
1408585500000,1.32455,1.32497,1.32443,1.3249,1363.7
1408586400000,1.3249,1.32492,1.32454,1.32488,894.87
1408587300000,1.32487,1.32514,1.32479,1.32492,1010.1
1408588200000,1.32492,1.32515,1.3249,1.32491,709.27
1408589100000,1.32492,1.32501,1.32471,1.32474,949.89
1408590000000,1.32474,1.32488,1.32458,1.32468,811.46
1408590900000,1.32468,1.32504,1.32458,1.32497,887.83
1408591800000,1.32497,1.32497,1.32462,1.32467,637.52
1408592700000,1.32467,1.32478,1.32444,1.3245,794.96
1408593600000,1.3245,1.32466,1.32424,1.32462,624.79
1408594500000,1.32463,1.32465,1.32449,1.32462,604.17
1408595400000,1.32462,1.32493,1.32452,1.32459,792.96
1408596300000,1.32459,1.32473,1.32438,1.3244,586.24
1408597200000,1.3244,1.32468,1.32437,1.32462,704.09
1408598100000,1.32462,1.32467,1.32448,1.32466,730.98
1408599000000,1.32466,1.32477,1.3246,1.32476,611.06
1408599900000,1.32477,1.32493,1.32467,1.32485,1059.58
1408600800000,1.32485,1.32568,1.32462,1.32546,1780.82
1408601700000,1.32545,1.32608,1.32545,1.32598,2151.09
1408602600000,1.32598,1.32646,1.32586,1.32602,2836.69
1408603500000,1.32602,1.32642,1.32585,1.32621,1660.45
1408604400000,1.32619,1.32628,1.32576,1.326,2203.89
1408605300000,1.326,1.32613,1.3257,1.32595,1970.34
1408606200000,1.32591,1.32777,1.32591,1.32722,3587.41
1408607100000,1.32722,1.32747,1.32696,1.3274,1590.24
1408608000000,1.32741,1.32752,1.32636,1.32658,2963.01
1408608900000,1.32659,1.32686,1.32631,1.32639,2154.73
1408609800000,1.32638,1.32714,1.32629,1.32678,2527.46
1408610700000,1.32678,1.32711,1.32677,1.32709,1971.05
1408611600000,1.32708,1.32708,1.32671,1.32681,1186.36
1408612500000,1.32682,1.32684,1.32643,1.32679,1592.07
1408613400000,1.32679,1.32714,1.32673,1.32691,1409.08
1408614300000,1.32691,1.32691,1.32654,1.32658,1295.9
1408615200000,1.32658,1.3266,1.3261,1.32652,1632.6
1408616100000,1.32652,1.32669,1.32643,1.32652,1073.04
1408617000000,1.32652,1.32671,1.32647,1.32657,1088.6
1408617900000,1.32657,1.32668,1.32607,1.32609,1474.98
1408618800000,1.3261,1.32651,1.32581,1.32609,1688.94
1408619700000,1.32608,1.32641,1.32602,1.32638,1156.46
1408620600000,1.32639,1.32659,1.32614,1.3265,1366.13
1408621500000,1.3265,1.32671,1.32617,1.32647,1520.27
1408622400000,1.32647,1.32648,1.32611,1.32623,2001.7
1408623300000,1.32623,1.32638,1.32557,1.32629,2918.69
1408624200000,1.32629,1.32692,1.32581,1.32682,2953.85
1408625100000,1.32683,1.32699,1.32607,1.32616,2577.08
1408626000000,1.32617,1.32692,1.32616,1.32672,2251.31
1408626900000,1.32672,1.32692,1.32657,1.32678,2078.17
1408627800000,1.32678,1.32723,1.32672,1.32692,2955.1
1408628700000,1.32692,1.32742,1.32681,1.3269,2615.89
1408629600000,1.32696,1.32813,1.32625,1.32724,4956.3
1408630500000,1.32721,1.32747,1.32684,1.32727,2656.34
1408631400000,1.32727,1.32807,1.32707,1.32794,2219.77
1408632300000,1.32794,1.32867,1.32793,1.32842,3067.1
1408633200000,1.32842,1.32884,1.32816,1.3282,2731.41
1408634100000,1.32819,1.32848,1.32785,1.32803,3228.11
1408635000000,1.32804,1.32857,1.328,1.32837,1722.89
1408635900000,1.32838,1.32865,1.32822,1.32848,1459.18
1408636800000,1.3285,1.32855,1.3281,1.32821,1332.62
1408637700000,1.32819,1.32829,1.32802,1.32821,1167.21
1408638600000,1.32821,1.32833,1.32802,1.32803,1291.7
1408639500000,1.32803,1.32806,1.32772,1.32787,952.94
1408640400000,1.32789,1.3279,1.32738,1.32763,1135.44
1408641300000,1.32762,1.32806,1.32761,1.32799,974.62
1408642200000,1.32798,1.32801,1.32785,1.32795,791.53
1408643100000,1.32796,1.32813,1.32788,1.32812,657.42
1408644000000,1.32812,1.32825,1.32787,1.32794,628.7
1408644900000,1.32793,1.32798,1.32782,1.32784,501.28
1408645800000,1.32783,1.3279,1.3278,1.32788,444.77
1408646700000,1.32788,1.32823,1.32774,1.32805,1142.36
1408647600000,1.32808,1.32833,1.32804,1.32825,809.95
1408648500000,1.32824,1.32826,1.32804,1.32804,561.31
1408649400000,1.32804,1.32815,1.32801,1.32808,577.98
1408650300000,1.3281,1.32811,1.32787,1.32806,845.31
1408651200000,1.32806,1.32829,1.32799,1.32829,715.01
1408652100000,1.32829,1.32831,1.32816,1.32817,537.02
1408653000000,1.32817,1.32817,1.328,1.32811,420.48
1408653900000,1.32811,1.32817,1.32805,1.32805,406.53
1408654800000,1.32803,1.32817,1.328,1.32817,295
1408655700000,1.32817,1.32826,1.32811,1.32819,231.83
1408656600000,1.3282,1.32825,1.32815,1.32815,265.44
1408657500000,1.32815,1.32825,1.32815,1.32821,213.5
1408658400000,1.32821,1.32821,1.32809,1.32811,857.8
1408659300000,1.32813,1.32814,1.328,1.32801,323.61
1408660200000,1.32801,1.32805,1.328,1.32805,346.38
1408661100000,1.32805,1.32812,1.328,1.32801,360.54
1408662000000,1.32801,1.32804,1.32793,1.32798,365.94
1408662900000,1.32798,1.32798,1.32785,1.32786,344.89
1408663800000,1.32786,1.32806,1.32778,1.328,458.49
1408664700000,1.32799,1.32799,1.32778,1.32785,321.52
1408665600000,1.32784,1.32784,1.32757,1.32758,705.28
1408666500000,1.32758,1.32771,1.32737,1.32741,1594.59
1408667400000,1.3274,1.32755,1.3274,1.32745,451.83
1408668300000,1.3275,1.32772,1.32737,1.3276,1063.31
1408669200000,1.32761,1.32775,1.32757,1.32771,798.73
1408670100000,1.32771,1.32783,1.32771,1.32777,489.87
1408671000000,1.32777,1.32783,1.32764,1.32771,393.32
1408671900000,1.3277,1.32772,1.32757,1.32771,276.54
1408672800000,1.3277,1.32773,1.32762,1.32772,511.55
1408673700000,1.32773,1.32806,1.32772,1.32793,646.36
1408674600000,1.32794,1.32814,1.32791,1.32791,730.77
1408675500000,1.32791,1.32813,1.32781,1.32806,843.03
1408676400000,1.32808,1.32842,1.32808,1.32837,1347.35
1408677300000,1.32837,1.32847,1.32822,1.32824,496.36
1408678200000,1.32824,1.32847,1.32821,1.3284,300.9
1408679100000,1.3284,1.32853,1.32833,1.32852,400.22
1408680000000,1.32853,1.32855,1.32836,1.32841,673.77
1408680900000,1.32842,1.32865,1.32837,1.32857,463.19
1408681800000,1.32857,1.32865,1.32843,1.32864,512.7
1408682700000,1.32863,1.32881,1.32853,1.32879,432.1
1408683600000,1.32877,1.32896,1.3285,1.32864,794.26
1408684500000,1.32864,1.32894,1.32862,1.3289,466.36
1408685400000,1.3289,1.32894,1.32869,1.32887,854.58
1408686300000,1.32886,1.32923,1.32874,1.32892,1527.27
1408687200000,1.3289,1.32946,1.32876,1.32946,1496.07
1408688100000,1.32945,1.32966,1.32934,1.32955,1106.3
1408689000000,1.32955,1.32956,1.32941,1.32944,722.71
1408689900000,1.32943,1.32945,1.3291,1.32911,1413.12
1408690800000,1.3291,1.32918,1.32834,1.32847,1676.73
1408691700000,1.32848,1.32865,1.32754,1.32804,2774.27
1408692600000,1.32804,1.32847,1.32796,1.32838,1221.1
1408693500000,1.32839,1.32874,1.32803,1.32872,1732.68
1408694400000,1.32872,1.32889,1.32823,1.32823,1489.09
1408695300000,1.32825,1.32925,1.32825,1.32917,1701.23
1408696200000,1.32916,1.3293,1.32882,1.32887,1270.95
1408697100000,1.32887,1.32888,1.3283,1.32831,1946.73
1408698000000,1.32832,1.32832,1.32707,1.32739,3226.78
1408698900000,1.32739,1.32785,1.32732,1.32738,1672.08
1408699800000,1.32738,1.32784,1.32734,1.32777,1517.11
1408700700000,1.32777,1.32823,1.32764,1.32766,1889.91
1408701600000,1.32767,1.32777,1.32729,1.32732,1540.96
1408702500000,1.32732,1.32756,1.32648,1.32663,3253.08
1408703400000,1.32662,1.32743,1.32637,1.32671,2447.69
1408704300000,1.32672,1.32718,1.32669,1.32712,1400.4
1408705200000,1.32713,1.32716,1.32691,1.32706,1310.08
1408706100000,1.32705,1.32725,1.32661,1.32677,1260.27
1408707000000,1.32676,1.32703,1.3267,1.32672,1170.55
1408707900000,1.32672,1.32672,1.32622,1.32647,1345.24
1408708800000,1.32646,1.32671,1.32577,1.32666,2817.69
1408709700000,1.32667,1.32693,1.32651,1.32682,1613.15
1408710600000,1.32682,1.32735,1.32674,1.32721,2248.15
1408711500000,1.32723,1.32738,1.32697,1.3271,1604.98
1408712400000,1.32711,1.32731,1.32702,1.32714,1300.41
1408713300000,1.32714,1.32759,1.3271,1.32755,1684.61
1408714200000,1.32755,1.32763,1.32686,1.32705,2469.36
1408715100000,1.32706,1.32735,1.32643,1.32678,2455.75
1408716000000,1.32678,1.32849,1.3238,1.32492,11290.4
1408716900000,1.32493,1.32612,1.32481,1.32511,6089.84
1408717800000,1.32512,1.32542,1.32307,1.3236,5850.61
1408718700000,1.32359,1.32368,1.32206,1.3231,6275.73
1408719600000,1.3231,1.32363,1.3226,1.32271,4291.93
1408720500000,1.32271,1.32436,1.32232,1.32355,3464.25
1408721400000,1.32354,1.32395,1.32289,1.3235,2530.48
1408722300000,1.3235,1.32372,1.32277,1.32364,2224.09
1408723200000,1.32365,1.32397,1.32362,1.32377,1432.68
1408724100000,1.32377,1.32433,1.32369,1.32405,1338.29
1408725000000,1.32405,1.32406,1.32371,1.32379,1278.22
1408725900000,1.3238,1.32413,1.32363,1.32394,1357.35
1408726800000,1.32394,1.3241,1.32369,1.32394,1213.51
1408727700000,1.32393,1.32413,1.32388,1.32405,996.96
1408728600000,1.32405,1.32405,1.32372,1.32381,632.38
1408729500000,1.3238,1.32391,1.32378,1.32378,902.4
1408730400000,1.3238,1.32384,1.32368,1.3238,753.42
1408731300000,1.32379,1.32393,1.32373,1.32379,708.82
1408732200000,1.32379,1.32614,1.3226,1.32502,4309.72
1408733100000,1.32502,1.32542,1.32408,1.3242,2038.55
1408734000000,1.3242,1.32477,1.32415,1.32437,1479.53
1408734900000,1.32437,1.32465,1.3243,1.32456,942.06
1408735800000,1.32455,1.32488,1.32453,1.32487,589.51
1408736700000,1.32486,1.3249,1.32429,1.32429,1359.84
1408737600000,1.32428,1.32432,1.32375,1.32408,1133.35
1408738500000,1.32408,1.3246,1.32406,1.3244,569.59
1408739400000,1.32441,1.32453,1.32439,1.32448,195.57
1408740300000,1.32437,1.32471,1.32384,1.32392,1446.86
1408914000000,1.31948,1.32043,1.31925,1.32017,835.78
1408914900000,1.32018,1.32027,1.31952,1.31964,722.57
1408915800000,1.31964,1.3197,1.31854,1.31886,1255.2
1408916700000,1.31885,1.31917,1.31865,1.31904,1457.72
1408917600000,1.31907,1.32008,1.31904,1.31986,1409.2
1408918500000,1.31986,1.31989,1.31912,1.31918,806.07
1408919400000,1.31918,1.31946,1.31912,1.31912,561.65
1408920300000,1.31913,1.31916,1.31893,1.31912,673.76
1408921200000,1.31914,1.31986,1.31913,1.31982,1356.51
1408922100000,1.31981,1.32002,1.3195,1.3195,987.77
1408923000000,1.3195,1.3195,1.31913,1.31924,1574.83
1408923900000,1.31924,1.3198,1.31924,1.31971,636.09
1408924800000,1.31973,1.32058,1.31967,1.32036,1854.97
1408925700000,1.32037,1.32039,1.3201,1.32011,982.08
1408926600000,1.32012,1.3204,1.31988,1.31989,1192.29
1408927500000,1.31988,1.32016,1.31978,1.32015,1037.16
1408928400000,1.32015,1.32021,1.31991,1.32011,852.84
1408929300000,1.32011,1.32021,1.31963,1.31999,684.68
1408930200000,1.31999,1.32022,1.31994,1.32,1543.41
1408931100000,1.32,1.32011,1.31971,1.31998,1253.7
1408932000000,1.32,1.3205,1.32,1.32019,1300.84
1408932900000,1.32019,1.32052,1.31996,1.3201,1661.42
1408933800000,1.32011,1.3203,1.32008,1.32017,619.35
1408934700000,1.32018,1.3204,1.32016,1.32038,1205.92
1408935600000,1.32038,1.32039,1.32027,1.32034,688.97
1408936500000,1.32032,1.32041,1.3203,1.32037,631.17
1408937400000,1.32037,1.32048,1.32017,1.32017,1229.82
1408938300000,1.32018,1.3205,1.3201,1.32047,760.12
1408939200000,1.32047,1.32048,1.32032,1.32046,887.79
1408940100000,1.32046,1.32052,1.32037,1.32042,466.15
1408941000000,1.32042,1.32057,1.32039,1.32048,874.14
1408941900000,1.32048,1.32067,1.32038,1.32067,548.08
1408942800000,1.32067,1.32077,1.32059,1.3207,717.64
1408943700000,1.32069,1.32079,1.32049,1.32076,1489.95
1408944600000,1.32076,1.32076,1.32041,1.32046,1299.84
1408945500000,1.32046,1.3205,1.32035,1.32045,804.69
1408946400000,1.32046,1.32079,1.31887,1.31891,2526.61
1408947300000,1.31889,1.31961,1.31889,1.31955,1456.45
1408948200000,1.31956,1.31972,1.31939,1.3197,1958.97
1408949100000,1.31971,1.31982,1.31957,1.31971,1291.76
1408950000000,1.3197,1.31983,1.31919,1.3193,2077.46
1408950900000,1.31931,1.31931,1.31878,1.31927,1909.89
1408951800000,1.31928,1.31939,1.31892,1.31919,1757.54
1408952700000,1.31919,1.31919,1.31861,1.31879,1989.47
1408953600000,1.31876,1.31941,1.31837,1.31923,3043.61
1408954500000,1.31923,1.31947,1.31903,1.31911,1713.69
1408955400000,1.31912,1.31945,1.31912,1.3194,1159
1408956300000,1.31939,1.32,1.31937,1.31998,1961.82
1408957200000,1.31998,1.32007,1.31954,1.31992,2028.47
1408958100000,1.31991,1.32008,1.31969,1.31994,1088.34
1408959000000,1.31994,1.32007,1.3198,1.31993,1258.61
1408959900000,1.31995,1.32038,1.31995,1.32028,1283.6
1408960800000,1.32028,1.32031,1.3198,1.31986,1532.37
1408961700000,1.31985,1.32028,1.31983,1.32017,1167.62
1408962600000,1.32017,1.32017,1.3199,1.31992,1272.89
1408963500000,1.31991,1.32012,1.31981,1.32003,1508.74
1408964400000,1.32004,1.32004,1.31981,1.31981,957.87
1408965300000,1.31981,1.31982,1.31937,1.31946,1174.07
1408966200000,1.31945,1.3197,1.31937,1.31956,869
1408967100000,1.31957,1.32002,1.31952,1.31992,941.03
1408968000000,1.3199,1.32025,1.3199,1.31998,1283.01
1408968900000,1.32,1.32103,1.31999,1.32049,2136.01
1408969800000,1.32049,1.3205,1.31952,1.31966,2337.03
1408970700000,1.31966,1.31966,1.31907,1.3194,1834.23
1408971600000,1.31941,1.31953,1.31897,1.3191,1598.46
1408972500000,1.3191,1.31945,1.31908,1.31944,1568.2
1408973400000,1.31943,1.31989,1.31933,1.31978,1745.91
1408974300000,1.31978,1.32018,1.31953,1.31959,1702.62
1408975200000,1.31959,1.32035,1.31959,1.31993,2511.5
1408976100000,1.31994,1.32062,1.31994,1.32022,1708.26
1408977000000,1.32023,1.32048,1.32009,1.32011,1742.13
1408977900000,1.3201,1.32051,1.31977,1.31977,1912.92
1408978800000,1.31977,1.32003,1.31971,1.31992,1837.06
1408979700000,1.31992,1.32013,1.31983,1.32003,1126.36
1408980600000,1.32002,1.32023,1.31987,1.32017,2041.29
1408981500000,1.32017,1.32052,1.31987,1.3205,1277.23
1408982400000,1.32048,1.32052,1.31986,1.31996,1613.62
1408983300000,1.31996,1.32016,1.31994,1.32003,1146.34
1408984200000,1.32003,1.32021,1.32003,1.3201,748.02
1408985100000,1.3201,1.32013,1.31977,1.31977,1326.54
1408986000000,1.31978,1.31987,1.31958,1.31968,1876.3
1408986900000,1.31968,1.31978,1.31968,1.31976,793.06
1408987800000,1.31976,1.31984,1.31951,1.31969,1152.97
1408988700000,1.31969,1.31971,1.31929,1.31936,1023.2
1408989600000,1.31937,1.31955,1.31929,1.31937,664.57
1408990500000,1.31937,1.31951,1.31936,1.31948,355.83
1408991400000,1.31948,1.31949,1.31928,1.31931,502.73
1408992300000,1.31931,1.31939,1.31925,1.31927,591.79
1408993200000,1.31927,1.31945,1.31919,1.31941,1195.61
1408994100000,1.31941,1.31944,1.31932,1.31942,442.27
1408995000000,1.31941,1.31945,1.31937,1.31939,337.82
1408995900000,1.31939,1.31952,1.31933,1.3194,847.99
1408996800000,1.31942,1.31952,1.31939,1.31939,758.92
1408997700000,1.31939,1.31966,1.31936,1.31946,671.62
1408998600000,1.31946,1.31949,1.31926,1.31934,802.42
1408999500000,1.31933,1.31935,1.31913,1.31919,645
1409000400000,1.31919,1.31931,1.31912,1.31919,391.01
1409001300000,1.31918,1.31933,1.31915,1.3193,360.56
1409002200000,1.31932,1.31934,1.31914,1.31915,432.35
1409003100000,1.31914,1.31915,1.31904,1.31906,333.68
1409004000000,1.31906,1.31913,1.319,1.31907,788
1409004900000,1.31907,1.31924,1.3189,1.3189,530.43
1409005800000,1.31889,1.3189,1.3185,1.31864,1015.67
1409006700000,1.31863,1.31876,1.31858,1.31871,551.46
1409007600000,1.31872,1.31872,1.31851,1.31851,454.06
1409008500000,1.31851,1.31853,1.31805,1.31806,721.12
1409009400000,1.31807,1.31876,1.31789,1.31863,840.99
1409010300000,1.31865,1.31871,1.3185,1.3186,674.16
1409011200000,1.31861,1.31869,1.31858,1.31863,728.79
1409012100000,1.31863,1.31863,1.31852,1.3186,856.97
1409013000000,1.3186,1.31877,1.31857,1.31873,678.71
1409013900000,1.31873,1.31903,1.31865,1.3188,728.48
1409014800000,1.31882,1.31956,1.31882,1.31952,1360.31
1409015700000,1.31952,1.31984,1.31931,1.31972,1189.62
1409016600000,1.31972,1.32002,1.31958,1.31961,1313.98
1409017500000,1.31961,1.32005,1.31961,1.31989,1436.07
1409018400000,1.31989,1.31998,1.31968,1.31971,657.5
1409019300000,1.3197,1.32019,1.3197,1.32018,639.22
1409020200000,1.32017,1.32021,1.32,1.32008,1257.85
1409021100000,1.32007,1.32037,1.31998,1.32036,969.25
1409022000000,1.32036,1.32076,1.3203,1.32032,1379.55
1409022900000,1.32031,1.32052,1.32023,1.3204,694.48
1409023800000,1.3204,1.32045,1.32032,1.32045,656.64
1409024700000,1.32045,1.32064,1.32027,1.32029,885.96
1409025600000,1.32028,1.32043,1.32013,1.32043,705.03
1409026500000,1.32043,1.32054,1.32022,1.32029,579.45
1409027400000,1.32029,1.32033,1.32017,1.32018,557.86
1409028300000,1.32018,1.32043,1.32016,1.32026,917.13
1409029200000,1.32027,1.32042,1.32024,1.32024,894.53
1409030100000,1.32024,1.32024,1.31999,1.32017,742.03
1409031000000,1.32016,1.32022,1.31997,1.32011,728.42
1409031900000,1.32011,1.32036,1.32,1.32036,868.54
1409032800000,1.32036,1.32077,1.32034,1.32046,1017.73
1409033700000,1.32046,1.32126,1.32043,1.32097,1691.76
1409034600000,1.32097,1.32147,1.32087,1.32089,1763.82
1409035500000,1.3209,1.32122,1.32072,1.3209,1603.1
1409036400000,1.32087,1.3209,1.3205,1.32083,2080.9
1409037300000,1.32082,1.32093,1.32054,1.32054,1759.18
1409038200000,1.32052,1.32071,1.32015,1.32032,2112.19
1409039100000,1.32031,1.32042,1.31912,1.31926,2251.95
1409040000000,1.31928,1.31945,1.31895,1.31928,3018.41
1409040900000,1.3193,1.32007,1.31927,1.31986,1953.19
1409041800000,1.31986,1.32,1.31963,1.31971,1822.89
1409042700000,1.31971,1.31971,1.31918,1.31924,1683.61
1409043600000,1.31924,1.31973,1.31923,1.31971,1593
1409044500000,1.31971,1.31989,1.31942,1.31973,1877.58
1409045400000,1.31973,1.32008,1.31958,1.31978,1286.33
1409046300000,1.31979,1.32052,1.3197,1.32049,2338.82
1409047200000,1.3205,1.32092,1.32017,1.32022,2747.18
1409048100000,1.32023,1.3204,1.31992,1.32002,1923.08
1409049000000,1.32,1.32,1.31976,1.31994,1877.85
1409049900000,1.31992,1.32042,1.3198,1.31981,2086.12
1409050800000,1.31981,1.31998,1.31949,1.31974,2320.19
1409051700000,1.31973,1.31987,1.3194,1.31944,1295.31
1409052600000,1.31945,1.31971,1.31938,1.31943,1595.91
1409053500000,1.31943,1.31966,1.31897,1.31921,1952.04
1409054400000,1.31922,1.31943,1.31905,1.31917,1547.37
1409055300000,1.31918,1.31928,1.31895,1.31917,2045.68
1409056200000,1.31917,1.32008,1.31856,1.31957,3652.16
1409057100000,1.31957,1.32014,1.31946,1.32006,2894.15
1409058000000,1.32006,1.32054,1.31936,1.31976,3698.55
1409058900000,1.31976,1.32045,1.31953,1.31997,2579.63
1409059800000,1.31997,1.32021,1.3197,1.31979,2331.07
1409060700000,1.31979,1.31997,1.31952,1.3198,2736.54
1409061600000,1.31979,1.31998,1.31918,1.31931,2864.86
1409062500000,1.31933,1.32007,1.3193,1.32001,2835.99
1409063400000,1.32002,1.32029,1.3199,1.3202,2607.99
1409064300000,1.32019,1.32085,1.32018,1.32031,2809.65
1409065200000,1.32031,1.32036,1.32006,1.32007,2120.97
1409066100000,1.32008,1.32012,1.31971,1.31972,1809.89
1409067000000,1.31971,1.31975,1.31918,1.31936,2448.63
1409067900000,1.31936,1.31936,1.31866,1.31887,2417.3
1409068800000,1.31887,1.31945,1.31883,1.3193,2039.87
1409069700000,1.3193,1.31971,1.31917,1.31951,1807.37
1409070600000,1.31952,1.31975,1.31921,1.31921,1432.64
1409071500000,1.31921,1.31923,1.31891,1.31901,1291.12
1409072400000,1.31901,1.31913,1.31815,1.31816,1714.45
1409073300000,1.31816,1.31853,1.31713,1.31744,2198.67
1409074200000,1.31745,1.31753,1.31646,1.31658,2919.19
1409075100000,1.31661,1.31697,1.31654,1.3168,2245.18
1409076000000,1.31678,1.31708,1.31666,1.3168,1467.28
1409076900000,1.31682,1.31712,1.31675,1.31695,1186.21
1409077800000,1.31695,1.31738,1.31695,1.31737,671.42
1409078700000,1.31738,1.31748,1.31721,1.31723,1053.29
1409079600000,1.31723,1.31774,1.31721,1.3175,1449.51
1409080500000,1.3175,1.31775,1.31745,1.31762,1368.51
1409081400000,1.31763,1.31763,1.31732,1.31737,1181.94
1409082300000,1.31736,1.31743,1.31696,1.31708,1241.14
1409083200000,1.31708,1.31717,1.31704,1.31704,614.48
1409084100000,1.31705,1.31709,1.31698,1.31703,484.38
1409085000000,1.31703,1.31703,1.31684,1.31689,754.32
1409085900000,1.31689,1.31689,1.31665,1.31669,758.82
1409086800000,1.31669,1.31683,1.31669,1.3168,1257.76
1409087700000,1.31682,1.31706,1.31675,1.31695,805.87
1409088600000,1.31694,1.31695,1.31669,1.31671,728.5
1409089500000,1.31671,1.31684,1.3167,1.31684,636.37
1409090400000,1.31684,1.31692,1.31666,1.31666,883.39
1409091300000,1.31667,1.31684,1.31657,1.31682,597.37
1409092200000,1.31682,1.31687,1.31667,1.31669,804.77
1409093100000,1.31669,1.31685,1.31657,1.3168,595.9
1409094000000,1.31679,1.31696,1.31672,1.31685,609.88
1409094900000,1.31685,1.31696,1.31682,1.31693,981.83
1409095800000,1.31693,1.31707,1.3168,1.31684,914.13
1409096700000,1.31685,1.31699,1.31679,1.31697,842.79
1409097600000,1.31696,1.31699,1.31657,1.31659,1090.03
1409098500000,1.31658,1.31669,1.31526,1.31567,1721.27
1409099400000,1.31567,1.31605,1.31556,1.31562,1416.83
1409100300000,1.31563,1.31597,1.31557,1.31595,1385.87
1409101200000,1.31597,1.31631,1.31597,1.31609,1388.14
1409102100000,1.31608,1.31614,1.31579,1.3161,1000.71
1409103000000,1.31611,1.31617,1.31582,1.31615,831.05
1409103900000,1.31614,1.31638,1.31606,1.31629,1050.52
1409104800000,1.31629,1.31647,1.31618,1.31627,884.44
1409105700000,1.31629,1.31641,1.31627,1.31641,556.34
1409106600000,1.3164,1.31663,1.3163,1.31663,1417.74
1409107500000,1.31662,1.31677,1.31657,1.31658,977.17
1409108400000,1.31657,1.31669,1.31627,1.31633,1025.84
1409109300000,1.31633,1.31678,1.31633,1.31675,1028.4
1409110200000,1.31675,1.31675,1.31621,1.3163,1040.81
1409111100000,1.31628,1.31635,1.31604,1.31625,785.86
1409112000000,1.31624,1.31631,1.31597,1.31598,718.65
1409112900000,1.31597,1.31604,1.31566,1.31601,1040.61
1409113800000,1.31601,1.31615,1.31591,1.316,922.18
1409114700000,1.316,1.31623,1.31591,1.3161,713.89
1409115600000,1.31611,1.31628,1.31603,1.31614,994.96
1409116500000,1.31613,1.31614,1.31567,1.31573,1210.4
1409117400000,1.31572,1.3163,1.31567,1.3159,1565.32
1409118300000,1.31589,1.31652,1.31575,1.31651,1594.98
1409119200000,1.3165,1.31767,1.31608,1.31704,3618.78
1409120100000,1.31705,1.31776,1.31704,1.31771,2254.99
1409121000000,1.31772,1.31804,1.31732,1.31737,2509.87
1409121900000,1.31738,1.31838,1.31735,1.31816,1885.74
1409122800000,1.31817,1.31888,1.3179,1.3187,2873
1409123700000,1.31869,1.31872,1.31821,1.31842,2122.9
1409124600000,1.31841,1.31866,1.31814,1.31852,1991.62
1409125500000,1.31853,1.31875,1.31849,1.31854,1252.52
1409126400000,1.31855,1.31877,1.31837,1.31871,1880.92
1409127300000,1.31871,1.31878,1.3178,1.31799,2268.91
1409128200000,1.31797,1.31826,1.31767,1.31808,2760.18
1409129100000,1.31809,1.31838,1.31767,1.31826,1965.2
1409130000000,1.31826,1.31841,1.31798,1.31804,1897.65
1409130900000,1.31805,1.31825,1.31774,1.31799,1293.23
1409131800000,1.318,1.31847,1.31791,1.31842,1694.55
1409132700000,1.31843,1.31855,1.31817,1.31823,1939.45
1409133600000,1.31824,1.31862,1.31819,1.31831,1925.74
1409134500000,1.3183,1.31863,1.31829,1.31857,1275.16
1409135400000,1.31855,1.31858,1.31797,1.31804,1108.39
1409136300000,1.31804,1.31826,1.31795,1.31824,1142.96
1409137200000,1.31825,1.31829,1.31748,1.31784,2027.4
1409138100000,1.31784,1.31831,1.31781,1.31801,1482.3
1409139000000,1.318,1.3185,1.31794,1.31843,1938.3
1409139900000,1.31844,1.31877,1.3181,1.31838,1881.31
1409140800000,1.31838,1.31839,1.3177,1.31775,2166.92
1409141700000,1.31776,1.31834,1.31768,1.31808,2033
1409142600000,1.31808,1.31821,1.31787,1.31794,1831.75
1409143500000,1.31794,1.31869,1.31794,1.31867,2541.91
1409144400000,1.31866,1.31866,1.3177,1.31841,3462.65
1409145300000,1.31841,1.31866,1.31791,1.31809,2470.25
1409146200000,1.31808,1.31814,1.31704,1.31725,2676.75
1409147100000,1.31726,1.31745,1.31685,1.31742,2980.97
1409148000000,1.31743,1.31775,1.31683,1.317,2405.12
1409148900000,1.31702,1.31963,1.31702,1.31912,6558.32
1409149800000,1.31913,1.32037,1.31913,1.32027,3975.57
1409150700000,1.32027,1.32098,1.32006,1.32029,4134.46
1409151600000,1.3203,1.32061,1.31906,1.31935,3349.93
1409152500000,1.31936,1.31952,1.31882,1.31927,2570.52
1409153400000,1.31927,1.32002,1.31917,1.31962,2312.59
1409154300000,1.31963,1.31975,1.31909,1.3191,1792.6
1409155200000,1.31911,1.31933,1.31907,1.31924,1464.25
1409156100000,1.31924,1.31926,1.31889,1.31899,1504.09
1409157000000,1.31898,1.31934,1.31898,1.31908,1378.79
1409157900000,1.31907,1.3193,1.31896,1.31929,1235.54
1409158800000,1.31929,1.31956,1.3191,1.3194,937.9
1409159700000,1.31941,1.32009,1.3194,1.31993,1137.06
1409160600000,1.31994,1.32075,1.31993,1.32019,1873.4
1409161500000,1.32017,1.32032,1.31987,1.31992,1707.14
1409162400000,1.31992,1.31996,1.31949,1.31955,1252.07
1409163300000,1.31955,1.31983,1.3195,1.31958,1147.09
1409164200000,1.31957,1.31963,1.31943,1.31955,685.17
1409165100000,1.31955,1.31965,1.31929,1.31964,1142.32
1409166000000,1.31963,1.31965,1.31939,1.31954,1103.02
1409166900000,1.31957,1.31976,1.31957,1.31968,1092.93
1409167800000,1.31968,1.31973,1.31958,1.31968,661.3
1409168700000,1.31968,1.31969,1.31934,1.31946,975.44
1409169600000,1.31946,1.31948,1.31926,1.31935,967.91
1409170500000,1.31936,1.31946,1.31931,1.31944,342.22
1409171400000,1.31944,1.31952,1.31939,1.31946,663.17
1409172300000,1.31946,1.31949,1.31925,1.31926,531.79
1409173200000,1.31925,1.3194,1.31917,1.31932,836.22
1409174100000,1.31932,1.31941,1.31928,1.31936,429.74
1409175000000,1.31936,1.31959,1.31935,1.31954,749.27
1409175900000,1.31955,1.31956,1.31938,1.31938,1086.31
1409176800000,1.31939,1.31939,1.31924,1.31927,834.45
1409177700000,1.31927,1.31936,1.31921,1.31934,649.4
1409178600000,1.31935,1.31938,1.31931,1.31936,553.96
1409179500000,1.31936,1.31936,1.31925,1.31925,146.31
1409180400000,1.31925,1.31933,1.31924,1.31926,420.77
1409181300000,1.31926,1.31927,1.31907,1.31923,432.51
1409182200000,1.31922,1.31924,1.31906,1.31921,528.02
1409183100000,1.31922,1.31927,1.31895,1.31919,1153.94
1409184000000,1.31919,1.3193,1.31883,1.31898,914.65
1409184900000,1.31898,1.31934,1.31898,1.31916,707.26
1409185800000,1.31915,1.31969,1.31915,1.31965,598.86
1409186700000,1.31964,1.31988,1.31954,1.31972,1136.72
1409187600000,1.31971,1.3211,1.31964,1.3205,1818.5
1409188500000,1.32049,1.32072,1.3202,1.32066,1529.16
1409189400000,1.32067,1.3214,1.32063,1.32083,1670.02
1409190300000,1.32083,1.3216,1.32065,1.32151,1345.59
1409191200000,1.32151,1.32168,1.3214,1.32149,1050.9
1409192100000,1.3215,1.32151,1.32101,1.32104,1041.12
1409193000000,1.32103,1.32119,1.32093,1.32105,695.27
1409193900000,1.32106,1.32119,1.32106,1.32113,1224.66
1409194800000,1.32113,1.32136,1.32113,1.32134,640.64
1409195700000,1.32135,1.32164,1.32132,1.32162,689.12
1409196600000,1.32162,1.32169,1.32138,1.32139,806.76
1409197500000,1.32139,1.32145,1.32123,1.32144,484.87
1409198400000,1.32144,1.32159,1.32123,1.32154,571.04
1409199300000,1.32152,1.32163,1.32125,1.32125,897.52
1409200200000,1.32126,1.32136,1.32121,1.32122,397.9
1409201100000,1.32124,1.32135,1.32122,1.32127,461.35
1409202000000,1.32126,1.32176,1.32126,1.32166,473.12
1409202900000,1.32165,1.3217,1.32122,1.3213,853.26
1409203800000,1.32132,1.32141,1.32113,1.3212,965.92
1409204700000,1.3212,1.32125,1.32048,1.32055,904.52
1409205600000,1.32054,1.32081,1.3204,1.3205,1309.29
1409206500000,1.3205,1.32119,1.32046,1.32106,1618.05
1409207400000,1.32107,1.32108,1.32032,1.32034,1510.45
1409208300000,1.32035,1.32081,1.32035,1.32067,1131.69
1409209200000,1.32066,1.32208,1.3201,1.32136,3219.49
1409210100000,1.32137,1.32144,1.32029,1.32066,2895.03
1409211000000,1.32067,1.32114,1.32055,1.32076,1968.97
1409211900000,1.32077,1.32089,1.31984,1.32012,2373.88
1409212800000,1.32011,1.3213,1.31984,1.32125,2426.98
1409213700000,1.32124,1.32183,1.32094,1.32135,2051.72
1409214600000,1.32135,1.32165,1.32095,1.32108,1859.57
1409215500000,1.3211,1.32125,1.32073,1.32075,1438.75
1409216400000,1.32075,1.32149,1.32048,1.32116,1851.71
1409217300000,1.32115,1.32129,1.32041,1.3206,1569.13
1409218200000,1.3206,1.32066,1.32015,1.32032,2168.31
1409219100000,1.32032,1.32056,1.3186,1.3186,3371.14
1409220000000,1.31861,1.31893,1.3183,1.31891,3519.86
1409220900000,1.31894,1.31911,1.31715,1.31776,3846.04
1409221800000,1.31775,1.31799,1.31711,1.31724,2631.02
1409222700000,1.31725,1.3177,1.31711,1.31758,2326.37
1409223600000,1.3176,1.31867,1.31735,1.31849,2804.49
1409224500000,1.31849,1.31887,1.31831,1.31881,2049.63
1409225400000,1.31881,1.31892,1.31862,1.31867,1633.62
1409226300000,1.31866,1.31866,1.31815,1.3184,2111.11
1409227200000,1.3184,1.31863,1.31781,1.31782,2534.11
1409228100000,1.31783,1.31853,1.31782,1.31807,2605.5
1409229000000,1.31807,1.31811,1.31696,1.31758,3850.68
1409229900000,1.31758,1.31819,1.31732,1.3179,1986.45
1409230800000,1.31791,1.31801,1.31745,1.31781,2046.36
1409231700000,1.31781,1.31786,1.31626,1.31642,2852.75
1409232600000,1.31643,1.3167,1.31597,1.31653,3372.81
1409233500000,1.31652,1.31725,1.31651,1.31713,3066.79
1409234400000,1.31711,1.31757,1.31666,1.31685,3209.46
1409235300000,1.31685,1.31739,1.31658,1.31716,2330.15
1409236200000,1.31717,1.31729,1.31635,1.31656,2353.92
1409237100000,1.31656,1.31767,1.31623,1.31753,2971.47
1409238000000,1.31751,1.31769,1.31727,1.31734,2195.15
1409238900000,1.31735,1.3175,1.31707,1.31744,1797.82
1409239800000,1.31742,1.31774,1.31738,1.31772,1698.85
1409240700000,1.31771,1.31842,1.31763,1.31775,2130.84
1409241600000,1.31775,1.31784,1.31735,1.31778,829.64
1409242500000,1.31778,1.31784,1.3172,1.3174,1355.91
1409243400000,1.31739,1.31762,1.31731,1.31733,1056.65
1409244300000,1.31733,1.31769,1.3167,1.31746,1676.69
1409245200000,1.31745,1.31784,1.31735,1.31764,955.88
1409246100000,1.31763,1.31773,1.31751,1.31763,763.45
1409247000000,1.31763,1.31776,1.3176,1.31774,487.2
1409247900000,1.31772,1.3181,1.31766,1.31788,964.93
1409248800000,1.31789,1.31809,1.31786,1.31809,773.33
1409249700000,1.31808,1.31854,1.31808,1.31842,1263.22
1409250600000,1.31843,1.31845,1.31832,1.31832,711.37
1409251500000,1.31832,1.3185,1.31808,1.31847,640.85
1409252400000,1.31847,1.31847,1.31824,1.31839,985.24
1409253300000,1.3184,1.31855,1.31836,1.31848,466
1409254200000,1.31847,1.31852,1.3184,1.31843,489.16
1409255100000,1.31842,1.31843,1.3182,1.3184,1324.2
1409256000000,1.3184,1.3184,1.31822,1.31829,978.34
1409256900000,1.3183,1.31834,1.31811,1.31812,1215.39
1409257800000,1.31813,1.31826,1.31811,1.31826,492.27
1409258700000,1.31826,1.31826,1.31814,1.31817,923.66
1409259600000,1.31817,1.31839,1.31809,1.31835,617.37
1409260500000,1.31834,1.31845,1.31826,1.31842,406.13
1409261400000,1.31842,1.31852,1.31833,1.31833,417.35
1409262300000,1.31835,1.31839,1.31833,1.31838,359.73
1409263200000,1.31838,1.31838,1.31808,1.31819,538.59
1409264100000,1.31819,1.31823,1.31817,1.3182,684.63
1409265000000,1.3182,1.31821,1.31802,1.3181,468.61
1409265900000,1.31809,1.31812,1.31804,1.3181,184.43
1409266800000,1.31813,1.31837,1.31813,1.31833,335.84
1409267700000,1.31834,1.31855,1.31833,1.31854,232.61
1409268600000,1.31855,1.31855,1.31847,1.31849,2131.91
1409269500000,1.31849,1.31851,1.31827,1.31841,2570.04
1409270400000,1.3184,1.31862,1.31836,1.31845,1095.23
1409271300000,1.31845,1.3185,1.31812,1.31816,1440.93
1409272200000,1.31817,1.31829,1.31816,1.31824,578.17
1409273100000,1.31824,1.31834,1.31808,1.31813,1042.66
1409274000000,1.31813,1.31813,1.31799,1.318,522.9
1409274900000,1.318,1.31811,1.31794,1.318,881.88
1409275800000,1.318,1.31815,1.31799,1.31814,939.34
1409276700000,1.31815,1.3184,1.31815,1.31832,573.19
1409277600000,1.31833,1.31837,1.31815,1.31815,356.25
1409278500000,1.31816,1.31823,1.31808,1.31809,513.03
1409279400000,1.31809,1.31822,1.31808,1.31815,569.89
1409280300000,1.31817,1.3182,1.31808,1.31809,511.05
1409281200000,1.31809,1.31818,1.318,1.31804,564.26
1409282100000,1.31803,1.31832,1.31799,1.31828,534.51
1409283000000,1.31827,1.31828,1.31801,1.31811,584.6
1409283900000,1.31812,1.31812,1.31798,1.31799,574.69
1409284800000,1.318,1.31812,1.31742,1.318,1070.81
1409285700000,1.318,1.318,1.31772,1.31779,1462.82
1409286600000,1.31779,1.31779,1.31748,1.31753,1412.01
1409287500000,1.31752,1.3176,1.3174,1.31748,546.67
1409288400000,1.31742,1.31762,1.3174,1.31754,975.51
1409289300000,1.31752,1.3177,1.3175,1.31761,643.78
1409290200000,1.31761,1.31792,1.3176,1.31766,916.32
1409291100000,1.31766,1.31767,1.31747,1.31756,1338.7
1409292000000,1.31756,1.31756,1.31677,1.31685,2219.16
1409292900000,1.31685,1.31704,1.31652,1.3166,2004.03
1409293800000,1.3166,1.31693,1.31601,1.31692,3079.3
1409294700000,1.31691,1.31694,1.31627,1.31627,2899.75
1409295600000,1.31627,1.31679,1.31617,1.31664,2084.25
1409296500000,1.31665,1.31727,1.31644,1.31713,1864.04
1409297400000,1.31714,1.31761,1.31699,1.31742,1919.77
1409298300000,1.31741,1.3175,1.31688,1.31696,1920.37
1409299200000,1.31698,1.31728,1.31675,1.31692,1694.85
1409300100000,1.31692,1.31732,1.31688,1.31724,1438.2
1409301000000,1.31724,1.31738,1.31691,1.31702,1534.3
1409301900000,1.31702,1.31834,1.31677,1.3177,2896.34
1409302800000,1.31776,1.31949,1.31771,1.31781,4384.33
1409303700000,1.3178,1.31848,1.3178,1.31814,2353.44
1409304600000,1.31815,1.31836,1.31753,1.31814,2007.08
1409305500000,1.31813,1.31823,1.3176,1.3177,1916.55
1409306400000,1.31769,1.31833,1.31768,1.31833,1691.29
1409307300000,1.31834,1.31906,1.31834,1.31901,2029.5
1409308200000,1.31901,1.31953,1.31845,1.31851,2306.43
1409309100000,1.31851,1.31886,1.31849,1.31882,1002.81
1409310000000,1.31882,1.31882,1.31823,1.31839,1557.87
1409310900000,1.3184,1.31855,1.31831,1.31847,925.95
1409311800000,1.31846,1.31888,1.31846,1.31874,1076.66
1409312700000,1.31876,1.3196,1.31852,1.31906,1752.09
1409313600000,1.31908,1.31935,1.3186,1.3188,2287.9
1409314500000,1.31878,1.31898,1.31845,1.31855,2114.81
1409315400000,1.31855,1.31932,1.31828,1.31831,2408.68
1409316300000,1.31831,1.31852,1.31799,1.31845,2055.95
1409317200000,1.31846,1.31862,1.31818,1.31854,1398.14
1409318100000,1.31854,1.31854,1.3174,1.31765,2715.01
1409319000000,1.31766,1.31797,1.31714,1.3175,2607.92
1409319900000,1.31751,1.31776,1.3173,1.31756,2776.85
1409320800000,1.31756,1.31825,1.31754,1.31825,2160.87
1409321700000,1.31824,1.31897,1.31817,1.3188,2798.78
1409322600000,1.31881,1.31885,1.31825,1.31838,1609.81
1409323500000,1.31836,1.31849,1.31694,1.31713,2593.72
1409324400000,1.31713,1.31743,1.31563,1.31616,4420.79
1409325300000,1.31615,1.31617,1.31424,1.31465,5224.81
1409326200000,1.31466,1.31534,1.31423,1.31504,3575.81
1409327100000,1.31503,1.31561,1.31489,1.31491,2715.55
1409328000000,1.3149,1.31539,1.31439,1.31525,2563.14
1409328900000,1.31523,1.31525,1.31413,1.31435,2504.87
1409329800000,1.31435,1.31451,1.31397,1.31444,1863.56
1409330700000,1.31444,1.31446,1.31412,1.31446,1149.74
1409331600000,1.31448,1.31469,1.31411,1.31426,1719.32
1409332500000,1.31428,1.31434,1.31364,1.31417,1507.61
1409333400000,1.31417,1.31427,1.31412,1.31416,948.48
1409334300000,1.31417,1.31435,1.31417,1.31427,706.99
1409335200000,1.31428,1.31435,1.31396,1.31397,885.36
1409336100000,1.31396,1.31421,1.31373,1.31381,1295.64
1409337000000,1.31381,1.31386,1.3134,1.31362,897.33
1409337900000,1.31362,1.31383,1.31337,1.3135,1381.34
1409338800000,1.31351,1.31384,1.31344,1.31378,1218.22
1409339700000,1.31379,1.31382,1.31365,1.31378,1007.1
1409340600000,1.31377,1.31384,1.31356,1.31362,679.23
1409341500000,1.31361,1.31401,1.31359,1.31392,1024.45
1409342400000,1.31392,1.31403,1.31375,1.314,779.92
1409343300000,1.31401,1.31432,1.3139,1.31393,584.29
1409344200000,1.31393,1.31405,1.31368,1.31374,680.82
1409345100000,1.31368,1.31386,1.31311,1.31311,1259.96
1409518800000,1.31272,1.31324,1.31268,1.31311,283.38
1409519700000,1.31311,1.31311,1.31289,1.31295,637.22
1409520600000,1.31295,1.31295,1.31271,1.31279,443.88
1409521500000,1.31279,1.31283,1.31268,1.31283,542.41
1409522400000,1.31285,1.31335,1.31285,1.31299,956.45
1409523300000,1.31299,1.31326,1.31296,1.31319,376.13
1409524200000,1.31319,1.31324,1.31312,1.31322,716.28
1409525100000,1.31322,1.31348,1.31322,1.31343,1292.27
1409526000000,1.31342,1.31345,1.31325,1.31333,757.05
1409526900000,1.31333,1.31335,1.31286,1.31288,780.88
1409527800000,1.31288,1.31292,1.3127,1.31273,573.39
1409528700000,1.31271,1.31291,1.31245,1.31266,1481.52
