timestamp,open,high,low,close,volume
1151874000000,1.27799,1.27842,1.27768,1.27833,11283000000
1151874900000,1.27828,1.27843,1.27752,1.27821,11007300000
1151875800000,1.27821,1.2786,1.2776,1.278,12096100000
1151876700000,1.27791,1.2787,1.27744,1.27826,12521300000
1151877600000,1.27803,1.27865,1.27803,1.27829,11140100000
1151878500000,1.27832,1.27839,1.27802,1.2782,11337600000
1151879400000,1.27816,1.27853,1.27794,1.27837,9959900000
1151880300000,1.2782,1.27859,1.27785,1.27854,11097800000
1151881200000,1.27841,1.27878,1.27838,1.27863,11117100000
1151882100000,1.2787,1.27872,1.27801,1.27819,11283500000
1151883000000,1.27808,1.27828,1.27793,1.2782,10691100000
1151883900000,1.27802,1.27892,1.27775,1.27876,10609800000
1151884800000,1.27874,1.2788,1.27801,1.27817,11644900000
1151885700000,1.27827,1.27898,1.27775,1.27898,10707500000
1151886600000,1.27892,1.27903,1.2784,1.27883,10876900000
1151887500000,1.27877,1.2789,1.27804,1.27826,11549700000
1151888400000,1.27823,1.27841,1.27754,1.27807,13381800000
1151889300000,1.27805,1.27821,1.27673,1.277,12108000000
1151890200000,1.277,1.27714,1.27657,1.27711,12907100000
1151891100000,1.27702,1.2772,1.27682,1.27713,10711200000
1151892000000,1.2771,1.27772,1.2769,1.27759,12624600000
1151892900000,1.27761,1.27772,1.27716,1.2775,10724000000
1151893800000,1.27756,1.27813,1.27746,1.27788,10377900000
1151894700000,1.27787,1.27813,1.27765,1.27793,12188700000
1151895600000,1.27804,1.27838,1.27796,1.27811,9160000000
1151896500000,1.27823,1.27843,1.27758,1.27831,9055600000
1151897400000,1.27843,1.27856,1.27796,1.27824,12102300000
1151898300000,1.27825,1.27852,1.27809,1.27831,11614500000
1151899200000,1.27838,1.27861,1.27816,1.27837,11747700000
1151900100000,1.27844,1.27863,1.27824,1.27847,11913500000
1151901000000,1.27832,1.27851,1.27801,1.27824,9646100000
1151901900000,1.27817,1.27844,1.27793,1.27821,11433500000
1151902800000,1.27815,1.27825,1.27771,1.27778,10372200000
1151903700000,1.27778,1.27813,1.27767,1.2779,9428500000
1151904600000,1.27793,1.27815,1.27774,1.27796,10456900000
1151905500000,1.27785,1.27806,1.27758,1.27766,10346200000
1151906400000,1.27772,1.27843,1.27736,1.27813,11168900000
1151907300000,1.27807,1.27847,1.27774,1.27798,11375000000
1151908200000,1.27797,1.27963,1.27765,1.27932,11723900000
1151909100000,1.27932,1.27969,1.27832,1.27848,10223400000
1151910000000,1.27839,1.27852,1.27753,1.27791,11488000000
1151910900000,1.27779,1.27877,1.27766,1.27774,12436900000
1151911800000,1.27785,1.27825,1.27703,1.27718,10824400000
1151912700000,1.27729,1.27798,1.27711,1.27755,11785000000
1151913600000,1.27752,1.27783,1.27711,1.27762,10891300000
1151914500000,1.27764,1.27778,1.27636,1.27649,10329600000
1151915400000,1.2765,1.27685,1.27634,1.27677,11087500000
1151916300000,1.27674,1.27734,1.27653,1.27698,10063600000
1151917200000,1.2771,1.27753,1.27689,1.27691,10737900000
1151918100000,1.27695,1.27718,1.2765,1.27658,10924000000
1151919000000,1.27662,1.27736,1.27641,1.27649,11013000000
1151919900000,1.27658,1.27714,1.27609,1.27684,10776000000
1151920800000,1.27695,1.27713,1.27625,1.27675,11081000000
1151921700000,1.27668,1.27773,1.27665,1.27753,10475100000
1151922600000,1.27768,1.28003,1.27765,1.27958,11642000000
1151923500000,1.27956,1.28023,1.27923,1.27939,11522600000
1151924400000,1.27938,1.27962,1.27884,1.27894,11637400000
1151925300000,1.27891,1.28067,1.27867,1.27979,10832000000
1151926200000,1.27963,1.27973,1.27904,1.27947,11386700000
1151927100000,1.27947,1.28015,1.27926,1.27987,9817200000
1151928000000,1.27984,1.27992,1.27854,1.27876,10204100000
1151928900000,1.27889,1.27943,1.27862,1.27935,10981000000
1151929800000,1.27934,1.27939,1.27758,1.27774,11561000000
1151930700000,1.27779,1.27835,1.27774,1.27813,13174200000
1151931600000,1.27814,1.27929,1.27806,1.27917,10818100000
1151932500000,1.27903,1.2792,1.27876,1.27897,11019100000
1151933400000,1.27901,1.27906,1.27739,1.27768,11254000000
1151934300000,1.27767,1.27798,1.27717,1.27768,10920200000
1151935200000,1.27812,1.28146,1.27803,1.28145,12204100000
1151936100000,1.28164,1.28185,1.28077,1.28123,10811200000
1151937000000,1.28136,1.28196,1.28075,1.2809,11576600000
1151937900000,1.28092,1.28103,1.27965,1.28005,11012800000
1151938800000,1.28003,1.28013,1.27847,1.27847,11414000000
1151939700000,1.27826,1.27956,1.27785,1.27913,11633400000
1151940600000,1.27902,1.27914,1.2779,1.27866,11757000000
1151941500000,1.27873,1.27917,1.27822,1.27912,11126300000
1151942400000,1.279,1.27943,1.27849,1.27943,153416800000
1151943300000,1.27951,1.28027,1.27923,1.27973,123646200000
1151944200000,1.27969,1.28019,1.27937,1.27947,89516100000
1151945100000,1.27946,1.27974,1.27873,1.2794,70124500000
1151946000000,1.27936,1.28081,1.27928,1.2804,56378200000
1151946900000,1.2805,1.28097,1.28029,1.2808,49577700000
1151947800000,1.28083,1.28091,1.28055,1.2806,50270600000
1151948700000,1.28068,1.28088,1.28035,1.2807,43408000000
1151949600000,1.28065,1.2807,1.28006,1.28017,31881200000
1151950500000,1.28024,1.28041,1.27979,1.27993,34937400000
1151951400000,1.27981,1.28011,1.27967,1.27989,72351000000
1151952300000,1.27984,1.28006,1.27958,1.2798,80056900000
1151953200000,1.2798,1.28016,1.27957,1.28005,51911400000
1151954100000,1.28003,1.28033,1.27996,1.2801,44506000000
1151955000000,1.2802,1.28026,1.2799,1.28008,31287600000
1151955900000,1.28004,1.28063,1.27998,1.28056,29610800000
1151956800000,1.28057,1.28066,1.28009,1.28025,25242300000
1151957700000,1.28018,1.28033,1.27993,1.28025,22292300000
1151958600000,1.28007,1.28053,1.28001,1.28024,25678900000
1151959500000,1.28023,1.28036,1.27961,1.27992,21098900000
1151960400000,1.27964,1.28023,1.27898,1.27915,10372700000
1151961300000,1.27926,1.27999,1.27893,1.27951,11407600000
1151962200000,1.27932,1.27952,1.2791,1.27945,13970700000
1151963100000,1.27943,1.2795,1.27873,1.27873,10968200000
1151964000000,1.27931,1.2801,1.27915,1.27963,11161900000
1151964900000,1.27959,1.27988,1.27936,1.27944,11894900000
1151965800000,1.27941,1.27968,1.27911,1.27943,11760200000
1151966700000,1.27946,1.27987,1.27925,1.27962,10925000000
1151967600000,1.27955,1.27982,1.27921,1.27955,12113800000
1151968500000,1.27953,1.27973,1.27922,1.27945,10428600000
1151969400000,1.27958,1.27973,1.27932,1.27956,11110400000
1151970300000,1.2795,1.27995,1.27932,1.27987,11306300000
1151971200000,1.27976,1.27987,1.2791,1.27927,11472000000
1151972100000,1.27928,1.27953,1.27903,1.27938,11620600000
1151973000000,1.27943,1.27978,1.27907,1.27967,11238400000
1151973900000,1.27975,1.28045,1.27969,1.27983,11132100000
1151974800000,1.27985,1.28045,1.27969,1.28022,12499200000
1151975700000,1.28013,1.28075,1.27987,1.2807,11609200000
1151976600000,1.28056,1.28074,1.28004,1.28045,13273600000
1151977500000,1.28024,1.28079,1.28007,1.28057,11414900000
1151978400000,1.28049,1.28054,1.27994,1.28018,12262900000
1151979300000,1.28008,1.28046,1.2796,1.2799,10124500000
1151980200000,1.27996,1.28016,1.27967,1.28,11415800000
1151981100000,1.28001,1.28018,1.27976,1.27984,11358800000
1151982000000,1.27995,1.28015,1.2797,1.2801,9505400000
1151982900000,1.28013,1.28035,1.27989,1.28027,9698300000
1151983800000,1.28028,1.28068,1.28025,1.28052,12184500000
1151984700000,1.28065,1.28074,1.28015,1.2804,10920700000
1151985600000,1.28038,1.28058,1.28022,1.28044,11119300000
1151986500000,1.28047,1.28068,1.28029,1.2804,12939700000
1151987400000,1.28032,1.28066,1.28011,1.28066,9829000000
1151988300000,1.28058,1.28074,1.28022,1.2806,10674600000
1151989200000,1.28062,1.28083,1.28037,1.28043,10228800000
1151990100000,1.28045,1.28077,1.28028,1.28058,9919000000
1151991000000,1.28068,1.28072,1.28026,1.28048,9050700000
1151991900000,1.28045,1.28069,1.28019,1.28033,9863300000
1151992800000,1.28046,1.28104,1.28036,1.28086,11450700000
1151993700000,1.28089,1.28191,1.2808,1.28186,12121400000
1151994600000,1.28176,1.28192,1.28131,1.28145,12328400000
1151995500000,1.28145,1.28185,1.2813,1.28149,11762800000
1151996400000,1.28146,1.28186,1.28047,1.28057,10451000000
1151997300000,1.28051,1.28161,1.28037,1.2813,10503700000
1151998200000,1.28112,1.28138,1.28047,1.28069,10703000000
1151999100000,1.28093,1.28114,1.28048,1.28087,10939200000
1152000000000,1.2808,1.28092,1.28052,1.2806,10256100000
1152000900000,1.28062,1.28094,1.2805,1.28064,11114300000
1152001800000,1.28068,1.28113,1.28053,1.28106,12020500000
1152002700000,1.28103,1.28163,1.28093,1.28148,11421900000
1152003600000,1.28144,1.28158,1.28073,1.28073,9340500000
1152004500000,1.2808,1.28116,1.2805,1.28102,8989700000
1152005400000,1.28108,1.28144,1.2808,1.28115,12531800000
1152006300000,1.28111,1.28136,1.28057,1.28076,11708200000
1152007200000,1.28077,1.2811,1.28019,1.28056,10514500000
1152008100000,1.2806,1.2807,1.28007,1.2802,11179300000
1152009000000,1.28032,1.28075,1.28005,1.28015,12236300000
1152009900000,1.28003,1.28026,1.27924,1.27939,11152700000
1152010800000,1.27945,1.27962,1.27902,1.27942,12023700000
1152011700000,1.27947,1.27951,1.27909,1.27917,12366600000
1152012600000,1.27919,1.27933,1.27881,1.27912,11914800000
1152013500000,1.27914,1.27938,1.27882,1.27904,10418000000
1152014400000,1.27912,1.27962,1.2789,1.27895,9849500000
1152015300000,1.27899,1.27934,1.2787,1.27917,12270300000
1152016200000,1.27923,1.27949,1.27892,1.27912,12750100000
1152017100000,1.27925,1.28,1.27903,1.27951,11585200000
1152018000000,1.2796,1.2801,1.27948,1.28,9866200000
1152018900000,1.27996,1.28082,1.2798,1.28017,10776700000
1152019800000,1.28018,1.28043,1.28001,1.28017,11518800000
1152020700000,1.28013,1.28035,1.27975,1.28019,11041100000
1152021600000,1.28023,1.28033,1.27969,1.27987,12880300000
1152022500000,1.27981,1.28025,1.27968,1.28002,10891100000
1152023400000,1.28017,1.2802,1.27938,1.2794,10606000000
1152024300000,1.27929,1.2798,1.27894,1.27966,11518400000
1152025200000,1.27964,1.27997,1.27895,1.27895,10228000000
1152026100000,1.27906,1.27943,1.27883,1.27938,10780400000
1152027000000,1.2795,1.27998,1.27886,1.2792,10849500000
1152027900000,1.2793,1.27945,1.27892,1.27944,11025100000
1152028800000,1.2794,1.27955,1.27892,1.27913,156693300000
1152029700000,1.27915,1.27935,1.27891,1.27906,124923400000
1152030600000,1.27903,1.27926,1.27868,1.2789,90036200000
1152031500000,1.27884,1.27955,1.27884,1.27955,71547600000
1152032400000,1.27937,1.27968,1.27917,1.27954,55858200000
1152033300000,1.27946,1.27959,1.27922,1.27948,48548000000
1152034200000,1.27946,1.27975,1.27931,1.27955,53967200000
1152035100000,1.27958,1.28066,1.27956,1.28032,44094400000
1152036000000,1.28042,1.28055,1.28014,1.2805,34208100000
1152036900000,1.28043,1.28066,1.28024,1.28053,34707300000
1152037800000,1.2806,1.28078,1.28034,1.28061,73330100000
1152038700000,1.28054,1.28086,1.28027,1.2806,81066800000
1152039600000,1.28058,1.2807,1.28014,1.28023,49443700000
1152040500000,1.2804,1.28057,1.27981,1.28032,45350400000
1152041400000,1.28031,1.28051,1.27987,1.28015,32759400000
1152042300000,1.28018,1.28026,1.27942,1.27976,29982100000
1152043200000,1.27968,1.28033,1.27951,1.27964,26875800000
1152044100000,1.2796,1.27972,1.27916,1.27958,21990800000
1152045000000,1.27947,1.28053,1.27898,1.28045,25859700000
1152045900000,1.28025,1.2804,1.27885,1.27924,19947800000
1152046800000,1.27919,1.28001,1.2788,1.27945,11886200000
1152047700000,1.27926,1.27985,1.27892,1.2792,12517700000
1152048600000,1.27919,1.27932,1.27863,1.27891,12579500000
1152049500000,1.27884,1.279,1.2784,1.27854,10273500000
1152050400000,1.27874,1.27896,1.27773,1.27799,12258300000
1152051300000,1.27806,1.27874,1.27773,1.27857,11513300000
1152052200000,1.27863,1.27894,1.27843,1.27883,10167800000
1152053100000,1.27876,1.2789,1.27823,1.27861,11144600000
1152054000000,1.27849,1.27882,1.27802,1.2781,12395400000
1152054900000,1.27813,1.27869,1.27771,1.27786,12169400000
1152055800000,1.27792,1.27834,1.27771,1.27821,11013200000
1152056700000,1.27819,1.27838,1.27714,1.27773,12619800000
1152057600000,1.27769,1.27805,1.27739,1.27788,11456000000
1152058500000,1.27786,1.27834,1.27777,1.27804,9657300000
1152059400000,1.27788,1.27833,1.27773,1.27818,10087400000
1152060300000,1.2782,1.27826,1.2775,1.27792,11005000000
1152061200000,1.27799,1.27828,1.27766,1.27776,13613500000
1152062100000,1.27764,1.27772,1.27678,1.27724,12001400000
1152063000000,1.2773,1.27748,1.27696,1.27744,13105300000
1152063900000,1.27732,1.27771,1.27714,1.27756,11860800000
1152064800000,1.2774,1.27769,1.27722,1.27753,12993700000
1152065700000,1.27752,1.27762,1.27721,1.27756,9491200000
1152066600000,1.2775,1.27815,1.27736,1.27803,12026100000
1152067500000,1.27805,1.27833,1.27775,1.2782,12501100000
1152068400000,1.27819,1.27876,1.27812,1.2785,10024900000
1152069300000,1.2786,1.27875,1.27837,1.27855,10944000000
1152070200000,1.2784,1.27906,1.27827,1.27887,11832200000
1152071100000,1.27888,1.2791,1.27849,1.2788,9565200000
1152072000000,1.27897,1.2794,1.27868,1.27921,11660900000
1152072900000,1.27914,1.27949,1.27899,1.27909,12247900000
1152073800000,1.27906,1.27938,1.2788,1.27931,10364100000
1152074700000,1.27926,1.2807,1.27913,1.28046,10404400000
1152075600000,1.28033,1.28131,1.28015,1.28095,9862700000
1152076500000,1.28096,1.28157,1.28089,1.28143,11212800000
1152077400000,1.28137,1.28306,1.28125,1.28204,11606200000
1152078300000,1.28203,1.28267,1.28191,1.28224,10473700000
1152079200000,1.28227,1.28357,1.28221,1.2823,11827100000
1152080100000,1.28235,1.28257,1.2802,1.28051,11797200000
1152081000000,1.28059,1.28129,1.27885,1.27901,12040800000
1152081900000,1.27908,1.27965,1.27777,1.27802,9691000000
1152082800000,1.27804,1.27871,1.27719,1.27726,11459700000
1152083700000,1.27726,1.27735,1.27602,1.27696,11746300000
1152084600000,1.27682,1.27723,1.27542,1.27557,12720800000
1152085500000,1.27542,1.27574,1.27487,1.27549,12960900000
1152086400000,1.2755,1.27631,1.2749,1.27598,11252500000
1152087300000,1.27605,1.27647,1.27594,1.27601,10191200000
1152088200000,1.2761,1.27688,1.27575,1.27646,10075100000
1152089100000,1.27644,1.27668,1.27569,1.27569,10831900000
1152090000000,1.27562,1.27565,1.27438,1.27518,11395200000
1152090900000,1.27525,1.27625,1.27448,1.27607,9081600000
1152091800000,1.27617,1.27652,1.27583,1.2763,12554700000
1152092700000,1.27637,1.27638,1.27553,1.27615,11470100000
1152093600000,1.27612,1.27685,1.27599,1.2764,10860100000
1152094500000,1.27635,1.27673,1.27623,1.2764,10019200000
1152095400000,1.27647,1.27658,1.27597,1.27637,12737500000
1152096300000,1.27659,1.27782,1.2765,1.27743,10080200000
1152097200000,1.27722,1.27799,1.27697,1.27789,11027000000
1152098100000,1.27784,1.27826,1.27748,1.27802,11611300000
1152099000000,1.27801,1.27833,1.27776,1.2782,10973000000
1152099900000,1.27822,1.27917,1.27785,1.27892,10177000000
1152100800000,1.27907,1.27928,1.2787,1.27906,10467900000
1152101700000,1.27882,1.27899,1.27496,1.27536,12124300000
1152102600000,1.27537,1.27591,1.27424,1.27525,11451900000
1152103500000,1.27531,1.27617,1.27449,1.27463,12082100000
1152104400000,1.27458,1.27548,1.27438,1.2746,11859800000
1152105300000,1.27403,1.27444,1.273,1.2735,12989100000
1152106200000,1.27369,1.27421,1.27276,1.27286,11294800000
1152107100000,1.27255,1.27277,1.27186,1.27273,10500100000
1152108000000,1.27263,1.27269,1.27131,1.27131,12784400000
1152108900000,1.27117,1.27151,1.27068,1.27111,10695500000
1152109800000,1.27109,1.27147,1.27058,1.271,10520900000
1152110700000,1.2709,1.27157,1.2709,1.27142,10656600000
1152111600000,1.27144,1.27265,1.27136,1.27192,10732200000
1152112500000,1.27205,1.2725,1.27142,1.27235,11014700000
1152113400000,1.27223,1.27277,1.27199,1.27234,11498000000
1152114300000,1.27246,1.27269,1.27185,1.27242,11512500000
1152115200000,1.27232,1.27252,1.27177,1.27231,152313500000
1152116100000,1.2724,1.27255,1.27196,1.2725,127493600000
1152117000000,1.27239,1.27257,1.27215,1.27235,88859700000
1152117900000,1.27235,1.27245,1.27196,1.27213,70539300000
1152118800000,1.27219,1.27251,1.272,1.27223,56865900000
1152119700000,1.27222,1.27273,1.27197,1.27261,49427600000
1152120600000,1.27255,1.27306,1.27234,1.27251,52046600000
1152121500000,1.27258,1.27266,1.27193,1.27223,45153000000
1152122400000,1.27222,1.27317,1.2721,1.27278,33307700000
1152123300000,1.27278,1.27302,1.27238,1.27265,33728600000
1152124200000,1.27262,1.27353,1.27258,1.27329,74060300000
1152125100000,1.27331,1.27348,1.27304,1.27327,79414800000
1152126000000,1.27332,1.27339,1.27227,1.27245,48579100000
1152126900000,1.27244,1.27333,1.27204,1.27322,46614800000
1152127800000,1.27315,1.2733,1.27277,1.27294,31128900000
1152128700000,1.27287,1.27297,1.27248,1.27251,31378000000
1152129600000,1.27257,1.27299,1.27251,1.27264,26121800000
1152130500000,1.27264,1.2729,1.27226,1.27247,20841900000
1152131400000,1.27242,1.27265,1.27199,1.27245,26568500000
1152132300000,1.27239,1.27253,1.27174,1.272,21751600000
1152133200000,1.27171,1.2724,1.27145,1.27205,11059600000
1152134100000,1.27189,1.27221,1.27125,1.272,10340000000
1152135000000,1.27201,1.27221,1.27156,1.27208,11051800000
1152135900000,1.2719,1.2722,1.27164,1.27187,11788900000
1152136800000,1.27207,1.27307,1.27195,1.27292,10984600000
1152137700000,1.27279,1.2729,1.27242,1.2728,11367100000
1152138600000,1.27278,1.27282,1.27248,1.27282,10454800000
1152139500000,1.27276,1.27323,1.27257,1.273,10377900000
1152140400000,1.27277,1.27338,1.27277,1.27312,12227800000
1152141300000,1.27308,1.27318,1.27239,1.27307,10516900000
1152142200000,1.2731,1.27345,1.27292,1.27325,10742500000
1152143100000,1.27314,1.27327,1.27255,1.2727,10841200000
1152144000000,1.2727,1.27287,1.27252,1.27283,11858200000
1152144900000,1.27279,1.27343,1.27251,1.2727,10832000000
1152145800000,1.27264,1.27275,1.27209,1.27242,10260000000
1152146700000,1.27237,1.27244,1.2718,1.27187,10701200000
1152147600000,1.27184,1.27267,1.27181,1.27237,11422600000
1152148500000,1.27237,1.27282,1.27193,1.27273,10300100000
1152149400000,1.27277,1.27322,1.27255,1.27313,12531700000
1152150300000,1.27311,1.27323,1.27257,1.27278,11257800000
1152151200000,1.27282,1.2732,1.27264,1.27288,12897600000
1152152100000,1.2729,1.27301,1.27254,1.27283,9116900000
1152153000000,1.27274,1.27328,1.27265,1.27319,11539400000
1152153900000,1.27306,1.27331,1.27278,1.27312,11959400000
1152154800000,1.27307,1.27319,1.2728,1.27294,9711800000
1152155700000,1.27302,1.27354,1.27288,1.27347,9571500000
1152156600000,1.27339,1.27365,1.27305,1.27324,12468800000
1152157500000,1.27318,1.2733,1.27289,1.27305,9599900000
1152158400000,1.27315,1.2737,1.27295,1.2735,10757600000
1152159300000,1.27355,1.27362,1.2731,1.27332,12145800000
1152160200000,1.27332,1.27346,1.27261,1.27269,10173700000
1152161100000,1.2726,1.27276,1.27229,1.2725,9864700000
1152162000000,1.2724,1.27284,1.27231,1.27252,9811500000
1152162900000,1.2725,1.2728,1.27233,1.27245,11046200000
1152163800000,1.27264,1.27275,1.27235,1.27264,11340300000
1152164700000,1.27268,1.27318,1.27254,1.27318,10530600000
1152165600000,1.27313,1.27342,1.27289,1.27329,12283900000
1152166500000,1.27321,1.27396,1.27289,1.27372,11879700000
1152167400000,1.27388,1.27423,1.27347,1.27369,12970000000
1152168300000,1.27363,1.27381,1.27334,1.27367,11438100000
1152169200000,1.27376,1.27462,1.27357,1.27429,12177100000
1152170100000,1.27414,1.27444,1.27352,1.27373,11839900000
1152171000000,1.27374,1.27432,1.27365,1.27385,11338600000
1152171900000,1.27408,1.27468,1.2737,1.27416,11464900000
1152172800000,1.27411,1.27411,1.27233,1.2724,10836000000
1152173700000,1.27248,1.27312,1.27215,1.27288,10720600000
1152174600000,1.27275,1.2731,1.27252,1.27301,10995000000
1152175500000,1.27296,1.27332,1.27281,1.27288,10058700000
1152176400000,1.27301,1.27347,1.27279,1.27325,10280500000
1152177300000,1.27345,1.27357,1.27275,1.27285,11153500000
1152178200000,1.27296,1.27322,1.27267,1.27306,11374400000
1152179100000,1.27303,1.27332,1.27291,1.27293,10856900000
1152180000000,1.27294,1.27322,1.27253,1.27273,10859400000
1152180900000,1.2727,1.27284,1.27229,1.27267,10184100000
1152181800000,1.27279,1.27368,1.27271,1.27363,10649700000
1152182700000,1.27363,1.27391,1.27342,1.27362,10098000000
1152183600000,1.2736,1.27369,1.27324,1.27341,10133900000
1152184500000,1.27345,1.2736,1.27297,1.27334,12628100000
1152185400000,1.2734,1.27388,1.27319,1.27377,10461000000
1152186300000,1.27397,1.27451,1.27274,1.27437,10625800000
1152187200000,1.27447,1.27451,1.27308,1.27327,9517200000
1152188100000,1.27329,1.274,1.27314,1.27372,10645900000
1152189000000,1.27374,1.278,1.27361,1.27765,10628300000
1152189900000,1.2775,1.27774,1.27564,1.27566,12756300000
1152190800000,1.27554,1.27575,1.27336,1.27416,10844700000
1152191700000,1.27424,1.27561,1.27392,1.27537,13721900000
1152192600000,1.27542,1.27546,1.27405,1.27457,10719600000
1152193500000,1.27443,1.2751,1.27371,1.27502,11365200000
1152194400000,1.27502,1.27686,1.27491,1.27658,11879800000
1152195300000,1.27649,1.27719,1.27612,1.27633,9546100000
1152196200000,1.27623,1.27632,1.2754,1.27608,12137800000
1152197100000,1.27591,1.27629,1.27512,1.27514,11851400000
1152198000000,1.27503,1.27613,1.27486,1.27597,11157300000
1152198900000,1.27593,1.27626,1.27574,1.27625,10367300000
1152199800000,1.27622,1.27639,1.27562,1.27588,12218400000
1152200700000,1.27601,1.27605,1.27539,1.27552,11065600000
1152201600000,1.27534,1.27573,1.27519,1.27557,154386600000
1152202500000,1.27551,1.27588,1.27526,1.27546,127212000000
1152203400000,1.27541,1.27559,1.27513,1.27545,91474000000
1152204300000,1.27536,1.27576,1.27528,1.27567,68421500000
1152205200000,1.27565,1.27628,1.27552,1.27612,53660900000
1152206100000,1.27616,1.27679,1.27607,1.27651,50947500000
1152207000000,1.27651,1.27654,1.27608,1.2763,53749900000
1152207900000,1.27635,1.27673,1.27614,1.27673,44581200000
1152208800000,1.27677,1.27759,1.27674,1.27736,33670500000
1152209700000,1.2774,1.27751,1.27698,1.2774,35690500000
1152210600000,1.2773,1.27755,1.27701,1.27746,74535800000
1152211500000,1.27756,1.27766,1.2772,1.27755,78643900000
1152212400000,1.27768,1.27772,1.27714,1.27749,48088600000
1152213300000,1.27748,1.27782,1.27726,1.2776,46383300000
1152214200000,1.27746,1.2776,1.27723,1.2775,33689100000
1152215100000,1.27747,1.27753,1.27721,1.2774,30629500000
1152216000000,1.27737,1.27767,1.27715,1.27757,25371500000
1152216900000,1.27748,1.27781,1.27738,1.2777,21625800000
1152217800000,1.27759,1.27773,1.27732,1.27768,26637200000
1152218700000,1.2776,1.27785,1.27725,1.27757,20660600000
1152219600000,1.27741,1.27797,1.277,1.27739,11724400000
1152220500000,1.27745,1.27794,1.27693,1.2777,12305100000
1152221400000,1.27764,1.27787,1.27747,1.27779,12149000000
1152222300000,1.27776,1.27788,1.27742,1.27754,11355900000
1152223200000,1.27772,1.27786,1.27749,1.2775,10567000000
1152224100000,1.2776,1.27777,1.27725,1.27732,11467200000
1152225000000,1.27743,1.27748,1.27705,1.27735,10965600000
1152225900000,1.27712,1.27743,1.27701,1.2773,8913200000
1152226800000,1.27706,1.27771,1.27706,1.2775,11046000000
1152227700000,1.2775,1.2776,1.27703,1.2772,11574800000
1152228600000,1.27713,1.27734,1.27695,1.27712,11671300000
1152229500000,1.27711,1.27732,1.27692,1.27723,10793100000
1152230400000,1.27719,1.27755,1.27687,1.27732,11793800000
1152231300000,1.27727,1.27743,1.27694,1.27704,11320200000
1152232200000,1.27699,1.27714,1.27668,1.27698,10399300000
1152233100000,1.27703,1.27708,1.27661,1.2768,11237000000
1152234000000,1.2768,1.27722,1.27656,1.27708,12101200000
1152234900000,1.27715,1.27743,1.27695,1.27726,10623700000
1152235800000,1.2773,1.27738,1.27691,1.27738,13596800000
1152236700000,1.2772,1.27738,1.27677,1.27703,11762000000
1152237600000,1.2769,1.27728,1.27671,1.2771,12309900000
1152238500000,1.27718,1.27758,1.27706,1.2774,9603000000
1152239400000,1.27737,1.27745,1.2769,1.27724,12143100000
1152240300000,1.27723,1.27724,1.2769,1.27702,10918000000
1152241200000,1.27699,1.27734,1.27686,1.2772,10104900000
1152242100000,1.27719,1.27744,1.27697,1.27705,9997700000
1152243000000,1.27715,1.27725,1.27682,1.27712,12325100000
1152243900000,1.27717,1.27723,1.27665,1.27672,10534600000
1152244800000,1.27678,1.27703,1.2765,1.27692,11630600000
1152245700000,1.2769,1.277,1.27669,1.27687,13029500000
1152246600000,1.27686,1.2772,1.27674,1.27695,10288900000
1152247500000,1.27687,1.27698,1.27649,1.27676,10852400000
1152248400000,1.2768,1.27687,1.27657,1.2767,9994800000
1152249300000,1.27668,1.27687,1.27656,1.27661,11160600000
1152250200000,1.27673,1.27681,1.27637,1.27665,11986500000
1152251100000,1.27656,1.2768,1.27644,1.27661,10691700000
1152252000000,1.27659,1.2775,1.27648,1.2773,11003900000
1152252900000,1.27727,1.2773,1.27688,1.27711,11607300000
1152253800000,1.27715,1.27775,1.2769,1.27745,12850400000
1152254700000,1.27741,1.27778,1.27726,1.27749,11488400000
1152255600000,1.27755,1.27801,1.27729,1.27751,10469900000
1152256500000,1.27752,1.27854,1.2774,1.27788,12692300000
1152257400000,1.27786,1.27806,1.27729,1.27731,11274200000
1152258300000,1.27771,1.27797,1.27712,1.27775,11089900000
1152259200000,1.27772,1.27775,1.2771,1.27727,11843000000
1152260100000,1.27738,1.27763,1.27717,1.2774,10794600000
1152261000000,1.27748,1.27794,1.27728,1.27733,10385100000
1152261900000,1.27735,1.2776,1.27668,1.2772,10059600000
1152262800000,1.27711,1.27763,1.27681,1.27749,9833900000
1152263700000,1.27744,1.27788,1.27726,1.27788,9747200000
1152264600000,1.27801,1.27893,1.27746,1.27748,12270600000
1152265500000,1.27752,1.27784,1.27725,1.27756,11489000000
1152266400000,1.27762,1.27777,1.27715,1.27743,11218700000
1152267300000,1.27736,1.27768,1.27702,1.27714,11570200000
1152268200000,1.27727,1.27758,1.27706,1.27742,11819800000
1152269100000,1.27747,1.27769,1.27694,1.27723,11398700000
1152270000000,1.27726,1.27805,1.27713,1.27748,11472600000
1152270900000,1.27765,1.27788,1.27704,1.27707,13398600000
1152271800000,1.27732,1.27756,1.27697,1.27722,11763700000
1152272700000,1.27727,1.27784,1.27713,1.27734,10642500000
1152273600000,1.27727,1.27786,1.27709,1.27744,11380900000
1152274500000,1.27753,1.27899,1.27385,1.27385,11608600000
1152275400000,1.27927,1.28571,1.27634,1.2846,11205400000
1152276300000,1.28452,1.28466,1.28092,1.28155,12810000000
1152277200000,1.28177,1.2824,1.28068,1.2824,10869500000
1152278100000,1.28237,1.28269,1.28181,1.282,10609300000
1152279000000,1.28214,1.28304,1.28157,1.28161,12076100000
1152279900000,1.28157,1.28239,1.2815,1.2821,11481700000
1152280800000,1.28203,1.28272,1.28138,1.28205,13007900000
1152281700000,1.28202,1.28269,1.28175,1.28228,11053100000
1152282600000,1.28234,1.28271,1.28212,1.2827,11315500000
1152283500000,1.28259,1.28291,1.28203,1.28207,11726400000
1152284400000,1.28193,1.28257,1.2819,1.28242,10308400000
1152285300000,1.28232,1.28267,1.28217,1.28245,10910600000
1152286200000,1.28239,1.28251,1.28101,1.2812,12113500000
1152287100000,1.28133,1.28196,1.28059,1.28187,11980400000
1152288000000,1.28181,1.28209,1.28156,1.28193,154989800000
1152288900000,1.28189,1.28232,1.28162,1.28219,126272200000
1152289800000,1.2822,1.28251,1.28198,1.28208,88661400000
1152290700000,1.28213,1.28241,1.28196,1.28231,71973700000
1152291600000,1.28225,1.28258,1.28196,1.28247,55921400000
1152292500000,1.28252,1.28282,1.28244,1.28268,49310300000
1152293400000,1.28271,1.28275,1.28235,1.28265,53374100000
1152294300000,1.28273,1.28283,1.28235,1.28251,43931900000
1152295200000,1.28251,1.28261,1.28129,1.28155,33728100000
1152296100000,1.2816,1.28197,1.28125,1.28181,35262200000
1152297000000,1.28187,1.28214,1.28161,1.28188,71858100000
1152297900000,1.28182,1.28196,1.28104,1.28152,77113100000
1152298800000,1.28175,1.28195,1.28128,1.2815,48562300000
1152299700000,1.28152,1.28154,1.28111,1.28144,47346200000
1152300600000,1.28141,1.28167,1.28122,1.28147,33013600000
1152301500000,1.28148,1.28163,1.28117,1.2813,29582000000
1152302400000,1.28128,1.28156,1.28089,1.281,27110800000
1152303300000,1.28095,1.2811,1.28047,1.28082,22021100000
1152304200000,1.28076,1.28098,1.28052,1.2807,26032200000
1152305100000,1.28069,1.28095,1.28029,1.28067,21386200000
1152478800000,1.28062,1.2815,1.28054,1.28097,11478000000
1152479700000,1.28103,1.28145,1.2805,1.281,12388200000
1152480600000,1.28106,1.2816,1.28098,1.28115,12726700000
1152481500000,1.28103,1.2814,1.28071,1.28087,11451700000
1152482400000,1.28088,1.28138,1.28059,1.28069,11362600000
1152483300000,1.28081,1.28123,1.28057,1.28102,11025400000
1152484200000,1.28113,1.28116,1.2805,1.28075,11164000000
1152485100000,1.28072,1.28095,1.28032,1.28051,9954600000
1152486000000,1.2805,1.28084,1.28029,1.28076,11710700000
1152486900000,1.2807,1.28101,1.28039,1.28097,11901500000
1152487800000,1.28107,1.28116,1.28061,1.28088,12204700000
1152488700000,1.28083,1.28114,1.28041,1.28083,11782600000
1152489600000,1.28062,1.28075,1.2791,1.27967,12080200000
1152490500000,1.27964,1.2797,1.27867,1.27894,10228400000
1152491400000,1.27876,1.2797,1.27876,1.27958,10907500000
1152492300000,1.27978,1.27989,1.27874,1.27888,10552500000
1152493200000,1.27897,1.27933,1.2788,1.27905,12738900000
1152494100000,1.27896,1.27918,1.27882,1.27907,12031500000
1152495000000,1.27898,1.2799,1.27889,1.2798,12545900000
1152495900000,1.2798,1.28022,1.27946,1.27985,11146800000
1152496800000,1.27975,1.27993,1.27913,1.27927,12806300000
1152497700000,1.27937,1.27945,1.27832,1.27888,11345400000
1152498600000,1.27888,1.27912,1.27858,1.27897,11868900000
1152499500000,1.27903,1.27944,1.27901,1.27924,12283100000
1152500400000,1.27932,1.27994,1.27879,1.27975,10344900000
1152501300000,1.27989,1.28028,1.2795,1.27953,10278300000
1152502200000,1.27938,1.27988,1.27899,1.27906,13122000000
1152503100000,1.27915,1.27948,1.27893,1.2793,10608800000
1152504000000,1.27943,1.27948,1.27912,1.27917,11046600000
1152504900000,1.2791,1.27973,1.27902,1.27953,13578100000
1152505800000,1.27944,1.27972,1.27913,1.27965,10015400000
1152506700000,1.27959,1.2797,1.2793,1.27958,10821700000
1152507600000,1.27955,1.27968,1.27913,1.27918,9876600000
1152508500000,1.27926,1.27957,1.27916,1.27937,10449000000
1152509400000,1.2794,1.27981,1.27933,1.27939,10998600000
1152510300000,1.27936,1.2797,1.27873,1.27873,11543800000
1152511200000,1.27885,1.28055,1.27869,1.28026,12506200000
1152512100000,1.28023,1.28058,1.28,1.28024,12066700000
1152513000000,1.28022,1.28033,1.27857,1.27911,11787900000
1152513900000,1.27906,1.2792,1.27845,1.27904,11055100000
1152514800000,1.27921,1.28021,1.27896,1.27999,11484000000
1152515700000,1.28006,1.28072,1.27996,1.28047,11596000000
1152516600000,1.28034,1.28053,1.27932,1.27932,10537500000
1152517500000,1.27954,1.28066,1.27928,1.27984,12159300000
1152518400000,1.27977,1.28028,1.2795,1.28004,10720000000
1152519300000,1.28008,1.28092,1.28001,1.28043,10915200000
1152520200000,1.28031,1.28052,1.2798,1.28,11013500000
1152521100000,1.27997,1.28041,1.27978,1.2801,9031800000
1152522000000,1.28019,1.28041,1.27999,1.2802,10902400000
1152522900000,1.28025,1.28041,1.27784,1.27789,10601200000
1152523800000,1.27795,1.27842,1.2771,1.27749,12772500000
1152524700000,1.27763,1.27812,1.2775,1.2778,11191500000
1152525600000,1.27781,1.27823,1.27766,1.27787,11263200000
1152526500000,1.27766,1.2781,1.27766,1.27787,10119700000
1152527400000,1.27805,1.27831,1.27792,1.27803,11480900000
1152528300000,1.27794,1.27805,1.27668,1.27691,11497600000
1152529200000,1.27689,1.27698,1.2748,1.27533,11834700000
1152530100000,1.27525,1.27592,1.27481,1.2756,10981600000
1152531000000,1.27574,1.27578,1.27487,1.27503,11729000000
1152531900000,1.27512,1.2754,1.27486,1.27515,10976400000
1152532800000,1.27519,1.27528,1.27485,1.27512,8118000000
1152533700000,1.27519,1.27551,1.2739,1.2739,10602700000
1152534600000,1.27402,1.27442,1.2731,1.27335,11616200000
1152535500000,1.27333,1.27374,1.27268,1.27369,12052500000
1152536400000,1.27377,1.27384,1.27333,1.27354,10581400000
1152537300000,1.27362,1.27454,1.27345,1.27367,11646200000
1152538200000,1.27373,1.27373,1.27207,1.27262,11829600000
1152539100000,1.27264,1.27341,1.27252,1.27273,9835000000
1152540000000,1.27258,1.27319,1.27237,1.27299,13044900000
1152540900000,1.27302,1.2731,1.27205,1.27275,10312400000
1152541800000,1.27271,1.27356,1.27248,1.27333,11279200000
1152542700000,1.27321,1.27373,1.27281,1.27359,10604100000
1152543600000,1.27373,1.27431,1.2735,1.274,9353400000
1152544500000,1.27409,1.27471,1.27388,1.27457,11533500000
1152545400000,1.27447,1.27464,1.27322,1.27351,11744500000
1152546300000,1.27357,1.27516,1.27338,1.2748,12036800000
1152547200000,1.27478,1.27602,1.27405,1.27427,156863700000
1152548100000,1.27425,1.27432,1.27322,1.27347,124455300000
1152549000000,1.27338,1.27376,1.27324,1.27332,89822200000
1152549900000,1.2733,1.27376,1.27309,1.27341,71912800000
1152550800000,1.27345,1.27396,1.27329,1.27388,56089800000
1152551700000,1.27395,1.27406,1.2732,1.27333,49822300000
1152552600000,1.27327,1.27353,1.27311,1.27345,53941100000
1152553500000,1.27347,1.27351,1.27257,1.27275,44901400000
1152554400000,1.27281,1.27288,1.27226,1.27281,32719300000
1152555300000,1.27292,1.27325,1.27247,1.27309,34280500000
1152556200000,1.27318,1.27358,1.27311,1.27336,75457700000
1152557100000,1.27329,1.27335,1.27292,1.27314,80715800000
1152558000000,1.27313,1.27346,1.27278,1.27335,49148200000
1152558900000,1.27335,1.27438,1.27312,1.27416,45420500000
1152559800000,1.27419,1.27425,1.27346,1.27348,32965400000
1152560700000,1.27344,1.27379,1.27323,1.27351,31281500000
1152561600000,1.27352,1.27398,1.27332,1.2734,25584300000
1152562500000,1.2734,1.2738,1.27332,1.27356,22939700000
1152563400000,1.2736,1.27375,1.27295,1.27338,26970200000
1152564300000,1.2734,1.27356,1.27238,1.27262,20992600000
1152565200000,1.27249,1.27369,1.27224,1.27334,11313800000
1152566100000,1.27348,1.27395,1.27325,1.27382,12493500000
1152567000000,1.2736,1.27377,1.273,1.27352,12434100000
1152567900000,1.2734,1.2738,1.27257,1.27363,10783700000
1152568800000,1.27379,1.27403,1.27348,1.27394,10098000000
1152569700000,1.27387,1.274,1.27349,1.2739,10936900000
1152570600000,1.27377,1.2742,1.27373,1.27417,10653700000
1152571500000,1.27402,1.27435,1.27378,1.27406,10437800000
1152572400000,1.27397,1.27424,1.27337,1.27362,10753300000
1152573300000,1.27369,1.27424,1.27355,1.27414,11277400000
1152574200000,1.27397,1.27429,1.27364,1.2738,10368300000
1152575100000,1.27371,1.27397,1.27347,1.2735,12005000000
1152576000000,1.27347,1.27386,1.27332,1.27345,12838000000
1152576900000,1.27345,1.2739,1.27328,1.27345,10810000000
1152577800000,1.27342,1.27358,1.27313,1.27332,10957800000
1152578700000,1.27327,1.27399,1.27304,1.27376,11627200000
1152579600000,1.27376,1.27396,1.27335,1.27376,11941200000
1152580500000,1.27387,1.27412,1.27359,1.27412,12088300000
1152581400000,1.27407,1.27443,1.27378,1.27433,12632700000
1152582300000,1.27422,1.27448,1.27402,1.27439,11104500000
1152583200000,1.2743,1.27448,1.27399,1.27408,11746400000
1152584100000,1.27403,1.27416,1.27374,1.2741,10826100000
1152585000000,1.27415,1.27426,1.27388,1.27407,12313000000
1152585900000,1.27402,1.27431,1.27369,1.27404,11593700000
1152586800000,1.27413,1.27418,1.27376,1.274,11033000000
1152587700000,1.27405,1.27412,1.27353,1.27362,9346000000
1152588600000,1.27365,1.27375,1.27332,1.27361,13212300000
1152589500000,1.27355,1.27389,1.27341,1.27363,10252900000
1152590400000,1.2739,1.27399,1.27362,1.27389,11643600000
1152591300000,1.27395,1.27398,1.27364,1.27376,12501900000
1152592200000,1.27369,1.27369,1.27332,1.27358,10285400000
1152593100000,1.27352,1.27366,1.27317,1.27354,12675300000
1152594000000,1.27356,1.27373,1.27332,1.27347,9893200000
1152594900000,1.27343,1.27367,1.27329,1.27349,11136000000
1152595800000,1.27353,1.27353,1.27258,1.27295,11248100000
1152596700000,1.27299,1.27302,1.27259,1.27267,10007000000
1152597600000,1.27257,1.27278,1.2714,1.27217,10687800000
1152598500000,1.27222,1.27263,1.27184,1.27241,10564700000
1152599400000,1.27247,1.2725,1.27182,1.27242,11744400000
1152600300000,1.2725,1.27315,1.27042,1.27044,10223900000
1152601200000,1.27074,1.27222,1.27064,1.27213,11557100000
1152602100000,1.27209,1.2729,1.27204,1.27259,11088200000
1152603000000,1.27255,1.27389,1.27224,1.27319,11029200000
1152603900000,1.27338,1.27422,1.27317,1.27377,10663900000
1152604800000,1.27371,1.2739,1.27294,1.27368,12210100000
1152605700000,1.27346,1.27479,1.27334,1.27461,11901200000
1152606600000,1.27422,1.27455,1.2734,1.27358,12375200000
1152607500000,1.27353,1.27446,1.27349,1.27418,10062500000
1152608400000,1.27465,1.27518,1.27433,1.27437,9688400000
1152609300000,1.27429,1.27447,1.27272,1.27274,11320000000
1152610200000,1.27276,1.2736,1.27263,1.27283,12607400000
1152611100000,1.27285,1.27364,1.27269,1.27333,11525400000
1152612000000,1.27333,1.27382,1.27307,1.27367,11198000000
1152612900000,1.27363,1.27379,1.27282,1.27306,10943300000
1152613800000,1.27303,1.27378,1.27296,1.27358,11820400000
1152614700000,1.27366,1.27383,1.27343,1.27365,10838900000
1152615600000,1.27372,1.27431,1.27337,1.27427,11015100000
1152616500000,1.27417,1.275,1.27392,1.27482,12022000000
1152617400000,1.27489,1.27489,1.27432,1.27459,10345000000
1152618300000,1.27458,1.27475,1.27409,1.27418,8638300000
1152619200000,1.2741,1.27429,1.27339,1.27339,10094500000
1152620100000,1.27361,1.27455,1.27349,1.27434,11536500000
1152621000000,1.27445,1.27478,1.27363,1.27372,11439500000
1152621900000,1.27384,1.27401,1.27322,1.27345,12733800000
1152622800000,1.27356,1.27359,1.27126,1.27141,10240900000
1152623700000,1.27128,1.2756,1.27117,1.27492,11884800000
1152624600000,1.27499,1.27513,1.27357,1.27395,12058400000
1152625500000,1.27375,1.27395,1.27322,1.27354,10072900000
1152626400000,1.27356,1.2743,1.27354,1.27408,12085200000
1152627300000,1.27405,1.27472,1.27367,1.2737,10101900000
1152628200000,1.2736,1.27462,1.27348,1.27455,11052900000
1152629100000,1.27452,1.27504,1.27422,1.2748,11355400000
1152630000000,1.27474,1.2755,1.27433,1.27535,10157700000
1152630900000,1.2753,1.27581,1.27461,1.27484,11048100000
1152631800000,1.27465,1.27482,1.27421,1.27443,11426000000
1152632700000,1.27465,1.27568,1.27451,1.27517,11167000000
1152633600000,1.275,1.27541,1.27471,1.27541,153970900000
1152634500000,1.27529,1.27557,1.27484,1.27485,123095400000
1152635400000,1.27484,1.27503,1.27387,1.27427,91830700000
1152636300000,1.27435,1.27441,1.27389,1.27414,71887500000
1152637200000,1.27405,1.275,1.27398,1.27461,55324900000
1152638100000,1.2746,1.27652,1.27459,1.27555,50473500000
1152639000000,1.27538,1.27584,1.27523,1.27562,51495800000
1152639900000,1.27573,1.27648,1.27573,1.2759,44251900000
1152640800000,1.27577,1.27605,1.27506,1.2756,33807500000
1152641700000,1.27577,1.27622,1.27548,1.27601,33786100000
1152642600000,1.27596,1.2772,1.27572,1.27686,72389400000
1152643500000,1.27685,1.27714,1.27661,1.27685,79394300000
1152644400000,1.27684,1.27699,1.27652,1.2767,49280200000
1152645300000,1.2768,1.27769,1.27671,1.27757,45186400000
1152646200000,1.27756,1.27763,1.27686,1.27703,32047900000
1152647100000,1.27701,1.27749,1.2767,1.27727,31588800000
1152648000000,1.27723,1.27723,1.27686,1.27702,26033700000
1152648900000,1.27704,1.27753,1.27698,1.27736,22407700000
1152649800000,1.27724,1.27765,1.27714,1.27728,28338300000
1152650700000,1.27741,1.27751,1.27675,1.27717,19680600000
1152651600000,1.27705,1.2774,1.27661,1.27694,11294100000
1152652500000,1.27701,1.27748,1.27655,1.27658,10700100000
1152653400000,1.27655,1.27665,1.27619,1.27625,11960200000
1152654300000,1.2762,1.27653,1.27599,1.27618,10138000000
1152655200000,1.27636,1.27652,1.27582,1.27601,9908400000
1152656100000,1.2761,1.27723,1.27591,1.27716,11570500000
1152657000000,1.27721,1.27722,1.27683,1.27691,10316800000
1152657900000,1.27692,1.277,1.2763,1.27635,11298700000
1152658800000,1.27636,1.27651,1.27603,1.27621,11835600000
1152659700000,1.27629,1.27645,1.27597,1.27617,11029700000
1152660600000,1.27615,1.27655,1.27602,1.27646,11145300000
1152661500000,1.2765,1.27661,1.27613,1.27624,11622800000
1152662400000,1.27615,1.27639,1.27579,1.27588,12370700000
1152663300000,1.27592,1.2762,1.27569,1.27595,11542000000
1152664200000,1.27592,1.27644,1.27583,1.2763,11149500000
1152665100000,1.2764,1.27666,1.27593,1.27653,12023900000
1152666000000,1.27668,1.27668,1.27627,1.2764,12202000000
1152666900000,1.27633,1.27665,1.27628,1.2764,12116400000
1152667800000,1.27635,1.27655,1.27586,1.27613,12250000000
1152668700000,1.27594,1.27612,1.27541,1.27569,12271600000
1152669600000,1.27556,1.2759,1.27526,1.27543,11644000000
1152670500000,1.27552,1.27588,1.27548,1.2757,10865700000
1152671400000,1.27574,1.27616,1.27549,1.27586,12597100000
1152672300000,1.27591,1.27602,1.27566,1.27589,11699200000
1152673200000,1.27591,1.27612,1.27581,1.27596,8882000000
1152674100000,1.27598,1.2762,1.27573,1.27601,10805200000
1152675000000,1.27605,1.27612,1.27575,1.27597,12760000000
1152675900000,1.27596,1.27623,1.27578,1.27589,11848900000
1152676800000,1.27597,1.27613,1.27583,1.27597,11158900000
1152677700000,1.2761,1.27623,1.27591,1.2762,12138900000
1152678600000,1.27617,1.27648,1.27601,1.27625,10381100000
1152679500000,1.27619,1.27641,1.27584,1.27614,11603400000
1152680400000,1.27607,1.27627,1.27587,1.27605,10852800000
1152681300000,1.27606,1.27671,1.27598,1.27645,11183700000
1152682200000,1.27655,1.27668,1.27613,1.27638,10387800000
1152683100000,1.27625,1.27651,1.27614,1.27631,10359400000
1152684000000,1.27632,1.27712,1.2762,1.27704,11362200000
1152684900000,1.27716,1.27718,1.27635,1.27668,11826000000
1152685800000,1.27665,1.27768,1.2764,1.27702,11557600000
1152686700000,1.27704,1.2777,1.2768,1.27683,10435600000
1152687600000,1.27699,1.27704,1.27594,1.27621,11294900000
1152688500000,1.27626,1.2765,1.27599,1.27639,11987800000
1152689400000,1.27641,1.27655,1.27562,1.27579,10702500000
1152690300000,1.27595,1.27614,1.275,1.275,11049700000
1152691200000,1.27489,1.27527,1.27481,1.27495,11298000000
1152692100000,1.27506,1.2755,1.27491,1.27519,10062700000
1152693000000,1.27516,1.27532,1.27349,1.27388,10038800000
1152693900000,1.27379,1.27492,1.27379,1.27453,10401500000
1152694800000,1.27461,1.27508,1.27439,1.27444,10329900000
1152695700000,1.27438,1.27462,1.27396,1.27403,10824600000
1152696600000,1.27426,1.27461,1.27408,1.27421,12278900000
1152697500000,1.2742,1.27443,1.27322,1.27346,11573600000
1152698400000,1.27346,1.27411,1.27288,1.27381,10418800000
1152699300000,1.27387,1.27425,1.27274,1.27298,10080900000
1152700200000,1.27298,1.27308,1.27254,1.27281,11516000000
1152701100000,1.27276,1.27357,1.27258,1.27298,10288100000
1152702000000,1.27291,1.27325,1.27276,1.27315,11974300000
1152702900000,1.27311,1.27315,1.2712,1.27149,10766200000
1152703800000,1.27149,1.27231,1.27122,1.27223,10801900000
1152704700000,1.2723,1.27241,1.27156,1.27178,11129700000
1152705600000,1.27183,1.27204,1.27148,1.27195,10174000000
1152706500000,1.27208,1.27321,1.27192,1.27249,10665500000
1152707400000,1.27222,1.27265,1.26819,1.2701,11691200000
1152708300000,1.27017,1.27132,1.26961,1.2711,12833300000
1152709200000,1.27084,1.27171,1.27063,1.27127,10775400000
1152710100000,1.27124,1.27146,1.27078,1.2709,11433200000
1152711000000,1.27089,1.27098,1.27036,1.27066,11577500000
1152711900000,1.27064,1.27071,1.2691,1.27006,11350600000
1152712800000,1.27008,1.27015,1.26768,1.26851,13034300000
1152713700000,1.26871,1.26927,1.26807,1.26892,11593700000
1152714600000,1.26884,1.26954,1.26881,1.26907,10741100000
1152715500000,1.26894,1.26907,1.26808,1.26848,11942800000
1152716400000,1.26865,1.26953,1.26857,1.26886,10119700000
1152717300000,1.26878,1.26907,1.26852,1.26897,11799900000
1152718200000,1.26905,1.27009,1.26879,1.26922,12281900000
1152719100000,1.26931,1.2705,1.26903,1.27038,11253900000
1152720000000,1.27017,1.27102,1.26983,1.27022,154708000000
1152720900000,1.27025,1.27063,1.27002,1.27017,122751600000
1152721800000,1.27016,1.2705,1.26904,1.26916,88231100000
1152722700000,1.2691,1.26983,1.26897,1.26955,69608600000
1152723600000,1.26956,1.27059,1.26946,1.27002,55973900000
1152724500000,1.27005,1.27011,1.26856,1.2689,50026400000
1152725400000,1.2689,1.2692,1.26854,1.26919,53112400000
1152726300000,1.26923,1.26936,1.26877,1.26926,45400900000
1152727200000,1.2693,1.26978,1.26896,1.26901,33985700000
1152728100000,1.26898,1.26925,1.26883,1.26905,34159200000
1152729000000,1.26905,1.26983,1.26902,1.26975,72751000000
1152729900000,1.26969,1.27001,1.26935,1.26973,80996800000
1152730800000,1.26969,1.26988,1.26939,1.2698,49001900000
1152731700000,1.26985,1.26997,1.26954,1.2698,45466700000
1152732600000,1.26982,1.27003,1.26965,1.26985,32248900000
1152733500000,1.26977,1.27002,1.26973,1.26994,30890900000
1152734400000,1.2699,1.26997,1.26963,1.26979,27259100000
1152735300000,1.26971,1.26993,1.2694,1.26981,21092300000
1152736200000,1.26976,1.27005,1.26953,1.26986,27636100000
1152737100000,1.26993,1.27035,1.26961,1.27005,21206200000
1152738000000,1.26958,1.27035,1.26958,1.26982,12086300000
1152738900000,1.26998,1.27014,1.26939,1.26995,10776500000
1152739800000,1.26983,1.27001,1.26938,1.26976,12193500000
1152740700000,1.26972,1.27018,1.26864,1.26874,10980100000
1152741600000,1.2688,1.27017,1.2688,1.26998,10787000000
1152742500000,1.27015,1.2703,1.27,1.27022,11629900000
1152743400000,1.27029,1.27056,1.27011,1.2704,10907700000
1152744300000,1.27026,1.27095,1.27019,1.27074,11326800000
1152745200000,1.27103,1.2712,1.2705,1.27073,12394700000
1152746100000,1.27072,1.27084,1.27001,1.2705,10301800000
1152747000000,1.27055,1.27074,1.2703,1.27065,10153800000
1152747900000,1.27061,1.27061,1.2695,1.26978,12153300000
1152748800000,1.26957,1.26996,1.26955,1.26989,12260200000
1152749700000,1.26971,1.26993,1.26946,1.26956,10085400000
1152750600000,1.26969,1.27044,1.26959,1.27037,11042600000
1152751500000,1.27041,1.27058,1.27006,1.27023,11496800000
1152752400000,1.27033,1.27113,1.2702,1.27106,12402100000
1152753300000,1.27113,1.27122,1.27041,1.27062,10392900000
1152754200000,1.27071,1.27158,1.27066,1.27137,13138700000
1152755100000,1.27124,1.27177,1.27109,1.27152,12321400000
1152756000000,1.27149,1.27209,1.27117,1.27141,11814800000
1152756900000,1.27126,1.27134,1.27087,1.27126,11206500000
1152757800000,1.27118,1.27132,1.27098,1.27125,12119100000
1152758700000,1.27119,1.27149,1.27103,1.27117,11546800000
1152759600000,1.2711,1.27125,1.27074,1.27083,11320000000
1152760500000,1.27093,1.27108,1.27054,1.27065,10212200000
1152761400000,1.27065,1.27108,1.27032,1.27089,13648500000
1152762300000,1.27103,1.27118,1.27067,1.27097,11054500000
1152763200000,1.27107,1.27126,1.27091,1.27103,11507300000
1152764100000,1.27113,1.27133,1.27058,1.27074,12850200000
1152765000000,1.27064,1.27111,1.27056,1.27091,9206300000
1152765900000,1.27083,1.27119,1.2705,1.2711,10933900000
1152766800000,1.27108,1.2713,1.27091,1.27107,10100900000
1152767700000,1.27095,1.27125,1.27079,1.27101,10602200000
1152768600000,1.27107,1.27162,1.2709,1.27152,10651700000
1152769500000,1.27148,1.2717,1.27087,1.27117,10115100000
1152770400000,1.27105,1.27142,1.27099,1.27113,11359600000
1152771300000,1.27123,1.2713,1.27044,1.27078,11849600000
1152772200000,1.2708,1.27111,1.2698,1.26998,10974800000
1152773100000,1.27004,1.27115,1.26985,1.27115,11271400000
1152774000000,1.27133,1.27284,1.27113,1.27265,11921400000
1152774900000,1.27259,1.2727,1.27116,1.27175,11524400000
1152775800000,1.27175,1.27279,1.27167,1.27238,11139600000
1152776700000,1.2726,1.27272,1.2717,1.27183,11568000000
1152777600000,1.27192,1.2725,1.2715,1.27157,11511900000
1152778500000,1.27162,1.27227,1.27112,1.27208,10237900000
1152779400000,1.27196,1.27265,1.27177,1.2721,10944700000
1152780300000,1.27208,1.27225,1.27148,1.27155,9535400000
1152781200000,1.27166,1.27216,1.27074,1.27115,10607900000
1152782100000,1.27122,1.27174,1.27109,1.27133,10221500000
1152783000000,1.27145,1.27167,1.27118,1.27153,12001300000
1152783900000,1.27143,1.27154,1.26997,1.2702,11306800000
1152784800000,1.27017,1.27029,1.26912,1.26962,9937800000
1152785700000,1.26965,1.26991,1.26948,1.26963,10354500000
1152786600000,1.26967,1.26985,1.26898,1.26923,11679800000
1152787500000,1.2692,1.26962,1.26857,1.26861,9886000000
1152788400000,1.26862,1.26914,1.26862,1.26888,10421800000
1152789300000,1.26889,1.26915,1.26823,1.2683,11365200000
1152790200000,1.26846,1.26952,1.26833,1.26952,11505900000
1152791100000,1.26954,1.26957,1.26898,1.2691,10666000000
1152792000000,1.26914,1.26968,1.26897,1.26905,9486300000
1152792900000,1.26908,1.26924,1.26857,1.26877,10538600000
1152793800000,1.26898,1.27098,1.2689,1.27057,11378400000
1152794700000,1.2705,1.271,1.26973,1.27006,11698200000
1152795600000,1.27,1.27047,1.2695,1.27047,10798900000
1152796500000,1.27031,1.27176,1.27018,1.27159,12074700000
1152797400000,1.27163,1.27182,1.27033,1.2705,12085900000
1152798300000,1.27061,1.27103,1.27032,1.27065,10531700000
1152799200000,1.27064,1.27212,1.27057,1.27162,11529900000
1152800100000,1.27148,1.27157,1.27043,1.27068,12518200000
1152801000000,1.27073,1.27084,1.26932,1.26933,11822300000
1152801900000,1.26941,1.26957,1.26868,1.26922,11584400000
1152802800000,1.26923,1.26926,1.26776,1.26808,10510500000
1152803700000,1.26818,1.26821,1.26644,1.26762,11553200000
1152804600000,1.26763,1.26783,1.26697,1.26702,12167500000
1152805500000,1.26686,1.26739,1.26642,1.26703,11511300000
1152806400000,1.26689,1.26831,1.26681,1.26809,154793300000
1152807300000,1.26803,1.26837,1.26713,1.26717,122693200000
1152808200000,1.26709,1.26772,1.26696,1.26755,90244300000
1152809100000,1.26757,1.26797,1.26744,1.26784,69887200000
1152810000000,1.26793,1.2684,1.2674,1.26763,53801500000
1152810900000,1.26766,1.26883,1.2675,1.26857,49004300000
1152811800000,1.2686,1.269,1.26841,1.26885,52806400000
1152812700000,1.26886,1.26886,1.26778,1.26797,44757600000
1152813600000,1.26798,1.26844,1.26749,1.26837,34246100000
1152814500000,1.26842,1.26896,1.26806,1.26883,34275100000
1152815400000,1.26881,1.26928,1.26853,1.26903,73401300000
1152816300000,1.26898,1.2701,1.26868,1.26934,82222700000
1152817200000,1.26929,1.26948,1.26895,1.26933,49239000000
1152818100000,1.26937,1.26937,1.26844,1.26885,46477400000
1152819000000,1.26882,1.26909,1.26871,1.26888,31841200000
1152819900000,1.26882,1.26915,1.26869,1.2689,29917100000
1152820800000,1.26888,1.26911,1.26847,1.26911,25919700000
1152821700000,1.26902,1.26923,1.26869,1.26887,21518600000
1152822600000,1.26881,1.26897,1.26851,1.26892,28120300000
1152823500000,1.26898,1.2693,1.26853,1.26884,19882500000
1152824400000,1.26811,1.2691,1.26811,1.26867,12068100000
1152825300000,1.26897,1.26928,1.26848,1.2692,11442400000
1152826200000,1.26922,1.26923,1.26869,1.26895,11965200000
1152827100000,1.26887,1.26919,1.26875,1.26902,10696800000
1152828000000,1.26905,1.26912,1.26876,1.26885,10511300000
1152828900000,1.26897,1.26904,1.2686,1.26863,10820600000
1152829800000,1.26851,1.26905,1.26848,1.26901,11021500000
1152830700000,1.26893,1.26961,1.26887,1.26927,10538400000
1152831600000,1.2692,1.26948,1.269,1.26938,11200800000
1152832500000,1.26928,1.26944,1.26895,1.26901,9836600000
1152833400000,1.26899,1.26927,1.26879,1.2692,10361700000
1152834300000,1.26918,1.26924,1.26878,1.269,11516600000
1152835200000,1.2688,1.26901,1.26821,1.26866,12372400000
1152836100000,1.26854,1.26895,1.26839,1.26857,10694700000
1152837000000,1.26838,1.26868,1.26835,1.26852,10757500000
1152837900000,1.26849,1.26868,1.26736,1.26745,10929800000
1152838800000,1.2676,1.26795,1.2673,1.26777,12554400000
1152839700000,1.26761,1.2677,1.26673,1.26738,10246900000
1152840600000,1.26733,1.2678,1.26713,1.2678,12557500000
1152841500000,1.26771,1.26803,1.26745,1.26775,11921000000
1152842400000,1.26771,1.26814,1.26723,1.26743,13597700000
1152843300000,1.26745,1.2682,1.26726,1.26789,9747300000
1152844200000,1.2679,1.26805,1.26739,1.26762,11184000000
1152845100000,1.26759,1.26771,1.26727,1.26746,11606400000
1152846000000,1.26735,1.26774,1.26718,1.26754,10658800000
1152846900000,1.26758,1.26778,1.26739,1.26756,11300600000
1152847800000,1.2675,1.26787,1.26729,1.26735,12129200000
1152848700000,1.26729,1.26813,1.2671,1.26777,11952800000
1152849600000,1.26779,1.2685,1.26765,1.26834,12426700000
1152850500000,1.26852,1.26912,1.26842,1.26901,12863700000
1152851400000,1.26886,1.26906,1.26811,1.26832,9886100000
1152852300000,1.26825,1.26843,1.26786,1.26817,11150400000
1152853200000,1.26814,1.26822,1.26745,1.2677,10146100000
1152854100000,1.26766,1.26848,1.26761,1.26804,11220100000
1152855000000,1.26812,1.26895,1.268,1.26882,10261900000
1152855900000,1.26865,1.26905,1.26844,1.26905,10559800000
1152856800000,1.26895,1.26912,1.26774,1.26794,11246700000
1152857700000,1.26781,1.26825,1.26489,1.26545,12121900000
1152858600000,1.26557,1.2664,1.26511,1.26555,12104500000
1152859500000,1.26551,1.26605,1.2653,1.26587,10418200000
1152860400000,1.26593,1.26605,1.26465,1.26573,10642300000
1152861300000,1.26558,1.2663,1.26529,1.26624,11061000000
1152862200000,1.26624,1.26691,1.26567,1.26632,10572700000
1152863100000,1.26638,1.26738,1.26607,1.26711,11717100000
1152864000000,1.2669,1.26754,1.26674,1.26705,10633000000
1152864900000,1.26689,1.26697,1.26601,1.26624,10545800000
1152865800000,1.26634,1.26758,1.266,1.2675,10175400000
1152866700000,1.26746,1.26817,1.26721,1.26762,10104400000
1152867600000,1.26759,1.26781,1.26731,1.26731,9468000000
1152868500000,1.26736,1.26857,1.26726,1.26764,11866600000
1152869400000,1.26772,1.26779,1.26668,1.26694,12778200000
1152870300000,1.26691,1.26708,1.26656,1.26676,11814800000
1152871200000,1.26678,1.26741,1.26669,1.26722,10921900000
1152872100000,1.26715,1.2679,1.26703,1.26748,10163700000
1152873000000,1.26752,1.26783,1.26675,1.2668,11586200000
1152873900000,1.26681,1.26698,1.26631,1.26649,11354500000
1152874800000,1.26651,1.26679,1.26612,1.26622,10103700000
1152875700000,1.26616,1.26666,1.26586,1.26651,12215700000
1152876600000,1.26665,1.26721,1.26617,1.26707,10939600000
1152877500000,1.26691,1.26709,1.26631,1.26651,10500900000
1152878400000,1.26663,1.2672,1.26618,1.26652,10761500000
1152879300000,1.26645,1.26737,1.26599,1.26613,10354300000
1152880200000,1.266,1.26838,1.26541,1.2679,12669100000
1152881100000,1.26779,1.26779,1.26537,1.26537,11658700000
1152882000000,1.26529,1.26588,1.26452,1.26525,10623000000
1152882900000,1.26512,1.26575,1.26472,1.2652,11926600000
1152883800000,1.26525,1.26601,1.26507,1.26558,11761200000
1152884700000,1.26562,1.26622,1.26278,1.26297,10975400000
1152885600000,1.26285,1.26406,1.26263,1.26398,12689100000
1152886500000,1.26406,1.2643,1.26347,1.264,10471700000
1152887400000,1.26389,1.26426,1.26349,1.26368,11797300000
1152888300000,1.2636,1.26361,1.26297,1.26321,10455000000
1152889200000,1.26328,1.26414,1.2632,1.26414,10123100000
1152890100000,1.26427,1.2648,1.26402,1.26429,11793100000
1152891000000,1.26425,1.26464,1.26408,1.26408,12519400000
1152891900000,1.26425,1.26425,1.26347,1.26391,10463600000
1152892800000,1.26387,1.26428,1.26363,1.26383,151328400000
1152893700000,1.26388,1.264,1.26331,1.26353,123341200000
1152894600000,1.2635,1.26405,1.26334,1.26383,89155300000
1152895500000,1.26375,1.26412,1.26362,1.26388,66916700000
1152896400000,1.26395,1.26444,1.26373,1.26434,55286900000
1152897300000,1.26439,1.26456,1.26379,1.26452,50486200000
1152898200000,1.26451,1.26479,1.26434,1.26466,54415000000
1152899100000,1.26468,1.26481,1.26382,1.26422,43827200000
1152900000000,1.26412,1.26429,1.26378,1.26393,34308600000
1152900900000,1.26397,1.26403,1.26364,1.2638,34975100000
1152901800000,1.26392,1.26517,1.2637,1.26517,74414700000
1152902700000,1.26524,1.26524,1.26456,1.2651,78811100000
1152903600000,1.26511,1.26532,1.26476,1.2649,50544400000
1152904500000,1.265,1.26516,1.26449,1.26489,45365600000
1152905400000,1.26483,1.26496,1.26414,1.26436,32199800000
1152906300000,1.26431,1.26462,1.26399,1.26447,30605300000
1152907200000,1.26459,1.2647,1.2643,1.26455,25806900000
1152908100000,1.26452,1.26503,1.26452,1.26476,22029700000
1152909000000,1.26479,1.26513,1.26445,1.26496,26133800000
1152909900000,1.26487,1.26528,1.26417,1.26433,20771100000
1153083600000,1.26433,1.26561,1.26433,1.26456,12476500000
1153084500000,1.2647,1.26509,1.2637,1.26409,12707700000
1153085400000,1.26387,1.26408,1.26287,1.26303,11672800000
1153086300000,1.26307,1.26333,1.26249,1.26277,12020700000
1153087200000,1.2631,1.26354,1.2631,1.26335,11258600000
1153088100000,1.26342,1.26439,1.26327,1.26427,11991600000
1153089000000,1.26424,1.26429,1.26377,1.26409,11260000000
1153089900000,1.26404,1.26417,1.2635,1.26357,9744700000
1153090800000,1.26343,1.26371,1.26331,1.26356,11447400000
1153091700000,1.26353,1.26364,1.26279,1.26306,11477400000
1153092600000,1.26307,1.26348,1.26293,1.26339,11176200000
1153093500000,1.26341,1.26356,1.263,1.2631,11902900000
1153094400000,1.26305,1.2636,1.26289,1.26308,11901900000
1153095300000,1.26306,1.26335,1.2628,1.26328,11186500000
1153096200000,1.26326,1.2634,1.26303,1.26325,10352700000
1153097100000,1.26327,1.26357,1.26307,1.26349,11298800000
1153098000000,1.26345,1.2635,1.26296,1.26312,12628200000
1153098900000,1.26311,1.26333,1.26297,1.2633,10486400000
1153099800000,1.26315,1.26341,1.2629,1.2633,11279900000
1153100700000,1.26319,1.26326,1.26292,1.2631,11630200000
1153101600000,1.26306,1.26313,1.26249,1.26274,12788400000
1153102500000,1.26275,1.26283,1.262,1.26226,10564000000
1153103400000,1.2622,1.26241,1.26194,1.2621,11261300000
1153104300000,1.26221,1.26233,1.26194,1.26202,11675700000
1153105200000,1.26218,1.26267,1.26196,1.26252,10490900000
1153106100000,1.26251,1.26263,1.26218,1.26224,9404500000
1153107000000,1.2623,1.26233,1.26188,1.26212,12107600000
1153107900000,1.262,1.26226,1.26191,1.26206,10381100000
1153108800000,1.26218,1.26228,1.2619,1.26215,11552200000
1153109700000,1.26213,1.2622,1.26181,1.2621,12552300000
1153110600000,1.26199,1.26225,1.26173,1.26216,10563200000
1153111500000,1.26215,1.26237,1.26192,1.26232,11773400000
1153112400000,1.2623,1.26251,1.26192,1.26235,8956500000
1153113300000,1.26223,1.2626,1.26206,1.2625,9398500000
1153114200000,1.26245,1.26317,1.26227,1.26302,11224300000
1153115100000,1.2629,1.26334,1.26254,1.26267,10366000000
1153116000000,1.26267,1.26373,1.26246,1.26351,11273100000
1153116900000,1.26339,1.26404,1.26301,1.26354,12243200000
1153117800000,1.26358,1.26366,1.26285,1.26294,11085700000
1153118700000,1.26295,1.26334,1.26236,1.26247,10241300000
1153119600000,1.26255,1.26283,1.26216,1.26252,10190600000
1153120500000,1.2624,1.26339,1.2623,1.26324,11482900000
1153121400000,1.26317,1.26343,1.26252,1.26262,10086700000
1153122300000,1.26283,1.26291,1.26185,1.262,11481200000
1153123200000,1.26185,1.262,1.25888,1.25904,11894400000
1153124100000,1.25859,1.25885,1.25734,1.25756,11296600000
1153125000000,1.25763,1.25767,1.25555,1.25595,10932900000
1153125900000,1.25605,1.25648,1.25521,1.25521,9286100000
1153126800000,1.25528,1.25579,1.25517,1.25561,9084200000
1153127700000,1.25571,1.25617,1.25367,1.25368,10535800000
1153128600000,1.25376,1.25376,1.2527,1.25296,12087700000
1153129500000,1.25313,1.25348,1.25292,1.25319,11540800000
1153130400000,1.25334,1.25395,1.25257,1.2538,10586100000
1153131300000,1.25407,1.25477,1.25335,1.25341,10951700000
1153132200000,1.25332,1.25412,1.25292,1.25395,10922400000
1153133100000,1.25384,1.25427,1.25328,1.25329,10909000000
1153134000000,1.25328,1.25385,1.25317,1.25317,10501100000
1153134900000,1.25299,1.25429,1.25286,1.25395,11764000000
1153135800000,1.25394,1.254,1.25339,1.25387,10064200000
1153136700000,1.25398,1.25427,1.25331,1.2535,10916900000
1153137600000,1.25343,1.25455,1.25327,1.25391,11351800000
1153138500000,1.25398,1.2542,1.25308,1.25323,10962500000
1153139400000,1.25335,1.25367,1.25184,1.25213,12279600000
1153140300000,1.25215,1.25284,1.25208,1.25268,12156200000
1153141200000,1.25278,1.25321,1.252,1.25303,10767300000
1153142100000,1.25272,1.25289,1.25139,1.25179,11899700000
1153143000000,1.25206,1.25376,1.25201,1.25323,12595700000
1153143900000,1.25317,1.25384,1.25266,1.25366,10424400000
1153144800000,1.25364,1.2542,1.25291,1.253,11244800000
1153145700000,1.25288,1.25302,1.25171,1.25271,10406500000
1153146600000,1.2527,1.25276,1.25211,1.2526,9474100000
1153147500000,1.25233,1.25259,1.25097,1.2518,10392000000
1153148400000,1.25168,1.25309,1.25167,1.25233,10086100000
1153149300000,1.25232,1.2527,1.25197,1.25259,10933800000
1153150200000,1.2526,1.25274,1.25179,1.25183,11573000000
1153151100000,1.25184,1.25282,1.25176,1.2527,11821300000
1153152000000,1.25258,1.25278,1.25215,1.25251,156024100000
1153152900000,1.25252,1.25278,1.25227,1.2526,121732500000
1153153800000,1.25251,1.25289,1.25241,1.25251,89874500000
1153154700000,1.25243,1.25276,1.25216,1.25226,70316300000
1153155600000,1.25221,1.25241,1.25208,1.25216,57730000000
1153156500000,1.25218,1.25233,1.25185,1.25197,49980000000
1153157400000,1.25193,1.25199,1.25139,1.25166,54139100000
1153158300000,1.25175,1.25216,1.2517,1.25195,43465200000
1153159200000,1.25196,1.25226,1.25175,1.25208,34068900000
1153160100000,1.25216,1.2523,1.2518,1.25196,34088000000
1153161000000,1.25201,1.25218,1.25144,1.2517,73149300000
1153161900000,1.25176,1.25236,1.25155,1.25217,79187600000
1153162800000,1.2522,1.25252,1.25194,1.2523,51685800000
1153163700000,1.25226,1.25235,1.25192,1.25223,45571900000
1153164600000,1.25215,1.2522,1.25162,1.25183,31124700000
1153165500000,1.25176,1.25232,1.25176,1.25197,30743300000
1153166400000,1.25194,1.25219,1.25168,1.25193,26144700000
1153167300000,1.2517,1.2519,1.25143,1.25151,22251700000
1153168200000,1.25136,1.25156,1.25084,1.25119,27282200000
1153169100000,1.25116,1.25176,1.25076,1.25158,21034300000
1153170000000,1.25092,1.25196,1.25092,1.25164,11702900000
1153170900000,1.25175,1.25218,1.25144,1.25174,11354900000
1153171800000,1.25178,1.25203,1.25147,1.25166,11584600000
1153172700000,1.25175,1.25204,1.2515,1.25163,11723900000
1153173600000,1.25179,1.2519,1.251,1.25108,10736900000
1153174500000,1.25122,1.25135,1.25097,1.25135,11029100000
1153175400000,1.25126,1.25145,1.25103,1.25125,12801100000
1153176300000,1.25123,1.25151,1.25109,1.25128,10986800000
1153177200000,1.25111,1.25154,1.25103,1.25129,11637000000
1153178100000,1.25126,1.25172,1.25116,1.25166,10612500000
1153179000000,1.2517,1.25203,1.25142,1.2518,11570300000
1153179900000,1.25187,1.25212,1.25153,1.25205,11922900000
1153180800000,1.2519,1.25244,1.25189,1.25216,11734400000
1153181700000,1.25213,1.25261,1.25207,1.25253,12391900000
1153182600000,1.25238,1.2526,1.25209,1.25231,11629800000
1153183500000,1.25238,1.2524,1.25135,1.2515,11204200000
1153184400000,1.2516,1.25238,1.25142,1.25231,12276800000
1153185300000,1.25225,1.25258,1.25202,1.2524,11870100000
1153186200000,1.25229,1.25243,1.25177,1.25239,12783900000
1153187100000,1.25222,1.25266,1.25214,1.25232,11400500000
1153188000000,1.25219,1.2526,1.25219,1.25245,12520800000
1153188900000,1.25243,1.25288,1.25226,1.25276,9879700000
1153189800000,1.25272,1.25288,1.25239,1.25264,12208600000
1153190700000,1.25265,1.25278,1.25218,1.25253,12213100000
1153191600000,1.25257,1.25306,1.25242,1.25297,10501100000
1153192500000,1.25291,1.253,1.25219,1.25237,10163800000
1153193400000,1.25248,1.25261,1.25207,1.25237,12493700000
1153194300000,1.25252,1.25288,1.25235,1.25265,10964800000
1153195200000,1.25285,1.25301,1.25254,1.25269,11303800000
1153196100000,1.25268,1.2528,1.25224,1.2525,12949900000
1153197000000,1.25234,1.25253,1.25218,1.25238,12093500000
1153197900000,1.25234,1.25248,1.25208,1.25247,11026600000
1153198800000,1.25233,1.25277,1.25229,1.2527,11012800000
1153199700000,1.25271,1.25279,1.25235,1.25244,10679000000
1153200600000,1.25256,1.25264,1.25225,1.2523,10764700000
1153201500000,1.25231,1.25253,1.25207,1.25232,9436500000
1153202400000,1.25224,1.25351,1.25213,1.25269,11731200000
1153203300000,1.25271,1.25293,1.25219,1.25265,10449400000
1153204200000,1.25261,1.25334,1.25247,1.25314,11902100000
1153205100000,1.25334,1.25405,1.25329,1.25333,10906300000
1153206000000,1.25357,1.25446,1.2526,1.25423,10983000000
1153206900000,1.25423,1.25465,1.25361,1.25413,11457700000
1153207800000,1.25405,1.25433,1.25377,1.25392,10063700000
1153208700000,1.25395,1.25414,1.25332,1.25364,11378700000
1153209600000,1.25352,1.25396,1.25324,1.25345,10305100000
1153210500000,1.25335,1.25352,1.25296,1.25331,11581300000
1153211400000,1.25343,1.25361,1.25297,1.25342,10256700000
1153212300000,1.25338,1.25352,1.25235,1.25251,11038400000
1153213200000,1.25224,1.25224,1.24982,1.25118,10430700000
1153214100000,1.25116,1.25153,1.2507,1.25071,9705600000
1153215000000,1.2509,1.25171,1.25052,1.25152,11846700000
1153215900000,1.25142,1.25224,1.2512,1.25169,10859400000
1153216800000,1.25148,1.25256,1.25119,1.25247,11068200000
1153217700000,1.25245,1.25385,1.25237,1.25361,9918900000
1153218600000,1.25355,1.25543,1.25317,1.25486,12991800000
1153219500000,1.25491,1.25506,1.25333,1.25338,9855200000
1153220400000,1.25342,1.25372,1.25305,1.25345,10532100000
1153221300000,1.25346,1.25435,1.25346,1.25393,12605900000
1153222200000,1.25408,1.25418,1.25265,1.25272,11382600000
1153223100000,1.25278,1.25316,1.25233,1.2525,10273700000
1153224000000,1.2527,1.25357,1.25263,1.25296,11757000000
1153224900000,1.25295,1.25327,1.25056,1.25288,11482100000
1153225800000,1.25299,1.25403,1.25009,1.25319,11784800000
1153226700000,1.253,1.25379,1.2528,1.2535,12589200000
1153227600000,1.25346,1.25502,1.25248,1.25435,11023800000
1153228500000,1.25442,1.25571,1.2534,1.2534,11517400000
1153229400000,1.2536,1.25388,1.25276,1.25325,12103200000
1153230300000,1.25316,1.25316,1.25104,1.25167,10364500000
1153231200000,1.25164,1.25176,1.25042,1.25099,13181100000
1153232100000,1.25087,1.25094,1.24909,1.24945,10351700000
1153233000000,1.24947,1.24951,1.24791,1.24857,11731200000
1153233900000,1.2485,1.24926,1.24755,1.2491,11834600000
1153234800000,1.24893,1.24939,1.24828,1.249,10082000000
1153235700000,1.24909,1.24938,1.24871,1.24925,11957700000
1153236600000,1.24917,1.25079,1.24917,1.24985,11643300000
1153237500000,1.25004,1.25011,1.24921,1.24978,10907200000
1153238400000,1.2497,1.25096,1.24953,1.25049,155373300000
1153239300000,1.2506,1.25067,1.24996,1.25013,125121100000
1153240200000,1.25022,1.25047,1.24879,1.24887,89053500000
1153241100000,1.24883,1.24946,1.24875,1.24932,70731100000
1153242000000,1.24917,1.25023,1.24916,1.24955,54430100000
1153242900000,1.24961,1.25056,1.2494,1.2503,49516200000
1153243800000,1.25025,1.25039,1.24981,1.25012,53818900000
1153244700000,1.25018,1.25021,1.24936,1.24951,43887600000
1153245600000,1.24952,1.2496,1.24874,1.24901,33877400000
1153246500000,1.24891,1.25017,1.24875,1.2501,34834500000
1153247400000,1.2501,1.25099,1.24999,1.25078,72257600000
1153248300000,1.25078,1.25108,1.25034,1.25081,79778600000
1153249200000,1.25072,1.25083,1.25015,1.2504,50313600000
1153250100000,1.25035,1.25067,1.25016,1.25044,45628600000
1153251000000,1.25035,1.25068,1.25014,1.25056,30895500000
1153251900000,1.25059,1.2509,1.25044,1.25067,30343800000
1153252800000,1.25071,1.25076,1.25036,1.25055,26673100000
1153253700000,1.25044,1.25057,1.24985,1.25013,23168000000
1153254600000,1.25,1.25032,1.24977,1.25023,26706000000
1153255500000,1.25029,1.25037,1.24971,1.25025,20748400000
1153256400000,1.24995,1.25064,1.24953,1.25013,13023800000
1153257300000,1.25007,1.25082,1.24965,1.25039,11543900000
1153258200000,1.25037,1.25059,1.24962,1.25024,12719100000
1153259100000,1.25025,1.25064,1.25012,1.25036,11682400000
1153260000000,1.25042,1.25064,1.24972,1.24989,10754000000
1153260900000,1.24994,1.25028,1.24974,1.25019,11219400000
1153261800000,1.25013,1.25025,1.24972,1.25011,10615700000
1153262700000,1.25,1.25015,1.24967,1.24986,10797500000
1153263600000,1.2498,1.24993,1.24957,1.24985,12262700000
1153264500000,1.24988,1.25029,1.2496,1.24978,11808000000
1153265400000,1.24993,1.25003,1.24957,1.24978,11499500000
1153266300000,1.24981,1.25011,1.24953,1.24983,10516700000
1153267200000,1.24968,1.24978,1.24904,1.24937,12829900000
1153268100000,1.24937,1.24956,1.24888,1.24898,11126800000
1153269000000,1.2489,1.24906,1.24808,1.24856,12036600000
1153269900000,1.24857,1.24868,1.24791,1.24794,11366200000
1153270800000,1.24797,1.24834,1.2477,1.24799,12620500000
1153271700000,1.24794,1.24862,1.24785,1.24841,11501200000
1153272600000,1.2483,1.24857,1.2476,1.24812,13856100000
1153273500000,1.24805,1.24849,1.24792,1.24844,10994900000
1153274400000,1.24841,1.24876,1.24821,1.24862,12904600000
1153275300000,1.24864,1.24923,1.24853,1.24914,11100100000
1153276200000,1.24915,1.24926,1.24881,1.24905,12573500000
1153277100000,1.249,1.24953,1.24875,1.2493,12354300000
1153278000000,1.24931,1.24992,1.24918,1.2497,11049300000
1153278900000,1.24971,1.25011,1.24945,1.24958,11428700000
1153279800000,1.24963,1.25009,1.24961,1.25005,12247900000
1153280700000,1.25001,1.25016,1.24957,1.24965,10853000000
1153281600000,1.24973,1.2498,1.24945,1.24962,10948000000
1153282500000,1.24959,1.2497,1.24923,1.24955,12633200000
1153283400000,1.24943,1.24992,1.24925,1.24987,10421400000
1153284300000,1.24984,1.24988,1.2492,1.24973,12301800000
1153285200000,1.24957,1.24972,1.24911,1.24918,9474000000
1153286100000,1.24919,1.24949,1.24914,1.24923,10929400000
1153287000000,1.24932,1.24955,1.24915,1.2494,10865100000
1153287900000,1.24926,1.24977,1.24915,1.24928,11199300000
1153288800000,1.24921,1.24968,1.24848,1.24957,10569000000
1153289700000,1.24966,1.2505,1.24923,1.24985,12304700000
1153290600000,1.24976,1.25087,1.24973,1.2502,11356900000
1153291500000,1.2503,1.25065,1.24974,1.2499,10884700000
1153292400000,1.25005,1.25054,1.24987,1.25034,10757000000
1153293300000,1.25027,1.25063,1.24893,1.24932,11458200000
1153294200000,1.24929,1.24953,1.24895,1.24935,12027000000
1153295100000,1.24941,1.24945,1.24845,1.24871,11011300000
1153296000000,1.24866,1.24912,1.24804,1.24899,11985700000
1153296900000,1.24913,1.25064,1.24876,1.25025,10592100000
1153297800000,1.25017,1.2503,1.24859,1.24903,11298200000
1153298700000,1.24902,1.24968,1.24895,1.24936,11003300000
1153299600000,1.24944,1.24986,1.24921,1.24968,10351000000
1153300500000,1.24964,1.25026,1.24953,1.2497,9885000000
1153301400000,1.2499,1.25045,1.24972,1.24996,10260600000
1153302300000,1.24982,1.25054,1.24973,1.2498,12225700000
1153303200000,1.24968,1.25025,1.24965,1.24988,11198200000
1153304100000,1.24998,1.25009,1.24942,1.24959,10963700000
1153305000000,1.24947,1.24962,1.24914,1.24942,11480900000
1153305900000,1.24947,1.24983,1.24923,1.24963,11093200000
1153306800000,1.24959,1.24993,1.24943,1.24957,10757800000
1153307700000,1.24971,1.24976,1.24862,1.24881,11289000000
1153308600000,1.24893,1.24928,1.24823,1.2485,12098200000
1153309500000,1.24872,1.2493,1.24857,1.24921,11339800000
1153310400000,1.24924,1.24956,1.24809,1.24818,11255200000
1153311300000,1.2481,1.2493,1.24735,1.24864,11009500000
1153312200000,1.24755,1.24838,1.24439,1.24804,12978400000
1153313100000,1.24803,1.24828,1.24626,1.24685,11926900000
1153314000000,1.24708,1.24739,1.24657,1.24726,10641600000
1153314900000,1.24724,1.24765,1.24658,1.24682,11061500000
1153315800000,1.24698,1.24803,1.24695,1.24803,12608100000
1153316700000,1.24802,1.24876,1.24742,1.24876,10139800000
1153317600000,1.24918,1.25712,1.24918,1.2556,13338400000
1153318500000,1.25573,1.25702,1.25529,1.25683,11320900000
1153319400000,1.25711,1.25771,1.25616,1.2567,10644400000
1153320300000,1.25655,1.25716,1.2561,1.25627,10976200000
1153321200000,1.25627,1.25642,1.25422,1.25535,10202300000
1153322100000,1.25531,1.2561,1.25523,1.25539,11962900000
1153323000000,1.25535,1.25666,1.2552,1.25547,12995500000
1153323900000,1.25565,1.2562,1.25526,1.25563,11218500000
1153324800000,1.25561,1.25602,1.25508,1.25565,155948300000
1153325700000,1.2558,1.25605,1.25547,1.25592,123568600000
1153326600000,1.2559,1.25746,1.25587,1.25725,90553200000
1153327500000,1.25717,1.2595,1.25717,1.25924,70433900000
1153328400000,1.25897,1.25929,1.25853,1.25859,57934000000
1153329300000,1.2586,1.26021,1.25844,1.25981,48217800000
1153330200000,1.25977,1.25986,1.25878,1.2596,56206200000
1153331100000,1.25961,1.26069,1.25956,1.26055,44444600000
1153332000000,1.26064,1.26071,1.25939,1.25942,34799100000
1153332900000,1.25939,1.26042,1.25926,1.25999,34702000000
1153333800000,1.26005,1.26035,1.25966,1.25985,74204400000
1153334700000,1.25987,1.26022,1.25956,1.2598,79740500000
1153335600000,1.2599,1.2601,1.25957,1.25988,50775500000
1153336500000,1.25998,1.25998,1.25936,1.25961,46148700000
1153337400000,1.25962,1.2597,1.2593,1.25949,31856600000
1153338300000,1.25942,1.25998,1.25936,1.25986,30256900000
1153339200000,1.25991,1.26002,1.25909,1.25924,25013900000
1153340100000,1.2592,1.25935,1.25895,1.2593,21240300000
1153341000000,1.2591,1.25933,1.25875,1.25909,25300100000
1153341900000,1.259,1.25908,1.25807,1.25832,20826600000
1153342800000,1.25829,1.25944,1.25788,1.25918,11848600000
1153343700000,1.25934,1.25943,1.25831,1.25881,11566900000
1153344600000,1.25894,1.25915,1.25852,1.25915,10553800000
1153345500000,1.25913,1.25927,1.25892,1.2591,11030200000
1153346400000,1.25912,1.25958,1.25886,1.25928,10670100000
1153347300000,1.25922,1.25933,1.25897,1.25915,10099200000
1153348200000,1.25912,1.25973,1.25886,1.25954,10311800000
1153349100000,1.25948,1.25968,1.2592,1.25953,9257600000
1153350000000,1.2596,1.25973,1.25908,1.25934,12544700000
1153350900000,1.25932,1.25951,1.25862,1.25893,11947800000
1153351800000,1.25891,1.25928,1.25877,1.25905,12335900000
1153352700000,1.25896,1.25965,1.25888,1.2595,10591700000
1153353600000,1.25934,1.26003,1.2592,1.25986,11682100000
1153354500000,1.25994,1.26008,1.25955,1.25997,10005600000
1153355400000,1.25993,1.26042,1.25987,1.26033,11517900000
1153356300000,1.26042,1.26045,1.25988,1.26032,11691100000
1153357200000,1.2604,1.2612,1.2603,1.26109,12976400000
1153358100000,1.26105,1.26169,1.26063,1.26152,11176300000
1153359000000,1.26137,1.26156,1.26087,1.26148,13609000000
1153359900000,1.26144,1.2615,1.26074,1.26088,11644500000
1153360800000,1.26082,1.26109,1.2603,1.26093,12431200000
1153361700000,1.2609,1.26108,1.26053,1.26103,10463300000
1153362600000,1.26099,1.26127,1.26074,1.26107,11648300000
1153363500000,1.26118,1.26118,1.26056,1.26078,12847000000
1153364400000,1.26083,1.2611,1.26064,1.26088,9788200000
1153365300000,1.26097,1.26113,1.26069,1.26089,9275600000
1153366200000,1.26096,1.26106,1.26064,1.26079,12802400000
1153367100000,1.26086,1.26104,1.26068,1.26085,10708300000
1153368000000,1.26095,1.261,1.26066,1.26087,10062300000
1153368900000,1.2609,1.26095,1.26053,1.26084,12170500000
1153369800000,1.26068,1.26085,1.26021,1.26054,10677600000
1153370700000,1.26053,1.26059,1.26009,1.26051,11414700000
1153371600000,1.26051,1.26113,1.26045,1.26088,11303900000
1153372500000,1.26089,1.26114,1.26042,1.2608,9918800000
1153373400000,1.26077,1.26098,1.25992,1.26007,10726000000
1153374300000,1.26017,1.26064,1.25997,1.26057,10237500000
1153375200000,1.26048,1.2606,1.25959,1.2597,10956500000
1153376100000,1.25985,1.26082,1.25965,1.2598,11857900000
1153377000000,1.25977,1.26004,1.25941,1.25958,13007200000
1153377900000,1.25955,1.26026,1.25932,1.26011,10095200000
1153378800000,1.26018,1.26026,1.25872,1.25909,12052200000
1153379700000,1.25918,1.25953,1.25894,1.25942,10779500000
1153380600000,1.25933,1.26041,1.25933,1.25988,11483400000
1153381500000,1.25992,1.26025,1.25937,1.2601,11210500000
1153382400000,1.26034,1.26059,1.25988,1.26008,12163900000
1153383300000,1.26025,1.26109,1.26019,1.26044,11975200000
1153384200000,1.26047,1.26069,1.25964,1.26042,10176300000
1153385100000,1.26048,1.26095,1.26039,1.26049,10572200000
1153386000000,1.26073,1.26079,1.26001,1.26053,10535000000
1153386900000,1.26051,1.26066,1.26018,1.26018,9474000000
1153387800000,1.26036,1.26047,1.26002,1.26017,12044600000
1153388700000,1.26033,1.26047,1.25995,1.26001,12525900000
1153389600000,1.26013,1.26077,1.26004,1.26075,11561500000
1153390500000,1.26056,1.26212,1.26022,1.26161,10792100000
1153391400000,1.26166,1.26277,1.26124,1.26239,11249400000
1153392300000,1.26239,1.26331,1.26229,1.26263,9838500000
1153393200000,1.2627,1.26381,1.26269,1.26348,12028600000
1153394100000,1.26327,1.26415,1.26316,1.26344,11859800000
1153395000000,1.2634,1.26405,1.2632,1.26373,10358500000
1153395900000,1.26371,1.26407,1.26346,1.26367,10549800000
1153396800000,1.26366,1.26442,1.26319,1.26406,11914100000
1153397700000,1.26422,1.26481,1.2633,1.2635,12169600000
1153398600000,1.26365,1.2643,1.26328,1.26374,10210800000
1153399500000,1.26303,1.26337,1.26257,1.26277,12043500000
1153400400000,1.26273,1.26348,1.26262,1.26317,11658100000
1153401300000,1.26306,1.26322,1.26221,1.26226,12047000000
1153402200000,1.26237,1.2632,1.26179,1.26306,12403200000
1153403100000,1.2631,1.26377,1.26289,1.26333,10888100000
1153404000000,1.26334,1.26501,1.26308,1.2646,12183200000
1153404900000,1.26449,1.26502,1.26372,1.26458,10594000000
1153405800000,1.26464,1.26502,1.26318,1.26395,10133900000
1153406700000,1.26385,1.26458,1.2634,1.26447,10093400000
1153407600000,1.26462,1.26479,1.26396,1.26417,9851200000
1153408500000,1.26414,1.2646,1.26278,1.26302,11449100000
1153409400000,1.26308,1.264,1.26302,1.26343,13101900000
1153410300000,1.26339,1.26383,1.26302,1.26346,11372100000
1153411200000,1.26347,1.26442,1.2629,1.26372,157193600000
1153412100000,1.26367,1.26367,1.26208,1.26221,122313300000
1153413000000,1.26213,1.26327,1.26196,1.26228,88567000000
1153413900000,1.26223,1.26272,1.2622,1.26259,69425500000
1153414800000,1.26265,1.26324,1.26252,1.26303,55190100000
1153415700000,1.26302,1.26326,1.26262,1.26265,50019900000
1153416600000,1.26269,1.263,1.26241,1.26256,54119400000
1153417500000,1.26264,1.26312,1.26244,1.26275,44549700000
1153418400000,1.26283,1.26465,1.26274,1.26455,34839100000
1153419300000,1.26451,1.26519,1.26366,1.26382,34698600000
1153420200000,1.26395,1.2642,1.26328,1.26367,71852500000
1153421100000,1.26363,1.2639,1.26342,1.26374,79771100000
1153422000000,1.26372,1.26387,1.26335,1.2636,51217900000
1153422900000,1.26355,1.26366,1.26324,1.26357,44583800000
1153423800000,1.26353,1.26369,1.26263,1.26297,32909000000
1153424700000,1.26297,1.26319,1.26278,1.26306,31799400000
1153425600000,1.26308,1.26359,1.26283,1.26342,25719900000
1153426500000,1.26353,1.26373,1.26336,1.26348,22584700000
1153427400000,1.26343,1.26363,1.26292,1.26299,25784100000
1153428300000,1.26299,1.26331,1.2622,1.26245,21002700000
1153429200000,1.26201,1.26289,1.262,1.26251,12184000000
1153430100000,1.2624,1.26278,1.26188,1.26238,11993100000
1153431000000,1.2623,1.26259,1.26198,1.26235,11738500000
1153431900000,1.26219,1.26266,1.26211,1.26245,12589600000
1153432800000,1.26258,1.26294,1.26232,1.26247,10105100000
1153433700000,1.26248,1.26279,1.2624,1.26271,12023200000
1153434600000,1.26269,1.26339,1.26257,1.26309,11713200000
1153435500000,1.26317,1.26324,1.26287,1.26299,9599400000
1153436400000,1.26287,1.26331,1.26287,1.26304,11660400000
1153437300000,1.26305,1.26314,1.26272,1.26301,10023200000
1153438200000,1.26298,1.26314,1.26255,1.26265,11387700000
1153439100000,1.26266,1.2634,1.26256,1.26315,11186800000
1153440000000,1.26312,1.26325,1.26281,1.26319,11952200000
1153440900000,1.26311,1.26333,1.26293,1.26325,10256600000
1153441800000,1.26312,1.26346,1.26295,1.26345,11799800000
1153442700000,1.26337,1.26368,1.26302,1.2634,11367400000
1153443600000,1.26349,1.26384,1.26338,1.26375,13076800000
1153444500000,1.26377,1.26377,1.26324,1.26338,11290200000
1153445400000,1.26338,1.26403,1.26325,1.26399,12373100000
1153446300000,1.26392,1.26431,1.2638,1.26425,10687600000
1153447200000,1.2642,1.26443,1.26396,1.26415,11605400000
1153448100000,1.26423,1.26448,1.26401,1.26436,11607600000
1153449000000,1.26434,1.26487,1.26434,1.26451,12360400000
1153449900000,1.26456,1.26465,1.26413,1.26431,12521100000
1153450800000,1.26427,1.26451,1.26417,1.26435,9374400000
1153451700000,1.26435,1.2647,1.26414,1.26445,10395200000
1153452600000,1.26452,1.26469,1.26426,1.26438,12780500000
1153453500000,1.2644,1.2646,1.26423,1.26436,10343200000
1153454400000,1.2645,1.26457,1.26427,1.26447,12053600000
1153455300000,1.26451,1.26468,1.26426,1.26431,12060100000
1153456200000,1.26429,1.26456,1.26402,1.26453,8655100000
1153457100000,1.26451,1.26459,1.26416,1.26456,10978300000
1153458000000,1.26444,1.26462,1.26424,1.26437,10460400000
1153458900000,1.26442,1.26453,1.26421,1.26425,9376500000
1153459800000,1.26413,1.26441,1.26387,1.26403,10950000000
1153460700000,1.264,1.26428,1.26345,1.26357,9813300000
1153461600000,1.26357,1.26374,1.26292,1.26321,11277100000
1153462500000,1.26327,1.26338,1.26258,1.26328,10964600000
1153463400000,1.2633,1.2652,1.26325,1.26504,13214500000
1153464300000,1.26488,1.26497,1.26393,1.26422,10803300000
1153465200000,1.26424,1.26512,1.26366,1.265,10969400000
1153466100000,1.26544,1.2665,1.26529,1.26563,11692500000
1153467000000,1.26558,1.2667,1.2652,1.26639,11795600000
1153467900000,1.26656,1.26674,1.2656,1.26592,11964800000
1153468800000,1.26583,1.26674,1.26582,1.26622,12215700000
1153469700000,1.26625,1.26719,1.26622,1.26677,10676100000
1153470600000,1.26695,1.26781,1.26658,1.26693,10690200000
1153471500000,1.26694,1.26754,1.26638,1.26687,11180100000
1153472400000,1.2669,1.26707,1.26626,1.26631,10319000000
1153473300000,1.26621,1.26674,1.26592,1.26659,11126500000
1153474200000,1.26665,1.26687,1.26602,1.26607,10767100000
1153475100000,1.26603,1.2666,1.26568,1.26646,11148200000
1153476000000,1.26624,1.26649,1.26589,1.2663,11809800000
1153476900000,1.26617,1.26822,1.26589,1.26732,10133600000
1153477800000,1.26769,1.26795,1.26704,1.2674,12591400000
1153478700000,1.26732,1.26776,1.26711,1.26775,9383700000
1153479600000,1.26776,1.26785,1.2671,1.26749,11497700000
1153480500000,1.26769,1.26784,1.26716,1.26723,12068000000
1153481400000,1.26728,1.26766,1.26627,1.26663,10961400000
1153482300000,1.26675,1.26737,1.26655,1.26728,9575600000
1153483200000,1.2674,1.26825,1.2672,1.26771,10059300000
1153484100000,1.26776,1.26876,1.26753,1.26847,11831800000
1153485000000,1.26853,1.26867,1.2678,1.26803,12627400000
1153485900000,1.26798,1.26832,1.26749,1.26806,12118000000
1153486800000,1.26808,1.2688,1.26795,1.26846,11512400000
1153487700000,1.26846,1.26858,1.26781,1.2681,10984300000
1153488600000,1.26819,1.26831,1.26656,1.26718,12630800000
1153489500000,1.26705,1.26754,1.26673,1.26722,11811300000
1153490400000,1.26726,1.26848,1.26716,1.26754,12746700000
1153491300000,1.26748,1.26808,1.26719,1.26762,10819400000
1153492200000,1.26777,1.26828,1.26777,1.26801,9549000000
1153493100000,1.26805,1.26879,1.26778,1.26853,10061000000
1153494000000,1.26845,1.26892,1.26798,1.26805,10277000000
1153494900000,1.26812,1.26821,1.26729,1.26752,10675700000
1153495800000,1.26761,1.26806,1.2673,1.26739,10929800000
1153496700000,1.26767,1.26855,1.26767,1.2682,11467500000
1153497600000,1.26817,1.26839,1.26769,1.26815,157169500000
1153498500000,1.2681,1.26828,1.26749,1.26814,128360700000
1153499400000,1.26791,1.26818,1.26766,1.26796,91347900000
1153500300000,1.26787,1.26824,1.26783,1.26797,70172900000
1153501200000,1.26785,1.26834,1.26776,1.2681,55398900000
1153502100000,1.26822,1.26856,1.26817,1.26848,49729200000
1153503000000,1.26843,1.26876,1.26829,1.2686,52994500000
1153503900000,1.2687,1.26873,1.26831,1.2685,42585900000
1153504800000,1.26853,1.26941,1.26844,1.26852,33858500000
1153505700000,1.26841,1.26848,1.26795,1.26829,35520600000
1153506600000,1.26828,1.26864,1.26794,1.26856,73850900000
1153507500000,1.26855,1.2692,1.26843,1.26876,78295200000
1153508400000,1.26884,1.26931,1.2685,1.26893,50311200000
1153509300000,1.26903,1.26913,1.26869,1.26883,46401000000
1153510200000,1.26881,1.26939,1.26865,1.2693,32796900000
1153511100000,1.26937,1.26949,1.26907,1.26942,29621500000
1153512000000,1.2695,1.26952,1.26881,1.26909,26220200000
1153512900000,1.26904,1.26915,1.26872,1.269,20594400000
1153513800000,1.269,1.26921,1.26872,1.26902,26114600000
1153514700000,1.26925,1.26944,1.26863,1.26886,19539800000
1153688400000,1.27003,1.27094,1.26963,1.27013,12396000000
1153689300000,1.27022,1.27031,1.26936,1.26965,12019100000
1153690200000,1.26954,1.26974,1.26942,1.26959,12595000000
1153691100000,1.26959,1.27009,1.2694,1.26976,12543900000
1153692000000,1.26981,1.27015,1.2697,1.26981,11620100000
1153692900000,1.26987,1.27052,1.26985,1.27008,10478300000
1153693800000,1.27004,1.27037,1.26975,1.27027,11298400000
1153694700000,1.27026,1.27041,1.26995,1.27037,10554900000
1153695600000,1.27006,1.27033,1.2696,1.27017,12608700000
1153696500000,1.27013,1.27024,1.26972,1.27012,11072700000
1153697400000,1.27015,1.27018,1.26974,1.27004,11770700000
1153698300000,1.27012,1.27013,1.2692,1.2695,12033800000
1153699200000,1.26903,1.26929,1.26668,1.26707,11997500000
1153700100000,1.26691,1.26742,1.2667,1.26689,10959200000
1153701000000,1.26675,1.26724,1.26663,1.26697,11782900000
1153701900000,1.26702,1.26707,1.2657,1.26579,10157800000
1153702800000,1.26576,1.26638,1.26551,1.26598,12328000000
1153703700000,1.26594,1.26603,1.26397,1.2645,11023200000
1153704600000,1.26449,1.26514,1.26445,1.26495,13439700000
1153705500000,1.26491,1.26512,1.26451,1.26476,10476100000
1153706400000,1.26481,1.26534,1.26448,1.26526,11841400000
1153707300000,1.26528,1.26573,1.2649,1.26514,10119300000
1153708200000,1.26502,1.26552,1.265,1.26536,11908100000
1153709100000,1.2654,1.26572,1.26523,1.26548,11151600000
1153710000000,1.2655,1.2657,1.26507,1.26541,9435800000
1153710900000,1.26555,1.26558,1.26517,1.26533,10301200000
1153711800000,1.26537,1.26551,1.26507,1.26523,12576900000
1153712700000,1.26526,1.26542,1.265,1.26522,10499400000
1153713600000,1.26527,1.26542,1.26501,1.26537,11897100000
1153714500000,1.26541,1.26563,1.26529,1.2655,12484500000
1153715400000,1.26549,1.26565,1.2653,1.26541,9918800000
1153716300000,1.26544,1.26568,1.26522,1.26554,11137400000
1153717200000,1.26541,1.26555,1.26481,1.26505,9296800000
1153718100000,1.26494,1.26523,1.26481,1.26512,11775600000
1153719000000,1.26511,1.26511,1.26289,1.2635,10120900000
1153719900000,1.2635,1.26468,1.26276,1.26454,9750400000
1153720800000,1.26432,1.26446,1.2632,1.26378,11129500000
1153721700000,1.26393,1.26414,1.26344,1.2637,12918100000
1153722600000,1.26348,1.26397,1.26292,1.26358,12459400000
1153723500000,1.26354,1.26387,1.26294,1.26294,11172900000
1153724400000,1.26307,1.26369,1.26298,1.26334,12053700000
1153725300000,1.26339,1.26345,1.26137,1.26198,10573900000
1153726200000,1.26208,1.26231,1.26161,1.26197,11801700000
1153727100000,1.26214,1.26237,1.26176,1.26213,11497800000
1153728000000,1.26201,1.26265,1.26183,1.26232,10452400000
1153728900000,1.26249,1.26262,1.26181,1.26204,10635000000
1153729800000,1.26213,1.26214,1.26164,1.26178,10241300000
1153730700000,1.26171,1.2623,1.26085,1.26212,9863400000
1153731600000,1.26207,1.26222,1.26155,1.26176,10694000000
1153732500000,1.26183,1.26331,1.26175,1.26304,10162100000
1153733400000,1.26321,1.26324,1.26185,1.26225,11681700000
1153734300000,1.26224,1.26273,1.26212,1.26257,11513700000
1153735200000,1.26261,1.26286,1.26246,1.2625,10872300000
1153736100000,1.26253,1.26253,1.2616,1.2616,9993400000
1153737000000,1.26163,1.26189,1.26135,1.26167,13114700000
1153737900000,1.26168,1.26193,1.26111,1.26193,9755300000
1153738800000,1.2619,1.26246,1.26153,1.26222,10421300000
1153739700000,1.26227,1.26284,1.26206,1.26249,11735800000
1153740600000,1.26244,1.2626,1.26187,1.2626,10024400000
1153741500000,1.26262,1.26276,1.26208,1.26267,11232600000
1153742400000,1.26276,1.2632,1.26238,1.26302,9654000000
1153743300000,1.26315,1.26394,1.26302,1.26361,12064100000
1153744200000,1.26356,1.26379,1.263,1.26336,11184600000
1153745100000,1.26346,1.26376,1.26323,1.26323,12201000000
1153746000000,1.26323,1.26352,1.26305,1.26337,10583800000
1153746900000,1.26319,1.26349,1.26247,1.26331,11709100000
1153747800000,1.26334,1.26425,1.26319,1.2641,12427100000
1153748700000,1.26402,1.26433,1.26357,1.26393,9520800000
1153749600000,1.26396,1.26404,1.26341,1.26361,12865700000
1153750500000,1.2637,1.26382,1.26283,1.263,11447600000
1153751400000,1.26296,1.26328,1.26273,1.26317,12208800000
1153752300000,1.26315,1.2635,1.26216,1.26244,10148000000
1153753200000,1.26244,1.26251,1.26163,1.26233,11077500000
1153754100000,1.26231,1.26308,1.26207,1.26287,12048200000
1153755000000,1.2627,1.26306,1.26252,1.26274,11379900000
1153755900000,1.26287,1.26318,1.26252,1.26272,11380100000
1153756800000,1.26272,1.26323,1.26258,1.26312,155409400000
1153757700000,1.26298,1.26323,1.26268,1.26287,126865600000
1153758600000,1.26297,1.26303,1.26257,1.26284,92067100000
1153759500000,1.26285,1.26315,1.26244,1.26282,71148900000
1153760400000,1.26289,1.2633,1.26261,1.26287,55213100000
1153761300000,1.26282,1.26294,1.26222,1.26231,48379500000
1153762200000,1.26226,1.26234,1.26176,1.2623,53804000000
1153763100000,1.26231,1.26252,1.26213,1.26234,44604500000
1153764000000,1.26231,1.26238,1.26133,1.262,32111800000
1153764900000,1.26203,1.2623,1.26173,1.2621,32331000000
1153765800000,1.26207,1.26246,1.26182,1.2624,75337000000
1153766700000,1.26234,1.26289,1.26203,1.26271,75699900000
1153767600000,1.26282,1.26326,1.26271,1.26271,49772100000
1153768500000,1.2629,1.26306,1.26271,1.26282,46449200000
1153769400000,1.26295,1.26308,1.26257,1.26274,34092500000
1153770300000,1.26274,1.26287,1.26252,1.26265,30043200000
1153771200000,1.26261,1.26326,1.26227,1.2631,26609200000
1153772100000,1.26309,1.26328,1.26258,1.26267,20597600000
1153773000000,1.26272,1.26306,1.26244,1.26284,26176200000
1153773900000,1.26291,1.26326,1.26252,1.26304,20004900000
1153774800000,1.26247,1.26415,1.26247,1.26326,10882600000
1153775700000,1.26329,1.26378,1.26292,1.26328,10960400000
1153776600000,1.26335,1.26351,1.26265,1.26295,12115300000
1153777500000,1.26283,1.26317,1.26267,1.2629,11394000000
1153778400000,1.2629,1.26336,1.26283,1.2629,9978400000
1153779300000,1.26287,1.26313,1.26282,1.26294,10984100000
1153780200000,1.26291,1.26312,1.26262,1.26282,10810800000
1153781100000,1.26275,1.26285,1.26182,1.26187,11881100000
1153782000000,1.26178,1.2622,1.26167,1.26193,11724400000
1153782900000,1.26202,1.26232,1.26176,1.26217,10937300000
1153783800000,1.26208,1.26238,1.26199,1.26202,11980900000
1153784700000,1.26199,1.26227,1.26179,1.26211,10832800000
1153785600000,1.26217,1.26273,1.2615,1.26178,11678500000
1153786500000,1.26185,1.26203,1.26082,1.26105,11348300000
1153787400000,1.26099,1.26108,1.26017,1.26059,11104600000
1153788300000,1.26067,1.26117,1.26047,1.26076,12317600000
1153789200000,1.26088,1.26169,1.26081,1.26147,12378400000
1153790100000,1.26138,1.26148,1.26078,1.26104,11915700000
1153791000000,1.26097,1.26165,1.26082,1.26161,13276600000
1153791900000,1.2615,1.26203,1.2614,1.26176,10094800000
1153792800000,1.26164,1.26188,1.26137,1.26167,12129700000
1153793700000,1.26169,1.26176,1.26124,1.26145,10821200000
1153794600000,1.2615,1.26169,1.26119,1.26157,12880200000
1153795500000,1.26155,1.26169,1.26129,1.26157,11771500000
1153796400000,1.26147,1.26209,1.26147,1.26191,10420200000
1153797300000,1.26198,1.26245,1.26188,1.26212,10599900000
1153798200000,1.26218,1.26236,1.26182,1.26211,12188300000
1153799100000,1.2622,1.26223,1.26155,1.26189,11098100000
1153800000000,1.26197,1.26281,1.26185,1.26271,12293200000
1153800900000,1.26314,1.2636,1.26302,1.26339,13032300000
1153801800000,1.26344,1.26386,1.263,1.26374,10248100000
1153802700000,1.26367,1.26374,1.26289,1.26347,11617200000
1153803600000,1.26343,1.26373,1.26325,1.26346,10391000000
1153804500000,1.26348,1.26515,1.26346,1.26476,10651000000
1153805400000,1.26483,1.2656,1.26461,1.26492,11922100000
1153806300000,1.26476,1.26586,1.26457,1.26585,8745200000
1153807200000,1.26584,1.26633,1.26523,1.26544,10815300000
1153808100000,1.26538,1.26665,1.26513,1.26624,10280900000
1153809000000,1.26634,1.267,1.26565,1.26575,12151500000
1153809900000,1.26571,1.26608,1.26541,1.2656,10048600000
1153810800000,1.26554,1.26585,1.26494,1.26518,10874600000
1153811700000,1.26517,1.26554,1.26478,1.26514,11746200000
1153812600000,1.26497,1.26522,1.26426,1.26437,10965400000
1153813500000,1.26454,1.26468,1.26386,1.26448,11504900000
1153814400000,1.26454,1.26507,1.26435,1.26469,10970100000
1153815300000,1.26462,1.26525,1.26349,1.26352,11071900000
1153816200000,1.2635,1.26392,1.26307,1.26351,10234900000
1153817100000,1.26346,1.26381,1.2629,1.2636,10802400000
1153818000000,1.26365,1.26425,1.26341,1.26401,9761500000
1153818900000,1.26411,1.26435,1.26378,1.26394,10464800000
1153819800000,1.26391,1.26404,1.26367,1.26382,13519400000
1153820700000,1.26381,1.26434,1.26374,1.26414,11179300000
1153821600000,1.26418,1.26509,1.26403,1.26476,10536100000
1153822500000,1.26476,1.26484,1.26401,1.26411,10294400000
1153823400000,1.26408,1.26435,1.2638,1.26432,12211800000
1153824300000,1.26433,1.26512,1.26403,1.26422,10561000000
1153825200000,1.26426,1.26485,1.26421,1.26442,10635300000
1153826100000,1.2643,1.26484,1.26412,1.26449,11807600000
1153827000000,1.26453,1.26482,1.26416,1.2644,10858500000
1153827900000,1.26434,1.26445,1.26391,1.26415,10021700000
1153828800000,1.26417,1.26428,1.26334,1.26345,10699400000
1153829700000,1.2635,1.26403,1.2632,1.26378,11547300000
1153830600000,1.26384,1.26465,1.26373,1.26451,12660900000
1153831500000,1.26458,1.2647,1.26399,1.26399,13639300000
1153832400000,1.2642,1.2642,1.26327,1.26401,10011600000
1153833300000,1.26405,1.26425,1.2638,1.26412,10883400000
1153834200000,1.26421,1.26509,1.26357,1.26501,11080600000
1153835100000,1.265,1.26637,1.26455,1.2662,10982900000
1153836000000,1.26615,1.26622,1.26226,1.2624,12125000000
1153836900000,1.26202,1.26232,1.26122,1.26194,10817800000
1153837800000,1.26181,1.26199,1.26134,1.26191,11363100000
1153838700000,1.2618,1.26249,1.26156,1.26233,10637200000
1153839600000,1.26238,1.26252,1.2598,1.25992,9684900000
1153840500000,1.2597,1.26012,1.25754,1.2582,12006600000
1153841400000,1.25818,1.25852,1.25703,1.25773,13532300000
1153842300000,1.25787,1.25805,1.25723,1.25738,10694600000
1153843200000,1.2572,1.25736,1.25622,1.25661,153699900000
1153844100000,1.25658,1.2569,1.2561,1.2566,125100200000
1153845000000,1.25668,1.25719,1.25658,1.2569,91492600000
1153845900000,1.257,1.25746,1.25684,1.25728,69685100000
1153846800000,1.25727,1.25774,1.25716,1.25722,56274900000
1153847700000,1.25719,1.25741,1.25697,1.25736,48642800000
1153848600000,1.2574,1.25743,1.25685,1.25699,50985900000
1153849500000,1.25713,1.25713,1.25672,1.25692,43470900000
1153850400000,1.25698,1.25722,1.25677,1.25698,34625100000
1153851300000,1.25698,1.25733,1.25682,1.25715,35710700000
1153852200000,1.2572,1.2577,1.25711,1.25767,73075400000
1153853100000,1.25769,1.25826,1.25742,1.25819,79363700000
1153854000000,1.25824,1.25829,1.25778,1.25805,49438200000
1153854900000,1.25805,1.25833,1.2577,1.25797,44433800000
1153855800000,1.25799,1.25805,1.25752,1.25769,32213200000
1153856700000,1.25777,1.25783,1.25748,1.25768,30502000000
1153857600000,1.25765,1.2578,1.25739,1.2577,25403000000
1153858500000,1.25759,1.25784,1.25749,1.25768,22448700000
1153859400000,1.25756,1.25777,1.2573,1.25744,27553300000
1153860300000,1.25753,1.2577,1.25713,1.25735,20265400000
1153861200000,1.25737,1.25779,1.25693,1.25765,12108400000
1153862100000,1.25755,1.25822,1.2572,1.25758,11784000000
1153863000000,1.25759,1.2579,1.25729,1.25766,10753400000
1153863900000,1.25778,1.25796,1.25743,1.25754,12737400000
1153864800000,1.25774,1.25792,1.25734,1.25734,10106700000
1153865700000,1.2574,1.25778,1.2574,1.25759,10731000000
1153866600000,1.25749,1.2578,1.25742,1.25771,10785000000
1153867500000,1.25756,1.25802,1.25746,1.25801,11427300000
1153868400000,1.2578,1.25808,1.2575,1.25769,10619600000
1153869300000,1.2577,1.25813,1.25734,1.25797,10836500000
1153870200000,1.25801,1.25834,1.25778,1.25827,11790500000
1153871100000,1.2582,1.25842,1.25746,1.2577,10965000000
1153872000000,1.25767,1.2583,1.25752,1.25777,11698300000
1153872900000,1.2577,1.258,1.25713,1.2573,10161400000
1153873800000,1.25741,1.25775,1.25725,1.25775,11355800000
1153874700000,1.25768,1.25778,1.25695,1.25709,12323600000
1153875600000,1.25701,1.25724,1.25662,1.25677,13400600000
1153876500000,1.25685,1.25711,1.2566,1.25704,10952600000
1153877400000,1.25708,1.25797,1.25675,1.25792,12254400000
1153878300000,1.25768,1.25792,1.25717,1.25749,12032300000
1153879200000,1.25728,1.25763,1.25689,1.2574,12558400000
1153880100000,1.25746,1.2576,1.25708,1.2574,10201500000
1153881000000,1.2573,1.25754,1.2571,1.25739,11113200000
1153881900000,1.25752,1.25788,1.25726,1.25745,11572100000
1153882800000,1.25746,1.25766,1.25728,1.25756,9461800000
1153883700000,1.25753,1.25807,1.25739,1.2578,11546500000
1153884600000,1.25767,1.25789,1.25733,1.25779,12379300000
1153885500000,1.25769,1.25796,1.25745,1.25783,10759400000
1153886400000,1.25776,1.2579,1.25748,1.25772,11431700000
1153887300000,1.25768,1.25794,1.25752,1.25773,13006100000
1153888200000,1.2576,1.25795,1.25751,1.25785,10609200000
1153889100000,1.25792,1.258,1.25747,1.25785,10069100000
1153890000000,1.25781,1.25833,1.25766,1.25776,10295000000
1153890900000,1.2579,1.25804,1.25765,1.25792,9899000000
1153891800000,1.25797,1.25805,1.25748,1.25779,11593100000
1153892700000,1.25776,1.25792,1.25692,1.25698,10491900000
1153893600000,1.25704,1.25718,1.2558,1.25598,12369900000
1153894500000,1.25614,1.25684,1.25614,1.25668,13296400000
1153895400000,1.25671,1.25778,1.2566,1.25749,12006300000
1153896300000,1.25754,1.2582,1.25716,1.25767,10851700000
1153897200000,1.25795,1.25878,1.25777,1.25837,10792500000
1153898100000,1.25841,1.25864,1.25737,1.25758,11850200000
1153899000000,1.25743,1.2577,1.2569,1.2569,10284200000
1153899900000,1.25728,1.25769,1.25661,1.25689,10889500000
1153900800000,1.25689,1.25857,1.25688,1.25834,10217400000
1153901700000,1.25847,1.25907,1.25799,1.25865,10949300000
1153902600000,1.25854,1.25867,1.25822,1.25853,10068100000
1153903500000,1.25849,1.25876,1.25821,1.25853,10758000000
1153904400000,1.25858,1.25942,1.25855,1.25918,10049800000
1153905300000,1.25916,1.25933,1.2583,1.25844,11311100000
1153906200000,1.25853,1.25921,1.25846,1.25899,11231100000
1153907100000,1.25907,1.2592,1.2585,1.25872,11924200000
1153908000000,1.25878,1.25895,1.2583,1.25895,10226200000
1153908900000,1.25883,1.25982,1.25847,1.25861,11848200000
1153909800000,1.25874,1.25922,1.25868,1.25898,11333200000
1153910700000,1.2591,1.25955,1.25885,1.25907,10024100000
1153911600000,1.25914,1.2595,1.25893,1.25948,11471200000
1153912500000,1.25937,1.25945,1.25906,1.25909,11545200000
1153913400000,1.25921,1.25924,1.25824,1.25837,11020400000
1153914300000,1.25839,1.25863,1.25793,1.25846,9505700000
1153915200000,1.25844,1.25904,1.25829,1.25838,9911900000
1153916100000,1.25846,1.25868,1.25819,1.25865,10463100000
1153917000000,1.25858,1.25953,1.25842,1.25914,11405000000
1153917900000,1.2591,1.25994,1.25865,1.25928,12792700000
1153918800000,1.25936,1.25962,1.25888,1.25954,10035200000
1153919700000,1.25956,1.26035,1.2592,1.25923,11308300000
1153920600000,1.25932,1.25992,1.25924,1.25958,11952600000
1153921500000,1.25958,1.26017,1.2591,1.26017,10721600000
1153922400000,1.26018,1.26115,1.25922,1.26083,12017200000
1153923300000,1.26094,1.26169,1.26089,1.26169,10944400000
1153924200000,1.26171,1.26209,1.26117,1.26122,11203300000
1153925100000,1.26124,1.26161,1.26093,1.26139,11003600000
1153926000000,1.26127,1.26183,1.26101,1.26156,10164600000
1153926900000,1.26157,1.26184,1.26141,1.26143,11914200000
1153927800000,1.26137,1.26169,1.26117,1.26145,11340200000
1153928700000,1.26153,1.26268,1.26142,1.26256,11544800000
1153929600000,1.26256,1.26391,1.26245,1.26296,155885700000
1153930500000,1.26304,1.26422,1.26294,1.26401,123528300000
1153931400000,1.26413,1.26525,1.26403,1.26444,88951100000
1153932300000,1.26432,1.26586,1.26432,1.26553,70561800000
1153933200000,1.26563,1.26571,1.26492,1.26546,54119900000
1153934100000,1.26541,1.26548,1.26501,1.26516,48631900000
1153935000000,1.26514,1.26636,1.265,1.26575,53555200000
1153935900000,1.26567,1.2661,1.26544,1.26584,46151100000
1153936800000,1.26591,1.2678,1.26566,1.26759,33825700000
1153937700000,1.26758,1.2699,1.26735,1.2691,35071900000
1153938600000,1.26903,1.26986,1.26889,1.26918,73829800000
1153939500000,1.26914,1.26982,1.26878,1.2696,81568100000
1153940400000,1.2697,1.26981,1.26914,1.2692,49989300000
1153941300000,1.26932,1.26976,1.26921,1.26939,44928100000
1153942200000,1.26938,1.26972,1.26926,1.26958,32437300000
1153943100000,1.26966,1.27044,1.26958,1.27007,32304500000
1153944000000,1.27012,1.27083,1.27005,1.27034,25133100000
1153944900000,1.27022,1.27142,1.2701,1.27107,23513900000
1153945800000,1.27103,1.27113,1.27046,1.27067,25728400000
1153946700000,1.27078,1.27151,1.2704,1.27123,20130400000
1153947600000,1.27143,1.27242,1.27131,1.2715,11197800000
1153948500000,1.27123,1.27184,1.27063,1.27157,11723300000
1153949400000,1.27154,1.27196,1.27115,1.27155,11959000000
1153950300000,1.27142,1.27185,1.27084,1.27095,11583000000
1153951200000,1.27109,1.27149,1.27071,1.27096,10816200000
1153952100000,1.27102,1.27153,1.2708,1.27142,10042400000
1153953000000,1.27145,1.27158,1.27119,1.27136,10480300000
1153953900000,1.2713,1.27141,1.2707,1.27084,9426000000
1153954800000,1.27086,1.27122,1.27058,1.27069,10906800000
1153955700000,1.27071,1.27133,1.27043,1.27117,10715700000
1153956600000,1.27121,1.27168,1.27106,1.27129,12270000000
1153957500000,1.27135,1.27148,1.27063,1.27077,11387200000
1153958400000,1.27069,1.27099,1.27034,1.27056,12097000000
1153959300000,1.2705,1.2712,1.2705,1.27105,11130700000
1153960200000,1.27106,1.2719,1.27098,1.27172,10674100000
1153961100000,1.2718,1.27203,1.27108,1.27115,10731700000
1153962000000,1.27125,1.27165,1.27111,1.27136,13147800000
1153962900000,1.27134,1.27163,1.27108,1.27134,10687800000
1153963800000,1.27135,1.27173,1.27117,1.27161,13282200000
1153964700000,1.2716,1.27203,1.27119,1.27159,12270500000
1153965600000,1.27152,1.27188,1.27134,1.27157,12504700000
1153966500000,1.27163,1.27178,1.27141,1.2717,11816300000
1153967400000,1.27168,1.27194,1.27142,1.27174,11663200000
1153968300000,1.27185,1.27188,1.27115,1.27122,11258900000
1153969200000,1.27114,1.27163,1.27109,1.27129,10370600000
1153970100000,1.27133,1.27163,1.27121,1.27147,9683300000
1153971000000,1.2716,1.27175,1.27128,1.27163,11679500000
1153971900000,1.27151,1.27176,1.2714,1.27144,10385100000
1153972800000,1.27152,1.27188,1.27146,1.27154,11133200000
1153973700000,1.27161,1.27267,1.27151,1.27241,12417700000
1153974600000,1.27241,1.27264,1.27212,1.27252,12173900000
1153975500000,1.27253,1.2726,1.27211,1.27239,10831800000
1153976400000,1.27228,1.27242,1.27198,1.2721,9212900000
1153977300000,1.27212,1.27263,1.27198,1.27227,12770100000
1153978200000,1.2723,1.27337,1.2722,1.27331,11377800000
1153979100000,1.27321,1.27364,1.27302,1.27345,11103000000
1153980000000,1.27343,1.27356,1.27299,1.27317,12303900000
1153980900000,1.27306,1.27317,1.27211,1.2724,11821500000
1153981800000,1.27231,1.27305,1.27178,1.27294,13251500000
1153982700000,1.27294,1.27317,1.27228,1.27269,12425700000
1153983600000,1.27282,1.27435,1.27275,1.27344,10793300000
1153984500000,1.27342,1.27355,1.27265,1.27319,11756800000
1153985400000,1.27318,1.27399,1.27276,1.27337,10858600000
1153986300000,1.2737,1.27397,1.27278,1.2732,10484800000
1153987200000,1.27325,1.27362,1.27304,1.27322,10024900000
1153988100000,1.27341,1.27353,1.27313,1.27316,11532500000
1153989000000,1.27315,1.27377,1.27303,1.27343,11787500000
1153989900000,1.27342,1.27361,1.27255,1.27255,11061000000
1153990800000,1.27277,1.27297,1.27206,1.27279,9927900000
1153991700000,1.27296,1.27377,1.2729,1.27321,10679300000
1153992600000,1.27329,1.27362,1.27287,1.27329,11575600000
1153993500000,1.2733,1.27345,1.27289,1.2731,10211800000
1153994400000,1.27321,1.27364,1.27319,1.27362,10170800000
1153995300000,1.2735,1.27481,1.27337,1.27407,11840600000
1153996200000,1.27421,1.27459,1.2739,1.27432,12161000000
1153997100000,1.27422,1.27487,1.27411,1.27467,11723400000
1153998000000,1.27464,1.27475,1.27403,1.2743,10438000000
1153998900000,1.27428,1.27438,1.27352,1.27362,11171600000
1153999800000,1.27343,1.27425,1.27341,1.27406,11276400000
1154000700000,1.27399,1.27449,1.27361,1.27402,10162500000
1154001600000,1.27399,1.2741,1.2732,1.27342,9833200000
1154002500000,1.27352,1.27373,1.27312,1.27338,12084800000
1154003400000,1.27286,1.27324,1.27074,1.2718,10650700000
1154004300000,1.27179,1.27356,1.27158,1.27315,12550400000
1154005200000,1.27334,1.27623,1.27334,1.2761,10401200000
1154006100000,1.27595,1.27666,1.27545,1.27649,12677200000
1154007000000,1.27667,1.27693,1.27534,1.27541,12010300000
1154007900000,1.27529,1.27579,1.27424,1.27424,10479500000
1154008800000,1.27434,1.27598,1.27324,1.2735,13513000000
1154009700000,1.27346,1.27403,1.27261,1.27374,11528600000
1154010600000,1.27386,1.27414,1.27276,1.27304,11204900000
1154011500000,1.27302,1.27333,1.27252,1.27323,11226400000
1154012400000,1.27324,1.27326,1.27166,1.2725,10705500000
1154013300000,1.27246,1.27268,1.27159,1.27207,10935900000
1154014200000,1.27211,1.27356,1.27203,1.27318,12173400000
1154015100000,1.27337,1.27366,1.27276,1.27293,9533400000
1154016000000,1.2728,1.27341,1.27268,1.27334,158503200000
1154016900000,1.27336,1.27369,1.27314,1.2735,125929800000
1154017800000,1.27341,1.27368,1.2721,1.27227,88342100000
1154018700000,1.27215,1.27255,1.2716,1.27192,70690500000
1154019600000,1.27186,1.27213,1.27087,1.27105,54713200000
1154020500000,1.27108,1.2717,1.27106,1.27161,48178300000
1154021400000,1.27157,1.27233,1.27137,1.27163,52297900000
1154022300000,1.27177,1.27191,1.27022,1.27023,44416500000
1154023200000,1.27017,1.2711,1.26958,1.26959,34153100000
1154024100000,1.26955,1.26966,1.26813,1.26829,33443400000
1154025000000,1.26839,1.26929,1.26792,1.26896,72161500000
1154025900000,1.26888,1.26922,1.26814,1.26922,78686100000
1154026800000,1.26912,1.26923,1.26876,1.26904,49583700000
1154027700000,1.26903,1.2696,1.26881,1.26944,43869600000
1154028600000,1.26946,1.26976,1.26925,1.26939,33875100000
1154029500000,1.26934,1.26955,1.26919,1.26923,30095800000
1154030400000,1.26922,1.26937,1.26843,1.26911,26179300000
1154031300000,1.26909,1.26958,1.26905,1.26932,21473100000
1154032200000,1.26919,1.26973,1.26911,1.26958,26725900000
1154033100000,1.26966,1.27002,1.2691,1.26939,20927000000
1154034000000,1.269,1.27007,1.26882,1.26963,11688200000
1154034900000,1.2695,1.26998,1.26929,1.26972,12244200000
1154035800000,1.2697,1.26989,1.26921,1.2695,11750700000
1154036700000,1.26942,1.26953,1.2691,1.26944,11483800000
1154037600000,1.26953,1.2696,1.26909,1.26913,10980700000
1154038500000,1.26923,1.26973,1.26903,1.26961,11078900000
1154039400000,1.26967,1.2698,1.26937,1.26955,10773200000
1154040300000,1.26948,1.2696,1.26904,1.26904,10118700000
1154041200000,1.26883,1.26926,1.26872,1.26883,11970300000
1154042100000,1.26886,1.26928,1.26872,1.26881,11269400000
1154043000000,1.26892,1.26899,1.26807,1.26835,10824400000
1154043900000,1.26837,1.26864,1.26812,1.26848,11294300000
1154044800000,1.26852,1.26912,1.26845,1.26908,12267500000
1154045700000,1.26896,1.26914,1.26878,1.26893,11339900000
1154046600000,1.26885,1.26904,1.26847,1.26898,11720000000
1154047500000,1.26905,1.26918,1.26786,1.26792,12009100000
1154048400000,1.26804,1.26858,1.26796,1.2683,12089800000
1154049300000,1.26834,1.26845,1.26764,1.26812,11223000000
1154050200000,1.26814,1.26823,1.26754,1.26776,12403000000
1154051100000,1.26769,1.26815,1.2676,1.26766,11738400000
1154052000000,1.26752,1.26855,1.26741,1.26838,12453700000
1154052900000,1.26845,1.26861,1.26795,1.26817,10632000000
1154053800000,1.26806,1.2681,1.2677,1.268,11553300000
1154054700000,1.26793,1.26813,1.26762,1.26805,11241100000
1154055600000,1.2681,1.26815,1.26766,1.26775,10235800000
1154056500000,1.26788,1.26796,1.26746,1.26766,9891800000
1154057400000,1.2677,1.26858,1.26761,1.2684,12539200000
1154058300000,1.26836,1.2691,1.26827,1.26875,9869600000
1154059200000,1.26881,1.26912,1.26858,1.26873,11580800000
1154060100000,1.26888,1.26917,1.26868,1.26875,12433800000
1154061000000,1.26877,1.26908,1.26854,1.26897,9970900000
1154061900000,1.269,1.2691,1.26806,1.26839,12114700000
1154062800000,1.26827,1.26873,1.26795,1.2681,10630400000
1154063700000,1.26821,1.26844,1.26774,1.26784,11598800000
1154064600000,1.26788,1.26893,1.26776,1.26885,10246100000
1154065500000,1.26893,1.26961,1.26874,1.26936,10319300000
1154066400000,1.26921,1.26968,1.26915,1.2695,10474300000
1154067300000,1.26966,1.2698,1.2687,1.26887,12328300000
1154068200000,1.2691,1.26931,1.26857,1.26887,10960600000
1154069100000,1.2689,1.26941,1.26872,1.26881,10623600000
1154070000000,1.26895,1.26993,1.26878,1.26937,11139800000
1154070900000,1.26924,1.26956,1.26882,1.2689,11292600000
1154071800000,1.26895,1.2692,1.26855,1.26875,10266700000
1154072700000,1.26901,1.26944,1.26886,1.26908,11272900000
1154073600000,1.26894,1.26917,1.26787,1.26801,11340400000
1154074500000,1.26818,1.26861,1.26765,1.26844,12068500000
1154075400000,1.26851,1.2689,1.26825,1.2686,11921300000
1154076300000,1.26854,1.26894,1.26829,1.26836,9839900000
1154077200000,1.26842,1.26882,1.26801,1.26818,10487800000
1154078100000,1.2682,1.26871,1.26804,1.26842,10140200000
1154079000000,1.26842,1.26871,1.26818,1.26851,11616300000
1154079900000,1.26851,1.26974,1.26848,1.2695,11017600000
1154080800000,1.26944,1.26952,1.2684,1.2687,10531000000
1154081700000,1.26856,1.26885,1.2681,1.2681,11036900000
1154082600000,1.26819,1.26853,1.2676,1.26803,12168900000
1154083500000,1.26803,1.2681,1.26705,1.26709,11002200000
1154084400000,1.26694,1.26715,1.26666,1.26703,11531100000
1154085300000,1.26708,1.26724,1.26682,1.2671,11904100000
1154086200000,1.2672,1.2672,1.26629,1.2664,10672600000
1154087100000,1.26655,1.26655,1.26576,1.26605,10178600000
1154088000000,1.26608,1.26663,1.26585,1.26616,12379600000
1154088900000,1.26624,1.26643,1.2658,1.2659,11788600000
1154089800000,1.26715,1.27398,1.26661,1.27298,12379900000
1154090700000,1.27308,1.27353,1.27212,1.2723,11823100000
1154091600000,1.27224,1.27475,1.27213,1.27431,11437000000
1154092500000,1.27437,1.27507,1.27363,1.27428,12434200000
1154093400000,1.27438,1.27476,1.2742,1.27444,11069400000
1154094300000,1.27443,1.27515,1.27342,1.2735,10882600000
1154095200000,1.27353,1.27498,1.27344,1.27498,11377700000
1154096100000,1.27491,1.27573,1.27437,1.27487,11589100000
1154097000000,1.27473,1.27591,1.27464,1.27574,10058300000
1154097900000,1.27575,1.27665,1.27524,1.27638,10703500000
1154098800000,1.27632,1.27683,1.27573,1.27632,10626300000
1154099700000,1.27645,1.27649,1.27526,1.27565,11085100000
1154100600000,1.2757,1.27595,1.27411,1.27423,11991300000
1154101500000,1.27451,1.27474,1.27418,1.27462,12082200000
1154102400000,1.27454,1.27564,1.27447,1.27513,153534000000
1154103300000,1.27521,1.27531,1.27444,1.27453,123828400000
1154104200000,1.27438,1.27459,1.27361,1.27419,88661900000
1154105100000,1.27406,1.27483,1.27396,1.27462,69372400000
1154106000000,1.27442,1.27487,1.27424,1.27465,54442400000
1154106900000,1.27464,1.27493,1.27452,1.27464,50245200000
1154107800000,1.27457,1.27526,1.2745,1.27515,52867900000
1154108700000,1.27518,1.27553,1.2749,1.27546,43433100000
1154109600000,1.27549,1.2756,1.27524,1.27555,33812900000
1154110500000,1.27555,1.27582,1.2752,1.2753,34666100000
1154111400000,1.27519,1.27537,1.27479,1.27495,72070100000
1154112300000,1.27499,1.27522,1.27462,1.27482,78370300000
1154113200000,1.27483,1.27537,1.27473,1.27525,48017800000
1154114100000,1.27524,1.27538,1.27481,1.27528,44755000000
1154115000000,1.2752,1.27528,1.27462,1.27482,31329400000
1154115900000,1.27473,1.27487,1.27434,1.27487,30234600000
1154116800000,1.2749,1.2753,1.27477,1.27506,27112900000
1154117700000,1.27505,1.27599,1.27478,1.27599,20258400000
1154118600000,1.27585,1.2762,1.27555,1.27599,26003700000
1154119500000,1.27599,1.2761,1.27541,1.27571,20397100000
1154293200000,1.27557,1.27658,1.27545,1.27599,11324400000
1154294100000,1.27604,1.27637,1.27551,1.27611,13215700000
1154295000000,1.27605,1.27638,1.27577,1.27627,11520500000
1154295900000,1.2763,1.27642,1.27587,1.27596,11056300000
1154296800000,1.27608,1.27634,1.2756,1.2758,10769900000
1154297700000,1.27594,1.27615,1.27585,1.27603,10792700000
1154298600000,1.27601,1.27613,1.27544,1.27584,10739500000
1154299500000,1.27581,1.27618,1.27545,1.27605,11801700000
1154300400000,1.27595,1.27631,1.27588,1.2761,12118700000
1154301300000,1.27603,1.27612,1.27571,1.27594,12403400000
1154302200000,1.27605,1.27653,1.27584,1.27653,11872900000
1154303100000,1.27642,1.27701,1.27592,1.27694,12054800000
1154304000000,1.27699,1.27703,1.27587,1.27602,11850100000
1154304900000,1.27605,1.27646,1.27581,1.27629,11258700000
1154305800000,1.27623,1.27623,1.27537,1.27546,11427600000
1154306700000,1.2755,1.27568,1.27514,1.2754,10563100000
1154307600000,1.27532,1.27611,1.27515,1.27551,12077800000
1154308500000,1.27548,1.27548,1.27462,1.27494,11225700000
1154309400000,1.27501,1.27513,1.27466,1.27494,14056200000
1154310300000,1.27475,1.27493,1.27444,1.27454,12179600000
1154311200000,1.27448,1.27527,1.27445,1.27513,12702100000
1154312100000,1.27523,1.27539,1.27492,1.27511,10845100000
1154313000000,1.27516,1.27537,1.27475,1.2753,11911500000
1154313900000,1.2754,1.2755,1.27496,1.27516,11521400000
1154314800000,1.27523,1.27558,1.27514,1.27528,10482200000
1154315700000,1.27538,1.27575,1.27524,1.27573,10585600000
1154316600000,1.27571,1.27645,1.2757,1.27631,11957200000
1154317500000,1.27647,1.27674,1.27623,1.27651,9608900000
1154318400000,1.27665,1.27671,1.27603,1.27637,10512000000
1154319300000,1.27637,1.27678,1.2763,1.27639,13842300000
1154320200000,1.27626,1.27643,1.276,1.27627,10086900000
1154321100000,1.27623,1.27637,1.27587,1.27624,10381300000
1154322000000,1.27625,1.27637,1.27588,1.27605,9772400000
1154322900000,1.27588,1.27618,1.27581,1.27598,10961200000
1154323800000,1.27604,1.27614,1.27511,1.27524,10864700000
1154324700000,1.27542,1.27567,1.2753,1.27551,11222200000
1154325600000,1.27569,1.27627,1.27485,1.27538,11260000000
1154326500000,1.27539,1.27555,1.27502,1.27522,10653600000
1154327400000,1.27527,1.27532,1.27465,1.27508,11858100000
1154328300000,1.27513,1.27613,1.27495,1.2757,10413900000
1154329200000,1.27567,1.27597,1.27535,1.27556,9450600000
1154330100000,1.27552,1.27619,1.27537,1.27592,12219800000
1154331000000,1.27599,1.27613,1.27467,1.27467,10861600000
1154331900000,1.27501,1.27522,1.27391,1.27495,10762300000
1154332800000,1.27497,1.27543,1.27466,1.27525,11966300000
1154333700000,1.27528,1.27549,1.27478,1.27537,11230200000
1154334600000,1.27539,1.27548,1.27445,1.2749,11591600000
1154335500000,1.27471,1.27545,1.27455,1.27514,11275100000
1154336400000,1.27496,1.27543,1.27478,1.27519,9856400000
1154337300000,1.27522,1.27562,1.27473,1.27534,10934000000
1154338200000,1.27552,1.27559,1.27511,1.27511,11467100000
1154339100000,1.27513,1.27567,1.27507,1.27546,11667300000
1154340000000,1.27546,1.27581,1.27504,1.27542,10368100000
1154340900000,1.27531,1.27552,1.27469,1.27487,11715200000
1154341800000,1.27489,1.27521,1.27469,1.27513,12800800000
1154342700000,1.27502,1.27519,1.27452,1.27488,10790000000
1154343600000,1.27481,1.27579,1.27472,1.27563,10096600000
1154344500000,1.27555,1.27572,1.27483,1.27484,11424200000
1154345400000,1.27492,1.2767,1.27492,1.27655,11624600000
1154346300000,1.27658,1.27766,1.2761,1.2766,10396200000
1154347200000,1.27659,1.27718,1.27607,1.27647,11180700000
1154348100000,1.27655,1.27728,1.27626,1.27696,12458400000
1154349000000,1.27699,1.2774,1.27681,1.27731,11109900000
1154349900000,1.27728,1.27795,1.27553,1.27786,12017200000
1154350800000,1.27761,1.27799,1.27709,1.2772,11736000000
1154351700000,1.27724,1.27813,1.27665,1.27665,12642500000
1154352600000,1.2767,1.27742,1.27654,1.27694,11690900000
1154353500000,1.27697,1.27713,1.27624,1.27636,10190600000
1154354400000,1.27611,1.2768,1.27578,1.2761,11964300000
1154355300000,1.27596,1.27608,1.27516,1.27565,10749700000
1154356200000,1.2756,1.27644,1.27536,1.27613,11463800000
1154357100000,1.27615,1.27654,1.27572,1.27603,11224300000
1154358000000,1.27594,1.27603,1.27437,1.27523,11347500000
1154358900000,1.27534,1.27585,1.27516,1.2756,11409500000
1154359800000,1.2756,1.27619,1.27515,1.27585,12020800000
1154360700000,1.27588,1.27647,1.27546,1.27617,11429600000
1154361600000,1.27621,1.27667,1.27564,1.27661,158411200000
1154362500000,1.27655,1.27671,1.27607,1.27639,123621100000
1154363400000,1.2764,1.27678,1.27612,1.27639,91954600000
1154364300000,1.27638,1.27654,1.2758,1.27636,70935000000
1154365200000,1.27645,1.2769,1.27594,1.27665,57500500000
1154366100000,1.27659,1.27721,1.27649,1.27704,49710500000
1154367000000,1.27706,1.2779,1.27685,1.27715,52632800000
1154367900000,1.27725,1.27768,1.27682,1.2771,45625200000
1154368800000,1.27708,1.27721,1.27602,1.2763,34103700000
1154369700000,1.27625,1.2765,1.27609,1.2765,34097500000
1154370600000,1.27648,1.27683,1.27629,1.27649,72156100000
1154371500000,1.27655,1.27738,1.27625,1.27708,79660300000
1154372400000,1.27707,1.27744,1.27695,1.27715,50473700000
1154373300000,1.27718,1.2773,1.27618,1.27632,45185700000
1154374200000,1.27635,1.27682,1.27635,1.2766,34455400000
1154375100000,1.27649,1.27735,1.27641,1.27717,27970600000
1154376000000,1.27715,1.27726,1.27677,1.27702,25198800000
1154376900000,1.27702,1.2774,1.27677,1.27733,21348200000
1154377800000,1.27725,1.27737,1.27649,1.27665,27931000000
1154378700000,1.27659,1.277,1.27605,1.27626,21146300000
1154379600000,1.27606,1.27691,1.27587,1.27626,10786800000
1154380500000,1.2764,1.27651,1.27576,1.27645,11089700000
1154381400000,1.27642,1.2766,1.27624,1.27634,11552400000
1154382300000,1.27642,1.2767,1.27601,1.27613,10738900000
1154383200000,1.27647,1.27665,1.27629,1.27629,10163800000
1154384100000,1.27645,1.27658,1.27609,1.27635,10931000000
1154385000000,1.27629,1.27683,1.27621,1.27671,11308400000
1154385900000,1.27673,1.27704,1.27663,1.27689,11402300000
1154386800000,1.27698,1.27713,1.27663,1.27694,11881400000
1154387700000,1.27694,1.27703,1.27646,1.27687,11862200000
1154388600000,1.27699,1.27716,1.2763,1.27647,11557000000
1154389500000,1.27643,1.27664,1.27608,1.27625,11627800000
