timestamp,open,high,low,close,volume
1146441600000,1.26155,1.26197,1.26129,1.26153,7909500000
1146442500000,1.2615,1.26154,1.26125,1.26153,6921100000
1146443400000,1.26155,1.26176,1.26128,1.26139,5920500000
1146444300000,1.26142,1.26164,1.2611,1.26132,7855300000
1146445200000,1.26125,1.26133,1.26085,1.26092,7972500000
1146446100000,1.26098,1.2613,1.26075,1.26114,6727200000
1146447000000,1.2612,1.26146,1.26086,1.26092,7755800000
1146447900000,1.26078,1.26092,1.26064,1.26085,6941500000
1146448800000,1.2608,1.262,1.2607,1.26197,8626400000
1146449700000,1.26188,1.2624,1.26173,1.26192,7303000000
1146450600000,1.26188,1.2628,1.2616,1.26268,8059700000
1146451500000,1.26265,1.26314,1.26226,1.26244,7576900000
1146452400000,1.26253,1.26336,1.26235,1.26322,6805800000
1146453300000,1.26325,1.26331,1.26283,1.26293,5901000000
1146454200000,1.26295,1.26306,1.2624,1.26252,8825300000
1146455100000,1.26257,1.26274,1.26241,1.26242,6580200000
1146456000000,1.26246,1.26349,1.26224,1.26349,6942800000
1146456900000,1.26358,1.26376,1.26343,1.26366,8676100000
1146457800000,1.26352,1.26361,1.26294,1.26309,5334900000
1146458700000,1.26297,1.26303,1.26236,1.2625,7129500000
1146459600000,1.2624,1.26278,1.26236,1.26265,6971800000
1146460500000,1.26259,1.26315,1.26259,1.26278,6815000000
1146461400000,1.26281,1.26298,1.26261,1.26293,6949300000
1146462300000,1.26285,1.26344,1.26277,1.26325,6534000000
1146463200000,1.26323,1.26356,1.26268,1.26293,6827000000
1146464100000,1.26297,1.26321,1.26273,1.26298,7164000000
1146465000000,1.26302,1.2637,1.26302,1.26352,8108400000
1146465900000,1.26357,1.26398,1.26224,1.26244,6402700000
1146466800000,1.26264,1.26291,1.26234,1.26244,7492900000
1146467700000,1.26234,1.26268,1.26228,1.26264,6788400000
1146468600000,1.26252,1.26268,1.26165,1.26165,7157500000
1146469500000,1.26166,1.2619,1.26147,1.26173,6693700000
1146470400000,1.26172,1.26178,1.26147,1.2615,6942200000
1146471300000,1.26163,1.26171,1.2612,1.26124,7456200000
1146472200000,1.26139,1.26158,1.26129,1.26147,6759300000
1146473100000,1.26143,1.26148,1.26122,1.26142,5529800000
1146474000000,1.26145,1.26166,1.26131,1.26154,4971800000
1146474900000,1.26165,1.26176,1.26134,1.26142,7015500000
1146475800000,1.26144,1.2616,1.26129,1.26129,6829600000
1146476700000,1.26138,1.2619,1.26127,1.26181,7015100000
1146477600000,1.26193,1.26193,1.2612,1.2613,6916800000
1146478500000,1.26125,1.26173,1.26125,1.26155,6430400000
1146479400000,1.26153,1.26163,1.26092,1.26153,7494000000
1146480300000,1.26148,1.26165,1.26137,1.26165,6073500000
1146481200000,1.26163,1.26231,1.26124,1.26225,7245600000
1146482100000,1.26228,1.2626,1.2621,1.26232,7715700000
1146483000000,1.26222,1.26254,1.26177,1.26251,6678900000
1146483900000,1.2625,1.26271,1.26222,1.26263,7417300000
1146484800000,1.26268,1.26411,1.26244,1.26339,8313600000
1146485700000,1.26338,1.26426,1.26274,1.26293,7440300000
1146486600000,1.26274,1.26457,1.26186,1.26419,7250200000
1146487500000,1.26422,1.26765,1.26395,1.26691,7294700000
1146488400000,1.26656,1.26873,1.26656,1.26753,7711500000
1146489300000,1.26769,1.26819,1.2674,1.26745,8280000000
1146490200000,1.26753,1.26822,1.26687,1.26793,7241900000
1146491100000,1.2679,1.2679,1.26549,1.26571,6849300000
1146492000000,1.26528,1.26564,1.26307,1.26307,8621100000
1146492900000,1.26313,1.2664,1.26311,1.2664,7322100000
1146493800000,1.26657,1.26672,1.26402,1.26422,7584600000
1146494700000,1.26432,1.26446,1.26142,1.26147,8507800000
1146495600000,1.26148,1.26245,1.26058,1.26229,6158700000
1146496500000,1.26246,1.26253,1.2606,1.26117,8430100000
1146497400000,1.26115,1.26135,1.25977,1.25985,6871800000
1146498300000,1.26017,1.26113,1.25979,1.26034,7015500000
1146499200000,1.26033,1.26143,1.26009,1.26105,101402000000
1146500100000,1.26094,1.26115,1.26041,1.26075,83834100000
1146501000000,1.26083,1.26163,1.26078,1.26107,58865000000
1146501900000,1.26095,1.26163,1.26095,1.26163,46529800000
1146502800000,1.26165,1.26183,1.26136,1.26183,38164600000
1146503700000,1.26187,1.26247,1.26183,1.26211,32192000000
1146504600000,1.26211,1.26248,1.2615,1.26188,35385200000
1146505500000,1.26188,1.26205,1.26161,1.26192,30895000000
1146506400000,1.26196,1.26199,1.261,1.26118,22078300000
1146507300000,1.26119,1.26184,1.26096,1.26162,23128900000
1146508200000,1.26157,1.26165,1.26097,1.26115,49496200000
1146509100000,1.26118,1.2614,1.2609,1.261,54777500000
1146510000000,1.26104,1.26136,1.26033,1.26043,34567000000
1146510900000,1.26044,1.26058,1.25765,1.25919,29717600000
1146511800000,1.25912,1.25942,1.25571,1.25636,21618200000
1146512700000,1.25638,1.25899,1.25545,1.25879,20397400000
1146513600000,1.25887,1.25983,1.25839,1.25902,17516800000
1146514500000,1.25894,1.25906,1.25806,1.2583,14352400000
1146515400000,1.25826,1.25882,1.25791,1.25799,17513500000
1146516300000,1.25798,1.25849,1.25784,1.25814,13952900000
1146517200000,1.25778,1.25883,1.25778,1.25823,7180100000
1146518100000,1.25832,1.25852,1.25729,1.25756,7645900000
1146519000000,1.25765,1.25811,1.25658,1.25685,8669600000
1146519900000,1.25676,1.25688,1.25579,1.25625,7178400000
1146520800000,1.25637,1.25663,1.25598,1.25633,7071900000
1146521700000,1.25631,1.25732,1.25611,1.25727,7758900000
1146522600000,1.25712,1.25764,1.25667,1.2574,7682200000
1146523500000,1.25735,1.25771,1.25714,1.25763,6828100000
1146524400000,1.25761,1.25778,1.25734,1.2574,7498700000
1146525300000,1.25745,1.25778,1.25724,1.25757,7329200000
1146526200000,1.25762,1.25813,1.25602,1.25611,6611900000
1146527100000,1.25611,1.25646,1.25584,1.25638,8092000000
1146528000000,1.25639,1.25749,1.25611,1.25745,8340700000
1146528900000,1.25732,1.25753,1.25674,1.25674,7145900000
1146529800000,1.25668,1.25671,1.25574,1.2563,6930100000
1146530700000,1.25628,1.25721,1.25616,1.25708,7333900000
1146531600000,1.25712,1.25762,1.25704,1.25762,8407900000
1146532500000,1.25756,1.25813,1.25738,1.25753,6875600000
1146533400000,1.25746,1.25792,1.25721,1.25783,8401300000
1146534300000,1.25768,1.25851,1.25768,1.25835,7816200000
1146535200000,1.25819,1.25865,1.25815,1.25835,8308400000
1146536100000,1.25839,1.25856,1.25806,1.25833,7226800000
1146537000000,1.25826,1.25848,1.25813,1.25835,7434100000
1146537900000,1.25835,1.25838,1.25794,1.25817,7362400000
1146538800000,1.25819,1.25836,1.25785,1.25802,5972600000
1146539700000,1.25805,1.25838,1.25791,1.25807,6603600000
1146540600000,1.25814,1.25815,1.2578,1.25784,8025200000
1146541500000,1.25795,1.25802,1.25764,1.25799,6566100000
1146542400000,1.25804,1.25823,1.25783,1.25784,7509100000
1146543300000,1.25785,1.25792,1.25731,1.25731,8690600000
1146544200000,1.25728,1.2576,1.25679,1.2575,6409600000
1146545100000,1.25756,1.25792,1.2574,1.25774,8069500000
1146546000000,1.25768,1.25827,1.25763,1.25811,7137900000
1146546900000,1.25801,1.25818,1.25739,1.25763,6223800000
1146547800000,1.25773,1.25776,1.25704,1.25732,7289600000
1146548700000,1.2573,1.25758,1.25655,1.25659,6773800000
1146549600000,1.25655,1.2581,1.25655,1.2577,7356800000
1146550500000,1.25769,1.25816,1.25725,1.25735,7508700000
1146551400000,1.25745,1.25785,1.25679,1.2569,7832700000
1146552300000,1.2569,1.25722,1.25579,1.25606,7590300000
1146553200000,1.25614,1.25741,1.2559,1.25708,7593200000
1146554100000,1.25704,1.25845,1.25692,1.25765,7225300000
1146555000000,1.25761,1.26064,1.2575,1.26033,6338900000
1146555900000,1.26038,1.2607,1.25916,1.25925,7557700000
1146556800000,1.25928,1.26004,1.25876,1.26001,8171000000
1146557700000,1.25989,1.2601,1.2594,1.25956,6833800000
1146558600000,1.25972,1.26304,1.25972,1.26281,7001600000
1146559500000,1.26292,1.26311,1.26152,1.26172,6588000000
1146560400000,1.26183,1.26285,1.26162,1.2626,7198400000
1146561300000,1.26255,1.26329,1.26255,1.26275,6715200000
1146562200000,1.26285,1.26338,1.26231,1.2632,7553600000
1146563100000,1.26336,1.26462,1.26336,1.26423,7289000000
1146564000000,1.26434,1.26638,1.26434,1.26631,7445700000
1146564900000,1.26626,1.26652,1.26451,1.2646,7007700000
1146565800000,1.26462,1.26465,1.26384,1.26447,8401300000
1146566700000,1.26453,1.26494,1.26368,1.26368,7092400000
1146567600000,1.26359,1.26371,1.26255,1.26313,7565000000
1146568500000,1.26313,1.26315,1.26174,1.2626,8950700000
1146569400000,1.26265,1.26277,1.26185,1.26195,7175600000
1146570300000,1.26189,1.26391,1.26186,1.26327,6631800000
1146571200000,1.26317,1.26435,1.26309,1.26418,6815700000
1146572100000,1.26419,1.26493,1.26405,1.26458,7694500000
1146573000000,1.26461,1.2647,1.26355,1.2637,7702700000
1146573900000,1.2636,1.26415,1.26347,1.26368,7751300000
1146574800000,1.26356,1.26356,1.26255,1.26327,6865500000
1146575700000,1.26324,1.26384,1.26307,1.26372,7715900000
1146576600000,1.26358,1.2648,1.26305,1.2647,7726400000
1146577500000,1.26456,1.26485,1.26323,1.26356,7697400000
1146578400000,1.26353,1.26395,1.26212,1.26282,8804800000
1146579300000,1.26276,1.26457,1.26265,1.26398,6702600000
1146580200000,1.26409,1.26514,1.26395,1.2641,7532500000
1146581100000,1.26406,1.26464,1.26392,1.26412,7665800000
1146582000000,1.26408,1.26466,1.26367,1.26388,5763600000
1146582900000,1.26401,1.26432,1.26343,1.26418,6438500000
1146583800000,1.26415,1.26511,1.26384,1.26445,6823200000
1146584700000,1.2645,1.26488,1.26423,1.26424,6715100000
1146585600000,1.2642,1.26426,1.26211,1.26328,104005300000
1146586500000,1.26328,1.26328,1.26166,1.26284,84331600000
1146587400000,1.26282,1.2633,1.26153,1.26188,60421400000
1146588300000,1.26207,1.2623,1.2605,1.26071,48459200000
1146589200000,1.26085,1.26239,1.26071,1.26226,36472600000
1146590100000,1.26217,1.26249,1.26197,1.26211,32738400000
1146591000000,1.2622,1.26238,1.2616,1.26165,37340200000
1146591900000,1.26169,1.26217,1.26122,1.26158,30416800000
1146592800000,1.26163,1.2617,1.26111,1.2612,22846200000
1146593700000,1.26132,1.26328,1.26132,1.262,24150900000
1146594600000,1.262,1.2621,1.26117,1.26195,48379700000
1146595500000,1.26205,1.26309,1.26205,1.26268,54042800000
1146596400000,1.26261,1.26317,1.26226,1.26275,33312300000
1146597300000,1.26286,1.2631,1.26269,1.26288,29437800000
1146598200000,1.26294,1.2632,1.26196,1.26208,21250900000
1146599100000,1.26209,1.26223,1.26194,1.26198,21509500000
1146600000000,1.26196,1.2625,1.26163,1.26219,17026800000
1146600900000,1.26222,1.26227,1.26123,1.26148,14465600000
1146601800000,1.26143,1.26166,1.26127,1.26165,17082900000
1146602700000,1.26164,1.26197,1.26103,1.26116,13699300000
1146603600000,1.26058,1.26149,1.26058,1.26106,8125100000
1146604500000,1.2612,1.26137,1.26064,1.26072,8690100000
1146605400000,1.26093,1.26127,1.26048,1.26093,7996500000
1146606300000,1.26133,1.26133,1.26065,1.26078,7134900000
1146607200000,1.26089,1.26156,1.26084,1.26107,6382900000
1146608100000,1.26114,1.26153,1.26099,1.26153,7071200000
1146609000000,1.26148,1.26153,1.26123,1.26145,7079000000
1146609900000,1.26144,1.26168,1.26099,1.26137,6760500000
1146610800000,1.2614,1.26147,1.26065,1.26093,7531800000
1146611700000,1.26092,1.26124,1.26073,1.26105,6299600000
1146612600000,1.26095,1.26145,1.26048,1.26065,7175000000
1146613500000,1.26061,1.26123,1.26045,1.26067,7544700000
1146614400000,1.26071,1.26113,1.26045,1.26094,8559100000
1146615300000,1.26096,1.2615,1.26088,1.26105,7165900000
1146616200000,1.26103,1.26146,1.26096,1.26128,7446100000
1146617100000,1.26132,1.26162,1.26116,1.26153,7915500000
1146618000000,1.26161,1.26289,1.26154,1.26253,8420300000
1146618900000,1.26247,1.2633,1.26223,1.26317,7163400000
1146619800000,1.26332,1.26347,1.26282,1.26308,8491900000
1146620700000,1.2629,1.26334,1.26268,1.2632,7651300000
1146621600000,1.26305,1.26337,1.26301,1.26331,8803700000
1146622500000,1.2632,1.26432,1.26305,1.26432,7041700000
1146623400000,1.2643,1.26463,1.2639,1.26404,8586800000
1146624300000,1.26424,1.26462,1.26397,1.2645,8093200000
1146625200000,1.26451,1.26462,1.26406,1.26419,6334500000
1146626100000,1.26418,1.26451,1.2641,1.26432,6870300000
1146627000000,1.26429,1.26452,1.26413,1.26438,7907500000
1146627900000,1.2644,1.26457,1.26416,1.2643,6128000000
1146628800000,1.26432,1.26456,1.26426,1.26442,7070400000
1146629700000,1.26443,1.26443,1.26366,1.26373,8034400000
1146630600000,1.26369,1.26448,1.26362,1.26444,7587300000
1146631500000,1.26443,1.26444,1.2639,1.26416,8175000000
1146632400000,1.26415,1.26443,1.26413,1.2643,6079300000
1146633300000,1.2644,1.26443,1.26401,1.26422,6734800000
1146634200000,1.26423,1.26455,1.2641,1.26444,7080400000
1146635100000,1.26439,1.26503,1.26435,1.26474,6705100000
1146636000000,1.26474,1.26501,1.2645,1.26476,7703200000
1146636900000,1.26475,1.26544,1.26432,1.26535,7925000000
1146637800000,1.26542,1.26674,1.26526,1.26666,7646700000
1146638700000,1.2666,1.2666,1.26509,1.2653,6498900000
1146639600000,1.26534,1.26571,1.26404,1.26446,7992000000
1146640500000,1.26442,1.26484,1.2639,1.26414,7668300000
1146641400000,1.26408,1.26437,1.26295,1.26346,7758900000
1146642300000,1.26353,1.26358,1.26195,1.26197,7491900000
1146643200000,1.26187,1.2629,1.26167,1.2628,7117500000
1146644100000,1.2628,1.26292,1.26192,1.2622,7446700000
1146645000000,1.26223,1.26396,1.26215,1.26367,7445200000
1146645900000,1.26357,1.26442,1.26336,1.26422,6992600000
1146646800000,1.26413,1.2644,1.2638,1.26397,6866800000
1146647700000,1.26398,1.26398,1.26363,1.26384,6456900000
1146648600000,1.26396,1.26403,1.26309,1.26348,7691500000
1146649500000,1.26355,1.26358,1.26274,1.2628,7989900000
1146650400000,1.2628,1.26357,1.2628,1.26326,6950000000
1146651300000,1.26313,1.26339,1.26267,1.26275,7158100000
1146652200000,1.26277,1.26308,1.26207,1.26225,7041300000
1146653100000,1.26236,1.26322,1.26203,1.26312,6720400000
1146654000000,1.26317,1.26338,1.26272,1.26285,7819100000
1146654900000,1.26282,1.2629,1.2622,1.26227,7313600000
1146655800000,1.26221,1.26313,1.26196,1.26299,7889700000
1146656700000,1.26301,1.26331,1.26293,1.26304,6113600000
1146657600000,1.26302,1.26309,1.26185,1.26185,7152300000
1146658500000,1.26194,1.26383,1.26183,1.26272,7395500000
1146659400000,1.26278,1.2631,1.26222,1.26303,7384500000
1146660300000,1.26318,1.26347,1.26261,1.26274,7774800000
1146661200000,1.26261,1.26276,1.26107,1.26157,6723400000
1146662100000,1.26167,1.26255,1.26164,1.26226,7892400000
1146663000000,1.2623,1.26238,1.26137,1.26151,7548400000
1146663900000,1.26155,1.26299,1.26098,1.26241,7536400000
1146664800000,1.26195,1.26195,1.25983,1.26058,8261400000
1146665700000,1.26054,1.26174,1.26054,1.26119,7323000000
1146666600000,1.26116,1.26136,1.25914,1.25964,7646700000
1146667500000,1.25954,1.26102,1.25938,1.26089,7597100000
1146668400000,1.2608,1.26269,1.26069,1.26235,7642500000
1146669300000,1.26241,1.26488,1.2623,1.26386,6807000000
1146670200000,1.2639,1.26418,1.26336,1.2638,8449500000
1146671100000,1.26402,1.26461,1.263,1.26352,7409100000
1146672000000,1.26343,1.26571,1.2634,1.26536,103549800000
1146672900000,1.26531,1.26572,1.26324,1.26384,85099600000
1146673800000,1.26395,1.26423,1.26346,1.2637,61154400000
1146674700000,1.26364,1.264,1.26322,1.26358,45624100000
1146675600000,1.2637,1.26428,1.26341,1.26404,35669000000
1146676500000,1.26411,1.26518,1.2636,1.2636,31334300000
1146677400000,1.26357,1.26443,1.26255,1.26273,35889800000
1146678300000,1.2628,1.26338,1.26235,1.26253,29365200000
1146679200000,1.26245,1.26291,1.26209,1.26268,22702900000
1146680100000,1.2627,1.2635,1.26266,1.26319,24243600000
1146681000000,1.26322,1.2636,1.26275,1.26288,48215700000
1146681900000,1.26295,1.26301,1.26219,1.26241,52171200000
1146682800000,1.26237,1.26277,1.2622,1.26238,33268800000
1146683700000,1.26251,1.26258,1.26212,1.26233,31461300000
1146684600000,1.26233,1.26266,1.26218,1.26229,22159600000
1146685500000,1.26219,1.26257,1.26215,1.2624,19860600000
1146686400000,1.26242,1.2625,1.26227,1.26247,18107400000
1146687300000,1.26233,1.2625,1.2621,1.26233,13959300000
1146688200000,1.2624,1.26295,1.26227,1.26287,17660600000
1146689100000,1.26295,1.26307,1.2626,1.2629,14594200000
1146690000000,1.26246,1.26382,1.26246,1.26367,8525900000
1146690900000,1.26366,1.26397,1.26311,1.26354,8184400000
1146691800000,1.26349,1.2636,1.26281,1.263,7183700000
1146692700000,1.26297,1.26332,1.26264,1.26287,6741400000
1146693600000,1.26285,1.26312,1.26274,1.26296,5447400000
1146694500000,1.26292,1.26308,1.26263,1.2627,7614600000
1146695400000,1.26273,1.26276,1.26215,1.2625,6747500000
1146696300000,1.26249,1.26249,1.2618,1.26189,6938400000
1146697200000,1.26171,1.26234,1.26169,1.26225,7495300000
1146698100000,1.26221,1.26271,1.26204,1.26242,6539300000
1146699000000,1.26245,1.26265,1.26195,1.26203,7780400000
1146699900000,1.26204,1.26295,1.26199,1.26288,7520000000
1146700800000,1.26293,1.26301,1.26262,1.26289,7625600000
1146701700000,1.26292,1.26344,1.26284,1.26332,6403600000
1146702600000,1.26323,1.26332,1.26295,1.26317,6847100000
1146703500000,1.26317,1.26337,1.26281,1.26332,7484700000
1146704400000,1.26335,1.26338,1.26258,1.26303,8455300000
1146705300000,1.26303,1.26326,1.26277,1.26311,7961000000
1146706200000,1.26311,1.26355,1.26307,1.26334,8165600000
1146707100000,1.2632,1.26337,1.26298,1.26315,6959700000
1146708000000,1.2631,1.26323,1.26274,1.26296,8092100000
1146708900000,1.26302,1.26311,1.26266,1.26298,6494800000
1146709800000,1.26302,1.26325,1.26278,1.26315,7917200000
1146710700000,1.26316,1.26337,1.26304,1.26306,7993900000
1146711600000,1.2631,1.26323,1.26276,1.2629,6383200000
1146712500000,1.26286,1.26293,1.26221,1.2623,5988300000
1146713400000,1.26211,1.26221,1.2613,1.26135,8758300000
1146714300000,1.26148,1.26148,1.26067,1.26088,6308800000
1146715200000,1.26086,1.26148,1.26079,1.26093,7651900000
1146716100000,1.26097,1.26148,1.26067,1.2612,7226100000
1146717000000,1.26124,1.2622,1.26123,1.2622,6964300000
1146717900000,1.2622,1.26225,1.2615,1.26192,7290100000
1146718800000,1.26191,1.26248,1.26178,1.26227,5996200000
1146719700000,1.26221,1.26252,1.26191,1.26209,6690800000
1146720600000,1.26218,1.26271,1.2621,1.26248,6562100000
1146721500000,1.2625,1.26262,1.26235,1.26252,6370800000
1146722400000,1.26243,1.26258,1.26096,1.26154,7585100000
1146723300000,1.26149,1.26158,1.2601,1.26024,8267400000
1146724200000,1.26015,1.26054,1.25942,1.25992,7891700000
1146725100000,1.25995,1.26059,1.25983,1.26024,7174400000
1146726000000,1.26028,1.26035,1.25841,1.25947,8369800000
1146726900000,1.25935,1.26084,1.25935,1.25992,8301000000
1146727800000,1.25988,1.26008,1.25919,1.2599,6312600000
1146728700000,1.25995,1.26049,1.25967,1.26,7456400000
1146729600000,1.26005,1.26005,1.25852,1.2587,7693400000
1146730500000,1.25863,1.25919,1.25845,1.25878,6620300000
1146731400000,1.25902,1.25912,1.25757,1.25778,6700400000
1146732300000,1.25769,1.25844,1.25707,1.25816,7166300000
1146733200000,1.25823,1.25935,1.25809,1.2591,6729300000
1146734100000,1.25912,1.25938,1.25849,1.25855,7625500000
1146735000000,1.25862,1.2587,1.25818,1.25852,6889400000
1146735900000,1.2585,1.2596,1.2585,1.25947,8199100000
1146736800000,1.25947,1.25959,1.25835,1.25938,6441700000
1146737700000,1.2595,1.26046,1.25904,1.25973,6460400000
1146738600000,1.2598,1.26071,1.25968,1.26005,8049900000
1146739500000,1.26009,1.26034,1.25927,1.25927,6258700000
1146740400000,1.25927,1.25956,1.25891,1.25948,8015900000
1146741300000,1.25957,1.2602,1.25925,1.25979,7497100000
1146742200000,1.25987,1.26001,1.25936,1.25975,7524300000
1146743100000,1.25981,1.26037,1.25887,1.25957,7306400000
1146744000000,1.25958,1.26009,1.25895,1.25907,7070200000
1146744900000,1.25918,1.26064,1.25918,1.25993,7460500000
1146745800000,1.26007,1.26364,1.25978,1.26243,7938500000
1146746700000,1.26241,1.2628,1.25965,1.2606,8285700000
1146747600000,1.26073,1.26375,1.26053,1.26288,7874000000
1146748500000,1.26292,1.26309,1.26204,1.26253,7755600000
1146749400000,1.26258,1.2639,1.2624,1.26368,7877800000
1146750300000,1.26355,1.26464,1.26335,1.26438,7575400000
1146751200000,1.26425,1.26657,1.26404,1.26566,8120400000
1146752100000,1.26587,1.26881,1.26587,1.26779,7603000000
1146753000000,1.26776,1.2682,1.26693,1.26804,7637100000
1146753900000,1.26815,1.26909,1.26785,1.26863,6978400000
1146754800000,1.26864,1.26939,1.26791,1.26816,6737900000
1146755700000,1.26833,1.26892,1.26734,1.26867,7742400000
1146756600000,1.26863,1.26948,1.26836,1.26876,8517100000
1146757500000,1.26886,1.26941,1.26755,1.26812,7128400000
1146758400000,1.26808,1.26857,1.26629,1.26713,100771900000
1146759300000,1.26727,1.26784,1.26681,1.26716,84473100000
1146760200000,1.26715,1.26754,1.26698,1.26742,61295200000
1146761100000,1.2673,1.26879,1.2673,1.26828,47645500000
1146762000000,1.26807,1.26858,1.26796,1.26814,37625500000
1146762900000,1.26813,1.26919,1.26803,1.26913,33242700000
1146763800000,1.26923,1.26923,1.26776,1.26788,35509000000
1146764700000,1.26798,1.26839,1.26794,1.26825,29836700000
1146765600000,1.26819,1.27172,1.26809,1.27129,21717900000
1146766500000,1.27133,1.27157,1.2707,1.2712,22567900000
1146767400000,1.27122,1.27157,1.27078,1.27142,49065800000
1146768300000,1.27143,1.27161,1.2709,1.2712,51390100000
1146769200000,1.2712,1.27145,1.2709,1.27129,33562000000
1146770100000,1.27141,1.27163,1.27127,1.27156,29513800000
1146771000000,1.27163,1.27163,1.27093,1.27103,21353900000
1146771900000,1.27105,1.27127,1.27044,1.2706,19150300000
1146772800000,1.27063,1.27078,1.27033,1.2705,17096500000
1146773700000,1.27045,1.2705,1.27008,1.27025,14541800000
1146774600000,1.27013,1.27026,1.26956,1.26969,15912900000
1146775500000,1.26965,1.26965,1.26857,1.2689,13399500000
1146776400000,1.26854,1.26963,1.26828,1.26927,7667400000
1146777300000,1.26924,1.26955,1.26879,1.26929,7645900000
1146778200000,1.26926,1.26984,1.26906,1.2695,8036400000
1146779100000,1.26949,1.26973,1.26922,1.26922,7189800000
1146780000000,1.26935,1.26945,1.26903,1.26937,7123700000
1146780900000,1.26934,1.27039,1.2693,1.26985,7167000000
1146781800000,1.26977,1.26986,1.26916,1.26965,7226800000
1146782700000,1.26963,1.26973,1.26898,1.26967,7033400000
1146783600000,1.26965,1.27108,1.26955,1.2709,7145200000
1146784500000,1.27083,1.27109,1.27021,1.27099,7036000000
1146785400000,1.27099,1.27107,1.26986,1.27015,7752200000
1146786300000,1.27008,1.27016,1.26935,1.26944,7753000000
1146787200000,1.26947,1.26951,1.269,1.26916,8446300000
1146788100000,1.26914,1.26942,1.26893,1.26905,7321200000
1146789000000,1.269,1.26917,1.2685,1.26863,8118100000
1146789900000,1.26859,1.26885,1.26837,1.26875,7121600000
1146790800000,1.26873,1.26901,1.26862,1.2687,8240200000
1146791700000,1.26868,1.26907,1.26859,1.26899,7046900000
1146792600000,1.26897,1.26909,1.26833,1.2686,8839200000
1146793500000,1.26841,1.26875,1.26836,1.26865,7457500000
1146794400000,1.26858,1.26861,1.26826,1.26844,7452000000
1146795300000,1.26848,1.26909,1.26836,1.26903,6880100000
1146796200000,1.26907,1.26927,1.26879,1.26917,7390400000
1146797100000,1.26916,1.26945,1.26893,1.26909,9197700000
1146798000000,1.26914,1.26926,1.26855,1.26861,6662700000
1146798900000,1.26867,1.26878,1.26848,1.2687,5835500000
1146799800000,1.26869,1.26917,1.26847,1.26914,7742700000
1146800700000,1.26925,1.26936,1.26889,1.26915,6245900000
1146801600000,1.26915,1.26927,1.26899,1.26912,6484400000
1146802500000,1.26908,1.26949,1.26904,1.26924,9113300000
1146803400000,1.26932,1.2702,1.26919,1.27005,6606700000
1146804300000,1.26992,1.26992,1.26937,1.26981,7273000000
1146805200000,1.26984,1.26997,1.26965,1.26976,6136400000
1146806100000,1.26981,1.27026,1.26969,1.26982,7202900000
1146807000000,1.26976,1.26989,1.26911,1.26921,6748100000
1146807900000,1.26916,1.26951,1.26868,1.26899,6301100000
1146808800000,1.26895,1.26935,1.26876,1.269,7165400000
1146809700000,1.26894,1.26912,1.26833,1.26878,7217200000
1146810600000,1.26877,1.26877,1.26796,1.26822,7560300000
1146811500000,1.26824,1.26903,1.26802,1.26814,7072200000
1146812400000,1.26812,1.26816,1.26731,1.26774,7036000000
1146813300000,1.26775,1.26827,1.26762,1.26825,7450900000
1146814200000,1.26821,1.26913,1.26788,1.2689,7232800000
1146815100000,1.26878,1.27034,1.26875,1.27024,6988200000
1146816000000,1.27022,1.27022,1.26851,1.26864,6636500000
1146816900000,1.26862,1.26879,1.26802,1.26809,7126700000
1146817800000,1.26795,1.2688,1.2674,1.26828,6785800000
1146818700000,1.26837,1.26852,1.26789,1.26842,6239400000
1146819600000,1.26852,1.2688,1.26816,1.26862,6054400000
1146820500000,1.26865,1.26865,1.26795,1.26802,6974700000
1146821400000,1.26813,1.26963,1.26765,1.2692,7451700000
1146822300000,1.26919,1.26993,1.26872,1.26872,7824500000
1146823200000,1.26874,1.26874,1.26743,1.26796,6866200000
1146824100000,1.26793,1.26841,1.26766,1.26797,7262400000
1146825000000,1.26812,1.26834,1.26779,1.26808,7181900000
1146825900000,1.2681,1.26855,1.26801,1.26855,6424800000
1146826800000,1.26864,1.26883,1.26838,1.26851,7104800000
1146827700000,1.26862,1.26913,1.26843,1.26901,7693300000
1146828600000,1.26914,1.26914,1.26855,1.26897,7564700000
1146829500000,1.26894,1.26929,1.26884,1.26917,7088600000
1146830400000,1.26916,1.26967,1.26852,1.2686,6685600000
1146831300000,1.26867,1.26893,1.26756,1.26763,7816400000
1146832200000,1.26912,1.27615,1.26839,1.27342,7242400000
1146833100000,1.27377,1.27543,1.27292,1.27424,7987500000
1146834000000,1.27402,1.27586,1.27391,1.27494,7742600000
1146834900000,1.27494,1.27613,1.27422,1.27608,8259800000
1146835800000,1.27611,1.27611,1.27372,1.2742,8392200000
1146836700000,1.27405,1.27485,1.27335,1.27482,7071500000
1146837600000,1.27482,1.27529,1.27441,1.27518,8936300000
1146838500000,1.27499,1.27499,1.27407,1.27459,7410900000
1146839400000,1.27462,1.27475,1.27304,1.27325,7285700000
1146840300000,1.27325,1.27393,1.27167,1.27378,7671400000
1146841200000,1.27367,1.27375,1.27261,1.27289,7459100000
1146842100000,1.27302,1.27348,1.27233,1.27335,7733100000
1146843000000,1.27344,1.27381,1.27336,1.2735,7224600000
1146843900000,1.27363,1.27372,1.27259,1.27302,7434900000
1146844800000,1.27288,1.2735,1.27262,1.27283,102916500000
1146845700000,1.27293,1.27355,1.27274,1.27329,84652800000
1146846600000,1.27333,1.27369,1.27332,1.27346,60533800000
1146847500000,1.27345,1.27434,1.27335,1.27423,45354700000
1146848400000,1.27432,1.27432,1.27306,1.2735,36772600000
1146849300000,1.27347,1.27424,1.27347,1.27384,33526700000
1146850200000,1.27372,1.27383,1.27281,1.27338,36251900000
1146851100000,1.27346,1.27402,1.27308,1.27395,29907400000
1146852000000,1.27386,1.27403,1.27341,1.27397,22054200000
1146852900000,1.27403,1.27407,1.27332,1.27359,22831600000
1146853800000,1.27353,1.274,1.27334,1.27396,49373700000
1146854700000,1.27402,1.27418,1.2733,1.27344,53213700000
1146855600000,1.2735,1.27356,1.27315,1.27337,33057800000
1146856500000,1.2734,1.27358,1.27317,1.27332,30180600000
1146857400000,1.27332,1.27361,1.27316,1.27322,21461300000
1146858300000,1.27316,1.27335,1.27275,1.27275,19826600000
1146859200000,1.2727,1.27292,1.27239,1.27262,17609700000
1146860100000,1.2725,1.27323,1.27244,1.27312,13928200000
1146861000000,1.27307,1.27317,1.27246,1.27249,17984600000
1146861900000,1.27249,1.27272,1.27225,1.27237,13355500000
1147035600000,1.27222,1.27399,1.27192,1.27386,7890400000
1147036500000,1.27386,1.27472,1.27337,1.27425,8137700000
1147037400000,1.27386,1.27414,1.27289,1.27308,8304000000
1147038300000,1.27295,1.27397,1.27287,1.27381,8688600000
1147039200000,1.2741,1.27423,1.27318,1.2734,6556600000
1147040100000,1.27352,1.27398,1.27324,1.27325,6750400000
1147041000000,1.27318,1.27347,1.27283,1.27305,7862700000
1147041900000,1.27293,1.27333,1.27288,1.27303,5855700000
1147042800000,1.2729,1.27306,1.27243,1.27254,8126300000
1147043700000,1.27266,1.27401,1.27257,1.27392,7347700000
1147044600000,1.27407,1.27485,1.27396,1.2743,6343200000
1147045500000,1.27412,1.27442,1.27383,1.27397,7380400000
1147046400000,1.27385,1.27426,1.2735,1.27403,10975000000
1147047300000,1.27405,1.27446,1.27392,1.2741,12183100000
1147048200000,1.27402,1.27475,1.27297,1.27302,10429400000
1147049100000,1.27292,1.27361,1.27179,1.27193,10974400000
1147050000000,1.27198,1.27285,1.27178,1.27207,12702600000
1147050900000,1.27204,1.27268,1.2719,1.27261,10935500000
1147051800000,1.27251,1.27264,1.27134,1.27149,13047700000
1147052700000,1.27142,1.27226,1.2713,1.27174,11626500000
1147053600000,1.27171,1.27237,1.27169,1.27225,13481500000
1147054500000,1.27224,1.27286,1.27195,1.27277,10779800000
1147055400000,1.27276,1.27295,1.2722,1.2724,12509900000
1147056300000,1.27229,1.27243,1.27203,1.2723,10723600000
1147057200000,1.2723,1.27243,1.2717,1.272,10259300000
1147058100000,1.27203,1.27245,1.27187,1.27215,9703700000
1147059000000,1.27221,1.27266,1.27215,1.27252,12804200000
1147059900000,1.27266,1.27291,1.2722,1.27235,10523400000
1147060800000,1.27232,1.27268,1.27219,1.27262,11970800000
1147061700000,1.27268,1.27282,1.27237,1.27259,12040600000
1147062600000,1.27253,1.2731,1.27235,1.27278,9362500000
1147063500000,1.27271,1.27318,1.27258,1.27304,10923400000
1147064400000,1.273,1.27342,1.27267,1.27312,9301800000
1147065300000,1.27312,1.27391,1.27305,1.27363,11080900000
1147066200000,1.27355,1.27392,1.2734,1.27372,11965200000
1147067100000,1.27367,1.27394,1.27321,1.27338,10108600000
1147068000000,1.27329,1.27393,1.27312,1.27378,10848600000
1147068900000,1.27368,1.27386,1.27317,1.27343,12373100000
1147069800000,1.27342,1.27342,1.27246,1.27295,11215200000
1147070700000,1.27298,1.27477,1.2725,1.27439,11621100000
1147071600000,1.27461,1.27502,1.27395,1.27471,11059600000
1147072500000,1.27457,1.2755,1.27457,1.27534,11282900000
1147073400000,1.27539,1.27549,1.27461,1.27483,10930600000
1147074300000,1.27475,1.27492,1.27428,1.2745,10418300000
1147075200000,1.27449,1.27512,1.27419,1.27491,10699800000
1147076100000,1.27505,1.27762,1.27473,1.27757,10578400000
1147077000000,1.27781,1.27838,1.27736,1.27796,11037700000
1147077900000,1.278,1.27828,1.27676,1.27694,10062100000
1147078800000,1.27692,1.27722,1.27618,1.27692,10562200000
1147079700000,1.27707,1.27736,1.27673,1.27696,10011000000
1147080600000,1.27721,1.27731,1.27672,1.27709,12772800000
1147081500000,1.27706,1.27769,1.27682,1.27762,10599100000
1147082400000,1.27763,1.27773,1.27643,1.27686,10299600000
1147083300000,1.27687,1.27699,1.2759,1.27594,11219700000
1147084200000,1.27602,1.27653,1.2758,1.27631,11597500000
1147085100000,1.27634,1.27643,1.27549,1.27579,11885700000
1147086000000,1.27582,1.27649,1.27573,1.27614,10265300000
1147086900000,1.27617,1.2772,1.27593,1.27621,11904000000
1147087800000,1.27611,1.277,1.27595,1.27698,11445800000
1147088700000,1.27679,1.27691,1.27619,1.27628,9375100000
1147089600000,1.27634,1.27636,1.27531,1.27546,10756400000
1147090500000,1.27537,1.2755,1.2747,1.2753,10207100000
1147091400000,1.2753,1.27542,1.2746,1.27498,11564900000
1147092300000,1.27487,1.27497,1.27404,1.27446,11944900000
1147093200000,1.27466,1.27512,1.27465,1.27492,9415600000
1147094100000,1.27496,1.27503,1.27433,1.27439,10810500000
1147095000000,1.27451,1.27471,1.27243,1.273,12312200000
1147095900000,1.27296,1.2731,1.2709,1.2709,11243000000
1147096800000,1.27109,1.27195,1.26987,1.27009,12671700000
1147097700000,1.27015,1.27126,1.26937,1.2711,10769100000
1147098600000,1.27141,1.27223,1.2702,1.27062,12094400000
1147099500000,1.27065,1.27165,1.27059,1.27163,10194400000
1147100400000,1.27163,1.27201,1.27108,1.27185,10995900000
1147101300000,1.27183,1.27232,1.27124,1.27218,11146800000
1147102200000,1.27216,1.27262,1.27162,1.2726,13056100000
1147103100000,1.27246,1.27265,1.27153,1.27175,11196500000
1147104000000,1.27161,1.2724,1.2715,1.27159,157947000000
1147104900000,1.27155,1.27175,1.27094,1.27144,123389200000
1147105800000,1.27148,1.27159,1.27066,1.27075,89780500000
1147106700000,1.27087,1.27127,1.2707,1.27123,69571300000
1147107600000,1.27106,1.27118,1.27021,1.27032,53733900000
1147108500000,1.27029,1.27047,1.26987,1.27047,48987900000
1147109400000,1.27048,1.27064,1.26993,1.27025,52683800000
1147110300000,1.27038,1.27046,1.2699,1.2702,45353900000
1147111200000,1.27009,1.27061,1.26918,1.2698,33968500000
1147112100000,1.26978,1.27068,1.26948,1.27058,34048800000
1147113000000,1.27063,1.27107,1.27044,1.27068,73962200000
1147113900000,1.27074,1.27074,1.26956,1.27022,78374100000
1147114800000,1.27036,1.27036,1.26971,1.2699,49709600000
1147115700000,1.26987,1.27016,1.26962,1.27006,45887100000
1147116600000,1.27007,1.27053,1.26997,1.2704,32545800000
1147117500000,1.27031,1.27055,1.27015,1.27031,30572800000
1147118400000,1.27042,1.2712,1.27033,1.27113,24523100000
1147119300000,1.2712,1.27141,1.2709,1.27112,21263400000
1147120200000,1.27118,1.27133,1.27071,1.2709,26208100000
1147121100000,1.27084,1.27113,1.27043,1.27069,20803700000
1147122000000,1.27028,1.27083,1.27005,1.27038,11423500000
1147122900000,1.27057,1.27065,1.26963,1.27014,11735200000
1147123800000,1.27005,1.27046,1.26952,1.26988,12927800000
1147124700000,1.26977,1.2701,1.26961,1.27005,11949500000
1147125600000,1.26995,1.2704,1.2699,1.26992,10330800000
1147126500000,1.26991,1.27021,1.2694,1.2699,11126400000
1147127400000,1.2699,1.27012,1.26963,1.26978,10480700000
1147128300000,1.26992,1.27031,1.26968,1.26979,10202100000
1147129200000,1.26984,1.27028,1.26968,1.27018,11479100000
1147130100000,1.27017,1.27028,1.26981,1.27016,10484600000
1147131000000,1.27024,1.27047,1.26991,1.27008,11228900000
1147131900000,1.2701,1.27022,1.26958,1.26979,11447500000
1147132800000,1.26975,1.27022,1.26915,1.26923,8037400000
1147133700000,1.26918,1.2693,1.2686,1.26894,7648800000
1147134600000,1.26913,1.27018,1.26905,1.26916,6909700000
1147135500000,1.26923,1.26973,1.26902,1.26951,7160600000
1147136400000,1.26967,1.26995,1.2691,1.26988,8197100000
1147137300000,1.26989,1.27023,1.26946,1.27021,8298700000
1147138200000,1.27024,1.27066,1.27008,1.27044,8153900000
1147139100000,1.2704,1.27085,1.2688,1.26885,7993700000
1147140000000,1.26868,1.26914,1.26848,1.26859,8224100000
1147140900000,1.26852,1.2687,1.26812,1.26821,6458000000
1147141800000,1.26818,1.26878,1.26807,1.26864,7889800000
1147142700000,1.26861,1.26914,1.26828,1.26835,7819000000
1147143600000,1.2683,1.26892,1.26828,1.26883,6278900000
1147144500000,1.26885,1.26903,1.26861,1.26867,6447300000
1147145400000,1.26875,1.26892,1.26816,1.26874,8125000000
1147146300000,1.2688,1.26915,1.26851,1.26915,6414400000
1147147200000,1.2692,1.27009,1.26905,1.26944,7176100000
1147148100000,1.26937,1.26949,1.2691,1.26935,9032100000
1147149000000,1.2694,1.26979,1.26918,1.26944,6621800000
1147149900000,1.2694,1.26948,1.26878,1.26928,7177400000
1147150800000,1.26933,1.26951,1.26895,1.2693,6118100000
1147151700000,1.26939,1.26966,1.26916,1.26953,6890000000
1147152600000,1.26963,1.2697,1.26918,1.26938,7241700000
1147153500000,1.26926,1.26963,1.26866,1.26963,6480700000
1147154400000,1.26952,1.27031,1.26862,1.26879,8362400000
1147155300000,1.26889,1.26926,1.26835,1.2686,7496800000
1147156200000,1.26876,1.26893,1.26739,1.26782,8390300000
1147157100000,1.26791,1.26894,1.26665,1.26758,8271900000
1147158000000,1.26779,1.26784,1.2661,1.26633,7472400000
1147158900000,1.26623,1.26726,1.26612,1.26713,7562900000
1147159800000,1.26704,1.26749,1.26654,1.26735,6331300000
1147160700000,1.26735,1.26751,1.26698,1.26713,6610500000
1147161600000,1.26709,1.26812,1.26641,1.26796,8068500000
1147162500000,1.26811,1.2683,1.26778,1.26809,5740100000
1147163400000,1.26827,1.26917,1.26807,1.26914,7087300000
1147164300000,1.26913,1.26982,1.2687,1.26952,7546500000
1147165200000,1.26954,1.26978,1.26867,1.2688,6814300000
1147166100000,1.26887,1.26965,1.26878,1.26955,6695000000
1147167000000,1.26955,1.27003,1.26928,1.26942,7031700000
1147167900000,1.26941,1.2695,1.26803,1.26819,7612500000
1147168800000,1.26818,1.26818,1.26713,1.26764,6964100000
1147169700000,1.26761,1.26817,1.26715,1.26803,6820000000
1147170600000,1.26798,1.26864,1.26787,1.26843,6736100000
1147171500000,1.26834,1.2688,1.26807,1.26873,5841000000
1147172400000,1.26866,1.26955,1.26845,1.2689,6924500000
1147173300000,1.26902,1.27048,1.26895,1.26988,8524900000
1147174200000,1.26978,1.27004,1.26934,1.26978,8264800000
1147175100000,1.26982,1.26988,1.26888,1.26913,6549100000
1147176000000,1.26917,1.26995,1.26911,1.26949,6574800000
1147176900000,1.26943,1.26988,1.26913,1.26932,8167300000
1147177800000,1.26933,1.2697,1.26885,1.26962,7017700000
1147178700000,1.26965,1.27105,1.26905,1.27088,8098000000
1147179600000,1.27073,1.27202,1.27064,1.27109,6980400000
1147180500000,1.27108,1.27302,1.27086,1.27272,7205100000
1147181400000,1.27289,1.27313,1.27242,1.27273,7963600000
1147182300000,1.27267,1.27416,1.27249,1.27416,7240200000
1147183200000,1.27426,1.27589,1.27416,1.27516,8316700000
1147184100000,1.27517,1.2772,1.27515,1.27634,6799500000
1147185000000,1.27644,1.27805,1.27599,1.27604,7357400000
1147185900000,1.27606,1.27653,1.2754,1.27598,7889800000
1147186800000,1.27602,1.27739,1.27559,1.27673,7130300000
1147187700000,1.27686,1.27695,1.27559,1.27587,7271200000
1147188600000,1.27581,1.27592,1.27462,1.27505,8619600000
1147189500000,1.27512,1.2753,1.27427,1.27441,7022800000
1147190400000,1.27439,1.27514,1.27439,1.27479,103646400000
1147191300000,1.27478,1.27568,1.27477,1.27565,83210000000
1147192200000,1.27556,1.27628,1.2755,1.2755,61249000000
1147193100000,1.27545,1.27592,1.27524,1.2753,48139700000
1147194000000,1.27535,1.2756,1.27499,1.27518,38305200000
1147194900000,1.27518,1.27604,1.27486,1.2759,33560300000
1147195800000,1.27585,1.2761,1.2754,1.27556,36603500000
1147196700000,1.27558,1.27563,1.27513,1.27532,28787000000
1147197600000,1.27529,1.27571,1.27507,1.27564,22076200000
1147198500000,1.27569,1.27588,1.27521,1.27534,23020600000
1147199400000,1.27535,1.27549,1.27509,1.2753,49901300000
1147200300000,1.27537,1.27556,1.2752,1.27521,52398400000
1147201200000,1.27527,1.27547,1.27512,1.27524,34156400000
1147202100000,1.27524,1.2753,1.27481,1.2751,29985700000
1147203000000,1.2751,1.27532,1.27492,1.27511,20957500000
1147203900000,1.27517,1.27522,1.27477,1.2749,20084000000
1147204800000,1.27496,1.27512,1.27461,1.27498,17421900000
1147205700000,1.27501,1.27521,1.27479,1.27495,15042800000
1147206600000,1.27487,1.27572,1.27487,1.27565,18196100000
1147207500000,1.27565,1.27607,1.27543,1.27585,13264300000
1147208400000,1.27513,1.27617,1.27513,1.27561,8398000000
1147209300000,1.27575,1.2759,1.27496,1.27546,7658400000
1147210200000,1.27533,1.27568,1.27513,1.27542,8578900000
1147211100000,1.27536,1.27613,1.27533,1.27592,7778400000
1147212000000,1.27605,1.27612,1.27525,1.27525,8151500000
1147212900000,1.27532,1.27574,1.27507,1.27568,7282400000
1147213800000,1.27569,1.27592,1.27516,1.27572,6993500000
1147214700000,1.27571,1.27659,1.27552,1.27647,5858600000
1147215600000,1.27639,1.27679,1.27609,1.27625,8707200000
1147216500000,1.27635,1.27644,1.27576,1.27577,7337500000
1147217400000,1.27577,1.27584,1.2753,1.2754,7788100000
1147218300000,1.27535,1.27606,1.27499,1.27594,7463600000
1147219200000,1.27589,1.27589,1.27499,1.27528,7617800000
1147220100000,1.27531,1.27552,1.27497,1.27545,7618300000
1147221000000,1.2755,1.27584,1.27533,1.27562,6508700000
1147221900000,1.27562,1.27572,1.27531,1.27542,6943400000
1147222800000,1.27546,1.27575,1.2751,1.27533,8039400000
1147223700000,1.27541,1.27569,1.2752,1.27559,7102800000
1147224600000,1.27564,1.27608,1.27536,1.27604,8858500000
1147225500000,1.27591,1.27642,1.27591,1.27615,7690100000
1147226400000,1.27611,1.27625,1.27584,1.27605,7662000000
1147227300000,1.27611,1.27624,1.2758,1.27587,7123000000
1147228200000,1.27584,1.27594,1.27536,1.27539,7593200000
1147229100000,1.27547,1.27578,1.27517,1.27562,7904300000
1147230000000,1.27563,1.2757,1.27532,1.2754,6314000000
1147230900000,1.27549,1.27588,1.27541,1.27587,6255500000
1147231800000,1.27583,1.27593,1.2754,1.27569,8739800000
1147232700000,1.27562,1.27622,1.27552,1.27582,7092900000
1147233600000,1.27587,1.27639,1.27545,1.27616,7618300000
1147234500000,1.27624,1.27631,1.27563,1.27615,8292400000
1147235400000,1.27613,1.27645,1.27578,1.27605,7763400000
1147236300000,1.27605,1.27618,1.27578,1.27614,7073400000
1147237200000,1.27605,1.27635,1.27578,1.27622,6431400000
1147238100000,1.27608,1.27643,1.27586,1.27589,7015500000
1147239000000,1.276,1.27698,1.27598,1.27652,5177700000
1147239900000,1.27637,1.27692,1.27619,1.27661,7217700000
1147240800000,1.2766,1.27706,1.27643,1.27696,7188200000
1147241700000,1.27685,1.27687,1.27632,1.27662,7524300000
1147242600000,1.27659,1.27703,1.27607,1.27693,7806800000
1147243500000,1.27698,1.2801,1.27698,1.27834,6917100000
1147244400000,1.2783,1.27905,1.278,1.27875,7488100000
1147245300000,1.27887,1.28003,1.27885,1.27965,6545600000
1147246200000,1.27953,1.27968,1.2787,1.2788,6958300000
1147247100000,1.27876,1.2793,1.27838,1.27904,7627700000
1147248000000,1.27904,1.27907,1.27838,1.27855,6746900000
1147248900000,1.27852,1.27861,1.27687,1.27719,7698600000
1147249800000,1.27742,1.27826,1.27681,1.27742,6604700000
1147250700000,1.2773,1.27811,1.27721,1.27765,6506800000
1147251600000,1.27785,1.27839,1.27739,1.27756,7180300000
1147252500000,1.27759,1.27822,1.2773,1.2776,5941900000
1147253400000,1.27781,1.27825,1.27748,1.27778,7872000000
1147254300000,1.27778,1.27889,1.27778,1.27852,7934200000
1147255200000,1.27842,1.2796,1.27821,1.27899,6713300000
1147256100000,1.27898,1.2798,1.2789,1.27938,7144500000
1147257000000,1.27942,1.27983,1.27857,1.27876,7401700000
1147257900000,1.27872,1.27935,1.27839,1.27852,6531200000
1147258800000,1.27858,1.27898,1.27839,1.27868,8070700000
1147259700000,1.2785,1.27921,1.27829,1.27904,8196800000
1147260600000,1.27914,1.27928,1.27854,1.27919,7965900000
1147261500000,1.27914,1.27942,1.27878,1.27898,7013100000
1147262400000,1.27895,1.27909,1.27752,1.27766,7619700000
1147263300000,1.27763,1.27832,1.27717,1.27757,8219700000
1147264200000,1.27765,1.27907,1.27758,1.27872,7200000000
1147265100000,1.27871,1.27889,1.27815,1.27818,8406100000
1147266000000,1.27822,1.27878,1.27815,1.27869,7271900000
1147266900000,1.2787,1.27878,1.27733,1.27746,6489400000
1147267800000,1.2773,1.2785,1.2769,1.2784,7957700000
1147268700000,1.27847,1.27898,1.27807,1.27837,7129400000
1147269600000,1.27822,1.27924,1.27822,1.27915,7201200000
1147270500000,1.27918,1.28109,1.27907,1.2806,8056200000
1147271400000,1.28082,1.28095,1.27923,1.27945,8388100000
1147272300000,1.27932,1.28032,1.27923,1.27957,6425100000
1147273200000,1.27944,1.27953,1.27867,1.27913,7958200000
1147274100000,1.27917,1.28061,1.27874,1.28061,6384900000
1147275000000,1.28044,1.28118,1.27973,1.27995,7653500000
1147275900000,1.28012,1.28046,1.27955,1.27966,7336500000
1147276800000,1.27956,1.27988,1.27897,1.27918,100035700000
1147277700000,1.27921,1.27932,1.27829,1.2784,84999200000
1147278600000,1.27835,1.27851,1.27769,1.2783,59049600000
1147279500000,1.27837,1.27865,1.2779,1.27815,49545300000
1147280400000,1.27811,1.27918,1.27811,1.27862,37898900000
1147281300000,1.27855,1.27911,1.27851,1.27906,32846800000
1147282200000,1.27907,1.27938,1.27871,1.27883,35518200000
1147283100000,1.27888,1.27957,1.27875,1.27914,30461800000
1147284000000,1.27917,1.28073,1.27878,1.27995,23096800000
1147284900000,1.2799,1.28078,1.27532,1.27688,22561500000
1147285800000,1.277,1.28296,1.27667,1.28217,44533300000
1147286700000,1.282,1.28224,1.28046,1.28081,52396000000
1147287600000,1.2809,1.28135,1.27987,1.28002,34753400000
1147288500000,1.28011,1.28117,1.27976,1.28106,30281600000
1147289400000,1.28111,1.28145,1.28083,1.281,21466900000
1147290300000,1.281,1.28142,1.28078,1.28106,21188100000
1147291200000,1.28087,1.28174,1.27777,1.27919,17328100000
1147292100000,1.27907,1.27973,1.27888,1.27939,15073200000
1147293000000,1.27933,1.27951,1.27907,1.27925,17797600000
1147293900000,1.27918,1.27935,1.27774,1.27785,13231600000
1147294800000,1.27746,1.27821,1.27746,1.27788,8590000000
1147295700000,1.27803,1.27907,1.27794,1.27872,7930200000
1147296600000,1.2785,1.27888,1.27828,1.27867,7505600000
1147297500000,1.27863,1.27889,1.27783,1.27796,7833300000
1147298400000,1.27799,1.27871,1.2779,1.27813,6256500000
1147299300000,1.27817,1.2782,1.27714,1.27733,6790500000
1147300200000,1.27725,1.27758,1.27696,1.27714,6697700000
1147301100000,1.27703,1.2772,1.27674,1.27708,6905900000
1147302000000,1.27712,1.27727,1.27669,1.27689,7992300000
1147302900000,1.27683,1.27683,1.27599,1.27616,7039500000
1147303800000,1.27616,1.27623,1.2754,1.27558,8708900000
1147304700000,1.27556,1.27575,1.27496,1.27558,8100700000
1147305600000,1.2756,1.27655,1.2756,1.27574,7005300000
1147306500000,1.27578,1.27581,1.27528,1.27538,7556000000
1147307400000,1.27534,1.27572,1.27489,1.27512,7279100000
1147308300000,1.2752,1.27588,1.27509,1.27523,7890500000
1147309200000,1.27518,1.27531,1.27296,1.27304,8729700000
1147310100000,1.27297,1.27303,1.27202,1.27269,7647500000
1147311000000,1.2726,1.27278,1.27141,1.27264,8553200000
1147311900000,1.27258,1.27287,1.27147,1.27155,7500100000
1147312800000,1.27152,1.27317,1.27147,1.27317,8438600000
1147313700000,1.27315,1.27356,1.27296,1.27314,6995700000
1147314600000,1.27317,1.27392,1.273,1.27369,7939900000
1147315500000,1.2737,1.27391,1.27326,1.27343,7456400000
1147316400000,1.27346,1.27372,1.27332,1.27357,5853300000
1147317300000,1.27356,1.27371,1.27255,1.27264,6885300000
1147318200000,1.27253,1.27261,1.27174,1.27223,8869500000
1147319100000,1.27228,1.27368,1.27205,1.2735,6669200000
1147320000000,1.27375,1.27391,1.27357,1.27363,8279300000
1147320900000,1.27382,1.27391,1.27352,1.27365,8818500000
1147321800000,1.27363,1.27368,1.27281,1.27315,5772800000
1147322700000,1.27308,1.27323,1.27282,1.27302,6535900000
1147323600000,1.2729,1.2729,1.27243,1.27253,5924300000
1147324500000,1.27263,1.27351,1.2725,1.27335,7034100000
1147325400000,1.27343,1.27367,1.2729,1.27356,7433400000
1147326300000,1.27358,1.27372,1.27311,1.27346,7204500000
1147327200000,1.27327,1.2736,1.27313,1.2735,6917200000
1147328100000,1.27358,1.27427,1.27341,1.27418,7987400000
1147329000000,1.27436,1.2755,1.27412,1.27539,7735100000
1147329900000,1.27538,1.27538,1.27277,1.27309,7456700000
1147330800000,1.27314,1.27436,1.27296,1.27315,7377400000
1147331700000,1.27315,1.27328,1.26994,1.26998,8193300000
1147332600000,1.27006,1.27128,1.26972,1.27108,8188400000
1147333500000,1.27098,1.27108,1.26842,1.2694,7736500000
1147334400000,1.26948,1.27124,1.26922,1.27041,7520800000
1147335300000,1.27033,1.27188,1.27017,1.27175,6976900000
1147336200000,1.27204,1.27254,1.2711,1.27145,7061200000
1147337100000,1.27138,1.27138,1.27026,1.27042,5923400000
1147338000000,1.27049,1.27168,1.27048,1.27145,6379400000
1147338900000,1.27133,1.27236,1.2712,1.27193,6771200000
1147339800000,1.27203,1.27223,1.2715,1.272,8046000000
1147340700000,1.27188,1.27213,1.27123,1.27137,6822000000
1147341600000,1.27144,1.2719,1.27082,1.27114,7117100000
1147342500000,1.2711,1.27167,1.27067,1.27141,7648100000
1147343400000,1.27153,1.27196,1.27132,1.27167,7941400000
1147344300000,1.27166,1.27221,1.27121,1.27123,7007200000
1147345200000,1.27123,1.2719,1.27117,1.27184,7345700000
1147346100000,1.27192,1.27198,1.27127,1.27142,7833700000
1147347000000,1.2714,1.27164,1.27021,1.27057,7287800000
1147347900000,1.27046,1.27148,1.27031,1.27148,7647800000
1147348800000,1.27142,1.27194,1.27123,1.27133,6509200000
1147349700000,1.27137,1.27309,1.27123,1.2724,7621100000
1147350600000,1.27307,1.27718,1.27162,1.27526,8162500000
1147351500000,1.2753,1.27533,1.27344,1.27359,7938700000
1147352400000,1.27349,1.27464,1.27326,1.27462,6949500000
1147353300000,1.2745,1.2753,1.27361,1.27515,7091100000
1147354200000,1.27518,1.27564,1.27432,1.27564,7198800000
1147355100000,1.2758,1.27845,1.27577,1.27777,7479800000
1147356000000,1.2776,1.27962,1.27632,1.27922,8496700000
1147356900000,1.2793,1.27957,1.27852,1.2792,7630000000
1147357800000,1.27919,1.28287,1.27914,1.28254,7206100000
1147358700000,1.28249,1.28346,1.28129,1.2817,6602000000
1147359600000,1.282,1.28278,1.28132,1.28278,6957400000
1147360500000,1.28284,1.28316,1.282,1.28246,7209600000
1147361400000,1.28244,1.28516,1.28234,1.28445,7610900000
1147362300000,1.28465,1.28591,1.28319,1.285,8195100000
1147363200000,1.28493,1.28602,1.28464,1.28541,103779800000
1147364100000,1.2853,1.28541,1.28337,1.28387,82564300000
1147365000000,1.2839,1.28488,1.28346,1.28477,60720100000
1147365900000,1.28476,1.28696,1.28476,1.28594,46087500000
1147366800000,1.28595,1.28649,1.28533,1.28561,38375600000
1147367700000,1.28549,1.28558,1.28424,1.2848,31085600000
1147368600000,1.28475,1.28475,1.28379,1.28425,35709800000
1147369500000,1.2843,1.28542,1.2843,1.28517,31567300000
1147370400000,1.28511,1.28534,1.28472,1.28516,22211100000
1147371300000,1.28513,1.28556,1.28505,1.28535,23256900000
1147372200000,1.28533,1.28578,1.28509,1.28556,48862600000
1147373100000,1.28557,1.28577,1.28484,1.28484,49617200000
1147374000000,1.28485,1.28501,1.28437,1.28454,34527700000
1147374900000,1.28468,1.28477,1.28425,1.28441,32682800000
1147375800000,1.2844,1.28467,1.28393,1.28396,20639600000
1147376700000,1.28391,1.28421,1.28356,1.28419,20924700000
1147377600000,1.2842,1.28432,1.28396,1.28415,16327700000
1147378500000,1.28413,1.28426,1.28378,1.28388,13806800000
1147379400000,1.2839,1.28398,1.28336,1.28362,17085900000
1147380300000,1.2835,1.28378,1.28278,1.28345,14445700000
1147381200000,1.28302,1.28341,1.28267,1.28296,8091000000
1147382100000,1.28308,1.28331,1.28221,1.28318,7923800000
1147383000000,1.2831,1.28335,1.28298,1.28328,7675400000
1147383900000,1.28333,1.28345,1.28285,1.28316,6549900000
1147384800000,1.2832,1.28337,1.28296,1.28318,6628100000
1147385700000,1.28328,1.28403,1.28326,1.28395,6483600000
1147386600000,1.28386,1.28472,1.28382,1.28464,7838100000
1147387500000,1.28451,1.28504,1.28438,1.28504,6478200000
1147388400000,1.28512,1.28541,1.28469,1.28497,7052300000
1147389300000,1.28497,1.28549,1.28462,1.28537,7455600000
1147390200000,1.28573,1.28612,1.28551,1.28591,6746500000
1147391100000,1.28572,1.28583,1.28451,1.28465,7226900000
1147392000000,1.28462,1.287,1.28452,1.28678,7359500000
1147392900000,1.2868,1.28688,1.28596,1.28613,8173900000
1147393800000,1.28609,1.2862,1.28504,1.28517,6721000000
1147394700000,1.285,1.28572,1.28475,1.28518,7500200000
1147395600000,1.28526,1.28576,1.28495,1.28546,7833300000
1147396500000,1.28546,1.28553,1.28467,1.28529,7538800000
1147397400000,1.28522,1.28552,1.2847,1.28489,8300600000
1147398300000,1.28473,1.28512,1.28467,1.28474,7473300000
1147399200000,1.28469,1.28474,1.284,1.28442,8306700000
1147400100000,1.28437,1.28475,1.28425,1.28447,6527600000
1147401000000,1.28448,1.28505,1.28432,1.28475,7765600000
1147401900000,1.28466,1.28508,1.28455,1.28502,7467300000
1147402800000,1.28502,1.28515,1.28481,1.28495,6570500000
1147403700000,1.28507,1.28528,1.28496,1.28511,6149600000
1147404600000,1.2852,1.28554,1.28456,1.28473,8843500000
1147405500000,1.28466,1.2852,1.28436,1.28491,7359300000
1147406400000,1.28504,1.28512,1.28476,1.28502,7155700000
1147407300000,1.28506,1.28543,1.2848,1.28516,8955400000
1147408200000,1.28506,1.28573,1.28502,1.28568,6696000000
1147409100000,1.28571,1.28603,1.28543,1.28598,7337100000
1147410000000,1.28593,1.28638,1.28593,1.2863,6866000000
1147410900000,1.28612,1.28623,1.28521,1.28559,7375900000
1147411800000,1.28565,1.28612,1.28545,1.28612,6772300000
1147412700000,1.28601,1.28727,1.28598,1.28707,7708900000
1147413600000,1.28685,1.28699,1.28629,1.28666,7658000000
1147414500000,1.28672,1.28814,1.28671,1.28789,6841400000
1147415400000,1.28782,1.28792,1.28594,1.28633,7612000000
1147416300000,1.28633,1.28766,1.28618,1.28731,6329800000
1147417200000,1.28723,1.28812,1.2866,1.28773,7662900000
1147418100000,1.28761,1.28944,1.2876,1.28934,7455600000
1147419000000,1.28943,1.29045,1.2886,1.2886,7173800000
1147419900000,1.28875,1.28928,1.28822,1.28837,6894800000
1147420800000,1.2883,1.28885,1.28818,1.28866,7100300000
1147421700000,1.2888,1.29018,1.2888,1.28949,8093300000
1147422600000,1.28961,1.28984,1.28923,1.2894,7583100000
1147423500000,1.28937,1.28967,1.28917,1.28952,7338400000
1147424400000,1.28981,1.29001,1.28875,1.28941,6727200000
1147425300000,1.28944,1.28985,1.28903,1.28971,6516500000
1147426200000,1.28981,1.29528,1.28964,1.29407,8181500000
1147427100000,1.29422,1.29427,1.29182,1.29183,7155600000
1147428000000,1.29177,1.29318,1.2914,1.29244,6454600000
1147428900000,1.29229,1.29274,1.29176,1.29224,7168900000
1147429800000,1.29232,1.29243,1.29093,1.29224,7831400000
1147430700000,1.29227,1.2926,1.29182,1.29186,6876100000
1147431600000,1.29185,1.29226,1.29154,1.29197,7745300000
1147432500000,1.29195,1.29221,1.29131,1.2914,7370800000
1147433400000,1.29136,1.29187,1.29115,1.29187,6476500000
1147434300000,1.29189,1.29189,1.28996,1.29,7201000000
1147435200000,1.28991,1.29155,1.28977,1.29114,7519400000
1147436100000,1.2911,1.29144,1.28457,1.28536,7589800000
1147437000000,1.28476,1.28977,1.28424,1.28847,8098500000
1147437900000,1.28899,1.29274,1.28899,1.2921,8150800000
1147438800000,1.29207,1.29207,1.28777,1.28783,7980700000
1147439700000,1.2879,1.29022,1.28729,1.29005,8682100000
1147440600000,1.2902,1.29094,1.28903,1.28994,8273300000
1147441500000,1.2899,1.29197,1.28819,1.28824,8027300000
1147442400000,1.28887,1.29164,1.28883,1.28894,8566000000
1147443300000,1.28887,1.28961,1.2878,1.28846,7234600000
1147444200000,1.28867,1.28941,1.28694,1.28813,7311600000
1147445100000,1.28818,1.28846,1.28723,1.28802,7501100000
1147446000000,1.28797,1.28947,1.28794,1.28938,6654100000
1147446900000,1.2894,1.29003,1.288,1.28807,7487200000
1147447800000,1.28794,1.28812,1.2864,1.28759,8186400000
1147448700000,1.28765,1.28855,1.28719,1.28843,7621500000
1147449600000,1.28836,1.28841,1.28734,1.28805,105401700000
1147450500000,1.28795,1.28831,1.28614,1.28635,84320800000
1147451400000,1.28627,1.28782,1.28625,1.28747,61037500000
1147452300000,1.28735,1.28947,1.28732,1.2891,49438100000
1147453200000,1.28911,1.28932,1.28873,1.28895,37927900000
1147454100000,1.28889,1.28915,1.28865,1.2887,31765800000
1147455000000,1.28856,1.28898,1.28847,1.28873,33967000000
1147455900000,1.2888,1.28921,1.28872,1.28906,29016100000
1147456800000,1.28907,1.29019,1.28895,1.29019,22356800000
1147457700000,1.2903,1.29104,1.29015,1.29064,23722200000
1147458600000,1.29076,1.2915,1.29047,1.29095,48636500000
1147459500000,1.29088,1.29095,1.29042,1.29052,52617700000
1147460400000,1.29057,1.29076,1.29025,1.29057,33750800000
1147461300000,1.29063,1.29095,1.29048,1.29095,29921900000
1147462200000,1.2909,1.29169,1.29084,1.29158,20768600000
1147463100000,1.2916,1.29309,1.2916,1.29275,19146800000
1147464000000,1.29268,1.29274,1.29189,1.29196,17092100000
1147464900000,1.29197,1.29223,1.29179,1.29191,14071700000
1147465800000,1.29193,1.29216,1.29164,1.29174,17448700000
1147466700000,1.2918,1.29229,1.2915,1.29225,13796900000
1147640400000,1.29205,1.29238,1.29178,1.2923,7491100000
1147641300000,1.29235,1.29238,1.29179,1.2923,6539300000
1147642200000,1.29232,1.29372,1.29215,1.29354,7665200000
1147643100000,1.29347,1.29464,1.29337,1.29435,7974700000
1147644000000,1.2944,1.29547,1.29429,1.29522,8605600000
1147644900000,1.29529,1.29561,1.29506,1.29543,7365000000
1147645800000,1.29532,1.29599,1.29523,1.2957,6968800000
1147646700000,1.29571,1.29698,1.29558,1.29679,7510300000
1147647600000,1.29673,1.29691,1.29562,1.29572,8224600000
1147648500000,1.29563,1.29571,1.29463,1.29516,7530800000
1147649400000,1.29519,1.29525,1.29465,1.29487,7847800000
1147650300000,1.29491,1.29536,1.2947,1.29486,8137200000
1147651200000,1.2946,1.29475,1.29281,1.29352,11717700000
1147652100000,1.29333,1.29352,1.29223,1.29244,11709400000
1147653000000,1.2923,1.29241,1.29144,1.29223,12391900000
1147653900000,1.29224,1.29245,1.29204,1.29204,12387800000
1147654800000,1.29202,1.29341,1.29198,1.29304,12238100000
1147655700000,1.29312,1.29497,1.29292,1.29467,11780800000
1147656600000,1.29457,1.29472,1.2924,1.29301,12979300000
1147657500000,1.293,1.29311,1.29199,1.29245,11727700000
1147658400000,1.29243,1.29337,1.29212,1.29297,12556400000
1147659300000,1.29299,1.29299,1.29229,1.29253,10355900000
1147660200000,1.29269,1.29297,1.29186,1.29216,12342400000
1147661100000,1.29205,1.29232,1.29172,1.29214,11879100000
1147662000000,1.29217,1.29291,1.29198,1.29217,10423000000
1147662900000,1.29225,1.29252,1.29184,1.29223,10978300000
1147663800000,1.29217,1.29245,1.29186,1.29234,11720500000
1147664700000,1.29227,1.29238,1.29173,1.29198,10956300000
1147665600000,1.292,1.29213,1.29174,1.29184,10754100000
1147666500000,1.2919,1.29211,1.29145,1.29209,12765900000
1147667400000,1.29197,1.29256,1.29174,1.29249,9461000000
1147668300000,1.29255,1.29285,1.29206,1.2924,10611800000
1147669200000,1.29237,1.29253,1.29218,1.2923,11094700000
1147670100000,1.29213,1.29277,1.29211,1.29238,10544700000
1147671000000,1.29233,1.29332,1.29206,1.29304,11697500000
1147671900000,1.29293,1.29324,1.29282,1.29304,9253500000
1147672800000,1.29286,1.29298,1.29173,1.29233,11596600000
1147673700000,1.29229,1.29245,1.29015,1.29054,12663300000
1147674600000,1.29024,1.29073,1.28906,1.29073,11829400000
1147675500000,1.29073,1.29143,1.29009,1.29016,11170700000
1147676400000,1.29028,1.29063,1.28765,1.28828,11065300000
1147677300000,1.28818,1.28957,1.2881,1.2895,10708700000
1147678200000,1.28957,1.28973,1.28783,1.28825,11805000000
1147679100000,1.28839,1.28854,1.28687,1.28703,11349700000
1147680000000,1.28695,1.28733,1.28356,1.28367,10611800000
1147680900000,1.28375,1.28429,1.28223,1.28267,11015600000
1147681800000,1.28243,1.28429,1.28216,1.28378,10326100000
1147682700000,1.28407,1.28502,1.28355,1.28375,10916600000
1147683600000,1.28397,1.28487,1.28337,1.28363,11134700000
1147684500000,1.28384,1.284,1.28261,1.28317,11151000000
1147685400000,1.2833,1.28408,1.28275,1.2839,12287600000
1147686300000,1.28377,1.28402,1.28328,1.28362,11568300000
1147687200000,1.28363,1.28371,1.283,1.28363,10090300000
1147688100000,1.2836,1.28365,1.28269,1.28315,9689800000
1147689000000,1.28308,1.28317,1.28117,1.28135,11919100000
1147689900000,1.28144,1.28176,1.27978,1.28018,11382000000
1147690800000,1.28049,1.28135,1.28001,1.28127,10947400000
1147691700000,1.28129,1.28195,1.28066,1.28077,11471300000
1147692600000,1.28084,1.28146,1.28071,1.28129,11606700000
1147693500000,1.28153,1.28269,1.28143,1.28269,10869800000
1147694400000,1.28265,1.28302,1.28227,1.28243,10596200000
1147695300000,1.28243,1.28393,1.28228,1.28393,11093100000
1147696200000,1.28393,1.28468,1.28348,1.28409,11391100000
1147697100000,1.28403,1.28446,1.28374,1.28423,12050400000
1147698000000,1.28448,1.28553,1.28219,1.28298,10234700000
1147698900000,1.28296,1.28328,1.28032,1.28123,11017500000
1147699800000,1.2813,1.28357,1.28091,1.28351,11608100000
1147700700000,1.28341,1.2837,1.28226,1.28258,10525800000
1147701600000,1.28254,1.28284,1.28151,1.28232,13972300000
1147702500000,1.28234,1.28339,1.28208,1.28319,11513400000
1147703400000,1.28321,1.28447,1.2828,1.28384,11390400000
1147704300000,1.28394,1.28487,1.28279,1.28298,10463200000
1147705200000,1.28303,1.2833,1.28188,1.28296,10461400000
1147706100000,1.28305,1.28328,1.2824,1.28291,11762000000
1147707000000,1.2828,1.28301,1.28213,1.28247,10990700000
1147707900000,1.28254,1.2826,1.28139,1.28245,11198900000
1147708800000,1.28213,1.28251,1.28104,1.282,151813600000
1147709700000,1.28187,1.28201,1.28,1.28085,126712100000
1147710600000,1.28084,1.28098,1.27969,1.27979,92538100000
1147711500000,1.27967,1.28051,1.27825,1.27888,70770100000
1147712400000,1.27912,1.28063,1.27912,1.27958,55375200000
1147713300000,1.27962,1.28062,1.2794,1.27964,48395300000
1147714200000,1.27954,1.28059,1.27929,1.27992,53179700000
1147715100000,1.27999,1.28137,1.27988,1.28123,44657300000
1147716000000,1.28137,1.28184,1.28079,1.28088,32164100000
1147716900000,1.28081,1.28127,1.28038,1.28127,35538200000
1147717800000,1.28128,1.28164,1.28093,1.28115,73315200000
1147718700000,1.28114,1.28122,1.28046,1.2807,80354800000
1147719600000,1.28059,1.28122,1.28051,1.28083,51743800000
1147720500000,1.28096,1.28115,1.28068,1.28078,43690800000
1147721400000,1.28086,1.28086,1.27941,1.2796,33576600000
1147722300000,1.2796,1.27969,1.2783,1.27855,31024400000
1147723200000,1.27848,1.27906,1.27798,1.27835,27499400000
1147724100000,1.2783,1.27872,1.27817,1.27837,20891000000
1147725000000,1.27821,1.27855,1.27753,1.27855,26922100000
1147725900000,1.27849,1.27917,1.2783,1.279,20822600000
1147726800000,1.27837,1.27965,1.27837,1.27939,11567800000
1147727700000,1.27955,1.27973,1.27838,1.2795,10831600000
1147728600000,1.27952,1.27993,1.27921,1.27975,11191300000
1147729500000,1.27967,1.28008,1.27925,1.27951,11179100000
1147730400000,1.27948,1.27995,1.27906,1.27967,9599400000
1147731300000,1.27982,1.27985,1.27939,1.2797,10697300000
1147732200000,1.2797,1.28011,1.27951,1.28005,10584000000
1147733100000,1.27991,1.2801,1.27826,1.27828,11823100000
1147734000000,1.27829,1.27907,1.278,1.27897,11631000000
1147734900000,1.27906,1.27944,1.27885,1.27918,11573100000
1147735800000,1.27924,1.27934,1.27782,1.27828,11463600000
1147736700000,1.27828,1.27908,1.27824,1.27898,11981700000
1147737600000,1.27891,1.27962,1.27877,1.27959,11785000000
1147738500000,1.27949,1.28073,1.27934,1.28046,10428300000
1147739400000,1.28033,1.2809,1.28025,1.28047,12111300000
1147740300000,1.2804,1.28063,1.28023,1.28043,9937100000
1147741200000,1.28054,1.2809,1.27957,1.28081,12773200000
1147742100000,1.28073,1.2809,1.27995,1.28038,12636300000
1147743000000,1.28029,1.2814,1.27984,1.28133,13619000000
1147743900000,1.28141,1.2817,1.28108,1.28111,12882900000
1147744800000,1.28106,1.28139,1.28062,1.28087,12360400000
1147745700000,1.28092,1.2813,1.28063,1.28126,10699100000
1147746600000,1.28112,1.28196,1.2809,1.28149,11799200000
1147747500000,1.28157,1.28168,1.28119,1.2815,12512300000
1147748400000,1.28146,1.28209,1.28142,1.28201,10508700000
1147749300000,1.28205,1.28223,1.28178,1.28196,10988900000
1147750200000,1.28198,1.28248,1.28168,1.28206,13135900000
1147751100000,1.28207,1.28406,1.28189,1.28367,10616800000
1147752000000,1.28352,1.28407,1.28312,1.28324,11629000000
1147752900000,1.28322,1.28339,1.28252,1.28254,12051300000
1147753800000,1.28243,1.28277,1.28203,1.2822,11032800000
1147754700000,1.28223,1.28223,1.28137,1.2816,10517200000
1147755600000,1.28141,1.28152,1.28009,1.28021,9667200000
1147756500000,1.28019,1.2819,1.28014,1.28161,11131700000
1147757400000,1.28168,1.28199,1.28094,1.28123,10815300000
1147758300000,1.28111,1.28249,1.28089,1.28232,10608900000
1147759200000,1.28244,1.28292,1.28059,1.28129,11847700000
1147760100000,1.28133,1.28148,1.27886,1.27934,12100900000
1147761000000,1.27947,1.28037,1.27935,1.28024,11961900000
1147761900000,1.28013,1.28129,1.27989,1.28122,10243500000
1147762800000,1.28129,1.282,1.28032,1.282,11511500000
1147763700000,1.28211,1.2825,1.28048,1.28048,12028200000
1147764600000,1.28035,1.28159,1.27959,1.28116,11653200000
1147765500000,1.28155,1.28286,1.28119,1.28222,11810600000
1147766400000,1.28227,1.28232,1.28074,1.2812,11073300000
1147767300000,1.28118,1.28202,1.28072,1.28184,10854600000
1147768200000,1.28178,1.28192,1.28122,1.2815,11033800000
1147769100000,1.28156,1.28167,1.28048,1.28094,13273700000
1147770000000,1.27991,1.28037,1.2777,1.27815,9789400000
1147770900000,1.27833,1.27877,1.27696,1.27833,11576200000
1147771800000,1.27843,1.2795,1.2781,1.2788,12038800000
1147772700000,1.2788,1.28132,1.27872,1.28095,11373100000
1147773600000,1.28105,1.2813,1.28062,1.2809,11077400000
1147774500000,1.28086,1.28104,1.28004,1.28012,9905100000
1147775400000,1.28018,1.2809,1.28001,1.28081,11385000000
1147776300000,1.28086,1.28166,1.28086,1.28114,10580700000
1147777200000,1.28106,1.28296,1.28106,1.28225,11775500000
1147778100000,1.28226,1.28234,1.28103,1.28151,11924600000
1147779000000,1.28136,1.2817,1.28099,1.2812,10273500000
1147779900000,1.28122,1.28188,1.28106,1.28136,10102500000
1147780800000,1.28132,1.28147,1.28096,1.2814,11080600000
1147781700000,1.28147,1.28217,1.28133,1.28172,10560800000
1147782600000,1.28172,1.28663,1.28164,1.28647,11133900000
1147783500000,1.28639,1.28646,1.28467,1.28509,12670400000
1147784400000,1.28517,1.28547,1.28409,1.28416,10578300000
1147785300000,1.28397,1.28587,1.28346,1.28563,12276800000
1147786200000,1.28559,1.28592,1.28358,1.28396,13124100000
1147787100000,1.28387,1.28519,1.28376,1.2851,11798700000
1147788000000,1.28507,1.28565,1.28454,1.28565,12499000000
1147788900000,1.28562,1.28585,1.28498,1.28545,10030500000
1147789800000,1.28537,1.28558,1.28435,1.2848,11479900000
1147790700000,1.28507,1.28555,1.28471,1.28479,11234800000
1147791600000,1.28465,1.28514,1.28235,1.28246,11171200000
1147792500000,1.28255,1.28274,1.28113,1.28127,11432100000
1147793400000,1.28127,1.28215,1.28104,1.28195,11439800000
1147794300000,1.28204,1.28239,1.28119,1.28141,10827100000
1147795200000,1.28135,1.28256,1.28129,1.28236,152503000000
1147796100000,1.28239,1.28265,1.28187,1.28214,126069900000
1147797000000,1.282,1.28241,1.28166,1.28217,92603400000
1147797900000,1.28207,1.28283,1.2819,1.28235,71303100000
1147798800000,1.28216,1.2824,1.2819,1.2822,53840600000
1147799700000,1.28219,1.28346,1.28213,1.28326,47372500000
1147800600000,1.28322,1.28362,1.28312,1.28325,55396600000
1147801500000,1.28334,1.28442,1.28315,1.28418,44882000000
1147802400000,1.28421,1.28446,1.28392,1.28418,33684500000
1147803300000,1.28416,1.28572,1.28407,1.28555,32537200000
1147804200000,1.28554,1.28626,1.28538,1.28545,73071800000
1147805100000,1.28554,1.28625,1.28522,1.28587,77635400000
1147806000000,1.28584,1.28593,1.28516,1.28516,52323100000
1147806900000,1.28535,1.28557,1.28511,1.28549,45091000000
1147807800000,1.28552,1.286,1.28523,1.28562,31838500000
1147808700000,1.28555,1.28571,1.28537,1.28549,30188900000
1147809600000,1.28555,1.28565,1.28522,1.28545,26573900000
1147810500000,1.28536,1.2858,1.28513,1.28527,22935200000
1147811400000,1.28532,1.28561,1.285,1.28551,27490300000
1147812300000,1.28557,1.28589,1.28518,1.28536,23020900000
1147813200000,1.28536,1.28594,1.28494,1.2856,11230200000
1147814100000,1.28571,1.2859,1.28506,1.28553,12708200000
1147815000000,1.28544,1.28585,1.28504,1.28574,11463100000
1147815900000,1.28577,1.2861,1.28512,1.28554,12539400000
1147816800000,1.28569,1.28581,1.28505,1.28514,9922200000
1147817700000,1.28516,1.2853,1.28491,1.2851,10141700000
1147818600000,1.28509,1.2854,1.285,1.28508,10811200000
1147819500000,1.28503,1.28523,1.28421,1.28439,11210500000
1147820400000,1.28426,1.28531,1.28426,1.28487,10851400000
1147821300000,1.28476,1.2852,1.28441,1.28495,10832800000
1147822200000,1.28499,1.28529,1.28452,1.28485,10546900000
1147823100000,1.2849,1.28508,1.28465,1.28495,11616300000
1147824000000,1.28489,1.28517,1.28415,1.285,11812500000
1147824900000,1.285,1.28513,1.28404,1.28427,11083200000
1147825800000,1.2841,1.28454,1.28389,1.2841,10488200000
1147826700000,1.28409,1.2842,1.28376,1.28384,10387300000
1147827600000,1.28395,1.28443,1.28334,1.28435,12528800000
1147828500000,1.28447,1.28482,1.28418,1.2847,11434200000
1147829400000,1.28467,1.28494,1.28448,1.28468,11799500000
1147830300000,1.28451,1.28593,1.28443,1.28573,11304300000
1147831200000,1.28557,1.28595,1.28528,1.28561,13145600000
1147832100000,1.28562,1.2858,1.28538,1.28573,11676100000
1147833000000,1.28571,1.28598,1.28502,1.28531,12345900000
1147833900000,1.28531,1.28566,1.28519,1.28552,12092100000
1147834800000,1.28556,1.28642,1.28535,1.28611,10103200000
1147835700000,1.28624,1.2866,1.28605,1.28646,11042600000
1147836600000,1.28657,1.28776,1.28633,1.28753,12264600000
1147837500000,1.28758,1.28772,1.28662,1.28708,9879100000
1147838400000,1.28729,1.2878,1.28698,1.28774,10834500000
1147839300000,1.28761,1.28776,1.28712,1.2872,12754400000
1147840200000,1.28711,1.28725,1.28671,1.28716,10474300000
1147841100000,1.28719,1.2873,1.28633,1.28666,12525100000
1147842000000,1.28663,1.28674,1.28607,1.28652,9583600000
1147842900000,1.28645,1.28773,1.28637,1.28731,9498400000
1147843800000,1.28726,1.28753,1.28635,1.28672,11075800000
1147844700000,1.28676,1.28737,1.28644,1.28732,10275500000
1147845600000,1.28732,1.28753,1.28673,1.28701,10680700000
1147846500000,1.28718,1.28741,1.28617,1.28671,11436700000
1147847400000,1.28663,1.28693,1.28533,1.28659,12948600000
1147848300000,1.28655,1.28705,1.28632,1.28674,10483700000
1147849200000,1.28677,1.28961,1.28633,1.28894,10640200000
1147850100000,1.28892,1.28978,1.28847,1.28902,11450500000
1147851000000,1.28907,1.28919,1.28806,1.28815,11459300000
1147851900000,1.28848,1.29025,1.28831,1.28965,9958800000
1147852800000,1.2896,1.29003,1.28876,1.28893,11117000000
1147853700000,1.28882,1.28963,1.28875,1.28922,11190800000
1147854600000,1.28939,1.28988,1.28906,1.28922,10845300000
1147855500000,1.28928,1.29087,1.28928,1.29063,11034600000
1147856400000,1.29042,1.29155,1.28991,1.29135,11022700000
1147857300000,1.29116,1.29128,1.29017,1.2902,11178900000
1147858200000,1.29043,1.29071,1.29021,1.29034,10644800000
1147859100000,1.29041,1.29046,1.2892,1.28951,11472800000
1147860000000,1.28971,1.28993,1.28914,1.2894,10701400000
1147860900000,1.2893,1.28967,1.28902,1.28919,9756700000
1147861800000,1.28924,1.28943,1.28887,1.28907,10864700000
1147862700000,1.28919,1.2895,1.28881,1.28893,9808300000
1147863600000,1.28896,1.28926,1.28867,1.28907,11026100000
1147864500000,1.28913,1.28926,1.28875,1.28884,11581800000
1147865400000,1.28876,1.28972,1.28869,1.28919,11224000000
1147866300000,1.28945,1.28956,1.28801,1.2885,9261800000
1147867200000,1.2885,1.28871,1.2874,1.28801,11413700000
1147868100000,1.28808,1.28831,1.28754,1.28791,11358600000
1147869000000,1.28658,1.29147,1.28626,1.29047,12091500000
1147869900000,1.29051,1.29066,1.28784,1.28849,13473300000
1147870800000,1.28827,1.28896,1.28679,1.2871,10484800000
1147871700000,1.28719,1.28719,1.28438,1.28469,12309000000
1147872600000,1.28483,1.2855,1.28381,1.28425,11849200000
1147873500000,1.28408,1.28469,1.28312,1.28344,11105600000
1147874400000,1.2834,1.28445,1.28283,1.28384,12034500000
1147875300000,1.28378,1.28399,1.27821,1.27862,11174500000
1147876200000,1.27838,1.27884,1.27514,1.27884,11192500000
1147877100000,1.27889,1.27933,1.27822,1.27837,11404900000
1147878000000,1.27853,1.27863,1.27717,1.27743,11204400000
1147878900000,1.27748,1.27796,1.27471,1.27471,11492100000
1147879800000,1.27421,1.27486,1.27298,1.27457,11557200000
1147880700000,1.27443,1.2745,1.2719,1.27198,11249500000
1147881600000,1.27206,1.27419,1.27159,1.27402,156378800000
1147882500000,1.27396,1.27419,1.27316,1.27357,126516300000
1147883400000,1.27368,1.27452,1.27351,1.2742,88356200000
1147884300000,1.2742,1.27487,1.27407,1.27477,70103000000
1147885200000,1.2746,1.27473,1.27405,1.27436,53214900000
1147886100000,1.27433,1.27451,1.27272,1.27306,49328200000
1147887000000,1.27308,1.27332,1.27228,1.27287,52682700000
1147887900000,1.27294,1.27303,1.27168,1.27177,44524400000
1147888800000,1.27177,1.27243,1.27125,1.27202,31746900000
1147889700000,1.27199,1.27199,1.27012,1.27053,34605200000
1147890600000,1.27058,1.27211,1.27028,1.27208,73106100000
1147891500000,1.27217,1.27472,1.272,1.27439,79374500000
1147892400000,1.2744,1.27525,1.27392,1.27394,50468600000
1147893300000,1.27419,1.27505,1.27346,1.27373,46016100000
1147894200000,1.27372,1.27384,1.27319,1.27354,31434800000
1147895100000,1.27346,1.27488,1.27334,1.27477,30576400000
1147896000000,1.27485,1.27558,1.27475,1.27552,26904600000
1147896900000,1.27559,1.27572,1.27458,1.27468,20458200000
1147897800000,1.27474,1.27482,1.27399,1.27434,26527700000
1147898700000,1.27447,1.27468,1.27373,1.27389,21107200000
1147899600000,1.27335,1.27462,1.27296,1.27305,11894900000
1147900500000,1.27311,1.27396,1.27258,1.27345,12085200000
1147901400000,1.27346,1.27379,1.27293,1.27309,11894700000
1147902300000,1.27285,1.27301,1.27205,1.27227,12163400000
1147903200000,1.27228,1.27336,1.27223,1.27323,11011800000
1147904100000,1.27329,1.27415,1.27315,1.27405,11881400000
1147905000000,1.27402,1.27432,1.27364,1.27387,10068400000
1147905900000,1.27365,1.27416,1.2734,1.27407,9831200000
1147906800000,1.27382,1.27424,1.27371,1.27415,12731400000
1147907700000,1.27413,1.27431,1.27371,1.2739,11074700000
1147908600000,1.27397,1.27413,1.27295,1.27301,12197900000
1147909500000,1.27281,1.27426,1.2726,1.27411,11440800000
1147910400000,1.27403,1.27463,1.27395,1.2744,11136200000
1147911300000,1.2745,1.27563,1.27429,1.2755,10306000000
1147912200000,1.2757,1.27585,1.27488,1.27515,10825700000
1147913100000,1.27515,1.27516,1.27424,1.27438,10926000000
1147914000000,1.27445,1.2748,1.27396,1.2747,12132500000
1147914900000,1.27464,1.27538,1.27441,1.27523,10471500000
1147915800000,1.27537,1.27627,1.27498,1.27606,12678000000
1147916700000,1.27596,1.2765,1.27564,1.27598,11350500000
1147917600000,1.27598,1.27658,1.2755,1.27642,13603500000
1147918500000,1.27644,1.27672,1.27612,1.2762,8771500000
1147919400000,1.27621,1.27653,1.27577,1.27585,12022900000
1147920300000,1.27583,1.27615,1.2755,1.27607,12497200000
1147921200000,1.27599,1.27646,1.27581,1.27585,9975000000
1147922100000,1.27579,1.27606,1.27551,1.27558,9379100000
1147923000000,1.27574,1.27588,1.27521,1.27551,12284400000
1147923900000,1.27567,1.27606,1.27554,1.27578,11246900000
1147924800000,1.27586,1.27595,1.27531,1.27531,12578100000
1147925700000,1.27542,1.27555,1.27505,1.27524,12451200000
1147926600000,1.2753,1.27545,1.27473,1.27524,10591300000
1147927500000,1.27525,1.27546,1.27495,1.27536,11185200000
1147928400000,1.27529,1.27595,1.27526,1.27577,9944100000
1147929300000,1.27575,1.27585,1.27537,1.27546,10241200000
1147930200000,1.27556,1.27561,1.27491,1.27519,10106800000
1147931100000,1.27518,1.27534,1.27439,1.27458,10505800000
1147932000000,1.27457,1.27469,1.27357,1.27428,12615200000
1147932900000,1.27432,1.27491,1.27414,1.27479,11763700000
1147933800000,1.27495,1.27498,1.27355,1.27457,12758800000
1147934700000,1.2746,1.27553,1.27432,1.27507,10177600000
1147935600000,1.27516,1.27601,1.27495,1.27528,11906500000
1147936500000,1.27546,1.27713,1.27516,1.27703,11006000000
1147937400000,1.27689,1.27709,1.27594,1.27627,11413500000
1147938300000,1.27643,1.27686,1.27592,1.2767,11482600000
1147939200000,1.27644,1.27764,1.27627,1.27708,11833200000
1147940100000,1.27706,1.27917,1.27704,1.27907,10725500000
1147941000000,1.27909,1.27995,1.27898,1.27902,11432900000
1147941900000,1.27906,1.27931,1.27847,1.27901,9551300000
1147942800000,1.27908,1.27971,1.2782,1.27838,10431900000
1147943700000,1.27838,1.27911,1.27815,1.27853,9816200000
1147944600000,1.27845,1.2791,1.27816,1.27903,12292600000
1147945500000,1.27903,1.27927,1.27848,1.27882,11497200000
1147946400000,1.27887,1.27906,1.2777,1.27818,11388600000
1147947300000,1.278,1.27858,1.278,1.27837,10967100000
1147948200000,1.27824,1.27842,1.27719,1.27762,11440900000
1147949100000,1.27767,1.27798,1.27717,1.27729,10940000000
1147950000000,1.27712,1.2786,1.27677,1.27792,11490600000
1147950900000,1.27798,1.27804,1.276,1.27673,11485500000
1147951800000,1.27679,1.27699,1.27604,1.27633,11494100000
1147952700000,1.2762,1.27701,1.27556,1.27693,10695800000
1147953600000,1.2769,1.2769,1.27615,1.27662,10896100000
1147954500000,1.27675,1.27824,1.27651,1.27811,10968400000
1147955400000,1.27808,1.27846,1.27625,1.27727,11555100000
1147956300000,1.27742,1.27755,1.27612,1.27654,11609700000
1147957200000,1.27684,1.27953,1.2768,1.27945,10304700000
1147958100000,1.27934,1.27953,1.27805,1.27948,12256500000
1147959000000,1.27981,1.28351,1.27962,1.28238,11106400000
1147959900000,1.28222,1.2827,1.2806,1.28144,10703100000
1147960800000,1.28167,1.28247,1.28128,1.28153,13141500000
1147961700000,1.28093,1.28117,1.27873,1.2789,10176100000
1147962600000,1.27888,1.28035,1.27824,1.28013,10838000000
1147963500000,1.28032,1.2828,1.2803,1.28085,9867200000
1147964400000,1.28093,1.28278,1.28093,1.28221,9838300000
1147965300000,1.28219,1.28231,1.28086,1.28135,11275000000
1147966200000,1.28135,1.28216,1.28049,1.28133,12684400000
1147967100000,1.28136,1.28153,1.27872,1.27908,11465300000
1147968000000,1.27922,1.28204,1.27757,1.28133,154672500000
1147968900000,1.28112,1.28151,1.2806,1.281,123572600000
1147969800000,1.28091,1.28241,1.28083,1.28222,93479800000
1147970700000,1.2821,1.28262,1.2818,1.28241,69220700000
1147971600000,1.28247,1.2828,1.28159,1.28192,56800000000
1147972500000,1.28196,1.28218,1.28176,1.28212,48761100000
1147973400000,1.28212,1.28216,1.28163,1.28198,54327400000
1147974300000,1.28199,1.28203,1.28138,1.28167,44631100000
1147975200000,1.28161,1.28205,1.28146,1.28187,33287200000
1147976100000,1.28179,1.28188,1.28079,1.28153,33526700000
1147977000000,1.28153,1.2816,1.28045,1.28115,71310200000
1147977900000,1.28113,1.28248,1.2808,1.2824,76845500000
1147978800000,1.2824,1.28318,1.28187,1.28276,50038200000
1147979700000,1.28285,1.28318,1.28246,1.28277,45538300000
1147980600000,1.28275,1.2828,1.28219,1.28234,33469900000
1147981500000,1.28245,1.28251,1.28194,1.28205,29794300000
1147982400000,1.28201,1.28225,1.28177,1.2822,26434800000
1147983300000,1.2821,1.28263,1.28184,1.28239,21944600000
1147984200000,1.28227,1.285,1.28227,1.28456,26878700000
1147985100000,1.28463,1.28567,1.28387,1.2842,19231900000
1147986000000,1.28391,1.28592,1.2837,1.28491,12522500000
1147986900000,1.28491,1.28695,1.28491,1.28653,11432400000
1147987800000,1.28642,1.28653,1.28475,1.28541,11093700000
1147988700000,1.2853,1.28569,1.2843,1.2848,11829300000
1147989600000,1.28509,1.28559,1.28492,1.28518,11113500000
1147990500000,1.28509,1.28545,1.28481,1.28503,10991600000
1147991400000,1.28503,1.28503,1.28397,1.28451,12281500000
1147992300000,1.2844,1.28482,1.28434,1.28455,10247400000
1147993200000,1.28443,1.28498,1.28423,1.28483,12195100000
1147994100000,1.28477,1.28591,1.28465,1.28536,11730500000
1147995000000,1.28552,1.28568,1.28484,1.28537,11701900000
1147995900000,1.28544,1.28599,1.28491,1.28576,11920800000
1147996800000,1.28588,1.28629,1.28507,1.28509,11842600000
1147997700000,1.28512,1.28563,1.28478,1.28503,10458500000
1147998600000,1.2849,1.285,1.28399,1.28431,10924800000
1147999500000,1.28435,1.28482,1.28414,1.28466,11368600000
1148000400000,1.28472,1.28506,1.28391,1.28422,13207900000
1148001300000,1.28432,1.28433,1.28372,1.28395,11362900000
1148002200000,1.28384,1.28418,1.28368,1.28406,13406300000
1148003100000,1.28384,1.284,1.28326,1.2835,11456800000
1148004000000,1.28341,1.28391,1.28332,1.2835,12059100000
1148004900000,1.28338,1.28376,1.28322,1.28359,11018200000
1148005800000,1.28365,1.28373,1.28325,1.28357,11921300000
1148006700000,1.28351,1.28406,1.28333,1.28389,10904700000
1148007600000,1.28386,1.2841,1.28374,1.28385,11127100000
1148008500000,1.28412,1.28428,1.28358,1.28395,11202200000
1148009400000,1.28395,1.28422,1.28335,1.28351,12199400000
1148010300000,1.28351,1.2836,1.28219,1.28271,10491800000
1148011200000,1.28287,1.28337,1.28269,1.28332,11516700000
1148012100000,1.2833,1.28347,1.2829,1.2832,11799300000
1148013000000,1.28324,1.28324,1.2826,1.28284,10189500000
1148013900000,1.28279,1.28345,1.28271,1.28337,11772400000
1148014800000,1.28332,1.28339,1.28236,1.28246,10052300000
1148015700000,1.28249,1.28293,1.28239,1.2828,11117500000
1148016600000,1.28291,1.28312,1.28253,1.28266,11270500000
1148017500000,1.28256,1.28299,1.28227,1.28299,10180700000
1148018400000,1.28288,1.28321,1.28229,1.28246,12325200000
1148019300000,1.28251,1.28265,1.28176,1.28222,10738900000
1148020200000,1.28225,1.28296,1.28214,1.28247,12104000000
1148021100000,1.28248,1.28306,1.28128,1.28128,11469000000
1148022000000,1.28122,1.28135,1.28039,1.2806,11522200000
1148022900000,1.28055,1.28079,1.27858,1.27858,12366100000
1148023800000,1.27837,1.27875,1.27649,1.27662,11224500000
1148024700000,1.27656,1.27895,1.27625,1.27834,11793000000
1148025600000,1.27809,1.27832,1.27641,1.27745,11760900000
1148026500000,1.27748,1.27779,1.27672,1.27701,11181200000
1148027400000,1.27697,1.27767,1.27683,1.2773,10836800000
1148028300000,1.2773,1.27814,1.27724,1.27783,10678400000
1148029200000,1.27774,1.27854,1.27721,1.27768,10639800000
1148030100000,1.27792,1.27812,1.27731,1.27733,10549300000
1148031000000,1.27743,1.27775,1.27659,1.27659,11719300000
1148031900000,1.27646,1.27649,1.27431,1.27473,10346100000
1148032800000,1.27473,1.27528,1.27361,1.27482,11988200000
1148033700000,1.27477,1.27564,1.27462,1.27531,10448600000
1148034600000,1.27525,1.27621,1.27511,1.27596,12278700000
1148035500000,1.27593,1.27617,1.27538,1.27609,11691500000
1148036400000,1.2762,1.27666,1.27606,1.27654,10071600000
1148037300000,1.27654,1.27668,1.2754,1.27548,10762500000
1148038200000,1.27528,1.27561,1.27459,1.27548,12771700000
1148039100000,1.27549,1.2765,1.27511,1.27605,11602600000
1148040000000,1.27617,1.27706,1.27595,1.27646,10249500000
1148040900000,1.27661,1.27661,1.27436,1.27442,11634600000
1148041800000,1.27442,1.27506,1.27384,1.27495,11321700000
1148042700000,1.27504,1.2753,1.27295,1.27298,12776800000
1148043600000,1.27304,1.27314,1.27102,1.27242,11672600000
1148044500000,1.27234,1.27433,1.27213,1.27422,11664000000
1148045400000,1.27425,1.27516,1.27395,1.27412,11400100000
1148046300000,1.27407,1.27451,1.27291,1.27412,11755700000
1148047200000,1.27394,1.27408,1.27232,1.27255,12771800000
1148048100000,1.27253,1.27267,1.27045,1.27116,9907700000
1148049000000,1.27104,1.27216,1.27005,1.27039,10246200000
1148049900000,1.27016,1.27264,1.26991,1.27054,10744900000
1148050800000,1.27045,1.27113,1.26946,1.26946,11227600000
1148051700000,1.26955,1.27166,1.2695,1.27138,11314900000
1148052600000,1.27135,1.27269,1.27127,1.27224,12301000000
1148053500000,1.2727,1.27502,1.27222,1.27475,10816500000
1148054400000,1.27443,1.27469,1.27347,1.27375,157824900000
1148055300000,1.27382,1.2747,1.27342,1.27383,126017000000
1148056200000,1.27382,1.27554,1.27378,1.27508,89998400000
1148057100000,1.27502,1.27582,1.2749,1.27552,68528800000
1148058000000,1.2755,1.27568,1.27451,1.27485,58394600000
1148058900000,1.27484,1.2767,1.27465,1.2767,48775900000
1148059800000,1.27674,1.27674,1.27531,1.27558,52630300000
1148060700000,1.27567,1.27731,1.27567,1.27685,44221200000
1148061600000,1.27689,1.27705,1.27634,1.27655,32721600000
1148062500000,1.27651,1.27671,1.27593,1.2762,34758700000
1148063400000,1.27625,1.27809,1.27592,1.27745,72834400000
1148064300000,1.27751,1.27776,1.27681,1.27736,79628900000
1148065200000,1.2774,1.27749,1.27696,1.2773,51311900000
1148066100000,1.27724,1.27735,1.27673,1.27709,44297800000
1148067000000,1.277,1.27742,1.27698,1.2772,32613100000
1148067900000,1.27717,1.27727,1.27672,1.27704,30441200000
1148068800000,1.27703,1.27726,1.27641,1.27684,27003700000
1148069700000,1.27672,1.27762,1.27672,1.27739,22206700000
1148070600000,1.27737,1.27819,1.27736,1.27764,27181700000
1148071500000,1.27774,1.27794,1.27687,1.27732,22702400000
1148245200000,1.2773,1.27763,1.27689,1.27745,11880300000
1148246100000,1.27754,1.27763,1.27684,1.2776,10302300000
1148247000000,1.27757,1.27763,1.27498,1.27522,12385600000
1148247900000,1.27527,1.27555,1.27466,1.27524,10572100000
1148248800000,1.27561,1.27639,1.27561,1.27602,10539000000
1148249700000,1.27617,1.27663,1.2761,1.2763,10855300000
1148250600000,1.27627,1.27679,1.27609,1.27661,11371800000
1148251500000,1.27672,1.27681,1.27607,1.27623,9725800000
1148252400000,1.27629,1.2765,1.27594,1.27615,12638900000
1148253300000,1.27615,1.27626,1.27553,1.27592,10953400000
1148254200000,1.27582,1.27619,1.27532,1.27566,11650500000
1148255100000,1.27564,1.276,1.27515,1.27594,11924300000
1148256000000,1.27598,1.27618,1.2747,1.2747,12145000000
1148256900000,1.27468,1.27481,1.27406,1.27463,10468100000
1148257800000,1.27466,1.27478,1.27415,1.27464,11144300000
1148258700000,1.27467,1.27501,1.27409,1.27427,11609400000
1148259600000,1.27438,1.27454,1.27368,1.27425,13120600000
1148260500000,1.27426,1.27443,1.27326,1.27339,11375400000
1148261400000,1.27335,1.27358,1.27291,1.27331,12818900000
1148262300000,1.27322,1.27393,1.27293,1.27383,11141100000
1148263200000,1.2738,1.27387,1.27327,1.2735,12149300000
1148264100000,1.27352,1.27366,1.27296,1.27312,10628000000
1148265000000,1.27299,1.27323,1.27281,1.27323,12226100000
1148265900000,1.27325,1.27327,1.27274,1.27312,11243700000
1148266800000,1.27306,1.27335,1.27242,1.2732,10155600000
1148267700000,1.27323,1.27452,1.27289,1.27411,9827600000
1148268600000,1.27418,1.27544,1.27399,1.27523,12348800000
1148269500000,1.27523,1.27532,1.27444,1.27444,11907400000
1148270400000,1.27467,1.27474,1.27412,1.27451,10460800000
1148271300000,1.27463,1.27474,1.27372,1.27376,12693600000
1148272200000,1.27351,1.2737,1.27282,1.27338,9880500000
1148273100000,1.27326,1.27447,1.2731,1.27447,10978600000
1148274000000,1.27447,1.2747,1.27392,1.27402,9677600000
1148274900000,1.27396,1.27408,1.2732,1.2735,11102700000
1148275800000,1.27345,1.27379,1.27286,1.273,12692600000
1148276700000,1.27256,1.27273,1.2713,1.27177,10003000000
1148277600000,1.27162,1.27262,1.27132,1.27262,11168300000
1148278500000,1.27248,1.27362,1.27211,1.27274,10594600000
1148279400000,1.27262,1.27291,1.2707,1.2709,11060800000
1148280300000,1.27082,1.27091,1.2695,1.27007,11001600000
1148281200000,1.27007,1.2713,1.26999,1.27104,12159400000
1148282100000,1.27106,1.27254,1.27106,1.27163,11495700000
1148283000000,1.2716,1.27301,1.27147,1.27185,10808600000
1148283900000,1.27197,1.27413,1.27195,1.27413,10428100000
1148284800000,1.27415,1.27472,1.27323,1.27335,11368200000
1148285700000,1.27341,1.27633,1.27324,1.27623,9148400000
1148286600000,1.27635,1.27644,1.27529,1.27553,11848100000
1148287500000,1.27538,1.2763,1.27532,1.27591,10384300000
1148288400000,1.27589,1.27612,1.27485,1.27529,10558100000
1148289300000,1.27522,1.27558,1.27492,1.27529,10980000000
1148290200000,1.27537,1.27598,1.27532,1.27566,12380000000
1148291100000,1.2757,1.27576,1.27441,1.27551,10432200000
1148292000000,1.27555,1.27752,1.27546,1.27699,10805200000
1148292900000,1.27679,1.27874,1.27617,1.27824,10595100000
1148293800000,1.27825,1.27825,1.27709,1.27759,12182000000
1148294700000,1.27774,1.27825,1.27648,1.27699,10480300000
1148295600000,1.27696,1.27705,1.27588,1.2762,11442300000
1148296500000,1.27642,1.27679,1.27619,1.2765,12439600000
1148297400000,1.27653,1.27676,1.27614,1.27622,11287000000
1148298300000,1.27616,1.27677,1.27589,1.27594,10399500000
1148299200000,1.27602,1.27623,1.27457,1.27492,12004200000
1148300100000,1.27491,1.27589,1.27457,1.27548,11261600000
1148301000000,1.2755,1.27749,1.27528,1.27726,11688000000
1148301900000,1.27733,1.27742,1.27596,1.27606,12879100000
1148302800000,1.27595,1.27734,1.27581,1.27707,11782700000
1148303700000,1.27688,1.27702,1.2753,1.27562,12357400000
1148304600000,1.27578,1.27716,1.27553,1.27711,11701600000
1148305500000,1.27765,1.27929,1.27753,1.27888,11021100000
1148306400000,1.27906,1.27991,1.27859,1.27892,12763500000
1148307300000,1.27907,1.28128,1.27896,1.28085,11860100000
1148308200000,1.2808,1.28153,1.28012,1.28137,11962600000
1148309100000,1.28109,1.28149,1.28044,1.28108,10861300000
1148310000000,1.28137,1.28361,1.28107,1.28353,10422800000
1148310900000,1.28361,1.28402,1.28277,1.28355,11169400000
1148311800000,1.2835,1.28373,1.28329,1.28347,11836400000
1148312700000,1.28372,1.28507,1.28337,1.28451,11356100000
1148313600000,1.28445,1.28472,1.28321,1.28341,157150900000
1148314500000,1.28343,1.28393,1.28274,1.28338,125049900000
1148315400000,1.28354,1.28376,1.28306,1.28352,92332300000
1148316300000,1.28367,1.28438,1.28333,1.28345,70827000000
1148317200000,1.28325,1.28396,1.28314,1.28375,55892100000
1148318100000,1.28382,1.28432,1.28368,1.2842,46755000000
1148319000000,1.28422,1.28486,1.28405,1.28455,54350300000
1148319900000,1.28451,1.2847,1.28344,1.28448,44336100000
1148320800000,1.28449,1.28843,1.28431,1.28819,34465300000
1148321700000,1.28801,1.28816,1.28709,1.28729,34852300000
1148322600000,1.28734,1.28755,1.28608,1.28673,72749800000
1148323500000,1.28674,1.28704,1.28612,1.28644,80001000000
1148324400000,1.28645,1.28654,1.28582,1.28618,51342800000
1148325300000,1.28618,1.28741,1.28611,1.28681,44771900000
1148326200000,1.28688,1.28711,1.28642,1.28683,32615600000
1148327100000,1.28663,1.28701,1.28658,1.2866,30263300000
1148328000000,1.28662,1.28686,1.28599,1.2862,25304500000
1148328900000,1.28621,1.28647,1.2859,1.28638,21770500000
1148329800000,1.28635,1.28647,1.28593,1.2863,28660200000
1148330700000,1.28629,1.28664,1.28602,1.28633,20129000000
1148331600000,1.28594,1.28721,1.28576,1.28682,11517700000
1148332500000,1.28691,1.28734,1.28636,1.28652,11490000000
1148333400000,1.28639,1.28667,1.28583,1.28635,12238500000
1148334300000,1.28615,1.28643,1.28534,1.28544,12446100000
1148335200000,1.28524,1.28585,1.28507,1.28543,12449300000
1148336100000,1.28545,1.28601,1.28522,1.28575,12538700000
1148337000000,1.28571,1.28628,1.28497,1.28546,11401200000
1148337900000,1.28549,1.2858,1.2848,1.28483,11428800000
1148338800000,1.28479,1.28505,1.28384,1.28425,12523100000
1148339700000,1.28439,1.28525,1.28425,1.28513,11849700000
1148340600000,1.28508,1.28517,1.28425,1.28476,13065600000
1148341500000,1.28472,1.28518,1.28409,1.28494,11051300000
1148342400000,1.28484,1.28529,1.28453,1.28462,11007800000
1148343300000,1.28459,1.28511,1.2843,1.28502,10567500000
1148344200000,1.28501,1.28517,1.28458,1.28468,10961500000
1148345100000,1.28473,1.28534,1.28425,1.28474,10964200000
1148346000000,1.28481,1.28529,1.28451,1.2846,11922300000
1148346900000,1.28467,1.28575,1.28465,1.28545,12462800000
1148347800000,1.28553,1.28608,1.2854,1.28598,12439300000
1148348700000,1.28598,1.28682,1.28565,1.28656,10345400000
1148349600000,1.28644,1.28658,1.28555,1.28581,12897300000
1148350500000,1.28587,1.2869,1.28587,1.28661,10071600000
1148351400000,1.28653,1.28657,1.2861,1.28645,11061700000
1148352300000,1.28658,1.28665,1.28613,1.28634,12781700000
1148353200000,1.28635,1.28648,1.28566,1.28573,9831000000
1148354100000,1.28588,1.28653,1.28573,1.28636,9307300000
1148355000000,1.28637,1.28654,1.28591,1.28598,12287000000
1148355900000,1.28597,1.28633,1.28587,1.2862,10173300000
1148356800000,1.28627,1.28646,1.2861,1.28633,10848800000
1148357700000,1.28627,1.28643,1.2857,1.28619,12428300000
1148358600000,1.28613,1.28628,1.28533,1.28575,10029600000
1148359500000,1.28584,1.28739,1.28583,1.28728,12016000000
1148360400000,1.28723,1.2875,1.2864,1.28641,11308400000
1148361300000,1.28648,1.28724,1.28626,1.28648,9651600000
1148362200000,1.28648,1.28665,1.28597,1.286,10634100000
1148363100000,1.28585,1.28619,1.28511,1.28576,10563400000
1148364000000,1.28581,1.28605,1.28423,1.2844,11486300000
1148364900000,1.28441,1.28508,1.2842,1.28464,13321300000
1148365800000,1.28443,1.2849,1.28397,1.28468,11754800000
1148366700000,1.2847,1.28571,1.28458,1.28552,10708800000
1148367600000,1.28553,1.28572,1.28478,1.28555,11836600000
1148368500000,1.2857,1.2859,1.28396,1.28411,11659500000
1148369400000,1.28408,1.28415,1.28203,1.28338,10614600000
1148370300000,1.28332,1.28349,1.28226,1.28307,10430300000
1148371200000,1.28297,1.28307,1.28225,1.28268,11335200000
1148372100000,1.28277,1.28356,1.2824,1.28312,11082700000
1148373000000,1.28318,1.2838,1.28291,1.28304,10259200000
1148373900000,1.28309,1.28497,1.28298,1.28401,10730700000
1148374800000,1.28412,1.28579,1.28401,1.28498,10388200000
1148375700000,1.28493,1.28532,1.28334,1.28364,10605500000
1148376600000,1.28385,1.28496,1.2838,1.28423,11006600000
1148377500000,1.2843,1.2843,1.28297,1.28381,10874500000
1148378400000,1.284,1.28458,1.28379,1.28458,11021300000
1148379300000,1.28445,1.28475,1.28412,1.28443,11219100000
1148380200000,1.28437,1.28493,1.28419,1.28431,11001800000
1148381100000,1.28438,1.28454,1.28384,1.28411,11566400000
1148382000000,1.28404,1.28499,1.284,1.28461,10619300000
1148382900000,1.28457,1.28481,1.28427,1.28435,12713500000
1148383800000,1.28455,1.28519,1.28437,1.28469,10746600000
1148384700000,1.28468,1.28557,1.28455,1.28541,9899400000
1148385600000,1.28542,1.28552,1.28378,1.28384,11050600000
1148386500000,1.28399,1.28417,1.28319,1.28358,11696500000
1148387400000,1.28351,1.28377,1.28292,1.28344,10365600000
1148388300000,1.28351,1.28369,1.28282,1.28316,11988800000
1148389200000,1.28329,1.28429,1.28295,1.28424,11185400000
1148390100000,1.28425,1.28435,1.28152,1.28152,12151700000
1148391000000,1.28137,1.28253,1.28048,1.28235,11568500000
1148391900000,1.28228,1.28271,1.2821,1.28253,10885500000
1148392800000,1.28283,1.28376,1.28246,1.28246,12485800000
1148393700000,1.28252,1.28487,1.28187,1.28477,12469600000
1148394600000,1.28509,1.28617,1.28505,1.28538,12357800000
1148395500000,1.28524,1.28558,1.28467,1.2848,11962700000
1148396400000,1.28467,1.28477,1.28146,1.28287,9925000000
1148397300000,1.28292,1.28467,1.28261,1.28448,10234400000
1148398200000,1.28442,1.28535,1.28425,1.28517,12502800000
1148399100000,1.28518,1.28533,1.28413,1.28423,11675200000
1148400000000,1.28425,1.28504,1.28412,1.28492,155851600000
1148400900000,1.28492,1.28535,1.28459,1.28528,126728800000
1148401800000,1.28519,1.2859,1.28497,1.2851,89486500000
1148402700000,1.28495,1.28575,1.28457,1.285,70491400000
1148403600000,1.28471,1.28501,1.28421,1.28475,56902400000
1148404500000,1.28473,1.28615,1.2841,1.286,49758000000
1148405400000,1.28591,1.28602,1.28506,1.28519,53896300000
1148406300000,1.28519,1.28568,1.28474,1.28503,45585300000
1148407200000,1.28503,1.2874,1.28498,1.28727,33852900000
1148408100000,1.28737,1.2877,1.28651,1.28708,34007900000
1148409000000,1.28702,1.28719,1.28624,1.28705,70736700000
1148409900000,1.28704,1.28723,1.28625,1.28686,79124200000
1148410800000,1.28694,1.28701,1.28584,1.28605,50697400000
1148411700000,1.28611,1.28671,1.28582,1.28655,43868100000
1148412600000,1.28664,1.28676,1.28624,1.28642,32957000000
1148413500000,1.2864,1.28667,1.28438,1.28521,30686300000
1148414400000,1.28515,1.28533,1.28275,1.28356,26956500000
1148415300000,1.28354,1.28413,1.28269,1.28277,22827300000
1148416200000,1.28274,1.28347,1.28264,1.28324,25577100000
1148417100000,1.28315,1.2834,1.28084,1.28107,20191000000
1148418000000,1.28107,1.28159,1.28061,1.28107,12001200000
1148418900000,1.28111,1.28216,1.28051,1.28171,12367200000
1148419800000,1.28167,1.28202,1.28105,1.28192,11512400000
1148420700000,1.28176,1.28199,1.27713,1.2777,11206700000
1148421600000,1.27774,1.27802,1.27631,1.27757,11416200000
1148422500000,1.27762,1.27848,1.27719,1.27786,11135700000
1148423400000,1.27796,1.27841,1.27717,1.27787,12200400000
1148424300000,1.27782,1.27795,1.27676,1.27782,10221400000
1148425200000,1.27768,1.27805,1.27737,1.27763,12901900000
1148426100000,1.2776,1.27783,1.27692,1.27762,11378800000
1148427000000,1.27774,1.27874,1.27765,1.27862,11440100000
1148427900000,1.2786,1.27903,1.27824,1.27895,10249400000
1148428800000,1.27884,1.28082,1.27879,1.28052,11895600000
1148429700000,1.28034,1.2808,1.27917,1.27931,11907800000
1148430600000,1.27948,1.2796,1.27866,1.27877,10292300000
1148431500000,1.2787,1.2787,1.27691,1.27697,10230100000
1148432400000,1.27679,1.2779,1.27652,1.27775,11921500000
1148433300000,1.27787,1.27887,1.27758,1.27887,11263700000
1148434200000,1.27899,1.27952,1.27818,1.27844,12720900000
1148435100000,1.27827,1.27884,1.27827,1.27857,11244200000
1148436000000,1.2785,1.27962,1.27837,1.27945,12168900000
1148436900000,1.27942,1.27985,1.27926,1.27973,11491800000
1148437800000,1.27982,1.28024,1.2794,1.27987,11936200000
1148438700000,1.27992,1.28005,1.27925,1.27925,12066500000
1148439600000,1.27929,1.27937,1.27898,1.27903,10156600000
1148440500000,1.27908,1.27934,1.27845,1.27855,9608300000
1148441400000,1.27855,1.27855,1.278,1.27841,12654500000
1148442300000,1.27857,1.27881,1.27836,1.27851,10178000000
1148443200000,1.27859,1.27868,1.2774,1.27752,12199700000
1148444100000,1.27766,1.27825,1.27759,1.27823,12187500000
1148445000000,1.27823,1.27825,1.27736,1.27816,9120700000
1148445900000,1.27814,1.27858,1.27787,1.27836,10739200000
1148446800000,1.27837,1.27926,1.27829,1.27912,9774200000
1148447700000,1.27908,1.27924,1.27856,1.27859,12126200000
1148448600000,1.27855,1.27855,1.27734,1.27744,10941500000
1148449500000,1.27739,1.27817,1.27626,1.27772,10633800000
1148450400000,1.27754,1.27826,1.27676,1.27813,12396200000
1148451300000,1.27798,1.27931,1.27773,1.2788,12335000000
1148452200000,1.27876,1.27928,1.27799,1.27893,12652500000
1148453100000,1.27884,1.28171,1.27877,1.28155,11280500000
1148454000000,1.28181,1.28287,1.28131,1.28209,11058000000
1148454900000,1.28205,1.2828,1.28133,1.28165,11181600000
1148455800000,1.28159,1.284,1.28154,1.28365,13025000000
1148456700000,1.2839,1.28479,1.28297,1.28317,11613600000
1148457600000,1.28322,1.28648,1.28322,1.285,12032800000
1148458500000,1.28493,1.28546,1.28449,1.28545,11438300000
1148459400000,1.28538,1.28658,1.28536,1.28542,10827700000
1148460300000,1.28536,1.28561,1.28483,1.28501,10053200000
1148461200000,1.28504,1.28519,1.28401,1.28408,10956400000
1148462100000,1.28421,1.28452,1.28393,1.28425,10742900000
1148463000000,1.2844,1.28534,1.28413,1.28478,11961400000
1148463900000,1.28483,1.28614,1.28473,1.28562,10591400000
1148464800000,1.28535,1.28581,1.28505,1.28535,11209000000
1148465700000,1.2853,1.2861,1.28518,1.28573,9470200000
1148466600000,1.28584,1.28777,1.2858,1.287,10997200000
1148467500000,1.28712,1.28712,1.28624,1.28651,10245900000
1148468400000,1.2865,1.28653,1.28555,1.28562,10432000000
1148469300000,1.28572,1.28618,1.28528,1.28535,11738100000
1148470200000,1.28553,1.28585,1.28478,1.2853,13032700000
1148471100000,1.2851,1.28535,1.28435,1.28472,9668600000
1148472000000,1.28481,1.28557,1.28467,1.28487,9847300000
1148472900000,1.28497,1.28541,1.28478,1.28497,11301600000
1148473800000,1.28545,1.28733,1.28527,1.28645,11012000000
1148474700000,1.28656,1.28848,1.28643,1.2874,11947800000
1148475600000,1.2872,1.2872,1.28212,1.28222,10744000000
1148476500000,1.2822,1.28376,1.28208,1.2835,11415700000
1148477400000,1.28359,1.28476,1.28356,1.28401,12698300000
1148478300000,1.28402,1.28421,1.2834,1.28357,11070300000
1148479200000,1.28361,1.28369,1.2787,1.28028,13750800000
1148480100000,1.28016,1.2804,1.2776,1.27898,11222400000
1148481000000,1.27857,1.27898,1.27484,1.27633,11183900000
1148481900000,1.2763,1.27658,1.27512,1.27601,11264800000
1148482800000,1.27602,1.27739,1.27573,1.27616,9928400000
1148483700000,1.27602,1.27618,1.27296,1.27397,12374200000
1148484600000,1.27377,1.2757,1.27373,1.27514,12078000000
1148485500000,1.27516,1.27573,1.27455,1.27455,11309500000
1148486400000,1.27426,1.27457,1.27328,1.27377,155558300000
1148487300000,1.27378,1.27544,1.27337,1.27491,124518600000
1148488200000,1.27497,1.27548,1.27477,1.27512,91330400000
1148489100000,1.27522,1.27549,1.27497,1.27526,70827800000
1148490000000,1.27525,1.27541,1.27482,1.27508,55967200000
1148490900000,1.275,1.27539,1.27434,1.27534,49648500000
1148491800000,1.27541,1.27714,1.27534,1.27665,53543600000
1148492700000,1.27671,1.27694,1.27571,1.27608,45066100000
1148493600000,1.27626,1.27675,1.27608,1.27631,33022400000
1148494500000,1.27637,1.27741,1.27613,1.27732,35051300000
1148495400000,1.27738,1.27767,1.27691,1.27721,69115300000
1148496300000,1.27737,1.27869,1.27719,1.27817,76320700000
1148497200000,1.27811,1.27817,1.27703,1.2775,50345800000
1148498100000,1.27746,1.27763,1.27698,1.27713,47119600000
1148499000000,1.27712,1.27743,1.27674,1.27736,33678000000
1148499900000,1.27737,1.27842,1.2773,1.2775,30268200000
1148500800000,1.27745,1.27756,1.27637,1.27645,26041100000
1148501700000,1.27646,1.27663,1.2757,1.27618,21141800000
1148502600000,1.27611,1.27641,1.27502,1.27548,26527300000
1148503500000,1.27552,1.27552,1.2748,1.27503,20741200000
1148504400000,1.27444,1.27548,1.27444,1.27461,12032800000
1148505300000,1.27483,1.27556,1.2745,1.27524,11811500000
1148506200000,1.27512,1.27583,1.27512,1.27567,11017400000
1148507100000,1.27563,1.27578,1.27491,1.27508,11670100000
1148508000000,1.2754,1.27563,1.27491,1.27503,10521300000
1148508900000,1.27506,1.27601,1.27494,1.27595,12160100000
1148509800000,1.27581,1.27632,1.27565,1.27622,11096800000
1148510700000,1.27617,1.27686,1.27583,1.27659,10184900000
1148511600000,1.2765,1.27698,1.27615,1.27648,11253900000
1148512500000,1.27648,1.27683,1.27601,1.27645,11138000000
1148513400000,1.27661,1.27694,1.2763,1.27686,11085300000
1148514300000,1.27692,1.27717,1.27634,1.27665,11709500000
1148515200000,1.27662,1.27748,1.27644,1.27701,12270200000
1148516100000,1.27682,1.27697,1.27593,1.27639,10547600000
1148517000000,1.27621,1.27666,1.27598,1.27639,11136400000
1148517900000,1.27636,1.27663,1.27612,1.27612,12461900000
1148518800000,1.27613,1.27632,1.27502,1.27588,12122000000
1148519700000,1.27578,1.27615,1.27543,1.27601,11649600000
1148520600000,1.27603,1.27614,1.27483,1.2751,13295200000
1148521500000,1.27505,1.27531,1.27458,1.27516,12056100000
1148522400000,1.27517,1.27549,1.27473,1.27485,13006200000
1148523300000,1.27473,1.27504,1.27453,1.27493,10966300000
1148524200000,1.27503,1.27521,1.27464,1.27499,11903400000
1148525100000,1.27497,1.27585,1.27473,1.27567,12595300000
1148526000000,1.2757,1.27601,1.27525,1.27532,9771300000
1148526900000,1.27535,1.27563,1.27468,1.27531,10506200000
1148527800000,1.2753,1.27545,1.27479,1.27502,12609000000
1148528700000,1.27498,1.27533,1.27482,1.2751,9915900000
1148529600000,1.27517,1.27536,1.27496,1.27524,10702000000
1148530500000,1.27528,1.27556,1.27515,1.27532,11957100000
1148531400000,1.27536,1.27554,1.27482,1.27523,10486100000
1148532300000,1.27523,1.27555,1.27507,1.27536,12432900000
1148533200000,1.2753,1.27543,1.27505,1.27505,10502500000
1148534100000,1.27512,1.27575,1.27505,1.27557,11128600000
1148535000000,1.27563,1.27596,1.27538,1.27583,9844000000
1148535900000,1.2758,1.2764,1.27548,1.27627,11042700000
1148536800000,1.27623,1.2771,1.27593,1.27688,11091300000
1148537700000,1.2769,1.27834,1.27677,1.27809,12361400000
1148538600000,1.27812,1.27829,1.27685,1.27698,11896200000
1148539500000,1.27699,1.27894,1.27666,1.27804,10811300000
1148540400000,1.27804,1.27823,1.27727,1.2778,11909700000
1148541300000,1.2779,1.27817,1.27689,1.27695,10915600000
1148542200000,1.27694,1.27713,1.27608,1.27639,11104200000
1148543100000,1.27658,1.27668,1.2758,1.27651,11628000000
1148544000000,1.2765,1.2771,1.27619,1.27666,10557600000
1148544900000,1.27685,1.27722,1.27671,1.27692,11506200000
1148545800000,1.277,1.27959,1.27696,1.27921,11251600000
1148546700000,1.2791,1.27951,1.27791,1.27842,10388800000
1148547600000,1.27831,1.27906,1.27829,1.27837,10688100000
1148548500000,1.27847,1.27972,1.27829,1.27891,9586000000
1148549400000,1.27894,1.27918,1.27784,1.2782,11915900000
1148550300000,1.27826,1.27862,1.27746,1.27746,11663600000
1148551200000,1.27741,1.27776,1.27659,1.27716,10346400000
1148552100000,1.27699,1.27739,1.27627,1.27666,8919800000
1148553000000,1.27664,1.27722,1.27649,1.27684,12104700000
1148553900000,1.27682,1.27833,1.27668,1.27745,11286900000
1148554800000,1.2775,1.27782,1.27702,1.27711,11584800000
1148555700000,1.27714,1.27757,1.27562,1.27586,10544200000
1148556600000,1.27596,1.27665,1.27573,1.27613,11605900000
1148557500000,1.27603,1.27688,1.27594,1.27673,10849400000
1148558400000,1.27649,1.27668,1.27548,1.27553,9749600000
1148559300000,1.27541,1.2762,1.27513,1.27576,12301800000
1148560200000,1.27606,1.2801,1.27558,1.27837,11559300000
1148561100000,1.27826,1.27837,1.27553,1.27681,12675000000
1148562000000,1.27697,1.2779,1.27625,1.27747,11501700000
1148562900000,1.27731,1.2778,1.27654,1.27725,12422500000
1148563800000,1.27728,1.27808,1.27705,1.27801,12245700000
1148564700000,1.27801,1.27894,1.27761,1.27841,11676100000
1148565600000,1.27828,1.27893,1.2755,1.27609,11858800000
1148566500000,1.2763,1.27776,1.27565,1.27668,10418400000
1148567400000,1.27651,1.27767,1.27641,1.27731,11525500000
1148568300000,1.27726,1.27793,1.2768,1.2777,11779600000
1148569200000,1.27777,1.2785,1.27743,1.27782,11058800000
1148570100000,1.27782,1.27819,1.27757,1.27775,11832400000
1148571000000,1.27782,1.27852,1.27735,1.27757,12892500000
1148571900000,1.27767,1.27777,1.27722,1.27748,10380500000
1148572800000,1.27738,1.27741,1.27638,1.27649,154342000000
1148573700000,1.27656,1.27683,1.2761,1.27683,124576500000
1148574600000,1.27678,1.2772,1.27643,1.27665,90422700000
1148575500000,1.27667,1.27688,1.27623,1.27635,71680700000
1148576400000,1.27629,1.27661,1.27613,1.27657,55465600000
1148577300000,1.27654,1.27715,1.27627,1.27715,49835100000
1148578200000,1.27718,1.27722,1.27664,1.27715,51510500000
1148579100000,1.27726,1.27824,1.27711,1.27802,42501900000
1148580000000,1.27805,1.27834,1.27767,1.27809,33281200000
1148580900000,1.27817,1.27949,1.27807,1.27943,34909800000
1148581800000,1.27952,1.2817,1.27952,1.28125,70164800000
1148582700000,1.28123,1.28132,1.28043,1.28069,78150100000
1148583600000,1.2806,1.2807,1.27973,1.27973,50286500000
1148584500000,1.27992,1.28012,1.27886,1.27915,48855000000
1148585400000,1.27915,1.27942,1.27878,1.27908,32061000000
1148586300000,1.27914,1.2793,1.27864,1.27868,30070400000
1148587200000,1.27854,1.27913,1.27834,1.27845,26405500000
1148588100000,1.27853,1.27893,1.27801,1.27871,21766000000
1148589000000,1.27876,1.27941,1.27818,1.27914,27442000000
1148589900000,1.27921,1.28018,1.27864,1.27966,20273000000
1148590800000,1.27928,1.28016,1.27894,1.2796,11928600000
1148591700000,1.27971,1.28055,1.27922,1.28034,11293200000
1148592600000,1.28031,1.2815,1.28029,1.2815,11881900000
1148593500000,1.28112,1.2824,1.28063,1.28232,12117500000
1148594400000,1.28221,1.28221,1.28092,1.28104,11004700000
1148595300000,1.28101,1.28135,1.28076,1.28135,11241100000
1148596200000,1.28116,1.28132,1.28033,1.28043,10155300000
1148597100000,1.28052,1.28055,1.28017,1.28045,10559600000
1148598000000,1.28038,1.28074,1.28016,1.2806,11576000000
1148598900000,1.28053,1.2806,1.27995,1.28006,10761900000
1148599800000,1.28006,1.28022,1.27903,1.27967,12906400000
1148600700000,1.27977,1.28138,1.27939,1.27982,11740600000
1148601600000,1.28004,1.28063,1.27963,1.28057,11675300000
1148602500000,1.2804,1.28057,1.27989,1.28002,11993400000
1148603400000,1.27998,1.28015,1.27941,1.28009,10460800000
1148604300000,1.28003,1.28015,1.27908,1.27929,10805200000
1148605200000,1.27931,1.27948,1.27879,1.27885,12960800000
1148606100000,1.27887,1.2792,1.27789,1.27815,12081900000
1148607000000,1.27812,1.27822,1.27707,1.27762,12524200000
1148607900000,1.27742,1.27801,1.27734,1.27762,11248100000
1148608800000,1.27757,1.27808,1.27707,1.27792,13608900000
1148609700000,1.27788,1.27859,1.27778,1.27824,11133500000
1148610600000,1.27823,1.27894,1.2781,1.27829,11878200000
1148611500000,1.27834,1.2787,1.27793,1.27813,11461700000
1148612400000,1.27797,1.27832,1.27701,1.27706,10503300000
1148613300000,1.2771,1.27732,1.27619,1.27702,10503300000
1148614200000,1.27712,1.27733,1.27658,1.27661,12435300000
1148615100000,1.27662,1.27754,1.27639,1.27685,13049300000
1148616000000,1.27686,1.27713,1.27641,1.27661,11602600000
1148616900000,1.27666,1.27686,1.2762,1.27655,12737100000
1148617800000,1.27653,1.27699,1.27625,1.2765,9545000000
1148618700000,1.2765,1.27709,1.27626,1.27691,12116100000
1148619600000,1.27678,1.27723,1.27666,1.2769,10250100000
1148620500000,1.27682,1.27744,1.27675,1.27704,10912800000
1148621400000,1.27696,1.27768,1.27676,1.27731,11307800000
1148622300000,1.27723,1.2776,1.27709,1.27719,11668100000
1148623200000,1.27705,1.27753,1.27661,1.2771,11840400000
1148624100000,1.27705,1.27837,1.27681,1.27826,11225700000
1148625000000,1.27825,1.27915,1.27796,1.27864,10895500000
1148625900000,1.27859,1.27881,1.27772,1.27774,11022900000
1148626800000,1.27772,1.27852,1.27701,1.27824,11853900000
1148627700000,1.27849,1.27925,1.27797,1.27894,12551400000
1148628600000,1.27897,1.28002,1.2788,1.27959,10871200000
1148629500000,1.27974,1.28151,1.27966,1.28119,12165500000
1148630400000,1.28117,1.28314,1.28105,1.28194,11559000000
1148631300000,1.28192,1.2821,1.28118,1.28123,9954400000
1148632200000,1.28106,1.282,1.28089,1.28162,11667600000
1148633100000,1.28166,1.28174,1.28098,1.28117,10110600000
1148634000000,1.28121,1.28138,1.28061,1.2807,10393700000
1148634900000,1.2808,1.28119,1.28054,1.28084,10915700000
1148635800000,1.281,1.28125,1.28069,1.28077,11320500000
1148636700000,1.28099,1.28133,1.28084,1.2812,9896800000
1148637600000,1.2811,1.28141,1.28093,1.28119,9218400000
1148638500000,1.28122,1.28139,1.28066,1.28078,11077700000
1148639400000,1.2809,1.28117,1.28065,1.28078,11517000000
1148640300000,1.28068,1.28099,1.28035,1.28083,10797900000
1148641200000,1.2808,1.28142,1.28049,1.28117,10667000000
1148642100000,1.28107,1.28183,1.28097,1.28148,12597200000
1148643000000,1.28147,1.28162,1.28086,1.2812,11181000000
1148643900000,1.28116,1.28124,1.28032,1.28039,10219600000
1148644800000,1.28046,1.28049,1.27879,1.27936,10325500000
1148645700000,1.27951,1.27977,1.27882,1.27882,11285400000
1148646600000,1.2789,1.28204,1.27873,1.28146,12687800000
1148647500000,1.28129,1.28146,1.28049,1.28121,12918900000
1148648400000,1.28129,1.28165,1.28056,1.28125,11922800000
1148649300000,1.28127,1.28127,1.27761,1.27763,12230000000
1148650200000,1.27746,1.27752,1.27381,1.27458,11976200000
1148651100000,1.2749,1.27542,1.2727,1.27354,10501400000
1148652000000,1.27361,1.27432,1.27316,1.2736,12428000000
1148652900000,1.27366,1.27372,1.27069,1.27069,11099900000
1148653800000,1.27062,1.27155,1.26994,1.2714,11072600000
1148654700000,1.27133,1.2726,1.2711,1.27179,10651200000
1148655600000,1.2719,1.2734,1.27189,1.27327,10126300000
1148656500000,1.27328,1.27435,1.27312,1.27431,12120500000
1148657400000,1.27419,1.27436,1.27345,1.27359,12083500000
1148658300000,1.27371,1.27397,1.27344,1.27365,10277900000
1148659200000,1.27364,1.27376,1.27313,1.27361,153796500000
1148660100000,1.27353,1.27375,1.27297,1.27334,123753800000
1148661000000,1.27327,1.27385,1.27281,1.2729,89073700000
1148661900000,1.27285,1.2732,1.27148,1.27165,68642300000
1148662800000,1.27145,1.27177,1.27121,1.27153,54688500000
1148663700000,1.27158,1.27225,1.2713,1.27207,50011900000
1148664600000,1.2721,1.27296,1.2719,1.27242,52852400000
1148665500000,1.27246,1.27303,1.27244,1.27293,45472900000
1148666400000,1.27296,1.27358,1.27265,1.27332,33457000000
1148667300000,1.27335,1.27349,1.27288,1.27317,33883600000
1148668200000,1.27311,1.27354,1.27277,1.27289,74140000000
1148669100000,1.27293,1.273,1.27231,1.27265,77439200000
1148670000000,1.2725,1.2729,1.27237,1.27249,51011800000
1148670900000,1.2725,1.2726,1.27182,1.2721,44440200000
1148671800000,1.27216,1.27252,1.2717,1.27244,31344800000
1148672700000,1.27233,1.2727,1.27227,1.27237,31087100000
1148673600000,1.27231,1.27243,1.27172,1.27212,26668100000
1148674500000,1.27211,1.27297,1.272,1.27261,20934600000
1148675400000,1.27252,1.27362,1.27237,1.27362,27309400000
1148676300000,1.27368,1.27393,1.273,1.27314,22892600000
1148850000000,1.27299,1.27358,1.27279,1.2735,12692100000
1148850900000,1.27346,1.27358,1.2729,1.27346,10285800000
1148851800000,1.27344,1.27358,1.2716,1.27189,11508100000
1148852700000,1.27172,1.27277,1.27166,1.27197,12260700000
1148853600000,1.27207,1.27283,1.27159,1.27167,11193200000
1148854500000,1.27177,1.2728,1.27171,1.27268,11275000000
1148855400000,1.27269,1.27355,1.27261,1.27329,10501900000
1148856300000,1.27332,1.2738,1.27298,1.27343,10581300000
1148857200000,1.2735,1.27387,1.27322,1.27375,11344500000
1148858100000,1.27385,1.27392,1.27353,1.2737,10456600000
1148859000000,1.27371,1.27498,1.27362,1.27456,11939100000
1148859900000,1.27443,1.27542,1.27401,1.27472,11790900000
1148860800000,1.2746,1.275,1.27385,1.27403,11661200000
1148861700000,1.27407,1.27439,1.27324,1.27403,10730800000
1148862600000,1.27394,1.27405,1.27339,1.27377,9810500000
1148863500000,1.27373,1.27418,1.27355,1.2741,10936200000
1148864400000,1.27403,1.2744,1.27363,1.27426,12236500000
1148865300000,1.27433,1.27442,1.27392,1.2742,11616600000
1148866200000,1.27426,1.27488,1.27395,1.27476,12587400000
1148867100000,1.2748,1.27498,1.27461,1.27495,11762500000
1148868000000,1.27487,1.27505,1.27468,1.27488,12823700000
1148868900000,1.27483,1.27502,1.27459,1.27499,10122100000
1148869800000,1.27492,1.27501,1.27454,1.27495,11510100000
1148870700000,1.27495,1.27503,1.27464,1.27475,11890300000
1148871600000,1.27469,1.27506,1.27436,1.27469,10816000000
1148872500000,1.27471,1.27488,1.27423,1.27441,10256400000
1148873400000,1.27447,1.27458,1.27407,1.2744,13906400000
1148874300000,1.27445,1.27453,1.27381,1.27394,10017800000
1148875200000,1.2741,1.27432,1.27388,1.27419,10941400000
1148876100000,1.27414,1.27458,1.27408,1.27447,12547600000
1148877000000,1.27441,1.27468,1.2743,1.27445,9089500000
1148877900000,1.27437,1.27454,1.27373,1.27415,10549100000
1148878800000,1.27404,1.27484,1.27404,1.27455,10450100000
1148879700000,1.27456,1.27471,1.27412,1.27418,10301900000
1148880600000,1.27419,1.27445,1.27406,1.27428,10431200000
1148881500000,1.27426,1.27438,1.27381,1.27384,10183900000
1148882400000,1.27376,1.27466,1.27371,1.27447,11236800000
1148883300000,1.27435,1.27451,1.27406,1.27441,12111400000
1148884200000,1.27432,1.27448,1.27414,1.27436,11977700000
1148885100000,1.27442,1.27458,1.27425,1.27444,10377000000
1148886000000,1.27456,1.27512,1.27435,1.27476,12243500000
1148886900000,1.27474,1.27499,1.27437,1.2749,11607900000
1148887800000,1.27483,1.27519,1.27474,1.27481,11183000000
1148888700000,1.27518,1.27568,1.275,1.27519,9736800000
1148889600000,1.27525,1.27535,1.27446,1.27475,11772500000
1148890500000,1.27463,1.27479,1.27425,1.27448,10570000000
1148891400000,1.2744,1.27515,1.27431,1.27504,10988500000
1148892300000,1.27502,1.27533,1.27493,1.27504,10992800000
1148893200000,1.27506,1.27629,1.27503,1.276,10519900000
1148894100000,1.27612,1.27613,1.27569,1.2761,10837700000
1148895000000,1.27614,1.27638,1.27583,1.27591,11112300000
1148895900000,1.27593,1.27638,1.27571,1.27601,9766400000
1148896800000,1.27612,1.27653,1.27585,1.27642,10693100000
1148897700000,1.27642,1.27663,1.27618,1.27618,10588300000
1148898600000,1.27629,1.27638,1.27586,1.2763,11830100000
1148899500000,1.27629,1.27659,1.27598,1.27618,10011100000
1148900400000,1.27619,1.27637,1.27592,1.27606,10703200000
1148901300000,1.27608,1.27644,1.27582,1.2762,12406300000
1148902200000,1.27615,1.2764,1.27531,1.27557,10569400000
1148903100000,1.27556,1.276,1.27549,1.27577,10506700000
1148904000000,1.2759,1.27599,1.27544,1.2755,10488200000
1148904900000,1.27563,1.27647,1.27529,1.27635,11357000000
1148905800000,1.27641,1.27645,1.27579,1.27609,11978500000
1148906700000,1.27607,1.27616,1.27554,1.2757,13282400000
1148907600000,1.2758,1.27597,1.27542,1.27557,10508400000
1148908500000,1.27543,1.27566,1.27502,1.27527,11682700000
1148909400000,1.27541,1.27589,1.2752,1.27573,11432300000
1148910300000,1.27555,1.27569,1.27529,1.27545,10456800000
1148911200000,1.2755,1.27563,1.27494,1.27555,12609800000
1148912100000,1.27552,1.27565,1.27513,1.27544,9605200000
1148913000000,1.27546,1.27553,1.2751,1.27515,11816100000
1148913900000,1.27514,1.27537,1.2749,1.27528,10561600000
1148914800000,1.27532,1.27536,1.2741,1.27462,9291100000
1148915700000,1.27464,1.27528,1.27423,1.27444,12551700000
1148916600000,1.2743,1.27463,1.27406,1.2742,12035200000
1148917500000,1.27423,1.27433,1.27332,1.27351,11068500000
1148918400000,1.27346,1.27386,1.27319,1.27336,154190500000
1148919300000,1.2734,1.27392,1.27328,1.2739,128212700000
1148920200000,1.27389,1.27431,1.27375,1.27419,90280400000
1148921100000,1.27418,1.27479,1.27381,1.27468,73253900000
1148922000000,1.27454,1.27483,1.27404,1.27423,57552100000
1148922900000,1.27429,1.27445,1.27385,1.2744,49050600000
1148923800000,1.27443,1.2746,1.27426,1.27432,51957900000
1148924700000,1.27439,1.27505,1.27428,1.27485,44116600000
1148925600000,1.27472,1.27518,1.27454,1.2749,34431200000
1148926500000,1.27487,1.27547,1.27451,1.2753,34788100000
1148927400000,1.27528,1.27529,1.27475,1.27502,72354400000
1148928300000,1.2751,1.27542,1.27491,1.2754,78377700000
1148929200000,1.2754,1.27545,1.27482,1.27503,48881200000
1148930100000,1.27509,1.2753,1.27496,1.27523,44461500000
1148931000000,1.27532,1.27535,1.27473,1.275,33284700000
1148931900000,1.27508,1.27515,1.27416,1.27464,29645400000
1148932800000,1.27465,1.27495,1.27433,1.27485,26812600000
1148933700000,1.27474,1.27502,1.2745,1.2748,20913800000
1148934600000,1.27474,1.27493,1.27441,1.27482,25991900000
1148935500000,1.27485,1.27516,1.27434,1.27458,19574300000
1148936400000,1.27417,1.27501,1.27372,1.2746,11339500000
1148937300000,1.27489,1.27556,1.2745,1.2749,11357300000
1148938200000,1.27499,1.27524,1.27411,1.27455,13075200000
1148939100000,1.2745,1.27459,1.27343,1.2737,11423800000
1148940000000,1.27382,1.2746,1.27377,1.27434,11036500000
1148940900000,1.27443,1.27511,1.27433,1.27503,12031200000
1148941800000,1.27515,1.27558,1.27494,1.27514,11133600000
1148942700000,1.27517,1.27532,1.27467,1.27485,10002800000
1148943600000,1.2747,1.27507,1.27462,1.27491,10907800000
1148944500000,1.27488,1.27504,1.27437,1.27488,10741700000
1148945400000,1.27512,1.27534,1.27468,1.27485,9919300000
1148946300000,1.27481,1.27503,1.27413,1.2745,11253800000
1148947200000,1.27468,1.27483,1.27413,1.2744,11675900000
1148948100000,1.27456,1.27566,1.2745,1.2754,10789800000
1148949000000,1.27545,1.27553,1.27485,1.27507,10865200000
1148949900000,1.27509,1.2753,1.27484,1.27512,10286000000
1148950800000,1.27522,1.27555,1.27495,1.2751,12095500000
1148951700000,1.27514,1.27559,1.27506,1.27531,10813100000
1148952600000,1.27544,1.27606,1.27519,1.27601,13340700000
1148953500000,1.2759,1.27671,1.27581,1.27648,10415800000
1148954400000,1.2765,1.27703,1.27635,1.27685,12608400000
1148955300000,1.27694,1.2772,1.27649,1.27691,9531000000
1148956200000,1.2769,1.27835,1.27661,1.27792,11116600000
1148957100000,1.27795,1.28059,1.27785,1.28015,11598100000
1148958000000,1.28021,1.28181,1.27991,1.28167,9667000000
1148958900000,1.28163,1.28173,1.28011,1.28113,9663600000
1148959800000,1.28102,1.28193,1.28036,1.28078,12832400000
1148960700000,1.2809,1.2814,1.28017,1.2804,11338500000
1148961600000,1.28037,1.28086,1.28017,1.28038,11340100000
1148962500000,1.28036,1.28054,1.27993,1.28025,13221900000
1148963400000,1.28027,1.28079,1.27995,1.28066,10290200000
1148964300000,1.28064,1.28094,1.28027,1.28072,11536300000
1148965200000,1.28054,1.28135,1.2805,1.28122,10468000000
1148966100000,1.28124,1.2814,1.28094,1.28123,10980800000
1148967000000,1.28131,1.28137,1.28092,1.28101,10823600000
1148967900000,1.28108,1.28193,1.28089,1.28177,10825000000
1148968800000,1.28169,1.2839,1.28119,1.28356,11804000000
1148969700000,1.28365,1.28423,1.28325,1.28337,13631700000
1148970600000,1.28345,1.28408,1.28298,1.28309,11106000000
1148971500000,1.28308,1.28337,1.28282,1.28322,10919100000
1148972400000,1.28346,1.28645,1.28342,1.28475,12228500000
1148973300000,1.28501,1.28548,1.28428,1.2844,10707400000
1148974200000,1.28427,1.28498,1.28394,1.28488,11693200000
1148975100000,1.28502,1.28581,1.28453,1.28494,11958100000
1148976000000,1.28489,1.28513,1.28429,1.28493,10971100000
1148976900000,1.28478,1.28488,1.28424,1.28444,10866100000
1148977800000,1.28441,1.28516,1.28396,1.28492,10437500000
1148978700000,1.28497,1.28554,1.28423,1.2845,9992800000
1148979600000,1.28451,1.28555,1.28451,1.28528,10647000000
1148980500000,1.28508,1.28529,1.28492,1.28512,11020800000
1148981400000,1.28529,1.2856,1.28471,1.28554,11798000000
1148982300000,1.28531,1.28745,1.28531,1.28728,11063100000
1148983200000,1.28738,1.2876,1.28666,1.2872,10985100000
1148984100000,1.28718,1.28745,1.28687,1.28735,11157400000
1148985000000,1.28742,1.2879,1.28721,1.28734,11325400000
1148985900000,1.28727,1.28735,1.28653,1.28655,10957300000
1148986800000,1.28666,1.28695,1.28634,1.28648,12477300000
1148987700000,1.28647,1.28685,1.28579,1.28595,12271800000
1148988600000,1.28608,1.28616,1.28324,1.28393,12143200000
1148989500000,1.28399,1.28467,1.28351,1.2836,10482000000
1148990400000,1.28361,1.28519,1.28346,1.28364,9808400000
1148991300000,1.28358,1.28397,1.28145,1.28149,12067900000
1148992200000,1.2815,1.28267,1.2807,1.28141,12117800000
1148993100000,1.28137,1.28307,1.28099,1.28252,12554100000
1148994000000,1.28257,1.2828,1.28118,1.28232,11538400000
1148994900000,1.2821,1.28529,1.28197,1.28444,12757000000
1148995800000,1.28467,1.28522,1.28375,1.28475,11931100000
1148996700000,1.28461,1.28743,1.28447,1.2873,11081200000
1148997600000,1.28726,1.29062,1.28588,1.28936,13187100000
1148998500000,1.28913,1.29023,1.28857,1.29012,11292200000
1148999400000,1.29002,1.29015,1.28874,1.28886,10388500000
1149000300000,1.28891,1.28963,1.28865,1.28865,11303100000
1149001200000,1.28868,1.28886,1.2876,1.28804,10489500000
1149002100000,1.28815,1.28864,1.28792,1.2882,10515200000
1149003000000,1.2881,1.2883,1.28676,1.28686,12078200000
1149003900000,1.28706,1.28723,1.28597,1.28657,10722900000
1149004800000,1.28648,1.28683,1.28568,1.28648,153763200000
1149005700000,1.28645,1.2874,1.28622,1.28731,123422900000
1149006600000,1.28742,1.28853,1.28719,1.28803,90555800000
1149007500000,1.28817,1.28882,1.28786,1.28822,69379500000
1149008400000,1.2882,1.28838,1.28759,1.28775,55851900000
1149009300000,1.28766,1.28796,1.28706,1.28782,49135700000
1149010200000,1.28791,1.28806,1.28643,1.28695,53631300000
1149011100000,1.28704,1.28744,1.28672,1.28714,44638400000
1149012000000,1.28703,1.28823,1.28675,1.28818,32230100000
1149012900000,1.2882,1.28867,1.28789,1.28851,33632200000
1149013800000,1.28865,1.28901,1.28725,1.28758,72589200000
1149014700000,1.28752,1.28788,1.28706,1.28725,79793200000
1149015600000,1.28716,1.2874,1.28652,1.28666,51673300000
1149016500000,1.28677,1.28757,1.28644,1.28693,45463300000
1149017400000,1.28695,1.28723,1.28652,1.28675,33487000000
1149018300000,1.28654,1.28674,1.28609,1.28631,31484600000
1149019200000,1.28638,1.28672,1.28621,1.28642,27913800000
1149020100000,1.28643,1.28661,1.28604,1.28646,21932000000
1149021000000,1.28645,1.28735,1.28629,1.28719,27207400000
1149021900000,1.28712,1.28757,1.28636,1.28674,21534800000
1149022800000,1.28651,1.28713,1.28614,1.28655,12129900000
1149023700000,1.2867,1.28754,1.28652,1.28745,10694800000
1149024600000,1.28742,1.28744,1.28637,1.28652,12158500000
1149025500000,1.28638,1.28713,1.28618,1.28692,11043600000
1149026400000,1.28698,1.28711,1.28651,1.28685,11924600000
1149027300000,1.28682,1.28707,1.28654,1.28682,10935500000
1149028200000,1.28676,1.28686,1.28637,1.28653,10374700000
1149029100000,1.28641,1.28684,1.28597,1.28615,10102800000
1149030000000,1.28601,1.28621,1.28571,1.28597,11892900000
1149030900000,1.28576,1.28586,1.28533,1.28554,11106100000
1149031800000,1.28549,1.2858,1.28527,1.28573,11833500000
1149032700000,1.2857,1.28592,1.28507,1.2855,11410700000
1149033600000,1.28544,1.28568,1.28493,1.28515,12392900000
1149034500000,1.28505,1.28586,1.28505,1.28562,11551700000
1149035400000,1.28565,1.28618,1.2854,1.28563,11492500000
1149036300000,1.28548,1.2856,1.28408,1.28455,11181800000
1149037200000,1.28454,1.28599,1.28434,1.28592,12604900000
1149038100000,1.28596,1.28669,1.28577,1.28622,11102400000
1149039000000,1.28631,1.28644,1.28581,1.28597,12274400000
1149039900000,1.28578,1.28612,1.28519,1.28527,11291700000
1149040800000,1.28522,1.28578,1.28511,1.28558,12526600000
1149041700000,1.2856,1.28615,1.28539,1.28599,11045800000
1149042600000,1.28596,1.28632,1.28553,1.28622,11861500000
1149043500000,1.28616,1.28653,1.28589,1.28624,11899300000
1149044400000,1.28632,1.28646,1.28602,1.28612,10796600000
1149045300000,1.28611,1.28635,1.28593,1.2861,10766800000
1149046200000,1.2862,1.2866,1.28601,1.28623,11909000000
1149047100000,1.28627,1.28648,1.28592,1.28613,11056000000
1149048000000,1.28622,1.28662,1.2861,1.28622,11521700000
1149048900000,1.28637,1.28742,1.28634,1.287,11878300000
1149049800000,1.28708,1.28789,1.28686,1.28769,10056900000
1149050700000,1.2878,1.28791,1.28673,1.28726,10524100000
1149051600000,1.28711,1.28734,1.28676,1.28723,10959600000
1149052500000,1.28726,1.28761,1.28676,1.28699,11770600000
1149053400000,1.28705,1.28737,1.28674,1.28716,11299300000
1149054300000,1.28721,1.28757,1.28681,1.2871,9956600000
1149055200000,1.28701,1.28719,1.28671,1.28679,11254900000
1149056100000,1.28669,1.28889,1.28663,1.28858,12148700000
1149057000000,1.28845,1.28865,1.28738,1.28827,12120000000
1149057900000,1.28855,1.29008,1.2884,1.28868,11460700000
1149058800000,1.28884,1.28924,1.28815,1.28885,11080400000
1149059700000,1.28873,1.2898,1.28857,1.2889,11196100000
1149060600000,1.28888,1.28938,1.28782,1.28896,11151100000
1149061500000,1.28876,1.28894,1.28712,1.28717,10536100000
1149062400000,1.28722,1.28761,1.28573,1.2858,11538500000
1149063300000,1.28592,1.2867,1.28571,1.28591,11503900000
1149064200000,1.28591,1.28672,1.28533,1.28657,10540300000
1149065100000,1.28681,1.28715,1.28635,1.28659,10538500000
1149066000000,1.28659,1.28757,1.28603,1.28748,10596900000
1149066900000,1.28759,1.28799,1.2869,1.28704,11526200000
1149067800000,1.28718,1.28731,1.28601,1.2862,12638400000
1149068700000,1.28615,1.28643,1.28582,1.2862,11786400000
1149069600000,1.28626,1.28773,1.286,1.28742,11351500000
1149070500000,1.2872,1.28745,1.28649,1.28673,11252500000
1149071400000,1.28688,1.28721,1.28663,1.28718,12862400000
1149072300000,1.28701,1.28769,1.28655,1.28769,10087800000
1149073200000,1.2877,1.2878,1.28675,1.28692,11634800000
1149074100000,1.28701,1.28704,1.28568,1.2858,12365300000
1149075000000,1.28597,1.28616,1.28501,1.28571,11791300000
1149075900000,1.28565,1.28654,1.28553,1.28629,9349300000
1149076800000,1.28647,1.28671,1.2858,1.28661,11206400000
1149077700000,1.28661,1.28717,1.28598,1.28676,11020700000
1149078600000,1.28673,1.28703,1.28575,1.28575,11340900000
1149079500000,1.28564,1.28654,1.28548,1.28616,13664200000
1149080400000,1.28642,1.28749,1.28632,1.28723,11022200000
1149081300000,1.28724,1.28767,1.28589,1.28589,12096100000
1149082200000,1.2857,1.2859,1.28454,1.28555,12697300000
1149083100000,1.28559,1.28605,1.28479,1.28499,11621200000
1149084000000,1.28476,1.28639,1.2844,1.28511,12569200000
1149084900000,1.2852,1.28525,1.28368,1.28418,11559800000
1149085800000,1.28412,1.28514,1.28342,1.28383,11651100000
1149086700000,1.28376,1.28482,1.2834,1.28396,11302100000
1149087600000,1.28433,1.28541,1.28247,1.28298,11083700000
1149088500000,1.28271,1.28374,1.28219,1.28324,11077400000
1149089400000,1.2833,1.28415,1.28301,1.2835,11807500000
1149090300000,1.28339,1.28358,1.28255,1.28311,11951500000
1149091200000,1.283,1.28332,1.28252,1.2831,155633800000
1149092100000,1.28306,1.28369,1.28284,1.28355,127081400000
1149093000000,1.28346,1.28372,1.28301,1.2833,91132600000
1149093900000,1.2832,1.28356,1.28255,1.2827,70709400000
1149094800000,1.28265,1.28313,1.28248,1.28295,57334900000
1149095700000,1.28289,1.28339,1.28274,1.28334,51385900000
1149096600000,1.28339,1.28349,1.28291,1.28319,51403300000
1149097500000,1.28323,1.28384,1.28307,1.28352,43313900000
1149098400000,1.28336,1.28483,1.28216,1.28404,33619500000
1149099300000,1.28399,1.28433,1.28255,1.2827,33920800000
1149100200000,1.28268,1.28289,1.28105,1.28144,73707200000
1149101100000,1.28148,1.28185,1.28047,1.28052,78087900000
1149102000000,1.28062,1.28155,1.28058,1.28133,50773000000
1149102900000,1.28143,1.2816,1.28106,1.28122,46590800000
1149103800000,1.28126,1.28139,1.28096,1.28129,31897000000
1149104700000,1.28127,1.28148,1.28105,1.28128,30666500000
1149105600000,1.28137,1.28165,1.28108,1.28139,25793300000
1149106500000,1.28145,1.28159,1.28103,1.2813,20360300000
1149107400000,1.28111,1.28132,1.28076,1.28104,25571600000
1149108300000,1.28106,1.28118,1.2801,1.2806,20286300000
1149109200000,1.28026,1.28083,1.28,1.28037,12352200000
1149110100000,1.28047,1.28139,1.28036,1.28089,11981000000
1149111000000,1.28104,1.28139,1.28068,1.28092,12274700000
1149111900000,1.28092,1.28144,1.28072,1.28083,12680500000
1149112800000,1.28064,1.28182,1.28058,1.28131,11395100000
1149113700000,1.28138,1.28154,1.28105,1.28115,10520900000
1149114600000,1.28123,1.28179,1.28106,1.28158,11658700000
1149115500000,1.28158,1.28158,1.28065,1.28086,9225400000
1149116400000,1.28082,1.28121,1.28024,1.2807,11940500000
1149117300000,1.28074,1.28113,1.28049,1.28082,11574100000
1149118200000,1.2809,1.2809,1.28042,1.28065,11424600000
1149119100000,1.28061,1.28172,1.28044,1.28144,11740600000
