timestamp,open,high,low,close,volume
1456790400000,1.08853,1.08868,1.08797,1.08817,2266.13
1456791300000,1.08817,1.08833,1.08793,1.08797,2377.57
1456792200000,1.08795,1.08841,1.0878,1.0884,2472.11
1456793100000,1.0884,1.0884,1.08745,1.08785,2725.58
1456794000000,1.08784,1.08831,1.08739,1.0882,3535.62
1456794900000,1.08821,1.08878,1.08801,1.08863,2913.28
1456795800000,1.08866,1.08872,1.08786,1.08802,2170.63
1456796700000,1.08802,1.0887,1.08802,1.08834,2320.65
1456797600000,1.08835,1.08873,1.0883,1.08872,1938.29
1456798500000,1.08873,1.08893,1.0885,1.08862,2406.12
1456799400000,1.08862,1.0887,1.08823,1.0884,2307.89
1456800300000,1.08839,1.08869,1.08829,1.08845,1873.27
1456801200000,1.08846,1.08846,1.08815,1.08832,1675.82
1456802100000,1.08831,1.08861,1.08815,1.08825,1612.95
1456803000000,1.08825,1.08866,1.08809,1.08813,2198.73
1456803900000,1.08814,1.08865,1.08801,1.08812,2471.33
1456804800000,1.08812,1.08813,1.08772,1.08782,2292.07
1456805700000,1.08782,1.08793,1.08752,1.08785,1917.18
1456806600000,1.08785,1.08809,1.08767,1.08806,2689.47
1456807500000,1.08807,1.0887,1.08795,1.08818,3249.8
1456808400000,1.08817,1.08854,1.08806,1.0881,2043.44
1456809300000,1.0881,1.08843,1.0881,1.08837,1830.26
1456810200000,1.08838,1.08867,1.0883,1.0885,2361.62
1456811100000,1.0885,1.08853,1.08803,1.0885,3259.43
1456812000000,1.0885,1.08872,1.08829,1.08832,3392.07
1456812900000,1.08832,1.08896,1.08803,1.08865,3303.12
1456813800000,1.08854,1.08873,1.08842,1.08873,2740.69
1456814700000,1.08872,1.08935,1.08831,1.08832,3172.69
1456815600000,1.08832,1.08833,1.08723,1.08723,5155.13
1456816500000,1.08723,1.08814,1.0867,1.08674,5548.39
1456817400000,1.08674,1.08857,1.08673,1.08842,4298.78
1456818300000,1.08841,1.08847,1.0876,1.08761,4630.23
1456819200000,1.08761,1.08774,1.08643,1.08645,5289.17
1456820100000,1.08645,1.08719,1.08616,1.08707,4777.51
1456821000000,1.08708,1.08788,1.08583,1.08751,5558.78
1456821900000,1.08751,1.08862,1.08707,1.0873,5059.7
1456822800000,1.0873,1.08853,1.08706,1.08786,4411.55
1456823700000,1.08785,1.08797,1.08659,1.08659,4402.34
1456824600000,1.08659,1.08745,1.08599,1.08619,4251.97
1456825500000,1.0862,1.08658,1.08571,1.0861,4264.57
1456826400000,1.0861,1.08662,1.08601,1.08656,4644.34
1456827300000,1.08655,1.087,1.08587,1.08602,4766.18
1456828200000,1.08603,1.08779,1.0859,1.08764,4777.43
1456829100000,1.08764,1.08787,1.08716,1.08724,4709.24
1456830000000,1.08723,1.08741,1.08662,1.08664,3999.18
1456830900000,1.08665,1.08671,1.08558,1.08584,4548.34
1456831800000,1.08584,1.08698,1.08584,1.08683,2878.57
1456832700000,1.08683,1.08759,1.08677,1.08751,4552.83
1456833600000,1.08751,1.08762,1.08721,1.08742,4559
1456834500000,1.08743,1.08762,1.08724,1.08752,3006.05
1456835400000,1.08752,1.08755,1.087,1.08722,3461.21
1456836300000,1.08722,1.08788,1.08722,1.08787,2643.1
1456837200000,1.08786,1.08786,1.08706,1.08727,3447.18
1456838100000,1.08725,1.08836,1.08709,1.08823,3663.25
1456839000000,1.08825,1.0885,1.08757,1.08777,4001.7
1456839900000,1.08776,1.0883,1.0875,1.08801,3382.18
1456840800000,1.08801,1.08801,1.08695,1.08731,5402.26
1456841700000,1.0873,1.08752,1.08618,1.0863,5031.91
1456842600000,1.0863,1.08635,1.08521,1.08593,6930.18
1456843500000,1.08592,1.08652,1.08541,1.08557,5268.39
1456844400000,1.08557,1.08572,1.0839,1.08433,8829.45
1456845300000,1.08432,1.08482,1.08354,1.08407,7653.32
1456846200000,1.08402,1.08737,1.08402,1.08717,8353.07
1456847100000,1.08717,1.08731,1.08588,1.08594,8670.84
1456848000000,1.08594,1.0861,1.08342,1.08421,8294.15
1456848900000,1.08422,1.08585,1.08352,1.08515,6116.86
1456849800000,1.08516,1.08546,1.08456,1.08467,4637.52
1456850700000,1.08469,1.08497,1.08423,1.08465,5109.87
1456851600000,1.08465,1.08467,1.08382,1.08447,4657.47
1456852500000,1.08447,1.08463,1.08356,1.08422,4055.04
1456853400000,1.08423,1.08585,1.08421,1.08571,4092.27
1456854300000,1.08571,1.08589,1.0855,1.08576,4987.78
1456855200000,1.08575,1.08621,1.0856,1.08617,3821.36
1456856100000,1.08617,1.08635,1.08562,1.08571,3634.96
1456857000000,1.08571,1.08676,1.08555,1.08636,3503.89
1456857900000,1.08638,1.08711,1.08624,1.08694,4538.08
1456858800000,1.08694,1.08707,1.08655,1.0869,4621.06
1456859700000,1.0869,1.08717,1.08678,1.08705,3526.69
1456860600000,1.08695,1.08698,1.08646,1.08675,3418.09
1456861500000,1.08675,1.0869,1.08645,1.08655,3086.38
1456862400000,1.08654,1.08662,1.08611,1.0865,2780.81
1456863300000,1.0865,1.08726,1.08645,1.08715,2869.76
1456864200000,1.08716,1.08731,1.0869,1.08708,2341.95
1456865100000,1.08708,1.08722,1.08667,1.0868,2043.65
1456866000000,1.08679,1.08695,1.0864,1.08695,2110.6
1456866900000,1.08695,1.08761,1.08695,1.08703,1990.61
1456867800000,1.08702,1.08712,1.0869,1.08699,1078.3
1456868700000,1.08699,1.08703,1.08659,1.08659,1762.16
1456869600000,1.08658,1.0868,1.08632,1.08642,398.18
1456870500000,1.08642,1.08681,1.08622,1.08662,1121.69
1456871400000,1.08659,1.08687,1.08652,1.08675,1067.54
1456872300000,1.08676,1.08677,1.0866,1.08669,1166.15
1456873200000,1.08667,1.08694,1.08667,1.08686,1144.59
1456874100000,1.08685,1.08713,1.08676,1.08711,952.82
1456875000000,1.08711,1.08744,1.08707,1.08731,921.13
1456875900000,1.08731,1.08762,1.08715,1.08761,1078.42
1456876800000,1.0876,1.08809,1.08735,1.08786,3009.37
1456877700000,1.08786,1.0879,1.08718,1.08725,2060.59
1456878600000,1.08726,1.08786,1.0871,1.08734,2480.27
1456879500000,1.08734,1.08749,1.08717,1.08742,2233.62
1456880400000,1.08743,1.08765,1.08682,1.08719,3115.28
1456881300000,1.08719,1.08741,1.08682,1.08707,2647.62
1456882200000,1.08708,1.08739,1.08675,1.08681,2450.86
1456883100000,1.08682,1.08719,1.08677,1.08677,2339.99
1456884000000,1.08669,1.08686,1.08638,1.0866,3018.33
1456884900000,1.0866,1.08694,1.08621,1.08637,2434.21
1456885800000,1.08637,1.0866,1.08632,1.08636,2377.5
1456886700000,1.08637,1.08646,1.08625,1.08631,2214.87
1456887600000,1.08631,1.08649,1.08625,1.08638,2607.56
1456888500000,1.08637,1.08641,1.08614,1.08619,2235.01
1456889400000,1.08619,1.08653,1.08606,1.08635,2135.84
1456890300000,1.08634,1.08637,1.08584,1.08585,2300.88
1456891200000,1.08585,1.08596,1.08572,1.0858,2448.27
1456892100000,1.0858,1.08593,1.08572,1.08586,3834.23
1456893000000,1.08585,1.08598,1.08542,1.08542,2215.09
1456893900000,1.08541,1.08592,1.08538,1.0858,2197.93
1456894800000,1.08581,1.08588,1.08573,1.0858,2180.29
1456895700000,1.0858,1.08603,1.08578,1.08596,1899.15
1456896600000,1.08596,1.08642,1.0859,1.086,2121.99
1456897500000,1.086,1.0861,1.08564,1.08604,2598.27
1456898400000,1.08603,1.08655,1.08592,1.08622,3083.04
1456899300000,1.08623,1.0867,1.08622,1.08653,2447.58
1456900200000,1.08654,1.08654,1.08602,1.08602,2507.05
1456901100000,1.08602,1.08606,1.08497,1.08498,3508.41
1456902000000,1.08494,1.08556,1.08469,1.08529,3619.5
1456902900000,1.08528,1.08601,1.08521,1.08593,2503.19
1456903800000,1.08593,1.08658,1.08568,1.08624,3057.17
1456904700000,1.08624,1.08652,1.08594,1.08601,2676.39
1456905600000,1.086,1.0876,1.08593,1.08714,5174.85
1456906500000,1.08713,1.08745,1.08681,1.08689,4898.93
1456907400000,1.08688,1.08745,1.08563,1.08605,4654.06
1456908300000,1.08604,1.08653,1.08573,1.08639,4041.07
1456909200000,1.08639,1.0866,1.08553,1.08621,4708.3
1456910100000,1.08621,1.08633,1.08589,1.08609,4531.76
1456911000000,1.08608,1.08633,1.08577,1.08627,5199.72
1456911900000,1.08628,1.0874,1.08623,1.08701,6249.9
1456912800000,1.08699,1.08709,1.08628,1.08637,4728.51
1456913700000,1.08638,1.08644,1.08609,1.08637,4133.9
1456914600000,1.08637,1.08655,1.08578,1.08578,4354.93
1456915500000,1.08575,1.0861,1.08537,1.08555,4367.03
1456916400000,1.08556,1.08595,1.08552,1.08595,3653.34
1456917300000,1.08595,1.08636,1.08573,1.08577,4497.61
1456918200000,1.08577,1.0861,1.08547,1.08549,4136.76
1456919100000,1.08548,1.08548,1.08476,1.08525,4477.16
1456920000000,1.08523,1.08541,1.08498,1.08539,4313.68
1456920900000,1.08539,1.08549,1.08504,1.08512,4054.62
1456921800000,1.08513,1.08525,1.08475,1.08502,4055.82
1456922700000,1.08502,1.08568,1.08486,1.08565,3996.76
1456923600000,1.08565,1.08587,1.08428,1.0855,6351.94
1456924500000,1.08551,1.08551,1.084,1.08484,6304.26
1456925400000,1.08484,1.0863,1.08477,1.08497,6444.62
1456926300000,1.08497,1.08524,1.08394,1.08434,5722.57
1456927200000,1.08435,1.08525,1.08406,1.08456,5319.39
1456928100000,1.08455,1.08485,1.08338,1.08434,6507.98
1456929000000,1.08433,1.08437,1.08292,1.08383,8195.61
1456929900000,1.08382,1.08423,1.08345,1.0839,6115.54
1456930800000,1.08391,1.08444,1.08311,1.0844,5967.13
1456931700000,1.08442,1.0847,1.08394,1.08403,5551.08
1456932600000,1.08411,1.08425,1.0832,1.08349,5861.5
1456933500000,1.0835,1.08367,1.08255,1.08273,6408.18
1456934400000,1.08274,1.08337,1.08256,1.08318,6765.63
1456935300000,1.08316,1.0837,1.08301,1.08327,6135.84
1456936200000,1.08327,1.0841,1.08315,1.08384,4745.48
1456937100000,1.08384,1.08446,1.08376,1.0844,3451.17
1456938000000,1.08442,1.08477,1.08402,1.08475,4436.62
1456938900000,1.08474,1.08481,1.08433,1.08453,3104.49
1456939800000,1.08452,1.08493,1.08444,1.08487,2552.82
1456940700000,1.08486,1.08539,1.08472,1.08524,3521.34
1456941600000,1.08524,1.08554,1.08488,1.08543,2983.79
1456942500000,1.08543,1.08612,1.08531,1.08611,3445.13
1456943400000,1.08612,1.08645,1.08583,1.08604,3781.77
1456944300000,1.08604,1.08695,1.08604,1.08689,4294.9
1456945200000,1.08688,1.08711,1.08656,1.08675,3795.28
1456946100000,1.08675,1.08728,1.08669,1.08711,3721.84
1456947000000,1.08711,1.08722,1.08643,1.08665,3321.89
1456947900000,1.08664,1.08687,1.08633,1.08645,3844.12
1456948800000,1.08647,1.08684,1.08644,1.08667,3297.89
1456949700000,1.08668,1.08688,1.08639,1.08641,3261.59
1456950600000,1.0864,1.08691,1.08632,1.08688,2293.26
1456951500000,1.08688,1.08691,1.08659,1.08659,2724.83
1456952400000,1.08658,1.08706,1.08645,1.08695,2197.38
1456953300000,1.08695,1.08702,1.08655,1.08656,2222.78
1456954200000,1.08656,1.08662,1.08636,1.08642,1791.95
1456955100000,1.08641,1.08692,1.08634,1.08676,1775.62
1456956000000,1.08678,1.08718,1.08667,1.08702,356.59
1456956900000,1.08702,1.08717,1.08667,1.08701,861.55
1456957800000,1.08698,1.08732,1.08688,1.08698,1274.36
1456958700000,1.08699,1.08702,1.08644,1.08693,1734.47
1456959600000,1.08695,1.08703,1.08663,1.08668,2154.18
1456960500000,1.08667,1.08679,1.0865,1.08676,1872.43
1456961400000,1.08676,1.08691,1.08657,1.08664,953.76
1456962300000,1.08664,1.08696,1.08648,1.08692,750.84
1456963200000,1.08693,1.08693,1.08655,1.08663,2270.99
1456964100000,1.08664,1.08735,1.08641,1.08699,2525.13
1456965000000,1.08698,1.08714,1.08678,1.08685,1444.76
1456965900000,1.08686,1.08708,1.08657,1.08698,2650.1
1456966800000,1.087,1.08702,1.08667,1.08698,2278.34
1456967700000,1.08698,1.08739,1.08681,1.08723,2574.02
1456968600000,1.08723,1.08732,1.08672,1.0868,2219.99
1456969500000,1.08681,1.08728,1.08674,1.08721,2267.23
1456970400000,1.08722,1.08738,1.08704,1.08724,2313.7
1456971300000,1.08727,1.08749,1.0871,1.08713,2762.12
1456972200000,1.08712,1.08713,1.08608,1.08645,3954.07
1456973100000,1.08645,1.08677,1.08644,1.08665,2723.36
1456974000000,1.08665,1.0868,1.08653,1.08666,2549.49
1456974900000,1.08667,1.08667,1.08593,1.08596,2550.57
1456975800000,1.08595,1.08634,1.08582,1.08606,2504.99
1456976700000,1.08606,1.08607,1.08569,1.08571,2040.25
1456977600000,1.08572,1.08613,1.08557,1.08572,2121.3
1456978500000,1.08572,1.08609,1.08566,1.08603,2114.96
1456979400000,1.08604,1.08613,1.08584,1.08605,1888.34
1456980300000,1.08604,1.08607,1.08586,1.08586,1986.64
1456981200000,1.08586,1.08587,1.08553,1.08576,2066.15
1456982100000,1.08575,1.08582,1.08536,1.08565,2082.38
1456983000000,1.08565,1.0858,1.08561,1.08579,1808.18
1456983900000,1.08578,1.08585,1.08556,1.08585,2223.88
1456984800000,1.08581,1.08632,1.08562,1.08627,2328.49
1456985700000,1.08626,1.08634,1.08565,1.08604,2666.91
1456986600000,1.08605,1.08622,1.08566,1.08582,2335.26
1456987500000,1.08582,1.08607,1.08573,1.08592,2841.94
1456988400000,1.08595,1.08663,1.08588,1.08607,3672
1456989300000,1.08608,1.08626,1.08582,1.08603,3000.53
1456990200000,1.08604,1.08671,1.08584,1.08668,3376.32
1456991100000,1.0867,1.08696,1.08622,1.08693,3482.09
1456992000000,1.08693,1.08734,1.08634,1.08649,4999.78
1456992900000,1.08649,1.0871,1.08593,1.0871,5464.81
1456993800000,1.08709,1.08727,1.08619,1.08715,4226.37
1456994700000,1.08712,1.08767,1.08642,1.08758,4892.86
1456995600000,1.08761,1.08773,1.0866,1.08669,5345.07
1456996500000,1.08669,1.08735,1.08651,1.08721,4152.82
1456997400000,1.0872,1.08729,1.08644,1.0867,3778.21
1456998300000,1.08671,1.08672,1.08633,1.08663,3319.49
1456999200000,1.08665,1.08802,1.08665,1.08782,5081.68
1457000100000,1.08781,1.08805,1.08748,1.08788,3729.54
1457001000000,1.08789,1.08828,1.08707,1.08777,4829.07
1457001900000,1.08777,1.08796,1.08735,1.08792,3638.42
1457002800000,1.08791,1.08796,1.0875,1.08762,2910.27
1457003700000,1.08762,1.08769,1.08734,1.08734,2952.78
1457004600000,1.08734,1.08824,1.08734,1.08816,4097.8
1457005500000,1.08816,1.08875,1.08798,1.08806,3886.9
1457006400000,1.08808,1.08822,1.0876,1.08822,3770.07
1457007300000,1.08822,1.0892,1.0882,1.08913,4038.51
1457008200000,1.08913,1.09068,1.08901,1.09057,5860.86
1457009100000,1.09058,1.09082,1.09032,1.09067,4794.97
1457010000000,1.0907,1.09104,1.08973,1.09016,5483.93
1457010900000,1.09019,1.09035,1.08946,1.08949,4072.83
1457011800000,1.08949,1.09099,1.08929,1.09093,4977.18
1457012700000,1.09092,1.09101,1.0902,1.09072,5729.98
1457013600000,1.09072,1.09151,1.09033,1.09034,5336
1457014500000,1.09034,1.09038,1.08939,1.09036,5037.45
1457015400000,1.09038,1.09117,1.09036,1.09091,6274.69
1457016300000,1.0909,1.09286,1.09089,1.09263,7847.33
1457017200000,1.09263,1.09373,1.09165,1.0928,8806.05
1457018100000,1.09279,1.0939,1.09229,1.09254,8108.24
1457019000000,1.09254,1.09323,1.09244,1.09296,5363.53
1457019900000,1.09294,1.09342,1.09194,1.09326,6301.13
1457020800000,1.09325,1.09441,1.0928,1.09379,7242.29
1457021700000,1.09381,1.09475,1.09359,1.09464,5564.47
1457022600000,1.09464,1.09727,1.09441,1.09569,7448.2
1457023500000,1.09568,1.09573,1.0945,1.09465,5794.92
1457024400000,1.09465,1.09515,1.09381,1.09397,4889.17
1457025300000,1.09397,1.09397,1.09329,1.09376,4103.64
1457026200000,1.09375,1.0949,1.09347,1.0948,4269.45
1457027100000,1.09481,1.09528,1.09407,1.09454,4429.52
1457028000000,1.09455,1.09599,1.09445,1.09571,3670.32
1457028900000,1.09571,1.09649,1.09543,1.09593,3591.8
1457029800000,1.09592,1.09595,1.09559,1.09566,3236.28
1457030700000,1.09566,1.09688,1.09561,1.09678,3826.15
1457031600000,1.09676,1.09684,1.09565,1.09576,3926.34
1457032500000,1.09576,1.09603,1.09567,1.09583,2322.73
1457033400000,1.09583,1.09615,1.09546,1.09547,2236.11
1457034300000,1.09547,1.09588,1.09512,1.09555,4150.82
1457035200000,1.09558,1.09637,1.09553,1.09611,2945.24
1457036100000,1.09612,1.09643,1.09579,1.09641,2535.77
1457037000000,1.09641,1.09661,1.09622,1.09639,2849.19
1457037900000,1.0964,1.09663,1.09602,1.09617,2083.1
1457038800000,1.09615,1.09646,1.09605,1.09621,1307.62
1457039700000,1.0962,1.09627,1.09601,1.09608,1010.02
1457040600000,1.09608,1.09638,1.09598,1.0963,1258.88
1457041500000,1.09629,1.09634,1.09553,1.09562,1782.23
1457042400000,1.09565,1.09585,1.09543,1.09552,919.76
1457043300000,1.09552,1.09556,1.09493,1.09548,789.29
1457044200000,1.09548,1.09556,1.09492,1.09497,1948.73
1457045100000,1.09497,1.09514,1.0947,1.09489,1660.49
1457046000000,1.09496,1.09503,1.09451,1.09465,1809.32
1457046900000,1.09465,1.09502,1.09447,1.09497,1124.89
1457047800000,1.09498,1.09519,1.09462,1.09476,903.92
1457048700000,1.09476,1.0949,1.09446,1.09455,1270.43
1457049600000,1.09456,1.09494,1.09427,1.09441,2491.15
1457050500000,1.0944,1.09486,1.09439,1.09447,2044.5
1457051400000,1.09447,1.0949,1.09426,1.0949,1955.64
1457052300000,1.0949,1.09535,1.09461,1.09511,2509.88
1457053200000,1.09511,1.09556,1.0947,1.09485,1967.97
1457054100000,1.09484,1.0949,1.09437,1.09474,2379.72
1457055000000,1.09474,1.09476,1.09418,1.09434,2139.77
1457055900000,1.09433,1.09453,1.09405,1.09441,3317.59
1457056800000,1.0944,1.09465,1.09408,1.09409,2301.45
1457057700000,1.09409,1.09428,1.094,1.0941,1713.58
1457058600000,1.09411,1.09413,1.09364,1.0939,2370.82
1457059500000,1.09391,1.0941,1.09367,1.09371,2056.13
1457060400000,1.09372,1.0944,1.09351,1.09438,3070.18
1457061300000,1.09438,1.09453,1.09407,1.09442,2381.72
1457062200000,1.09442,1.09495,1.09413,1.09479,1929.95
1457063100000,1.09478,1.09487,1.09444,1.09452,2217.36
1457064000000,1.0945,1.0948,1.09429,1.09452,2214.3
1457064900000,1.09452,1.09457,1.0942,1.09448,1537.58
1457065800000,1.09448,1.09466,1.09445,1.09452,1593.21
1457066700000,1.09451,1.09465,1.09435,1.09462,2227.74
1457067600000,1.09462,1.09462,1.09439,1.09452,2084.52
1457068500000,1.09452,1.09487,1.0944,1.09487,2053.83
1457069400000,1.09486,1.09555,1.09461,1.09543,1388.53
1457070300000,1.09542,1.09543,1.09489,1.09532,1869.86
1457071200000,1.09533,1.09569,1.09512,1.09549,2112.24
1457072100000,1.0955,1.09563,1.09513,1.09523,2117.27
1457073000000,1.09522,1.09542,1.09507,1.09514,1988.8
1457073900000,1.09513,1.09528,1.09458,1.09465,2222.65
1457074800000,1.09466,1.09516,1.09447,1.09447,3844.5
1457075700000,1.09447,1.09507,1.09446,1.09495,2845.51
1457076600000,1.09495,1.095,1.09471,1.0948,2878.29
1457077500000,1.0948,1.09544,1.09475,1.09509,3371.85
1457078400000,1.09507,1.09525,1.09404,1.09427,3979.75
1457079300000,1.09427,1.09454,1.09352,1.09354,4210.16
1457080200000,1.09354,1.09377,1.09284,1.09376,4769.85
1457081100000,1.09374,1.09386,1.09332,1.09385,4484.41
1457082000000,1.09385,1.09457,1.09383,1.09419,4588.64
1457082900000,1.09419,1.09679,1.09391,1.09674,6432.43
1457083800000,1.09674,1.09739,1.09638,1.09658,4461.47
1457084700000,1.09659,1.09666,1.09579,1.09626,4156.16
1457085600000,1.09626,1.09686,1.09625,1.09678,4153.72
1457086500000,1.09677,1.0971,1.09627,1.09706,4548.58
1457087400000,1.09706,1.09839,1.09705,1.0981,5475.25
1457088300000,1.09811,1.09855,1.0977,1.09817,4995.07
1457089200000,1.09818,1.09853,1.09793,1.09817,3266.99
1457090100000,1.09818,1.09879,1.09794,1.09863,3843.71
1457091000000,1.09864,1.09899,1.09824,1.09824,3613.42
1457091900000,1.09823,1.09841,1.09786,1.09841,3658.37
1457092800000,1.09842,1.09867,1.09804,1.09814,4339.88
1457093700000,1.09813,1.09843,1.09715,1.09715,4072.79
1457094600000,1.09715,1.09727,1.09668,1.09716,4100.95
1457095500000,1.09717,1.09728,1.09676,1.09714,3698.99
1457096400000,1.09715,1.09736,1.09681,1.09706,5754.54
1457097300000,1.09709,1.09785,1.09664,1.0971,5388.49
1457098200000,1.09714,1.09714,1.09034,1.09291,10205.46
1457099100000,1.09294,1.09849,1.09196,1.09811,9789.4
1457100000000,1.09805,1.10264,1.09723,1.09793,10784.44
1457100900000,1.0979,1.09804,1.09586,1.09783,7099.17
1457101800000,1.09784,1.10134,1.09695,1.1012,9200.75
1457102700000,1.10125,1.10397,1.10058,1.10256,8437.9
1457103600000,1.10255,1.10434,1.10196,1.10221,8682.33
1457104500000,1.10223,1.10365,1.10148,1.10218,7162.56
1457105400000,1.10218,1.10218,1.09975,1.09975,6005.05
1457106300000,1.09974,1.101,1.09872,1.10084,7183.46
1457107200000,1.10085,1.10245,1.10018,1.10186,6565.56
1457108100000,1.10186,1.10214,1.10061,1.10131,5169.46
1457109000000,1.10133,1.10264,1.10062,1.10223,4770.59
1457109900000,1.10224,1.10283,1.10094,1.10096,4534.75
1457110800000,1.10096,1.1014,1.09947,1.10013,4519.57
1457111700000,1.10013,1.10035,1.09974,1.10016,3398.86
1457112600000,1.10015,1.10063,1.09973,1.10061,3944.84
1457113500000,1.10059,1.10073,1.09905,1.09981,3921.69
1457114400000,1.09987,1.1001,1.09935,1.09975,3136.46
1457115300000,1.09975,1.10015,1.09966,1.09973,3247.28
1457116200000,1.09974,1.09981,1.099,1.09913,3193.28
1457117100000,1.09922,1.09971,1.09902,1.09944,3547.31
1457118000000,1.09946,1.09962,1.09903,1.09939,2538.41
1457118900000,1.09941,1.09984,1.0993,1.09975,3321.75
1457119800000,1.09976,1.09985,1.09926,1.09956,2399.84
1457120700000,1.09956,1.09996,1.09944,1.09976,4008.09
1457121600000,1.09977,1.10021,1.09971,1.09996,3323.41
1457122500000,1.09997,1.10004,1.09923,1.09933,3363.58
1457123400000,1.09933,1.09941,1.09915,1.09932,2581.69
1457124300000,1.09934,1.10021,1.09928,1.10019,2558.57
1457125200000,1.10027,1.10079,1.10012,1.10076,2074.29
1457126100000,1.10076,1.10124,1.10071,1.1012,2627.43
1457127000000,1.1012,1.10123,1.1003,1.1003,1258.21
1457127900000,1.10029,1.10112,1.10006,1.10055,1634
1457301600000,1.09886,1.0995,1.09886,1.09923,416.37
1457302500000,1.09924,1.09938,1.09924,1.09937,273.83
1457303400000,1.09937,1.09948,1.09931,1.0994,518.66
1457304300000,1.0994,1.09948,1.09913,1.09918,1101.33
1457305200000,1.09918,1.09972,1.09916,1.09954,2208.68
1457306100000,1.09953,1.09953,1.09886,1.09893,1649.93
1457307000000,1.09893,1.09931,1.0988,1.099,1268.23
1457307900000,1.099,1.0994,1.09897,1.09913,1843.24
1457308800000,1.09913,1.09949,1.09899,1.09942,2782.86
1457309700000,1.09942,1.09943,1.09903,1.09919,1829.9
1457310600000,1.09919,1.09948,1.09915,1.0994,2070.09
1457311500000,1.0994,1.09958,1.0993,1.09954,2678.41
1457312400000,1.09954,1.09967,1.09932,1.09943,3105.59
1457313300000,1.09943,1.0997,1.09935,1.09953,2496.36
1457314200000,1.09953,1.09953,1.09864,1.09871,3050.2
1457315100000,1.09873,1.09887,1.09838,1.09866,2678.01
1457316000000,1.09865,1.09896,1.09855,1.09882,2168.65
1457316900000,1.09882,1.09891,1.09876,1.09887,1217.43
1457317800000,1.09886,1.09937,1.09884,1.09917,2320.17
1457318700000,1.09918,1.09925,1.09895,1.09898,1630.95
1457319600000,1.09898,1.09914,1.09892,1.09906,1826.68
1457320500000,1.09907,1.09932,1.09881,1.09882,2828.81
1457321400000,1.09883,1.09891,1.09868,1.0987,1640.36
1457322300000,1.09871,1.09897,1.09869,1.09889,2490.9
1457323200000,1.0989,1.0991,1.09889,1.09905,2263.76
1457324100000,1.09905,1.09905,1.09882,1.09883,1237.14
1457325000000,1.09883,1.09899,1.09872,1.09893,1537.76
1457325900000,1.09893,1.09901,1.0989,1.09899,1249.87
1457326800000,1.09901,1.09912,1.09889,1.09889,1704
1457327700000,1.09889,1.09906,1.09889,1.09906,1561.13
1457328600000,1.09905,1.09928,1.09905,1.09927,2709.53
1457329500000,1.09926,1.09931,1.09906,1.09923,2604.78
1457330400000,1.09923,1.09941,1.09918,1.0993,3087.01
1457331300000,1.0993,1.09932,1.09905,1.09916,2285.58
1457332200000,1.09916,1.09933,1.09912,1.09921,1869.18
1457333100000,1.09922,1.09939,1.09897,1.09908,2381.88
1457334000000,1.09906,1.09938,1.09766,1.09779,3855.91
1457334900000,1.09779,1.09823,1.09756,1.09773,3391.66
1457335800000,1.09773,1.09798,1.09664,1.09665,4417.43
1457336700000,1.09664,1.09729,1.0966,1.09695,3407.51
1457337600000,1.09697,1.09744,1.09516,1.09518,6467.42
1457338500000,1.09518,1.09568,1.09469,1.09543,6273.66
1457339400000,1.09544,1.09579,1.09487,1.09488,6016.09
1457340300000,1.09487,1.09528,1.09442,1.09482,6236.31
1457341200000,1.09482,1.09555,1.09469,1.09544,4852.48
1457342100000,1.09543,1.09568,1.09513,1.0954,3654.04
1457343000000,1.0954,1.09612,1.09529,1.09556,4626.47
1457343900000,1.09557,1.09622,1.09535,1.09545,4187.69
1457344800000,1.09543,1.09573,1.09505,1.09565,3276.22
1457345700000,1.09566,1.09592,1.09531,1.09575,3388.39
1457346600000,1.09575,1.09593,1.09543,1.09561,2903.07
1457347500000,1.09562,1.09577,1.09517,1.09532,3419.2
1457348400000,1.0953,1.09555,1.09516,1.09526,2669.11
1457349300000,1.09526,1.09529,1.094,1.09413,4645.79
1457350200000,1.09413,1.09469,1.09405,1.09452,3122.35
1457351100000,1.09452,1.0952,1.09452,1.09507,3795.55
1457352000000,1.09507,1.09624,1.09496,1.09611,4802.79
1457352900000,1.09611,1.09725,1.09605,1.09636,4516.74
1457353800000,1.09636,1.09653,1.09625,1.09633,3276.16
1457354700000,1.09634,1.09635,1.09477,1.09492,4545.34
1457355600000,1.09493,1.09572,1.09482,1.09534,4422.05
1457356500000,1.09534,1.09631,1.09534,1.09611,4903.01
1457357400000,1.09613,1.09647,1.0958,1.09619,3768.1
1457358300000,1.0962,1.09651,1.09551,1.09591,5175.74
1457359200000,1.09593,1.09595,1.09492,1.09514,4060.67
1457360100000,1.09514,1.09551,1.09487,1.09531,3954.8
1457361000000,1.0953,1.09568,1.09486,1.09549,5279.67
1457361900000,1.09551,1.09592,1.09484,1.09496,5034.82
1457362800000,1.09496,1.09729,1.09464,1.09663,5976.91
1457363700000,1.09662,1.09733,1.09602,1.0967,6144.51
1457364600000,1.09673,1.09821,1.09668,1.09765,6300.22
1457365500000,1.09765,1.09859,1.09725,1.09839,5671.05
1457366400000,1.0984,1.09846,1.09763,1.09783,5217.18
1457367300000,1.09784,1.09914,1.09782,1.09893,5140.89
1457368200000,1.09893,1.10004,1.09879,1.09897,5744.81
1457369100000,1.09897,1.10119,1.09897,1.10035,5707.52
1457370000000,1.10036,1.10198,1.10035,1.1017,4703.64
1457370900000,1.1017,1.10239,1.10125,1.10209,4703.65
1457371800000,1.1021,1.1021,1.10149,1.10158,3466.76
1457372700000,1.10156,1.10249,1.10156,1.10212,3727.74
1457373600000,1.10212,1.10258,1.10112,1.10129,4506.81
1457374500000,1.10129,1.10158,1.10076,1.10128,4012.94
1457375400000,1.10129,1.10141,1.10054,1.10084,2725.36
1457376300000,1.10084,1.101,1.10036,1.10059,3536.82
1457377200000,1.10058,1.1009,1.10028,1.10067,3201.05
1457378100000,1.10068,1.10134,1.10068,1.10123,3134.33
1457379000000,1.10122,1.10142,1.10061,1.10121,3113.67
1457379900000,1.10121,1.10177,1.10105,1.10161,4149.58
1457380800000,1.10162,1.10169,1.10117,1.10129,2270.17
1457381700000,1.10128,1.1014,1.10082,1.10138,2157.69
1457382600000,1.10135,1.10162,1.10121,1.10132,2964.43
1457383500000,1.10133,1.1015,1.10121,1.10122,2009.24
1457384400000,1.10126,1.10178,1.10086,1.10175,2292.75
1457385300000,1.10176,1.10179,1.10152,1.10152,1431.87
1457386200000,1.10152,1.10152,1.10132,1.10132,1142.15
1457387100000,1.10132,1.10143,1.10122,1.10133,1562.89
1457388000000,1.10125,1.10155,1.10124,1.10134,156.03
1457388900000,1.10134,1.10134,1.10105,1.10126,1030.42
1457389800000,1.10126,1.10153,1.10119,1.10146,3211.92
1457390700000,1.10146,1.1015,1.10143,1.10147,642.09
1457391600000,1.10148,1.10151,1.10111,1.10141,1807.93
1457392500000,1.10141,1.10174,1.10138,1.10164,1405.85
1457393400000,1.10164,1.10164,1.10131,1.10131,644.19
1457394300000,1.10129,1.10169,1.10113,1.10123,803.12
1457395200000,1.10123,1.10147,1.10118,1.10144,2163.54
1457396100000,1.10145,1.10203,1.10145,1.10202,2094.26
1457397000000,1.10202,1.10207,1.10151,1.10164,2057.38
1457397900000,1.10163,1.10208,1.1016,1.10177,2695.04
1457398800000,1.10176,1.10189,1.10156,1.10169,2354.11
1457399700000,1.10169,1.10171,1.10123,1.10124,2348.51
1457400600000,1.10125,1.10171,1.10115,1.10135,2761.58
1457401500000,1.10135,1.10235,1.10135,1.10185,3119.22
1457402400000,1.10186,1.10271,1.10186,1.10238,2659.47
1457403300000,1.10238,1.10261,1.10211,1.10251,1817.28
1457404200000,1.10252,1.10267,1.10208,1.10253,1872.32
1457405100000,1.10253,1.10287,1.10245,1.10249,1564.26
1457406000000,1.10249,1.10259,1.10211,1.10235,2099.13
1457406900000,1.10234,1.1024,1.10205,1.1022,2416.26
1457407800000,1.10221,1.10226,1.10193,1.10209,2373.8
1457408700000,1.10209,1.10219,1.10176,1.10179,2024.61
1457409600000,1.10179,1.10212,1.10167,1.10192,1411.49
1457410500000,1.1019,1.10193,1.10174,1.10181,1546.78
1457411400000,1.10181,1.1019,1.10165,1.10182,2021.89
1457412300000,1.10181,1.10184,1.10148,1.10156,2350.25
1457413200000,1.10156,1.10179,1.10143,1.10179,2054.36
1457414100000,1.10178,1.10195,1.10157,1.10188,1686.59
1457415000000,1.10188,1.10241,1.10182,1.10191,2490.04
1457415900000,1.10191,1.10197,1.10165,1.10175,2211.13
1457416800000,1.10173,1.10213,1.10173,1.102,2082.39
1457417700000,1.10202,1.10205,1.10182,1.10187,2008.99
1457418600000,1.10187,1.10236,1.10184,1.10205,2706.76
1457419500000,1.10205,1.10227,1.10155,1.10203,2691.74
1457420400000,1.10208,1.10249,1.1019,1.10238,4119.15
1457421300000,1.10237,1.10308,1.10216,1.10273,4168.52
1457422200000,1.10274,1.10385,1.10267,1.10322,4935.09
1457423100000,1.10321,1.10417,1.10309,1.10352,4638.02
1457424000000,1.10352,1.10446,1.103,1.10307,5664.53
1457424900000,1.10306,1.10308,1.1024,1.10255,4945.53
1457425800000,1.10256,1.10319,1.10245,1.10291,4418.47
1457426700000,1.10292,1.10298,1.10164,1.10279,4430.73
1457427600000,1.1028,1.10388,1.1028,1.10299,4377.89
1457428500000,1.103,1.10316,1.10193,1.10204,4708.28
1457429400000,1.10208,1.10248,1.10175,1.10225,4052.67
1457430300000,1.10225,1.10227,1.10118,1.10142,4370.49
1457431200000,1.10142,1.10249,1.10134,1.10215,3589.52
1457432100000,1.10214,1.10307,1.1021,1.10264,4735.15
1457433000000,1.10265,1.10274,1.10077,1.10078,4806.89
1457433900000,1.10079,1.10182,1.10069,1.1017,3097.72
1457434800000,1.10167,1.10169,1.10016,1.10058,4358.83
1457435700000,1.10057,1.10149,1.10045,1.1011,4416.43
1457436600000,1.1011,1.10145,1.10067,1.10067,3172.71
1457437500000,1.10067,1.10162,1.10058,1.10146,3350.01
1457438400000,1.10145,1.10173,1.10073,1.10167,4839.17
1457439300000,1.10166,1.10243,1.10134,1.10242,4506.83
1457440200000,1.10244,1.10264,1.10189,1.10254,4214.39
1457441100000,1.10257,1.10265,1.10126,1.10138,4591.6
1457442000000,1.10139,1.10306,1.1013,1.10271,5919.58
1457442900000,1.10268,1.10367,1.1022,1.10226,5922.73
1457443800000,1.10225,1.10266,1.10166,1.10186,4489.24
1457444700000,1.10188,1.10328,1.10181,1.10327,5349.92
1457445600000,1.10326,1.10358,1.1029,1.10346,5202.67
1457446500000,1.10345,1.10499,1.10328,1.10476,4591.26
1457447400000,1.10477,1.10558,1.10399,1.10471,6504.97
1457448300000,1.10471,1.10485,1.1037,1.10418,5850.22
1457449200000,1.10417,1.10505,1.10279,1.10346,6484.94
1457450100000,1.10347,1.10395,1.10294,1.10381,5623.52
1457451000000,1.10382,1.1046,1.10334,1.10457,4555.65
1457451900000,1.10457,1.10578,1.1045,1.10574,6610.02
1457452800000,1.10574,1.10574,1.10418,1.10494,6818.52
1457453700000,1.10493,1.10521,1.10403,1.10442,5585.95
1457454600000,1.10441,1.10448,1.10265,1.10285,4423.59
1457455500000,1.10284,1.10316,1.1024,1.10268,4785.5
1457456400000,1.1027,1.10343,1.1027,1.10308,3621.37
1457457300000,1.10308,1.10314,1.10127,1.1015,4801.74
1457458200000,1.10147,1.10204,1.10128,1.10167,4249.35
1457459100000,1.10166,1.10189,1.10135,1.10183,3346.68
1457460000000,1.10182,1.10187,1.10088,1.1012,3389.08
1457460900000,1.1012,1.10131,1.09993,1.1004,3857.14
1457461800000,1.10042,1.10062,1.09936,1.09954,3050.28
1457462700000,1.09955,1.10032,1.09954,1.09976,3114.22
1457463600000,1.09975,1.10047,1.0994,1.09955,3505.51
1457464500000,1.09954,1.10037,1.09954,1.1001,3981.78
1457465400000,1.10011,1.10082,1.10011,1.10077,2851.95
1457466300000,1.10077,1.10104,1.10014,1.10022,2477.65
1457467200000,1.10022,1.10091,1.09999,1.1008,2891.55
1457468100000,1.10079,1.10111,1.10069,1.10084,2186.46
1457469000000,1.10083,1.10089,1.10065,1.10067,1919.63
1457469900000,1.10067,1.1009,1.10047,1.10054,2174.58
1457470800000,1.10054,1.10077,1.10044,1.10055,1054.21
1457471700000,1.10055,1.10114,1.10055,1.10079,1695.35
1457472600000,1.1008,1.10108,1.10048,1.10102,1360.16
1457473500000,1.10101,1.10117,1.10088,1.10104,1404.14
1457474400000,1.10106,1.10113,1.10095,1.10103,260.55
1457475300000,1.10102,1.10109,1.10072,1.10084,500.95
1457476200000,1.10086,1.101,1.1007,1.10076,1346.12
1457477100000,1.10079,1.1008,1.10054,1.10056,1068.31
1457478000000,1.10056,1.10061,1.10041,1.10051,1613.62
1457478900000,1.10052,1.10053,1.09992,1.10012,1916.28
1457479800000,1.10012,1.10017,1.09972,1.0999,1694.37
1457480700000,1.0999,1.10017,1.09949,1.10002,2266.04
1457481600000,1.10001,1.10065,1.0999,1.10032,2066.77
1457482500000,1.10032,1.10043,1.09965,1.09991,1949.77
1457483400000,1.0999,1.10009,1.09973,1.09989,1692.34
1457484300000,1.0999,1.09999,1.09922,1.09957,1901.68
1457485200000,1.09958,1.09971,1.09914,1.09925,1884.9
1457486100000,1.09924,1.09937,1.09851,1.09857,2506.33
1457487000000,1.09856,1.09868,1.09752,1.09787,3521.36
1457487900000,1.09789,1.09851,1.09788,1.09828,2745.75
1457488800000,1.09827,1.09841,1.09778,1.09784,1782.69
1457489700000,1.09783,1.09794,1.0975,1.09788,1458
1457490600000,1.09789,1.09797,1.09738,1.09748,1388.88
1457491500000,1.09748,1.09796,1.09748,1.09773,2101.14
1457492400000,1.09773,1.09802,1.09766,1.09788,1806.22
1457493300000,1.09788,1.09799,1.09748,1.09759,1803.82
1457494200000,1.09759,1.09762,1.09715,1.09722,1677.66
1457495100000,1.09722,1.09737,1.09707,1.09723,1894.7
1457496000000,1.09723,1.09738,1.09674,1.09678,1965.15
1457496900000,1.09678,1.097,1.09675,1.0969,2040.04
1457497800000,1.09691,1.09751,1.09689,1.09747,2409.61
1457498700000,1.09746,1.09757,1.09722,1.09731,2198.61
1457499600000,1.09732,1.09741,1.09705,1.09734,2427.2
1457500500000,1.09734,1.09755,1.0972,1.09724,2424.91
1457501400000,1.09725,1.0973,1.09712,1.09729,2044.77
1457502300000,1.09728,1.09764,1.09712,1.09755,2322.86
1457503200000,1.09755,1.09778,1.09717,1.09778,2240.93
1457504100000,1.09778,1.09806,1.09768,1.09804,2723.58
1457505000000,1.09802,1.09818,1.0974,1.09749,2854.79
1457505900000,1.09749,1.09775,1.09736,1.09775,2387.41
1457506800000,1.09775,1.0985,1.09734,1.09846,4353.91
1457507700000,1.09845,1.09847,1.0972,1.09825,4131.32
1457508600000,1.09827,1.09863,1.09803,1.09826,3555.93
1457509500000,1.09828,1.09895,1.09826,1.09854,3931.88
1457510400000,1.09854,1.09854,1.09629,1.0965,6207.59
1457511300000,1.0965,1.09686,1.09617,1.09665,4745.61
1457512200000,1.09666,1.09693,1.09634,1.09689,4695.59
1457513100000,1.09688,1.09774,1.09677,1.09763,4313.76
1457514000000,1.09763,1.09794,1.09737,1.09749,4097.04
1457514900000,1.09749,1.09758,1.09696,1.09747,3652.59
1457515800000,1.09745,1.09748,1.09685,1.09694,4406.73
1457516700000,1.09695,1.09718,1.09671,1.09703,3850.55
1457517600000,1.09702,1.09702,1.09609,1.09659,5154.06
1457518500000,1.09658,1.09758,1.0965,1.09725,4615.6
1457519400000,1.09726,1.09743,1.09633,1.09641,4399.51
1457520300000,1.09641,1.0965,1.09548,1.09632,4901.46
1457521200000,1.09632,1.09651,1.09592,1.09648,3657.27
1457522100000,1.09647,1.09683,1.09628,1.0963,3508.17
1457523000000,1.09629,1.09657,1.09587,1.09607,4124.74
1457523900000,1.09607,1.09725,1.09607,1.09723,4903.22
1457524800000,1.09724,1.09759,1.09693,1.09743,4245.92
1457525700000,1.09743,1.09776,1.09696,1.09696,3704.38
1457526600000,1.09697,1.09785,1.09685,1.09772,3786.46
1457527500000,1.09772,1.09794,1.09663,1.09694,4066.2
1457528400000,1.09694,1.09746,1.0967,1.09729,4268.39
1457529300000,1.09727,1.09784,1.09624,1.09634,5266
1457530200000,1.09634,1.09644,1.09522,1.09531,5268.25
1457531100000,1.0953,1.09539,1.0948,1.09505,6232.63
1457532000000,1.09506,1.0957,1.09502,1.09547,5562
1457532900000,1.09546,1.09547,1.09461,1.09486,4952.78
1457533800000,1.09486,1.09578,1.09471,1.09481,7011.23
1457534700000,1.09481,1.09651,1.09481,1.09641,6497.92
1457535600000,1.09643,1.09779,1.09586,1.0975,6243.19
1457536500000,1.0975,1.09869,1.09736,1.09811,6926.12
1457537400000,1.09811,1.1015,1.09777,1.10048,7348.16
1457538300000,1.10049,1.10177,1.10001,1.10066,6581.35
1457539200000,1.10066,1.10261,1.10041,1.10163,7226.38
1457540100000,1.10162,1.10175,1.10082,1.10155,5134.06
1457541000000,1.10154,1.10294,1.10144,1.10234,5889.59
1457541900000,1.10233,1.10252,1.102,1.1021,4540.89
1457542800000,1.10211,1.1024,1.10187,1.10219,4255.72
1457543700000,1.1022,1.10298,1.10217,1.10276,4174.93
1457544600000,1.10276,1.10296,1.1025,1.1028,3907.61
1457545500000,1.1028,1.10349,1.10269,1.10286,4378.14
1457546400000,1.10286,1.10312,1.10217,1.10252,3619.34
1457547300000,1.10254,1.10305,1.10221,1.10224,3302.6
1457548200000,1.10225,1.10246,1.10191,1.10192,2762.47
1457549100000,1.10192,1.10203,1.10133,1.10186,3636.57
1457550000000,1.10184,1.10199,1.10091,1.10132,3727.77
1457550900000,1.10132,1.10134,1.10092,1.10109,2855.38
1457551800000,1.1011,1.1013,1.101,1.10107,2545.62
1457552700000,1.10108,1.10108,1.09986,1.1002,4205.85
1457553600000,1.10016,1.10079,1.09968,1.10074,4043.01
1457554500000,1.10073,1.10079,1.10041,1.1007,2215.71
1457555400000,1.10072,1.10084,1.09999,1.10057,2674.1
1457556300000,1.10056,1.10067,1.10041,1.10045,2305.1
1457557200000,1.10046,1.10063,1.10025,1.1005,1506.84
1457558100000,1.10051,1.10062,1.10046,1.10057,1154.14
1457559000000,1.10057,1.10058,1.1004,1.10051,1486.52
1457559900000,1.10051,1.10053,1.09988,1.09994,1740.51
1457560800000,1.09988,1.10012,1.09981,1.10001,347.78
1457561700000,1.10001,1.10037,1.09972,1.09995,747.39
1457562600000,1.09998,1.10009,1.09977,1.09995,894.73
1457563500000,1.09994,1.10009,1.09961,1.09965,978.75
1457564400000,1.09965,1.10003,1.09965,1.09988,3979.81
1457565300000,1.09988,1.09988,1.09888,1.09892,2344.23
1457566200000,1.09892,1.0992,1.09873,1.09874,998.74
1457567100000,1.09874,1.09897,1.09838,1.09858,2016.34
1457568000000,1.09859,1.099,1.09843,1.09893,1974.84
1457568900000,1.09894,1.09929,1.09855,1.09855,1747.43
1457569800000,1.09855,1.09869,1.0981,1.09821,2017.74
1457570700000,1.0982,1.09831,1.09803,1.09826,1732.79
1457571600000,1.09825,1.09854,1.09811,1.09834,2543.29
1457572500000,1.09834,1.09841,1.0978,1.09786,3264.17
1457573400000,1.09787,1.09831,1.09703,1.09817,3338.63
1457574300000,1.09818,1.0984,1.09811,1.09826,2154.47
1457575200000,1.09827,1.09849,1.09799,1.09801,2999.35
1457576100000,1.09801,1.09856,1.09801,1.09851,2088.77
1457577000000,1.09852,1.09856,1.09823,1.09824,1831.83
1457577900000,1.09824,1.09865,1.09806,1.09846,1901.95
1457578800000,1.09845,1.09867,1.09843,1.09859,1878.55
1457579700000,1.09859,1.09869,1.09853,1.09867,1818.13
1457580600000,1.09868,1.09868,1.09757,1.09768,2557.27
1457581500000,1.09768,1.09805,1.09711,1.09725,1738.13
1457582400000,1.09725,1.09746,1.09716,1.09741,1250.09
1457583300000,1.09741,1.09757,1.09729,1.09752,1214.58
1457584200000,1.09752,1.09766,1.09742,1.09764,1281.34
1457585100000,1.09764,1.09767,1.09752,1.09765,1332.16
1457586000000,1.09763,1.09775,1.09756,1.09764,1292.51
1457586900000,1.09767,1.09777,1.09752,1.0976,2244.24
1457587800000,1.09759,1.09786,1.09757,1.09781,1618.52
1457588700000,1.0978,1.09814,1.09777,1.09812,1648.67
1457589600000,1.0981,1.09821,1.09742,1.09756,2393.71
1457590500000,1.09755,1.098,1.09755,1.09798,1754.6
1457591400000,1.098,1.0982,1.09792,1.09795,1853.51
1457592300000,1.09794,1.09806,1.09731,1.09732,2244.03
1457593200000,1.09734,1.0976,1.09688,1.09698,3786.42
1457594100000,1.09698,1.09706,1.09638,1.09642,4770.8
1457595000000,1.09642,1.09661,1.09629,1.09637,3679.82
1457595900000,1.09637,1.09698,1.09637,1.09677,4094.62
1457596800000,1.09677,1.09742,1.09608,1.09732,5890.55
1457597700000,1.09731,1.09772,1.09696,1.09733,4556.25
1457598600000,1.09731,1.09745,1.09661,1.09686,4069.29
1457599500000,1.09686,1.09719,1.09623,1.09635,4277.4
1457600400000,1.09635,1.09693,1.09599,1.0966,4864.39
1457601300000,1.0966,1.09692,1.0965,1.0965,4160.77
1457602200000,1.09649,1.09683,1.0962,1.0962,3699.3
1457603100000,1.09621,1.09703,1.09601,1.09674,4218.76
1457604000000,1.09674,1.09731,1.09656,1.09711,4364.79
1457604900000,1.09711,1.09743,1.09659,1.09687,4380.34
1457605800000,1.09686,1.09861,1.09675,1.09856,4617.54
1457606700000,1.09856,1.09859,1.09761,1.0978,3916.36
1457607600000,1.0978,1.09797,1.09677,1.09681,4646.28
1457608500000,1.0968,1.09694,1.09636,1.09689,4504.35
1457609400000,1.09689,1.09742,1.0967,1.09727,3188.9
1457610300000,1.09729,1.09781,1.09705,1.09742,3096.66
1457611200000,1.09739,1.09837,1.09727,1.09819,4317.87
1457612100000,1.09821,1.09871,1.09798,1.09801,4156.19
1457613000000,1.09804,1.09897,1.09595,1.09664,6338.63
1457613900000,1.09681,1.09751,1.08434,1.08456,10795.77
1457614800000,1.08459,1.08713,1.08359,1.08565,9734.44
1457615700000,1.08567,1.08737,1.08453,1.08466,7938.73
1457616600000,1.08466,1.08587,1.08222,1.08494,8893.72
1457617500000,1.08495,1.09708,1.08446,1.0921,11495.99
1457618400000,1.09199,1.11155,1.09102,1.10655,11494.38
1457619300000,1.10655,1.1068,1.10042,1.10192,8827.41
1457620200000,1.10192,1.10794,1.10185,1.10552,10420
1457621100000,1.10568,1.10591,1.10223,1.10414,7241.29
1457622000000,1.10416,1.11364,1.10413,1.11131,10878.53
1457622900000,1.1113,1.11275,1.11005,1.11208,7628.96
1457623800000,1.11207,1.11593,1.11206,1.11262,7938.31
1457624700000,1.11261,1.11516,1.11211,1.11464,6507.18
1457625600000,1.11461,1.11597,1.11364,1.11475,7145.06
1457626500000,1.11476,1.11745,1.11369,1.11646,7144.96
1457627400000,1.11647,1.11946,1.11579,1.11693,6926.67
1457628300000,1.11694,1.11714,1.11554,1.11592,5586.29
1457629200000,1.11598,1.11752,1.11481,1.11735,4654.43
1457630100000,1.11735,1.11969,1.11731,1.11787,5043.73
1457631000000,1.11786,1.12179,1.11775,1.12126,6355.02
1457631900000,1.12121,1.12168,1.11836,1.11933,5971.27
1457632800000,1.11934,1.12002,1.11867,1.11991,5137.54
1457633700000,1.11991,1.12014,1.11911,1.11974,4244.11
1457634600000,1.11972,1.12017,1.11926,1.12012,3759.27
1457635500000,1.12012,1.12036,1.11906,1.11998,3652.38
1457636400000,1.12,1.1214,1.11989,1.12084,3909.73
1457637300000,1.12085,1.12152,1.1205,1.12135,3729.23
1457638200000,1.12135,1.12135,1.12011,1.1203,3628.83
1457639100000,1.1203,1.12043,1.11945,1.11984,4618.85
1457640000000,1.11987,1.11991,1.11875,1.11882,3080.3
1457640900000,1.1188,1.11885,1.11769,1.11773,3372.44
1457641800000,1.11773,1.11856,1.11773,1.11816,2532.92
1457642700000,1.11814,1.11814,1.11751,1.11783,2169.09
1457643600000,1.11782,1.11817,1.1177,1.11815,1820.22
1457644500000,1.11814,1.11817,1.11775,1.11817,1309.12
1457645400000,1.11816,1.11853,1.1181,1.11842,1406.59
1457646300000,1.11842,1.11863,1.11766,1.11766,2701.48
1457647200000,1.1177,1.11824,1.11761,1.11791,669.57
1457648100000,1.1179,1.11808,1.11759,1.11773,845.32
1457649000000,1.11773,1.11793,1.11738,1.11765,1037.6
1457649900000,1.11763,1.11794,1.11761,1.11794,1159.35
1457650800000,1.11793,1.11849,1.1174,1.11757,3559.72
1457651700000,1.11756,1.11758,1.117,1.11732,2318.07
1457652600000,1.11732,1.11801,1.11731,1.11783,1919.76
1457653500000,1.11783,1.11787,1.11752,1.11763,1220.88
1457654400000,1.11763,1.11849,1.1174,1.11794,3306.43
1457655300000,1.11794,1.11839,1.11738,1.1175,2490.53
1457656200000,1.1175,1.11823,1.1175,1.11805,2112.83
1457657100000,1.11804,1.11942,1.11793,1.11845,2875.99
1457658000000,1.11849,1.12005,1.1184,1.11996,2764.91
1457658900000,1.11995,1.12096,1.11956,1.11956,2776.9
1457659800000,1.11958,1.12007,1.11879,1.11879,2242.75
1457660700000,1.1188,1.11907,1.11814,1.11844,2600.24
1457661600000,1.11845,1.1185,1.11778,1.11798,2285.51
1457662500000,1.11798,1.11853,1.11791,1.11826,1977.9
1457663400000,1.11828,1.11833,1.11797,1.11812,1779.97
1457664300000,1.11812,1.11824,1.11742,1.11764,2043.27
1457665200000,1.11765,1.11798,1.11721,1.11743,1832.02
1457666100000,1.11741,1.1178,1.11679,1.11709,2096.22
1457667000000,1.11708,1.11731,1.11672,1.11697,2427.89
1457667900000,1.11696,1.11711,1.11656,1.11667,1814.19
1457668800000,1.11668,1.11742,1.11665,1.11741,1852.68
1457669700000,1.11741,1.11743,1.11632,1.11637,1916.12
1457670600000,1.11637,1.11669,1.11637,1.11658,1830.05
1457671500000,1.11657,1.11688,1.11652,1.11676,1714.57
1457672400000,1.11678,1.11699,1.11667,1.11694,1549.19
1457673300000,1.11694,1.11701,1.11658,1.11662,1449.22
1457674200000,1.11662,1.11739,1.11662,1.11713,1652
1457675100000,1.11712,1.11766,1.11692,1.11762,1519.37
1457676000000,1.11762,1.11817,1.11736,1.1175,1940.84
1457676900000,1.11752,1.11779,1.11672,1.11676,1986.58
1457677800000,1.11677,1.11772,1.11656,1.11676,2447.64
1457678700000,1.11677,1.11696,1.11601,1.11616,2602.26
1457679600000,1.11623,1.11815,1.1152,1.11591,5027.59
1457680500000,1.11591,1.11645,1.11512,1.11548,4099.06
1457681400000,1.11546,1.11657,1.11355,1.1138,5130.26
1457682300000,1.11379,1.11582,1.11372,1.11454,5500.97
1457683200000,1.11455,1.11557,1.11292,1.11301,7404.67
1457684100000,1.113,1.11335,1.11148,1.11204,6166.05
1457685000000,1.11204,1.11216,1.11089,1.11188,5502.23
1457685900000,1.11189,1.11198,1.11045,1.11131,5195.36
1457686800000,1.11131,1.11346,1.11116,1.11338,5011.13
1457687700000,1.11339,1.11434,1.11323,1.11393,4371.72
1457688600000,1.11392,1.11451,1.11206,1.1124,4488.9
1457689500000,1.1124,1.11257,1.11105,1.1111,4382.08
1457690400000,1.11111,1.11127,1.10966,1.1109,5241.24
1457691300000,1.11086,1.11089,1.10923,1.11044,4857.23
1457692200000,1.11044,1.11099,1.1092,1.10971,4504.21
1457693100000,1.1097,1.11015,1.10833,1.10842,5220.55
1457694000000,1.10843,1.10965,1.10833,1.10927,4833.41
1457694900000,1.10927,1.10945,1.10843,1.10857,4223.56
1457695800000,1.10857,1.10874,1.10803,1.10813,4902.57
1457696700000,1.10811,1.1106,1.10811,1.11051,4199.62
1457697600000,1.11047,1.11173,1.11033,1.11172,4225.89
1457698500000,1.11172,1.11196,1.11035,1.11059,4228.99
1457699400000,1.1106,1.11096,1.10974,1.10975,3926.75
1457700300000,1.10975,1.10984,1.10907,1.10983,4672.11
1457701200000,1.10983,1.11053,1.10871,1.10905,5413.44
1457702100000,1.10906,1.11128,1.10879,1.11081,6063.35
1457703000000,1.11081,1.11267,1.1107,1.11192,6064.38
1457703900000,1.11191,1.11242,1.1112,1.11242,5930.87
1457704800000,1.11241,1.11282,1.11167,1.11171,5412.75
1457705700000,1.11171,1.11257,1.11167,1.11234,5342.1
1457706600000,1.11236,1.11332,1.11152,1.11297,6361.92
1457707500000,1.11298,1.11446,1.11244,1.11421,6627.23
1457708400000,1.11416,1.11649,1.11357,1.11535,7651.75
1457709300000,1.11535,1.11657,1.11515,1.1163,5785.75
1457710200000,1.11631,1.11695,1.11463,1.1148,6355.18
1457711100000,1.1148,1.11672,1.11395,1.11584,6026.49
1457712000000,1.11585,1.11686,1.11541,1.11621,7536.97
1457712900000,1.11619,1.117,1.11545,1.11662,5500.01
1457713800000,1.11661,1.11933,1.1164,1.11894,6251.35
1457714700000,1.11895,1.11916,1.11781,1.11783,5014.58
1457715600000,1.11783,1.11802,1.11717,1.11721,4140.89
1457716500000,1.1172,1.11786,1.11614,1.11652,3452.65
1457717400000,1.1165,1.11651,1.11496,1.1155,3669.74
1457718300000,1.1155,1.11583,1.11425,1.11562,4221.92
1457719200000,1.11562,1.11628,1.11551,1.11597,3978.87
1457720100000,1.11597,1.11624,1.11554,1.11607,3461.55
1457721000000,1.11608,1.11652,1.1158,1.11626,2134.58
1457721900000,1.11626,1.11635,1.11598,1.11614,2227.34
1457722800000,1.11614,1.11619,1.11582,1.11605,2527.16
1457723700000,1.11605,1.11636,1.11564,1.11566,2722.92
1457724600000,1.11566,1.11585,1.11539,1.11567,2758.98
1457725500000,1.11567,1.11593,1.11551,1.11581,2196.3
1457726400000,1.11577,1.11605,1.11562,1.11576,1825.52
1457727300000,1.11575,1.11586,1.11484,1.11502,2255.96
1457728200000,1.11503,1.11551,1.11485,1.11531,1705.21
1457729100000,1.11532,1.11566,1.11485,1.11505,2603.11
1457730000000,1.11504,1.11543,1.11482,1.11484,1951.81
1457730900000,1.11481,1.11537,1.11477,1.11531,1249.61
1457731800000,1.11531,1.11531,1.11462,1.11473,1022.72
1457732700000,1.11471,1.1151,1.11459,1.11468,1586.27
1457902800000,1.11355,1.11431,1.11339,1.11378,95
1457903700000,1.11375,1.11395,1.11362,1.11381,207.36
1457904600000,1.11382,1.1142,1.11381,1.1142,383.74
1457905500000,1.1142,1.1145,1.1142,1.11439,751.49
1457906400000,1.11443,1.11577,1.11443,1.11561,2868.2
1457907300000,1.11562,1.11663,1.11555,1.11654,2212.22
1457908200000,1.11652,1.11725,1.11636,1.11665,2150.16
1457909100000,1.11665,1.11678,1.11643,1.11645,1282.33
1457910000000,1.11646,1.11686,1.11613,1.11615,1694.33
1457910900000,1.11615,1.11763,1.11604,1.11725,1390.15
1457911800000,1.11726,1.1173,1.11644,1.11645,1297.47
1457912700000,1.11644,1.11686,1.11623,1.11651,1366.74
1457913600000,1.11651,1.11651,1.11543,1.11587,2809.27
1457914500000,1.11587,1.1162,1.11559,1.11612,1765.92
1457915400000,1.11612,1.11612,1.1156,1.11606,1661.07
1457916300000,1.11606,1.11611,1.115,1.11519,2584.75
1457917200000,1.11519,1.11541,1.11496,1.11523,2044.25
1457918100000,1.11523,1.11563,1.11483,1.11492,2657.93
1457919000000,1.11492,1.11569,1.11485,1.11559,2453.51
1457919900000,1.11559,1.1159,1.11525,1.11531,2514.27
1457920800000,1.11532,1.11585,1.11532,1.11575,1941.29
1457921700000,1.11574,1.11594,1.11522,1.1155,1728.97
1457922600000,1.1155,1.11563,1.1153,1.11552,1534.47
1457923500000,1.11551,1.11581,1.11545,1.11578,1098.48
1457924400000,1.11578,1.11592,1.11558,1.1156,988.62
1457925300000,1.1156,1.11585,1.11559,1.11574,1206.1
1457926200000,1.11575,1.11596,1.11573,1.1158,1280.03
1457927100000,1.1158,1.11593,1.11575,1.11578,1148.82
1457928000000,1.11578,1.11594,1.11559,1.11589,876.54
1457928900000,1.1159,1.11602,1.11586,1.11598,787.73
1457929800000,1.11599,1.11629,1.11599,1.11622,1474.77
1457930700000,1.11622,1.11636,1.11608,1.11632,1364.52
1457931600000,1.11632,1.11632,1.11583,1.11615,1300.1
1457932500000,1.11615,1.11655,1.11615,1.1162,1357.28
1457933400000,1.1162,1.11666,1.1161,1.1163,1513.2
1457934300000,1.1163,1.11631,1.11574,1.11577,1481.54
1457935200000,1.11577,1.11637,1.11576,1.11616,1593
1457936100000,1.11616,1.11638,1.11616,1.11624,2062.82
1457937000000,1.11625,1.11628,1.11588,1.116,1331.39
1457937900000,1.116,1.11634,1.11514,1.11517,1719.86
1457938800000,1.1152,1.11611,1.1151,1.11533,2998.18
1457939700000,1.11533,1.11589,1.11468,1.11497,3395.35
1457940600000,1.11497,1.11502,1.11358,1.11382,3779.57
1457941500000,1.11382,1.11435,1.11352,1.1142,3781.96
1457942400000,1.11419,1.11419,1.1126,1.11297,5731.5
1457943300000,1.11297,1.11297,1.11121,1.11145,5204.54
1457944200000,1.11144,1.11227,1.11124,1.11164,5258.79
1457945100000,1.11165,1.11205,1.11135,1.11154,4681.72
1457946000000,1.11155,1.11281,1.11123,1.11272,5564.52
1457946900000,1.11272,1.1133,1.11213,1.11297,5575.34
1457947800000,1.11296,1.11359,1.11257,1.11257,5247.91
1457948700000,1.11256,1.11284,1.11227,1.11251,4480.94
1457949600000,1.1125,1.11269,1.11181,1.11181,3996.43
1457950500000,1.11181,1.11222,1.11126,1.11156,3645.61
1457951400000,1.11156,1.11189,1.11068,1.11098,3798.29
1457952300000,1.11099,1.11134,1.11049,1.11133,3618.37
1457953200000,1.11133,1.11171,1.11082,1.11097,3379.52
1457954100000,1.11097,1.11138,1.11081,1.11095,3871.59
1457955000000,1.11095,1.11156,1.11062,1.11076,4072.78
1457955900000,1.11075,1.11097,1.10985,1.11075,4688.6
1457956800000,1.11075,1.11146,1.11066,1.11127,4431.67
1457957700000,1.11126,1.11182,1.11121,1.11148,5214.84
1457958600000,1.11149,1.11227,1.11143,1.11206,4616.33
1457959500000,1.11205,1.11348,1.1116,1.11257,5024.49
1457960400000,1.11257,1.1129,1.11168,1.11192,5025.91
1457961300000,1.1119,1.11211,1.11093,1.11097,6082.3
1457962200000,1.11096,1.11106,1.11028,1.11051,6452.91
1457963100000,1.1105,1.11117,1.11003,1.11111,7196.1
1457964000000,1.11111,1.11151,1.11019,1.11083,6649.62
1457964900000,1.11083,1.11162,1.11033,1.11143,6506.43
1457965800000,1.11144,1.11216,1.11137,1.11166,5983.88
1457966700000,1.11166,1.11167,1.10933,1.11002,5913.26
1457967600000,1.11004,1.11058,1.1096,1.11033,5670.32
1457968500000,1.11033,1.11089,1.10996,1.10998,5253.22
1457969400000,1.10997,1.1103,1.10935,1.10982,5516.47
1457970300000,1.10982,1.11093,1.10949,1.11062,5422.65
1457971200000,1.11063,1.11219,1.11012,1.11206,6802.28
1457972100000,1.11208,1.11221,1.11068,1.11109,5342.96
1457973000000,1.11107,1.1114,1.11005,1.11035,4390.97
1457973900000,1.11036,1.1108,1.10996,1.11002,4262.91
1457974800000,1.11002,1.11074,1.10992,1.11028,4033.05
1457975700000,1.11028,1.11028,1.1092,1.10961,4354.95
1457976600000,1.10961,1.10983,1.10903,1.10949,3793.62
1457977500000,1.10953,1.10953,1.10839,1.10851,4609.64
1457978400000,1.10853,1.10894,1.10841,1.10861,3749.55
1457979300000,1.10862,1.10881,1.10826,1.10845,3430.17
1457980200000,1.10845,1.10853,1.10779,1.10853,4062.32
1457981100000,1.10853,1.10939,1.10847,1.10934,4344.98
1457982000000,1.10938,1.10983,1.10933,1.10982,3409.93
1457982900000,1.10982,1.10992,1.1094,1.10962,2883.2
1457983800000,1.10962,1.10991,1.10955,1.10981,4194.8
1457984700000,1.1098,1.1099,1.10947,1.10975,3398.18
1457985600000,1.10976,1.11,1.10975,1.10998,2450.71
1457986500000,1.10998,1.11061,1.10976,1.11045,2544.91
1457987400000,1.11044,1.11059,1.11035,1.11046,1797.78
1457988300000,1.11046,1.11069,1.1101,1.11018,2235.47
1457989200000,1.11009,1.11029,1.10993,1.11015,245.16
1457990100000,1.11015,1.11027,1.11011,1.11019,296.62
1457991000000,1.11019,1.11021,1.11007,1.11015,566.44
1457991900000,1.11015,1.11025,1.11006,1.11014,731.1
1457992800000,1.11014,1.1106,1.10999,1.11033,1251.13
1457993700000,1.11033,1.11081,1.11014,1.11037,1417.58
1457994600000,1.11037,1.11057,1.11009,1.11036,767.39
1457995500000,1.11035,1.11051,1.11021,1.11031,569.08
1457996400000,1.11033,1.11035,1.11002,1.11002,744.4
1457997300000,1.11002,1.11038,1.11,1.11029,2048.73
1457998200000,1.11027,1.11037,1.11021,1.11025,809.1
1457999100000,1.11025,1.11025,1.10995,1.10999,1069.1
1458000000000,1.11,1.11011,1.10962,1.10982,1971.08
1458000900000,1.10982,1.10989,1.10954,1.10966,2234.3
1458001800000,1.10966,1.10998,1.10962,1.10984,1772.89
1458002700000,1.10985,1.10993,1.10938,1.10992,2225.21
1458003600000,1.10991,1.11074,1.10985,1.11065,1865.66
1458004500000,1.11066,1.11087,1.11031,1.11045,2393.71
1458005400000,1.11046,1.11081,1.11033,1.11068,2074
1458006300000,1.11069,1.11092,1.11056,1.11089,1409.88
1458007200000,1.11089,1.11153,1.11081,1.11083,1965.03
1458008100000,1.11082,1.1111,1.11076,1.11092,1077.7
1458009000000,1.11093,1.11118,1.11088,1.11093,1175.78
1458009900000,1.11094,1.11144,1.11067,1.11104,1882.43
1458010800000,1.11102,1.11102,1.11046,1.11048,1524.74
1458011700000,1.11048,1.11062,1.11031,1.11051,1051.82
1458012600000,1.1105,1.11128,1.11014,1.11084,1895.36
1458013500000,1.11085,1.11117,1.11069,1.11099,2295.87
1458014400000,1.11099,1.11111,1.11066,1.11079,2264.16
1458015300000,1.11079,1.111,1.11068,1.11084,1930.81
1458016200000,1.11084,1.11113,1.11075,1.11111,1861.54
1458017100000,1.1111,1.11116,1.1107,1.11072,1926.06
1458018000000,1.11071,1.11085,1.11064,1.11082,1609.79
1458018900000,1.11083,1.11083,1.11034,1.11051,1813.31
1458019800000,1.11053,1.11064,1.11001,1.11001,2083.07
1458020700000,1.11001,1.11065,1.11001,1.11063,2147.62
1458021600000,1.11063,1.11072,1.11036,1.1105,2713.28
1458022500000,1.1105,1.11052,1.11021,1.11031,2054.01
1458023400000,1.11031,1.11069,1.11021,1.1104,2721.25
1458024300000,1.11039,1.11065,1.11018,1.11061,2002.6
1458025200000,1.1106,1.11068,1.10903,1.10924,3374.9
1458026100000,1.10924,1.10926,1.10834,1.10861,4267.07
1458027000000,1.10861,1.11093,1.10861,1.11081,5186
1458027900000,1.11082,1.11202,1.11062,1.11153,5763.12
1458028800000,1.11154,1.11205,1.11124,1.11178,6009.56
1458029700000,1.11178,1.11179,1.11067,1.11099,6222.95
1458030600000,1.11098,1.11124,1.11061,1.11105,5064.6
1458031500000,1.11104,1.11123,1.11063,1.11109,4517.26
1458032400000,1.11109,1.11143,1.1104,1.1105,5817.92
1458033300000,1.1105,1.11053,1.10923,1.10965,5669.3
1458034200000,1.10963,1.10972,1.10909,1.10946,4135.69
1458035100000,1.10946,1.1096,1.10719,1.10734,5701.12
1458036000000,1.10739,1.10872,1.10736,1.10832,4888.4
1458036900000,1.10832,1.1092,1.10807,1.10884,4126.65
1458037800000,1.10885,1.10914,1.10822,1.10826,4953.37
1458038700000,1.10826,1.10858,1.10755,1.10851,5248.35
1458039600000,1.1085,1.10934,1.10845,1.10907,4717.95
1458040500000,1.10907,1.10934,1.10878,1.10914,4063.01
1458041400000,1.10915,1.10944,1.10873,1.10944,3900.32
1458042300000,1.10944,1.10993,1.10923,1.10965,4446.01
1458043200000,1.10967,1.11028,1.10915,1.11025,5260.28
1458044100000,1.11024,1.11096,1.11007,1.1108,5879.98
1458045000000,1.11075,1.11248,1.10987,1.11208,9560.1
1458045900000,1.11209,1.11212,1.1111,1.11156,5207.61
1458046800000,1.11158,1.11201,1.11074,1.11085,7544.99
1458047700000,1.11085,1.11126,1.11053,1.11086,8039.05
1458048600000,1.11085,1.11137,1.10989,1.11017,8895.09
1458049500000,1.11016,1.11062,1.10936,1.11005,8712.47
1458050400000,1.11005,1.11123,1.10987,1.11104,9836.2
1458051300000,1.11105,1.11128,1.11034,1.11041,6842.02
1458052200000,1.11041,1.11058,1.10837,1.10858,12282.04
1458053100000,1.10858,1.10905,1.10815,1.10877,9671.22
1458054000000,1.10877,1.11013,1.10874,1.11,9104.28
1458054900000,1.11,1.11067,1.10975,1.11009,8381.88
1458055800000,1.11012,1.11097,1.11009,1.1107,6600.08
1458056700000,1.11068,1.11154,1.11063,1.11119,9113.1
1458057600000,1.11116,1.11135,1.11044,1.111,8770.65
1458058500000,1.11099,1.11115,1.11042,1.11093,6815.43
1458059400000,1.11093,1.11101,1.11012,1.11013,5599.25
1458060300000,1.11009,1.11009,1.10915,1.10965,5369.73
1458061200000,1.10963,1.11129,1.10963,1.1112,6598.06
1458062100000,1.1112,1.11169,1.1111,1.11124,4274.46
1458063000000,1.11124,1.11125,1.11054,1.11113,4771.22
1458063900000,1.11113,1.11161,1.11093,1.11111,4562.14
1458064800000,1.1111,1.11157,1.11081,1.11088,4366.5
1458065700000,1.11088,1.1109,1.11036,1.11043,3319.07
1458066600000,1.11042,1.11064,1.11017,1.11035,3492.42
1458067500000,1.11034,1.1109,1.11028,1.11089,4162.67
1458068400000,1.11089,1.11092,1.11042,1.11057,2597.92
1458069300000,1.11056,1.11144,1.11046,1.11117,2803.05
1458070200000,1.11116,1.11125,1.11089,1.11125,2399.88
1458071100000,1.11126,1.11126,1.11056,1.11083,2628.85
1458072000000,1.11083,1.11125,1.11052,1.11101,1890.15
1458072900000,1.11101,1.11111,1.11073,1.11105,1632.75
1458073800000,1.11105,1.11111,1.11087,1.11093,1382.12
1458074700000,1.11094,1.1111,1.11072,1.11087,2001.38
1458075600000,1.11075,1.11082,1.11066,1.11067,186.75
1458076500000,1.11067,1.11072,1.11061,1.11071,417.58
1458077400000,1.1107,1.11075,1.11039,1.11056,1288.88
1458078300000,1.11057,1.11062,1.11042,1.11051,1078.57
1458079200000,1.11051,1.1107,1.11037,1.11054,2345.3
1458080100000,1.11054,1.11095,1.11051,1.11095,853.58
1458081000000,1.11095,1.11111,1.11081,1.11088,992.66
1458081900000,1.1109,1.11093,1.11049,1.1107,961.69
1458082800000,1.1107,1.11095,1.11058,1.11082,1058.58
1458083700000,1.11081,1.11084,1.11061,1.11068,489.68
1458084600000,1.11068,1.11075,1.11062,1.11068,723.45
1458085500000,1.11067,1.11083,1.1106,1.1107,1039.91
1458086400000,1.11071,1.11096,1.11047,1.11093,2411.78
1458087300000,1.11093,1.11102,1.11044,1.11057,1707.49
1458088200000,1.11057,1.11082,1.1104,1.1107,1903.23
1458089100000,1.11069,1.11122,1.1101,1.11068,2512.17
1458090000000,1.11068,1.11082,1.11032,1.11042,2265.36
1458090900000,1.1104,1.11052,1.1096,1.1097,3196.04
1458091800000,1.1097,1.11054,1.1096,1.1103,2614.96
1458092700000,1.11029,1.11058,1.1101,1.11035,2298.84
1458093600000,1.11035,1.11094,1.11026,1.11082,2596.37
1458094500000,1.11081,1.11086,1.11014,1.11015,1733.98
1458095400000,1.11016,1.11046,1.11011,1.11044,2293.36
1458096300000,1.11043,1.11056,1.11013,1.11013,1482.74
1458097200000,1.11014,1.11015,1.1095,1.10958,2020.25
1458098100000,1.10958,1.11002,1.10952,1.10984,2371.25
1458099000000,1.10984,1.11009,1.10984,1.11006,1369.74
1458099900000,1.11006,1.11008,1.10996,1.11008,1700.26
1458100800000,1.11008,1.11015,1.10996,1.11004,1647.33
1458101700000,1.11005,1.11006,1.10996,1.10997,1825.49
1458102600000,1.10996,1.1101,1.10995,1.10997,1575.19
1458103500000,1.10998,1.11006,1.10974,1.11002,2107.92
1458104400000,1.11001,1.11006,1.10978,1.10981,1809.37
1458105300000,1.10982,1.10986,1.10959,1.1096,1856.59
1458106200000,1.10959,1.10971,1.10955,1.10969,1766.6
1458107100000,1.10969,1.10976,1.10944,1.10965,1952.09
1458108000000,1.10965,1.11014,1.10964,1.1098,2440.5
1458108900000,1.1098,1.1101,1.10957,1.10972,2105.29
1458109800000,1.10972,1.10977,1.1087,1.1088,2402.09
1458110700000,1.10882,1.1092,1.1088,1.10916,2293.48
1458111600000,1.10915,1.10967,1.10871,1.10931,3678.57
1458112500000,1.1093,1.10941,1.1084,1.10918,4145.27
1458113400000,1.10918,1.10957,1.10878,1.10912,2746.53
1458114300000,1.10913,1.10928,1.10856,1.10869,3566.92
1458115200000,1.10869,1.10869,1.10745,1.10811,4793.24
1458116100000,1.10811,1.10853,1.10767,1.10805,4849.3
1458117000000,1.10806,1.10877,1.10793,1.10835,3662.37
1458117900000,1.10835,1.10895,1.10829,1.10873,3610.48
1458118800000,1.10873,1.10939,1.10866,1.10916,4458.6
1458119700000,1.10915,1.10932,1.10889,1.10917,3497.94
1458120600000,1.10916,1.10927,1.10872,1.10895,4383.83
1458121500000,1.10896,1.10942,1.10881,1.10941,4174.89
1458122400000,1.1094,1.10976,1.10913,1.10936,4345.75
1458123300000,1.10935,1.10938,1.10887,1.10916,4465.06
1458124200000,1.10915,1.10915,1.10858,1.10888,3204.09
1458125100000,1.10887,1.10889,1.10842,1.10876,4077.6
1458126000000,1.10876,1.10885,1.10827,1.10865,3896.35
1458126900000,1.10865,1.10871,1.10835,1.10836,3242.25
1458127800000,1.10836,1.10855,1.10792,1.10838,4421.04
1458128700000,1.10837,1.10915,1.10837,1.10901,4473.34
1458129600000,1.10902,1.10968,1.10902,1.10965,4871.56
1458130500000,1.10966,1.10996,1.10938,1.10964,4987.36
1458131400000,1.1097,1.1097,1.10751,1.10827,6865.75
1458132300000,1.10826,1.10874,1.10799,1.10849,4971.4
1458133200000,1.1085,1.10967,1.10608,1.10638,7008.76
1458134100000,1.10636,1.10749,1.10613,1.10729,6515.15
1458135000000,1.10729,1.10744,1.10583,1.1063,6776.04
1458135900000,1.1063,1.10648,1.10579,1.10635,6533.05
1458136800000,1.10637,1.10698,1.10636,1.10687,6071.44
1458137700000,1.10688,1.10729,1.10648,1.1071,5036.27
1458138600000,1.1071,1.10719,1.10603,1.10616,5260.02
1458139500000,1.10616,1.10658,1.10594,1.10647,4735.64
1458140400000,1.10648,1.10674,1.10621,1.10646,4973.67
1458141300000,1.10646,1.10675,1.1059,1.10596,4792.13
1458142200000,1.10597,1.10674,1.10582,1.10624,4311.72
1458143100000,1.10624,1.10767,1.10595,1.10744,6133.69
1458144000000,1.10744,1.10792,1.10694,1.10753,6016.31
1458144900000,1.10754,1.10851,1.1075,1.10821,5222.75
1458145800000,1.1082,1.10836,1.107,1.10714,4714.18
1458146700000,1.10713,1.1082,1.10631,1.10793,4776.65
1458147600000,1.10795,1.10866,1.1077,1.10778,3899
1458148500000,1.10779,1.10779,1.10709,1.10719,3606.12
1458149400000,1.10719,1.10864,1.10705,1.1084,2787.06
1458150300000,1.10839,1.10921,1.108,1.10877,3655.08
1458151200000,1.10889,1.11869,1.10889,1.11692,11378.41
1458152100000,1.11691,1.12005,1.11647,1.11941,8845.89
1458153000000,1.1194,1.12122,1.11713,1.12046,7754.23
1458153900000,1.12044,1.12267,1.11907,1.11968,9044.38
1458154800000,1.11967,1.12168,1.11928,1.12026,7390.13
1458155700000,1.12025,1.12214,1.11977,1.12211,4770.37
1458156600000,1.12213,1.12421,1.1218,1.12274,5212.98
1458157500000,1.12274,1.12315,1.12147,1.12307,4136.13
1458158400000,1.12306,1.12363,1.12224,1.12226,3588.43
1458159300000,1.12226,1.12279,1.12215,1.12264,2407.38
1458160200000,1.12264,1.12335,1.1225,1.1231,1851.33
1458161100000,1.1231,1.12324,1.12232,1.12237,1324.97
1458162000000,1.12237,1.12275,1.12195,1.12195,658.95
1458162900000,1.12195,1.12239,1.12175,1.1219,810.18
1458163800000,1.12189,1.12192,1.12146,1.12148,562.97
1458164700000,1.12149,1.12159,1.12095,1.12122,1991.94
1458165600000,1.12125,1.1217,1.12114,1.12153,2154.75
1458166500000,1.1215,1.12159,1.12082,1.12112,1667.07
1458167400000,1.12113,1.12137,1.12085,1.12134,1122.37
1458168300000,1.12134,1.12184,1.1212,1.12155,1874.83
1458169200000,1.12155,1.12205,1.1215,1.1218,2190.94
1458170100000,1.1218,1.12183,1.12138,1.12141,1853.95
1458171000000,1.12141,1.1218,1.12125,1.1216,1636.82
1458171900000,1.12159,1.12188,1.12153,1.12161,2087.78
1458172800000,1.12161,1.12206,1.12136,1.12166,3369.78
1458173700000,1.12161,1.12174,1.12079,1.12138,2819.84
1458174600000,1.1214,1.12147,1.12055,1.12141,3287.36
1458175500000,1.12141,1.12153,1.12066,1.12104,3274.81
1458176400000,1.12105,1.12189,1.12101,1.12163,3717.56
1458177300000,1.12162,1.12164,1.12097,1.12108,3091.29
1458178200000,1.12108,1.12118,1.12061,1.12114,3078.05
1458179100000,1.12114,1.12182,1.12108,1.12129,2869.07
1458180000000,1.12131,1.12256,1.12128,1.12237,3180.45
1458180900000,1.12237,1.12254,1.12183,1.12206,2914.47
1458181800000,1.12205,1.12238,1.12156,1.12158,2677.82
1458182700000,1.12157,1.12212,1.1214,1.12205,2167.92
1458183600000,1.12205,1.12212,1.12149,1.12155,1925.7
1458184500000,1.12155,1.12205,1.12154,1.122,1916.99
1458185400000,1.122,1.12296,1.12197,1.12264,2681.4
1458186300000,1.12264,1.12264,1.12196,1.12221,2302.87
1458187200000,1.12221,1.1223,1.12185,1.12206,2167.86
1458188100000,1.12205,1.12245,1.12199,1.12223,3362.46
1458189000000,1.12222,1.12225,1.12188,1.12193,3364.86
1458189900000,1.12194,1.12235,1.12164,1.12181,3725.89
1458190800000,1.1218,1.12265,1.12175,1.12206,3387.26
1458191700000,1.12205,1.12224,1.12193,1.12198,2452.49
1458192600000,1.12198,1.12218,1.12187,1.12198,2367.54
1458193500000,1.12198,1.12247,1.12186,1.12192,2832.72
1458194400000,1.12192,1.12262,1.12192,1.12223,2196.61
1458195300000,1.12223,1.1227,1.12217,1.12255,2079.19
1458196200000,1.12255,1.12305,1.12224,1.12288,2734.3
1458197100000,1.12289,1.12346,1.12216,1.1233,3419.62
1458198000000,1.1233,1.12575,1.12311,1.12468,6048.81
1458198900000,1.12467,1.12469,1.12344,1.12391,4878.46
1458199800000,1.12391,1.12535,1.12391,1.12503,4657.04
1458200700000,1.12503,1.12596,1.12426,1.12596,5754.33
1458201600000,1.12598,1.12797,1.12538,1.12699,7085.15
1458202500000,1.12698,1.12819,1.12687,1.12758,6339.92
1458203400000,1.1276,1.12962,1.12729,1.12915,6438.33
1458204300000,1.12915,1.12949,1.12782,1.12896,6559.85
1458205200000,1.12896,1.12962,1.1276,1.12818,6097.94
1458206100000,1.12819,1.12891,1.12801,1.12826,4806.11
1458207000000,1.12826,1.12918,1.12813,1.12862,4981.64
1458207900000,1.12861,1.13039,1.12829,1.12987,6207.04
1458208800000,1.12986,1.13298,1.12986,1.13285,7268.4
1458209700000,1.13286,1.13417,1.13224,1.13398,7199.18
1458210600000,1.13396,1.13425,1.13294,1.13328,7018.48
1458211500000,1.1333,1.13346,1.13227,1.13242,5842.86
1458212400000,1.13246,1.13277,1.13181,1.13182,4616.9
1458213300000,1.13181,1.13193,1.13072,1.13083,5309.43
1458214200000,1.13082,1.13217,1.1306,1.13195,5387.62
1458215100000,1.13196,1.13281,1.13121,1.13265,5629.81
1458216000000,1.13267,1.13305,1.12965,1.13035,8200.92
1458216900000,1.13035,1.131,1.12928,1.13013,6663.88
1458217800000,1.13013,1.13046,1.12785,1.12986,7702.02
1458218700000,1.12981,1.13034,1.12925,1.13019,6343.89
1458219600000,1.13018,1.13192,1.12998,1.13105,7512.47
1458220500000,1.13106,1.13228,1.13101,1.13203,6292.03
1458221400000,1.13202,1.13217,1.13063,1.13105,6919.8
1458222300000,1.13103,1.13278,1.13082,1.13277,6704.68
1458223200000,1.13278,1.13373,1.13246,1.13268,8401.22
1458224100000,1.13269,1.13345,1.13113,1.13126,8441.9
1458225000000,1.13126,1.13204,1.12989,1.13086,7420.99
1458225900000,1.13085,1.13187,1.13064,1.13156,6625.91
1458226800000,1.13157,1.1316,1.12997,1.1301,6466.64
1458227700000,1.13011,1.1313,1.12909,1.13024,5921
1458228600000,1.13026,1.13091,1.12989,1.13071,4367.93
1458229500000,1.1307,1.13176,1.1304,1.13159,6712.78
1458230400000,1.1316,1.13265,1.13149,1.13175,6849.91
1458231300000,1.13175,1.13293,1.13173,1.13259,6753.99
1458232200000,1.13262,1.13307,1.13249,1.13297,4741.06
1458233100000,1.13298,1.13311,1.13226,1.13252,4617.36
1458234000000,1.13252,1.13267,1.13189,1.13204,4714.24
1458234900000,1.13205,1.13234,1.13164,1.1318,4065.35
1458235800000,1.13179,1.13252,1.13178,1.13232,3746.6
1458236700000,1.13232,1.13263,1.13145,1.13178,5162.31
1458237600000,1.13177,1.13234,1.13111,1.13195,4198.34
1458238500000,1.13195,1.13206,1.13146,1.13175,2977.39
1458239400000,1.13177,1.13206,1.1311,1.13125,2668.23
1458240300000,1.13125,1.13203,1.13125,1.13185,3447.2
1458241200000,1.13185,1.13201,1.13155,1.13158,2895.05
1458242100000,1.13157,1.1317,1.13131,1.13144,2584.87
1458243000000,1.13144,1.13151,1.13119,1.13141,2162.83
1458243900000,1.13143,1.13192,1.13124,1.13182,2710.5
1458244800000,1.13181,1.13192,1.13139,1.13142,1960.08
1458245700000,1.13141,1.13192,1.13135,1.1316,1636.13
1458246600000,1.1316,1.13163,1.13125,1.13125,1495.28
1458247500000,1.13126,1.13188,1.13123,1.13177,1301.73
1458248400000,1.13177,1.13192,1.13133,1.13154,214.92
1458249300000,1.13152,1.13186,1.13134,1.13149,625.73
1458250200000,1.13149,1.13156,1.13122,1.13126,904.74
1458251100000,1.13126,1.1315,1.13099,1.13142,928.58
1458252000000,1.13142,1.13173,1.13133,1.13154,1737.08
1458252900000,1.13153,1.13179,1.13144,1.13166,1249.51
1458253800000,1.13168,1.1317,1.13137,1.13158,751.45
1458254700000,1.13158,1.13166,1.13124,1.13152,840.34
1458255600000,1.13153,1.13182,1.13152,1.13182,1465.6
1458256500000,1.13182,1.132,1.13172,1.13178,847.95
1458257400000,1.13178,1.13182,1.13145,1.1315,851.68
1458258300000,1.1315,1.1316,1.13126,1.13152,1263.21
1458259200000,1.13151,1.13156,1.13103,1.13111,2752.91
1458260100000,1.1311,1.13138,1.13067,1.13068,2821.35
1458261000000,1.13068,1.13155,1.13066,1.13152,3394.03
1458261900000,1.13154,1.13176,1.13104,1.13175,2533.29
1458262800000,1.13174,1.13245,1.13166,1.13234,3899.47
1458263700000,1.13234,1.1333,1.13216,1.13283,3483.56
1458264600000,1.13283,1.13368,1.13283,1.13365,3606.48
1458265500000,1.13364,1.13364,1.13258,1.1326,3576.41
1458266400000,1.13263,1.13305,1.13228,1.13252,2986.92
1458267300000,1.13252,1.13269,1.13171,1.1319,3156.93
1458268200000,1.1319,1.13231,1.1318,1.13212,2882.29
1458269100000,1.13211,1.13236,1.132,1.13207,2593.57
1458270000000,1.13207,1.13214,1.13157,1.13196,2493.65
1458270900000,1.13196,1.13213,1.13171,1.13197,1626.05
1458271800000,1.13197,1.1322,1.13196,1.13202,2351.57
1458272700000,1.13202,1.13208,1.13155,1.1319,1464.32
1458273600000,1.13189,1.13204,1.13167,1.13185,1545.84
1458274500000,1.13184,1.13186,1.13109,1.13116,2071.8
1458275400000,1.13116,1.1316,1.13113,1.13147,1828.8
1458276300000,1.13147,1.13168,1.13121,1.13125,2126.67
1458277200000,1.13124,1.13155,1.13077,1.13153,2590.5
1458278100000,1.13152,1.13184,1.13132,1.13132,2074.03
1458279000000,1.13133,1.13136,1.13082,1.13099,2283.94
1458279900000,1.131,1.13155,1.13097,1.13106,2479.28
1458280800000,1.13107,1.13126,1.13097,1.13108,2194.29
1458281700000,1.13107,1.13137,1.13049,1.1311,3014.11
1458282600000,1.13109,1.1314,1.1301,1.13051,3346.16
1458283500000,1.13052,1.13053,1.12917,1.12954,3690.34
1458284400000,1.12953,1.12998,1.12832,1.12837,5768.33
1458285300000,1.12837,1.12905,1.12814,1.12863,5356.31
1458286200000,1.12864,1.12905,1.12754,1.12763,5367.21
1458287100000,1.12764,1.12845,1.12759,1.12829,5848.63
1458288000000,1.1283,1.13015,1.12765,1.12944,5959.99
1458288900000,1.12945,1.12961,1.12815,1.12877,5951.8
1458289800000,1.12878,1.12882,1.12751,1.12766,4886.33
1458290700000,1.12767,1.1278,1.12613,1.12638,5867.28
1458291600000,1.12639,1.12659,1.12562,1.12655,5410.71
1458292500000,1.12656,1.12716,1.12652,1.12705,4220.45
1458293400000,1.12706,1.12811,1.1266,1.12778,4599.45
1458294300000,1.12777,1.12836,1.12704,1.12724,4901.54
1458295200000,1.12723,1.12777,1.12702,1.12725,4975.52
1458296100000,1.12726,1.12749,1.12684,1.12713,4213.1
1458297000000,1.12712,1.12739,1.12659,1.12733,4492.91
1458297900000,1.12732,1.12735,1.12626,1.12659,3962.03
1458298800000,1.12658,1.12758,1.12651,1.12757,3850.1
1458299700000,1.12757,1.12792,1.12694,1.12783,4222.27
1458300600000,1.12782,1.12847,1.12779,1.12785,4780.21
1458301500000,1.12786,1.12794,1.12753,1.12755,3299.81
1458302400000,1.12757,1.12909,1.12751,1.1286,4370.3
1458303300000,1.1286,1.12948,1.1286,1.12885,4725.13
1458304200000,1.12884,1.12893,1.12823,1.12835,4139.29
1458305100000,1.12835,1.12889,1.12815,1.12819,4756.02
1458306000000,1.12819,1.12848,1.12773,1.12786,5426.33
1458306900000,1.12784,1.12936,1.12763,1.12857,5049.41
1458307800000,1.12859,1.1296,1.12813,1.12935,6926.78
1458308700000,1.12934,1.13004,1.12866,1.12904,5702.34
1458309600000,1.12906,1.12954,1.12797,1.12861,6640.56
1458310500000,1.1286,1.1291,1.12855,1.12908,5428.04
1458311400000,1.12907,1.1307,1.12884,1.1302,6651.53
1458312300000,1.13018,1.13038,1.12951,1.12967,6252.72
1458313200000,1.12969,1.12975,1.12897,1.12936,5656.94
1458314100000,1.12936,1.12965,1.12892,1.12906,5662.08
1458315000000,1.12906,1.12915,1.12841,1.12841,5157.03
1458315900000,1.12841,1.12924,1.12815,1.12916,6329.65
1458316800000,1.12917,1.12924,1.12867,1.1287,5968.02
1458317700000,1.12872,1.12891,1.12801,1.1281,4622.62
1458318600000,1.12809,1.12821,1.12744,1.12746,4691.32
1458319500000,1.12746,1.12753,1.12692,1.1273,4549.47
1458320400000,1.1273,1.12737,1.12653,1.1269,3944.68
1458321300000,1.12692,1.12756,1.12691,1.12749,3923.63
1458322200000,1.12749,1.12759,1.12713,1.12759,3995.75
1458323100000,1.12759,1.12766,1.12722,1.12748,3373.29
1458324000000,1.12748,1.12785,1.12742,1.12772,3261.28
1458324900000,1.12771,1.12774,1.12698,1.12724,3067.86
1458325800000,1.12724,1.12759,1.12705,1.12715,2348.65
1458326700000,1.12714,1.12714,1.12657,1.12691,2178.86
1458327600000,1.1269,1.1269,1.12627,1.12649,2391.53
1458328500000,1.12649,1.12682,1.12645,1.12673,2374.5
1458329400000,1.12672,1.1269,1.1265,1.12689,2321.43
1458330300000,1.12689,1.12753,1.12672,1.12751,2308.85
1458331200000,1.1275,1.12785,1.12716,1.12749,2897.33
1458332100000,1.12747,1.12747,1.12719,1.12726,1179.11
1458333000000,1.12725,1.12798,1.12725,1.12784,1581.25
1458333900000,1.12784,1.12825,1.12692,1.12696,1757.14
1458507600000,1.12575,1.12688,1.12575,1.12671,169.15
1458508500000,1.12671,1.12711,1.12667,1.12682,493.79
1458509400000,1.12683,1.12683,1.12652,1.1266,309.99
1458510300000,1.12661,1.12699,1.12645,1.12668,859.94
1458511200000,1.12664,1.12808,1.12664,1.12794,1750.14
1458512100000,1.12794,1.12809,1.12706,1.12776,2394.73
1458513000000,1.12777,1.12777,1.12711,1.12736,2003.02
1458513900000,1.12738,1.12738,1.12709,1.12735,412.55
1458514800000,1.12734,1.12742,1.12684,1.12689,1657.81
1458515700000,1.1269,1.12736,1.1269,1.12729,734.93
1458516600000,1.12729,1.12766,1.1272,1.12749,1127.8
1458517500000,1.12749,1.12783,1.12743,1.12744,1784.94
1458518400000,1.12744,1.12846,1.12728,1.12805,2666.74
1458519300000,1.12807,1.12834,1.12765,1.12787,2001.53
1458520200000,1.12788,1.12805,1.12726,1.12744,2008.24
1458521100000,1.12743,1.12793,1.12731,1.12773,2590.92
1458522000000,1.12774,1.128,1.1275,1.12792,3097.7
1458522900000,1.12787,1.12815,1.12751,1.12794,2831.38
1458523800000,1.12793,1.12808,1.1275,1.12787,2801.35
1458524700000,1.12787,1.12824,1.12784,1.12822,2098.1
1458525600000,1.12823,1.12843,1.12808,1.12841,2442.9
1458526500000,1.12841,1.12848,1.12816,1.12819,1543.65
1458527400000,1.12818,1.12828,1.12801,1.12823,1495.35
1458528300000,1.12824,1.12838,1.12791,1.12807,2609.28
1458529200000,1.12804,1.12807,1.12788,1.12792,2871.24
1458530100000,1.12793,1.12793,1.12735,1.12737,3299.28
1458531000000,1.12737,1.12749,1.12721,1.12743,3704.52
1458531900000,1.12742,1.12763,1.12715,1.12723,2680.39
1458532800000,1.12722,1.12778,1.12721,1.12751,1784.15
1458533700000,1.12752,1.12752,1.12696,1.12706,2616.33
1458534600000,1.12707,1.12709,1.12675,1.12688,2115.81
1458535500000,1.12687,1.12699,1.1268,1.12692,1919.13
1458536400000,1.12693,1.12733,1.12693,1.12709,1607.57
1458537300000,1.12709,1.12709,1.12673,1.12693,1374.87
1458538200000,1.12693,1.12726,1.12693,1.12722,1811.84
1458539100000,1.12721,1.12721,1.12659,1.12689,1877.31
1458540000000,1.12688,1.12708,1.12632,1.12655,2101.45
1458540900000,1.12655,1.12655,1.12575,1.12625,1958.7
1458541800000,1.12623,1.12673,1.12605,1.12641,1991.46
1458542700000,1.1264,1.12672,1.12636,1.12642,2422.41
1458543600000,1.12645,1.12687,1.12563,1.12623,3787.15
1458544500000,1.12624,1.1263,1.12534,1.12595,3606.37
1458545400000,1.12595,1.12605,1.12517,1.12528,3355.72
1458546300000,1.12527,1.12591,1.12463,1.125,3860.67
1458547200000,1.12499,1.12579,1.12498,1.12521,4555.99
1458548100000,1.12522,1.12536,1.12356,1.12459,5079.94
1458549000000,1.1246,1.12515,1.12447,1.12483,3776.26
1458549900000,1.1248,1.12536,1.12438,1.12492,4786.88
1458550800000,1.12491,1.12504,1.12427,1.1246,4475.42
1458551700000,1.1246,1.12583,1.12392,1.12548,4368.8
1458552600000,1.12545,1.12694,1.12542,1.12603,4266.07
1458553500000,1.12604,1.12631,1.12579,1.12597,3177.26
1458554400000,1.12599,1.12616,1.12572,1.1259,3159.6
1458555300000,1.1259,1.12638,1.12583,1.12638,3747.14
1458556200000,1.1264,1.12765,1.12637,1.12755,3836.17
1458557100000,1.12756,1.12834,1.12712,1.12826,4387.11
1458558000000,1.12824,1.12845,1.12762,1.12763,4351.4
1458558900000,1.12759,1.12768,1.12724,1.12755,4047.15
1458559800000,1.12755,1.12789,1.1273,1.1278,4584.34
1458560700000,1.1278,1.12795,1.12739,1.1274,3734.31
1458561600000,1.12739,1.1277,1.12687,1.12707,3824.87
1458562500000,1.12708,1.12738,1.12627,1.12736,4760.2
1458563400000,1.12735,1.12802,1.12661,1.12696,4363.52
1458564300000,1.12696,1.12733,1.1262,1.12633,4839.44
1458565200000,1.12632,1.12734,1.12629,1.12703,4559.17
1458566100000,1.12706,1.12761,1.12686,1.12713,5496.35
1458567000000,1.12713,1.12754,1.12683,1.12688,5993.1
1458567900000,1.12689,1.12707,1.12573,1.12605,5543.68
1458568800000,1.12604,1.12687,1.12472,1.12595,5343.73
1458569700000,1.12594,1.12654,1.12573,1.12648,4486.17
1458570600000,1.12649,1.12678,1.12584,1.12598,4590.32
1458571500000,1.12597,1.12668,1.12565,1.12569,4169.47
1458572400000,1.12571,1.12623,1.12533,1.12609,4094.76
1458573300000,1.12607,1.12626,1.12544,1.12604,4147.99
1458574200000,1.12604,1.1263,1.1247,1.1263,4548.83
1458575100000,1.12629,1.12654,1.12551,1.12597,5128.02
1458576000000,1.12595,1.12605,1.12501,1.12503,5529
1458576900000,1.12503,1.12516,1.12455,1.12459,3873.27
1458577800000,1.12458,1.12496,1.12397,1.12439,4724.08
1458578700000,1.12439,1.12476,1.12393,1.12424,4330.12
1458579600000,1.12423,1.12436,1.12347,1.12363,4231.59
1458580500000,1.12361,1.12465,1.12345,1.12447,4186.2
1458581400000,1.12444,1.12481,1.1243,1.12455,3226.78
1458582300000,1.12457,1.12502,1.12405,1.12482,2787.85
1458583200000,1.12482,1.12563,1.12482,1.1252,2946.08
1458584100000,1.1252,1.12531,1.125,1.12507,1828.95
1458585000000,1.12506,1.12509,1.12476,1.12483,2036.59
1458585900000,1.12482,1.12524,1.12481,1.12515,2738.61
1458586800000,1.12516,1.12534,1.12467,1.1248,2209.47
1458587700000,1.12479,1.12512,1.12464,1.12507,1414.96
1458588600000,1.12506,1.12512,1.12441,1.12455,1616.17
1458589500000,1.12455,1.12473,1.12404,1.12436,1812.07
1458590400000,1.12437,1.12444,1.12416,1.12419,2270.12
1458591300000,1.1242,1.12439,1.12411,1.12437,1403.67
1458592200000,1.12436,1.12479,1.12432,1.12473,1142.8
1458593100000,1.12473,1.12473,1.12397,1.1241,1745.15
1458594000000,1.12411,1.12411,1.12379,1.12398,618.63
1458594900000,1.12398,1.12409,1.12392,1.12394,653.05
1458595800000,1.12395,1.12398,1.12384,1.12391,905.92
1458596700000,1.12391,1.12416,1.12376,1.12387,801.23
1458597600000,1.12389,1.12429,1.12385,1.12424,1078.82
1458598500000,1.12424,1.12439,1.12402,1.12415,817.13
1458599400000,1.12416,1.12416,1.12367,1.12394,796.06
1458600300000,1.12395,1.12408,1.12382,1.124,1307.85
1458601200000,1.124,1.12412,1.1237,1.12373,1542.59
1458602100000,1.12372,1.12417,1.12365,1.12412,1042.06
1458603000000,1.12412,1.12417,1.12403,1.1241,548.27
1458603900000,1.12408,1.12408,1.1233,1.12349,1552.7
1458604800000,1.1235,1.12359,1.12295,1.12346,2987.03
1458605700000,1.12347,1.12374,1.1231,1.12366,2402.34
1458606600000,1.12366,1.12399,1.12349,1.12374,2265.69
1458607500000,1.12373,1.12413,1.12358,1.12367,3187.23
1458608400000,1.12366,1.12462,1.12365,1.1243,2092.43
1458609300000,1.1243,1.12444,1.12395,1.12433,1469.92
1458610200000,1.12432,1.12432,1.12377,1.12412,1779.46
1458611100000,1.12413,1.12415,1.12373,1.12378,2169.79
1458612000000,1.12378,1.12394,1.12353,1.12361,1896.43
1458612900000,1.12362,1.12435,1.1236,1.12433,1289.12
1458613800000,1.12434,1.12454,1.12413,1.12453,1524.14
1458614700000,1.12453,1.1248,1.12436,1.12473,1295.43
1458615600000,1.12474,1.12521,1.12458,1.12521,1061.02
1458616500000,1.12521,1.1255,1.12506,1.12522,1966.52
1458617400000,1.12522,1.12563,1.12516,1.12552,2176.11
1458618300000,1.12552,1.12593,1.12546,1.12591,1855.83
1458619200000,1.12591,1.12594,1.12528,1.12528,1927.33
1458620100000,1.12528,1.1254,1.1251,1.12539,1536.38
1458621000000,1.12539,1.12541,1.12482,1.12495,1569.75
1458621900000,1.12494,1.12518,1.12479,1.12502,1114.67
1458622800000,1.12502,1.12505,1.12455,1.12466,1681.76
1458623700000,1.12466,1.12507,1.12466,1.12471,1808.2
1458624600000,1.12471,1.12556,1.12471,1.12547,1540.39
1458625500000,1.12547,1.12599,1.12527,1.12538,2147.18
1458626400000,1.12537,1.12586,1.12525,1.12577,1753.22
1458627300000,1.12579,1.12598,1.12565,1.12585,1368.76
1458628200000,1.12585,1.12594,1.12574,1.1258,2099.78
1458629100000,1.1258,1.12588,1.12535,1.12544,2729.47
1458630000000,1.12543,1.12543,1.12375,1.12445,4005.63
1458630900000,1.12446,1.12514,1.12406,1.12454,3660.63
1458631800000,1.12455,1.12515,1.12433,1.12479,4517.78
1458632700000,1.12478,1.12487,1.12367,1.12405,4077
1458633600000,1.12403,1.1246,1.12234,1.12274,5833.79
1458634500000,1.12274,1.12308,1.11908,1.1205,7338.21
1458635400000,1.12051,1.12113,1.11885,1.12106,7009.45
1458636300000,1.12108,1.12133,1.11905,1.12016,6470.86
1458637200000,1.12019,1.12086,1.11942,1.11993,5950.33
1458638100000,1.11993,1.12108,1.11975,1.1201,4809.99
1458639000000,1.12011,1.1215,1.11977,1.12104,6584.77
1458639900000,1.12103,1.12122,1.12055,1.1207,4260.56
1458640800000,1.12065,1.12082,1.12012,1.12047,3767.22
1458641700000,1.12046,1.12069,1.11963,1.1202,5621.1
1458642600000,1.12019,1.12176,1.12014,1.12164,4734.95
1458643500000,1.12165,1.12222,1.12108,1.12127,5064.1
1458644400000,1.12127,1.12156,1.12097,1.12099,4214.83
1458645300000,1.12098,1.1211,1.12047,1.12054,3416.66
1458646200000,1.12054,1.1221,1.12054,1.12194,4286.74
1458647100000,1.12189,1.12206,1.12139,1.12202,3097.84
1458648000000,1.12202,1.12273,1.12202,1.12237,4162.99
1458648900000,1.12236,1.12323,1.12236,1.12261,4447.97
1458649800000,1.12261,1.1233,1.12189,1.12234,5324.49
1458650700000,1.12234,1.12307,1.12208,1.12244,4105.49
1458651600000,1.12243,1.12266,1.12083,1.12116,4868.86
1458652500000,1.12114,1.12232,1.12018,1.12227,5569.82
1458653400000,1.12228,1.12289,1.12198,1.1223,5158.77
1458654300000,1.1223,1.12331,1.12224,1.12246,6917.14
1458655200000,1.12245,1.1226,1.12163,1.12205,6425.17
1458656100000,1.12206,1.12349,1.12201,1.12334,5402.98
1458657000000,1.12335,1.12377,1.12284,1.12351,5694.02
1458657900000,1.12352,1.12384,1.12276,1.12317,5413.69
1458658800000,1.12318,1.12325,1.12251,1.12259,4991.86
1458659700000,1.1226,1.12282,1.12238,1.12274,3738.09
1458660600000,1.12273,1.12362,1.12245,1.12278,4365.11
1458661500000,1.12277,1.12308,1.12263,1.12273,4222.79
1458662400000,1.12273,1.12274,1.12187,1.12196,5195.18
1458663300000,1.12195,1.12203,1.12097,1.12103,3641.84
1458664200000,1.12103,1.12137,1.12041,1.12058,4245.36
1458665100000,1.12059,1.12121,1.12052,1.121,4136.43
1458666000000,1.12101,1.12136,1.12057,1.12128,3697.42
1458666900000,1.12127,1.12215,1.12121,1.12211,3691.66
1458667800000,1.12211,1.12227,1.1214,1.12176,4282.7
1458668700000,1.12176,1.12216,1.12112,1.12204,4341.86
1458669600000,1.12204,1.12213,1.12082,1.12115,3720.84
1458670500000,1.12116,1.12167,1.12067,1.12104,3053.22
1458671400000,1.12102,1.12152,1.12062,1.12126,3805.29
1458672300000,1.12126,1.12192,1.12123,1.12183,3948.6
1458673200000,1.12182,1.12186,1.12128,1.12178,3902.81
1458674100000,1.12178,1.122,1.12138,1.12164,3784.04
1458675000000,1.12164,1.1221,1.12153,1.12192,3098.54
1458675900000,1.12193,1.12203,1.12164,1.12164,2196.58
1458676800000,1.12164,1.12246,1.12161,1.12198,2687.9
1458677700000,1.12199,1.122,1.1216,1.12164,1446.48
1458678600000,1.12164,1.12182,1.12154,1.1217,1440.4
1458679500000,1.12169,1.12179,1.12159,1.12164,1310.93
1458680400000,1.12164,1.1218,1.12105,1.12149,375.18
1458681300000,1.12149,1.12162,1.12146,1.12154,428.01
1458682200000,1.12154,1.12161,1.12114,1.12136,883.18
1458683100000,1.12136,1.12151,1.12131,1.1215,476.65
1458684000000,1.12152,1.12179,1.12123,1.12169,2181.48
1458684900000,1.12169,1.12178,1.12156,1.12172,1012.95
1458685800000,1.12172,1.12174,1.12166,1.12168,396.76
1458686700000,1.1217,1.12175,1.12159,1.12167,853.83
1458687600000,1.12168,1.12194,1.12163,1.12183,880.68
1458688500000,1.12183,1.12227,1.12182,1.12207,896.58
1458689400000,1.12208,1.12228,1.12206,1.12223,731.63
1458690300000,1.12222,1.12234,1.12201,1.12211,1026.39
1458691200000,1.12211,1.12211,1.12123,1.12152,2093.55
1458692100000,1.12152,1.12152,1.12089,1.1213,1872.28
1458693000000,1.12129,1.12156,1.12124,1.12151,2713.75
1458693900000,1.1215,1.12164,1.12119,1.12143,2771.05
1458694800000,1.12142,1.12176,1.12133,1.12147,2387.68
1458695700000,1.12147,1.1219,1.12143,1.12173,3497.97
1458696600000,1.12172,1.12191,1.12114,1.12147,2406.49
1458697500000,1.12146,1.12165,1.1213,1.12143,1861.87
1458698400000,1.12141,1.12151,1.12125,1.12135,1800.36
1458699300000,1.12136,1.12161,1.12136,1.12142,1997.89
1458700200000,1.12141,1.1215,1.12114,1.12126,1392.97
1458701100000,1.12125,1.12157,1.1212,1.12154,2078.46
1458702000000,1.12154,1.12157,1.12124,1.12134,1798.1
1458702900000,1.12135,1.12138,1.1212,1.12126,956.25
1458703800000,1.12126,1.12128,1.121,1.12106,1689.87
1458704700000,1.12106,1.12111,1.12099,1.12105,1136.97
1458705600000,1.12107,1.12107,1.12081,1.12096,1771.06
1458706500000,1.12095,1.12095,1.1204,1.12045,2051.82
1458707400000,1.12046,1.12072,1.12039,1.1207,1971.54
1458708300000,1.1207,1.12075,1.12049,1.12051,1713.39
1458709200000,1.12051,1.12102,1.1205,1.121,1837.11
1458710100000,1.12099,1.12105,1.12059,1.12068,1556.78
1458711000000,1.12068,1.12105,1.12068,1.12072,1714.91
1458711900000,1.12073,1.12077,1.12046,1.12048,1913.27
1458712800000,1.12049,1.1207,1.12042,1.12068,1814.67
1458713700000,1.12069,1.12084,1.12041,1.1207,2143.49
1458714600000,1.1207,1.12073,1.12008,1.12012,1466.63
1458715500000,1.12012,1.12047,1.11931,1.11934,1839.49
1458716400000,1.11934,1.11973,1.11906,1.11916,3693.02
1458717300000,1.11916,1.11931,1.11803,1.11925,5132.6
1458718200000,1.11926,1.11928,1.11845,1.11865,3762.92
1458719100000,1.11868,1.11931,1.11852,1.119,3115.11
1458720000000,1.11897,1.11939,1.11845,1.11904,6416.06
1458720900000,1.11905,1.11931,1.11863,1.11922,3722.34
1458721800000,1.11923,1.11983,1.11922,1.11961,4036.68
1458722700000,1.11962,1.11964,1.11845,1.11855,3377.47
1458723600000,1.11855,1.11889,1.11822,1.1185,4698.82
1458724500000,1.11849,1.11879,1.11824,1.11865,3555.4
1458725400000,1.11865,1.11927,1.1186,1.11901,4236.28
1458726300000,1.11901,1.11928,1.11879,1.11891,4316.4
1458727200000,1.1189,1.11903,1.11866,1.11874,2953.79
1458728100000,1.11875,1.11882,1.11808,1.11821,3908.93
1458729000000,1.11823,1.11925,1.11815,1.11922,4244.27
1458729900000,1.11922,1.12003,1.119,1.11949,4105.86
1458730800000,1.11949,1.11967,1.11922,1.1193,2513.46
1458731700000,1.1193,1.1197,1.11916,1.11966,3221.25
1458732600000,1.11966,1.11979,1.11921,1.1194,3149.39
1458733500000,1.1194,1.11963,1.11861,1.11918,4409.93
1458734400000,1.11918,1.11952,1.11835,1.11843,4751.33
1458735300000,1.11843,1.11898,1.11821,1.1183,4552.37
1458736200000,1.1183,1.1183,1.11693,1.11744,6166.24
1458737100000,1.11745,1.1178,1.11662,1.11692,4540.61
1458738000000,1.11693,1.11738,1.11631,1.11711,5999.71
1458738900000,1.11706,1.11931,1.11703,1.11884,6292.09
1458739800000,1.11887,1.11956,1.11865,1.11892,6666.05
1458740700000,1.11893,1.11943,1.11831,1.11838,6316.63
1458741600000,1.11833,1.11879,1.11776,1.11847,6445.62
1458742500000,1.11847,1.11847,1.11702,1.11751,6242.08
1458743400000,1.11748,1.11814,1.11731,1.11777,5817.05
1458744300000,1.11776,1.11862,1.11755,1.11814,5737.11
1458745200000,1.11815,1.11834,1.11773,1.11781,5279.3
1458746100000,1.1178,1.11818,1.11747,1.11809,5420.84
1458747000000,1.11809,1.11866,1.11788,1.11788,5276.94
1458747900000,1.11786,1.11809,1.11747,1.11749,5927.7
1458748800000,1.11749,1.11749,1.11649,1.11711,4412.08
1458749700000,1.11709,1.11713,1.11597,1.11626,4590.33
1458750600000,1.11625,1.11672,1.11594,1.11666,4859.98
1458751500000,1.11665,1.11701,1.11639,1.11687,3974.81
1458752400000,1.11687,1.11756,1.11679,1.11735,3728.31
1458753300000,1.11736,1.11818,1.11736,1.11815,2923.77
1458754200000,1.11815,1.11851,1.11799,1.11801,3384.98
1458755100000,1.118,1.11841,1.11777,1.1184,2893.87
1458756000000,1.11838,1.11873,1.11814,1.11865,2960.01
1458756900000,1.11865,1.1187,1.11829,1.1185,2317.22
1458757800000,1.11851,1.11851,1.11808,1.11836,2848.62
1458758700000,1.11835,1.11851,1.11817,1.11819,3687.7
1458759600000,1.11819,1.11835,1.11811,1.11815,2408.41
1458760500000,1.11816,1.1183,1.11797,1.11821,2046.86
1458761400000,1.11821,1.11821,1.1178,1.11797,2040.97
1458762300000,1.11797,1.11797,1.11761,1.11767,2146.48
1458763200000,1.11765,1.11781,1.11726,1.11779,1789.85
1458764100000,1.11779,1.11828,1.11778,1.1181,1654.02
1458765000000,1.1181,1.11827,1.11804,1.11812,1703.54
1458765900000,1.11812,1.11835,1.11796,1.11799,1929.8
1458766800000,1.11799,1.11813,1.11747,1.11777,473.12
1458767700000,1.11776,1.1181,1.11773,1.11793,537.12
1458768600000,1.11792,1.11831,1.11786,1.11822,859.06
1458769500000,1.11822,1.11831,1.11791,1.11799,718.49
1458770400000,1.11801,1.11845,1.11801,1.11838,1372.75
1458771300000,1.11837,1.11851,1.11836,1.11847,668.79
1458772200000,1.11847,1.11853,1.11825,1.11826,809.81
1458773100000,1.11826,1.11837,1.11812,1.11823,1420.84
1458774000000,1.11822,1.11825,1.11794,1.11794,1090.72
1458774900000,1.11795,1.11806,1.11778,1.118,1361.73
1458775800000,1.11801,1.1181,1.11795,1.11806,1028.03
1458776700000,1.11808,1.11811,1.11761,1.11779,1514.07
1458777600000,1.11778,1.11789,1.11749,1.11768,2724.28
1458778500000,1.11768,1.11782,1.1175,1.11769,1753.15
1458779400000,1.11768,1.11846,1.11767,1.11836,2528.85
1458780300000,1.11837,1.1186,1.11791,1.11795,2439.29
1458781200000,1.11794,1.11799,1.11639,1.1168,3150.4
1458782100000,1.11678,1.11737,1.11636,1.11737,3041.44
1458783000000,1.11736,1.11774,1.117,1.11762,2584.33
1458783900000,1.11763,1.11764,1.11687,1.11701,2453.86
1458784800000,1.11702,1.11717,1.11666,1.11697,2115.15
1458785700000,1.11696,1.11734,1.11683,1.11723,2153.13
1458786600000,1.11723,1.11724,1.117,1.11712,1143.57
1458787500000,1.11713,1.11749,1.11703,1.11709,1611.87
1458788400000,1.11708,1.11729,1.11692,1.11728,1464
1458789300000,1.11728,1.11771,1.11728,1.11767,1372.12
1458790200000,1.11766,1.11781,1.1175,1.11766,1846.32
1458791100000,1.11766,1.11782,1.11761,1.11763,1484.82
1458792000000,1.11762,1.11768,1.11737,1.11739,1304.56
1458792900000,1.11741,1.11748,1.11726,1.11731,968.97
1458793800000,1.11731,1.11737,1.11697,1.11704,1268
1458794700000,1.11703,1.11723,1.11667,1.11717,1761
1458795600000,1.11716,1.11741,1.11695,1.11703,1872.45
1458796500000,1.11703,1.11727,1.11686,1.11687,1102.95
1458797400000,1.11685,1.11725,1.11673,1.11718,1409.98
1458798300000,1.11717,1.11744,1.11702,1.1174,1284.42
1458799200000,1.11738,1.11779,1.11732,1.11767,2009.11
1458800100000,1.11767,1.11778,1.11755,1.11772,1724.35
1458801000000,1.11773,1.11774,1.11735,1.11743,1838.11
1458801900000,1.11742,1.11752,1.11675,1.11675,1622.86
1458802800000,1.11678,1.11681,1.11572,1.11612,3500.67
1458803700000,1.11611,1.1169,1.11509,1.1157,3786.93
1458804600000,1.1157,1.11614,1.11542,1.11598,4275.17
1458805500000,1.11598,1.11654,1.11582,1.11608,4961.45
1458806400000,1.11608,1.11608,1.11488,1.11555,5721.43
1458807300000,1.11556,1.11594,1.1153,1.1153,4777.61
1458808200000,1.1153,1.11765,1.11499,1.11756,4904.8
1458809100000,1.11758,1.11767,1.11641,1.11654,4906.89
1458810000000,1.11654,1.11697,1.11623,1.11628,4121.7
1458810900000,1.11627,1.117,1.11604,1.11697,4308.02
1458811800000,1.11697,1.117,1.11631,1.11633,3337.37
1458812700000,1.11632,1.11725,1.11623,1.117,4235.34
1458813600000,1.11699,1.11763,1.11688,1.11719,4066.9
1458814500000,1.11718,1.11744,1.11694,1.11718,3415.03
1458815400000,1.11719,1.11877,1.11705,1.11787,5367.27
1458816300000,1.11788,1.11804,1.11626,1.11681,5759.84
1458817200000,1.11681,1.11737,1.11654,1.11733,4495.59
1458818100000,1.11733,1.11733,1.11602,1.11631,3945.09
1458819000000,1.11629,1.11684,1.11602,1.11604,3487.47
1458819900000,1.11603,1.11603,1.11442,1.11518,5095.73
1458820800000,1.11519,1.11639,1.11487,1.11608,4752.24
1458821700000,1.11608,1.11616,1.11564,1.11587,4264.58
1458822600000,1.11596,1.11678,1.1158,1.11677,4397.07
1458823500000,1.11679,1.11708,1.1162,1.11636,3731.94
1458824400000,1.11635,1.11667,1.11526,1.11537,4283.93
1458825300000,1.11541,1.11617,1.11533,1.11604,3858.17
1458826200000,1.11602,1.11608,1.11569,1.1159,4027.35
1458827100000,1.11589,1.11619,1.11581,1.11602,4554.54
1458828000000,1.11602,1.11683,1.11535,1.11591,5212.96
1458828900000,1.11591,1.11641,1.11553,1.11567,4252.63
1458829800000,1.11567,1.11634,1.11536,1.1154,5049.81
1458830700000,1.1154,1.11589,1.115,1.11587,5165.71
1458831600000,1.11588,1.11618,1.1153,1.11599,4415.28
1458832500000,1.11599,1.11668,1.11569,1.11668,4781.24
1458833400000,1.11668,1.11718,1.11665,1.11672,4352.99
1458834300000,1.11672,1.11706,1.11608,1.11626,4389.41
1458835200000,1.11625,1.11699,1.1162,1.11678,4519.62
1458836100000,1.11679,1.11769,1.11674,1.11707,4142.28
1458837000000,1.11708,1.11743,1.11691,1.11706,3888.44
1458837900000,1.11704,1.11725,1.11689,1.1172,3792.82
1458838800000,1.11721,1.11738,1.11683,1.11704,3445.8
1458839700000,1.11707,1.11799,1.1168,1.11781,3804.16
1458840600000,1.11783,1.11786,1.11733,1.11751,2097.89
1458841500000,1.11749,1.11858,1.11745,1.11852,3253.48
1458842400000,1.11853,1.11853,1.11784,1.11849,2900.76
1458843300000,1.11849,1.11862,1.11804,1.11812,2534.79
1458844200000,1.11812,1.11822,1.11756,1.11764,1997.35
1458845100000,1.11764,1.11776,1.11753,1.11772,1932.15
1458846000000,1.11772,1.11797,1.11728,1.11738,2151.48
1458846900000,1.11738,1.11765,1.11735,1.11759,1529.45
1458847800000,1.11758,1.11799,1.11754,1.11794,1401.03
1458848700000,1.11795,1.11811,1.11763,1.11771,2712.23
1458849600000,1.11771,1.1181,1.11765,1.11803,1828.95
1458850500000,1.11803,1.11803,1.11779,1.11794,1603.86
1458851400000,1.11793,1.1181,1.11781,1.11787,1165.3
1458852300000,1.11787,1.11793,1.1174,1.11744,1332.44
1458853200000,1.11745,1.11792,1.11721,1.11769,759.9
1458854100000,1.11771,1.11792,1.11747,1.11775,672.19
1458855000000,1.11778,1.11813,1.11758,1.1179,458.75
1458855900000,1.1179,1.11792,1.11778,1.11789,147.2
1458856800000,1.11789,1.11794,1.11752,1.11776,442.88
1458857700000,1.11774,1.11784,1.11763,1.11783,353.55
1458858600000,1.1178,1.11789,1.11775,1.11781,475.85
1458859500000,1.11781,1.11781,1.1177,1.1177,432.16
1458860400000,1.1177,1.11785,1.1177,1.11782,262.68
1458861300000,1.11782,1.11784,1.1178,1.11784,146.5
1458862200000,1.11785,1.1179,1.11706,1.11732,640.44
1458863100000,1.11732,1.11732,1.11567,1.11644,1712.02
1458864000000,1.11644,1.11677,1.11637,1.11661,700.83
1458864900000,1.11664,1.11693,1.11591,1.11661,761.91
1458865800000,1.11662,1.11664,1.1159,1.11591,1002.65
1458866700000,1.11591,1.11647,1.11591,1.11645,1050.17
1458867600000,1.11645,1.1169,1.11615,1.11646,1228.95
1458868500000,1.11649,1.11649,1.11579,1.11587,776.29
1458869400000,1.11586,1.11588,1.11555,1.11561,527.71
1458870300000,1.1156,1.11578,1.11529,1.11575,843.99
1458871200000,1.11576,1.11607,1.11562,1.11585,565.01
1458872100000,1.11585,1.11615,1.11577,1.11615,563.21
1458873000000,1.11614,1.11628,1.11594,1.11621,597.21
1458873900000,1.11621,1.11621,1.11584,1.11588,594.75
1458874800000,1.11588,1.1159,1.11561,1.11575,267.23
1458875700000,1.11572,1.11593,1.11567,1.11587,460.17
1458876600000,1.11585,1.11605,1.11567,1.11603,1723.63
1458877500000,1.11602,1.11606,1.11583,1.11596,391.31
1458878400000,1.11596,1.116,1.11579,1.11584,152.59
1458879300000,1.11584,1.11597,1.11575,1.11581,669.92
1458880200000,1.11582,1.11596,1.11575,1.11584,687.61
1458881100000,1.11585,1.11597,1.11582,1.11584,358.91
1458882000000,1.11584,1.11652,1.1158,1.1165,456.81
1458882900000,1.11649,1.1165,1.11584,1.1161,961.86
1458883800000,1.11609,1.11629,1.1158,1.11622,644.96
1458884700000,1.11621,1.11665,1.11606,1.1166,712.86
1458885600000,1.11661,1.1167,1.11635,1.11648,523.05
1458886500000,1.11648,1.11684,1.11644,1.11678,238.46
1458887400000,1.11678,1.11682,1.11667,1.11678,98.03
1458888300000,1.11679,1.11695,1.11666,1.1169,721.3
1458889200000,1.1169,1.11694,1.11654,1.11666,616.64
1458890100000,1.11667,1.1167,1.11625,1.11631,552.94
1458891000000,1.11631,1.11665,1.1163,1.11642,545.42
1458891900000,1.11642,1.1165,1.11626,1.11626,602.36
1458892800000,1.11626,1.11641,1.11562,1.11637,744.68
1458893700000,1.11637,1.1165,1.11626,1.11647,176.42
1458894600000,1.11647,1.11672,1.1162,1.11622,359.79
1458895500000,1.11621,1.11668,1.11621,1.11655,573.79
1458896400000,1.11655,1.1168,1.11637,1.11678,837.24
1458897300000,1.11678,1.11678,1.11655,1.11668,657.3
1458898200000,1.11667,1.11679,1.11638,1.11643,402.95
1458899100000,1.11643,1.11672,1.11638,1.11668,692.54
1458900000000,1.11668,1.11694,1.11667,1.11691,856.06
1458900900000,1.11691,1.11709,1.11677,1.11707,609.64
1458901800000,1.11707,1.11712,1.11698,1.11712,245.63
1458902700000,1.11712,1.11757,1.11708,1.11735,462.68
1458903600000,1.11735,1.11739,1.1169,1.11707,490.31
1458904500000,1.11707,1.1172,1.11704,1.1171,250.94
1458905400000,1.1171,1.11715,1.11687,1.1169,470.64
1458906300000,1.11692,1.11692,1.1167,1.11674,524.14
1458907200000,1.11675,1.11688,1.11674,1.11683,274.02
1458908100000,1.11683,1.11683,1.11659,1.1166,618.7
1458909000000,1.1166,1.1166,1.11598,1.11647,1004.84
1458909900000,1.11647,1.11654,1.11639,1.11641,403.78
1458910800000,1.11641,1.11695,1.11608,1.11651,730.45
1458911700000,1.11653,1.11677,1.11633,1.1166,813.96
1458912600000,1.11666,1.11671,1.1164,1.1167,523.08
1458913500000,1.11668,1.11706,1.11664,1.11695,998.29
1458914400000,1.11695,1.11697,1.11661,1.11668,1121.75
1458915300000,1.11669,1.1168,1.11649,1.11653,733.49
1458916200000,1.11653,1.1169,1.11652,1.11672,358.93
1458917100000,1.11672,1.11673,1.11649,1.11653,273.3
1458918000000,1.11654,1.11655,1.11646,1.11649,812.15
1458918900000,1.11648,1.11652,1.1162,1.11623,714.67
1458919800000,1.11623,1.11631,1.11601,1.11608,1116.81
1458920700000,1.11608,1.11635,1.11608,1.11635,2022.43
1458921600000,1.11635,1.11635,1.11613,1.11613,832.42
1458922500000,1.11613,1.11631,1.1161,1.11628,717.06
1458923400000,1.11628,1.11657,1.11623,1.11648,1549.97
1458924300000,1.11648,1.11656,1.11638,1.11644,1305.52
1458925200000,1.11644,1.11662,1.11642,1.11658,467.95
1458926100000,1.11658,1.11658,1.1165,1.11655,679.69
1458927000000,1.11655,1.11657,1.11652,1.11656,1079.19
1458927900000,1.11656,1.11673,1.11654,1.11673,459.45
1458928800000,1.11673,1.11682,1.1167,1.11676,727.35
1458929700000,1.11676,1.11679,1.11658,1.11662,260.35
1458930600000,1.11662,1.11671,1.1166,1.11662,476.72
1458931500000,1.11663,1.11663,1.11655,1.11658,333.59
1458932400000,1.11657,1.11667,1.11655,1.11659,370.55
1458933300000,1.11659,1.11675,1.11658,1.11668,340.54
1458934200000,1.11666,1.11699,1.11658,1.1167,749.27
1458935100000,1.11671,1.11708,1.1167,1.11696,834.67
1458936000000,1.11696,1.11702,1.11654,1.11654,736.91
1458936900000,1.11654,1.11707,1.1162,1.11667,438.16
1458937800000,1.11656,1.11697,1.11641,1.11673,482.68
1458938700000,1.11673,1.11675,1.11618,1.11624,367.06
1459112400000,1.11615,1.11615,1.11602,1.11614,38.2
1459113300000,1.11614,1.11628,1.11614,1.11624,54.41
1459114200000,1.11624,1.11648,1.11605,1.11631,297.06
1459115100000,1.11631,1.11653,1.11602,1.11632,486.86
1459116000000,1.11634,1.11665,1.11615,1.11631,1269.14
1459116900000,1.11629,1.11645,1.11599,1.1161,571.5
1459117800000,1.11609,1.11652,1.11589,1.11621,909.54
1459118700000,1.11619,1.11623,1.11587,1.11597,646.05
1459119600000,1.11599,1.11618,1.11577,1.11599,778.16
1459120500000,1.11599,1.11607,1.11562,1.11606,1098.76
1459121400000,1.11606,1.11606,1.11559,1.11561,688.85
1459122300000,1.11561,1.11582,1.1156,1.11571,708.75
1459123200000,1.11572,1.11624,1.11553,1.11559,1008.11
1459124100000,1.11559,1.11563,1.11537,1.11557,986.54
1459125000000,1.11558,1.11583,1.11547,1.11569,754.08
1459125900000,1.11569,1.11612,1.1153,1.11583,1659.13
1459126800000,1.11582,1.11595,1.11571,1.11586,1231.54
1459127700000,1.11586,1.11602,1.11583,1.11601,1437.2
1459128600000,1.11601,1.11611,1.11558,1.11565,1657.04
1459129500000,1.11564,1.1157,1.11549,1.11552,1373.89
1459130400000,1.11553,1.11562,1.11544,1.11545,1535.32
1459131300000,1.11545,1.11563,1.11538,1.11562,1672.16
1459132200000,1.11562,1.11572,1.11552,1.11571,1582.51
1459133100000,1.1157,1.11585,1.11562,1.11585,876.68
1459134000000,1.11586,1.11596,1.11575,1.11587,1119.3
1459134900000,1.11588,1.11616,1.11583,1.11614,1375.74
1459135800000,1.11615,1.11637,1.11602,1.1163,1560.9
1459136700000,1.11629,1.11647,1.11629,1.11632,1269.96
1459137600000,1.11633,1.11635,1.1162,1.11633,1264.74
1459138500000,1.11632,1.11639,1.11627,1.1163,1868.8
1459139400000,1.1163,1.11639,1.11622,1.11636,1144.31
1459140300000,1.11636,1.11657,1.11629,1.11631,1720.23
1459141200000,1.1163,1.11635,1.11613,1.11615,1352.11
1459142100000,1.11616,1.11625,1.11603,1.1162,1149.11
1459143000000,1.11619,1.11656,1.11605,1.11655,1559.22
1459143900000,1.11656,1.11657,1.11624,1.11652,1843.9
1459144800000,1.1165,1.11672,1.116,1.1167,2086.99
1459145700000,1.1167,1.1167,1.11623,1.11634,1523.77
1459146600000,1.11633,1.11638,1.11619,1.1163,1542.17
1459147500000,1.11629,1.11659,1.11624,1.1165,1498.63
1459148400000,1.11649,1.11688,1.11641,1.11665,1450.82
1459149300000,1.11665,1.11725,1.11662,1.11711,1808.85
1459150200000,1.11712,1.11726,1.11689,1.11689,1759.72
1459151100000,1.1169,1.1171,1.11645,1.1165,2735.39
1459152000000,1.1165,1.1173,1.11648,1.11718,2450.1
1459152900000,1.11718,1.11718,1.11666,1.11676,1714.88
1459153800000,1.11677,1.11705,1.1167,1.11688,956.58
1459154700000,1.11687,1.11712,1.11685,1.11707,1079.21
1459155600000,1.11707,1.11732,1.11695,1.11704,1231.11
1459156500000,1.11703,1.11715,1.11695,1.11695,691.74
1459157400000,1.11695,1.11702,1.11661,1.11664,984.71
1459158300000,1.11665,1.11687,1.1166,1.11664,1581.93
1459159200000,1.11664,1.11672,1.11654,1.11671,1349.54
1459160100000,1.11671,1.11691,1.11664,1.11666,1672.32
1459161000000,1.11666,1.11672,1.11641,1.11645,1134.06
1459161900000,1.11645,1.11663,1.11625,1.11625,1016.4
1459162800000,1.11625,1.11633,1.11585,1.1159,1536.27
1459163700000,1.11591,1.11605,1.11575,1.116,1545.08
1459164600000,1.11599,1.11672,1.11599,1.11662,1417.61
1459165500000,1.11661,1.11684,1.11645,1.1165,1733.37
1459166400000,1.11651,1.11706,1.11651,1.11695,1765.01
1459167300000,1.11695,1.11705,1.11664,1.11668,2517.83
1459168200000,1.11668,1.11778,1.11657,1.11756,2932.29
1459169100000,1.11757,1.11833,1.11731,1.11805,2918.69
1459170000000,1.11804,1.11932,1.11796,1.11898,3286.29
1459170900000,1.11898,1.12006,1.11882,1.11987,3555.04
1459171800000,1.11986,1.12097,1.11958,1.12038,4553.95
1459172700000,1.12037,1.12089,1.11995,1.12047,3472.25
1459173600000,1.12046,1.12049,1.11973,1.11993,3389.64
1459174500000,1.11993,1.12095,1.11978,1.12063,3081.58
1459175400000,1.12064,1.12156,1.1206,1.12154,3277.51
1459176300000,1.12155,1.12198,1.12058,1.12155,3677.86
1459177200000,1.12158,1.12178,1.12114,1.12163,3151.2
1459178100000,1.12164,1.12183,1.1212,1.12142,2968.29
1459179000000,1.12141,1.12172,1.12102,1.12122,2883.44
1459179900000,1.12123,1.12138,1.12037,1.12083,2329.96
1459180800000,1.12084,1.12117,1.12041,1.12085,2222.9
1459181700000,1.12086,1.12103,1.12021,1.12039,1985.75
1459182600000,1.12035,1.12044,1.11925,1.11941,3035.41
1459183500000,1.1194,1.11964,1.11893,1.11929,2396.45
1459184400000,1.1193,1.12,1.11919,1.11988,2082.78
1459185300000,1.11987,1.12028,1.11985,1.11988,1844.54
1459186200000,1.11986,1.12015,1.11977,1.11998,1431.91
1459187100000,1.11998,1.12012,1.11967,1.11978,1628.98
1459188000000,1.11979,1.12009,1.11974,1.12004,1323.59
1459188900000,1.12004,1.12067,1.11998,1.12063,1860.27
1459189800000,1.12065,1.12082,1.12022,1.1203,1700.58
1459190700000,1.12029,1.12063,1.12011,1.12013,2121.62
1459191600000,1.12014,1.12018,1.11981,1.12013,2105.2
1459192500000,1.12015,1.12027,1.11979,1.11991,1872.02
1459193400000,1.11991,1.11995,1.11958,1.1198,1505.28
1459194300000,1.11982,1.12005,1.11961,1.11997,1853.63
1459195200000,1.11999,1.12002,1.11958,1.11958,1076.25
1459196100000,1.11959,1.11979,1.11941,1.1196,425.8
1459197000000,1.1196,1.11986,1.11947,1.11976,1727.95
1459197900000,1.11976,1.11976,1.11936,1.1196,1575.57
1459198800000,1.1196,1.11963,1.11933,1.11942,334.23
1459199700000,1.11943,1.11969,1.11933,1.11964,473.86
1459200600000,1.11964,1.1197,1.11938,1.11945,1106.29
1459201500000,1.11946,1.11977,1.1194,1.11975,1155.49
1459202400000,1.11975,1.11985,1.11957,1.1196,1142.73
1459203300000,1.11961,1.11987,1.11938,1.11962,1979.66
1459204200000,1.11962,1.11997,1.11957,1.11978,993.15
1459205100000,1.11979,1.11979,1.11964,1.1197,251.28
1459206000000,1.1197,1.12006,1.1197,1.11993,1496.37
1459206900000,1.11992,1.12019,1.11992,1.12006,1196.2
1459207800000,1.12006,1.12015,1.1199,1.12014,540.08
1459208700000,1.12015,1.12022,1.12006,1.12007,800.54
1459209600000,1.12007,1.12009,1.11945,1.11974,2506.2
1459210500000,1.11974,1.11987,1.11966,1.11976,1928.17
1459211400000,1.11976,1.12003,1.11954,1.11962,1922.89
1459212300000,1.11962,1.12002,1.11953,1.11963,2469.4
1459213200000,1.11963,1.11973,1.11928,1.11951,3589.25
1459214100000,1.11951,1.11958,1.11881,1.11885,3757.45
1459215000000,1.11885,1.11949,1.11841,1.11932,2356.2
1459215900000,1.11932,1.11956,1.11927,1.11927,1483.4
1459216800000,1.11927,1.11954,1.11916,1.11933,2138.03
1459217700000,1.11934,1.11974,1.11928,1.11938,1559.52
1459218600000,1.11938,1.11951,1.11859,1.11893,1917.55
1459219500000,1.11893,1.11949,1.11893,1.11946,1632.39
1459220400000,1.11946,1.11953,1.11927,1.11951,996.9
1459221300000,1.11952,1.11975,1.11952,1.11974,1074.67
1459222200000,1.11974,1.12003,1.11967,1.12001,1312.46
1459223100000,1.12001,1.12004,1.11946,1.11951,1868.12
1459224000000,1.11952,1.11958,1.1188,1.11907,2150.72
1459224900000,1.11907,1.11912,1.11853,1.11882,1595.29
1459225800000,1.11882,1.1191,1.11882,1.11905,1152.86
1459226700000,1.11904,1.11919,1.11889,1.11903,1248.23
1459227600000,1.11904,1.11908,1.11874,1.11884,1025.04
1459228500000,1.11885,1.11906,1.11866,1.11872,1402.83
1459229400000,1.11872,1.119,1.11826,1.11862,1574.82
1459230300000,1.11862,1.11904,1.11853,1.11875,1841.59
1459231200000,1.11876,1.11884,1.11834,1.11873,1785.01
1459232100000,1.11873,1.11939,1.11862,1.11934,1958.84
1459233000000,1.11933,1.11986,1.11928,1.11962,2746.11
1459233900000,1.11961,1.11977,1.11911,1.11937,2977.89
1459234800000,1.11936,1.11936,1.11726,1.11808,4766.47
1459235700000,1.11809,1.1182,1.1169,1.11743,5100.03
1459236600000,1.11742,1.11796,1.11709,1.11788,4427.85
1459237500000,1.11789,1.11805,1.11757,1.11765,3633.67
1459238400000,1.11762,1.11821,1.11722,1.11731,4018.72
1459239300000,1.11732,1.11826,1.11728,1.11793,3841.81
1459240200000,1.11793,1.11822,1.1176,1.1176,3114.31
1459241100000,1.1176,1.11833,1.11752,1.11807,4092.15
1459242000000,1.11808,1.11872,1.11784,1.11851,4215.12
1459242900000,1.11851,1.11873,1.11825,1.1183,3487.43
1459243800000,1.11831,1.11847,1.11756,1.11816,3503.28
1459244700000,1.11814,1.12085,1.11814,1.11964,6041.14
1459245600000,1.11967,1.1208,1.11924,1.1204,4501.92
1459246500000,1.12042,1.12042,1.11979,1.12007,3623.73
1459247400000,1.12007,1.12019,1.11937,1.11979,3974.43
1459248300000,1.11979,1.12084,1.11961,1.12054,3194.71
1459249200000,1.12053,1.12148,1.12042,1.12125,3786.37
1459250100000,1.12124,1.1216,1.12061,1.12061,3936.75
1459251000000,1.12063,1.12144,1.12027,1.12045,4265.22
1459251900000,1.12044,1.12044,1.11923,1.12006,4721.21
1459252800000,1.12005,1.1205,1.11926,1.11938,5052.99
1459253700000,1.11939,1.12061,1.11937,1.12026,4705.35
1459254600000,1.12026,1.12144,1.12015,1.12111,4059.45
1459255500000,1.12111,1.12155,1.12027,1.12142,5023.8
1459256400000,1.12143,1.12252,1.12083,1.12091,5246.55
1459257300000,1.12093,1.12114,1.12033,1.12055,3829.02
1459258200000,1.12054,1.12152,1.11976,1.1204,5328.36
1459259100000,1.12041,1.12052,1.11974,1.12034,4797.45
1459260000000,1.12031,1.12071,1.1198,1.11995,5631.96
1459260900000,1.11995,1.12096,1.11991,1.12086,4666.13
1459261800000,1.12087,1.12134,1.12063,1.12094,5512.62
1459262700000,1.12094,1.12148,1.11854,1.11888,7104.34
1459263600000,1.11886,1.11971,1.11793,1.11923,7319.32
1459264500000,1.11924,1.11924,1.11879,1.11893,5138.75
1459265400000,1.11893,1.12028,1.11886,1.12017,4877.71
1459266300000,1.12018,1.12027,1.11974,1.12023,4257.83
1459267200000,1.12023,1.12038,1.11997,1.1202,3711.62
1459268100000,1.12021,1.12631,1.11961,1.12485,8028.71
1459269000000,1.12485,1.12601,1.12442,1.12551,6425.3
1459269900000,1.12546,1.12712,1.12546,1.12644,6178.5
1459270800000,1.12646,1.12721,1.12629,1.12659,5423.06
1459271700000,1.1266,1.12754,1.12605,1.12747,4769.68
1459272600000,1.12746,1.12772,1.12724,1.12753,3739.12
1459273500000,1.12755,1.12826,1.12726,1.12825,4261.37
1459274400000,1.12825,1.12825,1.12716,1.12786,3610.38
1459275300000,1.12788,1.12933,1.12782,1.12894,4847.29
1459276200000,1.12893,1.12926,1.12827,1.12875,4298.17
1459277100000,1.12876,1.1297,1.12863,1.12952,4071.43
1459278000000,1.12953,1.13033,1.12925,1.12984,4588.89
1459278900000,1.12984,1.13002,1.12964,1.12976,2925.36
1459279800000,1.12976,1.13032,1.12974,1.13025,2326.41
1459280700000,1.13024,1.13029,1.12971,1.12975,2156.68
1459281600000,1.12973,1.12974,1.12918,1.12941,1873.43
1459282500000,1.12944,1.12946,1.12919,1.12929,1989.05
1459283400000,1.1293,1.12967,1.12922,1.12943,2216.99
1459284300000,1.12943,1.1295,1.12899,1.12901,1868.37
1459285200000,1.12905,1.12924,1.12889,1.12912,248.45
1459286100000,1.12912,1.1293,1.12878,1.1288,599.73
1459287000000,1.12885,1.12897,1.12833,1.12873,899.48
1459287900000,1.12873,1.12915,1.12873,1.12902,556.81
1459288800000,1.12905,1.12918,1.1288,1.12882,2075.53
1459289700000,1.12881,1.12896,1.12868,1.12885,1905.85
1459290600000,1.12888,1.1289,1.12862,1.12868,857.99
1459291500000,1.12873,1.12886,1.12862,1.1288,491.64
1459292400000,1.1288,1.12892,1.12876,1.1288,898
1459293300000,1.12881,1.12893,1.12874,1.12877,861.81
1459294200000,1.12877,1.12909,1.1286,1.12883,958.03
1459295100000,1.12882,1.12909,1.12882,1.12892,1205.23
1459296000000,1.12893,1.12989,1.12893,1.12961,2456.4
1459296900000,1.12962,1.12997,1.12952,1.12997,2337.03
1459297800000,1.12997,1.13005,1.12958,1.12966,2110.36
1459298700000,1.12968,1.12975,1.12948,1.12964,2513.7
1459299600000,1.12961,1.12984,1.12914,1.12943,2575
1459300500000,1.12942,1.12962,1.12914,1.12937,2577.34
1459301400000,1.12937,1.12943,1.12893,1.12896,2315.94
1459302300000,1.12895,1.12917,1.12882,1.12886,1699.8
1459303200000,1.12885,1.1289,1.12863,1.12866,1509.43
1459304100000,1.12865,1.12919,1.12865,1.12911,1925.19
1459305000000,1.12911,1.12917,1.12895,1.12902,1952.76
1459305900000,1.12902,1.12953,1.12896,1.12947,2307.8
1459306800000,1.12947,1.12967,1.12937,1.12964,1691.04
1459307700000,1.12966,1.12974,1.1294,1.12941,2115.56
1459308600000,1.12942,1.12953,1.12925,1.12929,1802.53
1459309500000,1.12929,1.12945,1.12918,1.12921,1811.93
1459310400000,1.12922,1.12945,1.12915,1.12934,1611.84
1459311300000,1.12933,1.12944,1.12928,1.12941,1909.13
1459312200000,1.12939,1.1298,1.12937,1.12972,2275.68
1459313100000,1.12972,1.13001,1.12956,1.12965,3335.05
1459314000000,1.12965,1.13001,1.12956,1.12994,3219.87
1459314900000,1.12994,1.13003,1.12956,1.12982,3292.26
1459315800000,1.12982,1.13001,1.12964,1.1297,2334.21
1459316700000,1.12969,1.12979,1.12934,1.12974,1975.92
1459317600000,1.12973,1.13098,1.12972,1.1304,4498.52
1459318500000,1.13039,1.13053,1.12942,1.13034,4138.22
1459319400000,1.13033,1.13115,1.13033,1.13058,3999.56
1459320300000,1.13059,1.13067,1.12948,1.13037,4903.35
1459321200000,1.13037,1.13145,1.13017,1.13114,6109.67
1459322100000,1.13117,1.1324,1.13082,1.13232,5881.47
1459323000000,1.13234,1.13307,1.13221,1.13236,5409.38
1459323900000,1.13236,1.13289,1.13181,1.13282,5311.84
1459324800000,1.13281,1.13308,1.13201,1.13254,4692.49
1459325700000,1.13255,1.13332,1.13255,1.13323,4804.33
1459326600000,1.13323,1.13327,1.13246,1.13316,4325.8
1459327500000,1.13316,1.13317,1.13188,1.13195,4816.06
1459328400000,1.13194,1.13231,1.13137,1.1319,4758.41
1459329300000,1.1319,1.13266,1.13137,1.13153,4783.84
1459330200000,1.13154,1.13186,1.13135,1.13177,4194.96
1459331100000,1.13178,1.13205,1.13123,1.13201,3817.27
1459332000000,1.132,1.13207,1.13088,1.13113,3350.8
1459332900000,1.13114,1.13135,1.131,1.13131,3164.15
1459333800000,1.13131,1.13198,1.1309,1.1317,3457.46
1459334700000,1.13169,1.13228,1.1313,1.13228,3632.96
1459335600000,1.13227,1.1326,1.13135,1.13257,4317.44
1459336500000,1.13257,1.13349,1.13246,1.13295,5075.67
1459337400000,1.13296,1.13368,1.13255,1.13315,3837.95
1459338300000,1.13316,1.13366,1.13266,1.13362,4269.87
1459339200000,1.13364,1.13377,1.1323,1.13244,4882.47
1459340100000,1.1323,1.13389,1.13111,1.1314,7563.7
1459341000000,1.13136,1.13191,1.13093,1.1315,5462.92
1459341900000,1.13152,1.13219,1.13111,1.13112,5447.42
1459342800000,1.13112,1.13149,1.13065,1.13109,4461.73
1459343700000,1.13109,1.13114,1.13023,1.13082,4662.64
1459344600000,1.13082,1.13175,1.13076,1.13108,5692.51
1459345500000,1.13109,1.13278,1.131,1.13268,4862.33
1459346400000,1.1327,1.13537,1.13241,1.13501,6006.97
1459347300000,1.13503,1.13603,1.13482,1.13562,6606.68
1459348200000,1.13564,1.13654,1.13497,1.13616,7074.5
1459349100000,1.13616,1.13625,1.13515,1.1354,6673.57
1459350000000,1.13538,1.13562,1.13372,1.13471,7141.5
1459350900000,1.1347,1.13501,1.13294,1.13342,5698.95
1459351800000,1.13342,1.13386,1.13184,1.13307,6134.86
1459352700000,1.13307,1.13343,1.13211,1.13297,5195.37
1459353600000,1.13295,1.13313,1.13198,1.13216,4862.4
1459354500000,1.13216,1.13249,1.13201,1.13243,3752.34
1459355400000,1.13244,1.13306,1.1324,1.13298,3233.49
1459356300000,1.13298,1.13301,1.13153,1.13188,4717.73
1459357200000,1.13187,1.13256,1.13187,1.1324,4729.24
1459358100000,1.13238,1.13262,1.13165,1.13165,3352.35
1459359000000,1.13165,1.1323,1.13162,1.13227,3887.41
1459359900000,1.13227,1.13246,1.13181,1.13198,3639.75
1459360800000,1.13199,1.13276,1.13184,1.13242,3280.28
1459361700000,1.13241,1.1334,1.13201,1.13339,2937.27
1459362600000,1.13339,1.13383,1.13288,1.13324,3185.11
1459363500000,1.13325,1.1339,1.13321,1.13335,3473.53
1459364400000,1.13335,1.13338,1.13285,1.1331,2750.3
1459365300000,1.13309,1.13401,1.13304,1.13396,4636.54
1459366200000,1.13398,1.13417,1.13353,1.13387,3740.64
1459367100000,1.13387,1.13401,1.13339,1.1335,2510.09
1459368000000,1.13351,1.13354,1.13323,1.13334,2142.72
1459368900000,1.13335,1.13355,1.1333,1.13355,2107.09
1459369800000,1.13354,1.1344,1.13351,1.13424,1940.95
1459370700000,1.13423,1.13423,1.13364,1.13368,1593.05
1459371600000,1.13363,1.13393,1.13345,1.13355,277.58
1459372500000,1.13356,1.13357,1.13343,1.13343,405.28
1459373400000,1.13343,1.13353,1.1333,1.13335,624.88
1459374300000,1.13335,1.13338,1.1333,1.13338,296.2
1459375200000,1.13337,1.13351,1.13314,1.13315,2098.8
1459376100000,1.13315,1.13324,1.13294,1.13304,3608.91
1459377000000,1.13304,1.13334,1.13293,1.13314,1804.08
1459377900000,1.13314,1.13331,1.13308,1.13324,1471.62
1459378800000,1.13326,1.13364,1.13314,1.13348,2744.22
1459379700000,1.13347,1.13364,1.13324,1.13334,2146.52
1459380600000,1.13335,1.1338,1.13334,1.13337,1693.37
1459381500000,1.13336,1.13358,1.13327,1.13327,1922.43
1459382400000,1.13326,1.13415,1.13318,1.13375,3044.48
1459383300000,1.13377,1.13407,1.13347,1.13359,1800.8
1459384200000,1.13356,1.13377,1.13344,1.13347,1665.03
1459385100000,1.13347,1.13349,1.13232,1.13296,3718.25
1459386000000,1.13295,1.13304,1.13221,1.13267,2017.23
1459386900000,1.13266,1.13284,1.13188,1.13201,2188.88
1459387800000,1.13201,1.13218,1.13186,1.13209,2675.67
1459388700000,1.13209,1.13221,1.1319,1.13209,1725.82
1459389600000,1.13209,1.13249,1.13205,1.13238,1917.54
1459390500000,1.13238,1.13246,1.13202,1.13213,1625.61
1459391400000,1.13215,1.13234,1.13133,1.1314,2225.06
1459392300000,1.1314,1.13163,1.13128,1.1313,1894.86
1459393200000,1.13129,1.13157,1.13111,1.13145,1975.64
1459394100000,1.13145,1.13152,1.13106,1.13114,2142.91
1459395000000,1.13115,1.13145,1.13113,1.13134,1663.43
1459395900000,1.13135,1.13177,1.13134,1.13148,2145.98
1459396800000,1.13146,1.13189,1.13136,1.13164,2157.13
1459397700000,1.13164,1.13189,1.13158,1.13173,1756.5
1459398600000,1.13173,1.13186,1.13151,1.13177,1515.48
1459399500000,1.13178,1.13213,1.13176,1.13178,1752.99
1459400400000,1.13179,1.13202,1.13151,1.13158,1784.57
1459401300000,1.13158,1.13178,1.13137,1.13173,1777.14
1459402200000,1.13172,1.13221,1.13167,1.13215,3157.47
1459403100000,1.13214,1.13243,1.13194,1.13209,2198.8
1459404000000,1.13209,1.13222,1.13105,1.13117,2702.44
1459404900000,1.13114,1.13203,1.13101,1.13193,3419.92
1459405800000,1.1319,1.13253,1.13178,1.13231,3337.98
1459406700000,1.13231,1.13289,1.13192,1.13236,4344.27
1459407600000,1.13235,1.13334,1.13206,1.13293,4230.55
1459408500000,1.13294,1.13344,1.13264,1.13296,4364.73
1459409400000,1.13295,1.13392,1.13295,1.13375,3841.24
1459410300000,1.13376,1.1344,1.13315,1.13438,5104.2
1459411200000,1.13439,1.13448,1.13374,1.13412,5106.01
1459412100000,1.13411,1.13499,1.13391,1.1348,4392.31
1459413000000,1.1348,1.13609,1.13475,1.13544,4904.6
1459413900000,1.13544,1.13599,1.13533,1.13564,4289.19
1459414800000,1.13543,1.13679,1.13498,1.1363,4840.83
1459415700000,1.13633,1.13695,1.13598,1.13624,3831.72
1459416600000,1.13625,1.13685,1.13619,1.13653,2995.5
1459417500000,1.13655,1.1371,1.13634,1.13655,3931.54
1459418400000,1.13657,1.13676,1.13632,1.13669,2372.8
1459419300000,1.13669,1.13829,1.13662,1.13691,4258.51
1459420200000,1.13691,1.13809,1.13691,1.13801,2789.42
1459421100000,1.138,1.13819,1.13739,1.13775,3436.23
1459422000000,1.13775,1.13812,1.13745,1.13751,3737.73
1459422900000,1.1375,1.13824,1.13746,1.13794,3135.96
1459423800000,1.13793,1.13903,1.13778,1.13876,4012.77
1459424700000,1.13875,1.13947,1.13831,1.13876,4686.32
1459425600000,1.13877,1.13935,1.13842,1.13845,4771.95
1459426500000,1.13844,1.13933,1.13836,1.13902,3968.25
1459427400000,1.13902,1.13987,1.13848,1.13974,5736.4
1459428300000,1.13973,1.13974,1.13875,1.13887,4845.05
1459429200000,1.13886,1.13957,1.1385,1.13956,4067.77
1459430100000,1.13956,1.13966,1.13845,1.13861,4420.83
1459431000000,1.13861,1.13959,1.13857,1.13894,5188.02
1459431900000,1.13891,1.14116,1.13806,1.14007,6686.53
1459432800000,1.1401,1.14118,1.13999,1.14101,5949.74
1459433700000,1.14101,1.14101,1.1392,1.13969,6628
1459434600000,1.1397,1.14031,1.13822,1.13945,5851.66
1459435500000,1.13955,1.14041,1.13886,1.13978,6625.75
1459436400000,1.13976,1.13986,1.13839,1.13904,5594.88
1459437300000,1.13903,1.13917,1.13877,1.13887,4926.82
1459438200000,1.13886,1.13913,1.138,1.13818,4327.12
1459439100000,1.13819,1.13905,1.13793,1.13898,3849.17
1459440000000,1.13895,1.13932,1.13825,1.13909,3625.85
1459440900000,1.13909,1.13919,1.13797,1.13819,3949.85
1459441800000,1.13819,1.13865,1.13796,1.13841,2783.73
1459442700000,1.13842,1.13899,1.13772,1.13814,3419.14
1459443600000,1.13813,1.13877,1.13813,1.13871,3619.32
1459444500000,1.13869,1.13901,1.1381,1.13815,3512.76
1459445400000,1.13815,1.13873,1.13814,1.13824,3547.41
1459446300000,1.13824,1.1388,1.13813,1.13854,3136.49
1459447200000,1.13853,1.13883,1.13824,1.13862,2917.2
1459448100000,1.13861,1.13892,1.1384,1.13841,2676.5
1459449000000,1.13841,1.13899,1.13841,1.13866,2202.31
1459449900000,1.13866,1.13938,1.13855,1.13876,3228.83
1459450800000,1.13881,1.13908,1.13869,1.13884,3357.44
1459451700000,1.13884,1.13892,1.13834,1.13846,2412.15
1459452600000,1.13845,1.13849,1.13803,1.13814,3519.73
1459453500000,1.13815,1.13824,1.13779,1.13787,2607.44
1459454400000,1.13788,1.13841,1.13778,1.13796,1578.28
1459455300000,1.13795,1.1383,1.1378,1.13802,1379.36
1459456200000,1.13801,1.13822,1.13781,1.13819,849.34
1459457100000,1.1382,1.1383,1.13759,1.13783,1630.47
1459458000000,1.13783,1.13819,1.13782,1.13808,182.15
1459458900000,1.13808,1.13816,1.13785,1.13792,484.27
1459459800000,1.13793,1.13803,1.13777,1.138,611.28
1459460700000,1.138,1.13814,1.13778,1.13802,882.22
1459461600000,1.13803,1.13823,1.13779,1.13781,1318.44
1459462500000,1.13783,1.13794,1.13766,1.13772,979.08
1459463400000,1.13772,1.1381,1.13765,1.13799,973.04
1459464300000,1.13799,1.13801,1.1378,1.1378,579.78
1459465200000,1.1378,1.13795,1.13769,1.13785,1261.93
1459466100000,1.13785,1.13796,1.13772,1.13791,513.75
1459467000000,1.13791,1.13805,1.13748,1.13776,584.93
1459467900000,1.13776,1.13801,1.13776,1.13785,724.69
