timestamp,open,high,low,close,volume
1472688000000,1.11564,1.11587,1.11531,1.11582,9285.38
1472688900000,1.11582,1.11598,1.11571,1.11595,6610.72
1472689800000,1.11595,1.11599,1.11565,1.11577,4503.77
1472690700000,1.11577,1.11581,1.1152,1.11537,4905.66
1472691600000,1.11537,1.11595,1.11535,1.11555,6943.18
1472692500000,1.11555,1.1159,1.11536,1.11579,9939.79
1472693400000,1.11579,1.11589,1.11548,1.11585,8374.32
1472694300000,1.11586,1.11659,1.1158,1.11616,9952.56
1472695200000,1.11616,1.11626,1.11576,1.11623,7802.19
1472696100000,1.11623,1.1166,1.11604,1.11606,9424.96
1472697000000,1.11606,1.11606,1.11565,1.11585,6294.53
1472697900000,1.11585,1.11587,1.11546,1.11553,4984.29
1472698800000,1.11553,1.11613,1.11551,1.11566,5826.09
1472699700000,1.11566,1.11585,1.11553,1.11571,5950.93
1472700600000,1.11571,1.11578,1.1156,1.1157,4782.11
1472701500000,1.1157,1.1157,1.11545,1.11557,8248.24
1472702400000,1.11557,1.11567,1.11538,1.11552,7187.07
1472703300000,1.11552,1.11556,1.11528,1.11533,6272.24
1472704200000,1.11533,1.1156,1.1152,1.11527,6739.45
1472705100000,1.11527,1.11547,1.11525,1.11533,8717.13
1472706000000,1.11533,1.11541,1.11508,1.11516,8671.04
1472706900000,1.11516,1.11517,1.1149,1.11492,6667.39
1472707800000,1.11492,1.11518,1.11492,1.11513,5175.48
1472708700000,1.11513,1.11527,1.11501,1.11516,6770.58
1472709600000,1.11516,1.11516,1.11461,1.11477,11146.72
1472710500000,1.11477,1.11493,1.11459,1.11471,13594.77
1472711400000,1.11471,1.11477,1.11449,1.11457,10706.05
1472712300000,1.11457,1.11515,1.11434,1.11506,11487.55
1472713200000,1.11506,1.11506,1.11404,1.11412,14199.22
1472714100000,1.11411,1.11418,1.11343,1.11355,16266.55
1472715000000,1.11355,1.11369,1.11316,1.11333,17501.39
1472715900000,1.11334,1.11356,1.11276,1.11296,19870.06
1472716800000,1.11296,1.11352,1.1128,1.11329,16565.31
1472717700000,1.1133,1.1137,1.11313,1.11338,17002.08
1472718600000,1.11338,1.11454,1.11337,1.11406,29335.41
1472719500000,1.11406,1.11537,1.11405,1.11499,17383.93
1472720400000,1.11499,1.11507,1.11438,1.11448,14854.02
1472721300000,1.11448,1.11449,1.11349,1.11364,15697.89
1472722200000,1.11364,1.11433,1.11363,1.11418,14900.77
1472723100000,1.11418,1.11437,1.114,1.11427,14342.49
1472724000000,1.11427,1.11439,1.1141,1.11432,12865.96
1472724900000,1.11432,1.115,1.1142,1.11492,15539.07
1472725800000,1.11492,1.115,1.11454,1.11474,18295.9
1472726700000,1.11474,1.11527,1.1147,1.11512,17532.46
1472727600000,1.11512,1.11515,1.11469,1.11501,14577.98
1472728500000,1.11501,1.11553,1.11482,1.11534,14721.5
1472729400000,1.11534,1.11538,1.1146,1.11477,13039.2
1472730300000,1.11477,1.11533,1.11468,1.11492,15379.38
1472731200000,1.11492,1.11498,1.11428,1.11456,20162.92
1472732100000,1.11456,1.11475,1.11413,1.11438,24485.58
1472733000000,1.11438,1.11438,1.11366,1.11375,21636.93
1472733900000,1.11375,1.11412,1.11359,1.11408,20396.63
1472734800000,1.11408,1.11427,1.11373,1.11376,19409.68
1472735700000,1.11375,1.11395,1.11345,1.1137,20915.43
1472736600000,1.1137,1.11372,1.11328,1.11346,19203.74
1472737500000,1.11346,1.11383,1.11301,1.1137,18481.34
1472738400000,1.11374,1.11789,1.11374,1.11638,37797.97
1472739300000,1.11638,1.11942,1.11614,1.11841,24849.7
1472740200000,1.11842,1.11937,1.11796,1.11868,23491.87
1472741100000,1.11868,1.11989,1.11835,1.11909,21949.23
1472742000000,1.11909,1.11973,1.11871,1.11909,22169.94
1472742900000,1.11911,1.1194,1.11887,1.1192,18005.16
1472743800000,1.1192,1.11979,1.11918,1.11956,16616.92
1472744700000,1.11956,1.11969,1.11919,1.11935,16577.38
1472745600000,1.11935,1.11997,1.11932,1.11961,10766.99
1472746500000,1.11961,1.11965,1.11888,1.11935,14856.9
1472747400000,1.11933,1.12012,1.119,1.1197,14660.37
1472748300000,1.1197,1.11992,1.11944,1.11976,14475.26
1472749200000,1.11976,1.12032,1.11939,1.11955,12820.05
1472750100000,1.11955,1.12015,1.11951,1.11966,11225.28
1472751000000,1.11966,1.11975,1.11929,1.11935,9743.23
1472751900000,1.11935,1.11963,1.11909,1.11931,10964.96
1472752800000,1.1193,1.12051,1.11929,1.12048,13993.32
1472753700000,1.12048,1.12049,1.11999,1.1202,11605.44
1472754600000,1.1202,1.12025,1.11988,1.1201,8963.16
1472755500000,1.1201,1.12025,1.1198,1.1199,14395.12
1472756400000,1.11992,1.1202,1.11954,1.12017,10289.33
1472757300000,1.12017,1.12025,1.11973,1.11978,8904.46
1472758200000,1.11978,1.11988,1.11963,1.11984,7927.82
1472759100000,1.11985,1.12014,1.11985,1.12006,8849.84
1472760000000,1.12008,1.12021,1.12003,1.12015,5606.36
1472760900000,1.12015,1.12029,1.11995,1.11995,5480.55
1472761800000,1.11995,1.12001,1.11984,1.11989,3557.55
1472762700000,1.11989,1.1199,1.11953,1.11965,2796.98
1472763600000,1.11962,1.11984,1.11962,1.11978,243.73
1472764500000,1.11978,1.11986,1.11974,1.11977,647.41
1472765400000,1.11978,1.11978,1.11965,1.11966,1315.86
1472766300000,1.11966,1.11972,1.11957,1.11962,1815.03
1472767200000,1.11962,1.11985,1.11944,1.11963,1437.51
1472768100000,1.11963,1.11977,1.11956,1.11966,1621.94
1472769000000,1.11966,1.11966,1.11949,1.11955,3589.23
1472769900000,1.11954,1.11957,1.11936,1.11945,5169.62
1472770800000,1.11946,1.11951,1.11935,1.11941,7310.32
1472771700000,1.11941,1.11945,1.11933,1.11934,8978.91
1472772600000,1.11934,1.11947,1.1192,1.11945,3981.42
1472773500000,1.11945,1.11991,1.11935,1.11985,5589.01
1472774400000,1.11985,1.12026,1.11961,1.11991,7436.18
1472775300000,1.11993,1.12015,1.11983,1.12006,8337.33
1472776200000,1.12006,1.12006,1.11997,1.12001,7474.4
1472777100000,1.12001,1.12025,1.11996,1.1201,7925.15
1472778000000,1.1201,1.12012,1.11977,1.11979,7950.13
1472778900000,1.11979,1.11984,1.11952,1.11974,5782.81
1472779800000,1.11974,1.12007,1.1195,1.11993,8897.92
1472780700000,1.11993,1.11999,1.11956,1.11958,9101.25
1472781600000,1.11958,1.11991,1.11958,1.11985,8099.92
1472782500000,1.11985,1.11996,1.11979,1.11984,5710.91
1472783400000,1.11984,1.11984,1.11949,1.1195,6576.04
1472784300000,1.1195,1.12007,1.11946,1.12005,8669.44
1472785200000,1.12005,1.12006,1.11977,1.11998,7517.85
1472786100000,1.11997,1.12018,1.11989,1.11992,4530.65
1472787000000,1.11992,1.12002,1.11973,1.12001,4295.8
1472787900000,1.12001,1.12015,1.11996,1.12015,4363.51
1472788800000,1.12015,1.12081,1.12013,1.1205,8578.67
1472789700000,1.12049,1.12053,1.12,1.1204,8314.21
1472790600000,1.1204,1.12045,1.1201,1.1202,7629.34
1472791500000,1.1202,1.12024,1.11991,1.12007,8609.57
1472792400000,1.12007,1.12012,1.1197,1.11978,7792.64
1472793300000,1.11978,1.12,1.11973,1.11985,6322.7
1472794200000,1.11985,1.12005,1.11979,1.1199,5762.95
1472795100000,1.1199,1.11996,1.1196,1.11976,6389.36
1472796000000,1.11976,1.12,1.11939,1.11945,12916.35
1472796900000,1.11945,1.11969,1.11915,1.11922,11634.83
1472797800000,1.11922,1.11938,1.1187,1.11886,12878.82
1472798700000,1.11886,1.11936,1.11869,1.11883,17695.17
1472799600000,1.11883,1.11963,1.11861,1.11908,15760.43
1472800500000,1.11909,1.11986,1.11909,1.1197,15938.03
1472801400000,1.1197,1.12023,1.11933,1.11946,22205.95
1472802300000,1.11946,1.11961,1.11896,1.11928,15323.67
1472803200000,1.11928,1.1193,1.11852,1.11855,16784.51
1472804100000,1.11855,1.11899,1.11855,1.11897,14946.14
1472805000000,1.11897,1.11901,1.11822,1.11823,16583.29
1472805900000,1.11823,1.11842,1.11787,1.11827,15568.21
1472806800000,1.11828,1.11844,1.11808,1.11835,12754.49
1472807700000,1.11835,1.11858,1.11823,1.11833,11602.63
1472808600000,1.11832,1.11838,1.1177,1.11772,12913.16
1472809500000,1.11772,1.11799,1.1174,1.11797,13210.7
1472810400000,1.11797,1.1183,1.11765,1.11821,11729.85
1472811300000,1.11822,1.1183,1.11798,1.11829,11143.47
1472812200000,1.11829,1.11829,1.11777,1.11788,10603.22
1472813100000,1.11788,1.11854,1.1178,1.11846,10012.18
1472814000000,1.11846,1.11896,1.11835,1.11882,14186.82
1472814900000,1.11882,1.11944,1.11857,1.11933,13585.65
1472815800000,1.11933,1.11944,1.11891,1.1191,19072.32
1472816700000,1.1191,1.11913,1.11886,1.11902,15655.96
1472817600000,1.11904,1.11951,1.11903,1.1193,18270.3
1472818500000,1.1193,1.12146,1.11606,1.11735,18430.17
1472819400000,1.11666,1.12521,1.11666,1.12255,31712.25
1472820300000,1.12254,1.12321,1.12054,1.12079,23860.03
1472821200000,1.12079,1.12116,1.11927,1.12027,25819.77
1472822100000,1.12029,1.12127,1.11978,1.12092,24758.41
1472823000000,1.12095,1.12197,1.12071,1.12099,25589.92
1472823900000,1.12099,1.12113,1.11977,1.12063,20842
1472824800000,1.12063,1.12094,1.11704,1.1172,30204.67
1472825700000,1.1172,1.11743,1.11612,1.11696,24157.05
1472826600000,1.11692,1.11725,1.11514,1.1156,22606.65
1472827500000,1.1156,1.11724,1.11558,1.11612,24031.84
1472828400000,1.11612,1.11675,1.11584,1.11632,23242.38
1472829300000,1.11632,1.11635,1.11503,1.11522,19698.93
1472830200000,1.11523,1.11619,1.11523,1.11596,19124.28
1472831100000,1.11595,1.1163,1.11573,1.11573,16905.66
1472832000000,1.11573,1.1158,1.11517,1.11541,15428.95
1472832900000,1.11541,1.11589,1.11529,1.11565,12971.22
1472833800000,1.11566,1.11611,1.11548,1.1159,15220.62
1472834700000,1.1159,1.11631,1.1157,1.11627,16629.05
1472835600000,1.11627,1.11654,1.11594,1.11638,12633.35
1472836500000,1.11638,1.1165,1.11603,1.11603,12220.37
1472837400000,1.11603,1.11621,1.1157,1.11592,13345.94
1472838300000,1.11592,1.11615,1.11558,1.11567,10957.7
1472839200000,1.11567,1.11588,1.11539,1.11583,9201.79
1472840100000,1.11583,1.1161,1.11575,1.11595,7352.44
1472841000000,1.11594,1.11615,1.11584,1.11602,9109.13
1472841900000,1.11601,1.11615,1.11582,1.11599,10315.96
1472842800000,1.11599,1.11642,1.11595,1.11624,8509.13
1472843700000,1.11624,1.11625,1.11584,1.11585,8400.56
1472844600000,1.11585,1.11604,1.11582,1.11592,4881.05
1472845500000,1.11592,1.11598,1.11561,1.11582,9181.73
1472846400000,1.11582,1.11586,1.11556,1.11563,3677.52
1472847300000,1.11563,1.11568,1.11553,1.11558,1473.55
1472848200000,1.1156,1.11564,1.11554,1.11563,1888.07
1472849100000,1.11563,1.11563,1.11525,1.11539,6370.83
1473022800000,1.11559,1.11565,1.11534,1.1155,323.47
1473023700000,1.11546,1.11564,1.11546,1.11549,402.12
1473024600000,1.11549,1.11549,1.11544,1.11545,739.16
1473025500000,1.11545,1.11547,1.11535,1.11547,1656.86
1473026400000,1.11547,1.1157,1.11528,1.11557,8248.64
1473027300000,1.11557,1.11563,1.1154,1.11556,4761.06
1473028200000,1.11555,1.11564,1.11539,1.11559,2702.7
1473029100000,1.11559,1.11571,1.1154,1.11566,3810.68
1473030000000,1.11567,1.11589,1.11566,1.11585,3780.82
1473030900000,1.11585,1.11586,1.11572,1.11576,3784.48
1473031800000,1.11576,1.11582,1.11571,1.11579,3519.44
1473032700000,1.11579,1.11591,1.11574,1.1158,5724.5
1473033600000,1.1158,1.11616,1.11577,1.1161,8182.95
1473034500000,1.1161,1.11653,1.11607,1.11646,8963.59
1473035400000,1.11647,1.11657,1.11605,1.11614,3499.78
1473036300000,1.11614,1.11628,1.11576,1.11576,6949.14
1473037200000,1.11576,1.11627,1.11573,1.11611,5268.55
1473038100000,1.11611,1.11622,1.11571,1.11597,6681.24
1473039000000,1.11597,1.11619,1.1158,1.11597,9945.44
1473039900000,1.11597,1.11603,1.11569,1.11576,4746.78
1473040800000,1.11576,1.11601,1.11561,1.11597,6582.22
1473041700000,1.11597,1.11618,1.11591,1.11605,3751.28
1473042600000,1.11606,1.11663,1.11603,1.11649,9030.54
1473043500000,1.11649,1.11693,1.11631,1.11645,9824.73
1473044400000,1.11645,1.11671,1.11629,1.11631,4117.6
1473045300000,1.11632,1.11667,1.11622,1.11662,6521.58
1473046200000,1.11662,1.11662,1.11628,1.11631,9187.1
1473047100000,1.11631,1.11666,1.11631,1.11665,5813.09
1473048000000,1.11665,1.11687,1.11633,1.11633,6814.46
1473048900000,1.11632,1.11658,1.11625,1.11658,7930.55
1473049800000,1.11658,1.11737,1.11656,1.11731,8199.27
1473050700000,1.11731,1.11746,1.11695,1.11746,7066.73
1473051600000,1.11745,1.11777,1.11695,1.11708,10259.23
1473052500000,1.11707,1.11757,1.11706,1.11746,9349.85
1473053400000,1.11746,1.118,1.11746,1.11786,7772.44
1473054300000,1.11786,1.11802,1.1175,1.11777,10731.12
1473055200000,1.11777,1.118,1.11756,1.11783,9626.87
1473056100000,1.11783,1.11803,1.1176,1.11763,12383.88
1473057000000,1.11763,1.11779,1.11741,1.11766,9012.06
1473057900000,1.11766,1.11824,1.11755,1.11763,9284.52
1473058800000,1.11762,1.11784,1.11711,1.11731,12829.65
1473059700000,1.11731,1.11748,1.117,1.11723,15383.96
1473060600000,1.11723,1.11742,1.11701,1.11742,13650.48
1473061500000,1.11742,1.11761,1.11726,1.11759,11207.97
1473062400000,1.11759,1.11796,1.11738,1.11784,15094.13
1473063300000,1.11784,1.11822,1.11778,1.11813,14272.02
1473064200000,1.11813,1.11816,1.11727,1.11764,17602
1473065100000,1.11764,1.11783,1.11655,1.11679,15844.95
1473066000000,1.11678,1.11699,1.11658,1.1169,8691.84
1473066900000,1.1169,1.11694,1.11643,1.11674,10154.63
1473067800000,1.11674,1.1172,1.11662,1.11696,13600.45
1473068700000,1.11695,1.11702,1.11651,1.11657,13278.12
1473069600000,1.11657,1.11657,1.11536,1.11539,14907.31
1473070500000,1.11538,1.11633,1.11537,1.11626,18602.16
1473071400000,1.11626,1.11663,1.11615,1.11626,13640.11
1473072300000,1.11626,1.11667,1.11612,1.11639,13508.42
1473073200000,1.11638,1.11642,1.11595,1.11599,13050.63
1473074100000,1.11599,1.11619,1.11597,1.11618,8324.74
1473075000000,1.11618,1.11648,1.11606,1.11613,13999.1
1473075900000,1.11614,1.11639,1.1161,1.11619,11040.83
1473076800000,1.11618,1.11625,1.11556,1.11563,17807.72
1473077700000,1.11563,1.11596,1.1156,1.11583,12998.26
1473078600000,1.11583,1.11587,1.11547,1.11568,13934.05
1473079500000,1.11569,1.11597,1.11541,1.11547,11539.73
1473080400000,1.11547,1.1155,1.11469,1.11471,12536.62
1473081300000,1.11471,1.11479,1.11395,1.11415,15057.66
1473082200000,1.11415,1.11466,1.11415,1.11432,14789.57
1473083100000,1.11432,1.11451,1.11413,1.11447,10963.26
1473084000000,1.11447,1.11484,1.11437,1.11483,12532.65
1473084900000,1.11483,1.11497,1.1147,1.11473,13644.44
1473085800000,1.11472,1.11498,1.1147,1.11496,11888.6
1473086700000,1.11495,1.11513,1.11416,1.11417,13693.41
1473087600000,1.11418,1.11484,1.11414,1.11466,12376.45
1473088500000,1.11466,1.11497,1.11466,1.11479,10017.98
1473089400000,1.11479,1.11484,1.11445,1.11472,12273.37
1473090300000,1.11472,1.11504,1.1147,1.11504,6348.55
1473091200000,1.11504,1.11522,1.11496,1.11505,8480.35
1473092100000,1.11505,1.11533,1.11497,1.11508,8777.55
1473093000000,1.11508,1.1153,1.11507,1.1153,8046.03
1473093900000,1.11529,1.11531,1.11516,1.11528,6117.74
1473094800000,1.11529,1.11538,1.11513,1.11519,2765.28
1473095700000,1.11519,1.1153,1.11517,1.1153,1421.83
1473096600000,1.1153,1.11533,1.11517,1.11525,1499.9
1473097500000,1.11525,1.11528,1.11509,1.1152,729.35
1473098400000,1.11521,1.11522,1.11508,1.11508,710.93
1473099300000,1.11508,1.11515,1.11508,1.11514,245.52
1473100200000,1.11514,1.11516,1.11503,1.11511,337.4
1473101100000,1.11511,1.11514,1.11486,1.11488,699.05
1473102000000,1.11487,1.11524,1.11486,1.11515,600.95
1473102900000,1.11515,1.11522,1.11497,1.11501,496.52
1473103800000,1.11501,1.11516,1.11501,1.1151,439.9
1473104700000,1.11509,1.11516,1.11479,1.11479,530.65
1473105600000,1.11479,1.11512,1.11479,1.11505,1193.69
1473106500000,1.11505,1.11509,1.11503,1.11504,4099.38
1473107400000,1.11504,1.11512,1.11503,1.11507,298.65
1473108300000,1.11508,1.11508,1.11467,1.11468,6886.97
1473109200000,1.11467,1.11495,1.1146,1.11493,256.03
1473110100000,1.11491,1.11494,1.1148,1.11488,276.51
1473111000000,1.11488,1.11491,1.11478,1.11482,1399.09
1473111900000,1.11482,1.11483,1.11467,1.11472,1665.48
1473112800000,1.11472,1.11523,1.11469,1.11515,3718.75
1473113700000,1.11514,1.11518,1.11491,1.11494,5019.01
1473114600000,1.11494,1.11498,1.11476,1.11482,3271.02
1473115500000,1.11482,1.1149,1.11474,1.11481,3223.92
1473116400000,1.11481,1.11484,1.11452,1.11467,6806.38
1473117300000,1.11467,1.11504,1.11467,1.11496,5071.07
1473118200000,1.11496,1.11497,1.11469,1.1148,3354.92
1473119100000,1.1148,1.11514,1.11479,1.11504,4237.74
1473120000000,1.11504,1.11515,1.11494,1.11494,4657.96
1473120900000,1.11494,1.11505,1.1148,1.11483,5657.69
1473121800000,1.11483,1.11486,1.11446,1.1145,6624.16
1473122700000,1.1145,1.11481,1.11436,1.11445,10404.54
1473123600000,1.11445,1.11477,1.11425,1.11474,6266.25
1473124500000,1.11474,1.11488,1.11469,1.11487,5663.04
1473125400000,1.11487,1.11524,1.11486,1.1151,8429.19
1473126300000,1.1151,1.11513,1.1144,1.11451,9528.5
1473127200000,1.11451,1.11467,1.11409,1.11456,8080.47
1473128100000,1.11456,1.11486,1.11456,1.11471,6907.87
1473129000000,1.1147,1.11561,1.1147,1.1155,8716.58
1473129900000,1.1155,1.11576,1.11534,1.11554,7632.35
1473130800000,1.11554,1.11554,1.11522,1.11529,7234.89
1473131700000,1.11529,1.11533,1.11504,1.11532,4854.42
1473132600000,1.11532,1.11554,1.11531,1.11545,5979.65
1473133500000,1.11545,1.11562,1.11541,1.11545,6803.89
1473134400000,1.11545,1.11559,1.11534,1.11548,6905.17
1473135300000,1.11548,1.11549,1.11532,1.11544,4892.29
1473136200000,1.11544,1.11554,1.11467,1.11469,10252.2
1473137100000,1.11469,1.11497,1.11465,1.11465,7937.15
1473138000000,1.11465,1.11481,1.11449,1.11476,7037.21
1473138900000,1.11476,1.11486,1.11465,1.11467,6858.9
1473139800000,1.11467,1.11495,1.1146,1.11477,8239.1
1473140700000,1.11477,1.11485,1.11469,1.11469,8063.76
1473141600000,1.11468,1.11493,1.1146,1.11469,8846.57
1473142500000,1.11469,1.11497,1.11454,1.11495,11418.43
1473143400000,1.11495,1.11554,1.11494,1.1155,12366.57
1473144300000,1.11551,1.11562,1.11524,1.11529,12103.28
1473145200000,1.11529,1.11604,1.11524,1.11566,15405.18
1473146100000,1.11566,1.11693,1.11561,1.11641,19912.25
1473147000000,1.1164,1.11679,1.11624,1.11632,18151.91
1473147900000,1.11632,1.11635,1.1157,1.11599,17299.84
1473148800000,1.116,1.11676,1.11594,1.11671,16570.42
1473149700000,1.11672,1.11684,1.11648,1.1166,20446.27
1473150600000,1.1166,1.11668,1.11605,1.11631,13387.61
1473151500000,1.11631,1.11651,1.11592,1.11637,15210.76
1473152400000,1.11637,1.11643,1.11616,1.1163,12880.55
1473153300000,1.11631,1.1164,1.1162,1.11636,13543.5
1473154200000,1.11637,1.11648,1.11624,1.11645,13438.33
1473155100000,1.11646,1.11655,1.11629,1.11642,12409.84
1473156000000,1.11641,1.11685,1.11639,1.11667,12166.01
1473156900000,1.11667,1.11685,1.11662,1.11675,12935.11
1473157800000,1.11675,1.11684,1.11672,1.11682,14987.05
1473158700000,1.11682,1.11692,1.1167,1.11671,13539.75
1473159600000,1.11672,1.11673,1.11629,1.11656,15693.86
1473160500000,1.11656,1.11668,1.11641,1.11663,9714.02
1473161400000,1.11663,1.11681,1.11651,1.11668,14532.92
1473162300000,1.11669,1.11693,1.11588,1.11596,17510.85
1473163200000,1.11596,1.11601,1.11554,1.11596,17641.44
1473164100000,1.11597,1.11614,1.11562,1.11577,22883.32
1473165000000,1.11577,1.11641,1.11558,1.11558,23118.29
1473165900000,1.11559,1.11605,1.11544,1.11593,20244.64
1473166800000,1.11594,1.11646,1.1158,1.11603,17792.47
1473167700000,1.11603,1.11681,1.11603,1.1167,15708.74
1473168600000,1.1167,1.11671,1.11589,1.11603,18152.76
1473169500000,1.11603,1.11677,1.11588,1.11623,20787.54
1473170400000,1.11626,1.1215,1.11626,1.12127,35588.88
1473171300000,1.12128,1.1232,1.12128,1.12304,37783.73
1473172200000,1.12303,1.12469,1.12287,1.12452,28925.35
1473173100000,1.12453,1.12558,1.12333,1.12386,29845.57
1473174000000,1.12386,1.12449,1.12328,1.12339,24233.13
1473174900000,1.12339,1.12341,1.12263,1.12279,18586.52
1473175800000,1.12279,1.12343,1.12256,1.12342,18429.42
1473176700000,1.12342,1.1237,1.12298,1.12363,17393.14
1473177600000,1.12363,1.12412,1.12348,1.124,12196.79
1473178500000,1.124,1.12426,1.12375,1.1241,10824.26
1473179400000,1.1241,1.12481,1.1238,1.12476,14084.75
1473180300000,1.12476,1.12486,1.12389,1.12406,12144.98
1473181200000,1.12406,1.12479,1.12406,1.12456,12595.8
1473182100000,1.12456,1.12578,1.12456,1.12496,13892.78
1473183000000,1.12496,1.12511,1.12467,1.125,12573.1
1473183900000,1.125,1.12577,1.12498,1.12569,11765.05
1473184800000,1.12569,1.126,1.12539,1.12568,12262.37
1473185700000,1.12568,1.12591,1.12564,1.12583,13784.83
1473186600000,1.12583,1.12631,1.12545,1.1255,11733.17
1473187500000,1.1255,1.12573,1.12469,1.12559,15745.71
1473188400000,1.1256,1.12566,1.1249,1.12494,10074.48
1473189300000,1.12494,1.12507,1.12474,1.12501,9381.09
1473190200000,1.12502,1.12515,1.12469,1.12471,7409.67
1473191100000,1.12471,1.12493,1.12446,1.12482,10026.58
1473192000000,1.12482,1.12527,1.1248,1.1252,4563.1
1473192900000,1.1252,1.12533,1.12518,1.12525,5175.05
1473193800000,1.12525,1.12563,1.12521,1.12562,5218.9
1473194700000,1.12562,1.12574,1.12541,1.1255,3460.87
1473195600000,1.1255,1.12557,1.12526,1.12528,429.23
1473196500000,1.12528,1.1253,1.12514,1.12524,700.28
1473197400000,1.12524,1.12527,1.12489,1.12527,2157.07
1473198300000,1.12527,1.12527,1.1248,1.12486,2103.41
1473199200000,1.12486,1.12515,1.12476,1.12496,7726.53
1473200100000,1.12496,1.12507,1.12463,1.12468,4989.16
1473201000000,1.12468,1.12476,1.12456,1.12471,7555.29
1473201900000,1.12471,1.12471,1.12435,1.12443,7716.45
1473202800000,1.12443,1.1247,1.12442,1.12466,4600.87
1473203700000,1.12466,1.12467,1.12437,1.12443,7136.24
1473204600000,1.12443,1.12558,1.12442,1.12523,10211.96
1473205500000,1.12523,1.12534,1.12456,1.12457,6485.97
1473206400000,1.12458,1.12536,1.12436,1.12529,8679.03
1473207300000,1.12529,1.12536,1.1246,1.12464,6939.81
1473208200000,1.12462,1.12481,1.12431,1.12452,13589.01
1473209100000,1.12452,1.12493,1.12431,1.12432,10491.84
1473210000000,1.12432,1.12458,1.12412,1.12456,9925.36
1473210900000,1.12455,1.12455,1.12332,1.12356,15438.56
1473211800000,1.12356,1.12465,1.12353,1.12462,7498.31
1473212700000,1.12462,1.12467,1.12439,1.12458,5825.43
1473213600000,1.12458,1.12485,1.12445,1.12474,6515.49
1473214500000,1.12474,1.12494,1.12455,1.12491,5494.37
1473215400000,1.1249,1.12541,1.1249,1.12526,3924.69
1473216300000,1.12526,1.12542,1.12519,1.12531,4984.8
1473217200000,1.12531,1.12579,1.12529,1.12553,6698.02
1473218100000,1.12553,1.12576,1.12546,1.12555,6427.29
1473219000000,1.12556,1.1256,1.12527,1.12544,6956.11
1473219900000,1.12544,1.12554,1.1251,1.12511,6234.72
1473220800000,1.12511,1.12541,1.12501,1.12541,7418.83
1473221700000,1.12541,1.12565,1.12507,1.12521,8818.22
1473222600000,1.12522,1.12525,1.12491,1.12504,5587.81
1473223500000,1.12504,1.12523,1.12487,1.12519,7857.01
1473224400000,1.12519,1.12542,1.12514,1.1252,7494.34
1473225300000,1.1252,1.12541,1.12495,1.12536,5987.74
1473226200000,1.12536,1.12572,1.12535,1.12568,6136.53
1473227100000,1.12568,1.12569,1.12515,1.12522,6603.2
1473228000000,1.12523,1.12653,1.12514,1.12648,15569.98
1473228900000,1.12648,1.12648,1.12537,1.1255,13581.16
1473229800000,1.1255,1.12573,1.12516,1.12555,10266.19
1473230700000,1.12556,1.1258,1.12498,1.12498,10289.9
1473231600000,1.12498,1.12518,1.12409,1.12442,16177.17
1473232500000,1.12442,1.12498,1.12431,1.12485,15881.45
1473233400000,1.12485,1.12505,1.12421,1.12427,15109.8
1473234300000,1.12426,1.12476,1.12404,1.1241,16786.5
1473235200000,1.12411,1.12476,1.12411,1.12447,14817.93
1473236100000,1.12447,1.12455,1.12393,1.12415,13963.23
1473237000000,1.12415,1.12435,1.1236,1.1243,16786.18
1473237900000,1.12431,1.12441,1.12369,1.12396,11395.04
1473238800000,1.12396,1.12405,1.12369,1.12369,14823.51
1473239700000,1.12369,1.12406,1.12362,1.12403,13997.65
1473240600000,1.12405,1.12436,1.12399,1.12432,12476.21
1473241500000,1.12432,1.12433,1.12385,1.12391,14281.76
1473242400000,1.12391,1.12424,1.12357,1.12421,14235.86
1473243300000,1.1242,1.12477,1.12414,1.12474,17954.25
1473244200000,1.12474,1.12517,1.12469,1.12495,16870.7
1473245100000,1.12495,1.12507,1.12464,1.12481,13844.98
1473246000000,1.1248,1.12488,1.12445,1.12487,14443.03
1473246900000,1.12488,1.12515,1.12486,1.12503,12104.56
1473247800000,1.12504,1.12506,1.12446,1.12469,12175.74
1473248700000,1.12469,1.12474,1.12377,1.12377,16691.48
1473249600000,1.12377,1.1239,1.1229,1.12368,19996.14
1473250500000,1.12368,1.1246,1.12364,1.12445,20191.99
1473251400000,1.12445,1.12508,1.12444,1.12451,17042.89
1473252300000,1.12451,1.12478,1.12445,1.12451,14824.14
1473253200000,1.12451,1.12501,1.12434,1.12438,14806.92
1473254100000,1.12438,1.12495,1.12427,1.12492,19679.82
1473255000000,1.12492,1.12541,1.12408,1.12484,22617.9
1473255900000,1.12483,1.12535,1.1245,1.12526,22235.02
1473256800000,1.12526,1.12714,1.12475,1.12569,26656.52
1473257700000,1.12567,1.12595,1.12436,1.12456,20525.14
1473258600000,1.12456,1.12492,1.12416,1.12444,24270.58
1473259500000,1.12444,1.1248,1.12393,1.1242,23969.13
1473260400000,1.1242,1.12433,1.12362,1.1243,21639.5
1473261300000,1.12431,1.12438,1.1238,1.12407,20890.52
1473262200000,1.12407,1.12408,1.12335,1.1236,15509.54
1473263100000,1.1236,1.124,1.12354,1.1237,12236.77
1473264000000,1.12371,1.12384,1.12343,1.1236,11981.41
1473264900000,1.1236,1.12377,1.1232,1.12377,14620.87
1473265800000,1.12377,1.12378,1.12295,1.12329,14278.6
1473266700000,1.12328,1.12356,1.12294,1.12321,13886.18
1473267600000,1.12322,1.12371,1.12317,1.1235,7948.49
1473268500000,1.1235,1.12361,1.12314,1.12332,8509.72
1473269400000,1.12332,1.1237,1.12315,1.12365,10672.75
1473270300000,1.12365,1.12385,1.12354,1.12379,7031.24
1473271200000,1.12379,1.12393,1.1236,1.12393,9930.48
1473272100000,1.12393,1.12411,1.12385,1.12394,11024.29
1473273000000,1.12394,1.12406,1.1238,1.12389,7513.89
1473273900000,1.12389,1.12444,1.12385,1.12436,8289.01
1473274800000,1.12434,1.12449,1.12432,1.12439,8401.02
1473275700000,1.12439,1.1245,1.12429,1.1244,6893.84
1473276600000,1.1244,1.12441,1.1242,1.1243,6136.06
1473277500000,1.1243,1.12445,1.12407,1.12408,5259.83
1473278400000,1.12408,1.12415,1.12391,1.12401,7221.99
1473279300000,1.12397,1.12409,1.12374,1.12389,4197.11
1473280200000,1.12388,1.12415,1.12388,1.12415,3689.98
1473281100000,1.12415,1.12423,1.12383,1.12392,2095.03
1473282000000,1.12389,1.12414,1.12385,1.12398,363.04
1473282900000,1.12398,1.12405,1.12385,1.12386,1201.28
1473283800000,1.12388,1.12401,1.12385,1.12394,1072.87
1473284700000,1.12394,1.12396,1.12373,1.12392,2135.96
1473285600000,1.12392,1.12407,1.12371,1.12406,2387.84
1473286500000,1.12406,1.12419,1.12406,1.12417,2037.82
1473287400000,1.12417,1.12425,1.12408,1.12417,2850.54
1473288300000,1.12417,1.12431,1.12413,1.1242,4044.32
1473289200000,1.12419,1.12422,1.12408,1.12408,3326.59
1473290100000,1.12408,1.12417,1.12395,1.124,6675.67
1473291000000,1.124,1.12402,1.12375,1.12392,4160.59
1473291900000,1.12392,1.1241,1.12379,1.12381,3411.31
1473292800000,1.12381,1.12468,1.12345,1.12457,9254.67
1473293700000,1.12457,1.12458,1.12429,1.12457,5601.4
1473294600000,1.12456,1.12508,1.12451,1.12501,8910.06
1473295500000,1.12501,1.12512,1.12478,1.1248,9342.63
1473296400000,1.1248,1.12491,1.12454,1.12456,9173.28
1473297300000,1.12456,1.12491,1.12456,1.12488,6459.2
1473298200000,1.12488,1.12518,1.12487,1.12512,10104.95
1473299100000,1.12512,1.12541,1.12495,1.12522,9204.11
1473300000000,1.12522,1.12526,1.12469,1.12483,8544.1
1473300900000,1.12483,1.12498,1.1246,1.12497,6535.54
1473301800000,1.12499,1.12522,1.12468,1.12519,12099.65
1473302700000,1.12519,1.12576,1.12519,1.12539,7526.68
1473303600000,1.12539,1.1254,1.12516,1.12537,5701.02
1473304500000,1.12537,1.12541,1.12525,1.12527,4884.99
1473305400000,1.12527,1.12535,1.12508,1.12509,4534.95
1473306300000,1.12509,1.12513,1.12486,1.125,4549.19
1473307200000,1.125,1.12515,1.12485,1.12506,6818.2
1473308100000,1.12506,1.12551,1.12506,1.12548,8237.78
1473309000000,1.12548,1.12552,1.12494,1.12514,8836.78
1473309900000,1.12514,1.12515,1.12475,1.12485,6686.21
1473310800000,1.12485,1.12517,1.12468,1.12468,8647.03
1473311700000,1.12468,1.12485,1.12451,1.12464,10102.35
1473312600000,1.12464,1.12513,1.12461,1.12501,8632.05
1473313500000,1.12501,1.12538,1.12498,1.12525,9211.04
1473314400000,1.12525,1.12536,1.125,1.12516,12861.06
1473315300000,1.12516,1.12549,1.12486,1.12487,10643.85
1473316200000,1.12488,1.12569,1.12475,1.12561,11657.54
1473317100000,1.12561,1.12596,1.12552,1.1259,12720.7
1473318000000,1.1259,1.12646,1.12568,1.12625,17495.25
1473318900000,1.12625,1.12644,1.1261,1.12635,14766.38
1473319800000,1.12635,1.12635,1.12569,1.12603,16754.89
1473320700000,1.12603,1.12702,1.126,1.12684,18663.27
1473321600000,1.12684,1.12759,1.1266,1.12749,21419.19
1473322500000,1.12749,1.12749,1.12669,1.12722,21229.01
1473323400000,1.12722,1.12792,1.12698,1.12721,19044.47
1473324300000,1.12721,1.12739,1.12691,1.12726,13360.43
1473325200000,1.12726,1.12746,1.12686,1.12729,12287.71
1473326100000,1.12729,1.12739,1.12684,1.12736,12020.05
1473327000000,1.12736,1.12773,1.12731,1.1277,13504.08
1473327900000,1.1277,1.12781,1.12745,1.12749,14407.91
1473328800000,1.12749,1.12837,1.12746,1.12832,16376.25
1473329700000,1.12832,1.13002,1.12828,1.12999,15755.81
1473330600000,1.12999,1.12999,1.12907,1.12929,21311.26
1473331500000,1.12929,1.12941,1.12887,1.1292,19349.7
1473332400000,1.12921,1.1293,1.12843,1.12875,21078.34
1473333300000,1.12874,1.12902,1.1286,1.12881,19758.38
1473334200000,1.1288,1.1292,1.12822,1.12855,19168.16
1473335100000,1.12855,1.13155,1.12809,1.12917,23049.89
1473336000000,1.1292,1.13039,1.12918,1.12955,22178.75
1473336900000,1.12955,1.1301,1.12939,1.12962,21986.05
1473337800000,1.12962,1.13118,1.12735,1.13041,26974.91
1473338700000,1.1304,1.13269,1.13013,1.1307,26555.76
1473339600000,1.1307,1.13139,1.12861,1.13099,25850.4
1473340500000,1.13102,1.13249,1.13083,1.13171,26527
1473341400000,1.13173,1.13258,1.13015,1.13071,24735.76
1473342300000,1.13071,1.1309,1.1287,1.1287,26228.72
1473343200000,1.1287,1.12912,1.1266,1.12744,24440.55
1473344100000,1.12744,1.12783,1.12662,1.12736,19939.6
1473345000000,1.12736,1.12774,1.12694,1.12695,19880.6
1473345900000,1.12695,1.12756,1.12625,1.12754,25898.42
1473346800000,1.12754,1.12826,1.12699,1.12816,22390.28
1473347700000,1.12816,1.12853,1.12734,1.12734,24105.18
1473348600000,1.12735,1.12745,1.12626,1.12669,20746.52
1473349500000,1.12668,1.12681,1.1254,1.12565,20709.8
1473350400000,1.12563,1.12624,1.12515,1.12536,17251.52
1473351300000,1.12536,1.12541,1.12444,1.12453,16428.2
1473352200000,1.12452,1.12531,1.12407,1.12509,15412.01
1473353100000,1.12509,1.12557,1.12429,1.1245,18580.41
1473354000000,1.12449,1.12482,1.12415,1.12472,13971.69
1473354900000,1.12472,1.12514,1.12447,1.1251,10855.7
1473355800000,1.1251,1.12565,1.12509,1.12562,12406.92
1473356700000,1.12562,1.12562,1.12505,1.12522,9144.38
1473357600000,1.12523,1.12526,1.12481,1.12516,10314.92
1473358500000,1.12516,1.12563,1.12502,1.12563,10581.16
1473359400000,1.12563,1.12612,1.12552,1.12612,10652.89
1473360300000,1.12612,1.12612,1.12555,1.12589,13191.88
1473361200000,1.12589,1.12591,1.12535,1.12539,13202.92
1473362100000,1.12539,1.12569,1.1251,1.12544,9018.17
1473363000000,1.12544,1.1256,1.12496,1.12512,10622.45
1473363900000,1.12511,1.12567,1.12489,1.12566,12814.63
1473364800000,1.12566,1.12574,1.12549,1.1255,8841.02
1473365700000,1.1255,1.12584,1.12549,1.12581,5349.07
1473366600000,1.12581,1.12594,1.12559,1.12575,3586.17
1473367500000,1.12575,1.12612,1.12575,1.12596,3207.83
1473368400000,1.12597,1.12621,1.12587,1.12618,447.03
1473369300000,1.12618,1.12638,1.12614,1.12635,1151.31
1473370200000,1.12635,1.12654,1.12629,1.12633,1911.12
1473371100000,1.12633,1.12685,1.12607,1.12644,4745.2
1473372000000,1.12644,1.12653,1.12611,1.12619,3528.5
1473372900000,1.12619,1.12677,1.12619,1.1266,2272.78
1473373800000,1.1266,1.12661,1.12627,1.12634,4166.23
1473374700000,1.12633,1.12647,1.12628,1.12647,3208.89
1473375600000,1.12647,1.12705,1.12647,1.12703,5875.59
1473376500000,1.12702,1.12705,1.12677,1.1268,4978.26
1473377400000,1.12679,1.1271,1.12668,1.12695,4048.33
1473378300000,1.12695,1.12695,1.12668,1.12684,4130.26
1473379200000,1.12682,1.12724,1.12624,1.12695,6519.62
1473380100000,1.12694,1.12739,1.12694,1.12709,6031.5
1473381000000,1.1271,1.12721,1.12683,1.12713,6438.63
1473381900000,1.12714,1.12736,1.12665,1.12677,7346.47
1473382800000,1.12677,1.12696,1.12655,1.12693,6851.87
1473383700000,1.12693,1.12737,1.12693,1.12706,5570.9
1473384600000,1.12706,1.12732,1.12696,1.12712,7199.93
1473385500000,1.12712,1.12745,1.12711,1.1272,6797.44
1473386400000,1.1272,1.12735,1.12709,1.12713,5568.97
1473387300000,1.12713,1.1273,1.12701,1.12706,5803.35
1473388200000,1.12707,1.12805,1.12703,1.12784,8684.83
1473389100000,1.12784,1.12795,1.1275,1.1278,8662.8
1473390000000,1.12781,1.12784,1.12767,1.12767,7104.49
1473390900000,1.12767,1.12775,1.12743,1.12755,6797.24
1473391800000,1.12755,1.12758,1.12732,1.12735,7832.02
1473392700000,1.12735,1.12763,1.12727,1.1275,7248.89
1473393600000,1.1275,1.12808,1.12742,1.12807,7945.89
1473394500000,1.12806,1.12833,1.12797,1.12799,6541.42
1473395400000,1.12799,1.128,1.12775,1.12786,5452.48
1473396300000,1.12786,1.12809,1.12772,1.12772,6951.14
1473397200000,1.12772,1.12802,1.1276,1.12798,5200.34
1473398100000,1.12797,1.12819,1.1278,1.12783,6613.45
1473399000000,1.12783,1.12807,1.12773,1.12775,4946.17
1473399900000,1.12775,1.12838,1.12769,1.12832,7042.45
1473400800000,1.12832,1.1285,1.1279,1.12838,10872.7
1473401700000,1.12838,1.12846,1.12746,1.12767,12561.57
1473402600000,1.12767,1.1277,1.12684,1.12684,12919.28
1473403500000,1.12684,1.12735,1.12684,1.1272,9719.55
1473404400000,1.12718,1.12762,1.12692,1.1274,14388.6
1473405300000,1.1274,1.12762,1.12715,1.12752,15015.72
1473406200000,1.12752,1.12781,1.12726,1.1275,15219.73
1473407100000,1.12749,1.12778,1.12723,1.12724,15508.69
1473408000000,1.12723,1.12782,1.1272,1.12751,23157.72
1473408900000,1.12751,1.12756,1.12635,1.12638,18100.54
1473409800000,1.12638,1.12725,1.12638,1.12698,18270.86
1473410700000,1.12698,1.12717,1.12664,1.12701,12863.79
1473411600000,1.12701,1.12733,1.12683,1.12723,17209.45
1473412500000,1.12724,1.12762,1.1272,1.12734,18485.82
1473413400000,1.12733,1.12762,1.12701,1.12707,15932.64
1473414300000,1.12707,1.12724,1.12701,1.12714,12983.77
1473415200000,1.12714,1.12728,1.12695,1.12719,15830.57
1473416100000,1.12719,1.1273,1.12688,1.12719,12889.86
1473417000000,1.12719,1.12719,1.12648,1.12676,24314.05
1473417900000,1.12677,1.12681,1.12612,1.12619,17580.87
1473418800000,1.12619,1.12676,1.12598,1.12662,19123.77
1473419700000,1.12662,1.12768,1.1266,1.12751,21019.87
1473420600000,1.1275,1.12765,1.12681,1.12703,19578.35
1473421500000,1.12703,1.12704,1.1261,1.12612,21183.35
1473422400000,1.12612,1.12698,1.12581,1.12676,19267.42
1473423300000,1.12676,1.12714,1.12473,1.12527,26679.43
1473424200000,1.12527,1.12558,1.1245,1.12489,26438.12
1473425100000,1.12489,1.12491,1.12337,1.12337,19632.16
1473426000000,1.12337,1.12366,1.12277,1.12321,24212.34
1473426900000,1.12321,1.12357,1.12208,1.12214,18413.31
1473427800000,1.12215,1.12253,1.12085,1.12151,28697.16
1473428700000,1.12151,1.12163,1.12033,1.12056,23904.38
1473429600000,1.12056,1.12332,1.11985,1.12277,26632.85
1473430500000,1.12277,1.12306,1.12089,1.12167,31330.44
1473431400000,1.12166,1.12244,1.12101,1.12105,22413.32
1473432300000,1.12105,1.12195,1.12095,1.12116,21315.58
1473433200000,1.12115,1.12166,1.1205,1.12144,21603.9
1473434100000,1.12144,1.12233,1.12102,1.12231,20642.77
1473435000000,1.12231,1.12232,1.12149,1.12187,18930.09
1473435900000,1.12187,1.12189,1.1213,1.12135,15528.63
1473436800000,1.12133,1.12156,1.12074,1.12091,13915.72
1473437700000,1.12091,1.12101,1.1203,1.12055,11262.38
1473438600000,1.12055,1.12144,1.12045,1.12132,10865.84
1473439500000,1.12132,1.12158,1.121,1.12148,12822.93
1473440400000,1.12148,1.12182,1.12132,1.12165,12055.91
1473441300000,1.12165,1.12183,1.12142,1.12176,13434.26
1473442200000,1.12176,1.12176,1.1213,1.12136,13176.12
1473443100000,1.12135,1.12145,1.12106,1.12131,9644.45
1473444000000,1.12131,1.12137,1.12109,1.12118,9353.86
1473444900000,1.12118,1.12186,1.1211,1.12184,12511.18
1473445800000,1.12184,1.12242,1.12181,1.12221,12924.51
1473446700000,1.12221,1.12309,1.12221,1.12282,22047.97
1473447600000,1.12282,1.12289,1.1223,1.12247,14839.46
1473448500000,1.12247,1.12281,1.12238,1.12264,12350.96
1473449400000,1.12264,1.1229,1.1225,1.1228,13652.19
1473450300000,1.1228,1.12284,1.12259,1.12263,13591.36
1473451200000,1.12263,1.12274,1.12231,1.12232,8357.51
1473452100000,1.12232,1.1231,1.12229,1.12308,5592.15
1473453000000,1.12308,1.12354,1.12305,1.12324,5093.38
1473453900000,1.12323,1.12334,1.123,1.12318,3008.99
1473627600000,1.12343,1.12359,1.12298,1.12307,614.64
1473628500000,1.12306,1.12324,1.12293,1.12306,694.79
1473629400000,1.12306,1.12369,1.12301,1.12339,1965.23
1473630300000,1.12339,1.12357,1.12338,1.12354,896.03
1473631200000,1.12354,1.12358,1.12319,1.12331,3035.83
1473632100000,1.12331,1.12384,1.12328,1.12379,2050.11
1473633000000,1.12379,1.12379,1.12338,1.12349,8671.17
1473633900000,1.12349,1.12373,1.12328,1.12362,7580.01
1473634800000,1.12362,1.12372,1.1233,1.12369,8764.4
1473635700000,1.12369,1.12383,1.12342,1.12352,12049.18
1473636600000,1.12352,1.12387,1.12348,1.12371,9754.24
1473637500000,1.12371,1.12407,1.12363,1.12406,6751.03
1473638400000,1.12406,1.12406,1.12367,1.12388,9237.92
1473639300000,1.12388,1.12395,1.12354,1.12377,9203.34
1473640200000,1.12377,1.1243,1.12354,1.12418,9484.89
1473641100000,1.12418,1.12494,1.1241,1.12486,7298.32
1473642000000,1.12485,1.12505,1.12462,1.12478,9541.93
1473642900000,1.12478,1.12486,1.12437,1.12464,7780.39
1473643800000,1.12464,1.12504,1.12459,1.12484,8039.81
1473644700000,1.12482,1.12503,1.12412,1.12414,12440.67
1473645600000,1.12414,1.12424,1.12351,1.12352,8951.79
1473646500000,1.12352,1.12387,1.12352,1.12373,8387.09
1473647400000,1.12373,1.12401,1.12366,1.12387,5980.72
1473648300000,1.12387,1.12414,1.12381,1.12388,5720.27
1473649200000,1.12388,1.12414,1.12381,1.124,5236.01
1473650100000,1.124,1.12404,1.12387,1.12387,4320.41
1473651000000,1.12387,1.12421,1.12387,1.12416,5255.95
1473651900000,1.12416,1.12441,1.12413,1.12423,5035.28
1473652800000,1.12422,1.12462,1.12419,1.12453,5428.54
1473653700000,1.12453,1.1246,1.12433,1.12444,5063.36
1473654600000,1.12444,1.12444,1.12418,1.12426,6122.1
1473655500000,1.12426,1.12428,1.12406,1.12414,6989.78
1473656400000,1.12414,1.12433,1.12411,1.12418,6551.4
1473657300000,1.12417,1.12434,1.12411,1.12418,5982.57
1473658200000,1.12418,1.12419,1.12394,1.12398,4844.9
1473659100000,1.12398,1.12441,1.12398,1.12428,7179.94
1473660000000,1.12428,1.12529,1.12427,1.12467,13065.79
1473660900000,1.12466,1.12488,1.12424,1.1243,10016.09
1473661800000,1.1243,1.12504,1.12428,1.12472,11391.12
1473662700000,1.12472,1.12548,1.12472,1.12488,15120.54
1473663600000,1.12488,1.12639,1.12475,1.12591,21839.3
1473664500000,1.12591,1.12608,1.12525,1.12536,21572.07
1473665400000,1.12536,1.12587,1.12519,1.12522,22281.67
1473666300000,1.12522,1.12545,1.12449,1.12494,20531.72
1473667200000,1.12494,1.12574,1.12453,1.1257,15346.66
1473668100000,1.12571,1.12585,1.12454,1.12462,20623.41
1473669000000,1.12462,1.12475,1.12396,1.12398,13190.76
1473669900000,1.12398,1.12433,1.1236,1.12395,18801.3
1473670800000,1.12396,1.12427,1.12354,1.12361,16379.23
1473671700000,1.12361,1.12373,1.12307,1.12311,14887.07
1473672600000,1.12311,1.12313,1.12142,1.12208,18172.97
1473673500000,1.12208,1.12252,1.12174,1.12231,14999.08
1473674400000,1.12231,1.12263,1.12205,1.12208,15507.57
1473675300000,1.12208,1.12219,1.12117,1.12177,14496.92
1473676200000,1.12177,1.12193,1.12103,1.12142,14501.04
1473677100000,1.12142,1.12228,1.12136,1.12208,14735.56
1473678000000,1.12208,1.12258,1.12203,1.12257,16927.68
1473678900000,1.12258,1.12259,1.12182,1.12192,14149.78
1473679800000,1.12192,1.12239,1.1218,1.12217,14698
1473680700000,1.12217,1.12325,1.12198,1.12296,16445.05
1473681600000,1.12297,1.12303,1.12213,1.12261,19613.89
1473682500000,1.1226,1.12295,1.12187,1.12209,17215.87
1473683400000,1.12208,1.12241,1.12145,1.12238,16436.95
1473684300000,1.12239,1.12293,1.12222,1.12252,14802.4
1473685200000,1.12251,1.1226,1.12211,1.12237,13785.71
1473686100000,1.12237,1.12287,1.12194,1.122,15727.86
1473687000000,1.122,1.12202,1.12133,1.12168,20849.05
1473687900000,1.12168,1.12252,1.12144,1.1224,20160.39
1473688800000,1.1224,1.12382,1.12227,1.12322,25127.62
1473689700000,1.12322,1.12336,1.1228,1.12334,19096.47
1473690600000,1.12334,1.12342,1.12269,1.12318,19181.58
1473691500000,1.12318,1.1234,1.12148,1.12158,16784.78
1473692400000,1.12159,1.12263,1.12139,1.12242,18316.16
1473693300000,1.12242,1.12303,1.12207,1.12282,14029.89
1473694200000,1.12281,1.12338,1.12248,1.1233,16082.88
1473695100000,1.1233,1.12352,1.1229,1.1229,20906.28
1473696000000,1.1229,1.12315,1.12277,1.12302,15409.18
1473696900000,1.12302,1.12425,1.12302,1.12391,16012
1473697800000,1.12391,1.12468,1.1238,1.12401,19880.77
1473698700000,1.12401,1.12418,1.1235,1.12355,21232.64
1473699600000,1.12355,1.12403,1.12296,1.12346,19168.14
1473700500000,1.12346,1.12684,1.12302,1.12309,25587.87
1473701400000,1.12311,1.12463,1.12184,1.12367,25604.72
1473702300000,1.12367,1.12531,1.12343,1.12529,18816.57
1473703200000,1.1253,1.12559,1.12442,1.12494,18487.39
1473704100000,1.12494,1.12502,1.12425,1.12445,15866.99
1473705000000,1.12445,1.125,1.12427,1.12476,11473.72
1473705900000,1.12476,1.12489,1.12407,1.12427,14481.15
1473706800000,1.12429,1.12435,1.12325,1.12362,16053.94
1473707700000,1.12363,1.12364,1.12325,1.12337,13701.83
1473708600000,1.12337,1.12353,1.1232,1.12348,11243.79
1473709500000,1.12349,1.12349,1.12286,1.12338,12662.89
1473710400000,1.12339,1.1235,1.12297,1.123,5364.75
1473711300000,1.123,1.12325,1.123,1.12316,4785.71
1473712200000,1.12315,1.12342,1.12314,1.12341,3614.32
1473713100000,1.12341,1.12356,1.12333,1.12348,3151.47
1473714000000,1.12347,1.12369,1.12336,1.12365,305.02
1473714900000,1.12364,1.12385,1.12354,1.12375,1946.28
1473715800000,1.12375,1.12375,1.12339,1.12346,3145.17
1473716700000,1.12346,1.12352,1.1234,1.12351,1253.08
1473717600000,1.12351,1.12364,1.12337,1.1236,2331.09
1473718500000,1.1236,1.12368,1.12355,1.12358,2152.68
1473719400000,1.12358,1.12385,1.12352,1.12378,4243.77
1473720300000,1.12377,1.12388,1.12355,1.12384,4339.36
1473721200000,1.12384,1.12399,1.12372,1.12381,7150.74
1473722100000,1.12381,1.12407,1.12374,1.12382,5469.58
1473723000000,1.12382,1.12392,1.12371,1.12392,3744.98
1473723900000,1.12392,1.1242,1.12381,1.12404,4889.44
1473724800000,1.12404,1.1241,1.12337,1.1236,6833.34
1473725700000,1.12361,1.12383,1.12343,1.12345,7472.74
1473726600000,1.12345,1.12345,1.12275,1.12279,7804.76
1473727500000,1.12279,1.12297,1.12253,1.12295,8280.07
1473728400000,1.12295,1.12359,1.12289,1.12335,7130.48
1473729300000,1.12335,1.12337,1.12269,1.1227,6232.08
1473730200000,1.1227,1.12332,1.1227,1.12321,10292.19
1473731100000,1.12321,1.12343,1.12303,1.12309,8483.85
1473732000000,1.12308,1.12335,1.12292,1.12306,11027.57
1473732900000,1.12306,1.12357,1.12305,1.12344,6562.3
1473733800000,1.12345,1.12386,1.12332,1.12342,7301.73
1473734700000,1.12342,1.12357,1.12312,1.12316,6073.42
1473735600000,1.12316,1.12331,1.12308,1.12327,9119.42
1473736500000,1.12327,1.12356,1.12324,1.12352,5525.86
1473737400000,1.12351,1.12356,1.12327,1.12341,10029.53
1473738300000,1.12341,1.12362,1.12335,1.12335,11861.72
1473739200000,1.12335,1.12339,1.12288,1.12296,12033.09
1473740100000,1.12297,1.12352,1.12296,1.12352,8549
1473741000000,1.12352,1.12355,1.12326,1.12342,7776.75
1473741900000,1.12342,1.12347,1.1232,1.12336,7153.78
1473742800000,1.12336,1.12357,1.12329,1.12342,5967.84
1473743700000,1.12342,1.12366,1.12311,1.12311,7927.36
1473744600000,1.1231,1.12333,1.12306,1.12307,5094.24
1473745500000,1.12306,1.12321,1.12278,1.12291,7004.84
1473746400000,1.12291,1.12344,1.12267,1.12315,13022.47
1473747300000,1.12315,1.12347,1.12265,1.12326,15703.41
1473748200000,1.12326,1.12358,1.12308,1.12322,10981.68
1473749100000,1.12322,1.1235,1.12245,1.12344,13994.72
1473750000000,1.12344,1.12351,1.12192,1.12232,18182.03
1473750900000,1.12232,1.12248,1.12195,1.12221,13338.4
1473751800000,1.12221,1.1226,1.12169,1.12244,15105.14
1473752700000,1.12244,1.12297,1.12183,1.12293,17184.86
1473753600000,1.12293,1.12332,1.12271,1.12331,22101.47
1473754500000,1.12331,1.12344,1.12296,1.1231,19131.89
1473755400000,1.1231,1.12396,1.12291,1.12386,22169.07
1473756300000,1.12386,1.12386,1.12325,1.12326,17712.45
1473757200000,1.12326,1.1234,1.12286,1.12308,19527.94
1473758100000,1.12307,1.12311,1.12224,1.12228,15206.85
1473759000000,1.12228,1.12297,1.12199,1.12218,15642.81
1473759900000,1.12218,1.1224,1.12195,1.12226,17990.29
1473760800000,1.12226,1.1229,1.1221,1.12273,13967.94
1473761700000,1.12273,1.12309,1.12262,1.12307,8794.55
1473762600000,1.12307,1.12316,1.12272,1.12315,19265.63
1473763500000,1.12315,1.12361,1.12315,1.12316,11222.53
1473764400000,1.12316,1.12341,1.12272,1.12295,12211.2
1473765300000,1.12295,1.12373,1.12288,1.12358,13044.2
1473766200000,1.12358,1.12379,1.12316,1.12322,15366.81
1473767100000,1.12322,1.12357,1.1231,1.1234,20200.52
1473768000000,1.1234,1.12548,1.12337,1.12464,21681.54
1473768900000,1.12463,1.1251,1.12421,1.12425,21284.24
1473769800000,1.12425,1.12458,1.12342,1.12371,18242.57
1473770700000,1.12371,1.12386,1.12322,1.12346,21747.1
1473771600000,1.12346,1.12352,1.12235,1.12267,22144.35
1473772500000,1.12268,1.12305,1.12253,1.12263,15640.03
1473773400000,1.12263,1.12393,1.12252,1.12321,19523.68
1473774300000,1.12322,1.12403,1.12318,1.12328,21687.86
1473775200000,1.12328,1.12491,1.12326,1.1239,20598.66
1473776100000,1.1239,1.12491,1.12376,1.12485,20305.99
1473777000000,1.12485,1.12516,1.12397,1.12459,18410.08
1473777900000,1.1246,1.12602,1.12397,1.12402,26029.81
1473778800000,1.124,1.1247,1.12375,1.12378,26662.13
1473779700000,1.12381,1.12436,1.12374,1.12403,16478.6
1473780600000,1.12403,1.12417,1.12356,1.12403,20281.89
1473781500000,1.12403,1.12438,1.12397,1.12411,14424.5
1473782400000,1.12411,1.12466,1.12405,1.12455,13346.54
1473783300000,1.12453,1.12454,1.12328,1.1233,13353.09
1473784200000,1.1233,1.1239,1.12301,1.12356,11944.05
1473785100000,1.12355,1.12355,1.123,1.12349,13389.15
1473786000000,1.12349,1.12352,1.12218,1.12279,20584.41
1473786900000,1.12279,1.12346,1.12199,1.12245,16793.55
1473787800000,1.12245,1.12282,1.12199,1.12261,16610.57
1473788700000,1.12261,1.12311,1.12228,1.1229,12296.76
1473789600000,1.1229,1.1229,1.12229,1.12229,11222.3
1473790500000,1.12229,1.12243,1.12044,1.12072,12979.35
1473791400000,1.12072,1.12103,1.12039,1.12094,13270.14
1473792300000,1.12094,1.12119,1.12073,1.12091,11257.8
1473793200000,1.12091,1.12109,1.12062,1.12098,9429.12
1473794100000,1.12097,1.12137,1.12097,1.1212,9126.05
1473795000000,1.1212,1.12147,1.12115,1.12143,8488.92
1473795900000,1.12142,1.12177,1.12135,1.12137,10758.36
1473796800000,1.12136,1.12182,1.12132,1.12174,7983.65
1473797700000,1.12175,1.12186,1.12162,1.12175,6226.24
1473798600000,1.12175,1.12182,1.12155,1.12173,4163.6
1473799500000,1.12172,1.12218,1.1217,1.12184,3694.07
1473800400000,1.12184,1.12203,1.12138,1.12163,520.13
1473801300000,1.12163,1.12168,1.12142,1.12167,1344.32
1473802200000,1.12167,1.12172,1.12101,1.12106,2289.02
1473803100000,1.12106,1.12172,1.121,1.12162,2908.12
1473804000000,1.12163,1.12182,1.12132,1.12136,4196.27
1473804900000,1.12136,1.12158,1.12131,1.12158,4976.43
1473805800000,1.12158,1.12171,1.12136,1.12141,5386
1473806700000,1.12142,1.12152,1.12131,1.12152,3527.79
1473807600000,1.12149,1.12168,1.12142,1.12166,4926.93
1473808500000,1.12166,1.12177,1.12139,1.12144,6606.3
1473809400000,1.12144,1.12185,1.12142,1.12182,4275.6
1473810300000,1.12182,1.12192,1.12176,1.12191,3393.87
1473811200000,1.12191,1.12192,1.12166,1.12186,5425.83
1473812100000,1.12186,1.12208,1.12159,1.12193,6925.37
1473813000000,1.12193,1.12219,1.12185,1.12187,6177.07
1473813900000,1.12187,1.12202,1.12172,1.12183,13511.27
1473814800000,1.12185,1.12216,1.12184,1.12209,9361.71
1473815700000,1.12209,1.12213,1.12157,1.12172,11324.88
1473816600000,1.12172,1.12191,1.12137,1.12173,10375.78
1473817500000,1.12173,1.12181,1.12147,1.12171,8528
1473818400000,1.12171,1.12207,1.12148,1.12196,6394.81
1473819300000,1.12196,1.1222,1.12184,1.12184,6377.01
1473820200000,1.12184,1.12214,1.12177,1.12209,7962.55
1473821100000,1.12209,1.12209,1.12184,1.12189,3887.44
1473822000000,1.12189,1.12211,1.12176,1.12211,3578.68
1473822900000,1.12211,1.12216,1.1218,1.1221,3486.2
1473823800000,1.1221,1.12265,1.1221,1.12246,6388.49
1473824700000,1.12246,1.1225,1.12216,1.1225,5289.89
1473825600000,1.1225,1.12251,1.12233,1.12248,5811.39
1473826500000,1.12248,1.12268,1.12248,1.12248,6005
1473827400000,1.12248,1.12249,1.12225,1.12248,7327.37
1473828300000,1.12247,1.12266,1.1224,1.12256,7272.56
1473829200000,1.12256,1.12277,1.12253,1.12274,6454.2
1473830100000,1.12274,1.1228,1.12253,1.12255,8371.88
1473831000000,1.12255,1.1227,1.12243,1.12249,7496.43
1473831900000,1.12249,1.12264,1.12237,1.12249,6159.2
1473832800000,1.12248,1.12294,1.12209,1.12263,9684.94
1473833700000,1.12263,1.12272,1.12222,1.12255,15058.5
1473834600000,1.12255,1.12356,1.12248,1.12321,11417.23
1473835500000,1.1232,1.12414,1.123,1.12336,10840.94
1473836400000,1.12335,1.12368,1.12288,1.12294,19476.21
1473837300000,1.12294,1.12309,1.1222,1.12238,18644.3
1473838200000,1.12237,1.12249,1.12194,1.12248,17515.49
1473839100000,1.12247,1.12247,1.122,1.12224,15432.46
1473840000000,1.12225,1.12302,1.12218,1.12298,21137.45
1473840900000,1.12298,1.1231,1.1221,1.12231,18358.92
1473841800000,1.12233,1.12259,1.12158,1.12159,15996.09
1473842700000,1.12159,1.12245,1.12143,1.12242,19961.5
1473843600000,1.12242,1.12251,1.12186,1.12247,22340.26
1473844500000,1.12247,1.12329,1.12226,1.12312,23156.16
1473845400000,1.12312,1.12362,1.123,1.12301,18765.84
1473846300000,1.12302,1.12305,1.12241,1.12242,16009.74
1473847200000,1.12242,1.12258,1.12209,1.1222,16751.19
1473848100000,1.12219,1.12241,1.1221,1.12232,11067.27
1473849000000,1.12232,1.12254,1.12226,1.12254,12556.82
1473849900000,1.12254,1.12287,1.12237,1.12252,15370.31
1473850800000,1.12252,1.12304,1.12229,1.12289,18597.17
1473851700000,1.12289,1.12324,1.1228,1.12297,17103.72
1473852600000,1.12297,1.12315,1.12256,1.1226,11128.78
1473853500000,1.1226,1.1227,1.12212,1.12216,17941.79
1473854400000,1.12215,1.1226,1.12182,1.12182,14868.44
1473855300000,1.12181,1.12243,1.1218,1.12223,12537.73
1473856200000,1.12223,1.12264,1.12217,1.12232,17312.59
1473857100000,1.12232,1.12249,1.12209,1.1221,19362.72
1473858000000,1.12208,1.12249,1.1216,1.12185,20653.3
1473858900000,1.12185,1.12279,1.12173,1.12279,21954.04
1473859800000,1.12279,1.12294,1.12233,1.12279,22645.1
1473860700000,1.12279,1.12307,1.12237,1.12261,24100.93
1473861600000,1.12262,1.12405,1.1225,1.12384,23441.43
1473862500000,1.12384,1.12462,1.12352,1.12402,20308.39
1473863400000,1.12403,1.12561,1.12403,1.12427,25210.65
1473864300000,1.12427,1.12506,1.12405,1.12409,21036.3
1473865200000,1.12409,1.12634,1.12407,1.12533,24426.13
1473866100000,1.12534,1.12734,1.12534,1.12659,23496.4
1473867000000,1.12658,1.12683,1.12596,1.12599,16536.14
1473867900000,1.12599,1.12704,1.12568,1.12702,13135
1473868800000,1.12701,1.1274,1.12629,1.12643,16040.34
1473869700000,1.12643,1.1271,1.12619,1.12643,12976.45
1473870600000,1.12643,1.12661,1.12579,1.12603,11555.33
1473871500000,1.12602,1.12602,1.1252,1.12543,9666.51
1473872400000,1.12543,1.12572,1.12502,1.12561,11389.6
1473873300000,1.1256,1.12595,1.12537,1.1257,11860.09
1473874200000,1.1257,1.12607,1.12567,1.12575,11550.06
1473875100000,1.12575,1.12575,1.12425,1.12477,15468.89
1473876000000,1.12478,1.12489,1.12435,1.12464,10335.97
1473876900000,1.12464,1.12491,1.12437,1.12468,7984.7
1473877800000,1.1247,1.12516,1.12455,1.12501,10310.69
1473878700000,1.125,1.12528,1.12477,1.12502,9684.09
1473879600000,1.12503,1.12506,1.12481,1.12503,7901.51
1473880500000,1.12503,1.12508,1.12466,1.1247,5962.09
1473881400000,1.1247,1.12504,1.12468,1.12484,7115.24
1473882300000,1.12484,1.12504,1.12472,1.12498,7395.99
1473883200000,1.125,1.12527,1.12493,1.12512,7035.25
1473884100000,1.12512,1.12529,1.12496,1.12503,4389.5
1473885000000,1.12501,1.12504,1.12484,1.12493,5361.65
1473885900000,1.12493,1.12503,1.12482,1.12487,3077.87
1473886800000,1.12487,1.12487,1.12475,1.1248,209.5
1473887700000,1.1248,1.12489,1.12467,1.12472,907.16
1473888600000,1.12472,1.12485,1.12472,1.12481,874.5
1473889500000,1.12481,1.12505,1.1247,1.12495,1584.94
1473890400000,1.12495,1.12495,1.12449,1.12467,3017.04
1473891300000,1.12467,1.12483,1.12439,1.12477,2102.98
1473892200000,1.12477,1.12477,1.12424,1.12459,5808.34
1473893100000,1.12458,1.1246,1.12427,1.12427,4670.12
1473894000000,1.12427,1.12463,1.12427,1.12457,2393.34
1473894900000,1.12457,1.12457,1.12435,1.1244,2789.26
1473895800000,1.1244,1.12471,1.12438,1.12452,4875.05
1473896700000,1.12451,1.12475,1.12438,1.1245,3947.07
1473897600000,1.1245,1.1248,1.12438,1.12462,8120.58
1473898500000,1.12462,1.12472,1.12439,1.12444,6271.2
1473899400000,1.12444,1.12468,1.12442,1.12461,3667.18
1473900300000,1.1246,1.12478,1.12429,1.1243,5870.45
1473901200000,1.1243,1.12453,1.12429,1.12443,6749.68
1473902100000,1.12443,1.12477,1.12432,1.12449,9591.51
1473903000000,1.12449,1.12491,1.12421,1.12446,10415.81
1473903900000,1.12446,1.12485,1.12415,1.12421,10851.84
1473904800000,1.12418,1.1246,1.12391,1.12446,11015.85
1473905700000,1.12446,1.12488,1.12435,1.12463,8876.1
1473906600000,1.12465,1.12475,1.12452,1.12458,7916.37
1473907500000,1.12458,1.12495,1.12444,1.1248,8431.93
1473908400000,1.1248,1.12482,1.12435,1.12453,9678.86
1473909300000,1.12453,1.12469,1.12453,1.1246,6895.74
1473910200000,1.1246,1.12464,1.12437,1.12437,6053.69
1473911100000,1.12437,1.12446,1.12423,1.12433,5914.9
1473912000000,1.12433,1.12461,1.12419,1.12459,9370.34
1473912900000,1.12459,1.12464,1.12448,1.1245,7986.1
1473913800000,1.1245,1.12452,1.12434,1.12438,6757.35
1473914700000,1.12438,1.12454,1.12423,1.12427,8299.25
1473915600000,1.12427,1.12435,1.12401,1.12419,8955.7
1473916500000,1.12419,1.12435,1.12404,1.12421,7709.59
1473917400000,1.12421,1.12432,1.12409,1.12428,5043.07
1473918300000,1.12428,1.12483,1.12412,1.12477,7327.33
1473919200000,1.12477,1.1248,1.12444,1.12447,9058.82
1473920100000,1.12447,1.12535,1.12435,1.12519,9094.35
1473921000000,1.12518,1.12518,1.12328,1.12353,14387.04
1473921900000,1.12353,1.12364,1.12315,1.12344,11222.26
1473922800000,1.12344,1.12344,1.1222,1.12274,17974.55
1473923700000,1.12273,1.12273,1.12219,1.12269,14465.98
1473924600000,1.12271,1.12271,1.1219,1.12229,16311.53
1473925500000,1.12229,1.12273,1.12204,1.12249,11782.17
1473926400000,1.12248,1.12313,1.12246,1.12308,10156.01
1473927300000,1.12309,1.12355,1.12289,1.12334,16616.2
1473928200000,1.12335,1.12356,1.12294,1.12322,17023.98
1473929100000,1.12322,1.12361,1.12305,1.12335,10106.1
1473930000000,1.12336,1.12406,1.12303,1.12383,14194.5
1473930900000,1.12383,1.12473,1.12376,1.12429,13315.81
1473931800000,1.12429,1.12499,1.12413,1.12483,13804.72
1473932700000,1.12483,1.1251,1.12428,1.1247,12260.16
1473933600000,1.1247,1.12472,1.12382,1.12398,15602.77
1473934500000,1.12398,1.12414,1.12374,1.12391,14076.4
1473935400000,1.12391,1.12398,1.1234,1.12396,11965.6
1473936300000,1.12396,1.12452,1.12383,1.12384,10880.49
1473937200000,1.12384,1.12431,1.12369,1.12397,17383.87
1473938100000,1.12397,1.12424,1.1239,1.12402,17016.3
1473939000000,1.12402,1.12446,1.1237,1.1238,17945.13
1473939900000,1.1238,1.12469,1.1238,1.12469,13355.77
1473940800000,1.1247,1.12588,1.1246,1.1254,21216.06
1473941700000,1.1254,1.12616,1.12518,1.12589,24892.65
1473942600000,1.12592,1.12843,1.12547,1.1265,22521.9
1473943500000,1.1265,1.12665,1.12462,1.12467,22318.22
1473944400000,1.12467,1.12514,1.1239,1.12513,22052.53
1473945300000,1.12513,1.12588,1.12442,1.12487,24726.58
1473946200000,1.12487,1.12544,1.12343,1.12359,27449.87
1473947100000,1.12359,1.12377,1.1229,1.12302,19788.82
1473948000000,1.12302,1.12363,1.12257,1.12351,18192.65
1473948900000,1.12352,1.12398,1.12328,1.12369,19211.1
1473949800000,1.12369,1.12395,1.12298,1.12374,15397.94
1473950700000,1.12374,1.12477,1.12372,1.1242,19113.09
1473951600000,1.1242,1.12471,1.12355,1.1243,20848.29
1473952500000,1.12428,1.12441,1.12355,1.12377,14831.66
1473953400000,1.12377,1.1247,1.12377,1.1245,14769.97
1473954300000,1.1245,1.12524,1.12428,1.12453,14996.91
1473955200000,1.12452,1.12459,1.1241,1.1241,15608.8
1473956100000,1.1241,1.12449,1.12398,1.12407,11173.78
1473957000000,1.12407,1.12414,1.1237,1.12372,12588.49
1473957900000,1.12372,1.12447,1.12362,1.1242,9631.89
1473958800000,1.12421,1.1244,1.12401,1.12412,8005.3
1473959700000,1.12412,1.12433,1.12399,1.1242,7499.59
1473960600000,1.12422,1.12516,1.12421,1.12511,12693.11
1473961500000,1.12512,1.12524,1.12488,1.12503,10981.98
1473962400000,1.12503,1.12528,1.12452,1.12475,11722.39
1473963300000,1.12475,1.1252,1.12462,1.12497,12600.37
1473964200000,1.12497,1.12498,1.12421,1.12435,11282.11
1473965100000,1.12435,1.12447,1.12402,1.12435,8922.57
1473966000000,1.12435,1.1247,1.1243,1.12445,9493.74
1473966900000,1.12445,1.12446,1.12393,1.12418,7714.67
1473967800000,1.12418,1.12454,1.12415,1.12443,9785.81
1473968700000,1.12443,1.12453,1.124,1.12449,8848.88
1473969600000,1.12449,1.1245,1.12393,1.12408,7794.15
1473970500000,1.1241,1.12426,1.12395,1.12421,4711.13
1473971400000,1.12421,1.12437,1.1242,1.12428,4524.96
1473972300000,1.12428,1.12446,1.12421,1.12436,3428.25
1473973200000,1.12426,1.12451,1.12426,1.12438,422.53
1473974100000,1.12437,1.12449,1.12427,1.12434,889.18
1473975000000,1.12434,1.12455,1.1243,1.12447,1067.33
1473975900000,1.12447,1.12456,1.12419,1.12436,2496.62
1473976800000,1.12436,1.1248,1.12427,1.12453,5380.64
1473977700000,1.12453,1.12461,1.12439,1.12447,644.98
1473978600000,1.12447,1.12476,1.1244,1.12473,3490.43
1473979500000,1.12473,1.12501,1.12466,1.12483,5976.42
1473980400000,1.12483,1.12483,1.12466,1.12473,2186.14
1473981300000,1.12472,1.12476,1.12461,1.12474,1875.97
1473982200000,1.12474,1.12486,1.12452,1.12453,4840.04
1473983100000,1.12453,1.12468,1.12428,1.12468,5191.96
1473984000000,1.12469,1.1248,1.12433,1.12439,7581.65
1473984900000,1.12439,1.12466,1.12412,1.12414,8129.06
1473985800000,1.12415,1.12458,1.12415,1.1242,5030.68
1473986700000,1.1242,1.12434,1.124,1.124,5081.45
1473987600000,1.12401,1.12444,1.12401,1.12439,3896.7
1473988500000,1.12439,1.12445,1.12402,1.12403,6490.94
1473989400000,1.12404,1.12433,1.1239,1.12429,10525.09
1473990300000,1.12429,1.12442,1.1241,1.12414,8845.37
1473991200000,1.12414,1.12422,1.12388,1.12402,5348.84
1473992100000,1.12402,1.12423,1.12399,1.12422,5033.19
1473993000000,1.12421,1.12427,1.1241,1.12415,4780.67
1473993900000,1.12415,1.12433,1.12405,1.12409,7737.52
1473994800000,1.1241,1.12414,1.12359,1.12402,5203.19
1473995700000,1.12402,1.12431,1.12399,1.1243,4843.01
1473996600000,1.1243,1.12431,1.12401,1.12409,3084.84
1473997500000,1.12409,1.12418,1.12394,1.12415,2825.57
1473998400000,1.12414,1.12414,1.12399,1.12402,4017.21
1473999300000,1.12402,1.12409,1.12393,1.12393,5863.22
1474000200000,1.12393,1.12408,1.12388,1.12402,5151.77
1474001100000,1.12402,1.12407,1.12384,1.1239,3354.09
1474002000000,1.1239,1.12405,1.12386,1.1239,5299.2
1474002900000,1.1239,1.12396,1.12383,1.12395,8413.96
1474003800000,1.12395,1.12408,1.12389,1.12394,6283.27
1474004700000,1.12394,1.12412,1.12385,1.12393,7210.39
1474005600000,1.12393,1.12396,1.12355,1.1237,7732.1
1474006500000,1.12369,1.12391,1.12355,1.12389,8114.95
1474007400000,1.12389,1.12431,1.12385,1.12408,10072.54
1474008300000,1.12409,1.12412,1.12318,1.12332,14598.92
1474009200000,1.12331,1.12365,1.12299,1.12308,19841.65
1474010100000,1.12308,1.12379,1.12297,1.12359,20043.45
1474011000000,1.12359,1.12388,1.12304,1.12317,18984
1474011900000,1.12317,1.12353,1.12316,1.12343,14170.68
1474012800000,1.12343,1.12378,1.12336,1.12344,17547.89
1474013700000,1.12344,1.12366,1.12325,1.12341,18005.63
1474014600000,1.12341,1.12358,1.12309,1.12322,20069.59
1474015500000,1.12322,1.12357,1.12316,1.12327,18435.26
1474016400000,1.12327,1.12343,1.12317,1.12331,19235.12
1474017300000,1.12331,1.12338,1.12295,1.12313,14600.64
1474018200000,1.12313,1.12324,1.12303,1.12317,14733.7
1474019100000,1.12317,1.12338,1.122,1.1222,16938.45
1474020000000,1.12219,1.12269,1.12202,1.12267,14855.04
1474020900000,1.12269,1.12289,1.12253,1.12278,15370.17
1474021800000,1.12278,1.12287,1.12222,1.12245,14473.68
1474022700000,1.12245,1.12265,1.12216,1.12249,14796.67
1474023600000,1.12249,1.12254,1.1215,1.12196,19133.95
1474024500000,1.12196,1.12223,1.1219,1.12214,14755.67
1474025400000,1.12213,1.12228,1.12175,1.12224,12199
1474026300000,1.12224,1.12294,1.12218,1.12283,14781.02
1474027200000,1.12284,1.12299,1.12255,1.12258,20622.15
1474028100000,1.12259,1.12275,1.12208,1.12234,17033.46
1474029000000,1.12234,1.12234,1.11952,1.12018,25969.04
1474029900000,1.12018,1.12022,1.11817,1.11848,26160.26
1474030800000,1.11848,1.11876,1.11686,1.11731,21314.87
1474031700000,1.1173,1.1176,1.11676,1.11714,18852.1
1474032600000,1.11714,1.11771,1.11676,1.11766,22411.28
1474033500000,1.11766,1.1182,1.11707,1.1173,17762.67
1474034400000,1.1173,1.11775,1.11635,1.11689,22442.71
1474035300000,1.11689,1.11702,1.11635,1.11666,21073.47
1474036200000,1.11666,1.11708,1.1161,1.11667,22799.21
1474037100000,1.11667,1.11774,1.11601,1.11602,25176.76
1474038000000,1.11602,1.11648,1.11548,1.11622,24179.05
1474038900000,1.11622,1.11649,1.11566,1.11622,16041.82
1474039800000,1.11623,1.11637,1.11587,1.11598,15382.1
1474040700000,1.11598,1.11605,1.11541,1.11584,14657.09
1474041600000,1.11584,1.11607,1.11552,1.11591,21380.76
1474042500000,1.11591,1.11598,1.11518,1.11527,14273.29
1474043400000,1.11527,1.11577,1.11525,1.11576,14151.57
1474044300000,1.11575,1.11643,1.11575,1.11626,14836.28
1474045200000,1.11625,1.11629,1.11582,1.1162,15662
1474046100000,1.1162,1.11638,1.11571,1.11599,12202.62
1474047000000,1.11598,1.11646,1.11589,1.11646,10450.77
1474047900000,1.11646,1.11649,1.11578,1.11599,9700.91
1474048800000,1.11599,1.11616,1.11531,1.11534,11835.83
1474049700000,1.11534,1.11538,1.11506,1.1152,7930.53
1474050600000,1.11521,1.11565,1.11505,1.11559,9772.25
1474051500000,1.11559,1.11575,1.11498,1.11498,10323.58
1474052400000,1.11497,1.11529,1.11495,1.11527,11938.63
1474053300000,1.11527,1.11582,1.11526,1.11565,7334.8
1474054200000,1.11565,1.11571,1.11519,1.11524,9249.47
1474055100000,1.11524,1.1156,1.11521,1.11535,9802.22
1474056000000,1.11535,1.11588,1.11514,1.11548,6524.98
1474056900000,1.11548,1.11556,1.11538,1.11541,4393.02
1474057800000,1.11541,1.11563,1.11533,1.1156,4154.17
1474058700000,1.1156,1.11574,1.11509,1.11509,2630.6
1474232400000,1.115,1.11551,1.11497,1.11547,237.86
1474233300000,1.11547,1.11572,1.11545,1.11547,872.51
1474234200000,1.11546,1.11579,1.11542,1.11571,1337.82
1474235100000,1.11571,1.11571,1.11522,1.11527,1810.65
1474236000000,1.11528,1.11573,1.11528,1.11573,3423.03
1474236900000,1.11572,1.1158,1.11551,1.11556,2044.04
1474237800000,1.11556,1.11572,1.1154,1.11563,7409.14
1474238700000,1.11563,1.11597,1.11563,1.11586,6151.59
1474239600000,1.11586,1.11588,1.11563,1.11576,7182.2
1474240500000,1.11576,1.11591,1.11557,1.11571,3928
1474241400000,1.11571,1.11608,1.11566,1.11601,4238.96
1474242300000,1.11602,1.11603,1.11572,1.11577,7358.98
1474243200000,1.11576,1.11603,1.11541,1.11546,7774.19
1474244100000,1.11546,1.1156,1.11535,1.11546,10335.76
1474245000000,1.11546,1.11576,1.11545,1.11567,11319.51
1474245900000,1.11567,1.11575,1.11549,1.11569,8229.9
1474246800000,1.11569,1.11617,1.11568,1.1161,10285.03
1474247700000,1.11609,1.11624,1.11594,1.11624,11102.35
1474248600000,1.11624,1.11638,1.11609,1.11616,9150.39
1474249500000,1.11616,1.11655,1.116,1.11638,7665.75
1474250400000,1.11638,1.11657,1.11631,1.1165,6662.79
1474251300000,1.1165,1.11659,1.11637,1.11655,7009.3
1474252200000,1.11655,1.11689,1.11648,1.11687,7803.86
1474253100000,1.11686,1.11714,1.11669,1.11703,7394.78
1474254000000,1.11702,1.11727,1.1169,1.11711,9209.39
1474254900000,1.11711,1.11717,1.11685,1.1169,8075.98
1474255800000,1.1169,1.11692,1.11669,1.11691,5955.11
1474256700000,1.11691,1.11692,1.11671,1.11672,4929.66
1474257600000,1.11672,1.11697,1.11671,1.11696,8327.81
1474258500000,1.11696,1.11696,1.11643,1.11652,9479.59
1474259400000,1.11653,1.1166,1.11645,1.1165,7633.95
1474260300000,1.1165,1.11673,1.11646,1.11672,6564.64
1474261200000,1.11673,1.11684,1.11671,1.11677,6477.32
1474262100000,1.11677,1.11694,1.11675,1.11677,5512.2
1474263000000,1.11677,1.11724,1.11676,1.11722,6214.41
1474263900000,1.11722,1.11723,1.11702,1.11707,8314.54
1474264800000,1.11707,1.11733,1.11637,1.11673,11363.03
1474265700000,1.11672,1.11672,1.1163,1.11645,12971.78
1474266600000,1.11645,1.11645,1.11582,1.11639,13381.57
1474267500000,1.11639,1.11646,1.11604,1.11609,13953.64
1474268400000,1.11607,1.11676,1.11581,1.11598,20806.06
1474269300000,1.11598,1.11639,1.11585,1.11604,21227.11
1474270200000,1.11604,1.11642,1.11565,1.11631,16394.82
1474271100000,1.11631,1.11635,1.11581,1.11595,17334.54
1474272000000,1.11595,1.11597,1.11546,1.11562,22033.51
1474272900000,1.11562,1.11578,1.11551,1.11571,18572.41
1474273800000,1.11571,1.11572,1.11507,1.1153,17017.36
1474274700000,1.1153,1.11648,1.11528,1.1164,17599.45
1474275600000,1.11641,1.11683,1.11628,1.11656,20837.2
1474276500000,1.11656,1.11699,1.11647,1.11683,16475.86
1474277400000,1.11682,1.11712,1.11665,1.11686,20878.89
1474278300000,1.11686,1.11701,1.1165,1.11699,20551.2
1474279200000,1.11699,1.11716,1.1167,1.11673,26386.14
1474280100000,1.11673,1.11674,1.11633,1.11643,18240.13
1474281000000,1.11643,1.11662,1.11591,1.11595,23565.53
1474281900000,1.11595,1.11643,1.11595,1.1161,20207.36
1474282800000,1.1161,1.11641,1.11594,1.11639,18631.48
1474283700000,1.11639,1.11646,1.11616,1.11625,20488.33
1474284600000,1.11625,1.11631,1.11595,1.116,13930.62
1474285500000,1.116,1.11627,1.11585,1.11627,20630.61
1474286400000,1.11626,1.11662,1.11617,1.11646,16869.72
1474287300000,1.11646,1.1168,1.11643,1.11648,17718.24
1474288200000,1.11648,1.11671,1.1161,1.11657,18135.59
1474289100000,1.11657,1.11716,1.11653,1.11704,19838.75
1474290000000,1.11704,1.1176,1.11662,1.11753,14575.23
1474290900000,1.11753,1.11771,1.11723,1.11768,20605.34
1474291800000,1.11768,1.11832,1.11727,1.11775,15006.01
1474292700000,1.11776,1.11801,1.11735,1.11761,17031.43
1474293600000,1.11761,1.11842,1.1176,1.11782,21523.45
1474294500000,1.11782,1.11843,1.11769,1.11842,18105.95
1474295400000,1.11842,1.11978,1.11831,1.11971,20008.05
1474296300000,1.11971,1.11971,1.11819,1.11824,21981.18
1474297200000,1.11825,1.11882,1.11797,1.1185,20549.15
1474298100000,1.11851,1.11862,1.1179,1.11793,14363.34
1474299000000,1.11794,1.11821,1.1175,1.11753,12703.02
1474299900000,1.11754,1.11798,1.11746,1.11786,12331.03
1474300800000,1.11787,1.11796,1.1175,1.1175,13554.52
1474301700000,1.1175,1.11761,1.11703,1.11725,15091.83
1474302600000,1.11725,1.11771,1.11718,1.11769,9282.15
1474303500000,1.11769,1.11792,1.11748,1.11768,10542.76
1474304400000,1.11767,1.11794,1.11752,1.1176,9116.16
1474305300000,1.1176,1.11791,1.1175,1.11777,9961.11
1474306200000,1.11777,1.11785,1.11715,1.11722,12645.56
1474307100000,1.11722,1.11756,1.11714,1.11735,11181.58
1474308000000,1.11735,1.11755,1.1172,1.11752,10111.47
1474308900000,1.11752,1.11754,1.11723,1.11741,7772.72
1474309800000,1.11741,1.11764,1.11736,1.11752,7206.89
1474310700000,1.11752,1.11782,1.11752,1.11776,7946.09
1474311600000,1.11775,1.11796,1.11766,1.11789,9467.9
1474312500000,1.11789,1.11804,1.11768,1.11787,8621.06
1474313400000,1.11787,1.11811,1.11767,1.11798,12752.32
1474314300000,1.11798,1.1181,1.11767,1.11775,13650.43
1474315200000,1.11775,1.11783,1.11762,1.11768,8200.86
1474316100000,1.11768,1.11774,1.11762,1.11768,5355.9
1474317000000,1.11768,1.1177,1.11746,1.11747,3981
1474317900000,1.11747,1.11753,1.11726,1.11736,3596.76
1474318800000,1.11736,1.11775,1.11715,1.11772,269.93
1474319700000,1.11772,1.11777,1.11718,1.11771,1244.09
1474320600000,1.11771,1.11785,1.11741,1.11741,1589.42
1474321500000,1.11741,1.11776,1.11741,1.11749,4708.13
1474322400000,1.11749,1.1176,1.11733,1.11753,6409.04
1474323300000,1.11754,1.11777,1.1175,1.11764,4033.39
1474324200000,1.11764,1.11775,1.11756,1.11772,2919.03
1474325100000,1.11772,1.11782,1.11772,1.11782,1381.26
1474326000000,1.1178,1.11799,1.11777,1.11786,4498.89
1474326900000,1.11786,1.11797,1.11765,1.11775,5620.9
1474327800000,1.11775,1.118,1.11769,1.11771,4281.52
1474328700000,1.11771,1.11797,1.11764,1.11771,4524.33
1474329600000,1.11771,1.11787,1.11758,1.11767,6131.34
1474330500000,1.11767,1.11778,1.11755,1.11755,4645.42
1474331400000,1.11756,1.11767,1.11731,1.11736,4822.11
1474332300000,1.11736,1.11748,1.11701,1.1172,7135.75
1474333200000,1.1172,1.11762,1.11711,1.1176,5412.73
1474334100000,1.1176,1.11792,1.1176,1.11791,4015.88
1474335000000,1.1179,1.11792,1.11746,1.11749,6315.68
1474335900000,1.11749,1.11751,1.11698,1.11698,10771.86
1474336800000,1.11698,1.11718,1.11696,1.11705,7868.66
1474337700000,1.11705,1.11728,1.117,1.11712,8561.6
1474338600000,1.11712,1.11735,1.11695,1.11719,7397.36
1474339500000,1.11719,1.1174,1.11715,1.11722,8159.88
1474340400000,1.11722,1.11728,1.11699,1.11714,6963.72
1474341300000,1.11714,1.11718,1.11708,1.11711,4476.1
1474342200000,1.11712,1.11718,1.11693,1.11704,8711.8
1474343100000,1.11702,1.11707,1.11688,1.117,3730.38
1474344000000,1.117,1.11732,1.11699,1.11732,5589.27
1474344900000,1.11732,1.11735,1.11716,1.11718,4460.7
1474345800000,1.11718,1.11726,1.11712,1.11714,3107.45
1474346700000,1.11714,1.11756,1.11713,1.11738,6413.45
1474347600000,1.11738,1.11743,1.11722,1.11728,8988.65
1474348500000,1.11728,1.11749,1.11721,1.11731,8555.75
1474349400000,1.11731,1.11747,1.11725,1.1174,6661.04
1474350300000,1.1174,1.11757,1.11726,1.11754,7864.09
1474351200000,1.11753,1.11753,1.11701,1.11734,9113.9
1474352100000,1.11734,1.11763,1.11725,1.11753,8908.57
1474353000000,1.11753,1.11816,1.11726,1.11807,12000.41
1474353900000,1.11807,1.12021,1.11765,1.12006,21683.12
1474354800000,1.12004,1.12134,1.1198,1.12056,25465.18
1474355700000,1.12056,1.12079,1.11983,1.11988,22893.45
1474356600000,1.11988,1.12005,1.11964,1.11983,17243.86
1474357500000,1.11983,1.12059,1.11973,1.12019,18905.95
1474358400000,1.12018,1.12048,1.11987,1.12005,21194.19
1474359300000,1.12005,1.12011,1.1188,1.11901,23825.11
1474360200000,1.119,1.11934,1.11859,1.11872,20412.43
1474361100000,1.11872,1.11899,1.11841,1.11882,16699.18
1474362000000,1.11882,1.11904,1.11855,1.11875,17232.33
1474362900000,1.11875,1.11877,1.11829,1.1187,16975.54
1474363800000,1.11869,1.11892,1.11836,1.11866,18569.15
1474364700000,1.11865,1.1188,1.11836,1.11866,17140.58
1474365600000,1.11866,1.11867,1.11814,1.11833,18903.49
1474366500000,1.11835,1.11847,1.11773,1.11774,20853.75
1474367400000,1.11774,1.11833,1.11752,1.11781,18674.41
1474368300000,1.11781,1.11818,1.11763,1.118,15789.21
1474369200000,1.118,1.11813,1.11781,1.11808,12642.41
1474370100000,1.11808,1.11829,1.11781,1.11805,12861.57
1474371000000,1.11805,1.11812,1.11744,1.11788,16247.65
1474371900000,1.11788,1.11865,1.11782,1.11863,16773.45
1474372800000,1.11863,1.11872,1.11825,1.1184,15818.15
1474373700000,1.1184,1.11862,1.11772,1.11778,18858.21
1474374600000,1.11779,1.11864,1.11754,1.11772,22971.75
1474375500000,1.11773,1.11804,1.1175,1.11779,21236.18
1474376400000,1.11779,1.11841,1.11755,1.1183,20720.13
1474377300000,1.1183,1.11854,1.11793,1.11806,17470.9
1474378200000,1.11806,1.11811,1.11753,1.11805,22512.11
1474379100000,1.11807,1.11807,1.11712,1.11791,24092.09
1474380000000,1.11791,1.11839,1.11728,1.11742,22960.55
1474380900000,1.11742,1.11805,1.1173,1.11777,21274.33
1474381800000,1.11778,1.11804,1.11733,1.11744,21112.73
1474382700000,1.11744,1.11772,1.11641,1.11644,17353.05
1474383600000,1.11645,1.11719,1.11645,1.11676,19536.27
1474384500000,1.11676,1.11702,1.11635,1.11687,15407.46
1474385400000,1.11688,1.11715,1.11674,1.11694,21579.93
1474386300000,1.11694,1.11726,1.11672,1.1172,13548.63
1474387200000,1.1172,1.11722,1.11673,1.11685,14396.59
1474388100000,1.11684,1.11685,1.11659,1.11673,9852.25
1474389000000,1.11673,1.11693,1.11636,1.11644,11763.56
1474389900000,1.11644,1.11672,1.11633,1.11644,9868.1
1474390800000,1.11644,1.11696,1.11637,1.11663,11306.67
1474391700000,1.11662,1.11702,1.11654,1.11687,9329.76
1474392600000,1.11686,1.11687,1.11611,1.11631,10036.91
1474393500000,1.11631,1.11638,1.11598,1.11605,10728.42
1474394400000,1.11605,1.11626,1.11604,1.1161,7454.6
1474395300000,1.1161,1.11627,1.11601,1.11609,7882.35
1474396200000,1.11609,1.11612,1.11597,1.11598,9141.01
1474397100000,1.11598,1.116,1.1155,1.11564,10686.77
1474398000000,1.11563,1.11595,1.11555,1.1159,10287.22
1474398900000,1.11591,1.116,1.11568,1.11576,8565.65
1474399800000,1.11576,1.11587,1.11563,1.11585,12170.65
1474400700000,1.11585,1.11592,1.11579,1.11584,9780.07
1474401600000,1.11584,1.11588,1.11551,1.11572,10947.01
1474402500000,1.11573,1.1158,1.1151,1.11533,7355.9
1474403400000,1.11533,1.11547,1.11513,1.1152,3999.22
1474404300000,1.1152,1.11523,1.11499,1.11503,2654.6
1474405200000,1.11502,1.11559,1.11499,1.11528,499.59
1474406100000,1.11531,1.11545,1.11504,1.11505,603.07
1474407000000,1.11505,1.11523,1.11504,1.11514,1843.09
1474407900000,1.11514,1.11525,1.11511,1.11523,2674.9
1474408800000,1.11523,1.11523,1.11511,1.11516,3738.25
1474409700000,1.11516,1.11524,1.11501,1.11504,6399.62
1474410600000,1.11504,1.11516,1.11498,1.11515,7379.5
1474411500000,1.11515,1.1153,1.11514,1.1153,6817.78
1474412400000,1.1153,1.11548,1.11525,1.11543,8334.98
1474413300000,1.11543,1.11549,1.11496,1.11506,4533.19
1474414200000,1.11508,1.11519,1.11503,1.11515,2246.2
1474415100000,1.11514,1.11534,1.11495,1.1153,6001.16
1474416000000,1.1153,1.11543,1.11498,1.11516,5698.04
1474416900000,1.11516,1.11552,1.11513,1.11544,6437.76
1474417800000,1.11545,1.11564,1.11522,1.11564,4417.27
1474418700000,1.11564,1.11565,1.11529,1.11531,6462.48
1474419600000,1.11531,1.11531,1.1149,1.11497,6635.74
1474420500000,1.11497,1.11538,1.11476,1.11531,8054.77
1474421400000,1.11531,1.11538,1.11505,1.11511,11244.2
1474422300000,1.1151,1.11532,1.1151,1.11525,10331.69
1474423200000,1.11524,1.11538,1.11509,1.11532,6006.33
1474424100000,1.11531,1.11544,1.1152,1.11526,6132.14
1474425000000,1.11525,1.1154,1.11495,1.11536,4548.82
1474425900000,1.11536,1.11566,1.11516,1.11542,6249.84
1474426800000,1.11542,1.11545,1.11485,1.11502,5219.41
1474427700000,1.11502,1.11505,1.11464,1.11478,8107.42
1474428600000,1.11478,1.11503,1.11458,1.11497,6603.83
1474429500000,1.11497,1.11522,1.11483,1.11497,6250.36
1474430400000,1.11497,1.11505,1.11347,1.11355,5231.19
1474431300000,1.11355,1.114,1.11244,1.11291,7869.71
1474432200000,1.1129,1.11382,1.11256,1.11355,2343.44
1474433100000,1.11355,1.1138,1.11287,1.11307,13210.19
1474434000000,1.11306,1.11308,1.11251,1.1129,13321.96
1474434900000,1.1129,1.11293,1.1123,1.11278,12506.11
1474435800000,1.11278,1.11342,1.11278,1.11339,10204.17
1474436700000,1.11338,1.11375,1.11338,1.11338,11490.84
1474437600000,1.11337,1.11358,1.11267,1.1129,11562.03
1474438500000,1.1129,1.11346,1.11286,1.11335,12692.11
1474439400000,1.11335,1.11406,1.11335,1.11376,19068.74
1474440300000,1.11375,1.11433,1.11373,1.11419,17230.15
1474441200000,1.11419,1.11482,1.11378,1.1148,25679.98
1474442100000,1.1148,1.11536,1.11435,1.11463,23257.71
1474443000000,1.11463,1.11569,1.11457,1.11514,24168.07
1474443900000,1.11514,1.11566,1.115,1.11542,16922.38
1474444800000,1.11542,1.11588,1.11504,1.11562,20979.59
1474445700000,1.11563,1.11574,1.11521,1.11528,16332.16
1474446600000,1.11528,1.11531,1.11454,1.11455,17154.11
1474447500000,1.11455,1.11505,1.11425,1.11486,18567.21
1474448400000,1.11486,1.11509,1.11464,1.11499,15538.53
1474449300000,1.11499,1.11521,1.11455,1.1146,16989.89
1474450200000,1.1146,1.11501,1.11446,1.1147,17212.56
1474451100000,1.11469,1.11477,1.11436,1.11464,16910.86
1474452000000,1.11464,1.11489,1.1146,1.11464,17211.08
1474452900000,1.11464,1.11513,1.11464,1.11488,22356.7
1474453800000,1.11486,1.11492,1.11456,1.1149,17370.73
1474454700000,1.1149,1.11521,1.11456,1.11467,17945.23
1474455600000,1.11468,1.11475,1.1143,1.11437,18715.6
1474456500000,1.11438,1.11445,1.11391,1.11421,17658.21
1474457400000,1.11421,1.11497,1.11416,1.11483,17405.64
1474458300000,1.11483,1.11525,1.11462,1.11496,21711.1
1474459200000,1.11497,1.11539,1.11486,1.11494,17639.6
1474460100000,1.11494,1.11506,1.11437,1.11492,20228.6
1474461000000,1.11492,1.11538,1.11465,1.11488,26210.2
1474461900000,1.11488,1.11508,1.11469,1.11486,17336.79
1474462800000,1.11486,1.11509,1.11475,1.11489,11641.43
1474463700000,1.11489,1.11513,1.11447,1.11459,15555.2
1474464600000,1.11459,1.11465,1.11399,1.11405,20128.01
1474465500000,1.11405,1.11471,1.11393,1.11455,20203.67
1474466400000,1.11455,1.1146,1.11392,1.11402,20703.85
1474467300000,1.11402,1.11452,1.11401,1.11433,16051.59
1474468200000,1.11434,1.11485,1.11429,1.11469,23305.43
1474469100000,1.11468,1.11468,1.11392,1.11405,24116.37
1474470000000,1.11405,1.11487,1.11334,1.11482,26828.57
1474470900000,1.11483,1.11524,1.11463,1.115,18192.85
1474471800000,1.115,1.11637,1.11472,1.11632,20039.99
1474472700000,1.11633,1.1168,1.11617,1.1164,24294.36
1474473600000,1.1164,1.11654,1.11591,1.11609,14383.11
1474474500000,1.11609,1.11655,1.11596,1.11604,13999.04
1474475400000,1.11605,1.11615,1.11569,1.11609,10709.81
1474476300000,1.11609,1.11628,1.11579,1.11593,9373.71
1474477200000,1.11592,1.11613,1.11573,1.11585,9504.88
1474478100000,1.11585,1.11625,1.11558,1.1159,11842.7
1474479000000,1.1159,1.11661,1.11578,1.11587,13683.58
1474479900000,1.1159,1.11629,1.11485,1.11582,14188.4
1474480800000,1.11582,1.11966,1.1136,1.1184,29001.26
1474481700000,1.1184,1.11951,1.1163,1.11658,24649.4
1474482600000,1.11658,1.11843,1.11354,1.11797,26213.82
1474483500000,1.11798,1.11818,1.11613,1.11776,30075.43
1474484400000,1.11776,1.11809,1.1172,1.11768,19451.43
1474485300000,1.11767,1.11876,1.11758,1.11809,14767.95
1474486200000,1.11808,1.11913,1.11801,1.11906,14777.45
1474487100000,1.11906,1.11924,1.11845,1.11867,9314.39
1474488000000,1.11869,1.11872,1.11834,1.11838,5761.75
1474488900000,1.11839,1.11883,1.11819,1.11849,4942.09
1474489800000,1.11849,1.1192,1.11844,1.11913,3320.49
1474490700000,1.11913,1.11921,1.1187,1.1187,3384.65
1474491600000,1.1187,1.11942,1.11867,1.11929,1086.88
1474492500000,1.1193,1.1193,1.11879,1.11898,2587.72
1474493400000,1.11898,1.1192,1.11884,1.11907,2888.41
1474494300000,1.11907,1.11915,1.11901,1.11906,2153.08
1474495200000,1.11912,1.11918,1.11893,1.11896,3966.45
1474496100000,1.11897,1.11928,1.11884,1.11921,6695.39
1474497000000,1.11921,1.11922,1.11909,1.11911,2052.35
1474497900000,1.11911,1.11911,1.11881,1.11899,6105.58
1474498800000,1.11899,1.11899,1.11879,1.11879,12859.06
1474499700000,1.11879,1.11905,1.11878,1.11897,5428.1
1474500600000,1.11898,1.11905,1.11885,1.1189,4148.93
1474501500000,1.11891,1.11917,1.11881,1.1189,5147.23
1474502400000,1.1189,1.11962,1.11887,1.11957,11261.04
1474503300000,1.11957,1.1198,1.11934,1.11976,13062.22
1474504200000,1.11976,1.12016,1.1197,1.11979,13760.63
1474505100000,1.11979,1.12007,1.11975,1.11981,16861.85
1474506000000,1.11981,1.11985,1.11926,1.11932,13202.9
1474506900000,1.11932,1.11934,1.11905,1.1192,12844.78
1474507800000,1.1192,1.11947,1.1191,1.11927,9549.08
1474508700000,1.11927,1.11931,1.11859,1.11864,13334.6
1474509600000,1.11864,1.11892,1.11858,1.1189,10287.16
1474510500000,1.1189,1.11917,1.11875,1.11888,9357.94
1474511400000,1.11888,1.1189,1.11849,1.11876,9162.85
1474512300000,1.11876,1.11883,1.11855,1.11875,12271.07
1474513200000,1.11875,1.11908,1.11874,1.11897,10122.04
1474514100000,1.11897,1.11897,1.11865,1.11889,4073.16
1474515000000,1.11889,1.11893,1.11877,1.11891,4242.54
1474515900000,1.1189,1.11943,1.11887,1.11938,4279.76
1474516800000,1.11938,1.11943,1.11919,1.11937,9094.35
1474517700000,1.11937,1.1199,1.11937,1.11984,8524.79
1474518600000,1.11983,1.11993,1.11965,1.11972,10456.71
1474519500000,1.11972,1.12007,1.11971,1.12007,7867.15
1474520400000,1.12007,1.12034,1.11999,1.12022,7648.18
1474521300000,1.12022,1.12045,1.12011,1.12023,7318.86
1474522200000,1.12023,1.12029,1.11987,1.12028,14378.25
1474523100000,1.12028,1.12044,1.11993,1.11994,9724.77
1474524000000,1.11993,1.1227,1.11986,1.12207,20967.97
1474524900000,1.12207,1.12284,1.12178,1.12227,16650.28
1474525800000,1.12226,1.1227,1.1221,1.12226,13995.04
1474526700000,1.12226,1.12281,1.12216,1.12263,17274.19
1474527600000,1.12263,1.12404,1.12261,1.12348,26701.72
1474528500000,1.12347,1.12376,1.12316,1.12335,25208.62
1474529400000,1.12335,1.12344,1.12275,1.12284,21898.85
1474530300000,1.12284,1.12295,1.12229,1.12264,18690.97
1474531200000,1.12264,1.12396,1.12263,1.12395,21002.23
1474532100000,1.12395,1.12461,1.12395,1.12449,24947.89
1474533000000,1.12449,1.12479,1.12401,1.1244,22176.86
1474533900000,1.1244,1.12451,1.12321,1.12364,20224.35
1474534800000,1.12365,1.12379,1.12295,1.12308,17627.46
1474535700000,1.12309,1.12315,1.12275,1.12285,18083.09
1474536600000,1.12283,1.12335,1.12279,1.1232,15442.19
1474537500000,1.1232,1.12379,1.12311,1.12326,11376.19
1474538400000,1.12326,1.12346,1.12305,1.1231,16485.19
1474539300000,1.1231,1.12372,1.12308,1.12363,14601.21
1474540200000,1.12363,1.12417,1.12348,1.12363,16170.76
1474541100000,1.12363,1.12373,1.12324,1.1235,14217.17
1474542000000,1.1235,1.12383,1.12313,1.12315,19990.22
1474542900000,1.12315,1.12358,1.123,1.1235,15625.9
1474543800000,1.12351,1.12375,1.1234,1.12371,16565.06
1474544700000,1.12371,1.12373,1.12337,1.12358,21800.96
1474545600000,1.12358,1.1244,1.12322,1.12369,26305.68
1474546500000,1.12369,1.12421,1.12356,1.12376,17985.15
1474547400000,1.12376,1.12453,1.12357,1.12392,20443.76
1474548300000,1.12392,1.125,1.12389,1.12464,15542.84
1474549200000,1.12463,1.1247,1.12366,1.1238,18464.45
1474550100000,1.1238,1.12453,1.12364,1.12423,16146.37
1474551000000,1.12424,1.12513,1.12424,1.12435,31781.95
1474551900000,1.12436,1.12573,1.12426,1.12498,25923.09
1474552800000,1.125,1.12557,1.12419,1.12443,31912.41
1474553700000,1.12443,1.12474,1.12396,1.1245,27138.06
1474554600000,1.12449,1.12502,1.12441,1.12461,29523.53
1474555500000,1.1246,1.12477,1.12399,1.12399,34234.67
1474556400000,1.12399,1.12428,1.12367,1.12416,27303.83
1474557300000,1.12415,1.1245,1.12365,1.12376,22256.04
1474558200000,1.12375,1.12386,1.12335,1.12342,15363.45
1474559100000,1.12341,1.12346,1.12267,1.12284,15613.96
1474560000000,1.12285,1.12321,1.1227,1.12291,13181.66
1474560900000,1.12292,1.12293,1.12231,1.12233,11080.34
1474561800000,1.12233,1.12293,1.12233,1.12266,16374.32
1474562700000,1.12266,1.12306,1.12216,1.12275,13306.53
1474563600000,1.12275,1.12289,1.12242,1.12268,11429.87
1474564500000,1.12268,1.12281,1.122,1.12207,9034.97
1474565400000,1.12207,1.1223,1.12155,1.12159,11954.18
1474566300000,1.12159,1.12166,1.12126,1.12151,12473.78
1474567200000,1.12151,1.1216,1.12088,1.12091,12881.06
1474568100000,1.12091,1.12107,1.12049,1.12055,16217.42
1474569000000,1.12055,1.12074,1.12025,1.12031,12474.88
1474569900000,1.12031,1.12047,1.11994,1.1201,14967.03
1474570800000,1.1201,1.1205,1.12002,1.12023,11641.34
1474571700000,1.12023,1.1205,1.12016,1.12047,10512.88
1474572600000,1.12047,1.1208,1.12042,1.12046,8635.27
1474573500000,1.12046,1.12076,1.12042,1.12042,18438.33
1474574400000,1.12044,1.1207,1.1203,1.12061,7447.89
1474575300000,1.12062,1.12062,1.12027,1.12053,7042.27
1474576200000,1.12053,1.12074,1.12052,1.12069,5345.18
1474577100000,1.12069,1.12087,1.12063,1.1208,4769.13
1474578000000,1.1208,1.12089,1.12071,1.12071,465.12
1474578900000,1.12071,1.1209,1.1206,1.1208,1277.13
1474579800000,1.1208,1.12102,1.12078,1.1208,989.52
1474580700000,1.1208,1.12083,1.12072,1.12073,432.03
1474581600000,1.12075,1.12096,1.12039,1.12065,2813.91
1474582500000,1.12065,1.12103,1.12065,1.121,2262.59
1474583400000,1.121,1.121,1.12088,1.12095,7716.93
1474584300000,1.12095,1.12106,1.12093,1.12099,5080.87
1474585200000,1.12099,1.12105,1.12078,1.12095,5498.56
1474586100000,1.12095,1.12108,1.12073,1.12081,8511.71
1474587000000,1.12081,1.12083,1.12064,1.1208,4683.91
1474587900000,1.12079,1.12092,1.12079,1.12081,5391.44
1474588800000,1.12081,1.12112,1.12057,1.1206,6030.59
1474589700000,1.1206,1.12087,1.12021,1.12035,8156.39
1474590600000,1.12035,1.12049,1.12,1.12045,9219.8
1474591500000,1.12045,1.12119,1.12045,1.12067,8695.19
1474592400000,1.12067,1.12102,1.12053,1.12074,8885.15
1474593300000,1.12074,1.12083,1.12021,1.12024,11302.26
1474594200000,1.12024,1.12046,1.11995,1.12041,11673.08
1474595100000,1.12041,1.12041,1.11978,1.1199,13460.66
1474596000000,1.1199,1.12005,1.11943,1.11981,9972.7
1474596900000,1.11981,1.11999,1.11965,1.11972,7410.99
1474597800000,1.11972,1.12022,1.11968,1.12022,6404.97
1474598700000,1.1202,1.12023,1.11949,1.11975,9365.88
1474599600000,1.11975,1.1198,1.11956,1.11968,10787.33
1474600500000,1.11968,1.11981,1.11938,1.1198,6591.58
1474601400000,1.1198,1.11997,1.11965,1.11991,5761.85
1474602300000,1.11991,1.11994,1.11967,1.11977,6840.22
1474603200000,1.11977,1.11992,1.11955,1.11972,9263.98
1474604100000,1.11971,1.11977,1.11959,1.1196,6286.64
1474605000000,1.1196,1.11998,1.11959,1.11984,5659.9
1474605900000,1.11988,1.11997,1.11975,1.11976,7788.54
1474606800000,1.11976,1.1198,1.11955,1.11959,10546.46
1474607700000,1.11959,1.12009,1.11958,1.12006,8905.09
1474608600000,1.12006,1.12017,1.1198,1.12011,9005.42
1474609500000,1.12011,1.12029,1.11983,1.11983,9588.5
1474610400000,1.11983,1.11997,1.11959,1.11989,14569.09
1474611300000,1.11988,1.1204,1.11983,1.12034,14043.68
1474612200000,1.12034,1.12092,1.12019,1.12078,11576.49
1474613100000,1.12078,1.12106,1.12067,1.12086,14910.85
1474614000000,1.12087,1.12168,1.12087,1.12125,24379.68
1474614900000,1.12125,1.12184,1.12102,1.12156,14875.58
1474615800000,1.12156,1.12158,1.12042,1.12042,16588.96
1474616700000,1.12042,1.12063,1.12003,1.12022,18017.8
1474617600000,1.12023,1.12075,1.12014,1.12064,14615.63
1474618500000,1.12064,1.12068,1.1201,1.12042,20654.43
1474619400000,1.12042,1.12042,1.11981,1.11983,16912.81
1474620300000,1.11984,1.12032,1.11958,1.12031,17011.27
1474621200000,1.1203,1.12057,1.12028,1.12043,18454.14
1474622100000,1.12043,1.12101,1.12034,1.12077,15535.54
1474623000000,1.12077,1.1216,1.12056,1.12139,18530.43
1474623900000,1.12138,1.12179,1.1213,1.12133,19813.12
1474624800000,1.12133,1.12141,1.12095,1.12129,14145.14
1474625700000,1.12128,1.12181,1.12126,1.12165,21082.01
1474626600000,1.12165,1.12183,1.12137,1.12165,19496.62
1474627500000,1.12165,1.12247,1.1215,1.12236,20986.01
1474628400000,1.12236,1.12244,1.12168,1.12178,21040.37
1474629300000,1.12177,1.12193,1.12142,1.12152,18462.24
1474630200000,1.12152,1.12183,1.12142,1.12156,16355.27
1474631100000,1.12156,1.12175,1.12139,1.12151,18666.88
1474632000000,1.12151,1.12166,1.12116,1.12137,23567.01
1474632900000,1.12137,1.12216,1.12136,1.12191,19277.59
1474633800000,1.12192,1.12288,1.12134,1.12271,21115.57
1474634700000,1.12273,1.12286,1.12166,1.12175,23902.92
1474635600000,1.12175,1.12177,1.12014,1.12099,23854.68
1474636500000,1.12099,1.12133,1.12033,1.12079,19634.05
1474637400000,1.12079,1.12121,1.12055,1.1207,21906.91
1474638300000,1.1207,1.12226,1.1207,1.12173,23592.03
1474639200000,1.12174,1.12271,1.12154,1.12238,21705.4
1474640100000,1.12238,1.12261,1.1218,1.12182,19397.36
1474641000000,1.12181,1.12193,1.12078,1.12112,17289.93
1474641900000,1.12112,1.12201,1.12051,1.12189,21307.31
1474642800000,1.12189,1.12246,1.1216,1.12228,22388.36
1474643700000,1.12227,1.1228,1.12209,1.12236,16596.57
1474644600000,1.12237,1.12263,1.12196,1.12263,15102.91
1474645500000,1.12263,1.12263,1.12182,1.12227,17306.18
1474646400000,1.12228,1.12307,1.12193,1.12293,12837.68
1474647300000,1.12295,1.12315,1.12274,1.12287,16642.96
1474648200000,1.12287,1.1232,1.12268,1.12308,11196.23
1474649100000,1.1231,1.12337,1.12295,1.12316,13410.4
1474650000000,1.12316,1.12379,1.12304,1.12345,13935.91
1474650900000,1.12345,1.12381,1.12336,1.12371,12223.98
1474651800000,1.12372,1.12405,1.1237,1.1239,13705.23
1474652700000,1.1239,1.12392,1.12337,1.1237,13876.41
1474653600000,1.1237,1.12382,1.12335,1.12346,9706.65
1474654500000,1.12346,1.12356,1.12325,1.12337,9599.84
1474655400000,1.12335,1.12335,1.123,1.12301,7419.98
1474656300000,1.12301,1.12331,1.12298,1.12315,9347.11
1474657200000,1.12317,1.12332,1.12311,1.12313,8200.04
1474658100000,1.12314,1.12337,1.12307,1.12331,10293.85
1474659000000,1.1233,1.12348,1.1231,1.12319,12443.42
1474659900000,1.12319,1.12323,1.12265,1.1227,9166.85
1474660800000,1.12271,1.12322,1.12267,1.12314,8125.55
1474661700000,1.12315,1.12327,1.12311,1.12314,2160.93
1474662600000,1.12314,1.12314,1.12299,1.12302,2002.15
1474663500000,1.12302,1.12309,1.12232,1.12237,5073.49
1474837200000,1.12294,1.12294,1.12228,1.12281,294.93
1474838100000,1.1228,1.12292,1.12269,1.12277,578.51
1474839000000,1.12286,1.12303,1.12263,1.12296,1377.47
1474839900000,1.12295,1.12297,1.12267,1.12275,6086.9
1474840800000,1.12275,1.12367,1.12262,1.12318,5802.33
1474841700000,1.12318,1.12335,1.12312,1.12335,3184.28
1474842600000,1.12335,1.12361,1.12329,1.12344,7059.34
1474843500000,1.12344,1.12351,1.12341,1.12348,4440.51
1474844400000,1.12348,1.12355,1.12336,1.12354,6858.67
1474845300000,1.12358,1.1241,1.12358,1.12393,7411.91
1474846200000,1.12393,1.12393,1.12371,1.12372,9557.24
1474847100000,1.12373,1.12384,1.12372,1.12373,16528.37
1474848000000,1.12373,1.1241,1.12373,1.12389,6031.93
1474848900000,1.12389,1.12416,1.12389,1.12405,6634.58
1474849800000,1.12405,1.12408,1.12363,1.12375,6170.9
1474850700000,1.12375,1.12378,1.12315,1.12326,8315.36
1474851600000,1.12326,1.12349,1.12317,1.12349,6074.62
1474852500000,1.12349,1.12371,1.12342,1.1237,6925.33
1474853400000,1.1237,1.12372,1.12343,1.1235,5728
1474854300000,1.1235,1.12359,1.12318,1.12325,7559.22
1474855200000,1.12325,1.12362,1.12325,1.12345,6635.11
1474856100000,1.12345,1.12351,1.12329,1.12351,6992.42
1474857000000,1.1235,1.1235,1.1231,1.1231,12697.49
1474857900000,1.12309,1.12327,1.12301,1.1231,20574.43
1474858800000,1.1231,1.1232,1.12293,1.12315,20987.15
1474859700000,1.12315,1.1232,1.12273,1.12296,15678.66
1474860600000,1.12297,1.12311,1.12277,1.12278,9557.91
1474861500000,1.12278,1.12296,1.12267,1.12294,6251.99
1474862400000,1.12294,1.12312,1.12284,1.12311,6354.36
1474863300000,1.12311,1.12311,1.1225,1.12264,9872.76
1474864200000,1.12264,1.12282,1.12248,1.12275,6642.85
1474865100000,1.12275,1.12291,1.12265,1.12283,5800.29
1474866000000,1.12283,1.12291,1.12262,1.12274,8224.91
1474866900000,1.12274,1.12282,1.1225,1.1225,7325.84
1474867800000,1.1225,1.12314,1.12244,1.12301,8443.82
1474868700000,1.12301,1.1232,1.12269,1.12278,5378.36
1474869600000,1.12278,1.12278,1.12211,1.12267,9185.72
1474870500000,1.12267,1.12299,1.1224,1.12281,10396.11
1474871400000,1.12281,1.12287,1.12228,1.12238,13982.48
1474872300000,1.12238,1.12293,1.12236,1.12243,13658.43
1474873200000,1.12244,1.12347,1.12238,1.12335,19366.4
1474874100000,1.12335,1.12368,1.12321,1.12335,19135.39
1474875000000,1.12335,1.12369,1.12285,1.12304,18548.51
1474875900000,1.12304,1.12331,1.12271,1.12318,16635.85
1474876800000,1.12318,1.12416,1.12308,1.12379,21886.89
1474877700000,1.12379,1.12392,1.1236,1.12382,20001.15
1474878600000,1.12382,1.12425,1.12368,1.1242,17420.77
1474879500000,1.1242,1.12434,1.12381,1.124,22397.96
1474880400000,1.124,1.12404,1.12361,1.12396,18044.61
1474881300000,1.12396,1.12408,1.12375,1.12381,15455.55
1474882200000,1.12381,1.12439,1.12352,1.12435,17282.27
1474883100000,1.12435,1.12435,1.12374,1.12385,15366.18
1474884000000,1.12385,1.12457,1.12381,1.12455,17366.89
1474884900000,1.12454,1.12475,1.12432,1.12466,18827.26
1474885800000,1.12466,1.12472,1.12438,1.12464,11743.31
1474886700000,1.12464,1.12487,1.12433,1.12446,25396.49
1474887600000,1.12446,1.12474,1.12423,1.12474,15049.21
1474888500000,1.12474,1.12506,1.12454,1.12494,17203.42
1474889400000,1.12494,1.12548,1.1248,1.12538,17867.3
1474890300000,1.12538,1.1265,1.12504,1.12616,20281.55
1474891200000,1.12615,1.127,1.12611,1.12614,21540.76
1474892100000,1.12615,1.12659,1.126,1.12608,17694.72
1474893000000,1.12608,1.12623,1.1257,1.1262,14390.43
1474893900000,1.1262,1.12676,1.12603,1.12632,18127.5
1474894800000,1.12632,1.12645,1.12562,1.12574,18841.78
1474895700000,1.12575,1.12601,1.12541,1.12579,20207.93
1474896600000,1.12579,1.12603,1.12506,1.12529,22941.62
1474897500000,1.12529,1.12543,1.12481,1.125,18930.43
1474898400000,1.12498,1.12596,1.12497,1.12533,22587.04
1474899300000,1.12533,1.12537,1.12486,1.12508,17175.97
1474900200000,1.12508,1.12587,1.12507,1.12542,18957.61
1474901100000,1.12542,1.1269,1.1254,1.12686,19363.67
1474902000000,1.12685,1.12709,1.1261,1.12641,23295.32
1474902900000,1.12641,1.12727,1.12636,1.1272,18505.48
1474903800000,1.12721,1.12792,1.12687,1.12713,17118.4
1474904700000,1.12712,1.12754,1.12688,1.12688,15415.86
1474905600000,1.12688,1.12698,1.12604,1.12617,14794.9
1474906500000,1.12617,1.12628,1.1252,1.12551,14036.51
1474907400000,1.12551,1.12563,1.12492,1.12552,14149.71
1474908300000,1.12552,1.12579,1.12526,1.12529,13708.1
1474909200000,1.12529,1.12577,1.12523,1.12553,12200.97
1474910100000,1.12553,1.12553,1.12526,1.12543,8423.94
1474911000000,1.12543,1.12595,1.12537,1.12579,12140.31
1474911900000,1.12579,1.12617,1.12578,1.12605,11738.25
1474912800000,1.12605,1.12613,1.12579,1.12581,9047.44
1474913700000,1.12581,1.12597,1.12577,1.12583,6057.18
1474914600000,1.12583,1.12606,1.12575,1.12583,7733.93
1474915500000,1.12583,1.12584,1.12535,1.12557,13217.61
1474916400000,1.12557,1.12565,1.12526,1.12551,12599.9
1474917300000,1.12551,1.12563,1.12528,1.1255,8298.04
1474918200000,1.1255,1.12579,1.1255,1.1256,6586.37
1474919100000,1.1256,1.12566,1.12535,1.12538,12518.47
1474920000000,1.12538,1.12554,1.12522,1.12537,8967.36
1474920900000,1.12537,1.12543,1.12514,1.12531,8968.99
1474921800000,1.12531,1.12531,1.12517,1.12526,4538.42
1474922700000,1.12526,1.12538,1.1252,1.12532,4135.26
1474923600000,1.12532,1.12537,1.12521,1.12531,339.71
1474924500000,1.12531,1.12536,1.12526,1.12534,435.12
1474925400000,1.12532,1.12534,1.12521,1.12523,406.91
1474926300000,1.12523,1.12531,1.12514,1.12523,517.3
1474927200000,1.12523,1.12529,1.12503,1.12511,3394.73
1474928100000,1.12512,1.1253,1.1251,1.12514,3915.16
1474929000000,1.12514,1.12526,1.12514,1.12525,3186.67
1474929900000,1.12524,1.12525,1.12517,1.1252,2983.45
1474930800000,1.12519,1.12522,1.12496,1.12506,6488.48
1474931700000,1.12506,1.12512,1.12485,1.12485,7420.03
1474932600000,1.12485,1.12501,1.12483,1.125,5014.06
1474933500000,1.125,1.12501,1.12486,1.125,4201.99
1474934400000,1.12501,1.12527,1.12389,1.12397,13170.68
1474935300000,1.12397,1.12444,1.12386,1.12443,8398.51
1474936200000,1.12443,1.1245,1.1241,1.12443,7409.59
1474937100000,1.12443,1.1246,1.12428,1.12449,9596.21
1474938000000,1.12449,1.12479,1.12423,1.12472,10286.06
1474938900000,1.12472,1.12475,1.12421,1.12426,9344.11
1474939800000,1.12426,1.12492,1.1242,1.12491,12179.73
1474940700000,1.12491,1.12507,1.12455,1.12484,12699.68
1474941600000,1.12486,1.125,1.1246,1.12464,11043.98
1474942500000,1.12464,1.12475,1.12437,1.12466,9561.95
1474943400000,1.12466,1.12469,1.12426,1.12436,12250.84
1474944300000,1.12436,1.12457,1.12427,1.12443,9210.74
1474945200000,1.12443,1.12444,1.12408,1.12415,6723.31
1474946100000,1.12415,1.1246,1.12404,1.12454,8788.66
1474947000000,1.12454,1.12468,1.12432,1.1244,9668.05
1474947900000,1.1244,1.12455,1.12432,1.12434,7772.55
1474948800000,1.12434,1.12437,1.12414,1.12424,9954.98
1474949700000,1.12424,1.1244,1.12419,1.12427,10009.56
1474950600000,1.12427,1.12461,1.12427,1.12461,9174.4
1474951500000,1.12461,1.12461,1.12442,1.12444,6594.42
1474952400000,1.12444,1.1245,1.12432,1.12432,8012.79
1474953300000,1.12432,1.12442,1.12421,1.12426,5118.64
1474954200000,1.12426,1.12452,1.12414,1.12436,6363.3
1474955100000,1.12436,1.12471,1.12435,1.12454,6438.91
1474956000000,1.12454,1.12472,1.12417,1.12449,14045.18
1474956900000,1.12449,1.1246,1.12406,1.12443,13048.67
1474957800000,1.12443,1.12468,1.12424,1.12436,10156.71
1474958700000,1.12436,1.12487,1.12433,1.12443,12265.94
1474959600000,1.12444,1.12503,1.12424,1.12463,21224.65
1474960500000,1.12464,1.12548,1.12428,1.12527,22126.32
1474961400000,1.12527,1.12589,1.12501,1.1251,21725.55
1474962300000,1.1251,1.12552,1.1247,1.12479,21017.5
1474963200000,1.12479,1.12509,1.12448,1.12473,21219.61
1474964100000,1.12473,1.12521,1.12438,1.1245,18305.61
1474965000000,1.1245,1.12454,1.12349,1.12375,19562.52
1474965900000,1.12374,1.12416,1.12367,1.12405,16377.46
1474966800000,1.12405,1.12464,1.12388,1.12458,18947.75
1474967700000,1.12458,1.12484,1.12443,1.12456,27834
1474968600000,1.12456,1.12483,1.12422,1.12467,17007.78
1474969500000,1.12468,1.12489,1.12439,1.12457,17836.37
1474970400000,1.12456,1.12484,1.12413,1.12415,15987.61
1474971300000,1.12415,1.12452,1.124,1.12451,19410.68
1474972200000,1.12451,1.12477,1.12437,1.12466,13793.56
1474973100000,1.12466,1.12495,1.12453,1.12494,14060.33
1474974000000,1.12494,1.12505,1.12435,1.1244,14774.72
1474974900000,1.1244,1.12449,1.12399,1.12403,14553
1474975800000,1.12402,1.12414,1.12353,1.12368,13778.95
1474976700000,1.12368,1.12369,1.12232,1.12258,16384.9
1474977600000,1.12258,1.12285,1.12156,1.12196,21988.43
1474978500000,1.12196,1.12218,1.12088,1.12096,20260.46
1474979400000,1.12096,1.12106,1.11982,1.11991,27125.42
1474980300000,1.11991,1.12073,1.11982,1.12059,19663.19
1474981200000,1.12059,1.1206,1.11991,1.12049,21450.87
1474982100000,1.12049,1.12109,1.12019,1.121,19364.35
1474983000000,1.121,1.12138,1.12046,1.12132,23426.14
1474983900000,1.12131,1.12208,1.12112,1.12144,24552.99
1474984800000,1.12144,1.12196,1.12083,1.12115,22937.13
1474985700000,1.12116,1.12118,1.12005,1.12052,20323.95
1474986600000,1.12052,1.12062,1.11928,1.11948,19543.61
1474987500000,1.11947,1.1198,1.1191,1.11978,23372.24
1474988400000,1.11978,1.12024,1.11948,1.12016,20573.77
1474989300000,1.12016,1.12018,1.11967,1.11986,16729.44
1474990200000,1.11985,1.12043,1.1196,1.12039,15654.04
1474991100000,1.12039,1.12085,1.12019,1.12073,17576.88
1474992000000,1.12075,1.12099,1.12048,1.12063,15650.55
1474992900000,1.12063,1.12161,1.12063,1.12135,13826.19
1474993800000,1.12135,1.1217,1.12117,1.12127,11484.22
1474994700000,1.12127,1.12203,1.12123,1.12188,7556.66
1474995600000,1.12188,1.12256,1.12173,1.12207,14862.93
1474996500000,1.12207,1.12254,1.12195,1.12238,7556.28
1474997400000,1.12237,1.12259,1.12212,1.12247,14533.23
1474998300000,1.12247,1.1226,1.12196,1.12201,11591.36
1474999200000,1.12201,1.12202,1.12161,1.12189,11184.01
1475000100000,1.12189,1.12207,1.12172,1.12201,7458.43
1475001000000,1.12201,1.12231,1.12194,1.12226,8432.93
1475001900000,1.12226,1.12235,1.12205,1.12207,13164.72
1475002800000,1.12207,1.12237,1.12207,1.12227,6341.05
1475003700000,1.12226,1.12228,1.12181,1.12196,5339.87
1475004600000,1.12196,1.12208,1.12179,1.12196,6400.62
1475005500000,1.12196,1.12219,1.12192,1.12217,7182.26
1475006400000,1.12216,1.12217,1.12181,1.12186,4561.78
1475007300000,1.12186,1.12197,1.12167,1.12167,5156.93
1475008200000,1.12167,1.12187,1.12166,1.1217,5655.37
1475009100000,1.1217,1.12178,1.12094,1.12146,5268.39
1475010000000,1.12145,1.12185,1.12102,1.12171,399.48
1475010900000,1.12171,1.12184,1.12151,1.12181,661.56
1475011800000,1.12181,1.12181,1.12148,1.12181,2173.79
1475012700000,1.12181,1.12188,1.12172,1.1218,1230.81
1475013600000,1.1218,1.12188,1.1216,1.12176,12732.82
1475014500000,1.12176,1.12176,1.12147,1.12149,3562.48
1475015400000,1.12149,1.12185,1.12148,1.12182,7769.72
1475016300000,1.12182,1.12195,1.12166,1.12166,15300.25
1475017200000,1.12166,1.12191,1.1216,1.12173,12401.37
1475018100000,1.12173,1.12178,1.12165,1.12166,5760.28
1475019000000,1.12166,1.12179,1.12158,1.12158,6696.81
1475019900000,1.12159,1.12183,1.12144,1.1217,9254.99
1475020800000,1.1217,1.1217,1.12095,1.12124,13413.84
1475021700000,1.12125,1.12158,1.12101,1.12136,12620.46
1475022600000,1.12136,1.12158,1.12123,1.12155,14309.83
1475023500000,1.12155,1.12167,1.12086,1.12103,18521.09
1475024400000,1.12103,1.12113,1.1206,1.12088,10597.42
1475025300000,1.12088,1.12123,1.12085,1.12114,10071.84
1475026200000,1.12114,1.12124,1.12096,1.12097,10128.76
1475027100000,1.12097,1.12106,1.12067,1.12082,9781.94
1475028000000,1.12083,1.12091,1.12069,1.12081,9131.27
1475028900000,1.12081,1.12096,1.12052,1.12055,12777.79
1475029800000,1.12055,1.12068,1.12047,1.12047,8602.05
1475030700000,1.12047,1.12053,1.12025,1.12041,10199.72
1475031600000,1.12041,1.12098,1.12025,1.12097,9552.84
1475032500000,1.12097,1.1213,1.12093,1.1213,6497.44
1475033400000,1.12131,1.12136,1.12118,1.12118,7483.02
1475034300000,1.12118,1.12143,1.12112,1.12117,8528.66
1475035200000,1.12117,1.12122,1.12084,1.1209,10023.56
1475036100000,1.1209,1.12112,1.1209,1.12091,9159.92
1475037000000,1.12091,1.12102,1.12073,1.12091,8086.06
1475037900000,1.12091,1.12126,1.12084,1.12126,8795.27
1475038800000,1.12126,1.12126,1.12099,1.12103,10928.41
1475039700000,1.12103,1.12103,1.12073,1.12074,7093.63
1475040600000,1.12075,1.12125,1.12073,1.12124,7973.19
1475041500000,1.12124,1.12144,1.12103,1.1213,6781.03
1475042400000,1.12133,1.1214,1.12077,1.12078,9097.21
1475043300000,1.12078,1.12091,1.1203,1.12067,12562.11
1475044200000,1.12067,1.12091,1.1204,1.12055,8854.19
1475045100000,1.12055,1.12059,1.11957,1.11994,14257.45
1475046000000,1.11993,1.12002,1.11884,1.11913,20244.3
1475046900000,1.11913,1.11927,1.1182,1.11848,17082.55
1475047800000,1.11848,1.11879,1.11828,1.11858,18899.16
1475048700000,1.11858,1.11926,1.11852,1.11925,17620.31
1475049600000,1.11926,1.12053,1.11922,1.12033,19320.17
1475050500000,1.12033,1.12038,1.11986,1.12021,18632.83
1475051400000,1.12021,1.12037,1.11995,1.11996,17214.36
1475052300000,1.11996,1.12185,1.11974,1.1215,22694.88
1475053200000,1.12148,1.12236,1.1214,1.1219,19730.68
1475054100000,1.1219,1.12217,1.12166,1.12174,15512.58
1475055000000,1.12173,1.1218,1.1214,1.12158,12183.32
1475055900000,1.12158,1.12193,1.12141,1.12146,18427.56
1475056800000,1.12146,1.12176,1.12135,1.12149,18350.33
1475057700000,1.12149,1.12166,1.12094,1.12095,16429.55
1475058600000,1.12095,1.12131,1.1207,1.12131,18058.63
1475059500000,1.12131,1.12181,1.12124,1.12169,16501.05
1475060400000,1.12169,1.12178,1.12102,1.1214,21669.85
1475061300000,1.1214,1.12154,1.12089,1.12115,19008.95
1475062200000,1.12114,1.12117,1.12071,1.12081,21483.34
1475063100000,1.12081,1.12182,1.12056,1.12182,19081.46
1475064000000,1.12182,1.12258,1.12153,1.12247,19730.57
1475064900000,1.12247,1.12327,1.12227,1.12264,16821.89
1475065800000,1.12258,1.12369,1.12207,1.12278,18124.53
1475066700000,1.1228,1.1234,1.12244,1.12271,16713.29
1475067600000,1.1227,1.12299,1.1215,1.12161,15961.28
1475068500000,1.1216,1.12166,1.12097,1.1213,19324.37
1475069400000,1.1213,1.12145,1.12081,1.12136,24531.54
1475070300000,1.12136,1.12186,1.12088,1.12109,23413.04
1475071200000,1.12107,1.12143,1.12054,1.12091,26193.08
1475072100000,1.12091,1.12165,1.1209,1.12129,25433.66
1475073000000,1.1213,1.12153,1.12026,1.12029,31193.8
1475073900000,1.12029,1.12046,1.1189,1.11922,28271.42
1475074800000,1.11922,1.1193,1.11873,1.11902,23487.52
1475075700000,1.11902,1.11958,1.11883,1.11958,14531.64
1475076600000,1.11959,1.12008,1.11918,1.11978,17389.48
1475077500000,1.11978,1.12007,1.11964,1.12,15568.82
1475078400000,1.12,1.12045,1.11956,1.12029,14305.44
1475079300000,1.12029,1.12052,1.11998,1.12015,14508.66
1475080200000,1.12015,1.12021,1.11986,1.12016,10527.06
1475081100000,1.12017,1.12105,1.12002,1.12093,13970.86
1475082000000,1.12093,1.12099,1.12055,1.12063,11790.24
1475082900000,1.12063,1.12076,1.1204,1.12052,12016.34
1475083800000,1.12052,1.12108,1.12051,1.12101,7315.01
1475084700000,1.12101,1.12131,1.12092,1.12122,5483.46
1475085600000,1.12122,1.12195,1.12118,1.12158,15632.22
1475086500000,1.12158,1.12188,1.12128,1.12134,20479.6
1475087400000,1.12134,1.1217,1.12096,1.12159,22060.91
1475088300000,1.12159,1.12208,1.12143,1.12146,24080.99
1475089200000,1.12146,1.12158,1.12117,1.12124,14561.46
1475090100000,1.12124,1.12135,1.12105,1.12113,8280.83
1475091000000,1.12113,1.12145,1.12093,1.12139,5135.12
1475091900000,1.12139,1.12158,1.12102,1.12148,10632.51
1475092800000,1.12148,1.12194,1.12146,1.12164,6625.35
1475093700000,1.12164,1.12169,1.12151,1.12153,6258.73
1475094600000,1.12153,1.1217,1.12152,1.12169,4262.22
1475095500000,1.12169,1.12182,1.12167,1.12172,3120.58
1475096400000,1.12166,1.12177,1.12137,1.12171,522.2
1475097300000,1.12171,1.12182,1.12165,1.12167,781.79
1475098200000,1.12167,1.12176,1.12161,1.12164,2639.52
1475099100000,1.12164,1.12167,1.12159,1.12161,1908.95
1475100000000,1.12161,1.12175,1.12144,1.12169,5550.8
1475100900000,1.12169,1.12174,1.12151,1.12162,7074.71
1475101800000,1.12161,1.12169,1.12151,1.12161,9246.37
1475102700000,1.12161,1.12174,1.12161,1.1217,9111.18
1475103600000,1.1217,1.12232,1.12168,1.12217,14173.46
1475104500000,1.12217,1.12221,1.12182,1.12219,22227.97
1475105400000,1.12219,1.1226,1.12218,1.12242,12995.06
1475106300000,1.12242,1.1227,1.12227,1.12233,11131.5
1475107200000,1.12233,1.12245,1.12192,1.12231,12979.73
1475108100000,1.12231,1.12258,1.12224,1.12249,15351.95
1475109000000,1.12249,1.12277,1.1224,1.12267,7994.8
1475109900000,1.12266,1.12326,1.12251,1.12293,11559.61
1475110800000,1.12294,1.12303,1.12225,1.1223,11072.12
1475111700000,1.12231,1.12277,1.1222,1.12249,12075.54
1475112600000,1.12249,1.12283,1.12244,1.12264,9818.55
1475113500000,1.12266,1.12273,1.12236,1.12248,10741.35
1475114400000,1.12248,1.12284,1.12246,1.1226,11272.47
1475115300000,1.1226,1.12286,1.1226,1.12277,13513.54
1475116200000,1.12277,1.12282,1.12227,1.12227,7865.22
1475117100000,1.12227,1.12283,1.12225,1.12281,6558.3
1475118000000,1.12281,1.12319,1.12267,1.12298,5812.84
1475118900000,1.12298,1.12302,1.12275,1.12298,6717.99
1475119800000,1.123,1.12312,1.12295,1.12301,7499.49
1475120700000,1.12301,1.12332,1.12294,1.12331,8297.47
1475121600000,1.12331,1.12358,1.12323,1.12335,7535.88
1475122500000,1.12335,1.12338,1.1231,1.12314,5686.43
1475123400000,1.12314,1.12324,1.12296,1.12317,6848.92
1475124300000,1.12317,1.12343,1.12286,1.1229,9180.25
1475125200000,1.1229,1.12311,1.1229,1.123,6813.16
1475126100000,1.123,1.12301,1.12269,1.12288,9425
1475127000000,1.12288,1.12292,1.12248,1.1229,5778.32
1475127900000,1.1229,1.12297,1.12262,1.12264,9266.74
1475128800000,1.12263,1.12272,1.12203,1.12253,12980.78
1475129700000,1.12253,1.12261,1.12158,1.12186,18157.01
1475130600000,1.12186,1.1223,1.12181,1.12226,14112.68
1475131500000,1.12226,1.12237,1.1217,1.12194,18025.94
1475132400000,1.12194,1.12262,1.12185,1.12257,20883.46
1475133300000,1.12256,1.12261,1.1221,1.12242,19573.98
1475134200000,1.12242,1.1228,1.12221,1.12255,20024.94
1475135100000,1.12255,1.12262,1.12183,1.12207,18442.25
1475136000000,1.12206,1.12232,1.12168,1.12212,19593.33
1475136900000,1.12212,1.12254,1.1221,1.12245,17141.64
1475137800000,1.12244,1.1225,1.12166,1.12183,17268.39
1475138700000,1.12183,1.12193,1.12128,1.12142,18016.06
1475139600000,1.12141,1.12208,1.12141,1.12199,17280.1
1475140500000,1.12197,1.12226,1.1218,1.12209,14408.66
1475141400000,1.12209,1.12221,1.12177,1.12201,15811.1
1475142300000,1.12201,1.12201,1.121,1.12112,18252.19
1475143200000,1.12112,1.12162,1.12111,1.12146,12944.41
1475144100000,1.12145,1.12192,1.12134,1.12172,16800.3
1475145000000,1.12172,1.1218,1.12155,1.12158,15501.99
1475145900000,1.12159,1.12191,1.12118,1.12191,19837.52
1475146800000,1.12192,1.12203,1.12169,1.12177,16696.98
1475147700000,1.12177,1.12242,1.12172,1.12177,14471.71
1475148600000,1.12177,1.12246,1.12175,1.12236,16626.49
1475149500000,1.12236,1.12254,1.12212,1.12228,14132.47
1475150400000,1.12228,1.1224,1.1219,1.12217,13921.8
1475151300000,1.12217,1.12253,1.1218,1.12209,13679.81
1475152200000,1.1221,1.12216,1.12053,1.12073,25394.22
1475153100000,1.12075,1.1211,1.12024,1.12028,23890.87
1475154000000,1.12028,1.12045,1.11968,1.12024,17477.94
1475154900000,1.12024,1.121,1.12011,1.12097,16475.04
1475155800000,1.12098,1.12132,1.1208,1.12112,26773.87
1475156700000,1.12112,1.12176,1.12091,1.12153,24500.35
1475157600000,1.12154,1.12275,1.12107,1.12262,30762.37
1475158500000,1.12262,1.12381,1.12251,1.12317,25432.67
1475159400000,1.12317,1.12387,1.12295,1.12355,22898.31
1475160300000,1.12355,1.12393,1.12273,1.12298,28102.18
1475161200000,1.12298,1.12343,1.12256,1.12289,26101.08
1475162100000,1.12289,1.12435,1.12276,1.12427,21177.8
1475163000000,1.12427,1.12453,1.124,1.12417,20009.8
1475163900000,1.12416,1.12471,1.12411,1.12442,20392.75
1475164800000,1.12442,1.12476,1.1242,1.12438,15457.79
1475165700000,1.12438,1.12497,1.12424,1.1243,18175.65
1475166600000,1.1243,1.12481,1.12422,1.12443,16113.61
1475167500000,1.12442,1.12442,1.1221,1.12232,23709.5
1475168400000,1.12232,1.12257,1.12105,1.12139,24539.61
1475169300000,1.12139,1.12165,1.12068,1.1216,20656.94
1475170200000,1.1216,1.12183,1.12089,1.121,18499.21
1475171100000,1.121,1.12116,1.12047,1.12055,19607.14
1475172000000,1.12055,1.12117,1.12041,1.1208,19824.98
1475172900000,1.12081,1.1209,1.12047,1.1208,21814.72
1475173800000,1.1208,1.12145,1.12077,1.1213,16703.63
1475174700000,1.1213,1.12191,1.12117,1.12155,15390.65
1475175600000,1.12155,1.12169,1.12129,1.12158,11038.57
1475176500000,1.12158,1.12184,1.12138,1.12181,13713.06
1475177400000,1.12181,1.12186,1.12159,1.12162,10391.01
1475178300000,1.12162,1.12188,1.12156,1.12183,8182.41
1475179200000,1.12183,1.12204,1.12176,1.122,4514.08
1475180100000,1.122,1.1223,1.12187,1.12223,4639.43
1475181000000,1.12222,1.12249,1.12215,1.12222,9234.65
1475181900000,1.12222,1.12239,1.12213,1.12213,4659.73
1475182800000,1.12213,1.12238,1.12174,1.12213,567.77
1475183700000,1.12214,1.12227,1.12187,1.12196,923.05
1475184600000,1.12196,1.12197,1.12187,1.12196,2415.3
1475185500000,1.12196,1.12218,1.12172,1.12183,2924.9
1475186400000,1.12184,1.12215,1.12184,1.12197,11268.33
1475187300000,1.12195,1.122,1.12183,1.12183,8702.9
1475188200000,1.12183,1.12216,1.12183,1.12211,15788.46
1475189100000,1.12211,1.12235,1.12211,1.12231,17393.56
1475190000000,1.12231,1.12235,1.1221,1.12221,10452.77
1475190900000,1.12221,1.12222,1.12199,1.12201,7897.49
1475191800000,1.122,1.12202,1.12162,1.12182,9219.35
1475192700000,1.12181,1.1219,1.12171,1.12186,9906.15
1475193600000,1.12187,1.12197,1.12152,1.12183,15078.13
1475194500000,1.12183,1.12196,1.12152,1.12158,11901.57
1475195400000,1.12158,1.12169,1.12135,1.12148,11880.16
1475196300000,1.12148,1.12173,1.12045,1.12055,14816.96
1475197200000,1.12054,1.12107,1.12054,1.12094,12769.88
1475198100000,1.12094,1.12143,1.12089,1.12143,8992.1
1475199000000,1.12143,1.12156,1.12118,1.12138,10142.07
1475199900000,1.12138,1.12155,1.12131,1.12149,12394.83
1475200800000,1.12149,1.12212,1.12144,1.12178,14811.44
1475201700000,1.12179,1.1219,1.12159,1.12159,10712.03
1475202600000,1.12159,1.12201,1.12151,1.12174,11377.04
1475203500000,1.12175,1.12178,1.12153,1.12158,10232.11
1475204400000,1.12158,1.12189,1.12123,1.12172,13224.29
1475205300000,1.12172,1.12178,1.12124,1.12128,10817.94
1475206200000,1.12128,1.12165,1.12107,1.12158,8715.86
1475207100000,1.12158,1.1217,1.12134,1.1217,10183.89
1475208000000,1.1217,1.1218,1.12147,1.12166,9794.34
1475208900000,1.12166,1.12182,1.12144,1.12182,7590.39
1475209800000,1.12182,1.12209,1.12166,1.12207,10829.84
1475210700000,1.12207,1.12209,1.12176,1.1219,15895.59
1475211600000,1.1219,1.12203,1.12172,1.12172,11911.07
1475212500000,1.12172,1.12194,1.12171,1.12187,15970.41
1475213400000,1.12187,1.12197,1.1217,1.12186,5455.54
1475214300000,1.12186,1.12187,1.12155,1.12173,9587.46
1475215200000,1.12175,1.1221,1.12153,1.12194,15501.44
1475216100000,1.12194,1.12271,1.12194,1.12234,27205.47
1475217000000,1.12236,1.12249,1.12085,1.12129,28025.93
1475217900000,1.12131,1.12144,1.12042,1.12107,16258
1475218800000,1.12107,1.12134,1.11912,1.11914,23519.32
1475219700000,1.11914,1.11955,1.11679,1.1177,25528.64
1475220600000,1.1177,1.1186,1.11708,1.1182,25354.37
1475221500000,1.1182,1.11877,1.1181,1.11857,17825.46
1475222400000,1.11857,1.11897,1.11811,1.1182,20142.41
1475223300000,1.1182,1.11909,1.11801,1.11874,15864.8
1475224200000,1.11874,1.11889,1.11824,1.1187,20987.29
1475225100000,1.1187,1.11878,1.11801,1.11832,21817.59
1475226000000,1.11835,1.11853,1.11753,1.11794,20446.43
1475226900000,1.11794,1.11847,1.11787,1.11811,19384.97
1475227800000,1.11811,1.11843,1.11776,1.11831,19910.27
1475228700000,1.11831,1.11853,1.11753,1.11771,20479.84
1475229600000,1.11771,1.11812,1.11726,1.1178,18950.41
1475230500000,1.1178,1.11792,1.11761,1.1179,20732.72
1475231400000,1.1179,1.11793,1.1174,1.11752,13472.89
1475232300000,1.11752,1.11759,1.11636,1.11652,20038.01
1475233200000,1.11652,1.11699,1.11631,1.11679,19052.81
1475234100000,1.11679,1.11748,1.11674,1.11729,19767.37
1475235000000,1.11729,1.11744,1.11668,1.11733,18799.76
1475235900000,1.11732,1.11757,1.11601,1.11605,21419.28
1475236800000,1.11605,1.11617,1.11533,1.11602,22835.02
1475237700000,1.11602,1.11631,1.11578,1.11584,23279.87
1475238600000,1.11584,1.11712,1.11575,1.1168,23591.24
1475239500000,1.1168,1.11762,1.11649,1.11762,23755.72
1475240400000,1.11762,1.11908,1.11696,1.11892,19134.04
1475241300000,1.11892,1.12179,1.11892,1.12146,29089.82
1475242200000,1.12145,1.12177,1.12102,1.12154,20570.71
1475243100000,1.12156,1.12212,1.12083,1.12087,20937.51
1475244000000,1.12088,1.12108,1.1203,1.12054,25615.58
1475244900000,1.12054,1.12165,1.12045,1.12165,22301.03
1475245800000,1.12167,1.12217,1.12131,1.12155,24762.56
1475246700000,1.12155,1.12401,1.12155,1.12396,27435.61
1475247600000,1.12396,1.12465,1.12277,1.12415,33366.22
1475248500000,1.12415,1.12507,1.12344,1.12401,25284.12
1475249400000,1.12401,1.12404,1.12336,1.12363,19130.81
1475250300000,1.12363,1.12444,1.12352,1.12378,15340.26
1475251200000,1.12377,1.12392,1.12315,1.12327,12782.42
1475252100000,1.12327,1.12446,1.12318,1.12401,16701.16
1475253000000,1.12401,1.12419,1.12284,1.12294,15504.16
1475253900000,1.12294,1.12295,1.12212,1.12273,18596.33
1475254800000,1.12274,1.12325,1.12273,1.12318,12959.39
1475255700000,1.12318,1.12323,1.1227,1.12272,12373.66
1475256600000,1.12272,1.12313,1.12253,1.12313,9152.04
1475257500000,1.12313,1.12371,1.12298,1.12317,14554.4
1475258400000,1.12317,1.1233,1.12289,1.12306,10798.92
1475259300000,1.12306,1.12335,1.123,1.12303,9323.57
1475260200000,1.12303,1.12338,1.12296,1.12335,10384.31
1475261100000,1.12335,1.12397,1.123,1.12385,16297.92
1475262000000,1.12387,1.12422,1.12372,1.12383,9999.04
1475262900000,1.12383,1.12402,1.12351,1.12365,9749.08
1475263800000,1.12366,1.12382,1.1235,1.12354,8908.56
1475264700000,1.12352,1.12359,1.12328,1.1233,14583
1475265600000,1.12331,1.12385,1.1233,1.12372,7079.74
1475266500000,1.12372,1.12444,1.12369,1.12419,7282.45
1475267400000,1.12419,1.12433,1.12391,1.12392,7305.17
1475268300000,1.12392,1.12442,1.1236,1.12392,6009.45
