timestamp,open,high,low,close,volume
1372636800000,1.30077,1.30165,1.30074,1.30114,1000.26
1372637700000,1.30115,1.30165,1.30106,1.30108,664.5
1372638600000,1.30112,1.30119,1.30096,1.30108,427.22
1372639500000,1.30106,1.30164,1.30102,1.30127,699.07
1372640400000,1.30128,1.30211,1.30122,1.302,924.21
1372641300000,1.30201,1.30223,1.30168,1.30174,745.14
1372642200000,1.30173,1.30181,1.3012,1.3017,635.75
1372643100000,1.3017,1.30224,1.30108,1.30204,947.89
1372644000000,1.30203,1.30243,1.30176,1.30214,946.07
1372644900000,1.30215,1.30225,1.3021,1.30218,312.85
1372645800000,1.30218,1.30238,1.30191,1.30197,621.39
1372646700000,1.30197,1.30226,1.30178,1.30224,655.2
1372647600000,1.30224,1.30244,1.30209,1.30234,439.58
1372648500000,1.30234,1.30243,1.30214,1.30241,446.86
1372649400000,1.30241,1.30253,1.30227,1.30245,534.7
1372650300000,1.30243,1.30254,1.30226,1.3023,639.51
1372651200000,1.30233,1.30253,1.30222,1.30251,529.24
1372652100000,1.30251,1.30256,1.30228,1.30239,863.44
1372653000000,1.30241,1.30326,1.30236,1.30308,776.84
1372653900000,1.30309,1.3031,1.3027,1.30273,542.96
1372654800000,1.30273,1.30289,1.30252,1.30283,570.08
1372655700000,1.30282,1.30318,1.3027,1.30272,455.8
1372656600000,1.30272,1.30289,1.30239,1.30272,676.2
1372657500000,1.3027,1.30308,1.30243,1.30294,900.74
1372658400000,1.30295,1.303,1.3023,1.30263,1297.65
1372659300000,1.30263,1.30346,1.30247,1.30311,1212.34
1372660200000,1.30312,1.30321,1.30251,1.30295,1327.05
1372661100000,1.30294,1.30303,1.30223,1.30227,1492.58
1372662000000,1.30228,1.30282,1.30178,1.30255,2730.17
1372662900000,1.30256,1.30366,1.30243,1.30363,2625.5
1372663800000,1.30363,1.30447,1.30363,1.30446,3399.72
1372664700000,1.30446,1.30531,1.30421,1.30451,3493.52
1372665600000,1.30454,1.30489,1.30376,1.30406,2464.97
1372666500000,1.30405,1.30473,1.30375,1.30387,2407.75
1372667400000,1.30387,1.30432,1.3034,1.30379,2962.61
1372668300000,1.3038,1.30465,1.30374,1.30449,2179.99
1372669200000,1.30448,1.30511,1.3038,1.30442,2891.03
1372670100000,1.30442,1.30539,1.30431,1.30501,2099.14
1372671000000,1.30502,1.30548,1.30469,1.30512,2156.97
1372671900000,1.30512,1.306,1.305,1.30531,2221.58
1372672800000,1.30527,1.30573,1.30525,1.30531,1923.17
1372673700000,1.30527,1.30536,1.30438,1.30472,1856.49
1372674600000,1.30472,1.30507,1.30434,1.30481,1498.49
1372675500000,1.30481,1.30533,1.30429,1.30431,1839.62
1372676400000,1.30429,1.30504,1.30412,1.30429,1993.15
1372677300000,1.30416,1.30436,1.30391,1.3041,1580.26
1372678200000,1.30408,1.30465,1.3039,1.30455,2404.91
1372679100000,1.30453,1.30462,1.30364,1.3038,1300.17
1372680000000,1.30379,1.30436,1.30362,1.30375,1775.82
1372680900000,1.30374,1.30384,1.3032,1.30324,2241.6
1372681800000,1.30324,1.30338,1.30266,1.30298,2564.59
1372682700000,1.30294,1.30325,1.3026,1.30299,2099.41
1372683600000,1.30297,1.30356,1.30294,1.30342,2439.1
1372684500000,1.30342,1.30389,1.3032,1.30369,1949.4
1372685400000,1.30368,1.30383,1.3028,1.30304,2033.31
1372686300000,1.30304,1.30339,1.3028,1.30338,2510.28
1372687200000,1.30339,1.30385,1.3019,1.30253,5096.76
1372688100000,1.30252,1.30357,1.30249,1.30274,3574.26
1372689000000,1.30274,1.30312,1.3022,1.30223,2792.9
1372689900000,1.30224,1.30366,1.3014,1.30358,3775.61
1372690800000,1.30355,1.30395,1.30333,1.30366,3236.08
1372691700000,1.30365,1.30574,1.30355,1.30555,3763.79
1372692600000,1.30556,1.30667,1.3049,1.30618,4125.16
1372693500000,1.30617,1.30646,1.30514,1.30595,2954.39
1372694400000,1.30595,1.30664,1.3059,1.30633,2013.91
1372695300000,1.30631,1.30662,1.30557,1.30582,1733.06
1372696200000,1.30579,1.30616,1.30556,1.30592,1144.49
1372697100000,1.30592,1.30618,1.30525,1.30536,1247.48
1372698000000,1.30535,1.30566,1.30515,1.30553,1633.88
1372698900000,1.30553,1.3063,1.30512,1.30595,1364.29
1372699800000,1.30596,1.30666,1.30596,1.30638,1366.38
1372700700000,1.30639,1.3066,1.30612,1.30624,1120.26
1372701600000,1.30623,1.30639,1.3061,1.30613,1053.95
1372702500000,1.30614,1.30616,1.30547,1.30557,1093.44
1372703400000,1.30557,1.30573,1.30549,1.3057,827.9
1372704300000,1.3057,1.30601,1.30569,1.30591,910.32
1372705200000,1.30591,1.3063,1.30585,1.30627,922.98
1372706100000,1.30627,1.30661,1.30626,1.30648,996.4
1372707000000,1.30647,1.30651,1.30613,1.30617,639.61
1372707900000,1.30617,1.3066,1.30603,1.3064,795.21
1372708800000,1.30642,1.30656,1.30614,1.30621,588.42
1372709700000,1.30621,1.3065,1.30619,1.30627,607.67
1372710600000,1.30628,1.30635,1.306,1.30626,366.26
1372711500000,1.30626,1.30649,1.3061,1.30637,368.54
1372712400000,1.30632,1.30696,1.30618,1.30688,563.93
1372713300000,1.30687,1.30687,1.30642,1.3065,464.79
1372714200000,1.30646,1.30663,1.30623,1.30655,247.31
1372715100000,1.30654,1.30655,1.30587,1.30616,376.45
1372716000000,1.30615,1.30618,1.30596,1.30605,312.47
1372716900000,1.30605,1.30616,1.30602,1.30615,129.58
1372717800000,1.30614,1.30655,1.30614,1.30638,257.56
1372718700000,1.30638,1.30682,1.30632,1.30676,276.81
1372719600000,1.30678,1.30708,1.30675,1.30703,588.31
1372720500000,1.30703,1.30703,1.3065,1.30653,313.86
1372721400000,1.30653,1.30697,1.30653,1.30687,478.77
1372722300000,1.30686,1.30695,1.30662,1.30679,443.4
1372723200000,1.30678,1.3068,1.30628,1.3065,542
1372724100000,1.30652,1.30675,1.30619,1.30675,697.7
1372725000000,1.30674,1.30677,1.30621,1.30628,627.11
1372725900000,1.30628,1.30644,1.30598,1.30611,812.72
1372726800000,1.30611,1.30612,1.30561,1.30567,595.22
1372727700000,1.30567,1.30609,1.30566,1.30597,533.09
1372728600000,1.30597,1.30617,1.3057,1.30575,453.12
1372729500000,1.30575,1.30587,1.30527,1.30534,630.9
1372730400000,1.30531,1.30547,1.30495,1.30539,1219.36
1372731300000,1.30539,1.30551,1.30521,1.30551,817.38
1372732200000,1.3055,1.30564,1.30534,1.30542,600.48
1372733100000,1.30542,1.30594,1.30537,1.30588,529.21
1372734000000,1.30589,1.30609,1.30574,1.30604,664.07
1372734900000,1.30604,1.30619,1.30592,1.30606,647.57
1372735800000,1.30605,1.30635,1.30596,1.30633,413.9
1372736700000,1.30633,1.30649,1.30612,1.30615,441.29
1372737600000,1.30616,1.30627,1.30614,1.30625,159.69
1372738500000,1.30625,1.30629,1.30605,1.30607,321.22
1372739400000,1.3061,1.30648,1.30562,1.3058,1535.84
1372740300000,1.30579,1.30593,1.30545,1.30565,1227.51
1372741200000,1.30565,1.3059,1.30556,1.30562,1204.26
1372742100000,1.30562,1.30596,1.30554,1.30593,612.67
1372743000000,1.30593,1.3067,1.30591,1.30616,1183.48
1372743900000,1.30616,1.30655,1.30613,1.30644,834.02
1372744800000,1.30644,1.30685,1.3061,1.30623,1643.23
1372745700000,1.30624,1.30655,1.30594,1.30647,1410.36
1372746600000,1.30649,1.3069,1.30634,1.30688,1364.74
1372747500000,1.30687,1.30779,1.30667,1.30757,3076.12
1372748400000,1.30756,1.30766,1.30662,1.30693,2752.9
1372749300000,1.30694,1.30706,1.30585,1.30625,2464.16
1372750200000,1.30628,1.30635,1.30552,1.30589,2508.42
1372751100000,1.30588,1.30614,1.30531,1.30568,2558.18
1372752000000,1.30568,1.30644,1.30552,1.30614,2358.29
1372752900000,1.30615,1.30617,1.30457,1.30481,2965.92
1372753800000,1.3048,1.3048,1.30261,1.30296,4395.69
1372754700000,1.30295,1.30324,1.30215,1.30221,3097.26
1372755600000,1.30223,1.30335,1.30173,1.30318,3161.1
1372756500000,1.30321,1.30338,1.30251,1.30277,2152.43
1372757400000,1.30277,1.30287,1.30205,1.30287,2504.79
1372758300000,1.30285,1.30299,1.3019,1.30261,2235.29
1372759200000,1.3026,1.30301,1.30257,1.30286,2280.28
1372760100000,1.30285,1.30303,1.30239,1.30297,1446.83
1372761000000,1.30291,1.30336,1.30278,1.30312,1648
1372761900000,1.30312,1.30312,1.30251,1.30289,1788.01
1372762800000,1.30288,1.30314,1.30268,1.3028,1617.34
1372763700000,1.3028,1.303,1.30254,1.30285,1959.5
1372764600000,1.30285,1.30292,1.30205,1.30257,2579.83
1372765500000,1.30256,1.30314,1.3025,1.30287,1694.13
1372766400000,1.30285,1.30297,1.30129,1.30176,3412.63
1372767300000,1.30177,1.30216,1.30028,1.30028,3022.1
1372768200000,1.30026,1.30068,1.29998,1.30045,4444.28
1372769100000,1.30044,1.3005,1.2992,1.30025,4446.38
1372770000000,1.30026,1.30077,1.29996,1.30062,3003.23
1372770900000,1.3006,1.30061,1.2996,1.29995,3016.46
1372771800000,1.29995,1.30042,1.299,1.30001,4826.15
1372772700000,1.30002,1.30119,1.30002,1.30044,3976.6
1372773600000,1.30043,1.30129,1.30001,1.30078,4598.54
1372774500000,1.30079,1.3025,1.30078,1.3025,4399.68
1372775400000,1.30251,1.30307,1.30243,1.30279,3852.08
1372776300000,1.3028,1.30356,1.30237,1.30335,3650.05
1372777200000,1.30335,1.30378,1.30256,1.30263,3296.93
1372778100000,1.30265,1.30326,1.30256,1.30326,2594.24
1372779000000,1.30326,1.30338,1.30253,1.3027,1598.59
1372779900000,1.3027,1.30286,1.30125,1.30165,2772.91
1372780800000,1.30166,1.30216,1.30095,1.30111,2278.2
1372781700000,1.30112,1.30137,1.3005,1.301,1901.89
1372782600000,1.30099,1.30193,1.30088,1.3017,2289.02
1372783500000,1.30169,1.30246,1.30165,1.30195,1692.11
1372784400000,1.30193,1.30219,1.30127,1.30137,1438.17
1372785300000,1.30138,1.30152,1.30086,1.30088,1580.22
1372786200000,1.30088,1.30108,1.29966,1.30008,2310.52
1372787100000,1.30008,1.30061,1.29944,1.3003,2514.56
1372788000000,1.3003,1.30037,1.29953,1.29956,1469.24
1372788900000,1.29957,1.29975,1.29912,1.29972,1531.34
1372789800000,1.29972,1.29997,1.29734,1.29759,2824.3
1372790700000,1.2976,1.29793,1.2969,1.29774,2363.8
1372791600000,1.29774,1.29793,1.29634,1.29705,2244.68
1372792500000,1.29708,1.29814,1.29703,1.29773,1352.54
1372793400000,1.29771,1.29807,1.29751,1.29771,908.18
1372794300000,1.29769,1.29782,1.29748,1.29753,777.64
1372795200000,1.29753,1.29771,1.29748,1.29752,536.99
1372796100000,1.29754,1.29756,1.29723,1.2973,559.89
1372797000000,1.29731,1.29765,1.29725,1.29764,531.23
1372797900000,1.29764,1.29794,1.29763,1.2978,615.15
1372798800000,1.29784,1.29819,1.29766,1.29789,378.15
1372799700000,1.29789,1.29801,1.29776,1.29799,378.1
1372800600000,1.29799,1.29808,1.29766,1.2979,609.94
1372801500000,1.29789,1.29832,1.2977,1.29816,799.66
1372802400000,1.29816,1.29834,1.29799,1.2983,562.44
1372803300000,1.2983,1.2983,1.29798,1.29801,386.16
1372804200000,1.29802,1.29803,1.29797,1.298,187.33
1372805100000,1.298,1.29803,1.29766,1.29771,497.2
1372806000000,1.29772,1.29778,1.29739,1.29748,533.88
1372806900000,1.29747,1.29791,1.29734,1.29781,550.45
1372807800000,1.29781,1.29785,1.29719,1.29756,515.16
1372808700000,1.29757,1.29757,1.29735,1.29748,334.27
1372809600000,1.29745,1.29768,1.29714,1.29732,932.33
1372810500000,1.29732,1.29735,1.29684,1.29684,1019.56
1372811400000,1.29685,1.29701,1.29657,1.29679,1074.01
1372812300000,1.29678,1.29701,1.29662,1.29665,914.68
1372813200000,1.29665,1.29735,1.29661,1.29732,956.54
1372814100000,1.29731,1.29773,1.29728,1.29761,1015.67
1372815000000,1.29762,1.2981,1.29742,1.29757,1951.61
1372815900000,1.29757,1.2976,1.29715,1.29724,1019.06
1372816800000,1.29726,1.2976,1.29704,1.29706,1238.14
1372817700000,1.29706,1.29774,1.29705,1.29754,853.93
1372818600000,1.29754,1.29765,1.29713,1.2973,682.32
1372819500000,1.2973,1.29756,1.29696,1.29727,1054.46
1372820400000,1.29727,1.29732,1.2968,1.29719,1312.72
1372821300000,1.29717,1.29743,1.29696,1.29722,716.94
1372822200000,1.29723,1.29726,1.29704,1.29718,891.83
1372823100000,1.29716,1.29735,1.29704,1.29725,920.13
1372824000000,1.29726,1.29727,1.29675,1.2968,631.98
1372824900000,1.2968,1.29704,1.29678,1.29695,813.69
1372825800000,1.29694,1.29717,1.29688,1.29699,603.71
1372826700000,1.297,1.29748,1.29693,1.2974,791.91
1372827600000,1.2974,1.29749,1.29709,1.29739,427.83
1372828500000,1.2974,1.29745,1.29705,1.29712,523.72
1372829400000,1.29712,1.29738,1.29617,1.29644,1693.39
1372830300000,1.29644,1.29674,1.29639,1.29642,1962.67
1372831200000,1.29641,1.29697,1.2964,1.29689,2117.6
1372832100000,1.29689,1.29706,1.29653,1.29703,1932.2
1372833000000,1.29702,1.29797,1.29687,1.29751,3030.07
1372833900000,1.29751,1.29785,1.29727,1.29772,2628.62
1372834800000,1.29773,1.29773,1.29557,1.29583,4367.57
1372835700000,1.29584,1.29642,1.2946,1.29508,5083.33
1372836600000,1.29507,1.2959,1.29419,1.29425,4740.43
1372837500000,1.29425,1.295,1.29229,1.29285,5752.58
1372838400000,1.29285,1.29388,1.29275,1.29298,4897.95
1372839300000,1.29299,1.29395,1.29275,1.29375,3872.97
1372840200000,1.29375,1.29446,1.29362,1.29405,3853.3
1372841100000,1.29405,1.29565,1.29388,1.29552,4495.12
1372842000000,1.29552,1.29659,1.2952,1.29546,3765.39
1372842900000,1.29546,1.29598,1.29505,1.29507,2409
1372843800000,1.29507,1.29587,1.29481,1.29548,2874.55
1372844700000,1.29548,1.29656,1.29546,1.29593,2888.5
1372845600000,1.29593,1.29687,1.29565,1.29676,3857.33
1372846500000,1.29677,1.29685,1.29617,1.29673,2978.31
1372847400000,1.29673,1.2971,1.29589,1.29593,2766.1
1372848300000,1.29593,1.29599,1.29535,1.29598,2493.03
1372849200000,1.29597,1.29682,1.29576,1.29678,2620.76
1372850100000,1.29677,1.29735,1.29601,1.29618,3487.63
1372851000000,1.29618,1.2962,1.29563,1.29571,2425.12
1372851900000,1.29571,1.29617,1.2953,1.29596,2875.83
1372852800000,1.29595,1.29672,1.29565,1.29625,3138.07
1372853700000,1.2962,1.29838,1.29445,1.29749,6296.53
1372854600000,1.29748,1.29805,1.2962,1.29695,5087.79
1372855500000,1.29695,1.29827,1.29695,1.2973,3965.14
1372856400000,1.29731,1.29744,1.29555,1.29603,3619.41
1372857300000,1.29603,1.29677,1.29577,1.29635,3160.5
1372858200000,1.29635,1.2972,1.29634,1.2968,2790.2
1372859100000,1.2968,1.29745,1.29671,1.29688,2742.52
1372860000000,1.29696,1.29891,1.29696,1.29848,5382.44
1372860900000,1.29848,1.29875,1.29768,1.29822,2851.39
1372861800000,1.29825,1.29844,1.29713,1.29719,2725.41
1372862700000,1.2972,1.29745,1.29677,1.29715,2841.43
1372863600000,1.29715,1.30288,1.29712,1.30198,6606.12
1372864500000,1.30197,1.3024,1.30075,1.30096,4773.86
1372865400000,1.30096,1.3016,1.30031,1.30067,2847.6
1372866300000,1.3007,1.30082,1.3002,1.30042,1481.42
1372867200000,1.3004,1.30153,1.30034,1.30124,2288.28
1372868100000,1.30124,1.30124,1.3003,1.30084,1909.13
1372869000000,1.30084,1.30143,1.30071,1.30103,2122.46
1372869900000,1.30101,1.30142,1.30051,1.3013,1770.23
1372870800000,1.3013,1.30132,1.30061,1.30071,1161.65
1372871700000,1.3007,1.30126,1.3004,1.30122,1127.54
1372872600000,1.30122,1.3013,1.30051,1.30078,491.98
1372873500000,1.30076,1.30093,1.3006,1.30064,513.4
1372874400000,1.30066,1.30081,1.30047,1.30065,657.81
1372875300000,1.30065,1.30131,1.30056,1.30129,810.57
1372876200000,1.3013,1.3013,1.30011,1.3002,1137.41
1372877100000,1.30019,1.30025,1.2997,1.30009,815.52
1372878000000,1.30009,1.30086,1.29995,1.30069,645.5
1372878900000,1.30067,1.30073,1.30044,1.3007,491.95
1372879800000,1.3007,1.30141,1.30068,1.30141,545.64
1372880700000,1.30134,1.30134,1.30083,1.30116,503.68
1372881600000,1.30116,1.30131,1.30057,1.30061,618.36
1372882500000,1.30061,1.30117,1.30059,1.30114,563.97
1372883400000,1.30114,1.30125,1.30095,1.30104,362.64
1372884300000,1.30104,1.30118,1.30092,1.30092,300.45
1372885200000,1.30106,1.30106,1.30072,1.30085,349.08
1372886100000,1.30085,1.3013,1.30083,1.30109,826.06
1372887000000,1.30112,1.30125,1.3007,1.3008,396.07
1372887900000,1.30074,1.30092,1.30065,1.30083,161.45
1372888800000,1.30084,1.30113,1.30069,1.30077,556.62
1372889700000,1.30077,1.30088,1.30047,1.30087,626.56
1372890600000,1.30087,1.3009,1.30071,1.3008,267.5
1372891500000,1.30081,1.30118,1.30076,1.3009,291.33
1372892400000,1.30089,1.30101,1.30083,1.30088,397.6
1372893300000,1.3009,1.30156,1.30088,1.30137,606.22
1372894200000,1.30137,1.30187,1.30136,1.3017,346.1
1372895100000,1.30169,1.30233,1.30163,1.30208,724.16
1372896000000,1.30208,1.30208,1.301,1.30122,1147.85
1372896900000,1.30123,1.30148,1.30111,1.30132,854.18
1372897800000,1.30132,1.30132,1.30068,1.30068,1092.15
1372898700000,1.30068,1.30077,1.3001,1.30038,1141.88
1372899600000,1.3004,1.30054,1.30021,1.30041,1055.1
1372900500000,1.3004,1.30051,1.30012,1.30027,1208.51
1372901400000,1.30028,1.3003,1.29981,1.29989,917.11
1372902300000,1.29989,1.30006,1.29978,1.29983,957.74
1372903200000,1.29983,1.29994,1.2993,1.29945,1428.22
1372904100000,1.29945,1.29953,1.29918,1.29931,874.3
1372905000000,1.29931,1.2995,1.29911,1.29944,702.35
1372905900000,1.29942,1.29964,1.29922,1.29951,884.47
1372906800000,1.29952,1.30054,1.29951,1.30022,1150.48
1372907700000,1.30023,1.30033,1.2998,1.29993,1093.6
1372908600000,1.29995,1.30002,1.29937,1.29949,935.96
1372909500000,1.29949,1.29981,1.2994,1.29951,537.35
1372910400000,1.29951,1.29951,1.29879,1.29879,917.62
1372911300000,1.29879,1.29955,1.29873,1.29927,843.52
1372912200000,1.29926,1.2994,1.29899,1.29915,789.53
1372913100000,1.29914,1.29932,1.29882,1.29893,871.24
1372914000000,1.29896,1.29914,1.29884,1.29912,1013.7
1372914900000,1.29912,1.29956,1.29906,1.29956,816.15
1372915800000,1.29956,1.30013,1.2995,1.29984,1177.22
1372916700000,1.29984,1.30023,1.29954,1.29974,1133.5
1372917600000,1.29974,1.30015,1.29945,1.29982,1707.87
1372918500000,1.29982,1.29995,1.29939,1.29974,1297.84
1372919400000,1.29974,1.29975,1.29909,1.29973,2179.53
1372920300000,1.29974,1.30043,1.29973,1.3001,2069.51
1372921200000,1.30008,1.30008,1.29855,1.29865,3328.32
1372922100000,1.29864,1.29976,1.29862,1.29911,2740.39
1372923000000,1.29911,1.29927,1.29836,1.29923,2562.06
1372923900000,1.29924,1.29964,1.29896,1.29903,1861.98
1372924800000,1.29903,1.29965,1.29862,1.29905,1928.44
1372925700000,1.29905,1.29988,1.29881,1.29977,2072.89
1372926600000,1.29975,1.30043,1.29952,1.30014,2414.99
1372927500000,1.30014,1.30031,1.29955,1.29965,1942.38
1372928400000,1.29964,1.29993,1.29936,1.29951,1635.34
1372929300000,1.29951,1.30025,1.29945,1.30023,1328.38
1372930200000,1.30024,1.3003,1.29954,1.29955,1457.48
1372931100000,1.29956,1.30068,1.29954,1.30004,1858.87
1372932000000,1.30004,1.30032,1.2998,1.2998,1187.67
1372932900000,1.29981,1.30044,1.2998,1.30044,1235.72
1372933800000,1.30045,1.30076,1.30023,1.30062,1544.62
1372934700000,1.30063,1.30063,1.30018,1.3004,1276.74
1372935600000,1.3004,1.30172,1.2996,1.30004,4639.49
1372936500000,1.30004,1.3015,1.29975,1.29991,2637.43
1372937400000,1.29993,1.30038,1.29901,1.29924,2909.5
1372938300000,1.29925,1.30015,1.29797,1.29854,2640.17
1372939200000,1.29855,1.29939,1.29836,1.29839,1847.32
1372940100000,1.29837,1.29882,1.29795,1.29815,2054.26
1372941000000,1.29815,1.29861,1.2907,1.29122,7903.67
1372941900000,1.29124,1.29124,1.28842,1.28874,7711.97
1372942800000,1.28874,1.29104,1.2883,1.29056,5084.29
1372943700000,1.29056,1.29129,1.28931,1.29108,4145.61
1372944600000,1.29108,1.2914,1.28964,1.29063,3692.37
1372945500000,1.29063,1.29168,1.2902,1.29143,3380.17
1372946400000,1.29145,1.29162,1.28985,1.29004,3423.28
1372947300000,1.29005,1.29095,1.28985,1.29086,2655.94
1372948200000,1.29087,1.29134,1.29031,1.29086,2643.1
1372949100000,1.29086,1.29132,1.29062,1.29126,2251.47
1372950000000,1.29125,1.29283,1.29119,1.29199,2956.7
1372950900000,1.29199,1.29239,1.29149,1.29232,1713.54
1372951800000,1.2923,1.29264,1.29152,1.29153,1537.45
1372952700000,1.29149,1.29234,1.29135,1.29172,1582.56
1372953600000,1.2917,1.29242,1.29164,1.29239,926.4
1372954500000,1.2924,1.29302,1.2924,1.29299,1088.67
1372955400000,1.29299,1.29312,1.29239,1.29286,1145.56
1372956300000,1.29289,1.2932,1.29207,1.29213,1384.44
1372957200000,1.29215,1.2924,1.29121,1.29136,1021.03
1372958100000,1.29136,1.29167,1.29123,1.29148,577.34
1372959000000,1.29148,1.29177,1.29122,1.29165,412.23
1372959900000,1.29167,1.2919,1.29113,1.29139,406.27
1372960800000,1.29143,1.2921,1.29143,1.2919,360.47
1372961700000,1.29189,1.29203,1.29183,1.29188,112.46
1372962600000,1.29188,1.29214,1.29135,1.29173,417.89
1372963500000,1.29174,1.29187,1.29159,1.29171,234.03
1372964400000,1.29171,1.29209,1.29166,1.29202,116.99
1372965300000,1.29203,1.29213,1.2912,1.29151,343.02
1372966200000,1.29151,1.29159,1.29125,1.29146,272.08
1372967100000,1.29146,1.29146,1.29115,1.29115,155.29
1372968000000,1.29119,1.29155,1.2911,1.29153,203.37
1372968900000,1.29152,1.29159,1.29136,1.29146,143.28
1372969800000,1.29146,1.29187,1.29125,1.29126,247.52
1372970700000,1.29126,1.29156,1.29117,1.29134,400.39
1372971600000,1.29134,1.29156,1.29115,1.29149,167.18
1372972500000,1.2915,1.29165,1.2913,1.29144,235.6
1372973400000,1.29144,1.29144,1.29115,1.2912,522.92
1372974300000,1.29119,1.29123,1.29105,1.2912,105.19
1372975200000,1.2912,1.29167,1.29119,1.29119,612.96
1372976100000,1.29119,1.29119,1.2907,1.29078,737.51
1372977000000,1.29077,1.29105,1.2906,1.29095,501.75
1372977900000,1.29097,1.29126,1.29042,1.29042,586.06
1372978800000,1.29042,1.29076,1.29011,1.29038,823.99
1372979700000,1.29037,1.29044,1.29015,1.29022,488.28
1372980600000,1.29023,1.29024,1.28913,1.28916,1052.7
1372981500000,1.28915,1.28944,1.2888,1.28924,1112.63
1372982400000,1.28924,1.28964,1.2892,1.28935,1134.52
1372983300000,1.28935,1.29004,1.28923,1.28995,968.68
1372984200000,1.28994,1.29045,1.28985,1.29027,1181.94
1372985100000,1.29026,1.29031,1.28952,1.28975,1155.7
1372986000000,1.28973,1.29012,1.28956,1.2898,1006.11
1372986900000,1.28981,1.29013,1.28953,1.28968,838.22
1372987800000,1.28966,1.29053,1.28936,1.29036,1389.78
1372988700000,1.29037,1.29037,1.29001,1.29025,801.91
1372989600000,1.29024,1.29026,1.28993,1.29003,607.98
1372990500000,1.29003,1.29016,1.2899,1.28994,350.33
1372991400000,1.28995,1.29003,1.2897,1.28975,545.85
1372992300000,1.28976,1.29002,1.28965,1.28978,927.58
1372993200000,1.28978,1.29007,1.28951,1.28985,874.57
1372994100000,1.28986,1.29014,1.28983,1.29001,618.88
1372995000000,1.29002,1.29004,1.28971,1.28971,562.52
1372995900000,1.28973,1.28994,1.28973,1.28981,731.15
1372996800000,1.2898,1.29009,1.28974,1.29006,678.71
1372997700000,1.29008,1.29015,1.28996,1.29012,516.25
1372998600000,1.29013,1.29013,1.28986,1.28993,621.85
1372999500000,1.28993,1.29029,1.28989,1.29029,789.47
1373000400000,1.29031,1.29031,1.28986,1.29002,474.69
1373001300000,1.29004,1.29025,1.2896,1.28961,664.38
1373002200000,1.28961,1.28965,1.28905,1.28915,1154.05
1373003100000,1.28916,1.28962,1.28915,1.28956,759.11
1373004000000,1.28957,1.28973,1.28922,1.28927,1503.62
1373004900000,1.28926,1.28981,1.28916,1.28963,1856.32
1373005800000,1.28963,1.28986,1.28956,1.28984,1327.91
1373006700000,1.28985,1.29,1.28942,1.28948,1398.63
1373007600000,1.28949,1.28954,1.2884,1.28853,3074.88
1373008500000,1.28852,1.28974,1.28846,1.28953,3157.22
1373009400000,1.28953,1.28964,1.2887,1.28897,2229.3
1373010300000,1.28896,1.28896,1.28776,1.28832,3707.9
1373011200000,1.28833,1.28902,1.2881,1.28888,2409.76
1373012100000,1.28889,1.28902,1.28859,1.28875,2404.8
1373013000000,1.28876,1.28879,1.2872,1.28745,2962.87
1373013900000,1.28745,1.28821,1.28688,1.28807,3791.76
1373014800000,1.2881,1.2881,1.28715,1.28724,2250.87
1373015700000,1.28723,1.28771,1.28701,1.28743,2552.86
1373016600000,1.28741,1.28804,1.28739,1.28773,2092.54
1373017500000,1.28773,1.28817,1.28767,1.28783,2199.36
1373018400000,1.28781,1.28799,1.28688,1.2879,2817.59
1373019300000,1.2879,1.28822,1.28758,1.28807,2148.97
1373020200000,1.28808,1.28825,1.28772,1.28798,1661.9
1373021100000,1.28796,1.28873,1.28792,1.28825,2377.01
1373022000000,1.28824,1.28837,1.28764,1.2879,2411.99
1373022900000,1.28789,1.28827,1.28714,1.28805,2693.88
1373023800000,1.28805,1.2886,1.2879,1.28847,2056.99
1373024700000,1.28847,1.28897,1.28834,1.28844,2559.8
1373025600000,1.28844,1.28968,1.28811,1.28826,4112.35
1373026500000,1.28828,1.2891,1.28779,1.28792,3937.64
1373027400000,1.28792,1.28798,1.28136,1.28336,7905.21
1373028300000,1.28332,1.28343,1.28085,1.28252,7157.82
1373029200000,1.2825,1.28296,1.28063,1.28276,7202.34
1373030100000,1.28274,1.2839,1.28248,1.28384,5693.79
1373031000000,1.28383,1.28435,1.28265,1.28327,4918.95
1373031900000,1.28327,1.28355,1.28228,1.28274,4805.4
1373032800000,1.28273,1.28442,1.2826,1.28403,4994.59
1373033700000,1.28403,1.28424,1.28275,1.28378,4677.22
1373034600000,1.28379,1.28441,1.28325,1.2833,4110.73
1373035500000,1.28332,1.28363,1.28278,1.28351,3752.34
1373036400000,1.28351,1.28372,1.28301,1.28369,3362.79
1373037300000,1.28369,1.28396,1.28327,1.28374,2500.97
1373038200000,1.28375,1.2839,1.28316,1.28321,2527.14
1373039100000,1.28321,1.28377,1.28299,1.28306,2068.57
1373040000000,1.28306,1.28321,1.28182,1.28196,2338.56
1373040900000,1.28195,1.28224,1.28173,1.28204,1227.61
1373041800000,1.28202,1.28311,1.28188,1.28311,1595.52
1373042700000,1.2831,1.28334,1.28294,1.28327,1489.75
1373043600000,1.28325,1.28357,1.28268,1.28343,1451.68
1373044500000,1.28342,1.28363,1.28294,1.28321,1122.22
1373045400000,1.2832,1.28343,1.28311,1.28329,733.35
1373046300000,1.2833,1.28346,1.28311,1.28336,728.38
1373047200000,1.28338,1.28341,1.28294,1.28317,1064.35
1373048100000,1.28317,1.28324,1.28279,1.28297,1038.6
1373049000000,1.28299,1.28299,1.2827,1.2828,727.5
1373049900000,1.28282,1.28325,1.28275,1.28306,956.95
1373050800000,1.28308,1.2833,1.28277,1.28303,565.51
1373051700000,1.28301,1.28314,1.2829,1.28311,423.21
1373052600000,1.28311,1.28319,1.2828,1.28305,566.96
1373053500000,1.28305,1.28329,1.2829,1.28297,647.63
1373054400000,1.28296,1.28308,1.28271,1.283,547.75
1373055300000,1.28306,1.28314,1.28289,1.28314,376.7
1373056200000,1.28314,1.28338,1.28294,1.28312,550.88
1373057100000,1.28312,1.28352,1.28291,1.28303,830.13
1373230800000,1.28106,1.28175,1.28106,1.28168,197.96
1373231700000,1.2817,1.2822,1.28168,1.28176,234.01
1373232600000,1.28172,1.28179,1.28121,1.28135,183.76
1373233500000,1.28133,1.28245,1.28131,1.28176,333.65
1373234400000,1.28191,1.28307,1.28191,1.2828,1484.88
1373235300000,1.28281,1.28327,1.2828,1.28292,583.43
1373236200000,1.2829,1.28305,1.28273,1.28305,378.14
1373237100000,1.28304,1.28309,1.28273,1.28277,540.23
1373238000000,1.28279,1.28282,1.28229,1.28233,415.18
1373238900000,1.28232,1.28239,1.28195,1.28203,851.69
1373239800000,1.28203,1.28234,1.28175,1.28175,517.57
1373240700000,1.28176,1.28183,1.28127,1.28128,741.71
1373241600000,1.28128,1.28278,1.28128,1.28255,1520.58
1373242500000,1.28255,1.2828,1.28201,1.28272,952.41
1373243400000,1.28272,1.2828,1.28239,1.28251,783.93
1373244300000,1.2825,1.28262,1.28238,1.28257,768.66
1373245200000,1.28255,1.28264,1.28234,1.28241,530.71
1373246100000,1.28243,1.28247,1.28185,1.28243,982.2
1373247000000,1.28243,1.28275,1.28221,1.28253,970.4
1373247900000,1.28253,1.28265,1.28235,1.2824,810.64
1373248800000,1.28241,1.28249,1.28217,1.28223,766.91
1373249700000,1.28224,1.28238,1.28215,1.28235,546.23
1373250600000,1.28237,1.28275,1.28232,1.28266,538.48
1373251500000,1.28267,1.2827,1.28245,1.28247,458.81
1373252400000,1.28247,1.28261,1.28235,1.28241,577.35
1373253300000,1.28239,1.28246,1.28186,1.28186,746.36
1373254200000,1.28188,1.28195,1.28164,1.28189,944.79
1373255100000,1.28189,1.28222,1.28189,1.28206,810.83
1373256000000,1.28207,1.28216,1.28166,1.28168,767.65
1373256900000,1.2817,1.28193,1.28152,1.28152,1239.52
1373257800000,1.28153,1.28185,1.28143,1.28149,761.48
1373258700000,1.2815,1.28154,1.28122,1.28125,508.25
1373259600000,1.28127,1.28167,1.28117,1.2815,831.36
1373260500000,1.28149,1.28198,1.28149,1.28167,910.88
1373261400000,1.28167,1.28192,1.28148,1.28172,733.25
1373262300000,1.28171,1.28199,1.28168,1.28199,482.21
1373263200000,1.282,1.28252,1.28146,1.28216,2303.91
1373264100000,1.28216,1.28301,1.28213,1.2829,1439.02
1373265000000,1.2829,1.2829,1.28183,1.2822,1869.8
1373265900000,1.28221,1.28275,1.28179,1.28265,2244.43
1373266800000,1.28265,1.2831,1.28245,1.28304,2680.62
1373267700000,1.28304,1.28355,1.28295,1.28349,2575.19
1373268600000,1.28349,1.28394,1.28334,1.28336,2527.91
1373269500000,1.28336,1.28365,1.28306,1.28306,2369.81
1373270400000,1.28306,1.2837,1.28292,1.28341,2323.1
1373271300000,1.28341,1.28384,1.28328,1.28345,1852.72
1373272200000,1.28345,1.28348,1.28277,1.28316,2972.02
1373273100000,1.28316,1.28388,1.28306,1.28384,1651.96
1373274000000,1.28382,1.28448,1.2837,1.28446,2237.03
1373274900000,1.28448,1.28451,1.28412,1.28423,3550.24
1373275800000,1.28424,1.28505,1.28424,1.28482,2821.18
1373276700000,1.28482,1.28496,1.28453,1.28479,1912.34
1373277600000,1.28479,1.28593,1.2844,1.28567,3953.68
1373278500000,1.28567,1.28589,1.28537,1.28568,1859.14
1373279400000,1.2857,1.28602,1.28539,1.28559,2067.02
1373280300000,1.2856,1.28561,1.2851,1.28515,1737.69
1373281200000,1.28515,1.28533,1.28505,1.28507,1864.61
1373282100000,1.28506,1.28517,1.2843,1.28437,2219.65
1373283000000,1.28437,1.28449,1.28383,1.28422,1870.61
1373283900000,1.28423,1.28474,1.28417,1.2843,2084.41
1373284800000,1.28428,1.28513,1.28413,1.28504,2851.06
1373285700000,1.28509,1.28551,1.28475,1.2848,3482
1373286600000,1.28482,1.28534,1.28457,1.28509,2475.2
1373287500000,1.28509,1.2852,1.2845,1.28456,2429.84
1373288400000,1.28456,1.28655,1.28433,1.28606,3087.93
1373289300000,1.28606,1.28697,1.2857,1.28593,3865.26
1373290200000,1.28593,1.2871,1.28589,1.28597,3708.2
1373291100000,1.28598,1.28682,1.28572,1.28682,2821.34
1373292000000,1.28682,1.28749,1.28585,1.28588,3586.94
1373292900000,1.28589,1.28611,1.28526,1.28601,3061.77
1373293800000,1.286,1.28693,1.286,1.28652,3116.01
1373294700000,1.2865,1.28697,1.28625,1.28642,2727.62
1373295600000,1.28641,1.28786,1.2864,1.2873,3348.13
1373296500000,1.28727,1.28767,1.28679,1.28698,2668.7
1373297400000,1.28698,1.28766,1.2867,1.28674,1878.72
1373298300000,1.28674,1.28674,1.28595,1.2863,1814.82
1373299200000,1.2863,1.28636,1.28589,1.28615,1781.2
1373300100000,1.28614,1.28726,1.28591,1.28706,1232.63
1373301000000,1.28706,1.28741,1.28699,1.28724,1028.55
1373301900000,1.28725,1.28747,1.2866,1.28673,1129.01
1373302800000,1.28669,1.28701,1.28661,1.28677,1187.97
1373303700000,1.28677,1.28686,1.28617,1.2862,930.85
1373304600000,1.28625,1.28629,1.2858,1.28596,899.58
1373305500000,1.28596,1.28602,1.28558,1.28597,799.43
1373306400000,1.28597,1.28674,1.28592,1.28671,693.86
1373307300000,1.28669,1.287,1.28669,1.28689,923.93
1373308200000,1.2869,1.28753,1.28689,1.28725,1148.19
1373309100000,1.28726,1.2875,1.28714,1.28746,665.36
1373310000000,1.28746,1.28819,1.28737,1.28797,1154
1373310900000,1.28796,1.288,1.28777,1.2878,621.41
1373311800000,1.28782,1.28782,1.28716,1.28717,979.75
1373312700000,1.28719,1.28725,1.28691,1.28714,851.43
1373313600000,1.28715,1.2873,1.28705,1.28705,500.76
1373314500000,1.28705,1.28712,1.28675,1.28699,670.44
1373315400000,1.28698,1.2872,1.28678,1.28696,643.59
1373316300000,1.28697,1.28706,1.28664,1.28704,766.39
1373317200000,1.28705,1.28705,1.28664,1.28672,377.68
1373318100000,1.28672,1.28673,1.28648,1.2866,355.29
1373319000000,1.28662,1.2869,1.28655,1.2869,414.06
1373319900000,1.28689,1.28691,1.2864,1.2868,990.43
1373320800000,1.28679,1.2871,1.28665,1.28693,691.11
1373321700000,1.28693,1.2871,1.28688,1.28693,248.09
1373322600000,1.28695,1.28698,1.28685,1.28693,289.69
1373323500000,1.28694,1.2871,1.28684,1.28685,416.62
1373324400000,1.28686,1.28686,1.28653,1.28654,339.22
1373325300000,1.28654,1.28674,1.2865,1.28666,432.87
1373326200000,1.28666,1.28666,1.28628,1.28633,395.8
1373327100000,1.28634,1.28646,1.28599,1.28606,722.18
1373328000000,1.28606,1.28633,1.28553,1.28565,941.03
1373328900000,1.28567,1.28576,1.28515,1.28546,1147.76
1373329800000,1.28547,1.28547,1.28471,1.28481,887.27
1373330700000,1.2848,1.28497,1.2846,1.28496,1337.25
1373331600000,1.28496,1.28515,1.28483,1.28507,790.38
1373332500000,1.28508,1.28553,1.28498,1.28547,722.25
1373333400000,1.28548,1.2858,1.28475,1.28478,1679.53
1373334300000,1.28477,1.28553,1.28475,1.28543,1004.34
1373335200000,1.28543,1.28586,1.28537,1.2857,898.12
1373336100000,1.28571,1.28603,1.28492,1.285,972.84
1373337000000,1.28501,1.28531,1.28483,1.2849,1018.04
1373337900000,1.2849,1.28518,1.28485,1.28507,878.99
1373338800000,1.28507,1.2855,1.28507,1.28526,761.27
1373339700000,1.28527,1.28563,1.28525,1.28549,760.8
1373340600000,1.28547,1.2859,1.28534,1.28581,831.29
1373341500000,1.28581,1.28622,1.28571,1.28609,603.35
1373342400000,1.28609,1.28628,1.28584,1.28587,894.46
1373343300000,1.28587,1.2862,1.28574,1.2861,586.59
1373344200000,1.28609,1.28632,1.28594,1.28629,653.04
1373345100000,1.28628,1.28629,1.28596,1.286,474.46
1373346000000,1.28601,1.28689,1.28601,1.28681,986.3
1373346900000,1.28681,1.28681,1.28656,1.28658,674.06
1373347800000,1.28658,1.28884,1.28656,1.28865,2228.7
1373348700000,1.28867,1.2887,1.28829,1.28845,1450.98
1373349600000,1.28842,1.28861,1.288,1.28839,2268.46
1373350500000,1.2884,1.2894,1.28823,1.28823,2553.01
1373351400000,1.28824,1.28906,1.28818,1.28873,2160.92
1373352300000,1.28872,1.2898,1.2884,1.28944,3312.38
1373353200000,1.28942,1.28958,1.28762,1.28814,3387.1
1373354100000,1.28815,1.28881,1.28771,1.28851,2551.24
1373355000000,1.28852,1.28897,1.28713,1.28713,2551.74
1373355900000,1.28713,1.28763,1.28705,1.28759,1967.86
1373356800000,1.28759,1.28823,1.28755,1.28781,2234.35
1373357700000,1.28782,1.28878,1.28781,1.28869,2284.66
1373358600000,1.28868,1.28868,1.28749,1.28841,3142.96
1373359500000,1.28835,1.28874,1.2867,1.28738,3891.45
1373360400000,1.28735,1.28747,1.28675,1.28743,2828.12
1373361300000,1.28743,1.28791,1.28707,1.28729,2575.42
1373362200000,1.28728,1.28757,1.28717,1.28729,1864.59
1373363100000,1.28729,1.28744,1.28685,1.28699,2039.02
1373364000000,1.28699,1.2871,1.28596,1.28623,3335.58
1373364900000,1.28623,1.28675,1.28617,1.28625,1776.8
1373365800000,1.28626,1.28658,1.28578,1.2864,2481.36
1373366700000,1.28639,1.28654,1.28599,1.28622,1909.12
1373367600000,1.28621,1.28676,1.28613,1.2867,2029.28
1373368500000,1.28672,1.28687,1.28575,1.28659,3123.96
1373369400000,1.28658,1.28706,1.28646,1.2868,2348.35
1373370300000,1.28681,1.28706,1.28641,1.28648,1955.52
1373371200000,1.28648,1.2865,1.28541,1.28566,2578.75
1373372100000,1.28567,1.28622,1.28516,1.28532,2712.91
1373373000000,1.28532,1.28612,1.28522,1.28594,3235.69
1373373900000,1.28593,1.28623,1.28538,1.28579,3561.55
1373374800000,1.2858,1.28599,1.28514,1.2857,3121.06
1373375700000,1.28571,1.28643,1.28554,1.28604,2868.86
1373376600000,1.28603,1.28639,1.2854,1.28569,3776.76
1373377500000,1.28569,1.28587,1.28527,1.28534,2499.28
1373378400000,1.28531,1.2854,1.28305,1.28383,5289.62
1373379300000,1.28383,1.28423,1.28047,1.28102,6972.52
1373380200000,1.28102,1.28102,1.27865,1.27881,6758.12
1373381100000,1.27881,1.27881,1.27766,1.27858,5095.15
1373382000000,1.27857,1.2792,1.27786,1.2779,4891.37
1373382900000,1.27787,1.27843,1.27683,1.27796,4508.21
1373383800000,1.27797,1.27811,1.27621,1.27694,4250.39
1373384700000,1.27693,1.27755,1.2765,1.27734,3010.61
1373385600000,1.27734,1.27766,1.27722,1.27758,2033.36
1373386500000,1.27757,1.27942,1.27753,1.27811,3864.07
1373387400000,1.27811,1.27893,1.2779,1.27892,1667.44
1373388300000,1.27892,1.27919,1.27853,1.27912,1281.22
1373389200000,1.27911,1.27911,1.27792,1.27827,1737.01
1373390100000,1.27828,1.27894,1.27819,1.27874,1002.55
1373391000000,1.27875,1.27875,1.27552,1.27736,4525.51
1373391900000,1.27737,1.2775,1.27674,1.27704,1758.1
1373392800000,1.27704,1.2777,1.27704,1.27759,1160.81
1373393700000,1.27759,1.27899,1.27757,1.27887,1770.57
1373394600000,1.27887,1.2789,1.27812,1.27822,1236.86
1373395500000,1.27821,1.27902,1.27818,1.27872,1188.88
1373396400000,1.27873,1.27916,1.27858,1.27869,1032.88
1373397300000,1.27869,1.27906,1.27847,1.27875,1177.7
1373398200000,1.27875,1.27899,1.27867,1.27867,1321.74
1373399100000,1.27868,1.27871,1.27827,1.27857,1068.31
1373400000000,1.27856,1.27856,1.27795,1.27814,998.25
1373400900000,1.27814,1.27842,1.27802,1.27805,706.06
1373401800000,1.27807,1.27837,1.27792,1.2781,623.25
1373402700000,1.2781,1.2783,1.278,1.2781,502.42
1373403600000,1.2781,1.27857,1.27804,1.27854,300.09
1373404500000,1.27854,1.27863,1.27843,1.27843,224.58
1373405400000,1.27843,1.27863,1.27839,1.27859,432.1
1373406300000,1.27859,1.27872,1.27853,1.27863,338.1
1373407200000,1.27864,1.27864,1.27815,1.27835,653.15
1373408100000,1.27836,1.27842,1.27807,1.27817,483.64
1373409000000,1.27817,1.27821,1.27794,1.27801,251.3
1373409900000,1.27802,1.27827,1.27789,1.27825,413.6
1373410800000,1.27822,1.27833,1.27796,1.278,572.97
1373411700000,1.278,1.27824,1.27797,1.2782,437.53
1373412600000,1.2782,1.27822,1.27779,1.27804,657.34
1373413500000,1.27803,1.27812,1.27749,1.27766,943.41
1373414400000,1.27769,1.27823,1.27769,1.2781,1434.59
1373415300000,1.27808,1.27848,1.27797,1.27808,997.15
1373416200000,1.2781,1.27815,1.27762,1.27762,866.53
1373417100000,1.27763,1.27783,1.27728,1.27773,1793.16
1373418000000,1.27775,1.27782,1.27753,1.27769,924.35
1373418900000,1.27763,1.27786,1.27726,1.27786,927.84
1373419800000,1.27785,1.278,1.27753,1.27798,863.39
1373420700000,1.27798,1.27838,1.27794,1.27816,882.98
1373421600000,1.27818,1.27818,1.27648,1.27714,2274.78
1373422500000,1.27715,1.27735,1.27687,1.27708,1395.76
1373423400000,1.27708,1.27734,1.277,1.27726,639.73
1373424300000,1.27726,1.27755,1.27722,1.27753,476.41
1373425200000,1.27753,1.27816,1.27752,1.27783,843.08
1373426100000,1.27784,1.27786,1.27759,1.27768,488.49
1373427000000,1.27767,1.27772,1.27749,1.27752,464.97
1373427900000,1.27753,1.27801,1.27753,1.27785,519.15
1373428800000,1.27784,1.27813,1.2778,1.27811,902.35
1373429700000,1.27811,1.27811,1.27778,1.2779,831.65
1373430600000,1.27791,1.27795,1.27778,1.27795,595.36
1373431500000,1.27794,1.27814,1.27762,1.27779,1249.19
1373432400000,1.27778,1.27827,1.27738,1.27821,1933.67
1373433300000,1.27821,1.27914,1.27821,1.27863,1969.83
1373434200000,1.2786,1.27895,1.27843,1.27891,1418.9
1373435100000,1.27891,1.27997,1.27876,1.27918,2708.41
1373436000000,1.27917,1.27917,1.27832,1.27861,2768.12
1373436900000,1.2786,1.27936,1.2785,1.27932,1848.82
1373437800000,1.27933,1.28012,1.2792,1.27983,3137.03
1373438700000,1.27982,1.27986,1.2788,1.27904,2421.2
1373439600000,1.27905,1.27958,1.27809,1.27948,3355.16
1373440500000,1.2795,1.28076,1.2795,1.28058,4582.39
1373441400000,1.28058,1.28117,1.2804,1.28115,3814.65
1373442300000,1.28115,1.28127,1.28027,1.28104,3128.21
1373443200000,1.28105,1.28297,1.2806,1.28262,5146.84
1373444100000,1.28264,1.28266,1.28149,1.28159,3389.58
1373445000000,1.28161,1.2823,1.2812,1.28177,3359.55
1373445900000,1.28179,1.28236,1.28139,1.2823,3344.39
1373446800000,1.28232,1.28358,1.28187,1.28217,3852.64
1373447700000,1.28219,1.28243,1.28155,1.28163,2127.2
1373448600000,1.28164,1.28182,1.2811,1.2814,2007.07
1373449500000,1.2814,1.28158,1.2811,1.2813,1738.3
1373450400000,1.2813,1.28171,1.2813,1.28158,1424.5
1373451300000,1.28158,1.28209,1.28144,1.28174,1857.43
1373452200000,1.28172,1.28223,1.28158,1.28203,1619.36
1373453100000,1.28203,1.28222,1.28157,1.28187,1935.56
1373454000000,1.28186,1.28286,1.28171,1.28251,2386.22
1373454900000,1.28251,1.2832,1.28233,1.28236,2267.07
1373455800000,1.28236,1.28259,1.28194,1.28227,2646.7
1373456700000,1.28228,1.28279,1.28215,1.2824,2059.78
1373457600000,1.2824,1.2825,1.28103,1.28125,2920.26
1373458500000,1.28126,1.2817,1.28114,1.2814,2332.71
1373459400000,1.2814,1.28167,1.28109,1.28156,2613.41
1373460300000,1.28156,1.28266,1.28145,1.28203,3690.77
1373461200000,1.28198,1.28297,1.28163,1.28204,3075.24
1373462100000,1.28205,1.28248,1.28196,1.28217,2934.26
1373463000000,1.28216,1.28266,1.28138,1.28183,4097.98
1373463900000,1.28183,1.28307,1.2818,1.28282,3695.29
1373464800000,1.28282,1.28411,1.28282,1.28403,5278.04
1373465700000,1.28403,1.28433,1.28342,1.28366,4131.09
1373466600000,1.28368,1.28465,1.28366,1.28405,4116.88
1373467500000,1.28406,1.28577,1.28396,1.28577,5075.34
1373468400000,1.28575,1.28615,1.2851,1.2853,4198.16
1373469300000,1.2853,1.2853,1.28371,1.28409,3376.58
1373470200000,1.28409,1.28424,1.28344,1.28414,2144.42
1373471100000,1.28414,1.28467,1.28381,1.28463,1425.82
1373472000000,1.28464,1.28503,1.28438,1.28455,1924.63
1373472900000,1.28456,1.28457,1.284,1.28427,903.94
1373473800000,1.28425,1.28492,1.28412,1.2848,1458.51
1373474700000,1.28481,1.28566,1.28471,1.28511,1709.21
1373475600000,1.28515,1.28663,1.28515,1.28656,2495.86
1373476500000,1.28659,1.28661,1.2856,1.28591,1599.05
1373477400000,1.28592,1.28646,1.2853,1.28549,1369.74
1373478300000,1.28547,1.28562,1.28474,1.28475,1692.01
1373479200000,1.28483,1.29279,1.28438,1.29219,8264.13
1373480100000,1.29218,1.29475,1.28844,1.28926,7079.2
1373481000000,1.28924,1.29168,1.28769,1.29147,3855.42
1373481900000,1.29145,1.29145,1.28688,1.2882,4592.2
1373482800000,1.28819,1.29001,1.28776,1.28959,2997.23
1373483700000,1.28959,1.29031,1.2887,1.28976,2302.9
1373484600000,1.28975,1.28975,1.28867,1.28876,1753.48
1373485500000,1.28877,1.28909,1.28816,1.2883,1274.69
1373486400000,1.2883,1.28922,1.28823,1.28905,828.25
1373487300000,1.28904,1.28931,1.28861,1.28875,781.57
1373488200000,1.28875,1.28939,1.2883,1.28867,1135.95
1373489100000,1.28868,1.29836,1.28868,1.29779,5037.9
1373490000000,1.29774,1.2996,1.29633,1.29872,1762.15
1373490900000,1.29872,1.29907,1.29758,1.29823,1203.34
1373491800000,1.2982,1.30234,1.2982,1.30163,2366.29
1373492700000,1.30166,1.30237,1.30072,1.3023,2043.79
1373493600000,1.3023,1.3023,1.30078,1.30145,1407.2
1373494500000,1.30145,1.30432,1.30145,1.30425,2586.8
1373495400000,1.30421,1.30805,1.30412,1.30694,3417.62
1373496300000,1.30693,1.3206,1.30679,1.3176,6469.31
1373497200000,1.3176,1.31767,1.31366,1.31377,3903.48
1373498100000,1.31376,1.31497,1.3127,1.31387,2883.01
1373499000000,1.31387,1.31486,1.31202,1.31208,2314.46
1373499900000,1.31208,1.31234,1.31069,1.31164,2448.19
1373500800000,1.31175,1.31179,1.30884,1.30991,3415.16
1373501700000,1.30991,1.31143,1.30885,1.31013,2257.18
1373502600000,1.31013,1.31035,1.3084,1.30936,2148.28
1373503500000,1.3094,1.31027,1.30848,1.30917,2297.93
1373504400000,1.30917,1.30966,1.30855,1.3086,2062.97
1373505300000,1.30862,1.30916,1.3082,1.30856,2285.59
1373506200000,1.3086,1.30969,1.30689,1.30726,2857.68
1373507100000,1.30727,1.30809,1.30712,1.30739,2062.47
1373508000000,1.30739,1.30867,1.30731,1.30866,1948.7
1373508900000,1.30867,1.3094,1.30826,1.30924,1629.12
1373509800000,1.30922,1.30958,1.30887,1.30907,1555.28
1373510700000,1.30909,1.31154,1.30908,1.3109,3672.46
1373511600000,1.31091,1.31209,1.30965,1.30966,3354.42
1373512500000,1.30967,1.31016,1.30916,1.31,2071.71
1373513400000,1.31,1.31319,1.30935,1.31286,3390.08
1373514300000,1.31285,1.3147,1.31255,1.31342,3046.9
1373515200000,1.3134,1.3138,1.31268,1.31377,1947.89
1373516100000,1.31377,1.31441,1.3126,1.31289,2111.9
1373517000000,1.3129,1.31388,1.31285,1.31295,2112.15
1373517900000,1.31295,1.31366,1.31216,1.31347,2001.04
1373518800000,1.31348,1.31459,1.3129,1.31343,3280.69
1373519700000,1.31343,1.3139,1.31255,1.31264,3249.95
1373520600000,1.31262,1.31265,1.3109,1.31143,3027.24
1373521500000,1.31145,1.31232,1.31115,1.31211,2017.54
1373522400000,1.31212,1.31245,1.30858,1.30894,3333.96
1373523300000,1.30894,1.3093,1.308,1.3086,2785.52
1373524200000,1.30859,1.30885,1.3071,1.30717,2478.32
1373525100000,1.30716,1.30866,1.30522,1.30571,3814.26
1373526000000,1.30568,1.30633,1.30362,1.30424,3952.77
1373526900000,1.30425,1.30491,1.30289,1.30379,4114.99
1373527800000,1.30378,1.30481,1.30205,1.30452,4029.38
1373528700000,1.30452,1.30489,1.30285,1.30287,3431.5
1373529600000,1.30288,1.30567,1.30288,1.30464,4207.54
1373530500000,1.30465,1.3064,1.3044,1.30623,3772.98
1373531400000,1.30623,1.30633,1.30426,1.30441,2975.88
1373532300000,1.30441,1.30473,1.30389,1.30459,2772.54
1373533200000,1.30461,1.30502,1.30401,1.30422,2076.52
1373534100000,1.30424,1.30468,1.30364,1.30406,2642.25
1373535000000,1.30406,1.30468,1.30388,1.30462,1621.79
1373535900000,1.30464,1.30508,1.30419,1.3042,1854.12
1373536800000,1.30421,1.30476,1.3039,1.30471,2429.45
1373537700000,1.30474,1.3066,1.30455,1.30624,2853.92
1373538600000,1.30625,1.30774,1.30603,1.30752,2838.17
1373539500000,1.30755,1.30772,1.3055,1.3055,2678.54
1373540400000,1.3055,1.30623,1.30536,1.30558,2485.21
1373541300000,1.30557,1.30663,1.30547,1.30663,2598.51
1373542200000,1.30662,1.30713,1.3059,1.30638,2697.07
1373543100000,1.30637,1.30691,1.30587,1.30596,2366.25
1373544000000,1.30597,1.30611,1.30432,1.30439,4012.27
1373544900000,1.30439,1.30525,1.30393,1.30495,3975.61
1373545800000,1.30503,1.30691,1.30278,1.30285,5611.51
1373546700000,1.30282,1.30333,1.30092,1.3015,5576.21
1373547600000,1.30149,1.30313,1.30056,1.30249,4182.55
1373548500000,1.30249,1.30445,1.30221,1.30393,3906.2
1373549400000,1.30393,1.30446,1.3028,1.30345,4278.52
1373550300000,1.30345,1.30387,1.30208,1.3023,4702.73
1373551200000,1.30233,1.30314,1.30115,1.30198,5189.09
1373552100000,1.30198,1.30663,1.30137,1.30637,6636.62
1373553000000,1.3064,1.30673,1.30501,1.306,5712.95
1373553900000,1.306,1.30637,1.304,1.30405,4730.81
1373554800000,1.30406,1.30414,1.3018,1.30361,4543.72
1373555700000,1.30356,1.305,1.30352,1.30497,3612.75
1373556600000,1.305,1.30537,1.30384,1.30479,3134.93
1373557500000,1.30479,1.30535,1.30428,1.30461,2017.55
1373558400000,1.30467,1.30513,1.3025,1.30383,2519.6
1373559300000,1.30383,1.30429,1.30265,1.30302,2331.66
1373560200000,1.30301,1.3034,1.3024,1.30279,2620.65
1373561100000,1.3028,1.30282,1.30149,1.30215,2202.02
1373562000000,1.30216,1.30331,1.30209,1.30288,2092.23
1373562900000,1.30289,1.30432,1.30288,1.30414,1778.33
1373563800000,1.30417,1.3046,1.3039,1.3044,1512.86
1373564700000,1.30441,1.30489,1.30414,1.30488,1470.98
1373565600000,1.30488,1.30579,1.30445,1.30567,1793.09
1373566500000,1.30567,1.30618,1.30558,1.30589,2027.23
1373567400000,1.3059,1.3065,1.30588,1.30642,2147.6
1373568300000,1.30642,1.30988,1.30604,1.30968,3533.79
1373569200000,1.3097,1.31174,1.3086,1.30949,4201.23
1373570100000,1.3094,1.31197,1.30938,1.31019,3494
1373571000000,1.31019,1.31134,1.31007,1.31104,2285.24
1373571900000,1.31104,1.3122,1.30989,1.31012,2133.51
1373572800000,1.31015,1.31036,1.30896,1.30951,1443.82
1373573700000,1.30951,1.31025,1.30939,1.30991,1273.22
1373574600000,1.30993,1.30993,1.30904,1.30917,1176.51
1373575500000,1.30917,1.30977,1.30875,1.30964,2314.88
1373576400000,1.30968,1.30984,1.30917,1.30917,291.95
1373577300000,1.30917,1.30972,1.30891,1.30893,995.24
1373578200000,1.30893,1.30943,1.30892,1.30935,695.84
1373579100000,1.30936,1.30987,1.30932,1.30958,1411.21
1373580000000,1.30958,1.30984,1.30918,1.30947,863.61
1373580900000,1.30947,1.30985,1.30943,1.30953,906.66
1373581800000,1.30953,1.30972,1.30947,1.3096,390.04
1373582700000,1.3096,1.30979,1.30946,1.30973,393.54
1373583600000,1.30973,1.30993,1.3095,1.3095,534.09
1373584500000,1.30948,1.30966,1.30923,1.30958,583.44
1373585400000,1.30958,1.30958,1.30886,1.30897,945.24
1373586300000,1.30899,1.30932,1.30865,1.30867,1161.53
1373587200000,1.30865,1.30943,1.30865,1.30918,1687.15
1373588100000,1.30919,1.30949,1.30891,1.30946,886.65
1373589000000,1.30946,1.30968,1.30938,1.30957,873.06
1373589900000,1.30957,1.31001,1.30923,1.30929,1390.18
1373590800000,1.30928,1.30964,1.30849,1.3091,1662.25
1373591700000,1.30911,1.30915,1.30818,1.30824,906.13
1373592600000,1.30825,1.30857,1.30763,1.30787,1262.17
1373593500000,1.30789,1.30843,1.30785,1.30799,1308.95
1373594400000,1.308,1.30871,1.308,1.30862,659.66
1373595300000,1.30859,1.30912,1.30835,1.30899,1152.29
1373596200000,1.309,1.30926,1.30878,1.30894,636.23
1373597100000,1.30894,1.30945,1.30893,1.30899,618.85
1373598000000,1.309,1.30933,1.30891,1.30929,532.46
1373598900000,1.30929,1.30931,1.30895,1.30898,541.65
1373599800000,1.30898,1.3091,1.30854,1.30861,883.83
1373600700000,1.30862,1.30881,1.30825,1.30828,966.1
1373601600000,1.30828,1.30855,1.30825,1.30829,679.37
1373602500000,1.3083,1.30839,1.30765,1.30781,981.41
1373603400000,1.30781,1.30811,1.30775,1.30809,707.78
1373604300000,1.30812,1.30839,1.30807,1.30816,679.94
1373605200000,1.30815,1.30833,1.30735,1.30738,999.09
1373606100000,1.30738,1.30768,1.30727,1.30763,630.45
1373607000000,1.30763,1.30796,1.30754,1.30796,541.03
1373607900000,1.30795,1.30804,1.30734,1.30743,915.49
1373608800000,1.30742,1.30793,1.30741,1.30791,1501.25
1373609700000,1.3079,1.3079,1.30738,1.3076,1400.09
1373610600000,1.30762,1.30778,1.30648,1.30683,2240.11
1373611500000,1.30683,1.30684,1.30596,1.30659,2327.62
1373612400000,1.30659,1.30683,1.30615,1.30664,2441.24
1373613300000,1.30665,1.30726,1.30639,1.3068,2224.61
1373614200000,1.3068,1.30697,1.30536,1.30541,2291.65
1373615100000,1.30541,1.30545,1.3036,1.30383,3599.33
1373616000000,1.30385,1.30463,1.30365,1.30373,2701.55
1373616900000,1.30373,1.30483,1.30358,1.30471,2658.71
1373617800000,1.3047,1.3049,1.30397,1.30436,2389.12
1373618700000,1.30437,1.30444,1.3037,1.30384,1851.65
1373619600000,1.30386,1.3049,1.30379,1.3045,1525.2
1373620500000,1.3045,1.3053,1.30441,1.30523,2491.05
1373621400000,1.30521,1.30542,1.3046,1.30525,2892.46
1373622300000,1.30526,1.30588,1.30501,1.3053,2649.46
1373623200000,1.30531,1.30564,1.30449,1.30457,2712.45
1373624100000,1.30458,1.30482,1.30431,1.30472,1729.42
1373625000000,1.30471,1.30621,1.30458,1.30511,3495.06
1373625900000,1.30511,1.30552,1.3042,1.30429,2550.35
1373626800000,1.30429,1.30436,1.30233,1.3036,3897.47
1373627700000,1.30361,1.30432,1.30342,1.30372,1669.15
1373628600000,1.30372,1.30376,1.30288,1.30357,1759.31
1373629500000,1.30358,1.30373,1.30224,1.3025,3033.51
1373630400000,1.3025,1.30425,1.30243,1.30335,4528.16
1373631300000,1.30336,1.30481,1.30282,1.30405,3010.75
1373632200000,1.30407,1.3045,1.30285,1.30448,3869.93
1373633100000,1.30449,1.30473,1.30296,1.303,3541.4
1373634000000,1.303,1.30408,1.3019,1.30271,4179.97
1373634900000,1.30269,1.30274,1.2999,1.30138,6422.8
1373635800000,1.30142,1.30206,1.30101,1.30145,4055.02
1373636700000,1.30145,1.30372,1.30138,1.30339,5221.19
1373637600000,1.30342,1.30377,1.30257,1.30279,4000.96
1373638500000,1.30279,1.30477,1.30249,1.30432,3838.04
1373639400000,1.30434,1.30642,1.30432,1.30588,4731.86
1373640300000,1.30588,1.30593,1.305,1.30519,2897.4
1373641200000,1.3052,1.30591,1.3052,1.30567,2490.19
1373642100000,1.30566,1.30576,1.30465,1.3052,3049
1373643000000,1.30521,1.30544,1.30421,1.30422,1547.13
1373643900000,1.30421,1.30494,1.30355,1.30467,2614.69
1373644800000,1.30469,1.30501,1.30425,1.30449,1556.23
1373645700000,1.30449,1.30501,1.30429,1.30477,1075.6
1373646600000,1.30478,1.30502,1.30467,1.30498,934.65
1373647500000,1.30497,1.30872,1.30477,1.30754,2239.39
1373648400000,1.30757,1.30903,1.3036,1.30599,5099.17
1373649300000,1.30599,1.30824,1.30596,1.30704,3051.68
1373650200000,1.30706,1.30707,1.30596,1.30688,1666.23
1373651100000,1.30692,1.30698,1.30568,1.30592,1109.47
1373652000000,1.30592,1.30663,1.30578,1.30636,1035.26
1373652900000,1.30635,1.30659,1.30595,1.30596,1238.61
1373653800000,1.30595,1.30662,1.30595,1.30647,787.76
1373654700000,1.30646,1.30648,1.30558,1.30611,853.56
1373655600000,1.30609,1.30691,1.30596,1.30688,669.11
1373656500000,1.30689,1.3072,1.30604,1.30611,1044.06
1373657400000,1.30612,1.30617,1.30601,1.30606,450.51
1373658300000,1.30606,1.30693,1.30603,1.30676,880.34
1373659200000,1.30673,1.30704,1.3065,1.30653,594.76
1373660100000,1.30653,1.30661,1.30637,1.30655,411.42
1373661000000,1.30655,1.3073,1.30643,1.30713,708.31
1373661900000,1.30713,1.30713,1.3062,1.30679,1175.67
1373835600000,1.30763,1.308,1.30628,1.30735,137.91
1373836500000,1.30738,1.30748,1.30705,1.30714,53.13
1373837400000,1.30715,1.30715,1.30703,1.30704,28.39
1373838300000,1.30706,1.30706,1.30618,1.30664,239.13
1373839200000,1.30667,1.30693,1.30591,1.30609,609.71
1373840100000,1.30609,1.30622,1.30578,1.30598,382.85
1373841000000,1.30596,1.3064,1.3057,1.30576,265.14
1373841900000,1.30576,1.30607,1.30567,1.30606,328.6
1373842800000,1.30607,1.30609,1.3058,1.30582,206.97
1373843700000,1.3058,1.30648,1.3058,1.30635,345.31
1373844600000,1.30635,1.30662,1.30635,1.30655,218.43
1373845500000,1.30654,1.30674,1.3059,1.30607,356.07
1373846400000,1.30609,1.30664,1.306,1.3061,724.17
1373847300000,1.30611,1.30611,1.30541,1.30549,556.32
1373848200000,1.30549,1.3057,1.30529,1.3057,331.91
1373849100000,1.3057,1.30627,1.3057,1.30616,447.02
1373850000000,1.30615,1.30618,1.30566,1.30567,451.04
1373850900000,1.30566,1.30635,1.30565,1.30613,661.26
1373851800000,1.30613,1.30631,1.30605,1.30608,543.38
1373852700000,1.30607,1.30646,1.30605,1.30622,814.49
1373853600000,1.30622,1.30688,1.30586,1.30688,1449.7
1373854500000,1.30688,1.30762,1.30662,1.30716,1434.04
1373855400000,1.30717,1.30735,1.30676,1.30697,762.66
1373856300000,1.30696,1.3073,1.30677,1.30685,518.21
1373857200000,1.30687,1.30719,1.30686,1.307,452.79
1373858100000,1.30699,1.30699,1.30645,1.30669,635.21
1373859000000,1.30669,1.30685,1.30658,1.30678,285.41
1373859900000,1.30678,1.30687,1.30667,1.30681,341.8
1373860800000,1.30682,1.30691,1.30671,1.30671,235.42
1373861700000,1.30671,1.30685,1.30669,1.30681,278.27
1373862600000,1.30681,1.3073,1.30679,1.30729,407.79
1373863500000,1.30727,1.30739,1.30703,1.30738,441.73
1373864400000,1.30739,1.30791,1.30733,1.30742,868.95
1373865300000,1.3074,1.30741,1.30707,1.30725,548.88
1373866200000,1.30725,1.3074,1.3068,1.30687,744.95
1373867100000,1.30688,1.3072,1.30685,1.30719,463.6
1373868000000,1.30719,1.30755,1.3067,1.30731,1399.63
1373868900000,1.3073,1.3073,1.30656,1.30686,1370.13
1373869800000,1.30685,1.30686,1.30562,1.30595,1683.24
1373870700000,1.30596,1.30609,1.30455,1.30493,2035.15
1373871600000,1.30491,1.3054,1.3043,1.30534,2677.19
1373872500000,1.30533,1.3058,1.30524,1.30572,2621.09
1373873400000,1.30572,1.30596,1.30488,1.30553,2738.13
1373874300000,1.30554,1.30621,1.30523,1.30549,3064.49
1373875200000,1.30548,1.30557,1.3047,1.30521,2723.18
1373876100000,1.30522,1.3058,1.30486,1.30555,3072.1
1373877000000,1.30556,1.30556,1.30275,1.30315,4163.36
1373877900000,1.30315,1.3034,1.30201,1.3026,2855.25
1373878800000,1.30259,1.30347,1.3024,1.30336,2518.5
1373879700000,1.30337,1.30361,1.30306,1.30328,1948.02
1373880600000,1.30329,1.30362,1.30305,1.3032,1843.64
1373881500000,1.3032,1.30386,1.30317,1.30324,2313.84
1373882400000,1.30322,1.30343,1.30237,1.30307,2243.12
1373883300000,1.30307,1.30307,1.30194,1.30227,2974.76
1373884200000,1.30227,1.30296,1.30211,1.30281,1948.83
1373885100000,1.30281,1.30294,1.30226,1.30226,2169.97
1373886000000,1.30226,1.30319,1.3021,1.30267,3148
1373886900000,1.30266,1.30293,1.30236,1.30253,1897.27
1373887800000,1.30252,1.3026,1.30106,1.3013,3178.18
1373888700000,1.30128,1.30142,1.2993,1.30038,4803.59
1373889600000,1.30038,1.30132,1.30029,1.30113,3502.63
1373890500000,1.30111,1.30151,1.3006,1.30098,3106.6
1373891400000,1.30098,1.30541,1.30085,1.30403,6521.22
1373892300000,1.30403,1.30538,1.30387,1.30459,5262.3
1373893200000,1.30459,1.30576,1.30423,1.3044,4774.5
1373894100000,1.30441,1.30495,1.30395,1.30476,3752.72
1373895000000,1.30471,1.30561,1.30423,1.30514,4207.6
1373895900000,1.30514,1.30536,1.30443,1.30452,3644.63
1373896800000,1.30454,1.30569,1.3043,1.30498,4028.19
1373897700000,1.30498,1.30508,1.30267,1.30287,4216.12
1373898600000,1.30287,1.30397,1.30254,1.30397,4074.42
1373899500000,1.30397,1.30507,1.30376,1.30466,3396.52
1373900400000,1.30467,1.30516,1.30404,1.30437,3190.4
1373901300000,1.30438,1.30448,1.30335,1.30394,2378.85
1373902200000,1.30392,1.30455,1.30364,1.30378,1958.18
1373903100000,1.30375,1.30396,1.30347,1.30388,1800.76
1373904000000,1.30387,1.3075,1.30379,1.30555,4030.87
1373904900000,1.30555,1.30563,1.30478,1.30518,1883.42
1373905800000,1.30518,1.30551,1.30339,1.30437,2402.34
1373906700000,1.30439,1.30541,1.30416,1.30505,1698.71
1373907600000,1.30506,1.30569,1.30499,1.30536,1384.15
1373908500000,1.30537,1.30594,1.30536,1.30568,1229.11
1373909400000,1.30567,1.30769,1.30554,1.30666,2281.02
1373910300000,1.30666,1.30671,1.30592,1.30592,1431.4
1373911200000,1.30596,1.30659,1.30555,1.30648,1186.13
1373912100000,1.30648,1.30663,1.30614,1.30616,738.93
1373913000000,1.30616,1.30656,1.3061,1.30649,797.07
1373913900000,1.30649,1.30697,1.30617,1.30659,1135.13
1373914800000,1.30662,1.30672,1.30625,1.30643,813.2
1373915700000,1.30644,1.30675,1.30636,1.30666,727.44
1373916600000,1.30666,1.3074,1.30661,1.30709,884.33
1373917500000,1.30709,1.30709,1.3064,1.30693,1041.18
1373918400000,1.30693,1.30695,1.3063,1.30645,626.66
1373919300000,1.30645,1.30658,1.30633,1.30649,599.98
1373920200000,1.30649,1.30653,1.30614,1.30637,484.1
1373921100000,1.30637,1.30655,1.30617,1.30617,599.98
1373922000000,1.30617,1.30632,1.30583,1.30583,380.24
1373922900000,1.30585,1.30652,1.30582,1.3062,1362.27
1373923800000,1.3062,1.30655,1.30595,1.30634,1920.95
1373924700000,1.30634,1.30665,1.30616,1.30661,1071.48
1373925600000,1.30661,1.30666,1.30633,1.30654,896.4
1373926500000,1.30654,1.3069,1.30654,1.3068,376.89
1373927400000,1.30682,1.30691,1.30679,1.3068,251.96
1373928300000,1.3068,1.3068,1.3057,1.30601,486.83
1373929200000,1.30602,1.30612,1.3057,1.3058,597.05
1373930100000,1.3058,1.30588,1.30528,1.30544,446.94
1373931000000,1.30545,1.30563,1.30541,1.30562,276.19
1373931900000,1.30563,1.30603,1.30562,1.3058,348.84
1373932800000,1.3058,1.30717,1.3058,1.30649,1470.75
1373933700000,1.3065,1.30739,1.30649,1.30664,1446.42
1373934600000,1.30666,1.30676,1.30645,1.30649,1036.05
1373935500000,1.3065,1.30663,1.30577,1.30608,1246.13
1373936400000,1.30609,1.30641,1.3058,1.30637,799.95
1373937300000,1.30637,1.30649,1.30607,1.30635,679.43
1373938200000,1.30635,1.30686,1.30625,1.30639,1593.13
1373939100000,1.30639,1.30679,1.30618,1.30668,729.46
1373940000000,1.30669,1.30714,1.30654,1.30677,786.19
1373940900000,1.30676,1.30756,1.30676,1.30738,1394.98
1373941800000,1.30738,1.30751,1.30696,1.30749,954.89
1373942700000,1.3075,1.3075,1.30695,1.30698,326.95
1373943600000,1.307,1.30727,1.30664,1.30703,572.19
1373944500000,1.30704,1.30717,1.30665,1.30697,612.37
1373945400000,1.30697,1.30735,1.30694,1.30715,919.89
1373946300000,1.30714,1.30715,1.30681,1.30694,595.83
1373947200000,1.30695,1.30703,1.30694,1.30695,417.91
1373948100000,1.30694,1.30721,1.30694,1.30697,594.61
1373949000000,1.30697,1.30698,1.30683,1.30693,383.14
1373949900000,1.30694,1.3075,1.30694,1.30738,1169.32
1373950800000,1.30739,1.30752,1.30716,1.30722,870.8
1373951700000,1.30722,1.30857,1.30696,1.30857,1117.96
1373952600000,1.30858,1.30877,1.30825,1.30842,2199.33
1373953500000,1.30842,1.30911,1.30802,1.30908,1764.33
1373954400000,1.3091,1.30954,1.30845,1.30848,2458.84
1373955300000,1.30848,1.30888,1.30827,1.30843,1512.61
1373956200000,1.30843,1.30863,1.30775,1.3081,1750.84
1373957100000,1.3081,1.30818,1.30779,1.30812,1263.99
1373958000000,1.30812,1.3097,1.30812,1.30959,2791.23
1373958900000,1.30959,1.30986,1.30882,1.30912,3364.04
1373959800000,1.30912,1.30975,1.30814,1.30918,3796.13
1373960700000,1.30921,1.30956,1.30708,1.30715,3919.11
1373961600000,1.30714,1.3074,1.30637,1.30692,3559.86
1373962500000,1.30692,1.30814,1.30635,1.30751,3036.41
1373963400000,1.30752,1.3079,1.3062,1.30693,4021.28
1373964300000,1.30693,1.30761,1.3062,1.30712,2934.29
1373965200000,1.30718,1.30769,1.3053,1.30696,3642.86
1373966100000,1.30694,1.30797,1.30655,1.30797,2682.69
1373967000000,1.30797,1.30887,1.30785,1.30825,3071.87
1373967900000,1.30825,1.30847,1.3077,1.3078,2382.36
1373968800000,1.3078,1.3095,1.3075,1.30937,3124.65
1373969700000,1.30939,1.31158,1.30927,1.31139,5294.51
1373970600000,1.31138,1.31241,1.31065,1.31187,4790.81
1373971500000,1.31187,1.3121,1.31097,1.31113,2701.51
1373972400000,1.31113,1.31211,1.31106,1.31211,2688.6
1373973300000,1.31208,1.31306,1.31183,1.3124,4676.31
1373974200000,1.31238,1.31292,1.31212,1.3127,2219.55
1373975100000,1.3127,1.31275,1.31144,1.31148,2360.88
1373976000000,1.31147,1.31193,1.31045,1.31193,3208.1
1373976900000,1.31193,1.31241,1.3116,1.31178,3242.9
1373977800000,1.31181,1.31232,1.3096,1.31207,6873.08
1373978700000,1.31205,1.31373,1.31163,1.31294,5052.44
1373979600000,1.31295,1.31298,1.31086,1.31097,3962.67
1373980500000,1.31096,1.31201,1.3095,1.3116,4603.82
1373981400000,1.31166,1.31235,1.31125,1.31166,3304.99
1373982300000,1.31167,1.31269,1.31161,1.31241,3585.32
1373983200000,1.31243,1.31243,1.31055,1.31155,5078.17
1373984100000,1.31156,1.31356,1.31144,1.31349,4912.18
1373985000000,1.3135,1.3137,1.31209,1.31258,4285.2
1373985900000,1.31259,1.31383,1.31256,1.31371,4313.05
1373986800000,1.3137,1.31417,1.31275,1.3131,4720.38
1373987700000,1.31311,1.31455,1.31268,1.31455,3070.9
1373988600000,1.31455,1.31545,1.31413,1.31415,3823.81
1373989500000,1.31418,1.31444,1.31352,1.31432,2860.54
1373990400000,1.31432,1.31483,1.31357,1.31369,2707.37
1373991300000,1.3137,1.31441,1.3134,1.31416,1718.93
1373992200000,1.31416,1.31563,1.31411,1.31508,2896.87
1373993100000,1.31508,1.31508,1.3139,1.31435,2640.84
1373994000000,1.31433,1.31441,1.31385,1.31409,1513.21
1373994900000,1.31411,1.31449,1.31397,1.31425,1547.28
1373995800000,1.31426,1.315,1.31419,1.31457,1346.15
1373996700000,1.31458,1.31492,1.31428,1.31471,899.64
1373997600000,1.31472,1.31475,1.31431,1.31448,1691.36
1373998500000,1.3145,1.31489,1.31444,1.31471,1204.23
1373999400000,1.31469,1.31626,1.31445,1.31589,2764.24
1374000300000,1.31588,1.31661,1.31587,1.31605,1723.59
1374001200000,1.31606,1.31613,1.31511,1.31518,1603.66
1374002100000,1.31517,1.31555,1.31495,1.3151,1100.71
1374003000000,1.3151,1.31745,1.3151,1.31716,2338.31
1374003900000,1.31717,1.31717,1.31624,1.31672,1713.57
1374004800000,1.31672,1.31683,1.31598,1.31628,1183.25
1374005700000,1.3163,1.31652,1.31606,1.31622,603.41
1374006600000,1.31622,1.31664,1.31612,1.31659,568.22
1374007500000,1.31659,1.31666,1.31615,1.31621,792.3
1374008400000,1.3162,1.31627,1.31547,1.31569,698.68
1374009300000,1.31571,1.31588,1.31523,1.31569,951.41
1374010200000,1.31569,1.3159,1.31521,1.31576,434.33
1374011100000,1.31576,1.3159,1.31498,1.31541,1111.61
1374012000000,1.31537,1.31571,1.31529,1.31533,888.32
1374012900000,1.31531,1.31538,1.31514,1.31527,482.58
1374013800000,1.31528,1.31534,1.31505,1.31511,195.34
1374014700000,1.3151,1.31546,1.31501,1.31509,380.98
1374015600000,1.31509,1.3151,1.31478,1.31493,510.42
1374016500000,1.31493,1.31533,1.3149,1.31507,700.59
1374017400000,1.31506,1.31522,1.31498,1.31512,604.02
1374018300000,1.31512,1.31543,1.31476,1.3148,778.12
1374019200000,1.31478,1.31506,1.31461,1.31472,730.95
1374020100000,1.31472,1.31485,1.31447,1.31462,566.97
1374021000000,1.31461,1.31471,1.31406,1.31421,811.14
1374021900000,1.31421,1.31444,1.31385,1.31427,1311.91
1374022800000,1.31429,1.31444,1.31427,1.31437,503.6
1374023700000,1.31436,1.31437,1.31384,1.314,629.02
1374024600000,1.31398,1.31412,1.31365,1.31412,988
1374025500000,1.31411,1.31435,1.31357,1.31381,1741.67
1374026400000,1.31381,1.31411,1.31367,1.31397,1024.77
1374027300000,1.31397,1.31408,1.31358,1.31368,842.67
1374028200000,1.31368,1.31391,1.31365,1.31378,777.65
1374029100000,1.31379,1.31415,1.31379,1.31412,605.5
1374030000000,1.31412,1.31417,1.31406,1.31413,337.87
1374030900000,1.31413,1.31423,1.31399,1.31422,536.22
1374031800000,1.31422,1.31423,1.31395,1.314,535.06
1374032700000,1.31399,1.31419,1.31396,1.31402,492.31
1374033600000,1.31402,1.31421,1.31401,1.31414,708.8
1374034500000,1.31414,1.31422,1.31407,1.31412,314.08
1374035400000,1.31412,1.31412,1.31383,1.3139,462.47
1374036300000,1.3139,1.314,1.31388,1.31399,419.28
1374037200000,1.31399,1.31426,1.31399,1.3141,815.84
1374038100000,1.31411,1.31421,1.31396,1.31408,598.04
1374039000000,1.31408,1.31414,1.31335,1.31344,1291.36
1374039900000,1.31344,1.31353,1.31295,1.31305,1116.64
1374040800000,1.31305,1.31421,1.31304,1.31418,1928
1374041700000,1.31419,1.31422,1.31365,1.31403,1427.95
1374042600000,1.31403,1.31403,1.3128,1.31295,2442.11
1374043500000,1.31296,1.31369,1.31287,1.31338,1947.64
1374044400000,1.31338,1.31383,1.31275,1.3133,3869.04
1374045300000,1.31325,1.31354,1.31239,1.31273,2853.88
1374046200000,1.31274,1.31439,1.31216,1.31403,4276.02
1374047100000,1.31403,1.31508,1.31379,1.31464,3033.71
1374048000000,1.31464,1.31574,1.31417,1.31567,3904.25
1374048900000,1.31567,1.31613,1.31483,1.31578,3090.99
1374049800000,1.31577,1.31656,1.3147,1.31545,6175.4
1374050700000,1.31544,1.31555,1.31433,1.315,3608.24
1374051600000,1.315,1.3154,1.3139,1.31402,2975.2
1374052500000,1.31402,1.31463,1.3137,1.31462,2639.29
1374053400000,1.3146,1.31512,1.31411,1.31502,2572.81
1374054300000,1.31502,1.31532,1.31472,1.31487,1820.15
1374055200000,1.31486,1.31546,1.31473,1.31511,2104.46
1374056100000,1.31511,1.31517,1.31452,1.31483,1440.42
1374057000000,1.31483,1.31505,1.31443,1.31466,1674.48
1374057900000,1.31464,1.31525,1.31448,1.31453,2103.6
1374058800000,1.31455,1.31475,1.31404,1.31412,2092.74
1374059700000,1.31412,1.31447,1.31381,1.31412,2414.3
1374060600000,1.31413,1.31456,1.31397,1.31403,1617.8
1374061500000,1.31403,1.31405,1.31239,1.31304,3348.13
1374062400000,1.31304,1.31369,1.31255,1.31369,2707.02
1374063300000,1.31371,1.31373,1.31284,1.31304,3972.35
1374064200000,1.31317,1.31768,1.31317,1.3163,9083.16
1374065100000,1.3163,1.31715,1.31391,1.31488,5963.69
1374066000000,1.31489,1.31741,1.31472,1.31624,5838.29
1374066900000,1.31624,1.31715,1.31567,1.31613,4626.41
1374067800000,1.31612,1.31644,1.315,1.31531,5889.8
1374068700000,1.31532,1.31569,1.31322,1.31416,4652.75
1374069600000,1.31416,1.31505,1.31265,1.31357,5467.16
1374070500000,1.31358,1.31414,1.31288,1.31372,4392.63
1374071400000,1.31372,1.31464,1.30867,1.30999,7913.35
1374072300000,1.31001,1.31034,1.30846,1.30934,6551.4
1374073200000,1.30933,1.31116,1.30875,1.30992,6398.46
1374074100000,1.30993,1.31019,1.30829,1.30975,4323.34
1374075000000,1.30974,1.31076,1.30966,1.31039,3117.37
1374075900000,1.31037,1.31047,1.30891,1.30939,3274.91
1374076800000,1.3094,1.31028,1.30905,1.31017,2437.13
1374077700000,1.31017,1.31114,1.31015,1.31045,3304.85
1374078600000,1.31045,1.31272,1.3104,1.3126,2795.68
1374079500000,1.3126,1.31514,1.31242,1.31392,4400.74
1374080400000,1.31392,1.31441,1.31339,1.31425,2041.24
1374081300000,1.31425,1.31595,1.31423,1.31459,3514.65
1374082200000,1.31458,1.31478,1.31352,1.31382,1626.13
1374083100000,1.31381,1.31452,1.31351,1.31405,1801.5
1374084000000,1.31406,1.31422,1.31309,1.31368,1885.02
1374084900000,1.31368,1.31388,1.313,1.31309,1351.67
1374085800000,1.31307,1.31316,1.31151,1.31201,2370.13
1374086700000,1.312,1.312,1.31068,1.31124,2597.45
1374087600000,1.31126,1.31189,1.31119,1.31181,1099.5
1374088500000,1.31181,1.31255,1.31163,1.31221,870.61
1374089400000,1.3122,1.31255,1.31187,1.3121,1050.66
1374090300000,1.3121,1.31223,1.31179,1.312,773.15
1374091200000,1.312,1.31262,1.31198,1.31238,759.01
1374092100000,1.3124,1.31257,1.31235,1.31244,436.7
1374093000000,1.31242,1.3125,1.31207,1.31212,466.97
1374093900000,1.31213,1.31254,1.3121,1.31248,414.6
1374094800000,1.31252,1.31272,1.31207,1.31252,436.9
1374095700000,1.31253,1.31267,1.31233,1.31244,1011.59
1374096600000,1.31246,1.31254,1.31231,1.31241,347.84
1374097500000,1.31242,1.3125,1.31226,1.3123,454.68
1374098400000,1.3123,1.31232,1.31203,1.31209,537.89
1374099300000,1.31209,1.31209,1.31123,1.31162,719.96
1374100200000,1.31165,1.31168,1.31138,1.31142,635.2
1374101100000,1.31142,1.31161,1.3114,1.31152,690.53
1374102000000,1.31153,1.31191,1.31149,1.31191,304.4
1374102900000,1.31191,1.31193,1.31135,1.31187,488.45
1374103800000,1.31188,1.31189,1.31148,1.31176,289.96
1374104700000,1.31175,1.31225,1.31141,1.31163,525.7
1374105600000,1.31163,1.31255,1.31163,1.31223,881.79
1374106500000,1.31223,1.31236,1.31183,1.31183,895.23
1374107400000,1.31183,1.31206,1.31173,1.31196,429.96
1374108300000,1.31197,1.31207,1.31139,1.31143,1128.99
1374109200000,1.31143,1.31185,1.31143,1.31176,654.57
1374110100000,1.31175,1.31177,1.3107,1.31095,1045.41
1374111000000,1.31095,1.31115,1.31078,1.31095,1154.09
1374111900000,1.31094,1.3111,1.31076,1.31077,861.36
1374112800000,1.31078,1.31133,1.31076,1.31122,864.71
1374113700000,1.31123,1.3113,1.31095,1.31114,780.31
1374114600000,1.31115,1.31124,1.31092,1.31101,620.2
1374115500000,1.31103,1.3111,1.31065,1.3111,676.71
1374116400000,1.31108,1.3111,1.31066,1.31086,431.32
1374117300000,1.31086,1.31107,1.3107,1.31107,371.74
1374118200000,1.31104,1.31117,1.31077,1.31077,577.52
1374119100000,1.31077,1.31077,1.30933,1.30957,1925.35
1374120000000,1.30957,1.30981,1.30944,1.30978,809.94
1374120900000,1.30977,1.3099,1.30952,1.30952,645.99
1374121800000,1.30953,1.30968,1.3091,1.30912,1058.74
1374122700000,1.30912,1.3096,1.30912,1.30945,480.81
1374123600000,1.30945,1.30988,1.30936,1.30967,779.75
1374124500000,1.30967,1.30972,1.30906,1.30915,863.5
1374125400000,1.30915,1.30989,1.30915,1.30986,812
1374126300000,1.30984,1.31015,1.30951,1.30972,1005.2
1374127200000,1.30972,1.30989,1.30921,1.30986,1448.24
1374128100000,1.30986,1.31049,1.30984,1.31025,2105.66
1374129000000,1.31023,1.31066,1.30986,1.31052,2092.53
1374129900000,1.31052,1.31064,1.3096,1.30983,1776.44
1374130800000,1.30982,1.31053,1.30933,1.30974,3038.8
1374131700000,1.30973,1.3107,1.30954,1.31035,2199.17
1374132600000,1.31035,1.31069,1.3094,1.30991,2640.71
1374133500000,1.3099,1.31056,1.3099,1.31001,2327.89
1374134400000,1.31003,1.31164,1.30995,1.31143,3425.57
1374135300000,1.31143,1.3117,1.31094,1.31134,3238.13
1374136200000,1.31134,1.31175,1.31067,1.31094,3184.64
1374137100000,1.31094,1.3122,1.3108,1.31205,2733.83
1374138000000,1.31205,1.31207,1.31144,1.31155,2153.56
1374138900000,1.31154,1.3119,1.31116,1.31155,1971.6
1374139800000,1.31155,1.31185,1.31136,1.31168,2242.2
1374140700000,1.31169,1.31169,1.3104,1.31063,2421.28
1374141600000,1.31063,1.31098,1.31035,1.31089,2006.77
1374142500000,1.31089,1.31129,1.31062,1.31112,1738.05
1374143400000,1.31112,1.31117,1.31055,1.31061,1370.47
1374144300000,1.3106,1.31074,1.30995,1.30995,1691.86
1374145200000,1.30998,1.31026,1.30958,1.31015,2255.85
1374146100000,1.31014,1.31051,1.30994,1.31045,1969.34
1374147000000,1.31045,1.31118,1.31017,1.31078,1752.38
1374147900000,1.31078,1.31089,1.31031,1.31032,1436.36
1374148800000,1.31032,1.31068,1.3092,1.30929,2537.9
1374149700000,1.30927,1.30947,1.30794,1.30898,4150.45
1374150600000,1.30891,1.30948,1.30725,1.30779,9018.11
1374151500000,1.3078,1.30843,1.30727,1.30788,4537.9
1374152400000,1.30787,1.30928,1.307,1.30783,4871.42
1374153300000,1.30784,1.30875,1.30758,1.30854,2836.38
1374154200000,1.30854,1.30904,1.308,1.30807,3520.19
1374155100000,1.30807,1.30895,1.30806,1.30887,3349.79
1374156000000,1.30887,1.3091,1.30725,1.30815,6320.61
1374156900000,1.30815,1.30886,1.30786,1.30842,4019.74
1374157800000,1.30843,1.30909,1.30812,1.30887,3542.81
1374158700000,1.30887,1.30988,1.30866,1.30902,3777.35
1374159600000,1.30902,1.3093,1.30837,1.30845,3916.41
1374160500000,1.30848,1.30889,1.30809,1.30835,2500.59
1374161400000,1.30837,1.30855,1.30785,1.30838,2381.73
1374162300000,1.30837,1.30851,1.30764,1.30764,2525.15
1374163200000,1.30766,1.30772,1.3066,1.30729,2965.62
1374164100000,1.30727,1.30779,1.30692,1.30755,1988.67
1374165000000,1.30756,1.30835,1.30755,1.30806,2366.72
1374165900000,1.30806,1.30857,1.30791,1.30845,1254.62
1374166800000,1.30845,1.30863,1.30807,1.30824,2016.84
1374167700000,1.30824,1.30948,1.30824,1.30938,2318.14
1374168600000,1.30938,1.31193,1.30903,1.31159,4003.56
1374169500000,1.31159,1.31182,1.31082,1.31124,2220.15
1374170400000,1.31118,1.31152,1.31072,1.31077,1637.19
1374171300000,1.31077,1.31143,1.31064,1.3107,1366.08
1374172200000,1.31072,1.31079,1.3097,1.31006,1599.33
1374173100000,1.31006,1.31058,1.31003,1.31022,1192.27
1374174000000,1.31024,1.31094,1.30999,1.31044,1373.13
1374174900000,1.31044,1.31085,1.31025,1.31082,859.57
1374175800000,1.31082,1.31117,1.31058,1.31117,894.21
1374176700000,1.31116,1.31151,1.31085,1.31112,1226.24
1374177600000,1.31112,1.31134,1.31102,1.31105,769.39
1374178500000,1.31106,1.31119,1.31028,1.31034,1043.04
1374179400000,1.31032,1.31082,1.31032,1.3108,730.11
1374180300000,1.31079,1.3111,1.31074,1.3109,966.8
1374181200000,1.31091,1.31126,1.31081,1.3111,251.99
1374182100000,1.31107,1.31109,1.31087,1.31106,723.9
1374183000000,1.31106,1.31128,1.31093,1.31126,732.36
1374183900000,1.31126,1.3115,1.31059,1.31117,928.43
1374184800000,1.31123,1.31125,1.311,1.311,836.3
1374185700000,1.311,1.31115,1.31084,1.31089,378.87
1374186600000,1.31088,1.31089,1.31066,1.31083,344.51
1374187500000,1.31085,1.31106,1.31082,1.31099,232.2
1374188400000,1.311,1.31107,1.31075,1.31096,506.03
1374189300000,1.31096,1.311,1.31075,1.31079,812.56
1374190200000,1.31079,1.31115,1.31074,1.31097,867.13
1374191100000,1.31097,1.31147,1.31085,1.31086,731.4
1374192000000,1.31087,1.31095,1.3101,1.31016,1306.45
1374192900000,1.31016,1.31036,1.30983,1.31007,1345.99
1374193800000,1.31006,1.31016,1.30898,1.30924,1217.03
1374194700000,1.30925,1.30955,1.30893,1.3095,1235.96
1374195600000,1.3095,1.30986,1.3093,1.30978,1218.24
1374196500000,1.30979,1.31065,1.30974,1.31061,1905.35
1374197400000,1.31061,1.31116,1.31043,1.31085,1843.6
1374198300000,1.31085,1.31087,1.31055,1.31075,854.53
1374199200000,1.31076,1.31129,1.31073,1.31095,1138.03
1374200100000,1.31094,1.31142,1.31083,1.31122,986.6
1374201000000,1.3112,1.31268,1.31115,1.31245,1805.26
1374201900000,1.31246,1.31427,1.31235,1.31375,2649.05
1374202800000,1.31376,1.31502,1.31364,1.31372,1965.27
1374203700000,1.31372,1.31401,1.31362,1.31389,1030.65
1374204600000,1.3139,1.31474,1.31372,1.31404,2277.5
1374205500000,1.31403,1.31414,1.31349,1.31358,1036.47
1374206400000,1.31358,1.31381,1.3135,1.31362,507.98
1374207300000,1.31362,1.31366,1.3133,1.31346,600.2
1374208200000,1.31346,1.31405,1.31342,1.31387,763.11
1374209100000,1.31389,1.31421,1.31375,1.31378,807.42
1374210000000,1.31378,1.31382,1.31342,1.31363,751.47
1374210900000,1.31361,1.31407,1.31332,1.31395,1143.32
1374211800000,1.31394,1.31475,1.31367,1.31413,2551.08
1374212700000,1.31412,1.31445,1.31335,1.31355,1548.83
1374213600000,1.31356,1.31361,1.3132,1.31323,1226.07
1374214500000,1.31323,1.31357,1.31277,1.3135,2132.3
1374215400000,1.3135,1.31353,1.3131,1.31314,1033.54
1374216300000,1.31312,1.31389,1.31299,1.31389,2307.57
1374217200000,1.31389,1.31406,1.31318,1.31324,2164.29
1374218100000,1.31324,1.3141,1.313,1.31353,2191.47
1374219000000,1.31352,1.31352,1.3124,1.31331,2864.17
1374219900000,1.3133,1.31348,1.31236,1.31267,2546.87
1374220800000,1.31266,1.31338,1.31263,1.31269,2775.29
1374221700000,1.3127,1.3132,1.31256,1.31306,2280.08
1374222600000,1.31309,1.3134,1.31286,1.31317,1852.65
1374223500000,1.31322,1.31329,1.31236,1.31245,2652.79
1374224400000,1.31245,1.31245,1.30969,1.31018,3996.23
1374225300000,1.31017,1.31073,1.3101,1.3104,2274.51
1374226200000,1.3104,1.3105,1.3097,1.31031,2449.51
1374227100000,1.3103,1.31077,1.31005,1.31027,2259.25
1374228000000,1.31027,1.31089,1.31004,1.31068,1519.24
1374228900000,1.31067,1.31095,1.31034,1.31085,1146.29
1374229800000,1.31086,1.31164,1.31086,1.31137,2011.82
1374230700000,1.31137,1.31194,1.31094,1.31105,1739.53
1374231600000,1.31103,1.31315,1.31103,1.31301,3363.46
1374232500000,1.31299,1.31337,1.31217,1.31337,3051.4
1374233400000,1.31339,1.3136,1.31247,1.31256,3361.05
1374234300000,1.31254,1.31282,1.312,1.31252,2740.5
1374235200000,1.31252,1.31254,1.31196,1.31236,1983.69
1374236100000,1.31236,1.31264,1.31199,1.31205,2710.24
1374237000000,1.31207,1.31253,1.31202,1.31237,2171.75
1374237900000,1.31237,1.31261,1.3107,1.31144,3160.97
1374238800000,1.31142,1.31144,1.31018,1.31127,3723.23
1374239700000,1.31127,1.31212,1.31083,1.31165,2379.65
1374240600000,1.31164,1.31173,1.31087,1.3114,3353.71
1374241500000,1.31139,1.31228,1.31119,1.31208,4064.7
1374242400000,1.31208,1.31315,1.31204,1.31224,4140.55
1374243300000,1.31225,1.31323,1.31225,1.31252,3502.37
1374244200000,1.31252,1.31427,1.31223,1.31424,4111.86
1374245100000,1.31424,1.31504,1.31375,1.31375,5163.13
1374246000000,1.31376,1.31416,1.31351,1.31394,3149.44
1374246900000,1.31393,1.31451,1.31362,1.31422,2492.17
1374247800000,1.31423,1.31438,1.31359,1.31409,2252.05
1374248700000,1.31411,1.31445,1.31388,1.31406,1479.35
1374249600000,1.31407,1.31422,1.31361,1.31363,1323.64
1374250500000,1.31362,1.31403,1.31362,1.31387,1393.49
1374251400000,1.31393,1.31423,1.31376,1.31404,1500.65
1374252300000,1.31404,1.3143,1.31381,1.31393,1518.34
1374253200000,1.31393,1.31429,1.31392,1.31415,992.13
1374254100000,1.31415,1.31445,1.31393,1.31393,820.57
1374255000000,1.31395,1.31418,1.31374,1.31395,853.95
1374255900000,1.31396,1.31403,1.3136,1.31367,978.48
1374256800000,1.31366,1.314,1.31365,1.31392,1151.27
1374257700000,1.31392,1.31419,1.31392,1.31408,605.83
1374258600000,1.31408,1.31413,1.31274,1.31314,1174.84
1374259500000,1.31314,1.31378,1.31307,1.31353,953.53
1374260400000,1.31353,1.31501,1.3135,1.3149,813.85
1374261300000,1.31492,1.31492,1.31341,1.31385,1214.49
1374262200000,1.31387,1.31532,1.31359,1.31478,1578.52
1374263100000,1.31479,1.31486,1.31407,1.31441,1596.77
1374264000000,1.31438,1.31453,1.31403,1.31436,851.25
1374264900000,1.31434,1.31441,1.31401,1.31427,767.91
1374265800000,1.31427,1.31433,1.3141,1.31432,514.97
1374266700000,1.31426,1.31437,1.31343,1.31427,1484.75
1374440400000,1.31384,1.31414,1.3138,1.31395,42.37
1374441300000,1.31393,1.31393,1.31358,1.31371,81.32
1374442200000,1.31383,1.31399,1.31357,1.31375,141.56
1374443100000,1.31375,1.31396,1.31367,1.31379,117.83
1374444000000,1.31378,1.31439,1.31357,1.31427,497.88
1374444900000,1.31423,1.31435,1.31385,1.31385,260.66
1374445800000,1.31382,1.31475,1.31382,1.31438,326.96
1374446700000,1.31438,1.31473,1.31431,1.31473,197.97
1374447600000,1.31477,1.31485,1.31453,1.31454,271.76
1374448500000,1.31455,1.31482,1.31455,1.31466,421.71
1374449400000,1.31466,1.31601,1.31463,1.31578,1050.37
1374450300000,1.31578,1.31588,1.31563,1.31581,1124.03
1374451200000,1.31582,1.31691,1.31527,1.31649,2711.4
1374452100000,1.31649,1.31681,1.31602,1.31626,1268.98
1374453000000,1.31625,1.31681,1.31616,1.31646,1140.68
1374453900000,1.31646,1.31662,1.31602,1.31621,905.65
1374454800000,1.31622,1.31622,1.31519,1.31544,915.29
1374455700000,1.31544,1.31544,1.31516,1.31528,571.75
1374456600000,1.3153,1.31574,1.31515,1.31528,1531.96
1374457500000,1.31528,1.31543,1.315,1.31537,767.48
1374458400000,1.31536,1.31578,1.31527,1.31567,1030.58
1374459300000,1.31567,1.31572,1.31515,1.31549,701.25
1374460200000,1.3155,1.31568,1.31535,1.3156,629.84
1374461100000,1.31561,1.31596,1.31556,1.31596,844.27
1374462000000,1.31595,1.31602,1.3156,1.31568,804.6
1374462900000,1.3157,1.31611,1.31568,1.31588,428.43
1374463800000,1.31589,1.31589,1.31558,1.31575,584.24
1374464700000,1.31576,1.31582,1.31545,1.31556,734.51
1374465600000,1.31556,1.3156,1.31538,1.31538,591.54
1374466500000,1.3154,1.3154,1.31517,1.31528,697.86
1374467400000,1.31527,1.31572,1.31527,1.31555,651.48
1374468300000,1.31555,1.31555,1.31493,1.31528,1378.15
1374469200000,1.31529,1.31543,1.31505,1.31527,974.25
1374470100000,1.31527,1.3155,1.31527,1.31545,580.71
1374471000000,1.31544,1.3157,1.31535,1.31548,896.85
1374471900000,1.31548,1.31555,1.31525,1.31528,923.96
1374472800000,1.31528,1.31554,1.31504,1.31522,1640.82
1374473700000,1.31521,1.31521,1.31462,1.31501,1518.21
1374474600000,1.315,1.31503,1.3144,1.31456,1257.91
1374475500000,1.31455,1.31509,1.31447,1.31501,1436.04
1374476400000,1.31501,1.31551,1.31487,1.31542,3653.04
1374477300000,1.31542,1.31635,1.31513,1.31517,3318.41
1374478200000,1.31518,1.31589,1.31518,1.31587,2400.55
1374479100000,1.31587,1.31642,1.31543,1.31575,2800.85
1374480000000,1.31575,1.31638,1.31572,1.31583,2172.27
1374480900000,1.31583,1.31604,1.31553,1.31554,1678.77
1374481800000,1.31554,1.31646,1.31554,1.31616,2535.72
1374482700000,1.31616,1.31624,1.31583,1.31593,1769.96
1374483600000,1.31594,1.31606,1.3156,1.31584,1512.92
1374484500000,1.31585,1.3166,1.31569,1.31642,2064.42
1374485400000,1.31641,1.31909,1.31605,1.31845,4259.16
1374486300000,1.31849,1.31906,1.3181,1.31815,3635.37
1374487200000,1.31815,1.31902,1.31795,1.31895,2929.01
1374488100000,1.31895,1.31916,1.31863,1.31884,3481.15
1374489000000,1.31887,1.31891,1.31843,1.31854,1832.8
1374489900000,1.31856,1.31867,1.31793,1.31824,2156.31
1374490800000,1.31825,1.31825,1.3174,1.31755,2390.48
1374491700000,1.31754,1.318,1.31691,1.31793,2630.85
1374492600000,1.31794,1.31832,1.31709,1.31713,2347.46
1374493500000,1.31714,1.31741,1.31685,1.31686,1976.52
1374494400000,1.31685,1.3169,1.3163,1.31673,2881.09
1374495300000,1.31673,1.31712,1.316,1.31616,2351.38
1374496200000,1.31615,1.31685,1.31614,1.31637,2874.12
1374497100000,1.31637,1.31653,1.31615,1.31636,1853.45
1374498000000,1.31636,1.3173,1.31625,1.31719,2972.53
1374498900000,1.31718,1.31859,1.31706,1.31827,3953.84
1374499800000,1.31826,1.31882,1.31784,1.31857,3642.34
1374500700000,1.31859,1.31985,1.31859,1.31961,6198.59
1374501600000,1.31961,1.32149,1.31959,1.32043,7776.73
1374502500000,1.32043,1.32061,1.31955,1.31994,4818.13
1374503400000,1.31995,1.32179,1.31955,1.31988,5598.07
1374504300000,1.31989,1.32001,1.31903,1.31926,4456.49
1374505200000,1.31925,1.31967,1.31843,1.31879,3606.73
1374506100000,1.3188,1.31974,1.31855,1.31897,2896.47
1374507000000,1.31897,1.32004,1.31888,1.31971,2045.37
1374507900000,1.31969,1.32009,1.31912,1.31925,1728.81
1374508800000,1.3192,1.32009,1.31893,1.31996,1694.17
1374509700000,1.31995,1.32017,1.3193,1.31942,1283.3
1374510600000,1.31942,1.3195,1.31913,1.31937,1003.95
1374511500000,1.31936,1.31984,1.31914,1.31921,1764.79
1374512400000,1.31923,1.32004,1.31923,1.31996,1395.14
1374513300000,1.31996,1.32009,1.31955,1.31956,1458.56
1374514200000,1.31955,1.31975,1.3193,1.31966,913.73
1374515100000,1.31966,1.31974,1.31897,1.31914,922.01
1374516000000,1.31915,1.31922,1.3187,1.3192,940.16
1374516900000,1.31918,1.31937,1.31872,1.31872,847.64
1374517800000,1.31875,1.31892,1.31825,1.31874,730.23
1374518700000,1.31873,1.31897,1.31825,1.31894,1513.8
1374519600000,1.31893,1.31893,1.31832,1.31853,788.67
1374520500000,1.31854,1.31899,1.31846,1.31884,589.25
1374521400000,1.31883,1.31887,1.3185,1.31862,794.08
1374522300000,1.31861,1.31868,1.31829,1.31855,807.01
1374523200000,1.31855,1.31887,1.31842,1.31875,784.83
1374524100000,1.31874,1.31878,1.31855,1.31855,437.62
1374525000000,1.31855,1.31876,1.31851,1.3186,415.58
1374525900000,1.3186,1.3188,1.31841,1.31851,729.09
1374526800000,1.31854,1.3187,1.31844,1.31856,215.5
1374527700000,1.31857,1.31884,1.31855,1.31864,364.57
1374528600000,1.31863,1.3187,1.31856,1.31862,109.76
1374529500000,1.31864,1.31866,1.3183,1.31837,309.6
1374530400000,1.31836,1.31866,1.31836,1.3186,382.13
1374531300000,1.3186,1.31865,1.31846,1.31862,198.19
1374532200000,1.31861,1.31874,1.31838,1.31839,204.4
1374533100000,1.31839,1.31847,1.31833,1.31839,206.26
1374534000000,1.31839,1.31868,1.31828,1.31858,592.13
1374534900000,1.31858,1.31893,1.31848,1.31885,677.21
1374535800000,1.31885,1.31935,1.31862,1.3192,805.3
1374536700000,1.31919,1.31919,1.31874,1.31909,442.4
1374537600000,1.31908,1.31924,1.31865,1.31887,1012.93
1374538500000,1.31886,1.31921,1.31885,1.31902,573.98
1374539400000,1.31901,1.31902,1.31865,1.31878,862.64
1374540300000,1.31879,1.31954,1.31876,1.31893,1522.74
1374541200000,1.31893,1.319,1.31873,1.31887,647.63
1374542100000,1.31887,1.31906,1.31875,1.31898,745.99
1374543000000,1.31899,1.31945,1.31899,1.31945,1084.93
1374543900000,1.31945,1.31956,1.31907,1.31929,1427.36
1374544800000,1.31929,1.31984,1.31919,1.31957,1486.17
1374545700000,1.31956,1.3205,1.3195,1.32049,1330.7
1374546600000,1.32049,1.32072,1.32015,1.32046,1897.75
1374547500000,1.32046,1.32063,1.31995,1.31998,1565.31
1374548400000,1.31999,1.32017,1.3199,1.31993,1024.3
1374549300000,1.31995,1.32013,1.31983,1.32008,867.72
1374550200000,1.32008,1.32033,1.32004,1.32025,1019.84
1374551100000,1.32027,1.32032,1.31973,1.31989,658.99
1374552000000,1.31989,1.31997,1.3197,1.31994,424.45
1374552900000,1.31994,1.31997,1.31975,1.31979,761.82
1374553800000,1.31977,1.31982,1.31956,1.31977,597.76
1374554700000,1.31977,1.32009,1.31964,1.31982,1353.29
1374555600000,1.31982,1.31999,1.31956,1.31983,1078.95
1374556500000,1.31981,1.32001,1.3196,1.3199,1115.51
1374557400000,1.31991,1.31995,1.31898,1.31931,1054.37
1374558300000,1.3193,1.31935,1.31855,1.31873,1530.25
1374559200000,1.31873,1.31917,1.31852,1.31882,1762.29
1374560100000,1.31882,1.31914,1.3188,1.31905,1277.49
1374561000000,1.31905,1.31917,1.31789,1.31856,2180.68
1374561900000,1.31855,1.31862,1.31815,1.31836,1894.1
1374562800000,1.31836,1.31951,1.31834,1.3195,2095.25
1374563700000,1.3195,1.32069,1.31931,1.32055,2953.48
1374564600000,1.32058,1.32062,1.31962,1.31963,2684.59
1374565500000,1.31964,1.32015,1.31865,1.31936,2608.92
1374566400000,1.3194,1.31987,1.31895,1.3196,2593.85
1374567300000,1.3196,1.31979,1.31915,1.31947,1869.98
1374568200000,1.31946,1.31946,1.31865,1.31885,2157.63
1374569100000,1.31884,1.31906,1.3184,1.31852,2710.43
1374570000000,1.3185,1.31866,1.31707,1.31758,3564.15
1374570900000,1.31755,1.31789,1.31713,1.31767,3232.35
1374571800000,1.31767,1.31773,1.3165,1.31665,3223.21
1374572700000,1.31665,1.3173,1.31631,1.3172,3460.98
1374573600000,1.31719,1.31775,1.31712,1.31761,2236.92
1374574500000,1.31761,1.31804,1.31749,1.31765,2041.67
1374575400000,1.31765,1.31784,1.31741,1.31744,1115.16
1374576300000,1.31746,1.31754,1.31693,1.31719,2071.82
1374577200000,1.31718,1.3179,1.31712,1.31787,2015.69
1374578100000,1.31787,1.31845,1.31776,1.31833,2888.38
1374579000000,1.31833,1.3184,1.31752,1.31762,2731.36
1374579900000,1.31762,1.31836,1.31761,1.31804,2132.95
1374580800000,1.31804,1.3187,1.31742,1.31793,2742.19
1374581700000,1.31792,1.31836,1.31745,1.31836,2395.19
1374582600000,1.31837,1.31961,1.31814,1.31876,4125.16
1374583500000,1.31876,1.31904,1.31858,1.31876,2398.6
1374584400000,1.31875,1.3191,1.31825,1.3189,2536.03
1374585300000,1.3189,1.31942,1.31865,1.31882,3017.97
1374586200000,1.31882,1.31943,1.31874,1.31914,3303.68
1374587100000,1.31914,1.31914,1.31798,1.31813,3941.23
1374588000000,1.3181,1.31939,1.31807,1.31936,5092.35
1374588900000,1.31936,1.31985,1.31929,1.31945,3923.57
1374589800000,1.31945,1.32173,1.31935,1.32104,4317.12
1374590700000,1.32104,1.32301,1.32099,1.32175,7338.43
1374591600000,1.32176,1.3224,1.32135,1.32162,5442.06
1374592500000,1.32162,1.32238,1.32149,1.32163,3447.47
1374593400000,1.32164,1.32172,1.32083,1.32141,3791.28
1374594300000,1.32142,1.32166,1.32098,1.32114,1755.38
1374595200000,1.32114,1.32138,1.32075,1.32125,2251.34
1374596100000,1.32125,1.32181,1.321,1.32122,1802.45
1374597000000,1.32123,1.32177,1.32092,1.32144,2230.75
1374597900000,1.32143,1.32145,1.3209,1.32122,2005.11
1374598800000,1.32123,1.32164,1.32093,1.32095,1962.44
1374599700000,1.32095,1.32198,1.32093,1.32173,1066.29
1374600600000,1.32174,1.32258,1.32155,1.32181,2116.66
1374601500000,1.32182,1.32215,1.3217,1.32195,1232.4
1374602400000,1.32193,1.3221,1.32144,1.32168,1417.81
1374603300000,1.32162,1.32167,1.32106,1.32137,1412.25
1374604200000,1.32139,1.32264,1.32139,1.32236,1763.16
1374605100000,1.32234,1.32386,1.32233,1.32333,2783.58
1374606000000,1.32334,1.32334,1.3225,1.32258,1594.23
1374606900000,1.32259,1.32308,1.32245,1.32275,1070.53
1374607800000,1.32275,1.32275,1.32213,1.32218,1194.3
1374608700000,1.32219,1.32244,1.32173,1.32235,1470.13
1374609600000,1.32236,1.32271,1.32235,1.32245,772.73
1374610500000,1.32245,1.32272,1.32235,1.32253,563
1374611400000,1.32253,1.3227,1.32248,1.3226,464.1
1374612300000,1.32261,1.32261,1.32229,1.3223,506.07
1374613200000,1.3223,1.32253,1.32229,1.3225,133.06
1374614100000,1.32247,1.32253,1.32215,1.32215,271.58
1374615000000,1.32217,1.32221,1.32175,1.32211,492.16
1374615900000,1.32211,1.32233,1.32177,1.32232,412.41
1374616800000,1.32232,1.32238,1.32204,1.32228,538.16
1374617700000,1.32228,1.32228,1.32188,1.32194,225.71
1374618600000,1.32193,1.3222,1.32188,1.3222,164.31
1374619500000,1.32223,1.32234,1.32205,1.32222,413.24
1374620400000,1.32221,1.32224,1.32189,1.32218,230.32
1374621300000,1.32217,1.32266,1.32214,1.32266,374.94
1374622200000,1.32266,1.32266,1.32218,1.32236,394.06
1374623100000,1.32237,1.32238,1.322,1.32211,585.23
1374624000000,1.32211,1.32245,1.32192,1.32228,894.92
1374624900000,1.32229,1.32259,1.32219,1.32226,683.84
1374625800000,1.32226,1.32229,1.32182,1.32204,1487.55
1374626700000,1.32204,1.32215,1.3218,1.32186,884.08
1374627600000,1.32187,1.32196,1.32174,1.32193,552.31
1374628500000,1.32193,1.32214,1.32183,1.32195,774.06
1374629400000,1.32193,1.3222,1.32161,1.32165,1268.07
1374630300000,1.32162,1.32165,1.31985,1.32024,2919.59
1374631200000,1.32024,1.32097,1.32022,1.32063,1211.59
1374632100000,1.32064,1.32065,1.32016,1.32036,869.35
1374633000000,1.32037,1.32054,1.31989,1.32049,1371.26
1374633900000,1.32049,1.32071,1.32046,1.32056,855.2
1374634800000,1.32056,1.3207,1.32046,1.3207,795.36
1374635700000,1.32071,1.32081,1.32064,1.32078,653.58
1374636600000,1.32078,1.3208,1.32054,1.3206,1069.82
1374637500000,1.3206,1.32098,1.32052,1.3209,763.08
1374638400000,1.3209,1.32109,1.32075,1.32102,786.39
1374639300000,1.32103,1.32112,1.32091,1.32106,636.31
1374640200000,1.32108,1.32115,1.32084,1.32097,1840.5
1374641100000,1.32097,1.32108,1.32075,1.32088,510.6
1374642000000,1.32089,1.32099,1.32064,1.32087,687.32
1374642900000,1.32088,1.32098,1.32067,1.32084,665.62
1374643800000,1.32083,1.32087,1.32036,1.32041,784.2
1374644700000,1.32042,1.32046,1.32018,1.32019,1176.83
1374645600000,1.32019,1.32045,1.32018,1.32037,1450.11
1374646500000,1.32037,1.32037,1.31902,1.31945,2521.03
1374647400000,1.31944,1.31999,1.31923,1.31969,1711.56
1374648300000,1.31969,1.32198,1.31967,1.32168,3191.82
1374649200000,1.32169,1.32196,1.32084,1.32138,3826.1
1374650100000,1.32136,1.32423,1.32108,1.32417,3863.9
1374651000000,1.32419,1.32548,1.32416,1.3245,7102.85
1374651900000,1.32453,1.32489,1.32356,1.32431,4346.33
1374652800000,1.32429,1.32432,1.32285,1.32356,3456.09
1374653700000,1.32352,1.32445,1.32341,1.32434,3304.11
1374654600000,1.32434,1.32457,1.3234,1.32419,3588.21
1374655500000,1.32418,1.32436,1.32337,1.3237,2662.61
1374656400000,1.32371,1.32418,1.32337,1.32404,2610.95
1374657300000,1.32403,1.32412,1.3236,1.32387,2050.67
1374658200000,1.32385,1.32385,1.32325,1.3234,2376.99
1374659100000,1.3234,1.32355,1.32297,1.32329,2528.55
1374660000000,1.32333,1.32352,1.3228,1.32334,2729.16
1374660900000,1.32323,1.32347,1.32293,1.32316,1515.76
1374661800000,1.32316,1.32399,1.32314,1.32369,1728.81
1374662700000,1.32368,1.32399,1.3232,1.32359,1787.52
1374663600000,1.32361,1.32407,1.32333,1.32407,1826.15
1374664500000,1.32408,1.32415,1.32366,1.32406,1487.41
1374665400000,1.32406,1.32456,1.32398,1.32434,2312.12
1374666300000,1.32433,1.32502,1.324,1.32502,2708.1
1374667200000,1.32503,1.32512,1.324,1.32455,3902.8
1374668100000,1.32457,1.3256,1.32325,1.32332,5009.77
1374669000000,1.32332,1.32332,1.32143,1.3222,6284.7
1374669900000,1.3222,1.3222,1.32115,1.32117,4531.03
1374670800000,1.32116,1.32227,1.32062,1.32197,6006.99
1374671700000,1.32195,1.3221,1.32044,1.32157,5684.16
1374672600000,1.32158,1.32176,1.3209,1.32167,4838.54
1374673500000,1.32168,1.32276,1.32161,1.32263,4405.28
1374674400000,1.32264,1.32264,1.32008,1.32199,7293.81
1374675300000,1.32198,1.32426,1.3216,1.32407,6669.26
1374676200000,1.32408,1.32435,1.32336,1.32388,4928.16
1374677100000,1.32388,1.324,1.32318,1.32342,3676.85
1374678000000,1.32335,1.3237,1.32248,1.32307,4377.35
1374678900000,1.32306,1.32328,1.32265,1.32283,3404.86
1374679800000,1.32284,1.32313,1.3227,1.32283,2835.94
1374680700000,1.32281,1.32298,1.3226,1.32276,1400.8
1374681600000,1.32275,1.32275,1.32112,1.32129,3106.76
1374682500000,1.32128,1.32164,1.32098,1.32139,2586.54
1374683400000,1.32136,1.32151,1.32096,1.32125,1756.33
1374684300000,1.32126,1.32135,1.31975,1.32058,3097.8
1374685200000,1.32059,1.32096,1.3195,1.32,3026.2
1374686100000,1.31999,1.32011,1.31795,1.31867,4714.56
1374687000000,1.31866,1.31873,1.31768,1.31795,3306.22
1374687900000,1.31795,1.31857,1.31767,1.31837,2289.41
1374688800000,1.31838,1.31875,1.31825,1.3185,1774.78
1374689700000,1.3185,1.31955,1.31837,1.3194,2365.73
1374690600000,1.3194,1.31971,1.31912,1.3196,1496.66
1374691500000,1.31961,1.31978,1.31937,1.31948,1939.48
1374692400000,1.31948,1.3196,1.31905,1.31941,1286.67
1374693300000,1.31942,1.31961,1.31927,1.3195,925.51
1374694200000,1.31951,1.31981,1.31939,1.31974,907.5
1374695100000,1.31974,1.31992,1.31962,1.31977,1054.99
1374696000000,1.31978,1.32026,1.31943,1.3201,996.12
1374696900000,1.32009,1.32033,1.32003,1.3202,556.74
1374697800000,1.32019,1.32045,1.31999,1.32014,731.8
1374698700000,1.32013,1.32024,1.31982,1.32007,595.55
1374699600000,1.32006,1.32007,1.31954,1.31984,368.63
1374700500000,1.31984,1.32005,1.31974,1.32001,474.36
1374701400000,1.32001,1.32013,1.31995,1.32001,199.61
1374702300000,1.32001,1.32001,1.31969,1.3197,225.72
1374703200000,1.31974,1.31994,1.31966,1.31977,520
1374704100000,1.31977,1.31978,1.31942,1.31956,360.35
1374705000000,1.31959,1.31962,1.31888,1.31897,469.74
1374705900000,1.31898,1.31969,1.31897,1.31955,367.71
1374706800000,1.31949,1.31964,1.31938,1.3195,337.41
1374707700000,1.31948,1.31955,1.31924,1.31938,444.91
1374708600000,1.31936,1.31961,1.31929,1.31929,512.19
1374709500000,1.31928,1.3193,1.31878,1.31904,875.43
1374710400000,1.31904,1.31945,1.31889,1.31943,941.22
1374711300000,1.31943,1.31949,1.31916,1.31941,1115.22
1374712200000,1.31939,1.31983,1.31939,1.31958,1199.36
1374713100000,1.31958,1.31961,1.31938,1.3194,829.62
1374714000000,1.3194,1.31975,1.31938,1.31975,1100.67
1374714900000,1.31975,1.32007,1.31965,1.31987,1264.25
1374715800000,1.31988,1.32012,1.31961,1.32002,1440.45
1374716700000,1.32001,1.3201,1.31976,1.3199,853.9
1374717600000,1.31988,1.31998,1.31962,1.31998,799.58
1374718500000,1.31998,1.32017,1.31998,1.32009,674.35
1374719400000,1.3201,1.32015,1.32002,1.32009,561.47
1374720300000,1.32009,1.3203,1.32009,1.3203,832.56
1374721200000,1.3203,1.32091,1.32029,1.32058,638.11
1374722100000,1.32059,1.32083,1.32058,1.32073,470.98
1374723000000,1.32072,1.32074,1.32027,1.32036,641.78
1374723900000,1.32037,1.32052,1.32035,1.3205,379.16
1374724800000,1.32051,1.32059,1.32033,1.32036,560.29
1374725700000,1.32036,1.32057,1.32025,1.32026,513.54
1374726600000,1.32027,1.32063,1.32026,1.32053,964.8
1374727500000,1.32053,1.3211,1.32053,1.3211,504.66
1374728400000,1.32113,1.32207,1.32102,1.32151,2510.98
1374729300000,1.3215,1.32159,1.3213,1.32131,844.74
1374730200000,1.32131,1.32139,1.321,1.32126,995.82
1374731100000,1.32126,1.32136,1.32085,1.32136,1131.71
1374732000000,1.32136,1.32174,1.32119,1.32148,2466.54
1374732900000,1.32148,1.32148,1.32054,1.32067,2033.46
1374733800000,1.32069,1.32173,1.32067,1.32119,2422.2
1374734700000,1.3212,1.32199,1.32113,1.32176,2285.69
1374735600000,1.32178,1.32186,1.32092,1.3216,2230.19
1374736500000,1.3216,1.32163,1.3209,1.32126,2162.56
1374737400000,1.32127,1.32167,1.32105,1.32137,2115.8
1374738300000,1.32139,1.32303,1.32137,1.32282,3980.44
1374739200000,1.32276,1.32366,1.3207,1.32109,4722.76
1374740100000,1.3211,1.32141,1.32024,1.32039,3120.73
1374741000000,1.32037,1.32037,1.318,1.31853,4242.14
1374741900000,1.31855,1.31916,1.31845,1.31859,2257.55
1374742800000,1.31858,1.31891,1.3178,1.31881,2940.42
1374743700000,1.31881,1.31886,1.31809,1.31857,2304.53
1374744600000,1.31858,1.31874,1.31665,1.3169,2441.55
1374745500000,1.3169,1.31785,1.31655,1.31745,3232.28
1374746400000,1.31746,1.31859,1.31724,1.31837,2210.13
1374747300000,1.31837,1.31946,1.31836,1.31922,2615.75
1374748200000,1.3192,1.31994,1.31908,1.31962,2245.78
1374749100000,1.31961,1.32027,1.31934,1.3195,3102.83
1374750000000,1.31953,1.31987,1.31937,1.3198,1975.28
1374750900000,1.3198,1.32001,1.31935,1.31957,2184.45
1374751800000,1.31957,1.32161,1.3194,1.3212,3089.04
1374752700000,1.32124,1.3216,1.32076,1.32144,3312.99
1374753600000,1.32145,1.32152,1.32,1.32025,3662.22
1374754500000,1.32023,1.32191,1.32023,1.32125,3812.99
1374755400000,1.32123,1.32324,1.31935,1.32271,7655.76
1374756300000,1.32272,1.32387,1.3221,1.32247,4966.17
1374757200000,1.32247,1.32297,1.32137,1.32191,6352.38
1374758100000,1.32191,1.32201,1.321,1.32157,4180.65
1374759000000,1.32158,1.32237,1.32149,1.32226,3367.56
1374759900000,1.32225,1.32308,1.32192,1.32206,4183.9
1374760800000,1.32206,1.32283,1.322,1.32277,3583.83
1374761700000,1.32281,1.32331,1.32209,1.32258,4043.88
1374762600000,1.32259,1.32281,1.32225,1.32277,2745.72
1374763500000,1.32277,1.32357,1.32241,1.32335,3391.56
1374764400000,1.32335,1.32358,1.32254,1.32324,5415.51
1374765300000,1.32324,1.32364,1.3228,1.32297,4339.16
1374766200000,1.32296,1.32399,1.32295,1.3232,3454.69
1374767100000,1.3232,1.32366,1.32292,1.32336,2037.34
1374768000000,1.32336,1.32336,1.32225,1.32289,2616.61
1374768900000,1.32291,1.3235,1.32265,1.32288,1924.03
1374769800000,1.32289,1.32318,1.32287,1.32307,1183.04
1374770700000,1.32305,1.3231,1.32259,1.32287,1535.7
1374771600000,1.32286,1.32317,1.32265,1.32279,1641.3
1374772500000,1.3228,1.32505,1.32275,1.32487,3521.66
1374773400000,1.32487,1.32525,1.32434,1.32456,3064.41
1374774300000,1.32456,1.32485,1.32436,1.32456,2148.61
1374775200000,1.32457,1.32555,1.32385,1.32425,3404.47
1374776100000,1.32427,1.32446,1.32366,1.32419,1467.54
1374777000000,1.3242,1.32432,1.3238,1.32421,1227.93
1374777900000,1.32419,1.32501,1.32417,1.32431,1805.23
1374778800000,1.32431,1.32765,1.32394,1.32717,3939.9
1374779700000,1.32717,1.32798,1.3269,1.32733,4355.39
1374780600000,1.3273,1.32849,1.32721,1.3281,4018.54
1374781500000,1.32809,1.32896,1.32775,1.32847,2864.76
1374782400000,1.32849,1.32958,1.32816,1.32914,2544.43
1374783300000,1.32913,1.32919,1.32825,1.32827,1812.55
1374784200000,1.32829,1.32833,1.3276,1.32786,1160.53
1374785100000,1.32786,1.32822,1.32745,1.32767,819.45
1374786000000,1.32767,1.3279,1.32751,1.32754,359.44
1374786900000,1.32752,1.32781,1.32751,1.32772,268.37
1374787800000,1.32772,1.32778,1.32735,1.32761,724.74
1374788700000,1.32762,1.32771,1.32755,1.32759,427.81
1374789600000,1.32761,1.32773,1.32748,1.32764,646.87
1374790500000,1.32764,1.32792,1.32764,1.32787,305.34
1374791400000,1.32784,1.32803,1.32784,1.328,268.83
1374792300000,1.328,1.32821,1.32799,1.32821,328.42
1374793200000,1.32821,1.32821,1.32754,1.3276,529.8
1374794100000,1.32761,1.32804,1.32756,1.32802,569.94
1374795000000,1.32801,1.32804,1.32717,1.32717,939.19
1374795900000,1.32717,1.32762,1.32715,1.32737,717.02
1374796800000,1.32737,1.32765,1.32726,1.32747,1153.88
1374797700000,1.32746,1.32746,1.32695,1.32718,1478.46
1374798600000,1.32717,1.32731,1.32687,1.32698,1136.53
1374799500000,1.32698,1.32761,1.32698,1.32745,1307.32
1374800400000,1.32745,1.32762,1.32738,1.32741,1170.51
1374801300000,1.3274,1.32751,1.32704,1.32742,945.45
1374802200000,1.32741,1.32749,1.32727,1.32739,638.46
1374803100000,1.32741,1.32795,1.32736,1.32769,1138.37
1374804000000,1.32772,1.32821,1.32772,1.32785,742.78
1374804900000,1.32785,1.32852,1.32784,1.32851,1472.02
1374805800000,1.3285,1.32887,1.32795,1.32887,1821.51
1374806700000,1.32887,1.32887,1.32827,1.32837,1637.29
1374807600000,1.32838,1.3284,1.32803,1.32819,1242.13
1374808500000,1.32817,1.32819,1.32748,1.32759,1219.34
1374809400000,1.3276,1.32819,1.3276,1.328,1479.76
1374810300000,1.328,1.32831,1.32792,1.32817,628.72
1374811200000,1.32816,1.32825,1.3277,1.32775,678.34
1374812100000,1.32775,1.32786,1.32757,1.3277,670.93
1374813000000,1.3277,1.32774,1.32756,1.3277,727.01
1374813900000,1.3277,1.32801,1.32757,1.32791,1307.85
1374814800000,1.32791,1.32791,1.32765,1.32776,993.62
1374815700000,1.32775,1.32857,1.32771,1.32834,1414.47
1374816600000,1.32832,1.3284,1.32777,1.32788,1162.5
1374817500000,1.32787,1.32799,1.32768,1.32785,1145.06
1374818400000,1.32783,1.32827,1.32773,1.32776,1846.05
1374819300000,1.32776,1.32854,1.32748,1.32838,1660.03
1374820200000,1.32841,1.32848,1.32737,1.32745,1750.25
1374821100000,1.32746,1.32809,1.32726,1.32776,1934.55
1374822000000,1.32777,1.32871,1.32777,1.32839,3176.16
1374822900000,1.3284,1.32856,1.32752,1.32809,1952.37
1374823800000,1.32809,1.32809,1.32763,1.32796,2118.55
1374824700000,1.32796,1.32911,1.32772,1.32868,2595.3
1374825600000,1.32868,1.32965,1.3286,1.32965,3431.2
1374826500000,1.32965,1.32968,1.32856,1.32869,3522.71
1374827400000,1.32869,1.32907,1.32845,1.32859,2012.23
1374828300000,1.32855,1.32885,1.32805,1.32871,2501.28
1374829200000,1.32871,1.32905,1.32828,1.32863,2442.89
1374830100000,1.32863,1.32917,1.3285,1.3291,2088.26
1374831000000,1.32909,1.3294,1.32885,1.32894,2828.55
1374831900000,1.32893,1.32902,1.32799,1.32815,2208.6
1374832800000,1.32815,1.32839,1.32675,1.32697,2916.51
1374833700000,1.32696,1.32785,1.32696,1.32758,2384.82
1374834600000,1.32758,1.3276,1.32633,1.32669,2443.85
1374835500000,1.3267,1.32715,1.32605,1.3271,3037.13
1374836400000,1.32712,1.32816,1.32689,1.3278,2468.82
1374837300000,1.3278,1.32788,1.32694,1.32725,1963.19
1374838200000,1.32726,1.32751,1.32684,1.32698,2010.54
1374839100000,1.32698,1.32742,1.32655,1.32655,2632.14
1374840000000,1.32654,1.32671,1.32575,1.32618,3515.02
1374840900000,1.32618,1.32642,1.32525,1.32591,3583.25
1374841800000,1.32594,1.32623,1.32563,1.326,2529.56
1374842700000,1.326,1.32652,1.32584,1.32616,2714.06
1374843600000,1.32614,1.32655,1.3255,1.32651,2816.98
1374844500000,1.32654,1.32745,1.32654,1.32722,4365.83
1374845400000,1.32721,1.32796,1.3264,1.32747,3583.4
1374846300000,1.32746,1.329,1.32652,1.3281,5503.92
1374847200000,1.32805,1.32944,1.3275,1.32751,5581.82
1374848100000,1.32751,1.32794,1.327,1.32792,4815.19
1374849000000,1.32792,1.32792,1.32709,1.32728,4248.12
1374849900000,1.32729,1.32741,1.3263,1.32635,4657.49
1374850800000,1.32635,1.32767,1.32629,1.3273,3137.16
1374851700000,1.32731,1.3274,1.32626,1.32652,3372.81
1374852600000,1.32652,1.32685,1.32548,1.32589,2842.92
1374853500000,1.3259,1.32691,1.32587,1.32684,2521.89
1374854400000,1.32685,1.32812,1.32685,1.32723,3676.59
1374855300000,1.32724,1.32811,1.32703,1.32758,1985.47
1374856200000,1.32758,1.32804,1.32746,1.32763,1862.63
1374857100000,1.32763,1.32804,1.32709,1.32802,1445.19
1374858000000,1.32803,1.32803,1.32736,1.32772,1529.18
1374858900000,1.32772,1.32847,1.32772,1.32805,1753.79
1374859800000,1.32806,1.3287,1.32806,1.3284,1051.28
1374860700000,1.3284,1.3285,1.32812,1.32837,922.87
1374861600000,1.32835,1.32899,1.32833,1.32852,1452.35
1374862500000,1.32853,1.32862,1.3275,1.32768,1936.65
1374863400000,1.32767,1.32851,1.32767,1.32839,1064.34
1374864300000,1.3284,1.32844,1.32746,1.32759,1564.02
1374865200000,1.32757,1.32798,1.32734,1.32761,1437.99
1374866100000,1.32761,1.32814,1.32759,1.32807,884.54
1374867000000,1.32808,1.32815,1.32771,1.32789,770.5
1374867900000,1.32791,1.32823,1.32773,1.32819,955.55
1374868800000,1.32821,1.32821,1.3273,1.32751,889.94
1374869700000,1.32749,1.32766,1.3273,1.32761,559.01
1374870600000,1.32761,1.32771,1.32732,1.32759,525.98
1374871500000,1.32759,1.3281,1.32755,1.32786,651.3
1375045200000,1.32854,1.32859,1.32765,1.32791,173.83
1375046100000,1.32793,1.32811,1.32779,1.32791,133.91
1375047000000,1.32792,1.32828,1.32766,1.3282,109.88
1375047900000,1.32808,1.32808,1.32763,1.32801,53.66
1375048800000,1.32808,1.32845,1.32761,1.32761,341.89
1375049700000,1.32761,1.32812,1.32753,1.32807,442.95
1375050600000,1.32805,1.3286,1.32804,1.32852,201.93
1375051500000,1.32851,1.32872,1.3284,1.32872,335.85
1375052400000,1.32875,1.32938,1.32859,1.32924,752.88
1375053300000,1.32922,1.32934,1.32874,1.32901,610.32
1375054200000,1.329,1.32901,1.32869,1.32875,691.01
1375055100000,1.32873,1.32884,1.32852,1.32856,677.31
1375056000000,1.32857,1.32858,1.32822,1.3283,1555.7
1375056900000,1.3283,1.32903,1.32821,1.32842,1490.65
1375057800000,1.32842,1.32874,1.3283,1.32864,1808.29
1375058700000,1.32864,1.32898,1.32855,1.32892,1331.07
1375059600000,1.32892,1.32897,1.32865,1.32887,1286.54
1375060500000,1.32889,1.32889,1.32862,1.32867,1200.65
1375061400000,1.3287,1.32928,1.3287,1.3291,2096.17
1375062300000,1.3291,1.32921,1.32865,1.32871,1869.09
1375063200000,1.32867,1.32914,1.32855,1.32904,2242.05
1375064100000,1.32906,1.32918,1.32888,1.32908,1584.17
1375065000000,1.32907,1.32911,1.32879,1.32889,1639.92
1375065900000,1.3289,1.32921,1.3288,1.32918,1409.54
1375066800000,1.32921,1.32923,1.32891,1.32892,2554.1
1375067700000,1.32888,1.32895,1.32872,1.32884,1561.56
1375068600000,1.32883,1.32894,1.32863,1.32881,1345
1375069500000,1.32876,1.32882,1.32831,1.32832,1448.66
1375070400000,1.32833,1.32863,1.32833,1.32851,1665.07
1375071300000,1.32854,1.32857,1.32803,1.32824,2506.52
1375072200000,1.32823,1.32864,1.32749,1.32764,1881.66
1375073100000,1.32762,1.32797,1.32754,1.32788,2252.45
1375074000000,1.32787,1.32803,1.32763,1.32803,2446.95
1375074900000,1.32804,1.32815,1.32734,1.32736,1847.91
1375075800000,1.32737,1.32823,1.32734,1.32805,2332.73
1375076700000,1.32806,1.32812,1.32772,1.32793,2329.46
1375077600000,1.32793,1.32821,1.32748,1.32788,2607.2
1375078500000,1.32787,1.32808,1.3272,1.32725,2405.9
1375079400000,1.32724,1.32763,1.32697,1.327,3788.1
1375080300000,1.32699,1.3271,1.32628,1.32646,4400.71
1375081200000,1.32648,1.32711,1.32648,1.32661,4505.64
1375082100000,1.32662,1.32725,1.32611,1.32698,4672.68
1375083000000,1.32695,1.32742,1.3266,1.3269,3695.6
1375083900000,1.32689,1.32766,1.32675,1.32688,5814.68
1375084800000,1.32689,1.32762,1.32665,1.32756,5147.71
1375085700000,1.32755,1.32862,1.32743,1.32829,5566.5
1375086600000,1.32826,1.32916,1.32788,1.32858,6589.13
1375087500000,1.32859,1.3289,1.32824,1.32855,7027.45
1375088400000,1.32856,1.32934,1.32839,1.32863,7943.58
1375089300000,1.32863,1.32911,1.32857,1.32908,8377.46
1375090200000,1.32907,1.32921,1.32847,1.32859,8705.38
1375091100000,1.32859,1.329,1.32852,1.3289,7479.39
1375092000000,1.3289,1.32918,1.32861,1.32875,6876.87
1375092900000,1.32882,1.32944,1.32877,1.32938,6095.45
1375093800000,1.32939,1.32949,1.32896,1.32917,5595.23
1375094700000,1.32919,1.32926,1.32862,1.32873,4955.87
1375095600000,1.32871,1.32882,1.32769,1.32787,5497.89
1375096500000,1.32785,1.32832,1.32739,1.3274,4530.67
1375097400000,1.32738,1.32798,1.32717,1.32775,5217.47
1375098300000,1.32774,1.32798,1.3274,1.32743,5248.76
1375099200000,1.32742,1.32749,1.32664,1.32707,6559.48
1375100100000,1.3271,1.3271,1.3255,1.32572,7772.76
1375101000000,1.32573,1.32635,1.32537,1.32549,5485.16
1375101900000,1.32546,1.32622,1.32489,1.32588,5386.34
1375102800000,1.32587,1.32641,1.32573,1.32628,4670.58
1375103700000,1.3263,1.32639,1.3249,1.32533,5763.26
1375104600000,1.32532,1.32579,1.32455,1.32492,5839.78
1375105500000,1.32491,1.32493,1.3241,1.32465,6295.31
1375106400000,1.32465,1.32512,1.32417,1.3249,7823.43
1375107300000,1.32488,1.3254,1.32415,1.32528,6500.16
1375108200000,1.32528,1.32541,1.32388,1.32484,7675.28
1375109100000,1.32486,1.32585,1.32486,1.32529,6992.9
1375110000000,1.32531,1.3256,1.32456,1.32463,7459.66
1375110900000,1.32463,1.32595,1.32462,1.32498,6790.59
1375111800000,1.32496,1.32538,1.32445,1.32481,5884.06
1375112700000,1.32481,1.3263,1.3248,1.32618,5803.96
1375113600000,1.32622,1.32713,1.326,1.32645,5086.7
1375114500000,1.32648,1.32672,1.3263,1.32666,5245.59
1375115400000,1.32669,1.32672,1.32595,1.32599,4378.55
1375116300000,1.32598,1.32619,1.32579,1.32618,5364.81
1375117200000,1.32619,1.32624,1.32536,1.32569,4274.51
1375118100000,1.32573,1.32574,1.32549,1.32566,3061.32
1375119000000,1.32566,1.32632,1.3256,1.32594,2960.29
1375119900000,1.32593,1.32601,1.3255,1.32578,3270.68
1375120800000,1.32579,1.32635,1.32576,1.32633,2138.14
1375121700000,1.32631,1.32719,1.32612,1.3268,2799.38
1375122600000,1.32679,1.32692,1.32628,1.3265,2137.57
1375123500000,1.32649,1.32697,1.32636,1.32658,2108.58
1375124400000,1.32659,1.32718,1.32658,1.32676,1585.11
1375125300000,1.32677,1.32708,1.32627,1.32652,1534.1
1375126200000,1.32652,1.32702,1.32649,1.32656,1767.55
1375127100000,1.32655,1.32697,1.32637,1.32658,2147.9
1375128000000,1.32655,1.32687,1.32632,1.32642,1978.92
1375128900000,1.32641,1.32645,1.32604,1.3263,2651.51
1375129800000,1.32632,1.32668,1.32615,1.32654,2282.77
1375130700000,1.32654,1.32658,1.32597,1.32617,2875.39
1375131600000,1.3262,1.3264,1.32615,1.32621,758.19
1375132500000,1.32622,1.32644,1.32605,1.32631,1147.23
1375133400000,1.32634,1.32634,1.32613,1.32618,1499.66
1375134300000,1.32621,1.32636,1.32593,1.3262,2502.14
1375135200000,1.32619,1.32636,1.32617,1.32619,1586.06
1375136100000,1.32619,1.32622,1.326,1.32601,2121.03
1375137000000,1.326,1.32617,1.32598,1.32603,1153.08
1375137900000,1.32603,1.32607,1.32581,1.32603,1632.86
1375138800000,1.32604,1.32616,1.32597,1.32612,1332.33
1375139700000,1.32609,1.3266,1.32609,1.32628,2037.98
1375140600000,1.32628,1.3265,1.32625,1.32635,1892.99
1375141500000,1.32636,1.32651,1.32613,1.3263,2447.68
1375142400000,1.32631,1.32631,1.3257,1.32587,2612.49
1375143300000,1.32588,1.32593,1.32535,1.32548,1497.54
1375144200000,1.32547,1.32592,1.32539,1.32583,2005.75
1375145100000,1.32584,1.32613,1.32572,1.32587,2063.83
1375146000000,1.3259,1.32622,1.3256,1.32576,1754.86
1375146900000,1.32577,1.32582,1.32541,1.32558,1679.88
1375147800000,1.32553,1.32596,1.32542,1.32573,1998.97
1375148700000,1.32574,1.32604,1.32569,1.32588,1995.57
1375149600000,1.32587,1.32591,1.32538,1.32548,2294.57
1375150500000,1.32549,1.32552,1.32494,1.32498,1724.73
1375151400000,1.32499,1.32538,1.32498,1.32529,1167.91
1375152300000,1.32527,1.32542,1.32519,1.32536,616.2
1375153200000,1.32544,1.32544,1.32473,1.32507,3063.56
1375154100000,1.32509,1.32545,1.3249,1.32498,2363.43
1375155000000,1.32497,1.32523,1.32471,1.32519,2459.79
1375155900000,1.32517,1.3255,1.32495,1.32534,1867.11
1375156800000,1.32533,1.32579,1.32527,1.32576,2126.56
1375157700000,1.32579,1.32579,1.32543,1.32564,2047.21
1375158600000,1.32563,1.32572,1.32548,1.32557,1365.85
1375159500000,1.32558,1.32577,1.32545,1.32562,1637.87
1375160400000,1.32561,1.32632,1.32554,1.32619,2067.05
1375161300000,1.32614,1.32643,1.32577,1.32621,1986.14
1375162200000,1.32621,1.32632,1.32572,1.32582,2767.8
1375163100000,1.32582,1.3259,1.3255,1.3258,2087.33
1375164000000,1.32582,1.32613,1.32551,1.32593,2489.23
1375164900000,1.3259,1.32602,1.32552,1.32553,2285.28
1375165800000,1.32553,1.32588,1.32511,1.32568,4303.78
1375166700000,1.32568,1.32615,1.32531,1.32609,4513.26
1375167600000,1.32607,1.32695,1.32596,1.32679,5650.19
1375168500000,1.32679,1.32716,1.32614,1.32691,5082.16
1375169400000,1.3269,1.32713,1.32647,1.32689,4474.91
1375170300000,1.3269,1.32709,1.32657,1.32707,5065.29
1375171200000,1.32709,1.32787,1.32688,1.3273,5583.71
1375172100000,1.32731,1.32772,1.32697,1.32725,4801.18
1375173000000,1.32721,1.32774,1.32681,1.32764,5394.84
1375173900000,1.32763,1.32766,1.32702,1.32705,7216.99
1375174800000,1.32708,1.32732,1.32635,1.32647,7524.83
1375175700000,1.32648,1.32744,1.32639,1.32714,7525.72
1375176600000,1.32716,1.32743,1.32659,1.3274,8972.88
1375177500000,1.3274,1.32772,1.32659,1.32669,8137.11
1375178400000,1.32666,1.32702,1.3263,1.3269,6849.04
1375179300000,1.32695,1.3272,1.32661,1.3268,6137.2
1375180200000,1.32679,1.32713,1.32658,1.32702,5215.3
1375181100000,1.32703,1.32713,1.32664,1.32668,5389.34
1375182000000,1.32671,1.32751,1.3267,1.32734,5373.65
1375182900000,1.32735,1.32774,1.32719,1.32737,4817.81
1375183800000,1.32735,1.33012,1.32735,1.32943,7978.9
1375184700000,1.32946,1.3297,1.32885,1.32899,7446.4
1375185600000,1.32899,1.32938,1.32815,1.32835,7780.03
1375186500000,1.32835,1.32882,1.32815,1.32831,7321.65
1375187400000,1.32835,1.32887,1.32815,1.32848,5016.08
1375188300000,1.32847,1.32896,1.32841,1.32863,5382.58
1375189200000,1.32863,1.32942,1.32858,1.32904,5505.68
1375190100000,1.32905,1.32953,1.32887,1.32897,5409.68
1375191000000,1.32897,1.32943,1.32724,1.32755,6852.22
1375191900000,1.32753,1.32753,1.3266,1.32691,7442.34
1375192800000,1.32689,1.32767,1.32545,1.32572,7711.37
1375193700000,1.32565,1.3257,1.3234,1.32436,9050.08
1375194600000,1.32437,1.32465,1.32348,1.32422,8172.18
1375195500000,1.32422,1.32514,1.32355,1.32499,8043.89
1375196400000,1.325,1.32581,1.32496,1.32564,7396.85
1375197300000,1.32566,1.32583,1.3248,1.32525,6316.96
1375198200000,1.32525,1.32625,1.32519,1.32598,4969.52
1375199100000,1.32598,1.3269,1.32596,1.32657,5349.48
1375200000000,1.3266,1.32709,1.32597,1.32607,4782.89
1375200900000,1.3261,1.3262,1.32584,1.3259,4686.35
1375201800000,1.32591,1.32595,1.3252,1.32538,4629.27
1375202700000,1.32541,1.32588,1.325,1.32543,5322.8
1375203600000,1.32534,1.32585,1.325,1.32542,4268.51
1375204500000,1.32543,1.32555,1.3246,1.32512,3811.7
1375205400000,1.32514,1.32514,1.32478,1.3249,2416.6
1375206300000,1.32492,1.32538,1.3249,1.32524,2779.89
1375207200000,1.32527,1.32556,1.32525,1.32543,2202.63
1375208100000,1.32544,1.32596,1.32541,1.32591,3059.97
1375209000000,1.32591,1.32622,1.32578,1.32622,2316.04
1375209900000,1.32621,1.32661,1.32613,1.32638,2382.85
1375210800000,1.3264,1.3266,1.32624,1.32627,1863.96
1375211700000,1.32628,1.32671,1.3262,1.3267,1810.53
1375212600000,1.3267,1.32703,1.32617,1.32633,2686.87
1375213500000,1.32634,1.3264,1.32611,1.32622,2627.97
1375214400000,1.3262,1.32647,1.32613,1.32645,2544.1
1375215300000,1.32645,1.32653,1.32615,1.32623,2943.1
1375216200000,1.32623,1.32646,1.32616,1.32621,2692.45
1375217100000,1.32621,1.3264,1.32617,1.32618,3541.67
1375218000000,1.32617,1.32642,1.32613,1.32622,674.46
1375218900000,1.32623,1.32627,1.3261,1.32618,1201.52
1375219800000,1.32617,1.32622,1.32589,1.32622,1629.86
1375220700000,1.32622,1.32634,1.32613,1.32626,2069.35
1375221600000,1.32627,1.32646,1.32625,1.3264,1755.82
1375222500000,1.3264,1.32641,1.32626,1.32631,2423.3
1375223400000,1.32633,1.32641,1.32628,1.3264,1410.81
1375224300000,1.3264,1.3264,1.32602,1.32607,1911.93
1375225200000,1.32608,1.32609,1.32573,1.32574,2019.93
1375226100000,1.32574,1.32606,1.32566,1.3259,1776.08
1375227000000,1.32592,1.32615,1.3259,1.32611,1468.15
1375227900000,1.32614,1.32664,1.32613,1.32656,2311.31
1375228800000,1.32656,1.32675,1.32637,1.32653,2876.07
1375229700000,1.32653,1.32679,1.32631,1.32643,2268.49
1375230600000,1.32643,1.32654,1.326,1.326,1729.24
1375231500000,1.32601,1.32615,1.32574,1.326,1738.67
1375232400000,1.32601,1.32637,1.32599,1.32618,1549.74
1375233300000,1.32617,1.32632,1.32597,1.32597,1261.75
1375234200000,1.32601,1.32615,1.32589,1.32609,1502.7
1375235100000,1.32609,1.32646,1.326,1.32619,1565.05
1375236000000,1.32619,1.32664,1.32616,1.32652,1606.29
1375236900000,1.32652,1.32666,1.32638,1.32642,977.6
1375237800000,1.32641,1.32656,1.32628,1.32642,1435.12
1375238700000,1.32639,1.32652,1.3262,1.32631,1073.13
1375239600000,1.3263,1.32643,1.32582,1.32598,1652.31
1375240500000,1.32599,1.32603,1.32537,1.32553,1663.65
1375241400000,1.32554,1.32563,1.32549,1.32553,1352.52
1375242300000,1.32553,1.32563,1.32517,1.32551,1589.65
1375243200000,1.32553,1.3259,1.32549,1.32589,1753.37
1375244100000,1.32589,1.32592,1.32571,1.32576,1497.45
1375245000000,1.32577,1.32596,1.3256,1.32596,1495.65
1375245900000,1.32598,1.32602,1.32573,1.32582,1466.76
1375246800000,1.32581,1.32585,1.3254,1.32546,1963.86
1375247700000,1.32546,1.3258,1.32544,1.32578,1673.94
1375248600000,1.32579,1.32596,1.32564,1.32566,1732.96
1375249500000,1.32566,1.32582,1.32547,1.32556,2008.6
1375250400000,1.32559,1.32584,1.32521,1.32558,2866.88
1375251300000,1.32557,1.32569,1.3244,1.32466,3385
1375252200000,1.32465,1.32477,1.32406,1.32465,4690.87
1375253100000,1.32467,1.32504,1.32424,1.32502,4288
1375254000000,1.32502,1.32684,1.32474,1.32641,5087.1
1375254900000,1.32641,1.32683,1.32559,1.3264,4763.47
1375255800000,1.32643,1.32683,1.32609,1.3262,4398.97
1375256700000,1.3262,1.32853,1.32613,1.32804,7057.57
1375257600000,1.32804,1.3291,1.32804,1.32807,7011.75
1375258500000,1.32808,1.32861,1.32773,1.32842,5223.53
1375259400000,1.32846,1.33002,1.328,1.32949,8337.88
1375260300000,1.3295,1.32975,1.32865,1.3289,7829.63
1375261200000,1.32891,1.32903,1.32783,1.32851,7764.7
1375262100000,1.32852,1.3287,1.32772,1.32791,7003.32
1375263000000,1.32788,1.32826,1.32737,1.32799,8834.55
1375263900000,1.328,1.32805,1.32712,1.32738,7594.5
1375264800000,1.32742,1.32763,1.32663,1.32663,6884.95
1375265700000,1.32664,1.32722,1.32644,1.32665,7318.56
1375266600000,1.32658,1.32666,1.32492,1.32546,7287.55
1375267500000,1.32546,1.32556,1.32503,1.32534,5156.94
1375268400000,1.32533,1.32572,1.32505,1.32553,5823.5
1375269300000,1.32553,1.32597,1.32522,1.32567,5241.53
1375270200000,1.32566,1.32684,1.32563,1.32661,7084.56
1375271100000,1.32663,1.32736,1.32633,1.32733,7397.89
1375272000000,1.32733,1.3275,1.3261,1.3275,7484.75
1375272900000,1.32743,1.32755,1.32444,1.32537,10788.06
1375273800000,1.32538,1.32538,1.32141,1.32311,9933.68
1375274700000,1.32309,1.32319,1.32219,1.32231,6758.7
1375275600000,1.3223,1.32257,1.32164,1.32237,7188.15
1375276500000,1.32237,1.32366,1.32227,1.32329,6675.16
1375277400000,1.3233,1.32345,1.32171,1.32253,7190.33
1375278300000,1.32257,1.32281,1.32186,1.32215,8441.41
1375279200000,1.32213,1.32581,1.3221,1.32581,9870.12
1375280100000,1.32585,1.32671,1.32575,1.32614,8047.56
1375281000000,1.32614,1.32708,1.3254,1.32698,8439.78
1375281900000,1.327,1.32802,1.32642,1.32784,8438.69
1375282800000,1.3278,1.32786,1.32614,1.32698,7547.34
1375283700000,1.32698,1.32775,1.32664,1.32728,5868.3
1375284600000,1.32726,1.32755,1.32665,1.32671,5767.35
1375285500000,1.32672,1.32955,1.32672,1.32936,6404.62
1375286400000,1.32935,1.32988,1.32824,1.32862,6165.21
1375287300000,1.32863,1.32962,1.32861,1.32948,5995.75
1375288200000,1.32947,1.3295,1.32783,1.32819,5644.01
1375289100000,1.32819,1.3285,1.32737,1.32761,6224.04
1375290000000,1.32763,1.3285,1.32749,1.3282,4522.39
1375290900000,1.32823,1.32851,1.32797,1.32843,3627.61
1375291800000,1.32841,1.32865,1.32824,1.32851,2577.6
1375292700000,1.32852,1.32909,1.32841,1.32896,3672.74
1375293600000,1.329,1.33358,1.3265,1.32684,9511.46
1375294500000,1.32688,1.33144,1.32688,1.33022,7508.81
1375295400000,1.33021,1.33277,1.32972,1.33223,7179.56
1375296300000,1.33225,1.33381,1.33225,1.33381,5648.09
1375297200000,1.33383,1.33447,1.3314,1.33168,5283.63
1375298100000,1.33168,1.33208,1.3304,1.33085,3522.24
1375299000000,1.33085,1.331,1.32926,1.32993,3535.49
1375299900000,1.32993,1.33047,1.32935,1.33032,3765.2
1375300800000,1.33031,1.33056,1.33007,1.33038,2580.76
1375301700000,1.33037,1.33037,1.3299,1.33004,3098.77
1375302600000,1.33006,1.33033,1.32999,1.33021,2573.22
1375303500000,1.33021,1.33038,1.32996,1.33025,3468.07
1375304400000,1.33025,1.33035,1.32972,1.33014,539.84
1375305300000,1.33017,1.3305,1.33014,1.33033,1057.65
1375306200000,1.33033,1.33077,1.33025,1.33063,2098.7
1375307100000,1.33058,1.33063,1.32956,1.32959,2684.23
1375308000000,1.3297,1.33024,1.32956,1.32991,1778.09
1375308900000,1.32991,1.32999,1.32961,1.32991,2562.26
1375309800000,1.32989,1.33001,1.32952,1.32964,1248.38
1375310700000,1.32961,1.32977,1.329,1.32949,1889.71
1375311600000,1.32948,1.33007,1.32937,1.33003,2088.53
1375312500000,1.33003,1.33003,1.32991,1.32994,1372.68
1375313400000,1.32997,1.33046,1.32994,1.33031,1862.87
1375314300000,1.33029,1.33033,1.32996,1.33003,2169.38
