timestamp,open,high,low,close,volume
1367366400000,1.31679,1.31724,1.31651,1.31712,1414.04
1367367300000,1.31712,1.31779,1.31705,1.31779,1084.45
1367368200000,1.31779,1.31791,1.3176,1.31763,868.46
1367369100000,1.31763,1.31775,1.31714,1.3177,1513.31
1367370000000,1.3177,1.31776,1.3165,1.31654,2065.47
1367370900000,1.31654,1.3167,1.3161,1.31623,1621.66
1367371800000,1.31624,1.31638,1.31619,1.31633,1443.97
1367372700000,1.31633,1.31655,1.31615,1.31653,880.44
1367373600000,1.31653,1.31679,1.3165,1.31655,717.55
1367374500000,1.31655,1.31655,1.31636,1.31636,428.12
1367375400000,1.31636,1.31661,1.31633,1.31644,643.75
1367376300000,1.31643,1.31654,1.31636,1.31653,421.85
1367377200000,1.31652,1.31655,1.31641,1.31643,543.94
1367378100000,1.31643,1.31663,1.31641,1.31655,429.5
1367379000000,1.31655,1.31658,1.31625,1.3163,708.56
1367379900000,1.31631,1.31655,1.3162,1.31631,1884.88
1367380800000,1.31631,1.31642,1.31606,1.3161,1271.8
1367381700000,1.31611,1.3164,1.31608,1.31635,1540.6
1367382600000,1.31634,1.31643,1.31611,1.31619,1397.48
1367383500000,1.3162,1.31632,1.31612,1.31621,542.2
1367384400000,1.31621,1.31646,1.3162,1.31641,551.17
1367385300000,1.31641,1.31692,1.31638,1.3168,1111.02
1367386200000,1.3168,1.31683,1.31657,1.31672,669.12
1367387100000,1.31673,1.317,1.31659,1.31697,1539.78
1367388000000,1.31696,1.31707,1.31644,1.31655,1287.62
1367388900000,1.31655,1.31682,1.31652,1.31673,1060
1367389800000,1.31674,1.31688,1.31654,1.31683,808.07
1367390700000,1.31683,1.31779,1.31678,1.31717,1844
1367391600000,1.31716,1.31716,1.31645,1.31654,1546.36
1367392500000,1.31654,1.31747,1.3165,1.31681,1583.45
1367393400000,1.31681,1.31724,1.31658,1.31667,1458
1367394300000,1.31666,1.31763,1.31663,1.31721,1590.42
1367395200000,1.3172,1.3184,1.31716,1.31805,2663.76
1367396100000,1.31804,1.31889,1.31776,1.31847,2649.86
1367397000000,1.31846,1.3194,1.31842,1.31886,3308.06
1367397900000,1.31887,1.31942,1.31887,1.31915,2009.7
1367398800000,1.31915,1.31934,1.31882,1.31912,1629.23
1367399700000,1.31912,1.31996,1.31908,1.31962,2361.05
1367400600000,1.31962,1.31974,1.31892,1.31911,1744.67
1367401500000,1.31911,1.31941,1.31911,1.31922,1119.74
1367402400000,1.31922,1.31924,1.31892,1.31902,1453.6
1367403300000,1.31903,1.31956,1.319,1.31912,1589.77
1367404200000,1.31912,1.31952,1.31865,1.31941,1743.79
1367405100000,1.3194,1.31956,1.3189,1.31943,1386.6
1367406000000,1.31941,1.32118,1.31935,1.32111,3349.07
1367406900000,1.32111,1.32216,1.32092,1.32193,3890.11
1367407800000,1.32193,1.3222,1.32165,1.32192,3106.16
1367408700000,1.32191,1.32267,1.32155,1.32192,3654.93
1367409600000,1.32193,1.3224,1.3217,1.32221,2471
1367410500000,1.32231,1.32427,1.32229,1.324,5227.81
1367411400000,1.32401,1.32414,1.32278,1.32279,3067.65
1367412300000,1.3228,1.32317,1.32213,1.32259,3391.02
1367413200000,1.32259,1.32284,1.3206,1.32082,3314.29
1367414100000,1.32082,1.3214,1.32055,1.32139,3896.93
1367415000000,1.32138,1.3221,1.32081,1.32122,4065.85
1367415900000,1.32121,1.32159,1.32095,1.32105,3093.11
1367416800000,1.32105,1.32208,1.31908,1.31926,4889.3
1367417700000,1.31924,1.31993,1.3189,1.31934,3654.73
1367418600000,1.31932,1.31942,1.3187,1.31918,3156.85
1367419500000,1.31919,1.31991,1.3191,1.31929,3866.81
1367420400000,1.31929,1.31965,1.3191,1.31935,2399.9
1367421300000,1.31932,1.32005,1.31918,1.31961,2340.27
1367422200000,1.3196,1.32009,1.31789,1.3185,3719.93
1367423100000,1.3185,1.31942,1.31845,1.3192,2041.55
1367424000000,1.3192,1.31991,1.31913,1.31952,1963.9
1367424900000,1.31952,1.32046,1.3194,1.31952,2121.99
1367425800000,1.31952,1.3198,1.31918,1.31954,1616.9
1367426700000,1.31954,1.31981,1.31913,1.31913,1446.02
1367427600000,1.31913,1.31991,1.31901,1.3196,1712.78
1367428500000,1.3196,1.32001,1.31933,1.3196,1278.71
1367429400000,1.31962,1.3198,1.31926,1.31961,1177.81
1367430300000,1.31963,1.31993,1.31932,1.31937,1484.71
1367431200000,1.31939,1.32141,1.31731,1.32078,6920.35
1367432100000,1.32078,1.32204,1.3202,1.32023,3852.91
1367433000000,1.32023,1.32157,1.31993,1.32127,2571.05
1367433900000,1.32126,1.32132,1.32049,1.32114,2449.11
1367434800000,1.32113,1.32122,1.3186,1.31903,2420.67
1367435700000,1.31902,1.31929,1.31795,1.31836,2647.89
1367436600000,1.31839,1.31898,1.31756,1.31773,2426.2
1367437500000,1.31775,1.31843,1.31769,1.31843,1673.47
1367438400000,1.31845,1.3189,1.31824,1.31882,1043.18
1367439300000,1.31881,1.31882,1.31856,1.3187,558.93
1367440200000,1.31868,1.3188,1.31843,1.31848,472.54
1367441100000,1.31846,1.31852,1.31794,1.31795,1157.38
1367442000000,1.31795,1.31845,1.31783,1.31845,319.49
1367442900000,1.31845,1.31853,1.3181,1.31824,527
1367443800000,1.31819,1.31836,1.31808,1.3183,756
1367444700000,1.3183,1.31845,1.31811,1.31836,1034.48
1367445600000,1.31842,1.31897,1.31824,1.31829,1061.91
1367446500000,1.31829,1.31831,1.31749,1.31749,1362.9
1367447400000,1.3175,1.31782,1.31738,1.3178,600.44
1367448300000,1.31782,1.31793,1.31766,1.31789,800.82
1367449200000,1.31785,1.31809,1.31782,1.31805,600.56
1367450100000,1.31805,1.31817,1.3177,1.31771,1147.39
1367451000000,1.31772,1.31805,1.31767,1.31802,763.04
1367451900000,1.31802,1.31833,1.3179,1.31792,1107.77
1367452800000,1.31793,1.31804,1.31753,1.31767,1870.15
1367453700000,1.31767,1.31784,1.3175,1.31765,1472.12
1367454600000,1.31765,1.31781,1.317,1.31713,1517.71
1367455500000,1.31715,1.31749,1.31715,1.31744,1976.45
1367456400000,1.31749,1.31767,1.31724,1.31747,2082.79
1367457300000,1.31745,1.31845,1.31744,1.31792,2286.36
1367458200000,1.31792,1.31809,1.3173,1.31768,1709.04
1367459100000,1.31767,1.31797,1.31752,1.31794,995.43
1367460000000,1.31794,1.31812,1.31772,1.31782,896.17
1367460900000,1.3178,1.31795,1.31765,1.31781,1031.56
1367461800000,1.31781,1.31785,1.31751,1.31763,1092.44
1367462700000,1.31762,1.31782,1.31751,1.31777,741.29
1367463600000,1.31776,1.31784,1.3174,1.31745,738.83
1367464500000,1.31745,1.31755,1.31732,1.31755,700.01
1367465400000,1.31755,1.31755,1.31693,1.31695,936.77
1367466300000,1.31695,1.31697,1.3166,1.31681,1101.62
1367467200000,1.31681,1.31715,1.31674,1.31677,788.09
1367468100000,1.31679,1.31729,1.31679,1.31725,1228.92
1367469000000,1.31725,1.31727,1.31693,1.31713,1030.41
1367469900000,1.31713,1.3173,1.31704,1.31721,650.4
1367470800000,1.31721,1.31735,1.31691,1.31717,1272.57
1367471700000,1.31717,1.31722,1.3167,1.31685,1436.75
1367472600000,1.31685,1.31688,1.3166,1.31685,1381.39
1367473500000,1.31686,1.31758,1.31685,1.31746,1625.6
1367474400000,1.31748,1.31788,1.31698,1.31705,2379.86
1367475300000,1.31705,1.31719,1.31585,1.31615,3468.53
1367476200000,1.31614,1.31616,1.31523,1.31564,3605.98
1367477100000,1.31563,1.31614,1.31514,1.31519,2137.12
1367478000000,1.31517,1.31614,1.31472,1.31581,3884.33
1367478900000,1.31582,1.31597,1.31491,1.31504,3289.73
1367479800000,1.31501,1.3165,1.31498,1.31582,4382.64
1367480700000,1.31583,1.31626,1.31536,1.31623,3361.81
1367481600000,1.31623,1.31694,1.3162,1.31673,3553.16
1367482500000,1.31673,1.31741,1.31663,1.31722,3130.48
1367483400000,1.31722,1.31736,1.31682,1.31705,2572.05
1367484300000,1.31705,1.31733,1.31695,1.31723,2615.26
1367485200000,1.31723,1.31737,1.31662,1.31693,2203.16
1367486100000,1.31693,1.31694,1.3165,1.31667,2503.21
1367487000000,1.31666,1.31676,1.31611,1.31656,2183.97
1367487900000,1.31657,1.31675,1.31624,1.31673,1709.45
1367488800000,1.31674,1.31691,1.3162,1.31642,1954.83
1367489700000,1.31641,1.31645,1.31593,1.31636,1755.96
1367490600000,1.31636,1.31797,1.31631,1.31768,3098.79
1367491500000,1.3177,1.31771,1.31632,1.31673,2047.98
1367492400000,1.31672,1.31675,1.31612,1.31633,2188
1367493300000,1.31633,1.31654,1.3156,1.31582,2901.39
1367494200000,1.31583,1.31642,1.31518,1.31522,3938.05
1367495100000,1.31519,1.32098,1.31409,1.31934,9060.55
1367496000000,1.31933,1.32135,1.3189,1.31901,6436.32
1367496900000,1.31902,1.32037,1.31901,1.31929,4881.74
1367497800000,1.31921,1.32148,1.3181,1.31938,10953.38
1367498700000,1.3194,1.32007,1.31562,1.31771,8553.85
1367499600000,1.3177,1.3177,1.30805,1.30979,10456.95
1367500500000,1.30979,1.30979,1.3067,1.30727,8472.09
1367501400000,1.30726,1.3088,1.30617,1.30835,7846.42
1367502300000,1.30835,1.30966,1.30771,1.30793,5981.66
1367503200000,1.3079,1.30919,1.30772,1.30865,5460.56
1367504100000,1.30865,1.30868,1.30637,1.30638,5455.93
1367505000000,1.30643,1.30766,1.3058,1.30747,4333.04
1367505900000,1.30746,1.30788,1.30626,1.30703,4613.4
1367506800000,1.30701,1.30733,1.30432,1.30589,7382.11
1367507700000,1.3059,1.3059,1.30384,1.3044,5859.66
1367508600000,1.3044,1.30584,1.30436,1.30566,4221.33
1367509500000,1.30566,1.30669,1.3056,1.30657,3345.57
1367510400000,1.30656,1.30685,1.306,1.30637,2442.19
1367511300000,1.30637,1.3067,1.30586,1.30599,1925.55
1367512200000,1.30599,1.30629,1.30533,1.3057,2267.56
1367513100000,1.30567,1.30711,1.30557,1.30695,2459.21
1367514000000,1.3069,1.30724,1.30656,1.3068,2066.5
1367514900000,1.30679,1.30736,1.30656,1.30658,1286.04
1367515800000,1.30658,1.30685,1.30629,1.3066,1107.17
1367516700000,1.3066,1.30677,1.30647,1.30675,1050.99
1367517600000,1.30675,1.30682,1.3063,1.30635,1230.11
1367518500000,1.30636,1.30658,1.30622,1.30622,980.91
1367519400000,1.30622,1.30648,1.30566,1.30578,911.39
1367520300000,1.3058,1.30617,1.3057,1.3057,1272.51
1367521200000,1.3057,1.30601,1.30545,1.30567,1118.48
1367522100000,1.30567,1.30615,1.3055,1.30615,875.14
1367523000000,1.30616,1.30658,1.30609,1.30632,1101.48
1367523900000,1.30629,1.30665,1.30625,1.30655,1106.01
1367524800000,1.30658,1.30658,1.30584,1.30632,1026.19
1367525700000,1.30631,1.30664,1.30628,1.30657,541.67
1367526600000,1.3066,1.30665,1.30624,1.30639,623.29
1367527500000,1.30637,1.30651,1.30615,1.30646,610.32
1367528400000,1.30646,1.30665,1.30572,1.30585,520.89
1367529300000,1.30585,1.3062,1.30574,1.30602,721.96
1367530200000,1.30602,1.30618,1.30598,1.30601,394.33
1367531100000,1.30601,1.30639,1.30588,1.30618,771.48
1367532000000,1.3062,1.30652,1.3062,1.30633,623.74
1367532900000,1.30633,1.30668,1.30633,1.30667,515.37
1367533800000,1.30667,1.3067,1.30621,1.30636,394.56
1367534700000,1.30636,1.30644,1.30605,1.30634,416.6
1367535600000,1.30636,1.3068,1.30629,1.30646,1210.92
1367536500000,1.30648,1.30653,1.30626,1.30649,446.5
1367537400000,1.3065,1.3069,1.3063,1.30689,882.67
1367538300000,1.3069,1.30696,1.30634,1.30658,431.51
1367539200000,1.30658,1.3067,1.30643,1.30646,719.84
1367540100000,1.30646,1.30713,1.30615,1.30705,1145.5
1367541000000,1.30705,1.30718,1.30686,1.30699,1399.52
1367541900000,1.30699,1.30719,1.30687,1.30715,630.36
1367542800000,1.30715,1.3072,1.30687,1.30702,486.92
1367543700000,1.30703,1.30725,1.30701,1.30713,582.51
1367544600000,1.30712,1.30724,1.30704,1.30709,642.39
1367545500000,1.30709,1.3073,1.30705,1.30726,749.08
1367546400000,1.30727,1.30775,1.30724,1.30772,1063.61
1367547300000,1.3077,1.3077,1.30735,1.30748,765.37
1367548200000,1.30747,1.30766,1.30745,1.3076,613.99
1367549100000,1.30761,1.3077,1.30752,1.30754,532.56
1367550000000,1.30753,1.30755,1.30735,1.3074,521.29
1367550900000,1.3074,1.30749,1.30735,1.30737,529.83
1367551800000,1.30738,1.3075,1.30737,1.30746,485.3
1367552700000,1.30746,1.30748,1.3072,1.30725,541.95
1367553600000,1.30725,1.30736,1.30725,1.30726,225.04
1367554500000,1.30727,1.30745,1.30725,1.30725,360.33
1367555400000,1.30725,1.30737,1.30708,1.30729,756.15
1367556300000,1.30729,1.30738,1.30706,1.30714,668.67
1367557200000,1.30713,1.30731,1.30685,1.30691,580.03
1367558100000,1.30691,1.3072,1.3069,1.30701,517.35
1367559000000,1.307,1.30745,1.30695,1.30719,879.24
1367559900000,1.30719,1.30752,1.30718,1.30726,700.87
1367560800000,1.30726,1.30729,1.30637,1.30647,2302.25
1367561700000,1.30647,1.30702,1.30646,1.30666,1618.51
1367562600000,1.30667,1.31011,1.30659,1.30979,4005.09
1367563500000,1.3098,1.31115,1.30935,1.31052,4423.6
1367564400000,1.31054,1.31075,1.30949,1.30969,4072.36
1367565300000,1.30972,1.31021,1.30884,1.30888,2829.53
1367566200000,1.30888,1.31059,1.30879,1.3105,4067.96
1367567100000,1.31049,1.3108,1.31022,1.31056,3584.3
1367568000000,1.31056,1.31121,1.31,1.31079,3176.81
1367568900000,1.31079,1.31158,1.31055,1.31055,3431.96
1367569800000,1.31055,1.31257,1.31026,1.31219,3861.18
1367570700000,1.31219,1.31309,1.31215,1.31282,2847.94
1367571600000,1.31284,1.31358,1.31185,1.31337,4373.91
1367572500000,1.31337,1.31372,1.31208,1.31225,3233.98
1367573400000,1.31223,1.31275,1.31205,1.31216,2828.24
1367574300000,1.31217,1.31252,1.31185,1.31211,2291.44
1367575200000,1.31211,1.31291,1.3119,1.31257,2829.1
1367576100000,1.31255,1.31279,1.31195,1.31248,2373.99
1367577000000,1.31247,1.3136,1.31236,1.3128,3196.7
1367577900000,1.3128,1.3128,1.31175,1.31191,2083.11
1367578800000,1.31191,1.31196,1.31082,1.31089,3393.69
1367579700000,1.31089,1.31241,1.31076,1.31238,3078.62
1367580600000,1.31238,1.3128,1.31213,1.31256,3106.65
1367581500000,1.31256,1.31264,1.30957,1.31099,5203.08
1367582400000,1.31098,1.31192,1.31072,1.31135,3722.82
1367583300000,1.31138,1.3122,1.3109,1.31217,3816.96
1367584200000,1.31226,1.3123,1.30384,1.30412,9539.05
1367585100000,1.30414,1.30542,1.30351,1.30441,6676.72
1367586000000,1.3044,1.30648,1.30437,1.3051,5733.46
1367586900000,1.3051,1.3071,1.305,1.30689,5727.82
1367587800000,1.30691,1.31223,1.30691,1.31075,7879.11
1367588700000,1.31077,1.31247,1.31039,1.3112,6730.03
1367589600000,1.3112,1.31465,1.31117,1.31418,7789.63
1367590500000,1.31418,1.31503,1.31306,1.31443,6290.47
1367591400000,1.31443,1.31565,1.31356,1.31386,4530.1
1367592300000,1.31385,1.314,1.31139,1.31152,5362.03
1367593200000,1.31151,1.31234,1.31069,1.31143,3958.89
1367594100000,1.31146,1.3119,1.31103,1.31178,3315.43
1367595000000,1.31178,1.31247,1.31146,1.31163,2061.16
1367595900000,1.31167,1.31185,1.31085,1.31108,2305.87
1367596800000,1.31109,1.31207,1.31104,1.31137,2024.31
1367597700000,1.31136,1.31136,1.31078,1.31119,1810.64
1367598600000,1.31118,1.31122,1.3102,1.31058,1909.13
1367599500000,1.31058,1.3112,1.31052,1.31071,1235.44
1367600400000,1.31073,1.31092,1.31059,1.31076,1646.77
1367601300000,1.31076,1.3113,1.31076,1.31105,1442.8
1367602200000,1.31104,1.31104,1.31062,1.31062,666.39
1367603100000,1.31061,1.31067,1.31039,1.31042,746.75
1367604000000,1.31041,1.31085,1.31027,1.31082,1178.2
1367604900000,1.31088,1.31151,1.31075,1.31139,1459.06
1367605800000,1.3114,1.31163,1.31115,1.31121,867.76
1367606700000,1.31116,1.31168,1.31088,1.3109,1235.51
1367607600000,1.3109,1.31101,1.3107,1.31091,1140.43
1367608500000,1.31091,1.31166,1.31087,1.311,1045.44
1367609400000,1.31103,1.31146,1.31095,1.31136,973.68
1367610300000,1.31136,1.31176,1.31094,1.31173,1306.21
1367611200000,1.31174,1.31175,1.31137,1.31154,815.73
1367612100000,1.31154,1.3119,1.31152,1.31155,686.35
1367613000000,1.31156,1.31176,1.31128,1.31171,752.44
1367613900000,1.3117,1.31202,1.31131,1.31131,1177.38
1367787600000,1.31188,1.31229,1.31183,1.3122,145.14
1367788500000,1.31229,1.31229,1.31185,1.31196,85.9
1367789400000,1.31183,1.31212,1.31177,1.31179,135.75
1367790300000,1.31181,1.31191,1.31106,1.31144,385.7
1367791200000,1.31147,1.3118,1.31104,1.3113,559.06
1367792100000,1.3113,1.31171,1.31116,1.3113,339.95
1367793000000,1.31129,1.31134,1.31108,1.31129,260.26
1367793900000,1.3113,1.31151,1.31121,1.31133,287.86
1367794800000,1.31133,1.31152,1.3112,1.31125,321.38
1367795700000,1.31126,1.31193,1.31125,1.31192,337.63
1367796600000,1.31191,1.31252,1.31191,1.31252,682.96
1367797500000,1.31251,1.3126,1.31201,1.31206,416.73
1367798400000,1.31207,1.31264,1.31166,1.31227,862.74
1367799300000,1.31228,1.31246,1.31172,1.31196,1165.91
1367800200000,1.31197,1.31287,1.31181,1.31275,1173.81
1367801100000,1.31275,1.31326,1.31275,1.31326,872.01
1367802000000,1.31327,1.31396,1.31288,1.3131,1357.95
1367802900000,1.31313,1.31322,1.31273,1.31277,747.17
1367803800000,1.31275,1.31295,1.31245,1.31264,1561
1367804700000,1.31264,1.31272,1.3123,1.3126,1454.25
1367805600000,1.3126,1.31267,1.31221,1.31224,530.21
1367806500000,1.31223,1.31259,1.31204,1.31249,792.88
1367807400000,1.3125,1.31259,1.31217,1.3123,774.69
1367808300000,1.3123,1.3125,1.3122,1.3123,478.8
1367809200000,1.3123,1.31249,1.31221,1.31245,367.96
1367810100000,1.31244,1.31251,1.31218,1.31218,245.52
1367811000000,1.31217,1.31227,1.31211,1.31219,303.32
1367811900000,1.3122,1.3124,1.31205,1.3124,585.4
1367812800000,1.3124,1.31241,1.31196,1.31202,301.96
1367813700000,1.31201,1.31202,1.31174,1.3119,620.82
1367814600000,1.3119,1.3122,1.31185,1.31216,754.53
1367815500000,1.31217,1.31221,1.31206,1.31209,402.17
1367816400000,1.3121,1.31221,1.31187,1.31213,480.43
1367817300000,1.31213,1.31218,1.31175,1.312,849.07
1367818200000,1.312,1.31216,1.31193,1.31205,490.53
1367819100000,1.31205,1.31216,1.31185,1.31185,697.91
1367820000000,1.3119,1.3123,1.31175,1.31206,1985.34
1367820900000,1.31207,1.31216,1.31144,1.31157,1477.49
1367821800000,1.31157,1.31158,1.31065,1.31088,2487.98
1367822700000,1.31088,1.31097,1.31035,1.31067,1844.04
1367823600000,1.31066,1.31096,1.3097,1.30993,3269.69
1367824500000,1.30992,1.31002,1.30923,1.30992,2138.86
1367825400000,1.30992,1.3112,1.30969,1.31101,2018.64
1367826300000,1.31098,1.31151,1.31046,1.31149,2473.31
1367827200000,1.31149,1.31198,1.31112,1.31154,2757.71
1367828100000,1.31154,1.31178,1.3111,1.31137,1665.06
1367829000000,1.31137,1.31153,1.31055,1.31068,1667.57
1367829900000,1.31067,1.31085,1.31015,1.31077,1740.38
1367830800000,1.31075,1.31138,1.3105,1.3108,1898.83
1367831700000,1.3108,1.3112,1.3102,1.3102,1186.68
1367832600000,1.3102,1.3106,1.31003,1.31034,1462.93
1367833500000,1.31038,1.31089,1.3102,1.31081,1386.79
1367834400000,1.3108,1.31104,1.31056,1.31078,1312.96
1367835300000,1.31077,1.31111,1.31061,1.31097,1296.4
1367836200000,1.311,1.31141,1.31044,1.31049,1406.39
1367837100000,1.31049,1.31078,1.30985,1.30994,1456.6
1367838000000,1.30995,1.31052,1.30975,1.31015,1716.33
1367838900000,1.31015,1.31071,1.31009,1.3107,1061.54
1367839800000,1.3107,1.311,1.31055,1.31077,1535.39
1367840700000,1.31078,1.31096,1.31022,1.31024,1493.17
1367841600000,1.31024,1.31075,1.31017,1.31074,1500.95
1367842500000,1.31077,1.31112,1.31041,1.31052,2074.17
1367843400000,1.31054,1.31137,1.31034,1.31107,2326.66
1367844300000,1.31107,1.31161,1.3107,1.31081,2477.33
1367845200000,1.3108,1.31096,1.30991,1.31049,3132.99
1367846100000,1.3105,1.31079,1.3103,1.31037,1573.28
1367847000000,1.31037,1.31085,1.31011,1.31052,2362.44
1367847900000,1.31052,1.3109,1.3099,1.3099,2459.06
1367848800000,1.3099,1.31109,1.30989,1.31093,2711.63
1367849700000,1.31091,1.31095,1.30676,1.30766,3942.72
1367850600000,1.30765,1.3079,1.30647,1.30652,3513.46
1367851500000,1.30652,1.30652,1.30559,1.30568,3912.56
1367852400000,1.30571,1.30632,1.30534,1.30632,2844.23
1367853300000,1.30632,1.30722,1.30603,1.30713,2485.87
1367854200000,1.30712,1.30725,1.30661,1.3067,1951.38
1367855100000,1.3067,1.30731,1.3066,1.3066,1509.07
1367856000000,1.3066,1.30692,1.30657,1.30662,1231.43
1367856900000,1.30661,1.30745,1.30655,1.3072,806.17
1367857800000,1.30722,1.30752,1.30709,1.30752,766.36
1367858700000,1.30752,1.30752,1.30713,1.30746,647.19
1367859600000,1.30746,1.30749,1.30683,1.30692,1050.87
1367860500000,1.30691,1.30755,1.30681,1.3075,1382.9
1367861400000,1.3075,1.30806,1.30746,1.30779,1106.65
1367862300000,1.3078,1.30805,1.30748,1.30788,749.14
1367863200000,1.30791,1.30839,1.30787,1.30792,1094.68
1367864100000,1.30789,1.308,1.30765,1.30772,771.53
1367865000000,1.30768,1.30796,1.30759,1.30788,705.62
1367865900000,1.30788,1.30789,1.30746,1.30775,516.84
1367866800000,1.30774,1.3079,1.30763,1.3077,660.67
1367867700000,1.3077,1.30772,1.30756,1.30756,374.95
1367868600000,1.30756,1.30776,1.30748,1.30772,395.93
1367869500000,1.30771,1.30772,1.30734,1.30735,792
1367870400000,1.30734,1.30774,1.3073,1.30757,539.12
1367871300000,1.30758,1.30765,1.30729,1.30739,575.71
1367872200000,1.3074,1.30745,1.30727,1.30731,581.67
1367873100000,1.30731,1.30766,1.30727,1.30757,486.53
1367874000000,1.30757,1.30771,1.30739,1.30741,172.44
1367874900000,1.3074,1.30753,1.30737,1.3074,219.43
1367875800000,1.30739,1.30742,1.30722,1.30742,345.1
1367876700000,1.3074,1.30757,1.30725,1.30727,536.38
1367877600000,1.30732,1.30752,1.30725,1.30745,220.84
1367878500000,1.30745,1.30747,1.30723,1.30727,324.52
1367879400000,1.30727,1.30735,1.3071,1.30711,238.22
1367880300000,1.30711,1.30744,1.3071,1.3074,425.44
1367881200000,1.30739,1.30755,1.30737,1.3075,353.75
1367882100000,1.30749,1.30761,1.30736,1.30761,390.27
1367883000000,1.3076,1.3076,1.3074,1.30742,350.52
1367883900000,1.3074,1.30741,1.30683,1.30727,789.52
1367884800000,1.30722,1.3073,1.30677,1.3071,1664.6
1367885700000,1.3071,1.30738,1.30695,1.30708,644.49
1367886600000,1.30708,1.30753,1.30689,1.30752,1084.38
1367887500000,1.3075,1.30795,1.3075,1.30779,1152.02
1367888400000,1.30778,1.30781,1.30727,1.30743,1301.5
1367889300000,1.30743,1.30795,1.30698,1.30791,1519.66
1367890200000,1.30791,1.30813,1.30778,1.30789,1434.27
1367891100000,1.30789,1.30799,1.3074,1.30781,1188.96
1367892000000,1.3078,1.30806,1.30779,1.30779,641.92
1367892900000,1.30781,1.30791,1.30761,1.30772,671.8
1367893800000,1.30772,1.30773,1.3075,1.3075,746.14
1367894700000,1.30748,1.30794,1.30747,1.30794,729.99
1367895600000,1.30793,1.308,1.30765,1.30774,429.3
1367896500000,1.30774,1.30785,1.30774,1.30782,180.86
1367897400000,1.30785,1.30805,1.3078,1.30797,532.74
1367898300000,1.30798,1.30811,1.30777,1.30795,1224.04
1367899200000,1.30795,1.30813,1.30787,1.30812,620
1367900100000,1.30813,1.30842,1.30797,1.30842,733.93
1367901000000,1.3084,1.30893,1.30789,1.30791,2138.13
1367901900000,1.30792,1.30843,1.30782,1.3082,2029.18
1367902800000,1.30819,1.30842,1.30802,1.3083,1139.48
1367903700000,1.3083,1.30887,1.30816,1.3085,1792.73
1367904600000,1.3085,1.30936,1.3085,1.3088,1722.59
1367905500000,1.30879,1.30906,1.30839,1.30884,1126.96
1367906400000,1.30885,1.30902,1.30786,1.30804,2266.12
1367907300000,1.30807,1.3084,1.30735,1.3076,2371.98
1367908200000,1.30761,1.30838,1.30742,1.30828,1561.63
1367909100000,1.30828,1.30828,1.30679,1.30728,2341.54
1367910000000,1.30728,1.30802,1.30705,1.30773,2250.15
1367910900000,1.3077,1.3089,1.30765,1.3085,3515.77
1367911800000,1.3085,1.30889,1.30812,1.30817,2824.87
1367912700000,1.30817,1.30832,1.30778,1.30806,2326.81
1367913600000,1.30807,1.30835,1.30781,1.30812,2029.23
1367914500000,1.30812,1.30815,1.30764,1.308,2695.6
1367915400000,1.308,1.30822,1.30731,1.30814,2554.81
1367916300000,1.30815,1.30851,1.30777,1.30792,2767.26
1367917200000,1.30792,1.30821,1.30758,1.30791,2707.46
1367918100000,1.3079,1.30823,1.30777,1.30789,2553.62
1367919000000,1.30788,1.30796,1.30695,1.30726,3010.28
1367919900000,1.30722,1.30812,1.30709,1.30784,2816.53
1367920800000,1.30785,1.3113,1.30782,1.31113,5316.97
1367921700000,1.31115,1.31154,1.31057,1.31096,3763.88
1367922600000,1.31098,1.31189,1.31097,1.3112,3558.34
1367923500000,1.3112,1.31208,1.31118,1.31191,3218.48
1367924400000,1.31192,1.31315,1.31191,1.3126,3322.69
1367925300000,1.3126,1.31268,1.31214,1.3124,2798.87
1367926200000,1.3124,1.31244,1.3117,1.31185,3150.79
1367927100000,1.31185,1.31212,1.31166,1.31167,2204.24
1367928000000,1.31166,1.31179,1.3106,1.31073,3351.32
1367928900000,1.31075,1.31128,1.31063,1.31085,3094.89
1367929800000,1.31082,1.31173,1.31065,1.31127,3627.83
1367930700000,1.31127,1.31155,1.31095,1.31154,3180.39
1367931600000,1.31152,1.3123,1.31127,1.31195,3218.77
1367932500000,1.31193,1.31268,1.31176,1.31227,3837.83
1367933400000,1.31227,1.31245,1.31145,1.31152,3729.31
1367934300000,1.31151,1.31171,1.31102,1.31107,2927.48
1367935200000,1.31106,1.31139,1.30882,1.30909,4892.74
1367936100000,1.30909,1.30909,1.3079,1.30812,4258.79
1367937000000,1.3081,1.30833,1.30732,1.30794,3878.32
1367937900000,1.30794,1.30873,1.30784,1.30852,3760.89
1367938800000,1.30855,1.3091,1.3082,1.30871,3402.17
1367939700000,1.3087,1.30893,1.30799,1.30811,2765.14
1367940600000,1.30812,1.30896,1.3078,1.3088,2060.12
1367941500000,1.30879,1.30885,1.3083,1.3084,1728.74
1367942400000,1.3084,1.30864,1.30832,1.30848,1561.55
1367943300000,1.30847,1.30875,1.30837,1.30872,916.02
1367944200000,1.30872,1.30872,1.3083,1.30845,1044.25
1367945100000,1.30848,1.30865,1.30818,1.30828,1333.88
1367946000000,1.30827,1.30853,1.30821,1.30822,1406.01
1367946900000,1.30825,1.30867,1.3082,1.30862,1130.69
1367947800000,1.30863,1.30884,1.3083,1.30873,1059.09
1367948700000,1.30873,1.30878,1.30852,1.3086,793.92
1367949600000,1.3086,1.3086,1.30815,1.30833,1087.96
1367950500000,1.30834,1.30857,1.3083,1.3085,655.35
1367951400000,1.30851,1.30855,1.308,1.30809,756.04
1367952300000,1.3081,1.30859,1.30808,1.30859,1086.55
1367953200000,1.30859,1.30862,1.30821,1.30834,1054.91
1367954100000,1.30833,1.30848,1.30801,1.30803,817.26
1367955000000,1.30803,1.30803,1.3073,1.30755,1325.55
1367955900000,1.30753,1.30776,1.3074,1.30771,840.53
1367956800000,1.30771,1.30785,1.30761,1.30785,728.61
1367957700000,1.30784,1.30793,1.30764,1.30773,690.11
1367958600000,1.30773,1.30781,1.30766,1.3077,521.64
1367959500000,1.3077,1.308,1.30763,1.30787,864.33
1367960400000,1.30787,1.30793,1.30769,1.30776,283.33
1367961300000,1.30775,1.30785,1.30758,1.30763,385.23
1367962200000,1.30762,1.30776,1.30752,1.30765,436.35
1367963100000,1.30765,1.3079,1.30753,1.30787,514.07
1367964000000,1.30787,1.3079,1.30765,1.3077,415.34
1367964900000,1.3077,1.30772,1.30755,1.3077,356.97
1367965800000,1.3077,1.30784,1.30735,1.30774,806.03
1367966700000,1.30776,1.30782,1.3073,1.3076,863.42
1367967600000,1.30762,1.3077,1.30749,1.3075,564.17
1367968500000,1.3075,1.30767,1.30745,1.30752,317.43
1367969400000,1.30752,1.30765,1.30742,1.30765,377
1367970300000,1.30765,1.30786,1.3075,1.3075,515.18
1367971200000,1.3075,1.30783,1.3074,1.30773,869.15
1367972100000,1.30774,1.3081,1.30761,1.30792,762.53
1367973000000,1.30792,1.30826,1.30792,1.3081,556.97
1367973900000,1.30809,1.3081,1.30726,1.30757,1458.9
1367974800000,1.30755,1.30771,1.3075,1.30754,1372.35
1367975700000,1.30754,1.3086,1.30751,1.30855,1248.27
1367976600000,1.30855,1.30883,1.30833,1.30851,1244.15
1367977500000,1.30852,1.30976,1.30852,1.30912,2006.82
1367978400000,1.30912,1.30956,1.30898,1.30901,1605.4
1367979300000,1.30905,1.3092,1.30889,1.30901,1044.96
1367980200000,1.30901,1.30912,1.30891,1.30901,958.3
1367981100000,1.30902,1.30904,1.3087,1.30881,650.23
1367982000000,1.30881,1.30913,1.30861,1.309,829.13
1367982900000,1.309,1.30901,1.30875,1.30881,362.12
1367983800000,1.30881,1.30884,1.30858,1.3088,482.33
1367984700000,1.3088,1.30911,1.3088,1.30903,656.72
1367985600000,1.30903,1.30912,1.30897,1.309,416.79
1367986500000,1.30897,1.30934,1.30883,1.30923,820.63
1367987400000,1.3092,1.30932,1.30909,1.30932,590.24
1367988300000,1.30934,1.30943,1.30908,1.30918,680.57
1367989200000,1.30918,1.30941,1.30901,1.30922,1167.8
1367990100000,1.30924,1.30932,1.30908,1.30921,1116.97
1367991000000,1.30921,1.30942,1.30908,1.30932,1415.79
1367991900000,1.30934,1.30943,1.30922,1.30922,928.46
1367992800000,1.30922,1.31092,1.30919,1.31062,2448.57
1367993700000,1.31062,1.3113,1.31042,1.31053,2685.51
1367994600000,1.31053,1.31137,1.31043,1.31071,2460.2
1367995500000,1.3107,1.31204,1.31049,1.31139,3241.43
1367996400000,1.31138,1.31151,1.31009,1.31025,2968.25
1367997300000,1.31027,1.31102,1.3097,1.31094,3355.74
1367998200000,1.31095,1.31115,1.3101,1.31013,2609.41
1367999100000,1.31012,1.31017,1.3092,1.30953,3144.09
1368000000000,1.30952,1.3103,1.3087,1.30991,3460.63
1368000900000,1.30993,1.31046,1.3096,1.3102,2507.11
1368001800000,1.3102,1.31123,1.3102,1.31112,3020.49
1368002700000,1.3111,1.31302,1.3111,1.31216,4718.56
1368003600000,1.31217,1.31231,1.31148,1.31166,2752.39
1368004500000,1.31164,1.31207,1.3112,1.31151,1919.04
1368005400000,1.31151,1.31171,1.31036,1.31052,3014.81
1368006300000,1.31053,1.31262,1.31053,1.31235,3923.28
1368007200000,1.3123,1.31469,1.31226,1.31409,5515.96
1368008100000,1.31408,1.31435,1.31305,1.31318,2911.57
1368009000000,1.31318,1.31372,1.31295,1.31299,2300.36
1368009900000,1.313,1.31307,1.3122,1.31265,2621.35
1368010800000,1.31266,1.3131,1.31248,1.31278,2586.39
1368011700000,1.31278,1.31326,1.31268,1.31272,2271.61
1368012600000,1.31273,1.3128,1.31205,1.31217,2645.35
1368013500000,1.31216,1.31347,1.3121,1.31278,2452.18
1368014400000,1.31276,1.31399,1.31276,1.3135,4323.47
1368015300000,1.31347,1.31513,1.31311,1.31473,4434.83
1368016200000,1.31472,1.31732,1.31466,1.31677,7423.8
1368017100000,1.31677,1.31743,1.31568,1.31604,5201.21
1368018000000,1.31604,1.31686,1.3159,1.3166,4375.56
1368018900000,1.31661,1.31697,1.31625,1.31659,3086.94
1368019800000,1.3166,1.31771,1.31653,1.31698,5406.24
1368020700000,1.31698,1.31765,1.31678,1.31708,4069.42
1368021600000,1.31708,1.31719,1.31586,1.31609,4204.56
1368022500000,1.31611,1.31697,1.31554,1.3169,3631.42
1368023400000,1.3169,1.31703,1.31619,1.31703,3502.88
1368024300000,1.31703,1.31833,1.31703,1.31731,5256.37
1368025200000,1.31732,1.31876,1.31709,1.31845,4422.31
1368026100000,1.31843,1.31944,1.31815,1.3182,4287.19
1368027000000,1.31821,1.31826,1.31757,1.3176,2646.83
1368027900000,1.3176,1.31841,1.31727,1.31766,2708.32
1368028800000,1.31766,1.31821,1.31759,1.31802,1970.92
1368029700000,1.31801,1.31834,1.3177,1.31774,1733.66
1368030600000,1.31775,1.31789,1.31747,1.31776,1720.85
1368031500000,1.31776,1.31776,1.31677,1.31701,1798.4
1368032400000,1.31702,1.31747,1.3168,1.31722,1619
1368033300000,1.31722,1.31731,1.31655,1.3172,1275.99
1368034200000,1.3172,1.31727,1.31628,1.31638,1597.49
1368035100000,1.31639,1.3166,1.31634,1.31637,1480.75
1368036000000,1.31637,1.31647,1.31611,1.31615,1569.88
1368036900000,1.31616,1.31639,1.3159,1.31629,1392.08
1368037800000,1.31629,1.31632,1.31598,1.31605,857.88
1368038700000,1.31605,1.31625,1.31571,1.31595,1193.41
1368039600000,1.31595,1.31602,1.31525,1.3155,1295.55
1368040500000,1.3155,1.31582,1.31516,1.31551,1367.39
1368041400000,1.31552,1.31562,1.31537,1.31546,992.71
1368042300000,1.31546,1.31572,1.31536,1.3155,931.21
1368043200000,1.3155,1.31559,1.31526,1.31532,919.84
1368044100000,1.31531,1.31567,1.31525,1.31555,762.06
1368045000000,1.31555,1.31575,1.31555,1.31563,422.05
1368045900000,1.31563,1.31565,1.31509,1.31522,846.87
1368046800000,1.3153,1.3156,1.31514,1.3156,469.04
1368047700000,1.31554,1.31582,1.31553,1.31578,447.61
1368048600000,1.31578,1.31587,1.31554,1.31566,458.99
1368049500000,1.31565,1.31602,1.31563,1.31602,655.17
1368050400000,1.31602,1.31602,1.31533,1.31582,975.6
1368051300000,1.31582,1.31586,1.3157,1.31586,334.01
1368052200000,1.31586,1.3161,1.3158,1.3159,761.92
1368053100000,1.3159,1.31612,1.31586,1.31604,660.94
1368054000000,1.31605,1.3161,1.31555,1.3157,880.4
1368054900000,1.3157,1.31599,1.3157,1.31572,624.8
1368055800000,1.31575,1.31601,1.31572,1.31601,256.12
1368056700000,1.31601,1.31619,1.31601,1.31602,282.46
1368057600000,1.31602,1.31632,1.31592,1.31604,928.07
1368058500000,1.31605,1.31648,1.316,1.31632,857.91
1368059400000,1.31632,1.31634,1.3159,1.31614,1096.08
1368060300000,1.31614,1.31617,1.31583,1.31592,720.33
1368061200000,1.31593,1.31621,1.3159,1.31611,765.02
1368062100000,1.31611,1.3162,1.31573,1.31574,759.06
1368063000000,1.31576,1.3167,1.31576,1.31603,1857.74
1368063900000,1.31603,1.31631,1.31568,1.31574,1131.98
1368064800000,1.31574,1.31595,1.31547,1.31563,689.3
1368065700000,1.31563,1.31585,1.31552,1.31584,383.54
1368066600000,1.31583,1.31624,1.31579,1.31613,698.81
1368067500000,1.31614,1.31654,1.31614,1.31652,479.6
1368068400000,1.31652,1.31664,1.31622,1.31624,559.24
1368069300000,1.31624,1.31654,1.31624,1.31632,347.26
1368070200000,1.31633,1.31663,1.31628,1.31642,533.29
1368071100000,1.31643,1.31672,1.31632,1.31646,766.16
1368072000000,1.31644,1.3166,1.31595,1.31612,1329.15
1368072900000,1.31612,1.31631,1.31553,1.31583,865.62
1368073800000,1.31583,1.31596,1.31563,1.3158,609.61
1368074700000,1.31581,1.31639,1.31576,1.31612,640.9
1368075600000,1.31612,1.31612,1.31549,1.31573,507.13
1368076500000,1.31574,1.31599,1.31564,1.31586,566.27
1368077400000,1.31586,1.31598,1.31562,1.31574,707.28
1368078300000,1.31574,1.31582,1.3154,1.31549,794.36
1368079200000,1.31548,1.31659,1.31545,1.31603,1123.72
1368080100000,1.31602,1.31614,1.31535,1.31575,1019.03
1368081000000,1.31575,1.31628,1.31562,1.31583,1220.63
1368081900000,1.31583,1.31623,1.31563,1.31583,1807.04
1368082800000,1.31584,1.3159,1.31412,1.31507,3538.31
1368083700000,1.31507,1.31528,1.3143,1.31517,2264.94
1368084600000,1.31517,1.31585,1.31455,1.31585,2386.91
1368085500000,1.31586,1.31702,1.31557,1.31675,3257.53
1368086400000,1.31677,1.31749,1.31578,1.31749,3573.42
1368087300000,1.31751,1.3177,1.31672,1.31695,3033.22
1368088200000,1.31695,1.31745,1.3163,1.31741,2824.09
1368089100000,1.31744,1.31744,1.3149,1.31548,3452.39
1368090000000,1.31548,1.31575,1.31489,1.31536,3795.65
1368090900000,1.31536,1.31546,1.31426,1.31467,3584.32
1368091800000,1.31467,1.31467,1.3135,1.31428,3531.59
1368092700000,1.31429,1.31466,1.31387,1.31444,1896.34
1368093600000,1.31443,1.31489,1.314,1.31486,2643.81
1368094500000,1.31486,1.31571,1.31484,1.31555,2644.41
1368095400000,1.31556,1.31568,1.31501,1.31534,2098.41
1368096300000,1.31536,1.31557,1.31498,1.31514,2712.66
1368097200000,1.31512,1.31516,1.31383,1.31396,2987.71
1368098100000,1.31395,1.3142,1.31365,1.31398,1840.83
1368099000000,1.31397,1.31429,1.31344,1.31385,2767.92
1368099900000,1.31384,1.31445,1.31358,1.31435,2685.54
1368100800000,1.31435,1.31465,1.3141,1.31413,2109.58
1368101700000,1.31413,1.31424,1.31261,1.31311,3261.22
1368102600000,1.3131,1.31333,1.31215,1.31305,4516.03
1368103500000,1.31305,1.3134,1.31235,1.31323,3073.61
1368104400000,1.31323,1.31426,1.31321,1.31325,3874.6
1368105300000,1.31324,1.31339,1.31096,1.31138,4908.88
1368106200000,1.31136,1.31136,1.3096,1.30987,6288.28
1368107100000,1.30987,1.31065,1.30948,1.30963,4154.32
1368108000000,1.30964,1.3106,1.30936,1.30985,4527.45
1368108900000,1.30985,1.31,1.30858,1.30909,4941.35
1368109800000,1.30908,1.30948,1.30885,1.30946,3132.63
1368110700000,1.30946,1.30994,1.3093,1.30955,3620.66
1368111600000,1.30953,1.30987,1.3084,1.30908,3626.08
1368112500000,1.30908,1.30967,1.30906,1.30966,2164
1368113400000,1.30967,1.31037,1.30967,1.31004,2222.14
1368114300000,1.31005,1.3106,1.30993,1.31043,1489.12
1368115200000,1.31041,1.31137,1.31041,1.31102,2556.52
1368116100000,1.31101,1.31102,1.31046,1.31065,1645.83
1368117000000,1.31066,1.31077,1.3102,1.31038,1098.84
1368117900000,1.31038,1.31119,1.31033,1.31114,1601.64
1368118800000,1.31114,1.31114,1.31022,1.31055,2394.56
1368119700000,1.31056,1.31127,1.30905,1.30946,2844.66
1368120600000,1.30948,1.31028,1.30948,1.31005,2090.77
1368121500000,1.31005,1.3109,1.30893,1.31016,2895.51
1368122400000,1.31018,1.31043,1.30594,1.30675,5205.82
1368123300000,1.30676,1.30707,1.30447,1.30453,4102.92
1368124200000,1.3045,1.30506,1.3025,1.30368,5776.99
1368125100000,1.30373,1.30419,1.30155,1.30166,5126.96
1368126000000,1.30165,1.30256,1.30098,1.30199,4803.04
1368126900000,1.30199,1.30374,1.3019,1.30372,2745.32
1368127800000,1.30368,1.30447,1.30326,1.30375,2708.29
1368128700000,1.30372,1.30388,1.30316,1.30317,2499.42
1368129600000,1.30319,1.3041,1.30312,1.30407,1467.17
1368130500000,1.30406,1.30425,1.30343,1.30365,1265.83
1368131400000,1.30365,1.30443,1.30342,1.30429,1261.1
1368132300000,1.30429,1.30455,1.30396,1.30423,1225.42
1368133200000,1.30423,1.30438,1.3033,1.30368,787.59
1368134100000,1.30368,1.3043,1.30368,1.30418,990.23
1368135000000,1.3042,1.30427,1.30348,1.30423,1087.35
1368135900000,1.30423,1.30448,1.30369,1.30446,1213
1368136800000,1.30445,1.30452,1.3039,1.30405,804.91
1368137700000,1.30405,1.30417,1.30364,1.30399,1028.58
1368138600000,1.30399,1.30422,1.30392,1.30393,440.5
1368139500000,1.30394,1.30397,1.30349,1.30397,792
1368140400000,1.30397,1.30399,1.30354,1.30375,1024.21
1368141300000,1.30377,1.30401,1.30347,1.3038,720.32
1368142200000,1.3038,1.30398,1.3036,1.30388,1866.22
1368143100000,1.30392,1.30401,1.30314,1.30315,1289.63
1368144000000,1.30316,1.30341,1.30227,1.30287,2208.62
1368144900000,1.30286,1.30359,1.30267,1.30346,1801.34
1368145800000,1.30345,1.30357,1.30295,1.30307,1285.24
1368146700000,1.30307,1.30315,1.30215,1.30286,1859.54
1368147600000,1.30288,1.30404,1.30283,1.30379,1413.37
1368148500000,1.3038,1.30401,1.30342,1.30386,1115.01
1368149400000,1.30389,1.30447,1.30334,1.30356,2256.65
1368150300000,1.30356,1.304,1.30336,1.30397,1721.39
1368151200000,1.30396,1.30444,1.30358,1.30427,1650.41
1368152100000,1.30427,1.3046,1.30389,1.30448,1214.5
1368153000000,1.30446,1.3046,1.30404,1.30409,1775.6
1368153900000,1.30409,1.30428,1.30395,1.304,847.64
1368154800000,1.30403,1.30417,1.30391,1.30411,500.8
1368155700000,1.30412,1.30435,1.30398,1.30406,592.21
1368156600000,1.30406,1.30438,1.30391,1.30419,941.25
1368157500000,1.30421,1.30439,1.30415,1.30415,904.09
1368158400000,1.30418,1.30462,1.30411,1.30445,744.25
1368159300000,1.30445,1.30465,1.30444,1.30459,823.5
1368160200000,1.30459,1.30467,1.30421,1.30438,739.42
1368161100000,1.30438,1.30438,1.30384,1.3039,799.89
1368162000000,1.30389,1.3044,1.30389,1.3043,911.97
1368162900000,1.30428,1.3047,1.30425,1.3046,828.41
1368163800000,1.30463,1.30506,1.30457,1.30487,1232.06
1368164700000,1.30486,1.30488,1.30428,1.30429,1101.58
1368165600000,1.30429,1.30429,1.30249,1.30284,3740.15
1368166500000,1.30284,1.3043,1.30204,1.30396,3935.09
1368167400000,1.30396,1.30421,1.30357,1.30407,2208.43
1368168300000,1.30407,1.30489,1.30329,1.30336,3477.11
1368169200000,1.30336,1.30375,1.3025,1.30255,4451.51
1368170100000,1.30255,1.30267,1.30044,1.30169,5317.82
1368171000000,1.30168,1.30224,1.30112,1.30198,4548.41
1368171900000,1.30197,1.3037,1.30195,1.30355,3918.06
1368172800000,1.30355,1.30397,1.30305,1.30357,4048.54
1368173700000,1.30357,1.30357,1.30225,1.30246,3227.28
1368174600000,1.30246,1.30311,1.29995,1.3001,4791.15
1368175500000,1.30009,1.30066,1.29924,1.30013,5176.85
1368176400000,1.30013,1.30108,1.29982,1.30075,4385.23
1368177300000,1.30075,1.30112,1.29985,1.30112,3757.83
1368178200000,1.30114,1.30158,1.30065,1.30158,3549.91
1368179100000,1.30158,1.3019,1.3001,1.30061,3846.26
1368180000000,1.30061,1.30151,1.30011,1.30106,3683.45
1368180900000,1.30106,1.30149,1.30076,1.3012,3274.65
1368181800000,1.3012,1.30158,1.30088,1.30116,2943.24
1368182700000,1.30115,1.30115,1.29942,1.29987,3711.71
1368183600000,1.29983,1.30061,1.29817,1.30057,5715.46
1368184500000,1.30059,1.30091,1.29856,1.29887,4895.13
1368185400000,1.29887,1.29974,1.29776,1.2994,4455.34
1368186300000,1.29939,1.29994,1.2983,1.29837,4243.41
1368187200000,1.29839,1.2994,1.29837,1.29876,4163.62
1368188100000,1.29876,1.2991,1.29783,1.29891,3757.06
1368189000000,1.2989,1.30125,1.29799,1.30082,6219.27
1368189900000,1.30081,1.30158,1.29956,1.3015,5171.97
1368190800000,1.3015,1.30155,1.30001,1.30024,5077.65
1368191700000,1.30023,1.30097,1.2987,1.30097,5438.05
1368192600000,1.30099,1.3013,1.3,1.30088,5651.91
1368193500000,1.30087,1.30137,1.2999,1.29991,5903
1368194400000,1.29989,1.29993,1.29781,1.29904,6852.71
1368195300000,1.29903,1.29903,1.29641,1.29652,6924.08
1368196200000,1.29648,1.29716,1.29579,1.2971,6953.19
1368197100000,1.2971,1.29768,1.29677,1.29714,4803.77
1368198000000,1.29715,1.29752,1.2945,1.2945,6048.75
1368198900000,1.2945,1.29505,1.2935,1.29505,6378.71
1368199800000,1.29505,1.29586,1.29415,1.29532,5021.68
1368200700000,1.29532,1.2956,1.2949,1.29541,2329.43
1368201600000,1.29542,1.29687,1.29529,1.29677,3605.01
1368202500000,1.29677,1.29693,1.29617,1.29641,1839.4
1368203400000,1.2964,1.29721,1.2958,1.29721,2279.33
1368204300000,1.29721,1.29751,1.2967,1.2974,2676.82
1368205200000,1.29738,1.29772,1.29696,1.29743,2379.9
1368206100000,1.29742,1.29839,1.29738,1.29768,2183.15
1368207000000,1.29768,1.29801,1.29737,1.29757,1260.79
1368207900000,1.29758,1.29786,1.2975,1.29768,753.26
1368208800000,1.29768,1.29934,1.2976,1.29896,2490.58
1368209700000,1.29897,1.29905,1.29847,1.29865,1521.18
1368210600000,1.29863,1.29922,1.29857,1.29888,1361.86
1368211500000,1.29888,1.29897,1.29824,1.29825,1453.08
1368212400000,1.29823,1.2983,1.29761,1.2979,1817.02
1368213300000,1.29787,1.29807,1.29755,1.29776,1581.64
1368214200000,1.29776,1.29796,1.29763,1.2977,714.91
1368215100000,1.29771,1.29851,1.2977,1.29846,1376.04
1368216000000,1.29845,1.2986,1.29813,1.29853,683.76
1368216900000,1.29854,1.2986,1.29825,1.29843,803.87
1368217800000,1.29843,1.29895,1.29833,1.29888,544.31
1368218700000,1.29885,1.29928,1.29869,1.29899,857.73
1368392400000,1.29724,1.29736,1.29719,1.29735,23.25
1368393300000,1.29736,1.29776,1.29736,1.29776,56.67
1368394200000,1.29781,1.29781,1.29749,1.29754,63.09
1368395100000,1.29754,1.2977,1.29745,1.29768,35.33
1368396000000,1.29773,1.29776,1.29657,1.29667,666.85
1368396900000,1.29666,1.29677,1.2964,1.29658,589.64
1368397800000,1.2966,1.29662,1.29635,1.29638,299.91
1368398700000,1.29637,1.29695,1.29633,1.29676,519.67
1368399600000,1.29676,1.29719,1.29667,1.29697,716.45
1368400500000,1.29698,1.29699,1.29596,1.29645,1634.92
1368401400000,1.29645,1.29674,1.29625,1.29633,964.13
1368402300000,1.29632,1.29683,1.29632,1.2967,584.54
1368403200000,1.2967,1.29728,1.29648,1.2972,1404.67
1368404100000,1.2972,1.29756,1.29706,1.29727,1124.48
1368405000000,1.29728,1.29743,1.29665,1.29686,841.45
1368405900000,1.29686,1.2969,1.29635,1.29649,1063.92
1368406800000,1.29648,1.2971,1.29618,1.2969,831.57
1368407700000,1.2969,1.29696,1.29627,1.29658,974.38
1368408600000,1.29661,1.29681,1.2963,1.2966,1412.22
1368409500000,1.29662,1.29737,1.29656,1.29692,1457.6
1368410400000,1.29693,1.29771,1.29693,1.29766,1103.46
1368411300000,1.29762,1.2977,1.29689,1.29692,1398.44
1368412200000,1.29692,1.29741,1.29686,1.29727,953.1
1368413100000,1.29727,1.29749,1.29714,1.29731,687.94
1368414000000,1.29731,1.29738,1.29717,1.29725,572.09
1368414900000,1.29722,1.29744,1.29716,1.29725,651.53
1368415800000,1.29725,1.2973,1.2965,1.29676,1240.93
1368416700000,1.29675,1.29682,1.29637,1.29667,935.92
1368417600000,1.29667,1.29702,1.29645,1.29655,501.04
1368418500000,1.29655,1.29673,1.29638,1.29659,561.95
1368419400000,1.2966,1.29727,1.29658,1.297,813.32
1368420300000,1.297,1.29745,1.29692,1.29741,764.49
1368421200000,1.29743,1.29782,1.29731,1.29767,1417.67
1368422100000,1.29767,1.29833,1.29759,1.29801,1577.85
1368423000000,1.298,1.29812,1.29724,1.2981,1713.44
1368423900000,1.29811,1.29875,1.29809,1.29841,1550.04
1368424800000,1.29839,1.29851,1.29798,1.29829,1935.2
1368425700000,1.29829,1.29829,1.29739,1.29781,3086.47
1368426600000,1.2978,1.29893,1.29766,1.29841,2922.12
1368427500000,1.29841,1.29891,1.29837,1.29852,2511.97
1368428400000,1.29852,1.29915,1.29757,1.2977,3746.52
1368429300000,1.29768,1.29891,1.29576,1.29622,4709.82
1368430200000,1.29624,1.29679,1.2959,1.29659,3938.09
1368431100000,1.29658,1.29696,1.29604,1.29622,3547.92
1368432000000,1.29625,1.29682,1.29551,1.29651,3673.55
1368432900000,1.29651,1.29668,1.29554,1.29585,3567.11
1368433800000,1.29586,1.2967,1.2958,1.29655,3137.74
1368434700000,1.29656,1.29733,1.29641,1.29702,2579.93
1368435600000,1.29702,1.29769,1.29646,1.29726,3727.68
1368436500000,1.29726,1.29776,1.29705,1.2973,2756.33
1368437400000,1.29724,1.2973,1.29627,1.2969,2560.1
1368438300000,1.29686,1.29808,1.29669,1.29759,2914.57
1368439200000,1.29759,1.29834,1.29742,1.29791,2503.46
1368440100000,1.2979,1.29821,1.29759,1.29787,2264.93
1368441000000,1.29785,1.29865,1.2975,1.29839,2393.45
1368441900000,1.29839,1.29861,1.2983,1.29836,2025.57
1368442800000,1.29839,1.29951,1.29807,1.29879,3237.09
1368443700000,1.29879,1.29921,1.29773,1.29829,2944.12
1368444600000,1.29829,1.29932,1.29803,1.29866,3164.31
1368445500000,1.29867,1.29921,1.29838,1.29876,2981.95
1368446400000,1.29876,1.29907,1.29724,1.29724,3860.62
1368447300000,1.29725,1.29747,1.2965,1.29716,3610.22
1368448200000,1.29716,1.29725,1.29415,1.29714,8355.43
1368449100000,1.29714,1.29875,1.29655,1.29805,5510.52
1368450000000,1.29805,1.29815,1.29686,1.29791,4544.4
1368450900000,1.2979,1.29896,1.29784,1.29798,5380.66
1368451800000,1.29798,1.29834,1.29729,1.29822,4962.79
1368452700000,1.29821,1.29946,1.29776,1.2987,6266.2
1368453600000,1.2987,1.2997,1.29815,1.2988,5947.58
1368454500000,1.29878,1.2992,1.29842,1.29895,3432.27
1368455400000,1.2989,1.29894,1.29845,1.29892,3230.8
1368456300000,1.29893,1.29895,1.29763,1.29843,4101.61
1368457200000,1.29843,1.29938,1.2981,1.2991,4854.18
1368458100000,1.2991,1.2991,1.29715,1.29728,4256.71
1368459000000,1.29728,1.29772,1.2965,1.29736,3127.26
1368459900000,1.29737,1.2989,1.29733,1.29804,2986.03
1368460800000,1.29802,1.29843,1.2978,1.29794,1896.83
1368461700000,1.29794,1.29815,1.29738,1.29766,2077.18
1368462600000,1.29766,1.29766,1.29654,1.29673,1674.78
1368463500000,1.29673,1.298,1.29661,1.29757,1611.24
1368464400000,1.2976,1.2978,1.29685,1.29718,1267.68
1368465300000,1.29719,1.29791,1.29716,1.29772,1381.19
1368466200000,1.2977,1.29837,1.29719,1.29735,1540.77
1368467100000,1.29735,1.29761,1.29724,1.29735,975.06
1368468000000,1.29735,1.2976,1.2972,1.29743,1205.49
1368468900000,1.29743,1.29746,1.2968,1.29694,1131.58
1368469800000,1.29695,1.29732,1.29695,1.29725,669.6
1368470700000,1.29725,1.29728,1.29704,1.29706,801.08
1368471600000,1.29705,1.29744,1.29696,1.29738,659.38
1368472500000,1.29738,1.29787,1.29735,1.29748,636.97
1368473400000,1.29748,1.29785,1.2974,1.29746,752.74
1368474300000,1.29747,1.2976,1.29683,1.2969,1154.57
1368475200000,1.29693,1.29717,1.29677,1.29697,980.47
1368476100000,1.29697,1.29732,1.2968,1.2971,799.06
1368477000000,1.29709,1.2971,1.2968,1.297,398.19
1368477900000,1.297,1.2977,1.29685,1.29747,1468.68
1368478800000,1.29748,1.29755,1.29707,1.29747,798.77
1368479700000,1.29741,1.29766,1.29741,1.29758,442.66
1368480600000,1.29758,1.29785,1.29752,1.2978,560.84
1368481500000,1.2978,1.29827,1.29775,1.2982,586.7
1368482400000,1.2982,1.2982,1.2978,1.29791,406.15
1368483300000,1.29791,1.29793,1.29769,1.2979,347.19
1368484200000,1.2979,1.29801,1.29773,1.29801,424.3
1368485100000,1.298,1.29802,1.29786,1.29798,383.86
1368486000000,1.29798,1.298,1.29773,1.29781,441.48
1368486900000,1.2978,1.29854,1.29765,1.29848,664.55
1368487800000,1.29847,1.29875,1.29806,1.29865,758.1
1368488700000,1.29865,1.2989,1.29835,1.2987,846.25
1368489600000,1.29868,1.29875,1.29815,1.29869,1472
1368490500000,1.2987,1.30204,1.29848,1.30177,3127.19
1368491400000,1.30177,1.30257,1.30151,1.30205,2998.3
1368492300000,1.30202,1.30221,1.30145,1.30203,1789.55
1368493200000,1.30209,1.30255,1.3014,1.30181,1964.64
1368494100000,1.3018,1.30218,1.30165,1.30182,1488.12
1368495000000,1.30181,1.30238,1.30177,1.30177,1414.52
1368495900000,1.30177,1.3019,1.30146,1.30152,956.97
1368496800000,1.30151,1.30172,1.30137,1.30137,793.92
1368497700000,1.30139,1.30165,1.3013,1.30157,871.27
1368498600000,1.30157,1.30192,1.30156,1.30184,962.3
1368499500000,1.30184,1.30184,1.30153,1.30153,751.67
1368500400000,1.30152,1.30157,1.30074,1.30075,1287.17
1368501300000,1.30075,1.30108,1.3005,1.30092,1261.28
1368502200000,1.30091,1.3012,1.30082,1.30085,1056.94
1368503100000,1.30085,1.30105,1.30063,1.30075,656.4
1368504000000,1.30075,1.3015,1.30072,1.30146,948.95
1368504900000,1.30145,1.30157,1.30108,1.30115,994.25
1368505800000,1.30115,1.30138,1.30109,1.30115,1030.31
1368506700000,1.30115,1.30128,1.30084,1.30125,804.71
1368507600000,1.30125,1.30125,1.30059,1.30067,809.89
1368508500000,1.30071,1.30106,1.3004,1.30053,1137
1368509400000,1.30051,1.30089,1.30011,1.30082,1507.22
1368510300000,1.30082,1.3016,1.29979,1.30064,3159.04
1368511200000,1.30063,1.30079,1.29975,1.30025,2809.52
1368512100000,1.30025,1.30054,1.29989,1.3003,1732.66
1368513000000,1.30031,1.30063,1.3,1.30047,1984.02
1368513900000,1.30047,1.30052,1.29985,1.3005,2181.92
1368514800000,1.30051,1.30157,1.30047,1.30125,4349.32
1368515700000,1.30125,1.30125,1.30009,1.30019,3503.68
1368516600000,1.3002,1.30028,1.29868,1.29963,4163.02
1368517500000,1.29963,1.30016,1.29876,1.30004,3588.27
1368518400000,1.30005,1.30047,1.2992,1.29966,3477.11
1368519300000,1.29966,1.30065,1.2992,1.30048,3249.17
1368520200000,1.30047,1.301,1.30011,1.30047,2998.84
1368521100000,1.30046,1.30056,1.29945,1.29996,3442.07
1368522000000,1.29999,1.30289,1.29832,1.30216,6236.24
1368522900000,1.30215,1.30271,1.30135,1.30198,3814.56
1368523800000,1.30198,1.30236,1.3003,1.30063,4061.1
1368524700000,1.30063,1.30063,1.29848,1.29863,4042.71
1368525600000,1.29862,1.29864,1.29773,1.29857,3682.73
1368526500000,1.29857,1.29859,1.2968,1.29738,3883.77
1368527400000,1.29737,1.2974,1.2955,1.29558,4404.67
1368528300000,1.29557,1.29621,1.29486,1.29608,4034.28
1368529200000,1.2961,1.29661,1.29597,1.29609,3674.82
1368530100000,1.29607,1.29649,1.29465,1.2952,3489.58
1368531000000,1.29519,1.29675,1.29519,1.29668,3645.53
1368531900000,1.29667,1.29678,1.29575,1.29632,4158.05
1368532800000,1.29631,1.29748,1.29622,1.29736,4482.44
1368533700000,1.29735,1.29772,1.297,1.2972,4182.67
1368534600000,1.2972,1.2972,1.295,1.29594,5380.05
1368535500000,1.29594,1.29767,1.29587,1.29732,5190.73
1368536400000,1.29732,1.29736,1.2965,1.29697,3579.68
1368537300000,1.29691,1.29716,1.29612,1.29699,4080.53
1368538200000,1.29695,1.29828,1.29681,1.2981,6391.56
1368539100000,1.2981,1.29818,1.2972,1.2973,4209.08
1368540000000,1.29735,1.29776,1.29695,1.29737,3558.41
1368540900000,1.29739,1.2977,1.29672,1.2968,3908.84
1368541800000,1.2968,1.29735,1.29616,1.29733,4433.66
1368542700000,1.29733,1.29809,1.29697,1.29781,4036.68
1368543600000,1.29781,1.29927,1.2972,1.29852,4716.48
1368544500000,1.29851,1.29908,1.29744,1.29748,4020.66
1368545400000,1.29749,1.2979,1.29665,1.2967,3688.62
1368546300000,1.2967,1.29746,1.29651,1.29686,2776.84
1368547200000,1.29686,1.29805,1.29563,1.29689,3751.07
1368548100000,1.29687,1.29785,1.29665,1.29671,3135.57
1368549000000,1.29672,1.29695,1.29567,1.2964,2774.05
1368549900000,1.29639,1.29643,1.2949,1.29532,2954.58
1368550800000,1.29531,1.29568,1.29474,1.29491,2449.74
1368551700000,1.29492,1.29495,1.29339,1.29403,3452.78
1368552600000,1.29405,1.29415,1.29316,1.29365,2477.19
1368553500000,1.29367,1.29461,1.29367,1.29428,2903.89
1368554400000,1.29428,1.29451,1.2938,1.29423,1992.54
1368555300000,1.29423,1.2945,1.29396,1.29403,1927.75
1368556200000,1.29403,1.29431,1.2935,1.29425,2225.75
1368557100000,1.29422,1.29424,1.29356,1.2936,1773.34
1368558000000,1.29362,1.29426,1.2936,1.29417,1441.18
1368558900000,1.29417,1.29425,1.29374,1.29425,1350.64
1368559800000,1.29425,1.29461,1.29386,1.29396,1279.85
1368560700000,1.29396,1.29407,1.29356,1.29361,1298.09
1368561600000,1.29359,1.29385,1.29351,1.2937,1079.94
1368562500000,1.2937,1.294,1.29369,1.29396,668.99
1368563400000,1.29396,1.29398,1.29363,1.29367,683.06
1368564300000,1.29366,1.2937,1.29181,1.29189,1961.24
1368565200000,1.29187,1.29282,1.29187,1.29278,650.56
1368566100000,1.29278,1.29311,1.29255,1.29267,829.87
1368567000000,1.29269,1.29305,1.2925,1.29296,606.54
1368567900000,1.29297,1.29342,1.29279,1.29317,1001.56
1368568800000,1.29316,1.29351,1.29311,1.29345,538.87
1368569700000,1.29345,1.29385,1.29337,1.29337,752.46
1368570600000,1.29338,1.29378,1.29334,1.29351,437.8
1368571500000,1.29351,1.29351,1.29316,1.29339,663.84
1368572400000,1.2934,1.2935,1.2931,1.29327,484.99
1368573300000,1.29327,1.29349,1.29303,1.29347,593.86
1368574200000,1.29347,1.29397,1.29339,1.2939,638.64
1368575100000,1.2939,1.29402,1.29347,1.29363,961.45
1368576000000,1.29362,1.2937,1.29327,1.2934,1034.49
1368576900000,1.29342,1.29389,1.29342,1.29381,874.57
1368577800000,1.2938,1.29385,1.29324,1.2936,800.3
1368578700000,1.2936,1.29409,1.29355,1.29408,1307.91
1368579600000,1.29408,1.2941,1.29344,1.29356,837.3
1368580500000,1.29356,1.29372,1.29338,1.29342,1036.11
1368581400000,1.29342,1.29342,1.29253,1.29287,1130.3
1368582300000,1.29287,1.29292,1.29207,1.29215,1765.26
1368583200000,1.29218,1.29271,1.2921,1.29268,1377.72
1368584100000,1.29269,1.29272,1.29239,1.29266,682.47
1368585000000,1.29267,1.29283,1.2924,1.29267,891.98
1368585900000,1.29267,1.29278,1.29246,1.29278,679.85
1368586800000,1.29279,1.29301,1.29258,1.29288,899.25
1368587700000,1.2929,1.29373,1.29288,1.2936,914.07
1368588600000,1.29364,1.29371,1.29318,1.29328,877.41
1368589500000,1.29329,1.29355,1.29316,1.2935,700.35
1368590400000,1.2935,1.29375,1.2931,1.2935,1332.22
1368591300000,1.2935,1.29362,1.2934,1.29362,560.1
1368592200000,1.29363,1.2937,1.29339,1.29342,895.69
1368593100000,1.29342,1.2936,1.29332,1.29356,682.87
1368594000000,1.29356,1.29356,1.29328,1.2934,1083.07
1368594900000,1.29336,1.2935,1.29316,1.2934,1081.04
1368595800000,1.2934,1.2934,1.29277,1.29306,1610.98
1368596700000,1.29306,1.29424,1.2925,1.29273,2402.77
1368597600000,1.29278,1.29279,1.2899,1.2905,5128.8
1368598500000,1.29052,1.29129,1.29038,1.29088,3316.32
1368599400000,1.29089,1.29133,1.2897,1.29007,3615.31
1368600300000,1.29007,1.29107,1.28965,1.28985,3530.52
1368601200000,1.28982,1.2906,1.28915,1.28963,4816.72
1368602100000,1.28965,1.28975,1.28885,1.28908,4718.06
1368603000000,1.2891,1.29075,1.28891,1.29036,3600.84
1368603900000,1.29038,1.29108,1.2899,1.29056,3705.2
1368604800000,1.29057,1.29164,1.29028,1.29066,4087.41
1368605700000,1.29065,1.291,1.29035,1.29037,3011.14
1368606600000,1.29037,1.29058,1.28972,1.28981,3294.44
1368607500000,1.28981,1.29076,1.28947,1.29006,3244.4
1368608400000,1.29008,1.2905,1.28937,1.29022,3856.29
1368609300000,1.29018,1.29046,1.28973,1.29036,2805.21
1368610200000,1.29036,1.29065,1.28807,1.28851,4844.49
1368611100000,1.28851,1.28896,1.28795,1.28821,3880.44
1368612000000,1.2882,1.28845,1.28747,1.28811,4559.13
1368612900000,1.2881,1.2887,1.28791,1.28826,3688.66
1368613800000,1.28825,1.28851,1.28759,1.28786,3244.83
1368614700000,1.28787,1.2881,1.28538,1.28559,4644.1
1368615600000,1.28559,1.28631,1.28532,1.2862,3750.57
1368616500000,1.2862,1.28676,1.28607,1.2867,3117.65
1368617400000,1.28669,1.2867,1.28625,1.28635,2528.18
1368618300000,1.28635,1.28635,1.28492,1.28574,3835.61
1368619200000,1.2857,1.28636,1.2843,1.28633,5238.99
1368620100000,1.28632,1.2871,1.28625,1.28684,4177.48
1368621000000,1.28688,1.28891,1.28683,1.2873,6160.05
1368621900000,1.28729,1.28786,1.28667,1.28716,4826.52
1368622800000,1.28717,1.28822,1.28697,1.2873,5146.33
1368623700000,1.28731,1.28853,1.28587,1.28595,6534.6
1368624600000,1.28595,1.2869,1.2857,1.28662,5593.99
1368625500000,1.28662,1.28861,1.28662,1.28686,6613.89
1368626400000,1.28685,1.28755,1.28647,1.28676,5135.87
1368627300000,1.28675,1.28716,1.28601,1.28636,4857.44
1368628200000,1.28636,1.28654,1.28508,1.2857,4692.03
1368629100000,1.2857,1.28643,1.28541,1.28606,4840.02
1368630000000,1.28602,1.2873,1.28602,1.2861,4739.2
1368630900000,1.28612,1.28615,1.2852,1.28536,4029.14
1368631800000,1.28538,1.28583,1.28475,1.28561,3327.03
1368632700000,1.2856,1.28595,1.28545,1.28577,2918.29
1368633600000,1.28577,1.28609,1.2847,1.28533,2790.34
1368634500000,1.28534,1.28572,1.28531,1.28543,1755.05
1368635400000,1.28543,1.28602,1.28525,1.28563,1802.4
1368636300000,1.28564,1.28616,1.2855,1.28608,2095.32
1368637200000,1.28605,1.28605,1.28552,1.28567,1546.97
1368638100000,1.28567,1.28676,1.28564,1.28645,1860.48
1368639000000,1.28646,1.2868,1.28631,1.28648,1368.14
1368639900000,1.28648,1.28769,1.28648,1.28721,2089.58
1368640800000,1.28722,1.28752,1.2869,1.2871,1783.16
1368641700000,1.2871,1.28786,1.28688,1.2877,1860.67
1368642600000,1.2877,1.2877,1.28691,1.28721,1305.22
1368643500000,1.28721,1.28754,1.2869,1.28754,1468.08
1368644400000,1.28755,1.28771,1.28707,1.2876,1710.35
1368645300000,1.28759,1.28772,1.2874,1.28761,825.25
1368646200000,1.28761,1.28811,1.28751,1.28801,1546.39
1368647100000,1.288,1.28835,1.28778,1.28785,978.61
1368648000000,1.28786,1.2882,1.28744,1.28819,1149.51
1368648900000,1.28818,1.28839,1.28799,1.28825,759.7
1368649800000,1.28826,1.28854,1.28816,1.2884,670.19
1368650700000,1.2884,1.2888,1.28826,1.28862,858.64
1368651600000,1.28862,1.28863,1.28815,1.28855,444.08
1368652500000,1.28853,1.28863,1.28795,1.28803,687.16
1368653400000,1.288,1.28809,1.28765,1.28787,775.02
1368654300000,1.28787,1.28817,1.2877,1.28805,895.25
1368655200000,1.28805,1.28813,1.2878,1.28811,541.91
1368656100000,1.28811,1.28812,1.28784,1.28793,431.4
1368657000000,1.28792,1.28798,1.28758,1.28768,445.95
1368657900000,1.28767,1.28781,1.28732,1.28733,965.98
1368658800000,1.28732,1.28776,1.28732,1.28735,638.04
1368659700000,1.28734,1.2881,1.28733,1.2881,627.13
1368660600000,1.2881,1.28871,1.28806,1.28831,1068.87
1368661500000,1.28831,1.28845,1.2881,1.28824,661.09
1368662400000,1.28824,1.28843,1.2872,1.28795,1639.93
1368663300000,1.28795,1.28889,1.28785,1.28881,1838.95
1368664200000,1.2888,1.28883,1.28792,1.2882,1426.02
1368665100000,1.28821,1.28872,1.28772,1.28795,1592.14
1368666000000,1.28795,1.28825,1.28789,1.28792,981.38
1368666900000,1.28792,1.28815,1.28733,1.28755,830.22
1368667800000,1.28755,1.28767,1.28712,1.28757,1537.73
1368668700000,1.28757,1.2877,1.2871,1.2872,844.29
1368669600000,1.2872,1.28762,1.28717,1.28722,982.82
1368670500000,1.28722,1.28763,1.28705,1.28754,1052.79
1368671400000,1.28755,1.28761,1.28741,1.28742,716.61
1368672300000,1.28742,1.28772,1.28714,1.28723,1255.56
1368673200000,1.28723,1.28737,1.28708,1.28737,632.73
1368674100000,1.28737,1.28737,1.28671,1.28723,1157.24
1368675000000,1.28723,1.28728,1.2868,1.28682,865.61
1368675900000,1.28683,1.28697,1.28665,1.28694,890.54
1368676800000,1.28693,1.28704,1.28665,1.28673,857.25
1368677700000,1.28671,1.28722,1.28671,1.2872,757.09
1368678600000,1.2872,1.28744,1.28709,1.28744,834.76
1368679500000,1.28743,1.28753,1.28722,1.2873,853.88
1368680400000,1.28729,1.28759,1.28727,1.2874,834.92
1368681300000,1.28736,1.28745,1.28716,1.28745,1068.68
1368682200000,1.28745,1.288,1.28743,1.28753,981.5
1368683100000,1.28753,1.28758,1.28635,1.28653,2065.8
1368684000000,1.28652,1.28673,1.28565,1.2865,3256.01
1368684900000,1.2865,1.28677,1.28588,1.28588,2615.21
1368685800000,1.28594,1.28721,1.28593,1.28711,2528.13
1368686700000,1.28712,1.28712,1.28651,1.28687,2087.18
1368687600000,1.28684,1.28705,1.28572,1.28621,3207.85
1368688500000,1.28621,1.28665,1.28589,1.28632,3294.46
1368689400000,1.28632,1.28696,1.28554,1.28571,4401.99
1368690300000,1.28572,1.28656,1.2856,1.28608,3257.41
1368691200000,1.28607,1.28629,1.28463,1.28565,3659.31
1368692100000,1.28564,1.28603,1.28504,1.2851,3175.31
1368693000000,1.28511,1.28629,1.28508,1.28599,3090.68
1368693900000,1.28599,1.28635,1.28574,1.286,2980.87
1368694800000,1.28602,1.28747,1.28593,1.28672,3800.83
1368695700000,1.28671,1.28786,1.28668,1.2872,3464.24
1368696600000,1.2872,1.28824,1.2868,1.28749,3580.45
1368697500000,1.28749,1.2876,1.28705,1.28722,2739.23
1368698400000,1.28722,1.28779,1.28665,1.28683,3324.72
1368699300000,1.28684,1.28685,1.28628,1.28663,2760.92
1368700200000,1.28663,1.28672,1.28609,1.28649,1862.14
1368701100000,1.28649,1.2872,1.28625,1.28656,3949.59
1368702000000,1.28658,1.28756,1.2862,1.28751,3964.89
1368702900000,1.2875,1.28855,1.28711,1.28813,3921.15
1368703800000,1.28812,1.2882,1.287,1.28706,3307.76
1368704700000,1.28707,1.28804,1.28705,1.28804,2510.44
1368705600000,1.28803,1.28913,1.2877,1.28913,4143.9
1368706500000,1.28913,1.28913,1.28817,1.28829,3762.3
1368707400000,1.2883,1.29189,1.28826,1.2908,8215.81
1368708300000,1.2908,1.29104,1.28924,1.2896,5270.88
1368709200000,1.2896,1.29053,1.2885,1.28954,6395.73
1368710100000,1.28954,1.29,1.28888,1.28936,4638.42
1368711000000,1.28936,1.29001,1.28922,1.28994,4610.3
1368711900000,1.28996,1.29074,1.28984,1.29017,4381.3
1368712800000,1.29014,1.29267,1.29007,1.29092,8028.65
1368713700000,1.2909,1.29141,1.2903,1.29119,5093.68
1368714600000,1.2912,1.29197,1.29048,1.29167,4669.76
1368715500000,1.29166,1.29197,1.29131,1.29157,4479.94
1368716400000,1.29157,1.29297,1.29148,1.29229,5231.27
1368717300000,1.29229,1.2928,1.28917,1.2893,5593.58
1368718200000,1.2893,1.28991,1.28849,1.28949,3934.33
1368719100000,1.28948,1.28986,1.289,1.28972,2684.47
1368720000000,1.28973,1.28993,1.28917,1.28919,1728.77
1368720900000,1.28918,1.28977,1.28895,1.28902,1844.29
1368721800000,1.28901,1.28943,1.2884,1.28921,2249.1
1368722700000,1.28921,1.28973,1.2888,1.28973,1660.28
1368723600000,1.28974,1.29005,1.2896,1.2899,1632.42
1368724500000,1.2899,1.29,1.28951,1.28988,1069.55
1368725400000,1.28988,1.29062,1.28952,1.29031,1506.32
1368726300000,1.2903,1.29108,1.28983,1.29062,2030.86
1368727200000,1.29061,1.29073,1.29024,1.29073,1644.11
1368728100000,1.29072,1.2908,1.29024,1.2903,1306.15
1368729000000,1.2903,1.2906,1.29021,1.29023,884.62
1368729900000,1.29023,1.29077,1.2901,1.29074,1375.85
1368730800000,1.29074,1.29124,1.28765,1.2879,3590.34
1368731700000,1.2879,1.28865,1.2872,1.28792,3325.91
1368732600000,1.28793,1.2881,1.28684,1.28791,2927.64
1368733500000,1.28791,1.28811,1.28741,1.28768,2851.64
1368734400000,1.28767,1.28891,1.28767,1.2886,1745.13
1368735300000,1.2886,1.28868,1.28817,1.28818,842.03
1368736200000,1.28818,1.28875,1.28806,1.28848,1076.29
1368737100000,1.28848,1.2886,1.28786,1.28812,1497.6
1368738000000,1.28812,1.28824,1.28779,1.28819,462.37
1368738900000,1.28819,1.28885,1.28801,1.28855,1039.05
1368739800000,1.28852,1.2887,1.2882,1.28866,733.65
1368740700000,1.28865,1.28871,1.28828,1.2883,807.56
1368741600000,1.28831,1.28837,1.28803,1.28812,613.14
1368742500000,1.28814,1.2885,1.28811,1.28848,429.54
1368743400000,1.28849,1.28872,1.28831,1.28866,447.39
1368744300000,1.28868,1.28895,1.2884,1.28889,657.17
1368745200000,1.28889,1.28894,1.2883,1.28843,812.33
1368746100000,1.28842,1.28866,1.28838,1.28859,559.53
1368747000000,1.28858,1.2886,1.28835,1.28838,482.84
1368747900000,1.28837,1.2884,1.28821,1.28828,451.26
1368748800000,1.2883,1.28845,1.2878,1.28839,1613.61
1368749700000,1.28839,1.28861,1.28811,1.2885,1112.7
1368750600000,1.2885,1.28872,1.28836,1.28848,997.18
1368751500000,1.28849,1.28867,1.28797,1.28812,1849.33
1368752400000,1.28812,1.28841,1.28674,1.28701,2054.55
1368753300000,1.28703,1.28743,1.2867,1.28695,1792.21
1368754200000,1.28697,1.28723,1.28669,1.2871,1359.06
1368755100000,1.2871,1.28722,1.28679,1.28695,1056.7
1368756000000,1.28695,1.28695,1.2859,1.28653,1731.92
1368756900000,1.28647,1.28655,1.2864,1.28641,750.28
1368757800000,1.28641,1.28655,1.28584,1.28587,1016.56
1368758700000,1.28586,1.2862,1.28556,1.28611,984.25
1368759600000,1.28611,1.28624,1.28591,1.28604,621
1368760500000,1.28605,1.28624,1.28601,1.28602,532.96
1368761400000,1.28602,1.28629,1.28602,1.2861,724.56
1368762300000,1.2861,1.28612,1.2858,1.28585,880.92
1368763200000,1.28584,1.28587,1.28552,1.28557,1072.52
1368764100000,1.28558,1.28632,1.2855,1.2863,1389.83
1368765000000,1.2863,1.28655,1.28611,1.28634,882.01
1368765900000,1.28632,1.28645,1.2862,1.28643,909.79
1368766800000,1.28643,1.28668,1.2863,1.28661,835.62
1368767700000,1.2866,1.28685,1.28616,1.28632,1077.9
1368768600000,1.28631,1.28661,1.28623,1.28655,953.14
1368769500000,1.28652,1.28666,1.286,1.28602,1206.56
1368770400000,1.28603,1.28662,1.28503,1.28545,2496.9
1368771300000,1.28544,1.28618,1.2853,1.28589,2143.45
1368772200000,1.28591,1.2861,1.28532,1.28597,2213.86
1368773100000,1.28597,1.28675,1.28597,1.28638,2546.35
1368774000000,1.28639,1.28702,1.2857,1.28574,3491.83
1368774900000,1.28573,1.28638,1.28539,1.28622,3005.14
1368775800000,1.28622,1.28777,1.28606,1.28776,2953.76
1368776700000,1.28779,1.28824,1.28735,1.28741,3300.88
1368777600000,1.28741,1.28809,1.2869,1.28692,2515.08
1368778500000,1.28692,1.28702,1.28582,1.28623,3153.06
1368779400000,1.28623,1.2868,1.28615,1.28676,2295.82
1368780300000,1.28676,1.28681,1.28625,1.2863,2003.92
1368781200000,1.2863,1.28771,1.28625,1.28712,3581.92
1368782100000,1.28712,1.28725,1.28675,1.28695,2434.84
1368783000000,1.28695,1.28814,1.28663,1.28738,3981.1
1368783900000,1.28738,1.28859,1.28738,1.28822,3594.75
1368784800000,1.28824,1.28887,1.28786,1.28865,3379.57
1368785700000,1.2887,1.2888,1.2883,1.28865,2375.69
1368786600000,1.28865,1.28871,1.28698,1.28723,2515.07
1368787500000,1.28724,1.28737,1.2858,1.28589,3558.04
1368788400000,1.28587,1.28655,1.2857,1.28572,2649.62
1368789300000,1.28572,1.28771,1.2856,1.2875,3657.34
1368790200000,1.2875,1.28803,1.28701,1.28701,3003.65
1368791100000,1.287,1.28735,1.28607,1.28707,3160.51
1368792000000,1.28707,1.28753,1.28685,1.2869,3281.98
1368792900000,1.28693,1.28732,1.28296,1.28305,4135.62
1368793800000,1.28307,1.28315,1.28175,1.28225,5350.09
1368794700000,1.28227,1.28336,1.28167,1.2826,4695.72
1368795600000,1.28258,1.28295,1.28156,1.28245,4862.69
1368796500000,1.28241,1.28243,1.28044,1.28045,4940.29
1368797400000,1.28043,1.28145,1.28021,1.28091,4634.69
1368798300000,1.28095,1.28252,1.2796,1.28244,5171.53
1368799200000,1.28245,1.28252,1.28065,1.28213,6562.86
1368800100000,1.28214,1.28238,1.28135,1.282,4607.08
1368801000000,1.28197,1.28333,1.28184,1.28282,4185.2
1368801900000,1.28282,1.28385,1.28211,1.28221,4095.25
1368802800000,1.28222,1.28328,1.28222,1.283,4293.64
1368803700000,1.28302,1.28312,1.28202,1.28222,2972.07
1368804600000,1.28222,1.28223,1.2812,1.28135,2121.44
1368805500000,1.28135,1.28186,1.28033,1.28181,2787.71
1368806400000,1.28183,1.28237,1.28157,1.28172,1508.94
1368807300000,1.2817,1.28232,1.2814,1.28159,1301.61
1368808200000,1.28161,1.28296,1.28161,1.28295,2064.28
1368809100000,1.28294,1.28308,1.2826,1.28271,1624.17
1368810000000,1.2827,1.28273,1.28234,1.28239,910.28
1368810900000,1.28241,1.28337,1.28241,1.28328,1105.72
1368811800000,1.28328,1.28364,1.28285,1.28335,1638.18
1368812700000,1.28335,1.28384,1.28329,1.28343,2208.22
1368813600000,1.28343,1.28351,1.28282,1.28302,1306.19
1368814500000,1.28302,1.28372,1.28283,1.28324,1313.97
1368815400000,1.28324,1.2835,1.2828,1.28295,1183.38
1368816300000,1.28294,1.283,1.28261,1.28283,1610.25
1368817200000,1.28282,1.28295,1.28263,1.28268,1136.89
1368818100000,1.2827,1.28344,1.28269,1.28317,1408.79
1368819000000,1.28316,1.28334,1.28294,1.28305,965.12
1368819900000,1.28306,1.28315,1.28268,1.28277,1151.96
1368820800000,1.28275,1.28332,1.28255,1.28282,1092.54
1368821700000,1.28283,1.28342,1.28266,1.28339,745.09
1368822600000,1.28338,1.28384,1.28334,1.28356,581.92
1368823500000,1.2835,1.28386,1.28325,1.28381,854.43
1368997200000,1.28421,1.28432,1.28366,1.28384,92.88
1368998100000,1.28385,1.28405,1.28374,1.28402,55.93
1368999000000,1.28406,1.28448,1.28393,1.28447,116.43
1368999900000,1.28451,1.28482,1.2844,1.28462,92.27
1369000800000,1.28457,1.2846,1.28437,1.28442,40.9
1369001700000,1.28446,1.28446,1.28281,1.283,525
1369002600000,1.283,1.28401,1.2829,1.28395,1387.32
1369003500000,1.28395,1.28413,1.2828,1.28288,495.54
1369004400000,1.2829,1.28343,1.28276,1.2834,711.29
1369005300000,1.28339,1.28344,1.28303,1.28343,631.1
1369006200000,1.28343,1.28467,1.28312,1.28415,1427.38
1369007100000,1.28415,1.28423,1.28302,1.28306,1336.75
1369008000000,1.28307,1.28335,1.28239,1.28302,2169.26
1369008900000,1.28301,1.28341,1.28281,1.28341,761.75
1369009800000,1.2834,1.28345,1.28268,1.2827,801.9
1369010700000,1.28273,1.28291,1.28192,1.28194,1681.56
1369011600000,1.28194,1.28255,1.28194,1.28243,1040.73
1369012500000,1.28245,1.28266,1.28229,1.28253,889.88
1369013400000,1.28253,1.28295,1.28253,1.28294,516.09
1369014300000,1.28293,1.28326,1.28279,1.28325,828.11
1369015200000,1.28325,1.28351,1.28311,1.28324,1074.64
1369016100000,1.28324,1.28337,1.28314,1.28326,755.68
1369017000000,1.28326,1.28334,1.283,1.28324,871.19
1369017900000,1.28324,1.28365,1.28324,1.28354,565.6
1369018800000,1.28355,1.28399,1.28339,1.28384,811.88
1369019700000,1.28385,1.28385,1.2833,1.28361,822.81
1369020600000,1.28361,1.28454,1.28345,1.28444,1040.07
1369021500000,1.28444,1.28445,1.28409,1.28423,803.64
1369022400000,1.28423,1.28514,1.284,1.28405,1976.24
1369023300000,1.28403,1.28425,1.2837,1.2841,1522.27
1369024200000,1.28411,1.28423,1.28386,1.28413,789.01
1369025100000,1.28413,1.28474,1.28409,1.2841,866.25
1369026000000,1.2841,1.28495,1.28401,1.28484,823.54
1369026900000,1.28486,1.28525,1.28473,1.28488,1458.47
1369027800000,1.28488,1.28494,1.28432,1.28448,1049.21
1369028700000,1.28447,1.28481,1.28404,1.28412,1446.28
1369029600000,1.28411,1.28451,1.28365,1.28449,2658.02
1369030500000,1.28448,1.28462,1.28388,1.28459,2007.64
1369031400000,1.2846,1.28495,1.28445,1.28457,1717.23
1369032300000,1.2846,1.28467,1.284,1.28462,1334.5
1369033200000,1.28462,1.28538,1.28435,1.28536,2265.77
1369034100000,1.28535,1.28642,1.28473,1.28601,3009.03
1369035000000,1.28602,1.28663,1.28589,1.28621,2786.52
1369035900000,1.28621,1.28652,1.2856,1.28641,2366.17
1369036800000,1.28641,1.28665,1.28619,1.28652,2363.05
1369037700000,1.28651,1.28716,1.28638,1.28705,2977.18
1369038600000,1.28707,1.28782,1.28691,1.28723,3073.11
1369039500000,1.28723,1.28773,1.28683,1.28713,2548.74
1369040400000,1.28713,1.28723,1.28661,1.28672,2304.59
1369041300000,1.28671,1.28723,1.28635,1.287,2231.27
1369042200000,1.28702,1.28707,1.28661,1.28684,1621.64
1369043100000,1.28684,1.2872,1.28586,1.28636,2597.04
1369044000000,1.28637,1.28665,1.28578,1.28612,2440.09
1369044900000,1.28612,1.28616,1.28496,1.28552,2964.15
1369045800000,1.28552,1.28571,1.28523,1.28551,1667.23
1369046700000,1.2855,1.28635,1.28542,1.28622,1816.46
1369047600000,1.28622,1.28634,1.28558,1.28633,2394.69
1369048500000,1.28633,1.28665,1.28627,1.28648,2075.37
1369049400000,1.28648,1.28675,1.28613,1.28618,1714.3
1369050300000,1.28618,1.28644,1.28583,1.28623,1919.53
1369051200000,1.28625,1.28676,1.2852,1.28526,2842.21
1369052100000,1.28526,1.28539,1.28455,1.28523,3265.87
1369053000000,1.28524,1.28575,1.2852,1.28549,2593
1369053900000,1.28549,1.28633,1.28481,1.28509,3779.38
1369054800000,1.28509,1.28523,1.2847,1.28496,3260.11
1369055700000,1.28494,1.28533,1.28427,1.28453,3275.75
1369056600000,1.28453,1.28505,1.2843,1.28468,3324.72
1369057500000,1.28467,1.28503,1.28444,1.28482,3576.86
1369058400000,1.28482,1.28569,1.28457,1.28523,3500.5
1369059300000,1.2852,1.28577,1.28505,1.28546,3030.87
1369060200000,1.28545,1.28575,1.28523,1.28575,2605.02
1369061100000,1.28573,1.28645,1.28545,1.28545,3242.3
1369062000000,1.28547,1.28664,1.28547,1.28654,3030.57
1369062900000,1.28654,1.28703,1.28654,1.28682,2594.14
1369063800000,1.28681,1.28692,1.28661,1.28675,1730.6
1369064700000,1.28677,1.28678,1.2861,1.28643,1665.04
1369065600000,1.28643,1.28675,1.28625,1.28642,1790.53
1369066500000,1.28643,1.28734,1.28637,1.28732,1889.46
1369067400000,1.28732,1.28734,1.28688,1.28712,1526.47
1369068300000,1.28712,1.28787,1.28711,1.28734,2063.71
1369069200000,1.28736,1.2881,1.2872,1.2872,1957.96
1369070100000,1.2872,1.28725,1.28648,1.28723,2205.37
1369071000000,1.28722,1.28774,1.2871,1.28745,1466.45
1369071900000,1.28742,1.28824,1.28734,1.28761,1597.81
1369072800000,1.28761,1.28943,1.28758,1.28925,2778.4
1369073700000,1.28923,1.28939,1.28846,1.28848,1864.9
1369074600000,1.2885,1.28932,1.28819,1.28922,1921.16
1369075500000,1.28921,1.28972,1.28892,1.2897,1578.87
1369076400000,1.28969,1.29006,1.2894,1.28979,1400.7
1369077300000,1.28978,1.28986,1.28897,1.28897,2113.4
1369078200000,1.28897,1.28932,1.28872,1.28908,1269.78
1369079100000,1.28908,1.28916,1.28861,1.28886,1183.17
1369080000000,1.28887,1.28893,1.28835,1.28851,774.24
1369080900000,1.28852,1.28868,1.28834,1.28867,745.43
1369081800000,1.28866,1.28876,1.28851,1.28855,448.54
1369082700000,1.28853,1.28863,1.28805,1.28809,935.16
1369083600000,1.28811,1.28845,1.2881,1.28843,392.93
1369084500000,1.28844,1.28852,1.28829,1.28851,682.4
1369085400000,1.28851,1.28865,1.2883,1.28847,1204.42
1369086300000,1.28847,1.28857,1.28819,1.28839,1064.59
1369087200000,1.2884,1.28895,1.28838,1.2887,703.25
1369088100000,1.2887,1.28934,1.2886,1.28932,1178.16
1369089000000,1.28932,1.29035,1.28929,1.29015,1271.09
1369089900000,1.29015,1.29029,1.28944,1.28973,1162.29
1369090800000,1.28973,1.28973,1.2889,1.2891,1069.6
1369091700000,1.2891,1.2891,1.28849,1.28895,735.51
1369092600000,1.28895,1.28895,1.28835,1.28883,587.91
1369093500000,1.28883,1.28911,1.28863,1.28903,880.16
1369094400000,1.28903,1.28911,1.28843,1.28845,1868.41
1369095300000,1.28846,1.28851,1.28781,1.28788,1366.74
1369096200000,1.28791,1.2882,1.28742,1.28781,1965.45
1369097100000,1.28781,1.28798,1.28665,1.28676,1781.42
1369098000000,1.28677,1.28768,1.28618,1.28764,2801.98
1369098900000,1.28764,1.2879,1.28714,1.28769,2005.25
1369099800000,1.2877,1.28838,1.28768,1.28792,2499.63
1369100700000,1.28792,1.28815,1.28781,1.28813,1251.26
1369101600000,1.28815,1.2883,1.2879,1.28821,1111.42
1369102500000,1.28821,1.28823,1.28785,1.28814,907.89
1369103400000,1.28815,1.28895,1.28813,1.28882,1579.93
1369104300000,1.28885,1.28919,1.28858,1.28888,1212.95
1369105200000,1.2889,1.28914,1.28876,1.28898,1120.67
1369106100000,1.28896,1.2895,1.28875,1.28927,1266.87
1369107000000,1.28932,1.28945,1.28922,1.28923,1015.79
1369107900000,1.28922,1.28944,1.28875,1.28875,1492.15
1369108800000,1.28875,1.28897,1.28803,1.28887,1746.43
1369109700000,1.28887,1.28901,1.28865,1.28881,1026.99
1369110600000,1.28875,1.28886,1.28865,1.28871,785.55
1369111500000,1.28871,1.28883,1.28859,1.28874,734.22
1369112400000,1.28875,1.28888,1.2886,1.28869,1300.88
1369113300000,1.28869,1.28888,1.28842,1.28881,1704.99
1369114200000,1.28883,1.28945,1.28874,1.28905,1951.21
1369115100000,1.28904,1.28904,1.28875,1.28898,1060.75
1369116000000,1.28898,1.29012,1.2887,1.28943,3314.99
1369116900000,1.28947,1.28976,1.2887,1.28875,2369.83
1369117800000,1.2887,1.28891,1.2883,1.28862,1989.25
1369118700000,1.28862,1.28866,1.28811,1.28824,2112.77
1369119600000,1.28827,1.28919,1.28822,1.28888,3417.08
1369120500000,1.28888,1.28948,1.28881,1.2892,2431.84
1369121400000,1.28922,1.28935,1.28799,1.28824,3438.07
1369122300000,1.28824,1.2885,1.28743,1.28779,3031.87
1369123200000,1.28781,1.28858,1.28753,1.28825,2387.44
1369124100000,1.28825,1.28846,1.28646,1.28666,2919.55
1369125000000,1.28665,1.28665,1.28537,1.28651,3836.35
1369125900000,1.28651,1.28753,1.2865,1.28708,3698.56
1369126800000,1.28707,1.28731,1.28642,1.28713,3160.57
1369127700000,1.2871,1.28873,1.28705,1.28854,3196.9
1369128600000,1.28854,1.2886,1.2871,1.28715,2712.98
1369129500000,1.28713,1.28744,1.28673,1.28683,2845.03
1369130400000,1.28684,1.28717,1.28635,1.28648,2379.79
1369131300000,1.28646,1.28688,1.28574,1.28584,3280
1369132200000,1.28585,1.28662,1.28537,1.28657,3122.98
1369133100000,1.28657,1.28697,1.28626,1.28654,2491.78
1369134000000,1.28654,1.28659,1.28454,1.28457,3088.45
1369134900000,1.28456,1.28534,1.2841,1.28508,3388.04
1369135800000,1.28506,1.28619,1.28504,1.28577,2741.83
1369136700000,1.28577,1.28642,1.28533,1.28603,2719.37
1369137600000,1.28603,1.28699,1.28589,1.28638,3645.84
1369138500000,1.2864,1.28742,1.2864,1.28685,4198.81
1369139400000,1.28685,1.28725,1.28666,1.28685,3309.29
1369140300000,1.28685,1.28732,1.28674,1.28684,3067.15
1369141200000,1.28683,1.28685,1.286,1.28617,2952.74
1369142100000,1.28616,1.2871,1.2858,1.28645,3128.32
1369143000000,1.28647,1.28726,1.28638,1.28684,2996.91
1369143900000,1.28685,1.28705,1.28576,1.286,3791.05
1369144800000,1.286,1.28626,1.28539,1.28576,5040.97
1369145700000,1.28576,1.28584,1.28441,1.28497,5388.12
1369146600000,1.28496,1.28664,1.28496,1.2861,4628.51
1369147500000,1.28605,1.28742,1.28603,1.2872,3895.85
1369148400000,1.28722,1.28765,1.28659,1.28747,4054.64
1369149300000,1.28746,1.29087,1.28697,1.28995,6592.22
1369150200000,1.28995,1.29152,1.2894,1.29118,6178.81
1369151100000,1.29118,1.29177,1.29062,1.291,4141.77
1369152000000,1.29099,1.29153,1.29012,1.29115,2736.62
1369152900000,1.29114,1.29196,1.29099,1.29132,2921.13
1369153800000,1.29133,1.29146,1.29101,1.29142,1774.61
1369154700000,1.2914,1.29169,1.29103,1.29136,1934.4
1369155600000,1.29135,1.29327,1.29027,1.29081,5196.78
1369156500000,1.29081,1.29108,1.2903,1.29095,2380.93
1369157400000,1.29096,1.29138,1.29062,1.29085,1104.96
1369158300000,1.29086,1.29093,1.29001,1.29001,1187.82
1369159200000,1.28994,1.29025,1.28975,1.29022,1803.4
1369160100000,1.29023,1.29045,1.28982,1.29022,924.89
1369161000000,1.29022,1.29035,1.28982,1.28993,1286.29
1369161900000,1.28992,1.29023,1.28965,1.29005,1101.13
1369162800000,1.29005,1.29035,1.29,1.29025,1005.41
1369163700000,1.29026,1.29095,1.29026,1.29073,1350.05
1369164600000,1.29074,1.29128,1.29049,1.29065,1136.72
1369165500000,1.29065,1.29103,1.29051,1.29058,1138.19
1369166400000,1.29055,1.29096,1.2905,1.29065,1242.07
1369167300000,1.29064,1.29075,1.29061,1.29062,551.94
1369168200000,1.29065,1.2909,1.29063,1.29081,726.59
1369169100000,1.29081,1.29105,1.2903,1.29057,795.42
1369170000000,1.29057,1.2908,1.29044,1.2908,230.77
1369170900000,1.29079,1.2908,1.29061,1.29062,325.27
1369171800000,1.29062,1.29068,1.29047,1.2905,197.91
1369172700000,1.29055,1.29061,1.2905,1.29061,128.55
1369173600000,1.29055,1.2913,1.29054,1.29121,1028.19
1369174500000,1.29121,1.29177,1.29115,1.29166,1027.52
1369175400000,1.29165,1.29238,1.29122,1.29206,1690.59
1369176300000,1.29211,1.29219,1.29152,1.29165,773.75
1369177200000,1.29163,1.2917,1.29122,1.29136,906.25
1369178100000,1.29137,1.29174,1.29132,1.29165,509.83
1369179000000,1.29169,1.29231,1.29166,1.29231,619.42
1369179900000,1.2923,1.29231,1.29165,1.29198,1148.19
1369180800000,1.29197,1.29384,1.29191,1.2934,2468.35
1369181700000,1.2934,1.2936,1.29305,1.29351,1608.03
1369182600000,1.29351,1.29351,1.29232,1.29249,1940.89
1369183500000,1.29249,1.2933,1.29234,1.29262,2179.14
1369184400000,1.29263,1.2927,1.29213,1.29261,1221.74
1369185300000,1.2926,1.29265,1.29235,1.29239,737.83
1369186200000,1.29242,1.29255,1.29183,1.29183,1210.31
1369187100000,1.29184,1.29251,1.29184,1.29248,826.34
1369188000000,1.29247,1.29252,1.29211,1.29227,845.72
1369188900000,1.29228,1.29249,1.29223,1.29238,939.93
1369189800000,1.29238,1.29261,1.29233,1.29234,774.05
1369190700000,1.29233,1.29243,1.29214,1.29241,660.7
1369191600000,1.29244,1.29295,1.29227,1.29274,1366.89
1369192500000,1.29274,1.29284,1.29198,1.29211,1357.68
1369193400000,1.29211,1.29239,1.29179,1.29205,1610.48
1369194300000,1.29204,1.29225,1.29192,1.29202,751.37
1369195200000,1.29201,1.29202,1.29145,1.29185,1302.21
1369196100000,1.29184,1.292,1.29165,1.29178,788.58
1369197000000,1.29179,1.29225,1.2916,1.29218,1028.37
1369197900000,1.29218,1.29219,1.29139,1.29142,666.69
1369198800000,1.29143,1.29185,1.29135,1.2915,1148.72
1369199700000,1.2915,1.29151,1.29122,1.29134,755.96
1369200600000,1.29134,1.29135,1.29071,1.29107,1460.47
1369201500000,1.29108,1.29124,1.29089,1.29093,1048.84
1369202400000,1.29093,1.29125,1.29054,1.291,1842.25
1369203300000,1.29102,1.29147,1.29086,1.29133,1637.72
1369204200000,1.29132,1.29138,1.2903,1.29093,2305.73
1369205100000,1.29093,1.29166,1.29076,1.29166,2027.49
1369206000000,1.29165,1.29339,1.29162,1.29238,4339.53
1369206900000,1.29238,1.29301,1.29182,1.29299,4169.82
1369207800000,1.29299,1.29355,1.2921,1.29335,3650.35
1369208700000,1.29333,1.29444,1.2933,1.29343,4915.76
1369209600000,1.29343,1.29384,1.2931,1.29317,3734.11
1369210500000,1.29317,1.29347,1.2927,1.29284,3510.66
1369211400000,1.29286,1.29375,1.29255,1.29299,4556.09
1369212300000,1.293,1.29359,1.29273,1.29337,3315.87
1369213200000,1.29337,1.29403,1.2933,1.29349,3527.88
1369214100000,1.29347,1.29366,1.29276,1.29308,2715.03
1369215000000,1.29306,1.29309,1.29265,1.29278,2359.18
1369215900000,1.29278,1.29387,1.29241,1.29359,2781.95
1369216800000,1.29359,1.29489,1.29316,1.29454,4542.86
1369217700000,1.29453,1.29537,1.29383,1.29415,3934.74
1369218600000,1.29414,1.29428,1.29275,1.29326,3075.27
1369219500000,1.29326,1.29371,1.29281,1.29303,2648.28
1369220400000,1.29302,1.29315,1.29243,1.29287,2723.17
1369221300000,1.29286,1.29357,1.29262,1.29334,2495.65
1369222200000,1.29334,1.29384,1.2933,1.29373,2515.11
1369223100000,1.29372,1.29372,1.29292,1.29312,2511.49
1369224000000,1.29313,1.29323,1.2921,1.29222,3265.94
1369224900000,1.29223,1.29238,1.2915,1.29225,3681.17
1369225800000,1.29225,1.29318,1.29215,1.29283,3686.19
1369226700000,1.29282,1.29335,1.29269,1.29329,3549.31
1369227600000,1.29331,1.29457,1.29309,1.29385,4970.75
1369228500000,1.29384,1.2943,1.29341,1.29351,3415.81
1369229400000,1.29352,1.29482,1.29312,1.29482,5452.39
1369230300000,1.29484,1.29563,1.2943,1.29459,6095.6
1369231200000,1.29459,1.29978,1.29458,1.2977,10430.85
1369232100000,1.2977,1.29853,1.29462,1.29478,8372.57
1369233000000,1.29475,1.29475,1.28901,1.29152,11264.78
1369233900000,1.29153,1.29216,1.28756,1.28783,8253.97
1369234800000,1.28782,1.28979,1.28731,1.28855,6883.37
1369235700000,1.28855,1.28864,1.28671,1.28785,5570.98
1369236600000,1.28785,1.2891,1.28755,1.28878,4549.09
1369237500000,1.28878,1.28878,1.28628,1.28651,4116.93
1369238400000,1.28651,1.28691,1.28515,1.28609,4684.85
1369239300000,1.28605,1.28616,1.28491,1.28567,3924.29
1369240200000,1.28566,1.28657,1.28431,1.28646,4393.76
1369241100000,1.28648,1.28663,1.28568,1.28662,2624.6
1369242000000,1.28665,1.28708,1.28514,1.28585,3434.97
1369242900000,1.28585,1.28606,1.28525,1.28549,1994.8
1369243800000,1.2855,1.28584,1.28447,1.28504,2824.8
1369244700000,1.28505,1.28735,1.28484,1.2857,3678.78
1369245600000,1.28568,1.28685,1.28434,1.28661,6480.71
1369246500000,1.28662,1.28691,1.28455,1.28475,4077.86
1369247400000,1.28475,1.28515,1.28339,1.28402,4727.13
1369248300000,1.28404,1.2844,1.28335,1.28429,3139.68
1369249200000,1.28429,1.28508,1.28383,1.28405,2587.89
1369250100000,1.28405,1.28455,1.28392,1.28453,2130.84
1369251000000,1.28453,1.28562,1.28446,1.28545,2290.28
1369251900000,1.28545,1.28561,1.2848,1.28542,2422.31
1369252800000,1.28543,1.28606,1.28543,1.28572,1740.93
1369253700000,1.28571,1.28571,1.28512,1.28538,1250.23
1369254600000,1.28538,1.28579,1.28525,1.28566,793.69
1369255500000,1.28567,1.28593,1.28563,1.2858,894.96
1369256400000,1.28577,1.28589,1.28538,1.28566,483.72
1369257300000,1.28566,1.28573,1.2853,1.28535,962.87
1369258200000,1.28534,1.28562,1.28509,1.28527,1759.11
1369259100000,1.28526,1.28541,1.28508,1.28525,1162.83
1369260000000,1.28527,1.28562,1.28524,1.28534,707
1369260900000,1.28534,1.28558,1.28518,1.28555,867.45
1369261800000,1.28553,1.28556,1.28509,1.28511,878.22
1369262700000,1.28511,1.28525,1.28457,1.28484,938.82
1369263600000,1.28483,1.28492,1.28434,1.28469,1138.43
1369264500000,1.28468,1.28468,1.28369,1.28405,1435.86
1369265400000,1.28405,1.28419,1.28365,1.28402,954.84
1369266300000,1.28402,1.28439,1.28363,1.28421,1614.21
1369267200000,1.28422,1.28442,1.2828,1.28292,2485.35
1369268100000,1.28289,1.2837,1.28272,1.2832,2382.57
1369269000000,1.2832,1.28353,1.2827,1.28305,2007.63
1369269900000,1.28304,1.28337,1.28275,1.28277,1495.11
1369270800000,1.28277,1.283,1.28246,1.2826,1528.12
1369271700000,1.28261,1.28337,1.2824,1.28336,1790.27
1369272600000,1.28336,1.28416,1.28312,1.28392,1811.32
1369273500000,1.28389,1.2839,1.28332,1.28351,2003.73
1369274400000,1.28354,1.28401,1.2835,1.28372,1664.64
1369275300000,1.28372,1.2843,1.28357,1.28406,2313.55
1369276200000,1.28406,1.28423,1.28364,1.28419,1747.31
1369277100000,1.28419,1.28465,1.28417,1.2845,1107.64
1369278000000,1.2845,1.28465,1.28433,1.28435,1054.27
1369278900000,1.28436,1.28439,1.28395,1.28409,1056.86
1369279800000,1.28409,1.28451,1.28404,1.28445,1660.8
1369280700000,1.28445,1.2855,1.28414,1.28467,2772.63
1369281600000,1.28467,1.28532,1.28448,1.28466,1716.64
1369282500000,1.28468,1.28546,1.28456,1.28486,2849.82
1369283400000,1.28486,1.28511,1.28446,1.28497,2005.48
1369284300000,1.28494,1.28544,1.28457,1.2851,1894.38
1369285200000,1.2851,1.28538,1.28465,1.28491,1808
1369286100000,1.28491,1.285,1.28456,1.2846,1477.58
1369287000000,1.2846,1.28505,1.28422,1.28504,2667.62
1369287900000,1.28504,1.2853,1.28365,1.28385,3396.28
1369288800000,1.28385,1.28405,1.28263,1.28347,3835.75
1369289700000,1.28347,1.284,1.28214,1.28258,4660.16
1369290600000,1.28258,1.2842,1.2825,1.28327,3790.29
1369291500000,1.28328,1.28422,1.283,1.28352,3911.12
1369292400000,1.28353,1.28506,1.28349,1.28482,4865.83
1369293300000,1.28482,1.28712,1.28455,1.28675,5638.18
1369294200000,1.28678,1.28767,1.28586,1.28635,4900.31
1369295100000,1.28634,1.28713,1.28596,1.28643,4321.64
1369296000000,1.28643,1.28875,1.2862,1.2883,5593.98
1369296900000,1.2883,1.28891,1.28737,1.28844,5346.6
1369297800000,1.28845,1.2896,1.28754,1.28804,6210.61
1369298700000,1.2881,1.29039,1.28768,1.28924,5120.86
1369299600000,1.28925,1.28978,1.28796,1.28822,4678.31
1369300500000,1.28822,1.28942,1.28777,1.28866,4090.96
1369301400000,1.28867,1.28957,1.28837,1.28919,4391.06
1369302300000,1.28919,1.28921,1.2878,1.28805,3837.01
1369303200000,1.28804,1.28896,1.28797,1.28816,3743.73
1369304100000,1.28816,1.28916,1.28773,1.28796,3237.43
1369305000000,1.28797,1.2903,1.28763,1.28977,3975.37
1369305900000,1.28977,1.28977,1.28826,1.2887,3828.94
1369306800000,1.28872,1.28876,1.28779,1.28855,3759.35
1369307700000,1.28855,1.28892,1.28811,1.28844,2771.52
1369308600000,1.2884,1.2888,1.28815,1.28872,2918.22
1369309500000,1.28872,1.2891,1.28837,1.28903,3132
1369310400000,1.28901,1.28937,1.28819,1.28876,3338.02
1369311300000,1.28872,1.29115,1.28872,1.29056,5129.99
1369312200000,1.29058,1.29146,1.28853,1.29075,6737.92
1369313100000,1.29075,1.29147,1.28939,1.28976,6169.21
1369314000000,1.28977,1.29158,1.2897,1.29106,7085.82
1369314900000,1.29105,1.29202,1.29051,1.29127,5972.82
1369315800000,1.29126,1.29135,1.29016,1.29065,5116.32
1369316700000,1.29063,1.29151,1.29019,1.29029,5187.87
1369317600000,1.29037,1.29163,1.28965,1.29066,6551.07
1369318500000,1.29062,1.2916,1.29053,1.29105,5106.37
1369319400000,1.29106,1.29127,1.2904,1.29058,4285.03
1369320300000,1.29059,1.29081,1.29001,1.2902,4452.86
1369321200000,1.29019,1.29199,1.29002,1.29156,4559.6
1369322100000,1.29157,1.29216,1.29116,1.2912,4472.7
1369323000000,1.29125,1.29191,1.29065,1.29156,3781.32
1369323900000,1.29155,1.29539,1.29135,1.29376,6508.47
1369324800000,1.29376,1.29499,1.29367,1.29386,4488.81
1369325700000,1.29386,1.29508,1.29386,1.29487,2807.06
1369326600000,1.29485,1.29499,1.2935,1.29377,2613.02
1369327500000,1.29375,1.2938,1.29329,1.29334,2098.21
1369328400000,1.2933,1.29399,1.29327,1.29378,1507.19
1369329300000,1.29378,1.29378,1.29316,1.29346,1542.2
1369330200000,1.29347,1.29356,1.29315,1.29333,1470.87
1369331100000,1.29335,1.294,1.29323,1.29343,1261.78
1369332000000,1.2934,1.2947,1.29335,1.29416,2050.18
1369332900000,1.29417,1.29436,1.2933,1.29362,1893.98
1369333800000,1.29366,1.29376,1.29318,1.29325,2086.39
1369334700000,1.29325,1.29381,1.29307,1.29317,2057.71
1369335600000,1.29317,1.29349,1.29295,1.2933,1458.2
1369336500000,1.29328,1.2936,1.29296,1.29316,1719.22
1369337400000,1.29317,1.2934,1.29296,1.2933,1232.38
1369338300000,1.29329,1.29407,1.29328,1.29385,1954.88
1369339200000,1.29384,1.2939,1.29355,1.29363,1042.49
1369340100000,1.29362,1.29362,1.29307,1.29333,874.59
1369341000000,1.29333,1.29375,1.29328,1.29354,924.24
1369341900000,1.29354,1.29366,1.29322,1.29328,1105.83
1369342800000,1.29327,1.29336,1.29285,1.2932,630.6
1369343700000,1.29321,1.29366,1.29296,1.29316,813.45
1369344600000,1.29316,1.29331,1.29296,1.29326,588.85
1369345500000,1.29326,1.29337,1.29304,1.29321,460.3
1369346400000,1.29322,1.29349,1.29317,1.29346,511.74
1369347300000,1.29346,1.29351,1.29314,1.29315,1003.74
1369348200000,1.29315,1.29323,1.29307,1.29316,449.4
1369349100000,1.29315,1.29318,1.293,1.29318,530.35
1369350000000,1.29318,1.29325,1.2928,1.29294,832.82
1369350900000,1.29294,1.29309,1.29291,1.29295,643.99
1369351800000,1.29295,1.29301,1.2925,1.29267,1197.18
1369352700000,1.29266,1.29289,1.29218,1.29228,1346.46
1369353600000,1.29229,1.29253,1.2917,1.29175,1960.43
1369354500000,1.29175,1.29175,1.29043,1.29118,2459.12
1369355400000,1.29118,1.29229,1.29107,1.29219,2045.07
1369356300000,1.29217,1.29217,1.29145,1.29157,1544.06
1369357200000,1.29157,1.2919,1.29141,1.29148,1105.04
1369358100000,1.2915,1.29157,1.29104,1.29147,1143.76
1369359000000,1.29148,1.29195,1.29139,1.29182,1026.46
1369359900000,1.29182,1.29182,1.2912,1.29138,954.4
1369360800000,1.29139,1.2918,1.29121,1.29157,773.06
1369361700000,1.29158,1.29184,1.29157,1.29179,885.96
1369362600000,1.29179,1.29232,1.29178,1.29217,639.4
1369363500000,1.29217,1.29222,1.29165,1.29171,844.32
1369364400000,1.29171,1.29199,1.29147,1.29188,816.58
1369365300000,1.29188,1.29203,1.29174,1.29201,1061.63
1369366200000,1.29201,1.29201,1.29147,1.29157,781.1
1369367100000,1.29156,1.29222,1.29074,1.29205,2299.24
1369368000000,1.29204,1.29204,1.29155,1.29188,1965.63
1369368900000,1.29188,1.29355,1.29187,1.29287,3262.59
1369369800000,1.29288,1.2934,1.29249,1.29336,2364.9
1369370700000,1.29334,1.29334,1.29222,1.29265,2548.44
1369371600000,1.29265,1.29297,1.29205,1.29296,2489.54
1369372500000,1.293,1.29339,1.29214,1.29218,1848.74
1369373400000,1.29218,1.29242,1.29185,1.29206,1691.41
1369374300000,1.29205,1.29365,1.29201,1.29313,2376.63
1369375200000,1.29311,1.29407,1.29262,1.29405,2727.74
1369376100000,1.29407,1.29434,1.29347,1.29371,2431.35
1369377000000,1.2937,1.29409,1.29306,1.29406,1847.09
1369377900000,1.29406,1.29421,1.29366,1.29369,2030.98
1369378800000,1.2937,1.29429,1.29338,1.29361,3134.92
1369379700000,1.29361,1.29423,1.2932,1.29384,2611.64
1369380600000,1.29385,1.29419,1.29255,1.29291,3145.09
1369381500000,1.29291,1.29294,1.29226,1.29268,3418.21
1369382400000,1.29266,1.29568,1.29255,1.29527,4901.93
1369383300000,1.29527,1.29869,1.29517,1.29849,5253.39
1369384200000,1.29851,1.29867,1.29768,1.29813,3953.8
1369385100000,1.29813,1.29841,1.29771,1.29785,3001.38
1369386000000,1.29786,1.29903,1.2978,1.2984,3836.1
1369386900000,1.2984,1.29875,1.29654,1.29655,3642.01
1369387800000,1.29659,1.29659,1.29549,1.29587,4131.14
1369388700000,1.29588,1.29661,1.2958,1.296,2733.23
1369389600000,1.29601,1.29759,1.29595,1.29724,3493.38
1369390500000,1.29725,1.29928,1.29706,1.29819,4377.79
1369391400000,1.29818,1.29859,1.29739,1.29761,2993.12
1369392300000,1.2976,1.29771,1.29565,1.29575,3797.54
1369393200000,1.29574,1.2963,1.29571,1.29584,2224.77
1369394100000,1.29584,1.2971,1.29583,1.29636,2807.17
1369395000000,1.29636,1.29748,1.29604,1.29714,3356.93
1369395900000,1.29714,1.29733,1.29583,1.29589,3626.88
1369396800000,1.29586,1.29591,1.29366,1.29366,4186.52
1369397700000,1.29362,1.29417,1.29331,1.294,3650.42
1369398600000,1.294,1.29401,1.29136,1.29155,6327.36
1369399500000,1.2915,1.29367,1.2913,1.29313,7126.81
1369400400000,1.29316,1.29361,1.29243,1.29291,5554.36
1369401300000,1.29291,1.29368,1.29239,1.29328,4246.19
1369402200000,1.29327,1.29431,1.29327,1.29418,5325.1
1369403100000,1.29418,1.29536,1.29399,1.29536,4637.96
1369404000000,1.29537,1.29576,1.29406,1.29457,4873.28
1369404900000,1.29456,1.29467,1.29356,1.29373,4520.41
1369405800000,1.29372,1.29452,1.29347,1.2937,4469.51
1369406700000,1.29374,1.29405,1.29285,1.29302,5219.25
1369407600000,1.29302,1.29302,1.29136,1.2918,4615.91
1369408500000,1.2918,1.29275,1.2918,1.29226,3349.31
1369409400000,1.29225,1.29225,1.29103,1.29197,3097.37
1369410300000,1.29198,1.29217,1.29167,1.29186,1744.88
1369411200000,1.29185,1.29259,1.29165,1.29237,1895.33
1369412100000,1.29237,1.2924,1.29138,1.2916,1515.43
1369413000000,1.29162,1.29176,1.29115,1.2915,1593.39
1369413900000,1.2915,1.2922,1.2914,1.29192,1873.67
1369414800000,1.2919,1.29211,1.29159,1.29189,1525.41
1369415700000,1.29188,1.29245,1.29179,1.29245,1200.03
1369416600000,1.29246,1.29266,1.29229,1.29246,996.13
1369417500000,1.29246,1.29247,1.29195,1.29205,788.13
1369418400000,1.29206,1.29297,1.29189,1.29288,1434.35
1369419300000,1.29286,1.29288,1.29256,1.29284,990.45
1369420200000,1.29285,1.29302,1.2928,1.29296,631.41
1369421100000,1.29296,1.29359,1.29296,1.29328,1208.72
1369422000000,1.29328,1.2935,1.29305,1.2933,1083.07
1369422900000,1.29331,1.2937,1.2933,1.29367,842.87
1369423800000,1.29369,1.2937,1.29307,1.29317,928.29
1369424700000,1.29318,1.29357,1.29316,1.29352,922.2
1369425600000,1.29352,1.29362,1.29285,1.293,1455.79
1369426500000,1.29298,1.2932,1.29281,1.29288,740.96
1369427400000,1.29287,1.293,1.29267,1.29295,736.29
1369428300000,1.29296,1.29363,1.29283,1.29323,753.97
1369602000000,1.29347,1.29378,1.29328,1.29375,217.96
1369602900000,1.29368,1.29398,1.29358,1.29375,127.89
1369603800000,1.29371,1.29394,1.29358,1.29358,90.72
1369604700000,1.29358,1.29362,1.29352,1.29359,37.17
1369605600000,1.29358,1.29436,1.29353,1.2942,797.09
1369606500000,1.29421,1.29434,1.29412,1.29415,763.85
1369607400000,1.29415,1.29433,1.29405,1.2941,283.65
1369608300000,1.2941,1.29425,1.29378,1.29378,745.12
1369609200000,1.29378,1.2939,1.29363,1.29368,472.99
1369610100000,1.29367,1.29395,1.29345,1.29367,595.43
1369611000000,1.29367,1.29371,1.29333,1.29367,786.43
1369611900000,1.29367,1.29392,1.29351,1.29357,926.86
1369612800000,1.29357,1.29357,1.29276,1.29287,1510.03
1369613700000,1.29289,1.29306,1.29208,1.29226,1573.65
1369614600000,1.29226,1.29258,1.29205,1.29222,1332.14
1369615500000,1.29222,1.2926,1.29159,1.29221,2276.89
1369616400000,1.29221,1.29234,1.29185,1.29191,982.42
1369617300000,1.29191,1.29215,1.29178,1.29205,921.12
1369618200000,1.29205,1.2926,1.29182,1.29241,1106.84
1369619100000,1.2924,1.2924,1.29189,1.29201,1024.74
1369620000000,1.29202,1.29262,1.29197,1.29228,959.41
1369620900000,1.29229,1.2926,1.29225,1.2926,899.23
1369621800000,1.2926,1.2927,1.2924,1.2924,588.16
1369622700000,1.2924,1.29291,1.29239,1.2927,640.31
1369623600000,1.29271,1.29279,1.29259,1.29259,352.37
1369624500000,1.29259,1.29275,1.29256,1.29264,348.77
1369625400000,1.29264,1.29264,1.29212,1.29234,886.12
1369626300000,1.29232,1.29241,1.2919,1.29214,560.79
1369627200000,1.29215,1.29249,1.29203,1.29244,459.19
1369628100000,1.29244,1.2926,1.29213,1.2924,548.61
1369629000000,1.29241,1.29246,1.29231,1.29232,382.41
1369629900000,1.29233,1.29237,1.29206,1.29231,631.67
1369630800000,1.2923,1.29252,1.29224,1.29242,705.96
1369631700000,1.29242,1.29272,1.2924,1.29272,531.64
1369632600000,1.29272,1.29294,1.29259,1.29264,533.61
1369633500000,1.29265,1.29319,1.29265,1.29319,1011.16
1369634400000,1.29319,1.29329,1.29269,1.29307,1178.76
1369635300000,1.29307,1.29361,1.29307,1.29361,1097.23
1369636200000,1.2936,1.29388,1.2933,1.29351,1086.84
1369637100000,1.29351,1.29362,1.29322,1.29324,928.07
1369638000000,1.29324,1.29382,1.29317,1.29381,1661.21
1369638900000,1.29382,1.29466,1.29376,1.29431,2228.57
1369639800000,1.2943,1.29439,1.294,1.29438,1874.58
1369640700000,1.29438,1.29445,1.29399,1.294,1472.59
1369641600000,1.29395,1.29442,1.2939,1.29432,1490.37
1369642500000,1.29432,1.29461,1.29421,1.29429,1280.62
1369643400000,1.29429,1.29468,1.294,1.29425,1664.12
1369644300000,1.29426,1.29445,1.29406,1.29417,1348.86
1369645200000,1.29416,1.29438,1.29408,1.29426,1125.64
1369646100000,1.29426,1.29453,1.29414,1.29438,1120.97
1369647000000,1.29438,1.29442,1.2941,1.29441,1364.71
1369647900000,1.29442,1.29476,1.2944,1.29448,1538.67
1369648800000,1.29449,1.29483,1.29417,1.29481,1393.47
1369649700000,1.29481,1.29485,1.2945,1.29455,1176
1369650600000,1.29457,1.29465,1.2944,1.29441,779.53
1369651500000,1.29441,1.29469,1.29435,1.29455,1046.35
1369652400000,1.29455,1.29471,1.29441,1.29467,1134.37
1369653300000,1.29468,1.29472,1.29445,1.29446,836.17
1369654200000,1.29446,1.2946,1.29431,1.29445,964.2
1369655100000,1.29445,1.29457,1.29401,1.29411,878
1369656000000,1.2941,1.2942,1.29336,1.29401,2079.26
1369656900000,1.29401,1.29407,1.2937,1.29378,1266.83
1369657800000,1.29377,1.29437,1.2937,1.29394,1093.93
1369658700000,1.29395,1.29401,1.2937,1.2939,1001.51
1369659600000,1.2939,1.29393,1.29338,1.29389,1592.97
1369660500000,1.29388,1.29414,1.2938,1.29414,740.03
1369661400000,1.29415,1.29445,1.29382,1.294,931.56
1369662300000,1.29399,1.29422,1.29396,1.29408,1113.3
1369663200000,1.29409,1.29425,1.29396,1.29399,986.82
1369664100000,1.294,1.29404,1.29367,1.29371,835.15
1369665000000,1.29371,1.29387,1.2936,1.2937,704.23
1369665900000,1.29369,1.29397,1.29365,1.29375,953.16
1369666800000,1.29377,1.29399,1.29374,1.29378,1202.1
1369667700000,1.29378,1.29381,1.29288,1.29311,1065.34
1369668600000,1.29312,1.2933,1.29302,1.29325,446.58
1369669500000,1.29325,1.29344,1.29317,1.29344,491.77
1369670400000,1.29344,1.29355,1.29325,1.29326,426.42
1369671300000,1.29326,1.2933,1.29294,1.29297,517.62
1369672200000,1.29298,1.29306,1.29274,1.29275,760.91
1369673100000,1.29276,1.2928,1.29221,1.29278,1183.95
1369674000000,1.2928,1.29299,1.29265,1.29293,749.14
1369674900000,1.29293,1.29325,1.29285,1.293,524.3
1369675800000,1.29299,1.29302,1.29234,1.29244,793.09
1369676700000,1.29245,1.29286,1.29244,1.29277,370.5
1369677600000,1.29276,1.29305,1.29271,1.29302,337.19
1369678500000,1.29302,1.29302,1.29273,1.2928,488.83
1369679400000,1.2928,1.29293,1.29275,1.2929,352.57
1369680300000,1.2929,1.29331,1.2929,1.29331,459.12
1369681200000,1.29332,1.29332,1.29325,1.29328,188.59
1369682100000,1.29328,1.29335,1.29298,1.29306,284.17
1369683000000,1.2931,1.2937,1.2931,1.29366,451.23
1369683900000,1.29365,1.29367,1.29326,1.2934,369.55
1369684800000,1.2934,1.2934,1.29287,1.29293,501.21
1369685700000,1.2929,1.29334,1.29285,1.29322,543.61
1369686600000,1.2932,1.29342,1.29313,1.29313,429.14
1369687500000,1.29313,1.29315,1.29275,1.29292,700.53
1369688400000,1.29293,1.29322,1.29275,1.29321,488.92
1369689300000,1.29321,1.2933,1.29271,1.2933,649.23
1369690200000,1.29331,1.29352,1.29318,1.29322,215.92
1369691100000,1.29321,1.29339,1.29303,1.29332,296.42
1369692000000,1.29332,1.29332,1.29305,1.29315,359.37
1369692900000,1.29315,1.2932,1.29296,1.29297,598.65
1369693800000,1.29297,1.29305,1.29291,1.293,415.1
1369694700000,1.293,1.29312,1.293,1.29305,354.87
1369695600000,1.29305,1.29332,1.29302,1.29326,432.6
1369696500000,1.29325,1.29328,1.29306,1.2932,598.94
1369697400000,1.2932,1.2933,1.29316,1.29327,423.86
1369698300000,1.29328,1.29343,1.293,1.29339,561.01
1369699200000,1.29339,1.29339,1.29091,1.29092,2604.14
1369700100000,1.29091,1.29116,1.2892,1.29002,2993.61
1369701000000,1.29001,1.29001,1.28888,1.28942,2529.97
1369701900000,1.28942,1.28974,1.28875,1.28974,2110.06
1369702800000,1.28974,1.28977,1.2884,1.2891,2475.01
1369703700000,1.2891,1.2898,1.28892,1.2898,2039.75
1369704600000,1.2898,1.29041,1.2897,1.29032,1955.71
1369705500000,1.29032,1.29085,1.29013,1.29032,1437.49
1369706400000,1.29032,1.29065,1.29,1.29034,1277.63
1369707300000,1.29035,1.29046,1.29011,1.29042,1056.77
1369708200000,1.29043,1.29053,1.2898,1.28989,800.28
1369709100000,1.28991,1.29008,1.28971,1.29001,803.72
1369710000000,1.29001,1.29051,1.28995,1.29034,966.22
1369710900000,1.29032,1.29219,1.29031,1.29173,1752.85
1369711800000,1.29176,1.29231,1.29167,1.29173,1831.58
1369712700000,1.29175,1.29197,1.29147,1.29171,1113.68
1369713600000,1.2917,1.29194,1.29145,1.29152,953.7
1369714500000,1.29152,1.29178,1.29144,1.29172,746.43
1369715400000,1.29171,1.2918,1.29156,1.2918,749.33
1369716300000,1.29181,1.2921,1.29141,1.2916,1852.45
1369717200000,1.2916,1.292,1.29158,1.2918,1552.47
1369718100000,1.2918,1.29282,1.29177,1.29269,1715.84
1369719000000,1.29269,1.2929,1.29196,1.29198,1596.84
1369719900000,1.292,1.29258,1.29198,1.29247,1453.37
1369720800000,1.29249,1.2926,1.29167,1.29189,2214.32
1369721700000,1.29189,1.29272,1.29189,1.29262,2008.92
1369722600000,1.29262,1.29262,1.29211,1.2923,1925.18
1369723500000,1.29231,1.29243,1.29019,1.29025,3565.01
1369724400000,1.29024,1.29116,1.29001,1.29066,3408.51
1369725300000,1.29065,1.291,1.28926,1.29007,4007.94
1369726200000,1.29008,1.2916,1.29006,1.29125,3359.95
1369727100000,1.29125,1.29146,1.29015,1.29032,2391.35
1369728000000,1.29033,1.29078,1.29033,1.29041,2829.22
1369728900000,1.29038,1.29134,1.2902,1.29063,2678.77
1369729800000,1.29061,1.29108,1.29055,1.29092,1933.63
1369730700000,1.29092,1.2912,1.29064,1.2909,2016.77
1369731600000,1.2909,1.29095,1.2896,1.28973,2689.9
1369732500000,1.28976,1.29207,1.28955,1.29206,3307.63
1369733400000,1.29207,1.29243,1.2917,1.29201,3208.86
1369734300000,1.29201,1.29291,1.29165,1.29288,2405.38
1369735200000,1.29287,1.29298,1.29217,1.29242,2527.94
1369736100000,1.29244,1.29353,1.2924,1.29287,4084.37
1369737000000,1.29288,1.29296,1.29265,1.29281,2388.73
1369737900000,1.29281,1.29312,1.29267,1.29292,1829.67
1369738800000,1.29292,1.29367,1.2929,1.29346,2530.76
1369739700000,1.29347,1.29468,1.29347,1.29396,3700.68
1369740600000,1.29395,1.29413,1.2936,1.29376,3068.43
1369741500000,1.29375,1.29435,1.29315,1.29327,2830.12
1369742400000,1.29327,1.2936,1.29285,1.29356,3382.93
1369743300000,1.29356,1.29428,1.29315,1.2932,3803.61
1369744200000,1.2932,1.29341,1.2925,1.29335,3753.77
1369745100000,1.29335,1.29336,1.29286,1.29311,2374.34
1369746000000,1.2931,1.29318,1.2917,1.2919,4540.6
1369746900000,1.29191,1.29207,1.29115,1.29129,3802.74
1369747800000,1.29132,1.29226,1.2908,1.2921,4649.85
1369748700000,1.2921,1.29243,1.29094,1.29121,4391.76
1369749600000,1.29118,1.29125,1.28839,1.28839,7066.21
1369750500000,1.28837,1.28837,1.2862,1.28685,7414.91
1369751400000,1.28685,1.28685,1.2856,1.28625,5876.04
1369752300000,1.28625,1.28745,1.28552,1.28554,6272.82
1369753200000,1.28554,1.28653,1.28523,1.28601,5528.69
1369754100000,1.28601,1.28698,1.28523,1.2867,4260.3
1369755000000,1.2867,1.28781,1.2866,1.2874,4122.07
1369755900000,1.2874,1.2875,1.28654,1.28696,2919.05
1369756800000,1.28696,1.28725,1.2864,1.28641,2523.75
1369757700000,1.28641,1.28703,1.28636,1.28686,1740.1
1369758600000,1.28683,1.28683,1.28616,1.28641,1848.56
1369759500000,1.28641,1.28657,1.28612,1.28652,2019.18
1369760400000,1.28652,1.28652,1.2855,1.28554,2132.84
1369761300000,1.28554,1.28613,1.2855,1.2861,2132.39
1369762200000,1.2861,1.28662,1.28575,1.28661,2432.5
1369763100000,1.28659,1.28682,1.28617,1.28638,2279.8
1369764000000,1.28639,1.28784,1.28638,1.2873,2553.23
1369764900000,1.2873,1.28774,1.28712,1.28723,1887.83
1369765800000,1.28722,1.28769,1.2871,1.28761,1894.09
1369766700000,1.28761,1.28761,1.28668,1.28745,2076.36
1369767600000,1.28746,1.28771,1.28738,1.28751,1603.46
1369768500000,1.28751,1.28786,1.28711,1.28743,2361.45
1369769400000,1.28746,1.28749,1.2867,1.2869,1844.81
1369770300000,1.2869,1.28719,1.28616,1.28621,1716.54
1369771200000,1.2862,1.2862,1.28543,1.28594,2629.75
1369772100000,1.28594,1.28598,1.28524,1.28537,1257.52
1369773000000,1.2854,1.28561,1.28494,1.28552,1256.75
1369773900000,1.28553,1.28569,1.2854,1.28547,1319.26
1369774800000,1.28547,1.28557,1.28519,1.28537,633.06
1369775700000,1.28532,1.28574,1.28522,1.28566,696.3
1369776600000,1.28566,1.2857,1.28535,1.28535,743.37
1369777500000,1.28535,1.28537,1.28497,1.28522,881.84
1369778400000,1.28524,1.28546,1.28515,1.2853,710.73
1369779300000,1.2853,1.28533,1.28514,1.2853,1044.41
1369780200000,1.28527,1.28542,1.28502,1.28511,839.8
1369781100000,1.28512,1.28549,1.28493,1.28543,1251.28
1369782000000,1.28543,1.28557,1.28465,1.28472,1640.94
1369782900000,1.28471,1.2848,1.2841,1.28428,1833.82
1369783800000,1.2843,1.28479,1.2843,1.28447,972.67
1369784700000,1.28447,1.28467,1.28428,1.28445,1348.53
1369785600000,1.28446,1.28515,1.28445,1.28499,1843.89
1369786500000,1.285,1.28532,1.2843,1.28448,1361.3
1369787400000,1.28448,1.28547,1.2842,1.28528,1789.28
1369788300000,1.28529,1.28584,1.28517,1.28546,1929.26
1369789200000,1.28546,1.28587,1.28529,1.28535,1436.86
1369790100000,1.28531,1.28562,1.2852,1.28555,1226.24
1369791000000,1.28553,1.28565,1.28485,1.2852,1624.68
1369791900000,1.2852,1.28547,1.28512,1.28537,1024.45
1369792800000,1.28535,1.28552,1.28518,1.28531,863.11
1369793700000,1.28532,1.28609,1.28526,1.28577,803.82
1369794600000,1.28576,1.28603,1.28571,1.286,781.11
1369795500000,1.28597,1.28601,1.28581,1.286,907.95
1369796400000,1.28599,1.28641,1.2858,1.28605,1059.07
1369797300000,1.28605,1.28612,1.28552,1.2858,1112.16
1369798200000,1.2858,1.286,1.28545,1.28571,1229.16
1369799100000,1.2857,1.2857,1.28536,1.28555,784.89
1369800000000,1.28555,1.2856,1.28527,1.28545,927.51
1369800900000,1.28546,1.2856,1.28531,1.28549,931.78
1369801800000,1.28548,1.28573,1.28546,1.28567,750
1369802700000,1.28568,1.28571,1.28495,1.2851,1368.71
1369803600000,1.28511,1.28544,1.28455,1.28475,1923.68
1369804500000,1.28475,1.285,1.28431,1.28448,1763.06
1369805400000,1.28449,1.28496,1.2838,1.28417,1607.52
1369806300000,1.28417,1.2849,1.28389,1.28481,2331.79
1369807200000,1.28481,1.2856,1.28466,1.28557,2955.45
1369808100000,1.28557,1.28599,1.28521,1.28552,2990.41
1369809000000,1.28552,1.28654,1.28541,1.28616,3118.05
1369809900000,1.28616,1.28617,1.28546,1.28548,2546.27
1369810800000,1.28553,1.28729,1.28553,1.28719,3891.01
1369811700000,1.28718,1.28776,1.2868,1.28699,5528.91
1369812600000,1.28699,1.2873,1.28644,1.28668,3500.77
1369813500000,1.28668,1.28705,1.28535,1.2862,4378.09
1369814400000,1.28621,1.2883,1.28621,1.28812,4712.38
1369815300000,1.28814,1.28892,1.2877,1.28846,4184.4
1369816200000,1.28846,1.28911,1.28833,1.28858,3731.96
1369817100000,1.28861,1.28909,1.2881,1.28899,3526.25
1369818000000,1.28899,1.28906,1.28814,1.28824,4316.11
1369818900000,1.28828,1.28888,1.2882,1.28887,2507.46
1369819800000,1.28887,1.28938,1.28865,1.28899,3617.37
1369820700000,1.28899,1.28967,1.28886,1.28918,3706.88
1369821600000,1.28917,1.28933,1.28828,1.2888,3299.7
1369822500000,1.28882,1.2892,1.28842,1.2892,2352.81
1369823400000,1.28919,1.29107,1.2889,1.29067,4217.31
1369824300000,1.29066,1.29406,1.29063,1.29328,6958.89
1369825200000,1.29327,1.2975,1.29327,1.2957,8208.3
1369826100000,1.29574,1.29635,1.2946,1.29474,5563.7
1369827000000,1.29473,1.29561,1.29425,1.29486,5047.31
1369827900000,1.29487,1.2958,1.294,1.29423,4476.31
1369828800000,1.29422,1.29562,1.29414,1.29524,6074.23
1369829700000,1.29524,1.2962,1.29446,1.2945,4641.29
1369830600000,1.29451,1.29476,1.2939,1.29438,4841.24
1369831500000,1.29438,1.29456,1.29325,1.29455,5279.05
1369832400000,1.29459,1.29468,1.29258,1.2931,5815.48
1369833300000,1.2931,1.2937,1.29285,1.29352,4233.99
1369834200000,1.29354,1.29543,1.29354,1.29477,6882
1369835100000,1.29477,1.29524,1.294,1.29477,5471.32
1369836000000,1.29482,1.29552,1.29355,1.29461,6635.05
1369836900000,1.29462,1.29551,1.29447,1.29529,5649.72
1369837800000,1.29528,1.2963,1.29503,1.29522,5149.65
1369838700000,1.29522,1.29681,1.29505,1.29654,4663.48
1369839600000,1.29656,1.29689,1.29428,1.29471,6026.77
1369840500000,1.2947,1.2961,1.29421,1.29549,6266.05
1369841400000,1.29548,1.29548,1.29389,1.29432,3524.61
1369842300000,1.29432,1.29515,1.29394,1.29432,3093.31
1369843200000,1.29432,1.29446,1.2937,1.29374,3246.75
1369844100000,1.29374,1.29475,1.29374,1.29473,2222.05
1369845000000,1.29473,1.29479,1.29375,1.29379,2500.02
1369845900000,1.29377,1.29426,1.2935,1.29367,2614.01
1369846800000,1.2936,1.29495,1.29358,1.2949,2971.25
1369847700000,1.29489,1.29489,1.29234,1.2924,2898.6
1369848600000,1.2924,1.29282,1.2919,1.29243,2945.09
1369849500000,1.29245,1.29324,1.29223,1.29319,2635.15
1369850400000,1.29319,1.29359,1.29306,1.2932,1642.1
1369851300000,1.2932,1.29351,1.29303,1.29345,1394.04
1369852200000,1.29345,1.29351,1.29267,1.29305,1360.72
1369853100000,1.29303,1.29361,1.29292,1.29342,1151.56
1369854000000,1.29345,1.29435,1.2933,1.29361,2225.75
1369854900000,1.29361,1.29382,1.29322,1.2934,952.78
1369855800000,1.29341,1.29381,1.29339,1.29359,1254.99
1369856700000,1.29359,1.29411,1.29327,1.29406,1785.05
1369857600000,1.294,1.29423,1.29376,1.29421,1342.28
1369858500000,1.29422,1.29425,1.29383,1.2939,1132
1369859400000,1.2939,1.29407,1.29367,1.29399,1096.14
1369860300000,1.29399,1.29424,1.29379,1.29403,1084.74
1369861200000,1.29403,1.29419,1.2935,1.29398,553.43
1369862100000,1.29398,1.29445,1.2937,1.29412,829.4
1369863000000,1.29412,1.29435,1.29405,1.29428,484.66
1369863900000,1.29429,1.29432,1.29378,1.29399,700.36
1369864800000,1.29399,1.29421,1.29377,1.29419,761.89
1369865700000,1.29419,1.29442,1.29401,1.29401,731.55
1369866600000,1.29401,1.2941,1.29378,1.29393,344.69
1369867500000,1.29396,1.29408,1.29382,1.29384,361.72
1369868400000,1.29383,1.29383,1.29368,1.29375,644.1
1369869300000,1.29376,1.2945,1.29375,1.29442,870.49
1369870200000,1.29441,1.29468,1.29411,1.2946,1140.03
1369871100000,1.29465,1.29541,1.29413,1.29465,2050.43
1369872000000,1.29465,1.29565,1.29431,1.29491,2683.67
1369872900000,1.29491,1.29492,1.29418,1.29431,1268.75
1369873800000,1.29433,1.2945,1.29333,1.29342,1503.41
1369874700000,1.29343,1.29425,1.29341,1.29412,1827.95
1369875600000,1.29412,1.29527,1.29405,1.29484,2401.6
1369876500000,1.29485,1.29597,1.29477,1.29569,2078.51
1369877400000,1.29568,1.29609,1.29521,1.29605,2447.3
1369878300000,1.29603,1.29635,1.29569,1.29592,1777.97
1369879200000,1.29592,1.29619,1.29561,1.29581,1030.88
1369880100000,1.29583,1.29605,1.29567,1.2959,1114.79
1369881000000,1.2959,1.29625,1.2959,1.296,1115.37
1369881900000,1.29596,1.29598,1.2955,1.29574,905.23
1369882800000,1.29572,1.2958,1.29532,1.29554,952.42
1369883700000,1.29553,1.29553,1.29498,1.29504,1343.7
1369884600000,1.29505,1.29613,1.29505,1.29606,1102.8
1369885500000,1.29606,1.29639,1.29555,1.29622,1823.07
1369886400000,1.29622,1.2963,1.29581,1.2962,1517.57
1369887300000,1.29617,1.29625,1.29591,1.29614,1208.82
1369888200000,1.29614,1.29615,1.29585,1.2959,567.41
1369889100000,1.2959,1.29654,1.29581,1.29654,1247.22
1369890000000,1.29655,1.29742,1.296,1.29736,1693.01
1369890900000,1.29735,1.29752,1.29688,1.29701,1993.32
1369891800000,1.29701,1.29854,1.29687,1.2979,3283.31
1369892700000,1.2979,1.2979,1.29691,1.29737,2057.27
1369893600000,1.29735,1.29763,1.2967,1.29742,2083.19
1369894500000,1.29742,1.29828,1.297,1.29742,3195.73
1369895400000,1.29742,1.29753,1.2961,1.29652,4094.23
1369896300000,1.29652,1.29652,1.29512,1.29536,4242.99
1369897200000,1.29537,1.29653,1.29536,1.29603,3980
1369898100000,1.296,1.29687,1.29577,1.29627,3625.87
1369899000000,1.29627,1.29675,1.29614,1.29674,3013.78
1369899900000,1.29673,1.29692,1.2963,1.29633,2104.97
1369900800000,1.29632,1.29717,1.29598,1.29703,3510.22
1369901700000,1.29703,1.29831,1.29683,1.29803,3619.32
1369902600000,1.29803,1.29808,1.29698,1.297,2522.05
1369903500000,1.297,1.2974,1.29623,1.29626,2238.26
1369904400000,1.29631,1.29747,1.29621,1.2973,2446.42
1369905300000,1.29731,1.29795,1.2969,1.29745,3393.62
1369906200000,1.29745,1.29912,1.29705,1.29869,3698.99
1369907100000,1.2987,1.30061,1.2987,1.29965,5019.06
1369908000000,1.29967,1.29969,1.2982,1.29866,3499.24
1369908900000,1.29866,1.29888,1.29721,1.29778,4505.77
1369909800000,1.29779,1.29843,1.2972,1.29787,4728.91
1369910700000,1.29788,1.29887,1.29765,1.29837,4322.39
1369911600000,1.29838,1.29851,1.29802,1.29839,3470.76
1369912500000,1.2984,1.2986,1.2971,1.29719,3578.55
1369913400000,1.2972,1.29726,1.29417,1.29477,4450.36
1369914300000,1.29477,1.29575,1.29435,1.29534,4071.01
1369915200000,1.29534,1.29543,1.29432,1.29436,4452.29
1369916100000,1.29436,1.29566,1.2943,1.29539,4811.62
1369917000000,1.29537,1.29766,1.29526,1.2972,7689.84
1369917900000,1.2972,1.29948,1.29707,1.29877,6033.3
1369918800000,1.29877,1.29877,1.29717,1.29824,4850.88
1369919700000,1.29824,1.30275,1.29812,1.30259,7053.11
1369920600000,1.3026,1.30475,1.30232,1.30281,8118.13
1369921500000,1.30281,1.30342,1.30213,1.30315,5536.8
1369922400000,1.30314,1.30541,1.3027,1.30451,7601.2
1369923300000,1.3045,1.30614,1.30438,1.3058,6360.06
1369924200000,1.30582,1.30586,1.30436,1.30531,4981.54
1369925100000,1.30531,1.30566,1.3044,1.30544,4794.94
1369926000000,1.30543,1.30543,1.30387,1.30409,5153.97
1369926900000,1.30409,1.30443,1.3036,1.3044,3286.15
1369927800000,1.30442,1.30491,1.30367,1.30369,3496.86
1369928700000,1.30368,1.3044,1.30367,1.30413,2491.41
1369929600000,1.30411,1.30491,1.3039,1.30431,2209.53
1369930500000,1.30432,1.30488,1.30413,1.30465,1872.1
1369931400000,1.30465,1.30484,1.30425,1.3046,1936.56
1369932300000,1.3046,1.3051,1.30427,1.30452,2055.28
1369933200000,1.30455,1.30555,1.30455,1.30509,3316.04
1369934100000,1.30513,1.30555,1.30471,1.30522,2495.63
1369935000000,1.30521,1.30521,1.30441,1.30462,1712.35
1369935900000,1.30462,1.30565,1.30462,1.30545,2307.87
1369936800000,1.30545,1.30548,1.30467,1.30481,1770.22
1369937700000,1.30481,1.30497,1.30425,1.30481,1764.03
1369938600000,1.30481,1.30502,1.30428,1.30442,1102.21
1369939500000,1.30442,1.30479,1.30427,1.30448,1639.77
1369940400000,1.30446,1.30448,1.30396,1.30409,1603.93
1369941300000,1.30409,1.3046,1.30401,1.30446,1552.46
1369942200000,1.30443,1.30501,1.30418,1.30501,1732.64
1369943100000,1.30501,1.30503,1.30387,1.30403,2191.99
1369944000000,1.30403,1.30432,1.30385,1.304,1499.17
1369944900000,1.304,1.30455,1.30395,1.3044,1194.92
1369945800000,1.30441,1.30476,1.30426,1.30444,836.18
1369946700000,1.30444,1.30482,1.30425,1.30481,924.44
1369947600000,1.30485,1.30499,1.30434,1.30471,473.81
1369948500000,1.30465,1.30488,1.30446,1.30457,545.7
1369949400000,1.30458,1.30517,1.30442,1.3046,849.56
1369950300000,1.3046,1.30519,1.30434,1.30439,736.66
1369951200000,1.30438,1.30471,1.30437,1.3047,836.67
1369952100000,1.3047,1.30594,1.3046,1.3048,1593.49
1369953000000,1.30475,1.305,1.30457,1.305,762.5
1369953900000,1.30504,1.30532,1.30433,1.30437,1172.45
1369954800000,1.30436,1.30454,1.30402,1.30441,1283.49
1369955700000,1.30441,1.30463,1.30435,1.30459,589.95
1369956600000,1.30459,1.30459,1.30401,1.30403,741.75
1369957500000,1.30403,1.30432,1.30383,1.30419,1163.16
1369958400000,1.30419,1.30471,1.3038,1.30453,2023.29
1369959300000,1.30454,1.30484,1.30422,1.3048,1156.13
1369960200000,1.30479,1.3048,1.3041,1.3041,1322.28
1369961100000,1.30412,1.30472,1.3037,1.3038,2109.6
1369962000000,1.30379,1.30443,1.30371,1.30433,1613.82
1369962900000,1.30433,1.30451,1.30423,1.30435,1185.73
1369963800000,1.30435,1.30457,1.30406,1.30441,1188.09
1369964700000,1.30441,1.30475,1.30419,1.3044,1146.71
1369965600000,1.30441,1.30449,1.30411,1.30436,1142.54
1369966500000,1.30436,1.30436,1.30391,1.30423,962.48
1369967400000,1.30423,1.30426,1.30384,1.30411,814.3
1369968300000,1.30411,1.30431,1.30337,1.3034,1295.4
1369969200000,1.3034,1.30406,1.3034,1.30369,1411.85
1369970100000,1.30368,1.30368,1.30312,1.30352,1285.07
1369971000000,1.30352,1.30391,1.30352,1.3037,862.85
1369971900000,1.3037,1.30415,1.3034,1.30359,1172.86
1369972800000,1.30356,1.30363,1.30332,1.30363,822.26
1369973700000,1.30361,1.30376,1.30342,1.30373,550.32
1369974600000,1.30372,1.30395,1.30329,1.30335,1315.03
1369975500000,1.30335,1.30362,1.30321,1.30328,1081.08
1369976400000,1.3033,1.3036,1.30325,1.30341,1249.68
1369977300000,1.3034,1.30404,1.30319,1.30404,1696.83
1369978200000,1.30402,1.30411,1.30369,1.3039,1548.49
1369979100000,1.30389,1.30402,1.30307,1.30337,1665.65
1369980000000,1.30338,1.30444,1.30333,1.30429,2243.68
1369980900000,1.30428,1.30431,1.30369,1.30387,1967.23
1369981800000,1.30387,1.30443,1.30366,1.30418,1516.51
1369982700000,1.30419,1.30469,1.30385,1.30397,2445.83
1369983600000,1.30401,1.30403,1.3027,1.30311,3020.22
1369984500000,1.30315,1.30323,1.3017,1.30199,4197.57
1369985400000,1.30199,1.30296,1.30183,1.30277,3563.44
1369986300000,1.3028,1.3035,1.30263,1.3033,2911.62
1369987200000,1.30333,1.30413,1.30308,1.30342,3612.49
1369988100000,1.30342,1.30375,1.30212,1.30352,3544.98
1369989000000,1.30352,1.30408,1.30067,1.30173,4805.52
1369989900000,1.30173,1.30217,1.30111,1.3016,3655.27
1369990800000,1.3016,1.30173,1.29916,1.29925,4773.86
1369991700000,1.29927,1.29944,1.29803,1.29855,4678.82
1369992600000,1.29854,1.29911,1.29758,1.29784,3903.8
1369993500000,1.29785,1.29887,1.29746,1.298,3014.92
1369994400000,1.298,1.29854,1.29683,1.29803,3605.67
1369995300000,1.29804,1.29828,1.29745,1.29814,2213.76
1369996200000,1.29814,1.29899,1.29766,1.29895,2672.83
1369997100000,1.29895,1.29997,1.29895,1.29902,3500.97
1369998000000,1.29901,1.29957,1.299,1.29917,2352.72
1369998900000,1.29916,1.29933,1.2987,1.29907,1997.27
1369999800000,1.29906,1.30015,1.29867,1.29993,2486.36
1370000700000,1.29995,1.3004,1.29813,1.29875,4030.67
1370001600000,1.29873,1.30104,1.29866,1.30045,4525.43
1370002500000,1.30045,1.30105,1.29952,1.29985,4397.76
1370003400000,1.2999,1.30161,1.29982,1.30005,6657.76
1370004300000,1.30005,1.3004,1.2983,1.29894,4781.9
1370005200000,1.29894,1.29942,1.2984,1.29904,3165.02
1370006100000,1.29905,1.29915,1.29832,1.2988,3494.82
1370007000000,1.29879,1.2994,1.29725,1.29771,5413.4
1370007900000,1.2977,1.2988,1.29674,1.29745,6469.59
1370008800000,1.29745,1.29752,1.2961,1.29692,5712.17
1370009700000,1.2969,1.2978,1.296,1.29683,4542.89
1370010600000,1.29682,1.29814,1.29656,1.29697,4820.57
1370011500000,1.29697,1.29755,1.29528,1.29596,5505.78
1370012400000,1.29596,1.29608,1.2944,1.29492,5659.53
1370013300000,1.29491,1.29649,1.29445,1.29643,4144.4
1370014200000,1.29645,1.29673,1.29592,1.29669,3148.73
1370015100000,1.2967,1.29871,1.2966,1.29866,3867.55
1370016000000,1.29866,1.29866,1.29685,1.29685,2363.93
1370016900000,1.29684,1.29732,1.2967,1.29695,1775.65
1370017800000,1.29695,1.29706,1.2965,1.29706,1332.39
1370018700000,1.29706,1.29742,1.29697,1.29713,1615.13
1370019600000,1.29714,1.29724,1.29636,1.29639,1622.88
1370020500000,1.2964,1.29685,1.29629,1.29674,1207.89
1370021400000,1.29674,1.29695,1.29642,1.29687,1066.05
1370022300000,1.29685,1.29686,1.29639,1.29681,1562.76
1370023200000,1.29681,1.29705,1.29645,1.29688,1773.47
1370024100000,1.29688,1.29745,1.29676,1.29725,1032.92
1370025000000,1.29725,1.29763,1.2968,1.29747,1604.08
1370025900000,1.29747,1.29865,1.29747,1.29801,2496.96
1370026800000,1.29799,1.29856,1.29793,1.29842,1572.16
1370027700000,1.29842,1.29913,1.29825,1.2991,1552.61
1370028600000,1.2991,1.29995,1.299,1.29995,1678.47
1370029500000,1.29995,1.30021,1.2995,1.29959,1677.29
1370030400000,1.29962,1.29985,1.2993,1.29954,1550.17
1370031300000,1.29953,1.29968,1.29924,1.29936,936.23
1370032200000,1.29936,1.29952,1.29917,1.2994,1588.99
1370033100000,1.2994,1.30014,1.29936,1.29953,827.33
