timestamp,open,high,low,close,volume
1383264000000,1.35787,1.35815,1.35677,1.35693,2753.83
1383264900000,1.35692,1.35716,1.35609,1.35654,2667.47
1383265800000,1.35653,1.35666,1.35604,1.35665,1983.78
1383266700000,1.35664,1.35664,1.35614,1.35623,2129.63
1383267600000,1.35623,1.35653,1.35536,1.3555,2344.11
1383268500000,1.3555,1.35561,1.3539,1.35458,3189.54
1383269400000,1.35457,1.35475,1.35419,1.35433,1654.54
1383270300000,1.35432,1.35498,1.35419,1.35453,2199.78
1383271200000,1.35453,1.35492,1.35439,1.35492,1141.2
1383272100000,1.35491,1.35564,1.35484,1.35562,2241.8
1383273000000,1.35563,1.35579,1.35532,1.35561,1230.5
1383273900000,1.35563,1.35572,1.35542,1.35543,1107.47
1383274800000,1.35544,1.35564,1.35533,1.35542,697.49
1383275700000,1.35542,1.35549,1.35504,1.35545,730.29
1383276600000,1.35544,1.35553,1.35507,1.35545,1276.51
1383277500000,1.35545,1.3558,1.35532,1.35561,1533.05
1383278400000,1.35561,1.3558,1.35543,1.35562,1149.22
1383279300000,1.35562,1.35594,1.35562,1.35574,1174.18
1383280200000,1.35574,1.35593,1.35537,1.3554,1571.03
1383281100000,1.3554,1.35575,1.35517,1.35573,1580.27
1383282000000,1.35573,1.35573,1.35507,1.35507,873.77
1383282900000,1.35511,1.35545,1.35507,1.35534,592.27
1383283800000,1.35534,1.35564,1.35515,1.35559,948.13
1383284700000,1.35559,1.35559,1.35542,1.35544,772.35
1383285600000,1.35545,1.3558,1.35517,1.35522,1210.77
1383286500000,1.35519,1.35529,1.35482,1.35529,1369.47
1383287400000,1.35529,1.35537,1.3547,1.3552,1395.75
1383288300000,1.35521,1.35594,1.355,1.35594,2128.24
1383289200000,1.35591,1.35591,1.35529,1.35575,2809.7
1383290100000,1.35575,1.35638,1.35558,1.35618,2990.8
1383291000000,1.35615,1.35666,1.35591,1.3564,3253.79
1383291900000,1.35641,1.35643,1.35516,1.35523,3686.87
1383292800000,1.35523,1.35523,1.35274,1.35279,6256.34
1383293700000,1.35278,1.35287,1.35174,1.35244,6025.34
1383294600000,1.35244,1.35348,1.35234,1.3532,4553.43
1383295500000,1.35318,1.35394,1.35259,1.35394,3634.16
1383296400000,1.35394,1.35394,1.35274,1.3528,2976.74
1383297300000,1.3528,1.35363,1.35262,1.35295,3931.58
1383298200000,1.35297,1.35301,1.35078,1.35278,5581.8
1383299100000,1.35276,1.35307,1.35223,1.35262,3540.76
1383300000000,1.35262,1.35314,1.35225,1.35232,3149.42
1383300900000,1.35232,1.35331,1.35215,1.35303,2497.48
1383301800000,1.35302,1.35321,1.3523,1.35274,2512.81
1383302700000,1.35274,1.35288,1.35251,1.35258,2162.31
1383303600000,1.35258,1.3537,1.35235,1.35247,4869.39
1383304500000,1.35246,1.35266,1.3518,1.35213,3600.16
1383305400000,1.35212,1.35234,1.35164,1.35176,3603.3
1383306300000,1.35174,1.35214,1.35125,1.35134,3849.46
1383307200000,1.35134,1.35164,1.35075,1.35109,3902.62
1383308100000,1.35102,1.3522,1.35101,1.35204,3622.23
1383309000000,1.35205,1.35226,1.3513,1.35199,3114.69
1383309900000,1.35199,1.352,1.3511,1.35115,2833.28
1383310800000,1.35115,1.35167,1.35037,1.3505,3976.3
1383311700000,1.35051,1.35064,1.34985,1.35017,4591.39
1383312600000,1.35018,1.35063,1.34959,1.34994,4556.98
1383313500000,1.34993,1.35015,1.3493,1.35004,5175.02
1383314400000,1.35004,1.35004,1.34825,1.3486,6954.93
1383315300000,1.34857,1.34967,1.34842,1.34919,5672.67
1383316200000,1.3492,1.34944,1.34839,1.34924,4820.4
1383317100000,1.34924,1.35053,1.34902,1.35034,4839.76
1383318000000,1.35033,1.35037,1.34923,1.3494,4376.9
1383318900000,1.34941,1.34944,1.34814,1.34836,4011.95
1383319800000,1.34836,1.34891,1.348,1.34805,3554.22
1383320700000,1.34806,1.34873,1.34801,1.34872,3498.04
1383321600000,1.34869,1.34877,1.34835,1.34853,3618.83
1383322500000,1.34854,1.34868,1.34825,1.3484,3427.62
1383323400000,1.34838,1.34895,1.34795,1.34861,3184.74
1383324300000,1.34862,1.34935,1.34862,1.34883,2375.37
1383325200000,1.34884,1.34885,1.34812,1.34825,2548.45
1383326100000,1.34825,1.34841,1.3481,1.34825,1526.27
1383327000000,1.34826,1.34866,1.34826,1.34855,1466.63
1383327900000,1.34856,1.34955,1.34856,1.34952,3292.26
1383328800000,1.34952,1.34957,1.349,1.34918,2309
1383329700000,1.34918,1.34955,1.34915,1.34939,1621.61
1383330600000,1.34939,1.34939,1.34855,1.34858,1664.42
1383331500000,1.34859,1.34941,1.34859,1.34914,1682.31
1383332400000,1.34913,1.34916,1.34809,1.34826,1470.56
1383333300000,1.34826,1.34863,1.34806,1.34845,940.5
1383334200000,1.34846,1.34878,1.34844,1.34877,1356.39
1383335100000,1.34877,1.34897,1.3486,1.34896,1655.64
1383336000000,1.34893,1.34895,1.34876,1.34885,936.17
1383336900000,1.34883,1.34917,1.3488,1.34896,752.7
1383337800000,1.34896,1.34923,1.3489,1.34902,680.52
1383338700000,1.34901,1.34915,1.3485,1.34853,645.91
1383516000000,1.34866,1.34899,1.34839,1.34896,159.61
1383516900000,1.3489,1.34939,1.34884,1.34933,158.59
1383517800000,1.34933,1.34967,1.34908,1.34945,546.66
1383518700000,1.34949,1.3496,1.34886,1.34902,509.95
1383519600000,1.34902,1.34929,1.34889,1.34915,707.07
1383520500000,1.34913,1.34955,1.34913,1.34938,434.16
1383521400000,1.34938,1.34958,1.34937,1.34949,320.41
1383522300000,1.3495,1.3495,1.34915,1.34921,511.2
1383523200000,1.34919,1.34926,1.34886,1.34898,511.81
1383524100000,1.349,1.34937,1.34866,1.34935,1514.11
1383525000000,1.34937,1.35001,1.34937,1.34981,1358.01
1383525900000,1.34983,1.35,1.34962,1.34975,539.97
1383526800000,1.34975,1.35021,1.34963,1.35003,772.08
1383527700000,1.35,1.35003,1.34952,1.34955,875.43
1383528600000,1.34955,1.34955,1.34934,1.34944,560.2
1383529500000,1.34944,1.34955,1.34909,1.34921,661.18
1383530400000,1.34921,1.34996,1.34919,1.34981,1102.45
1383531300000,1.34981,1.35001,1.34952,1.34984,604.78
1383532200000,1.34983,1.34999,1.3494,1.34942,662.13
1383533100000,1.34943,1.34948,1.34923,1.34941,509.84
1383534000000,1.34938,1.34938,1.34488,1.34509,3490.96
1383534900000,1.34512,1.34745,1.3442,1.34744,4866.83
1383535800000,1.34744,1.34826,1.34694,1.34783,3010.23
1383536700000,1.34781,1.34814,1.34721,1.34783,1380.53
1383537600000,1.34783,1.34837,1.3478,1.34791,808.51
1383538500000,1.34791,1.34804,1.34781,1.34804,335.46
1383539400000,1.34803,1.34822,1.3479,1.3479,330.79
1383540300000,1.3479,1.34824,1.34773,1.34802,508.38
1383541200000,1.34803,1.34815,1.34781,1.34815,399.66
1383542100000,1.34816,1.34908,1.3481,1.34872,1012.9
1383543000000,1.34872,1.34873,1.3481,1.3487,651.96
1383543900000,1.3487,1.34898,1.34853,1.34885,494.76
1383544800000,1.34886,1.34889,1.34846,1.34859,1143.09
1383545700000,1.34859,1.34866,1.34828,1.34856,719.24
1383546600000,1.34855,1.34901,1.34843,1.34899,701.8
1383547500000,1.34896,1.34956,1.34872,1.34936,1627.26
1383548400000,1.34935,1.34966,1.349,1.34943,1914.16
1383549300000,1.34943,1.3496,1.34912,1.34947,1121.38
1383550200000,1.34947,1.34959,1.34863,1.34944,2152.03
1383551100000,1.34944,1.34968,1.3491,1.34958,2306.19
1383552000000,1.34958,1.35012,1.34887,1.35004,3595.46
1383552900000,1.35005,1.35054,1.34959,1.35054,2955.95
1383553800000,1.35055,1.35055,1.34905,1.34956,3937.48
1383554700000,1.34956,1.35129,1.34956,1.35097,5090.17
1383555600000,1.35097,1.35126,1.35022,1.35115,3512.04
1383556500000,1.35116,1.35131,1.35071,1.35074,3125.3
1383557400000,1.35073,1.3511,1.3505,1.35079,2581.08
1383558300000,1.35079,1.35122,1.34989,1.35006,3118.9
1383559200000,1.35007,1.35016,1.3498,1.35005,1729.82
1383560100000,1.35005,1.35076,1.34988,1.35072,2273.16
1383561000000,1.35071,1.35109,1.3505,1.35057,2155.53
1383561900000,1.35057,1.35114,1.3504,1.35059,2509.12
1383562800000,1.3506,1.35081,1.35015,1.3506,2269.26
1383563700000,1.35059,1.35101,1.35058,1.351,2289.19
1383564600000,1.351,1.35107,1.35075,1.35091,1319.64
1383565500000,1.3509,1.3509,1.35055,1.35073,2043.86
1383566400000,1.35073,1.35096,1.35047,1.35093,1611.23
1383567300000,1.35094,1.35102,1.35067,1.35075,1910.21
1383568200000,1.35074,1.35121,1.35074,1.35103,1761.93
1383569100000,1.35103,1.35125,1.3507,1.35104,2070.8
1383570000000,1.35104,1.35122,1.3503,1.35055,2390.82
1383570900000,1.35058,1.35072,1.35019,1.35042,2738.76
1383571800000,1.35042,1.35071,1.3497,1.34973,2523.54
1383572700000,1.34973,1.34984,1.34915,1.34933,3282.91
1383573600000,1.34931,1.34982,1.3492,1.3497,2854.41
1383574500000,1.34969,1.35001,1.34955,1.35001,1905.83
1383575400000,1.35002,1.35039,1.3497,1.3499,2541.84
1383576300000,1.3499,1.3511,1.34977,1.35079,3121.93
1383577200000,1.35084,1.35193,1.3507,1.3517,6351.63
1383578100000,1.35171,1.35183,1.35076,1.35077,3488.66
1383579000000,1.35077,1.3514,1.35077,1.35119,3254.46
1383579900000,1.3512,1.35141,1.3508,1.35105,3721.06
1383580800000,1.35103,1.35153,1.35075,1.35137,3584.42
1383581700000,1.35136,1.35243,1.35127,1.35229,4098.64
1383582600000,1.35229,1.35236,1.35184,1.35219,4204.95
1383583500000,1.35219,1.35221,1.35137,1.35151,3616.73
1383584400000,1.3515,1.35152,1.3509,1.35116,2467.09
1383585300000,1.35116,1.35156,1.35112,1.35134,1059.58
1383586200000,1.35134,1.35154,1.35123,1.35142,1248.83
1383587100000,1.35139,1.35139,1.35055,1.35104,1342.03
1383588000000,1.35106,1.35122,1.35089,1.351,986.07
1383588900000,1.351,1.35121,1.35079,1.3509,988.47
1383589800000,1.3509,1.35127,1.3508,1.35111,1205.78
1383590700000,1.35112,1.35121,1.35073,1.35111,1206.32
1383591600000,1.35111,1.3514,1.35103,1.35127,1046.58
1383592500000,1.35127,1.35167,1.35127,1.35165,705.65
1383593400000,1.35165,1.35191,1.35137,1.3516,1117.96
1383594300000,1.35159,1.35173,1.35148,1.35168,856.63
1383595200000,1.35166,1.35193,1.35156,1.35172,1249.59
1383596100000,1.35173,1.35199,1.35155,1.35199,796.32
1383597000000,1.35198,1.35207,1.3518,1.35191,597.06
1383597900000,1.3519,1.3521,1.35175,1.35205,1520.4
1383598800000,1.35205,1.35208,1.35158,1.35158,742.72
1383599700000,1.3516,1.3516,1.35131,1.35139,654.19
1383600600000,1.35138,1.35189,1.35137,1.35167,362.69
1383601500000,1.3517,1.35171,1.35137,1.35139,728.93
1383602400000,1.3514,1.35149,1.35125,1.35133,275.85
1383603300000,1.35132,1.35143,1.35115,1.35115,279.26
1383604200000,1.35116,1.35117,1.351,1.35108,345.2
1383605100000,1.35107,1.35126,1.3507,1.3512,589.96
1383606000000,1.35121,1.35135,1.35108,1.3513,480.29
1383606900000,1.35128,1.3514,1.3512,1.35139,276.3
1383607800000,1.3514,1.3516,1.35138,1.35158,268.99
1383608700000,1.35158,1.35184,1.3515,1.35153,328.32
1383609600000,1.35152,1.35178,1.35125,1.35174,1269.98
1383610500000,1.35177,1.35212,1.35164,1.35202,1412.67
1383611400000,1.35202,1.35221,1.3518,1.35212,672.36
1383612300000,1.35214,1.35224,1.35155,1.35195,1138.57
1383613200000,1.35194,1.35202,1.35161,1.3517,1016.86
1383614100000,1.3517,1.3517,1.35079,1.35092,1393.56
1383615000000,1.35091,1.35091,1.34989,1.35023,2316.66
1383615900000,1.35023,1.35084,1.3502,1.3504,1131.33
1383616800000,1.3504,1.35101,1.3503,1.35086,1079.83
1383617700000,1.35086,1.35114,1.35068,1.35112,906.32
1383618600000,1.35111,1.35113,1.35051,1.35069,846.15
1383619500000,1.35069,1.35089,1.35066,1.3508,545.37
1383620400000,1.3508,1.3508,1.35051,1.35063,592.66
1383621300000,1.35062,1.35065,1.35042,1.35051,672.66
1383622200000,1.3505,1.3506,1.3497,1.3505,2468.03
1383623100000,1.35054,1.35066,1.35016,1.3502,994.43
1383624000000,1.35021,1.35078,1.35018,1.35068,624.15
1383624900000,1.35068,1.35069,1.35022,1.35026,498.41
1383625800000,1.35026,1.35041,1.34955,1.34997,1369.76
1383626700000,1.34997,1.35014,1.3497,1.34972,711.58
1383627600000,1.34972,1.35004,1.3497,1.35003,317.01
1383628500000,1.35002,1.3502,1.35001,1.35018,318.3
1383629400000,1.35018,1.35018,1.34994,1.34999,471.41
1383630300000,1.34999,1.35022,1.3499,1.35001,569.61
1383631200000,1.35002,1.35023,1.34978,1.35021,543.44
1383632100000,1.35022,1.35027,1.3496,1.34979,955.19
1383633000000,1.34977,1.3498,1.34904,1.3498,2109.5
1383633900000,1.3498,1.34983,1.34959,1.34971,1026.99
1383634800000,1.3497,1.35016,1.3495,1.35016,1181.27
1383635700000,1.35016,1.35044,1.34985,1.35001,2602.25
1383636600000,1.35001,1.35003,1.34934,1.3496,2848.61
1383637500000,1.3496,1.34986,1.34899,1.34913,3308.19
1383638400000,1.34913,1.34927,1.3485,1.34889,5540.54
1383639300000,1.34888,1.34899,1.3482,1.34862,5785.18
1383640200000,1.34861,1.34903,1.34853,1.34896,3733.83
1383641100000,1.34896,1.349,1.34814,1.34841,3500.25
1383642000000,1.3484,1.34888,1.34836,1.34857,3383.66
1383642900000,1.34856,1.34897,1.34825,1.34872,3356.9
1383643800000,1.3487,1.34882,1.34783,1.3482,5822.69
1383644700000,1.3482,1.3496,1.34789,1.34957,4594.94
1383645600000,1.34956,1.35109,1.34935,1.35048,6444.08
1383646500000,1.35049,1.3506,1.35,1.35017,4077.57
1383647400000,1.35018,1.3502,1.349,1.34972,3385.18
1383648300000,1.34973,1.35052,1.34967,1.35022,3035.63
1383649200000,1.35022,1.35039,1.34915,1.34923,3445.82
1383650100000,1.34923,1.34981,1.34865,1.34938,3497.33
1383651000000,1.34938,1.34951,1.3487,1.34907,2765.32
1383651900000,1.34907,1.34952,1.34898,1.34936,2191.43
1383652800000,1.34936,1.3494,1.34885,1.349,2562.69
1383653700000,1.349,1.34929,1.34894,1.34928,1625.76
1383654600000,1.34927,1.34957,1.34891,1.34956,2319.34
1383655500000,1.34958,1.34992,1.34907,1.34941,3605.78
1383656400000,1.34943,1.34971,1.34907,1.34944,3471.9
1383657300000,1.34948,1.34968,1.34902,1.3492,3093.48
1383658200000,1.34918,1.34962,1.3464,1.34653,6667.6
1383659100000,1.34654,1.34731,1.34606,1.34676,6594.2
1383660000000,1.34677,1.34753,1.34653,1.34717,4630.4
1383660900000,1.34717,1.34774,1.34658,1.34683,4494.18
1383661800000,1.34683,1.34755,1.34642,1.34684,5531.07
1383662700000,1.34685,1.34718,1.3465,1.34706,5371.67
1383663600000,1.34709,1.34709,1.3449,1.3456,8334.22
1383664500000,1.3456,1.34623,1.3454,1.34593,5430.57
1383665400000,1.34595,1.34622,1.34532,1.346,4074.57
1383666300000,1.34595,1.34757,1.34579,1.34749,4974.13
1383667200000,1.34747,1.34832,1.3473,1.34788,5595.27
1383668100000,1.34788,1.34788,1.34734,1.34741,2880.29
1383669000000,1.34741,1.34761,1.34704,1.3475,3183.37
1383669900000,1.34747,1.34776,1.3465,1.34685,2601.9
1383670800000,1.34686,1.34782,1.34673,1.34761,2234.61
1383671700000,1.34762,1.34763,1.34694,1.3473,1895.54
1383672600000,1.34729,1.34744,1.34662,1.34706,1438.86
1383673500000,1.34704,1.34714,1.3466,1.34693,2454.84
1383674400000,1.34691,1.34723,1.34675,1.34723,1389.99
1383675300000,1.34724,1.34773,1.34713,1.34736,1650.27
1383676200000,1.34735,1.34786,1.34735,1.34785,1597.49
1383677100000,1.34785,1.34789,1.34725,1.34735,1608.37
1383678000000,1.34735,1.34778,1.34735,1.34768,1237.85
1383678900000,1.34768,1.34771,1.3471,1.34744,1124.83
1383679800000,1.34745,1.34745,1.3469,1.34704,982.46
1383680700000,1.34704,1.34787,1.34704,1.34734,1448.89
1383681600000,1.34735,1.34761,1.34713,1.34725,1281.02
1383682500000,1.34724,1.34762,1.3472,1.34729,1165.67
1383683400000,1.34728,1.34745,1.34706,1.34718,1237.84
1383684300000,1.34718,1.34731,1.34703,1.3471,745.27
1383685200000,1.3471,1.34744,1.34708,1.34739,528.69
1383686100000,1.3474,1.3474,1.3471,1.34723,825.33
1383687000000,1.34723,1.3474,1.34718,1.34725,658.48
1383687900000,1.34724,1.34762,1.34724,1.3474,747.67
1383688800000,1.34742,1.34767,1.34733,1.34735,250.51
1383689700000,1.34733,1.34747,1.34708,1.34722,326.87
1383690600000,1.34722,1.3474,1.3471,1.34715,405.92
1383691500000,1.34714,1.34726,1.34705,1.34721,375.86
1383692400000,1.34722,1.34744,1.34718,1.34733,625.11
1383693300000,1.34733,1.34742,1.34721,1.34721,407.61
1383694200000,1.34721,1.34738,1.34721,1.34729,346.59
1383695100000,1.3473,1.34739,1.34714,1.34719,458.76
1383696000000,1.34719,1.34743,1.34715,1.34742,511.69
1383696900000,1.34742,1.34763,1.34733,1.34763,433.61
1383697800000,1.34763,1.34763,1.34739,1.34741,705.2
1383698700000,1.34741,1.34748,1.34684,1.34684,737.31
1383699600000,1.34686,1.3471,1.34675,1.34695,949.26
1383700500000,1.34694,1.3471,1.34688,1.34694,651.11
1383701400000,1.34694,1.34709,1.34689,1.34704,758.8
1383702300000,1.34705,1.3471,1.34685,1.34694,1016.92
1383703200000,1.34693,1.34707,1.3468,1.34703,419.42
1383704100000,1.34703,1.34776,1.34703,1.34765,939.09
1383705000000,1.34764,1.34852,1.34764,1.34844,1373.77
1383705900000,1.34844,1.34889,1.34821,1.34886,1470.8
1383706800000,1.34886,1.34962,1.34871,1.34961,1311.14
1383707700000,1.3496,1.34999,1.34905,1.34993,1802.21
1383708600000,1.34994,1.35163,1.34984,1.35081,3421.96
1383709500000,1.35082,1.35135,1.3508,1.3511,1500.88
1383710400000,1.35112,1.35212,1.35111,1.35143,1718.15
1383711300000,1.35143,1.35163,1.35131,1.35135,897.86
1383712200000,1.35133,1.35181,1.35115,1.35132,1404.42
1383713100000,1.35132,1.35146,1.35077,1.35084,1523.45
1383714000000,1.35084,1.35091,1.35012,1.35012,1185.42
1383714900000,1.35013,1.35064,1.3501,1.35056,1014.34
1383715800000,1.35056,1.35076,1.35021,1.35064,528.35
1383716700000,1.35066,1.35073,1.35048,1.35048,618.83
1383717600000,1.35048,1.35092,1.35038,1.3509,892.84
1383718500000,1.3509,1.35107,1.3507,1.35071,872.39
1383719400000,1.35072,1.35081,1.35032,1.35079,1187.89
1383720300000,1.35079,1.3508,1.35003,1.35007,1357.18
1383721200000,1.35006,1.35041,1.34995,1.35024,1577.87
1383722100000,1.35023,1.35024,1.34925,1.3495,2279.44
1383723000000,1.3495,1.35094,1.34937,1.35073,3174.86
1383723900000,1.35074,1.35075,1.3503,1.35032,1605.27
1383724800000,1.35032,1.35032,1.3493,1.34996,3182.35
1383725700000,1.34998,1.35056,1.34879,1.34937,3710.24
1383726600000,1.34937,1.35014,1.34927,1.34966,2463.88
1383727500000,1.34967,1.35074,1.3493,1.35052,3734.32
1383728400000,1.35051,1.35087,1.35009,1.35043,2527.12
1383729300000,1.35044,1.35094,1.35024,1.35046,2362.58
1383730200000,1.35049,1.35209,1.35006,1.35116,6209.58
1383731100000,1.35115,1.35142,1.35041,1.35071,3319.39
1383732000000,1.3507,1.35125,1.35023,1.35083,2627.42
1383732900000,1.35083,1.3511,1.3506,1.35081,1998.87
1383733800000,1.3508,1.35084,1.3505,1.35079,2006.22
1383734700000,1.35078,1.35085,1.35032,1.35073,1995.71
1383735600000,1.35077,1.3532,1.35077,1.3521,4863.7
1383736500000,1.35215,1.35285,1.35208,1.3524,2926.18
1383737400000,1.35239,1.3524,1.35132,1.35175,2689.51
1383738300000,1.35175,1.35193,1.3505,1.35081,2482.4
1383739200000,1.35081,1.35141,1.35047,1.35126,3059.15
1383740100000,1.35126,1.35154,1.351,1.35102,1585.05
1383741000000,1.35103,1.35142,1.3509,1.35133,1736.29
1383741900000,1.35133,1.35242,1.35132,1.35203,3456.51
1383742800000,1.35202,1.35245,1.3516,1.35169,3505.84
1383743700000,1.35169,1.35213,1.3516,1.35197,2519.4
1383744600000,1.35197,1.35203,1.35058,1.35116,3579.46
1383745500000,1.35115,1.35139,1.3502,1.35039,3301.2
1383746400000,1.35038,1.35117,1.35015,1.35106,3749.78
1383747300000,1.35106,1.35153,1.35097,1.35141,2612.43
1383748200000,1.35141,1.35165,1.3511,1.35154,2496.02
1383749100000,1.35155,1.35471,1.35151,1.35399,8077.79
1383750000000,1.35398,1.35467,1.35325,1.35388,6892.55
1383750900000,1.35388,1.35454,1.3533,1.35337,4146.96
1383751800000,1.35337,1.35423,1.35323,1.35365,3255.27
1383752700000,1.35364,1.35371,1.35223,1.35265,4528.93
1383753600000,1.35264,1.35301,1.35156,1.35253,4982.58
1383754500000,1.35252,1.35275,1.35212,1.35222,2737.02
1383755400000,1.35222,1.35293,1.35211,1.35281,2827.74
1383756300000,1.35281,1.35311,1.35242,1.35288,2030.07
1383757200000,1.35287,1.35304,1.3522,1.35241,2569.5
1383758100000,1.35241,1.35251,1.35212,1.35245,1614.16
1383759000000,1.35245,1.35283,1.35245,1.35282,2058.72
1383759900000,1.35282,1.35322,1.3525,1.35258,1450.52
1383760800000,1.35259,1.35293,1.35248,1.35284,1295.38
1383761700000,1.3528,1.3529,1.35161,1.3517,1487.17
1383762600000,1.35169,1.35206,1.35142,1.35177,1390.81
1383763500000,1.35178,1.35235,1.35151,1.35212,1266.8
1383764400000,1.3521,1.35215,1.35166,1.35181,988.63
1383765300000,1.3518,1.35214,1.35175,1.35212,903.07
1383766200000,1.35212,1.35226,1.3517,1.352,942.69
1383767100000,1.352,1.35225,1.35188,1.35215,737.12
1383768000000,1.35211,1.35246,1.35208,1.35246,990.71
1383768900000,1.35245,1.35253,1.35223,1.35241,1415.75
1383769800000,1.35241,1.35241,1.35198,1.35218,1119.98
1383770700000,1.3522,1.35224,1.35202,1.35223,1563.51
1383771600000,1.35223,1.35224,1.35205,1.35205,818.36
1383772500000,1.35205,1.35208,1.35173,1.35173,1020.87
1383773400000,1.35175,1.35199,1.35174,1.35188,668.5
1383774300000,1.3519,1.35192,1.3512,1.35126,832.72
1383775200000,1.35124,1.3516,1.35124,1.35141,353.49
1383776100000,1.35143,1.35162,1.3514,1.35145,330.07
1383777000000,1.35145,1.35151,1.35131,1.35139,188.34
1383777900000,1.35139,1.35165,1.35137,1.35154,538.52
1383778800000,1.35153,1.35153,1.35135,1.35153,290.42
1383779700000,1.35153,1.35168,1.35144,1.35156,294.87
1383780600000,1.35157,1.35174,1.3515,1.35165,450.39
1383781500000,1.35165,1.35177,1.35165,1.35175,270.47
1383782400000,1.35173,1.35187,1.35117,1.3512,1236.15
1383783300000,1.3512,1.35127,1.35071,1.35111,1281.67
1383784200000,1.35111,1.35126,1.3509,1.35107,752.28
1383785100000,1.35106,1.35107,1.35004,1.35087,2115.32
1383786000000,1.35087,1.35107,1.35042,1.35096,1736.89
1383786900000,1.351,1.35107,1.35072,1.35097,1412.53
1383787800000,1.35097,1.35144,1.35097,1.35128,1029.03
1383788700000,1.35128,1.35146,1.35114,1.35114,555.36
1383789600000,1.35115,1.35186,1.35111,1.35186,1251.46
1383790500000,1.35185,1.35186,1.35142,1.35184,911.18
1383791400000,1.35184,1.35185,1.35152,1.35165,415.5
1383792300000,1.35165,1.35166,1.3515,1.35154,300.41
1383793200000,1.35155,1.35177,1.35144,1.35162,483.38
1383794100000,1.35161,1.35193,1.35151,1.35174,272.22
1383795000000,1.35173,1.35176,1.35152,1.35163,256.57
1383795900000,1.35164,1.35208,1.35151,1.35185,504.65
1383796800000,1.35186,1.35217,1.35184,1.35217,382.86
1383797700000,1.35216,1.35239,1.35194,1.35211,1304.11
1383798600000,1.35211,1.35226,1.35168,1.35174,1594.26
1383799500000,1.35174,1.3519,1.35165,1.35174,773.3
1383800400000,1.35172,1.35216,1.35172,1.35214,1085.53
1383801300000,1.35214,1.35234,1.35202,1.35234,875.09
1383802200000,1.35234,1.35275,1.35232,1.35268,631
1383803100000,1.35268,1.35275,1.35255,1.35267,518.62
1383804000000,1.35267,1.35287,1.35254,1.35261,1133.71
1383804900000,1.3526,1.35276,1.35215,1.35247,1060.82
1383805800000,1.35247,1.35261,1.35237,1.35254,633.73
1383806700000,1.35254,1.35266,1.35231,1.3524,1144.65
1383807600000,1.3524,1.3524,1.3518,1.35193,805.53
1383808500000,1.35193,1.35195,1.35119,1.35194,2004.76
1383809400000,1.35196,1.35218,1.35162,1.35192,1936.33
1383810300000,1.35191,1.35238,1.3518,1.35213,1472.3
1383811200000,1.35212,1.35212,1.35127,1.35176,3073.84
1383812100000,1.35173,1.35257,1.35173,1.35195,2618.51
1383813000000,1.35194,1.35227,1.35167,1.35225,2183.75
1383813900000,1.35227,1.35241,1.3518,1.35237,2271.71
1383814800000,1.35236,1.35246,1.35185,1.35213,2708.39
1383815700000,1.35214,1.35226,1.3516,1.35204,3069.77
1383816600000,1.35202,1.35208,1.35168,1.35196,2252.4
1383817500000,1.35195,1.35212,1.35173,1.35188,2189.59
1383818400000,1.35188,1.35193,1.35163,1.35168,2154.45
1383819300000,1.35168,1.35204,1.3515,1.35191,2050.47
1383820200000,1.35191,1.35203,1.35171,1.35187,2068.04
1383821100000,1.35185,1.35188,1.35045,1.3505,3031.89
1383822000000,1.35045,1.35139,1.3504,1.35137,3085.4
1383822900000,1.35139,1.35165,1.35125,1.35148,1489.48
1383823800000,1.35147,1.35177,1.35137,1.35145,1626.11
1383824700000,1.35145,1.35161,1.35059,1.35059,1823.93
1383825600000,1.35061,1.35155,1.35047,1.35136,3748.55
1383826500000,1.35136,1.35139,1.35065,1.35072,2773.61
1383827400000,1.35071,1.35158,1.34986,1.35026,4717.91
1383828300000,1.35001,1.35001,1.33539,1.33714,13138.17
1383829200000,1.33714,1.33811,1.33589,1.33635,11547.18
1383830100000,1.33636,1.33698,1.3356,1.33605,8053.61
1383831000000,1.33604,1.33605,1.3295,1.33285,13404.33
1383831900000,1.33284,1.33324,1.33101,1.33316,8978.98
1383832800000,1.33312,1.33491,1.33249,1.33484,9687.84
1383833700000,1.33485,1.33639,1.3343,1.33616,8799.42
1383834600000,1.33615,1.33764,1.33615,1.33695,8171.65
1383835500000,1.33697,1.33736,1.33618,1.33638,6961.49
1383836400000,1.33638,1.33675,1.335,1.33669,6124.67
1383837300000,1.33669,1.33692,1.33572,1.33647,5984.32
1383838200000,1.33646,1.3376,1.33642,1.337,6058.5
1383839100000,1.33697,1.33834,1.33659,1.33823,7315.46
1383840000000,1.33823,1.33965,1.33756,1.33907,8233.14
1383840900000,1.33909,1.34254,1.33893,1.3394,10727.37
1383841800000,1.3394,1.3394,1.33845,1.33865,5646.64
1383842700000,1.33865,1.33922,1.33834,1.33898,2953.9
1383843600000,1.33898,1.33917,1.33854,1.33912,2948.42
1383844500000,1.33912,1.34035,1.33894,1.33985,2699.51
1383845400000,1.33987,1.34121,1.33941,1.34075,4246.74
1383846300000,1.34076,1.34078,1.34013,1.34046,2769.32
1383847200000,1.3405,1.34122,1.34036,1.34122,2616.57
1383848100000,1.34123,1.34327,1.34039,1.34263,4420.63
1383849000000,1.34263,1.3436,1.3415,1.34354,6215.82
1383849900000,1.34355,1.34407,1.34254,1.34281,5941.78
1383850800000,1.34283,1.34428,1.34277,1.34284,4592.06
1383851700000,1.34283,1.34374,1.34265,1.34346,2222.65
1383852600000,1.34347,1.34496,1.34329,1.34343,3741.78
1383853500000,1.34344,1.34367,1.34257,1.34281,3175.78
1383854400000,1.34279,1.34291,1.3422,1.34236,3037.46
1383855300000,1.34237,1.34244,1.34205,1.34234,1312.28
1383856200000,1.34235,1.34258,1.34195,1.34206,1986.1
1383857100000,1.34207,1.34224,1.34172,1.34182,2364.48
1383858000000,1.34184,1.34188,1.3414,1.3415,1845.75
1383858900000,1.34149,1.34216,1.34149,1.34176,1162.83
1383859800000,1.34177,1.34208,1.34152,1.34158,780.13
1383860700000,1.3416,1.3422,1.34135,1.34194,1100.2
1383861600000,1.34189,1.34211,1.34155,1.34177,410.03
1383862500000,1.34178,1.34218,1.34116,1.3421,315.13
1383863400000,1.3421,1.34242,1.34155,1.34163,1060.69
1383864300000,1.34163,1.34165,1.3411,1.34134,491.38
1383865200000,1.34134,1.34179,1.34134,1.34165,929.42
1383866100000,1.34165,1.34169,1.34111,1.3413,566.85
1383867000000,1.34133,1.34133,1.34113,1.34123,387.36
1383867900000,1.34123,1.34123,1.34072,1.34087,962.45
1383868800000,1.34087,1.34104,1.34057,1.34074,1182.46
1383869700000,1.34074,1.34109,1.34074,1.34103,811.9
1383870600000,1.34104,1.34146,1.3405,1.34146,1244.43
1383871500000,1.34149,1.34157,1.34079,1.34079,1057.1
1383872400000,1.34079,1.34146,1.34079,1.34133,1442.53
1383873300000,1.34135,1.34187,1.34121,1.34181,1274.05
1383874200000,1.3418,1.34182,1.34141,1.34141,1236.62
1383875100000,1.34142,1.34142,1.34122,1.34135,810.95
1383876000000,1.34135,1.34142,1.3411,1.34133,723.84
1383876900000,1.34133,1.34157,1.34126,1.34138,702.99
1383877800000,1.34138,1.34138,1.34074,1.34104,1898.97
1383878700000,1.34103,1.34117,1.34071,1.3408,839.39
1383879600000,1.34079,1.34084,1.34064,1.34082,1107.12
1383880500000,1.34082,1.34105,1.34065,1.34096,625.13
1383881400000,1.34098,1.34129,1.34095,1.34112,443.91
1383882300000,1.34112,1.34116,1.341,1.34104,599.45
1383883200000,1.34105,1.34123,1.34096,1.34097,649.53
1383884100000,1.34097,1.34103,1.34081,1.34091,1190.11
1383885000000,1.34091,1.34102,1.34082,1.34085,528.25
1383885900000,1.34085,1.34094,1.34073,1.34086,882.54
1383886800000,1.34086,1.34105,1.34074,1.34101,521.58
1383887700000,1.34102,1.34119,1.341,1.34118,705.11
1383888600000,1.34117,1.34136,1.34113,1.34127,655.97
1383889500000,1.34127,1.34139,1.34005,1.34086,1374.25
1383890400000,1.34086,1.34106,1.3388,1.33987,3781.34
1383891300000,1.33987,1.34047,1.33987,1.33994,2077.73
1383892200000,1.33993,1.33995,1.33951,1.33977,1237.19
1383893100000,1.33977,1.34066,1.33977,1.34065,1500.56
1383894000000,1.34064,1.34115,1.34046,1.34085,2315.43
1383894900000,1.34086,1.34121,1.34038,1.34072,2006.92
1383895800000,1.34071,1.34189,1.34051,1.34189,2341.46
1383896700000,1.34188,1.34197,1.34094,1.34147,2816
1383897600000,1.34149,1.34156,1.34048,1.34073,3369.81
1383898500000,1.34074,1.34157,1.34058,1.34089,3422.65
1383899400000,1.34094,1.34182,1.34094,1.34117,2798.47
1383900300000,1.34116,1.34187,1.34116,1.34165,2711.57
1383901200000,1.34167,1.3427,1.34166,1.34265,2790.08
1383902100000,1.34265,1.34279,1.3415,1.34181,2663.66
1383903000000,1.34181,1.34255,1.34148,1.34218,2466.33
1383903900000,1.34218,1.34315,1.34174,1.34265,3148.15
1383904800000,1.34265,1.34295,1.34207,1.34224,2535.3
1383905700000,1.34225,1.34265,1.34169,1.34264,2620.03
1383906600000,1.34264,1.34264,1.34183,1.34184,2734.14
1383907500000,1.34182,1.34243,1.34133,1.34174,2720.97
1383908400000,1.34175,1.34276,1.34174,1.34246,2058.12
1383909300000,1.34245,1.34246,1.34207,1.34222,1628.41
1383910200000,1.34222,1.34262,1.34221,1.34252,1491.8
1383911100000,1.34252,1.34261,1.34199,1.34199,1530.1
1383912000000,1.342,1.34216,1.34182,1.34205,1915.41
1383912900000,1.34205,1.3422,1.3419,1.3421,1675.86
1383913800000,1.34211,1.34212,1.34165,1.34173,2225.72
1383914700000,1.34173,1.34211,1.34129,1.34146,2679.76
1383915600000,1.34147,1.34315,1.34124,1.34298,4767.93
1383916500000,1.34293,1.34377,1.34034,1.34154,5785.61
1383917400000,1.34154,1.34248,1.33549,1.33683,11751.56
1383918300000,1.33686,1.33924,1.3358,1.33902,8088.59
1383919200000,1.33901,1.33901,1.33654,1.33686,6980.94
1383920100000,1.33685,1.33702,1.33516,1.33675,6643.19
1383921000000,1.33676,1.33692,1.33532,1.33584,6145.28
1383921900000,1.33582,1.33599,1.3337,1.33534,8288.27
1383922800000,1.33534,1.33659,1.3335,1.33392,8323.66
1383923700000,1.33392,1.33404,1.33209,1.3321,7192.9
1383924600000,1.33209,1.33413,1.33178,1.33396,6786.58
1383925500000,1.33397,1.33509,1.33364,1.33502,4962.66
1383926400000,1.33501,1.33577,1.33463,1.33486,6078.03
1383927300000,1.33486,1.33533,1.33454,1.33469,3938.76
1383928200000,1.3347,1.33605,1.33457,1.33564,3833.73
1383929100000,1.33566,1.33589,1.33543,1.33567,2812.86
1383930000000,1.33568,1.33709,1.33525,1.33683,3419.8
1383930900000,1.33684,1.33684,1.33585,1.33585,2248.32
1383931800000,1.33587,1.33654,1.33578,1.33606,2400.98
1383932700000,1.3361,1.33668,1.336,1.33663,1625.38
1383933600000,1.33665,1.33667,1.33572,1.33609,2429.98
1383934500000,1.33608,1.33631,1.33565,1.33598,1295.89
1383935400000,1.33596,1.33624,1.33589,1.336,1076.43
1383936300000,1.336,1.33619,1.33555,1.33592,1815.35
1383937200000,1.33594,1.33605,1.33515,1.33516,1624.08
1383938100000,1.33516,1.33578,1.33516,1.33557,2148.71
1383939000000,1.33554,1.33576,1.33552,1.33553,1196.08
1383939900000,1.33554,1.33568,1.33525,1.33549,1866.94
1383940800000,1.33548,1.33633,1.33546,1.33617,1343.72
1383941700000,1.33618,1.33676,1.33618,1.33626,1418.33
1383942600000,1.33625,1.33656,1.33594,1.33613,1334.48
1383943500000,1.33613,1.33621,1.33582,1.33595,1747.55
1383944400000,1.33594,1.3373,1.33592,1.3371,991.55
1383945300000,1.33707,1.33707,1.33644,1.3367,932.26
1383946200000,1.3367,1.33684,1.33658,1.33676,575.77
1383947100000,1.33675,1.33708,1.3362,1.33648,1073.16
1384120800000,1.33572,1.33614,1.33572,1.33614,196.54
1384121700000,1.33614,1.3362,1.33597,1.3361,374.01
1384122600000,1.33612,1.33613,1.33573,1.33605,234.37
1384123500000,1.336,1.33605,1.3354,1.33569,535.04
1384124400000,1.33568,1.33577,1.3346,1.33465,1461.43
1384125300000,1.33468,1.33502,1.33467,1.33483,576.91
1384126200000,1.33485,1.33504,1.33479,1.3349,339.31
1384127100000,1.3349,1.3349,1.33446,1.33464,428.77
1384128000000,1.33465,1.33547,1.33465,1.3354,879.48
1384128900000,1.33539,1.33577,1.33528,1.33555,722.97
1384129800000,1.33554,1.33609,1.33535,1.33578,1557.53
1384130700000,1.33585,1.33625,1.33555,1.33572,1297.61
1384131600000,1.33574,1.33615,1.3357,1.33598,1256.56
1384132500000,1.33598,1.33669,1.33598,1.33655,1371.51
1384133400000,1.33655,1.33661,1.33615,1.33616,910.93
1384134300000,1.33616,1.33627,1.33561,1.33563,617.59
1384135200000,1.33565,1.33595,1.3355,1.33574,634.47
1384136100000,1.33572,1.33614,1.33572,1.33584,575.38
1384137000000,1.33584,1.33597,1.3356,1.3357,823.03
1384137900000,1.3357,1.33575,1.33559,1.33569,500.6
1384138800000,1.33567,1.3361,1.33559,1.33609,784.82
1384139700000,1.3361,1.33623,1.33565,1.33589,915.25
1384140600000,1.33588,1.33629,1.33576,1.33627,1021.13
1384141500000,1.33628,1.33633,1.33598,1.33617,596.55
1384142400000,1.33616,1.33636,1.33608,1.33617,579.48
1384143300000,1.33616,1.33629,1.33614,1.33616,570.19
1384144200000,1.33618,1.33631,1.3361,1.33615,714.18
1384145100000,1.33615,1.33635,1.33605,1.33629,839.54
1384146000000,1.33628,1.3363,1.33605,1.33615,622.2
1384146900000,1.33616,1.33624,1.33595,1.33614,441.84
1384147800000,1.33614,1.33617,1.33585,1.33596,1053.39
1384148700000,1.33596,1.33609,1.33577,1.33579,689.35
1384149600000,1.33581,1.33605,1.33574,1.33605,735.88
1384150500000,1.33603,1.33668,1.33601,1.33658,1413.35
1384151400000,1.33657,1.33672,1.33635,1.33637,1136.87
1384152300000,1.33638,1.33685,1.33637,1.33669,1156.7
1384153200000,1.33669,1.33721,1.33654,1.33699,1710.56
1384154100000,1.33699,1.33719,1.33678,1.33682,1936.86
1384155000000,1.33683,1.33762,1.33675,1.33739,2737.59
1384155900000,1.33741,1.3379,1.3371,1.33744,3187.8
1384156800000,1.33746,1.3375,1.3368,1.33707,3684.16
1384157700000,1.33708,1.33774,1.33687,1.33748,2634.88
1384158600000,1.33747,1.33854,1.33718,1.33848,3666.96
1384159500000,1.33847,1.33849,1.33782,1.33849,2668.19
1384160400000,1.33847,1.33847,1.3375,1.33819,2298.59
1384161300000,1.33818,1.33918,1.33811,1.33841,3231.91
1384162200000,1.3384,1.33935,1.33824,1.33905,2590.33
1384163100000,1.33905,1.33936,1.33873,1.33904,2244.81
1384164000000,1.33905,1.33935,1.33834,1.33916,2756.08
1384164900000,1.33915,1.34056,1.33907,1.34034,3255.03
1384165800000,1.34034,1.34046,1.33953,1.33956,2405.45
1384166700000,1.33956,1.34065,1.33955,1.34,3315.28
1384167600000,1.34,1.34015,1.33923,1.33944,2372.24
1384168500000,1.33944,1.33974,1.3392,1.33943,1939.33
1384169400000,1.33944,1.33953,1.3392,1.33932,1669.98
1384170300000,1.33934,1.33976,1.33931,1.33967,1748.08
1384171200000,1.33967,1.33979,1.33947,1.33977,1241.34
1384172100000,1.3398,1.3398,1.3394,1.33946,1496.44
1384173000000,1.33945,1.33967,1.33944,1.33945,1631.65
1384173900000,1.33945,1.33968,1.33928,1.3396,2648.12
1384174800000,1.33959,1.3397,1.33918,1.33931,2547.52
1384175700000,1.33931,1.33944,1.33902,1.33925,2778.7
1384176600000,1.33927,1.34067,1.33925,1.34,4202.95
1384177500000,1.33998,1.34121,1.33998,1.34063,3842.2
1384178400000,1.34064,1.34091,1.34025,1.34054,2490.38
1384179300000,1.34052,1.34094,1.34025,1.34044,3013.41
1384180200000,1.34044,1.34052,1.33965,1.33984,2906.95
1384181100000,1.33984,1.34054,1.33962,1.34024,2679.92
1384182000000,1.34023,1.34056,1.33992,1.34042,2138.68
1384182900000,1.34041,1.34067,1.3402,1.34051,2363.23
1384183800000,1.34051,1.34115,1.3405,1.34113,2937.03
1384184700000,1.34109,1.34109,1.34045,1.34078,2921.11
1384185600000,1.34081,1.34085,1.3404,1.34073,2762.3
1384186500000,1.34072,1.34088,1.34032,1.34068,1759.03
1384187400000,1.34066,1.34102,1.34047,1.34057,2515.31
1384188300000,1.34057,1.34087,1.34047,1.34062,2005.62
1384189200000,1.34062,1.34074,1.34017,1.34036,1853.15
1384190100000,1.34036,1.34162,1.34025,1.34095,2371.19
1384191000000,1.34094,1.34129,1.34057,1.34097,2092.27
1384191900000,1.34098,1.34116,1.3401,1.34028,1736.29
1384192800000,1.34027,1.34056,1.33989,1.34044,1266.26
1384193700000,1.34045,1.34097,1.34035,1.34095,581.56
1384194600000,1.34095,1.34101,1.34052,1.34059,749.84
1384195500000,1.3406,1.34104,1.3406,1.34089,630.4
1384196400000,1.34088,1.34105,1.34085,1.34098,462.49
1384197300000,1.34098,1.34101,1.3408,1.34101,426.7
1384198200000,1.34101,1.3411,1.34082,1.34092,601.55
1384199100000,1.34092,1.34104,1.34075,1.34082,737.5
1384200000000,1.34082,1.34088,1.34055,1.34061,378.93
1384200900000,1.34059,1.34084,1.34059,1.34076,581.45
1384201800000,1.34076,1.34113,1.34076,1.34082,519.48
1384202700000,1.34083,1.34144,1.3408,1.34129,1463.24
1384203600000,1.3413,1.34151,1.34112,1.34115,850.41
1384204500000,1.34115,1.34127,1.34094,1.341,941.05
1384205400000,1.341,1.34108,1.34069,1.3408,940.18
1384206300000,1.34077,1.34091,1.34042,1.34066,800.67
1384207200000,1.34059,1.3409,1.34035,1.34071,279.34
1384208100000,1.3407,1.34079,1.3404,1.34067,256.48
1384209000000,1.34068,1.341,1.34051,1.34075,304.11
1384209900000,1.34075,1.34085,1.34047,1.34064,322.28
1384210800000,1.34068,1.34091,1.34033,1.34077,642.7
1384211700000,1.34076,1.341,1.34069,1.34093,361.53
1384212600000,1.34092,1.34137,1.34092,1.3413,459.66
1384213500000,1.3413,1.3413,1.34074,1.34075,642
1384214400000,1.34076,1.34076,1.3405,1.34066,558.81
1384215300000,1.34066,1.34066,1.34006,1.34036,801.76
1384216200000,1.34035,1.34058,1.34018,1.34028,1795.86
1384217100000,1.3403,1.34041,1.33986,1.34037,1502.39
1384218000000,1.34038,1.34064,1.34004,1.34032,2626.61
1384218900000,1.34032,1.34033,1.33928,1.33935,1874.42
1384219800000,1.33935,1.34019,1.33935,1.34017,1118.24
1384220700000,1.34017,1.34017,1.33956,1.33966,672.46
1384221600000,1.33965,1.33975,1.33909,1.33944,1237
1384222500000,1.33945,1.33947,1.33895,1.33936,1724.86
1384223400000,1.33935,1.3394,1.339,1.33936,1059.13
1384224300000,1.33935,1.33953,1.33916,1.33938,491.94
1384225200000,1.33937,1.3395,1.33904,1.3395,964.12
1384226100000,1.33952,1.33971,1.33943,1.33947,739
1384227000000,1.33947,1.34005,1.33946,1.33974,1031.84
1384227900000,1.33975,1.34011,1.33965,1.33984,838.97
1384228800000,1.33983,1.34021,1.33978,1.33995,623.49
1384229700000,1.33995,1.33996,1.33963,1.33985,1209.57
1384230600000,1.33986,1.34001,1.3396,1.33976,851.64
1384231500000,1.33976,1.33981,1.33933,1.33935,756.41
1384232400000,1.33937,1.33957,1.33924,1.33924,731.08
1384233300000,1.33924,1.33946,1.33903,1.33926,519.11
1384234200000,1.33926,1.33948,1.33876,1.33897,812.74
1384235100000,1.33896,1.33897,1.33857,1.33875,1289.09
1384236000000,1.33876,1.3391,1.3385,1.33897,1230.68
1384236900000,1.33896,1.33949,1.33893,1.33934,854.4
1384237800000,1.33933,1.33942,1.33897,1.33902,1095.23
1384238700000,1.33903,1.33903,1.3382,1.33866,1854.81
1384239600000,1.33866,1.33881,1.33796,1.33843,3116.05
1384240500000,1.33843,1.33894,1.33843,1.33886,2467.31
1384241400000,1.33885,1.33987,1.33882,1.33941,3001.35
1384242300000,1.33941,1.33959,1.3386,1.3386,2838.97
1384243200000,1.3386,1.33922,1.33825,1.33852,3304.77
1384244100000,1.33853,1.33925,1.33833,1.33884,3172.12
1384245000000,1.33884,1.33884,1.33708,1.33739,4910.75
1384245900000,1.33738,1.33875,1.33736,1.33855,3474.08
1384246800000,1.33855,1.33918,1.33696,1.3373,4565.45
1384247700000,1.33732,1.3377,1.33673,1.33735,3917.59
1384248600000,1.33736,1.33798,1.3359,1.33676,6879.65
1384249500000,1.33676,1.33785,1.33665,1.33749,4268.89
1384250400000,1.3375,1.33876,1.3375,1.33872,3808.94
1384251300000,1.33874,1.33905,1.3384,1.33878,3843.43
1384252200000,1.33877,1.339,1.33829,1.33864,3406.58
1384253100000,1.33865,1.34,1.33859,1.33983,3457.33
1384254000000,1.33982,1.34086,1.33943,1.33949,4529.1
1384254900000,1.3395,1.33977,1.33926,1.33955,2589.98
1384255800000,1.33956,1.33965,1.33875,1.33883,2722.28
1384256700000,1.33884,1.33888,1.33812,1.33856,3517.18
1384257600000,1.33857,1.33958,1.33825,1.33957,2758.66
1384258500000,1.33957,1.34064,1.33922,1.3406,3711.23
1384259400000,1.34061,1.34161,1.34028,1.3406,6020.96
1384260300000,1.34062,1.34152,1.34,1.34085,3489.14
1384261200000,1.34085,1.34333,1.34085,1.34333,7711.44
1384262100000,1.34332,1.34337,1.3422,1.34226,6437.29
1384263000000,1.34225,1.34344,1.34213,1.34338,4833.79
1384263900000,1.34337,1.34415,1.3429,1.34367,6429.3
1384264800000,1.34368,1.34463,1.3435,1.34353,5505.99
1384265700000,1.34353,1.3438,1.3432,1.34377,4807.57
1384266600000,1.34376,1.34389,1.3429,1.34384,3954.19
1384267500000,1.34387,1.34561,1.34324,1.34494,6233.3
1384268400000,1.34494,1.34557,1.3447,1.34523,5263.43
1384269300000,1.34522,1.34536,1.34383,1.34425,4761.68
1384270200000,1.34425,1.34472,1.3438,1.34408,3286.41
1384271100000,1.34409,1.34467,1.3436,1.34373,4437.69
1384272000000,1.34373,1.34398,1.34325,1.34376,3915.26
1384272900000,1.34376,1.34376,1.34279,1.34318,3398.07
1384273800000,1.34319,1.3434,1.34244,1.34249,3349.04
1384274700000,1.34249,1.3432,1.34246,1.3428,3810.94
1384275600000,1.3428,1.34329,1.34262,1.34319,3163.66
1384276500000,1.34319,1.34346,1.34315,1.34318,1360.2
1384277400000,1.34318,1.34495,1.34318,1.34413,2427.05
1384278300000,1.34414,1.34494,1.34414,1.34424,2481.65
1384279200000,1.34422,1.34436,1.34386,1.34436,1966.79
1384280100000,1.34435,1.3448,1.34373,1.34417,2135.47
1384281000000,1.34416,1.34428,1.34394,1.34395,912.04
1384281900000,1.34395,1.34403,1.34316,1.34323,1655.32
1384282800000,1.34323,1.34345,1.34299,1.34315,964.98
1384283700000,1.34315,1.34335,1.34297,1.34317,794.81
1384284600000,1.3432,1.34325,1.34267,1.34318,1706.69
1384285500000,1.34318,1.34326,1.34259,1.34272,2235.33
1384286400000,1.34269,1.34286,1.3422,1.34276,2135.86
1384287300000,1.34276,1.34307,1.34248,1.34288,1020.92
1384288200000,1.34288,1.34361,1.34273,1.34326,1587
1384289100000,1.34327,1.34367,1.34324,1.34336,1321.28
1384290000000,1.34337,1.34364,1.34327,1.34332,1085.24
1384290900000,1.34332,1.34367,1.3433,1.34343,911.08
1384291800000,1.34345,1.34366,1.34343,1.34361,846.19
1384292700000,1.3436,1.3436,1.34343,1.34355,779.93
1384293600000,1.34355,1.34358,1.34342,1.3435,398.63
1384294500000,1.3435,1.3436,1.34345,1.34345,299.5
1384295400000,1.34348,1.34353,1.3433,1.34334,312.95
1384296300000,1.34334,1.3436,1.34305,1.34347,456.31
1384297200000,1.34345,1.34345,1.3431,1.3433,671.32
1384298100000,1.3433,1.34372,1.3431,1.34367,582.79
1384299000000,1.34367,1.3444,1.34367,1.34407,906.82
1384299900000,1.34405,1.34407,1.34372,1.34375,594.55
1384300800000,1.34375,1.344,1.34362,1.34396,1248.38
1384301700000,1.34396,1.34405,1.34352,1.34352,875.91
1384302600000,1.34353,1.34357,1.34298,1.34305,752.67
1384303500000,1.34305,1.34345,1.34296,1.34339,912.64
1384304400000,1.34339,1.34355,1.34306,1.34328,1138.02
1384305300000,1.34327,1.34415,1.34327,1.34405,1461.63
1384306200000,1.34406,1.34414,1.34376,1.34392,1030.32
1384307100000,1.34394,1.34398,1.34354,1.34391,1360.9
1384308000000,1.34391,1.34431,1.34356,1.34429,1906.19
1384308900000,1.34429,1.34475,1.34417,1.34466,1845.34
1384309800000,1.34465,1.3449,1.34459,1.34479,1361.89
1384310700000,1.3448,1.34506,1.34455,1.34487,1844.55
1384311600000,1.34489,1.34489,1.34457,1.34476,1143.01
1384312500000,1.34475,1.34477,1.34455,1.34477,769.97
1384313400000,1.34476,1.34481,1.34455,1.34479,660.34
1384314300000,1.34479,1.34479,1.3443,1.34435,630.12
1384315200000,1.34435,1.34462,1.34423,1.34456,1259.85
1384316100000,1.34455,1.34464,1.34445,1.34445,808.45
1384317000000,1.34445,1.34522,1.34444,1.34495,1700.26
1384317900000,1.34495,1.34525,1.34479,1.34513,1215.82
1384318800000,1.34513,1.34513,1.34438,1.34455,905.28
1384319700000,1.34455,1.34465,1.34436,1.34446,442
1384320600000,1.34445,1.34475,1.34414,1.34425,904.77
1384321500000,1.34425,1.34437,1.34408,1.34435,1132.3
1384322400000,1.34435,1.3445,1.34423,1.34436,1149.92
1384323300000,1.34435,1.34467,1.34373,1.34382,1274.48
1384324200000,1.34382,1.34393,1.34331,1.3436,2065.44
1384325100000,1.3436,1.34405,1.34343,1.34364,1561.34
1384326000000,1.34365,1.34401,1.3435,1.3436,1831.89
1384326900000,1.3436,1.34384,1.3432,1.34366,1716.52
1384327800000,1.34366,1.34397,1.34348,1.34349,1893.18
1384328700000,1.34348,1.34359,1.343,1.34302,2018.39
1384329600000,1.34301,1.34316,1.34233,1.34287,3427.16
1384330500000,1.34287,1.34376,1.34274,1.3436,3399.37
1384331400000,1.3436,1.34376,1.34314,1.34331,2850.52
1384332300000,1.3433,1.34375,1.34326,1.34355,3270.69
1384333200000,1.34356,1.34359,1.3427,1.34284,3616.01
1384334100000,1.34285,1.34331,1.34276,1.34316,2777.69
1384335000000,1.34317,1.34338,1.34189,1.34206,3775.29
1384335900000,1.34205,1.34245,1.34127,1.34146,4224.15
1384336800000,1.34145,1.34216,1.3412,1.34165,3470.8
1384337700000,1.34166,1.34186,1.34143,1.3417,1834.83
1384338600000,1.3417,1.34235,1.3409,1.34125,5516.05
1384339500000,1.34125,1.34215,1.34075,1.34199,3149.1
1384340400000,1.342,1.34249,1.34144,1.34165,3381.83
1384341300000,1.34165,1.34177,1.34141,1.34156,2389.66
1384342200000,1.34158,1.34211,1.34123,1.34206,2402.32
1384343100000,1.34206,1.34215,1.34156,1.34173,2705.25
1384344000000,1.34174,1.34244,1.34153,1.34215,2840.22
1384344900000,1.34214,1.34275,1.34212,1.34233,2429.42
1384345800000,1.34232,1.34256,1.34194,1.34206,2299.63
1384346700000,1.34207,1.34244,1.34132,1.34185,3468.35
1384347600000,1.34185,1.34186,1.34129,1.34144,3109.84
1384348500000,1.34147,1.34197,1.34139,1.34184,3329.09
1384349400000,1.34183,1.34273,1.34164,1.34273,3980.57
1384350300000,1.34274,1.34466,1.34254,1.34416,5688.33
1384351200000,1.34416,1.3447,1.34365,1.34425,4100.3
1384352100000,1.34427,1.34535,1.3435,1.34352,5399.88
1384353000000,1.34353,1.34362,1.33935,1.34015,9720.13
1384353900000,1.34011,1.34085,1.33914,1.34041,7086.03
1384354800000,1.34038,1.34091,1.3394,1.33959,5355.52
1384355700000,1.33959,1.34048,1.33915,1.33973,4749.46
1384356600000,1.33973,1.33996,1.33898,1.33984,4533.64
1384357500000,1.33983,1.3407,1.33975,1.34034,4389.94
1384358400000,1.34036,1.34182,1.34004,1.34173,4846.88
1384359300000,1.34175,1.34352,1.3412,1.34297,5453.17
1384360200000,1.34297,1.34693,1.34279,1.34621,7381.63
1384361100000,1.34621,1.34702,1.34509,1.34558,5927.15
1384362000000,1.3456,1.3462,1.34511,1.34616,2876.43
1384362900000,1.34616,1.34618,1.34513,1.34585,2381.69
1384363800000,1.34586,1.34604,1.34543,1.34566,1657.69
1384364700000,1.34567,1.34625,1.34522,1.34544,2005.37
1384365600000,1.3454,1.34543,1.34447,1.34478,2319.38
1384366500000,1.34478,1.34509,1.34452,1.34492,1174.39
1384367400000,1.34494,1.34564,1.34485,1.34504,1562.67
1384368300000,1.34505,1.3458,1.34497,1.34545,1898.84
1384369200000,1.34546,1.34577,1.34543,1.34575,1653.1
1384370100000,1.34576,1.3461,1.34557,1.34565,1212.44
1384371000000,1.34564,1.34654,1.34556,1.34607,2212.15
1384371900000,1.34607,1.3466,1.34595,1.34618,1683.25
1384372800000,1.34619,1.34638,1.34585,1.34634,1163.99
1384373700000,1.34634,1.34655,1.34601,1.34635,976.85
1384374600000,1.34635,1.34645,1.34603,1.34627,1133.32
1384375500000,1.34626,1.34628,1.3459,1.34626,1347.15
1384376400000,1.34625,1.34632,1.34575,1.34579,1191.39
1384377300000,1.3458,1.34585,1.34566,1.34583,1340.78
1384378200000,1.34582,1.34852,1.34581,1.34736,3653.78
1384379100000,1.34735,1.34953,1.34728,1.34862,2851.56
1384380000000,1.34863,1.349,1.34757,1.3488,683.29
1384380900000,1.3488,1.34972,1.34868,1.34915,1088.33
1384381800000,1.34915,1.34924,1.34805,1.3486,705.88
1384382700000,1.3486,1.34902,1.34812,1.34817,715.21
1384383600000,1.34821,1.34845,1.34792,1.3481,952.51
1384384500000,1.34805,1.34861,1.34799,1.34836,973.96
1384385400000,1.34834,1.34905,1.34829,1.34904,689.9
1384386300000,1.34906,1.34935,1.34822,1.34841,1053.78
1384387200000,1.34842,1.34847,1.34812,1.34812,1384.48
1384388100000,1.34813,1.34941,1.3481,1.34901,1638.87
1384389000000,1.34901,1.34908,1.34827,1.34866,1389.57
1384389900000,1.34867,1.34877,1.34816,1.34819,1077
1384390800000,1.34819,1.34867,1.34811,1.34819,1505.04
1384391700000,1.3482,1.34824,1.34732,1.34735,1910.32
1384392600000,1.34735,1.34775,1.3472,1.34755,1639.8
1384393500000,1.34754,1.34772,1.34717,1.34734,1538.43
1384394400000,1.34737,1.34775,1.34735,1.34755,2324.24
1384395300000,1.34755,1.34785,1.34646,1.34685,2201.12
1384396200000,1.34683,1.34719,1.34646,1.34695,1048.16
1384397100000,1.34695,1.34746,1.34665,1.34745,1328.19
1384398000000,1.34745,1.34745,1.34676,1.34696,1225.49
1384398900000,1.34696,1.34698,1.34648,1.34655,1118.82
1384399800000,1.34656,1.34687,1.3463,1.3464,1115.54
1384400700000,1.3464,1.34685,1.34631,1.34674,929.37
1384401600000,1.34672,1.34694,1.34663,1.34691,1055.5
1384402500000,1.3469,1.347,1.34662,1.34675,1715.64
1384403400000,1.34674,1.34676,1.34655,1.34665,528.08
1384404300000,1.34664,1.3468,1.34659,1.34676,505.24
1384405200000,1.34677,1.34689,1.34663,1.34667,467.03
1384406100000,1.34666,1.34696,1.34666,1.34683,654.09
1384407000000,1.34682,1.34728,1.34682,1.34713,802.89
1384407900000,1.34713,1.34727,1.34695,1.34706,850.77
1384408800000,1.34706,1.34728,1.34695,1.34704,777.32
1384409700000,1.34702,1.34735,1.3467,1.3468,1386.77
1384410600000,1.3468,1.34698,1.34636,1.34678,1225.88
1384411500000,1.34678,1.34713,1.34627,1.34627,1600.99
1384412400000,1.34633,1.34677,1.34595,1.34608,1633.85
1384413300000,1.34607,1.34644,1.345,1.34564,2784.66
1384414200000,1.34562,1.34595,1.3453,1.34555,2766.82
1384415100000,1.34552,1.34592,1.34536,1.34564,2065.16
1384416000000,1.34564,1.34702,1.34559,1.34687,3621.92
1384416900000,1.34686,1.34698,1.34635,1.34655,2844.83
1384417800000,1.34654,1.34685,1.34624,1.34635,2826.97
1384418700000,1.34634,1.34655,1.3455,1.34557,3757.75
1384419600000,1.34556,1.346,1.3451,1.346,3080.87
1384420500000,1.34599,1.34605,1.34516,1.34563,3319.83
1384421400000,1.34565,1.34599,1.34438,1.34486,5402.3
1384422300000,1.34485,1.34546,1.3443,1.34438,3939.95
1384423200000,1.34434,1.34484,1.34366,1.3445,4731.51
1384424100000,1.34451,1.3448,1.34405,1.34406,2706.5
1384425000000,1.34406,1.34411,1.3432,1.34331,3954.79
1384425900000,1.34331,1.34355,1.34285,1.34288,2619.12
1384426800000,1.34287,1.34333,1.34248,1.34264,3042.31
1384427700000,1.34264,1.34274,1.34179,1.34238,4540.98
1384428600000,1.34239,1.34329,1.34208,1.34294,2794.13
1384429500000,1.34292,1.34357,1.34279,1.34327,2972.79
1384430400000,1.34328,1.3444,1.34319,1.344,3429.6
1384431300000,1.34403,1.34427,1.34355,1.34381,2867.33
1384432200000,1.34381,1.34389,1.34326,1.34336,2847.41
1384433100000,1.34334,1.34385,1.34329,1.34366,2200.58
1384434000000,1.34367,1.34462,1.34333,1.34366,3527.48
1384434900000,1.34367,1.3443,1.34355,1.34428,2918.66
1384435800000,1.34428,1.34607,1.3442,1.34568,6322.48
1384436700000,1.34566,1.34609,1.3452,1.34566,4089.39
1384437600000,1.34568,1.34626,1.34464,1.34475,4920.31
1384438500000,1.34476,1.34482,1.34409,1.34455,4556.89
1384439400000,1.34453,1.3447,1.3439,1.3445,5445.58
1384440300000,1.34451,1.34606,1.34451,1.34558,5304.6
1384441200000,1.34558,1.34605,1.34495,1.34526,5785.16
1384442100000,1.34527,1.34701,1.34455,1.34498,10066.53
1384443000000,1.34498,1.34636,1.3432,1.34587,9145.63
1384443900000,1.34588,1.3469,1.34562,1.34575,6800.61
1384444800000,1.34574,1.34668,1.34495,1.34617,5024.14
1384445700000,1.34617,1.34887,1.34617,1.34757,7240.36
1384446600000,1.34756,1.34795,1.34694,1.3471,3613.72
1384447500000,1.34709,1.34731,1.34645,1.34678,2813.6
1384448400000,1.34677,1.34688,1.34613,1.34681,2950.38
1384449300000,1.34681,1.34766,1.34656,1.34735,2664.77
1384450200000,1.34736,1.34807,1.34732,1.34787,3011.17
1384451100000,1.34787,1.3482,1.34708,1.34717,3134.5
1384452000000,1.34718,1.34766,1.34629,1.34649,2648.21
1384452900000,1.34649,1.34652,1.3457,1.3458,2276.69
1384453800000,1.34581,1.34581,1.34498,1.34543,1759.43
1384454700000,1.34544,1.34563,1.34449,1.34498,2018.92
1384455600000,1.34499,1.34533,1.34479,1.34517,1529.91
1384456500000,1.34516,1.34543,1.34514,1.3454,833.8
1384457400000,1.3454,1.34544,1.34498,1.3452,1147.65
1384458300000,1.3452,1.34557,1.34517,1.34557,1200.55
1384459200000,1.3456,1.3461,1.34549,1.3461,1566.07
1384460100000,1.3461,1.34647,1.34593,1.3463,1935.63
1384461000000,1.34629,1.34661,1.34598,1.3462,1337.95
1384461900000,1.3462,1.3462,1.34563,1.34585,1256.92
1384462800000,1.34584,1.34617,1.34578,1.34617,509.28
1384463700000,1.34617,1.3465,1.34617,1.34647,541.57
1384464600000,1.34646,1.34653,1.34595,1.34603,669.88
1384465500000,1.34603,1.34607,1.3456,1.34586,551.51
1384466400000,1.34586,1.34598,1.34535,1.34535,192.57
1384467300000,1.34535,1.34609,1.34535,1.34566,543.28
1384468200000,1.34566,1.34573,1.34519,1.34563,519.85
1384469100000,1.34563,1.34607,1.34559,1.34586,411.67
1384470000000,1.34586,1.34586,1.34541,1.34545,408.6
1384470900000,1.34545,1.34545,1.34505,1.3452,550.32
1384471800000,1.3452,1.34549,1.34485,1.34493,1034.62
1384472700000,1.34494,1.34495,1.34459,1.34459,507.09
1384473600000,1.34458,1.34528,1.3445,1.34528,1176.08
1384474500000,1.34527,1.34547,1.34497,1.34505,1500.78
1384475400000,1.34507,1.34511,1.34484,1.34498,940.72
1384476300000,1.34498,1.34529,1.34478,1.34518,1115.72
1384477200000,1.3452,1.34578,1.3452,1.34525,1161.41
1384478100000,1.34525,1.3456,1.34503,1.3456,1217.41
1384479000000,1.34559,1.34639,1.34556,1.34615,1966.51
1384479900000,1.34616,1.34626,1.34603,1.34611,980.76
1384480800000,1.3461,1.34615,1.34556,1.34566,1107.32
1384481700000,1.34566,1.34577,1.34536,1.34565,722.52
1384482600000,1.34566,1.34578,1.34505,1.34508,1514.31
1384483500000,1.34507,1.34534,1.34506,1.34517,1025
1384484400000,1.34519,1.34533,1.34507,1.3452,1474.84
1384485300000,1.3452,1.34544,1.34518,1.3452,1440
1384486200000,1.34521,1.34552,1.34517,1.34547,376.99
1384487100000,1.34549,1.34559,1.3452,1.34543,333.21
1384488000000,1.34543,1.3456,1.34538,1.34541,861.17
1384488900000,1.34541,1.34541,1.34501,1.34527,714.14
1384489800000,1.34528,1.34542,1.34517,1.34537,532.18
1384490700000,1.34537,1.34555,1.34531,1.34554,416.17
1384491600000,1.34552,1.34558,1.34513,1.34515,813.55
1384492500000,1.34517,1.34549,1.3451,1.34537,492.06
1384493400000,1.34537,1.34551,1.34525,1.34527,436.53
1384494300000,1.34526,1.3453,1.3448,1.34489,682.62
1384495200000,1.34489,1.34539,1.34485,1.34527,925.8
1384496100000,1.34526,1.34566,1.34503,1.34566,512.29
1384497000000,1.34567,1.34597,1.34546,1.34597,1336.4
1384497900000,1.34598,1.34629,1.34578,1.34622,1045.5
1384498800000,1.34622,1.34628,1.34585,1.34595,1312.62
1384499700000,1.34595,1.3461,1.34525,1.34558,1468.22
1384500600000,1.34559,1.34585,1.3452,1.34555,1690.26
1384501500000,1.34555,1.34585,1.3449,1.34499,2254.75
1384502400000,1.34499,1.3454,1.34458,1.34488,3619.9
1384503300000,1.34488,1.34557,1.34476,1.34527,2882.24
1384504200000,1.34528,1.34593,1.34507,1.34563,2585.86
1384505100000,1.34564,1.34607,1.34532,1.34539,3486.3
1384506000000,1.3454,1.34567,1.34477,1.3449,1885.21
1384506900000,1.34491,1.34557,1.34436,1.34523,3317.68
1384507800000,1.34516,1.34517,1.34322,1.34339,3889.44
1384508700000,1.34339,1.34407,1.34326,1.34385,3174.82
1384509600000,1.34386,1.34441,1.34357,1.34397,2971.73
1384510500000,1.34396,1.34451,1.34396,1.3444,2129.71
1384511400000,1.3444,1.34459,1.34406,1.34415,1652.95
1384512300000,1.34414,1.34518,1.34381,1.34471,3062.13
1384513200000,1.34469,1.34518,1.34445,1.34455,2113.19
1384514100000,1.34454,1.34519,1.34441,1.34494,2335.29
1384515000000,1.34494,1.34502,1.34448,1.34461,2701.65
1384515900000,1.34461,1.34503,1.34435,1.34487,2200.55
1384516800000,1.34487,1.3456,1.34464,1.34534,2161.21
1384517700000,1.34535,1.34594,1.34535,1.34586,2504.26
1384518600000,1.34587,1.34608,1.34558,1.346,2701.17
1384519500000,1.34601,1.34605,1.34519,1.34546,2281.2
1384520400000,1.34547,1.3466,1.34536,1.34595,3119.11
1384521300000,1.34593,1.34614,1.3451,1.34553,3162.37
1384522200000,1.34558,1.34744,1.34558,1.34744,6091.02
1384523100000,1.34745,1.34881,1.34745,1.34803,5110.61
1384524000000,1.34803,1.34904,1.34803,1.34863,5447.22
1384524900000,1.34864,1.35052,1.34858,1.34874,6106.72
1384525800000,1.34874,1.3496,1.3485,1.34957,3872.74
1384526700000,1.34951,1.34983,1.3489,1.34953,3814.12
1384527600000,1.34955,1.34965,1.34796,1.34827,4191.88
1384528500000,1.34827,1.34841,1.347,1.34738,3567.13
1384529400000,1.34737,1.3482,1.34723,1.34785,3174.59
1384530300000,1.34783,1.34798,1.34715,1.34724,3266.05
1384531200000,1.34731,1.3483,1.34723,1.34824,3039.75
1384532100000,1.34825,1.34838,1.34774,1.34787,2440.71
1384533000000,1.34789,1.34845,1.34786,1.34817,2110.88
1384533900000,1.34816,1.34825,1.34788,1.34799,2308.71
1384534800000,1.34799,1.34827,1.34776,1.34779,1937.18
1384535700000,1.34779,1.348,1.34776,1.34796,1293.1
1384536600000,1.34795,1.34818,1.34776,1.34795,1020.78
1384537500000,1.34793,1.34822,1.34755,1.34812,1781.39
1384538400000,1.3481,1.34859,1.34808,1.34816,1434.79
1384539300000,1.34816,1.34848,1.34796,1.34839,1138.14
1384540200000,1.34836,1.34859,1.34823,1.34835,818.04
1384541100000,1.34833,1.3486,1.34824,1.34826,1049.94
1384542000000,1.34826,1.34899,1.34822,1.34886,1239.84
1384542900000,1.34886,1.34893,1.34864,1.34883,699.93
1384543800000,1.34886,1.3492,1.34877,1.34904,1133.16
1384544700000,1.34904,1.34919,1.34885,1.34896,1526.99
1384545600000,1.34896,1.34956,1.34884,1.34934,1230.25
1384546500000,1.34931,1.34934,1.34896,1.34904,862.53
1384547400000,1.34904,1.34938,1.34895,1.34936,956.45
1384548300000,1.34938,1.34946,1.34898,1.34904,1375.85
1384549200000,1.34905,1.3494,1.34899,1.34931,586.26
1384550100000,1.34931,1.3497,1.34926,1.34958,820.83
1384551000000,1.34958,1.34979,1.34953,1.3497,563.53
1384551900000,1.3497,1.34973,1.3494,1.34941,874.89
1384725600000,1.3496,1.34986,1.34957,1.34968,149.3
1384726500000,1.34975,1.3498,1.34926,1.34956,206.84
1384727400000,1.34957,1.34957,1.3493,1.34939,137.59
1384728300000,1.34939,1.3495,1.3492,1.3492,197.08
1384729200000,1.34917,1.34924,1.3485,1.34877,513.63
1384730100000,1.34878,1.34883,1.34838,1.34854,422.62
1384731000000,1.34855,1.34855,1.34801,1.34818,433.34
1384731900000,1.34815,1.34826,1.34811,1.34821,228.68
1384732800000,1.34821,1.34832,1.34785,1.34828,800.83
1384733700000,1.34827,1.34844,1.34812,1.34816,475.33
1384734600000,1.34816,1.34861,1.34808,1.34815,568.51
1384735500000,1.34815,1.34833,1.3479,1.34794,759.72
1384736400000,1.34794,1.34797,1.34745,1.34777,1164.89
1384737300000,1.34777,1.34796,1.34757,1.34776,807.4
1384738200000,1.34778,1.34792,1.34765,1.34785,674.68
1384739100000,1.34786,1.34862,1.34783,1.34856,1147.47
1384740000000,1.34858,1.34868,1.34841,1.34855,562.58
1384740900000,1.34855,1.34898,1.34855,1.34896,700.62
1384741800000,1.34896,1.34898,1.34845,1.34855,343.84
1384742700000,1.34854,1.34887,1.34854,1.34887,412.45
1384743600000,1.34887,1.34929,1.34886,1.34929,923.7
1384744500000,1.34929,1.3494,1.34916,1.34935,485.46
1384745400000,1.34935,1.34965,1.34931,1.34957,843.85
1384746300000,1.34957,1.34966,1.34924,1.34926,1298.52
1384747200000,1.34926,1.34929,1.34903,1.34903,795.23
1384748100000,1.34904,1.3492,1.34882,1.34897,506.68
1384749000000,1.34896,1.34945,1.34895,1.34904,739.99
1384749900000,1.34903,1.34918,1.34895,1.34896,467.07
1384750800000,1.34896,1.3491,1.34893,1.34906,511.59
1384751700000,1.34906,1.3493,1.34867,1.34889,897.84
1384752600000,1.34889,1.34967,1.34885,1.34941,920.22
1384753500000,1.34942,1.34955,1.34908,1.34953,1005.12
1384754400000,1.34954,1.35054,1.34939,1.34999,1756.2
1384755300000,1.34999,1.35072,1.34995,1.35045,1022.15
1384756200000,1.35045,1.35045,1.35005,1.35012,728.32
1384757100000,1.35012,1.35013,1.34905,1.3492,1684.75
1384758000000,1.34919,1.34958,1.349,1.34927,1394.98
1384758900000,1.34927,1.34953,1.34891,1.34946,1853.06
1384759800000,1.34946,1.3499,1.34915,1.34983,2320.97
1384760700000,1.34983,1.35061,1.34956,1.35036,3291.77
1384761600000,1.35037,1.3506,1.3495,1.34998,3300.45
1384762500000,1.34999,1.34999,1.34934,1.34975,2746.57
1384763400000,1.34975,1.34996,1.34945,1.34967,2184.87
1384764300000,1.34967,1.35043,1.34954,1.35043,3093.91
1384765200000,1.35045,1.35135,1.35022,1.35121,4625.02
1384766100000,1.35116,1.35177,1.35106,1.35135,4088.49
1384767000000,1.35137,1.35166,1.3511,1.3513,3591.23
1384767900000,1.3513,1.35136,1.35015,1.35057,4573.28
1384768800000,1.35056,1.35105,1.35052,1.35092,2204.78
1384769700000,1.35092,1.35118,1.35088,1.35098,1698.34
1384770600000,1.35098,1.35113,1.35077,1.35106,2624.21
1384771500000,1.35108,1.35137,1.35085,1.35092,2040.68
1384772400000,1.35089,1.35097,1.35041,1.35078,2344.04
1384773300000,1.35077,1.35127,1.35067,1.35125,2043.35
1384774200000,1.35125,1.35132,1.35048,1.351,2474.73
1384775100000,1.351,1.35114,1.35068,1.35084,2127.91
1384776000000,1.35085,1.35107,1.35069,1.3509,2613.24
1384776900000,1.3509,1.35131,1.35089,1.35127,2254.04
1384777800000,1.35125,1.35178,1.35121,1.35132,1846.53
1384778700000,1.35134,1.35148,1.35093,1.35098,2324.33
1384779600000,1.35099,1.35212,1.35095,1.3516,4045.63
1384780500000,1.3516,1.35213,1.35144,1.35156,4219.32
1384781400000,1.35156,1.35205,1.3513,1.35196,3439.55
1384782300000,1.35197,1.35197,1.35139,1.3516,3161.23
1384783200000,1.35162,1.35305,1.3515,1.35266,4648.93
1384784100000,1.35268,1.35313,1.35232,1.35277,3638.34
1384785000000,1.35275,1.35415,1.3525,1.35366,5419.41
1384785900000,1.35363,1.35397,1.35349,1.35361,3742.19
1384786800000,1.35358,1.35414,1.35285,1.35295,4431.56
1384787700000,1.35292,1.35335,1.35244,1.35267,3532.72
1384788600000,1.35269,1.35306,1.35228,1.3527,3455.35
1384789500000,1.35268,1.35277,1.35199,1.3525,3701.18
1384790400000,1.35251,1.3528,1.35193,1.35193,2999.78
1384791300000,1.35196,1.35227,1.35185,1.35209,2582.56
1384792200000,1.35209,1.35254,1.35184,1.35226,1882.8
1384793100000,1.35226,1.35246,1.3518,1.35189,2334.45
1384794000000,1.3519,1.35234,1.35189,1.35189,2312.72
1384794900000,1.35189,1.35202,1.35065,1.35086,3564.65
1384795800000,1.35086,1.35097,1.34965,1.35067,3325.13
1384796700000,1.35066,1.35109,1.35038,1.35077,2081.89
1384797600000,1.35077,1.35151,1.35075,1.35116,2214.25
1384798500000,1.35116,1.35125,1.35077,1.35085,1213.01
1384799400000,1.35085,1.35113,1.35055,1.35106,1282.36
1384800300000,1.35105,1.35105,1.35064,1.35079,1100.84
1384801200000,1.35078,1.35117,1.35055,1.35111,1145.49
1384802100000,1.35118,1.35138,1.35076,1.35137,1002.7
1384803000000,1.35138,1.35155,1.35104,1.35146,1859.71
1384803900000,1.35146,1.35147,1.34989,1.34994,2895.8
1384804800000,1.34994,1.35048,1.34982,1.35007,2700.64
1384805700000,1.35006,1.35015,1.34955,1.34985,2217.11
1384806600000,1.34985,1.35033,1.3496,1.35005,2246.95
1384807500000,1.35004,1.35046,1.34984,1.35046,2131.92
1384808400000,1.35045,1.35081,1.35017,1.35073,1776.68
1384809300000,1.35073,1.35073,1.35035,1.35042,1229.2
1384810200000,1.35042,1.35069,1.35042,1.35053,579.95
1384811100000,1.35054,1.35082,1.35051,1.35055,601.53
1384812000000,1.35055,1.3507,1.35037,1.35065,154.45
1384812900000,1.35065,1.35071,1.35031,1.35038,271.43
1384813800000,1.3504,1.35077,1.35033,1.35033,387.78
1384814700000,1.35033,1.35052,1.35006,1.35035,424.28
1384815600000,1.35038,1.35049,1.35009,1.35038,578.43
1384816500000,1.35038,1.35055,1.35025,1.35035,323.82
1384817400000,1.35038,1.35051,1.34989,1.34989,342.96
1384818300000,1.34992,1.35035,1.34982,1.35017,510.74
1384819200000,1.35014,1.35016,1.34994,1.35008,558.78
1384820100000,1.35006,1.35032,1.35005,1.35008,479.92
1384821000000,1.35009,1.35117,1.35008,1.35103,1683.24
1384821900000,1.35102,1.35126,1.35065,1.35117,1245.38
1384822800000,1.35116,1.35198,1.35075,1.35148,1742.5
1384823700000,1.35147,1.35168,1.35126,1.35145,899.67
1384824600000,1.35145,1.35201,1.35145,1.3519,915.06
1384825500000,1.3519,1.3523,1.35185,1.35187,845.69
1384826400000,1.35188,1.35197,1.35137,1.35137,821.53
1384827300000,1.35138,1.35195,1.35137,1.35156,537.33
1384828200000,1.35156,1.35181,1.35153,1.35167,299.67
1384829100000,1.35167,1.35168,1.35127,1.35148,536.97
1384830000000,1.3515,1.3515,1.35101,1.35106,775.88
1384830900000,1.35106,1.35123,1.35092,1.35098,605
1384831800000,1.351,1.35103,1.35036,1.3507,1019.8
1384832700000,1.3507,1.35085,1.3505,1.35081,958.9
1384833600000,1.35081,1.35091,1.35065,1.3508,407.04
1384834500000,1.35077,1.35099,1.35076,1.35089,259.05
1384835400000,1.35087,1.35088,1.35065,1.35076,454.05
1384836300000,1.35076,1.35087,1.35068,1.35075,540.34
1384837200000,1.35075,1.35118,1.35074,1.3511,1052.06
1384838100000,1.35108,1.35109,1.35077,1.3509,472.37
1384839000000,1.35088,1.351,1.35076,1.35088,437.58
1384839900000,1.35089,1.35089,1.35068,1.35076,531.11
1384840800000,1.35078,1.3509,1.3505,1.3509,1279.71
1384841700000,1.3509,1.35097,1.35081,1.35088,455.36
1384842600000,1.35087,1.3512,1.3507,1.3512,989.17
1384843500000,1.35118,1.35185,1.35117,1.35182,2050.6
1384844400000,1.35181,1.35186,1.35141,1.35161,1692.39
1384845300000,1.35163,1.35187,1.35148,1.35149,1703.69
1384846200000,1.3515,1.35189,1.35117,1.35143,2579.77
1384847100000,1.35142,1.352,1.35135,1.35178,2850.24
1384848000000,1.35178,1.35428,1.35178,1.35269,8274.95
1384848900000,1.35269,1.35272,1.3511,1.35162,5417.59
1384849800000,1.35163,1.35193,1.35017,1.35118,4358.8
1384850700000,1.35117,1.35211,1.35117,1.35192,3560.11
1384851600000,1.35197,1.35235,1.3514,1.35142,4508.52
1384852500000,1.35143,1.35169,1.35125,1.35158,3311.97
1384853400000,1.35159,1.3521,1.35097,1.35207,3584.26
1384854300000,1.35206,1.35211,1.351,1.35146,3203.05
1384855200000,1.35143,1.35152,1.34925,1.3499,5385.17
1384856100000,1.3499,1.3502,1.34959,1.35003,3108.58
1384857000000,1.35003,1.35078,1.34985,1.35048,3054.12
1384857900000,1.35049,1.35102,1.34933,1.34944,4299.45
1384858800000,1.34945,1.3505,1.34936,1.35026,3099.74
1384859700000,1.35024,1.35026,1.34915,1.34985,3938.77
1384860600000,1.34985,1.35026,1.34965,1.34994,2717.94
1384861500000,1.34993,1.34996,1.3491,1.34929,2667.08
1384862400000,1.34929,1.3497,1.34872,1.34968,3074.26
1384863300000,1.34968,1.3506,1.3493,1.35046,2782.25
1384864200000,1.35046,1.35071,1.3501,1.35017,2309.54
1384865100000,1.35017,1.35048,1.34985,1.35005,2527.2
1384866000000,1.35005,1.35063,1.35005,1.35017,2457.62
1384866900000,1.35019,1.35066,1.3497,1.35062,3086.21
1384867800000,1.35062,1.3521,1.3506,1.35108,5468.29
1384868700000,1.35108,1.35113,1.3504,1.35099,3258.17
1384869600000,1.35099,1.35121,1.35013,1.35041,3083.65
1384870500000,1.35042,1.35085,1.35035,1.35055,3055.96
1384871400000,1.35055,1.35199,1.35048,1.35176,4539.2
1384872300000,1.35175,1.35239,1.34906,1.34982,7657.32
1384873200000,1.34985,1.35146,1.34933,1.35129,5920.25
1384874100000,1.35129,1.35409,1.35127,1.35294,8100.02
1384875000000,1.35295,1.35362,1.35259,1.35274,4802.35
1384875900000,1.35272,1.35313,1.35235,1.35251,4297.92
1384876800000,1.35256,1.35266,1.35163,1.35185,4326.51
1384877700000,1.35185,1.35311,1.35167,1.35275,3176.43
1384878600000,1.35275,1.35326,1.3523,1.35294,3654.21
1384879500000,1.35294,1.35325,1.35245,1.35283,3289.31
1384880400000,1.35284,1.35323,1.35265,1.35316,2482.14
1384881300000,1.35316,1.35468,1.35285,1.35419,3898.21
1384882200000,1.35418,1.35451,1.35353,1.354,3420.12
1384883100000,1.354,1.35434,1.35339,1.35358,2032.35
1384884000000,1.35356,1.35375,1.35318,1.35375,1742.09
1384884900000,1.35374,1.35395,1.35345,1.35364,1616.71
1384885800000,1.35364,1.35409,1.35336,1.35379,1356.28
1384886700000,1.35379,1.3538,1.353,1.35311,1604.24
1384887600000,1.3531,1.35328,1.3528,1.35305,2264.64
1384888500000,1.35304,1.35311,1.35275,1.35295,1252.12
1384889400000,1.35295,1.35306,1.35266,1.35286,984.09
1384890300000,1.35286,1.35311,1.35279,1.35305,1137.39
1384891200000,1.35306,1.35357,1.35295,1.35357,1386.6
1384892100000,1.35357,1.35388,1.35354,1.35375,1308.42
1384893000000,1.35374,1.3539,1.35353,1.35383,1503.72
1384893900000,1.35381,1.35416,1.3537,1.35394,1362.92
1384894800000,1.35392,1.35409,1.3536,1.35364,918.01
1384895700000,1.35365,1.35376,1.3535,1.35362,617.64
1384896600000,1.35363,1.35387,1.35361,1.35372,643.01
1384897500000,1.35372,1.35395,1.3537,1.35383,932.26
1384898400000,1.3538,1.354,1.35339,1.35357,493.46
1384899300000,1.35357,1.35395,1.35338,1.35345,614.77
1384900200000,1.3535,1.35358,1.35338,1.35356,357.21
1384901100000,1.35355,1.35363,1.3533,1.35356,291.2
1384902000000,1.35356,1.35774,1.35333,1.35755,1923.84
1384902900000,1.35752,1.35756,1.35586,1.35594,2479.21
1384903800000,1.35594,1.35645,1.35571,1.35595,1628.77
1384904700000,1.35595,1.35668,1.35595,1.3564,2162.02
1384905600000,1.3564,1.3564,1.35524,1.35553,2049.48
1384906500000,1.35554,1.35566,1.35515,1.35543,1426.98
1384907400000,1.35544,1.35569,1.3545,1.35476,1683.98
1384908300000,1.35477,1.35605,1.35476,1.35585,3141.26
1384909200000,1.35585,1.35585,1.35485,1.3552,1964.08
1384910100000,1.3552,1.35539,1.35512,1.35537,612.38
1384911000000,1.35537,1.35537,1.35483,1.35497,1163.12
1384911900000,1.35497,1.35507,1.35454,1.35485,1052.36
1384912800000,1.35486,1.35506,1.35455,1.35506,1294.03
1384913700000,1.35508,1.3553,1.35496,1.35525,799.88
1384914600000,1.35525,1.35588,1.35517,1.35587,1221.41
1384915500000,1.35586,1.35595,1.35535,1.35536,634.2
1384916400000,1.35539,1.35621,1.35539,1.35601,752.75
1384917300000,1.35603,1.35639,1.3559,1.3563,1310.08
1384918200000,1.3563,1.35641,1.35557,1.35582,1047.2
1384919100000,1.3558,1.35608,1.35535,1.35548,1130.84
1384920000000,1.35548,1.35589,1.3554,1.3554,715.55
1384920900000,1.3554,1.3554,1.3552,1.35538,572.12
1384921800000,1.35537,1.35547,1.35525,1.35536,477.9
1384922700000,1.35536,1.35537,1.35505,1.35507,624.98
1384923600000,1.35509,1.35525,1.35457,1.35509,1310.1
1384924500000,1.35509,1.35533,1.35495,1.35496,661.16
1384925400000,1.35498,1.35526,1.35486,1.35526,542.51
1384926300000,1.35526,1.3553,1.35511,1.35515,360.18
1384927200000,1.35515,1.35518,1.35455,1.3546,647.82
1384928100000,1.3546,1.35476,1.35406,1.35409,1653.66
1384929000000,1.3541,1.35467,1.35388,1.35466,1738
1384929900000,1.35467,1.35468,1.35394,1.35394,753.41
1384930800000,1.35397,1.35426,1.35377,1.35405,2178.2
1384931700000,1.35405,1.35429,1.35346,1.35381,2009.04
1384932600000,1.35383,1.35416,1.35364,1.35369,1510.56
1384933500000,1.35369,1.35378,1.35308,1.3534,2773.36
1384934400000,1.35338,1.35369,1.35294,1.35319,2800.63
1384935300000,1.35319,1.3533,1.3528,1.3531,2668.94
1384936200000,1.3531,1.35371,1.35286,1.35368,2779.48
1384937100000,1.35367,1.35397,1.35357,1.35365,2695.77
1384938000000,1.35366,1.35385,1.35349,1.35371,2796.8
1384938900000,1.35372,1.35383,1.3533,1.35369,3791.69
1384939800000,1.35369,1.35405,1.35233,1.35238,4768.52
1384940700000,1.35239,1.35252,1.35163,1.35221,3518.8
1384941600000,1.35219,1.35269,1.35185,1.35261,4411.25
1384942500000,1.35261,1.35321,1.35235,1.35321,2996.94
1384943400000,1.3532,1.35325,1.35281,1.35312,2110.25
1384944300000,1.35313,1.35326,1.35226,1.35283,3208.84
1384945200000,1.35283,1.35321,1.3527,1.35317,2846.95
1384946100000,1.35317,1.35326,1.3522,1.35232,2838.62
1384947000000,1.35233,1.35306,1.35219,1.35301,2004.36
1384947900000,1.353,1.35304,1.35247,1.35257,1748.79
1384948800000,1.35257,1.3536,1.3525,1.35338,2722.17
1384949700000,1.35338,1.35348,1.3528,1.35304,2776.69
1384950600000,1.35304,1.35304,1.3522,1.35231,2603.39
1384951500000,1.35231,1.35264,1.3517,1.35189,2680.24
1384952400000,1.3519,1.35277,1.35186,1.35266,3006.82
1384953300000,1.35265,1.35299,1.35235,1.35289,2852.45
1384954200000,1.35289,1.35422,1.3512,1.35361,8265.17
1384955100000,1.35359,1.35441,1.35288,1.35349,4710.06
1384956000000,1.35349,1.35349,1.35247,1.35287,3735.86
1384956900000,1.35286,1.3543,1.35279,1.35377,3698.67
1384957800000,1.35378,1.35467,1.3537,1.3537,4123.93
1384958700000,1.3537,1.35375,1.35295,1.35311,3857.54
1384959600000,1.35311,1.35409,1.35299,1.35408,3947.14
1384960500000,1.35408,1.35432,1.34725,1.34898,9616.57
1384961400000,1.34898,1.34919,1.34545,1.34667,9546.64
1384962300000,1.34665,1.34757,1.34585,1.34645,7567.15
1384963200000,1.34644,1.34721,1.34612,1.34662,4220.01
1384964100000,1.3466,1.34668,1.34465,1.34511,5776.58
1384965000000,1.34508,1.34575,1.3448,1.34572,3540.3
1384965900000,1.34572,1.34585,1.34493,1.34507,2591.3
1384966800000,1.34508,1.34538,1.3449,1.34531,2337.78
1384967700000,1.34532,1.34534,1.34406,1.34466,3094.49
1384968600000,1.34467,1.3449,1.34346,1.34389,3332.46
1384969500000,1.3439,1.34429,1.34375,1.34382,2588.97
1384970400000,1.3438,1.34401,1.3434,1.34368,2037.19
1384971300000,1.34368,1.34376,1.3429,1.34353,3216.56
1384972200000,1.34351,1.34413,1.34341,1.34411,2052.52
1384973100000,1.34412,1.34461,1.3441,1.34423,2316.33
1384974000000,1.34423,1.34468,1.3415,1.34223,10114.44
1384974900000,1.34224,1.34435,1.34222,1.34347,4825.63
1384975800000,1.34349,1.34353,1.34169,1.3423,4234.88
1384976700000,1.3423,1.34271,1.34147,1.34205,3171.26
1384977600000,1.34204,1.34287,1.3418,1.34285,3417.56
1384978500000,1.34286,1.3431,1.34253,1.34258,2927.19
1384979400000,1.34257,1.34293,1.34248,1.34278,1599.04
1384980300000,1.34281,1.34343,1.34257,1.3431,1847.86
1384981200000,1.3431,1.34363,1.34306,1.34349,1597.85
1384982100000,1.3435,1.34363,1.34342,1.34353,1010.51
1384983000000,1.34354,1.34373,1.34342,1.34351,552.23
1384983900000,1.3435,1.34421,1.3435,1.34382,743.69
1384984800000,1.34383,1.34402,1.34374,1.34378,337.83
1384985700000,1.34378,1.34416,1.34371,1.34382,340.89
1384986600000,1.34382,1.34383,1.34363,1.34368,235.56
1384987500000,1.3437,1.3442,1.3436,1.34388,387.43
1384988400000,1.34388,1.34388,1.34346,1.34349,744.21
1384989300000,1.34349,1.34359,1.34335,1.3435,497.75
1384990200000,1.3435,1.34372,1.34338,1.34351,361.13
1384991100000,1.34351,1.34374,1.34295,1.34302,694.82
1384992000000,1.34302,1.3436,1.34284,1.3433,2057.99
1384992900000,1.3433,1.34355,1.34299,1.3432,1230.48
1384993800000,1.3432,1.34326,1.34229,1.34239,1788.08
1384994700000,1.34239,1.3427,1.34199,1.34241,2423.37
1384995600000,1.34241,1.3429,1.34236,1.34266,2434.95
1384996500000,1.34266,1.34301,1.34255,1.34287,1217.63
1384997400000,1.34286,1.34286,1.34243,1.34263,1124.74
1384998300000,1.34262,1.34262,1.34196,1.34229,998.28
1384999200000,1.34228,1.3426,1.34212,1.34241,757.46
1385000100000,1.34242,1.34262,1.3423,1.34245,672.9
1385001000000,1.34245,1.34267,1.34232,1.34258,841.47
1385001900000,1.34258,1.34262,1.3424,1.3424,378.17
1385002800000,1.34243,1.34245,1.34223,1.34231,656.62
1385003700000,1.34231,1.3426,1.34229,1.3426,582.48
1385004600000,1.34254,1.34293,1.34254,1.34268,625.32
1385005500000,1.34269,1.34271,1.34231,1.34232,713.81
1385006400000,1.34232,1.34245,1.34222,1.34228,967.05
1385007300000,1.34228,1.3423,1.34195,1.34229,1109.72
1385008200000,1.34229,1.34229,1.34173,1.34186,907.58
1385009100000,1.34187,1.34199,1.34134,1.34165,1441.78
1385010000000,1.34166,1.3419,1.34143,1.3417,1010.31
1385010900000,1.3417,1.34243,1.34163,1.34225,1137.66
1385011800000,1.34224,1.34253,1.34196,1.34253,622.49
1385012700000,1.34252,1.34272,1.34236,1.34238,895.91
1385013600000,1.3424,1.34264,1.34175,1.3424,2410.54
1385014500000,1.34238,1.34271,1.34228,1.34238,1311.2
1385015400000,1.34239,1.34326,1.34236,1.34316,2614.41
1385016300000,1.34316,1.34317,1.34279,1.34293,1409.55
1385017200000,1.34295,1.34335,1.34284,1.34316,1956.08
1385018100000,1.34315,1.3432,1.34236,1.34262,2324.35
1385019000000,1.34262,1.34327,1.34257,1.34323,2606.69
1385019900000,1.34323,1.34324,1.3403,1.3408,3058.6
1385020800000,1.34079,1.3409,1.33992,1.34017,5118.2
1385021700000,1.34017,1.3427,1.34005,1.34243,4107.01
1385022600000,1.34243,1.34306,1.3424,1.34288,3766.67
1385023500000,1.34289,1.34338,1.34256,1.34277,3391.55
1385024400000,1.34279,1.34345,1.34173,1.34275,5117.96
1385025300000,1.34274,1.344,1.34268,1.3438,4099.17
1385026200000,1.3438,1.34413,1.34335,1.34348,3526.23
1385027100000,1.34348,1.34363,1.34288,1.34297,3101.98
1385028000000,1.34298,1.34375,1.34286,1.34349,2948.44
1385028900000,1.3435,1.34351,1.34238,1.34281,3042.67
1385029800000,1.34282,1.3439,1.34282,1.34365,2426.87
1385030700000,1.34365,1.34434,1.3436,1.34396,3203.7
1385031600000,1.34397,1.34462,1.3436,1.34378,3469.3
1385032500000,1.34379,1.34405,1.34282,1.34302,3472.19
1385033400000,1.34303,1.3477,1.34298,1.34677,7777.78
1385034300000,1.34677,1.34738,1.34615,1.34656,5069.89
1385035200000,1.34657,1.34711,1.34647,1.3466,3595.04
1385036100000,1.34659,1.34676,1.34549,1.34574,2733.57
1385037000000,1.34576,1.34638,1.34565,1.34611,2202.91
1385037900000,1.3461,1.34682,1.34575,1.34647,2385.79
1385038800000,1.34646,1.34724,1.34612,1.34717,3840.83
1385039700000,1.34717,1.34723,1.34589,1.34591,4709.11
1385040600000,1.34593,1.34683,1.3455,1.34587,5070.75
1385041500000,1.34589,1.34746,1.34564,1.34615,5861.27
1385042400000,1.34615,1.34692,1.34543,1.34659,6100.28
1385043300000,1.34658,1.34683,1.34525,1.34613,4844.23
1385044200000,1.34613,1.34621,1.3454,1.34581,4675.82
1385045100000,1.34581,1.34581,1.3444,1.34488,5944.18
1385046000000,1.34486,1.34756,1.34465,1.34691,7892.02
1385046900000,1.3469,1.34693,1.34494,1.34497,5197.3
1385047800000,1.34497,1.34648,1.34475,1.3454,5950.62
1385048700000,1.34541,1.34659,1.34532,1.34622,4754.29
1385049600000,1.34624,1.34652,1.34572,1.34599,4412.42
1385050500000,1.34599,1.34788,1.34585,1.3474,5453.89
1385051400000,1.3474,1.3478,1.34667,1.34677,3817.8
1385052300000,1.34677,1.34762,1.34677,1.34698,3059.31
1385053200000,1.34698,1.3471,1.3464,1.34657,2625.91
1385054100000,1.34658,1.34743,1.34639,1.34689,2792.31
1385055000000,1.34689,1.34721,1.34615,1.34649,2493.8
1385055900000,1.34646,1.34648,1.3456,1.34585,2464.46
1385056800000,1.34588,1.34636,1.34565,1.346,3116.41
1385057700000,1.34602,1.3461,1.34457,1.34482,1936.74
1385058600000,1.34481,1.34613,1.34481,1.346,2853.22
1385059500000,1.34598,1.34631,1.34535,1.34545,2377.49
1385060400000,1.34545,1.34589,1.34495,1.34525,1658.65
1385061300000,1.34525,1.34592,1.34525,1.3459,1222.55
1385062200000,1.3459,1.34646,1.34562,1.3463,1997.89
1385063100000,1.3463,1.34652,1.346,1.34612,3165.79
1385064000000,1.34612,1.34659,1.34585,1.34654,1879.18
1385064900000,1.34654,1.34702,1.34643,1.34669,1227.13
1385065800000,1.34668,1.34672,1.34645,1.34655,1367.36
1385066700000,1.34655,1.34697,1.34648,1.34696,1636.89
1385067600000,1.34695,1.3474,1.3467,1.34735,1900.46
1385068500000,1.34738,1.34864,1.34737,1.34826,1908.47
1385069400000,1.34826,1.34826,1.34741,1.34777,1698.88
1385070300000,1.34777,1.3482,1.34769,1.34813,759.27
1385071200000,1.34814,1.34859,1.34796,1.3481,527.67
1385072100000,1.34809,1.34825,1.34785,1.34793,352.04
1385073000000,1.34793,1.34793,1.34725,1.34781,372.25
1385073900000,1.34785,1.34786,1.34751,1.34755,223.41
1385074800000,1.34754,1.3477,1.34747,1.34753,589.35
1385075700000,1.34753,1.34775,1.34738,1.3475,717.96
1385076600000,1.34753,1.34764,1.34705,1.34732,880.96
1385077500000,1.34733,1.34735,1.34701,1.3471,487.91
1385078400000,1.3471,1.34723,1.34672,1.3472,927.02
1385079300000,1.34721,1.34742,1.34704,1.3473,956.25
1385080200000,1.3473,1.34763,1.34727,1.3475,936.95
1385081100000,1.3475,1.3475,1.3471,1.34727,1101.27
1385082000000,1.34728,1.34798,1.34727,1.34788,1223.69
1385082900000,1.3479,1.3479,1.34737,1.34745,708.6
1385083800000,1.34747,1.34756,1.34726,1.34727,746.19
1385084700000,1.34725,1.34731,1.34698,1.347,1098.82
1385085600000,1.347,1.34714,1.3468,1.34708,893.49
1385086500000,1.34709,1.34729,1.34698,1.347,958.39
1385087400000,1.347,1.34734,1.34687,1.34722,887.55
1385088300000,1.34723,1.34733,1.34697,1.34714,610.4
1385089200000,1.34714,1.34721,1.34688,1.34696,818.11
1385090100000,1.34697,1.34709,1.34649,1.3465,1090.1
1385091000000,1.34647,1.34678,1.34623,1.3463,1850.94
1385091900000,1.3463,1.34674,1.3463,1.3466,1335.81
1385092800000,1.3466,1.3467,1.3463,1.3465,728.82
1385093700000,1.34648,1.3468,1.3464,1.3467,1067.8
1385094600000,1.3467,1.34681,1.34648,1.3467,1084.41
1385095500000,1.34669,1.34669,1.34628,1.34646,1157.24
1385096400000,1.34645,1.34691,1.34641,1.34669,667.8
1385097300000,1.3467,1.3475,1.34639,1.3474,765.56
1385098200000,1.34739,1.34754,1.34719,1.3472,589.03
1385099100000,1.34722,1.34743,1.34715,1.34734,634
1385100000000,1.34734,1.3476,1.34698,1.34755,990.75
1385100900000,1.34753,1.34756,1.34727,1.34751,852.88
1385101800000,1.3475,1.34894,1.3473,1.34835,1734.59
1385102700000,1.34836,1.34886,1.34823,1.34838,1810
1385103600000,1.34838,1.34899,1.34828,1.34838,1930.85
1385104500000,1.34838,1.34845,1.34785,1.34807,1855.06
1385105400000,1.34807,1.34838,1.34797,1.34816,2260.13
1385106300000,1.34816,1.34898,1.34796,1.34849,2855.51
1385107200000,1.34849,1.34981,1.34823,1.3494,3801.26
1385108100000,1.3494,1.34973,1.34881,1.34916,3691.25
1385109000000,1.34915,1.34976,1.34915,1.3494,2902.11
1385109900000,1.34939,1.34962,1.34925,1.3494,2767.53
1385110800000,1.34935,1.35265,1.34935,1.35181,6351.48
1385111700000,1.35181,1.35211,1.35156,1.35173,3750.62
1385112600000,1.35174,1.35177,1.3511,1.35153,2821.12
1385113500000,1.35154,1.35164,1.35112,1.35112,2153.16
1385114400000,1.35112,1.35244,1.35098,1.35233,3444.58
1385115300000,1.35232,1.35266,1.3517,1.3518,4413.46
1385116200000,1.35181,1.35194,1.3512,1.35151,3195.1
1385117100000,1.3515,1.35162,1.35131,1.35138,1969.66
1385118000000,1.35139,1.35169,1.3511,1.35145,2277.78
1385118900000,1.35145,1.35189,1.35134,1.35181,1692.11
1385119800000,1.35182,1.35186,1.35137,1.35173,1769.96
1385120700000,1.35172,1.35197,1.35132,1.3514,3017.1
1385121600000,1.35141,1.35204,1.3514,1.35202,2455.55
1385122500000,1.35201,1.35335,1.35186,1.35298,4445.83
1385123400000,1.35299,1.35386,1.35294,1.35315,4468.53
1385124300000,1.35313,1.35334,1.35265,1.35278,2884.52
1385125200000,1.35279,1.35317,1.35154,1.35171,4455.07
1385126100000,1.35173,1.35186,1.35129,1.35168,4186.17
1385127000000,1.35166,1.35239,1.35137,1.35175,3525.58
1385127900000,1.35176,1.35235,1.35175,1.35229,2834.13
1385128800000,1.35229,1.3526,1.35143,1.3518,2993.86
1385129700000,1.3518,1.3521,1.35148,1.3519,2492.73
1385130600000,1.35189,1.35284,1.35167,1.35263,3766.73
1385131500000,1.35264,1.35341,1.35219,1.35339,4298.76
1385132400000,1.3533,1.35373,1.35265,1.35284,4269.7
1385133300000,1.35286,1.35312,1.35225,1.35252,3259.17
1385134200000,1.35251,1.35272,1.35229,1.3525,2348.01
1385135100000,1.3525,1.35303,1.35204,1.35209,3245.2
1385136000000,1.35209,1.35298,1.35208,1.35297,3268.16
1385136900000,1.35297,1.35364,1.35281,1.35326,3355.89
1385137800000,1.35324,1.35442,1.35322,1.35434,3821.99
1385138700000,1.35434,1.35533,1.35418,1.35466,4833.18
1385139600000,1.35467,1.355,1.35422,1.35437,2825.68
1385140500000,1.35437,1.35451,1.3537,1.3537,2950.5
1385141400000,1.35368,1.35442,1.35368,1.35438,1436.81
1385142300000,1.35437,1.35467,1.3536,1.35386,2182.22
1385143200000,1.35385,1.3544,1.35381,1.35414,1358.44
1385144100000,1.35412,1.35431,1.35396,1.35418,908.54
1385145000000,1.35417,1.35465,1.35411,1.35454,758.83
1385145900000,1.35454,1.35506,1.35444,1.35491,949.49
1385146800000,1.35489,1.35503,1.35474,1.35479,935.76
1385147700000,1.3548,1.35492,1.35467,1.35471,726.91
1385148600000,1.35471,1.35483,1.35465,1.3548,651.72
1385149500000,1.3548,1.35511,1.35461,1.35505,998.47
1385150400000,1.35505,1.35513,1.35472,1.35473,1384.17
1385151300000,1.35473,1.35513,1.35461,1.35512,1432.43
1385152200000,1.35512,1.35517,1.35489,1.355,940.19
1385153100000,1.35499,1.35505,1.35465,1.35492,1607.42
1385154000000,1.35491,1.35496,1.35465,1.35483,971.73
1385154900000,1.35481,1.35504,1.35478,1.35495,402.07
1385155800000,1.35497,1.35569,1.35496,1.35564,620.05
1385156700000,1.35562,1.35568,1.35544,1.35564,989.36
1385329500000,1.35481,1.35481,1.35481,1.35481,0.25
1385330400000,1.35486,1.35515,1.3548,1.35503,111.23
1385331300000,1.35503,1.35521,1.35476,1.35518,204.57
1385332200000,1.35518,1.35549,1.35516,1.35541,97.79
1385333100000,1.35538,1.35544,1.35535,1.35537,174.33
1385334000000,1.3554,1.3555,1.35501,1.3555,643.21
1385334900000,1.3555,1.35599,1.35547,1.35573,894.68
1385335800000,1.35575,1.35581,1.3553,1.3553,695.76
1385336700000,1.35529,1.3553,1.35505,1.35512,383.82
1385337600000,1.35513,1.3553,1.35483,1.35483,725.86
1385338500000,1.35483,1.35533,1.35481,1.35495,709.63
1385339400000,1.35493,1.35513,1.35458,1.35492,1298.02
1385340300000,1.35492,1.35503,1.35458,1.35481,1723.66
1385341200000,1.35481,1.35495,1.35448,1.35453,1713.5
1385342100000,1.35454,1.35475,1.3543,1.35438,924.61
1385343000000,1.35436,1.35563,1.3542,1.35551,2529.46
1385343900000,1.35551,1.35552,1.35412,1.3543,1704.08
1385344800000,1.3543,1.35466,1.35395,1.35411,1679.38
1385345700000,1.35411,1.35449,1.35395,1.35447,1005.25
1385346600000,1.35447,1.35461,1.35435,1.35447,803.3
1385347500000,1.35448,1.35493,1.35439,1.35465,882.95
1385348400000,1.35468,1.35494,1.35468,1.35468,671.79
1385349300000,1.35468,1.35472,1.35437,1.35461,382.52
1385350200000,1.35462,1.35481,1.35444,1.3546,502.92
1385351100000,1.35458,1.35482,1.3544,1.35453,499.53
1385352000000,1.35452,1.35462,1.35423,1.35461,877.19
1385352900000,1.35461,1.35481,1.35441,1.35453,593.44
1385353800000,1.35452,1.35467,1.35439,1.35442,583.06
1385354700000,1.35444,1.35449,1.35397,1.35406,1474.78
1385355600000,1.35408,1.35441,1.35396,1.3541,1024.46
1385356500000,1.35411,1.35422,1.35395,1.35417,866.64
1385357400000,1.35415,1.35415,1.35375,1.354,747.46
1385358300000,1.35401,1.35437,1.35397,1.35416,1160.86
1385359200000,1.35415,1.35415,1.35345,1.35351,1912.65
1385360100000,1.3535,1.35382,1.3534,1.3536,1756.95
1385361000000,1.3536,1.35389,1.3534,1.35378,1047.01
1385361900000,1.35379,1.35422,1.35353,1.35404,1200.15
1385362800000,1.35403,1.35422,1.35387,1.35409,1431.05
1385363700000,1.3541,1.35451,1.35398,1.35402,1404.82
1385364600000,1.35402,1.35434,1.35335,1.35355,1948.31
1385365500000,1.35356,1.35433,1.35348,1.354,1935.27
1385366400000,1.35398,1.35403,1.3536,1.35364,2480.79
1385367300000,1.35363,1.35414,1.35288,1.35302,3738.79
1385368200000,1.35301,1.35336,1.35283,1.35335,2706.51
1385369100000,1.35334,1.35343,1.35258,1.35294,2516.37
1385370000000,1.35293,1.35346,1.35264,1.35305,2811.92
1385370900000,1.35305,1.35355,1.3513,1.35185,4372.55
1385371800000,1.35185,1.35235,1.35133,1.35151,4478.85
1385372700000,1.35151,1.35175,1.35117,1.35168,2561.11
1385373600000,1.35167,1.35205,1.3515,1.35162,2372.27
1385374500000,1.35162,1.35163,1.3508,1.35101,2558.27
1385375400000,1.351,1.35128,1.35083,1.35118,2318.47
1385376300000,1.35116,1.35142,1.3511,1.35123,1959.34
1385377200000,1.35124,1.35153,1.35098,1.35128,2873.21
1385378100000,1.35128,1.35206,1.3512,1.35174,2012.28
1385379000000,1.35173,1.35188,1.35135,1.35182,2500.54
1385379900000,1.35183,1.35265,1.35169,1.35263,2369.16
1385380800000,1.35263,1.35264,1.35215,1.35228,1952.39
1385381700000,1.35229,1.35256,1.35163,1.35166,1932.92
1385382600000,1.35168,1.35211,1.3515,1.3521,2978.08
1385383500000,1.3521,1.35266,1.35176,1.35266,2671.95
1385384400000,1.35266,1.35282,1.3513,1.3513,4319.69
1385385300000,1.3513,1.35163,1.3509,1.35113,4629.26
1385386200000,1.35113,1.35152,1.3504,1.35129,5335.34
1385387100000,1.35131,1.35142,1.35074,1.3513,4113.55
1385388000000,1.35131,1.35151,1.3503,1.3504,3582
1385388900000,1.3504,1.35054,1.34964,1.35054,5504.39
1385389800000,1.35054,1.35145,1.35051,1.35112,3978.71
1385390700000,1.35113,1.35113,1.3496,1.35031,4775.09
1385391600000,1.35031,1.35137,1.349,1.34923,7503
1385392500000,1.34928,1.35087,1.34907,1.35035,5113.41
1385393400000,1.35035,1.35101,1.35033,1.35074,3125.83
1385394300000,1.35073,1.35126,1.3505,1.35052,3653.67
1385395200000,1.35054,1.35086,1.34946,1.34958,3980.45
1385396100000,1.34958,1.34994,1.3494,1.34982,2349.79
1385397000000,1.34981,1.35004,1.34949,1.34974,2066.59
1385397900000,1.34974,1.35022,1.34962,1.35019,2252.96
1385398800000,1.35019,1.35075,1.35004,1.35051,1746.04
1385399700000,1.35052,1.35086,1.3504,1.35057,1736.7
1385400600000,1.35056,1.35116,1.35051,1.35116,1900.07
1385401500000,1.35116,1.35169,1.35097,1.3514,2176.79
1385402400000,1.35139,1.35151,1.35091,1.35119,1966.45
1385403300000,1.3512,1.3514,1.35088,1.3511,1502.36
1385404200000,1.35109,1.3516,1.35109,1.3516,1297.62
1385405100000,1.35161,1.3519,1.35132,1.35156,1430.73
1385406000000,1.35155,1.35155,1.35112,1.35133,961.67
1385406900000,1.35134,1.35146,1.35106,1.35122,1040.16
1385407800000,1.35122,1.35154,1.35113,1.35137,1236.89
1385408700000,1.35138,1.3516,1.35131,1.35154,1322.77
1385409600000,1.35153,1.3517,1.35127,1.3513,991.78
1385410500000,1.3513,1.35184,1.3513,1.35179,1284.19
1385411400000,1.35176,1.35203,1.35162,1.35175,1430.34
1385412300000,1.35174,1.35206,1.35158,1.35192,1260.66
1385413200000,1.35192,1.35194,1.35138,1.35143,884.39
1385414100000,1.35142,1.35145,1.35126,1.35133,352.88
1385415000000,1.35134,1.35179,1.3513,1.35163,337.76
1385415900000,1.35163,1.35185,1.35161,1.35162,590.53
1385416800000,1.35164,1.35187,1.35155,1.35187,246.2
1385417700000,1.35187,1.35207,1.35172,1.352,506.97
1385418600000,1.35198,1.3521,1.35172,1.35197,401.38
1385419500000,1.35196,1.35243,1.35196,1.3522,594.8
1385420400000,1.35224,1.35237,1.35193,1.35226,558.07
1385421300000,1.35226,1.35269,1.35215,1.35265,629.59
1385422200000,1.35265,1.35269,1.35233,1.35238,556.78
1385423100000,1.35239,1.35335,1.35222,1.35334,870.94
1385424000000,1.35333,1.35344,1.3528,1.35328,1655.73
1385424900000,1.35327,1.35342,1.3529,1.35291,1141.22
1385425800000,1.35291,1.35291,1.35248,1.35251,1570.74
1385426700000,1.3525,1.35374,1.35243,1.35374,2105.29
1385427600000,1.35374,1.35408,1.35349,1.35385,2040.45
1385428500000,1.35387,1.35404,1.35368,1.3537,1016.99
1385429400000,1.35371,1.35394,1.35367,1.35368,1025.67
1385430300000,1.35369,1.35403,1.35357,1.35387,961.39
1385431200000,1.35387,1.35391,1.35357,1.35357,461
1385432100000,1.35359,1.35359,1.35327,1.3534,550.95
1385433000000,1.3534,1.35383,1.35318,1.35319,924.01
1385433900000,1.35319,1.35328,1.35289,1.35293,1293.29
1385434800000,1.35293,1.35313,1.35289,1.35304,640.77
1385435700000,1.35303,1.35335,1.35302,1.35303,780.89
1385436600000,1.35301,1.35336,1.353,1.3531,1537.36
1385437500000,1.3531,1.35314,1.35285,1.35303,612.73
1385438400000,1.35301,1.35321,1.35288,1.35321,543.46
1385439300000,1.35322,1.35346,1.35309,1.35345,706.93
1385440200000,1.35345,1.35353,1.35311,1.35313,392.03
1385441100000,1.35313,1.35333,1.35307,1.35331,493.65
1385442000000,1.35331,1.35333,1.35302,1.35312,751.42
1385442900000,1.35313,1.35314,1.3527,1.35273,818.89
1385443800000,1.35275,1.35323,1.35274,1.35315,783.29
1385444700000,1.35313,1.35335,1.35293,1.35312,682.68
1385445600000,1.35311,1.3533,1.35295,1.35325,888.48
1385446500000,1.35325,1.35332,1.35317,1.35325,368.23
1385447400000,1.35325,1.35327,1.35281,1.35284,1022.3
1385448300000,1.35285,1.353,1.35277,1.35285,1384.06
1385449200000,1.35287,1.35376,1.35285,1.35375,1795.45
1385450100000,1.35375,1.35424,1.35344,1.3541,1750.03
1385451000000,1.3541,1.35482,1.35409,1.35447,2858.46
1385451900000,1.35447,1.3545,1.35394,1.354,1947.05
1385452800000,1.35401,1.35494,1.35397,1.35493,3411.99
1385453700000,1.35492,1.3571,1.35478,1.35626,6672.65
1385454600000,1.35626,1.35665,1.3552,1.35527,4795.45
1385455500000,1.35529,1.35578,1.35494,1.35555,3865.26
1385456400000,1.35555,1.35589,1.35515,1.35537,3364.87
1385457300000,1.35537,1.35574,1.35535,1.35561,2381.76
1385458200000,1.3556,1.35614,1.35507,1.35522,2554.69
1385459100000,1.3552,1.3553,1.35456,1.3551,2513.57
1385460000000,1.35509,1.35537,1.35467,1.35491,2439.9
1385460900000,1.35491,1.3551,1.35372,1.35389,3406.83
1385461800000,1.35387,1.35461,1.35379,1.3545,2625.53
1385462700000,1.3545,1.35532,1.35445,1.35511,2699.23
1385463600000,1.35512,1.35533,1.3547,1.35471,1986.57
1385464500000,1.35471,1.35478,1.35369,1.35425,3011.5
1385465400000,1.35425,1.35445,1.35398,1.35442,1501.73
1385466300000,1.35441,1.35491,1.35432,1.35472,2814.09
1385467200000,1.35472,1.35481,1.35441,1.35476,2472.1
1385468100000,1.35477,1.35477,1.3542,1.35462,2538.31
1385469000000,1.35463,1.35503,1.3546,1.35471,2343.85
1385469900000,1.35472,1.35492,1.35458,1.35472,2007.81
1385470800000,1.35473,1.35503,1.35468,1.3548,2586.39
1385471700000,1.35481,1.35526,1.35431,1.35447,2751.02
1385472600000,1.35445,1.35465,1.35384,1.35443,2725.18
1385473500000,1.35443,1.35483,1.35423,1.35474,2478.67
1385474400000,1.35472,1.35472,1.35222,1.35256,5525.01
1385475300000,1.35255,1.35322,1.35205,1.353,3516.02
1385476200000,1.35305,1.35321,1.35231,1.35292,3729.88
1385477100000,1.35291,1.35495,1.35218,1.35229,8021.2
1385478000000,1.35225,1.35408,1.35225,1.35321,7134.4
1385478900000,1.35323,1.35495,1.35297,1.35422,4439.51
1385479800000,1.35422,1.3545,1.35366,1.35379,4549.16
1385480700000,1.3538,1.35638,1.35378,1.356,5193.42
1385481600000,1.35601,1.35616,1.3553,1.35546,5983.03
1385482500000,1.35546,1.35577,1.35497,1.3555,3705.45
1385483400000,1.35548,1.35609,1.35536,1.35591,3975.96
1385484300000,1.35592,1.35592,1.35523,1.35541,2448.19
1385485200000,1.35541,1.35573,1.35526,1.35536,1834.08
1385486100000,1.35534,1.35548,1.355,1.35505,2143.04
1385487000000,1.35503,1.3557,1.35495,1.3554,2198.78
1385487900000,1.35538,1.35602,1.35525,1.35566,2387.38
1385488800000,1.35567,1.35684,1.35548,1.35636,2432.11
1385489700000,1.35636,1.3566,1.35606,1.35639,2013.85
1385490600000,1.35639,1.35721,1.35633,1.35677,2334.24
1385491500000,1.35677,1.35697,1.3562,1.3562,2140.83
1385492400000,1.35621,1.35656,1.35616,1.35635,1708.33
1385493300000,1.35633,1.35709,1.3562,1.35704,1797.03
1385494200000,1.35702,1.35746,1.35689,1.35719,2403.35
1385495100000,1.3572,1.35747,1.35708,1.3574,2192.26
1385496000000,1.35737,1.35739,1.35685,1.35689,1359.63
1385496900000,1.35689,1.3571,1.3567,1.35699,1169.6
1385497800000,1.35697,1.35708,1.35674,1.35701,1032.26
1385498700000,1.35701,1.35706,1.35674,1.35689,1158.16
1385499600000,1.35688,1.35741,1.35682,1.35717,1174.42
1385500500000,1.35717,1.35739,1.35712,1.35732,914.84
1385501400000,1.35733,1.35743,1.3571,1.35712,732.07
1385502300000,1.35712,1.35741,1.35711,1.35721,593.73
1385503200000,1.35722,1.35724,1.35685,1.35695,246.97
1385504100000,1.35689,1.35701,1.35685,1.35692,307.2
1385505000000,1.35692,1.35692,1.35679,1.35681,235.77
1385505900000,1.35681,1.3569,1.35666,1.35667,496.46
1385506800000,1.35672,1.35691,1.3567,1.35676,312.91
1385507700000,1.35677,1.35683,1.35665,1.35667,419.79
1385508600000,1.35668,1.35685,1.35658,1.35679,548.36
1385509500000,1.35679,1.35679,1.35661,1.35667,338.53
1385510400000,1.35669,1.35676,1.35635,1.35666,731.23
1385511300000,1.35667,1.3569,1.35665,1.35682,896.78
1385512200000,1.35684,1.35693,1.35654,1.35668,1325.85
1385513100000,1.35668,1.35673,1.3561,1.35624,1997.59
1385514000000,1.35625,1.35653,1.35618,1.3564,1451.26
1385514900000,1.3564,1.35659,1.35621,1.35638,1066.94
1385515800000,1.35639,1.35639,1.35588,1.3559,1362.44
1385516700000,1.3559,1.35612,1.35577,1.35612,816.7
1385517600000,1.3561,1.35625,1.35588,1.35602,630.14
1385518500000,1.35603,1.35641,1.356,1.3564,434.92
1385519400000,1.35641,1.35645,1.3562,1.35631,350.31
1385520300000,1.35631,1.3569,1.35631,1.35682,1464.99
1385521200000,1.3568,1.35732,1.35619,1.35727,1440.25
1385522100000,1.35727,1.35741,1.35687,1.35711,1447.16
1385523000000,1.35711,1.3599,1.3571,1.35935,3452.15
1385523900000,1.35935,1.3596,1.35874,1.35926,3138.23
1385524800000,1.35926,1.3597,1.3589,1.3593,1543.05
1385525700000,1.35931,1.3596,1.35912,1.3596,1714.04
1385526600000,1.35959,1.35979,1.35898,1.35912,1737.02
1385527500000,1.35912,1.35955,1.359,1.35948,1036.06
1385528400000,1.35942,1.35974,1.35918,1.35945,1694.33
1385529300000,1.35944,1.3597,1.35934,1.35958,924.25
1385530200000,1.35959,1.35961,1.35896,1.35926,1565.44
1385531100000,1.35925,1.35947,1.35888,1.35888,1100
1385532000000,1.35888,1.35911,1.3585,1.35899,1355.73
1385532900000,1.359,1.35945,1.35896,1.35937,1225.54
1385533800000,1.35937,1.35937,1.3573,1.35784,2883.39
1385534700000,1.35784,1.35855,1.35783,1.35806,1701.77
1385535600000,1.35803,1.35838,1.3576,1.35766,1995.15
1385536500000,1.35767,1.358,1.35732,1.35761,1872.81
1385537400000,1.35761,1.35813,1.35724,1.35811,2266.75
1385538300000,1.35812,1.35833,1.35761,1.35777,2341.51
1385539200000,1.35777,1.35812,1.35744,1.35802,1968.29
1385540100000,1.35802,1.35875,1.35798,1.35841,3029.61
1385541000000,1.35843,1.35898,1.3582,1.35881,3315.48
1385541900000,1.35882,1.35893,1.3585,1.35893,2510.02
1385542800000,1.35894,1.35936,1.35875,1.3591,3283.33
1385543700000,1.3591,1.35985,1.3591,1.35962,3395.68
1385544600000,1.35961,1.36123,1.35906,1.36078,4849.08
1385545500000,1.36083,1.36128,1.3604,1.36059,5834.89
1385546400000,1.36058,1.3606,1.36014,1.36025,3162.81
1385547300000,1.36025,1.36027,1.3598,1.35989,2308.13
1385548200000,1.35988,1.3599,1.35947,1.35981,3059.53
1385549100000,1.35982,1.36031,1.35934,1.3599,2816.16
1385550000000,1.35991,1.36032,1.35941,1.35981,3588
1385550900000,1.3598,1.36003,1.35943,1.35973,1554.64
1385551800000,1.35973,1.36028,1.3594,1.3596,2575.33
1385552700000,1.35961,1.35991,1.3593,1.35977,3110.31
1385553600000,1.35977,1.35981,1.35912,1.35951,2774.69
1385554500000,1.35951,1.35971,1.35934,1.35952,2073.05
1385555400000,1.35953,1.3597,1.35925,1.35952,2733.05
1385556300000,1.35953,1.35961,1.35885,1.3592,2314
1385557200000,1.35921,1.36009,1.35921,1.35962,2945.97
1385558100000,1.35963,1.36001,1.3594,1.35945,3598.95
1385559000000,1.35944,1.36032,1.35867,1.36011,4624.79
1385559900000,1.36011,1.36048,1.35993,1.36012,4403.28
1385560800000,1.36011,1.36088,1.35991,1.36027,5479.08
1385561700000,1.36027,1.3603,1.3587,1.35885,5204.56
1385562600000,1.35885,1.3596,1.3585,1.35877,5354.22
1385563500000,1.35878,1.35944,1.35768,1.35806,6802.55
1385564400000,1.35804,1.35896,1.3579,1.35852,4674.42
1385565300000,1.35853,1.35896,1.35787,1.35789,3976.23
1385566200000,1.35788,1.35837,1.35717,1.35821,4337.21
1385567100000,1.35821,1.35848,1.35726,1.35732,4802.97
1385568000000,1.35731,1.3578,1.3572,1.35779,2982.69
1385568900000,1.35778,1.35815,1.35755,1.35775,3200.63
1385569800000,1.35776,1.35783,1.35638,1.35666,4391.48
1385570700000,1.35668,1.35678,1.3562,1.35626,3315.12
1385571600000,1.35626,1.35664,1.3559,1.35647,3585.58
1385572500000,1.3565,1.35671,1.3561,1.35665,2074.23
1385573400000,1.35663,1.3567,1.35626,1.35669,1777.26
1385574300000,1.35669,1.35742,1.35667,1.35702,2369.01
1385575200000,1.35702,1.35741,1.3569,1.35698,1582.23
1385576100000,1.35698,1.35706,1.35672,1.35692,1509.05
1385577000000,1.35692,1.35733,1.35671,1.35678,1489.75
1385577900000,1.35677,1.35692,1.35663,1.35681,1182.7
1385578800000,1.35682,1.35689,1.35658,1.35673,1049.64
1385579700000,1.35673,1.35704,1.35671,1.35698,808.65
1385580600000,1.35699,1.35732,1.35693,1.35732,1017.42
1385581500000,1.35731,1.35762,1.35719,1.35735,1396.67
1385582400000,1.35735,1.35741,1.35708,1.35733,1508.69
1385583300000,1.35734,1.35751,1.3572,1.35731,1007.75
1385584200000,1.35731,1.3574,1.35691,1.35706,967.93
1385585100000,1.35708,1.35743,1.35698,1.35734,1430.62
1385586000000,1.35734,1.35744,1.35719,1.35744,779.39
1385586900000,1.35744,1.35782,1.3573,1.35765,1189.26
1385587800000,1.35765,1.35793,1.35758,1.35784,762.31
1385588700000,1.35784,1.35796,1.35777,1.35795,569.91
1385589600000,1.35791,1.35791,1.35751,1.35758,242.02
1385590500000,1.35757,1.35763,1.35725,1.35739,233.25
1385591400000,1.35739,1.35747,1.35735,1.35739,340.82
1385592300000,1.3574,1.35779,1.35738,1.35779,403.32
1385593200000,1.35779,1.35784,1.35736,1.35739,680.63
1385594100000,1.35741,1.35752,1.35718,1.3573,632.4
1385595000000,1.35731,1.35744,1.35726,1.35733,326.13
1385595900000,1.35734,1.35741,1.35721,1.35731,281.61
1385596800000,1.35733,1.35739,1.357,1.3571,1656.72
1385597700000,1.3571,1.35732,1.35705,1.35708,918.71
1385598600000,1.35705,1.35736,1.35636,1.35651,1544.97
1385599500000,1.35651,1.35691,1.35644,1.35663,2699.61
1385600400000,1.35663,1.35687,1.35651,1.35685,723.31
1385601300000,1.35684,1.35731,1.35681,1.3572,782.76
1385602200000,1.35721,1.35734,1.35702,1.35714,610.21
1385603100000,1.35714,1.35733,1.35703,1.35716,721.31
1385604000000,1.35715,1.35731,1.35704,1.35726,850.51
1385604900000,1.35725,1.35729,1.35688,1.35708,760.32
1385605800000,1.35707,1.35754,1.35707,1.35738,572.89
1385606700000,1.35738,1.35763,1.35727,1.35746,664.64
1385607600000,1.35745,1.35753,1.35731,1.35748,689.51
1385608500000,1.35749,1.35764,1.35743,1.35762,359.42
1385609400000,1.35763,1.35763,1.3574,1.35759,619.29
1385610300000,1.35758,1.35781,1.35754,1.3578,684.44
1385611200000,1.35781,1.35791,1.35769,1.35778,628.15
1385612100000,1.35778,1.35795,1.35765,1.35771,903.2
1385613000000,1.3577,1.35812,1.35761,1.35799,1011.69
1385613900000,1.35798,1.35862,1.35797,1.35861,985.17
1385614800000,1.35862,1.35876,1.35837,1.35852,1220.03
1385615700000,1.35853,1.35863,1.3584,1.35842,834.45
1385616600000,1.35842,1.35854,1.35829,1.35834,1064.86
1385617500000,1.35833,1.35852,1.35828,1.3585,885.13
1385618400000,1.3585,1.35865,1.35817,1.35857,731.96
1385619300000,1.35856,1.35872,1.3584,1.35872,464.51
1385620200000,1.35872,1.35876,1.35825,1.35839,729.54
1385621100000,1.3584,1.35846,1.35769,1.35773,1573.21
1385622000000,1.35775,1.35781,1.3568,1.35697,3201.9
1385622900000,1.35697,1.35757,1.35695,1.35742,1801.01
1385623800000,1.35744,1.3578,1.35728,1.35759,1919.86
1385624700000,1.35758,1.35808,1.35745,1.35788,1964.61
1385625600000,1.3579,1.36105,1.3579,1.3602,8981.71
1385626500000,1.3602,1.36089,1.36019,1.36051,4631.68
1385627400000,1.36052,1.36071,1.35995,1.36018,3018.91
1385628300000,1.36017,1.36093,1.35995,1.36071,5345.41
1385629200000,1.36072,1.3618,1.35957,1.36041,5746.62
1385630100000,1.36041,1.36074,1.35991,1.36011,2637.5
1385631000000,1.36008,1.36085,1.35997,1.36039,3313.65
1385631900000,1.36037,1.36037,1.35961,1.36002,2908.04
1385632800000,1.36002,1.36039,1.35925,1.36001,3811.07
1385633700000,1.36001,1.36016,1.35969,1.35989,2564.94
1385634600000,1.35989,1.3601,1.3594,1.3594,4082.47
1385635500000,1.35939,1.35981,1.35895,1.35918,2986.92
1385636400000,1.35918,1.35959,1.35871,1.35958,3509.72
1385637300000,1.35957,1.35972,1.35932,1.35967,1777.28
1385638200000,1.35967,1.35996,1.3594,1.35948,2407.63
1385639100000,1.35947,1.35952,1.35911,1.35917,2064.19
1385640000000,1.35916,1.35952,1.3589,1.3595,2310.71
1385640900000,1.35949,1.35961,1.3592,1.35927,2327.52
1385641800000,1.35924,1.35951,1.35887,1.35917,2637.87
1385642700000,1.35915,1.3595,1.35892,1.35925,2209.41
1385643600000,1.35925,1.36059,1.35918,1.35924,3638.08
1385644500000,1.35923,1.35999,1.35922,1.35977,2132.96
1385645400000,1.35978,1.36028,1.35965,1.36012,2619.29
1385646300000,1.36014,1.36017,1.35937,1.35942,3119.82
1385647200000,1.35943,1.36019,1.35929,1.36019,2677.14
1385648100000,1.36018,1.36053,1.36007,1.36024,2622.94
1385649000000,1.36025,1.3605,1.35978,1.36032,2917.01
1385649900000,1.36033,1.36062,1.3597,1.36062,2312.25
1385650800000,1.36063,1.36076,1.36011,1.36027,1881.26
1385651700000,1.36028,1.36048,1.3601,1.36018,1090.65
1385652600000,1.36019,1.36065,1.36005,1.36059,1766.22
1385653500000,1.36059,1.36064,1.35998,1.35999,2278.98
1385654400000,1.35999,1.36004,1.35956,1.35967,1786.21
1385655300000,1.35969,1.36024,1.35969,1.36024,1448.77
1385656200000,1.36023,1.36023,1.35981,1.35988,1463.05
1385657100000,1.35987,1.36008,1.35985,1.36001,1279.78
1385658000000,1.35999,1.3603,1.35986,1.36028,1127.51
1385658900000,1.36029,1.36052,1.36014,1.36031,1068.25
1385659800000,1.36031,1.36036,1.36014,1.36025,881.32
1385660700000,1.36025,1.36035,1.35957,1.3596,1689.38
1385661600000,1.35959,1.36016,1.3595,1.36009,1264.82
1385662500000,1.36009,1.36009,1.35986,1.35997,768.68
1385663400000,1.35999,1.36006,1.3599,1.36003,312.68
1385664300000,1.36003,1.36024,1.36002,1.36009,1107.86
1385665200000,1.36012,1.36035,1.36005,1.36029,364.79
1385666100000,1.36029,1.36033,1.36,1.36031,229.44
1385667000000,1.36031,1.36038,1.36013,1.36016,366.94
1385667900000,1.36017,1.3604,1.36016,1.36039,274
1385668800000,1.3604,1.36069,1.3604,1.36043,298.19
1385669700000,1.36038,1.36045,1.36015,1.36037,327.46
1385670600000,1.36038,1.3604,1.36027,1.36036,248.64
1385671500000,1.36035,1.36061,1.36035,1.3605,410.99
1385672400000,1.36049,1.3605,1.36036,1.36049,147.41
1385673300000,1.36045,1.36049,1.36017,1.36017,224.44
1385674200000,1.36016,1.3606,1.36015,1.36053,348.72
1385675100000,1.36054,1.36064,1.36026,1.36047,611.01
1385676000000,1.36043,1.36081,1.36043,1.36062,180.11
1385676900000,1.36063,1.36063,1.36037,1.36038,113.05
1385677800000,1.36039,1.36041,1.35995,1.36009,220.37
1385678700000,1.36009,1.36033,1.36009,1.36023,108.89
1385679600000,1.36033,1.36037,1.36,1.36013,527.31
1385680500000,1.36013,1.3604,1.36007,1.36008,495.93
1385681400000,1.36007,1.36027,1.36006,1.3602,611.29
1385682300000,1.3602,1.36035,1.36012,1.36028,521.36
1385683200000,1.36026,1.36062,1.36018,1.36031,1171.94
1385684100000,1.36031,1.36031,1.35995,1.36013,1184.56
1385685000000,1.36016,1.36036,1.36012,1.36032,937.67
1385685900000,1.36031,1.36142,1.36022,1.36124,2553.05
1385686800000,1.36124,1.36124,1.36078,1.36086,1887.03
1385687700000,1.36086,1.3609,1.36045,1.36053,1356.19
1385688600000,1.36055,1.36093,1.36035,1.36093,1749.65
1385689500000,1.36095,1.36198,1.36095,1.36161,2741.72
1385690400000,1.36163,1.36172,1.36148,1.36172,1319.84
1385691300000,1.36174,1.36177,1.36149,1.36163,701.54
1385692200000,1.36164,1.36197,1.36162,1.36189,867.07
1385693100000,1.3619,1.362,1.36178,1.36191,748.62
1385694000000,1.3619,1.36216,1.36186,1.36196,1172.89
1385694900000,1.36196,1.36198,1.36185,1.36193,637.66
1385695800000,1.36191,1.36198,1.36173,1.36189,651.72
1385696700000,1.36189,1.36191,1.36174,1.36182,456.11
1385697600000,1.36181,1.36187,1.36147,1.36162,1043.78
1385698500000,1.36162,1.36169,1.36128,1.36128,1916.96
1385699400000,1.36129,1.36131,1.36096,1.36118,1009.83
1385700300000,1.36119,1.36142,1.36115,1.36115,608.04
1385701200000,1.36115,1.36149,1.36097,1.36113,1153.89
1385702100000,1.36113,1.36153,1.36113,1.36151,920.88
1385703000000,1.36152,1.3619,1.36057,1.36109,3227.39
1385703900000,1.36108,1.36196,1.36108,1.36193,1283.8
1385704800000,1.36193,1.36204,1.36162,1.36172,1287.52
1385705700000,1.36172,1.36216,1.3617,1.36191,798.73
1385706600000,1.36191,1.36191,1.36126,1.36133,943.12
1385707500000,1.36133,1.36162,1.36087,1.36104,1179.13
1385708400000,1.36106,1.36144,1.3606,1.36144,1918.49
1385709300000,1.36144,1.36152,1.3605,1.36059,1513.19
1385710200000,1.3606,1.36123,1.3606,1.3612,1536.88
1385711100000,1.3612,1.36125,1.36048,1.36061,1463.38
1385712000000,1.36062,1.36125,1.36062,1.36113,2495.9
1385712900000,1.36114,1.36122,1.36019,1.36032,2887.98
1385713800000,1.36033,1.36062,1.35985,1.36006,3538.85
1385714700000,1.36006,1.36103,1.36002,1.36081,3271.17
1385715600000,1.3608,1.36148,1.36076,1.36102,3012.64
1385716500000,1.36101,1.36131,1.36081,1.3609,2608.62
1385717400000,1.36091,1.36176,1.35953,1.3615,4175.63
1385718300000,1.36152,1.36193,1.36127,1.3617,4459.88
1385719200000,1.36168,1.36185,1.36033,1.36072,5326.28
1385720100000,1.36072,1.36086,1.35976,1.36059,4075.86
1385721000000,1.36058,1.36091,1.36032,1.36082,2529.71
1385721900000,1.36083,1.36091,1.36025,1.36073,2979.03
1385722800000,1.36075,1.36159,1.36063,1.36129,2111.69
1385723700000,1.36131,1.36147,1.36099,1.36112,2541.39
1385724600000,1.36112,1.36122,1.36065,1.36102,2560.08
1385725500000,1.36101,1.36118,1.36079,1.36097,2737.79
1385726400000,1.36095,1.36142,1.36081,1.36085,2578.07
1385727300000,1.36086,1.36105,1.36055,1.36089,2677.76
1385728200000,1.36089,1.36172,1.36088,1.36146,2834.28
1385729100000,1.36146,1.36158,1.36111,1.36129,2446.02
1385730000000,1.3613,1.36135,1.36071,1.36114,3306.33
1385730900000,1.36114,1.36129,1.36086,1.36119,3382.88
1385731800000,1.36118,1.36118,1.36008,1.36009,4090.27
1385732700000,1.3601,1.36051,1.35995,1.36041,3702.38
1385733600000,1.36042,1.36069,1.35993,1.36027,3135.61
1385734500000,1.36023,1.36061,1.35988,1.36051,3061.11
1385735400000,1.36051,1.36079,1.36009,1.36057,3215.88
1385736300000,1.36054,1.36054,1.35981,1.35996,3536.31
1385737200000,1.35996,1.36116,1.35994,1.36107,4423.63
1385738100000,1.36107,1.36162,1.3607,1.36149,3224.57
1385739000000,1.3615,1.36171,1.3612,1.36154,3101.43
1385739900000,1.36154,1.36175,1.36105,1.36154,5285.92
1385740800000,1.36152,1.36154,1.36061,1.36099,6049.87
1385741700000,1.36096,1.36116,1.36064,1.36093,3849.31
1385742600000,1.36091,1.36105,1.3605,1.36056,2917.26
1385743500000,1.36055,1.36066,1.35973,1.36056,3747.3
1385744400000,1.36054,1.36079,1.36028,1.36067,1735.89
1385745300000,1.36068,1.36091,1.36049,1.36088,1545.54
1385746200000,1.36088,1.36111,1.36034,1.36078,2054.99
1385747100000,1.36078,1.36083,1.35829,1.3585,3362.09
1385748000000,1.35849,1.35933,1.35849,1.35867,2976.89
1385748900000,1.3587,1.35873,1.35827,1.35864,1051.12
1385749800000,1.35864,1.3589,1.3586,1.35872,790.09
1385750700000,1.35872,1.35875,1.35858,1.35859,810.65
1385751600000,1.35862,1.35863,1.35852,1.35853,467.14
1385752500000,1.35853,1.35859,1.35818,1.35824,894.99
1385753400000,1.35824,1.35842,1.3581,1.35831,542.51
1385754300000,1.35831,1.35835,1.35824,1.35833,841.47
1385755200000,1.35832,1.3585,1.35827,1.3584,1333.01
1385756100000,1.3584,1.35842,1.35832,1.35839,706.86
1385757000000,1.35838,1.35916,1.35834,1.35889,763.95
1385757900000,1.35889,1.35911,1.35835,1.35843,692.19
1385758800000,1.3584,1.35852,1.358,1.3584,383.54
1385759700000,1.3584,1.35853,1.35817,1.35828,426.88
1385760600000,1.35829,1.35922,1.3582,1.35888,454.81
1385761500000,1.35885,1.35932,1.35839,1.35899,412.81
