timestamp,open,high,low,close,volume
1362096000000,1.30601,1.30678,1.30577,1.30678,1260.56
1362096900000,1.30678,1.30678,1.30614,1.30641,1067.54
1362097800000,1.30641,1.30659,1.30636,1.30637,441.89
1362098700000,1.30639,1.30708,1.30636,1.30659,1307.31
1362099600000,1.30657,1.30703,1.30628,1.30635,1646.59
1362100500000,1.30635,1.30659,1.30624,1.30651,611.55
1362101400000,1.30653,1.3071,1.30653,1.3069,985.33
1362102300000,1.30687,1.3072,1.30686,1.30711,765.71
1362103200000,1.30712,1.30721,1.30678,1.30711,778.23
1362104100000,1.30713,1.30768,1.30711,1.30757,1059.79
1362105000000,1.30757,1.30773,1.30746,1.30755,591.3
1362105900000,1.30755,1.30757,1.30731,1.30739,448.02
1362106800000,1.30738,1.30748,1.30729,1.30747,373.87
1362107700000,1.30747,1.30762,1.30737,1.30756,494.25
1362108600000,1.30757,1.30774,1.30752,1.30767,391.18
1362109500000,1.30768,1.30771,1.3075,1.30758,333.51
1362110400000,1.30758,1.30776,1.30748,1.30754,584.57
1362111300000,1.30754,1.30766,1.30749,1.30753,520.24
1362112200000,1.30753,1.30768,1.30753,1.30756,368.04
1362113100000,1.30758,1.30761,1.3074,1.3074,331.51
1362114000000,1.30742,1.30831,1.30741,1.30831,855.41
1362114900000,1.30829,1.30831,1.30789,1.30796,1001.03
1362115800000,1.30797,1.30823,1.30763,1.30799,747.09
1362116700000,1.30798,1.30836,1.30798,1.30819,544.87
1362117600000,1.30818,1.30823,1.30766,1.30781,1206.68
1362118500000,1.3078,1.3083,1.30773,1.3082,992.9
1362119400000,1.30819,1.30819,1.30783,1.30787,783.96
1362120300000,1.30787,1.30787,1.306,1.3066,2900.25
1362121200000,1.3066,1.30711,1.30616,1.3068,3157.5
1362122100000,1.30681,1.30688,1.30628,1.30631,1532.13
1362123000000,1.30632,1.30691,1.30631,1.3065,1799.99
1362123900000,1.3065,1.30775,1.30649,1.30759,2343.6
1362124800000,1.30757,1.30937,1.30737,1.30909,4013.4
1362125700000,1.3091,1.3101,1.3088,1.30882,3679.2
1362126600000,1.30882,1.30959,1.30676,1.30712,3808.69
1362127500000,1.30712,1.30869,1.30677,1.30759,3685.82
1362128400000,1.3076,1.30768,1.30615,1.30649,3370.25
1362129300000,1.30649,1.30691,1.3061,1.30639,3122.43
1362130200000,1.30638,1.30644,1.30417,1.30453,4815.49
1362131100000,1.30451,1.30533,1.30329,1.30377,4487.56
1362132000000,1.30375,1.30375,1.3022,1.30313,4450.65
1362132900000,1.30313,1.30434,1.30267,1.30424,3082.07
1362133800000,1.30423,1.30465,1.30369,1.30439,3128.93
1362134700000,1.30439,1.30451,1.30314,1.30316,2741.23
1362135600000,1.30316,1.30352,1.30193,1.30281,3584.65
1362136500000,1.30281,1.30332,1.30226,1.30276,2773.61
1362137400000,1.30278,1.30368,1.3025,1.30311,2272.66
1362138300000,1.30311,1.3034,1.30135,1.30177,3097.18
1362139200000,1.30177,1.30197,1.3002,1.30053,4183.99
1362140100000,1.30054,1.30059,1.29854,1.29927,5042.7
1362141000000,1.29927,1.30077,1.2988,1.3002,3776.92
1362141900000,1.3002,1.30055,1.29955,1.29972,3152.7
1362142800000,1.29972,1.30059,1.29961,1.29993,3154.03
1362143700000,1.29993,1.3004,1.2996,1.29966,2712
1362144600000,1.29965,1.3015,1.29935,1.30092,4269.18
1362145500000,1.30094,1.30143,1.30045,1.30062,3479.76
1362146400000,1.30064,1.30092,1.29998,1.30038,2771.98
1362147300000,1.30038,1.30053,1.29889,1.29991,3405.6
1362148200000,1.29991,1.30009,1.29835,1.29959,4132.59
1362149100000,1.29959,1.2996,1.2984,1.29898,3809.99
1362150000000,1.29898,1.29958,1.29685,1.29862,5561.31
1362150900000,1.29861,1.29876,1.29664,1.29809,4663.67
1362151800000,1.29808,1.29899,1.29719,1.29759,3696.26
1362152700000,1.29757,1.29875,1.29721,1.29834,3237.89
1362153600000,1.29832,1.29929,1.2982,1.29909,3452.65
1362154500000,1.29909,1.29911,1.29751,1.29801,3063.32
1362155400000,1.29802,1.29843,1.29772,1.29841,2381.87
1362156300000,1.29844,1.29875,1.29776,1.29869,2360.9
1362157200000,1.29869,1.30009,1.29868,1.29938,2333.35
1362158100000,1.29938,1.30099,1.29931,1.30058,2742.23
1362159000000,1.30058,1.30117,1.30049,1.30111,2065.62
1362159900000,1.3011,1.30379,1.30054,1.30374,3215.55
1362160800000,1.30374,1.30403,1.3026,1.30278,2881.39
1362161700000,1.30278,1.30319,1.30217,1.30222,1828.8
1362162600000,1.30222,1.30274,1.30213,1.3023,1299.9
1362163500000,1.3023,1.3023,1.3016,1.30162,945.39
1362164400000,1.30163,1.30201,1.30136,1.30161,1031.73
1362165300000,1.30161,1.30172,1.30119,1.30168,826.35
1362166200000,1.30168,1.30256,1.30155,1.30219,1098.86
1362167100000,1.30217,1.30231,1.30159,1.30181,816.81
1362168000000,1.30179,1.30213,1.30159,1.30203,768.86
1362168900000,1.30204,1.30247,1.30187,1.30239,730.58
1362169800000,1.30239,1.30263,1.30223,1.30242,666.5
1362170700000,1.30244,1.30272,1.30213,1.30213,818.06
1362171600000,1.30213,1.3022,1.30182,1.30213,615.63
1362172500000,1.30207,1.30239,1.30205,1.30209,497.45
1362173400000,1.3021,1.30212,1.30173,1.30173,347.82
1362174300000,1.30173,1.30214,1.30161,1.30178,1129.1
1362348000000,1.30121,1.30162,1.30045,1.30051,695.24
1362348900000,1.30053,1.30109,1.30048,1.30065,694.52
1362349800000,1.30066,1.30165,1.30061,1.3014,526.19
1362350700000,1.3014,1.30159,1.30108,1.30141,985.29
1362351600000,1.30139,1.30221,1.30129,1.30208,906.22
1362352500000,1.30209,1.30228,1.30161,1.30226,459.1
1362353400000,1.30229,1.30307,1.30229,1.30257,625.37
1362354300000,1.30257,1.30267,1.30143,1.30157,608.99
1362355200000,1.30154,1.3025,1.30142,1.30209,1256.03
1362356100000,1.30208,1.30228,1.30134,1.30154,556.74
1362357000000,1.30154,1.30171,1.30026,1.30036,1096.32
1362357900000,1.30036,1.30114,1.30015,1.30107,1358.33
1362358800000,1.30105,1.30188,1.30105,1.30181,688.32
1362359700000,1.30185,1.3021,1.3014,1.30147,569.36
1362360600000,1.30147,1.30207,1.30147,1.3018,667.16
1362361500000,1.3018,1.3018,1.301,1.3012,1474.88
1362362400000,1.3012,1.30162,1.30073,1.30107,1956.06
1362363300000,1.30107,1.30137,1.30089,1.30117,867.16
1362364200000,1.30117,1.30142,1.30113,1.30138,358.26
1362365100000,1.30136,1.30143,1.30105,1.30122,499.93
1362366000000,1.30121,1.3018,1.3012,1.3018,460.87
1362366900000,1.3018,1.30199,1.30139,1.30161,546.72
1362367800000,1.30161,1.30292,1.3015,1.30262,831.78
1362368700000,1.3026,1.30261,1.30228,1.30238,593.38
1362369600000,1.30239,1.30268,1.30227,1.30228,503.38
1362370500000,1.30228,1.30232,1.30175,1.30177,934.94
1362371400000,1.30178,1.30178,1.3013,1.30154,897.91
1362372300000,1.30152,1.30183,1.30149,1.30151,365.46
1362373200000,1.3015,1.30158,1.30118,1.30158,538.61
1362374100000,1.30158,1.30224,1.30151,1.30201,685.4
1362375000000,1.30204,1.30264,1.30202,1.30228,993.83
1362375900000,1.30227,1.30227,1.30137,1.30153,1793.38
1362376800000,1.30151,1.30163,1.30032,1.30102,1827.3
1362377700000,1.30103,1.30153,1.30099,1.3011,875.58
1362378600000,1.30112,1.30112,1.2997,1.30012,1938.63
1362379500000,1.3001,1.3006,1.29968,1.29968,1127.57
1362380400000,1.29965,1.29973,1.2989,1.29933,2601.33
1362381300000,1.29932,1.29967,1.29868,1.29899,1640.12
1362382200000,1.299,1.29981,1.29893,1.29954,2011.51
1362383100000,1.29954,1.30098,1.29954,1.30081,2190.19
1362384000000,1.30085,1.30121,1.3003,1.30059,2532.04
1362384900000,1.3006,1.30118,1.30011,1.30077,2655.77
1362385800000,1.30076,1.30195,1.30057,1.30121,2907.9
1362386700000,1.30122,1.3016,1.30027,1.3005,2115.16
1362387600000,1.30049,1.3014,1.30021,1.30123,2235.97
1362388500000,1.30122,1.30151,1.30065,1.30088,1973.37
1362389400000,1.3009,1.3009,1.29819,1.29831,3680.5
1362390300000,1.29831,1.29918,1.29821,1.29882,2801.97
1362391200000,1.29882,1.29973,1.29869,1.29935,1995.4
1362392100000,1.29936,1.2997,1.29901,1.2994,1605.68
1362393000000,1.2994,1.30013,1.29932,1.29992,1395.03
1362393900000,1.29991,1.29994,1.29917,1.29983,1298.59
1362394800000,1.2998,1.30061,1.29922,1.30051,1934.38
1362395700000,1.30051,1.30051,1.29889,1.29953,2381.36
1362396600000,1.29952,1.29999,1.29899,1.29999,1830.63
1362397500000,1.29998,1.30022,1.29938,1.29986,1604.43
1362398400000,1.29984,1.2999,1.29876,1.29882,1899.88
1362399300000,1.29885,1.29941,1.29831,1.29919,2193.26
1362400200000,1.29919,1.30042,1.29919,1.29989,2157.08
1362401100000,1.29989,1.30143,1.29987,1.30084,3063.71
1362402000000,1.30083,1.30131,1.30042,1.30069,1997.18
1362402900000,1.3007,1.30176,1.30022,1.30169,2380.3
1362403800000,1.30168,1.30168,1.3007,1.30151,2059.34
1362404700000,1.30151,1.30161,1.3006,1.30083,1728.22
1362405600000,1.30085,1.30096,1.29957,1.29982,2212.18
1362406500000,1.29981,1.30043,1.29938,1.30012,1535.28
1362407400000,1.30014,1.30061,1.29971,1.30012,2466.11
1362408300000,1.30012,1.3012,1.29999,1.30081,3076.45
1362409200000,1.30079,1.30186,1.3004,1.30062,3074.48
1362410100000,1.30063,1.30101,1.30003,1.30083,2061.47
1362411000000,1.30079,1.30161,1.30074,1.30113,2137.99
1362411900000,1.30113,1.30179,1.30079,1.30091,2608.77
1362412800000,1.30092,1.30142,1.30052,1.30066,2386.34
1362413700000,1.30066,1.30083,1.30007,1.30013,1914.11
1362414600000,1.30012,1.30031,1.29855,1.29893,2724.1
1362415500000,1.29893,1.2997,1.29893,1.29949,1650.71
1362416400000,1.29951,1.30002,1.29931,1.29969,1107.62
1362417300000,1.29968,1.30004,1.29952,1.29988,910.7
1362418200000,1.29989,1.2999,1.29862,1.29883,1746.99
1362419100000,1.29882,1.30092,1.29876,1.30089,2493.48
1362420000000,1.3009,1.3009,1.30027,1.30068,1224.04
1362420900000,1.30067,1.30134,1.30056,1.30091,1172.62
1362421800000,1.30094,1.30121,1.30065,1.30092,969.79
1362422700000,1.30091,1.30144,1.3009,1.30091,1074.49
1362423600000,1.30092,1.30105,1.30048,1.30053,1190.48
1362424500000,1.30052,1.3012,1.30039,1.30112,1232.04
1362425400000,1.30112,1.30182,1.30108,1.30174,1357.28
1362426300000,1.30173,1.30288,1.3015,1.30232,2257.84
1362427200000,1.30232,1.30243,1.30188,1.30193,910.02
1362428100000,1.30193,1.30221,1.30168,1.30203,713.5
1362429000000,1.30202,1.30217,1.30156,1.30173,661.97
1362429900000,1.30174,1.3019,1.30162,1.30169,691.05
1362430800000,1.3017,1.30215,1.30168,1.30211,640.71
1362431700000,1.30208,1.30254,1.30194,1.3024,531.7
1362432600000,1.3024,1.30256,1.30234,1.30249,338.13
1362433500000,1.30249,1.3027,1.30246,1.30261,554.66
1362434400000,1.30257,1.30273,1.30217,1.30227,368.87
1362435300000,1.30226,1.30256,1.3018,1.30256,580.4
1362436200000,1.30257,1.30261,1.30211,1.30239,1141.84
1362437100000,1.30241,1.30255,1.3023,1.30251,807.97
1362438000000,1.30251,1.30253,1.30201,1.30223,1296.43
1362438900000,1.3022,1.30305,1.30203,1.30301,1134.81
1362439800000,1.30302,1.30367,1.3029,1.30365,1157.48
1362440700000,1.30363,1.30404,1.3033,1.30347,1384.61
1362441600000,1.30348,1.30359,1.30318,1.30336,945.6
1362442500000,1.30336,1.3035,1.30285,1.30312,1038.99
1362443400000,1.30312,1.30341,1.30264,1.30277,1752.58
1362444300000,1.30278,1.30303,1.30257,1.303,1211.68
1362445200000,1.30297,1.30329,1.3027,1.30319,1591.19
1362446100000,1.30321,1.30377,1.3031,1.30356,1429.3
1362447000000,1.30355,1.30355,1.30298,1.303,1051.92
1362447900000,1.30299,1.303,1.3026,1.30283,985.91
1362448800000,1.30284,1.30297,1.3026,1.3026,707.63
1362449700000,1.3026,1.30284,1.30231,1.30267,825.41
1362450600000,1.30266,1.30284,1.30247,1.30255,568.62
1362451500000,1.30254,1.30295,1.30253,1.3028,753.62
1362452400000,1.3028,1.30293,1.30259,1.30291,808.26
1362453300000,1.30291,1.30346,1.30287,1.30321,1433.77
1362454200000,1.30323,1.30354,1.30271,1.30299,1972.54
1362455100000,1.30299,1.30347,1.30293,1.3034,1151.45
1362456000000,1.3034,1.30343,1.30278,1.30293,866.18
1362456900000,1.30294,1.30321,1.30294,1.30317,573.57
1362457800000,1.30316,1.30321,1.30278,1.30301,885.77
1362458700000,1.30301,1.30373,1.30301,1.30338,1070.88
1362459600000,1.30337,1.30362,1.3033,1.30342,742.07
1362460500000,1.30342,1.30375,1.30316,1.30354,785.2
1362461400000,1.30353,1.30463,1.3035,1.3041,1743.25
1362462300000,1.3041,1.30455,1.30401,1.30453,880.93
1362463200000,1.30456,1.3046,1.30362,1.30364,1251.11
1362464100000,1.30363,1.30411,1.3035,1.30361,899.48
1362465000000,1.30361,1.30364,1.30285,1.30297,1874.25
1362465900000,1.30293,1.30362,1.30277,1.30348,1655
1362466800000,1.30347,1.30363,1.30308,1.30311,1461.17
1362467700000,1.30311,1.30319,1.3025,1.30298,1684.64
1362468600000,1.30298,1.3035,1.30281,1.30341,1644.12
1362469500000,1.3034,1.30491,1.30338,1.30466,2327.52
1362470400000,1.30463,1.30562,1.30439,1.30557,4319.06
1362471300000,1.30556,1.30598,1.30475,1.30479,3136.4
1362472200000,1.30478,1.30536,1.30466,1.30482,2425.69
1362473100000,1.30482,1.30672,1.30435,1.30654,3548.55
1362474000000,1.30654,1.3075,1.30653,1.30693,3473.24
1362474900000,1.30697,1.30704,1.30614,1.30661,2954.76
1362475800000,1.3066,1.30664,1.30535,1.30568,3683.95
1362476700000,1.30568,1.30629,1.30526,1.30613,2798.09
1362477600000,1.30614,1.30629,1.30411,1.30471,2823.5
1362478500000,1.30471,1.30494,1.304,1.30405,2215.55
1362479400000,1.30403,1.30441,1.30265,1.30265,2353.63
1362480300000,1.30265,1.30339,1.30191,1.30319,3085.96
1362481200000,1.30316,1.30345,1.30269,1.30334,2079.41
1362482100000,1.30334,1.30353,1.30269,1.30273,1777.89
1362483000000,1.30273,1.30376,1.30271,1.30332,1934.25
1362483900000,1.3033,1.30365,1.30307,1.3035,1793.31
1362484800000,1.30352,1.30408,1.3034,1.30364,2204.51
1362485700000,1.30363,1.30364,1.30298,1.30341,1745.09
1362486600000,1.30341,1.30366,1.30289,1.30351,1870.1
1362487500000,1.3035,1.30352,1.30246,1.30294,2036.11
1362488400000,1.30294,1.30354,1.30294,1.30341,1748.06
1362489300000,1.30341,1.30386,1.30321,1.3035,1926.63
1362490200000,1.30349,1.30503,1.30336,1.30493,2568.05
1362491100000,1.30493,1.30493,1.30415,1.30432,2377.25
1362492000000,1.30433,1.30501,1.304,1.30493,2055.19
1362492900000,1.30494,1.30498,1.3042,1.30423,1907.46
1362493800000,1.30423,1.30503,1.3041,1.3046,2650.28
1362494700000,1.3046,1.30551,1.30442,1.30453,2435.22
1362495600000,1.30449,1.30451,1.30204,1.30253,4067.68
1362496500000,1.30251,1.30264,1.3012,1.30176,3369.53
1362497400000,1.30177,1.30269,1.3011,1.30245,3381.86
1362498300000,1.30245,1.30312,1.30242,1.30253,2489.78
1362499200000,1.30254,1.30302,1.30232,1.30292,2672.69
1362500100000,1.30292,1.30297,1.30158,1.30171,1841.98
1362501000000,1.30172,1.30182,1.30133,1.30172,1447.82
1362501900000,1.30171,1.30222,1.3016,1.30183,1371.77
1362502800000,1.30183,1.30236,1.30168,1.30174,1424.52
1362503700000,1.30174,1.30207,1.30169,1.30173,596.88
1362504600000,1.30172,1.30291,1.30157,1.30273,1150.8
1362505500000,1.30272,1.30293,1.30252,1.30252,664.28
1362506400000,1.30252,1.30332,1.30247,1.30332,1219.75
1362507300000,1.30333,1.30366,1.3032,1.30353,1234.72
1362508200000,1.30353,1.30506,1.30336,1.30474,1902.02
1362509100000,1.30475,1.30492,1.30429,1.3043,1265.44
1362510000000,1.30431,1.30463,1.30423,1.30443,864.1
1362510900000,1.30442,1.30463,1.30426,1.30442,585.39
1362511800000,1.30444,1.30445,1.30421,1.30445,595.1
1362512700000,1.30446,1.30452,1.3041,1.30413,686.43
1362513600000,1.30413,1.30433,1.30394,1.30414,564.44
1362514500000,1.30413,1.30425,1.30399,1.30409,544.26
1362515400000,1.30408,1.30436,1.304,1.30431,831.61
1362516300000,1.30431,1.30437,1.30391,1.30422,641.88
1362517200000,1.3042,1.30436,1.30412,1.30428,302.85
1362518100000,1.30428,1.30487,1.30425,1.30473,970.85
1362519000000,1.30474,1.30488,1.30455,1.30483,1109.13
1362519900000,1.30483,1.30514,1.30476,1.30512,792.54
1362520800000,1.30509,1.30539,1.30494,1.30495,694.08
1362521700000,1.30496,1.30522,1.30466,1.30475,389.11
1362522600000,1.30475,1.30509,1.30466,1.30483,927.32
1362523500000,1.30483,1.30486,1.30445,1.3045,900.33
1362524400000,1.3045,1.30483,1.30444,1.30462,1030.96
1362525300000,1.30462,1.30483,1.30441,1.30441,403.13
1362526200000,1.30441,1.30463,1.30424,1.30463,763.53
1362527100000,1.3046,1.30489,1.30456,1.30471,531.67
1362528000000,1.30472,1.30499,1.30464,1.30464,578.35
1362528900000,1.30466,1.3051,1.30465,1.30508,586.45
1362529800000,1.30508,1.30616,1.305,1.30587,1740.09
1362530700000,1.30587,1.30616,1.30545,1.30616,1279.25
1362531600000,1.30617,1.30662,1.30617,1.30637,1299.9
1362532500000,1.30636,1.3065,1.30593,1.306,1193.48
1362533400000,1.30599,1.30613,1.3057,1.30581,649.48
1362534300000,1.30581,1.30645,1.30569,1.30634,733.18
1362535200000,1.30634,1.30643,1.30602,1.30612,462.43
1362536100000,1.3061,1.30636,1.306,1.30614,494.66
1362537000000,1.30614,1.30632,1.30585,1.30631,592.81
1362537900000,1.30631,1.30663,1.30625,1.3065,739.52
1362538800000,1.30646,1.30689,1.30621,1.30684,848.32
1362539700000,1.30684,1.30684,1.3063,1.30645,601.08
1362540600000,1.30645,1.30664,1.30623,1.30649,814.76
1362541500000,1.30648,1.30649,1.30615,1.30644,381.57
1362542400000,1.30645,1.30654,1.30613,1.30613,455.6
1362543300000,1.30613,1.30635,1.30609,1.30625,470.38
1362544200000,1.30626,1.30639,1.30607,1.30634,662.84
1362545100000,1.30634,1.30645,1.3058,1.30586,1294.87
1362546000000,1.30586,1.30617,1.3057,1.30617,735.14
1362546900000,1.30613,1.30643,1.30613,1.30623,431.15
1362547800000,1.30623,1.30624,1.30607,1.3062,422.28
1362548700000,1.30618,1.30647,1.30613,1.30642,804.71
1362549600000,1.30642,1.307,1.3063,1.30652,1182.96
1362550500000,1.30651,1.30669,1.30621,1.30624,778.84
1362551400000,1.30625,1.30643,1.30541,1.30577,1484.84
1362552300000,1.30577,1.30597,1.30565,1.30573,423.19
1362553200000,1.30574,1.3068,1.30574,1.30621,2034.07
1362554100000,1.30622,1.30653,1.3057,1.30624,1594.56
1362555000000,1.30625,1.30628,1.3049,1.30554,1727.44
1362555900000,1.30554,1.30555,1.30448,1.30506,2377.54
1362556800000,1.30508,1.30532,1.30432,1.30476,2835.85
1362557700000,1.30476,1.30524,1.30461,1.30467,1884.87
1362558600000,1.30465,1.30543,1.30459,1.30536,2097.26
1362559500000,1.30536,1.30649,1.30506,1.30559,2841.91
1362560400000,1.30558,1.30566,1.3048,1.30517,2461.35
1362561300000,1.30517,1.30527,1.30413,1.30432,1938.11
1362562200000,1.30428,1.30431,1.30327,1.30385,3441.96
1362563100000,1.30385,1.30415,1.30324,1.30329,2336.51
1362564000000,1.30323,1.30396,1.30265,1.30282,2865.29
1362564900000,1.30283,1.30323,1.30235,1.30317,2568.7
1362565800000,1.30317,1.3034,1.30265,1.30306,2079.65
1362566700000,1.30306,1.3033,1.30257,1.30294,1873.67
1362567600000,1.30291,1.30372,1.30272,1.30347,1276.6
1362568500000,1.30347,1.30402,1.30327,1.30379,1282.66
1362569400000,1.3038,1.304,1.30341,1.30362,1213.38
1362570300000,1.30361,1.30451,1.30342,1.3043,2363.39
1362571200000,1.30435,1.30447,1.30333,1.30359,1626.15
1362572100000,1.30362,1.30444,1.30361,1.30388,1778.51
1362573000000,1.30389,1.30407,1.30356,1.30374,1407.21
1362573900000,1.30374,1.30419,1.30353,1.30353,1429.97
1362574800000,1.30351,1.30395,1.303,1.30368,2187.5
1362575700000,1.30366,1.30368,1.30182,1.30297,3849.05
1362576600000,1.30297,1.30333,1.30241,1.30262,2537.68
1362577500000,1.30262,1.30324,1.30251,1.30324,2132.7
1362578400000,1.30326,1.30342,1.3028,1.30283,1514.29
1362579300000,1.30281,1.30282,1.30173,1.30211,2339.29
1362580200000,1.30213,1.30248,1.30065,1.30132,3229.49
1362581100000,1.30134,1.30175,1.30087,1.30096,3725.93
1362582000000,1.30096,1.30099,1.2993,1.29975,4411.4
1362582900000,1.29975,1.30024,1.2988,1.29983,3358.62
1362583800000,1.29983,1.30023,1.29903,1.30011,3185.39
1362584700000,1.30013,1.30039,1.29971,1.29994,2651.56
1362585600000,1.29994,1.3004,1.29987,1.30037,2301.57
1362586500000,1.30039,1.30088,1.29957,1.2996,1800.37
1362587400000,1.2996,1.3003,1.29945,1.29959,1931.37
1362588300000,1.29959,1.29962,1.2988,1.29898,2002.93
1362589200000,1.29899,1.29909,1.29855,1.29855,1387.77
1362590100000,1.29858,1.299,1.29825,1.29843,1698.78
1362591000000,1.29843,1.29878,1.29828,1.29866,1268.98
1362591900000,1.29867,1.29936,1.29867,1.299,1175.28
1362592800000,1.29902,1.29928,1.2984,1.29907,1276.91
1362593700000,1.29908,1.29925,1.29882,1.29884,569.75
1362594600000,1.29884,1.29901,1.29855,1.29886,1038.28
1362595500000,1.29885,1.29906,1.29852,1.29876,779.7
1362596400000,1.29877,1.29937,1.29873,1.29916,703.85
1362597300000,1.29917,1.29966,1.29908,1.29915,1081.78
1362598200000,1.29915,1.29954,1.29911,1.29937,613.61
1362599100000,1.29935,1.29965,1.29929,1.29946,761.99
1362600000000,1.29946,1.29946,1.29902,1.29907,779.61
1362600900000,1.29907,1.2994,1.29894,1.29908,1170.72
1362601800000,1.29907,1.29938,1.29858,1.29923,1207.07
1362602700000,1.29922,1.29925,1.29875,1.29921,1038.95
1362603600000,1.29922,1.2993,1.29894,1.29905,442.45
1362604500000,1.29902,1.29905,1.2985,1.29854,657.58
1362605400000,1.29857,1.29861,1.29713,1.29754,1675.74
1362606300000,1.29755,1.29789,1.29646,1.29665,1413.83
1362607200000,1.29665,1.2974,1.29659,1.2973,516.31
1362608100000,1.29727,1.29781,1.29704,1.29765,823.29
1362609000000,1.29765,1.29793,1.29714,1.29746,1928.94
1362609900000,1.29746,1.29764,1.29717,1.29746,1998.77
1362610800000,1.29747,1.29798,1.29737,1.29766,1176.31
1362611700000,1.29766,1.29818,1.29746,1.29796,814.23
1362612600000,1.29795,1.29824,1.29762,1.29766,988.29
1362613500000,1.29765,1.29797,1.29745,1.29777,755.96
1362614400000,1.29777,1.29806,1.29777,1.29786,665.05
1362615300000,1.29787,1.29799,1.29746,1.29776,1137.54
1362616200000,1.29772,1.29782,1.29756,1.29767,1029.67
1362617100000,1.29767,1.29784,1.29748,1.29765,932.55
1362618000000,1.29768,1.29831,1.29768,1.29827,1144.81
1362618900000,1.29827,1.29827,1.29796,1.29817,840.55
1362619800000,1.29817,1.29833,1.29811,1.29832,584.48
1362620700000,1.29832,1.29848,1.29806,1.29846,1042.12
1362621600000,1.29847,1.29955,1.29813,1.29948,1689.93
1362622500000,1.29948,1.29948,1.29881,1.29885,1022.29
1362623400000,1.29885,1.29888,1.29829,1.29856,691.32
1362624300000,1.29856,1.29896,1.29854,1.2989,550.59
1362625200000,1.29886,1.29895,1.29863,1.29885,476
1362626100000,1.29887,1.29892,1.29848,1.29851,483.43
1362627000000,1.2985,1.29918,1.2985,1.29918,842.91
1362627900000,1.29918,1.29949,1.29878,1.29942,738.17
1362628800000,1.29942,1.2996,1.29915,1.29915,745.84
1362629700000,1.29915,1.29927,1.29891,1.29892,673.75
1362630600000,1.29891,1.29913,1.29867,1.29908,669.83
1362631500000,1.29908,1.29939,1.29891,1.29934,723.82
1362632400000,1.29934,1.29945,1.29893,1.29911,721.11
1362633300000,1.29911,1.29929,1.29901,1.29917,665
1362634200000,1.29916,1.29962,1.29916,1.29952,849.07
1362635100000,1.29951,1.29951,1.29909,1.29942,905.31
1362636000000,1.29943,1.29953,1.29909,1.29942,971.55
1362636900000,1.29941,1.2997,1.29937,1.29961,621.15
1362637800000,1.2996,1.29965,1.29938,1.29946,734.63
1362638700000,1.29946,1.29951,1.29905,1.29921,899.61
1362639600000,1.29919,1.2997,1.29897,1.29954,1820.58
1362640500000,1.29953,1.29956,1.2986,1.29888,1855.14
1362641400000,1.29887,1.29906,1.2984,1.29904,2197.57
1362642300000,1.29905,1.29958,1.29847,1.2995,1821.34
1362643200000,1.29949,1.30179,1.29938,1.30147,4101.17
1362644100000,1.30144,1.30214,1.30109,1.30157,3509
1362645000000,1.30157,1.30207,1.30118,1.30206,2719.01
1362645900000,1.30213,1.30299,1.3021,1.30223,2723.62
1362646800000,1.30224,1.30255,1.30163,1.30236,2427.59
1362647700000,1.30235,1.30254,1.30174,1.30195,1755.14
1362648600000,1.30195,1.30371,1.30168,1.3033,3345.49
1362649500000,1.30333,1.30406,1.30324,1.30382,3067.23
1362650400000,1.30381,1.30437,1.3034,1.30354,2086.89
1362651300000,1.30356,1.30368,1.30242,1.30265,1467.8
1362652200000,1.30267,1.30296,1.30216,1.3022,1850.95
1362653100000,1.3022,1.30257,1.30178,1.30187,2228.78
1362654000000,1.30183,1.30183,1.30051,1.30134,3142.55
1362654900000,1.30134,1.30193,1.30117,1.30148,1965.04
1362655800000,1.30148,1.30188,1.30085,1.30097,1999.25
1362656700000,1.30098,1.3019,1.30098,1.30183,2443.03
1362657600000,1.30183,1.30239,1.30135,1.30218,4472.3
1362658500000,1.30221,1.30274,1.3018,1.30227,2863.61
1362659400000,1.30227,1.30318,1.3019,1.30246,2416.71
1362660300000,1.30246,1.30361,1.30124,1.30166,4500.66
1362661200000,1.30168,1.30182,1.3006,1.30083,2379.52
1362662100000,1.30084,1.30232,1.30084,1.30187,2864.02
1362663000000,1.3019,1.30643,1.29901,1.30562,9331.14
1362663900000,1.30562,1.30899,1.30518,1.30709,8370.33
1362664800000,1.30711,1.30968,1.30711,1.30803,6520.99
1362665700000,1.30804,1.30892,1.3073,1.30799,4341.27
1362666600000,1.30801,1.31153,1.30711,1.31107,6568
1362667500000,1.31104,1.31126,1.30923,1.30993,3859.68
1362668400000,1.30992,1.31036,1.30948,1.31026,3385.65
1362669300000,1.31028,1.3116,1.30995,1.31058,3757.1
1362670200000,1.31058,1.31063,1.3096,1.30966,2585.69
1362671100000,1.30966,1.30978,1.30799,1.30822,3588.8
1362672000000,1.30821,1.30939,1.30815,1.30927,2673.26
1362672900000,1.30927,1.31016,1.30922,1.30943,2613.55
1362673800000,1.30942,1.30977,1.30864,1.30968,1858.13
1362674700000,1.30967,1.31015,1.30918,1.30977,2024.79
1362675600000,1.30977,1.31125,1.30967,1.31075,2401.44
1362676500000,1.31075,1.31104,1.31056,1.31075,1328.9
1362677400000,1.31075,1.31089,1.3099,1.30992,1171.93
1362678300000,1.30992,1.3103,1.30933,1.30942,1267.96
1362679200000,1.30941,1.31046,1.30941,1.31003,1066.97
1362680100000,1.31002,1.31048,1.3099,1.31015,708.44
1362681000000,1.31015,1.31055,1.30982,1.31027,805.64
1362681900000,1.31028,1.31181,1.31028,1.31173,1293.91
1362682800000,1.31174,1.31174,1.31121,1.31124,1037.6
1362683700000,1.31123,1.31158,1.31106,1.31115,620.64
1362684600000,1.31115,1.31115,1.31029,1.31075,872.9
1362685500000,1.31077,1.31082,1.31032,1.31079,865.73
1362686400000,1.31079,1.31128,1.31037,1.31103,880.48
1362687300000,1.31103,1.31113,1.3108,1.31096,404.87
1362688200000,1.31097,1.31104,1.31054,1.31056,543.15
1362689100000,1.31058,1.31083,1.31005,1.31053,814.95
1362690000000,1.31053,1.31065,1.31027,1.31048,396.77
1362690900000,1.31048,1.31073,1.31041,1.31048,472.58
1362691800000,1.31049,1.31057,1.31037,1.31038,445.74
1362692700000,1.31038,1.31083,1.31035,1.31064,752.06
1362693600000,1.31066,1.31084,1.3104,1.31056,337.76
1362694500000,1.31057,1.31066,1.31032,1.31054,265.22
1362695400000,1.31053,1.3106,1.31028,1.31046,864.7
1362696300000,1.31044,1.31112,1.31041,1.31042,1338.04
1362697200000,1.31043,1.31059,1.31023,1.31035,848.91
1362698100000,1.31036,1.31069,1.31036,1.31038,493.05
1362699000000,1.31038,1.3107,1.31023,1.31055,476.8
1362699900000,1.31055,1.31149,1.31044,1.31077,1214.13
1362700800000,1.31077,1.31087,1.31019,1.31025,1157.97
1362701700000,1.31025,1.31049,1.31015,1.31033,590.42
1362702600000,1.31031,1.31034,1.3099,1.31,1355.37
1362703500000,1.31,1.31039,1.30992,1.31016,1306.64
1362704400000,1.31015,1.31018,1.30966,1.30972,1007.32
1362705300000,1.30973,1.30999,1.30964,1.30967,1088.97
1362706200000,1.3097,1.30984,1.30939,1.30943,988.57
1362707100000,1.30943,1.30956,1.30931,1.30947,604.26
1362708000000,1.30949,1.31009,1.30925,1.30957,1515.68
1362708900000,1.30958,1.30964,1.30928,1.30935,510.78
1362709800000,1.30934,1.30941,1.30892,1.30916,1051.78
1362710700000,1.30915,1.30934,1.30869,1.30917,1158.04
1362711600000,1.30917,1.3097,1.30901,1.30968,739.7
1362712500000,1.30968,1.30977,1.30924,1.30966,741.04
1362713400000,1.30966,1.30983,1.30936,1.30975,729.3
1362714300000,1.30976,1.30983,1.3096,1.30966,527.85
1362715200000,1.30966,1.30988,1.30958,1.30966,359.84
1362716100000,1.30967,1.30969,1.30954,1.30964,330.23
1362717000000,1.30965,1.30987,1.30964,1.30972,704.22
1362717900000,1.30971,1.30978,1.30891,1.30913,1096.15
1362718800000,1.30913,1.30927,1.30903,1.30917,534.26
1362719700000,1.30917,1.30948,1.30911,1.30934,645.95
1362720600000,1.30934,1.30945,1.30911,1.30928,1064.6
1362721500000,1.30928,1.30937,1.309,1.30903,542.05
1362722400000,1.30903,1.30952,1.3089,1.30919,1092.98
1362723300000,1.30917,1.30958,1.30907,1.30957,512.43
1362724200000,1.30957,1.30977,1.30825,1.30848,1332.64
1362725100000,1.30847,1.30874,1.3081,1.30832,1342.48
1362726000000,1.30831,1.30909,1.30822,1.30853,1536.77
1362726900000,1.30855,1.30893,1.30794,1.30831,1849.91
1362727800000,1.30831,1.30894,1.3083,1.30873,1462.33
1362728700000,1.30875,1.30882,1.30816,1.30869,2147.47
1362729600000,1.30869,1.30939,1.30829,1.30932,2446.04
1362730500000,1.30933,1.31011,1.30921,1.30957,2975.51
1362731400000,1.30957,1.30967,1.3086,1.30875,2161.89
1362732300000,1.30876,1.30905,1.3083,1.30844,2161.59
1362733200000,1.30841,1.3094,1.3083,1.30929,2679.11
1362734100000,1.30929,1.30963,1.3092,1.30955,1584.26
1362735000000,1.30956,1.30982,1.30924,1.30924,1576.58
1362735900000,1.30924,1.30955,1.309,1.30948,1482.29
1362736800000,1.30948,1.30983,1.30934,1.30969,1299.27
1362737700000,1.30966,1.30988,1.30939,1.30977,1665.55
1362738600000,1.30976,1.31147,1.30928,1.31127,2477.07
1362739500000,1.31125,1.31343,1.31112,1.31198,4083.19
1362740400000,1.31203,1.31273,1.31148,1.31238,2836.44
1362741300000,1.31239,1.31276,1.31185,1.31214,2090.25
1362742200000,1.31216,1.31237,1.31144,1.31213,2615.94
1362743100000,1.31211,1.31215,1.31107,1.31114,2308.08
1362744000000,1.31112,1.31135,1.31035,1.31078,2364.71
1362744900000,1.31078,1.31088,1.31,1.31045,2323.04
1362745800000,1.31045,1.31074,1.31009,1.31028,1869.97
1362746700000,1.31029,1.31038,1.30875,1.3091,2826.9
1362747600000,1.30907,1.30934,1.30831,1.30894,2622.03
1362748500000,1.30896,1.30977,1.30873,1.3092,2919.89
1362749400000,1.30921,1.30934,1.301,1.30238,8298.76
1362750300000,1.30238,1.30251,1.2998,1.30009,6455.86
1362751200000,1.30008,1.30008,1.29642,1.29695,6556.9
1362752100000,1.29695,1.29846,1.29548,1.29815,4762.08
1362753000000,1.29815,1.29872,1.29745,1.29756,3533.57
1362753900000,1.29757,1.29825,1.29735,1.29762,3336.66
1362754800000,1.29764,1.29925,1.29728,1.29882,3899.95
1362755700000,1.29881,1.29999,1.29861,1.29898,3229.48
1362756600000,1.29896,1.2998,1.2985,1.29958,2183.62
1362757500000,1.29958,1.29977,1.29808,1.2981,2413.33
1362758400000,1.2981,1.29826,1.29746,1.2976,2981.17
1362759300000,1.2976,1.29883,1.29719,1.2987,1927.73
1362760200000,1.2987,1.29905,1.29848,1.29897,1232.58
1362761100000,1.29898,1.29946,1.29868,1.29919,2110.86
1362762000000,1.29922,1.30068,1.29734,1.29776,3463.89
1362762900000,1.29775,1.29799,1.29649,1.29672,3650.4
1362763800000,1.29672,1.29733,1.29569,1.29698,3490.94
1362764700000,1.29698,1.29905,1.29694,1.29899,2578.41
1362765600000,1.29894,1.29896,1.2978,1.29787,1671.53
1362766500000,1.29787,1.29907,1.29787,1.29888,1328.99
1362767400000,1.29888,1.2994,1.29869,1.29883,1055.62
1362768300000,1.29884,1.29948,1.29875,1.29925,1129.31
1362769200000,1.29925,1.3006,1.29914,1.30047,1911.56
1362770100000,1.30047,1.30157,1.29981,1.30097,2168.03
1362771000000,1.30097,1.30117,1.30034,1.30046,1159.26
1362771900000,1.30046,1.30046,1.29986,1.30021,1447.24
1362772800000,1.30024,1.30064,1.30024,1.30063,859.76
1362773700000,1.30064,1.30129,1.29977,1.29999,1293.27
1362774600000,1.30001,1.30034,1.29976,1.29986,1074.22
1362775500000,1.29986,1.30051,1.29975,1.29979,783.55
1362776400000,1.29982,1.30012,1.29968,1.29982,655.56
1362777300000,1.29979,1.30047,1.29975,1.30015,748.29
1362778200000,1.30014,1.30023,1.2998,1.29999,328.54
1362779100000,1.3,1.30044,1.29954,1.30042,1112.51
1362949200000,1.29857,1.29906,1.29846,1.29906,125.66
1362950100000,1.29904,1.29912,1.29876,1.29912,271.01
1362951000000,1.29908,1.29971,1.29908,1.29957,313.4
1362951900000,1.29957,1.2996,1.29907,1.29949,442.47
1362952800000,1.29952,1.30034,1.2995,1.3002,923.59
1362953700000,1.3002,1.30022,1.29935,1.2996,1267.91
1362954600000,1.2996,1.29992,1.29943,1.29945,882.96
1362955500000,1.29945,1.29951,1.2987,1.2988,489.37
1362956400000,1.2988,1.29938,1.29833,1.29852,989.57
1362957300000,1.29849,1.29852,1.29793,1.29832,1006.01
1362958200000,1.29836,1.29892,1.29836,1.29857,459.71
1362959100000,1.29857,1.29895,1.29857,1.29873,804.07
1362960000000,1.29873,1.29887,1.29837,1.29877,1077.81
1362960900000,1.29877,1.29904,1.29856,1.29892,697.27
1362961800000,1.29893,1.29898,1.29869,1.29894,742.14
1362962700000,1.29895,1.29943,1.29883,1.29935,1029.92
1362963600000,1.29935,1.29935,1.29896,1.29917,893.57
1362964500000,1.29917,1.2997,1.29917,1.29969,856.24
1362965400000,1.29969,1.29986,1.29942,1.29986,624.75
1362966300000,1.29985,1.30008,1.2996,1.29996,884.86
1362967200000,1.29998,1.30008,1.29955,1.29957,667.52
1362968100000,1.29957,1.29967,1.29941,1.29964,520.67
1362969000000,1.29965,1.29975,1.2995,1.29956,511.99
1362969900000,1.29956,1.30061,1.29953,1.30057,654.21
1362970800000,1.30055,1.30074,1.30023,1.30049,752.36
1362971700000,1.3005,1.30089,1.30046,1.30075,614.62
1362972600000,1.30075,1.30075,1.30035,1.30056,852.28
1362973500000,1.30054,1.30064,1.30035,1.30052,913.02
1362974400000,1.30054,1.30069,1.30012,1.30012,690.51
1362975300000,1.3001,1.30035,1.30005,1.30034,486.64
1362976200000,1.30034,1.30058,1.30012,1.30015,543.08
1362977100000,1.30014,1.30024,1.2998,1.29983,526.31
1362978000000,1.29983,1.30003,1.29965,1.29995,903.29
1362978900000,1.29995,1.30017,1.29976,1.30003,1058.25
1362979800000,1.30006,1.30028,1.29995,1.30025,705.55
1362980700000,1.30025,1.30039,1.29983,1.29984,551.53
1362981600000,1.29983,1.30063,1.29983,1.30061,946.79
1362982500000,1.30063,1.30083,1.30047,1.30079,735.66
1362983400000,1.30078,1.30137,1.30074,1.30083,1085.69
1362984300000,1.30081,1.30118,1.3008,1.30086,797.53
1362985200000,1.30083,1.30209,1.30068,1.30178,2283.12
1362986100000,1.30179,1.30238,1.30088,1.30102,2329.14
1362987000000,1.301,1.30109,1.30024,1.30063,2097.55
1362987900000,1.30061,1.30079,1.29993,1.30074,2468.81
1362988800000,1.3007,1.30179,1.30039,1.30125,2855.97
1362989700000,1.30127,1.30135,1.29998,1.30036,2355.62
1362990600000,1.30037,1.30038,1.29922,1.29988,2824.29
1362991500000,1.29989,1.3003,1.29934,1.29948,2661.24
1362992400000,1.2995,1.30065,1.29946,1.30035,2120.37
1362993300000,1.30036,1.30083,1.30019,1.30043,1735.49
1362994200000,1.3004,1.30117,1.30025,1.30059,2097.13
1362995100000,1.3006,1.3006,1.30012,1.30026,1836.72
1362996000000,1.30028,1.30061,1.30003,1.30042,1683.91
1362996900000,1.30042,1.30046,1.29978,1.30017,1952.66
1362997800000,1.30018,1.30076,1.29996,1.30053,1926.03
1362998700000,1.30053,1.30087,1.3,1.30001,1810.24
1362999600000,1.30003,1.30003,1.2992,1.2996,3145.82
1363000500000,1.2996,1.29984,1.29925,1.29959,2182.01
1363001400000,1.29959,1.30064,1.29948,1.30039,1984.58
1363002300000,1.30035,1.30037,1.29985,1.30003,1565.1
1363003200000,1.30004,1.30059,1.30002,1.30056,1517.58
1363004100000,1.30056,1.30071,1.30023,1.30036,1638.46
1363005000000,1.30034,1.30034,1.29943,1.29994,2192.87
1363005900000,1.29993,1.30041,1.29973,1.30002,2105.5
1363006800000,1.30003,1.30065,1.29932,1.29936,2394.55
1363007700000,1.29937,1.29992,1.29881,1.29966,2602.05
1363008600000,1.29967,1.30006,1.29926,1.29949,2916.2
1363009500000,1.29953,1.29994,1.29888,1.29888,2517.37
1363010400000,1.29885,1.29972,1.29881,1.29944,2552.42
1363011300000,1.29943,1.30026,1.29936,1.30019,2224.59
1363012200000,1.30017,1.30045,1.29954,1.30016,2095.2
1363013100000,1.30016,1.30056,1.29997,1.30039,1969.91
1363014000000,1.30039,1.30158,1.30017,1.30135,2187.32
1363014900000,1.30136,1.30148,1.30055,1.30108,2470.96
1363015800000,1.30107,1.3015,1.30065,1.30135,1769.64
1363016700000,1.30135,1.30155,1.30105,1.30137,2291.2
1363017600000,1.30139,1.30157,1.30075,1.30094,2211.87
1363018500000,1.30095,1.30151,1.3007,1.30097,1703.82
1363019400000,1.30096,1.30144,1.30073,1.30129,1582.15
1363020300000,1.30129,1.30169,1.30119,1.30164,1360.44
1363021200000,1.30166,1.30207,1.30153,1.30184,1451.43
1363022100000,1.30184,1.30377,1.30162,1.30332,1552.01
1363023000000,1.30334,1.30377,1.30277,1.30296,1984.43
1363023900000,1.30296,1.30326,1.3028,1.30305,1122.72
1363024800000,1.30306,1.30329,1.30275,1.30319,1229.32
1363025700000,1.30322,1.30386,1.30321,1.30369,1120.46
1363026600000,1.30368,1.30377,1.30326,1.30364,950.91
1363027500000,1.30364,1.3042,1.30362,1.30405,942.83
1363028400000,1.30403,1.30419,1.30314,1.30323,1215.03
1363029300000,1.30325,1.30377,1.30315,1.30365,676.01
1363030200000,1.30365,1.30371,1.30326,1.30359,596.55
1363031100000,1.30358,1.30367,1.30345,1.30361,645.84
1363032000000,1.30361,1.30404,1.30354,1.30402,641.2
1363032900000,1.30402,1.30529,1.30402,1.30492,1214.44
1363033800000,1.30494,1.30521,1.30494,1.30511,874.35
1363034700000,1.30511,1.30517,1.30435,1.30456,1063.38
1363035600000,1.30449,1.30459,1.30436,1.30454,284
1363036500000,1.30459,1.30459,1.30436,1.30442,216.24
1363037400000,1.30442,1.30449,1.30413,1.30419,1026.43
1363038300000,1.30419,1.30464,1.30413,1.30459,506.93
1363039200000,1.30459,1.30459,1.30431,1.30434,565.31
1363040100000,1.30433,1.3045,1.3039,1.30395,840.01
1363041000000,1.30394,1.3041,1.30325,1.30325,973.22
1363041900000,1.30325,1.30376,1.30317,1.30336,1041.41
1363042800000,1.30337,1.30353,1.30318,1.30327,737.97
1363043700000,1.30328,1.30348,1.30325,1.30336,674.51
1363044600000,1.30336,1.3036,1.30275,1.30289,1082.62
1363045500000,1.30288,1.30324,1.30257,1.30322,1157.52
1363046400000,1.30319,1.3032,1.30258,1.30287,1495.77
1363047300000,1.30286,1.30311,1.3028,1.30308,590.51
1363048200000,1.30308,1.30313,1.30263,1.30302,1317.75
1363049100000,1.30302,1.30325,1.30293,1.30308,1490.61
1363050000000,1.30307,1.30323,1.30279,1.3032,871.74
1363050900000,1.30322,1.30357,1.3032,1.30338,1168.13
1363051800000,1.3034,1.30372,1.30322,1.30361,992.93
1363052700000,1.3036,1.30379,1.30329,1.30353,1024.01
1363053600000,1.30353,1.30358,1.30315,1.30352,1770.38
1363054500000,1.3035,1.30357,1.30328,1.3034,805.85
1363055400000,1.3034,1.3034,1.303,1.30318,929.35
1363056300000,1.30318,1.30323,1.30286,1.30286,576.23
1363057200000,1.30286,1.303,1.30272,1.30299,701.24
1363058100000,1.30298,1.30322,1.30286,1.30309,885.34
1363059000000,1.30308,1.30312,1.30272,1.30284,515.87
1363059900000,1.30284,1.3029,1.30236,1.30243,685.37
1363060800000,1.30246,1.30267,1.30226,1.30247,1185.61
1363061700000,1.30246,1.30259,1.30234,1.30245,720.17
1363062600000,1.30245,1.30262,1.30238,1.30262,580.51
1363063500000,1.30261,1.30298,1.30261,1.3028,705.37
1363064400000,1.30282,1.30298,1.30251,1.30264,992.95
1363065300000,1.30264,1.30274,1.30244,1.3026,852.86
1363066200000,1.3026,1.30327,1.30237,1.30305,1267.08
1363067100000,1.30306,1.30327,1.30254,1.30257,974.15
1363068000000,1.30257,1.30277,1.30183,1.30185,964.51
1363068900000,1.30185,1.30196,1.30154,1.30183,1495.82
1363069800000,1.30183,1.30183,1.3015,1.30166,1100.31
1363070700000,1.30166,1.30166,1.30111,1.30163,1253.98
1363071600000,1.30163,1.30212,1.30143,1.30192,1731.89
1363072500000,1.30195,1.3023,1.30177,1.3023,1549.5
1363073400000,1.3023,1.3023,1.30158,1.30178,1605.26
1363074300000,1.30178,1.30186,1.30025,1.30052,2377.61
1363075200000,1.30053,1.30082,1.30012,1.30076,2737.41
1363076100000,1.30076,1.30106,1.29913,1.29965,3975.52
1363077000000,1.29966,1.30059,1.29938,1.30016,3193.29
1363077900000,1.30017,1.30068,1.29976,1.30037,2441.64
1363078800000,1.30038,1.30123,1.29999,1.30074,2636.12
1363079700000,1.30074,1.30169,1.30074,1.30115,2999.81
1363080600000,1.30116,1.30216,1.3006,1.30196,4347.84
1363081500000,1.30199,1.30235,1.30125,1.30127,3274.05
1363082400000,1.30126,1.30138,1.29991,1.3,3441.97
1363083300000,1.29999,1.30114,1.29996,1.30074,3392.01
1363084200000,1.30075,1.30156,1.30068,1.30147,2583.96
1363085100000,1.30147,1.30157,1.301,1.30119,2204.06
1363086000000,1.3012,1.30122,1.30023,1.30047,2291.52
1363086900000,1.30046,1.30125,1.30038,1.30103,2068.46
1363087800000,1.30104,1.30174,1.30075,1.30139,2372.58
1363088700000,1.30138,1.30138,1.30082,1.30099,1990.02
1363089600000,1.30101,1.30152,1.30066,1.30152,2253.56
1363090500000,1.30152,1.30418,1.3014,1.30387,4224.68
1363091400000,1.3039,1.30479,1.3039,1.30399,3486.47
1363092300000,1.30399,1.30435,1.30346,1.3039,2727.22
1363093200000,1.3039,1.30595,1.30387,1.30527,3680.8
1363094100000,1.30529,1.30742,1.30515,1.30696,4632.04
1363095000000,1.30697,1.30711,1.30603,1.30643,3262.69
1363095900000,1.30642,1.30698,1.30599,1.30681,3061.11
1363096800000,1.30681,1.30712,1.30615,1.30659,2762.44
1363097700000,1.3066,1.30686,1.306,1.30636,2808.68
1363098600000,1.30636,1.30654,1.30375,1.30426,3728.84
1363099500000,1.30423,1.30477,1.30394,1.30426,2640.08
1363100400000,1.30426,1.30426,1.30308,1.30362,2904.86
1363101300000,1.3036,1.30368,1.30162,1.30176,4248.01
1363102200000,1.30178,1.30272,1.30155,1.30201,3370.46
1363103100000,1.30201,1.30257,1.30148,1.30204,3307.95
1363104000000,1.30203,1.30325,1.30203,1.30256,3256.8
1363104900000,1.30256,1.30357,1.30256,1.30307,2651.61
1363105800000,1.30307,1.30307,1.30253,1.30276,1591.81
1363106700000,1.30277,1.30322,1.30255,1.30266,1401.42
1363107600000,1.30267,1.30314,1.30262,1.30271,1463.82
1363108500000,1.30267,1.30275,1.3014,1.30163,1655.98
1363109400000,1.30163,1.3023,1.30163,1.30219,1166.59
1363110300000,1.30219,1.30234,1.30179,1.30224,1342.02
1363111200000,1.30226,1.30266,1.30197,1.30231,1440.96
1363112100000,1.3023,1.3023,1.30197,1.30199,814.93
1363113000000,1.302,1.30257,1.30198,1.30247,1017.29
1363113900000,1.30247,1.30277,1.3021,1.30254,1027.55
1363114800000,1.30257,1.3027,1.30226,1.30266,760.92
1363115700000,1.30265,1.30379,1.30265,1.30328,1261.13
1363116600000,1.30328,1.30359,1.30286,1.30346,1090.45
1363117500000,1.30346,1.30349,1.30296,1.30315,909.17
1363118400000,1.30315,1.30351,1.30306,1.30339,723.28
1363119300000,1.30339,1.30381,1.30308,1.3036,1170.97
1363120200000,1.3036,1.30365,1.30346,1.30353,552.4
1363121100000,1.30354,1.30367,1.30322,1.30335,880.36
1363122000000,1.30335,1.30335,1.30275,1.30285,276.66
1363122900000,1.30285,1.30301,1.30275,1.30299,249.29
1363123800000,1.30303,1.30319,1.30282,1.30292,848.87
1363124700000,1.30292,1.30303,1.30233,1.30275,869.89
1363125600000,1.30275,1.30299,1.30274,1.30291,535.37
1363126500000,1.3029,1.30297,1.30268,1.30296,247.04
1363127400000,1.30295,1.30301,1.30273,1.30295,431.56
1363128300000,1.30295,1.30299,1.30265,1.30273,396.23
1363129200000,1.30273,1.30296,1.30226,1.30226,1098.75
1363130100000,1.30228,1.30269,1.30228,1.30257,970.49
1363131000000,1.30257,1.30271,1.30254,1.30266,327.08
1363131900000,1.30266,1.30323,1.30265,1.30302,1165.76
1363132800000,1.30301,1.30304,1.30266,1.3028,1036.53
1363133700000,1.3028,1.30286,1.30253,1.30275,695.55
1363134600000,1.30272,1.30295,1.30248,1.30277,1108.29
1363135500000,1.30276,1.30309,1.30247,1.3029,1323.99
1363136400000,1.30289,1.30309,1.30282,1.30295,938.61
1363137300000,1.30295,1.3032,1.30287,1.3032,714.78
1363138200000,1.3032,1.30359,1.30307,1.30342,801.42
1363139100000,1.30341,1.3039,1.30341,1.30345,1021.48
1363140000000,1.30345,1.30386,1.30343,1.30372,1251.05
1363140900000,1.3037,1.3037,1.30323,1.30358,1312.4
1363141800000,1.3036,1.30372,1.30336,1.30352,708.76
1363142700000,1.30353,1.30368,1.30343,1.30351,782.61
1363143600000,1.30351,1.30385,1.30343,1.30378,733.78
1363144500000,1.30376,1.30388,1.30363,1.3037,650.76
1363145400000,1.3037,1.30397,1.30365,1.30391,633.44
1363146300000,1.3039,1.3041,1.30369,1.30371,1272.47
1363147200000,1.30371,1.30399,1.30371,1.30394,685.23
1363148100000,1.30395,1.30395,1.30358,1.30358,626.98
1363149000000,1.30358,1.3038,1.30352,1.30365,605.95
1363149900000,1.30366,1.30367,1.30347,1.30354,488.8
1363150800000,1.30355,1.30376,1.30355,1.30365,340.08
1363151700000,1.30365,1.30402,1.30364,1.30385,687.25
1363152600000,1.30385,1.30435,1.30384,1.30408,1025.14
1363153500000,1.30408,1.30412,1.30359,1.30391,1056.92
1363154400000,1.30391,1.30412,1.3035,1.30398,1086.26
1363155300000,1.30398,1.3041,1.30392,1.30405,618.75
1363156200000,1.30404,1.30415,1.30388,1.30389,590.52
1363157100000,1.30388,1.30429,1.30376,1.30418,834.97
1363158000000,1.30419,1.30451,1.304,1.30418,1902.18
1363158900000,1.30422,1.30445,1.30405,1.30412,1509.88
1363159800000,1.30412,1.3056,1.30408,1.3056,2975.75
1363160700000,1.30559,1.30646,1.30529,1.30615,3258.56
1363161600000,1.30615,1.30644,1.30548,1.30586,3163.33
1363162500000,1.30586,1.30599,1.30485,1.30507,2715.49
1363163400000,1.30506,1.30506,1.3034,1.30363,2837.53
1363164300000,1.30361,1.30362,1.30136,1.30189,3224.06
1363165200000,1.30188,1.30228,1.30115,1.30226,3168.52
1363166100000,1.30226,1.30245,1.30155,1.3024,2808.01
1363167000000,1.3024,1.30251,1.30195,1.30212,1970.25
1363167900000,1.30212,1.30269,1.30174,1.30207,2249.26
1363168800000,1.30208,1.30282,1.30172,1.30281,2760.02
1363169700000,1.30281,1.303,1.30124,1.30186,3438.76
1363170600000,1.30187,1.30263,1.3013,1.30149,2423.56
1363171500000,1.3015,1.30177,1.30041,1.3005,2829.29
1363172400000,1.30048,1.30093,1.29974,1.29984,2720.47
1363173300000,1.29985,1.3002,1.29955,1.29991,2307.91
1363174200000,1.29992,1.30038,1.29954,1.30028,2513.82
1363175100000,1.30028,1.30071,1.30016,1.30043,2243.61
1363176000000,1.30044,1.30131,1.30044,1.30122,2365.61
1363176900000,1.30122,1.30141,1.30072,1.3009,2398.76
1363177800000,1.3009,1.30102,1.29705,1.29728,5911.42
1363178700000,1.29729,1.29799,1.2963,1.29726,4404.96
1363179600000,1.29726,1.29804,1.29642,1.29781,4947.77
1363180500000,1.29781,1.29838,1.2974,1.29757,3612.93
1363181400000,1.29758,1.29815,1.2935,1.29365,4505.89
1363182300000,1.29364,1.29439,1.29301,1.29408,4454.46
1363183200000,1.29408,1.29412,1.29234,1.29307,4276.22
1363184100000,1.29306,1.29366,1.29246,1.29311,3222.88
1363185000000,1.29311,1.29446,1.2931,1.29417,3638.09
1363185900000,1.2942,1.2942,1.29353,1.29371,2247.04
1363186800000,1.2937,1.29482,1.2936,1.29442,2653.14
1363187700000,1.29442,1.29484,1.29385,1.29385,2559.78
1363188600000,1.29385,1.29534,1.29377,1.29491,3124.05
1363189500000,1.29491,1.29554,1.29484,1.29487,1762.96
1363190400000,1.29486,1.29526,1.29437,1.29511,2225.88
1363191300000,1.29512,1.29582,1.29504,1.29521,2436.22
1363192200000,1.29522,1.29568,1.29495,1.29496,1487.66
1363193100000,1.29497,1.29583,1.29475,1.29576,1762.25
1363194000000,1.29576,1.29645,1.2954,1.296,2014.25
1363194900000,1.296,1.29643,1.29566,1.29619,1328.82
1363195800000,1.29621,1.29694,1.29595,1.29658,1832.06
1363196700000,1.29659,1.29709,1.29659,1.29704,1356.85
1363197600000,1.29703,1.29704,1.29636,1.29639,1176.17
1363198500000,1.29638,1.29686,1.29629,1.29665,885.14
1363199400000,1.29664,1.29669,1.29612,1.2965,1003.2
1363200300000,1.2965,1.29697,1.29602,1.29602,1158.75
1363201200000,1.29605,1.29622,1.29536,1.29541,1342.25
1363202100000,1.29541,1.29582,1.29537,1.29579,840.04
1363203000000,1.29578,1.29619,1.29573,1.29619,638.37
1363203900000,1.29623,1.29634,1.2956,1.2956,866.15
1363204800000,1.2956,1.29593,1.29522,1.29522,1217.38
1363205700000,1.29521,1.29557,1.29517,1.29544,641
1363206600000,1.29544,1.29571,1.29544,1.29568,712.34
1363207500000,1.29568,1.29625,1.29565,1.29605,1146.13
1363208400000,1.29605,1.29606,1.29548,1.29564,234.27
1363209300000,1.2956,1.29588,1.2956,1.29572,277.48
1363210200000,1.29572,1.29582,1.29559,1.29565,1057.91
1363211100000,1.29561,1.29616,1.29558,1.29603,1675.15
1363212000000,1.29603,1.29631,1.29595,1.29626,924.31
1363212900000,1.29626,1.29627,1.29576,1.29581,543.01
1363213800000,1.2958,1.2962,1.29578,1.29585,260.47
1363214700000,1.29584,1.29591,1.29566,1.29568,354.8
1363215600000,1.29568,1.29608,1.2956,1.29593,626.41
1363216500000,1.29594,1.29603,1.29569,1.29573,319.25
1363217400000,1.29575,1.29614,1.2956,1.29612,583.54
1363218300000,1.2961,1.2961,1.2957,1.29591,478.25
1363219200000,1.29591,1.2963,1.29589,1.29627,652.97
1363220100000,1.29625,1.29626,1.29594,1.296,797.27
1363221000000,1.29601,1.29695,1.29598,1.29684,1911.86
1363221900000,1.29684,1.29774,1.29644,1.29773,1587.72
1363222800000,1.29772,1.29811,1.29709,1.29716,1761.32
1363223700000,1.29717,1.29738,1.29659,1.29661,1386.85
1363224600000,1.29662,1.29698,1.29635,1.29646,1407.2
1363225500000,1.29646,1.29687,1.29644,1.29677,1268.02
1363226400000,1.29677,1.29689,1.29636,1.29654,979.85
1363227300000,1.29654,1.29661,1.29637,1.29641,1094.13
1363228200000,1.2964,1.29661,1.29617,1.29618,864.45
1363229100000,1.29618,1.29638,1.29593,1.29627,930.12
1363230000000,1.29627,1.2964,1.2961,1.29638,600.12
1363230900000,1.29638,1.29645,1.29614,1.29618,599.23
1363231800000,1.29619,1.2962,1.29551,1.29566,1154.53
1363232700000,1.29567,1.296,1.29529,1.29548,1325.7
1363233600000,1.29548,1.29564,1.2947,1.29474,1671.1
1363234500000,1.29474,1.29511,1.29438,1.29448,1538
1363235400000,1.29448,1.29481,1.29447,1.29461,1373.34
1363236300000,1.29461,1.29496,1.29437,1.29458,1068.37
1363237200000,1.29458,1.29494,1.2945,1.29494,920.59
1363238100000,1.29492,1.29502,1.29481,1.29491,736.22
1363239000000,1.29492,1.29511,1.2946,1.29493,1027.81
1363239900000,1.29493,1.29522,1.29465,1.29502,676.93
1363240800000,1.29503,1.29562,1.29497,1.29534,1391.21
1363241700000,1.29534,1.29541,1.29477,1.29528,1253.81
1363242600000,1.29529,1.29554,1.29526,1.29533,883.03
1363243500000,1.29533,1.29591,1.29532,1.29583,1042.68
1363244400000,1.29584,1.29602,1.29524,1.29549,2083.69
1363245300000,1.2955,1.29669,1.29534,1.29669,2645.68
1363246200000,1.29668,1.29682,1.29611,1.29643,2319.74
1363247100000,1.29643,1.29657,1.29531,1.29562,2258.84
1363248000000,1.29561,1.29577,1.29466,1.29551,3961.17
1363248900000,1.29551,1.29714,1.2955,1.29651,4514.71
1363249800000,1.29651,1.29711,1.29611,1.29693,3438.82
1363250700000,1.29693,1.29768,1.29548,1.29556,3734.56
1363251600000,1.29559,1.29598,1.29511,1.29522,2862.68
1363252500000,1.29522,1.29532,1.29434,1.29494,3105.73
1363253400000,1.29494,1.29537,1.29471,1.29518,2562.79
1363254300000,1.29518,1.29565,1.2949,1.29532,2500.58
1363255200000,1.29532,1.29574,1.29514,1.29529,2614.11
1363256100000,1.29527,1.29533,1.29286,1.29352,4181.31
1363257000000,1.29354,1.29354,1.29251,1.2932,3337.89
1363257900000,1.2932,1.29373,1.29307,1.29335,2510.57
1363258800000,1.29335,1.2934,1.29194,1.29232,3648.53
1363259700000,1.29231,1.29284,1.29175,1.29182,3041.28
1363260600000,1.29182,1.29232,1.29156,1.29231,3512.01
1363261500000,1.29231,1.29254,1.2917,1.29221,2798.22
1363262400000,1.2922,1.2926,1.29147,1.29242,3100.1
1363263300000,1.29244,1.29325,1.29234,1.29264,3266.33
1363264200000,1.29266,1.29323,1.29112,1.29293,5358.29
1363265100000,1.29293,1.29381,1.29293,1.29373,3498.82
1363266000000,1.29376,1.29445,1.29339,1.29349,3660.81
1363266900000,1.29351,1.29447,1.29345,1.29364,3424.35
1363267800000,1.29364,1.29445,1.29343,1.29406,3005.73
1363268700000,1.29404,1.29571,1.29404,1.29496,3698.51
1363269600000,1.29495,1.29527,1.29464,1.29488,3781.36
1363270500000,1.29489,1.29657,1.294,1.29621,4260.44
1363271400000,1.29622,1.29712,1.29618,1.29672,4380.95
1363272300000,1.29672,1.29672,1.2958,1.29586,3199.58
1363273200000,1.29581,1.29781,1.29576,1.29745,4167.6
1363274100000,1.29744,1.29751,1.29685,1.29722,2651.21
1363275000000,1.29721,1.29722,1.29679,1.29702,2224.21
1363275900000,1.29701,1.29818,1.29683,1.29801,3259.8
1363276800000,1.29801,1.29814,1.29678,1.29812,3839.64
1363277700000,1.29812,1.29939,1.29777,1.29932,4021.25
1363278600000,1.29932,1.30002,1.29881,1.29972,3534.04
1363279500000,1.29973,1.30191,1.2997,1.30188,4919.3
1363280400000,1.30188,1.30281,1.30118,1.30195,3755.34
1363281300000,1.30195,1.30285,1.30175,1.3028,2823.03
1363282200000,1.3028,1.30299,1.30127,1.30135,2507
1363283100000,1.30134,1.30135,1.30033,1.3008,2591.09
1363284000000,1.30079,1.30079,1.30016,1.30038,1407.85
1363284900000,1.30037,1.30138,1.30037,1.30098,1883.06
1363285800000,1.30099,1.30125,1.3007,1.30078,1213.14
1363286700000,1.3008,1.30091,1.2997,1.29988,1601.81
1363287600000,1.29988,1.3006,1.29987,1.30053,1544.28
1363288500000,1.30053,1.30058,1.29996,1.30024,1518.05
1363289400000,1.30024,1.30059,1.30016,1.3005,1504.82
1363290300000,1.30049,1.30079,1.30046,1.30059,1237.82
1363291200000,1.30058,1.3006,1.29995,1.30037,1111.93
1363292100000,1.30035,1.30046,1.2999,1.29994,753.01
1363293000000,1.29995,1.30033,1.29993,1.30022,995.95
1363293900000,1.30024,1.30055,1.30016,1.30042,847.47
1363294800000,1.30041,1.3005,1.30026,1.3003,267.46
1363295700000,1.30032,1.30042,1.30024,1.30033,237.05
1363296600000,1.30034,1.30037,1.30002,1.3003,782.72
1363297500000,1.3003,1.30044,1.30004,1.30027,612.09
1363298400000,1.30027,1.30027,1.29994,1.30014,1003.96
1363299300000,1.30013,1.30086,1.29992,1.30081,687.66
1363300200000,1.30082,1.30123,1.3006,1.30094,1029.55
1363301100000,1.30093,1.30127,1.30082,1.30124,503.5
1363302000000,1.30124,1.30149,1.30101,1.30132,977.41
1363302900000,1.30132,1.30151,1.30105,1.30111,589.65
1363303800000,1.30111,1.30144,1.30111,1.30143,432.08
1363304700000,1.30143,1.30151,1.30108,1.30118,942.23
1363305600000,1.30117,1.30127,1.30023,1.30064,1425.99
1363306500000,1.30062,1.30099,1.30048,1.3007,1107.23
1363307400000,1.30069,1.30071,1.30027,1.30059,1109.92
1363308300000,1.30059,1.30062,1.30037,1.30039,1112.35
1363309200000,1.30039,1.30117,1.30026,1.30114,1754.66
1363310100000,1.30114,1.30209,1.30087,1.30183,1593.84
1363311000000,1.30181,1.30219,1.30169,1.30173,1298.85
1363311900000,1.30175,1.30175,1.30089,1.30111,1171.36
1363312800000,1.30113,1.30163,1.30103,1.30152,956.91
1363313700000,1.30152,1.30162,1.30106,1.30152,802.68
1363314600000,1.30151,1.30165,1.30129,1.3013,457.12
1363315500000,1.3013,1.30172,1.30127,1.3016,758.47
1363316400000,1.3016,1.30165,1.3012,1.30162,825.64
1363317300000,1.30162,1.30171,1.30146,1.30162,606.4
1363318200000,1.30163,1.30183,1.3015,1.30161,889.34
1363319100000,1.30161,1.30164,1.30108,1.30114,695.92
1363320000000,1.30115,1.30222,1.30102,1.30213,1729.69
1363320900000,1.30211,1.30268,1.30211,1.30222,1631.81
1363321800000,1.30222,1.30237,1.30205,1.30225,1032.35
1363322700000,1.30227,1.30235,1.30197,1.30202,747.46
1363323600000,1.30203,1.30234,1.30201,1.30212,1049.2
1363324500000,1.30212,1.30214,1.30137,1.30142,989.53
1363325400000,1.30141,1.30166,1.30125,1.30153,1419.96
1363326300000,1.30157,1.30193,1.30152,1.30166,1080.4
1363327200000,1.30166,1.30215,1.30163,1.30202,1244.79
1363328100000,1.30204,1.30205,1.30152,1.30173,866.62
1363329000000,1.30173,1.30232,1.30166,1.30227,976.57
1363329900000,1.30227,1.3026,1.3022,1.30226,1251.19
1363330800000,1.30227,1.30382,1.30185,1.30376,2619.76
1363331700000,1.30378,1.30413,1.30328,1.30334,2492.89
1363332600000,1.30333,1.30381,1.30289,1.30363,2471.18
1363333500000,1.30362,1.30363,1.30328,1.30336,1615.67
1363334400000,1.30336,1.30336,1.30234,1.30278,2555.42
1363335300000,1.30283,1.30289,1.30213,1.30221,2617.56
1363336200000,1.30221,1.30221,1.30104,1.30112,2680.18
1363337100000,1.30113,1.30174,1.30107,1.30161,2201.79
1363338000000,1.30161,1.3044,1.30161,1.30437,3926.13
1363338900000,1.30436,1.3046,1.30378,1.30411,3302.26
1363339800000,1.30414,1.30495,1.30407,1.30435,2802
1363340700000,1.30435,1.30553,1.30435,1.30522,3552.21
1363341600000,1.3052,1.30695,1.3052,1.3068,4245.05
1363342500000,1.3068,1.30696,1.30633,1.30658,3164.95
1363343400000,1.30658,1.30675,1.306,1.3063,2750.06
1363344300000,1.30629,1.30638,1.3057,1.30602,2655.6
1363345200000,1.30602,1.3068,1.30575,1.30657,3085.42
1363346100000,1.30654,1.30657,1.30557,1.30586,2104.44
1363347000000,1.30586,1.30637,1.30525,1.30633,2718.39
1363347900000,1.30636,1.30689,1.30587,1.30604,2883.63
1363348800000,1.30603,1.30643,1.30582,1.30605,2063.69
1363349700000,1.30605,1.30643,1.3058,1.30596,2432.54
1363350600000,1.30596,1.30978,1.3054,1.30952,5677.85
1363351500000,1.30951,1.31058,1.30869,1.30975,4025.58
1363352400000,1.30976,1.31018,1.30846,1.30849,3918.9
1363353300000,1.30851,1.30926,1.30789,1.30835,3691.67
1363354200000,1.30837,1.30843,1.30669,1.30732,4826.27
1363355100000,1.30733,1.30763,1.30584,1.30639,4694.27
1363356000000,1.30638,1.30648,1.30561,1.30645,3624.37
1363356900000,1.30645,1.30866,1.30633,1.30813,3903.12
1363357800000,1.30812,1.30843,1.30684,1.30742,3441.46
1363358700000,1.3074,1.30773,1.30538,1.30574,4368.7
1363359600000,1.30574,1.30695,1.30472,1.30694,3829.9
1363360500000,1.30694,1.30695,1.30603,1.3065,2826.49
1363361400000,1.3065,1.30794,1.30639,1.30787,2663.88
1363362300000,1.30787,1.30848,1.30646,1.30656,3864.24
1363363200000,1.30656,1.30665,1.3049,1.30628,4432.02
1363364100000,1.30628,1.30674,1.30602,1.3065,2763.32
1363365000000,1.30648,1.30667,1.30524,1.30636,2814.73
1363365900000,1.30633,1.30654,1.30545,1.30586,2519.46
1363366800000,1.30587,1.30611,1.3048,1.30533,2141.54
1363367700000,1.30534,1.30583,1.3053,1.30575,1697.05
1363368600000,1.30577,1.30623,1.30564,1.30592,1634.64
1363369500000,1.30593,1.30625,1.3056,1.30585,1381.75
1363370400000,1.30584,1.30666,1.3058,1.30596,1994.36
1363371300000,1.30596,1.30604,1.30511,1.30543,1638.46
1363372200000,1.30543,1.30593,1.30507,1.30585,1626.52
1363373100000,1.30586,1.30605,1.30521,1.30552,1587.25
1363374000000,1.30552,1.30603,1.30526,1.30594,1664.59
1363374900000,1.30593,1.30603,1.30521,1.30553,1193.95
1363375800000,1.30551,1.30553,1.30529,1.30541,1045.76
1363376700000,1.30544,1.30589,1.30539,1.30589,1144.18
1363377600000,1.30587,1.30647,1.30586,1.30647,983.35
1363378500000,1.30646,1.30767,1.30646,1.3073,1170.93
1363379400000,1.3073,1.30763,1.30715,1.30716,1093.74
1363380300000,1.30715,1.30756,1.3069,1.30743,1097.89
1363554000000,1.29052,1.29292,1.29032,1.29286,1618.55
1363554900000,1.29295,1.29304,1.29209,1.29241,829.39
1363555800000,1.29232,1.2931,1.29227,1.29298,532.22
1363556700000,1.29292,1.29301,1.2905,1.29088,1531.6
1363557600000,1.29086,1.29201,1.29,1.29025,2634.78
1363558500000,1.2903,1.29148,1.28993,1.2913,2338.62
1363559400000,1.2913,1.29143,1.28951,1.28952,1935.37
1363560300000,1.28952,1.2909,1.28951,1.2905,1802.21
1363561200000,1.2905,1.29189,1.29049,1.29176,1616.88
1363562100000,1.29175,1.29221,1.29121,1.29175,1664.14
1363563000000,1.29175,1.29182,1.28999,1.29048,1937.16
1363563900000,1.29048,1.29077,1.2888,1.28907,1794.09
1363564800000,1.28907,1.29034,1.28883,1.28989,2578.36
1363565700000,1.28989,1.29066,1.28987,1.29053,1946.35
1363566600000,1.29055,1.29135,1.29038,1.29092,1660.84
1363567500000,1.29093,1.29105,1.29027,1.29087,1493.74
1363568400000,1.29089,1.29116,1.29005,1.29065,2393.81
1363569300000,1.29065,1.29071,1.28998,1.29002,2399.29
1363570200000,1.29001,1.29004,1.2888,1.28971,2402.04
1363571100000,1.28973,1.29002,1.28967,1.28981,935.27
1363572000000,1.2898,1.29056,1.28979,1.29035,1554.63
1363572900000,1.29035,1.29054,1.29002,1.29045,1405.22
1363573800000,1.29046,1.29068,1.29007,1.29013,1164.46
1363574700000,1.29013,1.29038,1.29,1.29024,1021
1363575600000,1.29024,1.29062,1.29014,1.29058,757.01
1363576500000,1.29058,1.2909,1.29047,1.2906,888.8
1363577400000,1.29059,1.2909,1.29058,1.29088,670.87
1363578300000,1.29088,1.29117,1.29077,1.2911,1139.89
1363579200000,1.2911,1.2911,1.29023,1.29027,1232.25
1363580100000,1.29025,1.29086,1.29022,1.2905,1039.3
1363581000000,1.29049,1.29054,1.28924,1.28924,1548.78
1363581900000,1.28924,1.28972,1.28924,1.2896,1014.94
1363582800000,1.28959,1.28966,1.2884,1.28864,1591.9
1363583700000,1.28866,1.28911,1.28842,1.28906,1621.37
1363584600000,1.28906,1.28919,1.2882,1.28821,1792.86
1363585500000,1.28819,1.28928,1.28817,1.28928,1957.25
1363586400000,1.28928,1.29063,1.28902,1.29026,3240.91
1363587300000,1.29024,1.29024,1.28926,1.29006,2101.76
1363588200000,1.29006,1.29076,1.28995,1.29054,1724.94
1363589100000,1.29053,1.29075,1.29015,1.29028,1553.42
1363590000000,1.29027,1.29057,1.28905,1.29038,3531.87
1363590900000,1.29036,1.29107,1.2897,1.29054,3064.65
1363591800000,1.29054,1.291,1.28984,1.29093,2787.63
1363592700000,1.29093,1.29274,1.29006,1.29215,4530.83
1363593600000,1.29216,1.29443,1.29204,1.29434,5226.47
1363594500000,1.29434,1.29465,1.29338,1.29432,4094.83
1363595400000,1.29431,1.29622,1.29375,1.29571,4305.44
1363596300000,1.2957,1.29751,1.29563,1.29659,4560.4
1363597200000,1.2966,1.29691,1.2952,1.29658,3864.15
1363598100000,1.29658,1.29696,1.2959,1.29616,2532.3
1363599000000,1.29613,1.29707,1.29536,1.29683,2888.64
1363599900000,1.29684,1.29725,1.29576,1.29622,2698.02
1363600800000,1.29621,1.29686,1.29575,1.29591,2630.43
1363601700000,1.29591,1.29643,1.2939,1.29419,3418.69
1363602600000,1.29419,1.29446,1.2937,1.29432,3563.06
1363603500000,1.29432,1.2958,1.29423,1.29467,3925.52
1363604400000,1.2946,1.29584,1.2946,1.2952,2701.07
1363605300000,1.29519,1.29562,1.2946,1.29505,2367.85
1363606200000,1.29505,1.29585,1.29472,1.29556,2040.36
1363607100000,1.29556,1.29559,1.29405,1.29454,2289.66
1363608000000,1.29456,1.29512,1.2942,1.29435,3185.03
1363608900000,1.29433,1.29485,1.29377,1.29479,2708.41
1363609800000,1.29479,1.29632,1.29454,1.29582,2523.25
1363610700000,1.29582,1.29584,1.29415,1.29421,2673.41
1363611600000,1.29423,1.29435,1.2928,1.29304,3716.68
1363612500000,1.29303,1.29303,1.29227,1.29286,3688.08
1363613400000,1.29288,1.29327,1.2922,1.29229,3307.55
1363614300000,1.29229,1.2937,1.29195,1.29347,3983.37
1363615200000,1.29348,1.29547,1.29335,1.29547,3917.12
1363616100000,1.29545,1.29722,1.29536,1.29656,4806.17
1363617000000,1.29655,1.29718,1.29529,1.2953,3854.37
1363617900000,1.29525,1.29596,1.29446,1.29517,3418.53
1363618800000,1.29517,1.29576,1.2948,1.2953,2809.09
1363619700000,1.2953,1.29549,1.29392,1.29549,2928.51
1363620600000,1.29549,1.296,1.29535,1.2956,2625.51
1363621500000,1.2956,1.2959,1.29515,1.29583,2370.43
1363622400000,1.29581,1.29909,1.29574,1.29889,4997.32
1363623300000,1.2989,1.2994,1.2978,1.29784,3070.18
1363624200000,1.29783,1.29825,1.29748,1.29787,2084.49
1363625100000,1.29788,1.29788,1.29708,1.2975,1760.55
1363626000000,1.2975,1.29753,1.29669,1.29727,1375.61
1363626900000,1.29728,1.2973,1.2962,1.29628,1794.25
1363627800000,1.2963,1.29637,1.296,1.29624,1433.95
1363628700000,1.29624,1.29626,1.29496,1.2957,2346.42
1363629600000,1.2957,1.29691,1.29561,1.2969,1995.11
1363630500000,1.2969,1.29747,1.29648,1.29691,1782.31
1363631400000,1.29692,1.29723,1.29552,1.29579,1820.07
1363632300000,1.29576,1.29582,1.2946,1.29468,1568.11
1363633200000,1.29466,1.29525,1.2946,1.29501,1457.43
1363634100000,1.29501,1.29501,1.29278,1.29338,2799.16
1363635000000,1.29338,1.29361,1.2924,1.29347,1752.79
1363635900000,1.29346,1.29382,1.29301,1.29301,1357.18
1363636800000,1.29301,1.29678,1.29286,1.29585,3717.22
1363637700000,1.29584,1.29623,1.29535,1.29542,917.67
1363638600000,1.29541,1.29588,1.29538,1.2957,728.78
1363639500000,1.29571,1.29589,1.29555,1.29555,845.49
1363640400000,1.29555,1.29564,1.29516,1.29531,373.47
1363641300000,1.29531,1.29576,1.29514,1.29564,367.19
1363642200000,1.29563,1.2962,1.29558,1.29601,852.71
1363643100000,1.29601,1.29626,1.29572,1.29578,796.05
1363644000000,1.2958,1.29602,1.29535,1.29547,1053.19
1363644900000,1.29547,1.29552,1.29519,1.29527,583.09
1363645800000,1.29528,1.29528,1.29431,1.29449,776.43
1363646700000,1.29449,1.29458,1.29421,1.29421,528.85
1363647600000,1.2942,1.29448,1.29375,1.2944,1373.27
1363648500000,1.2944,1.29441,1.29401,1.29424,539.16
1363649400000,1.29422,1.29467,1.29422,1.29451,567.39
1363650300000,1.2945,1.29452,1.29424,1.29434,696.77
1363651200000,1.29435,1.29445,1.29352,1.29378,1703.61
1363652100000,1.29378,1.29479,1.29377,1.29476,1618.77
1363653000000,1.29475,1.29571,1.29449,1.29559,1873.33
1363653900000,1.29559,1.29624,1.29549,1.29617,1722.3
1363654800000,1.29618,1.29628,1.2959,1.296,1284.35
1363655700000,1.29601,1.29609,1.29564,1.29591,1302.3
1363656600000,1.29591,1.29651,1.29587,1.29601,1376
1363657500000,1.29601,1.29603,1.2955,1.29577,1268.4
1363658400000,1.29577,1.29607,1.29553,1.29579,1354.9
1363659300000,1.29579,1.2965,1.29578,1.29608,1273.33
1363660200000,1.29608,1.29616,1.29575,1.29591,843.58
1363661100000,1.29589,1.29598,1.29555,1.29565,1092.61
1363662000000,1.29565,1.29592,1.29557,1.29587,585.18
1363662900000,1.29586,1.29589,1.29537,1.29555,930.99
1363663800000,1.29555,1.2956,1.29516,1.29538,808.11
1363664700000,1.2954,1.29542,1.2949,1.29536,811.25
1363665600000,1.29535,1.29571,1.29534,1.29542,468.64
1363666500000,1.29541,1.29581,1.29537,1.29548,440.37
1363667400000,1.29549,1.29573,1.29541,1.29548,482.47
1363668300000,1.29548,1.29579,1.29547,1.29555,521.06
1363669200000,1.29555,1.29571,1.29535,1.29546,753.38
1363670100000,1.29546,1.29562,1.29532,1.29551,491.5
1363671000000,1.29551,1.29583,1.29535,1.29559,905.02
1363671900000,1.29559,1.29694,1.29412,1.29443,2500.06
1363672800000,1.29443,1.29448,1.29344,1.29344,2679.86
1363673700000,1.29344,1.29436,1.29344,1.29409,1307.08
1363674600000,1.29409,1.2949,1.29359,1.29466,1606.57
1363675500000,1.29466,1.29527,1.29462,1.29496,1570.96
1363676400000,1.29496,1.29605,1.29477,1.29514,2174.11
1363677300000,1.29515,1.29538,1.294,1.29425,1734.23
1363678200000,1.29424,1.29471,1.29363,1.29463,2425.36
1363679100000,1.29462,1.29498,1.29413,1.29452,2294.96
1363680000000,1.29452,1.29454,1.29274,1.29346,3647.27
1363680900000,1.29346,1.29378,1.29292,1.29335,2463.26
1363681800000,1.2933,1.29348,1.29169,1.29231,3138.91
1363682700000,1.29232,1.29366,1.29225,1.2934,3271
1363683600000,1.29341,1.2945,1.29337,1.29396,3054.99
1363684500000,1.29396,1.29396,1.29247,1.2933,4503.68
1363685400000,1.2933,1.29354,1.29187,1.29273,3948.88
1363686300000,1.29273,1.294,1.29267,1.29387,2540.56
1363687200000,1.29387,1.29523,1.2934,1.29476,4615.18
1363688100000,1.29475,1.29508,1.2939,1.29411,3679.95
1363689000000,1.2941,1.29418,1.29309,1.2933,2983.73
1363689900000,1.2933,1.29362,1.29284,1.29309,2857.46
1363690800000,1.29311,1.29464,1.2931,1.29433,2361.9
1363691700000,1.29434,1.29501,1.29426,1.29474,2662.34
1363692600000,1.29472,1.29531,1.29432,1.29453,3105.52
1363693500000,1.29453,1.29461,1.29409,1.29421,2654.03
1363694400000,1.29421,1.29521,1.29418,1.29514,2974.45
1363695300000,1.29514,1.29608,1.29463,1.29519,3575.2
1363696200000,1.2952,1.29533,1.29387,1.29401,3766.98
1363697100000,1.29401,1.29487,1.29397,1.29474,2856.35
1363698000000,1.29474,1.2953,1.29426,1.29434,3428.71
1363698900000,1.29435,1.29468,1.2938,1.29425,4424.91
1363699800000,1.29425,1.29503,1.29334,1.29453,4466.19
1363700700000,1.29452,1.29572,1.29451,1.29502,4370.21
1363701600000,1.29503,1.29567,1.2939,1.29511,5520.42
1363702500000,1.29511,1.29542,1.29196,1.2923,4855.08
1363703400000,1.2923,1.29345,1.29133,1.29334,6362.99
1363704300000,1.29334,1.29423,1.2925,1.29402,5443.4
1363705200000,1.29401,1.29401,1.29264,1.29354,4505.01
1363706100000,1.29356,1.29413,1.29273,1.29273,3243.59
1363707000000,1.29273,1.29292,1.29073,1.29203,6035.33
1363707900000,1.29204,1.29223,1.2887,1.28874,6781.69
1363708800000,1.28874,1.28984,1.28763,1.28894,6372.68
1363709700000,1.28898,1.28913,1.286,1.28849,6417.46
1363710600000,1.2885,1.28873,1.28754,1.28769,4266.82
1363711500000,1.28769,1.28776,1.28533,1.28579,5111.68
1363712400000,1.28575,1.28673,1.28521,1.28668,4421.66
1363713300000,1.28668,1.28668,1.28481,1.28564,4584.74
1363714200000,1.28557,1.28684,1.28466,1.28605,4398.91
1363715100000,1.28605,1.28785,1.28578,1.28775,2902.24
1363716000000,1.28775,1.28775,1.28657,1.28701,2447.85
1363716900000,1.28701,1.28868,1.28567,1.2874,4748.43
1363717800000,1.2874,1.2887,1.2874,1.28781,3619.66
1363718700000,1.2878,1.28831,1.28717,1.28746,1968.01
1363719600000,1.28744,1.28904,1.28569,1.28904,3454.4
1363720500000,1.28904,1.29006,1.28724,1.28793,4423.4
1363721400000,1.28792,1.28886,1.28737,1.28801,2547.18
1363722300000,1.288,1.28988,1.288,1.28876,2493.27
1363723200000,1.28877,1.28986,1.28856,1.28933,1665
1363724100000,1.2894,1.2896,1.28864,1.28879,1261.24
1363725000000,1.28879,1.28886,1.28785,1.28838,1403.41
1363725900000,1.28839,1.28847,1.28797,1.28806,1554.18
1363726800000,1.28809,1.28843,1.28698,1.28724,541.11
1363727700000,1.28729,1.28734,1.28674,1.28698,815.21
1363728600000,1.287,1.28717,1.28617,1.28644,1637.47
1363729500000,1.28644,1.28676,1.28622,1.28672,2319.75
1363730400000,1.28665,1.28721,1.28624,1.28645,2189.07
1363731300000,1.28645,1.28671,1.2863,1.2864,1173.19
1363732200000,1.2864,1.2866,1.28619,1.28625,877.37
1363733100000,1.28625,1.28642,1.28569,1.28569,970.9
1363734000000,1.28568,1.28634,1.28567,1.28622,1394.4
1363734900000,1.28621,1.28625,1.28566,1.28611,1296.3
1363735800000,1.28611,1.28627,1.28582,1.28625,842.69
1363736700000,1.28625,1.2864,1.28613,1.28638,574.19
1363737600000,1.28639,1.28689,1.28634,1.28688,922.97
1363738500000,1.28687,1.28707,1.28667,1.28689,1019.21
1363739400000,1.28689,1.28694,1.28634,1.28682,1556.95
1363740300000,1.28682,1.28715,1.2868,1.28704,781.18
1363741200000,1.28704,1.28731,1.28676,1.28687,1307.1
1363742100000,1.28686,1.28747,1.28666,1.28744,1539.09
1363743000000,1.28743,1.28743,1.28716,1.2873,823.8
1363743900000,1.28731,1.28762,1.2871,1.28761,1164.78
1363744800000,1.2876,1.28786,1.28717,1.28722,1355.25
1363745700000,1.28722,1.28744,1.28721,1.28738,764.66
1363746600000,1.28736,1.28769,1.28729,1.28749,847.12
1363747500000,1.28747,1.2877,1.28736,1.28765,645.72
1363748400000,1.28765,1.28778,1.2874,1.28767,1344.21
1363749300000,1.28767,1.28787,1.28739,1.28743,1112.6
1363750200000,1.28743,1.28751,1.28707,1.28714,1310.64
1363751100000,1.28714,1.28746,1.28708,1.28745,715.64
1363752000000,1.28747,1.28753,1.28732,1.28738,430.26
1363752900000,1.28737,1.28768,1.28732,1.28765,635.22
1363753800000,1.28766,1.28771,1.28715,1.28716,821.57
1363754700000,1.28719,1.28736,1.28689,1.28697,1454.94
1363755600000,1.28696,1.28736,1.2869,1.28706,1089.03
1363756500000,1.28706,1.28724,1.287,1.28706,825.23
1363757400000,1.28706,1.28765,1.287,1.28753,903.67
1363758300000,1.28751,1.28784,1.28748,1.28784,737.06
1363759200000,1.28785,1.28786,1.28739,1.28751,869.79
1363760100000,1.28754,1.28847,1.28754,1.28829,1532.67
1363761000000,1.28829,1.28882,1.288,1.28809,2206.14
1363761900000,1.28809,1.2891,1.28809,1.28862,1970.51
1363762800000,1.28864,1.28924,1.28783,1.2889,3680.23
1363763700000,1.28892,1.29052,1.28885,1.29032,3538.65
1363764600000,1.29031,1.291,1.28961,1.29046,3790.57
1363765500000,1.29046,1.29069,1.2899,1.2902,2854.31
1363766400000,1.2902,1.29049,1.28917,1.28952,4668.85
1363767300000,1.28955,1.29156,1.28934,1.29133,5404.77
1363768200000,1.29133,1.29147,1.2895,1.28983,4176.51
1363769100000,1.28982,1.28985,1.28796,1.28884,5051.43
1363770000000,1.28884,1.28962,1.28858,1.28897,3655.76
1363770900000,1.28899,1.28981,1.28894,1.28957,3000.11
1363771800000,1.28956,1.2918,1.28907,1.29132,5774.52
1363772700000,1.29132,1.29169,1.29065,1.29065,4057.57
1363773600000,1.29065,1.2925,1.29024,1.29139,5074.17
1363774500000,1.29139,1.29327,1.29129,1.29307,5289.15
1363775400000,1.29307,1.29308,1.2917,1.29221,3560.84
1363776300000,1.29222,1.29237,1.29117,1.29157,3424.55
1363777200000,1.29153,1.292,1.29118,1.29139,2597.97
1363778100000,1.29137,1.29194,1.29124,1.2913,2239.51
1363779000000,1.2913,1.29159,1.29034,1.2908,3963.4
1363779900000,1.2908,1.29115,1.29047,1.29107,3562.04
1363780800000,1.29104,1.29503,1.29096,1.2947,7246.32
1363781700000,1.29469,1.2956,1.29212,1.29324,6961.74
1363782600000,1.29326,1.29435,1.29271,1.29432,5913.23
1363783500000,1.29433,1.29486,1.2931,1.2937,7152.02
1363784400000,1.29371,1.29519,1.29357,1.29445,5412
1363785300000,1.29447,1.29691,1.2943,1.29598,6590.99
1363786200000,1.29598,1.29702,1.29535,1.2956,5171.05
1363787100000,1.29562,1.29572,1.2944,1.29467,4959.06
1363788000000,1.29453,1.29606,1.29409,1.29585,4794.31
1363788900000,1.29587,1.29721,1.29558,1.2959,5229.97
1363789800000,1.2959,1.29614,1.29423,1.29472,4799.67
1363790700000,1.29472,1.29539,1.29445,1.29527,4426.2
1363791600000,1.29529,1.29592,1.29475,1.29529,5251.54
1363792500000,1.29529,1.2955,1.2942,1.29445,4505.19
1363793400000,1.29446,1.29516,1.29446,1.29474,3238.29
1363794300000,1.29475,1.29542,1.29455,1.29495,3384.65
1363795200000,1.29495,1.29547,1.29468,1.29521,3477.57
1363796100000,1.29521,1.29589,1.29508,1.29539,2990.75
1363797000000,1.29537,1.2954,1.29465,1.29475,2616.36
1363797900000,1.29475,1.29485,1.2945,1.29485,1880.47
1363798800000,1.29484,1.29561,1.2946,1.29541,3120.97
1363799700000,1.29544,1.29551,1.29507,1.29513,2216.41
1363800600000,1.29514,1.29514,1.29449,1.2949,1447.08
1363801500000,1.29489,1.29501,1.29391,1.29401,2137.26
1363802400000,1.29401,1.2973,1.29331,1.29531,8369.61
1363803300000,1.29531,1.29738,1.29527,1.29691,5169.83
1363804200000,1.29694,1.29694,1.29467,1.29477,4527.42
1363805100000,1.29476,1.29557,1.2944,1.29453,3636.29
1363806000000,1.29455,1.2954,1.29428,1.29517,2627.32
1363806900000,1.29517,1.29559,1.29418,1.29424,2589.17
1363807800000,1.29424,1.29458,1.29347,1.29396,2117.66
1363808700000,1.29395,1.29445,1.29382,1.29415,1917
1363809600000,1.29414,1.29417,1.2931,1.29365,1639.46
1363810500000,1.29364,1.29383,1.29353,1.29376,1166.96
1363811400000,1.29376,1.2938,1.29361,1.29363,569.17
1363812300000,1.29363,1.2937,1.29323,1.29323,1161.4
1363813200000,1.29324,1.29344,1.29308,1.2933,444.43
1363814100000,1.2933,1.29376,1.29311,1.29359,532.12
1363815000000,1.29359,1.29373,1.2935,1.29368,716.64
1363815900000,1.29368,1.29445,1.29364,1.29428,1738.35
1363816800000,1.29431,1.29441,1.29373,1.2938,1313.17
1363817700000,1.2938,1.29391,1.29332,1.29349,947.4
1363818600000,1.29347,1.29369,1.29341,1.2936,503
1363819500000,1.29358,1.2936,1.29326,1.2933,567.59
1363820400000,1.29331,1.29342,1.29285,1.29322,757.6
1363821300000,1.29323,1.2934,1.29312,1.29332,1309.81
1363822200000,1.29332,1.29398,1.29322,1.29381,1810.29
1363823100000,1.29382,1.29418,1.29368,1.2939,1637.1
1363824000000,1.29391,1.29405,1.29356,1.29358,2111.85
1363824900000,1.29358,1.29383,1.29337,1.29371,1327.38
1363825800000,1.2937,1.29373,1.29347,1.29358,767.47
1363826700000,1.29357,1.29413,1.2933,1.29367,2172.89
1363827600000,1.29367,1.29391,1.29344,1.29356,1967.9
1363828500000,1.29355,1.29395,1.29334,1.29367,1620.47
1363829400000,1.29368,1.29439,1.29353,1.29434,1673.29
1363830300000,1.29434,1.29502,1.2942,1.29501,1956.41
1363831200000,1.29501,1.29507,1.29462,1.29468,1235.67
1363832100000,1.29468,1.2952,1.29466,1.29488,1008.54
1363833000000,1.29488,1.29513,1.29471,1.29485,1190.7
1363833900000,1.29485,1.2953,1.29485,1.29524,693.21
1363834800000,1.29524,1.29551,1.29524,1.29529,1021.14
1363835700000,1.2953,1.2953,1.29485,1.29505,1066.25
1363836600000,1.29505,1.29516,1.29473,1.29476,1264.93
1363837500000,1.29477,1.29501,1.29465,1.29486,1414.53
1363838400000,1.29486,1.29489,1.29466,1.29468,605.9
1363839300000,1.29469,1.29473,1.29438,1.29461,762.48
1363840200000,1.29459,1.29466,1.29427,1.2946,1111.44
1363841100000,1.29459,1.29497,1.29452,1.29455,1266.78
1363842000000,1.29456,1.29464,1.29423,1.29445,1630.6
1363842900000,1.29445,1.29478,1.29406,1.29436,1276.18
1363843800000,1.29438,1.2946,1.29435,1.29441,875.37
1363844700000,1.29443,1.2948,1.29435,1.29439,1217.36
1363845600000,1.29439,1.29502,1.29437,1.2945,1190.3
1363846500000,1.29449,1.29454,1.2942,1.29446,1136.72
1363847400000,1.29448,1.29448,1.2933,1.29345,2511.86
1363848300000,1.29345,1.29377,1.29325,1.29368,1584.65
1363849200000,1.29367,1.2943,1.29361,1.29416,2352.9
1363850100000,1.29416,1.29438,1.2931,1.29332,2954.79
1363851000000,1.29331,1.29424,1.29311,1.29401,2815.1
1363851900000,1.294,1.29501,1.29286,1.2932,3612.64
1363852800000,1.29321,1.29321,1.29212,1.29235,6180.71
1363853700000,1.29235,1.2932,1.2899,1.2899,4788.89
1363854600000,1.28988,1.28996,1.28865,1.28915,6834.69
1363855500000,1.28911,1.28959,1.28799,1.28899,6221.96
1363856400000,1.289,1.29082,1.28879,1.29042,6004.97
1363857300000,1.29042,1.29175,1.29012,1.29159,5837.55
1363858200000,1.2916,1.29173,1.29036,1.29079,5799.32
1363859100000,1.29079,1.29169,1.29064,1.2909,4568.78
1363860000000,1.2909,1.29101,1.28947,1.28979,5603.47
1363860900000,1.28982,1.29062,1.28971,1.29039,3189.36
1363861800000,1.29041,1.2915,1.29006,1.29114,3692.41
1363862700000,1.29111,1.29207,1.2911,1.29161,4675.56
1363863600000,1.29161,1.29278,1.2916,1.29182,5039.64
1363864500000,1.29183,1.29228,1.2909,1.291,4999.78
1363865400000,1.291,1.29161,1.29063,1.29152,3932.11
1363866300000,1.29153,1.29202,1.29135,1.29158,3929.32
1363867200000,1.2916,1.29225,1.29093,1.29132,3424.7
1363868100000,1.29131,1.29186,1.29108,1.29167,3311.62
1363869000000,1.29165,1.29313,1.2912,1.29229,5645.29
1363869900000,1.29229,1.29274,1.29187,1.29189,3828.3
1363870800000,1.29188,1.29246,1.29091,1.29091,4648.7
1363871700000,1.29096,1.29116,1.28974,1.29036,5920.35
1363872600000,1.29036,1.29095,1.28961,1.29089,5036.06
1363873500000,1.29088,1.291,1.28989,1.29081,4413.53
1363874400000,1.29081,1.29085,1.28863,1.2893,6211.51
1363875300000,1.28927,1.28971,1.2883,1.28947,5929.25
1363876200000,1.28947,1.29021,1.28912,1.2898,4433.74
1363877100000,1.2898,1.29088,1.2898,1.2905,4554.04
1363878000000,1.2905,1.2907,1.2898,1.2901,3658.21
1363878900000,1.29012,1.29196,1.28996,1.29138,4790.29
1363879800000,1.29134,1.29414,1.29134,1.29378,7068.59
1363880700000,1.29379,1.29387,1.29197,1.29273,5259.9
1363881600000,1.29273,1.29273,1.29136,1.29151,4375.94
1363882500000,1.29151,1.29191,1.29075,1.29099,4031.42
1363883400000,1.29099,1.29184,1.29075,1.2915,3314.66
1363884300000,1.2915,1.29154,1.29045,1.29057,2902.93
1363885200000,1.29057,1.29068,1.28996,1.29031,2576.97
1363886100000,1.29031,1.29031,1.28872,1.28934,3804.01
1363887000000,1.28935,1.29038,1.28902,1.29028,3389.63
1363887900000,1.29027,1.29143,1.29021,1.29122,3250.05
1363888800000,1.2912,1.29258,1.29038,1.29208,3966.05
1363889700000,1.29208,1.2925,1.29162,1.29211,2886.58
1363890600000,1.29211,1.29225,1.29079,1.2912,2408.85
1363891500000,1.2912,1.29174,1.29062,1.29152,2188.3
1363892400000,1.29153,1.29267,1.29097,1.29097,2394.18
1363893300000,1.29098,1.2911,1.29015,1.29016,2714.18
1363894200000,1.29015,1.29075,1.29007,1.29048,1643.7
1363895100000,1.29047,1.29052,1.28945,1.28961,2153.38
1363896000000,1.28961,1.2902,1.28906,1.28939,2458.85
1363896900000,1.28939,1.2899,1.28934,1.28976,1623.2
1363897800000,1.28976,1.28986,1.28951,1.28951,1695.03
1363898700000,1.28952,1.29005,1.28946,1.28989,1383.49
1363899600000,1.28988,1.29018,1.28962,1.29007,447.03
1363900500000,1.29007,1.29027,1.2899,1.29015,295.34
1363901400000,1.29015,1.29028,1.28991,1.29001,990.41
1363902300000,1.29002,1.2901,1.28927,1.2895,1593.46
1363903200000,1.28951,1.28965,1.28932,1.28949,1492.78
1363904100000,1.28949,1.2896,1.28909,1.28921,887.68
1363905000000,1.28921,1.28949,1.2892,1.28936,630.92
1363905900000,1.28936,1.29009,1.28932,1.2898,731.53
1363906800000,1.2898,1.29024,1.2898,1.29005,865.92
1363907700000,1.29005,1.29032,1.28978,1.29005,1273.02
1363908600000,1.29006,1.29061,1.28996,1.29037,983.17
1363909500000,1.29038,1.29066,1.29026,1.2903,769.57
1363910400000,1.29031,1.29065,1.29018,1.29043,1256.86
1363911300000,1.29042,1.29056,1.29028,1.29045,1474.76
1363912200000,1.29047,1.29135,1.29047,1.29129,1931.52
1363913100000,1.29129,1.29135,1.29056,1.2906,1994.01
1363914000000,1.2906,1.29106,1.2906,1.29099,1453.16
1363914900000,1.29098,1.29138,1.29094,1.29127,1606.88
1363915800000,1.2913,1.29132,1.29093,1.29104,1189.56
1363916700000,1.29104,1.29109,1.29089,1.29106,1231.32
1363917600000,1.29106,1.29123,1.29096,1.29121,1048.4
1363918500000,1.29121,1.29153,1.29118,1.29124,1200.11
1363919400000,1.29123,1.29131,1.29115,1.29123,746.05
1363920300000,1.29125,1.29146,1.29088,1.29088,1284.9
1363921200000,1.29088,1.29118,1.2908,1.29106,392.23
1363922100000,1.29105,1.2912,1.291,1.29118,405.86
1363923000000,1.29119,1.29164,1.29116,1.29159,664.64
1363923900000,1.29159,1.29162,1.29136,1.2915,539.96
1363924800000,1.29149,1.29158,1.29136,1.29136,588.98
1363925700000,1.29136,1.29148,1.29124,1.29141,440.12
1363926600000,1.29141,1.2919,1.29139,1.29156,1165.83
1363927500000,1.29156,1.29189,1.29155,1.29158,782.97
1363928400000,1.29159,1.29189,1.29155,1.2917,821.36
1363929300000,1.29172,1.29235,1.29044,1.2906,2722.06
1363930200000,1.2906,1.29078,1.28888,1.28897,3486.77
1363931100000,1.28897,1.28962,1.28892,1.28921,2089.52
1363932000000,1.28921,1.28961,1.2888,1.28961,2265.96
1363932900000,1.28962,1.29031,1.28957,1.29006,1771.4
1363933800000,1.29002,1.29024,1.28979,1.29005,1606.57
1363934700000,1.29003,1.29013,1.28973,1.29002,1372.66
1363935600000,1.29002,1.29082,1.28983,1.2901,2845.59
1363936500000,1.29011,1.29055,1.28985,1.29007,2771.39
1363937400000,1.29005,1.29046,1.2891,1.28949,3298.62
1363938300000,1.28949,1.29067,1.28944,1.29006,3821.06
1363939200000,1.29006,1.29116,1.29006,1.29058,4262.79
1363940100000,1.29058,1.29094,1.29035,1.29059,4939.37
1363941000000,1.29059,1.29149,1.29047,1.29107,3667.33
1363941900000,1.29108,1.29194,1.29039,1.29039,3850.43
1363942800000,1.29047,1.29224,1.28952,1.2922,6388.82
1363943700000,1.29218,1.29237,1.2915,1.29205,3945.18
1363944600000,1.29205,1.2936,1.29136,1.29293,4656.15
1363945500000,1.29293,1.29372,1.2926,1.29348,4217.52
1363946400000,1.29348,1.29367,1.29285,1.29296,3321.68
1363947300000,1.29298,1.29396,1.29253,1.29304,3803.69
1363948200000,1.29305,1.29346,1.29257,1.29286,3885.49
1363949100000,1.29286,1.29426,1.29285,1.29363,4301.77
1363950000000,1.29363,1.2953,1.2936,1.29477,5453.01
1363950900000,1.29478,1.29659,1.29478,1.29569,6425.11
1363951800000,1.2957,1.29628,1.29565,1.29589,3638.05
1363952700000,1.2959,1.29596,1.29468,1.29477,3867.26
1363953600000,1.29478,1.29556,1.29475,1.29518,3119.53
1363954500000,1.29517,1.29571,1.29476,1.2949,3101.6
1363955400000,1.29491,1.29585,1.29491,1.29568,3827.96
1363956300000,1.29571,1.29628,1.29491,1.29501,4080.19
1363957200000,1.295,1.29517,1.2945,1.29482,4008.27
1363958100000,1.29481,1.29493,1.2941,1.29463,4478.05
1363959000000,1.29461,1.29489,1.2936,1.29405,5125.31
1363959900000,1.29404,1.29498,1.294,1.29488,4642.85
1363960800000,1.29488,1.29925,1.29475,1.2991,7870.82
1363961700000,1.29913,1.3001,1.29855,1.2986,7031.28
1363962600000,1.29858,1.29908,1.29824,1.29836,4839.62
1363963500000,1.29838,1.2996,1.2965,1.29768,6608.9
1363964400000,1.29769,1.2982,1.29696,1.29788,4981.36
1363965300000,1.29788,1.30074,1.29771,1.30021,6070.15
1363966200000,1.30021,1.30021,1.29872,1.29918,4798.91
1363967100000,1.29917,1.30012,1.29873,1.29956,4970.29
1363968000000,1.29953,1.29972,1.29747,1.29777,6412.06
1363968900000,1.29776,1.29956,1.29776,1.29866,5090.83
1363969800000,1.29867,1.29885,1.29796,1.29848,3093.94
1363970700000,1.29847,1.29875,1.29823,1.29857,2477.23
1363971600000,1.29857,1.29866,1.29781,1.29838,3056.71
1363972500000,1.29838,1.29849,1.29787,1.2981,2082.84
1363973400000,1.2981,1.29845,1.29804,1.29811,1651.84
1363974300000,1.2981,1.29829,1.29732,1.29736,1661.54
1363975200000,1.29736,1.29855,1.29735,1.29828,2283.59
1363976100000,1.29829,1.29862,1.29817,1.29857,1421.75
1363977000000,1.29857,1.2986,1.29822,1.29847,1232.64
1363977900000,1.29846,1.2986,1.29818,1.29828,1658.92
1363978800000,1.29829,1.29834,1.29794,1.29814,1455.63
1363979700000,1.29814,1.29841,1.29776,1.2983,1055.32
1363980600000,1.2983,1.2986,1.29824,1.29847,1232.96
1363981500000,1.29846,1.2985,1.29831,1.29842,1071.36
1363982400000,1.29841,1.2997,1.29836,1.29966,1591.22
1363983300000,1.29971,1.30068,1.29956,1.29956,1664.64
1363984200000,1.29955,1.29968,1.29843,1.29885,1852.34
1363985100000,1.29886,1.29907,1.29864,1.29881,1083.44
1364158800000,1.29475,1.29598,1.29448,1.29597,196.2
1364159700000,1.296,1.29648,1.29593,1.29629,308.69
1364160600000,1.29631,1.29704,1.29631,1.29663,787.99
1364161500000,1.29671,1.29697,1.29604,1.29617,622.85
1364162400000,1.29619,1.29737,1.29609,1.29734,1368.95
1364163300000,1.29734,1.29799,1.29728,1.29769,1338.98
1364164200000,1.29769,1.29775,1.29713,1.2975,908.38
1364165100000,1.2975,1.2975,1.29725,1.29727,688.49
1364166000000,1.29726,1.29754,1.29724,1.29745,899.76
1364166900000,1.29745,1.29833,1.29727,1.29788,1679
1364167800000,1.29787,1.30474,1.29745,1.30307,3682.5
1364168700000,1.30309,1.30406,1.3018,1.30185,4043.74
1364169600000,1.30185,1.30328,1.30126,1.3025,3888.86
1364170500000,1.30254,1.30314,1.30193,1.30218,2181.33
1364171400000,1.30219,1.30326,1.3021,1.30304,2312.57
1364172300000,1.30303,1.30358,1.30281,1.30291,2483.66
1364173200000,1.30291,1.30321,1.30223,1.30245,2269.96
1364174100000,1.30243,1.30383,1.30243,1.30365,1939.56
1364175000000,1.30367,1.30472,1.30361,1.30467,2884.14
1364175900000,1.30465,1.30469,1.30323,1.30345,1763.11
1364176800000,1.30345,1.3037,1.30311,1.30343,1526
1364177700000,1.30343,1.30343,1.3023,1.30235,1832.34
1364178600000,1.30234,1.30269,1.30171,1.30222,1685.57
1364179500000,1.30222,1.30305,1.30213,1.3028,1396.51
1364180400000,1.30281,1.30352,1.30279,1.30349,1396.99
1364181300000,1.30349,1.30359,1.30322,1.3033,1369.76
1364182200000,1.3033,1.30343,1.303,1.30324,972.86
1364183100000,1.30322,1.30327,1.30285,1.30295,888.39
1364184000000,1.30295,1.30343,1.30295,1.30343,1059.2
1364184900000,1.30342,1.3042,1.30334,1.30405,1339.8
1364185800000,1.30405,1.30405,1.30362,1.30366,1098.9
1364186700000,1.30365,1.30415,1.3036,1.30377,793.2
1364187600000,1.30378,1.30397,1.30342,1.30351,1239.96
1364188500000,1.3035,1.30404,1.3031,1.30386,1873.45
1364189400000,1.30385,1.30411,1.30384,1.30408,1345.5
1364190300000,1.30408,1.30408,1.30363,1.30381,993.63
1364191200000,1.30381,1.30479,1.30352,1.30393,1941.01
1364192100000,1.30393,1.30401,1.30272,1.30309,2572.22
1364193000000,1.30307,1.3037,1.30307,1.30319,1506.13
1364193900000,1.30317,1.3037,1.30289,1.30295,1380.07
1364194800000,1.30295,1.30329,1.30204,1.30223,2797
1364195700000,1.30223,1.30271,1.30052,1.30074,3221.8
1364196600000,1.30074,1.30075,1.29907,1.29987,4710.56
1364197500000,1.29988,1.29991,1.29867,1.29963,3293.69
1364198400000,1.29961,1.29969,1.29845,1.29958,5222.74
1364199300000,1.2996,1.30032,1.29948,1.3002,3712.54
1364200200000,1.30021,1.30021,1.29868,1.29896,3825.82
1364201100000,1.29896,1.29986,1.29885,1.2997,3298.5
1364202000000,1.29967,1.30027,1.29957,1.30025,3753.05
1364202900000,1.30024,1.30108,1.30014,1.30051,3678.95
1364203800000,1.3005,1.30163,1.30045,1.30157,4014.87
1364204700000,1.30157,1.30183,1.30102,1.3017,3573.17
1364205600000,1.3017,1.30191,1.3011,1.30146,3075.39
1364206500000,1.30146,1.3015,1.29995,1.30008,2967.12
1364207400000,1.30009,1.30019,1.29939,1.30018,4185.23
1364208300000,1.30018,1.30094,1.29945,1.29947,3511.37
1364209200000,1.29944,1.3004,1.29944,1.29965,3853.95
1364210100000,1.29964,1.29966,1.2982,1.29939,4531.06
1364211000000,1.29939,1.29975,1.29916,1.29948,2172.28
1364211900000,1.29949,1.29951,1.29824,1.29915,3225.16
1364212800000,1.29917,1.29938,1.29751,1.29795,3770.09
1364213700000,1.29796,1.29801,1.29548,1.29561,5817.79
1364214600000,1.29561,1.29597,1.2944,1.29467,4832.08
1364215500000,1.2947,1.29509,1.2937,1.29405,5452.65
1364216400000,1.29405,1.29405,1.29296,1.2935,5608.72
1364217300000,1.2935,1.29474,1.29344,1.29415,4511.91
1364218200000,1.29416,1.29435,1.29155,1.29304,6091.15
1364219100000,1.29304,1.29396,1.29281,1.29394,4713.29
1364220000000,1.29394,1.29404,1.29205,1.29245,4399.86
1364220900000,1.29245,1.29292,1.29068,1.29077,5906.17
1364221800000,1.29077,1.2917,1.28861,1.28861,7672.89
1364222700000,1.28865,1.28896,1.28681,1.28788,8851.99
1364223600000,1.28787,1.28904,1.28734,1.28766,6548.22
1364224500000,1.28766,1.28845,1.2865,1.28788,7022.25
1364225400000,1.28788,1.28913,1.28777,1.28895,5871.5
1364226300000,1.28895,1.28948,1.28805,1.28815,6493.35
1364227200000,1.28814,1.2886,1.28666,1.28743,5467.26
1364228100000,1.28743,1.28816,1.2869,1.28715,4363.66
1364229000000,1.28714,1.28725,1.28531,1.28687,5395.86
1364229900000,1.28686,1.28711,1.2848,1.28505,4546.91
1364230800000,1.28498,1.28594,1.28409,1.28409,5071.69
1364231700000,1.28408,1.28559,1.28342,1.28509,6124.16
1364232600000,1.28509,1.28543,1.28436,1.28541,3351.69
1364233500000,1.28542,1.28789,1.2853,1.28784,5250.07
1364234400000,1.2878,1.2878,1.28658,1.28663,2811.18
1364235300000,1.28663,1.28751,1.28655,1.28704,2349.23
1364236200000,1.28704,1.28705,1.286,1.28644,2088.33
1364237100000,1.28643,1.28664,1.28589,1.28633,2029.09
1364238000000,1.28633,1.28656,1.28572,1.28575,2158.13
1364238900000,1.28576,1.28588,1.28434,1.28465,2531.42
1364239800000,1.28461,1.28571,1.28461,1.28534,1659.08
1364240700000,1.28534,1.28582,1.28515,1.28524,2149.5
1364241600000,1.28524,1.28582,1.28524,1.2857,1300.9
1364242500000,1.2857,1.28583,1.28511,1.2854,1237.07
1364243400000,1.2854,1.28574,1.28535,1.2856,928.19
1364244300000,1.28564,1.28564,1.28517,1.28524,754.32
1364245200000,1.28524,1.28541,1.28513,1.28535,208.4
1364246100000,1.28535,1.28552,1.28522,1.28523,325.21
1364247000000,1.28526,1.28549,1.28495,1.28499,1487.42
1364247900000,1.28499,1.28547,1.28436,1.28483,1957.98
1364248800000,1.28484,1.2855,1.28484,1.28537,1323.95
1364249700000,1.2853,1.28571,1.28488,1.2856,1536.99
1364250600000,1.2856,1.28569,1.28527,1.28561,679.22
1364251500000,1.2856,1.28595,1.28546,1.28593,826.88
1364252400000,1.28596,1.28607,1.28573,1.28602,717.49
1364253300000,1.286,1.286,1.28529,1.28574,1199.83
1364254200000,1.28574,1.28605,1.28564,1.28591,769.23
1364255100000,1.28592,1.28608,1.28552,1.2857,2443.11
1364256000000,1.2857,1.28648,1.28561,1.28645,1921.17
1364256900000,1.28645,1.28645,1.28585,1.28613,1306.63
1364257800000,1.28613,1.28616,1.28544,1.28572,1803.24
1364258700000,1.28575,1.28622,1.28575,1.28585,2023.49
1364259600000,1.28584,1.2869,1.28583,1.28661,2535.06
1364260500000,1.2866,1.28662,1.28592,1.28607,1910.42
1364261400000,1.28606,1.28707,1.28606,1.28704,2062.53
1364262300000,1.28704,1.28718,1.28666,1.28695,1849.66
1364263200000,1.28695,1.28705,1.28652,1.28671,1236.2
1364264100000,1.28671,1.28693,1.28667,1.28692,849.91
1364265000000,1.28692,1.28705,1.2867,1.28681,1112.48
1364265900000,1.2868,1.28686,1.2864,1.28665,1483.68
1364266800000,1.28665,1.28687,1.28649,1.28665,1686.99
1364267700000,1.28665,1.28692,1.28652,1.28692,1405.01
1364268600000,1.28692,1.28716,1.28683,1.28693,1531.35
1364269500000,1.28693,1.28706,1.28663,1.28674,954.38
1364270400000,1.28675,1.28683,1.28664,1.28675,588.21
1364271300000,1.28675,1.28695,1.28671,1.28673,499.25
1364272200000,1.28673,1.28674,1.286,1.28617,1835.19
1364273100000,1.28617,1.28671,1.28617,1.28648,1549.06
1364274000000,1.28648,1.28666,1.28637,1.28648,755.04
1364274900000,1.28649,1.28693,1.28649,1.28678,834.63
1364275800000,1.28678,1.28744,1.28634,1.28723,1707.07
1364276700000,1.28722,1.2877,1.28707,1.28713,2147.2
1364277600000,1.28713,1.28758,1.28703,1.28747,1389.34
1364278500000,1.28748,1.28765,1.28732,1.28748,1173.95
1364279400000,1.28748,1.28748,1.28717,1.28739,1500.76
1364280300000,1.28735,1.28803,1.28726,1.28793,1421.84
1364281200000,1.28793,1.28816,1.28761,1.28765,2360.81
1364282100000,1.28766,1.28844,1.2874,1.2883,2450.83
1364283000000,1.28829,1.28847,1.2872,1.28724,3075.32
1364283900000,1.28725,1.28728,1.28565,1.28594,3555.52
1364284800000,1.28595,1.28673,1.28405,1.28483,5319.47
1364285700000,1.28483,1.28626,1.28472,1.28573,4132.11
1364286600000,1.28573,1.28621,1.28555,1.28602,3357.53
1364287500000,1.286,1.2877,1.28561,1.28744,4032.23
1364288400000,1.28745,1.28762,1.28637,1.28719,3271.6
1364289300000,1.28719,1.28807,1.28685,1.28782,3026.57
1364290200000,1.2878,1.28803,1.28584,1.28586,3412.68
1364291100000,1.28585,1.28714,1.28585,1.28662,3751.95
1364292000000,1.28664,1.28826,1.28634,1.28665,4557.22
1364292900000,1.28665,1.2868,1.28602,1.28654,2887.08
1364293800000,1.28653,1.28762,1.28647,1.28677,3752.68
1364294700000,1.28677,1.28748,1.2867,1.28707,3023.39
1364295600000,1.28707,1.28796,1.28707,1.28764,3660.28
1364296500000,1.28765,1.28773,1.28689,1.287,4451.49
1364297400000,1.28702,1.28719,1.28564,1.28575,4126.48
1364298300000,1.28575,1.28617,1.28504,1.28523,4941.47
1364299200000,1.28522,1.28552,1.28455,1.28497,4781.84
1364300100000,1.28496,1.28714,1.28478,1.28671,5042.16
1364301000000,1.28674,1.2874,1.28581,1.28604,4597.27
1364301900000,1.28604,1.28699,1.28591,1.28659,3919.95
1364302800000,1.28658,1.28659,1.28475,1.28602,5655.24
1364303700000,1.28601,1.28733,1.28599,1.28611,5089
1364304600000,1.28611,1.28654,1.28533,1.28598,5435.42
1364305500000,1.28598,1.28648,1.28536,1.28622,5846.55
1364306400000,1.28626,1.287,1.28585,1.28655,5569.81
1364307300000,1.28655,1.28737,1.28602,1.28732,3880.18
1364308200000,1.28732,1.28799,1.2847,1.28476,5211.77
1364309100000,1.28478,1.28768,1.28313,1.28714,9220.66
1364310000000,1.28714,1.28887,1.28669,1.28762,6896.01
1364310900000,1.28764,1.28774,1.28621,1.28621,3908.94
1364311800000,1.28621,1.28693,1.28602,1.28657,3357.39
1364312700000,1.28659,1.28708,1.28578,1.28578,3425.17
1364313600000,1.28577,1.28625,1.2845,1.28466,4850.16
1364314500000,1.28466,1.28517,1.28444,1.28493,3838.58
1364315400000,1.28493,1.28545,1.2848,1.28512,2755.48
1364316300000,1.28512,1.28567,1.28489,1.28495,2563.47
1364317200000,1.28495,1.28515,1.2842,1.28446,2804.59
1364318100000,1.28446,1.28545,1.28443,1.28542,1990.38
1364319000000,1.28542,1.28578,1.28502,1.28545,1803.4
1364319900000,1.28546,1.28555,1.28499,1.28534,1618.72
1364320800000,1.28533,1.28555,1.28515,1.28545,1712.48
1364321700000,1.28543,1.28556,1.2853,1.28543,1270.35
1364322600000,1.28545,1.28564,1.28532,1.2855,1349.34
1364323500000,1.28551,1.28575,1.28533,1.28574,924.83
1364324400000,1.28573,1.28632,1.28562,1.28621,1780.89
1364325300000,1.28619,1.28621,1.28533,1.2856,1720.59
1364326200000,1.2856,1.28621,1.2856,1.28571,1577.06
1364327100000,1.28571,1.28595,1.28559,1.28585,1425.31
1364328000000,1.28585,1.28627,1.28577,1.28587,1129.95
1364328900000,1.28585,1.2859,1.28566,1.28568,560.62
1364329800000,1.28568,1.28603,1.2856,1.28603,503.76
1364330700000,1.28604,1.28624,1.28595,1.28605,594.76
1364331600000,1.28605,1.28606,1.28525,1.28529,325.15
1364332500000,1.28529,1.28588,1.28527,1.28575,347.58
1364333400000,1.28576,1.28591,1.28539,1.28571,721.99
1364334300000,1.28571,1.28584,1.28557,1.28559,851.12
1364335200000,1.2856,1.28579,1.28545,1.28551,774.75
1364336100000,1.28552,1.28614,1.28546,1.28608,724.8
1364337000000,1.28603,1.28604,1.28564,1.28588,784.46
1364337900000,1.28588,1.28634,1.28584,1.28633,800.84
1364338800000,1.28633,1.2865,1.28609,1.28625,985.92
1364339700000,1.28625,1.28643,1.28607,1.28621,828.74
1364340600000,1.28621,1.28641,1.28602,1.28614,1095.39
1364341500000,1.28617,1.28621,1.28583,1.28605,1360.42
1364342400000,1.28609,1.28665,1.28609,1.28663,1044.65
1364343300000,1.28661,1.28663,1.28635,1.28648,834.1
1364344200000,1.28646,1.28665,1.28625,1.28653,1709.37
1364345100000,1.28654,1.2866,1.28623,1.28627,1583.8
1364346000000,1.28627,1.28646,1.286,1.28618,1307.5
1364346900000,1.28617,1.28631,1.2859,1.28605,908.21
1364347800000,1.28606,1.28606,1.2856,1.28585,1057.78
1364348700000,1.28584,1.28602,1.28564,1.28565,1357.2
1364349600000,1.28565,1.28587,1.28556,1.28576,1192.93
1364350500000,1.28577,1.28596,1.2856,1.2858,1458.31
1364351400000,1.28582,1.28582,1.28542,1.28557,1561.13
1364352300000,1.28557,1.28562,1.28515,1.28547,1623.43
1364353200000,1.28547,1.28561,1.28519,1.28547,1886.88
1364354100000,1.28548,1.28561,1.28522,1.28535,1456.59
1364355000000,1.28534,1.28544,1.28463,1.28487,2290.37
1364355900000,1.28487,1.28492,1.28405,1.2842,1589.4
1364356800000,1.2842,1.28441,1.28405,1.28441,1043.9
1364357700000,1.28442,1.28453,1.28405,1.28426,1476.12
1364358600000,1.28426,1.28445,1.28375,1.28387,1436.61
1364359500000,1.28389,1.2844,1.28389,1.28438,1046.13
1364360400000,1.28437,1.28439,1.28405,1.28421,817.51
1364361300000,1.28421,1.28444,1.28415,1.28439,949.2
1364362200000,1.28437,1.28448,1.28428,1.28437,1227.71
1364363100000,1.28437,1.2847,1.28437,1.2846,913.55
1364364000000,1.2846,1.28536,1.28449,1.28526,1927.43
1364364900000,1.28525,1.28547,1.28464,1.28545,2065.68
1364365800000,1.28545,1.28546,1.28488,1.28528,1702.44
1364366700000,1.28528,1.28528,1.28487,1.28496,1139.23
1364367600000,1.28495,1.285,1.28462,1.28495,1719.18
1364368500000,1.28495,1.28512,1.28474,1.28481,1915.32
1364369400000,1.28481,1.28515,1.28293,1.28308,3860.55
1364370300000,1.28305,1.28306,1.28177,1.28242,5146.07
1364371200000,1.28242,1.28345,1.28165,1.2825,5917.02
1364372100000,1.28251,1.28306,1.2818,1.28294,4990.43
1364373000000,1.28293,1.28366,1.28247,1.28275,3917.5
1364373900000,1.28272,1.28368,1.28264,1.28365,3606.34
1364374800000,1.28364,1.28476,1.28364,1.2839,5221.08
1364375700000,1.28388,1.2841,1.28281,1.28301,3741.64
1364376600000,1.28304,1.28304,1.28054,1.28123,5965.41
1364377500000,1.28123,1.2813,1.27993,1.28008,5038
1364378400000,1.28008,1.2813,1.27902,1.27949,5845.08
1364379300000,1.27948,1.27961,1.2787,1.27927,5296.23
1364380200000,1.27927,1.27944,1.2782,1.27853,5004.5
1364381100000,1.27853,1.27981,1.27835,1.2793,5218.25
1364382000000,1.2793,1.27983,1.27895,1.27944,4840.32
1364382900000,1.27943,1.27957,1.2773,1.27779,5589.96
1364383800000,1.27775,1.27821,1.27739,1.27791,4028.67
1364384700000,1.27791,1.27798,1.27695,1.27695,3504.32
1364385600000,1.27694,1.27742,1.27621,1.27742,5183.74
1364386500000,1.27742,1.2778,1.27732,1.27767,3435.91
1364387400000,1.27767,1.27871,1.27754,1.2785,4072.81
1364388300000,1.2785,1.27853,1.27769,1.27775,3463.02
1364389200000,1.27775,1.27814,1.27685,1.27685,3374.04
1364390100000,1.27684,1.27768,1.27617,1.27648,4458.14
1364391000000,1.27648,1.27706,1.2758,1.27706,5390.49
1364391900000,1.27707,1.2776,1.2756,1.27675,6032.6
1364392800000,1.27676,1.27721,1.27539,1.27595,5642.64
1364393700000,1.27595,1.277,1.27574,1.27668,5273.18
1364394600000,1.2767,1.27739,1.27598,1.277,4652.41
1364395500000,1.27701,1.2774,1.27675,1.27697,3550.41
1364396400000,1.27697,1.27808,1.27663,1.27784,4569.02
1364397300000,1.27784,1.27841,1.27713,1.27746,4515.91
1364398200000,1.27746,1.27826,1.2774,1.27754,3912.67
1364399100000,1.27753,1.27812,1.2766,1.27811,4349.94
1364400000000,1.2781,1.27855,1.27787,1.27847,4045.73
1364400900000,1.27846,1.2788,1.2775,1.27769,3623.02
1364401800000,1.27769,1.278,1.27747,1.27768,2135.54
1364402700000,1.27769,1.27777,1.27706,1.27708,2168.19
1364403600000,1.27708,1.27742,1.27657,1.27699,2552.33
1364404500000,1.27699,1.27822,1.27688,1.27736,3100.04
1364405400000,1.27735,1.27759,1.27697,1.27719,2382.28
1364406300000,1.27719,1.27729,1.27635,1.27706,2457.11
1364407200000,1.27711,1.27776,1.27694,1.27742,2293.98
1364408100000,1.27742,1.27791,1.27729,1.27787,1334.83
1364409000000,1.27787,1.27792,1.27752,1.2778,1304.43
1364409900000,1.27781,1.27789,1.27717,1.27742,1614.1
1364410800000,1.27743,1.27751,1.27666,1.27679,1722.17
1364411700000,1.27679,1.2769,1.27647,1.2768,1668.08
1364412600000,1.2768,1.27732,1.2768,1.27732,1380.74
1364413500000,1.27732,1.27737,1.27705,1.27725,1210.05
1364414400000,1.27726,1.27742,1.27716,1.27716,785.21
1364415300000,1.27717,1.27796,1.27715,1.2779,997.39
1364416200000,1.2779,1.2779,1.27747,1.27772,977.42
1364417100000,1.27772,1.27805,1.27763,1.27802,983.32
1364418000000,1.278,1.27806,1.27785,1.27791,226.09
1364418900000,1.27791,1.27808,1.2778,1.27798,401.4
1364419800000,1.27797,1.27797,1.27777,1.27778,494.88
1364420700000,1.27778,1.27785,1.27765,1.27776,589.82
1364421600000,1.27774,1.27829,1.27774,1.27815,831.21
1364422500000,1.27815,1.27852,1.2781,1.27843,824.89
1364423400000,1.27843,1.27843,1.27773,1.27787,654.72
1364424300000,1.27788,1.27801,1.27757,1.27785,653.32
1364425200000,1.27786,1.27824,1.27772,1.27797,898.22
1364426100000,1.27796,1.278,1.27781,1.27786,557.02
1364427000000,1.27786,1.27816,1.2778,1.2778,808.54
1364427900000,1.27781,1.27784,1.27734,1.27742,1539.99
1364428800000,1.27746,1.27822,1.27746,1.27808,1452.64
1364429700000,1.27808,1.27808,1.27783,1.27801,850.15
1364430600000,1.27802,1.27832,1.27784,1.27795,1603.81
1364431500000,1.27795,1.27809,1.2776,1.27805,1852.37
1364432400000,1.27805,1.27847,1.27805,1.27828,1396.22
1364433300000,1.27827,1.27852,1.27817,1.27849,1490.79
1364434200000,1.27848,1.27848,1.2776,1.27798,1704.86
1364435100000,1.27797,1.27851,1.2779,1.27811,1816.92
1364436000000,1.27814,1.27872,1.27805,1.27869,1749.35
1364436900000,1.27869,1.27871,1.27809,1.2783,1650.37
1364437800000,1.2783,1.27886,1.27824,1.27872,1306.32
1364438700000,1.27872,1.27908,1.27859,1.27866,1276.28
1364439600000,1.27866,1.27872,1.27852,1.27861,1121.55
1364440500000,1.27861,1.27878,1.27853,1.27855,727.51
1364441400000,1.27855,1.27855,1.27765,1.27768,1442.13
1364442300000,1.2777,1.27795,1.27766,1.27791,849.84
1364443200000,1.27791,1.278,1.2778,1.27792,905.19
1364444100000,1.27792,1.27812,1.27784,1.27789,951.25
1364445000000,1.2779,1.27844,1.2779,1.27822,1406.83
1364445900000,1.27824,1.27842,1.27819,1.27842,809.01
1364446800000,1.27842,1.27863,1.27837,1.2786,898.11
1364447700000,1.2786,1.27941,1.27859,1.2792,2026.75
1364448600000,1.2792,1.27932,1.27901,1.27909,1340.26
1364449500000,1.27909,1.27917,1.27885,1.27912,1176.56
1364450400000,1.27913,1.27924,1.2787,1.27875,1214.48
1364451300000,1.27875,1.27892,1.27859,1.27889,1127.85
1364452200000,1.2789,1.28027,1.2789,1.28,2253.28
1364453100000,1.28002,1.28084,1.27986,1.27996,1831.6
1364454000000,1.27995,1.28139,1.27993,1.28048,3699.22
1364454900000,1.28049,1.28063,1.27936,1.2795,2808.53
1364455800000,1.2795,1.27972,1.27838,1.27879,3035.67
1364456700000,1.2788,1.27945,1.2784,1.27887,2902.3
1364457600000,1.27888,1.28072,1.27888,1.28052,5109.9
1364458500000,1.28051,1.28076,1.27944,1.2798,4127.19
1364459400000,1.2798,1.27989,1.27886,1.27897,3436.07
1364460300000,1.27897,1.27904,1.2757,1.27604,5734.49
1364461200000,1.27601,1.27692,1.27578,1.2764,4680.46
1364462100000,1.27642,1.27709,1.27556,1.27588,4856.4
1364463000000,1.27589,1.27762,1.27576,1.27719,4300.26
1364463900000,1.27718,1.27759,1.27655,1.2772,4021.25
1364464800000,1.27721,1.2786,1.27716,1.27849,3497.86
1364465700000,1.27849,1.27942,1.27827,1.27874,4358.23
1364466600000,1.27876,1.28059,1.27861,1.28017,4306.24
1364467500000,1.28017,1.28093,1.27968,1.27981,4193.28
1364468400000,1.27982,1.28075,1.27945,1.27946,3758.88
1364469300000,1.27947,1.28021,1.2793,1.28016,3075.75
1364470200000,1.28016,1.28175,1.27987,1.28129,4782.55
1364471100000,1.28128,1.28156,1.28074,1.2809,4080.05
1364472000000,1.2809,1.28215,1.28086,1.28115,4641.52
1364472900000,1.28116,1.28118,1.28029,1.28054,3626.29
1364473800000,1.28057,1.28098,1.27995,1.28052,4560.16
1364474700000,1.28051,1.28051,1.27946,1.2795,3494.15
1364475600000,1.27947,1.28042,1.27936,1.28038,3484.17
1364476500000,1.28037,1.28141,1.28015,1.28087,4274.68
1364477400000,1.28085,1.28187,1.28085,1.28117,4648.71
1364478300000,1.28119,1.28322,1.28119,1.28293,5765.18
1364479200000,1.28292,1.28371,1.28254,1.28298,4971.59
1364480100000,1.28298,1.28393,1.28264,1.28393,4315.19
1364481000000,1.28395,1.28401,1.28247,1.28281,4073.43
1364481900000,1.28281,1.28334,1.28228,1.28274,4057.82
1364482800000,1.28274,1.28315,1.28124,1.28158,3508.79
1364483700000,1.28159,1.28382,1.28138,1.2837,4500.42
1364484600000,1.28371,1.28437,1.28355,1.28393,4200.8
1364485500000,1.28395,1.28437,1.28346,1.28411,4303.71
1364486400000,1.28413,1.28413,1.28221,1.28232,4768.16
1364487300000,1.28232,1.2829,1.28147,1.28247,4118.91
1364488200000,1.28249,1.28275,1.28161,1.28162,2395.23
1364489100000,1.28165,1.28204,1.28141,1.28164,2380.36
1364490000000,1.28164,1.28195,1.28139,1.28172,1624.02
1364490900000,1.28173,1.28206,1.2812,1.2812,1642.44
1364491800000,1.2812,1.28155,1.2811,1.28112,1142.66
1364492700000,1.28112,1.28185,1.28112,1.28177,1350.89
1364493600000,1.28168,1.28242,1.28168,1.28228,1368.21
1364494500000,1.28227,1.28279,1.28168,1.28265,2234.81
1364495400000,1.28266,1.28283,1.28246,1.28272,1432.46
1364496300000,1.28273,1.28278,1.28216,1.28216,862.58
1364497200000,1.28218,1.28225,1.28155,1.28178,1672.24
1364498100000,1.28178,1.28278,1.28177,1.28242,1175.98
1364499000000,1.28242,1.28248,1.28192,1.28193,833.65
1364499900000,1.28192,1.28211,1.2818,1.28189,1039.11
1364500800000,1.28188,1.28221,1.2817,1.2817,1037.81
1364501700000,1.2817,1.2818,1.2816,1.28165,577.56
1364502600000,1.28165,1.28188,1.28163,1.28181,471.65
1364503500000,1.28181,1.282,1.2815,1.28167,1084
1364504400000,1.28162,1.28186,1.2815,1.28175,145.49
1364505300000,1.28175,1.28187,1.28165,1.28172,154.97
1364506200000,1.28173,1.28173,1.28136,1.28146,248.51
1364507100000,1.28145,1.28157,1.28128,1.28141,565.87
1364508000000,1.28144,1.28168,1.28133,1.28155,811.49
1364508900000,1.28156,1.28174,1.2813,1.28153,647.5
1364509800000,1.28153,1.28156,1.2813,1.28152,524.21
1364510700000,1.28152,1.28158,1.28136,1.28144,434.37
1364511600000,1.28143,1.28152,1.28112,1.28143,505.75
1364512500000,1.2814,1.2814,1.28124,1.28134,307.5
1364513400000,1.28135,1.28154,1.28134,1.28154,319.04
1364514300000,1.28155,1.28202,1.28142,1.28142,1065.93
1364515200000,1.28137,1.28169,1.28115,1.28119,712.63
1364516100000,1.28119,1.28153,1.28118,1.28138,579.21
1364517000000,1.28137,1.28224,1.28134,1.2818,1068.04
1364517900000,1.28179,1.28368,1.28172,1.28293,2092.37
1364518800000,1.28293,1.28293,1.2821,1.28216,1247.22
1364519700000,1.28213,1.28232,1.28198,1.28212,798.43
1364520600000,1.28213,1.28222,1.28193,1.28211,566.93
1364521500000,1.28211,1.28231,1.28196,1.28228,626.13
1364522400000,1.28228,1.28269,1.28211,1.28256,842.51
1364523300000,1.28256,1.2826,1.28235,1.28244,407.07
1364524200000,1.28244,1.28308,1.28232,1.28287,615.09
1364525100000,1.28287,1.28321,1.28281,1.28289,761.24
1364526000000,1.2829,1.28329,1.28272,1.28277,839
1364526900000,1.28278,1.28284,1.28271,1.28282,360.24
1364527800000,1.28282,1.28282,1.28265,1.28269,484.26
1364528700000,1.28269,1.28283,1.28255,1.28272,436.83
1364529600000,1.28274,1.28313,1.28241,1.28283,609.6
1364530500000,1.28282,1.28282,1.28248,1.28279,426.06
1364531400000,1.28279,1.28299,1.28241,1.28278,1131.86
1364532300000,1.28282,1.28282,1.28258,1.28268,383.32
1364533200000,1.28267,1.28267,1.28229,1.28236,880.64
1364534100000,1.28237,1.28272,1.28218,1.28219,798.59
1364535000000,1.28218,1.28232,1.28218,1.28221,536.17
1364535900000,1.28222,1.28281,1.28023,1.28023,1263.15
1364536800000,1.28023,1.28074,1.27944,1.28039,2488.98
1364537700000,1.2804,1.28082,1.2801,1.2804,1230.82
1364538600000,1.28043,1.2807,1.28036,1.28042,989.54
1364539500000,1.28044,1.28103,1.28037,1.28056,953.23
1364540400000,1.28055,1.28104,1.28029,1.281,714.19
1364541300000,1.28104,1.28176,1.28082,1.28115,992.82
1364542200000,1.28116,1.28131,1.28062,1.28091,679.94
1364543100000,1.28091,1.2816,1.28091,1.28119,630.22
1364544000000,1.2812,1.2819,1.28119,1.28176,870.48
1364544900000,1.28177,1.28259,1.28177,1.28222,895.86
1364545800000,1.2822,1.28221,1.28165,1.28181,712.26
1364546700000,1.28182,1.28213,1.28176,1.28188,443.77
1364547600000,1.28187,1.28238,1.28177,1.28226,618.78
1364548500000,1.28227,1.28239,1.2821,1.28221,685.21
1364549400000,1.28222,1.28239,1.28189,1.28197,523.23
1364550300000,1.28197,1.28197,1.2817,1.28186,567.81
1364551200000,1.28187,1.28188,1.28164,1.28168,621.95
1364552100000,1.28168,1.28193,1.2815,1.28172,595.7
1364553000000,1.28172,1.28191,1.28161,1.28191,654.48
1364553900000,1.28189,1.28198,1.28149,1.28178,992.5
1364554800000,1.28177,1.28219,1.2817,1.28217,865.74
1364555700000,1.28216,1.28229,1.28195,1.2821,541.89
1364556600000,1.2821,1.28219,1.28207,1.28207,246.85
1364557500000,1.28207,1.28258,1.28205,1.2823,683.52
1364558400000,1.28229,1.28247,1.28227,1.28232,253.35
1364559300000,1.28231,1.28233,1.28202,1.28218,502.84
1364560200000,1.28219,1.28223,1.2818,1.28192,380.57
1364561100000,1.28194,1.28203,1.28171,1.28201,636.35
1364562000000,1.28205,1.2822,1.28191,1.28191,381.76
1364562900000,1.28191,1.28216,1.2816,1.28164,707.52
1364563800000,1.28164,1.28167,1.28146,1.28154,867.72
1364564700000,1.28154,1.28166,1.28136,1.28138,1081.39
1364565600000,1.28138,1.28191,1.28131,1.28184,651.23
1364566500000,1.28185,1.28231,1.2818,1.2823,372.82
1364567400000,1.2823,1.2823,1.28171,1.28188,527.64
1364568300000,1.28186,1.2822,1.28183,1.28197,308.88
1364569200000,1.28196,1.28215,1.2818,1.2818,312.16
1364570100000,1.28183,1.28183,1.28164,1.28165,432.07
1364571000000,1.28166,1.28169,1.2816,1.28167,227.1
1364571900000,1.28167,1.28172,1.28147,1.2815,170.18
1364572800000,1.28148,1.28171,1.28121,1.28129,792.22
1364573700000,1.28129,1.28138,1.28123,1.28134,624.33
1364574600000,1.28133,1.28142,1.2811,1.28116,361.92
1364575500000,1.28117,1.28145,1.28112,1.28142,842.38
1364576400000,1.28144,1.28167,1.28126,1.28131,843.36
1364577300000,1.28131,1.28169,1.2813,1.28168,797.07
1364578200000,1.28168,1.28181,1.28157,1.28179,748.08
1364579100000,1.2818,1.282,1.28152,1.28193,637.65
1364580000000,1.28193,1.28193,1.2816,1.28179,1126.94
1364580900000,1.28178,1.28223,1.28174,1.2818,718.28
1364581800000,1.2818,1.28182,1.28173,1.28174,340.62
1364582700000,1.28174,1.28217,1.28173,1.28213,782.66
1364583600000,1.28213,1.28242,1.28208,1.28214,573.33
1364584500000,1.28214,1.28224,1.28193,1.28199,821.5
1364585400000,1.28199,1.2821,1.28193,1.282,342
1364586300000,1.282,1.28209,1.28195,1.28199,342.21
1364587200000,1.28199,1.28202,1.2816,1.28171,561.81
1364588100000,1.28171,1.28182,1.28157,1.28174,442.44
1364589000000,1.28174,1.28219,1.28172,1.28217,668.04
1364589900000,1.28218,1.28218,1.28165,1.28184,164.66
1364763600000,1.28029,1.28089,1.28029,1.28086,101.28
1364764500000,1.28086,1.28114,1.28082,1.2809,75
1364765400000,1.28087,1.281,1.28078,1.28091,73.15
1364766300000,1.28079,1.28119,1.28079,1.28107,196.52
1364767200000,1.28098,1.2812,1.28014,1.28021,664.19
1364768100000,1.28025,1.28028,1.28,1.28005,413.04
1364769000000,1.28007,1.28017,1.28005,1.28013,127.51
1364769900000,1.28013,1.28092,1.2801,1.2809,459.47
1364770800000,1.2809,1.28094,1.28052,1.28082,616.42
1364771700000,1.28081,1.28082,1.2804,1.28061,255.3
1364772600000,1.28061,1.28065,1.28044,1.28054,256.85
1364773500000,1.28051,1.28067,1.28047,1.28052,239.07
