timestamp,open,high,low,close,volume
1375315200000,1.33007,1.33107,1.33007,1.33035,1896.25
1375316100000,1.33036,1.33071,1.33032,1.33041,731.31
1375317000000,1.33042,1.3308,1.33031,1.33064,894.73
1375317900000,1.33065,1.33086,1.32999,1.33062,2079.97
1375318800000,1.33063,1.33063,1.32977,1.33001,2090.47
1375319700000,1.32999,1.3302,1.32968,1.32979,1635.45
1375320600000,1.32979,1.32994,1.32953,1.32975,1402
1375321500000,1.32976,1.32982,1.32843,1.32862,1956.99
1375322400000,1.32862,1.32883,1.32844,1.32875,975.39
1375323300000,1.32874,1.32878,1.3274,1.32754,1930.19
1375324200000,1.32755,1.32775,1.32715,1.32715,1925.61
1375325100000,1.32716,1.32762,1.32715,1.32762,1346.08
1375326000000,1.32759,1.32775,1.32739,1.3276,1093.96
1375326900000,1.3276,1.32784,1.32755,1.32774,850.56
1375327800000,1.32773,1.32786,1.32736,1.32761,786.81
1375328700000,1.32761,1.32761,1.32729,1.32753,786.84
1375329600000,1.32752,1.32773,1.32727,1.32773,499.98
1375330500000,1.32772,1.32776,1.32731,1.32738,840.79
1375331400000,1.32739,1.32755,1.32735,1.3275,441.31
1375332300000,1.32751,1.32754,1.3273,1.32735,822.56
1375333200000,1.32734,1.32745,1.3271,1.32713,749.68
1375334100000,1.32713,1.32722,1.32665,1.32669,1328.25
1375335000000,1.3267,1.32737,1.32661,1.32724,921.88
1375335900000,1.32724,1.32735,1.32695,1.32724,642.09
1375336800000,1.32725,1.32762,1.327,1.32723,1991.25
1375337700000,1.32723,1.32745,1.32702,1.32744,1697.95
1375338600000,1.32745,1.32756,1.3268,1.32711,1784.21
1375339500000,1.32711,1.3272,1.3251,1.32529,3479.49
1375340400000,1.32529,1.32532,1.3246,1.32512,4431.84
1375341300000,1.32511,1.32511,1.32362,1.32389,3467.93
1375342200000,1.32388,1.32466,1.32376,1.32437,2919.23
1375343100000,1.32439,1.32467,1.3236,1.32369,3115.23
1375344000000,1.3237,1.32438,1.32306,1.32407,3142.69
1375344900000,1.32408,1.32408,1.32273,1.32329,4111.31
1375345800000,1.32329,1.32454,1.32313,1.32448,3058.91
1375346700000,1.32447,1.32482,1.32414,1.32458,2630.04
1375347600000,1.32457,1.32473,1.3238,1.32465,2262.91
1375348500000,1.32466,1.32533,1.32414,1.32487,3110.23
1375349400000,1.32487,1.32492,1.3245,1.3246,2056.38
1375350300000,1.32459,1.32461,1.32353,1.32367,2255
1375351200000,1.32367,1.32382,1.32304,1.32308,2458.02
1375352100000,1.32305,1.32394,1.32278,1.32393,2174.19
1375353000000,1.32394,1.32438,1.32383,1.32404,2015.65
1375353900000,1.32406,1.32433,1.32315,1.3233,3322.25
1375354800000,1.32329,1.32433,1.32326,1.32416,3902.3
1375355700000,1.32416,1.32456,1.32353,1.32395,2360.19
1375356600000,1.32395,1.3242,1.3233,1.32396,3412.26
1375357500000,1.32396,1.32453,1.32342,1.32345,3568.39
1375358400000,1.32345,1.32363,1.32229,1.32361,5092.17
1375359300000,1.32358,1.32394,1.32321,1.32366,3971.98
1375360200000,1.32367,1.32372,1.31932,1.32262,10080.55
1375361100000,1.32263,1.32448,1.32015,1.32422,10270.58
1375362000000,1.32419,1.32454,1.32179,1.3231,6728.62
1375362900000,1.32307,1.32602,1.3227,1.32549,5646.71
1375363800000,1.32548,1.32657,1.32522,1.32599,6135.35
1375364700000,1.326,1.32672,1.32505,1.32507,5823.98
1375365600000,1.32506,1.32506,1.32158,1.32294,7921.36
1375366500000,1.32292,1.32323,1.32158,1.32212,6332.98
1375367400000,1.32215,1.32304,1.32103,1.32268,5523.1
1375368300000,1.32268,1.32358,1.32229,1.32334,4219.95
1375369200000,1.32334,1.32334,1.32287,1.32325,2997.44
1375370100000,1.32325,1.32401,1.32322,1.32347,3050.04
1375371000000,1.32347,1.32363,1.32214,1.32242,2533.01
1375371900000,1.32242,1.32244,1.32155,1.32164,2892.78
1375372800000,1.32167,1.32197,1.3214,1.3219,2182.34
1375373700000,1.32191,1.32196,1.32156,1.32181,1768.8
1375374600000,1.32181,1.32185,1.3216,1.32181,1588.67
1375375500000,1.32183,1.32187,1.32099,1.32135,1937.56
1375376400000,1.32133,1.32133,1.3204,1.32065,2754.51
1375377300000,1.32064,1.32157,1.32053,1.32149,1844.09
1375378200000,1.32155,1.32209,1.32151,1.32158,1645.84
1375379100000,1.32158,1.32207,1.32127,1.32204,1301.21
1375380000000,1.32205,1.32233,1.3218,1.32184,1438.22
1375380900000,1.32183,1.32213,1.32172,1.32182,1399.89
1375381800000,1.32179,1.32211,1.32162,1.32194,1375.96
1375382700000,1.32194,1.32233,1.32119,1.32143,1827.05
1375383600000,1.32144,1.3217,1.32123,1.3213,1425.39
1375384500000,1.3213,1.3213,1.31983,1.32004,2199.99
1375385400000,1.32003,1.32094,1.32003,1.32076,1497.52
1375386300000,1.32076,1.3209,1.32052,1.32062,712.71
1375387200000,1.32062,1.32084,1.3204,1.32069,519.68
1375388100000,1.32068,1.3214,1.32065,1.3213,838.31
1375389000000,1.32131,1.32147,1.32121,1.32139,451.23
1375389900000,1.32138,1.32143,1.32063,1.32063,845.37
1375390800000,1.32063,1.32116,1.32058,1.32106,329.03
1375391700000,1.32104,1.32107,1.32075,1.32084,271.12
1375392600000,1.32084,1.32093,1.32038,1.32088,581.88
1375393500000,1.32088,1.3213,1.32081,1.32092,781.5
1375394400000,1.32092,1.32129,1.32038,1.32073,911.83
1375395300000,1.32069,1.32123,1.32068,1.3211,313.68
1375396200000,1.32111,1.32126,1.32099,1.32102,145.58
1375397100000,1.32102,1.32133,1.32087,1.32133,280.2
1375398000000,1.3213,1.3213,1.3206,1.32067,267.87
1375398900000,1.32065,1.3207,1.32047,1.32068,327.26
1375399800000,1.32069,1.32116,1.32069,1.32087,421.16
1375400700000,1.32088,1.32145,1.32088,1.32116,637.57
1375401600000,1.32117,1.32149,1.3208,1.32113,1076.86
1375402500000,1.32112,1.32112,1.32064,1.3207,674
1375403400000,1.32069,1.32106,1.32062,1.32074,1064.34
1375404300000,1.32073,1.32083,1.32034,1.32054,1263.2
1375405200000,1.32054,1.32054,1.31939,1.31942,1691.74
1375406100000,1.31941,1.31971,1.31892,1.31948,1766.33
1375407000000,1.31948,1.32035,1.31932,1.32011,1457.52
1375407900000,1.32011,1.32015,1.31944,1.31955,1004.17
1375408800000,1.31955,1.32052,1.31955,1.3205,1368.17
1375409700000,1.32048,1.32158,1.32046,1.32084,1287.85
1375410600000,1.32085,1.32124,1.32073,1.32123,588.32
1375411500000,1.32122,1.32124,1.32091,1.3212,472.42
1375412400000,1.3212,1.32164,1.32078,1.3216,1014.65
1375413300000,1.32161,1.32165,1.32114,1.32123,757.74
1375414200000,1.32124,1.32155,1.3209,1.32147,790.86
1375415100000,1.32146,1.32233,1.32123,1.3218,1472.23
1375416000000,1.32179,1.3219,1.32148,1.32161,790.12
1375416900000,1.32161,1.32174,1.32111,1.32122,1162.98
1375417800000,1.32123,1.32134,1.32098,1.32113,889.18
1375418700000,1.32113,1.32126,1.32078,1.32124,1068.02
1375419600000,1.32124,1.32128,1.321,1.32124,726.92
1375420500000,1.32125,1.32146,1.32079,1.32084,1040.95
1375421400000,1.32085,1.32104,1.32062,1.32085,701.26
1375422300000,1.32086,1.32131,1.32082,1.32115,1210.78
1375423200000,1.32114,1.32178,1.32106,1.32141,1658.47
1375424100000,1.32141,1.32158,1.32114,1.32158,1148.48
1375425000000,1.32158,1.32239,1.32158,1.32206,1723.49
1375425900000,1.32202,1.32208,1.3215,1.3219,1870.87
1375426800000,1.32191,1.32197,1.32027,1.32075,3147.08
1375427700000,1.32075,1.32231,1.32074,1.32173,3428.44
1375428600000,1.32172,1.32222,1.3213,1.32205,2810.96
1375429500000,1.32204,1.32235,1.32154,1.32192,1815.61
1375430400000,1.32191,1.32218,1.32155,1.3217,2318.91
1375431300000,1.3217,1.32266,1.32165,1.32233,2529.11
1375432200000,1.32236,1.3226,1.3215,1.32168,2711.44
1375433100000,1.32168,1.32195,1.32141,1.32162,2197.86
1375434000000,1.3216,1.32201,1.3211,1.32174,2964.65
1375434900000,1.32174,1.32245,1.32163,1.32236,2424.4
1375435800000,1.32234,1.32234,1.32171,1.32179,1941.06
1375436700000,1.32177,1.3219,1.32104,1.3212,2287.32
1375437600000,1.32117,1.32152,1.32099,1.32141,2369.54
1375438500000,1.32142,1.3221,1.32123,1.32131,2148.1
1375439400000,1.32131,1.32155,1.32071,1.32102,2460.67
1375440300000,1.32103,1.32104,1.31997,1.31999,2592.24
1375441200000,1.32,1.32066,1.31991,1.32044,2820.54
1375442100000,1.32045,1.32075,1.32032,1.32072,1487.64
1375443000000,1.32072,1.32129,1.32064,1.32123,2520.96
1375443900000,1.32126,1.32136,1.32042,1.32112,2548.48
1375444800000,1.32112,1.32175,1.32014,1.32021,3704.43
1375445700000,1.32021,1.32092,1.31893,1.31962,4261.53
1375446600000,1.31956,1.32845,1.31956,1.3268,10324.53
1375447500000,1.32678,1.32833,1.32641,1.32684,7343.53
1375448400000,1.32685,1.32796,1.32324,1.32405,8106.09
1375449300000,1.32405,1.32592,1.32391,1.32552,4228.45
1375450200000,1.32554,1.32753,1.32514,1.32731,6457.33
1375451100000,1.32729,1.32741,1.32583,1.32599,4884.94
1375452000000,1.32599,1.32719,1.32588,1.32653,4523.65
1375452900000,1.32654,1.32884,1.32651,1.32845,4926.99
1375453800000,1.32846,1.32914,1.32809,1.32874,4926.18
1375454700000,1.32868,1.32937,1.32805,1.3284,4958.01
1375455600000,1.32841,1.32928,1.32759,1.3286,4473.53
1375456500000,1.32861,1.32935,1.328,1.32905,3370.97
1375457400000,1.32904,1.32925,1.32755,1.32756,3230.07
1375458300000,1.32755,1.32792,1.32672,1.32694,2648
1375459200000,1.32692,1.32755,1.32658,1.32727,2762.03
1375460100000,1.32729,1.32778,1.32693,1.32709,1831.39
1375461000000,1.32709,1.32784,1.32707,1.32762,1335.08
1375461900000,1.32762,1.32839,1.32752,1.32771,1917
1375462800000,1.32771,1.32823,1.32754,1.32822,1331.82
1375463700000,1.32822,1.32824,1.32768,1.32769,1279.95
1375464600000,1.3277,1.32801,1.32674,1.32796,2063.9
1375465500000,1.32797,1.32878,1.32792,1.32878,1651.62
1375466400000,1.32878,1.32884,1.32831,1.32843,1360.67
1375467300000,1.32843,1.32845,1.32801,1.32825,1163.45
1375468200000,1.32823,1.32831,1.32769,1.32813,1073.39
1375469100000,1.32812,1.32864,1.32782,1.32853,1283.76
1375470000000,1.32852,1.32854,1.32813,1.32821,994.82
1375470900000,1.32821,1.32824,1.32778,1.32788,684.44
1375471800000,1.32788,1.3279,1.3276,1.32774,535.39
1375472700000,1.32775,1.32852,1.32766,1.32845,966.03
1375473600000,1.32846,1.32868,1.32817,1.32863,758.06
1375474500000,1.32863,1.32863,1.32787,1.32813,893.98
1375475400000,1.32814,1.3282,1.32783,1.32792,508.22
1375476300000,1.32792,1.32821,1.32786,1.32805,749.29
1375650000000,1.32833,1.32833,1.32766,1.32777,227.89
1375650900000,1.32779,1.32863,1.32769,1.32846,301.65
1375651800000,1.32838,1.32838,1.32799,1.32807,161.62
1375652700000,1.32808,1.32872,1.32766,1.32816,242.18
1375653600000,1.32811,1.32832,1.32787,1.32794,1062.58
1375654500000,1.32797,1.32818,1.32797,1.32812,331.42
1375655400000,1.32813,1.32842,1.32796,1.328,494.05
1375656300000,1.328,1.32803,1.3278,1.32787,252.5
1375657200000,1.32785,1.32786,1.3275,1.32761,217.46
1375658100000,1.32761,1.32765,1.3274,1.3274,269.7
1375659000000,1.32741,1.32765,1.32739,1.32752,198.64
1375659900000,1.32752,1.32777,1.32752,1.32771,337.77
1375660800000,1.32771,1.32807,1.32752,1.32763,2028.54
1375661700000,1.32764,1.32767,1.3266,1.32692,1630.01
1375662600000,1.32693,1.32736,1.32688,1.32695,892.65
1375663500000,1.32695,1.32703,1.32655,1.32681,1240.47
1375664400000,1.32682,1.32692,1.32635,1.32665,1221.51
1375665300000,1.32665,1.327,1.32665,1.32687,873.57
1375666200000,1.32687,1.32746,1.32635,1.3273,1860.26
1375667100000,1.3273,1.32795,1.32725,1.32764,1262.27
1375668000000,1.32764,1.32765,1.32721,1.32734,1079.93
1375668900000,1.32734,1.32748,1.32713,1.32747,694.94
1375669800000,1.32747,1.32766,1.32726,1.32753,882.66
1375670700000,1.32755,1.32774,1.32738,1.32738,748.07
1375671600000,1.32738,1.32795,1.32722,1.32793,983.56
1375672500000,1.32796,1.32796,1.32762,1.32763,391.68
1375673400000,1.32763,1.32765,1.32742,1.32745,708.85
1375674300000,1.32745,1.32762,1.32741,1.32749,679.73
1375675200000,1.3275,1.32763,1.32747,1.32757,529.91
1375676100000,1.32757,1.32765,1.32744,1.32754,698.39
1375677000000,1.32754,1.32767,1.32733,1.32758,580.33
1375677900000,1.32758,1.3279,1.32757,1.32765,975.35
1375678800000,1.32765,1.32774,1.32751,1.32753,857.85
1375679700000,1.32753,1.32778,1.32742,1.32775,603.36
1375680600000,1.32775,1.32796,1.32771,1.32783,548.17
1375681500000,1.32783,1.32827,1.32782,1.32827,1118.1
1375682400000,1.32825,1.32852,1.32758,1.32845,1837.55
1375683300000,1.32847,1.32849,1.32711,1.32745,2702.45
1375684200000,1.32745,1.32765,1.32715,1.32715,1846.77
1375685100000,1.32715,1.328,1.327,1.32702,2564.22
1375686000000,1.32701,1.32824,1.32646,1.32799,3793.65
1375686900000,1.32799,1.329,1.32781,1.32863,3597.58
1375687800000,1.32863,1.32934,1.32842,1.32905,3357.11
1375688700000,1.32908,1.32999,1.32878,1.32884,4367.26
1375689600000,1.32886,1.32979,1.32885,1.32939,2248.83
1375690500000,1.32935,1.32984,1.32924,1.32939,2831.51
1375691400000,1.3294,1.32954,1.32734,1.32753,3385.36
1375692300000,1.32754,1.32867,1.32754,1.32858,2292.62
1375693200000,1.32857,1.32925,1.3284,1.3288,2547
1375694100000,1.3288,1.32897,1.3279,1.32835,2195.83
1375695000000,1.32834,1.32868,1.32805,1.32816,2028.97
1375695900000,1.32814,1.32841,1.32785,1.32823,2135.4
1375696800000,1.32823,1.32828,1.3277,1.32788,2208.57
1375697700000,1.32788,1.32799,1.32708,1.32745,2398.06
1375698600000,1.32745,1.32757,1.32676,1.32697,1954.99
1375699500000,1.32697,1.32715,1.32666,1.32695,2286.82
1375700400000,1.32695,1.32706,1.32609,1.32625,2117.26
1375701300000,1.32626,1.32647,1.32559,1.3264,2841.98
1375702200000,1.32639,1.32676,1.32631,1.32667,2032.82
1375703100000,1.32667,1.3267,1.32593,1.32593,1645.31
1375704000000,1.32595,1.32605,1.32526,1.32565,3186.94
1375704900000,1.32564,1.32597,1.32479,1.32528,3727.69
1375705800000,1.32527,1.32527,1.32426,1.32486,4020.8
1375706700000,1.32485,1.32515,1.32465,1.32484,3868.36
1375707600000,1.32484,1.3254,1.32484,1.32539,3102.43
1375708500000,1.32539,1.3255,1.32444,1.32514,2859.83
1375709400000,1.32516,1.3261,1.32471,1.32481,4407.58
1375710300000,1.32482,1.32526,1.3243,1.32505,3517.91
1375711200000,1.32505,1.32505,1.32329,1.32399,5246.4
1375712100000,1.32399,1.32447,1.32385,1.32427,3377.84
1375713000000,1.32429,1.32506,1.32397,1.32425,3899.67
1375713900000,1.32423,1.32476,1.32371,1.32403,2642.22
1375714800000,1.32402,1.32538,1.32393,1.32494,2956
1375715700000,1.32493,1.32577,1.3248,1.32555,2853.61
1375716600000,1.32556,1.32586,1.32505,1.32572,2448.24
1375717500000,1.32571,1.32597,1.32546,1.32563,1958.23
1375718400000,1.32563,1.32591,1.32492,1.32587,1802.55
1375719300000,1.32589,1.32608,1.32564,1.32587,841.9
1375720200000,1.32589,1.32651,1.32586,1.32595,2094.76
1375721100000,1.32596,1.3262,1.32562,1.32616,1108.88
1375722000000,1.32616,1.32624,1.32574,1.3259,1427.05
1375722900000,1.32591,1.32658,1.32589,1.32644,1297.12
1375723800000,1.32644,1.32646,1.32553,1.32562,1077.85
1375724700000,1.32565,1.32602,1.32555,1.32598,851.72
1375725600000,1.32598,1.32637,1.32598,1.32604,1019.24
1375726500000,1.32604,1.32634,1.32585,1.32634,983.35
1375727400000,1.32632,1.32638,1.32584,1.32614,1343.95
1375728300000,1.32615,1.32659,1.32566,1.32582,1762.11
1375729200000,1.32581,1.32592,1.3251,1.32557,1143.52
1375730100000,1.32556,1.32592,1.32553,1.32582,688.91
1375731000000,1.32582,1.326,1.32555,1.32597,957.57
1375731900000,1.32598,1.32606,1.3257,1.32601,923.53
1375732800000,1.32602,1.32604,1.32578,1.32589,736.49
1375733700000,1.32589,1.32604,1.3258,1.32593,542.75
1375734600000,1.32592,1.326,1.32561,1.32579,705.47
1375735500000,1.32581,1.32587,1.32542,1.32579,493.9
1375736400000,1.32579,1.32593,1.32579,1.32585,117.83
1375737300000,1.32585,1.32592,1.32564,1.32566,347.61
1375738200000,1.32566,1.32615,1.32554,1.32615,494.77
1375739100000,1.32614,1.32642,1.32578,1.32613,495.73
1375740000000,1.32613,1.32615,1.3258,1.32601,379.97
1375740900000,1.32601,1.32607,1.32576,1.32578,390.37
1375741800000,1.32577,1.32584,1.3257,1.32583,259.74
1375742700000,1.32583,1.32584,1.32565,1.32578,234.59
1375743600000,1.3258,1.32587,1.32555,1.32556,221.24
1375744500000,1.32556,1.32564,1.32535,1.32535,199.78
1375745400000,1.32535,1.3254,1.32528,1.32539,200.82
1375746300000,1.32539,1.32577,1.32538,1.32576,360.35
1375747200000,1.32575,1.32631,1.32556,1.32606,814.39
1375748100000,1.32608,1.32655,1.32594,1.32602,939.17
1375749000000,1.32602,1.32713,1.32601,1.32686,1659.52
1375749900000,1.32686,1.32698,1.32615,1.32617,1413.98
1375750800000,1.3262,1.3263,1.32602,1.32624,677.29
1375751700000,1.32624,1.32666,1.32606,1.32658,785.95
1375752600000,1.32657,1.32693,1.32637,1.32644,1029.52
1375753500000,1.32645,1.32674,1.32632,1.32655,927.33
1375754400000,1.32655,1.32658,1.32612,1.32624,749.31
1375755300000,1.32626,1.32659,1.32624,1.32646,897.46
1375756200000,1.32645,1.32653,1.32623,1.32635,807.68
1375757100000,1.32634,1.32665,1.32615,1.32642,903.99
1375758000000,1.32643,1.3267,1.32633,1.32655,780.58
1375758900000,1.32655,1.32664,1.32644,1.32646,436.3
1375759800000,1.32648,1.3268,1.32636,1.32642,602.9
1375760700000,1.32642,1.32652,1.32621,1.32623,918.41
1375761600000,1.32622,1.32625,1.32606,1.32613,554.33
1375762500000,1.32613,1.32619,1.32579,1.32595,860.93
1375763400000,1.32596,1.32658,1.3258,1.3264,2291.92
1375764300000,1.3264,1.32655,1.32602,1.32606,1844.94
1375765200000,1.32606,1.32635,1.32602,1.32603,767.13
1375766100000,1.32602,1.32615,1.32544,1.32562,936.28
1375767000000,1.32562,1.32573,1.32527,1.32537,1104.45
1375767900000,1.32537,1.32546,1.32481,1.32533,1465.25
1375768800000,1.32533,1.32589,1.3253,1.32544,1766.02
1375769700000,1.32544,1.3257,1.3247,1.32481,2029.47
1375770600000,1.32481,1.32496,1.3246,1.32496,1891.08
1375771500000,1.32496,1.32576,1.32492,1.32556,2010.48
1375772400000,1.32556,1.3261,1.32547,1.32561,2112.12
1375773300000,1.32564,1.32593,1.3252,1.32585,2037.32
1375774200000,1.32585,1.32636,1.3258,1.32592,1873.34
1375775100000,1.32592,1.32627,1.3257,1.32595,1831.9
1375776000000,1.32594,1.32681,1.32593,1.32661,2486.75
1375776900000,1.32662,1.32674,1.32636,1.32655,2139.71
1375777800000,1.32656,1.3268,1.3261,1.32646,2567.3
1375778700000,1.3264,1.32651,1.32618,1.32644,1789.25
1375779600000,1.32646,1.32789,1.32645,1.32756,3112.1
1375780500000,1.32757,1.32807,1.32745,1.32786,2044.83
1375781400000,1.32787,1.32834,1.32771,1.32812,2790.79
1375782300000,1.32812,1.32884,1.32806,1.32879,3682.42
1375783200000,1.3288,1.32949,1.32843,1.32844,3353.16
1375784100000,1.32845,1.32857,1.32807,1.32815,1959.97
1375785000000,1.32814,1.32829,1.3278,1.32803,1194.61
1375785900000,1.32802,1.32808,1.32713,1.32719,1802.46
1375786800000,1.32719,1.32757,1.3266,1.32706,2848.32
1375787700000,1.32706,1.32759,1.32686,1.32703,1894.24
1375788600000,1.32703,1.32752,1.32685,1.32735,1718.15
1375789500000,1.32734,1.32785,1.32734,1.32759,1594.95
1375790400000,1.32759,1.32809,1.32705,1.32809,2498.62
1375791300000,1.3281,1.32922,1.32776,1.32883,3438.27
1375792200000,1.32885,1.33019,1.32775,1.32994,5825.06
1375793100000,1.32994,1.33054,1.32898,1.32955,4647.9
1375794000000,1.32951,1.32975,1.32878,1.32924,4050.91
1375794900000,1.32924,1.32936,1.32855,1.3292,3783.6
1375795800000,1.32921,1.32986,1.32895,1.32952,2963.27
1375796700000,1.32952,1.32974,1.32884,1.32945,3339.57
1375797600000,1.32944,1.33123,1.3289,1.33061,5187.73
1375798500000,1.33063,1.33168,1.33055,1.33095,5720.15
1375799400000,1.33095,1.33225,1.33074,1.33213,4251.47
1375800300000,1.33212,1.33229,1.33079,1.33084,5130.33
1375801200000,1.33089,1.33146,1.33079,1.331,3348.72
1375802100000,1.33102,1.33135,1.33007,1.33052,4548.27
1375803000000,1.33052,1.33074,1.32999,1.33062,2498.88
1375803900000,1.33061,1.33076,1.3293,1.3294,2786.26
1375804800000,1.32941,1.32942,1.32821,1.32891,3079.38
1375805700000,1.3289,1.32935,1.32871,1.32935,1574.73
1375806600000,1.32934,1.32976,1.32907,1.3293,1586.59
1375807500000,1.32933,1.33015,1.3293,1.32986,1745.03
1375808400000,1.32986,1.33139,1.32965,1.33101,2679.03
1375809300000,1.33102,1.33118,1.33045,1.33055,1529.27
1375810200000,1.33055,1.33073,1.33037,1.33062,1131.1
1375811100000,1.33063,1.33108,1.3299,1.33107,2012.36
1375812000000,1.33109,1.33112,1.33059,1.33079,1088.88
1375812900000,1.3308,1.33086,1.33029,1.33045,768.99
1375813800000,1.33045,1.33059,1.33022,1.3305,631.24
1375814700000,1.33051,1.3309,1.3303,1.33053,1032.22
1375815600000,1.33053,1.33069,1.33035,1.33053,797.9
1375816500000,1.33054,1.33075,1.33021,1.33075,1222.2
1375817400000,1.33075,1.3311,1.33064,1.33095,1151.95
1375818300000,1.33096,1.33116,1.33045,1.33075,968.72
1375819200000,1.33075,1.33104,1.33067,1.33084,913.17
1375820100000,1.33083,1.33083,1.33021,1.33057,805.7
1375821000000,1.33059,1.33078,1.33047,1.33059,688.63
1375821900000,1.33059,1.33067,1.33045,1.33045,364.94
1375822800000,1.33045,1.33061,1.33034,1.33046,195.68
1375823700000,1.33045,1.33097,1.33041,1.33094,375.19
1375824600000,1.33094,1.33108,1.33055,1.33063,411.6
1375825500000,1.33063,1.33089,1.33049,1.3308,262.59
1375826400000,1.3308,1.33084,1.33041,1.33047,435.69
1375827300000,1.33047,1.33082,1.33043,1.33063,318.87
1375828200000,1.33064,1.33092,1.33063,1.33067,339.22
1375829100000,1.3307,1.33082,1.33047,1.33057,498.69
1375830000000,1.33057,1.33135,1.33055,1.33121,1141.36
1375830900000,1.33121,1.33154,1.33095,1.33134,1542.28
1375831800000,1.33133,1.33138,1.33042,1.33045,781.72
1375832700000,1.33045,1.33085,1.33037,1.33071,694.26
1375833600000,1.33072,1.33072,1.32964,1.32975,1438.02
1375834500000,1.32975,1.32996,1.32969,1.32996,788.7
1375835400000,1.32996,1.33037,1.32978,1.33026,1088.63
1375836300000,1.3303,1.33041,1.32987,1.32996,1197.39
1375837200000,1.32996,1.3301,1.32946,1.32962,1541.47
1375838100000,1.32962,1.33023,1.3296,1.32973,1260.52
1375839000000,1.32975,1.32977,1.32925,1.32936,1176.42
1375839900000,1.32936,1.32961,1.32926,1.32945,705.62
1375840800000,1.32947,1.32958,1.32935,1.32952,1047.91
1375841700000,1.32954,1.32958,1.32939,1.32945,670.46
1375842600000,1.32945,1.32989,1.32944,1.32989,582.43
1375843500000,1.32988,1.32992,1.32924,1.32935,957.25
1375844400000,1.32934,1.32968,1.32934,1.32936,553.68
1375845300000,1.32939,1.32957,1.32933,1.32933,502.54
1375846200000,1.32933,1.3297,1.32933,1.32935,586.57
1375847100000,1.32935,1.32978,1.32923,1.32966,893.25
1375848000000,1.32965,1.32987,1.32944,1.32959,1326.35
1375848900000,1.3296,1.3298,1.32943,1.32956,630.76
1375849800000,1.32956,1.33016,1.32956,1.33014,765.71
1375850700000,1.33014,1.3303,1.33011,1.33012,564.55
1375851600000,1.33013,1.33013,1.32976,1.32994,904.49
1375852500000,1.32993,1.33011,1.3299,1.32996,860.63
1375853400000,1.32996,1.33048,1.32995,1.33044,886.93
1375854300000,1.33043,1.33071,1.33027,1.33061,1148.68
1375855200000,1.33063,1.3311,1.33051,1.33104,2179.84
1375856100000,1.33104,1.33119,1.33033,1.33084,2024.31
1375857000000,1.33084,1.33088,1.33,1.33013,1543.79
1375857900000,1.33013,1.33112,1.32983,1.33077,2271.14
1375858800000,1.33078,1.33091,1.32949,1.32969,2976.95
1375859700000,1.3297,1.32985,1.328,1.32877,3790.86
1375860600000,1.32877,1.32881,1.32766,1.32775,3601.89
1375861500000,1.32776,1.32813,1.3275,1.32808,2478.49
1375862400000,1.32807,1.32842,1.32778,1.32785,2182.4
1375863300000,1.32784,1.32792,1.32725,1.32741,3320.5
1375864200000,1.32741,1.32832,1.32733,1.32789,2912.43
1375865100000,1.32789,1.32876,1.32788,1.32836,2838.38
1375866000000,1.3284,1.32859,1.3272,1.32738,2607.53
1375866900000,1.32738,1.32757,1.32654,1.32755,2986.48
1375867800000,1.32753,1.32795,1.32694,1.32768,5766.31
1375868700000,1.32768,1.32898,1.32757,1.32859,4506.18
1375869600000,1.32862,1.3314,1.32828,1.33135,6224.97
1375870500000,1.33139,1.33247,1.33139,1.33173,4163.95
1375871400000,1.33172,1.33182,1.3309,1.33113,2909.22
1375872300000,1.33113,1.33123,1.32858,1.32917,4187.5
1375873200000,1.32917,1.33006,1.32907,1.32958,3125.6
1375874100000,1.32959,1.32999,1.32944,1.32992,1961.97
1375875000000,1.32986,1.33013,1.3293,1.33002,2211.64
1375875900000,1.33004,1.33075,1.33002,1.33057,1888.5
1375876800000,1.33058,1.33104,1.33024,1.33042,2625.68
1375877700000,1.33042,1.33074,1.33002,1.33016,2163.15
1375878600000,1.33016,1.33018,1.3293,1.32996,2951.89
1375879500000,1.32995,1.33064,1.32974,1.33059,2313.87
1375880400000,1.33058,1.33073,1.32953,1.33065,3281.79
1375881300000,1.33065,1.33135,1.33037,1.33083,3177.24
1375882200000,1.33083,1.33167,1.33,1.3304,4338.78
1375883100000,1.33043,1.33094,1.3291,1.33057,4251.58
1375884000000,1.33051,1.33243,1.33014,1.33204,5622.89
1375884900000,1.33204,1.33284,1.33141,1.33194,5263.11
1375885800000,1.33195,1.33249,1.33125,1.33144,3896.51
1375886700000,1.33142,1.33239,1.33135,1.33176,3707.62
1375887600000,1.33175,1.3327,1.33158,1.33226,4104.09
1375888500000,1.33225,1.33313,1.33195,1.3331,3077.37
1375889400000,1.33308,1.33342,1.33229,1.33298,3743.92
1375890300000,1.33297,1.33309,1.33234,1.33273,3031.34
1375891200000,1.33273,1.33277,1.33187,1.33196,1636.47
1375892100000,1.33197,1.33223,1.33175,1.33207,1558.51
1375893000000,1.33208,1.33275,1.33195,1.33256,1244.56
1375893900000,1.33257,1.33286,1.33248,1.33283,1025.74
1375894800000,1.3328,1.33381,1.33279,1.33351,2622.89
1375895700000,1.33352,1.33424,1.33352,1.33375,2607.41
1375896600000,1.33376,1.33394,1.33355,1.33381,1117.77
1375897500000,1.33381,1.33411,1.33366,1.33411,1829.35
1375898400000,1.3341,1.33413,1.3334,1.33354,1766.75
1375899300000,1.33354,1.33405,1.33354,1.33383,1209.86
1375900200000,1.33383,1.33415,1.33353,1.33371,1915.82
1375901100000,1.33371,1.33379,1.33292,1.33319,2243.62
1375902000000,1.33319,1.33369,1.33305,1.33364,1882.44
1375902900000,1.33367,1.33422,1.33357,1.33405,1553.82
1375903800000,1.33405,1.33414,1.33372,1.33373,1388.34
1375904700000,1.33373,1.33387,1.33363,1.33379,931.24
1375905600000,1.33379,1.33421,1.33379,1.33407,807.15
1375906500000,1.33408,1.33453,1.33399,1.33407,1236.63
1375907400000,1.3341,1.33426,1.3336,1.33364,798.65
1375908300000,1.33362,1.33389,1.3334,1.3335,806.82
1375909200000,1.33356,1.33385,1.33353,1.33378,190.92
1375910100000,1.33379,1.334,1.33357,1.33367,375.62
1375911000000,1.33367,1.33376,1.33331,1.3336,517.79
1375911900000,1.3336,1.33373,1.33344,1.33366,315.12
1375912800000,1.33365,1.33371,1.33361,1.33362,543.1
1375913700000,1.33364,1.33381,1.33355,1.33365,390.67
1375914600000,1.33365,1.33388,1.3335,1.33381,340.32
1375915500000,1.3338,1.33402,1.33354,1.33355,444.44
1375916400000,1.33358,1.3343,1.33355,1.33429,461.84
1375917300000,1.33429,1.33429,1.33365,1.33365,449.31
1375918200000,1.33365,1.33427,1.33363,1.33409,436.1
1375919100000,1.3341,1.33437,1.33391,1.334,761.58
1375920000000,1.334,1.334,1.33317,1.33338,2364.37
1375920900000,1.33338,1.33384,1.33325,1.33337,2485.94
1375921800000,1.33337,1.3339,1.33336,1.33382,774.9
1375922700000,1.33382,1.33398,1.33365,1.33394,698.49
1375923600000,1.33392,1.33399,1.33305,1.33326,1297.41
1375924500000,1.33326,1.33362,1.33325,1.33346,940.45
1375925400000,1.33346,1.33372,1.33327,1.33368,1182.13
1375926300000,1.33367,1.33367,1.33306,1.33326,1086.75
1375927200000,1.33325,1.33342,1.33297,1.33327,804.32
1375928100000,1.33325,1.33335,1.33297,1.33331,686.81
1375929000000,1.33329,1.3333,1.33303,1.33309,726.53
1375929900000,1.33309,1.33319,1.33285,1.33309,675.23
1375930800000,1.3331,1.33364,1.33278,1.33303,2194.65
1375931700000,1.33304,1.3337,1.33304,1.33362,1067.4
1375932600000,1.33361,1.33362,1.33326,1.33349,878.44
1375933500000,1.33349,1.33377,1.33313,1.33362,982.88
1375934400000,1.33361,1.33377,1.33351,1.33369,465.8
1375935300000,1.33369,1.33377,1.33319,1.33327,598.35
1375936200000,1.33327,1.33388,1.33324,1.33387,1002.73
1375937100000,1.33387,1.33431,1.33372,1.33422,2059.68
1375938000000,1.33421,1.33421,1.33359,1.3337,1031.88
1375938900000,1.33372,1.33399,1.33369,1.3337,987.83
1375939800000,1.3337,1.33524,1.33352,1.33488,3780.17
1375940700000,1.33488,1.33503,1.33424,1.3346,1822.45
1375941600000,1.33462,1.33464,1.33362,1.33371,2029.27
1375942500000,1.33371,1.33427,1.33371,1.33421,1868.21
1375943400000,1.33422,1.33449,1.33345,1.3344,2604.01
1375944300000,1.33441,1.33509,1.33401,1.33509,1830.74
1375945200000,1.33511,1.3369,1.3351,1.33637,5147.32
1375946100000,1.33636,1.33639,1.33531,1.33553,3179.59
1375947000000,1.33553,1.3361,1.3352,1.33529,3651.94
1375947900000,1.3353,1.33563,1.33425,1.33452,3170.9
1375948800000,1.33456,1.33503,1.334,1.33501,2781.84
1375949700000,1.335,1.33508,1.33439,1.3345,2237.66
1375950600000,1.3345,1.33539,1.33448,1.33491,2269.62
1375951500000,1.33488,1.33502,1.33445,1.33466,2403.81
1375952400000,1.33464,1.33566,1.33461,1.33559,1857.45
1375953300000,1.33559,1.3356,1.33514,1.33544,1392.67
1375954200000,1.33546,1.33557,1.335,1.33526,1637.97
1375955100000,1.33526,1.33615,1.33513,1.33613,2497.51
1375956000000,1.33613,1.33616,1.33586,1.33597,1821.16
1375956900000,1.33597,1.3364,1.3357,1.33606,2728.79
1375957800000,1.33606,1.3361,1.33556,1.3357,1820.21
1375958700000,1.3357,1.33597,1.3356,1.33585,1776.79
1375959600000,1.33587,1.33594,1.33575,1.33592,1427.34
1375960500000,1.33591,1.33595,1.33572,1.33592,1382.61
1375961400000,1.33592,1.33621,1.33579,1.33607,1822.33
1375962300000,1.33609,1.33619,1.33579,1.33597,1370.63
1375963200000,1.33597,1.33661,1.33595,1.33607,2643.52
1375964100000,1.33608,1.33618,1.33529,1.33533,2900.89
1375965000000,1.33533,1.33651,1.33523,1.33632,3767.84
1375965900000,1.33632,1.33673,1.33589,1.33602,3477.13
1375966800000,1.33601,1.33615,1.3356,1.33603,2946.64
1375967700000,1.33605,1.33627,1.33575,1.33612,2439.67
1375968600000,1.33612,1.33637,1.33587,1.33626,2783.38
1375969500000,1.33629,1.33752,1.33624,1.3371,5261.21
1375970400000,1.33712,1.33904,1.33702,1.33903,6589.59
1375971300000,1.33902,1.33946,1.33858,1.33909,5749.28
1375972200000,1.33912,1.33942,1.33827,1.33924,4949.96
1375973100000,1.33925,1.33944,1.33846,1.33847,4772.17
1375974000000,1.33841,1.33912,1.33834,1.33878,4784.92
1375974900000,1.33878,1.3391,1.33865,1.33898,3205.49
1375975800000,1.33898,1.33924,1.33875,1.33913,2711.41
1375976700000,1.33913,1.3394,1.33902,1.33907,2275
1375977600000,1.33907,1.33949,1.33894,1.33949,2573.93
1375978500000,1.3395,1.34003,1.3391,1.33914,4186.94
1375979400000,1.33915,1.33957,1.3389,1.33935,1695.59
1375980300000,1.33934,1.33953,1.33903,1.33903,1463.26
1375981200000,1.33905,1.33971,1.33895,1.33924,2157.95
1375982100000,1.33923,1.33936,1.33914,1.33924,818.4
1375983000000,1.33926,1.33927,1.33846,1.33865,1192.64
1375983900000,1.33865,1.33886,1.33835,1.33869,1489.77
1375984800000,1.3387,1.33879,1.338,1.33837,1921.35
1375985700000,1.33834,1.33855,1.33807,1.33855,1443.24
1375986600000,1.33856,1.33897,1.33843,1.33865,1015.49
1375987500000,1.33865,1.33906,1.33849,1.33874,1956.35
1375988400000,1.33872,1.33884,1.33839,1.33839,1246.82
1375989300000,1.33839,1.33854,1.33814,1.33843,849.77
1375990200000,1.33844,1.3385,1.338,1.33839,864.32
1375991100000,1.33837,1.33867,1.33829,1.33862,905.49
1375992000000,1.33862,1.33892,1.33837,1.33842,1030.06
1375992900000,1.33843,1.33849,1.33799,1.33806,494.67
1375993800000,1.33807,1.33844,1.33807,1.3383,677.04
1375994700000,1.33832,1.33832,1.33799,1.33808,465.2
1375995600000,1.33806,1.33832,1.33806,1.33818,183.39
1375996500000,1.33819,1.33832,1.3381,1.33822,248.79
1375997400000,1.33822,1.33822,1.33773,1.33802,328.59
1375998300000,1.33799,1.33814,1.33789,1.33812,169.95
1375999200000,1.33815,1.33821,1.33803,1.33815,364.82
1376000100000,1.33816,1.33824,1.33806,1.33808,249.04
1376001000000,1.33808,1.33818,1.33802,1.33806,307.07
1376001900000,1.33807,1.33818,1.33785,1.33806,287.52
1376002800000,1.33805,1.33848,1.33805,1.33839,330.62
1376003700000,1.33836,1.33839,1.33794,1.33796,420.42
1376004600000,1.33794,1.33797,1.33757,1.33776,1114.05
1376005500000,1.33776,1.33801,1.33775,1.33791,502.98
1376006400000,1.3379,1.33818,1.33786,1.33818,692.57
1376007300000,1.33817,1.33817,1.33765,1.33769,714
1376008200000,1.3377,1.33781,1.33757,1.33778,624.05
1376009100000,1.33778,1.33811,1.33758,1.33809,975.47
1376010000000,1.33808,1.33848,1.338,1.33828,665.62
1376010900000,1.33828,1.33866,1.33813,1.33826,1005.22
1376011800000,1.33827,1.33857,1.33817,1.33825,1265.74
1376012700000,1.33825,1.33849,1.33804,1.33824,931.33
1376013600000,1.33825,1.33827,1.33794,1.33806,601.79
1376014500000,1.33805,1.33806,1.33777,1.33797,431.17
1376015400000,1.33796,1.338,1.33785,1.33795,333.67
1376016300000,1.33794,1.33797,1.33785,1.33793,478.82
1376017200000,1.33793,1.33806,1.33783,1.33785,332.66
1376018100000,1.33786,1.33817,1.33777,1.33795,620
1376019000000,1.33794,1.33828,1.33794,1.33805,898.68
1376019900000,1.33805,1.33806,1.33793,1.33806,433.31
1376020800000,1.33805,1.33819,1.338,1.33817,388.17
1376021700000,1.33817,1.33817,1.33796,1.33797,352.56
1376022600000,1.33797,1.33828,1.33797,1.33818,378.12
1376023500000,1.33818,1.33842,1.33809,1.33838,317.09
1376024400000,1.33838,1.33844,1.33832,1.33839,325.64
1376025300000,1.3384,1.33848,1.33799,1.33816,655.82
1376026200000,1.33816,1.33848,1.33798,1.33808,1734.21
1376027100000,1.33807,1.33852,1.33798,1.33852,650.15
1376028000000,1.33854,1.33899,1.33817,1.33887,1716.5
1376028900000,1.33886,1.33903,1.33825,1.33842,1843.56
1376029800000,1.33842,1.33882,1.33837,1.33842,1248.99
1376030700000,1.33841,1.33873,1.33785,1.33873,1776.68
1376031600000,1.33875,1.33875,1.337,1.3379,2769.36
1376032500000,1.3379,1.33807,1.33734,1.33769,2054.42
1376033400000,1.3377,1.33849,1.33746,1.33815,2042.55
1376034300000,1.33815,1.33819,1.33735,1.33751,2462.56
1376035200000,1.3375,1.33756,1.3368,1.33698,2475.13
1376036100000,1.33697,1.33802,1.3369,1.33787,2573.42
1376037000000,1.33787,1.33885,1.33771,1.33848,2315.31
1376037900000,1.3385,1.33875,1.33816,1.33825,1864.23
1376038800000,1.33825,1.33881,1.33825,1.33858,1690
1376039700000,1.33859,1.33859,1.338,1.33812,1562.14
1376040600000,1.33814,1.33829,1.338,1.33815,1569.3
1376041500000,1.33815,1.339,1.33807,1.33828,2768.5
1376042400000,1.33826,1.33838,1.33782,1.33819,2141.09
1376043300000,1.33819,1.33823,1.33789,1.33803,1963.54
1376044200000,1.33802,1.33805,1.33755,1.33764,1838.73
1376045100000,1.33765,1.33765,1.33725,1.33736,2394.44
1376046000000,1.33736,1.33775,1.33713,1.33757,1967.4
1376046900000,1.33756,1.33768,1.33716,1.3374,2683.63
1376047800000,1.33739,1.33774,1.33735,1.33743,2150.19
1376048700000,1.33742,1.33742,1.3369,1.33705,2580.06
1376049600000,1.33705,1.3374,1.33654,1.33734,2519.34
1376050500000,1.33733,1.33744,1.33701,1.33725,1834.18
1376051400000,1.33725,1.33783,1.33715,1.33753,3574.44
1376052300000,1.33754,1.33754,1.33619,1.33627,3907.35
1376053200000,1.33626,1.33664,1.336,1.33608,2674.54
1376054100000,1.33608,1.33608,1.33488,1.33546,4355.24
1376055000000,1.33546,1.33572,1.33505,1.33565,4677.81
1376055900000,1.33566,1.33596,1.33555,1.33574,2792.51
1376056800000,1.33575,1.33633,1.33573,1.33611,3694.4
1376057700000,1.33609,1.33617,1.33536,1.33565,4038.36
1376058600000,1.33565,1.33565,1.33501,1.33507,3832.53
1376059500000,1.33507,1.33551,1.33485,1.33509,3174.28
1376060400000,1.33507,1.33546,1.33452,1.33466,3192.37
1376061300000,1.33466,1.33488,1.33367,1.3338,3511.22
1376062200000,1.33379,1.3342,1.33324,1.33406,3153.12
1376063100000,1.33406,1.33424,1.33347,1.3338,1617.99
1376064000000,1.33379,1.33401,1.3335,1.33387,1216.55
1376064900000,1.33388,1.33414,1.33373,1.33406,1030.33
1376065800000,1.33406,1.33446,1.33397,1.33443,1671.33
1376066700000,1.33443,1.33471,1.33413,1.33431,1798.69
1376067600000,1.33432,1.33432,1.33374,1.334,1287.04
1376068500000,1.33398,1.33411,1.33391,1.33411,875.3
1376069400000,1.33411,1.33469,1.33408,1.33469,1228.79
1376070300000,1.33467,1.33476,1.33451,1.33465,629.04
1376071200000,1.33465,1.33473,1.33415,1.3342,876.36
1376072100000,1.3342,1.33421,1.33386,1.33395,668.4
1376073000000,1.33394,1.33463,1.33385,1.33446,780.51
1376073900000,1.33446,1.33459,1.33394,1.33403,884.29
1376074800000,1.33403,1.33455,1.3339,1.3343,795.11
1376075700000,1.3343,1.33458,1.334,1.33449,713.38
1376076600000,1.33449,1.33459,1.33406,1.33407,589.76
1376077500000,1.3341,1.33459,1.33402,1.33447,927.52
1376078400000,1.33447,1.33457,1.33423,1.33425,519.4
1376079300000,1.33425,1.33425,1.334,1.33413,292.68
1376080200000,1.33413,1.33419,1.33405,1.33409,350.04
1376081100000,1.33408,1.3343,1.33391,1.33413,528.94
1376254800000,1.33196,1.33369,1.33196,1.3335,258.86
1376255700000,1.33348,1.33364,1.33335,1.33342,71.58
1376256600000,1.33342,1.33367,1.33326,1.33331,254.04
1376257500000,1.3333,1.3337,1.33319,1.33355,312.45
1376258400000,1.33357,1.33373,1.33343,1.33367,352.88
1376259300000,1.33367,1.33371,1.33346,1.33349,323.46
1376260200000,1.33347,1.33374,1.33347,1.33358,196.33
1376261100000,1.33358,1.33361,1.33325,1.3334,224.62
1376262000000,1.33339,1.33392,1.33339,1.33375,315.06
1376262900000,1.33374,1.33374,1.33346,1.33349,217.12
1376263800000,1.33349,1.33352,1.33337,1.33347,137.89
1376264700000,1.33348,1.33436,1.33348,1.33384,1100.29
1376265600000,1.33384,1.33402,1.33372,1.33379,762.46
1376266500000,1.33378,1.33386,1.33348,1.33348,663.82
1376267400000,1.3335,1.33364,1.33315,1.33336,1005.14
1376268300000,1.33335,1.33339,1.3325,1.33259,1178.21
1376269200000,1.33258,1.33277,1.3324,1.33266,922.37
1376270100000,1.33266,1.33283,1.33259,1.33266,601.79
1376271000000,1.33268,1.33268,1.33236,1.3326,633.1
1376271900000,1.33261,1.3332,1.33257,1.33305,854.48
1376272800000,1.33305,1.3331,1.33244,1.33245,1129.19
1376273700000,1.33245,1.33266,1.33175,1.33216,1252.05
1376274600000,1.33216,1.33245,1.33206,1.33216,1111.86
1376275500000,1.33216,1.33259,1.33204,1.33239,886.56
1376276400000,1.33239,1.33268,1.33238,1.33267,1313.65
1376277300000,1.33268,1.33289,1.33246,1.33248,547.11
1376278200000,1.33247,1.33279,1.33243,1.33268,612.9
1376279100000,1.33266,1.33278,1.33214,1.33227,643.03
1376280000000,1.33226,1.33258,1.33226,1.33234,501.69
1376280900000,1.33235,1.3326,1.33224,1.3326,354.11
1376281800000,1.33259,1.33265,1.33235,1.33261,591.26
1376282700000,1.33263,1.33279,1.33256,1.33262,527.62
1376283600000,1.33261,1.33261,1.33239,1.33255,628.82
1376284500000,1.33255,1.3326,1.33216,1.33226,638
1376285400000,1.33224,1.33256,1.33217,1.33247,705.85
1376286300000,1.33247,1.33273,1.33238,1.33256,791.33
1376287200000,1.33255,1.33332,1.33255,1.33293,1867.34
1376288100000,1.33293,1.33305,1.33267,1.33273,1147.86
1376289000000,1.33274,1.33286,1.3324,1.33276,1245.28
1376289900000,1.33276,1.33276,1.3316,1.33178,2015.59
1376290800000,1.33179,1.33259,1.33177,1.33231,3142.2
1376291700000,1.33232,1.33255,1.33128,1.33139,2766.95
1376292600000,1.33139,1.33145,1.33055,1.33085,3750.04
1376293500000,1.33086,1.33096,1.33023,1.33073,2916.86
1376294400000,1.33073,1.33076,1.3296,1.33033,2906.3
1376295300000,1.33033,1.33053,1.32987,1.3303,2154.33
1376296200000,1.3303,1.3308,1.33018,1.33052,1733.14
1376297100000,1.33051,1.3309,1.3302,1.33079,2079.21
1376298000000,1.3308,1.33081,1.33014,1.33014,1853.81
1376298900000,1.33014,1.33034,1.32905,1.32947,2406.59
1376299800000,1.32946,1.32962,1.32907,1.32959,2501.56
1376300700000,1.32959,1.32959,1.3287,1.32908,2982.51
1376301600000,1.32906,1.32941,1.32879,1.32938,3332.85
1376302500000,1.32939,1.32983,1.32933,1.32963,1947.16
1376303400000,1.32964,1.33011,1.32961,1.33002,2324.67
1376304300000,1.33002,1.33024,1.32966,1.32968,1796.71
1376305200000,1.32969,1.32995,1.32935,1.32949,1366.05
1376306100000,1.3295,1.32969,1.32924,1.32964,1403.73
1376307000000,1.32965,1.32967,1.32908,1.32928,1416.86
1376307900000,1.32928,1.32941,1.32874,1.32876,1735.54
1376308800000,1.32876,1.32882,1.32785,1.32798,3459.55
1376309700000,1.32809,1.3282,1.3277,1.32812,3610.29
1376310600000,1.32812,1.3289,1.32811,1.32886,2906.65
1376311500000,1.32885,1.32906,1.32855,1.32889,2152.9
1376312400000,1.32892,1.329,1.32854,1.32859,2519.17
1376313300000,1.32859,1.32901,1.3285,1.32879,2533.99
1376314200000,1.32879,1.32922,1.3284,1.3288,2991.41
1376315100000,1.32879,1.32921,1.32838,1.32847,2717.44
1376316000000,1.32848,1.32911,1.32816,1.32907,3768.56
1376316900000,1.32907,1.32912,1.32845,1.32875,2475.89
1376317800000,1.32877,1.32954,1.32856,1.32951,3648.22
1376318700000,1.3295,1.3295,1.32882,1.32934,2881.09
1376319600000,1.32935,1.33011,1.32931,1.3299,3169.19
1376320500000,1.32988,1.33091,1.32974,1.33087,2988.13
1376321400000,1.33087,1.33101,1.33045,1.33086,1948.19
1376322300000,1.33086,1.33123,1.33064,1.3312,1410.88
1376323200000,1.33122,1.33123,1.33085,1.331,1105.39
1376324100000,1.33098,1.33101,1.33065,1.33076,753.79
1376325000000,1.33077,1.33116,1.33068,1.33114,832.11
1376325900000,1.33113,1.33116,1.33072,1.33072,1121.44
1376326800000,1.33075,1.33089,1.33056,1.33069,1321.9
1376327700000,1.33069,1.33079,1.33054,1.33066,1193.42
1376328600000,1.33066,1.33068,1.3304,1.33045,999.86
1376329500000,1.33045,1.33078,1.33045,1.33075,1004.31
1376330400000,1.33077,1.33081,1.329,1.32906,1556.46
1376331300000,1.32906,1.33089,1.32906,1.33074,1573.85
1376332200000,1.33073,1.33099,1.33065,1.33097,449.23
1376333100000,1.33097,1.33127,1.33076,1.33104,1229.11
1376334000000,1.33104,1.33106,1.33071,1.33085,1055.4
1376334900000,1.33084,1.33106,1.33068,1.33097,450.46
1376335800000,1.33097,1.33097,1.33064,1.33064,480.8
1376336700000,1.33065,1.33069,1.33034,1.3304,882.72
1376337600000,1.3304,1.33041,1.33005,1.33013,503.43
1376338500000,1.33016,1.33046,1.33009,1.33043,546.24
1376339400000,1.33043,1.33044,1.33,1.33005,547.84
1376340300000,1.33005,1.33011,1.32985,1.32995,500.2
1376341200000,1.32997,1.33006,1.32981,1.3299,185.51
1376342100000,1.3299,1.3299,1.32981,1.32981,192.39
1376343000000,1.32983,1.32985,1.3297,1.32981,202.84
1376343900000,1.32981,1.32994,1.32947,1.3299,458.36
1376344800000,1.32992,1.33019,1.32982,1.32982,419.4
1376345700000,1.32982,1.32985,1.32938,1.32944,562.02
1376346600000,1.32946,1.32949,1.3292,1.32929,451.67
1376347500000,1.32928,1.32946,1.32905,1.32923,446.85
1376348400000,1.32923,1.32929,1.32895,1.32908,322.25
1376349300000,1.32906,1.32941,1.32906,1.32926,279.88
1376350200000,1.32925,1.32931,1.32891,1.32903,273.43
1376351100000,1.32904,1.3294,1.32903,1.32917,544.1
1376352000000,1.32917,1.32947,1.32907,1.32938,901.39
1376352900000,1.32938,1.3295,1.32914,1.32936,823.88
1376353800000,1.32936,1.32945,1.32904,1.32927,765.05
1376354700000,1.32928,1.32936,1.32905,1.32927,831.31
1376355600000,1.32928,1.32957,1.32924,1.32949,858.65
1376356500000,1.3295,1.32962,1.32923,1.32929,655.06
1376357400000,1.32929,1.32972,1.32922,1.32956,1292.59
1376358300000,1.32956,1.3296,1.32937,1.32942,582.84
1376359200000,1.32942,1.3297,1.32942,1.3296,1068.64
1376360100000,1.3296,1.33029,1.3296,1.33018,1193.02
1376361000000,1.33018,1.33072,1.33018,1.33058,878.09
1376361900000,1.33059,1.33088,1.33055,1.33077,705.64
1376362800000,1.33077,1.33119,1.33075,1.33113,1454.4
1376363700000,1.33111,1.33117,1.33069,1.33107,847.77
1376364600000,1.33107,1.33129,1.33106,1.33116,1078.57
1376365500000,1.33115,1.33117,1.33095,1.33097,372.49
1376366400000,1.33096,1.33121,1.33095,1.33106,682.9
1376367300000,1.33105,1.33122,1.33095,1.33103,1131.81
1376368200000,1.33104,1.33124,1.33096,1.33106,833.3
1376369100000,1.33106,1.33112,1.33094,1.33097,630.08
1376370000000,1.33096,1.33097,1.32997,1.33032,1432.54
1376370900000,1.33032,1.33038,1.3299,1.33006,1250.07
1376371800000,1.33008,1.33105,1.33001,1.3309,1821.01
1376372700000,1.33089,1.33102,1.33052,1.33052,801.87
1376373600000,1.33052,1.33097,1.33043,1.33059,1542.73
1376374500000,1.3306,1.3316,1.33056,1.33126,2284.3
1376375400000,1.33126,1.33146,1.33087,1.33098,2539.9
1376376300000,1.331,1.33113,1.33056,1.33066,1954.86
1376377200000,1.33066,1.33086,1.33,1.33029,2918.03
1376378100000,1.33027,1.33027,1.32841,1.329,4046.61
1376379000000,1.32899,1.3301,1.32899,1.32996,3455.82
1376379900000,1.32997,1.32997,1.32887,1.32928,2982.34
1376380800000,1.32928,1.32964,1.32831,1.32841,2417.25
1376381700000,1.3284,1.32877,1.32809,1.32845,3961.84
1376382600000,1.32845,1.32904,1.32838,1.32858,3476.87
1376383500000,1.32857,1.32988,1.32857,1.32972,3323.58
1376384400000,1.32972,1.3311,1.32966,1.33107,4691.79
1376385300000,1.3311,1.3317,1.3306,1.33086,3938.32
1376386200000,1.33086,1.33118,1.33084,1.33094,1931.28
1376387100000,1.33094,1.33129,1.3306,1.33075,1644.55
1376388000000,1.33075,1.33116,1.33053,1.33071,1815.89
1376388900000,1.33069,1.33073,1.32962,1.32993,2591.61
1376389800000,1.32993,1.32996,1.3292,1.32944,2214.28
1376390700000,1.32944,1.3298,1.32924,1.32956,1590.14
1376391600000,1.32957,1.32993,1.32919,1.32985,1724.13
1376392500000,1.32983,1.32983,1.32845,1.3288,2393.47
1376393400000,1.32879,1.32918,1.32867,1.32912,2474.93
1376394300000,1.32913,1.32918,1.32844,1.3285,2347.13
1376395200000,1.3285,1.32935,1.32847,1.3289,3024.52
1376396100000,1.32895,1.32948,1.3286,1.32912,3598.61
1376397000000,1.32912,1.3295,1.32565,1.3265,7442.54
1376397900000,1.3265,1.3265,1.32508,1.32569,5760.9
1376398800000,1.32568,1.32644,1.32544,1.32641,4837.39
1376399700000,1.32639,1.32639,1.32563,1.32563,3875.32
1376400600000,1.32563,1.32579,1.32457,1.32535,5843.55
1376401500000,1.32535,1.3259,1.32495,1.32495,4065.54
1376402400000,1.32495,1.32529,1.32355,1.32463,6057.11
1376403300000,1.32463,1.32531,1.32427,1.32472,4756.53
1376404200000,1.3247,1.32485,1.32371,1.32387,4468.92
1376405100000,1.32389,1.32411,1.32333,1.32357,4480.43
1376406000000,1.32357,1.32456,1.32335,1.3244,4945.9
1376406900000,1.32441,1.32461,1.3239,1.32432,3058.53
1376407800000,1.32432,1.32442,1.32386,1.32399,2094.18
1376408700000,1.32399,1.32459,1.3238,1.32459,2290.66
1376409600000,1.3246,1.32516,1.32445,1.32478,1630.96
1376410500000,1.32477,1.3253,1.32471,1.32497,1458.6
1376411400000,1.32497,1.32569,1.32494,1.32526,1620.36
1376412300000,1.32526,1.32562,1.32524,1.32525,1139.57
1376413200000,1.32525,1.32575,1.32525,1.32568,1283.19
1376414100000,1.32566,1.32599,1.32524,1.32545,1712.68
1376415000000,1.32543,1.32574,1.325,1.32514,1427.37
1376415900000,1.32515,1.326,1.32515,1.32573,1887.03
1376416800000,1.32574,1.32594,1.32565,1.32575,869.74
1376417700000,1.32574,1.32574,1.32533,1.32572,1050.11
1376418600000,1.32571,1.32606,1.32564,1.32606,793.75
1376419500000,1.32606,1.32651,1.32596,1.326,1269.59
1376420400000,1.32599,1.32689,1.3259,1.32656,1662.18
1376421300000,1.32655,1.32695,1.3265,1.3265,1188.59
1376422200000,1.32655,1.32658,1.32642,1.32658,471.92
1376423100000,1.32657,1.32671,1.32626,1.32655,989.31
1376424000000,1.32654,1.32659,1.32636,1.32641,370.03
1376424900000,1.32641,1.32657,1.32633,1.32651,460.86
1376425800000,1.32653,1.32674,1.3262,1.32635,459.61
1376426700000,1.32636,1.32647,1.32613,1.32624,399.53
1376427600000,1.32627,1.32648,1.32618,1.32638,296.98
1376428500000,1.32638,1.32638,1.3259,1.32612,300
1376429400000,1.32612,1.32621,1.3258,1.32593,367.31
1376430300000,1.32593,1.32605,1.32576,1.32603,325.93
1376431200000,1.3261,1.32631,1.32603,1.32616,431.49
1376432100000,1.32616,1.32629,1.32602,1.32615,303.79
1376433000000,1.32612,1.32621,1.3261,1.32618,179.63
1376433900000,1.32618,1.32626,1.32612,1.32615,262.72
1376434800000,1.32615,1.32636,1.32615,1.32627,222.25
1376435700000,1.32625,1.32643,1.32625,1.32636,233.1
1376436600000,1.32636,1.32668,1.32636,1.32663,482.13
1376437500000,1.32662,1.32662,1.32634,1.3265,493.8
1376438400000,1.32652,1.32682,1.32614,1.32647,1380.02
1376439300000,1.32647,1.32652,1.326,1.32647,1636.67
1376440200000,1.32648,1.32659,1.32607,1.32622,2426.64
1376441100000,1.32623,1.32632,1.32565,1.3261,2012
1376442000000,1.32611,1.32632,1.32593,1.32595,1284.35
1376442900000,1.32596,1.32597,1.3253,1.32549,817.85
1376443800000,1.32549,1.32584,1.32549,1.32576,619.47
1376444700000,1.32576,1.32621,1.32573,1.32618,398.78
1376445600000,1.32618,1.32643,1.32602,1.32638,810.98
1376446500000,1.32639,1.32649,1.32626,1.32626,758.04
1376447400000,1.32629,1.32645,1.32619,1.32625,515.28
1376448300000,1.32625,1.32631,1.32589,1.32608,517.92
1376449200000,1.32607,1.32624,1.32607,1.32613,361.69
1376450100000,1.32614,1.32629,1.3261,1.32612,495.27
1376451000000,1.32613,1.3264,1.32611,1.32632,590.32
1376451900000,1.3263,1.32644,1.32622,1.3263,623.26
1376452800000,1.3263,1.32659,1.32617,1.32659,763.72
1376453700000,1.32659,1.32674,1.32626,1.32634,1068.28
1376454600000,1.32635,1.32639,1.32583,1.32587,726.05
1376455500000,1.32588,1.32603,1.32581,1.32585,652.26
1376456400000,1.32585,1.32595,1.32549,1.32568,946.56
1376457300000,1.32568,1.32588,1.32563,1.32568,737.06
1376458200000,1.32568,1.32678,1.32568,1.32678,2266.32
1376459100000,1.32678,1.32756,1.32667,1.32724,3373.77
1376460000000,1.32724,1.32799,1.32696,1.32698,2592.77
1376460900000,1.32698,1.32711,1.32645,1.32687,1927.8
1376461800000,1.32688,1.32721,1.32648,1.32702,2193.9
1376462700000,1.32703,1.32718,1.32574,1.32616,2653
1376463600000,1.32616,1.32619,1.32556,1.3258,2797.37
1376464500000,1.32583,1.3268,1.3258,1.32677,2983.76
1376465400000,1.32677,1.32714,1.32666,1.32685,3189.18
1376466300000,1.32685,1.32778,1.32674,1.32696,2550.66
1376467200000,1.32695,1.32695,1.32584,1.3265,2362.95
1376468100000,1.3265,1.32699,1.32625,1.32685,2115.05
1376469000000,1.32687,1.32711,1.32586,1.32647,3680.04
1376469900000,1.32651,1.32707,1.32595,1.32682,3428.52
1376470800000,1.32687,1.327,1.32515,1.32526,3326.16
1376471700000,1.32528,1.32556,1.32427,1.3245,4019.83
1376472600000,1.32449,1.32503,1.32428,1.32467,2496.48
1376473500000,1.32467,1.32477,1.32389,1.3242,2703.12
1376474400000,1.32419,1.32463,1.32393,1.32448,1995.4
1376475300000,1.32448,1.3249,1.32424,1.32487,1895
1376476200000,1.32487,1.32522,1.32448,1.32459,2025.2
1376477100000,1.32459,1.32509,1.32445,1.32466,2274.03
1376478000000,1.32466,1.32495,1.32445,1.3248,2027.42
1376478900000,1.32481,1.32517,1.3244,1.32477,2386.94
1376479800000,1.32479,1.32514,1.32443,1.32458,1796.98
1376480700000,1.32458,1.3249,1.32449,1.32486,1762.66
1376481600000,1.32486,1.32509,1.32416,1.32427,2890.99
1376482500000,1.32429,1.32448,1.32405,1.3243,3212.07
1376483400000,1.3243,1.32618,1.32427,1.3258,5351.48
1376484300000,1.32581,1.32629,1.32534,1.32564,3139.45
1376485200000,1.32563,1.32643,1.32559,1.32632,3001.3
1376486100000,1.32634,1.3268,1.3256,1.3257,2919.29
1376487000000,1.3257,1.32657,1.32546,1.32641,4369.74
1376487900000,1.32642,1.32647,1.32565,1.32575,3617.97
1376488800000,1.32574,1.32595,1.32532,1.32577,3262.77
1376489700000,1.32579,1.3261,1.32556,1.32588,2784.83
1376490600000,1.32589,1.32671,1.32585,1.3267,4228.12
1376491500000,1.3267,1.3271,1.32644,1.32655,3282.71
1376492400000,1.3265,1.32675,1.32618,1.32641,2797.78
1376493300000,1.32641,1.32645,1.3248,1.32498,3088.25
1376494200000,1.32498,1.32542,1.32491,1.3254,2167.02
1376495100000,1.3254,1.32558,1.32507,1.32546,1635.87
1376496000000,1.32546,1.32581,1.32545,1.32555,1381.12
1376496900000,1.32555,1.3259,1.32545,1.32576,1345.95
1376497800000,1.32575,1.32587,1.32545,1.32563,1038.59
1376498700000,1.32564,1.3258,1.32527,1.3256,1803.39
1376499600000,1.32559,1.32565,1.3254,1.32552,1063.82
1376500500000,1.32552,1.3258,1.32536,1.3258,663.58
1376501400000,1.32579,1.32611,1.32529,1.32543,1395.65
1376502300000,1.32543,1.32543,1.3247,1.32517,1663.04
1376503200000,1.32517,1.32606,1.32516,1.32594,932.34
1376504100000,1.32593,1.32619,1.32564,1.32583,1218.88
1376505000000,1.32583,1.32598,1.32582,1.32587,711.85
1376505900000,1.32587,1.32603,1.32573,1.32589,1228.33
1376506800000,1.32589,1.326,1.32546,1.32591,1098.8
1376507700000,1.32591,1.32618,1.3258,1.32588,1028.48
1376508600000,1.32587,1.32599,1.32567,1.32577,665.57
1376509500000,1.32578,1.32606,1.32565,1.32606,714.72
1376510400000,1.32605,1.3261,1.32563,1.32565,467.91
1376511300000,1.32566,1.3257,1.32537,1.32564,528.21
1376512200000,1.32564,1.32573,1.32545,1.32549,392.88
1376513100000,1.32548,1.32562,1.3254,1.32549,416.53
1376514000000,1.32549,1.32566,1.32545,1.32559,163.04
1376514900000,1.32557,1.32566,1.32537,1.32557,375
1376515800000,1.3256,1.32562,1.3255,1.32559,163.45
1376516700000,1.32559,1.32585,1.32557,1.32578,198.68
1376517600000,1.32578,1.32583,1.3255,1.32564,618.67
1376518500000,1.32564,1.32573,1.32553,1.32567,367.36
1376519400000,1.32568,1.32576,1.32553,1.32565,347.68
1376520300000,1.32566,1.32594,1.32554,1.32594,281.76
1376521200000,1.32592,1.32599,1.32575,1.32584,337.92
1376522100000,1.32585,1.32585,1.32544,1.32576,523.92
1376523000000,1.32577,1.3264,1.32575,1.32616,912.67
1376523900000,1.32615,1.32646,1.32607,1.32646,474.95
1376524800000,1.32646,1.32667,1.32613,1.32658,877.18
1376525700000,1.32656,1.3268,1.32655,1.32664,773.53
1376526600000,1.32665,1.3267,1.32624,1.32653,733.98
1376527500000,1.32653,1.32665,1.32637,1.32652,693.52
1376528400000,1.3265,1.32658,1.32616,1.32637,768.9
1376529300000,1.32639,1.32646,1.32614,1.32614,677.37
1376530200000,1.32614,1.32658,1.32604,1.32629,1170
1376531100000,1.3263,1.32685,1.32611,1.32666,1805.47
1376532000000,1.32666,1.32912,1.32665,1.32894,2455.13
1376532900000,1.32893,1.33106,1.32893,1.33007,4671.24
1376533800000,1.33006,1.33073,1.32946,1.32946,2747.52
1376534700000,1.32947,1.33,1.32931,1.32998,1675.61
1376535600000,1.32997,1.32997,1.32937,1.32967,1205.27
1376536500000,1.32969,1.32991,1.32955,1.32976,1293.55
1376537400000,1.32976,1.32997,1.32934,1.32934,829.11
1376538300000,1.32934,1.32964,1.32894,1.32896,820.02
1376539200000,1.32896,1.32929,1.32894,1.32908,631.01
1376540100000,1.32908,1.32915,1.32874,1.32889,571.96
1376541000000,1.32889,1.32933,1.32879,1.3291,576.13
1376541900000,1.32909,1.32923,1.32897,1.32907,561.06
1376542800000,1.32906,1.3291,1.32876,1.32883,694.4
1376543700000,1.32885,1.32899,1.32866,1.32875,886.54
1376544600000,1.32874,1.32912,1.32848,1.32886,864.94
1376545500000,1.32886,1.32922,1.32875,1.32901,1087.21
1376546400000,1.32901,1.32943,1.3287,1.3288,1360.61
1376547300000,1.32878,1.32893,1.32854,1.32885,1216.54
1376548200000,1.32885,1.32928,1.32869,1.32886,1700.47
1376549100000,1.32888,1.32907,1.32845,1.32889,1717
1376550000000,1.32889,1.3289,1.3283,1.32856,2155.24
1376550900000,1.32857,1.32858,1.32785,1.32819,2000.01
1376551800000,1.32819,1.32886,1.32797,1.32884,2171.68
1376552700000,1.32885,1.32914,1.32849,1.32902,1895.13
1376553600000,1.32902,1.3296,1.32893,1.3291,2684.42
1376554500000,1.3291,1.3298,1.32906,1.32924,2424.32
1376555400000,1.32924,1.3296,1.3289,1.32938,2706.75
1376556300000,1.32937,1.32937,1.32874,1.32887,1660.79
1376557200000,1.32887,1.32901,1.32838,1.32855,1908.89
1376558100000,1.32858,1.32875,1.32827,1.32858,1549.7
1376559000000,1.32859,1.32941,1.32845,1.32909,2570.81
1376559900000,1.32909,1.32961,1.32897,1.32907,1712.21
1376560800000,1.32907,1.32908,1.32812,1.3286,2315.58
1376561700000,1.32858,1.32871,1.32825,1.32859,1466.17
1376562600000,1.32859,1.32869,1.32835,1.32836,2082.41
1376563500000,1.32836,1.32879,1.32833,1.32845,1932.79
1376564400000,1.32846,1.32876,1.32837,1.32868,1477.74
1376565300000,1.32866,1.32887,1.32843,1.32878,1956.27
1376566200000,1.32877,1.32959,1.32876,1.32949,2571.99
1376567100000,1.32948,1.32995,1.32926,1.32967,2254.33
1376568000000,1.32966,1.33005,1.32948,1.32962,2674.23
1376568900000,1.32959,1.33011,1.32885,1.32889,3336.09
1376569800000,1.32899,1.32899,1.3227,1.32389,8790.71
1376570700000,1.3239,1.32434,1.32227,1.32331,5587.07
1376571600000,1.32331,1.32371,1.32275,1.32345,4470
1376572500000,1.32344,1.32463,1.32311,1.32312,5181.32
1376573400000,1.32312,1.32361,1.3228,1.32321,4733.47
1376574300000,1.32321,1.32324,1.3219,1.32264,4897.76
1376575200000,1.32264,1.32391,1.32054,1.32133,8203.66
1376576100000,1.32135,1.3238,1.32098,1.32373,6471.77
1376577000000,1.32372,1.32449,1.32347,1.32436,4485.25
1376577900000,1.32436,1.32521,1.32412,1.32506,5260.59
1376578800000,1.32506,1.32582,1.32465,1.32558,4277.2
1376579700000,1.32559,1.3261,1.32545,1.3256,3118.81
1376580600000,1.32561,1.32702,1.32558,1.32667,2955.27
1376581500000,1.32667,1.32703,1.32625,1.32625,2649.84
1376582400000,1.32625,1.32687,1.32624,1.3266,2833.85
1376583300000,1.3266,1.3267,1.32608,1.32634,1684.97
1376584200000,1.32635,1.32648,1.326,1.32623,1361.28
1376585100000,1.32622,1.3265,1.326,1.32603,1845.14
1376586000000,1.32603,1.33347,1.32603,1.3334,4087.97
1376586900000,1.33341,1.33395,1.3303,1.33087,6487.4
1376587800000,1.33088,1.33404,1.33087,1.3335,4854.7
1376588700000,1.33351,1.33433,1.3327,1.33355,3909.32
1376589600000,1.33357,1.33542,1.33344,1.33438,5048.19
1376590500000,1.3344,1.33507,1.33347,1.33358,3734.48
1376591400000,1.33358,1.33421,1.33316,1.33378,2553.76
1376592300000,1.33379,1.33533,1.33356,1.33466,3094.78
1376593200000,1.33466,1.33627,1.33461,1.33558,2865.82
1376594100000,1.33558,1.33591,1.33513,1.33513,2398.8
1376595000000,1.33515,1.33606,1.33515,1.3356,2033.85
1376595900000,1.33559,1.3359,1.33538,1.33547,1652.9
1376596800000,1.33546,1.33593,1.33512,1.33514,992.53
1376597700000,1.33514,1.33544,1.33489,1.33518,1124.16
1376598600000,1.33518,1.33518,1.33457,1.33475,1197.62
1376599500000,1.33477,1.33487,1.33438,1.3346,709.23
1376600400000,1.33467,1.335,1.33461,1.33465,304.58
1376601300000,1.33467,1.33501,1.33452,1.33468,749.38
1376602200000,1.33468,1.33512,1.33464,1.33498,477.41
1376603100000,1.33496,1.33534,1.33487,1.33511,517.54
1376604000000,1.3351,1.3351,1.3349,1.33495,359.69
1376604900000,1.33495,1.33495,1.3348,1.3348,248.95
1376605800000,1.3348,1.33508,1.33477,1.33477,468.48
1376606700000,1.33478,1.33485,1.33452,1.33452,493.8
1376607600000,1.33452,1.33476,1.33451,1.33455,296.8
1376608500000,1.33455,1.33509,1.33455,1.33504,382.21
1376609400000,1.33506,1.33508,1.33472,1.33481,556.67
1376610300000,1.33482,1.33522,1.33479,1.33505,608.98
1376611200000,1.33504,1.33518,1.33483,1.33488,1272.17
1376612100000,1.33487,1.3349,1.33457,1.33469,880.73
1376613000000,1.3347,1.33502,1.33457,1.335,865.02
1376613900000,1.33501,1.33561,1.335,1.33529,1033.45
1376614800000,1.3353,1.33532,1.33474,1.33477,1513.19
1376615700000,1.33477,1.33502,1.33467,1.3349,900.17
1376616600000,1.3349,1.3349,1.33472,1.33481,810.16
1376617500000,1.3348,1.33529,1.33476,1.33522,709.27
1376618400000,1.33522,1.33522,1.33497,1.33513,432.03
1376619300000,1.33513,1.33519,1.33498,1.33508,388.23
1376620200000,1.33509,1.3351,1.3348,1.33486,697.81
1376621100000,1.33485,1.3349,1.33458,1.3348,954.94
1376622000000,1.3348,1.33503,1.33454,1.3349,1020.31
1376622900000,1.33487,1.3349,1.33452,1.33458,1389.14
1376623800000,1.33456,1.3347,1.3343,1.33443,1334.53
1376624700000,1.33444,1.33465,1.3342,1.33457,1298.34
1376625600000,1.33459,1.33461,1.3339,1.3342,1548.57
1376626500000,1.33419,1.3343,1.334,1.33424,872.87
1376627400000,1.33425,1.33451,1.33422,1.33431,792.2
1376628300000,1.3343,1.3344,1.33416,1.33427,1120.7
1376629200000,1.33427,1.33445,1.33415,1.3344,1204.11
1376630100000,1.33439,1.33457,1.33418,1.33438,1846.49
1376631000000,1.33438,1.33441,1.33392,1.33395,1150.56
1376631900000,1.33394,1.33423,1.3338,1.33401,1436.21
1376632800000,1.334,1.33436,1.33398,1.33417,2249.24
1376633700000,1.33417,1.33423,1.33322,1.33326,2162.88
1376634600000,1.33325,1.33369,1.33311,1.33317,2260.23
1376635500000,1.33316,1.33316,1.33256,1.33256,1977.02
1376636400000,1.33256,1.33402,1.33256,1.33401,3340.01
1376637300000,1.33401,1.335,1.33344,1.33491,4306.29
1376638200000,1.33491,1.33519,1.33428,1.33439,3923.76
1376639100000,1.33438,1.33466,1.33401,1.33435,2755.05
1376640000000,1.33435,1.33464,1.33413,1.33444,2675.18
1376640900000,1.33445,1.33447,1.33377,1.33385,2431.26
1376641800000,1.33383,1.33439,1.33372,1.33387,2234.63
1376642700000,1.33387,1.33396,1.33334,1.3338,2804.98
1376643600000,1.33381,1.3339,1.333,1.33368,3396.69
1376644500000,1.33369,1.33369,1.33278,1.33318,2427.88
1376645400000,1.33318,1.33367,1.3329,1.3336,2008.56
1376646300000,1.3336,1.33406,1.33351,1.33356,2365.47
1376647200000,1.33356,1.3343,1.33353,1.33396,1563.06
1376648100000,1.33396,1.33457,1.33394,1.33425,1783.62
1376649000000,1.33422,1.33438,1.33405,1.33428,1251.32
1376649900000,1.33427,1.33434,1.33359,1.33365,2731.58
1376650800000,1.33364,1.33399,1.33349,1.33395,1913.54
1376651700000,1.33395,1.33421,1.33372,1.33405,1676.86
1376652600000,1.33405,1.33438,1.33389,1.3339,1482.14
1376653500000,1.33388,1.33437,1.33369,1.33416,2341.21
1376654400000,1.33415,1.33449,1.33392,1.33405,2224.79
1376655300000,1.33403,1.33405,1.33367,1.3337,2491.96
1376656200000,1.33368,1.33665,1.33368,1.33645,7816.71
1376657100000,1.33645,1.33674,1.33556,1.33645,5636.23
1376658000000,1.33643,1.33726,1.33594,1.33688,5347.68
1376658900000,1.33686,1.33798,1.33678,1.33749,6349.43
1376659800000,1.3375,1.33751,1.33616,1.33645,5585.74
1376660700000,1.33644,1.33791,1.33615,1.33641,6401.12
1376661600000,1.33645,1.33692,1.3352,1.33562,7362.13
1376662500000,1.33563,1.33568,1.33377,1.33439,5407.11
1376663400000,1.33439,1.33461,1.33267,1.33328,5152.05
1376664300000,1.33328,1.33362,1.33215,1.33318,3827.54
1376665200000,1.33325,1.33369,1.33267,1.33308,3774.14
1376666100000,1.33307,1.33315,1.332,1.33218,2750.06
1376667000000,1.33219,1.33281,1.33179,1.33246,3570.1
1376667900000,1.33245,1.33297,1.33194,1.33211,2193.88
1376668800000,1.3321,1.33261,1.33195,1.33209,2673.61
1376669700000,1.33212,1.33215,1.3316,1.33187,2396.46
1376670600000,1.33188,1.33255,1.33145,1.33198,2409.41
1376671500000,1.33199,1.33224,1.33146,1.33187,3066.65
1376672400000,1.33187,1.33244,1.33115,1.33125,2725.07
1376673300000,1.33123,1.33216,1.3311,1.33216,2294.92
1376674200000,1.33216,1.33218,1.33156,1.33159,1411.56
1376675100000,1.33159,1.33225,1.33159,1.3322,2005.01
1376676000000,1.3322,1.33315,1.33219,1.33309,1752.02
1376676900000,1.33311,1.33339,1.33296,1.3331,1075.16
1376677800000,1.3331,1.33332,1.33307,1.3331,866.61
1376678700000,1.3331,1.33409,1.33308,1.33356,1808.68
1376679600000,1.33357,1.33395,1.33304,1.33307,1407.12
1376680500000,1.33307,1.33336,1.33306,1.33319,788.88
1376681400000,1.3332,1.33361,1.33316,1.33347,1302.98
1376682300000,1.33346,1.3337,1.3331,1.33335,1008.94
1376683200000,1.33336,1.33366,1.33321,1.33354,736.4
1376684100000,1.33355,1.33364,1.33332,1.33339,310.1
1376685000000,1.33338,1.3335,1.33253,1.33253,405.73
1376685900000,1.33254,1.33291,1.33254,1.33283,336.06
1376859600000,1.33296,1.33366,1.33296,1.33344,211.14
1376860500000,1.33333,1.33396,1.33333,1.33355,211.23
1376861400000,1.33364,1.33392,1.33352,1.3338,66.5
1376862300000,1.33375,1.3343,1.33353,1.33353,162.9
1376863200000,1.33347,1.33368,1.3327,1.33286,905.51
1376864100000,1.3329,1.33295,1.33256,1.33268,813.34
1376865000000,1.33267,1.33282,1.33261,1.33275,356.53
1376865900000,1.33273,1.33273,1.33227,1.3323,392.48
1376866800000,1.33229,1.33242,1.33212,1.33237,237.4
1376867700000,1.33237,1.33264,1.33221,1.33262,403.43
1376868600000,1.33265,1.33278,1.33246,1.33274,403.68
1376869500000,1.33275,1.33292,1.3327,1.3329,394.65
1376870400000,1.3329,1.33326,1.33274,1.33277,1731.45
1376871300000,1.33277,1.33301,1.3326,1.3328,759.5
1376872200000,1.33278,1.33322,1.3327,1.33292,1066.89
1376873100000,1.33293,1.33363,1.3329,1.33362,1075.73
1376874000000,1.33362,1.33384,1.33346,1.33372,1311.11
1376874900000,1.33372,1.33385,1.33361,1.33366,1185.14
1376875800000,1.33366,1.33401,1.3335,1.33362,1776.22
1376876700000,1.33362,1.334,1.33355,1.33391,1619.98
1376877600000,1.33391,1.33401,1.33351,1.33367,1179.18
1376878500000,1.33368,1.33371,1.33345,1.33361,986.47
1376879400000,1.33362,1.33363,1.33316,1.33328,572.27
1376880300000,1.33328,1.3334,1.33326,1.33337,352.13
1376881200000,1.33337,1.33341,1.33285,1.33285,457.96
1376882100000,1.33285,1.3329,1.33274,1.33283,541.14
1376883000000,1.33282,1.33283,1.33246,1.33281,705.78
1376883900000,1.33279,1.33283,1.33267,1.33268,365.6
1376884800000,1.33267,1.33269,1.33223,1.3324,969.16
1376885700000,1.33239,1.33257,1.33235,1.33241,624.84
1376886600000,1.33241,1.33272,1.33239,1.3327,802.24
1376887500000,1.3327,1.33273,1.33257,1.33257,343.28
1376888400000,1.33256,1.33264,1.33228,1.33263,430.34
1376889300000,1.33265,1.33265,1.3323,1.33244,693.17
1376890200000,1.33242,1.33257,1.33218,1.33256,592.07
1376891100000,1.33258,1.33275,1.33241,1.33275,685.14
1376892000000,1.33274,1.33279,1.33233,1.3325,1747.78
1376892900000,1.33249,1.3327,1.33214,1.3325,1616.96
1376893800000,1.3325,1.33261,1.33151,1.33183,2162.96
1376894700000,1.33182,1.33245,1.33167,1.33245,1699.45
1376895600000,1.33245,1.33254,1.33185,1.33228,2830.08
1376896500000,1.33228,1.33275,1.33197,1.33259,2926.88
1376897400000,1.33258,1.33312,1.33249,1.3325,2510.8
1376898300000,1.3325,1.333,1.33241,1.33278,1904.95
1376899200000,1.33277,1.33312,1.33253,1.33308,2257.04
1376900100000,1.33308,1.33317,1.33246,1.33262,2472.66
1376901000000,1.33261,1.33296,1.33254,1.33281,1753.31
1376901900000,1.33277,1.33291,1.3325,1.3329,1914.04
1376902800000,1.33296,1.33343,1.33282,1.3334,2314.8
1376903700000,1.3334,1.3337,1.3331,1.33361,2243.48
1376904600000,1.33361,1.33383,1.33327,1.33379,3017.16
1376905500000,1.33378,1.33391,1.33347,1.33359,2791.16
1376906400000,1.33359,1.33745,1.33355,1.33656,7194.26
1376907300000,1.33655,1.33713,1.33595,1.33605,4795.5
1376908200000,1.33605,1.33654,1.33585,1.336,2581.04
1376909100000,1.336,1.33631,1.33511,1.33588,3173.83
1376910000000,1.33589,1.33604,1.33567,1.33576,2736.51
1376910900000,1.33577,1.33579,1.33466,1.33482,2967.62
1376911800000,1.33482,1.3354,1.33457,1.33535,2739.01
1376912700000,1.33535,1.33551,1.33505,1.33521,1743.55
1376913600000,1.3352,1.33534,1.33436,1.33437,2974.6
1376914500000,1.3343,1.33548,1.33424,1.33518,3725.92
1376915400000,1.33518,1.33537,1.33423,1.33456,3168.65
1376916300000,1.33456,1.33516,1.33428,1.33461,3379.06
1376917200000,1.33461,1.33512,1.33435,1.335,3250.16
1376918100000,1.33501,1.3361,1.3345,1.33566,4307.4
1376919000000,1.3357,1.33588,1.33498,1.33537,4622.36
1376919900000,1.33539,1.33557,1.33435,1.33483,3758.81
1376920800000,1.33482,1.33522,1.33438,1.33459,4284.27
1376921700000,1.33459,1.33517,1.33448,1.3348,2820.21
1376922600000,1.3348,1.33537,1.33457,1.33488,3172.22
1376923500000,1.33488,1.33538,1.33475,1.33505,3788.24
1376924400000,1.33506,1.33514,1.33468,1.33486,2636.66
1376925300000,1.33486,1.33504,1.33448,1.33449,1848.72
1376926200000,1.33448,1.33471,1.33434,1.33469,1844.47
1376927100000,1.33469,1.33487,1.3344,1.33475,1509.78
1376928000000,1.33475,1.33486,1.33447,1.3345,1149.93
1376928900000,1.33451,1.33477,1.33425,1.33439,1042.83
1376929800000,1.33437,1.33439,1.33368,1.33413,1919.38
1376930700000,1.33412,1.33447,1.33396,1.33406,1131.68
1376931600000,1.33405,1.33426,1.33387,1.33416,1047.9
1376932500000,1.33418,1.33436,1.33393,1.33428,876.81
1376933400000,1.33428,1.33462,1.33416,1.33437,1171.01
1376934300000,1.33435,1.33462,1.33417,1.33439,1072.76
1376935200000,1.3344,1.33442,1.33418,1.33423,1063.37
1376936100000,1.33424,1.3344,1.33421,1.33432,532.24
1376937000000,1.33432,1.33456,1.3343,1.33452,871.82
1376937900000,1.33451,1.33471,1.33405,1.33423,1478.69
1376938800000,1.33422,1.33422,1.33375,1.33385,682.88
1376939700000,1.33384,1.33401,1.3337,1.33392,885.95
1376940600000,1.3339,1.33429,1.3339,1.33397,923.93
1376941500000,1.33397,1.3343,1.33375,1.33382,1228.71
1376942400000,1.3338,1.33385,1.33371,1.33375,407.11
1376943300000,1.33374,1.33387,1.33374,1.33383,312.29
1376944200000,1.33384,1.33385,1.33368,1.33379,370.45
1376945100000,1.33377,1.33381,1.33332,1.33339,695.84
1376946000000,1.33339,1.33382,1.33338,1.33374,199.42
1376946900000,1.33376,1.33376,1.3336,1.3336,99.14
1376947800000,1.3336,1.3336,1.33328,1.33342,319.19
1376948700000,1.33342,1.33361,1.33338,1.33361,127.27
1376949600000,1.33361,1.33364,1.33305,1.33331,522.59
1376950500000,1.3333,1.33339,1.33324,1.33337,249.76
1376951400000,1.33338,1.33344,1.33333,1.3334,289.59
1376952300000,1.3334,1.33369,1.3334,1.33363,204.69
1376953200000,1.33362,1.33367,1.33356,1.33358,317.46
1376954100000,1.33358,1.33365,1.3334,1.33359,426.95
1376955000000,1.33359,1.33359,1.33327,1.33334,301.28
1376955900000,1.33332,1.33339,1.33327,1.33337,385.19
1376956800000,1.33337,1.33382,1.33335,1.33377,925.4
1376957700000,1.33376,1.33388,1.33376,1.3338,264.01
1376958600000,1.3338,1.33402,1.33359,1.33396,855.05
1376959500000,1.33396,1.33406,1.3337,1.3337,958.15
1376960400000,1.3337,1.33388,1.33361,1.33361,1059.77
1376961300000,1.33361,1.33363,1.33322,1.3333,698.43
1376962200000,1.3333,1.3336,1.33323,1.33341,1007.33
1376963100000,1.33341,1.33357,1.3333,1.33352,1177.03
1376964000000,1.33354,1.33355,1.33292,1.33311,961.89
1376964900000,1.3331,1.3334,1.33303,1.33332,890.09
1376965800000,1.33332,1.33374,1.33329,1.33374,858.21
1376966700000,1.33373,1.33381,1.3336,1.33371,840.63
1376967600000,1.3337,1.33392,1.33355,1.33383,339.84
1376968500000,1.33386,1.33441,1.33382,1.33439,882.08
1376969400000,1.33444,1.33493,1.33444,1.33458,1448.86
1376970300000,1.33458,1.33523,1.33449,1.335,1286.58
1376971200000,1.335,1.3352,1.33464,1.33464,977.57
1376972100000,1.33461,1.33477,1.33452,1.33461,690.27
1376973000000,1.33461,1.33498,1.33458,1.3349,493.02
1376973900000,1.3349,1.3349,1.3347,1.33472,275.67
1376974800000,1.33473,1.33554,1.33468,1.33553,857.71
1376975700000,1.33551,1.33562,1.33475,1.3351,1266.85
1376976600000,1.3351,1.33513,1.33472,1.33478,1237.57
1376977500000,1.33479,1.33533,1.3345,1.33532,1223.03
1376978400000,1.33533,1.33536,1.33463,1.3348,2220.64
1376979300000,1.33478,1.33523,1.33445,1.33445,1653.48
1376980200000,1.33445,1.33469,1.3338,1.33414,2235.23
1376981100000,1.33412,1.33424,1.33332,1.33348,2498.86
1376982000000,1.33348,1.33397,1.3329,1.33326,3653.04
1376982900000,1.33326,1.33352,1.33239,1.33252,3301.95
1376983800000,1.33252,1.33361,1.33234,1.33359,3739.64
1376984700000,1.3336,1.33473,1.33324,1.33431,4187.81
1376985600000,1.33429,1.33528,1.33417,1.33518,3939.61
1376986500000,1.33519,1.33674,1.33507,1.33601,5118.95
1376987400000,1.33601,1.33855,1.33599,1.33735,6231.42
1376988300000,1.33735,1.33796,1.337,1.33716,4473.85
1376989200000,1.3372,1.33816,1.33646,1.33802,4382.24
1376990100000,1.33803,1.3394,1.33782,1.33882,5660.47
1376991000000,1.33882,1.33994,1.3385,1.33929,4315.67
1376991900000,1.33929,1.33999,1.33888,1.33921,3917.35
1376992800000,1.33921,1.33949,1.33885,1.33912,2464.75
1376993700000,1.33912,1.33979,1.33907,1.33977,2992.59
1376994600000,1.33978,1.34064,1.33913,1.33936,3468.09
1376995500000,1.33934,1.33961,1.33794,1.33825,3137.42
1376996400000,1.33825,1.33845,1.33728,1.33794,3065.79
1376997300000,1.33792,1.33823,1.33778,1.3381,1929.33
1376998200000,1.33809,1.33858,1.33756,1.33841,2001.01
1376999100000,1.33843,1.33885,1.338,1.33801,2731.59
1377000000000,1.33801,1.3397,1.33801,1.33915,4193.33
1377000900000,1.33922,1.34145,1.3391,1.34108,5945.15
1377001800000,1.34108,1.34362,1.34107,1.34235,7705.14
1377002700000,1.34234,1.34324,1.34225,1.34238,5187.63
1377003600000,1.34241,1.34247,1.34173,1.34226,3823.23
1377004500000,1.34227,1.34374,1.3418,1.3435,3918.56
1377005400000,1.34351,1.34518,1.34308,1.34482,6885.48
1377006300000,1.34481,1.34497,1.34375,1.34407,4265.74
1377007200000,1.34407,1.34411,1.34323,1.34372,3661.77
1377008100000,1.34372,1.34398,1.34227,1.34227,3981.37
1377009000000,1.34227,1.34329,1.34227,1.34287,3750.31
1377009900000,1.3429,1.34373,1.34234,1.3427,4017.58
1377010800000,1.34266,1.34311,1.34235,1.34288,2689.68
1377011700000,1.34285,1.34337,1.3428,1.34292,2240.1
1377012600000,1.34293,1.34318,1.34238,1.3428,2875.67
1377013500000,1.34282,1.34283,1.34247,1.34252,1546.98
1377014400000,1.34253,1.34297,1.34242,1.34247,2216.35
1377015300000,1.34246,1.34325,1.34246,1.34276,1848.73
1377016200000,1.34275,1.3429,1.34188,1.34204,2743.52
1377017100000,1.34205,1.34247,1.34201,1.34201,1160.54
1377018000000,1.34194,1.34262,1.34175,1.34177,1319.26
1377018900000,1.34178,1.34203,1.34149,1.3419,2246.28
1377019800000,1.34192,1.34193,1.34161,1.34169,1235.84
1377020700000,1.34169,1.34182,1.34151,1.34181,1233.94
1377021600000,1.34181,1.34182,1.3414,1.34163,1190.62
1377022500000,1.34163,1.34192,1.34153,1.34192,737.71
1377023400000,1.34192,1.34207,1.3417,1.34187,968.9
1377024300000,1.34187,1.34209,1.34166,1.34194,1190.44
1377025200000,1.34195,1.34218,1.34174,1.34198,1111.18
1377026100000,1.34198,1.34222,1.3419,1.3421,780.9
1377027000000,1.3421,1.34223,1.34187,1.34191,535.97
1377027900000,1.34192,1.34244,1.34192,1.34215,964.74
1377028800000,1.34213,1.34228,1.342,1.34205,1014.57
1377029700000,1.34203,1.34224,1.34198,1.34212,610.05
1377030600000,1.34212,1.34212,1.34181,1.34197,443.36
1377031500000,1.34197,1.34209,1.34157,1.34168,490.74
1377032400000,1.34171,1.34192,1.34165,1.3418,86.69
1377033300000,1.3418,1.34183,1.34167,1.34183,101.92
1377034200000,1.34184,1.34217,1.34173,1.3421,184.54
1377035100000,1.34211,1.34211,1.34177,1.34178,326.04
1377036000000,1.3418,1.34186,1.34153,1.34181,417.88
1377036900000,1.34181,1.34187,1.34175,1.34186,235.66
1377037800000,1.34188,1.34205,1.34185,1.34198,239.47
1377038700000,1.34201,1.34203,1.34186,1.34191,353.36
1377039600000,1.34191,1.34198,1.34187,1.34193,167.3
1377040500000,1.34193,1.34199,1.3418,1.34192,303.78
1377041400000,1.34191,1.34199,1.3419,1.34196,151.75
1377042300000,1.34196,1.34213,1.34187,1.34205,354.93
1377043200000,1.34205,1.34206,1.34156,1.34182,1047.86
1377044100000,1.34182,1.34196,1.34171,1.34172,878.84
1377045000000,1.34173,1.34214,1.34171,1.34198,887.18
1377045900000,1.34199,1.34257,1.34196,1.34205,2781.29
1377046800000,1.34205,1.34236,1.34201,1.34227,853.68
1377047700000,1.3423,1.34248,1.34217,1.34227,890.61
1377048600000,1.34227,1.3423,1.34188,1.34204,975.01
1377049500000,1.34204,1.34263,1.34204,1.34237,2453.96
1377050400000,1.34237,1.34245,1.34211,1.34241,1016.72
1377051300000,1.34241,1.34254,1.34233,1.34246,890.56
1377052200000,1.34245,1.34268,1.34213,1.34263,1220.91
1377053100000,1.34263,1.34263,1.34191,1.34193,717.88
1377054000000,1.34195,1.34203,1.34177,1.34193,834.68
1377054900000,1.34191,1.34211,1.3418,1.3421,729.96
1377055800000,1.34211,1.3422,1.34192,1.3421,895.31
1377056700000,1.3421,1.34222,1.34203,1.34216,740.04
1377057600000,1.34215,1.34244,1.34213,1.34229,930.86
1377058500000,1.34231,1.34243,1.34228,1.3423,579.38
1377059400000,1.3423,1.34231,1.34198,1.34203,507.76
1377060300000,1.34202,1.34222,1.34173,1.34181,1045.93
1377061200000,1.34181,1.34215,1.34181,1.34199,960.03
1377062100000,1.34199,1.34199,1.34096,1.34111,1484.41
1377063000000,1.34109,1.34123,1.34068,1.34088,1304.25
1377063900000,1.34087,1.34153,1.34087,1.34148,1094.23
1377064800000,1.3415,1.34201,1.34116,1.34183,2280.73
1377065700000,1.34183,1.34184,1.34121,1.34127,1665.8
1377066600000,1.34127,1.34198,1.34125,1.34129,1802.7
1377067500000,1.34128,1.34132,1.34076,1.34122,2014.91
1377068400000,1.34122,1.34131,1.3395,1.33994,4028.99
1377069300000,1.33996,1.34004,1.33885,1.33943,4940.11
1377070200000,1.33944,1.33944,1.33855,1.339,4570.58
1377071100000,1.339,1.33938,1.33879,1.3392,2423.67
1377072000000,1.33921,1.34001,1.33878,1.33928,4534.66
1377072900000,1.33931,1.33963,1.33864,1.33939,3047.23
1377073800000,1.33939,1.33975,1.33912,1.3393,2813.57
1377074700000,1.3393,1.33936,1.33861,1.33862,3730.96
1377075600000,1.33866,1.33932,1.33866,1.3393,2097.05
1377076500000,1.33929,1.33945,1.33905,1.33935,1642.38
1377077400000,1.33934,1.33945,1.33916,1.33941,1829.74
1377078300000,1.3394,1.34083,1.33938,1.34054,3387.88
1377079200000,1.34054,1.34061,1.33989,1.34008,2665.23
1377080100000,1.34008,1.34041,1.33931,1.33955,2214.43
1377081000000,1.33956,1.33969,1.33807,1.33858,3604.72
1377081900000,1.33859,1.33885,1.33809,1.33882,2584.49
1377082800000,1.33882,1.33951,1.33865,1.33906,3337.63
1377083700000,1.33906,1.33966,1.33906,1.33941,2367.05
1377084600000,1.33942,1.33977,1.339,1.33936,3321.34
1377085500000,1.33936,1.33988,1.33887,1.33911,3250.54
1377086400000,1.33912,1.33935,1.33833,1.33837,3249.09
1377087300000,1.33836,1.33901,1.3382,1.3383,2603.15
1377088200000,1.3383,1.33919,1.33818,1.33897,2819.88
1377089100000,1.33898,1.33918,1.33843,1.3386,3038.83
1377090000000,1.3386,1.33914,1.33766,1.33909,3918.37
1377090900000,1.33909,1.33938,1.3377,1.33819,4332
1377091800000,1.3382,1.33843,1.33737,1.33819,4384.24
1377092700000,1.33818,1.33908,1.33817,1.33829,4146.79
1377093600000,1.3383,1.33879,1.33759,1.33853,5184.94
1377094500000,1.33853,1.33917,1.33841,1.33859,3545.34
1377095400000,1.33859,1.33871,1.33822,1.33838,3960.92
1377096300000,1.33838,1.33867,1.33767,1.33767,4791.68
1377097200000,1.33768,1.33768,1.3371,1.33719,3885.64
1377098100000,1.33718,1.33723,1.33536,1.33622,5029.42
1377099000000,1.33622,1.33681,1.33585,1.33671,3013.62
1377099900000,1.33671,1.33705,1.33657,1.33672,2655.74
1377100800000,1.33673,1.33741,1.33661,1.3374,2718.21
1377101700000,1.3374,1.33782,1.33723,1.33774,1856.06
1377102600000,1.33773,1.33807,1.33751,1.33762,1991.3
1377103500000,1.33762,1.33784,1.33733,1.33737,2244.01
1377104400000,1.33735,1.33792,1.33733,1.33753,1522.33
1377105300000,1.33753,1.33775,1.33726,1.33744,1801.64
1377106200000,1.33745,1.33777,1.33734,1.3377,1140.25
1377107100000,1.33767,1.33767,1.33705,1.33749,2123
1377108000000,1.33747,1.33761,1.33345,1.33607,5867.17
1377108900000,1.33608,1.33664,1.33442,1.33553,4133.38
1377109800000,1.33551,1.33736,1.33531,1.3369,3159.79
1377110700000,1.33692,1.3396,1.33688,1.3376,6111.97
1377111600000,1.3376,1.33839,1.33676,1.33833,3571.74
1377112500000,1.33831,1.33831,1.33606,1.33633,3198.66
1377113400000,1.33634,1.33678,1.336,1.33631,2597.4
1377114300000,1.3363,1.33639,1.3352,1.33556,3135.71
1377115200000,1.33554,1.33554,1.3342,1.33483,2318.54
1377116100000,1.33482,1.33603,1.33474,1.33576,1450.54
1377117000000,1.33575,1.336,1.33557,1.3356,794.26
1377117900000,1.33561,1.33569,1.33532,1.33553,670.83
1377118800000,1.33555,1.33558,1.3348,1.33524,639.92
1377119700000,1.33525,1.33559,1.33518,1.3354,254.34
1377120600000,1.3354,1.3354,1.33505,1.33533,242.4
1377121500000,1.33534,1.33584,1.33533,1.33583,276.09
1377122400000,1.33584,1.33587,1.33496,1.33507,922.11
1377123300000,1.33506,1.33509,1.33486,1.33493,414.21
1377124200000,1.33493,1.33495,1.33478,1.33478,230.14
1377125100000,1.33478,1.33478,1.33437,1.33463,576.88
1377126000000,1.33462,1.33524,1.33459,1.3349,644.59
1377126900000,1.3349,1.3349,1.33405,1.33421,886.71
1377127800000,1.33421,1.33456,1.334,1.33414,1004.77
1377128700000,1.33414,1.33446,1.33405,1.3341,766.82
1377129600000,1.3341,1.33445,1.33379,1.33411,1841.34
1377130500000,1.33411,1.33422,1.33345,1.33351,2246.02
1377131400000,1.33353,1.33355,1.33315,1.33334,1158.65
1377132300000,1.33336,1.33396,1.33335,1.33371,897.29
1377133200000,1.33372,1.33393,1.3336,1.33373,727.6
1377134100000,1.33373,1.334,1.33363,1.33399,776.37
1377135000000,1.334,1.33415,1.33333,1.33349,1396.57
1377135900000,1.33348,1.33415,1.33348,1.33394,2815.61
1377136800000,1.33394,1.33424,1.33359,1.33362,1689.02
1377137700000,1.33363,1.33364,1.33344,1.33346,817.59
1377138600000,1.33345,1.33354,1.33329,1.33344,858.63
1377139500000,1.33344,1.33372,1.33344,1.33354,896.13
1377140400000,1.33354,1.33364,1.33347,1.33361,679.16
1377141300000,1.33361,1.33385,1.33361,1.33385,849.62
1377142200000,1.33384,1.33395,1.33372,1.33375,671.59
1377143100000,1.33372,1.33432,1.33372,1.33394,692.65
1377144000000,1.33394,1.33395,1.33361,1.33376,967.37
1377144900000,1.33377,1.33397,1.33368,1.33385,656.48
1377145800000,1.33385,1.33402,1.3338,1.33381,805.14
1377146700000,1.33382,1.33404,1.3337,1.33395,758.54
1377147600000,1.33397,1.33447,1.33396,1.33445,1070.43
1377148500000,1.33445,1.33455,1.3343,1.33434,643.09
1377149400000,1.33434,1.33436,1.334,1.33405,983.03
1377150300000,1.33405,1.33438,1.33405,1.3343,1219.82
1377151200000,1.33429,1.33433,1.33361,1.33384,1981.15
1377152100000,1.33384,1.3349,1.33384,1.3349,1974.13
1377153000000,1.3349,1.33508,1.33414,1.33425,2952.31
1377153900000,1.33425,1.33519,1.33341,1.33356,3754.62
1377154800000,1.33357,1.33357,1.33211,1.33263,4763.4
1377155700000,1.33263,1.33519,1.33255,1.33484,4798.63
1377156600000,1.33481,1.33503,1.33421,1.33467,4099.69
1377157500000,1.33466,1.33539,1.33462,1.33516,2966.83
1377158400000,1.33519,1.3364,1.3351,1.3357,4297.95
1377159300000,1.3357,1.33574,1.3346,1.33564,3747.62
1377160200000,1.33561,1.33623,1.33542,1.33592,3211.7
1377161100000,1.33589,1.33593,1.3347,1.33542,3700.01
1377162000000,1.33548,1.3359,1.33479,1.3348,3896.01
1377162900000,1.3348,1.33487,1.33411,1.33429,2885.82
1377163800000,1.33428,1.33435,1.33409,1.33423,564.39
1377164700000,1.33419,1.33419,1.3307,1.33156,4315.88
1377165600000,1.33155,1.33155,1.33058,1.33065,4304.04
1377166500000,1.33065,1.33073,1.32979,1.33066,5052.84
1377167400000,1.33068,1.33105,1.33033,1.33097,2732.65
1377168300000,1.33097,1.33127,1.33068,1.33126,3790.07
1377169200000,1.33125,1.33161,1.3309,1.33124,3817.21
1377170100000,1.33124,1.33148,1.33094,1.33132,2047.82
1377171000000,1.33133,1.33174,1.3306,1.33073,3639.88
1377171900000,1.33074,1.33132,1.33068,1.33111,3028.62
1377172800000,1.33111,1.33236,1.33107,1.33232,2852.31
1377173700000,1.33233,1.33248,1.33175,1.33185,3804.68
1377174600000,1.33189,1.33461,1.33189,1.33345,7314.34
1377175500000,1.33344,1.33446,1.3331,1.33415,3956.34
1377176400000,1.33415,1.33509,1.3334,1.3341,5117.21
1377177300000,1.33409,1.33432,1.33352,1.33384,3615.68
1377178200000,1.33382,1.33453,1.33378,1.33437,3247.47
1377179100000,1.33438,1.33486,1.33376,1.3341,4737.23
1377180000000,1.33411,1.33445,1.33351,1.33423,4828.63
1377180900000,1.33424,1.33426,1.33257,1.33299,3901.65
1377181800000,1.33299,1.33316,1.33263,1.33292,3226.52
1377182700000,1.33293,1.33464,1.33283,1.33464,4935.71
1377183600000,1.33463,1.33721,1.33414,1.3361,6597.17
1377184500000,1.3361,1.33649,1.33536,1.33592,4917.95
1377185400000,1.33592,1.33646,1.33539,1.33561,3368.31
1377186300000,1.3356,1.33622,1.33533,1.33612,2017.45
1377187200000,1.33611,1.33713,1.33593,1.33662,2695.87
1377188100000,1.33663,1.33694,1.33633,1.33641,1910.6
1377189000000,1.33641,1.3373,1.33625,1.33669,1816.39
1377189900000,1.33669,1.33672,1.33538,1.33581,1939.44
1377190800000,1.33582,1.33593,1.33481,1.33573,2479
1377191700000,1.33571,1.33582,1.33529,1.33544,1293.2
1377192600000,1.33544,1.33596,1.33541,1.33584,1214.89
1377193500000,1.33584,1.3366,1.3358,1.33621,1710.48
1377194400000,1.33621,1.33651,1.33589,1.33642,1664.87
1377195300000,1.33642,1.33643,1.33575,1.3358,2002.4
1377196200000,1.3358,1.33618,1.33557,1.3356,1341.19
1377197100000,1.33561,1.33563,1.3352,1.33528,1300.97
1377198000000,1.33528,1.33539,1.33468,1.33502,1582.59
1377198900000,1.33503,1.33553,1.33481,1.33543,1688.14
1377199800000,1.33543,1.33562,1.33499,1.33531,955.66
1377200700000,1.33532,1.33584,1.33532,1.3356,1429.16
1377201600000,1.3356,1.3362,1.33559,1.33591,1229.36
1377202500000,1.3359,1.33631,1.33589,1.3361,948.34
1377203400000,1.33607,1.33629,1.3356,1.33568,564.11
1377204300000,1.33565,1.33568,1.33542,1.33563,647.1
1377205200000,1.33564,1.33564,1.33546,1.33552,132.29
1377206100000,1.33551,1.33555,1.33544,1.33544,99.15
1377207000000,1.33545,1.3358,1.33539,1.33575,671.76
1377207900000,1.33575,1.33598,1.33547,1.33562,438.26
1377208800000,1.33563,1.33581,1.33557,1.33568,392.39
1377209700000,1.3357,1.3357,1.3356,1.33568,190.5
1377210600000,1.33569,1.33645,1.33568,1.33634,335.82
1377211500000,1.33632,1.33641,1.33593,1.33599,386
1377212400000,1.33598,1.33679,1.33598,1.33663,498.47
1377213300000,1.33663,1.33678,1.33643,1.33663,453.15
1377214200000,1.33662,1.33663,1.33508,1.33514,1053.78
1377215100000,1.33513,1.33566,1.33481,1.33553,990.56
1377216000000,1.33552,1.33557,1.33418,1.33463,1407.87
1377216900000,1.33465,1.33481,1.33416,1.33455,1028.63
1377217800000,1.33453,1.33493,1.33429,1.33452,729.23
1377218700000,1.3345,1.33482,1.33427,1.33474,1243.13
1377219600000,1.3347,1.33502,1.3342,1.33449,1592.93
1377220500000,1.3345,1.33456,1.33419,1.33442,774.9
1377221400000,1.33442,1.33605,1.33434,1.3355,2632.99
1377222300000,1.33549,1.33552,1.3347,1.33482,1146.68
1377223200000,1.33483,1.3352,1.33483,1.33495,1450.69
1377224100000,1.33495,1.33508,1.33478,1.335,1150.55
1377225000000,1.335,1.33523,1.33452,1.33456,1591.95
1377225900000,1.33457,1.33486,1.3344,1.33485,1002.83
1377226800000,1.33486,1.33489,1.33463,1.33474,515.25
1377227700000,1.33474,1.33486,1.33474,1.33485,389.05
1377228600000,1.33485,1.33506,1.33483,1.33496,936.61
1377229500000,1.33495,1.33496,1.33482,1.33486,484.08
1377230400000,1.33486,1.33488,1.33462,1.3347,358.21
1377231300000,1.33469,1.33472,1.33452,1.33461,637.29
1377232200000,1.33462,1.3347,1.33435,1.33438,772.38
1377233100000,1.33438,1.33442,1.33407,1.33412,595.11
1377234000000,1.33411,1.33431,1.33352,1.33383,1138.45
1377234900000,1.33383,1.33396,1.33368,1.33381,1269.56
1377235800000,1.3338,1.33415,1.33357,1.3341,1151.1
1377236700000,1.33412,1.33455,1.33405,1.33422,1525.59
1377237600000,1.3342,1.33442,1.3335,1.33377,2064.82
1377238500000,1.33377,1.33449,1.33348,1.33402,1918.84
1377239400000,1.33402,1.33441,1.33391,1.33418,1774.06
1377240300000,1.3342,1.33471,1.33413,1.33457,2321.46
1377241200000,1.33457,1.33485,1.334,1.33482,2874.43
1377242100000,1.33482,1.33484,1.33414,1.33434,2982.05
1377243000000,1.33433,1.33442,1.3336,1.3341,3473.01
1377243900000,1.33411,1.33462,1.33392,1.3342,3012.45
1377244800000,1.33421,1.33509,1.33413,1.3347,4097.76
1377245700000,1.33471,1.33489,1.33438,1.33462,2994.64
1377246600000,1.33463,1.33633,1.3346,1.33618,6432.83
1377247500000,1.33618,1.33652,1.33587,1.33639,4173.65
1377248400000,1.3364,1.33666,1.33585,1.3363,4972.74
1377249300000,1.3363,1.33644,1.33573,1.33632,3661.4
1377250200000,1.33631,1.33704,1.33613,1.33678,2856.72
1377251100000,1.33679,1.3369,1.336,1.33616,3111.22
1377252000000,1.33617,1.33633,1.33564,1.3358,2413.82
1377252900000,1.33578,1.33621,1.33569,1.3361,1992.68
1377253800000,1.33611,1.33657,1.3361,1.33623,1670.69
1377254700000,1.33623,1.33623,1.33545,1.33559,2475.76
1377255600000,1.33559,1.33572,1.33533,1.33559,2233.64
1377256500000,1.33559,1.33582,1.33509,1.33542,2546.71
1377257400000,1.33542,1.3356,1.33444,1.33558,4532.55
1377258300000,1.33559,1.33601,1.33532,1.33561,2863.49
1377259200000,1.33561,1.33573,1.33514,1.33551,3527.82
1377260100000,1.33551,1.33655,1.33544,1.33605,3817.41
1377261000000,1.33606,1.33643,1.33502,1.33511,4259.59
1377261900000,1.3351,1.33574,1.3345,1.33571,3915.3
1377262800000,1.3357,1.33576,1.3333,1.33368,3980.7
1377263700000,1.3337,1.33472,1.3336,1.33445,4287.81
1377264600000,1.33446,1.33497,1.33429,1.3347,4059.74
1377265500000,1.33469,1.33539,1.3346,1.3349,3917.55
1377266400000,1.33483,1.33738,1.33483,1.33701,8537.96
1377267300000,1.33703,1.33936,1.3369,1.33879,10409.32
1377268200000,1.33879,1.34096,1.33878,1.34048,9016.6
1377269100000,1.34048,1.34094,1.3395,1.34015,7681.13
1377270000000,1.34016,1.34046,1.33947,1.33977,5665.11
1377270900000,1.33976,1.33991,1.33882,1.33913,4036.55
1377271800000,1.33913,1.33983,1.33867,1.33973,2620.76
1377272700000,1.33972,1.33983,1.33873,1.3391,2975.17
1377273600000,1.33906,1.33942,1.33881,1.33938,1711.23
1377274500000,1.33938,1.3394,1.33813,1.33841,1973.74
1377275400000,1.33841,1.33885,1.33824,1.33829,1476.74
1377276300000,1.33828,1.33874,1.33798,1.33874,1485.8
1377277200000,1.33874,1.33876,1.33852,1.33861,1045.48
1377278100000,1.33861,1.33869,1.33844,1.33853,1018.07
1377279000000,1.33851,1.33923,1.33847,1.33903,1277.06
1377279900000,1.33902,1.33902,1.33837,1.33864,917.44
1377280800000,1.33862,1.33874,1.33827,1.3384,708.44
1377281700000,1.3384,1.33843,1.33825,1.33841,689.39
1377282600000,1.3384,1.33865,1.33838,1.33862,640.35
1377283500000,1.33862,1.33865,1.33812,1.33812,1067.4
1377284400000,1.33812,1.33821,1.33785,1.33794,932.52
1377285300000,1.33794,1.33802,1.3379,1.33799,730.58
1377286200000,1.338,1.33845,1.33794,1.33835,1125.42
1377287100000,1.33834,1.33863,1.33823,1.33849,939.64
1377288000000,1.33848,1.33852,1.33782,1.33786,729.01
1377288900000,1.33786,1.3381,1.3377,1.33795,825.3
1377289800000,1.33794,1.33807,1.33785,1.33797,626.82
1377290700000,1.33797,1.33805,1.33756,1.33799,648.26
1377464400000,1.33854,1.3387,1.33793,1.33865,140.83
1377465300000,1.33866,1.33907,1.3384,1.3389,177.67
1377466200000,1.3388,1.33923,1.3385,1.33907,295.57
1377467100000,1.339,1.33907,1.33823,1.3385,305.06
1377468000000,1.33851,1.33857,1.33813,1.33827,594.58
1377468900000,1.33828,1.33835,1.33807,1.33816,334.64
1377469800000,1.33816,1.33817,1.33792,1.33801,398.72
1377470700000,1.33804,1.33804,1.33771,1.3378,478.33
1377471600000,1.3378,1.33799,1.33774,1.33795,366.04
1377472500000,1.33795,1.33828,1.33777,1.33827,784.86
1377473400000,1.33822,1.3383,1.3378,1.33826,565.71
1377474300000,1.33828,1.33871,1.33825,1.33867,682.88
1377475200000,1.33867,1.33879,1.33828,1.33873,776.09
1377476100000,1.33873,1.33873,1.33844,1.33864,397.14
1377477000000,1.33864,1.33866,1.33852,1.33862,321.25
1377477900000,1.33862,1.33889,1.33849,1.33859,1037.9
1377478800000,1.3386,1.33906,1.3386,1.33891,606
1377479700000,1.33894,1.33897,1.33816,1.33816,570.22
1377480600000,1.33823,1.33832,1.33807,1.33821,602.09
1377481500000,1.33822,1.33834,1.33804,1.33815,583.83
1377482400000,1.33813,1.33813,1.33773,1.33781,778.71
1377483300000,1.33781,1.33816,1.33776,1.33805,712.66
1377484200000,1.33806,1.33811,1.33783,1.33811,430.45
1377485100000,1.33811,1.33812,1.33791,1.33803,443.25
1377486000000,1.33804,1.33824,1.33804,1.33815,808.56
1377486900000,1.33815,1.33842,1.33807,1.3384,544.96
1377487800000,1.33839,1.33841,1.33824,1.33824,472.75
1377488700000,1.33824,1.33836,1.33819,1.33826,619.82
1377489600000,1.33826,1.33827,1.33799,1.338,614.95
1377490500000,1.338,1.33807,1.33791,1.33793,322.28
1377491400000,1.33791,1.33804,1.3378,1.33803,773.19
1377492300000,1.33803,1.33812,1.33799,1.3381,465.12
1377493200000,1.33808,1.33826,1.338,1.33813,856.46
1377494100000,1.33814,1.33841,1.33813,1.33818,1120.76
1377495000000,1.33818,1.33826,1.338,1.33812,916.32
1377495900000,1.33811,1.33844,1.3381,1.33833,1028.04
1377496800000,1.33833,1.33833,1.33788,1.33804,707.15
1377497700000,1.33803,1.33806,1.3379,1.33802,609.04
1377498600000,1.338,1.33821,1.33774,1.33795,1161.61
1377499500000,1.33796,1.33817,1.33719,1.33755,1636.86
1377500400000,1.33754,1.33755,1.3367,1.33679,2211.36
1377501300000,1.33671,1.33718,1.33641,1.33705,1939.29
1377502200000,1.33707,1.33735,1.3367,1.33711,1886.7
1377503100000,1.33709,1.33728,1.33655,1.3368,1889.65
1377504000000,1.33679,1.33716,1.33649,1.33707,1655.69
1377504900000,1.33707,1.33707,1.3364,1.33664,1498.19
1377505800000,1.33665,1.33704,1.33653,1.33663,1424.4
1377506700000,1.33663,1.33686,1.33663,1.33675,1050.42
1377507600000,1.33675,1.33744,1.33673,1.33744,1727.17
1377508500000,1.33744,1.33744,1.33704,1.33725,1555.44
1377509400000,1.33725,1.33739,1.33694,1.33729,1366.07
1377510300000,1.33729,1.33774,1.33721,1.33753,1570.97
1377511200000,1.33745,1.33763,1.33724,1.33731,919.85
1377512100000,1.3373,1.33763,1.33709,1.33751,1173.79
1377513000000,1.33752,1.33755,1.33716,1.33723,742.18
1377513900000,1.33725,1.33732,1.33695,1.337,1392.11
1377514800000,1.337,1.33752,1.33686,1.33743,1577.15
1377515700000,1.33745,1.3376,1.33741,1.33749,1386.37
1377516600000,1.33745,1.33748,1.33709,1.33724,1007.78
1377517500000,1.33723,1.33743,1.33701,1.33703,1147.86
1377518400000,1.33703,1.33704,1.33563,1.33608,3659.61
1377519300000,1.33608,1.33693,1.33608,1.33683,2248.17
1377520200000,1.33683,1.3394,1.33683,1.33824,6322.63
1377521100000,1.33825,1.33922,1.33825,1.33853,4116.52
1377522000000,1.33853,1.33874,1.3382,1.33848,2933.32
1377522900000,1.33849,1.33885,1.3383,1.33865,3077.74
1377523800000,1.33865,1.33866,1.33789,1.33841,2735.03
1377524700000,1.3384,1.33855,1.3381,1.33841,2320.08
1377525600000,1.3384,1.33862,1.33766,1.33775,2436.24
1377526500000,1.33774,1.33822,1.33757,1.33814,2073.59
1377527400000,1.33816,1.33816,1.3371,1.33722,2753.34
1377528300000,1.33723,1.33754,1.33666,1.33753,3260.98
1377529200000,1.33753,1.33759,1.33702,1.33715,2323.88
1377530100000,1.33715,1.33731,1.337,1.33716,1673.22
1377531000000,1.33714,1.33743,1.33695,1.3371,1425.26
1377531900000,1.3371,1.33721,1.33645,1.3368,1804.84
1377532800000,1.3368,1.33704,1.33636,1.33703,1496.64
1377533700000,1.33703,1.33703,1.3364,1.33657,893.89
1377534600000,1.33656,1.33684,1.33652,1.33659,864.25
1377535500000,1.33658,1.33695,1.33646,1.33674,924.57
1377536400000,1.33674,1.33692,1.33614,1.33631,1012.94
1377537300000,1.33631,1.3364,1.33623,1.33633,641.82
1377538200000,1.33634,1.33665,1.33623,1.33663,892.52
1377539100000,1.33663,1.33676,1.33662,1.33665,332.89
1377540000000,1.33665,1.33674,1.33662,1.33665,447.44
1377540900000,1.33665,1.33685,1.33657,1.33682,469.98
1377541800000,1.33682,1.33729,1.3368,1.33723,745.13
1377542700000,1.33722,1.33735,1.33712,1.3373,720.55
1377543600000,1.33728,1.33735,1.33712,1.33716,766.33
1377544500000,1.33717,1.33789,1.33713,1.33773,1751.09
1377545400000,1.33775,1.33779,1.33739,1.33769,1113.3
1377546300000,1.33769,1.33769,1.33696,1.33708,1109.22
1377547200000,1.33708,1.33721,1.337,1.33711,565.44
1377548100000,1.3371,1.33724,1.337,1.33724,476.83
1377549000000,1.33723,1.33724,1.33684,1.33695,497.76
1377549900000,1.33696,1.33702,1.33657,1.33686,620.75
1377550800000,1.33684,1.33734,1.33669,1.33712,218.94
1377551700000,1.3371,1.33723,1.33688,1.33692,216.51
1377552600000,1.33698,1.33715,1.33698,1.33715,173.63
1377553500000,1.33714,1.33717,1.33692,1.33701,196.49
1377554400000,1.33701,1.33713,1.33698,1.33704,377.37
1377555300000,1.33699,1.33707,1.33698,1.33706,244.3
1377556200000,1.33706,1.33717,1.33693,1.33703,194.03
1377557100000,1.337,1.33741,1.33694,1.33738,445.77
1377558000000,1.33732,1.33747,1.33732,1.33743,213.8
1377558900000,1.33743,1.33773,1.33741,1.3377,409.4
1377559800000,1.33771,1.33803,1.33766,1.33787,691.66
1377560700000,1.33787,1.33794,1.33761,1.33781,807.42
1377561600000,1.3378,1.33847,1.33749,1.33811,1513.75
1377562500000,1.33815,1.33904,1.33799,1.33871,1721.76
1377563400000,1.3387,1.33884,1.33811,1.33814,1244.15
1377564300000,1.33812,1.33824,1.33787,1.33805,1377.04
1377565200000,1.33805,1.33817,1.33746,1.33753,1024.57
1377566100000,1.33753,1.33763,1.33719,1.33755,1082.82
1377567000000,1.33755,1.33761,1.33695,1.33715,1098.57
1377567900000,1.33714,1.33738,1.33698,1.33735,954.93
1377568800000,1.33736,1.33741,1.33713,1.33713,661.12
1377569700000,1.33714,1.33723,1.33703,1.33715,726.46
1377570600000,1.33714,1.33725,1.33696,1.33724,697.91
1377571500000,1.33724,1.33731,1.33713,1.33726,287.37
1377572400000,1.33727,1.33744,1.33713,1.33735,674.61
1377573300000,1.33734,1.33753,1.33724,1.33752,436.42
1377574200000,1.33753,1.33756,1.33731,1.33745,390.93
1377575100000,1.33746,1.33747,1.33734,1.33741,350.67
1377576000000,1.3374,1.33754,1.33736,1.33749,838.81
1377576900000,1.3375,1.33756,1.33747,1.33754,613.88
1377577800000,1.33754,1.33755,1.33743,1.33746,561.16
1377578700000,1.33743,1.33748,1.3374,1.33745,265.47
1377579600000,1.33743,1.33769,1.3374,1.33755,1087.26
1377580500000,1.33755,1.33756,1.33734,1.3374,781.03
1377581400000,1.3374,1.3374,1.33673,1.3368,1769.09
1377582300000,1.33683,1.33694,1.33673,1.33692,1353.35
1377583200000,1.33692,1.33694,1.33557,1.33566,2020.68
1377584100000,1.33565,1.33638,1.33556,1.33615,1951
1377585000000,1.33615,1.33675,1.33598,1.33657,2293.39
1377585900000,1.33657,1.33663,1.33619,1.33622,1681.74
1377586800000,1.33623,1.33763,1.33623,1.33742,3812.63
1377587700000,1.33743,1.33811,1.33733,1.33763,3065.1
1377588600000,1.33764,1.33774,1.33719,1.33733,2667.67
1377589500000,1.33733,1.33834,1.33725,1.33759,5192.68
1377590400000,1.33759,1.33865,1.33353,1.3341,8435
1377591300000,1.33412,1.33412,1.33232,1.33341,5752.44
1377592200000,1.33339,1.33402,1.33284,1.33354,4000.9
1377593100000,1.33354,1.3341,1.33319,1.33372,3336
1377594000000,1.33372,1.33451,1.33357,1.33439,2844.08
1377594900000,1.33438,1.33448,1.33343,1.33386,3205.53
1377595800000,1.33384,1.3345,1.3337,1.33417,2577.42
1377596700000,1.3342,1.33435,1.33368,1.33434,2323.73
1377597600000,1.33435,1.33485,1.334,1.33475,2902.5
1377598500000,1.33474,1.33477,1.33423,1.33444,1623.97
1377599400000,1.33443,1.33478,1.33433,1.33478,1838.97
1377600300000,1.33477,1.335,1.33443,1.33451,2301.76
1377601200000,1.33452,1.33482,1.3338,1.33416,3291.8
1377602100000,1.33416,1.33418,1.33356,1.33387,2355.6
1377603000000,1.33385,1.33448,1.33385,1.3342,2508.4
1377603900000,1.33422,1.3345,1.33314,1.33332,3214.53
1377604800000,1.33333,1.33402,1.33321,1.33367,3731.5
1377605700000,1.33368,1.33384,1.33333,1.33356,4147.5
1377606600000,1.33357,1.33368,1.33279,1.33348,4810.53
1377607500000,1.3335,1.33426,1.33346,1.33407,3641.72
1377608400000,1.33407,1.33489,1.33407,1.33448,4132.19
1377609300000,1.3345,1.33676,1.3345,1.33641,5856.14
1377610200000,1.33644,1.33921,1.33644,1.3387,10108.08
1377611100000,1.33872,1.33978,1.33833,1.33855,7499.86
1377612000000,1.33856,1.33894,1.3369,1.33819,6284.67
1377612900000,1.33817,1.33946,1.33775,1.33794,5955.42
1377613800000,1.33794,1.33825,1.3373,1.33815,3872.16
1377614700000,1.33815,1.33949,1.33785,1.33943,4629.46
1377615600000,1.33946,1.33987,1.33888,1.33935,5576.76
1377616500000,1.3394,1.33963,1.33863,1.33894,3447.57
1377617400000,1.33894,1.33946,1.33885,1.33904,2435.63
1377618300000,1.33904,1.33937,1.33858,1.33859,2448.07
1377619200000,1.33858,1.33923,1.3385,1.33873,2445.49
1377620100000,1.33872,1.33895,1.33849,1.33895,1933.46
1377621000000,1.33896,1.33903,1.33859,1.33902,1741.54
1377621900000,1.33902,1.33904,1.33866,1.33881,1921.64
1377622800000,1.33878,1.33881,1.3381,1.33835,2215.44
1377623700000,1.33827,1.33907,1.33816,1.33898,2424.22
1377624600000,1.33899,1.33938,1.33877,1.33907,1690.76
1377625500000,1.33907,1.33927,1.33895,1.33919,1098.11
1377626400000,1.33925,1.33945,1.339,1.33916,1442.48
1377627300000,1.33915,1.3395,1.33902,1.33906,1434.89
1377628200000,1.33905,1.33915,1.33853,1.33877,1207.4
1377629100000,1.33876,1.33909,1.3384,1.33855,1090.67
1377630000000,1.33855,1.33874,1.33816,1.33863,1216.62
1377630900000,1.33862,1.33901,1.3385,1.33895,614.39
1377631800000,1.33896,1.33906,1.33866,1.33903,964.14
1377632700000,1.33899,1.33919,1.33895,1.33907,747.64
1377633600000,1.33906,1.33913,1.33871,1.33872,636.7
1377634500000,1.33872,1.33884,1.33862,1.33876,519.04
1377635400000,1.33875,1.33912,1.3386,1.33904,692.18
1377636300000,1.33903,1.33943,1.33885,1.33921,681.98
1377637200000,1.3393,1.3393,1.33907,1.33928,178.72
1377638100000,1.33927,1.33927,1.33895,1.33915,184.65
1377639000000,1.33913,1.33933,1.33906,1.33929,187.17
1377639900000,1.3393,1.3393,1.33884,1.33903,257.55
1377640800000,1.33903,1.33914,1.33874,1.33874,515.17
1377641700000,1.33873,1.33894,1.3387,1.33873,457.48
1377642600000,1.33873,1.33909,1.3385,1.33901,517.2
1377643500000,1.33902,1.33919,1.33896,1.33914,226.97
1377644400000,1.33915,1.33928,1.3391,1.33915,363.84
1377645300000,1.33912,1.33925,1.33875,1.33884,306.52
1377646200000,1.33884,1.33896,1.3388,1.33885,486.68
1377647100000,1.33883,1.33925,1.33853,1.33908,1164.82
1377648000000,1.33907,1.3391,1.33863,1.33871,1046.84
1377648900000,1.33872,1.33883,1.3385,1.33855,794.46
1377649800000,1.33855,1.33856,1.33831,1.33842,783.02
1377650700000,1.33843,1.33855,1.3381,1.33814,1136.75
1377651600000,1.33815,1.33841,1.33811,1.33834,832.25
1377652500000,1.33835,1.33862,1.33835,1.33858,758.64
1377653400000,1.33859,1.33867,1.33841,1.33855,708.64
1377654300000,1.33855,1.33899,1.33855,1.33873,851.85
1377655200000,1.33873,1.33937,1.33872,1.33921,1307.69
1377656100000,1.33921,1.33976,1.33918,1.33946,1418.69
1377657000000,1.33943,1.33946,1.33923,1.33931,786.98
1377657900000,1.33931,1.33934,1.33893,1.33894,640.85
1377658800000,1.33893,1.33893,1.33863,1.33886,820.42
1377659700000,1.33886,1.33896,1.33859,1.33863,916.89
1377660600000,1.33862,1.33863,1.33819,1.33841,1542.64
1377661500000,1.33842,1.33853,1.33827,1.33844,844.49
1377662400000,1.33844,1.33852,1.3383,1.33844,1263.9
1377663300000,1.33843,1.33855,1.33818,1.33832,1058.08
1377664200000,1.33832,1.33845,1.33822,1.33835,821.97
1377665100000,1.33835,1.33836,1.33738,1.33742,1103.6
1377666000000,1.33742,1.33776,1.33732,1.33775,1278.91
1377666900000,1.33775,1.33789,1.33731,1.33767,1574.75
1377667800000,1.33766,1.33766,1.33728,1.33756,1379.34
1377668700000,1.33755,1.33791,1.33755,1.33773,1348.07
1377669600000,1.33775,1.33842,1.33743,1.33776,2290.01
1377670500000,1.33776,1.33818,1.33743,1.33785,1760.57
1377671400000,1.33786,1.33821,1.33758,1.33817,1884.57
1377672300000,1.33816,1.33866,1.33785,1.33837,2844.72
1377673200000,1.3384,1.33842,1.337,1.33761,3378.75
1377674100000,1.33759,1.33795,1.3373,1.33745,2692.06
1377675000000,1.33744,1.33775,1.33729,1.33746,3857.76
1377675900000,1.33747,1.33823,1.33742,1.33804,3671.46
1377676800000,1.33804,1.3381,1.33752,1.33786,2713.2
1377677700000,1.33785,1.33786,1.3368,1.33705,3759.21
1377678600000,1.33702,1.3373,1.33688,1.33726,3041.96
1377679500000,1.33725,1.33745,1.33622,1.33644,4259.89
1377680400000,1.33644,1.33676,1.33615,1.33664,2911.57
1377681300000,1.33664,1.33779,1.33664,1.33763,3262.06
1377682200000,1.33762,1.33775,1.33718,1.33749,2390.85
1377683100000,1.3375,1.33759,1.33716,1.33739,2664.79
1377684000000,1.33739,1.33739,1.33665,1.33669,2574.04
1377684900000,1.33669,1.33708,1.33648,1.33695,2336.73
1377685800000,1.33695,1.33695,1.33528,1.33542,3838.85
1377686700000,1.33542,1.33542,1.33431,1.33503,4714.64
1377687600000,1.33505,1.3351,1.33438,1.33475,4131.72
1377688500000,1.33475,1.33483,1.3339,1.33398,3496.99
1377689400000,1.334,1.33466,1.3336,1.33447,4344.79
1377690300000,1.33448,1.33459,1.33379,1.33448,2962.92
1377691200000,1.33447,1.33476,1.33381,1.33464,3801.17
1377692100000,1.33465,1.33492,1.33446,1.33481,2992.53
1377693000000,1.3348,1.33552,1.33444,1.33465,4977.68
1377693900000,1.33464,1.3368,1.3344,1.3365,8262.13
1377694800000,1.33652,1.33727,1.336,1.33614,4754.8
1377695700000,1.33617,1.33621,1.3346,1.33475,4389.81
1377696600000,1.33474,1.335,1.3315,1.33199,8225.42
1377697500000,1.33197,1.33197,1.33049,1.33135,7202.81
1377698400000,1.33135,1.33231,1.331,1.33213,6455.12
1377699300000,1.33212,1.33353,1.33166,1.3319,6868.22
1377700200000,1.33189,1.33269,1.33112,1.3321,4941.17
1377701100000,1.3321,1.33421,1.3321,1.33395,4590.03
1377702000000,1.33395,1.33403,1.33261,1.33318,4228.96
1377702900000,1.33318,1.3335,1.33185,1.33287,3242.02
1377703800000,1.33282,1.33285,1.33201,1.33236,2146.38
1377704700000,1.33236,1.33273,1.33199,1.33266,1492.55
1377705600000,1.33267,1.33312,1.33267,1.33307,1482.68
1377706500000,1.33304,1.33327,1.33246,1.33246,1496.53
1377707400000,1.33246,1.33308,1.33246,1.33286,1045.95
1377708300000,1.33286,1.3334,1.33283,1.33335,965.94
1377709200000,1.33321,1.33337,1.33194,1.3321,1666.57
1377710100000,1.3321,1.33282,1.33197,1.33281,1566.27
1377711000000,1.33282,1.333,1.33245,1.33285,1328.16
1377711900000,1.33283,1.33306,1.33276,1.33294,1045.59
1377712800000,1.33292,1.3332,1.33282,1.33295,1090.24
1377713700000,1.33295,1.33326,1.33294,1.33319,1030.99
1377714600000,1.33319,1.33331,1.33304,1.33308,801.92
1377715500000,1.33307,1.3339,1.33299,1.33389,909.16
1377716400000,1.3339,1.3339,1.33364,1.3338,688.56
1377717300000,1.33381,1.33448,1.33369,1.33417,911.86
1377718200000,1.33418,1.33432,1.33403,1.33403,462.55
1377719100000,1.33403,1.33407,1.33382,1.33405,808.2
1377720000000,1.33406,1.33422,1.33401,1.33403,1145.2
1377720900000,1.33403,1.33434,1.33402,1.33432,995.32
1377721800000,1.33432,1.33434,1.33384,1.33394,437.32
1377722700000,1.33392,1.33399,1.33377,1.33393,716.25
1377723600000,1.33392,1.33401,1.33382,1.33395,154.79
1377724500000,1.33396,1.33404,1.33392,1.33392,141.53
1377725400000,1.33394,1.33425,1.33392,1.33406,220.78
1377726300000,1.33407,1.33413,1.33382,1.33401,182.69
1377727200000,1.33401,1.33423,1.3339,1.334,513.89
1377728100000,1.334,1.33404,1.33385,1.33386,224.67
1377729000000,1.33386,1.33398,1.33368,1.33398,285.36
1377729900000,1.33398,1.33415,1.33386,1.33415,266.94
1377730800000,1.33415,1.33418,1.33407,1.33408,166.26
1377731700000,1.33408,1.3343,1.33402,1.33428,186.17
1377732600000,1.33425,1.33427,1.33402,1.33408,173.75
1377733500000,1.33407,1.33408,1.33344,1.33347,450.78
1377734400000,1.33347,1.33374,1.33332,1.33351,683.78
1377735300000,1.33349,1.33368,1.33279,1.33329,1385.83
1377736200000,1.3333,1.3333,1.33298,1.33321,614.02
1377737100000,1.33322,1.33324,1.33282,1.33292,813.84
1377738000000,1.33289,1.33324,1.33258,1.3329,994.47
1377738900000,1.3329,1.33299,1.33268,1.33277,1074.63
1377739800000,1.33277,1.33294,1.3323,1.33255,1135.07
1377740700000,1.33257,1.33283,1.33235,1.33269,1494.27
1377741600000,1.33268,1.33327,1.33259,1.33304,1630.47
1377742500000,1.33304,1.3331,1.33235,1.33239,1082.21
1377743400000,1.33239,1.33269,1.33238,1.33268,1041.58
1377744300000,1.33268,1.33399,1.33268,1.33397,1488.36
1377745200000,1.33397,1.33398,1.33329,1.33335,875.08
1377746100000,1.33337,1.33392,1.33335,1.3339,1026.46
1377747000000,1.3339,1.33391,1.33379,1.33386,722.28
1377747900000,1.33388,1.33389,1.33361,1.33369,536.32
1377748800000,1.33369,1.33376,1.33338,1.33345,465.76
1377749700000,1.33345,1.33349,1.33329,1.33345,254.33
1377750600000,1.33345,1.33356,1.3332,1.33324,451.86
1377751500000,1.33323,1.33327,1.33222,1.33246,1396.45
1377752400000,1.33247,1.33265,1.33221,1.33235,996.81
1377753300000,1.33235,1.33245,1.33122,1.33144,1530.67
1377754200000,1.33144,1.33182,1.33119,1.33182,1473.39
1377755100000,1.33182,1.33188,1.33045,1.33057,1372.76
1377756000000,1.33057,1.33125,1.3302,1.3312,3030.82
1377756900000,1.3312,1.33139,1.33046,1.33049,2152.02
1377757800000,1.33051,1.33075,1.32822,1.32854,5726.27
1377758700000,1.32852,1.32857,1.32631,1.32716,5945.37
1377759600000,1.32715,1.3279,1.327,1.32748,4563.78
1377760500000,1.32748,1.32773,1.32639,1.32641,4360.38
1377761400000,1.32636,1.32721,1.32606,1.3265,4592.07
1377762300000,1.32648,1.3266,1.32532,1.32635,5105.81
1377763200000,1.32635,1.32668,1.32536,1.32652,4728.96
1377764100000,1.32651,1.32675,1.32642,1.3265,3248.42
1377765000000,1.3265,1.32705,1.32642,1.32701,2787.23
1377765900000,1.32702,1.32754,1.3264,1.32647,3566.92
1377766800000,1.32647,1.32708,1.32629,1.32636,2927.92
1377767700000,1.32636,1.3267,1.32612,1.32657,2567.95
1377768600000,1.32657,1.32683,1.32628,1.32666,2382.6
1377769500000,1.32668,1.32693,1.32572,1.32586,2731.17
1377770400000,1.32586,1.32645,1.32461,1.32503,3953.1
1377771300000,1.32503,1.32549,1.32449,1.32487,3240.03
1377772200000,1.32485,1.32542,1.32424,1.32539,2605.91
1377773100000,1.32536,1.32576,1.32522,1.32569,1921.8
1377774000000,1.32568,1.32609,1.32546,1.32589,2974.36
1377774900000,1.32588,1.32608,1.32568,1.32608,2166.7
1377775800000,1.32606,1.32635,1.32584,1.32617,2700.07
1377776700000,1.32615,1.32623,1.32541,1.32572,2293.03
1377777600000,1.32572,1.32663,1.32523,1.32659,3629.65
1377778500000,1.32658,1.32668,1.32608,1.32648,3352.49
1377779400000,1.32652,1.32657,1.32334,1.32415,8023.59
1377780300000,1.32416,1.32509,1.324,1.324,3927.73
1377781200000,1.324,1.32506,1.32391,1.32421,4449.35
1377782100000,1.32421,1.32478,1.3238,1.32402,4420.15
1377783000000,1.32404,1.3245,1.32362,1.32438,4009.47
1377783900000,1.32438,1.32465,1.32343,1.32418,4043.06
1377784800000,1.32418,1.32451,1.3237,1.32414,4422.24
1377785700000,1.32413,1.32413,1.32254,1.32312,4474.5
1377786600000,1.32311,1.32352,1.32255,1.32258,3634.94
1377787500000,1.32258,1.3229,1.32221,1.32249,4631.89
1377788400000,1.32247,1.32264,1.32207,1.32247,4164.14
1377789300000,1.32246,1.32262,1.32191,1.32239,3053.53
1377790200000,1.3224,1.32307,1.3221,1.32287,3412
1377791100000,1.32287,1.32323,1.32258,1.32267,2617.56
1377792000000,1.32267,1.32325,1.32267,1.32315,1688.94
1377792900000,1.32316,1.32341,1.32279,1.32329,1272.73
1377793800000,1.3233,1.3234,1.323,1.32332,1319.49
1377794700000,1.3233,1.32404,1.32322,1.32395,1851.79
1377795600000,1.32396,1.32403,1.32339,1.32348,2210.18
1377796500000,1.32348,1.32443,1.32346,1.32421,2010.97
1377797400000,1.32421,1.32486,1.32417,1.32471,3022.9
1377798300000,1.32472,1.32473,1.32435,1.32451,1033.88
1377799200000,1.32451,1.32472,1.32389,1.32389,968.57
1377800100000,1.3239,1.32426,1.32377,1.3241,826.88
1377801000000,1.3241,1.32423,1.32367,1.32391,800.84
1377801900000,1.32391,1.32439,1.32364,1.32436,1574.99
1377802800000,1.32436,1.32449,1.3242,1.32447,1352.48
1377803700000,1.32447,1.32496,1.32419,1.3242,990.66
1377804600000,1.3242,1.32451,1.32418,1.32448,647.98
1377805500000,1.32446,1.32446,1.3242,1.32424,937.1
1377806400000,1.32425,1.32439,1.32421,1.32431,517.68
1377807300000,1.32432,1.32435,1.32394,1.32409,531.34
1377808200000,1.3241,1.32426,1.3238,1.32384,353.04
1377809100000,1.32384,1.32413,1.32384,1.32407,571.84
1377810000000,1.32409,1.32429,1.32361,1.32372,397.55
1377810900000,1.32372,1.32402,1.32355,1.32363,370.12
1377811800000,1.32364,1.32372,1.32341,1.32354,254.31
1377812700000,1.32347,1.32414,1.32335,1.32379,664.92
1377813600000,1.32382,1.32418,1.32363,1.32363,867.88
1377814500000,1.32363,1.32368,1.32344,1.32348,446.6
1377815400000,1.32347,1.32361,1.32343,1.32346,454.18
1377816300000,1.32349,1.32386,1.32349,1.32381,460.91
1377817200000,1.3238,1.32393,1.32374,1.32374,408.8
1377818100000,1.32373,1.32399,1.32373,1.32379,379.01
1377819000000,1.32379,1.32396,1.32346,1.32356,550.95
1377819900000,1.32356,1.32369,1.32346,1.32369,318.62
1377820800000,1.32369,1.32395,1.32338,1.32371,694.49
1377821700000,1.32371,1.32384,1.3236,1.32377,585.92
1377822600000,1.32378,1.3241,1.32375,1.32399,721.4
1377823500000,1.32399,1.32418,1.32382,1.324,986.99
1377824400000,1.32401,1.32442,1.324,1.32436,1237.21
1377825300000,1.32439,1.32465,1.3243,1.32463,1351.54
1377826200000,1.32463,1.32548,1.32461,1.32503,1377.25
1377827100000,1.32502,1.32505,1.32479,1.32489,1066
1377828000000,1.3249,1.32531,1.32487,1.32488,1199.41
1377828900000,1.32488,1.32507,1.32447,1.32455,1123.28
1377829800000,1.32455,1.3247,1.32429,1.3247,1428.57
1377830700000,1.3247,1.32487,1.32465,1.32471,1030.73
1377831600000,1.32473,1.32473,1.32431,1.32447,844.93
1377832500000,1.32447,1.3247,1.32438,1.32448,919.28
1377833400000,1.32448,1.3245,1.32411,1.3242,863.08
1377834300000,1.3242,1.32432,1.32391,1.32413,779.65
1377835200000,1.32412,1.32434,1.32395,1.3242,978.81
1377836100000,1.32421,1.32432,1.32396,1.32409,1010.04
1377837000000,1.32408,1.3241,1.32354,1.32382,906.09
1377837900000,1.32381,1.32423,1.32381,1.3242,457.98
1377838800000,1.3242,1.32442,1.32417,1.32428,584.79
1377839700000,1.32428,1.32451,1.32418,1.32438,628.43
1377840600000,1.32438,1.32485,1.32422,1.32482,843.79
1377841500000,1.32482,1.32484,1.32417,1.32425,1196.13
1377842400000,1.32426,1.32502,1.32405,1.32469,2199.34
1377843300000,1.32471,1.32473,1.32435,1.32435,1512.42
1377844200000,1.32438,1.3244,1.32352,1.32357,2027.89
1377845100000,1.32356,1.32387,1.32276,1.32309,2364.07
1377846000000,1.32309,1.3231,1.32218,1.32305,4646.34
1377846900000,1.32305,1.32383,1.32268,1.32369,3494.58
1377847800000,1.3237,1.32397,1.32342,1.3237,2976.52
1377848700000,1.32368,1.3241,1.32331,1.32371,2576.26
1377849600000,1.32371,1.32481,1.3236,1.32462,3327.52
1377850500000,1.32462,1.32471,1.32401,1.32417,2738.03
1377851400000,1.32417,1.32476,1.32395,1.32458,2789.72
1377852300000,1.32458,1.32467,1.32372,1.32441,2562.56
1377853200000,1.32441,1.32529,1.32441,1.32484,3315.78
1377854100000,1.3248,1.32483,1.32381,1.32388,2611.6
1377855000000,1.32387,1.32441,1.3235,1.32425,2500.96
1377855900000,1.32426,1.32431,1.32305,1.32344,3237.37
1377856800000,1.32346,1.3241,1.32341,1.32376,2561.14
1377857700000,1.32376,1.32408,1.32344,1.32387,2544.68
1377858600000,1.32387,1.3242,1.32357,1.32359,1658.35
1377859500000,1.3236,1.324,1.3236,1.32393,1625.09
1377860400000,1.32395,1.3242,1.32387,1.3241,1607.44
1377861300000,1.32409,1.32451,1.32407,1.32423,1710.87
1377862200000,1.32424,1.32446,1.32408,1.32408,1461.94
1377863100000,1.32408,1.3242,1.3236,1.32365,2341.5
1377864000000,1.32365,1.32375,1.32307,1.32339,3097.11
1377864900000,1.32353,1.32353,1.32314,1.32328,3004.73
1377865800000,1.32328,1.32432,1.32216,1.32258,4361.57
1377866700000,1.32259,1.32285,1.32173,1.3222,4968.1
1377867600000,1.3222,1.32223,1.32134,1.3217,5065.22
1377868500000,1.32172,1.32221,1.3214,1.32155,4024.73
1377869400000,1.32155,1.32217,1.3212,1.32147,4174.19
1377870300000,1.32145,1.32213,1.32096,1.32139,4892.72
1377871200000,1.32141,1.32151,1.32078,1.32082,4354.8
1377872100000,1.32082,1.32143,1.32038,1.32122,4331.34
1377873000000,1.32122,1.32175,1.31937,1.31947,5070.33
1377873900000,1.31945,1.31961,1.3183,1.31855,6451.83
1377874800000,1.31852,1.31945,1.31734,1.31909,5969.42
1377875700000,1.31909,1.32043,1.31898,1.32021,4832.95
1377876600000,1.32023,1.32031,1.31906,1.31972,2629.41
1377877500000,1.31972,1.32007,1.3195,1.31957,1763.96
1377878400000,1.31959,1.31999,1.3194,1.31997,1804.45
1377879300000,1.31996,1.32073,1.31987,1.32048,1902.03
1377880200000,1.32048,1.3207,1.32037,1.32042,1244.56
1377881100000,1.32043,1.32068,1.32025,1.32039,1009.89
1377882000000,1.3204,1.3208,1.32005,1.3207,1616.97
1377882900000,1.32068,1.32167,1.32032,1.32163,2394.42
1377883800000,1.32163,1.32174,1.32129,1.32138,1144.3
1377884700000,1.32139,1.3215,1.32105,1.32117,1044.49
1377885600000,1.32118,1.32134,1.321,1.32134,747.85
1377886500000,1.32134,1.32152,1.32059,1.32074,1020.39
1377887400000,1.32074,1.32102,1.32061,1.3208,790.9
1377888300000,1.32078,1.32115,1.32067,1.32085,959.42
1377889200000,1.32082,1.32121,1.3207,1.32117,940.41
1377890100000,1.32117,1.32141,1.32105,1.32139,755.15
1377891000000,1.32139,1.32169,1.32124,1.32164,993.14
1377891900000,1.32162,1.32173,1.32151,1.32163,949.52
1377892800000,1.32163,1.32189,1.32149,1.32159,668.12
1377893700000,1.32159,1.32169,1.32143,1.32158,309.31
1377894600000,1.32157,1.32172,1.32146,1.3217,340.91
1377895500000,1.3217,1.32224,1.3217,1.32208,618.76
